seed,update,parameter_id,parameter_name,shape,component,removed_energy,removed_energy_fraction,coefficient_count,budget_fraction,baseline_update_cosine,baseline_update_relative_l2,baseline_update_norm_ratio,restored_update_cosine,restored_update_relative_l2,restored_update_norm_ratio,polar_baseline_cosine,polar_baseline_relative_l2,polar_restored_cosine,polar_restored_relative_l2,polar_restored_norm_ratio,update_cosine_gain,update_l2_reduction,recovered_cosine_error_fraction,recovered_l2_error_fraction,polar_update_cosine_gain,polar_update_l2_reduction
0,128,transformer.h.0.attn.c_attn.weight,transformer.h.0.attn.c_attn.weight,"[1152, 384]",danger_diagonal,0.0014698364539071918,0.028536368723128466,,,0.6242625713348389,0.8662538528442383,0.9985569715499878,0.6260228753089905,0.8641670346260071,0.9984254837036133,0.6566484570503235,0.8286778926849365,0.6581155061721802,0.8269063234329224,1.0000003576278687,0.0017603039741516113,0.002086818218231201,0.004684931124389815,0.0024090146455099616,0.0014670491218566895,0.0017715692520141602
0,128,transformer.h.0.attn.c_attn.weight,transformer.h.0.attn.c_attn.weight,"[1152, 384]",danger_cross,0.040211111307144165,0.7806848823058787,,,0.6242625713348389,0.8662538528442383,0.9985569715499878,0.7647303342819214,0.6980136632919312,1.0331165790557861,0.6566484570503235,0.8286778926849365,0.7800345420837402,0.6632752418518066,1.0000003576278687,0.14046776294708252,0.16824018955230713,0.3738455427400621,0.19421580521680926,0.12338608503341675,0.16540265083312988
0,128,transformer.h.0.attn.c_attn.weight,transformer.h.0.attn.c_attn.weight,"[1152, 384]",danger_full,0.04023796319961548,0.781206202553746,,,0.6242625713348389,0.8662538528442383,0.9985569715499878,0.766494870185852,0.6950639486312866,1.0322456359863281,0.6566484570503235,0.8286778926849365,0.7815690636634827,0.660959780216217,0.9999995231628418,0.14223229885101318,0.17118990421295166,0.3785417368621098,0.19762094408108039,0.12492060661315918,0.16771811246871948
0,128,transformer.h.0.attn.c_attn.weight,transformer.h.0.attn.c_attn.weight,"[1152, 384]",internal_cross,0.01890762709081173,0.3670850705250537,,,0.6242625713348389,0.8662538528442383,0.9985569715499878,0.6714051961898804,0.8202419281005859,1.0229418277740479,0.6566484570503235,0.8286778926849365,0.6945574879646301,0.7815936207771301,0.9999998211860657,0.047142624855041504,0.046011924743652344,0.12546693850149465,0.05311598279485607,0.03790903091430664,0.047084271907806396
0,128,transformer.h.0.attn.c_attn.weight,transformer.h.0.attn.c_attn.weight,"[1152, 384]",outside_cross,0.03548851236701012,0.6889972497608566,,,0.6242625713348389,0.8662538528442383,0.9985569715499878,0.6716499328613281,0.807471513748169,0.9927710294723511,0.6566484570503235,0.8286778926849365,0.706823468208313,0.7657402157783508,0.9999995231628418,0.04738736152648926,0.058782339096069336,0.1261182887604167,0.06785809829654983,0.0501750111579895,0.0629376769065857
0,128,transformer.h.0.attn.c_attn.weight,transformer.h.0.attn.c_attn.weight,"[1152, 384]",local_cross,0.02505202777683735,0.4863764944742802,,,0.6242625713348389,0.8662538528442383,0.9985569715499878,0.7043115496635437,0.7788954973220825,1.0248219966888428,0.6566484570503235,0.8286778926849365,0.7221935391426086,0.7453977465629578,0.9999997019767761,0.08004897832870483,0.08735835552215576,0.21304499424793952,0.10084613792518823,0.06554508209228516,0.08328014612197876
0,128,transformer.h.0.attn.c_attn.weight,transformer.h.0.attn.c_attn.weight,"[1152, 384]",medium_cross,0.029726292937994003,0.5771257433406184,,,0.6242625713348389,0.8662538528442383,0.9985569715499878,0.647570788860321,0.838356614112854,0.9971193671226501,0.6566484570503235,0.8286778926849365,0.68365877866745,0.7954151630401611,1.000001072883606,0.023308217525482178,0.027897238731384277,0.06203325979071764,0.03220446135943536,0.027010321617126465,0.03326272964477539
0,128,transformer.h.0.attn.c_attn.weight,transformer.h.0.attn.c_attn.weight,"[1152, 384]",distant_cross,0.0102799441665411,0.19958157685488537,,,0.6242625713348389,0.8662538528442383,0.9985569715499878,0.6243590116500854,0.8661428689956665,0.9985530376434326,0.6566484570503235,0.8286778926849365,0.65677809715271,0.8285216689109802,1.0000004768371582,9.644031524658203e-05,0.00011098384857177734,0.00025666943958496327,0.00012811931307130754,0.0001296401023864746,0.00015622377395629883
0,128,transformer.h.0.attn.c_proj.weight,transformer.h.0.attn.c_proj.weight,"[384, 384]",danger_diagonal,0.0064875055104494095,0.03005559747882342,,,0.5780423283576965,0.9399250745773315,1.0445083379745483,0.5828134417533875,0.9345879554748535,1.0444670915603638,0.5500991940498352,0.9485799074172974,0.554377019405365,0.9440596699714661,0.9999997019767761,0.004771113395690918,0.005337119102478027,0.01130709006218857,0.005678238879708619,0.004277825355529785,0.004520237445831299
0,128,transformer.h.0.attn.c_proj.weight,transformer.h.0.attn.c_proj.weight,"[384, 384]",danger_cross,0.1669280081987381,0.7733513311521575,,,0.5780423283576965,0.9399250745773315,1.0445083379745483,0.8978849649429321,0.4658590257167816,1.0502609014511108,0.5500991940498352,0.9485799074172974,0.8548493385314941,0.5387991070747375,0.9999998807907104,0.3198426365852356,0.4740660488605499,0.7579969700287106,0.5043657858300349,0.30475014448165894,0.4097808003425598
0,128,transformer.h.0.attn.c_proj.weight,transformer.h.0.attn.c_proj.weight,"[384, 384]",danger_full,0.16705402731895447,0.7739351580091456,,,0.5780423283576965,0.9399250745773315,1.0445083379745483,0.9043524265289307,0.4533979892730713,1.057392954826355,0.5500991940498352,0.9485799074172974,0.8600578904151917,0.5290440917015076,0.9999997019767761,0.32631009817123413,0.48652708530426025,0.773324245773755,0.5176232643043843,0.30995869636535645,0.4195358157157898
0,128,transformer.h.0.attn.c_proj.weight,transformer.h.0.attn.c_proj.weight,"[384, 384]",internal_cross,0.07904747873544693,0.36621459492584946,,,0.5780423283576965,0.9399250745773315,1.0445083379745483,0.6626729369163513,0.8423334360122681,1.0482356548309326,0.5500991940498352,0.9485799074172974,0.6138496994972229,0.878807544708252,0.9999998211860657,0.08463060855865479,0.09759163856506348,0.20056658344251355,0.10382916809507267,0.0637505054473877,0.06977236270904541
0,128,transformer.h.0.attn.c_proj.weight,transformer.h.0.attn.c_proj.weight,"[384, 384]",outside_cross,0.14702551066875458,0.6811461756234304,,,0.5780423283576965,0.9399250745773315,1.0445083379745483,0.6525992751121521,0.8508564829826355,1.0396918058395386,0.5500991940498352,0.9485799074172974,0.6202988624572754,0.8714380860328674,0.9999998807907104,0.07455694675445557,0.08906859159469604,0.17669295231503226,0.09476137407521412,0.07019966840744019,0.07714182138442993
0,128,transformer.h.0.attn.c_proj.weight,transformer.h.0.attn.c_proj.weight,"[384, 384]",local_cross,0.09125134348869324,0.4227531899403395,,,0.5780423283576965,0.9399250745773315,1.0445083379745483,0.6623161435127258,0.8438847661018372,1.0506486892700195,0.5500991940498352,0.9485799074172974,0.6157640814781189,0.8766268491744995,0.9999998807907104,0.0842738151550293,0.09604030847549438,0.19972101662952774,0.10217868537945123,0.06566488742828369,0.07195305824279785
0,128,transformer.h.0.attn.c_proj.weight,transformer.h.0.attn.c_proj.weight,"[384, 384]",medium_cross,0.12811683118343353,0.593545223523811,,,0.5780423283576965,0.9399250745773315,1.0445083379745483,0.6308495402336121,0.8808948397636414,1.047917127609253,0.5500991940498352,0.9485799074172974,0.6000396609306335,0.8943842053413391,1.0,0.05280721187591553,0.059030234813690186,0.12514812604398048,0.06280312804745111,0.04994046688079834,0.05419570207595825
0,128,transformer.h.0.attn.c_proj.weight,transformer.h.0.attn.c_proj.weight,"[384, 384]",distant_cross,0.0558953583240509,0.25895444528198935,,,0.5780423283576965,0.9399250745773315,1.0445083379745483,0.5814231038093567,0.935923159122467,1.0440295934677124,0.5500991940498352,0.9485799074172974,0.5515841245651245,0.9470124244689941,1.0000003576278687,0.0033807754516601562,0.004001915454864502,0.008012119885157732,0.0042576962388880795,0.0014849305152893066,0.0015674829483032227
0,128,transformer.h.0.mlp.w1.weight,transformer.h.0.mlp.w1.weight,"[1024, 384]",danger_diagonal,0.0,0.0,,,0.9142792820930481,0.4166063070297241,1.011518120765686,0.9142792820930481,0.4166063070297241,1.011518120765686,0.9121736884117126,0.4191253185272217,0.9121736884117126,0.4191253185272217,1.0000008344650269,0.0,0.0,0.0,0.0,0.0,0.0
0,128,transformer.h.0.mlp.w1.weight,transformer.h.0.mlp.w1.weight,"[1024, 384]",danger_cross,0.0,0.0,,,0.9142792820930481,0.4166063070297241,1.011518120765686,0.9142792820930481,0.4166063070297241,1.011518120765686,0.9121736884117126,0.4191253185272217,0.9121736884117126,0.4191253185272217,1.0000008344650269,0.0,0.0,0.0,0.0,0.0,0.0
0,128,transformer.h.0.mlp.w1.weight,transformer.h.0.mlp.w1.weight,"[1024, 384]",danger_full,0.0,0.0,,,0.9142792820930481,0.4166063070297241,1.011518120765686,0.9142792820930481,0.4166063070297241,1.011518120765686,0.9121736884117126,0.4191253185272217,0.9121736884117126,0.4191253185272217,1.0000008344650269,0.0,0.0,0.0,0.0,0.0,0.0
0,128,transformer.h.0.mlp.w1.weight,transformer.h.0.mlp.w1.weight,"[1024, 384]",internal_cross,0.0,0.0,,,0.9142792820930481,0.4166063070297241,1.011518120765686,0.9142792820930481,0.4166063070297241,1.011518120765686,0.9121736884117126,0.4191253185272217,0.9121736884117126,0.4191253185272217,1.0000008344650269,0.0,0.0,0.0,0.0,0.0,0.0
0,128,transformer.h.0.mlp.w1.weight,transformer.h.0.mlp.w1.weight,"[1024, 384]",outside_cross,0.0,0.0,,,0.9142792820930481,0.4166063070297241,1.011518120765686,0.9142792820930481,0.4166063070297241,1.011518120765686,0.9121736884117126,0.4191253185272217,0.9121736884117126,0.4191253185272217,1.0000008344650269,0.0,0.0,0.0,0.0,0.0,0.0
0,128,transformer.h.0.mlp.w1.weight,transformer.h.0.mlp.w1.weight,"[1024, 384]",local_cross,0.0,0.0,,,0.9142792820930481,0.4166063070297241,1.011518120765686,0.9142792820930481,0.4166063070297241,1.011518120765686,0.9121736884117126,0.4191253185272217,0.9121736884117126,0.4191253185272217,1.0000008344650269,0.0,0.0,0.0,0.0,0.0,0.0
0,128,transformer.h.0.mlp.w1.weight,transformer.h.0.mlp.w1.weight,"[1024, 384]",medium_cross,0.0,0.0,,,0.9142792820930481,0.4166063070297241,1.011518120765686,0.9142792820930481,0.4166063070297241,1.011518120765686,0.9121736884117126,0.4191253185272217,0.9121736884117126,0.4191253185272217,1.0000008344650269,0.0,0.0,0.0,0.0,0.0,0.0
0,128,transformer.h.0.mlp.w1.weight,transformer.h.0.mlp.w1.weight,"[1024, 384]",distant_cross,0.0,0.0,,,0.9142792820930481,0.4166063070297241,1.011518120765686,0.9142792820930481,0.4166063070297241,1.011518120765686,0.9121736884117126,0.4191253185272217,0.9121736884117126,0.4191253185272217,1.0000008344650269,0.0,0.0,0.0,0.0,0.0,0.0
0,128,transformer.h.0.mlp.w2.weight,transformer.h.0.mlp.w2.weight,"[1024, 384]",danger_diagonal,0.0,0.0,,,0.9145130515098572,0.4161347448825836,1.0119388103485107,0.9145130515098572,0.4161347448825836,1.0119388103485107,0.9118812084197998,0.4198223948478699,0.9118812084197998,0.4198223948478699,0.9999978542327881,0.0,0.0,0.0,0.0,0.0,0.0
0,128,transformer.h.0.mlp.w2.weight,transformer.h.0.mlp.w2.weight,"[1024, 384]",danger_cross,0.0,0.0,,,0.9145130515098572,0.4161347448825836,1.0119388103485107,0.9145130515098572,0.4161347448825836,1.0119388103485107,0.9118812084197998,0.4198223948478699,0.9118812084197998,0.4198223948478699,0.9999978542327881,0.0,0.0,0.0,0.0,0.0,0.0
0,128,transformer.h.0.mlp.w2.weight,transformer.h.0.mlp.w2.weight,"[1024, 384]",danger_full,0.0,0.0,,,0.9145130515098572,0.4161347448825836,1.0119388103485107,0.9145130515098572,0.4161347448825836,1.0119388103485107,0.9118812084197998,0.4198223948478699,0.9118812084197998,0.4198223948478699,0.9999978542327881,0.0,0.0,0.0,0.0,0.0,0.0
0,128,transformer.h.0.mlp.w2.weight,transformer.h.0.mlp.w2.weight,"[1024, 384]",internal_cross,0.0,0.0,,,0.9145130515098572,0.4161347448825836,1.0119388103485107,0.9145130515098572,0.4161347448825836,1.0119388103485107,0.9118812084197998,0.4198223948478699,0.9118812084197998,0.4198223948478699,0.9999978542327881,0.0,0.0,0.0,0.0,0.0,0.0
0,128,transformer.h.0.mlp.w2.weight,transformer.h.0.mlp.w2.weight,"[1024, 384]",outside_cross,0.0,0.0,,,0.9145130515098572,0.4161347448825836,1.0119388103485107,0.9145130515098572,0.4161347448825836,1.0119388103485107,0.9118812084197998,0.4198223948478699,0.9118812084197998,0.4198223948478699,0.9999978542327881,0.0,0.0,0.0,0.0,0.0,0.0
0,128,transformer.h.0.mlp.w2.weight,transformer.h.0.mlp.w2.weight,"[1024, 384]",local_cross,0.0,0.0,,,0.9145130515098572,0.4161347448825836,1.0119388103485107,0.9145130515098572,0.4161347448825836,1.0119388103485107,0.9118812084197998,0.4198223948478699,0.9118812084197998,0.4198223948478699,0.9999978542327881,0.0,0.0,0.0,0.0,0.0,0.0
0,128,transformer.h.0.mlp.w2.weight,transformer.h.0.mlp.w2.weight,"[1024, 384]",medium_cross,0.0,0.0,,,0.9145130515098572,0.4161347448825836,1.0119388103485107,0.9145130515098572,0.4161347448825836,1.0119388103485107,0.9118812084197998,0.4198223948478699,0.9118812084197998,0.4198223948478699,0.9999978542327881,0.0,0.0,0.0,0.0,0.0,0.0
0,128,transformer.h.0.mlp.w2.weight,transformer.h.0.mlp.w2.weight,"[1024, 384]",distant_cross,0.0,0.0,,,0.9145130515098572,0.4161347448825836,1.0119388103485107,0.9145130515098572,0.4161347448825836,1.0119388103485107,0.9118812084197998,0.4198223948478699,0.9118812084197998,0.4198223948478699,0.9999978542327881,0.0,0.0,0.0,0.0,0.0,0.0
0,128,transformer.h.0.mlp.c_proj.weight,transformer.h.0.mlp.c_proj.weight,"[384, 1024]",danger_diagonal,0.0,0.0,,,0.8438860177993774,0.5611579418182373,1.0082913637161255,0.8438860177993774,0.5611579418182373,1.0082913637161255,0.8360643982887268,0.5726109147071838,0.8360643982887268,0.5726109147071838,1.0,0.0,0.0,0.0,0.0,0.0,0.0
0,128,transformer.h.0.mlp.c_proj.weight,transformer.h.0.mlp.c_proj.weight,"[384, 1024]",danger_cross,0.0,0.0,,,0.8438860177993774,0.5611579418182373,1.0082913637161255,0.8438860177993774,0.5611579418182373,1.0082913637161255,0.8360643982887268,0.5726109147071838,0.8360643982887268,0.5726109147071838,1.0,0.0,0.0,0.0,0.0,0.0,0.0
0,128,transformer.h.0.mlp.c_proj.weight,transformer.h.0.mlp.c_proj.weight,"[384, 1024]",danger_full,0.0,0.0,,,0.8438860177993774,0.5611579418182373,1.0082913637161255,0.8438860177993774,0.5611579418182373,1.0082913637161255,0.8360643982887268,0.5726109147071838,0.8360643982887268,0.5726109147071838,1.0,0.0,0.0,0.0,0.0,0.0,0.0
0,128,transformer.h.0.mlp.c_proj.weight,transformer.h.0.mlp.c_proj.weight,"[384, 1024]",internal_cross,0.0,0.0,,,0.8438860177993774,0.5611579418182373,1.0082913637161255,0.8438860177993774,0.5611579418182373,1.0082913637161255,0.8360643982887268,0.5726109147071838,0.8360643982887268,0.5726109147071838,1.0,0.0,0.0,0.0,0.0,0.0,0.0
0,128,transformer.h.0.mlp.c_proj.weight,transformer.h.0.mlp.c_proj.weight,"[384, 1024]",outside_cross,0.0,0.0,,,0.8438860177993774,0.5611579418182373,1.0082913637161255,0.8438860177993774,0.5611579418182373,1.0082913637161255,0.8360643982887268,0.5726109147071838,0.8360643982887268,0.5726109147071838,1.0,0.0,0.0,0.0,0.0,0.0,0.0
0,128,transformer.h.0.mlp.c_proj.weight,transformer.h.0.mlp.c_proj.weight,"[384, 1024]",local_cross,0.0,0.0,,,0.8438860177993774,0.5611579418182373,1.0082913637161255,0.8438860177993774,0.5611579418182373,1.0082913637161255,0.8360643982887268,0.5726109147071838,0.8360643982887268,0.5726109147071838,1.0,0.0,0.0,0.0,0.0,0.0,0.0
0,128,transformer.h.0.mlp.c_proj.weight,transformer.h.0.mlp.c_proj.weight,"[384, 1024]",medium_cross,0.0,0.0,,,0.8438860177993774,0.5611579418182373,1.0082913637161255,0.8438860177993774,0.5611579418182373,1.0082913637161255,0.8360643982887268,0.5726109147071838,0.8360643982887268,0.5726109147071838,1.0,0.0,0.0,0.0,0.0,0.0,0.0
0,128,transformer.h.0.mlp.c_proj.weight,transformer.h.0.mlp.c_proj.weight,"[384, 1024]",distant_cross,0.0,0.0,,,0.8438860177993774,0.5611579418182373,1.0082913637161255,0.8438860177993774,0.5611579418182373,1.0082913637161255,0.8360643982887268,0.5726109147071838,0.8360643982887268,0.5726109147071838,1.0,0.0,0.0,0.0,0.0,0.0,0.0
0,128,transformer.h.1.attn.c_attn.weight,transformer.h.1.attn.c_attn.weight,"[1152, 384]",danger_diagonal,0.001349073019810021,0.03020550552152346,,,0.5688702464103699,0.9444178342819214,1.0331289768218994,0.571366012096405,0.9419234395027161,1.0336151123046875,0.5784841775894165,0.9181689023971558,0.5810610055923462,0.9153589606285095,1.0000001192092896,0.0024957656860351562,0.0024943947792053223,0.005788896881403238,0.0026411983008579145,0.0025768280029296875,0.0028099417686462402
0,128,transformer.h.1.attn.c_attn.weight,transformer.h.1.attn.c_attn.weight,"[1152, 384]",danger_cross,0.037085678428411484,0.8303417591855585,,,0.5688702464103699,0.9444178342819214,1.0331289768218994,0.7465933561325073,0.7443393468856812,1.0804164409637451,0.5784841775894165,0.9181689023971558,0.7418189644813538,0.7185860276222229,1.0,0.17772310972213745,0.20007848739624023,0.41222650082114903,0.21185377926325152,0.16333478689193726,0.19958287477493286
0,128,transformer.h.1.attn.c_attn.weight,transformer.h.1.attn.c_attn.weight,"[1152, 384]",danger_full,0.037110209465026855,0.8308910047423621,,,0.5688702464103699,0.9444178342819214,1.0331289768218994,0.751120388507843,0.7383652925491333,1.0818181037902832,0.5784841775894165,0.9181689023971558,0.7460500001907349,0.7126736044883728,0.9999995827674866,0.18225014209747314,0.20605254173278809,0.42272689504734934,0.21817942678884084,0.16756582260131836,0.20549529790878296
0,128,transformer.h.1.attn.c_attn.weight,transformer.h.1.attn.c_attn.weight,"[1152, 384]",internal_cross,0.01952381804585457,0.43713482155941863,,,0.5688702464103699,0.9444178342819214,1.0331289768218994,0.629173994064331,0.8929529786109924,1.0687445402145386,0.5784841775894165,0.9181689023971558,0.6313501000404358,0.8586623072624207,1.0000008344650269,0.06030374765396118,0.051464855670928955,0.13987377848980742,0.054493735508563054,0.05286592245101929,0.05950659513473511
0,128,transformer.h.1.attn.c_attn.weight,transformer.h.1.attn.c_attn.weight,"[1152, 384]",outside_cross,0.03153044357895851,0.7059610366786767,,,0.5688702464103699,0.9444178342819214,1.0331289768218994,0.6182490587234497,0.8891189098358154,1.0338950157165527,0.5784841775894165,0.9181689023971558,0.6310316324234009,0.8590343594551086,1.0000003576278687,0.049378812313079834,0.05529892444610596,0.11453352941184602,0.05855345212551173,0.052547454833984375,0.05913454294204712
0,128,transformer.h.1.attn.c_attn.weight,transformer.h.1.attn.c_attn.weight,"[1152, 384]",local_cross,0.022147417068481445,0.49587673812030236,,,0.5688702464103699,0.9444178342819214,1.0331289768218994,0.6398431062698364,0.8786130547523499,1.0657002925872803,0.5784841775894165,0.9181689023971558,0.6395910382270813,0.8490116596221924,0.9999993443489075,0.07097285985946655,0.06580477952957153,0.1646206490471588,0.06967761211286902,0.061106860637664795,0.06915724277496338
0,128,transformer.h.1.attn.c_attn.weight,transformer.h.1.attn.c_attn.weight,"[1152, 384]",medium_cross,0.02725040726363659,0.6101317830679397,,,0.5688702464103699,0.9444178342819214,1.0331289768218994,0.5963461995124817,0.9173861742019653,1.0404436588287354,0.5784841775894165,0.9181689023971558,0.6116878390312195,0.8812647461891174,1.0000003576278687,0.027475953102111816,0.027031660079956055,0.06373012503392364,0.028622564185807976,0.03320366144180298,0.03690415620803833
0,128,transformer.h.1.attn.c_attn.weight,transformer.h.1.attn.c_attn.weight,"[1152, 384]",distant_cross,0.011927079409360886,0.2670451915240526,,,0.5688702464103699,0.9444178342819214,1.0331289768218994,0.5693296194076538,0.944024384021759,1.0333484411239624,0.5784841775894165,0.9181689023971558,0.5789769887924194,0.9176319241523743,1.000000238418579,0.00045937299728393555,0.0003934502601623535,0.001065509845839099,0.0004166061311850485,0.0004928112030029297,0.0005369782447814941
0,128,transformer.h.1.attn.c_proj.weight,transformer.h.1.attn.c_proj.weight,"[384, 384]",danger_diagonal,0.006018377840518951,0.03408399965602618,,,0.5385554432868958,0.9973449110984802,1.0721640586853027,0.5401924252510071,0.9958303570747375,1.0726250410079956,0.4965636730194092,1.0034310817718506,0.4994511604309082,1.0005489587783813,1.0000004768371582,0.0016369819641113281,0.0015145540237426758,0.0035475160348008945,0.0015185860045894646,0.0028874874114990234,0.0028821229934692383
0,128,transformer.h.1.attn.c_proj.weight,transformer.h.1.attn.c_proj.weight,"[384, 384]",danger_cross,0.14114728569984436,0.7993622475566762,,,0.5385554432868958,0.9973449110984802,1.0721640586853027,0.8737996220588684,0.5300255417823792,1.0846288204193115,0.4965636730194092,1.0034310817718506,0.8110795021057129,0.6142913699150085,0.998696506023407,0.33524417877197266,0.4673193693161011,0.7265102034357843,0.468563446923686,0.3145158290863037,0.38913971185684204
0,128,transformer.h.1.attn.c_proj.weight,transformer.h.1.attn.c_proj.weight,"[384, 384]",danger_full,0.1412755250930786,0.8000885082785367,,,0.5385554432868958,0.9973449110984802,1.0721640586853027,0.8821767568588257,0.5151123404502869,1.0909188985824585,0.4965636730194092,1.0034310817718506,0.8230435848236084,0.5949082374572754,0.9999995231628418,0.34362131357192993,0.48223257064819336,0.7446643558211284,0.4835163495415645,0.3264799118041992,0.4085228443145752
0,128,transformer.h.1.attn.c_proj.weight,transformer.h.1.attn.c_proj.weight,"[384, 384]",internal_cross,0.07119868695735931,0.40322094857954255,,,0.5385554432868958,0.9973449110984802,1.0721640586853027,0.6402184367179871,0.883659839630127,1.0769479274749756,0.4965636730194092,1.0034310817718506,0.5721480846405029,0.9250432252883911,1.0,0.10166299343109131,0.11368507146835327,0.22031464441848134,0.11398771899596902,0.07558441162109375,0.07838785648345947
0,128,transformer.h.1.attn.c_proj.weight,transformer.h.1.attn.c_proj.weight,"[384, 384]",outside_cross,0.12187414616346359,0.6902122907517203,,,0.5385554432868958,0.9973449110984802,1.0721640586853027,0.5993849039077759,0.9292962551116943,1.0714573860168457,0.4965636730194092,1.0034310817718506,0.5576581954956055,0.94057697057724,1.000000238418579,0.06082946062088013,0.06804865598678589,0.1318239856466654,0.0682298122039213,0.06109452247619629,0.0628541111946106
0,128,transformer.h.1.attn.c_proj.weight,transformer.h.1.attn.c_proj.weight,"[384, 384]",local_cross,0.07886151224374771,0.4466179803622679,,,0.5385554432868958,0.9973449110984802,1.0721640586853027,0.6230238080024719,0.9029611945152283,1.0741270780563354,0.4965636730194092,1.0034310817718506,0.5623108148574829,0.9356174468994141,0.9999993443489075,0.08446836471557617,0.09438371658325195,0.18305203406721085,0.09463498087065716,0.06574714183807373,0.06781363487243652
0,128,transformer.h.1.attn.c_proj.weight,transformer.h.1.attn.c_proj.weight,"[384, 384]",medium_cross,0.10651182383298874,0.6032105432870716,,,0.5385554432868958,0.9973449110984802,1.0721640586853027,0.5919274687767029,0.9408937692642212,1.0773736238479614,0.4965636730194092,1.0034310817718506,0.54832524061203,0.9504483342170715,1.0000005960464478,0.05337202548980713,0.05645114183425903,0.11566292139185495,0.05660142364599172,0.05176156759262085,0.05298274755477905
0,128,transformer.h.1.attn.c_proj.weight,transformer.h.1.attn.c_proj.weight,"[384, 384]",distant_cross,0.04856596142053604,0.2750445811506903,,,0.5385554432868958,0.9973449110984802,1.0721640586853027,0.5413787364959717,0.9951272010803223,1.0737022161483765,0.4965636730194092,1.0034310817718506,0.49984052777290344,1.000159502029419,1.0000001192092896,0.0028232932090759277,0.002217710018157959,0.0061183801347368914,0.002223613910773719,0.0032768547534942627,0.0032715797424316406
0,128,transformer.h.1.mlp.w1.weight,transformer.h.1.mlp.w1.weight,"[1024, 384]",danger_diagonal,0.0,0.0,,,0.8761054873466492,0.4990176558494568,1.0048260688781738,0.8761054873466492,0.4990176558494568,1.0048260688781738,0.8711448907852173,0.5076614618301392,0.8711448907852173,0.5076614618301392,1.0000003576278687,0.0,0.0,0.0,0.0,0.0,0.0
0,128,transformer.h.1.mlp.w1.weight,transformer.h.1.mlp.w1.weight,"[1024, 384]",danger_cross,0.0,0.0,,,0.8761054873466492,0.4990176558494568,1.0048260688781738,0.8761054873466492,0.4990176558494568,1.0048260688781738,0.8711448907852173,0.5076614618301392,0.8711448907852173,0.5076614618301392,1.0000003576278687,0.0,0.0,0.0,0.0,0.0,0.0
0,128,transformer.h.1.mlp.w1.weight,transformer.h.1.mlp.w1.weight,"[1024, 384]",danger_full,0.0,0.0,,,0.8761054873466492,0.4990176558494568,1.0048260688781738,0.8761054873466492,0.4990176558494568,1.0048260688781738,0.8711448907852173,0.5076614618301392,0.8711448907852173,0.5076614618301392,1.0000003576278687,0.0,0.0,0.0,0.0,0.0,0.0
0,128,transformer.h.1.mlp.w1.weight,transformer.h.1.mlp.w1.weight,"[1024, 384]",internal_cross,0.0,0.0,,,0.8761054873466492,0.4990176558494568,1.0048260688781738,0.8761054873466492,0.4990176558494568,1.0048260688781738,0.8711448907852173,0.5076614618301392,0.8711448907852173,0.5076614618301392,1.0000003576278687,0.0,0.0,0.0,0.0,0.0,0.0
0,128,transformer.h.1.mlp.w1.weight,transformer.h.1.mlp.w1.weight,"[1024, 384]",outside_cross,0.0,0.0,,,0.8761054873466492,0.4990176558494568,1.0048260688781738,0.8761054873466492,0.4990176558494568,1.0048260688781738,0.8711448907852173,0.5076614618301392,0.8711448907852173,0.5076614618301392,1.0000003576278687,0.0,0.0,0.0,0.0,0.0,0.0
0,128,transformer.h.1.mlp.w1.weight,transformer.h.1.mlp.w1.weight,"[1024, 384]",local_cross,0.0,0.0,,,0.8761054873466492,0.4990176558494568,1.0048260688781738,0.8761054873466492,0.4990176558494568,1.0048260688781738,0.8711448907852173,0.5076614618301392,0.8711448907852173,0.5076614618301392,1.0000003576278687,0.0,0.0,0.0,0.0,0.0,0.0
0,128,transformer.h.1.mlp.w1.weight,transformer.h.1.mlp.w1.weight,"[1024, 384]",medium_cross,0.0,0.0,,,0.8761054873466492,0.4990176558494568,1.0048260688781738,0.8761054873466492,0.4990176558494568,1.0048260688781738,0.8711448907852173,0.5076614618301392,0.8711448907852173,0.5076614618301392,1.0000003576278687,0.0,0.0,0.0,0.0,0.0,0.0
0,128,transformer.h.1.mlp.w1.weight,transformer.h.1.mlp.w1.weight,"[1024, 384]",distant_cross,0.0,0.0,,,0.8761054873466492,0.4990176558494568,1.0048260688781738,0.8761054873466492,0.4990176558494568,1.0048260688781738,0.8711448907852173,0.5076614618301392,0.8711448907852173,0.5076614618301392,1.0000003576278687,0.0,0.0,0.0,0.0,0.0,0.0
0,128,transformer.h.1.mlp.w2.weight,transformer.h.1.mlp.w2.weight,"[1024, 384]",danger_diagonal,0.0,0.0,,,0.8750038743019104,0.5012667179107666,1.004969596862793,0.8750038743019104,0.5012667179107666,1.004969596862793,0.8694328665733337,0.5110229253768921,0.8694328665733337,0.5110229253768921,1.000000238418579,0.0,0.0,0.0,0.0,0.0,0.0
0,128,transformer.h.1.mlp.w2.weight,transformer.h.1.mlp.w2.weight,"[1024, 384]",danger_cross,0.0,0.0,,,0.8750038743019104,0.5012667179107666,1.004969596862793,0.8750038743019104,0.5012667179107666,1.004969596862793,0.8694328665733337,0.5110229253768921,0.8694328665733337,0.5110229253768921,1.000000238418579,0.0,0.0,0.0,0.0,0.0,0.0
0,128,transformer.h.1.mlp.w2.weight,transformer.h.1.mlp.w2.weight,"[1024, 384]",danger_full,0.0,0.0,,,0.8750038743019104,0.5012667179107666,1.004969596862793,0.8750038743019104,0.5012667179107666,1.004969596862793,0.8694328665733337,0.5110229253768921,0.8694328665733337,0.5110229253768921,1.000000238418579,0.0,0.0,0.0,0.0,0.0,0.0
0,128,transformer.h.1.mlp.w2.weight,transformer.h.1.mlp.w2.weight,"[1024, 384]",internal_cross,0.0,0.0,,,0.8750038743019104,0.5012667179107666,1.004969596862793,0.8750038743019104,0.5012667179107666,1.004969596862793,0.8694328665733337,0.5110229253768921,0.8694328665733337,0.5110229253768921,1.000000238418579,0.0,0.0,0.0,0.0,0.0,0.0
0,128,transformer.h.1.mlp.w2.weight,transformer.h.1.mlp.w2.weight,"[1024, 384]",outside_cross,0.0,0.0,,,0.8750038743019104,0.5012667179107666,1.004969596862793,0.8750038743019104,0.5012667179107666,1.004969596862793,0.8694328665733337,0.5110229253768921,0.8694328665733337,0.5110229253768921,1.000000238418579,0.0,0.0,0.0,0.0,0.0,0.0
0,128,transformer.h.1.mlp.w2.weight,transformer.h.1.mlp.w2.weight,"[1024, 384]",local_cross,0.0,0.0,,,0.8750038743019104,0.5012667179107666,1.004969596862793,0.8750038743019104,0.5012667179107666,1.004969596862793,0.8694328665733337,0.5110229253768921,0.8694328665733337,0.5110229253768921,1.000000238418579,0.0,0.0,0.0,0.0,0.0,0.0
0,128,transformer.h.1.mlp.w2.weight,transformer.h.1.mlp.w2.weight,"[1024, 384]",medium_cross,0.0,0.0,,,0.8750038743019104,0.5012667179107666,1.004969596862793,0.8750038743019104,0.5012667179107666,1.004969596862793,0.8694328665733337,0.5110229253768921,0.8694328665733337,0.5110229253768921,1.000000238418579,0.0,0.0,0.0,0.0,0.0,0.0
0,128,transformer.h.1.mlp.w2.weight,transformer.h.1.mlp.w2.weight,"[1024, 384]",distant_cross,0.0,0.0,,,0.8750038743019104,0.5012667179107666,1.004969596862793,0.8750038743019104,0.5012667179107666,1.004969596862793,0.8694328665733337,0.5110229253768921,0.8694328665733337,0.5110229253768921,1.000000238418579,0.0,0.0,0.0,0.0,0.0,0.0
0,128,transformer.h.1.mlp.c_proj.weight,transformer.h.1.mlp.c_proj.weight,"[384, 1024]",danger_diagonal,0.0,0.0,,,0.800520122051239,0.6287871599197388,0.9907708764076233,0.800520122051239,0.6287871599197388,0.9907708764076233,0.7977912425994873,0.6359438300132751,0.7977912425994873,0.6359438300132751,0.9999993443489075,0.0,0.0,0.0,0.0,0.0,0.0
0,128,transformer.h.1.mlp.c_proj.weight,transformer.h.1.mlp.c_proj.weight,"[384, 1024]",danger_cross,0.0,0.0,,,0.800520122051239,0.6287871599197388,0.9907708764076233,0.800520122051239,0.6287871599197388,0.9907708764076233,0.7977912425994873,0.6359438300132751,0.7977912425994873,0.6359438300132751,0.9999993443489075,0.0,0.0,0.0,0.0,0.0,0.0
0,128,transformer.h.1.mlp.c_proj.weight,transformer.h.1.mlp.c_proj.weight,"[384, 1024]",danger_full,0.0,0.0,,,0.800520122051239,0.6287871599197388,0.9907708764076233,0.800520122051239,0.6287871599197388,0.9907708764076233,0.7977912425994873,0.6359438300132751,0.7977912425994873,0.6359438300132751,0.9999993443489075,0.0,0.0,0.0,0.0,0.0,0.0
0,128,transformer.h.1.mlp.c_proj.weight,transformer.h.1.mlp.c_proj.weight,"[384, 1024]",internal_cross,0.0,0.0,,,0.800520122051239,0.6287871599197388,0.9907708764076233,0.800520122051239,0.6287871599197388,0.9907708764076233,0.7977912425994873,0.6359438300132751,0.7977912425994873,0.6359438300132751,0.9999993443489075,0.0,0.0,0.0,0.0,0.0,0.0
0,128,transformer.h.1.mlp.c_proj.weight,transformer.h.1.mlp.c_proj.weight,"[384, 1024]",outside_cross,0.0,0.0,,,0.800520122051239,0.6287871599197388,0.9907708764076233,0.800520122051239,0.6287871599197388,0.9907708764076233,0.7977912425994873,0.6359438300132751,0.7977912425994873,0.6359438300132751,0.9999993443489075,0.0,0.0,0.0,0.0,0.0,0.0
0,128,transformer.h.1.mlp.c_proj.weight,transformer.h.1.mlp.c_proj.weight,"[384, 1024]",local_cross,0.0,0.0,,,0.800520122051239,0.6287871599197388,0.9907708764076233,0.800520122051239,0.6287871599197388,0.9907708764076233,0.7977912425994873,0.6359438300132751,0.7977912425994873,0.6359438300132751,0.9999993443489075,0.0,0.0,0.0,0.0,0.0,0.0
0,128,transformer.h.1.mlp.c_proj.weight,transformer.h.1.mlp.c_proj.weight,"[384, 1024]",medium_cross,0.0,0.0,,,0.800520122051239,0.6287871599197388,0.9907708764076233,0.800520122051239,0.6287871599197388,0.9907708764076233,0.7977912425994873,0.6359438300132751,0.7977912425994873,0.6359438300132751,0.9999993443489075,0.0,0.0,0.0,0.0,0.0,0.0
0,128,transformer.h.1.mlp.c_proj.weight,transformer.h.1.mlp.c_proj.weight,"[384, 1024]",distant_cross,0.0,0.0,,,0.800520122051239,0.6287871599197388,0.9907708764076233,0.800520122051239,0.6287871599197388,0.9907708764076233,0.7977912425994873,0.6359438300132751,0.7977912425994873,0.6359438300132751,0.9999993443489075,0.0,0.0,0.0,0.0,0.0,0.0
0,128,transformer.h.2.attn.c_attn.weight,transformer.h.2.attn.c_attn.weight,"[1152, 384]",danger_diagonal,0.001418013358488679,0.03712185248882502,,,0.5307719707489014,0.9996792078018188,1.0609374046325684,0.5383997559547424,0.9922031164169312,1.0621726512908936,0.5282394289970398,0.9713510870933533,0.5363892316818237,0.9629235863685608,1.0000005960464478,0.0076277852058410645,0.007476091384887695,0.016256030608434086,0.007478490426270615,0.008149802684783936,0.00842750072479248
0,128,transformer.h.2.attn.c_attn.weight,transformer.h.2.attn.c_attn.weight,"[1152, 384]",danger_cross,0.032930828630924225,0.8620887493435447,,,0.5307719707489014,0.9996792078018188,1.0609374046325684,0.7354567050933838,0.7710695266723633,1.1034785509109497,0.5282394289970398,0.9713510870933533,0.7159974575042725,0.7536625266075134,0.9999990463256836,0.20468473434448242,0.22860968112945557,0.4362159154711306,0.22868304086482133,0.18775802850723267,0.21768856048583984
0,128,transformer.h.2.attn.c_attn.weight,transformer.h.2.attn.c_attn.weight,"[1152, 384]",danger_full,0.032961346209049225,0.8628876621511644,,,0.5307719707489014,0.9996792078018188,1.0609374046325684,0.7472429871559143,0.7564359307289124,1.108579397201538,0.5282394289970398,0.9713510870933533,0.7292313575744629,0.7358927726745605,0.9999995827674866,0.21647101640701294,0.2432432770729065,0.4613343681802361,0.24332133265807424,0.2009919285774231,0.23545831441879272
0,128,transformer.h.2.attn.c_attn.weight,transformer.h.2.attn.c_attn.weight,"[1152, 384]",internal_cross,0.01887889765202999,0.4942264116166135,,,0.5307719707489014,0.9996792078018188,1.0609374046325684,0.6120074987411499,0.9288520812988281,1.099162220954895,0.5282394289970398,0.9713510870933533,0.5968257784843445,0.8979705572128296,0.9999991059303284,0.08123552799224854,0.07082712650299072,0.1731259066554544,0.07084985458358341,0.06858634948730469,0.07338052988052368
0,128,transformer.h.2.attn.c_attn.weight,transformer.h.2.attn.c_attn.weight,"[1152, 384]",outside_cross,0.026981985196471214,0.7063553162761418,,,0.5307719707489014,0.9996792078018188,1.0609374046325684,0.5732579231262207,0.9557087421417236,1.0651912689208984,0.5282394289970398,0.9713510870933533,0.5753572583198547,0.9215669631958008,1.0000001192092896,0.042485952377319336,0.043970465660095215,0.09054436165104658,0.04398457556877799,0.04711782932281494,0.04978412389755249
0,128,transformer.h.2.attn.c_attn.weight,transformer.h.2.attn.c_attn.weight,"[1152, 384]",local_cross,0.019723108038306236,0.5163268052703669,,,0.5307719707489014,0.9996792078018188,1.0609374046325684,0.5906834006309509,0.9518894553184509,1.0956560373306274,0.5282394289970398,0.9713510870933533,0.5825752019882202,0.9137019515037537,0.9999993443489075,0.05991142988204956,0.04778975248336792,0.12768084203680227,0.04780508798262611,0.05433577299118042,0.05764913558959961
0,128,transformer.h.2.attn.c_attn.weight,transformer.h.2.attn.c_attn.weight,"[1152, 384]",medium_cross,0.0238833948969841,0.6252380183802608,,,0.5307719707489014,0.9996792078018188,1.0609374046325684,0.5604833960533142,0.9742699861526489,1.0736515522003174,0.5282394289970398,0.9713510870933533,0.5630250573158264,0.9348542094230652,0.9999995827674866,0.029711425304412842,0.025409221649169922,0.06331980071998923,0.0254173753448788,0.03478562831878662,0.036496877670288086
0,128,transformer.h.2.attn.c_attn.weight,transformer.h.2.attn.c_attn.weight,"[1152, 384]",distant_cross,0.0111813610419631,0.29271433357047805,,,0.5307719707489014,0.9996792078018188,1.0609374046325684,0.5315563082695007,0.999006450176239,1.0612382888793945,0.5282394289970398,0.9713510870933533,0.5289660096168518,0.97060227394104,1.000000238418579,0.0007843375205993652,0.000672757625579834,0.0016715487390026346,0.0006729735102314989,0.0007265806198120117,0.0007488131523132324
0,128,transformer.h.2.attn.c_proj.weight,transformer.h.2.attn.c_proj.weight,"[384, 384]",danger_diagonal,0.005032102111726999,0.03356296671667506,,,0.5080125331878662,1.04104483127594,1.0926930904388428,0.513569176197052,1.0351169109344482,1.092551350593567,0.4627090096473694,1.036620855331421,0.4680030047893524,1.0315014123916626,0.9999997019767761,0.005556643009185791,0.005927920341491699,0.01129427756603321,0.005694202750352488,0.005293995141983032,0.005119442939758301
0,128,transformer.h.2.attn.c_proj.weight,transformer.h.2.attn.c_proj.weight,"[384, 384]",danger_cross,0.12063975632190704,0.8046394998034616,,,0.5080125331878662,1.04104483127594,1.0926930904388428,0.8614559173583984,0.5597386360168457,1.0968573093414307,0.4627090096473694,1.036620855331421,0.8032650947570801,0.62727290391922,0.9999995827674866,0.3534433841705322,0.48130619525909424,0.7183991626060977,0.4623299408433631,0.3405560851097107,0.4093479514122009
0,128,transformer.h.2.attn.c_proj.weight,transformer.h.2.attn.c_proj.weight,"[384, 384]",danger_full,0.12074465304613113,0.8053391368906376,,,0.5080125331878662,1.04104483127594,1.0926930904388428,0.8705655336380005,0.5456628203392029,1.1064246892929077,0.4627090096473694,1.036620855331421,0.8032651543617249,0.6272730231285095,0.9999995231628418,0.3625530004501343,0.49538201093673706,0.7369151145237928,0.4758507953298995,0.34055614471435547,0.4093478322029114
0,128,transformer.h.2.attn.c_proj.weight,transformer.h.2.attn.c_proj.weight,"[384, 384]",internal_cross,0.06118969991803169,0.40812126148358446,,,0.5080125331878662,1.04104483127594,1.0926930904388428,0.6089574694633484,0.9286713004112244,1.0919263362884521,0.4627090096473694,1.036620855331421,0.5371620059013367,0.9621211886405945,0.9999998211860657,0.10094493627548218,0.11237353086471558,0.2051778613987095,0.10794302751302916,0.07445299625396729,0.07449966669082642
0,128,transformer.h.2.attn.c_proj.weight,transformer.h.2.attn.c_proj.weight,"[384, 384]",outside_cross,0.10397005081176758,0.6934563880955847,,,0.5080125331878662,1.04104483127594,1.0926930904388428,0.5723345875740051,0.9711158871650696,1.0925588607788086,0.4627090096473694,1.036620855331421,0.527320146560669,0.9722964763641357,0.9999997019767761,0.06432205438613892,0.06992894411087036,0.1307392133440269,0.06717188540781963,0.06461113691329956,0.06432437896728516
0,128,transformer.h.2.attn.c_proj.weight,transformer.h.2.attn.c_proj.weight,"[384, 384]",local_cross,0.06716753542423248,0.4479920529893472,,,0.5080125331878662,1.04104483127594,1.0926930904388428,0.5852904915809631,0.9562010765075684,1.0921272039413452,0.4627090096473694,1.036620855331421,0.5240665674209595,0.9756365418434143,1.0000001192092896,0.07727795839309692,0.08484375476837158,0.15707302239592547,0.08149865617639558,0.06135755777359009,0.06098431348800659
0,128,transformer.h.2.attn.c_proj.weight,transformer.h.2.attn.c_proj.weight,"[384, 384]",medium_cross,0.09030711650848389,0.6023277505815401,,,0.5080125331878662,1.04104483127594,1.0926930904388428,0.5629320740699768,0.9824690222740173,1.0940989255905151,0.4627090096473694,1.036620855331421,0.513485848903656,0.9864218831062317,0.9999995827674866,0.054919540882110596,0.05857580900192261,0.11162792669895738,0.05626636552253961,0.05077683925628662,0.05019897222518921
0,128,transformer.h.2.attn.c_proj.weight,transformer.h.2.attn.c_proj.weight,"[384, 384]",distant_cross,0.04344075545668602,0.2897398735495041,,,0.5080125331878662,1.04104483127594,1.0926930904388428,0.5128642320632935,1.0356801748275757,1.092227578163147,0.4627090096473694,1.036620855331421,0.46653690934181213,1.0329214334487915,0.9999995231628418,0.004851698875427246,0.005364656448364258,0.009861427785679498,0.005153146422896267,0.003827899694442749,0.0036994218826293945
0,128,transformer.h.2.mlp.w1.weight,transformer.h.2.mlp.w1.weight,"[1024, 384]",danger_diagonal,0.0003188132541254163,0.013019983506852925,,,0.8176477551460266,0.5978707075119019,0.9788556694984436,0.818945050239563,0.5956186056137085,0.9783905744552612,0.8237305879592896,0.5937591791152954,0.8247273564338684,0.5920782685279846,1.000001311302185,0.001297295093536377,0.0022521018981933594,0.007114226066014396,0.0037668711142676723,0.0009967684745788574,0.001680910587310791
0,128,transformer.h.2.mlp.w1.weight,transformer.h.2.mlp.w1.weight,"[1024, 384]",danger_cross,0.008396864868700504,0.3429187484681729,,,0.8176477551460266,0.5978707075119019,0.9788556694984436,0.8309915065765381,0.5742502808570862,0.9734748005867004,0.8237305879592896,0.5937591791152954,0.8349175453186035,0.5746100544929504,1.0000011920928955,0.013343751430511475,0.023620426654815674,0.0731756904950475,0.0395075830911911,0.011186957359313965,0.01914912462234497
0,128,transformer.h.2.mlp.w1.weight,transformer.h.2.mlp.w1.weight,"[1024, 384]",danger_full,0.008402914740145206,0.3431658185802505,,,0.8176477551460266,0.5978707075119019,0.9788556694984436,0.8320053815841675,0.5723504424095154,0.9727502465248108,0.8237305879592896,0.5937591791152954,0.8358414769172668,0.572998046875,1.0000020265579224,0.01435762643814087,0.025520265102386475,0.07873567144533028,0.04268525750089277,0.012110888957977295,0.02076113224029541
0,128,transformer.h.2.mlp.w1.weight,transformer.h.2.mlp.w1.weight,"[1024, 384]",internal_cross,0.0014896637294441462,0.0608362322994575,,,0.8176477551460266,0.5978707075119019,0.9788556694984436,0.8188474774360657,0.5958699584007263,0.9787330031394958,0.8237305879592896,0.5937591791152954,0.8244568705558777,0.5925354957580566,1.0000004768371582,0.0011997222900390625,0.002000749111175537,0.006579147358453378,0.003346457831161946,0.0007262825965881348,0.0012236833572387695
0,128,transformer.h.2.mlp.w1.weight,transformer.h.2.mlp.w1.weight,"[1024, 384]",outside_cross,0.008263670839369297,0.33747925044648336,,,0.8176477551460266,0.5978707075119019,0.9788556694984436,0.829257071018219,0.5773220658302307,0.9740270376205444,0.8237305879592896,0.5937591791152954,0.8338326811790466,0.5764957070350647,1.0000003576278687,0.011609315872192383,0.020548641681671143,0.06366423337145674,0.03436970807147644,0.01010209321975708,0.017263472080230713
0,128,transformer.h.2.mlp.w1.weight,transformer.h.2.mlp.w1.weight,"[1024, 384]",local_cross,0.005861364770680666,0.239371706334047,,,0.8176477551460266,0.5978707075119019,0.9788556694984436,0.8281962871551514,0.5792614221572876,0.9746333360671997,0.8237305879592896,0.5937591791152954,0.8323714733123779,0.5790249705314636,1.0000003576278687,0.010548532009124756,0.018609285354614258,0.05784700932841248,0.0311259359603996,0.008640885353088379,0.014734208583831787
0,128,transformer.h.2.mlp.w1.weight,transformer.h.2.mlp.w1.weight,"[1024, 384]",medium_cross,0.0058602564968168736,0.23932644564541208,,,0.8176477551460266,0.5978707075119019,0.9788556694984436,0.8199711441993713,0.5938109755516052,0.9779354333877563,0.8237305879592896,0.5937591791152954,0.8257394433021545,0.590366005897522,1.000001072883606,0.0023233890533447266,0.004059731960296631,0.012741214429278253,0.00679031755409394,0.0020088553428649902,0.0033931732177734375
0,128,transformer.h.2.mlp.w1.weight,transformer.h.2.mlp.w1.weight,"[1024, 384]",distant_cross,0.0013450386468321085,0.05492990260356216,,,0.8176477551460266,0.5978707075119019,0.9788556694984436,0.8176488280296326,0.5978649854660034,0.9788506031036377,0.8237305879592896,0.5937591791152954,0.8237317204475403,0.5937589406967163,1.0000001192092896,1.0728836059570312e-06,5.7220458984375e-06,5.883577725166971e-06,9.570707891427496e-06,1.1324882507324219e-06,2.384185791015625e-07
0,128,transformer.h.2.mlp.w2.weight,transformer.h.2.mlp.w2.weight,"[1024, 384]",danger_diagonal,0.0002961588907055557,0.012673782763907921,,,0.813329815864563,0.6043348908424377,0.9767796397209167,0.814667284488678,0.6020299792289734,0.9762638807296753,0.8203402757644653,0.5994417667388916,0.8213732242584229,0.597716748714447,1.0,0.0013374686241149902,0.0023049116134643555,0.00716487547440678,0.003813964158599759,0.0010329484939575195,0.00172501802444458
0,128,transformer.h.2.mlp.w2.weight,transformer.h.2.mlp.w2.weight,"[1024, 384]",danger_cross,0.00817521195858717,0.34984889417028175,,,0.813329815864563,0.6043348908424377,0.9767796397209167,0.8270469903945923,0.5802513957023621,0.970882773399353,0.8203402757644653,0.5994417667388916,0.8317797183990479,0.580045223236084,0.9999997019767761,0.013717174530029297,0.024083495140075684,0.0734834788617175,0.03985124060353936,0.01143944263458252,0.019396543502807617
0,128,transformer.h.2.mlp.w2.weight,transformer.h.2.mlp.w2.weight,"[1024, 384]",danger_full,0.008180574513971806,0.35007837862655583,,,0.813329815864563,0.6043348908424377,0.9767796397209167,0.8281326293945312,0.5782451629638672,0.9701340198516846,0.8203402757644653,0.5994417667388916,0.8327569961547852,0.5783576965332031,1.0000001192092896,0.014802813529968262,0.026089727878570557,0.07929929248491126,0.04317097734039763,0.012416720390319824,0.021084070205688477
0,128,transformer.h.2.mlp.w2.weight,transformer.h.2.mlp.w2.weight,"[1024, 384]",internal_cross,0.0014251865213736892,0.06098923563263101,,,0.813329815864563,0.6043348908424377,0.9767796397209167,0.8143818378448486,0.6026343107223511,0.9767897725105286,0.8203402757644653,0.5994417667388916,0.8210094571113586,0.5983248949050903,1.0,0.0010520219802856445,0.00170058012008667,0.005635725839978594,0.002813969780424353,0.0006691813468933105,0.0011168718338012695
0,128,transformer.h.2.mlp.w2.weight,transformer.h.2.mlp.w2.weight,"[1024, 384]",outside_cross,0.008050027303397655,0.3444917592841169,,,0.813329815864563,0.6043348908424377,0.9767796397209167,0.8252816796302795,0.5832535624504089,0.971105694770813,0.8203402757644653,0.5994417667388916,0.8306896686553955,0.5819203853607178,1.0000007152557373,0.011951863765716553,0.02108132839202881,0.06402663511085936,0.034883520232700145,0.010349392890930176,0.017521381378173828
0,128,transformer.h.2.mlp.w2.weight,transformer.h.2.mlp.w2.weight,"[1024, 384]",local_cross,0.005668921396136284,0.24259504115894193,,,0.813329815864563,0.6043348908424377,0.9767796397209167,0.8241548538208008,0.585377037525177,0.9721068143844604,0.8203402757644653,0.5994417667388916,0.8291460871696472,0.5845677256584167,1.0,0.010825037956237793,0.018957853317260742,0.05799018202276897,0.03136978123310679,0.008805811405181885,0.014874041080474854
0,128,transformer.h.2.mlp.w2.weight,transformer.h.2.mlp.w2.weight,"[1024, 384]",medium_cross,0.005720201879739761,0.24478953110881405,,,0.813329815864563,0.6043348908424377,0.9767796397209167,0.8157848715782166,0.6001020669937134,0.9758365154266357,0.8203402757644653,0.5994417667388916,0.8224520683288574,0.595908522605896,1.0000005960464478,0.0024550557136535645,0.004232823848724365,0.013151836352571009,0.0070041030442969205,0.00211179256439209,0.0035332441329956055
0,128,transformer.h.2.mlp.w2.weight,transformer.h.2.mlp.w2.weight,"[1024, 384]",distant_cross,0.0014059634413570166,0.060166605794964766,,,0.813329815864563,0.6043348908424377,0.9767796397209167,0.8133305311203003,0.6043319702148438,0.9767782092094421,0.8203402757644653,0.5994417667388916,0.8203412890434265,0.5994403958320618,1.000000238418579,7.152557373046875e-07,2.9206275939941406e-06,3.831654962025106e-06,4.832796580589299e-06,1.0132789611816406e-06,1.3709068298339844e-06
0,128,transformer.h.2.mlp.c_proj.weight,transformer.h.2.mlp.c_proj.weight,"[384, 1024]",danger_diagonal,0.0,0.0,,,0.7820180058479309,0.654092013835907,0.9804627895355225,0.7820180058479309,0.654092013835907,0.9804627895355225,0.7836956977844238,0.6577374339103699,0.7836956977844238,0.6577374339103699,0.9999988079071045,0.0,0.0,0.0,0.0,0.0,0.0
0,128,transformer.h.2.mlp.c_proj.weight,transformer.h.2.mlp.c_proj.weight,"[384, 1024]",danger_cross,0.0,0.0,,,0.7820180058479309,0.654092013835907,0.9804627895355225,0.7820180058479309,0.654092013835907,0.9804627895355225,0.7836956977844238,0.6577374339103699,0.7836956977844238,0.6577374339103699,0.9999988079071045,0.0,0.0,0.0,0.0,0.0,0.0
0,128,transformer.h.2.mlp.c_proj.weight,transformer.h.2.mlp.c_proj.weight,"[384, 1024]",danger_full,0.0,0.0,,,0.7820180058479309,0.654092013835907,0.9804627895355225,0.7820180058479309,0.654092013835907,0.9804627895355225,0.7836956977844238,0.6577374339103699,0.7836956977844238,0.6577374339103699,0.9999988079071045,0.0,0.0,0.0,0.0,0.0,0.0
0,128,transformer.h.2.mlp.c_proj.weight,transformer.h.2.mlp.c_proj.weight,"[384, 1024]",internal_cross,0.0,0.0,,,0.7820180058479309,0.654092013835907,0.9804627895355225,0.7820180058479309,0.654092013835907,0.9804627895355225,0.7836956977844238,0.6577374339103699,0.7836956977844238,0.6577374339103699,0.9999988079071045,0.0,0.0,0.0,0.0,0.0,0.0
0,128,transformer.h.2.mlp.c_proj.weight,transformer.h.2.mlp.c_proj.weight,"[384, 1024]",outside_cross,0.0,0.0,,,0.7820180058479309,0.654092013835907,0.9804627895355225,0.7820180058479309,0.654092013835907,0.9804627895355225,0.7836956977844238,0.6577374339103699,0.7836956977844238,0.6577374339103699,0.9999988079071045,0.0,0.0,0.0,0.0,0.0,0.0
0,128,transformer.h.2.mlp.c_proj.weight,transformer.h.2.mlp.c_proj.weight,"[384, 1024]",local_cross,0.0,0.0,,,0.7820180058479309,0.654092013835907,0.9804627895355225,0.7820180058479309,0.654092013835907,0.9804627895355225,0.7836956977844238,0.6577374339103699,0.7836956977844238,0.6577374339103699,0.9999988079071045,0.0,0.0,0.0,0.0,0.0,0.0
0,128,transformer.h.2.mlp.c_proj.weight,transformer.h.2.mlp.c_proj.weight,"[384, 1024]",medium_cross,0.0,0.0,,,0.7820180058479309,0.654092013835907,0.9804627895355225,0.7820180058479309,0.654092013835907,0.9804627895355225,0.7836956977844238,0.6577374339103699,0.7836956977844238,0.6577374339103699,0.9999988079071045,0.0,0.0,0.0,0.0,0.0,0.0
0,128,transformer.h.2.mlp.c_proj.weight,transformer.h.2.mlp.c_proj.weight,"[384, 1024]",distant_cross,0.0,0.0,,,0.7820180058479309,0.654092013835907,0.9804627895355225,0.7820180058479309,0.654092013835907,0.9804627895355225,0.7836956977844238,0.6577374339103699,0.7836956977844238,0.6577374339103699,0.9999988079071045,0.0,0.0,0.0,0.0,0.0,0.0
0,128,transformer.h.3.attn.c_attn.weight,transformer.h.3.attn.c_attn.weight,"[1152, 384]",danger_diagonal,0.0013801930472254753,0.03578144190346702,,,0.49983328580856323,1.045671820640564,1.085718035697937,0.5047439336776733,1.0407860279083252,1.0861223936080933,0.483845978975296,1.0160250663757324,0.4881758391857147,1.0117568969726562,0.9999997019767761,0.004910647869110107,0.0048857927322387695,0.009818022130978066,0.004672395904525572,0.004329860210418701,0.004268169403076172
0,128,transformer.h.3.attn.c_attn.weight,transformer.h.3.attn.c_attn.weight,"[1152, 384]",danger_cross,0.03324916958808899,0.8619832076000691,,,0.49983328580856323,1.045671820640564,1.085718035697937,0.7262014746665955,0.8014697432518005,1.1381727457046509,0.483845978975296,1.0160250663757324,0.6863291263580322,0.7920504212379456,0.9999998211860657,0.22636818885803223,0.24420207738876343,0.45258547287373213,0.2335360603283434,0.2024831473827362,0.22397464513778687
0,128,transformer.h.3.attn.c_attn.weight,transformer.h.3.attn.c_attn.weight,"[1152, 384]",danger_full,0.033277809619903564,0.8627256991207637,,,0.49983328580856323,1.045671820640564,1.085718035697937,0.7319059371948242,0.7926540374755859,1.1368528604507446,0.483845978975296,1.0160250663757324,0.6937195062637329,0.782663881778717,0.9999998211860657,0.232072651386261,0.253017783164978,0.4639905951387163,0.24196672241773032,0.2098735272884369,0.23336118459701538
0,128,transformer.h.3.attn.c_attn.weight,transformer.h.3.attn.c_attn.weight,"[1152, 384]",internal_cross,0.019167130813002586,0.4969069935689688,,,0.49983328580856323,1.045671820640564,1.085718035697937,0.5862473249435425,0.9727331399917603,1.1246639490127563,0.483845978975296,1.0160250663757324,0.551884651184082,0.9466955065727234,0.9999998211860657,0.08641403913497925,0.07293868064880371,0.1727704716909743,0.0697529370200705,0.06803867220878601,0.06932955980300903
0,128,transformer.h.3.attn.c_attn.weight,transformer.h.3.attn.c_attn.weight,"[1152, 384]",outside_cross,0.027168534696102142,0.7043430249015701,,,0.49983328580856323,1.045671820640564,1.085718035697937,0.5298131704330444,1.0253351926803589,1.106019139289856,0.483845978975296,1.0160250663757324,0.5231785774230957,0.976548433303833,0.9999991059303284,0.0299798846244812,0.020336627960205078,0.059939783623838915,0.019448384817090263,0.03933259844779968,0.039476633071899414
0,128,transformer.h.3.attn.c_attn.weight,transformer.h.3.attn.c_attn.weight,"[1152, 384]",local_cross,0.020321592688560486,0.5268363651254205,,,0.49983328580856323,1.045671820640564,1.085718035697937,0.5509496927261353,1.0123326778411865,1.1239781379699707,0.483845978975296,1.0160250663757324,0.5309810638427734,0.9685243964195251,0.9999995231628418,0.05111640691757202,0.03333914279937744,0.10219873787524258,0.03188298865982096,0.04713508486747742,0.047500669956207275
0,128,transformer.h.3.attn.c_attn.weight,transformer.h.3.attn.c_attn.weight,"[1152, 384]",medium_cross,0.024169081822037697,0.6265823457188477,,,0.49983328580856323,1.045671820640564,1.085718035697937,0.5255901217460632,1.0294222831726074,1.1052048206329346,0.483845978975296,1.0160250663757324,0.5137495994567871,0.986155092716217,1.000000238418579,0.0257568359375,0.016249537467956543,0.05149650147978795,0.015539806225247902,0.02990362048149109,0.02986997365951538
0,128,transformer.h.3.attn.c_attn.weight,transformer.h.3.attn.c_attn.weight,"[1152, 384]",distant_cross,0.010411368682980537,0.2699142590339285,,,0.49983328580856323,1.045671820640564,1.085718035697937,0.5006747841835022,1.044959306716919,1.0860058069229126,0.483845978975296,1.0160250663757324,0.484580934047699,1.0153030157089233,1.0000001192092896,0.0008414983749389648,0.0007125139236450195,0.0016824357780371702,0.0006813934444638122,0.0007349550724029541,0.000722050666809082
0,128,transformer.h.3.attn.c_proj.weight,transformer.h.3.attn.c_proj.weight,"[384, 384]",danger_diagonal,0.004644580185413361,0.03429092806553916,,,0.4918161630630493,1.0638861656188965,1.103155493736267,0.4967440366744995,1.0587818622589111,1.1031867265701294,0.44480812549591064,1.0537487268447876,0.44888409972190857,1.0498732328414917,1.0000001192092896,0.004927873611450195,0.0051043033599853516,0.009697029408004541,0.004797790896186732,0.004075974225997925,0.0038754940032958984
0,128,transformer.h.3.attn.c_proj.weight,transformer.h.3.attn.c_proj.weight,"[384, 384]",danger_cross,0.11008528620004654,0.8127594915931298,,,0.4918161630630493,1.0638861656188965,1.103155493736267,0.8536917567253113,0.584891140460968,1.1199337244033813,0.44480812549591064,1.0537487268447876,0.7737526893615723,0.6726785898208618,1.000000238418579,0.36187559366226196,0.47899502515792847,0.7120958349314033,0.45023146332510283,0.3289445638656616,0.3810701370239258
0,128,transformer.h.3.attn.c_proj.weight,transformer.h.3.attn.c_proj.weight,"[384, 384]",danger_full,0.1101832166314125,0.8134825118109621,,,0.4918161630630493,1.0638861656188965,1.103155493736267,0.8619572520256042,0.570475697517395,1.1235078573226929,0.44480812549591064,1.0537487268447876,0.7841691970825195,0.6570109724998474,1.0000005960464478,0.37014108896255493,0.49341046810150146,0.7283606090141698,0.46378126161126354,0.3393610715866089,0.3967377543449402
0,128,transformer.h.3.attn.c_proj.weight,transformer.h.3.attn.c_proj.weight,"[384, 384]",internal_cross,0.05690328776836395,0.4201168824010696,,,0.4918161630630493,1.0638861656188965,1.103155493736267,0.6013052463531494,0.9460034370422363,1.107752799987793,0.44480812549591064,1.0537487268447876,0.527241051197052,0.9723779559135437,0.9999997019767761,0.1094890832901001,0.11788272857666016,0.21545172304188057,0.11080389273422314,0.08243292570114136,0.0813707709312439
0,128,transformer.h.3.attn.c_proj.weight,transformer.h.3.attn.c_proj.weight,"[384, 384]",outside_cross,0.09423792362213135,0.6957584390772404,,,0.4918161630630493,1.0638861656188965,1.103155493736267,0.5549819469451904,0.9991475343704224,1.1084249019622803,0.44480812549591064,1.0537487268447876,0.5071414709091187,0.9928341507911682,0.9999994039535522,0.06316578388214111,0.06473863124847412,0.12429711315273091,0.0608510885286431,0.06233334541320801,0.060914576053619385
0,128,transformer.h.3.attn.c_proj.weight,transformer.h.3.attn.c_proj.weight,"[384, 384]",local_cross,0.06136514991521835,0.45305880348075045,,,0.4918161630630493,1.0638861656188965,1.103155493736267,0.5696142315864563,0.9810614585876465,1.1052831411361694,0.44480812549591064,1.0537487268447876,0.5058097839355469,0.9941738843917847,0.9999998211860657,0.07779806852340698,0.08282470703125,0.1530904032531425,0.07785109883731614,0.06100165843963623,0.05957484245300293
0,128,transformer.h.3.attn.c_proj.weight,transformer.h.3.attn.c_proj.weight,"[384, 384]",medium_cross,0.08303839713335037,0.6130723529588437,,,0.4918161630630493,1.0638861656188965,1.103155493736267,0.548872709274292,1.0064821243286133,1.10946524143219,0.44480812549591064,1.0537487268447876,0.49738097190856934,1.002616286277771,1.0,0.057056546211242676,0.0574040412902832,0.1122754052060132,0.05395693932808069,0.05257284641265869,0.0511324405670166
0,128,transformer.h.3.attn.c_proj.weight,transformer.h.3.attn.c_proj.weight,"[384, 384]",distant_cross,0.03817998245358467,0.28188274926787604,,,0.4918161630630493,1.0638861656188965,1.103155493736267,0.4966733157634735,1.059832215309143,1.1048885583877563,0.44480812549591064,1.0537487268447876,0.4478009045124054,1.0509042739868164,1.0000004768371582,0.004857152700424194,0.004053950309753418,0.009557865377420123,0.0038105113505213276,0.002992779016494751,0.0028444528579711914
0,128,transformer.h.3.mlp.w1.weight,transformer.h.3.mlp.w1.weight,"[1024, 384]",danger_diagonal,0.00042050034971907735,0.019262893322259056,,,0.7732995748519897,0.6603935956954956,0.9579759240150452,0.7768123745918274,0.6549661755561829,0.9568469524383545,0.790567934513092,0.6472050547599792,0.7932327389717102,0.643073558807373,1.0000003576278687,0.0035127997398376465,0.005427420139312744,0.015495338120976957,0.00821846270873787,0.002664804458618164,0.004131495952606201
0,128,transformer.h.3.mlp.w1.weight,transformer.h.3.mlp.w1.weight,"[1024, 384]",danger_cross,0.011179789900779724,0.5121401215667496,,,0.7732995748519897,0.6603935956954956,0.9579759240150452,0.8039392828941345,0.6117078065872192,0.9471040964126587,0.790567934513092,0.6472050547599792,0.8159113526344299,0.6067855954170227,0.9999994039535522,0.030639708042144775,0.04868578910827637,0.13515505329176353,0.0737223822665978,0.02534341812133789,0.04041945934295654
0,128,transformer.h.3.mlp.w1.weight,transformer.h.3.mlp.w1.weight,"[1024, 384]",danger_full,0.011187695898115635,0.5125022910236584,,,0.7732995748519897,0.6603935956954956,0.9579759240150452,0.8069364428520203,0.6065881848335266,0.9450955986976624,0.790567934513092,0.6472050547599792,0.8184308409690857,0.6026181578636169,0.9999995827674866,0.03363686800003052,0.053805410861968994,0.1483758487795926,0.08147476173705721,0.027862906455993652,0.044586896896362305
0,128,transformer.h.3.mlp.w1.weight,transformer.h.3.mlp.w1.weight,"[1024, 384]",internal_cross,0.0030757063068449497,0.1408964404403817,,,0.7732995748519897,0.6603935956954956,0.9579759240150452,0.7789194583892822,0.6520944237709045,0.9576173424720764,0.790567934513092,0.6472050547599792,0.794179379940033,0.6416005492210388,1.0,0.0056198835372924805,0.008299171924591064,0.024789911768464127,0.012567008491126819,0.003611445426940918,0.00560450553894043
0,128,transformer.h.3.mlp.w1.weight,transformer.h.3.mlp.w1.weight,"[1024, 384]",outside_cross,0.010748384520411491,0.49237767469546023,,,0.7732995748519897,0.6603935956954956,0.9579759240150452,0.7950872182846069,0.625722348690033,0.9489933848381042,0.790567934513092,0.6472050547599792,0.8103378415107727,0.615901529788971,0.9999998807907104,0.021787643432617188,0.034671247005462646,0.09610764257893328,0.05250088315733667,0.019769906997680664,0.0313035249710083
0,128,transformer.h.3.mlp.w1.weight,transformer.h.3.mlp.w1.weight,"[1024, 384]",local_cross,0.008028330281376839,0.3677734628980451,,,0.7732995748519897,0.6603935956954956,0.9579759240150452,0.797888994216919,0.6216320991516113,0.9497039914131165,0.790567934513092,0.6472050547599792,0.8105727434158325,0.615519642829895,0.9999995827674866,0.0245894193649292,0.03876149654388428,0.108466578079309,0.058694537313104145,0.02000480890274048,0.03168541193008423
0,128,transformer.h.3.mlp.w1.weight,transformer.h.3.mlp.w1.weight,"[1024, 384]",medium_cross,0.007502302061766386,0.34367639499875935,,,0.7732995748519897,0.6603935956954956,0.9579759240150452,0.7781246900558472,0.6528878808021545,0.9562634229660034,0.790567934513092,0.6472050547599792,0.7946915626525879,0.6408004760742188,1.0000003576278687,0.004825115203857422,0.0075057148933410645,0.0212841030214529,0.011365517385789298,0.00412362813949585,0.006404578685760498
0,128,transformer.h.3.mlp.w1.weight,transformer.h.3.mlp.w1.weight,"[1024, 384]",distant_cross,0.002061347011476755,0.09442919038892963,,,0.7732995748519897,0.6603935956954956,0.9579759240150452,0.7732992768287659,0.6603947877883911,0.9579756855964661,0.790567934513092,0.6472050547599792,0.7905678153038025,0.6472041606903076,1.0,-2.980232238769531e-07,-1.1920928955078125e-06,-1.3146125495017355e-06,-1.8051248577787252e-06,-1.1920928955078125e-07,8.940696716308594e-07
0,128,transformer.h.3.mlp.w2.weight,transformer.h.3.mlp.w2.weight,"[1024, 384]",danger_diagonal,0.000522781687323004,0.022652409934553547,,,0.7690879702568054,0.6642627716064453,0.949999213218689,0.7733672261238098,0.6576710343360901,0.9483420848846436,0.7912710905075073,0.6461188197135925,0.7945209741592407,0.6410704255104065,0.9999997019767761,0.0042792558670043945,0.006591737270355225,0.018531974586874084,0.009923388080915394,0.0032498836517333984,0.005048394203186035
0,128,transformer.h.3.mlp.w2.weight,transformer.h.3.mlp.w2.weight,"[1024, 384]",danger_cross,0.012874686159193516,0.5578670326999824,,,0.7690879702568054,0.6642627716064453,0.949999213218689,0.8076602816581726,0.6036558151245117,0.9368962645530701,0.7912710905075073,0.6461188197135925,0.8219632506370544,0.5967287421226501,1.000001311302185,0.03857231140136719,0.060606956481933594,0.16704331707735112,0.09123942974459104,0.03069216012954712,0.04939007759094238
0,128,transformer.h.3.mlp.w2.weight,transformer.h.3.mlp.w2.weight,"[1024, 384]",danger_full,0.012885295785963535,0.5583267534986924,,,0.7690879702568054,0.6642627716064453,0.949999213218689,0.8112372756004333,0.5974862575531006,0.934043824672699,0.7912710905075073,0.6461188197135925,0.824958086013794,0.5916884541511536,1.000001072883606,0.04214930534362793,0.06677651405334473,0.18253403857089498,0.10052725654314962,0.03368699550628662,0.054430365562438965
0,128,transformer.h.3.mlp.w2.weight,transformer.h.3.mlp.w2.weight,"[1024, 384]",internal_cross,0.0037610160652548075,0.16296683634205908,,,0.7690879702568054,0.6642627716064453,0.949999213218689,0.7781492471694946,0.6512153148651123,0.9501513242721558,0.7912710905075073,0.6461188197135925,0.7970001697540283,0.6371898651123047,1.0000009536743164,0.009061276912689209,0.013047456741333008,0.039241250976688284,0.01964201111222776,0.005729079246520996,0.008928954601287842
0,128,transformer.h.3.mlp.w2.weight,transformer.h.3.mlp.w2.weight,"[1024, 384]",outside_cross,0.012313096784055233,0.533533064909978,,,0.7690879702568054,0.6642627716064453,0.949999213218689,0.7942983508110046,0.6244696378707886,0.9387251138687134,0.7912710905075073,0.6461188197135925,0.8136268258094788,0.6105395555496216,1.0000007152557373,0.02521038055419922,0.03979313373565674,0.10917742389704241,0.059905711168219605,0.022355735301971436,0.03557926416397095
0,128,transformer.h.3.mlp.w2.weight,transformer.h.3.mlp.w2.weight,"[1024, 384]",local_cross,0.008781339973211288,0.38050015459887465,,,0.7690879702568054,0.6642627716064453,0.949999213218689,0.8006150126457214,0.6150673031806946,0.9394606947898865,0.7912710905075073,0.6461188197135925,0.8158633708953857,0.6068649291992188,1.0000008344650269,0.031527042388916016,0.04919546842575073,0.13653269785891342,0.07406025225044148,0.024592280387878418,0.03925389051437378
0,128,transformer.h.3.mlp.w2.weight,transformer.h.3.mlp.w2.weight,"[1024, 384]",medium_cross,0.008633134886622429,0.3740783489824844,,,0.7690879702568054,0.6642627716064453,0.949999213218689,0.7743764519691467,0.6561563014984131,0.9481267929077148,0.7912710905075073,0.6461188197135925,0.7957083582878113,0.6392156481742859,0.9999998807907104,0.005288481712341309,0.008106470108032227,0.022902582070855364,0.012203709818672562,0.004437267780303955,0.006903171539306641
0,128,transformer.h.3.mlp.w2.weight,transformer.h.3.mlp.w2.weight,"[1024, 384]",distant_cross,0.003756952937692404,0.16279077885306925,,,0.7690879702568054,0.6642627716064453,0.949999213218689,0.7690801620483398,0.6642677783966064,0.9499792456626892,0.7912710905075073,0.6461188197135925,0.7912676334381104,0.646124005317688,1.0000004768371582,-7.808208465576172e-06,-5.0067901611328125e-06,-3.3814645665104395e-05,-7.537363789068669e-06,-3.4570693969726562e-06,-5.185604095458984e-06
0,128,transformer.h.3.mlp.c_proj.weight,transformer.h.3.mlp.c_proj.weight,"[384, 1024]",danger_diagonal,0.0010104933753609657,0.011695115418729517,,,0.7648371458053589,0.6780970692634583,0.9764513969421387,0.7659103274345398,0.6765058040618896,0.9763174653053284,0.7701524496078491,0.6780168414115906,0.7710070013999939,0.6767553687095642,1.0000008344650269,0.0010731816291809082,0.0015912652015686035,0.004563567800094186,0.002346662850640276,0.0008545517921447754,0.0012614727020263672
0,128,transformer.h.3.mlp.c_proj.weight,transformer.h.3.mlp.c_proj.weight,"[384, 1024]",danger_cross,0.022673839703202248,0.2624195059368872,,,0.7648371458053589,0.6780970692634583,0.9764513969421387,0.7730574607849121,0.6654472351074219,0.9741305708885193,0.7701524496078491,0.6780168414115906,0.7776387929916382,0.6668834090232849,1.000001072883606,0.008220314979553223,0.012649834156036377,0.03495583946582558,0.01865490167916002,0.0074863433837890625,0.011133432388305664
0,128,transformer.h.3.mlp.c_proj.weight,transformer.h.3.mlp.c_proj.weight,"[384, 1024]",danger_full,0.022696347907185555,0.26268000842989864,,,0.7648371458053589,0.6780970692634583,0.9764513969421387,0.7740542888641357,0.6638957858085632,0.9738293290138245,0.7701524496078491,0.6780168414115906,0.7785157561302185,0.6655665040016174,1.0000019073486328,0.009217143058776855,0.01420128345489502,0.03919472354740154,0.020942847416108582,0.008363306522369385,0.012450337409973145
0,128,transformer.h.3.mlp.c_proj.weight,transformer.h.3.mlp.c_proj.weight,"[384, 1024]",internal_cross,0.002918767975643277,0.033780853183174905,,,0.7648371458053589,0.6780970692634583,0.9764513969421387,0.7650367021560669,0.6778032183647156,0.9764404892921448,0.7701524496078491,0.6780168414115906,0.7703173160552979,0.6777740120887756,1.000000238418579,0.0001995563507080078,0.0002938508987426758,0.0008485878919586412,0.000433346363024181,0.00016486644744873047,0.0002428293228149414
0,128,transformer.h.3.mlp.c_proj.weight,transformer.h.3.mlp.c_proj.weight,"[384, 1024]",outside_cross,0.022485189139842987,0.26023612684100067,,,0.7648371458053589,0.6780970692634583,0.9764513969421387,0.7725449800491333,0.6662261486053467,0.9742246270179749,0.7701524496078491,0.6780168414115906,0.7772549986839294,0.6674586534500122,1.0000008344650269,0.007707834243774414,0.011870920658111572,0.032776580596333225,0.017506226167598157,0.007102549076080322,0.01055818796157837
0,128,transformer.h.3.mlp.c_proj.weight,transformer.h.3.mlp.c_proj.weight,"[384, 1024]",local_cross,0.015489531680941582,0.1792707059815891,,,0.7648371458053589,0.6780970692634583,0.9764513969421387,0.7707360982894897,0.6691008806228638,0.9749898314476013,0.7701524496078491,0.6780168414115906,0.7754799127578735,0.6701138019561768,1.000000238418579,0.005898952484130859,0.008996188640594482,0.02508454196277264,0.013266815399108045,0.005327463150024414,0.007903039455413818
0,128,transformer.h.3.mlp.c_proj.weight,transformer.h.3.mlp.c_proj.weight,"[384, 1024]",medium_cross,0.015828823670744896,0.18319755902006912,,,0.7648371458053589,0.6780970692634583,0.9764513969421387,0.7667104005813599,0.6751813888549805,0.9757687449455261,0.7701524496078491,0.6780168414115906,0.7718005776405334,0.6755828261375427,1.0,0.0018732547760009766,0.002915680408477783,0.007965776663224665,0.00429979797972695,0.0016481280326843262,0.0024340152740478516
0,128,transformer.h.3.mlp.c_proj.weight,transformer.h.3.mlp.c_proj.weight,"[384, 1024]",distant_cross,0.0048606423661112785,0.05625546378325503,,,0.7648371458053589,0.6780970692634583,0.9764513969421387,0.7648288607597351,0.6781071424484253,0.9764541387557983,0.7701524496078491,0.6780168414115906,0.7701485753059387,0.6780226230621338,1.0000009536743164,-8.285045623779297e-06,-1.0073184967041016e-05,-3.523109826232113e-05,-1.4855078164520606e-05,-3.874301910400391e-06,-5.781650543212891e-06
0,128,transformer.h.4.attn.c_attn.weight,transformer.h.4.attn.c_attn.weight,"[1152, 384]",danger_diagonal,0.0013656641822308302,0.03650616554233201,,,0.4864068627357483,1.0690826177597046,1.1024638414382935,0.49010518193244934,1.0654240846633911,1.102745532989502,0.4635249376296997,1.0358339548110962,0.4665946960449219,1.0328675508499146,1.0000008344650269,0.00369831919670105,0.0036585330963134766,0.007200873470391032,0.0034221238242373117,0.003069758415222168,0.0029664039611816406
0,128,transformer.h.4.attn.c_attn.weight,transformer.h.4.attn.c_attn.weight,"[1152, 384]",danger_cross,0.03252523019909859,0.8694461298759134,,,0.4864068627357483,1.0690826177597046,1.1024638414382935,0.7190483808517456,0.8206316232681274,1.1554683446884155,0.4635249376296997,1.0358339548110962,0.6672501564025879,0.8157832026481628,1.000001311302185,0.23264151811599731,0.24845099449157715,0.4529685099672576,0.2323964400545711,0.20372521877288818,0.22005075216293335
0,128,transformer.h.4.attn.c_attn.weight,transformer.h.4.attn.c_attn.weight,"[1152, 384]",danger_full,0.032553888857364655,0.8702122169831942,,,0.4864068627357483,1.0690826177597046,1.1024638414382935,0.7247353196144104,0.8130468130111694,1.1563414335250854,0.4635249376296997,1.0358339548110962,0.6734020113945007,0.8082073330879211,1.0000001192092896,0.2383284568786621,0.25603580474853516,0.4640413580059937,0.23949113052185436,0.20987707376480103,0.22762662172317505
0,128,transformer.h.4.attn.c_attn.weight,transformer.h.4.attn.c_attn.weight,"[1152, 384]",internal_cross,0.01929369941353798,0.5157483031912462,,,0.4864068627357483,1.0690826177597046,1.1024638414382935,0.5841460824012756,0.9809395670890808,1.1350253820419312,0.4635249376296997,1.0358339548110962,0.5371325612068176,0.9621530771255493,1.0000008344650269,0.09773921966552734,0.08814305067062378,0.19030476183181355,0.0824473704897852,0.07360762357711792,0.07368087768554688
0,128,transformer.h.4.attn.c_attn.weight,transformer.h.4.attn.c_attn.weight,"[1152, 384]",outside_cross,0.026184802874922752,0.6999573986657358,,,0.4864068627357483,1.0690826177597046,1.1024638414382935,0.5136450529098511,1.0555068254470825,1.1283996105194092,0.4635249376296997,1.0358339548110962,0.4997291564941406,1.0002716779708862,1.0000003576278687,0.027238190174102783,0.01357579231262207,0.05303456802244674,0.012698543673893566,0.03620421886444092,0.03556227684020996
0,128,transformer.h.4.attn.c_attn.weight,transformer.h.4.attn.c_attn.weight,"[1152, 384]",local_cross,0.0203920379281044,0.5451084695893891,,,0.4864068627357483,1.0690826177597046,1.1024638414382935,0.5428628921508789,1.0279232263565063,1.1355894804000854,0.4635249376296997,1.0358339548110962,0.5126557350158691,0.9872651696205139,1.000001072883606,0.056456029415130615,0.04115939140319824,0.10992364445493574,0.03849972931881449,0.049130797386169434,0.048568785190582275
0,128,transformer.h.4.attn.c_attn.weight,transformer.h.4.attn.c_attn.weight,"[1152, 384]",medium_cross,0.023725615814328194,0.6342197955992364,,,0.4864068627357483,1.0690826177597046,1.1024638414382935,0.5139303207397461,1.0534517765045166,1.1253917217254639,0.4635249376296997,1.0358339548110962,0.49305471777915955,1.0069230794906616,0.9999998807907104,0.027523458003997803,0.01563084125518799,0.053590003461897025,0.014620798239094838,0.02952978014945984,0.02891087532043457
0,128,transformer.h.4.attn.c_attn.weight,transformer.h.4.attn.c_attn.weight,"[1152, 384]",distant_cross,0.008896705694496632,0.23782172446974634,,,0.4864068627357483,1.0690826177597046,1.1024638414382935,0.486836314201355,1.068798542022705,1.1027384996414185,0.4635249376296997,1.0358339548110962,0.4638811945915222,1.0354902744293213,1.0000005960464478,0.00042945146560668945,0.0002840757369995117,0.0008361705685832207,0.00026571916171904574,0.00035625696182250977,0.00034368038177490234
0,128,transformer.h.4.attn.c_proj.weight,transformer.h.4.attn.c_proj.weight,"[384, 384]",danger_diagonal,0.004535456653684378,0.03346846068830137,,,0.47572165727615356,1.0856568813323975,1.1120866537094116,0.4772186577320099,1.084328293800354,1.1124379634857178,0.426645964384079,1.0708463191986084,0.42729315161705017,1.0702412128448486,1.000000238418579,0.0014970004558563232,0.001328587532043457,0.002855354367832126,0.00122376374606765,0.0006471872329711914,0.0006051063537597656
0,128,transformer.h.4.attn.c_proj.weight,transformer.h.4.attn.c_proj.weight,"[384, 384]",danger_cross,0.11142022162675858,0.8222023915425786,,,0.47572165727615356,1.0856568813323975,1.1120866537094116,0.8443776369094849,0.6112028360366821,1.1385524272918701,0.426645964384079,1.0708463191986084,0.7592185139656067,0.6939492225646973,1.0,0.3686559796333313,0.47445404529571533,0.7031684309483556,0.43702025331744837,0.3325725495815277,0.37689709663391113
0,128,transformer.h.4.attn.c_proj.weight,transformer.h.4.attn.c_proj.weight,"[384, 384]",danger_full,0.11151248961687088,0.8228832640181988,,,0.47572165727615356,1.0856568813323975,1.1120866537094116,0.8502237796783447,0.5997180938720703,1.1375195980072021,0.426645964384079,1.0708463191986084,0.7644268274307251,0.6864026784896851,1.000000238418579,0.37450212240219116,0.48593878746032715,0.7143192687618855,0.4475988646283415,0.3377808630466461,0.38444364070892334
0,128,transformer.h.4.attn.c_proj.weight,transformer.h.4.attn.c_proj.weight,"[384, 384]",internal_cross,0.05902674049139023,0.4355755758551536,,,0.47572165727615356,1.0856568813323975,1.1120866537094116,0.5873902440071106,0.9673550128936768,1.1172950267791748,0.426645964384079,1.0708463191986084,0.5102506875991821,0.9896975755691528,0.9999998211860657,0.11166858673095703,0.1183018684387207,0.21299484955032047,0.10896800865254223,0.08360472321510315,0.08114874362945557
0,128,transformer.h.4.attn.c_proj.weight,transformer.h.4.attn.c_proj.weight,"[384, 384]",outside_cross,0.09450036287307739,0.6973458069053576,,,0.47572165727615356,1.0856568813323975,1.1120866537094116,0.5374828577041626,1.0251272916793823,1.1203818321228027,0.426645964384079,1.0708463191986084,0.48631688952445984,1.0135921239852905,0.9999998211860657,0.06176120042800903,0.06052958965301514,0.1178023110913444,0.055753885683226916,0.05967092514038086,0.05725419521331787
0,128,transformer.h.4.attn.c_proj.weight,transformer.h.4.attn.c_proj.weight,"[384, 384]",local_cross,0.06339124590158463,0.46778253733637676,,,0.47572165727615356,1.0856568813323975,1.1120866537094116,0.5567852258682251,0.9990630149841309,1.1118847131729126,0.426645964384079,1.0708463191986084,0.4905373156070709,1.0094205141067505,0.9999997019767761,0.08106356859207153,0.0865938663482666,0.1546193347810482,0.0797617256770779,0.06389135122299194,0.06142580509185791
0,128,transformer.h.4.attn.c_proj.weight,transformer.h.4.attn.c_proj.weight,"[384, 384]",medium_cross,0.08301593363285065,0.6125988458155922,,,0.47572165727615356,1.0856568813323975,1.1120866537094116,0.5290204286575317,1.0319372415542603,1.1161788702011108,0.426645964384079,1.0708463191986084,0.47518864274024963,1.024512529373169,1.000000238418579,0.053298771381378174,0.05371963977813721,0.10166121130327194,0.04948123177942605,0.048542678356170654,0.04633378982543945
0,128,transformer.h.4.attn.c_proj.weight,transformer.h.4.attn.c_proj.weight,"[384, 384]",distant_cross,0.03878636285662651,0.28621591156750875,,,0.47572165727615356,1.0856568813323975,1.1120866537094116,0.481995165348053,1.0798667669296265,1.113206386566162,0.426645964384079,1.0708463191986084,0.42914825677871704,1.0685067176818848,0.9999998211860657,0.006273508071899414,0.005790114402770996,0.011965987454881127,0.005333282091543458,0.0025022923946380615,0.002339601516723633
0,128,transformer.h.4.mlp.w1.weight,transformer.h.4.mlp.w1.weight,"[1024, 384]",danger_diagonal,0.00044454517774283886,0.02124579792528361,,,0.7339441180229187,0.7095725536346436,0.9392704367637634,0.7365511059761047,0.705879807472229,0.9384517669677734,0.7601898312568665,0.6925521492958069,0.7622586488723755,0.6895589828491211,1.0000007152557373,0.002606987953186035,0.0036927461624145508,0.009798648065260995,0.005204184045027103,0.002068817615509033,0.002993166446685791
0,128,transformer.h.4.mlp.w1.weight,transformer.h.4.mlp.w1.weight,"[1024, 384]",danger_cross,0.012883149087429047,0.615714208266943,,,0.7339441180229187,0.7095725536346436,0.9392704367637634,0.78078693151474,0.6412444114685059,0.9250595569610596,0.7601898312568665,0.6925521492958069,0.7986774444580078,0.6345503926277161,1.000001311302185,0.04684281349182129,0.0683281421661377,0.1760638146532556,0.09629479299352892,0.03848761320114136,0.05800175666809082
0,128,transformer.h.4.mlp.w1.weight,transformer.h.4.mlp.w1.weight,"[1024, 384]",danger_full,0.012890816666185856,0.6160806588258502,,,0.7339441180229187,0.7095725536346436,0.9392704367637634,0.7829990983009338,0.6376993060112,0.9234922528266907,0.7601898312568665,0.6925521492958069,0.800598680973053,0.631515383720398,1.0000008344650269,0.04905498027801514,0.0718732476234436,0.18437848437510151,0.10129090711765451,0.04040884971618652,0.061036765575408936
0,128,transformer.h.4.mlp.w1.weight,transformer.h.4.mlp.w1.weight,"[1024, 384]",internal_cross,0.004378218669444323,0.20924476021991129,,,0.7339441180229187,0.7095725536346436,0.9392704367637634,0.746094286441803,0.693153440952301,0.9387363791465759,0.7601898312568665,0.6925521492958069,0.7680523991584778,0.6811063885688782,1.000000238418579,0.012150168418884277,0.01641911268234253,0.045667730886441826,0.023139441623325065,0.007862567901611328,0.011445760726928711
0,128,transformer.h.4.mlp.w1.weight,transformer.h.4.mlp.w1.weight,"[1024, 384]",outside_cross,0.012116385623812675,0.57906888531642,,,0.7339441180229187,0.7095725536346436,0.9392704367637634,0.7626020312309265,0.6676855087280273,0.9280003905296326,0.7601898312568665,0.6925521492958069,0.7867472171783447,0.6530821919441223,1.000000238418579,0.028657913208007812,0.04188704490661621,0.10771388700392076,0.05903137697767226,0.02655738592147827,0.03946995735168457
0,128,transformer.h.4.mlp.w1.weight,transformer.h.4.mlp.w1.weight,"[1024, 384]",local_cross,0.009287364780902863,0.4438637179584987,,,0.7339441180229187,0.7095725536346436,0.9392704367637634,0.7712297439575195,0.6556670069694519,0.9283432364463806,0.7601898312568665,0.6925521492958069,0.7903331518173218,0.6475672125816345,1.0000007152557373,0.03728562593460083,0.05390554666519165,0.14014208465352668,0.0759690413461897,0.030143320560455322,0.04498493671417236
0,128,transformer.h.4.mlp.w1.weight,transformer.h.4.mlp.w1.weight,"[1024, 384]",medium_cross,0.008577082306146622,0.4099177464710495,,,0.7339441180229187,0.7095725536346436,0.9392704367637634,0.7409287095069885,0.6996042132377625,0.9369192123413086,0.7601898312568665,0.6925521492958069,0.7662535905838013,0.6837422847747803,0.9999995827674866,0.006984591484069824,0.009968340396881104,0.026252347560094515,0.014048373694585949,0.0060637593269348145,0.008809864521026611
0,128,transformer.h.4.mlp.w1.weight,transformer.h.4.mlp.w1.weight,"[1024, 384]",distant_cross,0.002480726921930909,0.11855943001960487,,,0.7339441180229187,0.7095725536346436,0.9392704367637634,0.733946681022644,0.7095674276351929,0.9392594695091248,0.7601898312568665,0.6925521492958069,0.7601903676986694,0.6925537586212158,0.9999993443489075,2.562999725341797e-06,5.125999450683594e-06,9.633313521565293e-06,7.2240666925837055e-06,5.364418029785156e-07,-1.6093254089355469e-06
0,128,transformer.h.4.mlp.w2.weight,transformer.h.4.mlp.w2.weight,"[1024, 384]",danger_diagonal,0.00042392066097818315,0.02180719406994398,,,0.7387385368347168,0.7031890153884888,0.939242959022522,0.7411055564880371,0.6998341679573059,0.9385854601860046,0.7625318169593811,0.6891639828681946,0.7643930315971375,0.6864590048789978,1.0000014305114746,0.0023670196533203125,0.0033548474311828613,0.00905996477491536,0.00477090420607526,0.0018612146377563477,0.0027049779891967773
0,128,transformer.h.4.mlp.w2.weight,transformer.h.4.mlp.w2.weight,"[1024, 384]",danger_cross,0.011321483179926872,0.5823961971907236,,,0.7387385368347168,0.7031890153884888,0.939242959022522,0.7799263000488281,0.6430492997169495,0.9275442361831665,0.7625318169593811,0.6891639828681946,0.7967473268508911,0.6375876069068909,1.000000238418579,0.04118776321411133,0.06013971567153931,0.15764959253885255,0.08552425358680282,0.03421550989151001,0.05157637596130371
0,128,transformer.h.4.mlp.w2.weight,transformer.h.4.mlp.w2.weight,"[1024, 384]",danger_full,0.011329418048262596,0.58280438020619,,,0.7387385368347168,0.7031890153884888,0.939242959022522,0.7820289134979248,0.6397197842597961,0.9262601137161255,0.7625318169593811,0.6891639828681946,0.7985402345657349,0.6347696781158447,1.0000003576278687,0.04329037666320801,0.06346923112869263,0.16569752055557077,0.09025913337629139,0.03600841760635376,0.054394304752349854
0,128,transformer.h.4.mlp.w2.weight,transformer.h.4.mlp.w2.weight,"[1024, 384]",internal_cross,0.003631529165431857,0.18681198764527746,,,0.7387385368347168,0.7031890153884888,0.939242959022522,0.7481496334075928,0.6904783844947815,0.9391413927078247,0.7625318169593811,0.6891639828681946,0.7687459588050842,0.6800873279571533,1.0000019073486328,0.009411096572875977,0.012710630893707275,0.03602175559631688,0.018075696029871954,0.006214141845703125,0.00907665491104126
0,128,transformer.h.4.mlp.w2.weight,transformer.h.4.mlp.w2.weight,"[1024, 384]",outside_cross,0.010723242536187172,0.5516216890823978,,,0.7387385368347168,0.7031890153884888,0.939242959022522,0.7652684450149536,0.6644110083580017,0.9297956228256226,0.7625318169593811,0.6891639828681946,0.7872372269630432,0.6523323059082031,1.0000017881393433,0.026529908180236816,0.03877800703048706,0.10154543214608372,0.055145922620909386,0.02470541000366211,0.036831676959991455
0,128,transformer.h.4.mlp.w2.weight,transformer.h.4.mlp.w2.weight,"[1024, 384]",local_cross,0.008211106993258,0.42239319809955356,,,0.7387385368347168,0.7031890153884888,0.939242959022522,0.7716727256774902,0.655534029006958,0.9304057359695435,0.7625318169593811,0.6891639828681946,0.7894873023033142,0.6488752961158752,1.000000238418579,0.03293418884277344,0.04765498638153076,0.12605834953139686,0.06776981058955102,0.026955485343933105,0.040288686752319336
0,128,transformer.h.4.mlp.w2.weight,transformer.h.4.mlp.w2.weight,"[1024, 384]",medium_cross,0.00753998477011919,0.38786953857592993,,,0.7387385368347168,0.7031890153884888,0.939242959022522,0.7447420954704285,0.6945731043815613,0.9372707009315491,0.7625318169593811,0.6891639828681946,0.7678503394126892,0.681404173374176,1.0000005960464478,0.00600355863571167,0.00861591100692749,0.022979120467964336,0.012252624569465841,0.0053185224533081055,0.007759809494018555
0,128,transformer.h.4.mlp.w2.weight,transformer.h.4.mlp.w2.weight,"[1024, 384]",distant_cross,0.001975427381694317,0.10161931759656857,,,0.7387385368347168,0.7031890153884888,0.939242959022522,0.7387455105781555,0.7031754851341248,0.9392288327217102,0.7625318169593811,0.6891639828681946,0.7625346183776855,0.6891613006591797,1.0000003576278687,6.973743438720703e-06,1.3530254364013672e-05,2.6692583568319327e-05,1.924127662395103e-05,2.8014183044433594e-06,2.682209014892578e-06
0,128,transformer.h.4.mlp.c_proj.weight,transformer.h.4.mlp.c_proj.weight,"[384, 1024]",danger_diagonal,0.001789142726920545,0.02243364713249981,,,0.7455620169639587,0.7015199661254883,0.9646142721176147,0.7494470477104187,0.6959077715873718,0.9638074636459351,0.7561159729957581,0.6984114050865173,0.7591720819473267,0.6940197348594666,1.0000001192092896,0.003885030746459961,0.005612194538116455,0.01526906753505291,0.00800004961956071,0.0030561089515686035,0.004391670227050781
0,128,transformer.h.4.mlp.c_proj.weight,transformer.h.4.mlp.c_proj.weight,"[384, 1024]",danger_cross,0.03319928050041199,0.41627810492292805,,,0.7455620169639587,0.7015199661254883,0.9646142721176147,0.7669652700424194,0.6696339845657349,0.9583765268325806,0.7561159729957581,0.6984114050865173,0.7753880620002747,0.6702491044998169,0.9999991059303284,0.021403253078460693,0.03188598155975342,0.08411972466952354,0.045452707120882764,0.0192720890045166,0.02816230058670044
0,128,transformer.h.4.mlp.c_proj.weight,transformer.h.4.mlp.c_proj.weight,"[384, 1024]",danger_full,0.0332474522292614,0.4168821190971522,,,0.7455620169639587,0.7015199661254883,0.9646142721176147,0.7705132961273193,0.6641198992729187,0.9568957686424255,0.7561159729957581,0.6984114050865173,0.7784729599952698,0.6656301617622375,0.9999995827674866,0.024951279163360596,0.03740006685256958,0.09806428610081473,0.05331290434844079,0.02235698699951172,0.032781243324279785
0,128,transformer.h.4.mlp.c_proj.weight,transformer.h.4.mlp.c_proj.weight,"[384, 1024]",internal_cross,0.007318322546780109,0.09176275494737168,,,0.7455620169639587,0.7015199661254883,0.9646142721176147,0.7476590871810913,0.6986196041107178,0.964577853679657,0.7561159729957581,0.6984114050865173,0.7576035857200623,0.6962759494781494,1.000000238418579,0.0020970702171325684,0.002900362014770508,0.008241969976768435,0.004134396959204564,0.0014876127243041992,0.00213545560836792
0,128,transformer.h.4.mlp.c_proj.weight,transformer.h.4.mlp.c_proj.weight,"[384, 1024]",outside_cross,0.032382626086473465,0.4060382639779698,,,0.7455620169639587,0.7015199661254883,0.9646142721176147,0.7632794380187988,0.6750900149345398,0.9590669274330139,0.7561159729957581,0.6984114050865173,0.7727290987968445,0.6742057204246521,0.9999982714653015,0.017717421054840088,0.026429951190948486,0.0696335540921593,0.037675265804509805,0.016613125801086426,0.024205684661865234
0,128,transformer.h.4.mlp.c_proj.weight,transformer.h.4.mlp.c_proj.weight,"[384, 1024]",local_cross,0.023810893297195435,0.2985592876976826,,,0.7455620169639587,0.7015199661254883,0.9646142721176147,0.7617946267127991,0.6775374412536621,0.9602436423301697,0.7561159729957581,0.6984114050865173,0.7706258893013,0.6773152351379395,1.000000238418579,0.016232609748840332,0.023982524871826172,0.06379790295123104,0.03418651788955094,0.014509916305541992,0.02109616994857788
0,128,transformer.h.4.mlp.c_proj.weight,transformer.h.4.mlp.c_proj.weight,"[384, 1024]",medium_cross,0.022350914776325226,0.280252954465898,,,0.7455620169639587,0.7015199661254883,0.9646142721176147,0.749561607837677,0.6954926252365112,0.9629775285720825,0.7561159729957581,0.6984114050865173,0.7595673203468323,0.6934517025947571,0.999998927116394,0.003999590873718262,0.006027340888977051,0.015719315276727836,0.008591830853035018,0.0034513473510742188,0.004959702491760254
0,128,transformer.h.4.mlp.c_proj.weight,transformer.h.4.mlp.c_proj.weight,"[384, 1024]",distant_cross,0.005972480401396751,0.07488755134774429,,,0.7455620169639587,0.7015199661254883,0.9646142721176147,0.7455530762672424,0.7015308737754822,0.9646164774894714,0.7561159729957581,0.6984114050865173,0.7561096549034119,0.6984199285507202,0.9999985694885254,-8.940696716308594e-06,-1.0907649993896484e-05,-3.513900169159154e-05,-1.5548595222655883e-05,-6.318092346191406e-06,-8.52346420288086e-06
0,128,transformer.h.5.attn.c_attn.weight,transformer.h.5.attn.c_attn.weight,"[1152, 384]",danger_diagonal,0.0013957138871774077,0.03490228749526993,,,0.4633314907550812,1.1027864217758179,1.1196945905685425,0.4670141637325287,1.0993553400039673,1.1202235221862793,0.43245255947113037,1.0654102563858032,0.4352760314941406,1.0627574920654297,1.0000004768371582,0.0036826729774475098,0.003431081771850586,0.0068621000002943204,0.0031112840202779358,0.002823472023010254,0.002652764320373535
0,128,transformer.h.5.attn.c_attn.weight,transformer.h.5.attn.c_attn.weight,"[1152, 384]",danger_cross,0.03481182083487511,0.8705309807225553,,,0.4633314907550812,1.1027864217758179,1.1196945905685425,0.707366406917572,0.8496726155281067,1.1788618564605713,0.43245255947113037,1.0654102563858032,0.6410577893257141,0.8472826480865479,1.0000005960464478,0.24403491616249084,0.2531138062477112,0.4547218850344746,0.2295220554494331,0.20860522985458374,0.21812760829925537
0,128,transformer.h.5.attn.c_attn.weight,transformer.h.5.attn.c_attn.weight,"[1152, 384]",danger_full,0.03483978658914566,0.8712303137338122,,,0.4633314907550812,1.1027864217758179,1.1196945905685425,0.7119813561439514,0.8432133793830872,1.1788032054901123,0.43245255947113037,1.0654102563858032,0.6456859707832336,0.841802716255188,1.0000003576278687,0.24864986538887024,0.2595730423927307,0.4633211397827596,0.23537925138281993,0.21323341131210327,0.22360754013061523
0,128,transformer.h.5.attn.c_attn.weight,transformer.h.5.attn.c_attn.weight,"[1152, 384]",internal_cross,0.0204275194555521,0.5108261538435741,,,0.4633314907550812,1.1027864217758179,1.1196945905685425,0.5589327216148376,1.01746666431427,1.1485450267791748,0.43245255947113037,1.0654102563858032,0.5008146166801453,0.999186098575592,1.0000008344650269,0.09560123085975647,0.08531975746154785,0.17813832787443662,0.0773674355947885,0.06836205720901489,0.06622415781021118
0,128,transformer.h.5.attn.c_attn.weight,transformer.h.5.attn.c_attn.weight,"[1152, 384]",outside_cross,0.028188299387693405,0.704898144433926,,,0.4633314907550812,1.1027864217758179,1.1196945905685425,0.4917958378791809,1.0933606624603271,1.153082251548767,0.43245255947113037,1.0654102563858032,0.4680594801902771,1.031448483467102,1.0000004768371582,0.02846434712409973,0.009425759315490723,0.05303897402914224,0.008547221047854775,0.03560692071914673,0.03396177291870117
0,128,transformer.h.5.attn.c_attn.weight,transformer.h.5.attn.c_attn.weight,"[1152, 384]",local_cross,0.02187979407608509,0.5471428422376644,,,0.4633314907550812,1.1027864217758179,1.1196945905685425,0.5177391171455383,1.0672966241836548,1.1558421850204468,0.43245255947113037,1.0654102563858032,0.4787805676460266,1.0210003852844238,1.0000004768371582,0.05440762639045715,0.035489797592163086,0.10138032221605014,0.032181931960146765,0.04632800817489624,0.044409871101379395
0,128,transformer.h.5.attn.c_attn.weight,transformer.h.5.attn.c_attn.weight,"[1152, 384]",medium_cross,0.025588667020201683,0.6398897518788461,,,0.4633314907550812,1.1027864217758179,1.1196945905685425,0.4921652674674988,1.0900245904922485,1.1481982469558716,0.43245255947113037,1.0654102563858032,0.46262019872665405,1.0367083549499512,0.9999998807907104,0.028833776712417603,0.012761831283569336,0.053727349780567736,0.011572350757655276,0.03016763925552368,0.02870190143585205
0,128,transformer.h.5.attn.c_attn.weight,transformer.h.5.attn.c_attn.weight,"[1152, 384]",distant_cross,0.008852044120430946,0.22136097637955476,,,0.4633314907550812,1.1027864217758179,1.1196945905685425,0.46364885568618774,1.1024974584579468,1.1197519302368164,0.43245255947113037,1.0654102563858032,0.43252506852149963,1.0653419494628906,1.000000238418579,0.0003173649311065674,0.00028896331787109375,0.0005913611952992977,0.0002620301738987463,7.25090503692627e-05,6.830692291259766e-05
0,128,transformer.h.5.attn.c_proj.weight,transformer.h.5.attn.c_proj.weight,"[384, 384]",danger_diagonal,0.0049264924600720406,0.03092996683796068,,,0.4410986006259918,1.1408506631851196,1.14544677734375,0.4439057409763336,1.1379958391189575,1.1453936100006104,0.38394561409950256,1.1100044250488281,0.3867236077785492,1.1074990034103394,1.0,0.002807140350341797,0.0028548240661621094,0.005022603903811845,0.002502364383250459,0.002777993679046631,0.0025054216384887695
0,128,transformer.h.5.attn.c_proj.weight,transformer.h.5.attn.c_proj.weight,"[384, 384]",danger_cross,0.1326472908258438,0.8327986573897405,,,0.4410986006259918,1.1408506631851196,1.14544677734375,0.8196091651916504,0.6767160296440125,1.1797529458999634,0.38394561409950256,1.1100044250488281,0.7132672667503357,0.7572759985923767,1.0,0.37851056456565857,0.4641346335411072,0.6772403235876766,0.40683206708693875,0.32932165265083313,0.3527284264564514
0,128,transformer.h.5.attn.c_proj.weight,transformer.h.5.attn.c_proj.weight,"[384, 384]",danger_full,0.13273873925209045,0.8333727974729978,,,0.4410986006259918,1.1408506631851196,1.14544677734375,0.8236532211303711,0.6683626174926758,1.1773651838302612,0.38394561409950256,1.1100044250488281,0.7132675051689148,0.7572759389877319,0.9999998807907104,0.3825546205043793,0.47248804569244385,0.6844760469965824,0.41415415789242155,0.32932189106941223,0.3527284860610962
0,128,transformer.h.5.attn.c_proj.weight,transformer.h.5.attn.c_proj.weight,"[384, 384]",internal_cross,0.07183811068534851,0.451020761567772,,,0.4410986006259918,1.1408506631851196,1.14544677734375,0.5497492551803589,1.0296788215637207,1.1517974138259888,0.38394561409950256,1.1100044250488281,0.4603877067565918,1.0388582944869995,0.9999995231628418,0.10865065455436707,0.11117184162139893,0.19440039813115537,0.09744644519118772,0.07644209265708923,0.07114613056182861
0,128,transformer.h.5.attn.c_proj.weight,transformer.h.5.attn.c_proj.weight,"[384, 384]",outside_cross,0.11151061952114105,0.7000964259709652,,,0.4410986006259918,1.1408506631851196,1.14544677734375,0.5013669729232788,1.085235834121704,1.1564289331436157,0.38394561409950256,1.1100044250488281,0.43932098150253296,1.058942198753357,0.9999998211860657,0.06026837229728699,0.05561482906341553,0.10783364000303088,0.048748561804001174,0.055375367403030396,0.05106222629547119
0,128,transformer.h.5.attn.c_proj.weight,transformer.h.5.attn.c_proj.weight,"[384, 384]",local_cross,0.07689160853624344,0.48274810555757686,,,0.4410986006259918,1.1408506631851196,1.14544677734375,0.5167213678359985,1.062915325164795,1.146634578704834,0.38394561409950256,1.1100044250488281,0.44124504923820496,1.0571246147155762,0.9999995827674866,0.07562276721000671,0.07793533802032471,0.1353060974524437,0.06831335645871345,0.05729943513870239,0.05287981033325195
0,128,transformer.h.5.attn.c_proj.weight,transformer.h.5.attn.c_proj.weight,"[384, 384]",medium_cross,0.0976855456829071,0.613298551252878,,,0.4410986006259918,1.1408506631851196,1.14544677734375,0.4913043677806854,1.093481183052063,1.152424693107605,0.38394561409950256,1.1100044250488281,0.4291139245033264,1.068537950515747,1.0000001192092896,0.050205767154693604,0.04736948013305664,0.08982938173160071,0.041521192616750274,0.04516831040382385,0.041466474533081055
0,128,transformer.h.5.attn.c_proj.weight,transformer.h.5.attn.c_proj.weight,"[384, 384]",distant_cross,0.046265922486782074,0.2904710521414059,,,0.4410986006259918,1.1408506631851196,1.14544677734375,0.4474327862262726,1.135783076286316,1.1475741863250732,0.38394561409950256,1.1100044250488281,0.38864627480506897,1.1057617664337158,1.000000238418579,0.006334185600280762,0.005067586898803711,0.011333279192672092,0.004441937110906006,0.004700660705566406,0.004242658615112305
0,128,transformer.h.5.mlp.w1.weight,transformer.h.5.mlp.w1.weight,"[1024, 384]",danger_diagonal,0.0005845407140441239,0.02932412692570371,,,0.7002149820327759,0.7494102120399475,0.9280459880828857,0.705156147480011,0.7428476810455322,0.9266526103019714,0.732984721660614,0.7307822704315186,0.7370031476020813,0.7252623438835144,0.9999992251396179,0.004941165447235107,0.006562530994415283,0.01648236286369498,0.008756927633200528,0.004018425941467285,0.00551992654800415
0,128,transformer.h.5.mlp.w1.weight,transformer.h.5.mlp.w1.weight,"[1024, 384]",danger_cross,0.013556892983615398,0.68009642616564,,,0.7002149820327759,0.7494102120399475,0.9280459880828857,0.7595399022102356,0.6687421202659607,0.9148085713386536,0.732984721660614,0.7307822704315186,0.7817171216011047,0.6607391834259033,1.000000238418579,0.05932492017745972,0.08066809177398682,0.19789154434644157,0.10764210372100826,0.04873239994049072,0.07004308700561523
0,128,transformer.h.5.mlp.w1.weight,transformer.h.5.mlp.w1.weight,"[1024, 384]",danger_full,0.013569488190114498,0.6807282785330822,,,0.7002149820327759,0.7494102120399475,0.9280459880828857,0.7638128995895386,0.662203848361969,0.9118436574935913,0.732984721660614,0.7307822704315186,0.7854795455932617,0.6550203561782837,0.9999995827674866,0.0635979175567627,0.08720636367797852,0.21214508312658886,0.1163666604443468,0.052494823932647705,0.07576191425323486
0,128,transformer.h.5.mlp.w1.weight,transformer.h.5.mlp.w1.weight,"[1024, 384]",internal_cross,0.005314696580171585,0.2666175911175125,,,0.7002149820327759,0.7494102120399475,0.9280459880828857,0.7185790538787842,0.7265453338623047,0.9288535714149475,0.732984721660614,0.7307822704315186,0.7453441023826599,0.713668704032898,0.9999998807907104,0.0183640718460083,0.022864878177642822,0.06125747033834782,0.030510497202063752,0.012359380722045898,0.017113566398620605
0,128,transformer.h.5.mlp.w1.weight,transformer.h.5.mlp.w1.weight,"[1024, 384]",outside_cross,0.01247169729322195,0.6256563924780602,,,0.7002149820327759,0.7494102120399475,0.9280459880828857,0.7319259643554688,0.7059502601623535,0.9165129661560059,0.732984721660614,0.7307822704315186,0.7632491588592529,0.6881223320960999,1.0000004768371582,0.03171098232269287,0.043459951877593994,0.10577907641188351,0.05799220664379918,0.030264437198638916,0.0426599383354187
0,128,transformer.h.5.mlp.w1.weight,transformer.h.5.mlp.w1.weight,"[1024, 384]",local_cross,0.010090278461575508,0.5061899012574161,,,0.7002149820327759,0.7494102120399475,0.9280459880828857,0.7481969594955444,0.6850199699401855,0.9186140298843384,0.732984721660614,0.7307822704315186,0.7719109654426575,0.6754167079925537,1.0000005960464478,0.047981977462768555,0.06439024209976196,0.16005462110189406,0.08592122320362726,0.03892624378204346,0.055365562438964844
0,128,transformer.h.5.mlp.w1.weight,transformer.h.5.mlp.w1.weight,"[1024, 384]",medium_cross,0.008693143725395203,0.4361011027328222,,,0.7002149820327759,0.7494102120399475,0.9280459880828857,0.7080140113830566,0.7388293147087097,0.9251438975334167,0.732984721660614,0.7307822704315186,0.7398607730865479,0.7213104367256165,1.0,0.007799029350280762,0.010580897331237793,0.02601540731809833,0.014118966036552723,0.006876051425933838,0.0094718337059021
0,128,transformer.h.5.mlp.w1.weight,transformer.h.5.mlp.w1.weight,"[1024, 384]",distant_cross,0.0025307682808488607,0.12695877037156228,,,0.7002149820327759,0.7494102120399475,0.9280459880828857,0.7002139091491699,0.7494052052497864,0.9280279874801636,0.732984721660614,0.7307822704315186,0.7329778075218201,0.7307904958724976,1.0000007152557373,-1.0728836059570312e-06,5.0067901611328125e-06,-3.5788433098892586e-06,6.68097402556602e-06,-6.9141387939453125e-06,-8.225440979003906e-06
0,128,transformer.h.5.mlp.w2.weight,transformer.h.5.mlp.w2.weight,"[1024, 384]",danger_diagonal,0.000442188058514148,0.02304350575088081,,,0.7033007144927979,0.7453075647354126,0.9271479249000549,0.7057209014892578,0.7420856356620789,0.9264593720436096,0.7349204421043396,0.7281258702278137,0.7368773221969604,0.7254322171211243,0.9999997019767761,0.002420186996459961,0.0032219290733337402,0.008157036820370816,0.004322952329723822,0.0019568800926208496,0.002693653106689453
0,128,transformer.h.5.mlp.w2.weight,transformer.h.5.mlp.w2.weight,"[1024, 384]",danger_cross,0.012756617739796638,0.6647786809000559,,,0.7033007144927979,0.7453075647354126,0.9271479249000549,0.7600302696228027,0.6680206656455994,0.9145958423614502,0.7349204421043396,0.7281258702278137,0.781516432762146,0.661040723323822,0.9999993443489075,0.05672955513000488,0.07728689908981323,0.1912021966383462,0.1036979936158979,0.046595990657806396,0.0670851469039917
0,128,transformer.h.5.mlp.w2.weight,transformer.h.5.mlp.w2.weight,"[1024, 384]",danger_full,0.012764279730618,0.6651779660597422,,,0.7033007144927979,0.7453075647354126,0.9271479249000549,0.7622241377830505,0.6646820306777954,0.9131596684455872,0.7349204421043396,0.7281258702278137,0.7833701968193054,0.6582294702529907,1.000000238418579,0.058923423290252686,0.08062553405761719,0.19859644484658648,0.10817753350757899,0.04844975471496582,0.069896399974823
0,128,transformer.h.5.mlp.w2.weight,transformer.h.5.mlp.w2.weight,"[1024, 384]",internal_cross,0.004785893950611353,0.24940468800672014,,,0.7033007144927979,0.7453075647354126,0.9271479249000549,0.720109224319458,0.7240507006645203,0.9269894361495972,0.7349204421043396,0.7281258702278137,0.7461525797843933,0.712533175945282,0.9999988079071045,0.016808509826660156,0.021256864070892334,0.0566516693760361,0.028520928911326175,0.011232137680053711,0.015592694282531738
0,128,transformer.h.5.mlp.w2.weight,transformer.h.5.mlp.w2.weight,"[1024, 384]",outside_cross,0.011824827641248703,0.6162208103717268,,,0.7033007144927979,0.7453075647354126,0.9271479249000549,0.734911322593689,0.7021884918212891,0.9169930815696716,0.7349204421043396,0.7281258702278137,0.7647963166236877,0.6858670711517334,1.000000238418579,0.03161060810089111,0.043119072914123535,0.10654089728208593,0.0578540658304347,0.029875874519348145,0.04225879907608032
0,128,transformer.h.5.mlp.w2.weight,transformer.h.5.mlp.w2.weight,"[1024, 384]",local_cross,0.009318361058831215,0.4856026808356033,,,0.7033007144927979,0.7453075647354126,0.9271479249000549,0.7485306262969971,0.6842877864837646,0.9174679517745972,0.7349204421043396,0.7281258702278137,0.771504819393158,0.6760159134864807,0.9999995827674866,0.04522991180419922,0.06101977825164795,0.15244361551757526,0.08187194272382065,0.03658437728881836,0.05210995674133301
0,128,transformer.h.5.mlp.w2.weight,transformer.h.5.mlp.w2.weight,"[1024, 384]",medium_cross,0.008407284505665302,0.43812424402996614,,,0.7033007144927979,0.7453075647354126,0.9271479249000549,0.7112115621566772,0.7348693013191223,0.9253328442573547,0.7349204421043396,0.7281258702278137,0.7419294714927673,0.7184348702430725,0.9999990463256836,0.007910847663879395,0.010438263416290283,0.026662847031653416,0.01400530990182008,0.007009029388427734,0.009690999984741211
0,128,transformer.h.5.mlp.w2.weight,transformer.h.5.mlp.w2.weight,"[1024, 384]",distant_cross,0.002284100977703929,0.11903011174063384,,,0.7033007144927979,0.7453075647354126,0.9271479249000549,0.7032889127731323,0.7453180551528931,0.927132248878479,0.7349204421043396,0.7281258702278137,0.7349093556404114,0.7281396985054016,0.9999993443489075,-1.1801719665527344e-05,-1.049041748046875e-05,-3.97767040299828e-05,-1.4075286468067573e-05,-1.1086463928222656e-05,-1.3828277587890625e-05
0,128,transformer.h.5.mlp.c_proj.weight,transformer.h.5.mlp.c_proj.weight,"[384, 1024]",danger_diagonal,0.0019921534694731236,0.024802081555454963,,,0.7151305675506592,0.7389942407608032,0.9549534916877747,0.7201792597770691,0.7321736812591553,0.9541217684745789,0.7309324145317078,0.7335835099220276,0.7351661920547485,0.7277907133102417,0.9999985694885254,0.005048692226409912,0.006820559501647949,0.017722828957114366,0.009229516450122944,0.0042337775230407715,0.005792796611785889
0,128,transformer.h.5.mlp.c_proj.weight,transformer.h.5.mlp.c_proj.weight,"[384, 1024]",danger_cross,0.04195357859134674,0.5223172279196783,,,0.7151305675506592,0.7389942407608032,0.9549534916877747,0.7491714954376221,0.6909819841384888,0.9459096789360046,0.7309324145317078,0.7335835099220276,0.7625576257705688,0.689125657081604,1.0,0.03404092788696289,0.04801225662231445,0.11949659742105356,0.06496973044456378,0.031625211238861084,0.044457852840423584
0,128,transformer.h.5.mlp.c_proj.weight,transformer.h.5.mlp.c_proj.weight,"[384, 1024]",danger_full,0.042000848799943924,0.5229057365796465,,,0.7151305675506592,0.7389942407608032,0.9549534916877747,0.7536311149597168,0.684408962726593,0.9443244338035583,0.7309324145317078,0.7335835099220276,0.7667067050933838,0.6830785870552063,0.9999992251396179,0.03850054740905762,0.054585278034210205,0.13515155725212563,0.07386428069860737,0.035774290561676025,0.05050492286682129
0,128,transformer.h.5.mlp.c_proj.weight,transformer.h.5.mlp.c_proj.weight,"[384, 1024]",internal_cross,0.012135966680943966,0.1510913892867214,,,0.7151305675506592,0.7389942407608032,0.9549534916877747,0.7199252247810364,0.7325534224510193,0.954269528388977,0.7309324145317078,0.7335835099220276,0.7345668077468872,0.7286115288734436,0.9999998211860657,0.004794657230377197,0.0064408183097839355,0.016831069550538195,0.00871565426971804,0.0036343932151794434,0.004971981048583984
0,128,transformer.h.5.mlp.c_proj.weight,transformer.h.5.mlp.c_proj.weight,"[384, 1024]",outside_cross,0.040159936994314194,0.49998659634307424,,,0.7151305675506592,0.7389942407608032,0.9549534916877747,0.7403478026390076,0.7038331031799316,0.9488786458969116,0.7309324145317078,0.7335835099220276,0.7553833723068237,0.6994597315788269,0.9999995827674866,0.02521723508834839,0.03516113758087158,0.08852208140244336,0.04757971800250132,0.024450957775115967,0.034123778343200684
0,128,transformer.h.5.mlp.c_proj.weight,transformer.h.5.mlp.c_proj.weight,"[384, 1024]",local_cross,0.03101043589413166,0.38607636003057333,,,0.7151305675506592,0.7389942407608032,0.9549534916877747,0.741165816783905,0.7025772333145142,0.9483723640441895,0.7309324145317078,0.7335835099220276,0.7552325129508972,0.6996746063232422,0.9999995827674866,0.02603524923324585,0.03641700744628906,0.09139362201620482,0.04927914919715386,0.024300098419189453,0.0339089035987854
0,128,transformer.h.5.mlp.c_proj.weight,transformer.h.5.mlp.c_proj.weight,"[384, 1024]",medium_cross,0.02727700211107731,0.33959553885483607,,,0.7151305675506592,0.7389942407608032,0.9549534916877747,0.7209117412567139,0.7308119535446167,0.9528371691703796,0.7309324145317078,0.7335835099220276,0.7358468770980835,0.7268540859222412,0.9999992251396179,0.0057811737060546875,0.008182287216186523,0.020294117400900046,0.01107219348254022,0.004914462566375732,0.006729423999786377
0,128,transformer.h.5.mlp.c_proj.weight,transformer.h.5.mlp.c_proj.weight,"[384, 1024]",distant_cross,0.007376950699836016,0.09184218770870746,,,0.7151305675506592,0.7389942407608032,0.9549534916877747,0.715127170085907,0.7389997243881226,0.9549560546875,0.7309324145317078,0.7335835099220276,0.7309277057647705,0.7335889339447021,0.9999998211860657,-3.3974647521972656e-06,-5.4836273193359375e-06,-1.1926392814369252e-05,-7.420392496821733e-06,-4.708766937255859e-06,-5.424022674560547e-06
0,512,transformer.h.0.attn.c_attn.weight,transformer.h.0.attn.c_attn.weight,"[1152, 384]",danger_diagonal,0.0015362311387434602,0.028556543584715096,,,0.5891297459602356,0.91032475233078,1.0083682537078857,0.5905153155326843,0.9087750911712646,1.0083401203155518,0.6178607940673828,0.8742320537567139,0.6193204522132874,0.8725611567497253,1.0000001192092896,0.0013855695724487305,0.0015496611595153809,0.003372280078261966,0.0017023168441236546,0.001459658145904541,0.0016708970069885254
0,512,transformer.h.0.attn.c_attn.weight,transformer.h.0.attn.c_attn.weight,"[1152, 384]",danger_cross,0.04217132180929184,0.7839101544687495,,,0.5891297459602356,0.91032475233078,1.0083682537078857,0.7327150106430054,0.7485606074333191,1.044499397277832,0.6178607940673828,0.8742320537567139,0.7453600764274597,0.7136406302452087,0.9999997019767761,0.14358526468276978,0.16176414489746094,0.3494661958878957,0.17769938088938345,0.1274992823600769,0.16059142351150513
0,512,transformer.h.0.attn.c_attn.weight,transformer.h.0.attn.c_attn.weight,"[1152, 384]",danger_full,0.04219929501414299,0.7844301400512507,,,0.5891297459602356,0.91032475233078,1.0083682537078857,0.7358302474021912,0.7446148991584778,1.0454952716827393,0.6178607940673828,0.8742320537567139,0.7481452822685242,0.70972740650177,1.0000001192092896,0.14670050144195557,0.16570985317230225,0.35704824089737525,0.18203377722952338,0.13028448820114136,0.16450464725494385
0,512,transformer.h.0.attn.c_attn.weight,transformer.h.0.attn.c_attn.weight,"[1152, 384]",internal_cross,0.019986608996987343,0.371525128308468,,,0.5891297459602356,0.91032475233078,1.0083682537078857,0.6296820044517517,0.8745450973510742,1.0313338041305542,0.6178607940673828,0.8742320537567139,0.651747465133667,0.8345707654953003,0.9999997019767761,0.04055225849151611,0.03577965497970581,0.09869845308293218,0.039304275631411964,0.03388667106628418,0.039661288261413574
0,512,transformer.h.0.attn.c_attn.weight,transformer.h.0.attn.c_attn.weight,"[1152, 384]",outside_cross,0.0371343232691288,0.6902788871934593,,,0.5891297459602356,0.91032475233078,1.0083682537078857,0.6400810480117798,0.8514828085899353,1.0071303844451904,0.6178607940673828,0.8742320537567139,0.67066490650177,0.8115867972373962,1.000000238418579,0.05095130205154419,0.05884194374084473,0.1240082521199334,0.06463840908443587,0.05280411243438721,0.06264525651931763
0,512,transformer.h.0.attn.c_attn.weight,transformer.h.0.attn.c_attn.weight,"[1152, 384]",local_cross,0.025983786210417747,0.4830048712725797,,,0.5891297459602356,0.91032475233078,1.0083682537078857,0.6639275550842285,0.8345884084701538,1.0345126390457153,0.6178607940673828,0.8742320537567139,0.6794724464416504,0.8006608486175537,0.9999998807907104,0.07479780912399292,0.07573634386062622,0.18204727256004744,0.08319706090240013,0.06161165237426758,0.07357120513916016
0,512,transformer.h.0.attn.c_attn.weight,transformer.h.0.attn.c_attn.weight,"[1152, 384]",medium_cross,0.0310063473880291,0.5763677667107432,,,0.5891297459602356,0.91032475233078,1.0083682537078857,0.6129165887832642,0.8840177059173584,1.009336233139038,0.6178607940673828,0.8742320537567139,0.6460018754005432,0.8414275646209717,0.9999998211860657,0.023786842823028564,0.02630704641342163,0.057893806108257354,0.028898529174413323,0.0281410813331604,0.03280448913574219
0,512,transformer.h.0.attn.c_attn.weight,transformer.h.0.attn.c_attn.weight,"[1152, 384]",distant_cross,0.011911068111658096,0.22141130139393392,,,0.5891297459602356,0.91032475233078,1.0083682537078857,0.589271605014801,0.9101555347442627,1.0083428621292114,0.6178607940673828,0.8742320537567139,0.6180285811424255,0.8740400075912476,1.000000238418579,0.0001418590545654297,0.00016921758651733398,0.00034526484497390857,0.0001858870541354304,0.0001677870750427246,0.0001920461654663086
0,512,transformer.h.0.attn.c_proj.weight,transformer.h.0.attn.c_proj.weight,"[384, 384]",danger_diagonal,0.0065598092041909695,0.03499513563773317,,,0.5591509342193604,0.9624216556549072,1.047928810119629,0.5598229169845581,0.9617007970809937,1.0479507446289062,0.533310055732727,0.9661168456077576,0.5328778624534607,0.9665646553039551,0.9999993443489075,0.0006719827651977539,0.0007208585739135742,0.0015242921384166508,0.0007490049394441831,-0.0004321932792663574,-0.00044780969619750977
0,512,transformer.h.0.attn.c_proj.weight,transformer.h.0.attn.c_proj.weight,"[384, 384]",danger_cross,0.14692458510398865,0.7838102640160369,,,0.5591509342193604,0.9624216556549072,1.047928810119629,0.8962533473968506,0.4716562330722809,1.0566574335098267,0.533310055732727,0.9661168456077576,0.851693332195282,0.544624388217926,1.0000003576278687,0.33710241317749023,0.49076542258262634,0.7646662754758512,0.5099276597726503,0.31838327646255493,0.42149245738983154
0,512,transformer.h.0.attn.c_proj.weight,transformer.h.0.attn.c_proj.weight,"[384, 384]",danger_full,0.14707094430923462,0.7845910581031791,,,0.5591509342193604,0.9624216556549072,1.047928810119629,0.902413010597229,0.4565035402774811,1.0532186031341553,0.533310055732727,0.9661168456077576,0.8621105551719666,0.5251495838165283,0.9999997019767761,0.34326207637786865,0.5059181153774261,0.7786385477987404,0.5256719987593793,0.3288004994392395,0.44096726179122925
0,512,transformer.h.0.attn.c_proj.weight,transformer.h.0.attn.c_proj.weight,"[384, 384]",internal_cross,0.07162153720855713,0.3820851081453867,,,0.5591509342193604,0.9624216556549072,1.047928810119629,0.6466608047485352,0.8623991012573242,1.0490318536758423,0.533310055732727,0.9661168456077576,0.6018412709236145,0.8923669457435608,1.0000003576278687,0.0875098705291748,0.10002255439758301,0.19850301910976148,0.10392799643470181,0.06853121519088745,0.07374989986419678
0,512,transformer.h.0.attn.c_proj.weight,transformer.h.0.attn.c_proj.weight,"[384, 384]",outside_cross,0.12828563153743744,0.6843755567092844,,,0.5591509342193604,0.9624216556549072,1.047928810119629,0.6345815658569336,0.8737544417381287,1.0421829223632812,0.533310055732727,0.9661168456077576,0.6041457056999207,0.8897812366485596,0.9999998807907104,0.07543063163757324,0.08866721391677856,0.1711030769771586,0.09212927971414196,0.0708356499671936,0.076335608959198
0,512,transformer.h.0.attn.c_proj.weight,transformer.h.0.attn.c_proj.weight,"[384, 384]",local_cross,0.08198119699954987,0.4373516087800303,,,0.5591509342193604,0.9624216556549072,1.047928810119629,0.6499238014221191,0.8602257966995239,1.0529000759124756,0.533310055732727,0.9661168456077576,0.6042565703392029,0.8896568417549133,0.9999998807907104,0.09077286720275879,0.1021958589553833,0.20590463777443072,0.10618615900308397,0.07094651460647583,0.07646000385284424
0,512,transformer.h.0.attn.c_proj.weight,transformer.h.0.attn.c_proj.weight,"[384, 384]",medium_cross,0.11061462759971619,0.5901046472352123,,,0.5591509342193604,0.9624216556549072,1.047928810119629,0.6128374934196472,0.9023522138595581,1.0485066175460815,0.533310055732727,0.9661168456077576,0.5861327648162842,0.9098008275032043,0.9999995827674866,0.053686559200286865,0.06006944179534912,0.12177990919686002,0.062414890024968486,0.05282270908355713,0.05631601810455322
0,512,transformer.h.0.attn.c_proj.weight,transformer.h.0.attn.c_proj.weight,"[384, 384]",distant_cross,0.051286958158016205,0.27360461277438586,,,0.5591509342193604,0.9624216556549072,1.047928810119629,0.5609194040298462,0.9604900479316711,1.0479198694229126,0.533310055732727,0.9661168456077576,0.5334299802780151,0.9659929275512695,0.9999995231628418,0.0017684698104858398,0.001931607723236084,0.004011508581410504,0.002007028532542388,0.00011992454528808594,0.0001239180564880371
0,512,transformer.h.0.mlp.w1.weight,transformer.h.0.mlp.w1.weight,"[1024, 384]",danger_diagonal,0.0,0.0,,,0.9231142401695251,0.39399397373199463,1.008905291557312,0.9231142401695251,0.39399397373199463,1.008905291557312,0.9211593270301819,0.39710718393325806,0.9211593270301819,0.39710718393325806,1.000000238418579,0.0,0.0,0.0,0.0,0.0,0.0
0,512,transformer.h.0.mlp.w1.weight,transformer.h.0.mlp.w1.weight,"[1024, 384]",danger_cross,0.0,0.0,,,0.9231142401695251,0.39399397373199463,1.008905291557312,0.9231142401695251,0.39399397373199463,1.008905291557312,0.9211593270301819,0.39710718393325806,0.9211593270301819,0.39710718393325806,1.000000238418579,0.0,0.0,0.0,0.0,0.0,0.0
0,512,transformer.h.0.mlp.w1.weight,transformer.h.0.mlp.w1.weight,"[1024, 384]",danger_full,0.0,0.0,,,0.9231142401695251,0.39399397373199463,1.008905291557312,0.9231142401695251,0.39399397373199463,1.008905291557312,0.9211593270301819,0.39710718393325806,0.9211593270301819,0.39710718393325806,1.000000238418579,0.0,0.0,0.0,0.0,0.0,0.0
0,512,transformer.h.0.mlp.w1.weight,transformer.h.0.mlp.w1.weight,"[1024, 384]",internal_cross,0.0,0.0,,,0.9231142401695251,0.39399397373199463,1.008905291557312,0.9231142401695251,0.39399397373199463,1.008905291557312,0.9211593270301819,0.39710718393325806,0.9211593270301819,0.39710718393325806,1.000000238418579,0.0,0.0,0.0,0.0,0.0,0.0
0,512,transformer.h.0.mlp.w1.weight,transformer.h.0.mlp.w1.weight,"[1024, 384]",outside_cross,0.0,0.0,,,0.9231142401695251,0.39399397373199463,1.008905291557312,0.9231142401695251,0.39399397373199463,1.008905291557312,0.9211593270301819,0.39710718393325806,0.9211593270301819,0.39710718393325806,1.000000238418579,0.0,0.0,0.0,0.0,0.0,0.0
0,512,transformer.h.0.mlp.w1.weight,transformer.h.0.mlp.w1.weight,"[1024, 384]",local_cross,0.0,0.0,,,0.9231142401695251,0.39399397373199463,1.008905291557312,0.9231142401695251,0.39399397373199463,1.008905291557312,0.9211593270301819,0.39710718393325806,0.9211593270301819,0.39710718393325806,1.000000238418579,0.0,0.0,0.0,0.0,0.0,0.0
0,512,transformer.h.0.mlp.w1.weight,transformer.h.0.mlp.w1.weight,"[1024, 384]",medium_cross,0.0,0.0,,,0.9231142401695251,0.39399397373199463,1.008905291557312,0.9231142401695251,0.39399397373199463,1.008905291557312,0.9211593270301819,0.39710718393325806,0.9211593270301819,0.39710718393325806,1.000000238418579,0.0,0.0,0.0,0.0,0.0,0.0
0,512,transformer.h.0.mlp.w1.weight,transformer.h.0.mlp.w1.weight,"[1024, 384]",distant_cross,0.0,0.0,,,0.9231142401695251,0.39399397373199463,1.008905291557312,0.9231142401695251,0.39399397373199463,1.008905291557312,0.9211593270301819,0.39710718393325806,0.9211593270301819,0.39710718393325806,1.000000238418579,0.0,0.0,0.0,0.0,0.0,0.0
0,512,transformer.h.0.mlp.w2.weight,transformer.h.0.mlp.w2.weight,"[1024, 384]",danger_diagonal,0.0,0.0,,,0.9225332736968994,0.3954657018184662,1.0088448524475098,0.9225332736968994,0.3954657018184662,1.0088448524475098,0.9206463694572449,0.39839428663253784,0.9206463694572449,0.39839428663253784,0.9999998807907104,0.0,0.0,0.0,0.0,0.0,0.0
0,512,transformer.h.0.mlp.w2.weight,transformer.h.0.mlp.w2.weight,"[1024, 384]",danger_cross,0.0,0.0,,,0.9225332736968994,0.3954657018184662,1.0088448524475098,0.9225332736968994,0.3954657018184662,1.0088448524475098,0.9206463694572449,0.39839428663253784,0.9206463694572449,0.39839428663253784,0.9999998807907104,0.0,0.0,0.0,0.0,0.0,0.0
0,512,transformer.h.0.mlp.w2.weight,transformer.h.0.mlp.w2.weight,"[1024, 384]",danger_full,0.0,0.0,,,0.9225332736968994,0.3954657018184662,1.0088448524475098,0.9225332736968994,0.3954657018184662,1.0088448524475098,0.9206463694572449,0.39839428663253784,0.9206463694572449,0.39839428663253784,0.9999998807907104,0.0,0.0,0.0,0.0,0.0,0.0
0,512,transformer.h.0.mlp.w2.weight,transformer.h.0.mlp.w2.weight,"[1024, 384]",internal_cross,0.0,0.0,,,0.9225332736968994,0.3954657018184662,1.0088448524475098,0.9225332736968994,0.3954657018184662,1.0088448524475098,0.9206463694572449,0.39839428663253784,0.9206463694572449,0.39839428663253784,0.9999998807907104,0.0,0.0,0.0,0.0,0.0,0.0
0,512,transformer.h.0.mlp.w2.weight,transformer.h.0.mlp.w2.weight,"[1024, 384]",outside_cross,0.0,0.0,,,0.9225332736968994,0.3954657018184662,1.0088448524475098,0.9225332736968994,0.3954657018184662,1.0088448524475098,0.9206463694572449,0.39839428663253784,0.9206463694572449,0.39839428663253784,0.9999998807907104,0.0,0.0,0.0,0.0,0.0,0.0
0,512,transformer.h.0.mlp.w2.weight,transformer.h.0.mlp.w2.weight,"[1024, 384]",local_cross,0.0,0.0,,,0.9225332736968994,0.3954657018184662,1.0088448524475098,0.9225332736968994,0.3954657018184662,1.0088448524475098,0.9206463694572449,0.39839428663253784,0.9206463694572449,0.39839428663253784,0.9999998807907104,0.0,0.0,0.0,0.0,0.0,0.0
0,512,transformer.h.0.mlp.w2.weight,transformer.h.0.mlp.w2.weight,"[1024, 384]",medium_cross,0.0,0.0,,,0.9225332736968994,0.3954657018184662,1.0088448524475098,0.9225332736968994,0.3954657018184662,1.0088448524475098,0.9206463694572449,0.39839428663253784,0.9206463694572449,0.39839428663253784,0.9999998807907104,0.0,0.0,0.0,0.0,0.0,0.0
0,512,transformer.h.0.mlp.w2.weight,transformer.h.0.mlp.w2.weight,"[1024, 384]",distant_cross,0.0,0.0,,,0.9225332736968994,0.3954657018184662,1.0088448524475098,0.9225332736968994,0.3954657018184662,1.0088448524475098,0.9206463694572449,0.39839428663253784,0.9206463694572449,0.39839428663253784,0.9999998807907104,0.0,0.0,0.0,0.0,0.0,0.0
0,512,transformer.h.0.mlp.c_proj.weight,transformer.h.0.mlp.c_proj.weight,"[384, 1024]",danger_diagonal,0.0,0.0,,,0.8858215808868408,0.4812588095664978,1.0134016275405884,0.8858215808868408,0.4812588095664978,1.0134016275405884,0.8793800473213196,0.49117422103881836,0.8793800473213196,0.49117422103881836,1.000001311302185,0.0,0.0,0.0,0.0,0.0,0.0
0,512,transformer.h.0.mlp.c_proj.weight,transformer.h.0.mlp.c_proj.weight,"[384, 1024]",danger_cross,0.0,0.0,,,0.8858215808868408,0.4812588095664978,1.0134016275405884,0.8858215808868408,0.4812588095664978,1.0134016275405884,0.8793800473213196,0.49117422103881836,0.8793800473213196,0.49117422103881836,1.000001311302185,0.0,0.0,0.0,0.0,0.0,0.0
0,512,transformer.h.0.mlp.c_proj.weight,transformer.h.0.mlp.c_proj.weight,"[384, 1024]",danger_full,0.0,0.0,,,0.8858215808868408,0.4812588095664978,1.0134016275405884,0.8858215808868408,0.4812588095664978,1.0134016275405884,0.8793800473213196,0.49117422103881836,0.8793800473213196,0.49117422103881836,1.000001311302185,0.0,0.0,0.0,0.0,0.0,0.0
0,512,transformer.h.0.mlp.c_proj.weight,transformer.h.0.mlp.c_proj.weight,"[384, 1024]",internal_cross,0.0,0.0,,,0.8858215808868408,0.4812588095664978,1.0134016275405884,0.8858215808868408,0.4812588095664978,1.0134016275405884,0.8793800473213196,0.49117422103881836,0.8793800473213196,0.49117422103881836,1.000001311302185,0.0,0.0,0.0,0.0,0.0,0.0
0,512,transformer.h.0.mlp.c_proj.weight,transformer.h.0.mlp.c_proj.weight,"[384, 1024]",outside_cross,0.0,0.0,,,0.8858215808868408,0.4812588095664978,1.0134016275405884,0.8858215808868408,0.4812588095664978,1.0134016275405884,0.8793800473213196,0.49117422103881836,0.8793800473213196,0.49117422103881836,1.000001311302185,0.0,0.0,0.0,0.0,0.0,0.0
0,512,transformer.h.0.mlp.c_proj.weight,transformer.h.0.mlp.c_proj.weight,"[384, 1024]",local_cross,0.0,0.0,,,0.8858215808868408,0.4812588095664978,1.0134016275405884,0.8858215808868408,0.4812588095664978,1.0134016275405884,0.8793800473213196,0.49117422103881836,0.8793800473213196,0.49117422103881836,1.000001311302185,0.0,0.0,0.0,0.0,0.0,0.0
0,512,transformer.h.0.mlp.c_proj.weight,transformer.h.0.mlp.c_proj.weight,"[384, 1024]",medium_cross,0.0,0.0,,,0.8858215808868408,0.4812588095664978,1.0134016275405884,0.8858215808868408,0.4812588095664978,1.0134016275405884,0.8793800473213196,0.49117422103881836,0.8793800473213196,0.49117422103881836,1.000001311302185,0.0,0.0,0.0,0.0,0.0,0.0
0,512,transformer.h.0.mlp.c_proj.weight,transformer.h.0.mlp.c_proj.weight,"[384, 1024]",distant_cross,0.0,0.0,,,0.8858215808868408,0.4812588095664978,1.0134016275405884,0.8858215808868408,0.4812588095664978,1.0134016275405884,0.8793800473213196,0.49117422103881836,0.8793800473213196,0.49117422103881836,1.000001311302185,0.0,0.0,0.0,0.0,0.0,0.0
0,512,transformer.h.1.attn.c_attn.weight,transformer.h.1.attn.c_attn.weight,"[1152, 384]",danger_diagonal,0.0012898766435682774,0.029830146685644314,,,0.5711125731468201,0.9342045783996582,1.0170999765396118,0.5731485486030579,0.9321428537368774,1.0174318552017212,0.5895244479179382,0.9060671329498291,0.5919405221939087,0.9033957123756409,1.0000017881393433,0.002035975456237793,0.0020617246627807617,0.004747109215059279,0.002206930591490576,0.002416074275970459,0.0026714205741882324
0,512,transformer.h.1.attn.c_attn.weight,transformer.h.1.attn.c_attn.weight,"[1152, 384]",danger_cross,0.03569679707288742,0.8255368435435546,,,0.5711125731468201,0.9342045783996582,1.0170999765396118,0.7222179174423218,0.7677940726280212,1.055537462234497,0.5895244479179382,0.9060671329498291,0.7248820662498474,0.7417827248573303,1.000000238418579,0.1511053442955017,0.16641050577163696,0.35231936129297925,0.17813068959339393,0.13535761833190918,0.16428440809249878
0,512,transformer.h.1.attn.c_attn.weight,transformer.h.1.attn.c_attn.weight,"[1152, 384]",danger_full,0.035720095038414,0.8260756405925596,,,0.5711125731468201,0.9342045783996582,1.0170999765396118,0.7257459163665771,0.7632454633712769,1.0562708377838135,0.5895244479179382,0.9060671329498291,0.7287807464599609,0.7365075945854187,1.0000008344650269,0.15463334321975708,0.17095911502838135,0.3605452935618287,0.18299965444532862,0.1392562985420227,0.1695595383644104
0,512,transformer.h.1.attn.c_attn.weight,transformer.h.1.attn.c_attn.weight,"[1152, 384]",internal_cross,0.018659772351384163,0.43153254161009685,,,0.5711125731468201,0.9342045783996582,1.0170999765396118,0.6263662576675415,0.8852121829986572,1.0458073616027832,0.5895244479179382,0.9060671329498291,0.6354303359985352,0.8539003133773804,1.0000001192092896,0.055253684520721436,0.04899239540100098,0.1288302735431699,0.052442897983788025,0.045905888080596924,0.05216681957244873
0,512,transformer.h.1.attn.c_attn.weight,transformer.h.1.attn.c_attn.weight,"[1152, 384]",outside_cross,0.03043147549033165,0.7037691412303888,,,0.5711125731468201,0.9342045783996582,1.0170999765396118,0.6134507656097412,0.8865674138069153,1.016340732574463,0.5895244479179382,0.9060671329498291,0.6351867914199829,0.854184627532959,1.0000016689300537,0.04233819246292114,0.04763716459274292,0.09871632930245512,0.050992219150058006,0.04566234350204468,0.05188250541687012
0,512,transformer.h.1.attn.c_attn.weight,transformer.h.1.attn.c_attn.weight,"[1152, 384]",local_cross,0.02200210466980934,0.508828509273314,,,0.5711125731468201,0.9342045783996582,1.0170999765396118,0.6440954208374023,0.8634188771247864,1.0445287227630615,0.5895244479179382,0.9060671329498291,0.6507176160812378,0.8358047008514404,1.0000011920928955,0.07298284769058228,0.07078570127487183,0.1701678415384425,0.07577109223349288,0.06119316816329956,0.07026243209838867
0,512,transformer.h.1.attn.c_attn.weight,transformer.h.1.attn.c_attn.weight,"[1152, 384]",medium_cross,0.02572331391274929,0.5948865196407204,,,0.5711125731468201,0.9342045783996582,1.0170999765396118,0.5930246710777283,0.9113033413887024,1.0198116302490234,0.5895244479179382,0.9060671329498291,0.6162140965461731,0.876115083694458,1.000001311302185,0.021912097930908203,0.02290123701095581,0.05109055793890018,0.024514156257066134,0.026689648628234863,0.029952049255371094
0,512,transformer.h.1.attn.c_attn.weight,transformer.h.1.attn.c_attn.weight,"[1152, 384]",distant_cross,0.011334922164678574,0.2621354472373039,,,0.5711125731468201,0.9342045783996582,1.0170999765396118,0.5713549852371216,0.9339542388916016,1.017128348350525,0.5895244479179382,0.9060671329498291,0.589777946472168,0.9057880640029907,1.0000008344650269,0.00024241209030151367,0.0002503395080566406,0.0005652114637170235,0.0002679707569893154,0.00025349855422973633,0.0002790689468383789
0,512,transformer.h.1.attn.c_proj.weight,transformer.h.1.attn.c_proj.weight,"[384, 384]",danger_diagonal,0.004633838776499033,0.03254966173004137,,,0.5512788891792297,0.9827387928962708,1.0705903768539429,0.5508130788803101,0.9831945300102234,1.0704907178878784,0.5139474868774414,0.9853127002716064,0.5129117965698242,0.9870041608810425,0.9999995827674866,-0.00046581029891967773,-0.0004557371139526367,-0.0010380842079563608,-0.00046374185820986547,-0.0010356903076171875,-0.0016914606094360352
0,512,transformer.h.1.attn.c_proj.weight,transformer.h.1.attn.c_proj.weight,"[384, 384]",danger_cross,0.11503297090530396,0.8080307648506976,,,0.5512788891792297,0.9827387928962708,1.0705903768539429,0.8923000693321228,0.4898460805416107,1.082422137260437,0.5139474868774414,0.9853127002716064,0.8244192004203796,0.5925910472869873,0.999998927116394,0.34102118015289307,0.49289271235466003,0.7599847030355229,0.5015500720206997,0.31047171354293823,0.39272165298461914
0,512,transformer.h.1.attn.c_proj.weight,transformer.h.1.attn.c_proj.weight,"[384, 384]",danger_full,0.11512625962495804,0.8086860565892382,,,0.5512788891792297,0.9827387928962708,1.0705903768539429,0.8970264792442322,0.47860777378082275,1.0806527137756348,0.5139474868774414,0.9853127002716064,0.8400435447692871,0.5656099319458008,0.9999998211860657,0.34574759006500244,0.504131019115448,0.7705177708991323,0.5129857727806819,0.3260960578918457,0.41970276832580566
0,512,transformer.h.1.attn.c_proj.weight,transformer.h.1.attn.c_proj.weight,"[384, 384]",internal_cross,0.05843045562505722,0.41043542019058465,,,0.5512788891792297,0.9827387928962708,1.0705903768539429,0.6587554216384888,0.8593319654464722,1.073976755142212,0.5139474868774414,0.9853127002716064,0.595346212387085,0.8996156454086304,1.0,0.10747653245925903,0.12340682744979858,0.23951744160792934,0.12557439305525037,0.08139872550964355,0.08569705486297607
0,512,transformer.h.1.attn.c_proj.weight,transformer.h.1.attn.c_proj.weight,"[384, 384]",outside_cross,0.09908822923898697,0.6960294690258076,,,0.5512788891792297,0.9827387928962708,1.0705903768539429,0.619685709476471,0.9011352062225342,1.062463402748108,0.5139474868774414,0.9853127002716064,0.5811625719070435,0.9152458310127258,0.9999997019767761,0.06840682029724121,0.08160358667373657,0.1524484109341682,0.08303690386866608,0.06721508502960205,0.07006686925888062
0,512,transformer.h.1.attn.c_proj.weight,transformer.h.1.attn.c_proj.weight,"[384, 384]",local_cross,0.06466050446033478,0.4541974050007536,,,0.5512788891792297,0.9827387928962708,1.0705903768539429,0.6391896605491638,0.8818089365959167,1.070639729499817,0.5139474868774414,0.9853127002716064,0.5827256441116333,0.9135361313819885,1.0,0.08791077136993408,0.100929856300354,0.19591405273786575,0.10270262762590188,0.0687781572341919,0.07177656888961792
0,512,transformer.h.1.attn.c_proj.weight,transformer.h.1.attn.c_proj.weight,"[384, 384]",medium_cross,0.08598299324512482,0.6039738281053743,,,0.5512788891792297,0.9827387928962708,1.0705903768539429,0.6067007780075073,0.9213454723358154,1.072490930557251,0.5139474868774414,0.9853127002716064,0.5664716958999634,0.9311589598655701,1.0000001192092896,0.05542188882827759,0.06139332056045532,0.12351076758324034,0.062471656766006446,0.05252420902252197,0.05415374040603638
0,512,transformer.h.1.attn.c_proj.weight,transformer.h.1.attn.c_proj.weight,"[384, 384]",distant_cross,0.04072525352239609,0.28606805069417696,,,0.5512788891792297,0.9827387928962708,1.0705903768539429,0.5547114610671997,0.9786080718040466,1.0698590278625488,0.5139474868774414,0.9853127002716064,0.5166171789169312,0.9832422137260437,1.0,0.0034325718879699707,0.004130721092224121,0.007649677728982581,0.004203274687112228,0.002669692039489746,0.002070486545562744
0,512,transformer.h.1.mlp.w1.weight,transformer.h.1.mlp.w1.weight,"[1024, 384]",danger_diagonal,0.0,0.0,,,0.9116840362548828,0.42246970534324646,1.0098516941070557,0.9116840362548828,0.42246970534324646,1.0098516941070557,0.9062257409095764,0.4330795705318451,0.9062257409095764,0.4330795705318451,1.0000008344650269,0.0,0.0,0.0,0.0,0.0,0.0
0,512,transformer.h.1.mlp.w1.weight,transformer.h.1.mlp.w1.weight,"[1024, 384]",danger_cross,0.0,0.0,,,0.9116840362548828,0.42246970534324646,1.0098516941070557,0.9116840362548828,0.42246970534324646,1.0098516941070557,0.9062257409095764,0.4330795705318451,0.9062257409095764,0.4330795705318451,1.0000008344650269,0.0,0.0,0.0,0.0,0.0,0.0
0,512,transformer.h.1.mlp.w1.weight,transformer.h.1.mlp.w1.weight,"[1024, 384]",danger_full,0.0,0.0,,,0.9116840362548828,0.42246970534324646,1.0098516941070557,0.9116840362548828,0.42246970534324646,1.0098516941070557,0.9062257409095764,0.4330795705318451,0.9062257409095764,0.4330795705318451,1.0000008344650269,0.0,0.0,0.0,0.0,0.0,0.0
0,512,transformer.h.1.mlp.w1.weight,transformer.h.1.mlp.w1.weight,"[1024, 384]",internal_cross,0.0,0.0,,,0.9116840362548828,0.42246970534324646,1.0098516941070557,0.9116840362548828,0.42246970534324646,1.0098516941070557,0.9062257409095764,0.4330795705318451,0.9062257409095764,0.4330795705318451,1.0000008344650269,0.0,0.0,0.0,0.0,0.0,0.0
0,512,transformer.h.1.mlp.w1.weight,transformer.h.1.mlp.w1.weight,"[1024, 384]",outside_cross,0.0,0.0,,,0.9116840362548828,0.42246970534324646,1.0098516941070557,0.9116840362548828,0.42246970534324646,1.0098516941070557,0.9062257409095764,0.4330795705318451,0.9062257409095764,0.4330795705318451,1.0000008344650269,0.0,0.0,0.0,0.0,0.0,0.0
0,512,transformer.h.1.mlp.w1.weight,transformer.h.1.mlp.w1.weight,"[1024, 384]",local_cross,0.0,0.0,,,0.9116840362548828,0.42246970534324646,1.0098516941070557,0.9116840362548828,0.42246970534324646,1.0098516941070557,0.9062257409095764,0.4330795705318451,0.9062257409095764,0.4330795705318451,1.0000008344650269,0.0,0.0,0.0,0.0,0.0,0.0
0,512,transformer.h.1.mlp.w1.weight,transformer.h.1.mlp.w1.weight,"[1024, 384]",medium_cross,0.0,0.0,,,0.9116840362548828,0.42246970534324646,1.0098516941070557,0.9116840362548828,0.42246970534324646,1.0098516941070557,0.9062257409095764,0.4330795705318451,0.9062257409095764,0.4330795705318451,1.0000008344650269,0.0,0.0,0.0,0.0,0.0,0.0
0,512,transformer.h.1.mlp.w1.weight,transformer.h.1.mlp.w1.weight,"[1024, 384]",distant_cross,0.0,0.0,,,0.9116840362548828,0.42246970534324646,1.0098516941070557,0.9116840362548828,0.42246970534324646,1.0098516941070557,0.9062257409095764,0.4330795705318451,0.9062257409095764,0.4330795705318451,1.0000008344650269,0.0,0.0,0.0,0.0,0.0,0.0
0,512,transformer.h.1.mlp.w2.weight,transformer.h.1.mlp.w2.weight,"[1024, 384]",danger_diagonal,0.0,0.0,,,0.9086790084838867,0.4294179081916809,1.009095311164856,0.9086790084838867,0.4294179081916809,1.009095311164856,0.9026917219161987,0.44116806983947754,0.9026917219161987,0.44116806983947754,1.0000003576278687,0.0,0.0,0.0,0.0,0.0,0.0
0,512,transformer.h.1.mlp.w2.weight,transformer.h.1.mlp.w2.weight,"[1024, 384]",danger_cross,0.0,0.0,,,0.9086790084838867,0.4294179081916809,1.009095311164856,0.9086790084838867,0.4294179081916809,1.009095311164856,0.9026917219161987,0.44116806983947754,0.9026917219161987,0.44116806983947754,1.0000003576278687,0.0,0.0,0.0,0.0,0.0,0.0
0,512,transformer.h.1.mlp.w2.weight,transformer.h.1.mlp.w2.weight,"[1024, 384]",danger_full,0.0,0.0,,,0.9086790084838867,0.4294179081916809,1.009095311164856,0.9086790084838867,0.4294179081916809,1.009095311164856,0.9026917219161987,0.44116806983947754,0.9026917219161987,0.44116806983947754,1.0000003576278687,0.0,0.0,0.0,0.0,0.0,0.0
0,512,transformer.h.1.mlp.w2.weight,transformer.h.1.mlp.w2.weight,"[1024, 384]",internal_cross,0.0,0.0,,,0.9086790084838867,0.4294179081916809,1.009095311164856,0.9086790084838867,0.4294179081916809,1.009095311164856,0.9026917219161987,0.44116806983947754,0.9026917219161987,0.44116806983947754,1.0000003576278687,0.0,0.0,0.0,0.0,0.0,0.0
0,512,transformer.h.1.mlp.w2.weight,transformer.h.1.mlp.w2.weight,"[1024, 384]",outside_cross,0.0,0.0,,,0.9086790084838867,0.4294179081916809,1.009095311164856,0.9086790084838867,0.4294179081916809,1.009095311164856,0.9026917219161987,0.44116806983947754,0.9026917219161987,0.44116806983947754,1.0000003576278687,0.0,0.0,0.0,0.0,0.0,0.0
0,512,transformer.h.1.mlp.w2.weight,transformer.h.1.mlp.w2.weight,"[1024, 384]",local_cross,0.0,0.0,,,0.9086790084838867,0.4294179081916809,1.009095311164856,0.9086790084838867,0.4294179081916809,1.009095311164856,0.9026917219161987,0.44116806983947754,0.9026917219161987,0.44116806983947754,1.0000003576278687,0.0,0.0,0.0,0.0,0.0,0.0
0,512,transformer.h.1.mlp.w2.weight,transformer.h.1.mlp.w2.weight,"[1024, 384]",medium_cross,0.0,0.0,,,0.9086790084838867,0.4294179081916809,1.009095311164856,0.9086790084838867,0.4294179081916809,1.009095311164856,0.9026917219161987,0.44116806983947754,0.9026917219161987,0.44116806983947754,1.0000003576278687,0.0,0.0,0.0,0.0,0.0,0.0
0,512,transformer.h.1.mlp.w2.weight,transformer.h.1.mlp.w2.weight,"[1024, 384]",distant_cross,0.0,0.0,,,0.9086790084838867,0.4294179081916809,1.009095311164856,0.9086790084838867,0.4294179081916809,1.009095311164856,0.9026917219161987,0.44116806983947754,0.9026917219161987,0.44116806983947754,1.0000003576278687,0.0,0.0,0.0,0.0,0.0,0.0
0,512,transformer.h.1.mlp.c_proj.weight,transformer.h.1.mlp.c_proj.weight,"[384, 1024]",danger_diagonal,0.0,0.0,,,0.8773707151412964,0.4987705647945404,1.0135337114334106,0.8773707151412964,0.4987705647945404,1.0135337114334106,0.8704509139060974,0.5090274810791016,0.8704509139060974,0.5090274810791016,0.9999994039535522,0.0,0.0,0.0,0.0,0.0,0.0
0,512,transformer.h.1.mlp.c_proj.weight,transformer.h.1.mlp.c_proj.weight,"[384, 1024]",danger_cross,0.0,0.0,,,0.8773707151412964,0.4987705647945404,1.0135337114334106,0.8773707151412964,0.4987705647945404,1.0135337114334106,0.8704509139060974,0.5090274810791016,0.8704509139060974,0.5090274810791016,0.9999994039535522,0.0,0.0,0.0,0.0,0.0,0.0
0,512,transformer.h.1.mlp.c_proj.weight,transformer.h.1.mlp.c_proj.weight,"[384, 1024]",danger_full,0.0,0.0,,,0.8773707151412964,0.4987705647945404,1.0135337114334106,0.8773707151412964,0.4987705647945404,1.0135337114334106,0.8704509139060974,0.5090274810791016,0.8704509139060974,0.5090274810791016,0.9999994039535522,0.0,0.0,0.0,0.0,0.0,0.0
0,512,transformer.h.1.mlp.c_proj.weight,transformer.h.1.mlp.c_proj.weight,"[384, 1024]",internal_cross,0.0,0.0,,,0.8773707151412964,0.4987705647945404,1.0135337114334106,0.8773707151412964,0.4987705647945404,1.0135337114334106,0.8704509139060974,0.5090274810791016,0.8704509139060974,0.5090274810791016,0.9999994039535522,0.0,0.0,0.0,0.0,0.0,0.0
0,512,transformer.h.1.mlp.c_proj.weight,transformer.h.1.mlp.c_proj.weight,"[384, 1024]",outside_cross,0.0,0.0,,,0.8773707151412964,0.4987705647945404,1.0135337114334106,0.8773707151412964,0.4987705647945404,1.0135337114334106,0.8704509139060974,0.5090274810791016,0.8704509139060974,0.5090274810791016,0.9999994039535522,0.0,0.0,0.0,0.0,0.0,0.0
0,512,transformer.h.1.mlp.c_proj.weight,transformer.h.1.mlp.c_proj.weight,"[384, 1024]",local_cross,0.0,0.0,,,0.8773707151412964,0.4987705647945404,1.0135337114334106,0.8773707151412964,0.4987705647945404,1.0135337114334106,0.8704509139060974,0.5090274810791016,0.8704509139060974,0.5090274810791016,0.9999994039535522,0.0,0.0,0.0,0.0,0.0,0.0
0,512,transformer.h.1.mlp.c_proj.weight,transformer.h.1.mlp.c_proj.weight,"[384, 1024]",medium_cross,0.0,0.0,,,0.8773707151412964,0.4987705647945404,1.0135337114334106,0.8773707151412964,0.4987705647945404,1.0135337114334106,0.8704509139060974,0.5090274810791016,0.8704509139060974,0.5090274810791016,0.9999994039535522,0.0,0.0,0.0,0.0,0.0,0.0
0,512,transformer.h.1.mlp.c_proj.weight,transformer.h.1.mlp.c_proj.weight,"[384, 1024]",distant_cross,0.0,0.0,,,0.8773707151412964,0.4987705647945404,1.0135337114334106,0.8773707151412964,0.4987705647945404,1.0135337114334106,0.8704509139060974,0.5090274810791016,0.8704509139060974,0.5090274810791016,0.9999994039535522,0.0,0.0,0.0,0.0,0.0,0.0
0,512,transformer.h.2.attn.c_attn.weight,transformer.h.2.attn.c_attn.weight,"[1152, 384]",danger_diagonal,0.0012168042594566941,0.03220475140592984,,,0.5304060578346252,0.9936093091964722,1.048661470413208,0.5344171524047852,0.989437460899353,1.048795461654663,0.5390487313270569,0.9601594805717468,0.5435196161270142,0.9554920196533203,0.9999998807907104,0.004011094570159912,0.004171848297119141,0.00854162332602524,0.004198680767688154,0.004470884799957275,0.004667460918426514
0,512,transformer.h.2.attn.c_attn.weight,transformer.h.2.attn.c_attn.weight,"[1152, 384]",danger_cross,0.0328105166554451,0.8683849716802673,,,0.5304060578346252,0.9936093091964722,1.048661470413208,0.6864286065101624,0.8289881944656372,1.0844273567199707,0.5390487313270569,0.9601594805717468,0.6806116700172424,0.7992372512817383,1.0000004768371582,0.1560225486755371,0.16462111473083496,0.3322499177823537,0.1656799238968115,0.14156293869018555,0.16092222929000854
0,512,transformer.h.2.attn.c_attn.weight,transformer.h.2.attn.c_attn.weight,"[1152, 384]",danger_full,0.032833073288202286,0.868981970535962,,,0.5304060578346252,0.9936093091964722,1.048661470413208,0.6921886801719666,0.821357786655426,1.0843019485473633,0.5390487313270569,0.9601594805717468,0.6871877908706665,0.7909660339355469,1.0000003576278687,0.1617826223373413,0.17225152254104614,0.344515990967292,0.1733594089213448,0.14813905954360962,0.16919344663619995
0,512,transformer.h.2.attn.c_attn.weight,transformer.h.2.attn.c_attn.weight,"[1152, 384]",internal_cross,0.01903427578508854,0.5037738116764892,,,0.5304060578346252,0.9936093091964722,1.048661470413208,0.6029654145240784,0.9290952682495117,1.0791828632354736,0.5390487313270569,0.9601594805717468,0.5998443365097046,0.8946031332015991,1.000000238418579,0.07255935668945312,0.06451404094696045,0.15451510374020164,0.06492898199507882,0.060795605182647705,0.0655563473701477
0,512,transformer.h.2.attn.c_attn.weight,transformer.h.2.attn.c_attn.weight,"[1152, 384]",outside_cross,0.026725007221102715,0.7073218286247493,,,0.5304060578346252,0.9936093091964722,1.048661470413208,0.5667891502380371,0.9529449939727783,1.0456953048706055,0.5390487313270569,0.9601594805717468,0.579058051109314,0.9175441861152649,1.000000238418579,0.036383092403411865,0.04066431522369385,0.0774777720420401,0.040925859739155336,0.04000931978225708,0.042615294456481934
0,512,transformer.h.2.attn.c_attn.weight,transformer.h.2.attn.c_attn.weight,"[1152, 384]",local_cross,0.02015582285821438,0.5334574229881336,,,0.5304060578346252,0.9936093091964722,1.048661470413208,0.5945779085159302,0.9343008995056152,1.0704323053359985,0.5390487313270569,0.9601594805717468,0.5958436131477356,0.8990642428398132,1.0000005960464478,0.06417185068130493,0.059308409690856934,0.13665391505136967,0.05968986918894651,0.05679488182067871,0.061095237731933594
0,512,transformer.h.2.attn.c_attn.weight,transformer.h.2.attn.c_attn.weight,"[1152, 384]",medium_cross,0.023545363917946815,0.6231672726706249,,,0.5304060578346252,0.9936093091964722,1.048661470413208,0.5547662973403931,0.968698263168335,1.0508912801742554,0.5390487313270569,0.9601594805717468,0.5682041049003601,0.929298460483551,1.0000005960464478,0.024360239505767822,0.024911046028137207,0.05187511447323779,0.02507126875480129,0.029155373573303223,0.0308610200881958
0,512,transformer.h.2.attn.c_attn.weight,transformer.h.2.attn.c_attn.weight,"[1152, 384]",distant_cross,0.010765154846012592,0.28491775317829177,,,0.5304060578346252,0.9936093091964722,1.048661470413208,0.5308883786201477,0.9931637048721313,1.0487836599349976,0.5390487313270569,0.9601594805717468,0.5394682288169861,0.9597229361534119,0.9999995827674866,0.00048232078552246094,0.0004456043243408203,0.0010271018048026784,0.00044847035974449425,0.0004194974899291992,0.00043654441833496094
0,512,transformer.h.2.attn.c_proj.weight,transformer.h.2.attn.c_proj.weight,"[384, 384]",danger_diagonal,0.0038476292975246906,0.03145212565232914,,,0.5213283896446228,1.0201696157455444,1.0803685188293457,0.5224577784538269,1.0187941789627075,1.080043911933899,0.4807968735694885,1.0190234184265137,0.482568621635437,1.0172830820083618,1.000000238418579,0.0011293888092041016,0.001375436782836914,0.0023594230047727636,0.0013482432348582926,0.0017717480659484863,0.0017403364181518555
0,512,transformer.h.2.attn.c_proj.weight,transformer.h.2.attn.c_proj.weight,"[384, 384]",danger_cross,0.09911201894283295,0.8101829548526053,,,0.5213283896446228,1.0201696157455444,1.0803685188293457,0.8746765851974487,0.5351473093032837,1.101477861404419,0.4807968735694885,1.0190234184265137,0.808346688747406,0.6191197037696838,1.0000008344650269,0.3533481955528259,0.48502230644226074,0.7381849850892386,0.47543300541038397,0.3275498151779175,0.39990371465682983
0,512,transformer.h.2.attn.c_proj.weight,transformer.h.2.attn.c_proj.weight,"[384, 384]",danger_full,0.09918667376041412,0.8107932144492419,,,0.5213283896446228,1.0201696157455444,1.0803685188293457,0.8805676102638245,0.5217469930648804,1.0987764596939087,0.4807968735694885,1.0190234184265137,0.8187639713287354,0.6020594239234924,1.000000238418579,0.35923922061920166,0.49842262268066406,0.750492013412899,0.4885683860682467,0.3379670977592468,0.41696399450302124
0,512,transformer.h.2.attn.c_proj.weight,transformer.h.2.attn.c_proj.weight,"[384, 384]",internal_cross,0.05084238946437836,0.41560688367952675,,,0.5213283896446228,1.0201696157455444,1.0803685188293457,0.6305851936340332,0.8980497717857361,1.0823922157287598,0.4807968735694885,1.0190234184265137,0.5613387227058411,0.9366568326950073,1.0000001192092896,0.1092568039894104,0.12211984395980835,0.2282500186470126,0.11970543140570074,0.08054184913635254,0.08236658573150635
0,512,transformer.h.2.attn.c_proj.weight,transformer.h.2.attn.c_proj.weight,"[384, 384]",outside_cross,0.08507790416479111,0.6954622509370408,,,0.5213283896446228,1.0201696157455444,1.0803685188293457,0.5818941593170166,0.9558359980583191,1.0841103792190552,0.4807968735694885,1.0190234184265137,0.54282146692276,0.9562216401100159,1.0000004768371582,0.0605657696723938,0.06433361768722534,0.1265288526876042,0.06306168767848477,0.062024593353271484,0.0628017783164978
0,512,transformer.h.2.attn.c_proj.weight,transformer.h.2.attn.c_proj.weight,"[384, 384]",local_cross,0.05559611693024635,0.4544658334410322,,,0.5213283896446228,1.0201696157455444,1.0803685188293457,0.6043562293052673,0.9289087057113647,1.0819714069366455,0.4807968735694885,1.0190234184265137,0.5451485514640808,0.9531643986701965,0.9986977577209473,0.08302783966064453,0.09126091003417969,0.17345469809459285,0.08945660469164808,0.06435167789459229,0.06585901975631714
0,512,transformer.h.2.attn.c_proj.weight,transformer.h.2.attn.c_proj.weight,"[384, 384]",medium_cross,0.07397850602865219,0.6047311441051907,,,0.5213283896446228,1.0201696157455444,1.0803685188293457,0.5739490389823914,0.9647889137268066,1.0840798616409302,0.4807968735694885,1.0190234184265137,0.5302025079727173,0.9693281054496765,1.0000004768371582,0.052620649337768555,0.05538070201873779,0.10993058330470389,0.05428577872147793,0.04940563440322876,0.04969531297683716
0,512,transformer.h.2.attn.c_proj.weight,transformer.h.2.attn.c_proj.weight,"[384, 384]",distant_cross,0.03548874333500862,0.29009978048925766,,,0.5213283896446228,1.0201696157455444,1.0803685188293457,0.5259247422218323,1.0152493715286255,1.0802956819534302,0.4807968735694885,1.0190234184265137,0.4820574223995209,1.017784833908081,1.000000238418579,0.004596352577209473,0.004920244216918945,0.009602308718072983,0.00482296682922007,0.0012605488300323486,0.0012385845184326172
0,512,transformer.h.2.mlp.w1.weight,transformer.h.2.mlp.w1.weight,"[1024, 384]",danger_diagonal,0.0,0.0,,,0.900413453578949,0.44784075021743774,1.0066845417022705,0.900413453578949,0.44784075021743774,1.0066845417022705,0.893916666507721,0.4606284499168396,0.893916666507721,0.4606284499168396,1.000001311302185,0.0,0.0,0.0,0.0,0.0,0.0
0,512,transformer.h.2.mlp.w1.weight,transformer.h.2.mlp.w1.weight,"[1024, 384]",danger_cross,0.0,0.0,,,0.900413453578949,0.44784075021743774,1.0066845417022705,0.900413453578949,0.44784075021743774,1.0066845417022705,0.893916666507721,0.4606284499168396,0.893916666507721,0.4606284499168396,1.000001311302185,0.0,0.0,0.0,0.0,0.0,0.0
0,512,transformer.h.2.mlp.w1.weight,transformer.h.2.mlp.w1.weight,"[1024, 384]",danger_full,0.0,0.0,,,0.900413453578949,0.44784075021743774,1.0066845417022705,0.900413453578949,0.44784075021743774,1.0066845417022705,0.893916666507721,0.4606284499168396,0.893916666507721,0.4606284499168396,1.000001311302185,0.0,0.0,0.0,0.0,0.0,0.0
0,512,transformer.h.2.mlp.w1.weight,transformer.h.2.mlp.w1.weight,"[1024, 384]",internal_cross,0.0,0.0,,,0.900413453578949,0.44784075021743774,1.0066845417022705,0.900413453578949,0.44784075021743774,1.0066845417022705,0.893916666507721,0.4606284499168396,0.893916666507721,0.4606284499168396,1.000001311302185,0.0,0.0,0.0,0.0,0.0,0.0
0,512,transformer.h.2.mlp.w1.weight,transformer.h.2.mlp.w1.weight,"[1024, 384]",outside_cross,0.0,0.0,,,0.900413453578949,0.44784075021743774,1.0066845417022705,0.900413453578949,0.44784075021743774,1.0066845417022705,0.893916666507721,0.4606284499168396,0.893916666507721,0.4606284499168396,1.000001311302185,0.0,0.0,0.0,0.0,0.0,0.0
0,512,transformer.h.2.mlp.w1.weight,transformer.h.2.mlp.w1.weight,"[1024, 384]",local_cross,0.0,0.0,,,0.900413453578949,0.44784075021743774,1.0066845417022705,0.900413453578949,0.44784075021743774,1.0066845417022705,0.893916666507721,0.4606284499168396,0.893916666507721,0.4606284499168396,1.000001311302185,0.0,0.0,0.0,0.0,0.0,0.0
0,512,transformer.h.2.mlp.w1.weight,transformer.h.2.mlp.w1.weight,"[1024, 384]",medium_cross,0.0,0.0,,,0.900413453578949,0.44784075021743774,1.0066845417022705,0.900413453578949,0.44784075021743774,1.0066845417022705,0.893916666507721,0.4606284499168396,0.893916666507721,0.4606284499168396,1.000001311302185,0.0,0.0,0.0,0.0,0.0,0.0
0,512,transformer.h.2.mlp.w1.weight,transformer.h.2.mlp.w1.weight,"[1024, 384]",distant_cross,0.0,0.0,,,0.900413453578949,0.44784075021743774,1.0066845417022705,0.900413453578949,0.44784075021743774,1.0066845417022705,0.893916666507721,0.4606284499168396,0.893916666507721,0.4606284499168396,1.000001311302185,0.0,0.0,0.0,0.0,0.0,0.0
0,512,transformer.h.2.mlp.w2.weight,transformer.h.2.mlp.w2.weight,"[1024, 384]",danger_diagonal,0.0,0.0,,,0.8916370868682861,0.466228723526001,1.0028761625289917,0.8916370868682861,0.466228723526001,1.0028761625289917,0.8851340413093567,0.47931578755378723,0.8851340413093567,0.47931578755378723,1.000000238418579,0.0,0.0,0.0,0.0,0.0,0.0
0,512,transformer.h.2.mlp.w2.weight,transformer.h.2.mlp.w2.weight,"[1024, 384]",danger_cross,0.0,0.0,,,0.8916370868682861,0.466228723526001,1.0028761625289917,0.8916370868682861,0.466228723526001,1.0028761625289917,0.8851340413093567,0.47931578755378723,0.8851340413093567,0.47931578755378723,1.000000238418579,0.0,0.0,0.0,0.0,0.0,0.0
0,512,transformer.h.2.mlp.w2.weight,transformer.h.2.mlp.w2.weight,"[1024, 384]",danger_full,0.0,0.0,,,0.8916370868682861,0.466228723526001,1.0028761625289917,0.8916370868682861,0.466228723526001,1.0028761625289917,0.8851340413093567,0.47931578755378723,0.8851340413093567,0.47931578755378723,1.000000238418579,0.0,0.0,0.0,0.0,0.0,0.0
0,512,transformer.h.2.mlp.w2.weight,transformer.h.2.mlp.w2.weight,"[1024, 384]",internal_cross,0.0,0.0,,,0.8916370868682861,0.466228723526001,1.0028761625289917,0.8916370868682861,0.466228723526001,1.0028761625289917,0.8851340413093567,0.47931578755378723,0.8851340413093567,0.47931578755378723,1.000000238418579,0.0,0.0,0.0,0.0,0.0,0.0
0,512,transformer.h.2.mlp.w2.weight,transformer.h.2.mlp.w2.weight,"[1024, 384]",outside_cross,0.0,0.0,,,0.8916370868682861,0.466228723526001,1.0028761625289917,0.8916370868682861,0.466228723526001,1.0028761625289917,0.8851340413093567,0.47931578755378723,0.8851340413093567,0.47931578755378723,1.000000238418579,0.0,0.0,0.0,0.0,0.0,0.0
0,512,transformer.h.2.mlp.w2.weight,transformer.h.2.mlp.w2.weight,"[1024, 384]",local_cross,0.0,0.0,,,0.8916370868682861,0.466228723526001,1.0028761625289917,0.8916370868682861,0.466228723526001,1.0028761625289917,0.8851340413093567,0.47931578755378723,0.8851340413093567,0.47931578755378723,1.000000238418579,0.0,0.0,0.0,0.0,0.0,0.0
0,512,transformer.h.2.mlp.w2.weight,transformer.h.2.mlp.w2.weight,"[1024, 384]",medium_cross,0.0,0.0,,,0.8916370868682861,0.466228723526001,1.0028761625289917,0.8916370868682861,0.466228723526001,1.0028761625289917,0.8851340413093567,0.47931578755378723,0.8851340413093567,0.47931578755378723,1.000000238418579,0.0,0.0,0.0,0.0,0.0,0.0
0,512,transformer.h.2.mlp.w2.weight,transformer.h.2.mlp.w2.weight,"[1024, 384]",distant_cross,0.0,0.0,,,0.8916370868682861,0.466228723526001,1.0028761625289917,0.8916370868682861,0.466228723526001,1.0028761625289917,0.8851340413093567,0.47931578755378723,0.8851340413093567,0.47931578755378723,1.000000238418579,0.0,0.0,0.0,0.0,0.0,0.0
0,512,transformer.h.2.mlp.c_proj.weight,transformer.h.2.mlp.c_proj.weight,"[384, 1024]",danger_diagonal,0.0,0.0,,,0.8846020102500916,0.483810693025589,1.0133846998214722,0.8846020102500916,0.483810693025589,1.0133846998214722,0.8787381649017334,0.4924796521663666,0.8787381649017334,0.4924796521663666,0.9999988079071045,0.0,0.0,0.0,0.0,0.0,0.0
0,512,transformer.h.2.mlp.c_proj.weight,transformer.h.2.mlp.c_proj.weight,"[384, 1024]",danger_cross,0.0,0.0,,,0.8846020102500916,0.483810693025589,1.0133846998214722,0.8846020102500916,0.483810693025589,1.0133846998214722,0.8787381649017334,0.4924796521663666,0.8787381649017334,0.4924796521663666,0.9999988079071045,0.0,0.0,0.0,0.0,0.0,0.0
0,512,transformer.h.2.mlp.c_proj.weight,transformer.h.2.mlp.c_proj.weight,"[384, 1024]",danger_full,0.0,0.0,,,0.8846020102500916,0.483810693025589,1.0133846998214722,0.8846020102500916,0.483810693025589,1.0133846998214722,0.8787381649017334,0.4924796521663666,0.8787381649017334,0.4924796521663666,0.9999988079071045,0.0,0.0,0.0,0.0,0.0,0.0
0,512,transformer.h.2.mlp.c_proj.weight,transformer.h.2.mlp.c_proj.weight,"[384, 1024]",internal_cross,0.0,0.0,,,0.8846020102500916,0.483810693025589,1.0133846998214722,0.8846020102500916,0.483810693025589,1.0133846998214722,0.8787381649017334,0.4924796521663666,0.8787381649017334,0.4924796521663666,0.9999988079071045,0.0,0.0,0.0,0.0,0.0,0.0
0,512,transformer.h.2.mlp.c_proj.weight,transformer.h.2.mlp.c_proj.weight,"[384, 1024]",outside_cross,0.0,0.0,,,0.8846020102500916,0.483810693025589,1.0133846998214722,0.8846020102500916,0.483810693025589,1.0133846998214722,0.8787381649017334,0.4924796521663666,0.8787381649017334,0.4924796521663666,0.9999988079071045,0.0,0.0,0.0,0.0,0.0,0.0
0,512,transformer.h.2.mlp.c_proj.weight,transformer.h.2.mlp.c_proj.weight,"[384, 1024]",local_cross,0.0,0.0,,,0.8846020102500916,0.483810693025589,1.0133846998214722,0.8846020102500916,0.483810693025589,1.0133846998214722,0.8787381649017334,0.4924796521663666,0.8787381649017334,0.4924796521663666,0.9999988079071045,0.0,0.0,0.0,0.0,0.0,0.0
0,512,transformer.h.2.mlp.c_proj.weight,transformer.h.2.mlp.c_proj.weight,"[384, 1024]",medium_cross,0.0,0.0,,,0.8846020102500916,0.483810693025589,1.0133846998214722,0.8846020102500916,0.483810693025589,1.0133846998214722,0.8787381649017334,0.4924796521663666,0.8787381649017334,0.4924796521663666,0.9999988079071045,0.0,0.0,0.0,0.0,0.0,0.0
0,512,transformer.h.2.mlp.c_proj.weight,transformer.h.2.mlp.c_proj.weight,"[384, 1024]",distant_cross,0.0,0.0,,,0.8846020102500916,0.483810693025589,1.0133846998214722,0.8846020102500916,0.483810693025589,1.0133846998214722,0.8787381649017334,0.4924796521663666,0.8787381649017334,0.4924796521663666,0.9999988079071045,0.0,0.0,0.0,0.0,0.0,0.0
0,512,transformer.h.3.attn.c_attn.weight,transformer.h.3.attn.c_attn.weight,"[1152, 384]",danger_diagonal,0.0011110275518149137,0.03388213061515139,,,0.5183290839195251,1.014466404914856,1.0640443563461304,0.524747908115387,1.0077874660491943,1.0641875267028809,0.5245358943939209,0.9751566648483276,0.5316473841667175,0.967836320400238,0.9999995231628418,0.006418824195861816,0.006678938865661621,0.013326161039769724,0.006583696447022495,0.007111489772796631,0.0073203444480896
0,512,transformer.h.3.attn.c_attn.weight,transformer.h.3.attn.c_attn.weight,"[1152, 384]",danger_cross,0.0286576971411705,0.8739511779707384,,,0.5183290839195251,1.014466404914856,1.0640443563461304,0.6845526695251465,0.8395247459411621,1.1009770631790161,0.5245358943939209,0.9751566648483276,0.6749987006187439,0.8062292337417603,0.9999993443489075,0.16622358560562134,0.17494165897369385,0.34509782520863197,0.17244697126109038,0.150462806224823,0.16892743110656738
0,512,transformer.h.3.attn.c_attn.weight,transformer.h.3.attn.c_attn.weight,"[1152, 384]",danger_full,0.028679227456450462,0.8746077710077962,,,0.5183290839195251,1.014466404914856,1.0640443563461304,0.693467378616333,0.8282256722450256,1.101943016052246,0.5245358943939209,0.9751566648483276,0.6851807236671448,0.7935008406639099,0.9999984502792358,0.17513829469680786,0.18624073266983032,0.36360570848240037,0.1835849188968081,0.16064482927322388,0.18165582418441772
0,512,transformer.h.3.attn.c_attn.weight,transformer.h.3.attn.c_attn.weight,"[1152, 384]",internal_cross,0.016805844381451607,0.5125145758087473,,,0.5183290839195251,1.014466404914856,1.0640443563461304,0.5940101742744446,0.9487213492393494,1.0969200134277344,0.5245358943939209,0.9751566648483276,0.588349461555481,0.9073604345321655,0.9999998807907104,0.07568109035491943,0.06574505567550659,0.15712198479983597,0.0648075237947624,0.06381356716156006,0.06779623031616211
0,512,transformer.h.3.attn.c_attn.weight,transformer.h.3.attn.c_attn.weight,"[1152, 384]",outside_cross,0.023212675005197525,0.7078986341683314,,,0.5183290839195251,1.014466404914856,1.0640443563461304,0.5544759631156921,0.9739821553230286,1.060524821281433,0.5245358943939209,0.9751566648483276,0.5648553371429443,0.9328941106796265,0.9999997019767761,0.03614687919616699,0.04048424959182739,0.07504476186834536,0.03990693964402422,0.04031944274902344,0.04226255416870117
0,512,transformer.h.3.attn.c_attn.weight,transformer.h.3.attn.c_attn.weight,"[1152, 384]",local_cross,0.017512457445263863,0.5340635968778913,,,0.5183290839195251,1.014466404914856,1.0640443563461304,0.580016016960144,0.9605394601821899,1.0889889001846313,0.5245358943939209,0.9751566648483276,0.5800015330314636,0.9165142178535461,1.0000008344650269,0.061686933040618896,0.053926944732666016,0.1280686273163161,0.05315794044179521,0.055465638637542725,0.058642446994781494
0,512,transformer.h.3.attn.c_attn.weight,transformer.h.3.attn.c_attn.weight,"[1152, 384]",medium_cross,0.020399747416377068,0.622115000972478,,,0.5183290839195251,1.014466404914856,1.0640443563461304,0.5420261025428772,0.9909001588821411,1.0670740604400635,0.5245358943939209,0.9751566648483276,0.5538428425788879,0.9446250796318054,0.9999994039535522,0.02369701862335205,0.023566246032714844,0.04919752850386525,0.02323018871649353,0.02930694818496704,0.030531585216522217
0,512,transformer.h.3.attn.c_attn.weight,transformer.h.3.attn.c_attn.weight,"[1152, 384]",distant_cross,0.00992115493863821,0.3025576340883519,,,0.5183290839195251,1.014466404914856,1.0640443563461304,0.5189539194107056,1.0138816833496094,1.0641744136810303,0.5245358943939209,0.9751566648483276,0.5250588059425354,0.9746204018592834,0.9999995231628418,0.0006248354911804199,0.000584721565246582,0.0012972248693463276,0.0005763833700295454,0.000522911548614502,0.0005362629890441895
0,512,transformer.h.3.attn.c_proj.weight,transformer.h.3.attn.c_proj.weight,"[384, 384]",danger_diagonal,0.003532630391418934,0.03394224947990449,,,0.5151093006134033,1.027978539466858,1.0826282501220703,0.5199183225631714,1.0227789878845215,1.0824025869369507,0.4750789701938629,1.0252869129180908,0.47950446605682373,1.020955204963684,1.0013045072555542,0.004809021949768066,0.005199551582336426,0.009917744258348621,0.005058035146368987,0.004425495862960815,0.004331707954406738
0,512,transformer.h.3.attn.c_proj.weight,transformer.h.3.attn.c_proj.weight,"[384, 384]",danger_cross,0.08347184956073761,0.8020149374306906,,,0.5151093006134033,1.027978539466858,1.0826282501220703,0.8687012195587158,0.5405622124671936,1.085141897201538,0.4750789701938629,1.0252869129180908,0.8210779428482056,0.5985928773880005,1.001303791999817,0.3535919189453125,0.4874163269996643,0.7292198414872019,0.4741502942779854,0.34599897265434265,0.42669403553009033
0,512,transformer.h.3.attn.c_proj.weight,transformer.h.3.attn.c_proj.weight,"[384, 384]",danger_full,0.08354656398296356,0.8027328091800534,,,0.5151093006134033,1.027978539466858,1.0826282501220703,0.8774372339248657,0.5257365703582764,1.0925967693328857,0.4750789701938629,1.0252869129180908,0.8210780620574951,0.59859299659729,1.0013039112091064,0.3623279333114624,0.5022419691085815,0.7472363024694424,0.4885724261997338,0.3459990918636322,0.4266939163208008
0,512,transformer.h.3.attn.c_proj.weight,transformer.h.3.attn.c_proj.weight,"[384, 384]",internal_cross,0.042134251445531845,0.40483467437951665,,,0.5151093006134033,1.027978539466858,1.0826282501220703,0.6132797598838806,0.9186174869537354,1.0822880268096924,0.4750789701938629,1.0252869129180908,0.5501797795295715,0.9491131901741028,1.001304268836975,0.0981704592704773,0.10936105251312256,0.20245894465426184,0.10638456768741558,0.07510080933570862,0.07617372274398804
0,512,transformer.h.3.attn.c_proj.weight,transformer.h.3.attn.c_proj.weight,"[384, 384]",outside_cross,0.0720573365688324,0.6923419162723013,,,0.5151093006134033,1.027978539466858,1.0826282501220703,0.5785085558891296,0.9594457745552063,1.0836886167526245,0.4750789701938629,1.0252869129180908,0.5386964678764343,0.9611514806747437,1.0013046264648438,0.06339925527572632,0.06853276491165161,0.13074957996911168,0.06666750547846541,0.06361749768257141,0.06413543224334717
0,512,transformer.h.3.attn.c_proj.weight,transformer.h.3.attn.c_proj.weight,"[384, 384]",local_cross,0.0460030734539032,0.4420071230230161,,,0.5151093006134033,1.027978539466858,1.0826282501220703,0.5923088788986206,0.9429566264152527,1.0822021961212158,0.4750789701938629,1.0252869129180908,0.5352963805198669,0.9646868705749512,1.0013041496276855,0.07719957828521729,0.08502191305160522,0.1592102681756474,0.08270786771064333,0.06021741032600403,0.06060004234313965
0,512,transformer.h.3.attn.c_proj.weight,transformer.h.3.attn.c_proj.weight,"[384, 384]",medium_cross,0.06247689202427864,0.6002910072246046,,,0.5151093006134033,1.027978539466858,1.0826282501220703,0.5683578848838806,0.9726755619049072,1.087133526802063,0.4750789701938629,1.0252869129180908,0.5274459719657898,0.9728012681007385,1.0013035535812378,0.053248584270477295,0.055302977561950684,0.10981564368596589,0.05379779386312145,0.05236700177192688,0.052485644817352295
0,512,transformer.h.3.attn.c_proj.weight,transformer.h.3.attn.c_proj.weight,"[384, 384]",distant_cross,0.030788080766797066,0.2958183004178732,,,0.5151093006134033,1.027978539466858,1.0826282501220703,0.5182999968528748,1.0252325534820557,1.0837498903274536,0.4750789701938629,1.0252869129180908,0.4783787727355957,1.0220582485198975,1.001304268836975,0.0031906962394714355,0.002745985984802246,0.006580238069131405,0.002671248357214151,0.003299802541732788,0.0032286643981933594
0,512,transformer.h.3.mlp.w1.weight,transformer.h.3.mlp.w1.weight,"[1024, 384]",danger_diagonal,0.0,0.0,,,0.8854849338531494,0.4788016378879547,1.0009028911590576,0.8854849338531494,0.4788016378879547,1.0009028911590576,0.879356861114502,0.4912187159061432,0.879356861114502,0.4912187159061432,0.9999979734420776,0.0,0.0,0.0,0.0,0.0,0.0
0,512,transformer.h.3.mlp.w1.weight,transformer.h.3.mlp.w1.weight,"[1024, 384]",danger_cross,0.0,0.0,,,0.8854849338531494,0.4788016378879547,1.0009028911590576,0.8854849338531494,0.4788016378879547,1.0009028911590576,0.879356861114502,0.4912187159061432,0.879356861114502,0.4912187159061432,0.9999979734420776,0.0,0.0,0.0,0.0,0.0,0.0
0,512,transformer.h.3.mlp.w1.weight,transformer.h.3.mlp.w1.weight,"[1024, 384]",danger_full,0.0,0.0,,,0.8854849338531494,0.4788016378879547,1.0009028911590576,0.8854849338531494,0.4788016378879547,1.0009028911590576,0.879356861114502,0.4912187159061432,0.879356861114502,0.4912187159061432,0.9999979734420776,0.0,0.0,0.0,0.0,0.0,0.0
0,512,transformer.h.3.mlp.w1.weight,transformer.h.3.mlp.w1.weight,"[1024, 384]",internal_cross,0.0,0.0,,,0.8854849338531494,0.4788016378879547,1.0009028911590576,0.8854849338531494,0.4788016378879547,1.0009028911590576,0.879356861114502,0.4912187159061432,0.879356861114502,0.4912187159061432,0.9999979734420776,0.0,0.0,0.0,0.0,0.0,0.0
0,512,transformer.h.3.mlp.w1.weight,transformer.h.3.mlp.w1.weight,"[1024, 384]",outside_cross,0.0,0.0,,,0.8854849338531494,0.4788016378879547,1.0009028911590576,0.8854849338531494,0.4788016378879547,1.0009028911590576,0.879356861114502,0.4912187159061432,0.879356861114502,0.4912187159061432,0.9999979734420776,0.0,0.0,0.0,0.0,0.0,0.0
0,512,transformer.h.3.mlp.w1.weight,transformer.h.3.mlp.w1.weight,"[1024, 384]",local_cross,0.0,0.0,,,0.8854849338531494,0.4788016378879547,1.0009028911590576,0.8854849338531494,0.4788016378879547,1.0009028911590576,0.879356861114502,0.4912187159061432,0.879356861114502,0.4912187159061432,0.9999979734420776,0.0,0.0,0.0,0.0,0.0,0.0
0,512,transformer.h.3.mlp.w1.weight,transformer.h.3.mlp.w1.weight,"[1024, 384]",medium_cross,0.0,0.0,,,0.8854849338531494,0.4788016378879547,1.0009028911590576,0.8854849338531494,0.4788016378879547,1.0009028911590576,0.879356861114502,0.4912187159061432,0.879356861114502,0.4912187159061432,0.9999979734420776,0.0,0.0,0.0,0.0,0.0,0.0
0,512,transformer.h.3.mlp.w1.weight,transformer.h.3.mlp.w1.weight,"[1024, 384]",distant_cross,0.0,0.0,,,0.8854849338531494,0.4788016378879547,1.0009028911590576,0.8854849338531494,0.4788016378879547,1.0009028911590576,0.879356861114502,0.4912187159061432,0.879356861114502,0.4912187159061432,0.9999979734420776,0.0,0.0,0.0,0.0,0.0,0.0
0,512,transformer.h.3.mlp.w2.weight,transformer.h.3.mlp.w2.weight,"[1024, 384]",danger_diagonal,0.0,0.0,,,0.8845004439353943,0.48069271445274353,1.0002424716949463,0.8845004439353943,0.48069271445274353,1.0002424716949463,0.8788221478462219,0.4923052489757538,0.8788221478462219,0.4923052489757538,0.9999998211860657,0.0,0.0,0.0,0.0,0.0,0.0
0,512,transformer.h.3.mlp.w2.weight,transformer.h.3.mlp.w2.weight,"[1024, 384]",danger_cross,0.0,0.0,,,0.8845004439353943,0.48069271445274353,1.0002424716949463,0.8845004439353943,0.48069271445274353,1.0002424716949463,0.8788221478462219,0.4923052489757538,0.8788221478462219,0.4923052489757538,0.9999998211860657,0.0,0.0,0.0,0.0,0.0,0.0
0,512,transformer.h.3.mlp.w2.weight,transformer.h.3.mlp.w2.weight,"[1024, 384]",danger_full,0.0,0.0,,,0.8845004439353943,0.48069271445274353,1.0002424716949463,0.8845004439353943,0.48069271445274353,1.0002424716949463,0.8788221478462219,0.4923052489757538,0.8788221478462219,0.4923052489757538,0.9999998211860657,0.0,0.0,0.0,0.0,0.0,0.0
0,512,transformer.h.3.mlp.w2.weight,transformer.h.3.mlp.w2.weight,"[1024, 384]",internal_cross,0.0,0.0,,,0.8845004439353943,0.48069271445274353,1.0002424716949463,0.8845004439353943,0.48069271445274353,1.0002424716949463,0.8788221478462219,0.4923052489757538,0.8788221478462219,0.4923052489757538,0.9999998211860657,0.0,0.0,0.0,0.0,0.0,0.0
0,512,transformer.h.3.mlp.w2.weight,transformer.h.3.mlp.w2.weight,"[1024, 384]",outside_cross,0.0,0.0,,,0.8845004439353943,0.48069271445274353,1.0002424716949463,0.8845004439353943,0.48069271445274353,1.0002424716949463,0.8788221478462219,0.4923052489757538,0.8788221478462219,0.4923052489757538,0.9999998211860657,0.0,0.0,0.0,0.0,0.0,0.0
0,512,transformer.h.3.mlp.w2.weight,transformer.h.3.mlp.w2.weight,"[1024, 384]",local_cross,0.0,0.0,,,0.8845004439353943,0.48069271445274353,1.0002424716949463,0.8845004439353943,0.48069271445274353,1.0002424716949463,0.8788221478462219,0.4923052489757538,0.8788221478462219,0.4923052489757538,0.9999998211860657,0.0,0.0,0.0,0.0,0.0,0.0
0,512,transformer.h.3.mlp.w2.weight,transformer.h.3.mlp.w2.weight,"[1024, 384]",medium_cross,0.0,0.0,,,0.8845004439353943,0.48069271445274353,1.0002424716949463,0.8845004439353943,0.48069271445274353,1.0002424716949463,0.8788221478462219,0.4923052489757538,0.8788221478462219,0.4923052489757538,0.9999998211860657,0.0,0.0,0.0,0.0,0.0,0.0
0,512,transformer.h.3.mlp.w2.weight,transformer.h.3.mlp.w2.weight,"[1024, 384]",distant_cross,0.0,0.0,,,0.8845004439353943,0.48069271445274353,1.0002424716949463,0.8845004439353943,0.48069271445274353,1.0002424716949463,0.8788221478462219,0.4923052489757538,0.8788221478462219,0.4923052489757538,0.9999998211860657,0.0,0.0,0.0,0.0,0.0,0.0
0,512,transformer.h.3.mlp.c_proj.weight,transformer.h.3.mlp.c_proj.weight,"[384, 1024]",danger_diagonal,0.0,0.0,,,0.8826007843017578,0.4880111813545227,1.0134669542312622,0.8826007843017578,0.4880111813545227,1.0134669542312622,0.8763741850852966,0.49725523591041565,0.8763741850852966,0.49725523591041565,0.9999987483024597,0.0,0.0,0.0,0.0,0.0,0.0
0,512,transformer.h.3.mlp.c_proj.weight,transformer.h.3.mlp.c_proj.weight,"[384, 1024]",danger_cross,0.0,0.0,,,0.8826007843017578,0.4880111813545227,1.0134669542312622,0.8826007843017578,0.4880111813545227,1.0134669542312622,0.8763741850852966,0.49725523591041565,0.8763741850852966,0.49725523591041565,0.9999987483024597,0.0,0.0,0.0,0.0,0.0,0.0
0,512,transformer.h.3.mlp.c_proj.weight,transformer.h.3.mlp.c_proj.weight,"[384, 1024]",danger_full,0.0,0.0,,,0.8826007843017578,0.4880111813545227,1.0134669542312622,0.8826007843017578,0.4880111813545227,1.0134669542312622,0.8763741850852966,0.49725523591041565,0.8763741850852966,0.49725523591041565,0.9999987483024597,0.0,0.0,0.0,0.0,0.0,0.0
0,512,transformer.h.3.mlp.c_proj.weight,transformer.h.3.mlp.c_proj.weight,"[384, 1024]",internal_cross,0.0,0.0,,,0.8826007843017578,0.4880111813545227,1.0134669542312622,0.8826007843017578,0.4880111813545227,1.0134669542312622,0.8763741850852966,0.49725523591041565,0.8763741850852966,0.49725523591041565,0.9999987483024597,0.0,0.0,0.0,0.0,0.0,0.0
0,512,transformer.h.3.mlp.c_proj.weight,transformer.h.3.mlp.c_proj.weight,"[384, 1024]",outside_cross,0.0,0.0,,,0.8826007843017578,0.4880111813545227,1.0134669542312622,0.8826007843017578,0.4880111813545227,1.0134669542312622,0.8763741850852966,0.49725523591041565,0.8763741850852966,0.49725523591041565,0.9999987483024597,0.0,0.0,0.0,0.0,0.0,0.0
0,512,transformer.h.3.mlp.c_proj.weight,transformer.h.3.mlp.c_proj.weight,"[384, 1024]",local_cross,0.0,0.0,,,0.8826007843017578,0.4880111813545227,1.0134669542312622,0.8826007843017578,0.4880111813545227,1.0134669542312622,0.8763741850852966,0.49725523591041565,0.8763741850852966,0.49725523591041565,0.9999987483024597,0.0,0.0,0.0,0.0,0.0,0.0
0,512,transformer.h.3.mlp.c_proj.weight,transformer.h.3.mlp.c_proj.weight,"[384, 1024]",medium_cross,0.0,0.0,,,0.8826007843017578,0.4880111813545227,1.0134669542312622,0.8826007843017578,0.4880111813545227,1.0134669542312622,0.8763741850852966,0.49725523591041565,0.8763741850852966,0.49725523591041565,0.9999987483024597,0.0,0.0,0.0,0.0,0.0,0.0
0,512,transformer.h.3.mlp.c_proj.weight,transformer.h.3.mlp.c_proj.weight,"[384, 1024]",distant_cross,0.0,0.0,,,0.8826007843017578,0.4880111813545227,1.0134669542312622,0.8826007843017578,0.4880111813545227,1.0134669542312622,0.8763741850852966,0.49725523591041565,0.8763741850852966,0.49725523591041565,0.9999987483024597,0.0,0.0,0.0,0.0,0.0,0.0
0,512,transformer.h.4.attn.c_attn.weight,transformer.h.4.attn.c_attn.weight,"[1152, 384]",danger_diagonal,0.0010699121048673987,0.035997229006811717,,,0.5299410820007324,1.0014967918395996,1.0626959800720215,0.5313535332679749,1.000076174736023,1.0628477334976196,0.5316914319992065,0.9677919149398804,0.5318536758422852,0.9676244258880615,0.9999998807907104,0.0014124512672424316,0.0014206171035766602,0.003004838783304676,0.0014184939134624678,0.00016224384307861328,0.00016748905181884766
0,512,transformer.h.4.attn.c_attn.weight,transformer.h.4.attn.c_attn.weight,"[1152, 384]",danger_cross,0.02563435770571232,0.8624688332593633,,,0.5299410820007324,1.0014967918395996,1.0626959800720215,0.7069599032402039,0.8129575848579407,1.1078195571899414,0.5316914319992065,0.9677919149398804,0.69564288854599,0.7802041172981262,0.9999997019767761,0.17701882123947144,0.18853920698165894,0.37658858168870496,0.18825742480446758,0.16395145654678345,0.18758779764175415
0,512,transformer.h.4.attn.c_attn.weight,transformer.h.4.attn.c_attn.weight,"[1152, 384]",danger_full,0.025656677782535553,0.8632197930000751,,,0.5299410820007324,1.0014967918395996,1.0626959800720215,0.7105363011360168,0.8083622455596924,1.108414888381958,0.5316914319992065,0.9677919149398804,0.6967941522598267,0.778727114200592,1.000000238418579,0.18059521913528442,0.19313454627990723,0.3841969851438194,0.19284589611630007,0.16510272026062012,0.18906480073928833
0,512,transformer.h.4.attn.c_attn.weight,transformer.h.4.attn.c_attn.weight,"[1152, 384]",internal_cross,0.014642909169197083,0.4926611749615245,,,0.5299410820007324,1.0014967918395996,1.0626959800720215,0.5996469855308533,0.9429768323898315,1.0984212160110474,0.5316914319992065,0.9677919149398804,0.594377338886261,0.900693416595459,1.0000005960464478,0.06970590353012085,0.058519959449768066,0.1482918435561507,0.05843249816334974,0.06268590688705444,0.06709849834442139
0,512,transformer.h.4.attn.c_attn.weight,transformer.h.4.attn.c_attn.weight,"[1152, 384]",outside_cross,0.021040575578808784,0.7079108780056094,,,0.5299410820007324,1.0014967918395996,1.0626959800720215,0.5728402137756348,0.956139862537384,1.0651235580444336,0.5316914319992065,0.9677919149398804,0.5775740742683411,0.9191592335700989,1.000001072883606,0.042899131774902344,0.045356929302215576,0.09126330792211283,0.04528914088571536,0.04588264226913452,0.048632681369781494
0,512,transformer.h.4.attn.c_attn.weight,transformer.h.4.attn.c_attn.weight,"[1152, 384]",local_cross,0.015360566787421703,0.5168067898341747,,,0.5299410820007324,1.0014967918395996,1.0626959800720215,0.5884800553321838,0.9533793926239014,1.0936905145645142,0.5316914319992065,0.9677919149398804,0.5862906575202942,0.9096278548240662,0.9999998807907104,0.058538973331451416,0.04811739921569824,0.12453539564915271,0.048045485125632593,0.054599225521087646,0.05816406011581421
0,512,transformer.h.4.attn.c_attn.weight,transformer.h.4.attn.c_attn.weight,"[1152, 384]",medium_cross,0.018308207392692566,0.6159802578368223,,,0.5299410820007324,1.0014967918395996,1.0626959800720215,0.5551981329917908,0.9795172810554504,1.0725922584533691,0.5316914319992065,0.9677919149398804,0.5635286569595337,0.9343159198760986,1.000000238418579,0.02525705099105835,0.02197951078414917,0.053731670698986086,0.02194666120075742,0.03183722496032715,0.03347599506378174
0,512,transformer.h.4.attn.c_attn.weight,transformer.h.4.attn.c_attn.weight,"[1152, 384]",distant_cross,0.009272708557546139,0.31198059349069623,,,0.5299410820007324,1.0014967918395996,1.0626959800720215,0.5304244160652161,1.0012134313583374,1.0631296634674072,0.5316914319992065,0.9677919149398804,0.532142698764801,0.9673262238502502,0.9999997019767761,0.0004833340644836426,0.00028336048126220703,0.0010282414522436434,0.000282936983494192,0.0004512667655944824,0.00046569108963012695
0,512,transformer.h.4.attn.c_proj.weight,transformer.h.4.attn.c_proj.weight,"[384, 384]",danger_diagonal,0.0026202851440757513,0.029130597207166604,,,0.5229566693305969,1.0198004245758057,1.0828466415405273,0.526344358921051,1.0162051916122437,1.082859754562378,0.48350611329078674,1.0163617134094238,0.48599040508270264,1.013914942741394,1.0000008344650269,0.0033876895904541016,0.0035952329635620117,0.007101429519411544,0.003525427992499099,0.0024842917919158936,0.002446770668029785
0,512,transformer.h.4.attn.c_proj.weight,transformer.h.4.attn.c_proj.weight,"[384, 384]",danger_cross,0.07180838286876678,0.7983181075454643,,,0.5229566693305969,1.0198004245758057,1.0828466415405273,0.8731480240821838,0.5283042192459106,1.076844334602356,0.48350611329078674,1.0163617134094238,0.8201069831848145,0.5998252034187317,1.0000005960464478,0.3501913547515869,0.491496205329895,0.7340870990905307,0.4819533248717139,0.3366008698940277,0.41653650999069214
0,512,transformer.h.4.attn.c_proj.weight,transformer.h.4.attn.c_proj.weight,"[384, 384]",danger_full,0.07185617089271545,0.7988493831893089,,,0.5229566693305969,1.0198004245758057,1.0828466415405273,0.8793418407440186,0.5169058442115784,1.0804225206375122,0.48350611329078674,1.0163617134094238,0.8253148198127747,0.5910782814025879,1.000001311302185,0.35638517141342163,0.5028945803642273,0.7470708602368051,0.493130389285149,0.3418087065219879,0.42528343200683594
0,512,transformer.h.4.attn.c_proj.weight,transformer.h.4.attn.c_proj.weight,"[384, 384]",internal_cross,0.03614142909646034,0.4017965051936046,,,0.5229566693305969,1.0198004245758057,1.0828466415405273,0.6189731359481812,0.911303699016571,1.0811430215835571,0.48350611329078674,1.0163617134094238,0.5588565468788147,0.9393033385276794,1.0000004768371582,0.09601646661758423,0.10849672555923462,0.2012740991113967,0.10639015531334449,0.07535043358802795,0.07705837488174438
0,512,transformer.h.4.attn.c_proj.weight,transformer.h.4.attn.c_proj.weight,"[384, 384]",outside_cross,0.06205027177929878,0.6898338823485365,,,0.5229566693305969,1.0198004245758057,1.0828466415405273,0.589036762714386,0.9457846879959106,1.0804352760314941,0.48350611329078674,1.0163617134094238,0.5460489392280579,0.9528404474258423,1.000001311302185,0.06608009338378906,0.07401573657989502,0.1385201073685765,0.072578648523982,0.06254282593727112,0.06352126598358154
0,512,transformer.h.4.attn.c_proj.weight,transformer.h.4.attn.c_proj.weight,"[384, 384]",local_cross,0.03964686766266823,0.44076765271834795,,,0.5229566693305969,1.0198004245758057,1.0828466415405273,0.6038771867752075,0.9303887486457825,1.083762288093567,0.48350611329078674,1.0163617134094238,0.5463173985481262,0.9525594711303711,1.0000003576278687,0.0809205174446106,0.0894116759300232,0.1696292815393944,0.08767566062469008,0.06281128525733948,0.06380224227905273
0,512,transformer.h.4.attn.c_proj.weight,transformer.h.4.attn.c_proj.weight,"[384, 384]",medium_cross,0.05357160419225693,0.5955736638032395,,,0.5229566693305969,1.0198004245758057,1.0828466415405273,0.5765070915222168,0.9625013470649719,1.0852001905441284,0.48350611329078674,1.0163617134094238,0.5320333242416382,0.9674386382102966,1.0000005960464478,0.05355042219161987,0.05729907751083374,0.11225483881406777,0.05618655977189631,0.04852721095085144,0.0489230751991272
0,512,transformer.h.4.attn.c_proj.weight,transformer.h.4.attn.c_proj.weight,"[384, 384]",distant_cross,0.0267329104244709,0.29719881727803815,,,0.5229566693305969,1.0198004245758057,1.0828466415405273,0.5258829593658447,1.017530918121338,1.0843812227249146,0.48350611329078674,1.0163617134094238,0.4855487048625946,1.014350414276123,1.0000005960464478,0.0029262900352478027,0.0022695064544677734,0.006134222715453406,0.002225441762697631,0.0020425915718078613,0.0020112991333007812
0,512,transformer.h.4.mlp.w1.weight,transformer.h.4.mlp.w1.weight,"[1024, 384]",danger_diagonal,0.0,0.0,,,0.871300995349884,0.5060880184173584,0.9949048161506653,0.871300995349884,0.5060880184173584,0.9949048161506653,0.8665454387664795,0.5166399478912354,0.8665454387664795,0.5166399478912354,0.9999995827674866,0.0,0.0,0.0,0.0,0.0,0.0
0,512,transformer.h.4.mlp.w1.weight,transformer.h.4.mlp.w1.weight,"[1024, 384]",danger_cross,0.0,0.0,,,0.871300995349884,0.5060880184173584,0.9949048161506653,0.871300995349884,0.5060880184173584,0.9949048161506653,0.8665454387664795,0.5166399478912354,0.8665454387664795,0.5166399478912354,0.9999995827674866,0.0,0.0,0.0,0.0,0.0,0.0
0,512,transformer.h.4.mlp.w1.weight,transformer.h.4.mlp.w1.weight,"[1024, 384]",danger_full,0.0,0.0,,,0.871300995349884,0.5060880184173584,0.9949048161506653,0.871300995349884,0.5060880184173584,0.9949048161506653,0.8665454387664795,0.5166399478912354,0.8665454387664795,0.5166399478912354,0.9999995827674866,0.0,0.0,0.0,0.0,0.0,0.0
0,512,transformer.h.4.mlp.w1.weight,transformer.h.4.mlp.w1.weight,"[1024, 384]",internal_cross,0.0,0.0,,,0.871300995349884,0.5060880184173584,0.9949048161506653,0.871300995349884,0.5060880184173584,0.9949048161506653,0.8665454387664795,0.5166399478912354,0.8665454387664795,0.5166399478912354,0.9999995827674866,0.0,0.0,0.0,0.0,0.0,0.0
0,512,transformer.h.4.mlp.w1.weight,transformer.h.4.mlp.w1.weight,"[1024, 384]",outside_cross,0.0,0.0,,,0.871300995349884,0.5060880184173584,0.9949048161506653,0.871300995349884,0.5060880184173584,0.9949048161506653,0.8665454387664795,0.5166399478912354,0.8665454387664795,0.5166399478912354,0.9999995827674866,0.0,0.0,0.0,0.0,0.0,0.0
0,512,transformer.h.4.mlp.w1.weight,transformer.h.4.mlp.w1.weight,"[1024, 384]",local_cross,0.0,0.0,,,0.871300995349884,0.5060880184173584,0.9949048161506653,0.871300995349884,0.5060880184173584,0.9949048161506653,0.8665454387664795,0.5166399478912354,0.8665454387664795,0.5166399478912354,0.9999995827674866,0.0,0.0,0.0,0.0,0.0,0.0
0,512,transformer.h.4.mlp.w1.weight,transformer.h.4.mlp.w1.weight,"[1024, 384]",medium_cross,0.0,0.0,,,0.871300995349884,0.5060880184173584,0.9949048161506653,0.871300995349884,0.5060880184173584,0.9949048161506653,0.8665454387664795,0.5166399478912354,0.8665454387664795,0.5166399478912354,0.9999995827674866,0.0,0.0,0.0,0.0,0.0,0.0
0,512,transformer.h.4.mlp.w1.weight,transformer.h.4.mlp.w1.weight,"[1024, 384]",distant_cross,0.0,0.0,,,0.871300995349884,0.5060880184173584,0.9949048161506653,0.871300995349884,0.5060880184173584,0.9949048161506653,0.8665454387664795,0.5166399478912354,0.8665454387664795,0.5166399478912354,0.9999995827674866,0.0,0.0,0.0,0.0,0.0,0.0
0,512,transformer.h.4.mlp.w2.weight,transformer.h.4.mlp.w2.weight,"[1024, 384]",danger_diagonal,0.0,0.0,,,0.8648092746734619,0.5180105566978455,0.9921628832817078,0.8648092746734619,0.5180105566978455,0.9921628832817078,0.8607443571090698,0.5277512073516846,0.8607443571090698,0.5277512073516846,1.0000008344650269,0.0,0.0,0.0,0.0,0.0,0.0
0,512,transformer.h.4.mlp.w2.weight,transformer.h.4.mlp.w2.weight,"[1024, 384]",danger_cross,0.0,0.0,,,0.8648092746734619,0.5180105566978455,0.9921628832817078,0.8648092746734619,0.5180105566978455,0.9921628832817078,0.8607443571090698,0.5277512073516846,0.8607443571090698,0.5277512073516846,1.0000008344650269,0.0,0.0,0.0,0.0,0.0,0.0
0,512,transformer.h.4.mlp.w2.weight,transformer.h.4.mlp.w2.weight,"[1024, 384]",danger_full,0.0,0.0,,,0.8648092746734619,0.5180105566978455,0.9921628832817078,0.8648092746734619,0.5180105566978455,0.9921628832817078,0.8607443571090698,0.5277512073516846,0.8607443571090698,0.5277512073516846,1.0000008344650269,0.0,0.0,0.0,0.0,0.0,0.0
0,512,transformer.h.4.mlp.w2.weight,transformer.h.4.mlp.w2.weight,"[1024, 384]",internal_cross,0.0,0.0,,,0.8648092746734619,0.5180105566978455,0.9921628832817078,0.8648092746734619,0.5180105566978455,0.9921628832817078,0.8607443571090698,0.5277512073516846,0.8607443571090698,0.5277512073516846,1.0000008344650269,0.0,0.0,0.0,0.0,0.0,0.0
0,512,transformer.h.4.mlp.w2.weight,transformer.h.4.mlp.w2.weight,"[1024, 384]",outside_cross,0.0,0.0,,,0.8648092746734619,0.5180105566978455,0.9921628832817078,0.8648092746734619,0.5180105566978455,0.9921628832817078,0.8607443571090698,0.5277512073516846,0.8607443571090698,0.5277512073516846,1.0000008344650269,0.0,0.0,0.0,0.0,0.0,0.0
0,512,transformer.h.4.mlp.w2.weight,transformer.h.4.mlp.w2.weight,"[1024, 384]",local_cross,0.0,0.0,,,0.8648092746734619,0.5180105566978455,0.9921628832817078,0.8648092746734619,0.5180105566978455,0.9921628832817078,0.8607443571090698,0.5277512073516846,0.8607443571090698,0.5277512073516846,1.0000008344650269,0.0,0.0,0.0,0.0,0.0,0.0
0,512,transformer.h.4.mlp.w2.weight,transformer.h.4.mlp.w2.weight,"[1024, 384]",medium_cross,0.0,0.0,,,0.8648092746734619,0.5180105566978455,0.9921628832817078,0.8648092746734619,0.5180105566978455,0.9921628832817078,0.8607443571090698,0.5277512073516846,0.8607443571090698,0.5277512073516846,1.0000008344650269,0.0,0.0,0.0,0.0,0.0,0.0
0,512,transformer.h.4.mlp.w2.weight,transformer.h.4.mlp.w2.weight,"[1024, 384]",distant_cross,0.0,0.0,,,0.8648092746734619,0.5180105566978455,0.9921628832817078,0.8648092746734619,0.5180105566978455,0.9921628832817078,0.8607443571090698,0.5277512073516846,0.8607443571090698,0.5277512073516846,1.0000008344650269,0.0,0.0,0.0,0.0,0.0,0.0
0,512,transformer.h.4.mlp.c_proj.weight,transformer.h.4.mlp.c_proj.weight,"[384, 1024]",danger_diagonal,0.0,0.0,,,0.8666595220565796,0.519911527633667,1.0129209756851196,0.8666595220565796,0.519911527633667,1.0129209756851196,0.8590276837348938,0.5309960842132568,0.8590276837348938,0.5309960842132568,0.9999993443489075,0.0,0.0,0.0,0.0,0.0,0.0
0,512,transformer.h.4.mlp.c_proj.weight,transformer.h.4.mlp.c_proj.weight,"[384, 1024]",danger_cross,0.0,0.0,,,0.8666595220565796,0.519911527633667,1.0129209756851196,0.8666595220565796,0.519911527633667,1.0129209756851196,0.8590276837348938,0.5309960842132568,0.8590276837348938,0.5309960842132568,0.9999993443489075,0.0,0.0,0.0,0.0,0.0,0.0
0,512,transformer.h.4.mlp.c_proj.weight,transformer.h.4.mlp.c_proj.weight,"[384, 1024]",danger_full,0.0,0.0,,,0.8666595220565796,0.519911527633667,1.0129209756851196,0.8666595220565796,0.519911527633667,1.0129209756851196,0.8590276837348938,0.5309960842132568,0.8590276837348938,0.5309960842132568,0.9999993443489075,0.0,0.0,0.0,0.0,0.0,0.0
0,512,transformer.h.4.mlp.c_proj.weight,transformer.h.4.mlp.c_proj.weight,"[384, 1024]",internal_cross,0.0,0.0,,,0.8666595220565796,0.519911527633667,1.0129209756851196,0.8666595220565796,0.519911527633667,1.0129209756851196,0.8590276837348938,0.5309960842132568,0.8590276837348938,0.5309960842132568,0.9999993443489075,0.0,0.0,0.0,0.0,0.0,0.0
0,512,transformer.h.4.mlp.c_proj.weight,transformer.h.4.mlp.c_proj.weight,"[384, 1024]",outside_cross,0.0,0.0,,,0.8666595220565796,0.519911527633667,1.0129209756851196,0.8666595220565796,0.519911527633667,1.0129209756851196,0.8590276837348938,0.5309960842132568,0.8590276837348938,0.5309960842132568,0.9999993443489075,0.0,0.0,0.0,0.0,0.0,0.0
0,512,transformer.h.4.mlp.c_proj.weight,transformer.h.4.mlp.c_proj.weight,"[384, 1024]",local_cross,0.0,0.0,,,0.8666595220565796,0.519911527633667,1.0129209756851196,0.8666595220565796,0.519911527633667,1.0129209756851196,0.8590276837348938,0.5309960842132568,0.8590276837348938,0.5309960842132568,0.9999993443489075,0.0,0.0,0.0,0.0,0.0,0.0
0,512,transformer.h.4.mlp.c_proj.weight,transformer.h.4.mlp.c_proj.weight,"[384, 1024]",medium_cross,0.0,0.0,,,0.8666595220565796,0.519911527633667,1.0129209756851196,0.8666595220565796,0.519911527633667,1.0129209756851196,0.8590276837348938,0.5309960842132568,0.8590276837348938,0.5309960842132568,0.9999993443489075,0.0,0.0,0.0,0.0,0.0,0.0
0,512,transformer.h.4.mlp.c_proj.weight,transformer.h.4.mlp.c_proj.weight,"[384, 1024]",distant_cross,0.0,0.0,,,0.8666595220565796,0.519911527633667,1.0129209756851196,0.8666595220565796,0.519911527633667,1.0129209756851196,0.8590276837348938,0.5309960842132568,0.8590276837348938,0.5309960842132568,0.9999993443489075,0.0,0.0,0.0,0.0,0.0,0.0
0,512,transformer.h.5.attn.c_attn.weight,transformer.h.5.attn.c_attn.weight,"[1152, 384]",danger_diagonal,0.0011714741121977568,0.03646428939176398,,,0.5067314505577087,1.0336778163909912,1.0770503282546997,0.5106303095817566,1.029965877532959,1.077702283859253,0.4968147277832031,1.003180742263794,0.499992698431015,1.0000077486038208,1.0000008344650269,0.0038988590240478516,0.0037119388580322266,0.007904130576449795,0.003591001760095988,0.0031779706478118896,0.0031729936599731445
0,512,transformer.h.5.attn.c_attn.weight,transformer.h.5.attn.c_attn.weight,"[1152, 384]",danger_cross,0.02805272489786148,0.8731927306392614,,,0.5067314505577087,1.0336778163909912,1.0770503282546997,0.7067089676856995,0.8198389410972595,1.120920181274414,0.4968147277832031,1.003180742263794,0.6817079782485962,0.7978641986846924,0.9999986290931702,0.19997751712799072,0.2138388752937317,0.4054130703327693,0.20687188203412754,0.18489325046539307,0.20531654357910156
0,512,transformer.h.5.attn.c_attn.weight,transformer.h.5.attn.c_attn.weight,"[1152, 384]",danger_full,0.028077175840735435,0.8739538112705565,,,0.5067314505577087,1.0336778163909912,1.0770503282546997,0.7144016623497009,0.8104518055915833,1.123301386833191,0.4968147277832031,1.003180742263794,0.6884759664535522,0.7893356680870056,0.9999994039535522,0.2076702117919922,0.22322601079940796,0.42100841828815616,0.21595317927861205,0.19166123867034912,0.21384507417678833
0,512,transformer.h.5.attn.c_attn.weight,transformer.h.5.attn.c_attn.weight,"[1152, 384]",internal_cross,0.016541559249162674,0.5148864982776978,,,0.5067314505577087,1.0336778163909912,1.0770503282546997,0.5797602534294128,0.9751467108726501,1.1155140399932861,0.4968147277832031,1.003180742263794,0.5614285469055176,0.9365603923797607,0.9999990463256836,0.0730288028717041,0.058531105518341064,0.14805079901054574,0.05662412851491584,0.06461381912231445,0.0666203498840332
0,512,transformer.h.5.attn.c_attn.weight,transformer.h.5.attn.c_attn.weight,"[1152, 384]",outside_cross,0.022656863555312157,0.7052366081233109,,,0.5067314505577087,1.0336778163909912,1.0770503282546997,0.5483399033546448,0.9937071204185486,1.0851134061813354,0.4968147277832031,1.003180742263794,0.5411543250083923,0.9579636454582214,1.0,0.041608452796936035,0.03997069597244263,0.08435253543729918,0.03866842776214094,0.04433959722518921,0.04521709680557251
0,512,transformer.h.5.attn.c_attn.weight,transformer.h.5.attn.c_attn.weight,"[1152, 384]",local_cross,0.017054375261068344,0.5308488411653074,,,0.5067314505577087,1.0336778163909912,1.0770503282546997,0.5572153925895691,0.9998167157173157,1.1140997409820557,0.4968147277832031,1.003180742263794,0.5447707772254944,0.9541801810264587,0.9999995827674866,0.05048394203186035,0.03386110067367554,0.10234575484072413,0.03275788658394454,0.04795604944229126,0.049000561237335205
0,512,transformer.h.5.attn.c_attn.weight,transformer.h.5.attn.c_attn.weight,"[1152, 384]",medium_cross,0.019875725731253624,0.6186685709819731,,,0.5067314505577087,1.0336778163909912,1.0770503282546997,0.532382607460022,1.016545057296753,1.0952250957489014,0.4968147277832031,1.003180742263794,0.5269350409507751,0.972692608833313,0.9999998807907104,0.025651156902313232,0.01713275909423828,0.05200241720522307,0.016574563972027598,0.03012031316757202,0.030488133430480957
0,512,transformer.h.5.attn.c_attn.weight,transformer.h.5.attn.c_attn.weight,"[1152, 384]",distant_cross,0.01005288865417242,0.3129146750167731,,,0.5067314505577087,1.0336778163909912,1.0770503282546997,0.5073333382606506,1.0331600904464722,1.0772491693496704,0.4968147277832031,1.003180742263794,0.49735695123672485,1.0026406049728394,0.9999995231628418,0.0006018877029418945,0.000517725944519043,0.0012202028765515506,0.0005008581361711374,0.0005422234535217285,0.0005401372909545898
0,512,transformer.h.5.attn.c_proj.weight,transformer.h.5.attn.c_proj.weight,"[384, 384]",danger_diagonal,0.0032051701564341784,0.03282285059067917,,,0.4958353042602539,1.0549683570861816,1.0948413610458374,0.49751660227775574,1.0533363819122314,1.0950438976287842,0.451409250497818,1.0474648475646973,0.45359528064727783,1.0453758239746094,1.0000009536743164,0.001681298017501831,0.0016319751739501953,0.003334819021857355,0.001546942297357339,0.002186030149459839,0.0020890235900878906
0,512,transformer.h.5.attn.c_proj.weight,transformer.h.5.attn.c_proj.weight,"[384, 384]",danger_cross,0.08012561500072479,0.820534000160837,,,0.4958353042602539,1.0549683570861816,1.0948413610458374,0.865490734577179,0.5512471199035645,1.095589518547058,0.451409250497818,1.0474648475646973,0.7959410548210144,0.6388425827026367,1.0000001192092896,0.36965543031692505,0.5037212371826172,0.7332037198172722,0.47747520937395055,0.3445318043231964,0.40862226486206055
0,512,transformer.h.5.attn.c_proj.weight,transformer.h.5.attn.c_proj.weight,"[384, 384]",danger_full,0.08018968999385834,0.8211901662373865,,,0.4958353042602539,1.0549683570861816,1.0948413610458374,0.8729731440544128,0.5382950901985168,1.1006593704223633,0.451409250497818,1.0474648475646973,0.8063572645187378,0.622323215007782,1.0000007152557373,0.37713783979415894,0.5166732668876648,0.7480449206003915,0.489752383014325,0.3549480140209198,0.4251416325569153
0,512,transformer.h.5.attn.c_proj.weight,transformer.h.5.attn.c_proj.weight,"[384, 384]",internal_cross,0.04181385412812233,0.42819876002923146,,,0.4958353042602539,1.0549683570861816,1.0948413610458374,0.604671061038971,0.9351061582565308,1.0946192741394043,0.451409250497818,1.0474648475646973,0.5310724377632141,0.9684290289878845,1.0000003576278687,0.10883575677871704,0.11986219882965088,0.21587341933775336,0.11361686634915742,0.07966318726539612,0.07903581857681274
0,512,transformer.h.5.attn.c_proj.weight,transformer.h.5.attn.c_proj.weight,"[384, 384]",outside_cross,0.0683499127626419,0.6999437986125597,,,0.4958353042602539,1.0549683570861816,1.0948413610458374,0.55960613489151,0.9859927892684937,1.0937774181365967,0.451409250497818,1.0474648475646973,0.5138496160507202,0.9860541820526123,0.9999998211860657,0.0637708306312561,0.06897556781768799,0.12648809242322498,0.06538164614548082,0.06244036555290222,0.06141066551208496
0,512,transformer.h.5.attn.c_proj.weight,transformer.h.5.attn.c_proj.weight,"[384, 384]",local_cross,0.04498152434825897,0.4606375889467451,,,0.4958353042602539,1.0549683570861816,1.0948413610458374,0.5760661959648132,0.9672778248786926,1.0932477712631226,0.451409250497818,1.0474648475646973,0.5151427388191223,0.9847421050071716,0.9999995231628418,0.08023089170455933,0.08769053220748901,0.15913627507542727,0.08312148096051895,0.06373348832130432,0.06272274255752563
0,512,transformer.h.5.attn.c_proj.weight,transformer.h.5.attn.c_proj.weight,"[384, 384]",medium_cross,0.05983950197696686,0.6127921255187717,,,0.4958353042602539,1.0549683570861816,1.0948413610458374,0.551410436630249,0.9976041913032532,1.098463773727417,0.451409250497818,1.0474648475646973,0.5023529529571533,0.9976441264152527,1.0000003576278687,0.05557513236999512,0.05736416578292847,0.11023209843849013,0.05437524774806333,0.05094370245933533,0.04982072114944458
0,512,transformer.h.5.attn.c_proj.weight,transformer.h.5.attn.c_proj.weight,"[384, 384]",distant_cross,0.028565801680088043,0.29253081577160783,,,0.4958353042602539,1.0549683570861816,1.0948413610458374,0.49923840165138245,1.0513360500335693,1.0946749448776245,0.451409250497818,1.0474648475646973,0.4534520208835602,1.0455125570297241,0.9999998807907104,0.00340309739112854,0.0036323070526123047,0.006749971626107764,0.0034430483418902936,0.0020427703857421875,0.0019522905349731445
0,512,transformer.h.5.mlp.w1.weight,transformer.h.5.mlp.w1.weight,"[1024, 384]",danger_diagonal,0.00027880482957698405,0.011874425445881366,,,0.8375387191772461,0.5647366046905518,0.9803311228752136,0.8386222720146179,0.5627564787864685,0.9799474477767944,0.8393058776855469,0.566920816898346,0.8401113152503967,0.565496563911438,0.9999995827674866,0.0010835528373718262,0.001980125904083252,0.006669606640329199,0.0035062821988814854,0.0008054375648498535,0.001424252986907959
0,512,transformer.h.5.mlp.w1.weight,transformer.h.5.mlp.w1.weight,"[1024, 384]",danger_cross,0.00436501856893301,0.18590814099355776,,,0.8375387191772461,0.5647366046905518,0.9803311228752136,0.8413111567497253,0.5578608512878418,0.9791685342788696,0.8393058776855469,0.566920816898346,0.84238600730896,0.5614601969718933,0.9999992251396179,0.003772437572479248,0.006875753402709961,0.02322053324567222,0.012175150938688558,0.003080129623413086,0.005460619926452637
0,512,transformer.h.5.mlp.w1.weight,transformer.h.5.mlp.w1.weight,"[1024, 384]",danger_full,0.00437391409650445,0.18628700558894196,,,0.8375387191772461,0.5647366046905518,0.9803311228752136,0.8422587513923645,0.5560582280158997,0.978607714176178,0.8393058776855469,0.566920816898346,0.8431752920150757,0.5600535273551941,0.999998927116394,0.004720032215118408,0.0086783766746521,0.02905327467083057,0.015367122659611251,0.0038694143295288086,0.0068672895431518555
0,512,transformer.h.5.mlp.w1.weight,transformer.h.5.mlp.w1.weight,"[1024, 384]",internal_cross,0.00031362767913378775,0.01335754656506281,,,0.8375387191772461,0.5647366046905518,0.9803311228752136,0.8376131653785706,0.5646102428436279,0.9803407192230225,0.8393058776855469,0.566920816898346,0.8393405079841614,0.5668581128120422,0.9999998807907104,7.444620132446289e-05,0.00012636184692382812,0.0004582396553039864,0.00022375359747234426,3.463029861450195e-05,6.270408630371094e-05
0,512,transformer.h.5.mlp.w1.weight,transformer.h.5.mlp.w1.weight,"[1024, 384]",outside_cross,0.0043537369929254055,0.18542765350194007,,,0.8375387191772461,0.5647366046905518,0.9803311228752136,0.8411973714828491,0.5580597519874573,0.9791606068611145,0.8393058776855469,0.566920816898346,0.8423231840133667,0.5615726709365845,0.9999990463256836,0.0036586523056030273,0.006676852703094482,0.022520149336965008,0.01182295011096912,0.0030173063278198242,0.005348145961761475
0,512,transformer.h.5.mlp.w1.weight,transformer.h.5.mlp.w1.weight,"[1024, 384]",local_cross,0.0027425005100667477,0.11680435339477195,,,0.8375387191772461,0.5647366046905518,0.9803311228752136,0.8404267430305481,0.5594740509986877,0.9794217348098755,0.8393058776855469,0.566920816898346,0.8415905833244324,0.5628747940063477,0.9999995827674866,0.002888023853302002,0.005262553691864014,0.017776690166888754,0.009318598525674881,0.002284705638885498,0.004046022891998291
0,512,transformer.h.5.mlp.w1.weight,transformer.h.5.mlp.w1.weight,"[1024, 384]",medium_cross,0.003217025427147746,0.1370145870504823,,,0.8375387191772461,0.5647366046905518,0.9803311228752136,0.8383244276046753,0.5633129477500916,0.9801021218299866,0.8393058776855469,0.566920816898346,0.8399866223335266,0.5657168030738831,1.0,0.0007857084274291992,0.001423656940460205,0.0048362811338808235,0.0025209220168051615,0.0006807446479797363,0.0012040138244628906
0,512,transformer.h.5.mlp.w1.weight,transformer.h.5.mlp.w1.weight,"[1024, 384]",distant_cross,0.0010875783627852798,0.046320460822152236,,,0.8375387191772461,0.5647366046905518,0.9803311228752136,0.8375378251075745,0.564738929271698,0.9803317785263062,0.8393058776855469,0.566920816898346,0.8393041491508484,0.5669224858283997,0.9999997019767761,-8.940696716308594e-07,-2.3245811462402344e-06,-5.503278486436986e-06,-4.116221840293126e-06,-1.7285346984863281e-06,-1.6689300537109375e-06
0,512,transformer.h.5.mlp.w2.weight,transformer.h.5.mlp.w2.weight,"[1024, 384]",danger_diagonal,0.00018514628754928708,0.008264862335935886,,,0.8382677435874939,0.5630934834480286,0.9788219332695007,0.8388164639472961,0.5620880722999573,0.9786157011985779,0.8404045104980469,0.5649781227111816,0.8408045172691345,0.5642702579498291,0.9999992251396179,0.0005487203598022461,0.001005411148071289,0.0033927700755173274,0.0017855137337317185,0.0004000067710876465,0.0007078647613525391
0,512,transformer.h.5.mlp.w2.weight,transformer.h.5.mlp.w2.weight,"[1024, 384]",danger_cross,0.003783658379688859,0.1689011216388231,,,0.8382677435874939,0.5630934834480286,0.9788219332695007,0.841515839099884,0.5571659207344055,0.977791965007782,0.8404045104980469,0.5649781227111816,0.8430414199829102,0.5602912306785583,0.9999998211860657,0.0032480955123901367,0.005927562713623047,0.020083164511757685,0.010526782653079911,0.0026369094848632812,0.004686892032623291
0,512,transformer.h.5.mlp.w2.weight,transformer.h.5.mlp.w2.weight,"[1024, 384]",danger_full,0.0037881857715547085,0.1691032227503678,,,0.8382677435874939,0.5630934834480286,0.9788219332695007,0.8419788479804993,0.5562763810157776,0.9774774312973022,0.8404045104980469,0.5649781227111816,0.8434231281280518,0.5596106052398682,0.9999992251396179,0.003711104393005371,0.0068171024322509766,0.022945975498789902,0.01210651984552787,0.003018617630004883,0.0053675174713134766
0,512,transformer.h.5.mlp.w2.weight,transformer.h.5.mlp.w2.weight,"[1024, 384]",internal_cross,0.00031543790828436613,0.014081032474452632,,,0.8382677435874939,0.5630934834480286,0.9788219332695007,0.8382987976074219,0.5630558133125305,0.9788864850997925,0.8404045104980469,0.5649781227111816,0.8404409289360046,0.5649139285087585,0.9999997019767761,3.1054019927978516e-05,3.7670135498046875e-05,0.00019200882134961194,6.689854634327994e-05,3.641843795776367e-05,6.41942024230957e-05
0,512,transformer.h.5.mlp.w2.weight,transformer.h.5.mlp.w2.weight,"[1024, 384]",outside_cross,0.0037704866845160723,0.16831314199972278,,,0.8382677435874939,0.5630934834480286,0.9788219332695007,0.8414108753204346,0.5573399662971497,0.9777409434318542,0.8404045104980469,0.5649781227111816,0.8429752588272095,0.5604107975959778,0.9999987483024597,0.003143131732940674,0.005753517150878906,0.019434167324815906,0.010217694432633111,0.0025707483291625977,0.004567325115203857
0,512,transformer.h.5.mlp.w2.weight,transformer.h.5.mlp.w2.weight,"[1024, 384]",local_cross,0.0023810560815036297,0.10628946973906642,,,0.8382677435874939,0.5630934834480286,0.9788219332695007,0.8406937718391418,0.5586860775947571,0.9781102538108826,0.8404045104980469,0.5649781227111816,0.8423095941543579,0.5615957975387573,0.9999998211860657,0.0024260282516479492,0.004407405853271484,0.01500027456155836,0.007827129922163754,0.0019050836563110352,0.0033823251724243164
0,512,transformer.h.5.mlp.w2.weight,transformer.h.5.mlp.w2.weight,"[1024, 384]",medium_cross,0.0028255206998437643,0.12613020720347604,,,0.8382677435874939,0.5630934834480286,0.9788219332695007,0.8389894962310791,0.5617838501930237,0.9786059260368347,0.8404045104980469,0.5649781227111816,0.841015636920929,0.5638967752456665,0.9999994039535522,0.0007217526435852051,0.0013096332550048828,0.004462638805609311,0.0023257830067318777,0.0006111264228820801,0.0010813474655151367
0,512,transformer.h.5.mlp.w2.weight,transformer.h.5.mlp.w2.weight,"[1024, 384]",distant_cross,0.0008142945589497685,0.036349810302460914,,,0.8382677435874939,0.5630934834480286,0.9788219332695007,0.8382668495178223,0.5630943775177002,0.9788220524787903,0.8404045104980469,0.5649781227111816,0.8404045104980469,0.5649781227111816,0.9999998211860657,-8.940696716308594e-07,-8.940696716308594e-07,-5.528085067647177e-06,-1.5877819543499985e-06,0.0,0.0
0,512,transformer.h.5.mlp.c_proj.weight,transformer.h.5.mlp.c_proj.weight,"[384, 1024]",danger_diagonal,0.0006526075885631144,0.008440994504582189,,,0.8415235280990601,0.5665347576141357,1.0121500492095947,0.8418856859207153,0.5658858418464661,1.0121495723724365,0.8332356810569763,0.5775250196456909,0.8336042165756226,0.5768866539001465,0.9999990463256836,0.00036215782165527344,0.0006489157676696777,0.002285246619331923,0.0011454121021673507,0.00036853551864624023,0.0006383657455444336
0,512,transformer.h.5.mlp.c_proj.weight,transformer.h.5.mlp.c_proj.weight,"[384, 1024]",danger_cross,0.012488627806305885,0.16153112610121811,,,0.8415235280990601,0.5665347576141357,1.0121500492095947,0.8436503410339355,0.562492847442627,1.0113823413848877,0.8332356810569763,0.5775250196456909,0.8356187343597412,0.5733840465545654,0.9999991059303284,0.0021268129348754883,0.004041910171508789,0.013420370288183289,0.007134443416200275,0.0023830533027648926,0.004140973091125488
0,512,transformer.h.5.mlp.c_proj.weight,transformer.h.5.mlp.c_proj.weight,"[384, 1024]",danger_full,0.012505668215453625,0.16175153113862903,,,0.8415235280990601,0.5665347576141357,1.0121500492095947,0.8439746499061584,0.5619207620620728,1.0114126205444336,0.8332356810569763,0.5775250196456909,0.8359686136245728,0.5727741122245789,0.9999987483024597,0.0024511218070983887,0.004613995552062988,0.015466786821393458,0.008144240913821495,0.0027329325675964355,0.0047509074211120605
0,512,transformer.h.5.mlp.c_proj.weight,transformer.h.5.mlp.c_proj.weight,"[384, 1024]",internal_cross,0.0010778132127597928,0.013940713478221569,,,0.8415235280990601,0.5665347576141357,1.0121500492095947,0.8415666222572327,0.5664433240890503,1.0120967626571655,0.8332356810569763,0.5775250196456909,0.8332700729370117,0.5774650573730469,0.9999995231628418,4.309415817260742e-05,9.143352508544922e-05,0.0002719277988441376,0.00016139084823410638,3.439188003540039e-05,5.996227264404297e-05
0,512,transformer.h.5.mlp.c_proj.weight,transformer.h.5.mlp.c_proj.weight,"[384, 1024]",outside_cross,0.012442031875252724,0.1609284423371178,,,0.8415235280990601,0.5665347576141357,1.0121500492095947,0.8436141014099121,0.5625784397125244,1.0114517211914062,0.8332356810569763,0.5775250196456909,0.8355643153190613,0.5734790563583374,0.9999991059303284,0.0020905733108520508,0.003956317901611328,0.013191695182101358,0.006983363065441358,0.002328634262084961,0.004045963287353516
0,512,transformer.h.5.mlp.c_proj.weight,transformer.h.5.mlp.c_proj.weight,"[384, 1024]",local_cross,0.008738472126424313,0.11302564740320778,,,0.8415235280990601,0.5665347576141357,1.0121500492095947,0.8430886268615723,0.5635489225387573,1.0115461349487305,0.8332356810569763,0.5775250196456909,0.8350416421890259,0.5743902921676636,0.9999987483024597,0.001565098762512207,0.002985835075378418,0.009875906143913368,0.005270347556348973,0.0018059611320495605,0.0031347274780273438
0,512,transformer.h.5.mlp.c_proj.weight,transformer.h.5.mlp.c_proj.weight,"[384, 1024]",medium_cross,0.008821518160402775,0.11409978617928752,,,0.8415235280990601,0.5665347576141357,1.0121500492095947,0.8420437574386597,0.5655267238616943,1.011892557144165,0.8332356810569763,0.5775250196456909,0.8337318897247314,0.576668381690979,0.9999972581863403,0.0005202293395996094,0.0010080337524414062,0.0032826913254656058,0.0017792972785757543,0.000496208667755127,0.0008566379547119141
0,512,transformer.h.5.mlp.c_proj.weight,transformer.h.5.mlp.c_proj.weight,"[384, 1024]",distant_cross,0.0013363297330215573,0.01728443268270984,,,0.8415235280990601,0.5665347576141357,1.0121500492095947,0.8415250182151794,0.5665329098701477,1.0121495723724365,0.8332356810569763,0.5775250196456909,0.8332377672195435,0.5775232315063477,0.9999980330467224,1.4901161193847656e-06,1.8477439880371094e-06,9.402759296132006e-06,3.2614838952133623e-06,2.086162567138672e-06,1.7881393432617188e-06
0,1024,transformer.h.0.attn.c_attn.weight,transformer.h.0.attn.c_attn.weight,"[1152, 384]",danger_diagonal,0.0014713610289618373,0.030286974522976788,,,0.5921578407287598,0.9112908244132996,1.0177110433578491,0.5951774716377258,0.9078872799873352,1.0176578760147095,0.616245687007904,0.8760788440704346,0.6190527677536011,0.8728687167167664,0.9999997019767761,0.0030196309089660645,0.0034035444259643555,0.0074039204636463865,0.0037348608531810904,0.0028070807456970215,0.003210127353668213
0,1024,transformer.h.0.attn.c_attn.weight,transformer.h.0.attn.c_attn.weight,"[1152, 384]",danger_cross,0.03805525600910187,0.7833417811985028,,,0.5921578407287598,0.9112908244132996,1.0177110433578491,0.7369295954704285,0.7478168606758118,1.0567578077316284,0.616245687007904,0.8760788440704346,0.7467751502990723,0.7116557955741882,1.0000004768371582,0.1447717547416687,0.1634739637374878,0.3549700575348968,0.17938725965197155,0.1305294632911682,0.16442304849624634
0,1024,transformer.h.0.attn.c_attn.weight,transformer.h.0.attn.c_attn.weight,"[1152, 384]",danger_full,0.03808368742465973,0.7839270227141496,,,0.5921578407287598,0.9112908244132996,1.0177110433578491,0.741301417350769,0.741665780544281,1.0568819046020508,0.616245687007904,0.8760788440704346,0.7506815791130066,0.706146240234375,0.9999992251396179,0.14914357662200928,0.16962504386901855,0.36568945419597876,0.18613711377838713,0.13443589210510254,0.16993260383605957
0,1024,transformer.h.0.attn.c_attn.weight,transformer.h.0.attn.c_attn.weight,"[1152, 384]",internal_cross,0.018041646108031273,0.37137511818703955,,,0.5921578407287598,0.9112908244132996,1.0177110433578491,0.6336008906364441,0.8753612637519836,1.043114423751831,0.616245687007904,0.8760788440704346,0.6516262888908386,0.8347164392471313,1.000001072883606,0.041443049907684326,0.03592956066131592,0.10161541411446416,0.039427106801440494,0.03538060188293457,0.04136240482330322
0,1024,transformer.h.0.attn.c_attn.weight,transformer.h.0.attn.c_attn.weight,"[1152, 384]",outside_cross,0.03350676968693733,0.6897142576703676,,,0.5921578407287598,0.9112908244132996,1.0177110433578491,0.6411009430885315,0.8546077609062195,1.017080307006836,0.616245687007904,0.8760788440704346,0.6682316064834595,0.8145817518234253,0.9999995827674866,0.04894310235977173,0.05668306350708008,0.12000500989703113,0.06220084959548818,0.05198591947555542,0.06149709224700928
0,1024,transformer.h.0.attn.c_attn.weight,transformer.h.0.attn.c_attn.weight,"[1152, 384]",local_cross,0.02278820052742958,0.46907973992333274,,,0.5921578407287598,0.9112908244132996,1.0177110433578491,0.6624026894569397,0.8412677645683289,1.0451604127883911,0.616245687007904,0.8760788440704346,0.6752820611000061,0.8058790564537048,1.0000003576278687,0.07024484872817993,0.0700230598449707,0.172235378641821,0.07683942158646492,0.05903637409210205,0.07019978761672974
0,1024,transformer.h.0.attn.c_attn.weight,transformer.h.0.attn.c_attn.weight,"[1152, 384]",medium_cross,0.028339020907878876,0.5833396340860241,,,0.5921578407287598,0.9112908244132996,1.0177110433578491,0.6164184212684631,0.8849976658821106,1.020384669303894,0.616245687007904,0.8760788440704346,0.6455265283584595,0.8419925570487976,1.0000007152557373,0.02426058053970337,0.026293158531188965,0.05948521992688006,0.028852653649966056,0.02928084135055542,0.03408628702163696
0,1024,transformer.h.0.attn.c_attn.weight,transformer.h.0.attn.c_attn.weight,"[1152, 384]",distant_cross,0.011216158047318459,0.23087704943803164,,,0.5921578407287598,0.9112908244132996,1.0177110433578491,0.592433512210846,0.9110144972801208,1.0177812576293945,0.616245687007904,0.8760788440704346,0.6164869666099548,0.8758028745651245,1.0000001192092896,0.00027567148208618164,0.00027632713317871094,0.0006759268894092998,0.0003032260676569566,0.00024127960205078125,0.0002759695053100586
0,1024,transformer.h.0.attn.c_proj.weight,transformer.h.0.attn.c_proj.weight,"[384, 384]",danger_diagonal,0.004406156484037638,0.02909828605367866,,,0.5534431338310242,0.9685721397399902,1.047842264175415,0.5538798570632935,0.9680440425872803,1.0477322340011597,0.5236919522285461,0.9760206937789917,0.5237056612968445,0.9760072827339172,0.9999998211860657,0.0004367232322692871,0.0005280971527099609,0.000977978988467803,0.0005452326481863568,1.3709068298339844e-05,1.341104507446289e-05
0,1024,transformer.h.0.attn.c_proj.weight,transformer.h.0.attn.c_proj.weight,"[384, 384]",danger_cross,0.1189253032207489,0.7853834752974387,,,0.5534431338310242,0.9685721397399902,1.047842264175415,0.8889197111129761,0.4878444969654083,1.0567585229873657,0.5236919522285461,0.9760206937789917,0.840498685836792,0.564805805683136,0.9999995231628418,0.3354765772819519,0.4807276427745819,0.7512516382516187,0.49632611041613434,0.31680673360824585,0.4112148880958557
0,1024,transformer.h.0.attn.c_proj.weight,transformer.h.0.attn.c_proj.weight,"[384, 384]",danger_full,0.11900690197944641,0.7859223540301408,,,0.5534431338310242,0.9685721397399902,1.047842264175415,0.8953472971916199,0.4739302098751068,1.057374358177185,0.5236919522285461,0.9760206937789917,0.8561225533485413,0.5364285111427307,1.0000008344650269,0.3419041633605957,0.4946419298648834,0.7656452946156698,0.5106918829997199,0.3324306011199951,0.439592182636261
0,1024,transformer.h.0.attn.c_proj.weight,transformer.h.0.attn.c_proj.weight,"[384, 384]",internal_cross,0.05804276466369629,0.3833147950258226,,,0.5534431338310242,0.9685721397399902,1.047842264175415,0.6380784511566162,0.873029351234436,1.0495647192001343,0.5236919522285461,0.9760206937789917,0.5925682187080383,0.9026994705200195,0.9999993443489075,0.08463531732559204,0.0955427885055542,0.1895286440261928,0.09864292455407846,0.06887626647949219,0.07332122325897217
0,1024,transformer.h.0.attn.c_proj.weight,transformer.h.0.attn.c_proj.weight,"[384, 384]",outside_cross,0.10379921644926071,0.6854906999627332,,,0.5534431338310242,0.9685721397399902,1.047842264175415,0.6271388530731201,0.8850054740905762,1.0473018884658813,0.5236919522285461,0.9760206937789917,0.5940603613853455,0.9010443091392517,0.9999998807907104,0.07369571924209595,0.08356666564941406,0.16503098446192002,0.08627820502027576,0.07036840915679932,0.07497638463973999
0,1024,transformer.h.0.attn.c_proj.weight,transformer.h.0.attn.c_proj.weight,"[384, 384]",local_cross,0.06594621390104294,0.4355092251492618,,,0.5534431338310242,0.9685721397399902,1.047842264175415,0.6388620138168335,0.874373197555542,1.054398775100708,0.5236919522285461,0.9760206937789917,0.5918648838996887,0.9034776091575623,0.9999997019767761,0.08541887998580933,0.09419894218444824,0.1912833201258786,0.09725547361886293,0.06817293167114258,0.07254308462142944
0,1024,transformer.h.0.attn.c_proj.weight,transformer.h.0.attn.c_proj.weight,"[384, 384]",medium_cross,0.08974481374025345,0.5926753331409141,,,0.5534431338310242,0.9685721397399902,1.047842264175415,0.6046313643455505,0.9132777452468872,1.0514596700668335,0.5236919522285461,0.9760206937789917,0.5773530602455139,0.9193991422653198,1.0,0.05118823051452637,0.05529439449310303,0.11462869433331452,0.05708856596675041,0.05366110801696777,0.056621551513671875
0,1024,transformer.h.0.attn.c_proj.weight,transformer.h.0.attn.c_proj.weight,"[384, 384]",distant_cross,0.041715823113918304,0.2754915669316219,,,0.5534431338310242,0.9685721397399902,1.047842264175415,0.5555314421653748,0.9663439393043518,1.0479084253311157,0.5236919522285461,0.9760206937789917,0.5260459780693054,0.9736064076423645,1.000000238418579,0.002088308334350586,0.0022282004356384277,0.004676466744910325,0.0023005002355700427,0.0023540258407592773,0.0024142861366271973
0,1024,transformer.h.0.mlp.w1.weight,transformer.h.0.mlp.w1.weight,"[1024, 384]",danger_diagonal,0.0,0.0,,,0.9237164855003357,0.39227283000946045,1.0081067085266113,0.9237164855003357,0.39227283000946045,1.0081067085266113,0.9212663173675537,0.39683642983436584,0.9212663173675537,0.39683642983436584,1.000001072883606,0.0,0.0,0.0,0.0,0.0,0.0
0,1024,transformer.h.0.mlp.w1.weight,transformer.h.0.mlp.w1.weight,"[1024, 384]",danger_cross,0.0,0.0,,,0.9237164855003357,0.39227283000946045,1.0081067085266113,0.9237164855003357,0.39227283000946045,1.0081067085266113,0.9212663173675537,0.39683642983436584,0.9212663173675537,0.39683642983436584,1.000001072883606,0.0,0.0,0.0,0.0,0.0,0.0
0,1024,transformer.h.0.mlp.w1.weight,transformer.h.0.mlp.w1.weight,"[1024, 384]",danger_full,0.0,0.0,,,0.9237164855003357,0.39227283000946045,1.0081067085266113,0.9237164855003357,0.39227283000946045,1.0081067085266113,0.9212663173675537,0.39683642983436584,0.9212663173675537,0.39683642983436584,1.000001072883606,0.0,0.0,0.0,0.0,0.0,0.0
0,1024,transformer.h.0.mlp.w1.weight,transformer.h.0.mlp.w1.weight,"[1024, 384]",internal_cross,0.0,0.0,,,0.9237164855003357,0.39227283000946045,1.0081067085266113,0.9237164855003357,0.39227283000946045,1.0081067085266113,0.9212663173675537,0.39683642983436584,0.9212663173675537,0.39683642983436584,1.000001072883606,0.0,0.0,0.0,0.0,0.0,0.0
0,1024,transformer.h.0.mlp.w1.weight,transformer.h.0.mlp.w1.weight,"[1024, 384]",outside_cross,0.0,0.0,,,0.9237164855003357,0.39227283000946045,1.0081067085266113,0.9237164855003357,0.39227283000946045,1.0081067085266113,0.9212663173675537,0.39683642983436584,0.9212663173675537,0.39683642983436584,1.000001072883606,0.0,0.0,0.0,0.0,0.0,0.0
0,1024,transformer.h.0.mlp.w1.weight,transformer.h.0.mlp.w1.weight,"[1024, 384]",local_cross,0.0,0.0,,,0.9237164855003357,0.39227283000946045,1.0081067085266113,0.9237164855003357,0.39227283000946045,1.0081067085266113,0.9212663173675537,0.39683642983436584,0.9212663173675537,0.39683642983436584,1.000001072883606,0.0,0.0,0.0,0.0,0.0,0.0
0,1024,transformer.h.0.mlp.w1.weight,transformer.h.0.mlp.w1.weight,"[1024, 384]",medium_cross,0.0,0.0,,,0.9237164855003357,0.39227283000946045,1.0081067085266113,0.9237164855003357,0.39227283000946045,1.0081067085266113,0.9212663173675537,0.39683642983436584,0.9212663173675537,0.39683642983436584,1.000001072883606,0.0,0.0,0.0,0.0,0.0,0.0
0,1024,transformer.h.0.mlp.w1.weight,transformer.h.0.mlp.w1.weight,"[1024, 384]",distant_cross,0.0,0.0,,,0.9237164855003357,0.39227283000946045,1.0081067085266113,0.9237164855003357,0.39227283000946045,1.0081067085266113,0.9212663173675537,0.39683642983436584,0.9212663173675537,0.39683642983436584,1.000001072883606,0.0,0.0,0.0,0.0,0.0,0.0
0,1024,transformer.h.0.mlp.w2.weight,transformer.h.0.mlp.w2.weight,"[1024, 384]",danger_diagonal,0.0,0.0,,,0.9235019087791443,0.3928448557853699,1.0081939697265625,0.9235019087791443,0.3928448557853699,1.0081939697265625,0.921203076839447,0.396994024515152,0.921203076839447,0.396994024515152,1.000000238418579,0.0,0.0,0.0,0.0,0.0,0.0
0,1024,transformer.h.0.mlp.w2.weight,transformer.h.0.mlp.w2.weight,"[1024, 384]",danger_cross,0.0,0.0,,,0.9235019087791443,0.3928448557853699,1.0081939697265625,0.9235019087791443,0.3928448557853699,1.0081939697265625,0.921203076839447,0.396994024515152,0.921203076839447,0.396994024515152,1.000000238418579,0.0,0.0,0.0,0.0,0.0,0.0
0,1024,transformer.h.0.mlp.w2.weight,transformer.h.0.mlp.w2.weight,"[1024, 384]",danger_full,0.0,0.0,,,0.9235019087791443,0.3928448557853699,1.0081939697265625,0.9235019087791443,0.3928448557853699,1.0081939697265625,0.921203076839447,0.396994024515152,0.921203076839447,0.396994024515152,1.000000238418579,0.0,0.0,0.0,0.0,0.0,0.0
0,1024,transformer.h.0.mlp.w2.weight,transformer.h.0.mlp.w2.weight,"[1024, 384]",internal_cross,0.0,0.0,,,0.9235019087791443,0.3928448557853699,1.0081939697265625,0.9235019087791443,0.3928448557853699,1.0081939697265625,0.921203076839447,0.396994024515152,0.921203076839447,0.396994024515152,1.000000238418579,0.0,0.0,0.0,0.0,0.0,0.0
0,1024,transformer.h.0.mlp.w2.weight,transformer.h.0.mlp.w2.weight,"[1024, 384]",outside_cross,0.0,0.0,,,0.9235019087791443,0.3928448557853699,1.0081939697265625,0.9235019087791443,0.3928448557853699,1.0081939697265625,0.921203076839447,0.396994024515152,0.921203076839447,0.396994024515152,1.000000238418579,0.0,0.0,0.0,0.0,0.0,0.0
0,1024,transformer.h.0.mlp.w2.weight,transformer.h.0.mlp.w2.weight,"[1024, 384]",local_cross,0.0,0.0,,,0.9235019087791443,0.3928448557853699,1.0081939697265625,0.9235019087791443,0.3928448557853699,1.0081939697265625,0.921203076839447,0.396994024515152,0.921203076839447,0.396994024515152,1.000000238418579,0.0,0.0,0.0,0.0,0.0,0.0
0,1024,transformer.h.0.mlp.w2.weight,transformer.h.0.mlp.w2.weight,"[1024, 384]",medium_cross,0.0,0.0,,,0.9235019087791443,0.3928448557853699,1.0081939697265625,0.9235019087791443,0.3928448557853699,1.0081939697265625,0.921203076839447,0.396994024515152,0.921203076839447,0.396994024515152,1.000000238418579,0.0,0.0,0.0,0.0,0.0,0.0
0,1024,transformer.h.0.mlp.w2.weight,transformer.h.0.mlp.w2.weight,"[1024, 384]",distant_cross,0.0,0.0,,,0.9235019087791443,0.3928448557853699,1.0081939697265625,0.9235019087791443,0.3928448557853699,1.0081939697265625,0.921203076839447,0.396994024515152,0.921203076839447,0.396994024515152,1.000000238418579,0.0,0.0,0.0,0.0,0.0,0.0
0,1024,transformer.h.0.mlp.c_proj.weight,transformer.h.0.mlp.c_proj.weight,"[384, 1024]",danger_diagonal,0.0,0.0,,,0.8850911855697632,0.48260369896888733,1.0126866102218628,0.8850911855697632,0.48260369896888733,1.0126866102218628,0.8783918023109436,0.493181049823761,0.8783918023109436,0.493181049823761,1.000000238418579,0.0,0.0,0.0,0.0,0.0,0.0
0,1024,transformer.h.0.mlp.c_proj.weight,transformer.h.0.mlp.c_proj.weight,"[384, 1024]",danger_cross,0.0,0.0,,,0.8850911855697632,0.48260369896888733,1.0126866102218628,0.8850911855697632,0.48260369896888733,1.0126866102218628,0.8783918023109436,0.493181049823761,0.8783918023109436,0.493181049823761,1.000000238418579,0.0,0.0,0.0,0.0,0.0,0.0
0,1024,transformer.h.0.mlp.c_proj.weight,transformer.h.0.mlp.c_proj.weight,"[384, 1024]",danger_full,0.0,0.0,,,0.8850911855697632,0.48260369896888733,1.0126866102218628,0.8850911855697632,0.48260369896888733,1.0126866102218628,0.8783918023109436,0.493181049823761,0.8783918023109436,0.493181049823761,1.000000238418579,0.0,0.0,0.0,0.0,0.0,0.0
0,1024,transformer.h.0.mlp.c_proj.weight,transformer.h.0.mlp.c_proj.weight,"[384, 1024]",internal_cross,0.0,0.0,,,0.8850911855697632,0.48260369896888733,1.0126866102218628,0.8850911855697632,0.48260369896888733,1.0126866102218628,0.8783918023109436,0.493181049823761,0.8783918023109436,0.493181049823761,1.000000238418579,0.0,0.0,0.0,0.0,0.0,0.0
0,1024,transformer.h.0.mlp.c_proj.weight,transformer.h.0.mlp.c_proj.weight,"[384, 1024]",outside_cross,0.0,0.0,,,0.8850911855697632,0.48260369896888733,1.0126866102218628,0.8850911855697632,0.48260369896888733,1.0126866102218628,0.8783918023109436,0.493181049823761,0.8783918023109436,0.493181049823761,1.000000238418579,0.0,0.0,0.0,0.0,0.0,0.0
0,1024,transformer.h.0.mlp.c_proj.weight,transformer.h.0.mlp.c_proj.weight,"[384, 1024]",local_cross,0.0,0.0,,,0.8850911855697632,0.48260369896888733,1.0126866102218628,0.8850911855697632,0.48260369896888733,1.0126866102218628,0.8783918023109436,0.493181049823761,0.8783918023109436,0.493181049823761,1.000000238418579,0.0,0.0,0.0,0.0,0.0,0.0
0,1024,transformer.h.0.mlp.c_proj.weight,transformer.h.0.mlp.c_proj.weight,"[384, 1024]",medium_cross,0.0,0.0,,,0.8850911855697632,0.48260369896888733,1.0126866102218628,0.8850911855697632,0.48260369896888733,1.0126866102218628,0.8783918023109436,0.493181049823761,0.8783918023109436,0.493181049823761,1.000000238418579,0.0,0.0,0.0,0.0,0.0,0.0
0,1024,transformer.h.0.mlp.c_proj.weight,transformer.h.0.mlp.c_proj.weight,"[384, 1024]",distant_cross,0.0,0.0,,,0.8850911855697632,0.48260369896888733,1.0126866102218628,0.8850911855697632,0.48260369896888733,1.0126866102218628,0.8783918023109436,0.493181049823761,0.8783918023109436,0.493181049823761,1.000000238418579,0.0,0.0,0.0,0.0,0.0,0.0
0,1024,transformer.h.1.attn.c_attn.weight,transformer.h.1.attn.c_attn.weight,"[1152, 384]",danger_diagonal,0.0013537066988646984,0.03384375249718871,,,0.5779860019683838,0.9264276623725891,1.0165462493896484,0.5823014974594116,0.9216930866241455,1.0165704488754272,0.5974757075309753,0.8972484469413757,0.6014834046363831,0.8927695751190186,1.0000004768371582,0.004315495491027832,0.0047345757484436035,0.010225953430825595,0.005110572514985482,0.004007697105407715,0.004478871822357178
0,1024,transformer.h.1.attn.c_attn.weight,transformer.h.1.attn.c_attn.weight,"[1152, 384]",danger_cross,0.033375706523656845,0.8344194144512742,,,0.5779860019683838,0.9264276623725891,1.0165462493896484,0.7256298661231995,0.7612899541854858,1.051357388496399,0.5974757075309753,0.8972484469413757,0.7292028665542603,0.7359328269958496,1.0000009536743164,0.14764386415481567,0.16513770818710327,0.34985537172573733,0.17825213440214446,0.1317271590232849,0.16131561994552612
0,1024,transformer.h.1.attn.c_attn.weight,transformer.h.1.attn.c_attn.weight,"[1152, 384]",danger_full,0.033403147011995316,0.8351054486538884,,,0.5779860019683838,0.9264276623725891,1.0165462493896484,0.7306764721870422,0.7540954947471619,1.0509036779403687,0.5974757075309753,0.8972484469413757,0.7339310646057129,0.729479968547821,1.0000008344650269,0.15269047021865845,0.17233216762542725,0.36181375719963504,0.1860179424954595,0.13645535707473755,0.1677684783935547
0,1024,transformer.h.1.attn.c_attn.weight,transformer.h.1.attn.c_attn.weight,"[1152, 384]",internal_cross,0.017669852823019028,0.4417604833495606,,,0.5779860019683838,0.9264276623725891,1.0165462493896484,0.6381357312202454,0.869756281375885,1.0427190065383911,0.5974757075309753,0.8972484469413757,0.6467703580856323,0.8405135273933411,1.0000008344650269,0.06014972925186157,0.0566713809967041,0.14253017561601194,0.06117194390716725,0.04929465055465698,0.05673491954803467
0,1024,transformer.h.1.attn.c_attn.weight,transformer.h.1.attn.c_attn.weight,"[1152, 384]",outside_cross,0.028314560651779175,0.7078867110350548,,,0.5779860019683838,0.9264276623725891,1.0165462493896484,0.6151385307312012,0.883432149887085,1.0136915445327759,0.5974757075309753,0.8972484469413757,0.638311505317688,0.8505190014839172,1.0000001192092896,0.03715252876281738,0.04299551248550415,0.08803624746123707,0.04641000504604135,0.040835797786712646,0.046729445457458496
0,1024,transformer.h.1.attn.c_attn.weight,transformer.h.1.attn.c_attn.weight,"[1152, 384]",local_cross,0.020477429032325745,0.5119521389160585,,,0.5779860019683838,0.9264276623725891,1.0165462493896484,0.6497684121131897,0.854174017906189,1.0393955707550049,0.5974757075309753,0.8972484469413757,0.6576547622680664,0.8274631500244141,0.9999998211860657,0.07178241014480591,0.07225364446640015,0.17009485580956524,0.07799167425696028,0.060179054737091064,0.06978529691696167
0,1024,transformer.h.1.attn.c_attn.weight,transformer.h.1.attn.c_attn.weight,"[1152, 384]",medium_cross,0.0241550300270319,0.6038951114614652,,,0.5779860019683838,0.9264276623725891,1.0165462493896484,0.5979804992675781,0.9046597480773926,1.0174888372421265,0.5974757075309753,0.8972484469413757,0.6220767498016357,0.8693968653678894,1.0000001192092896,0.019994497299194336,0.021767914295196533,0.0473787537675383,0.023496615201934624,0.0246010422706604,0.027851581573486328
0,1024,transformer.h.1.attn.c_attn.weight,transformer.h.1.attn.c_attn.weight,"[1152, 384]",distant_cross,0.010542628355324268,0.2635741590306633,,,0.5779860019683838,0.9264276623725891,1.0165462493896484,0.5781992077827454,0.9262145757675171,1.0165883302688599,0.5974757075309753,0.8972484469413757,0.597679853439331,0.897020697593689,1.0000007152557373,0.00021320581436157227,0.00021308660507202148,0.0005052102900757321,0.00023000889732319185,0.0002041459083557129,0.00022774934768676758
0,1024,transformer.h.1.attn.c_proj.weight,transformer.h.1.attn.c_proj.weight,"[384, 384]",danger_diagonal,0.004938642960041761,0.03537458535074425,,,0.5123907923698425,1.035280704498291,1.0906193256378174,0.5155620574951172,1.0317533016204834,1.0902974605560303,0.4689261019229889,1.0306068658828735,0.47268205881118774,1.0269556045532227,1.0000001192092896,0.003171265125274658,0.003527402877807617,0.006503702300224002,0.0034071946501862383,0.0037559568881988525,0.003651261329650879
0,1024,transformer.h.1.attn.c_proj.weight,transformer.h.1.attn.c_proj.weight,"[384, 384]",danger_cross,0.1158226728439331,0.8296163661190025,,,0.5123907923698425,1.035280704498291,1.0906193256378174,0.8630011677742004,0.5643395185470581,1.1144965887069702,0.4689261019229889,1.0306068658828735,0.7845393419265747,0.6564487218856812,1.0000001192092896,0.3506103754043579,0.4709411859512329,0.7190396939146592,0.454892266324481,0.3156132400035858,0.3741581439971924
0,1024,transformer.h.1.attn.c_proj.weight,transformer.h.1.attn.c_proj.weight,"[384, 384]",danger_full,0.11592791974544525,0.8303702301927097,,,0.5123907923698425,1.035280704498291,1.0906193256378174,0.8695058226585388,0.5537224411964417,1.1197987794876099,0.4689261019229889,1.0306068658828735,0.7897480130195618,0.6484655737876892,0.9999995827674866,0.3571150302886963,0.48155826330184937,0.7323795873837587,0.4651475307223253,0.3208219110965729,0.3821412920951843
0,1024,transformer.h.1.attn.c_proj.weight,transformer.h.1.attn.c_proj.weight,"[384, 384]",internal_cross,0.0618894062936306,0.4433023611859585,,,0.5123907923698425,1.035280704498291,1.0906193256378174,0.6314525604248047,0.904272198677063,1.0966829061508179,0.4689261019229889,1.0306068658828735,0.5549708604812622,0.9434307813644409,1.0000004768371582,0.11906176805496216,0.13100850582122803,0.24417456887989755,0.1265439462476182,0.08604475855827332,0.08717608451843262
0,1024,transformer.h.1.attn.c_proj.weight,transformer.h.1.attn.c_proj.weight,"[384, 384]",outside_cross,0.09790089726448059,0.7012460050700908,,,0.5123907923698425,1.035280704498291,1.0906193256378174,0.5712121725082397,0.9733489155769348,1.094364881515503,0.4689261019229889,1.0306068658828735,0.5241314172744751,0.9755712747573853,1.0000001192092896,0.05882138013839722,0.0619317889213562,0.12063221780465667,0.05982125297251537,0.055205315351486206,0.05503559112548828
0,1024,transformer.h.1.attn.c_proj.weight,transformer.h.1.attn.c_proj.weight,"[384, 384]",local_cross,0.06707238405942917,0.48042707152252045,,,0.5123907923698425,1.035280704498291,1.0906193256378174,0.5995807647705078,0.9390565752983093,1.0908260345458984,0.4689261019229889,1.0306068658828735,0.5359789133071899,0.9633505940437317,1.0000003576278687,0.08718997240066528,0.09622412919998169,0.17881116893673848,0.09294496534310762,0.06705281138420105,0.06725627183914185
0,1024,transformer.h.1.attn.c_proj.weight,transformer.h.1.attn.c_proj.weight,"[384, 384]",medium_cross,0.08663713186979294,0.6205657385375677,,,0.5123907923698425,1.035280704498291,1.0906193256378174,0.5662373304367065,0.9788690209388733,1.0942606925964355,0.4689261019229889,1.0306068658828735,0.5156852602958679,0.9841908812522888,1.0000001192092896,0.053846538066864014,0.056411683559417725,0.11042969907923808,0.05448926394002048,0.04675915837287903,0.04641598463058472
0,1024,transformer.h.1.attn.c_proj.weight,transformer.h.1.attn.c_proj.weight,"[384, 384]",distant_cross,0.037552494555711746,0.26898156731361506,,,0.5123907923698425,1.035280704498291,1.0906193256378174,0.516465425491333,1.031931757926941,1.0923285484313965,0.4689261019229889,1.0306068658828735,0.4707386791706085,1.0288456678390503,1.0000003576278687,0.0040746331214904785,0.0033489465713500977,0.008356349834519557,0.0032348198481812096,0.001812577247619629,0.0017611980438232422
0,1024,transformer.h.1.mlp.w1.weight,transformer.h.1.mlp.w1.weight,"[1024, 384]",danger_diagonal,8.418153447564691e-05,0.002586983791617907,,,0.8867191076278687,0.47669517993927,1.0028952360153198,0.8867341876029968,0.47666090726852417,1.002886414527893,0.8811125755310059,0.48763033747673035,0.8811262845993042,0.48760202527046204,0.9999988079071045,1.5079975128173828e-05,3.427267074584961e-05,0.00013312020070106465,7.189640715523047e-05,1.3709068298339844e-05,2.8312206268310547e-05
0,1024,transformer.h.1.mlp.w1.weight,transformer.h.1.mlp.w1.weight,"[1024, 384]",danger_cross,0.004347485024482012,0.1336026168053539,,,0.8867191076278687,0.47669517993927,1.0028952360153198,0.8879979848861694,0.473819762468338,1.002158284187317,0.8811125755310059,0.48763033747673035,0.8824098110198975,0.4849602282047272,0.9999997019767761,0.0012788772583007812,0.002875417470932007,0.011289434886332186,0.006031983523094002,0.0012972354888916016,0.002670109272003174
0,1024,transformer.h.1.mlp.w1.weight,transformer.h.1.mlp.w1.weight,"[1024, 384]",danger_full,0.0043482999317348,0.1336276597303584,,,0.8867191076278687,0.47669517993927,1.0028952360153198,0.8880112767219543,0.4737902581691742,1.002148985862732,0.8811125755310059,0.48763033747673035,0.8824241757392883,0.4849335551261902,0.9999982714653015,0.0012921690940856934,0.002904921770095825,0.011406770082997552,0.006093876951862417,0.0013116002082824707,0.002696782350540161
0,1024,transformer.h.1.mlp.w1.weight,transformer.h.1.mlp.w1.weight,"[1024, 384]",internal_cross,0.0003777143429033458,0.011607544208347061,,,0.8867191076278687,0.47669517993927,1.0028952360153198,0.8867442607879639,0.4766300320625305,1.002851963043213,0.8811125755310059,0.48763033747673035,0.8811342716217041,0.48758599162101746,0.9999984502792358,2.5153160095214844e-05,6.514787673950195e-05,0.00022204239010217107,0.0001366656922098555,2.1696090698242188e-05,4.4345855712890625e-05
0,1024,transformer.h.1.mlp.w1.weight,transformer.h.1.mlp.w1.weight,"[1024, 384]",outside_cross,0.004331045784056187,0.1330974223016778,,,0.8867191076278687,0.47669517993927,1.0028952360153198,0.8879629373550415,0.47390568256378174,1.0022025108337402,0.8811125755310059,0.48763033747673035,0.8823758363723755,0.48503413796424866,0.9999977350234985,0.0012438297271728516,0.0027894973754882812,0.010980048807232478,0.0058517423562865845,0.001263260841369629,0.0025961995124816895
0,1024,transformer.h.1.mlp.w1.weight,transformer.h.1.mlp.w1.weight,"[1024, 384]",local_cross,0.0028140274807810783,0.08647791380013421,,,0.8867191076278687,0.47669517993927,1.0028952360153198,0.8876462578773499,0.47460076212882996,1.002320408821106,0.8811125755310059,0.48763033747673035,0.8820498585700989,0.4857061505317688,0.9999975562095642,0.0009271502494812012,0.0020944178104400635,0.008184524592510121,0.004393620700563593,0.0009372830390930176,0.0019241869449615479
0,1024,transformer.h.1.mlp.w1.weight,transformer.h.1.mlp.w1.weight,"[1024, 384]",medium_cross,0.003275973489508033,0.10067398238718205,,,0.8867191076278687,0.47669517993927,1.0028952360153198,0.8870691061019897,0.475924551486969,1.0027457475662231,0.8811125755310059,0.48763033747673035,0.8814436197280884,0.4869493246078491,0.9999992251396179,0.00034999847412109375,0.0007706284523010254,0.0030896514565875556,0.0016166063445390865,0.00033104419708251953,0.0006810128688812256
0,1024,transformer.h.1.mlp.w1.weight,transformer.h.1.mlp.w1.weight,"[1024, 384]",distant_cross,0.0004998688818886876,0.015361476877738551,,,0.8867191076278687,0.47669517993927,1.0028952360153198,0.8867213726043701,0.4766924977302551,1.0028917789459229,0.8811125755310059,0.48763033747673035,0.8811132907867432,0.4876288175582886,0.9999984502792358,2.2649765014648438e-06,2.682209014892578e-06,1.9994338445219196e-05,5.626675342583255e-06,7.152557373046875e-07,1.519918441772461e-06
0,1024,transformer.h.1.mlp.w2.weight,transformer.h.1.mlp.w2.weight,"[1024, 384]",danger_diagonal,0.000133325724164024,0.004213223281629472,,,0.884647786617279,0.4804656505584717,1.0005770921707153,0.8847609162330627,0.4802206754684448,1.0005358457565308,0.8793067336082458,0.491322785615921,0.8794072270393372,0.4911181330680847,1.000000238418579,0.0001131296157836914,0.00024497509002685547,0.0009807320767079232,0.0005098701431457325,0.0001004934310913086,0.0002046525478363037
0,1024,transformer.h.1.mlp.w2.weight,transformer.h.1.mlp.w2.weight,"[1024, 384]",danger_cross,0.004184159450232983,0.13222353090753697,,,0.884647786617279,0.4804656505584717,1.0005770921707153,0.8859741687774658,0.47747886180877686,0.999666690826416,0.8793067336082458,0.491322785615921,0.8805882334709167,0.4887081980705261,1.000000238418579,0.0013263821601867676,0.0029867887496948242,0.01149854104477419,0.006216445954509163,0.0012814998626708984,0.0026145875453948975
0,1024,transformer.h.1.mlp.w2.weight,transformer.h.1.mlp.w2.weight,"[1024, 384]",danger_full,0.004186282865703106,0.1322906329131806,,,0.884647786617279,0.4804656505584717,1.0005770921707153,0.8860592842102051,0.4772889316082001,0.9996203184127808,0.8793067336082458,0.491322785615921,0.8806810975074768,0.4885169267654419,1.0000008344650269,0.0014114975929260254,0.0031767189502716064,0.012236415336417455,0.006611750385441979,0.001374363899230957,0.002805858850479126
0,1024,transformer.h.1.mlp.w2.weight,transformer.h.1.mlp.w2.weight,"[1024, 384]",internal_cross,0.00027539246366359293,0.008702671196934969,,,0.884647786617279,0.4804656505584717,1.0005770921707153,0.88465815782547,0.48043951392173767,1.0005502700805664,0.8793067336082458,0.491322785615921,0.8793132901191711,0.49130842089653015,1.0000008344650269,1.0371208190917969e-05,2.613663673400879e-05,8.990905234308674e-05,5.439855420180139e-05,6.556510925292969e-06,1.436471939086914e-05
0,1024,transformer.h.1.mlp.w2.weight,transformer.h.1.mlp.w2.weight,"[1024, 384]",outside_cross,0.004175086971372366,0.1319368317022837,,,0.884647786617279,0.4804656505584717,1.0005770921707153,0.8859549164772034,0.4775252342224121,0.9997005462646484,0.8793067336082458,0.491322785615921,0.880571722984314,0.48874202370643616,1.0000003576278687,0.0013071298599243164,0.0029404163360595703,0.011331640907378692,0.006119930389699581,0.0012649893760681152,0.0025807619094848633
0,1024,transformer.h.1.mlp.w2.weight,transformer.h.1.mlp.w2.weight,"[1024, 384]",local_cross,0.0026797549799084663,0.08468287827578454,,,0.884647786617279,0.4804656505584717,1.0005770921707153,0.8856620192527771,0.478168249130249,0.9998176097869873,0.8793067336082458,0.491322785615921,0.8802676200866699,0.48936253786087036,1.000001072883606,0.0010142326354980469,0.0022974014282226562,0.008792485256723931,0.004781614305938957,0.0009608864784240723,0.001960247755050659
0,1024,transformer.h.1.mlp.w2.weight,transformer.h.1.mlp.w2.weight,"[1024, 384]",medium_cross,0.003166095819324255,0.10005172446268364,,,0.884647786617279,0.4804656505584717,1.0005770921707153,0.8849493265151978,0.47981175780296326,1.0004748106002808,0.8793067336082458,0.491322785615921,0.8795956969261169,0.49073660373687744,0.9999992251396179,0.00030153989791870117,0.0006538927555084229,0.0026140798609406656,0.0013609563030122283,0.00028896331787109375,0.0005861818790435791
0,1024,transformer.h.1.mlp.w2.weight,transformer.h.1.mlp.w2.weight,"[1024, 384]",distant_cross,0.0005494893994182348,0.017364402444867463,,,0.884647786617279,0.4804656505584717,1.0005770921707153,0.8846475481987,0.48046648502349854,1.0005755424499512,0.8793067336082458,0.491322785615921,0.8793073296546936,0.49132445454597473,0.999998927116394,-2.384185791015625e-07,-8.344650268554688e-07,-2.0668747665077414e-06,-1.73678394258887e-06,5.960464477539062e-07,-1.6689300537109375e-06
0,1024,transformer.h.1.mlp.c_proj.weight,transformer.h.1.mlp.c_proj.weight,"[384, 1024]",danger_diagonal,0.0,0.0,,,0.8614099621772766,0.5279965400695801,1.0056205987930298,0.8614099621772766,0.5279965400695801,1.0056205987930298,0.8533059358596802,0.5416644811630249,0.8533059358596802,0.5416644811630249,0.9999991059303284,0.0,0.0,0.0,0.0,0.0,0.0
0,1024,transformer.h.1.mlp.c_proj.weight,transformer.h.1.mlp.c_proj.weight,"[384, 1024]",danger_cross,0.0,0.0,,,0.8614099621772766,0.5279965400695801,1.0056205987930298,0.8614099621772766,0.5279965400695801,1.0056205987930298,0.8533059358596802,0.5416644811630249,0.8533059358596802,0.5416644811630249,0.9999991059303284,0.0,0.0,0.0,0.0,0.0,0.0
0,1024,transformer.h.1.mlp.c_proj.weight,transformer.h.1.mlp.c_proj.weight,"[384, 1024]",danger_full,0.0,0.0,,,0.8614099621772766,0.5279965400695801,1.0056205987930298,0.8614099621772766,0.5279965400695801,1.0056205987930298,0.8533059358596802,0.5416644811630249,0.8533059358596802,0.5416644811630249,0.9999991059303284,0.0,0.0,0.0,0.0,0.0,0.0
0,1024,transformer.h.1.mlp.c_proj.weight,transformer.h.1.mlp.c_proj.weight,"[384, 1024]",internal_cross,0.0,0.0,,,0.8614099621772766,0.5279965400695801,1.0056205987930298,0.8614099621772766,0.5279965400695801,1.0056205987930298,0.8533059358596802,0.5416644811630249,0.8533059358596802,0.5416644811630249,0.9999991059303284,0.0,0.0,0.0,0.0,0.0,0.0
0,1024,transformer.h.1.mlp.c_proj.weight,transformer.h.1.mlp.c_proj.weight,"[384, 1024]",outside_cross,0.0,0.0,,,0.8614099621772766,0.5279965400695801,1.0056205987930298,0.8614099621772766,0.5279965400695801,1.0056205987930298,0.8533059358596802,0.5416644811630249,0.8533059358596802,0.5416644811630249,0.9999991059303284,0.0,0.0,0.0,0.0,0.0,0.0
0,1024,transformer.h.1.mlp.c_proj.weight,transformer.h.1.mlp.c_proj.weight,"[384, 1024]",local_cross,0.0,0.0,,,0.8614099621772766,0.5279965400695801,1.0056205987930298,0.8614099621772766,0.5279965400695801,1.0056205987930298,0.8533059358596802,0.5416644811630249,0.8533059358596802,0.5416644811630249,0.9999991059303284,0.0,0.0,0.0,0.0,0.0,0.0
0,1024,transformer.h.1.mlp.c_proj.weight,transformer.h.1.mlp.c_proj.weight,"[384, 1024]",medium_cross,0.0,0.0,,,0.8614099621772766,0.5279965400695801,1.0056205987930298,0.8614099621772766,0.5279965400695801,1.0056205987930298,0.8533059358596802,0.5416644811630249,0.8533059358596802,0.5416644811630249,0.9999991059303284,0.0,0.0,0.0,0.0,0.0,0.0
0,1024,transformer.h.1.mlp.c_proj.weight,transformer.h.1.mlp.c_proj.weight,"[384, 1024]",distant_cross,0.0,0.0,,,0.8614099621772766,0.5279965400695801,1.0056205987930298,0.8614099621772766,0.5279965400695801,1.0056205987930298,0.8533059358596802,0.5416644811630249,0.8533059358596802,0.5416644811630249,0.9999991059303284,0.0,0.0,0.0,0.0,0.0,0.0
0,1024,transformer.h.2.attn.c_attn.weight,transformer.h.2.attn.c_attn.weight,"[1152, 384]",danger_diagonal,0.0039099156856536865,0.04012612071449238,,,0.504197895526886,1.07113516330719,1.1378686428070068,0.5072786211967468,1.06783926486969,1.137838363647461,0.49078190326690674,1.0091787576675415,0.49366456270217896,1.0063176155090332,1.0000003576278687,0.00308072566986084,0.0032958984375,0.0062136195914995335,0.003077014507976499,0.002882659435272217,0.0028611421585083008
0,1024,transformer.h.2.attn.c_attn.weight,transformer.h.2.attn.c_attn.weight,"[1152, 384]",danger_cross,0.08674298226833344,0.8902134105872156,,,0.504197895526886,1.07113516330719,1.1378686428070068,0.6746838092803955,0.8893197178840637,1.1707509756088257,0.49078190326690674,1.0091787576675415,0.64007967710495,0.8484373688697815,1.0000007152557373,0.17048591375350952,0.18181544542312622,0.34385879409423625,0.16974089886262422,0.1492977738380432,0.16074138879776
0,1024,transformer.h.2.attn.c_attn.weight,transformer.h.2.attn.c_attn.weight,"[1152, 384]",danger_full,0.08683105558156967,0.8911172767272476,,,0.504197895526886,1.07113516330719,1.1378686428070068,0.6799771785736084,0.8820325136184692,1.1702245473861694,0.49078190326690674,1.0091787576675415,0.6457339525222778,0.8417472839355469,1.0000007152557373,0.1757792830467224,0.1891026496887207,0.35453516929606826,0.17654415256507466,0.1549520492553711,0.16743147373199463
0,1024,transformer.h.2.attn.c_attn.weight,transformer.h.2.attn.c_attn.weight,"[1152, 384]",internal_cross,0.05428329110145569,0.5570907576112548,,,0.504197895526886,1.07113516330719,1.1378686428070068,0.5783782005310059,1.0008413791656494,1.1582050323486328,0.49078190326690674,1.0091787576675415,0.546699047088623,0.9521587491035461,1.0000005960464478,0.07418030500411987,0.07029378414154053,0.14961676107234528,0.06562550325068642,0.05591714382171631,0.05702000856399536
0,1024,transformer.h.2.attn.c_attn.weight,transformer.h.2.attn.c_attn.weight,"[1152, 384]",outside_cross,0.06765851378440857,0.6943560704998767,,,0.504197895526886,1.07113516330719,1.1378686428070068,0.5205085873603821,1.058043122291565,1.145311951637268,0.49078190326690674,1.0091787576675415,0.5111473202705383,0.9887927174568176,1.0000008344650269,0.016310691833496094,0.013092041015625,0.032897584916121665,0.012222585406684427,0.020365417003631592,0.020386040210723877
0,1024,transformer.h.2.attn.c_attn.weight,transformer.h.2.attn.c_attn.weight,"[1152, 384]",local_cross,0.05633430927991867,0.5781396521740194,,,0.504197895526886,1.07113516330719,1.1378686428070068,0.5349687337875366,1.0470867156982422,1.1534967422485352,0.49078190326690674,1.0091787576675415,0.5189353227615356,0.9808849096298218,1.000000238418579,0.030770838260650635,0.024048447608947754,0.06206274233819686,0.022451366020602687,0.028153419494628906,0.028293848037719727
0,1024,transformer.h.2.attn.c_attn.weight,transformer.h.2.attn.c_attn.weight,"[1152, 384]",medium_cross,0.06045496463775635,0.620428521705939,,,0.504197895526886,1.07113516330719,1.1378686428070068,0.5057719349861145,1.0715397596359253,1.141377568244934,0.49078190326690674,1.0091787576675415,0.49638670682907104,1.0036091804504395,1.0000008344650269,0.0015740394592285156,-0.00040459632873535156,0.0031747333160298667,-0.0003777266796901128,0.005604803562164307,0.005569577217102051
0,1024,transformer.h.2.attn.c_attn.weight,transformer.h.2.attn.c_attn.weight,"[1152, 384]",distant_cross,0.02638172172009945,0.27074654174284907,,,0.504197895526886,1.07113516330719,1.1378686428070068,0.5041154026985168,1.0712460279464722,1.1379112005233765,0.49078190326690674,1.0091787576675415,0.49067071080207825,1.0092885494232178,1.000000238418579,-8.249282836914062e-05,-0.00011086463928222656,-0.00016638257003125323,-0.00010350200710424422,-0.00011119246482849121,-0.00010979175567626953
0,1024,transformer.h.2.attn.c_proj.weight,transformer.h.2.attn.c_proj.weight,"[384, 384]",danger_diagonal,0.005404219496995211,0.03539805261486302,,,0.5116603970527649,1.0328996181488037,1.0849636793136597,0.5178837180137634,1.0262913703918457,1.0848720073699951,0.4665388762950897,1.032920002937317,0.4720698595046997,1.0275510549545288,0.9999998211860657,0.006223320960998535,0.006608247756958008,0.012743838352325815,0.006397763771857641,0.005530983209609985,0.005368947982788086
0,1024,transformer.h.2.attn.c_proj.weight,transformer.h.2.attn.c_proj.weight,"[384, 384]",danger_cross,0.12660041451454163,0.8292424348309523,,,0.5116603970527649,1.0328996181488037,1.0849636793136597,0.8657580018043518,0.5588238835334778,1.1143907308578491,0.4665388762950897,1.032920002937317,0.7936307787895203,0.6424486041069031,0.9999998211860657,0.3540976047515869,0.4740757346153259,0.7251052394983558,0.45897561223323896,0.32709190249443054,0.3904713988304138
0,1024,transformer.h.2.attn.c_proj.weight,transformer.h.2.attn.c_proj.weight,"[384, 384]",danger_full,0.12671571969985962,0.8299976926473533,,,0.5116603970527649,1.0328996181488037,1.0849636793136597,0.8715271353721619,0.5479357242584229,1.116046667098999,0.4665388762950897,1.032920002937317,0.7936305999755859,0.6424486041069031,0.9999998807907104,0.359866738319397,0.48496389389038086,0.736919013218513,0.4695169650266198,0.3270917236804962,0.3904713988304138
0,1024,transformer.h.2.attn.c_proj.weight,transformer.h.2.attn.c_proj.weight,"[384, 384]",internal_cross,0.06816572695970535,0.44649074501723096,,,0.5116603970527649,1.0328996181488037,1.0849636793136597,0.6278836727142334,0.9058368802070618,1.0913240909576416,0.4665388762950897,1.032920002937317,0.554767370223999,0.9436453580856323,0.9999998807907104,0.1162232756614685,0.12706273794174194,0.23799682630701238,0.12301557257758301,0.0882284939289093,0.08927464485168457
0,1024,transformer.h.2.attn.c_proj.weight,transformer.h.2.attn.c_proj.weight,"[384, 384]",outside_cross,0.10668234527111053,0.6987775520745286,,,0.5116603970527649,1.0328996181488037,1.0849636793136597,0.5654391050338745,0.9779669642448425,1.0909279584884644,0.4665388762950897,1.032920002937317,0.5201758146286011,0.9796162247657776,1.000000238418579,0.05377870798110962,0.05493265390396118,0.11012563317933563,0.05318295499267709,0.05363693833351135,0.05330377817153931
0,1024,transformer.h.2.attn.c_proj.weight,transformer.h.2.attn.c_proj.weight,"[384, 384]",local_cross,0.07293658703565598,0.47774024479801297,,,0.5116603970527649,1.0328996181488037,1.0849636793136597,0.5910328030586243,0.9447523951530457,1.0828403234481812,0.4665388762950897,1.032920002937317,0.527601420879364,0.9720072150230408,1.0000003576278687,0.07937240600585938,0.08814722299575806,0.16253526342493982,0.08533958329245815,0.06106254458427429,0.06091278791427612
0,1024,transformer.h.2.attn.c_proj.weight,transformer.h.2.attn.c_proj.weight,"[384, 384]",medium_cross,0.09483291953802109,0.6211629037818329,,,0.5116603970527649,1.0328996181488037,1.0849636793136597,0.558101236820221,0.9848219156265259,1.088524341583252,0.4665388762950897,1.032920002937317,0.5114994049072266,0.988433301448822,1.0000003576278687,0.046440839767456055,0.04807770252227783,0.09509947480641656,0.04654634552817848,0.04496052861213684,0.04448670148849487
0,1024,transformer.h.2.attn.c_proj.weight,transformer.h.2.attn.c_proj.weight,"[384, 384]",distant_cross,0.041408419609069824,0.2712283275753628,,,0.5116603970527649,1.0328996181488037,1.0849636793136597,0.5148001313209534,1.030351161956787,1.08632493019104,0.4665388762950897,1.032920002937317,0.46824556589126587,1.031265377998352,1.000000238418579,0.0031397342681884766,0.0025484561920166016,0.006429407423111911,0.00246728350677874,0.0017066895961761475,0.0016546249389648438
0,1024,transformer.h.2.mlp.w1.weight,transformer.h.2.mlp.w1.weight,"[1024, 384]",danger_diagonal,0.0,0.0,,,0.8814647793769836,0.48710450530052185,1.0008050203323364,0.8814647793769836,0.48710450530052185,1.0008050203323364,0.8757615685462952,0.4984855651855469,0.8757615685462952,0.4984855651855469,0.9999995231628418,0.0,0.0,0.0,0.0,0.0,0.0
0,1024,transformer.h.2.mlp.w1.weight,transformer.h.2.mlp.w1.weight,"[1024, 384]",danger_cross,0.0,0.0,,,0.8814647793769836,0.48710450530052185,1.0008050203323364,0.8814647793769836,0.48710450530052185,1.0008050203323364,0.8757615685462952,0.4984855651855469,0.8757615685462952,0.4984855651855469,0.9999995231628418,0.0,0.0,0.0,0.0,0.0,0.0
0,1024,transformer.h.2.mlp.w1.weight,transformer.h.2.mlp.w1.weight,"[1024, 384]",danger_full,0.0,0.0,,,0.8814647793769836,0.48710450530052185,1.0008050203323364,0.8814647793769836,0.48710450530052185,1.0008050203323364,0.8757615685462952,0.4984855651855469,0.8757615685462952,0.4984855651855469,0.9999995231628418,0.0,0.0,0.0,0.0,0.0,0.0
0,1024,transformer.h.2.mlp.w1.weight,transformer.h.2.mlp.w1.weight,"[1024, 384]",internal_cross,0.0,0.0,,,0.8814647793769836,0.48710450530052185,1.0008050203323364,0.8814647793769836,0.48710450530052185,1.0008050203323364,0.8757615685462952,0.4984855651855469,0.8757615685462952,0.4984855651855469,0.9999995231628418,0.0,0.0,0.0,0.0,0.0,0.0
0,1024,transformer.h.2.mlp.w1.weight,transformer.h.2.mlp.w1.weight,"[1024, 384]",outside_cross,0.0,0.0,,,0.8814647793769836,0.48710450530052185,1.0008050203323364,0.8814647793769836,0.48710450530052185,1.0008050203323364,0.8757615685462952,0.4984855651855469,0.8757615685462952,0.4984855651855469,0.9999995231628418,0.0,0.0,0.0,0.0,0.0,0.0
0,1024,transformer.h.2.mlp.w1.weight,transformer.h.2.mlp.w1.weight,"[1024, 384]",local_cross,0.0,0.0,,,0.8814647793769836,0.48710450530052185,1.0008050203323364,0.8814647793769836,0.48710450530052185,1.0008050203323364,0.8757615685462952,0.4984855651855469,0.8757615685462952,0.4984855651855469,0.9999995231628418,0.0,0.0,0.0,0.0,0.0,0.0
0,1024,transformer.h.2.mlp.w1.weight,transformer.h.2.mlp.w1.weight,"[1024, 384]",medium_cross,0.0,0.0,,,0.8814647793769836,0.48710450530052185,1.0008050203323364,0.8814647793769836,0.48710450530052185,1.0008050203323364,0.8757615685462952,0.4984855651855469,0.8757615685462952,0.4984855651855469,0.9999995231628418,0.0,0.0,0.0,0.0,0.0,0.0
0,1024,transformer.h.2.mlp.w1.weight,transformer.h.2.mlp.w1.weight,"[1024, 384]",distant_cross,0.0,0.0,,,0.8814647793769836,0.48710450530052185,1.0008050203323364,0.8814647793769836,0.48710450530052185,1.0008050203323364,0.8757615685462952,0.4984855651855469,0.8757615685462952,0.4984855651855469,0.9999995231628418,0.0,0.0,0.0,0.0,0.0,0.0
0,1024,transformer.h.2.mlp.w2.weight,transformer.h.2.mlp.w2.weight,"[1024, 384]",danger_diagonal,0.0,0.0,,,0.8786745071411133,0.4929635226726532,1.0014439821243286,0.8786745071411133,0.4929635226726532,1.0014439821243286,0.8727775812149048,0.504435658454895,0.8727775812149048,0.504435658454895,0.9999998211860657,0.0,0.0,0.0,0.0,0.0,0.0
0,1024,transformer.h.2.mlp.w2.weight,transformer.h.2.mlp.w2.weight,"[1024, 384]",danger_cross,0.0,0.0,,,0.8786745071411133,0.4929635226726532,1.0014439821243286,0.8786745071411133,0.4929635226726532,1.0014439821243286,0.8727775812149048,0.504435658454895,0.8727775812149048,0.504435658454895,0.9999998211860657,0.0,0.0,0.0,0.0,0.0,0.0
0,1024,transformer.h.2.mlp.w2.weight,transformer.h.2.mlp.w2.weight,"[1024, 384]",danger_full,0.0,0.0,,,0.8786745071411133,0.4929635226726532,1.0014439821243286,0.8786745071411133,0.4929635226726532,1.0014439821243286,0.8727775812149048,0.504435658454895,0.8727775812149048,0.504435658454895,0.9999998211860657,0.0,0.0,0.0,0.0,0.0,0.0
0,1024,transformer.h.2.mlp.w2.weight,transformer.h.2.mlp.w2.weight,"[1024, 384]",internal_cross,0.0,0.0,,,0.8786745071411133,0.4929635226726532,1.0014439821243286,0.8786745071411133,0.4929635226726532,1.0014439821243286,0.8727775812149048,0.504435658454895,0.8727775812149048,0.504435658454895,0.9999998211860657,0.0,0.0,0.0,0.0,0.0,0.0
0,1024,transformer.h.2.mlp.w2.weight,transformer.h.2.mlp.w2.weight,"[1024, 384]",outside_cross,0.0,0.0,,,0.8786745071411133,0.4929635226726532,1.0014439821243286,0.8786745071411133,0.4929635226726532,1.0014439821243286,0.8727775812149048,0.504435658454895,0.8727775812149048,0.504435658454895,0.9999998211860657,0.0,0.0,0.0,0.0,0.0,0.0
0,1024,transformer.h.2.mlp.w2.weight,transformer.h.2.mlp.w2.weight,"[1024, 384]",local_cross,0.0,0.0,,,0.8786745071411133,0.4929635226726532,1.0014439821243286,0.8786745071411133,0.4929635226726532,1.0014439821243286,0.8727775812149048,0.504435658454895,0.8727775812149048,0.504435658454895,0.9999998211860657,0.0,0.0,0.0,0.0,0.0,0.0
0,1024,transformer.h.2.mlp.w2.weight,transformer.h.2.mlp.w2.weight,"[1024, 384]",medium_cross,0.0,0.0,,,0.8786745071411133,0.4929635226726532,1.0014439821243286,0.8786745071411133,0.4929635226726532,1.0014439821243286,0.8727775812149048,0.504435658454895,0.8727775812149048,0.504435658454895,0.9999998211860657,0.0,0.0,0.0,0.0,0.0,0.0
0,1024,transformer.h.2.mlp.w2.weight,transformer.h.2.mlp.w2.weight,"[1024, 384]",distant_cross,0.0,0.0,,,0.8786745071411133,0.4929635226726532,1.0014439821243286,0.8786745071411133,0.4929635226726532,1.0014439821243286,0.8727775812149048,0.504435658454895,0.8727775812149048,0.504435658454895,0.9999998211860657,0.0,0.0,0.0,0.0,0.0,0.0
0,1024,transformer.h.2.mlp.c_proj.weight,transformer.h.2.mlp.c_proj.weight,"[384, 1024]",danger_diagonal,0.0,0.0,,,0.8938780426979065,0.4636725187301636,1.0121861696243286,0.8938780426979065,0.4636725187301636,1.0121861696243286,0.8878808617591858,0.4735479950904846,0.8878808617591858,0.4735479950904846,1.000001072883606,0.0,0.0,0.0,0.0,0.0,0.0
0,1024,transformer.h.2.mlp.c_proj.weight,transformer.h.2.mlp.c_proj.weight,"[384, 1024]",danger_cross,0.0,0.0,,,0.8938780426979065,0.4636725187301636,1.0121861696243286,0.8938780426979065,0.4636725187301636,1.0121861696243286,0.8878808617591858,0.4735479950904846,0.8878808617591858,0.4735479950904846,1.000001072883606,0.0,0.0,0.0,0.0,0.0,0.0
0,1024,transformer.h.2.mlp.c_proj.weight,transformer.h.2.mlp.c_proj.weight,"[384, 1024]",danger_full,0.0,0.0,,,0.8938780426979065,0.4636725187301636,1.0121861696243286,0.8938780426979065,0.4636725187301636,1.0121861696243286,0.8878808617591858,0.4735479950904846,0.8878808617591858,0.4735479950904846,1.000001072883606,0.0,0.0,0.0,0.0,0.0,0.0
0,1024,transformer.h.2.mlp.c_proj.weight,transformer.h.2.mlp.c_proj.weight,"[384, 1024]",internal_cross,0.0,0.0,,,0.8938780426979065,0.4636725187301636,1.0121861696243286,0.8938780426979065,0.4636725187301636,1.0121861696243286,0.8878808617591858,0.4735479950904846,0.8878808617591858,0.4735479950904846,1.000001072883606,0.0,0.0,0.0,0.0,0.0,0.0
0,1024,transformer.h.2.mlp.c_proj.weight,transformer.h.2.mlp.c_proj.weight,"[384, 1024]",outside_cross,0.0,0.0,,,0.8938780426979065,0.4636725187301636,1.0121861696243286,0.8938780426979065,0.4636725187301636,1.0121861696243286,0.8878808617591858,0.4735479950904846,0.8878808617591858,0.4735479950904846,1.000001072883606,0.0,0.0,0.0,0.0,0.0,0.0
0,1024,transformer.h.2.mlp.c_proj.weight,transformer.h.2.mlp.c_proj.weight,"[384, 1024]",local_cross,0.0,0.0,,,0.8938780426979065,0.4636725187301636,1.0121861696243286,0.8938780426979065,0.4636725187301636,1.0121861696243286,0.8878808617591858,0.4735479950904846,0.8878808617591858,0.4735479950904846,1.000001072883606,0.0,0.0,0.0,0.0,0.0,0.0
0,1024,transformer.h.2.mlp.c_proj.weight,transformer.h.2.mlp.c_proj.weight,"[384, 1024]",medium_cross,0.0,0.0,,,0.8938780426979065,0.4636725187301636,1.0121861696243286,0.8938780426979065,0.4636725187301636,1.0121861696243286,0.8878808617591858,0.4735479950904846,0.8878808617591858,0.4735479950904846,1.000001072883606,0.0,0.0,0.0,0.0,0.0,0.0
0,1024,transformer.h.2.mlp.c_proj.weight,transformer.h.2.mlp.c_proj.weight,"[384, 1024]",distant_cross,0.0,0.0,,,0.8938780426979065,0.4636725187301636,1.0121861696243286,0.8938780426979065,0.4636725187301636,1.0121861696243286,0.8878808617591858,0.4735479950904846,0.8878808617591858,0.4735479950904846,1.000001072883606,0.0,0.0,0.0,0.0,0.0,0.0
0,1024,transformer.h.3.attn.c_attn.weight,transformer.h.3.attn.c_attn.weight,"[1152, 384]",danger_diagonal,0.0015679086791351438,0.03760936966223148,,,0.5120699405670166,1.0137145519256592,1.0504266023635864,0.5162376165390015,1.0092390775680542,1.0501489639282227,0.5207071900367737,0.9790759086608887,0.5250711441040039,0.9746083617210388,0.9999987483024597,0.004167675971984863,0.0044754743576049805,0.008541543795903987,0.004414925630793539,0.004363954067230225,0.0044675469398498535
0,1024,transformer.h.3.attn.c_attn.weight,transformer.h.3.attn.c_attn.weight,"[1152, 384]",danger_cross,0.03687072545289993,0.8844167786848748,,,0.5120699405670166,1.0137145519256592,1.0504266023635864,0.6764981150627136,0.8403136134147644,1.081185221672058,0.5207071900367737,0.9790759086608887,0.6694315075874329,0.8131054043769836,1.0,0.16442817449569702,0.17340093851089478,0.3369912783950566,0.1710549958876502,0.14872431755065918,0.16597050428390503
0,1024,transformer.h.3.attn.c_attn.weight,transformer.h.3.attn.c_attn.weight,"[1152, 384]",danger_full,0.036904048174619675,0.8852160896243364,,,0.5120699405670166,1.0137145519256592,1.0504266023635864,0.6821136474609375,0.8328846096992493,1.0808264017105103,0.5207071900367737,0.9790759086608887,0.6756589412689209,0.8054102659225464,0.9999998211860657,0.1700437068939209,0.1808299422264099,0.3485001663794321,0.1783834925550828,0.15495175123214722,0.17366564273834229
0,1024,transformer.h.3.attn.c_attn.weight,transformer.h.3.attn.c_attn.weight,"[1152, 384]",internal_cross,0.02260272391140461,0.542170733710253,,,0.5120699405670166,1.0137145519256592,1.0504266023635864,0.5998032689094543,0.9322858452796936,1.0782560110092163,0.5207071900367737,0.9790759086608887,0.5934112668037415,0.9017655849456787,0.9999995231628418,0.08773332834243774,0.08142870664596558,0.17980718065288168,0.0803270570510042,0.07270407676696777,0.07731032371520996
0,1024,transformer.h.3.attn.c_attn.weight,transformer.h.3.attn.c_attn.weight,"[1152, 384]",outside_cross,0.029130183160305023,0.6987446663084586,,,0.5120699405670166,1.0137145519256592,1.0504266023635864,0.542234480381012,0.9798039793968201,1.046248197555542,0.5207071900367737,0.9790759086608887,0.5553975701332092,0.9429781436920166,1.0000008344650269,0.03016453981399536,0.03391057252883911,0.061821441886669465,0.03345179613375615,0.03469038009643555,0.03609776496887207
0,1024,transformer.h.3.attn.c_attn.weight,transformer.h.3.attn.c_attn.weight,"[1152, 384]",local_cross,0.02313300408422947,0.554890545335585,,,0.5120699405670166,1.0137145519256592,1.0504266023635864,0.5776997208595276,0.9528723359107971,1.0693275928497314,0.5207071900367737,0.9790759086608887,0.578975260257721,0.9176327586174011,0.9999998211860657,0.06562978029251099,0.06084221601486206,0.13450653228616088,0.06001908120908964,0.058268070220947266,0.06144315004348755
0,1024,transformer.h.3.attn.c_attn.weight,transformer.h.3.attn.c_attn.weight,"[1152, 384]",medium_cross,0.02621164545416832,0.628737806263649,,,0.5120699405670166,1.0137145519256592,1.0504266023635864,0.5358158946037292,0.9881983995437622,1.04926598072052,0.5207071900367737,0.9790759086608887,0.548951268196106,0.949789822101593,0.9999995827674866,0.023745954036712646,0.025516152381896973,0.048666716832956515,0.025170944161180594,0.028244078159332275,0.029286086559295654
0,1024,transformer.h.3.attn.c_attn.weight,transformer.h.3.attn.c_attn.weight,"[1152, 384]",distant_cross,0.011716008186340332,0.2810314712262806,,,0.5120699405670166,1.0137145519256592,1.0504266023635864,0.5126393437385559,1.0132169723510742,1.0506014823913574,0.5207071900367737,0.9790759086608887,0.5211584568023682,0.9786138534545898,0.9999993443489075,0.0005694031715393066,0.0004975795745849609,0.0011669770298657189,0.0004908478167150263,0.0004512667655944824,0.0004620552062988281
0,1024,transformer.h.3.attn.c_proj.weight,transformer.h.3.attn.c_proj.weight,"[384, 384]",danger_diagonal,0.0032377021852880716,0.033406795414959806,,,0.5359531044960022,0.9975627660751343,1.0673434734344482,0.5384234189987183,0.994877278804779,1.067270278930664,0.49717509746551514,1.0028213262557983,0.5001855492591858,0.9998156428337097,0.9999995231628418,0.0024703145027160645,0.0026854872703552246,0.005323415643225185,0.0026920484220969406,0.0030104517936706543,0.003005683422088623
0,1024,transformer.h.3.attn.c_proj.weight,transformer.h.3.attn.c_proj.weight,"[384, 384]",danger_cross,0.07973085343837738,0.8226674834946348,,,0.5359531044960022,0.9975627660751343,1.0673434734344482,0.8842549324035645,0.5100831389427185,1.089410424232483,0.49717509746551514,1.0028213262557983,0.8153796195983887,0.6076532006263733,1.0000003576278687,0.34830182790756226,0.48747962713241577,0.750574632180815,0.48867063177426157,0.31820452213287354,0.39516812562942505
0,1024,transformer.h.3.attn.c_proj.weight,transformer.h.3.attn.c_proj.weight,"[384, 384]",danger_full,0.07979656010866165,0.8233454486581878,,,0.5359531044960022,0.9975627660751343,1.0673434734344482,0.8907604217529297,0.49766865372657776,1.0935550928115845,0.49717509746551514,1.0028213262557983,0.8257972002029419,0.5902619361877441,0.9999992251396179,0.3548073172569275,0.4998941123485565,0.7645936664904825,0.5011154479184977,0.32862210273742676,0.4125593900680542
0,1024,transformer.h.3.attn.c_proj.weight,transformer.h.3.attn.c_proj.weight,"[384, 384]",internal_cross,0.042023055255413055,0.4335962757810687,,,0.5359531044960022,0.9975627660751343,1.0673434734344482,0.6550093293190002,0.8630854487419128,1.0720866918563843,0.49717509746551514,1.0028213262557983,0.5865127444267273,0.9093819856643677,1.000000238418579,0.11905622482299805,0.13447731733322144,0.2565607613723867,0.1348058707747447,0.08933764696121216,0.09343934059143066
0,1024,transformer.h.3.attn.c_proj.weight,transformer.h.3.attn.c_proj.weight,"[384, 384]",outside_cross,0.06775742769241333,0.6991249952048898,,,0.5359531044960022,0.9975627660751343,1.0673434734344482,0.5958179831504822,0.9305551648139954,1.0658496618270874,0.49717509746551514,1.0028213262557983,0.5572304725646973,0.9410322904586792,0.9999993443489075,0.05986487865447998,0.06700760126113892,0.12900609665637605,0.06717131346509383,0.06005537509918213,0.06178903579711914
0,1024,transformer.h.3.attn.c_proj.weight,transformer.h.3.attn.c_proj.weight,"[384, 384]",local_cross,0.04554878547787666,0.4699749608761287,,,0.5359531044960022,0.9975627660751343,1.0673434734344482,0.6246306300163269,0.8964987993240356,1.0649387836456299,0.49717509746551514,1.0028213262557983,0.5650117993354797,0.9327256083488464,0.9999998807907104,0.08867752552032471,0.10106396675109863,0.19109604304972824,0.10131088507716687,0.0678367018699646,0.0700957179069519
0,1024,transformer.h.3.attn.c_proj.weight,transformer.h.3.attn.c_proj.weight,"[384, 384]",medium_cross,0.05972245708107948,0.6162197111433287,,,0.5359531044960022,0.9975627660751343,1.0673434734344482,0.5870263576507568,0.943560004234314,1.0716935396194458,0.49717509746551514,1.0028213262557983,0.5435506701469421,0.955458402633667,0.9999994039535522,0.05107325315475464,0.05400276184082031,0.11006054269425586,0.05413470077004953,0.046375572681427,0.04736292362213135
0,1024,transformer.h.3.attn.c_proj.weight,transformer.h.3.attn.c_proj.weight,"[384, 384]",distant_cross,0.026749620214104652,0.27600410376872214,,,0.5359531044960022,0.9975627660751343,1.0673434734344482,0.5396478772163391,0.9938547015190125,1.0678211450576782,0.49717509746551514,1.0028213262557983,0.4987877309322357,1.0012121200561523,0.9999998211860657,0.003694772720336914,0.003708064556121826,0.007962067532687725,0.0037171240569764236,0.001612633466720581,0.001609206199645996
0,1024,transformer.h.3.mlp.w1.weight,transformer.h.3.mlp.w1.weight,"[1024, 384]",danger_diagonal,0.0,0.0,,,0.8948939442634583,0.4598093032836914,1.005567193031311,0.8948939442634583,0.4598093032836914,1.005567193031311,0.8883312344551086,0.4725989103317261,0.8883312344551086,0.4725989103317261,0.9999986290931702,0.0,0.0,0.0,0.0,0.0,0.0
0,1024,transformer.h.3.mlp.w1.weight,transformer.h.3.mlp.w1.weight,"[1024, 384]",danger_cross,0.0,0.0,,,0.8948939442634583,0.4598093032836914,1.005567193031311,0.8948939442634583,0.4598093032836914,1.005567193031311,0.8883312344551086,0.4725989103317261,0.8883312344551086,0.4725989103317261,0.9999986290931702,0.0,0.0,0.0,0.0,0.0,0.0
0,1024,transformer.h.3.mlp.w1.weight,transformer.h.3.mlp.w1.weight,"[1024, 384]",danger_full,0.0,0.0,,,0.8948939442634583,0.4598093032836914,1.005567193031311,0.8948939442634583,0.4598093032836914,1.005567193031311,0.8883312344551086,0.4725989103317261,0.8883312344551086,0.4725989103317261,0.9999986290931702,0.0,0.0,0.0,0.0,0.0,0.0
0,1024,transformer.h.3.mlp.w1.weight,transformer.h.3.mlp.w1.weight,"[1024, 384]",internal_cross,0.0,0.0,,,0.8948939442634583,0.4598093032836914,1.005567193031311,0.8948939442634583,0.4598093032836914,1.005567193031311,0.8883312344551086,0.4725989103317261,0.8883312344551086,0.4725989103317261,0.9999986290931702,0.0,0.0,0.0,0.0,0.0,0.0
0,1024,transformer.h.3.mlp.w1.weight,transformer.h.3.mlp.w1.weight,"[1024, 384]",outside_cross,0.0,0.0,,,0.8948939442634583,0.4598093032836914,1.005567193031311,0.8948939442634583,0.4598093032836914,1.005567193031311,0.8883312344551086,0.4725989103317261,0.8883312344551086,0.4725989103317261,0.9999986290931702,0.0,0.0,0.0,0.0,0.0,0.0
0,1024,transformer.h.3.mlp.w1.weight,transformer.h.3.mlp.w1.weight,"[1024, 384]",local_cross,0.0,0.0,,,0.8948939442634583,0.4598093032836914,1.005567193031311,0.8948939442634583,0.4598093032836914,1.005567193031311,0.8883312344551086,0.4725989103317261,0.8883312344551086,0.4725989103317261,0.9999986290931702,0.0,0.0,0.0,0.0,0.0,0.0
0,1024,transformer.h.3.mlp.w1.weight,transformer.h.3.mlp.w1.weight,"[1024, 384]",medium_cross,0.0,0.0,,,0.8948939442634583,0.4598093032836914,1.005567193031311,0.8948939442634583,0.4598093032836914,1.005567193031311,0.8883312344551086,0.4725989103317261,0.8883312344551086,0.4725989103317261,0.9999986290931702,0.0,0.0,0.0,0.0,0.0,0.0
0,1024,transformer.h.3.mlp.w1.weight,transformer.h.3.mlp.w1.weight,"[1024, 384]",distant_cross,0.0,0.0,,,0.8948939442634583,0.4598093032836914,1.005567193031311,0.8948939442634583,0.4598093032836914,1.005567193031311,0.8883312344551086,0.4725989103317261,0.8883312344551086,0.4725989103317261,0.9999986290931702,0.0,0.0,0.0,0.0,0.0,0.0
0,1024,transformer.h.3.mlp.w2.weight,transformer.h.3.mlp.w2.weight,"[1024, 384]",danger_diagonal,0.0,0.0,,,0.8907881379127502,0.4678855538368225,1.002186894416809,0.8907881379127502,0.4678855538368225,1.002186894416809,0.8846579790115356,0.4803067445755005,0.8846579790115356,0.4803067445755005,0.999998927116394,0.0,0.0,0.0,0.0,0.0,0.0
0,1024,transformer.h.3.mlp.w2.weight,transformer.h.3.mlp.w2.weight,"[1024, 384]",danger_cross,0.0,0.0,,,0.8907881379127502,0.4678855538368225,1.002186894416809,0.8907881379127502,0.4678855538368225,1.002186894416809,0.8846579790115356,0.4803067445755005,0.8846579790115356,0.4803067445755005,0.999998927116394,0.0,0.0,0.0,0.0,0.0,0.0
0,1024,transformer.h.3.mlp.w2.weight,transformer.h.3.mlp.w2.weight,"[1024, 384]",danger_full,0.0,0.0,,,0.8907881379127502,0.4678855538368225,1.002186894416809,0.8907881379127502,0.4678855538368225,1.002186894416809,0.8846579790115356,0.4803067445755005,0.8846579790115356,0.4803067445755005,0.999998927116394,0.0,0.0,0.0,0.0,0.0,0.0
0,1024,transformer.h.3.mlp.w2.weight,transformer.h.3.mlp.w2.weight,"[1024, 384]",internal_cross,0.0,0.0,,,0.8907881379127502,0.4678855538368225,1.002186894416809,0.8907881379127502,0.4678855538368225,1.002186894416809,0.8846579790115356,0.4803067445755005,0.8846579790115356,0.4803067445755005,0.999998927116394,0.0,0.0,0.0,0.0,0.0,0.0
0,1024,transformer.h.3.mlp.w2.weight,transformer.h.3.mlp.w2.weight,"[1024, 384]",outside_cross,0.0,0.0,,,0.8907881379127502,0.4678855538368225,1.002186894416809,0.8907881379127502,0.4678855538368225,1.002186894416809,0.8846579790115356,0.4803067445755005,0.8846579790115356,0.4803067445755005,0.999998927116394,0.0,0.0,0.0,0.0,0.0,0.0
0,1024,transformer.h.3.mlp.w2.weight,transformer.h.3.mlp.w2.weight,"[1024, 384]",local_cross,0.0,0.0,,,0.8907881379127502,0.4678855538368225,1.002186894416809,0.8907881379127502,0.4678855538368225,1.002186894416809,0.8846579790115356,0.4803067445755005,0.8846579790115356,0.4803067445755005,0.999998927116394,0.0,0.0,0.0,0.0,0.0,0.0
0,1024,transformer.h.3.mlp.w2.weight,transformer.h.3.mlp.w2.weight,"[1024, 384]",medium_cross,0.0,0.0,,,0.8907881379127502,0.4678855538368225,1.002186894416809,0.8907881379127502,0.4678855538368225,1.002186894416809,0.8846579790115356,0.4803067445755005,0.8846579790115356,0.4803067445755005,0.999998927116394,0.0,0.0,0.0,0.0,0.0,0.0
0,1024,transformer.h.3.mlp.w2.weight,transformer.h.3.mlp.w2.weight,"[1024, 384]",distant_cross,0.0,0.0,,,0.8907881379127502,0.4678855538368225,1.002186894416809,0.8907881379127502,0.4678855538368225,1.002186894416809,0.8846579790115356,0.4803067445755005,0.8846579790115356,0.4803067445755005,0.999998927116394,0.0,0.0,0.0,0.0,0.0,0.0
0,1024,transformer.h.3.mlp.c_proj.weight,transformer.h.3.mlp.c_proj.weight,"[384, 1024]",danger_diagonal,0.0,0.0,,,0.9017261862754822,0.44612178206443787,1.0118311643600464,0.9017261862754822,0.44612178206443787,1.0118311643600464,0.8978445529937744,0.45202186703681946,0.8978445529937744,0.45202186703681946,1.0000008344650269,0.0,0.0,0.0,0.0,0.0,0.0
0,1024,transformer.h.3.mlp.c_proj.weight,transformer.h.3.mlp.c_proj.weight,"[384, 1024]",danger_cross,0.0,0.0,,,0.9017261862754822,0.44612178206443787,1.0118311643600464,0.9017261862754822,0.44612178206443787,1.0118311643600464,0.8978445529937744,0.45202186703681946,0.8978445529937744,0.45202186703681946,1.0000008344650269,0.0,0.0,0.0,0.0,0.0,0.0
0,1024,transformer.h.3.mlp.c_proj.weight,transformer.h.3.mlp.c_proj.weight,"[384, 1024]",danger_full,0.0,0.0,,,0.9017261862754822,0.44612178206443787,1.0118311643600464,0.9017261862754822,0.44612178206443787,1.0118311643600464,0.8978445529937744,0.45202186703681946,0.8978445529937744,0.45202186703681946,1.0000008344650269,0.0,0.0,0.0,0.0,0.0,0.0
0,1024,transformer.h.3.mlp.c_proj.weight,transformer.h.3.mlp.c_proj.weight,"[384, 1024]",internal_cross,0.0,0.0,,,0.9017261862754822,0.44612178206443787,1.0118311643600464,0.9017261862754822,0.44612178206443787,1.0118311643600464,0.8978445529937744,0.45202186703681946,0.8978445529937744,0.45202186703681946,1.0000008344650269,0.0,0.0,0.0,0.0,0.0,0.0
0,1024,transformer.h.3.mlp.c_proj.weight,transformer.h.3.mlp.c_proj.weight,"[384, 1024]",outside_cross,0.0,0.0,,,0.9017261862754822,0.44612178206443787,1.0118311643600464,0.9017261862754822,0.44612178206443787,1.0118311643600464,0.8978445529937744,0.45202186703681946,0.8978445529937744,0.45202186703681946,1.0000008344650269,0.0,0.0,0.0,0.0,0.0,0.0
0,1024,transformer.h.3.mlp.c_proj.weight,transformer.h.3.mlp.c_proj.weight,"[384, 1024]",local_cross,0.0,0.0,,,0.9017261862754822,0.44612178206443787,1.0118311643600464,0.9017261862754822,0.44612178206443787,1.0118311643600464,0.8978445529937744,0.45202186703681946,0.8978445529937744,0.45202186703681946,1.0000008344650269,0.0,0.0,0.0,0.0,0.0,0.0
0,1024,transformer.h.3.mlp.c_proj.weight,transformer.h.3.mlp.c_proj.weight,"[384, 1024]",medium_cross,0.0,0.0,,,0.9017261862754822,0.44612178206443787,1.0118311643600464,0.9017261862754822,0.44612178206443787,1.0118311643600464,0.8978445529937744,0.45202186703681946,0.8978445529937744,0.45202186703681946,1.0000008344650269,0.0,0.0,0.0,0.0,0.0,0.0
0,1024,transformer.h.3.mlp.c_proj.weight,transformer.h.3.mlp.c_proj.weight,"[384, 1024]",distant_cross,0.0,0.0,,,0.9017261862754822,0.44612178206443787,1.0118311643600464,0.9017261862754822,0.44612178206443787,1.0118311643600464,0.8978445529937744,0.45202186703681946,0.8978445529937744,0.45202186703681946,1.0000008344650269,0.0,0.0,0.0,0.0,0.0,0.0
0,1024,transformer.h.4.attn.c_attn.weight,transformer.h.4.attn.c_attn.weight,"[1152, 384]",danger_diagonal,0.0009236199548467994,0.03180662347782057,,,0.5439102053642273,0.9797584414482117,1.049639344215393,0.5471813082695007,0.9764585494995117,1.0500484704971313,0.5511741042137146,0.9474474787712097,0.5541549921035767,0.9442951083183289,0.9999995827674866,0.0032711029052734375,0.003299891948699951,0.007172058975548219,0.0033680668714854626,0.0029808878898620605,0.0031523704528808594
0,1024,transformer.h.4.attn.c_attn.weight,transformer.h.4.attn.c_attn.weight,"[1152, 384]",danger_cross,0.024213040247559547,0.8338224508533749,,,0.5439102053642273,0.9797584414482117,1.049639344215393,0.7100685834884644,0.798304557800293,1.0862107276916504,0.5511741042137146,0.9474474787712097,0.702655553817749,0.7711639404296875,0.9999991059303284,0.16615837812423706,0.1814538836479187,0.36431066881671614,0.18520267442626576,0.15148144960403442,0.17628353834152222
0,1024,transformer.h.4.attn.c_attn.weight,transformer.h.4.attn.c_attn.weight,"[1152, 384]",danger_full,0.024230647832155228,0.8344288017779623,,,0.5439102053642273,0.9797584414482117,1.049639344215393,0.715700626373291,0.7913506627082825,1.0878037214279175,0.5511741042137146,0.9474474787712097,0.7074919939041138,0.7648650407791138,0.9999998211860657,0.17179042100906372,0.1884077787399292,0.37665920840490036,0.1923002352104645,0.15631788969039917,0.18258243799209595
0,1024,transformer.h.4.attn.c_attn.weight,transformer.h.4.attn.c_attn.weight,"[1152, 384]",internal_cross,0.01281849667429924,0.4414295026126393,,,0.5439102053642273,0.9797584414482117,1.049639344215393,0.596211314201355,0.9353660941123962,1.0761849880218506,0.5511741042137146,0.9474474787712097,0.5972204208374023,0.8975308537483215,0.9999997019767761,0.052301108837127686,0.04439234733581543,0.1146728329646022,0.045309481865956375,0.046046316623687744,0.049916625022888184
0,1024,transformer.h.4.attn.c_attn.weight,transformer.h.4.attn.c_attn.weight,"[1152, 384]",outside_cross,0.020541604608297348,0.7073895274542331,,,0.5439102053642273,0.9797584414482117,1.049639344215393,0.5900516510009766,0.9294666647911072,1.0505574941635132,0.5511741042137146,0.9474474787712097,0.5993945002555847,0.8951056599617004,1.0000001192092896,0.04614144563674927,0.05029177665710449,0.10116745908247567,0.05133079188658649,0.04822039604187012,0.05234181880950928
0,1024,transformer.h.4.attn.c_attn.weight,transformer.h.4.attn.c_attn.weight,"[1152, 384]",local_cross,0.014236968010663986,0.4902772819109092,,,0.5439102053642273,0.9797584414482117,1.049639344215393,0.6016380190849304,0.9290611743927002,1.0761054754257202,0.5511741042137146,0.9474474787712097,0.6016207337379456,0.8926144242286682,1.000000238418579,0.057727813720703125,0.050697267055511475,0.12657115857372733,0.05174465961280646,0.05044662952423096,0.054833054542541504
0,1024,transformer.h.4.attn.c_attn.weight,transformer.h.4.attn.c_attn.weight,"[1152, 384]",medium_cross,0.01748102717101574,0.6019926770922507,,,0.5439102053642273,0.9797584414482117,1.049639344215393,0.5675132870674133,0.9568570256233215,1.054999828338623,0.5511741042137146,0.9474474787712097,0.5803360939025879,0.9161503911018372,0.9999998807907104,0.023603081703186035,0.022901415824890137,0.051750953388543026,0.023374553212360014,0.02916198968887329,0.03129708766937256
0,1024,transformer.h.4.attn.c_attn.weight,transformer.h.4.attn.c_attn.weight,"[1152, 384]",distant_cross,0.008831406943500042,0.3041264255468672,,,0.5439102053642273,0.9797584414482117,1.049639344215393,0.544506847858429,0.9791910648345947,1.0497777462005615,0.5511741042137146,0.9474474787712097,0.5516695380210876,0.9469239115715027,0.9999998807907104,0.0005966424942016602,0.0005673766136169434,0.001308168920284943,0.0005790984691882686,0.0004954338073730469,0.0005235671997070312
0,1024,transformer.h.4.attn.c_proj.weight,transformer.h.4.attn.c_proj.weight,"[384, 384]",danger_diagonal,0.0023439060896635056,0.033725893306349224,,,0.5578821897506714,0.9745455384254456,1.0687342882156372,0.5572766661643982,0.975238561630249,1.0687898397445679,0.5209352970123291,0.9788416028022766,0.5207061767578125,0.9790752530097961,0.9999998807907104,-0.0006055235862731934,-0.0006930232048034668,-0.0013695978136047345,-0.0007111244959606208,-0.00022912025451660156,-0.00023365020751953125
0,1024,transformer.h.4.attn.c_proj.weight,transformer.h.4.attn.c_proj.weight,"[384, 384]",danger_cross,0.054322220385074615,0.7816291859773398,,,0.5578821897506714,0.9745455384254456,1.0687342882156372,0.8837982416152954,0.5038367509841919,1.0707505941390991,0.5209352970123291,0.9788416028022766,0.8315117359161377,0.580497682094574,1.0000003576278687,0.325916051864624,0.47070878744125366,0.7371701485647602,0.48300337837651874,0.3105764389038086,0.39834392070770264
0,1024,transformer.h.4.attn.c_proj.weight,transformer.h.4.attn.c_proj.weight,"[384, 384]",danger_full,0.05437276512384415,0.7823564619012584,,,0.5578821897506714,0.9745455384254456,1.0687342882156372,0.891542911529541,0.4869912266731262,1.070454478263855,0.5209352970123291,0.9788416028022766,0.8419286608695984,0.5622670650482178,1.0,0.33366072177886963,0.48755431175231934,0.7546873571790842,0.5002888962377802,0.3209933638572693,0.41657453775405884
0,1024,transformer.h.4.attn.c_proj.weight,transformer.h.4.attn.c_proj.weight,"[384, 384]",internal_cross,0.026475682854652405,0.38095214612328376,,,0.5578821897506714,0.9745455384254456,1.0687342882156372,0.6468221545219421,0.872970700263977,1.0716241598129272,0.5209352970123291,0.9788416028022766,0.5896170139312744,0.9059616327285767,0.9999997019767761,0.08893996477127075,0.1015748381614685,0.20116802062580064,0.10422790332156362,0.06868171691894531,0.07287997007369995
0,1024,transformer.h.4.attn.c_proj.weight,transformer.h.4.attn.c_proj.weight,"[384, 384]",outside_cross,0.047433555126190186,0.6825098609460012,,,0.5578821897506714,0.9745455384254456,1.0687342882156372,0.6276991963386536,0.8931310176849365,1.0655227899551392,0.5209352970123291,0.9788416028022766,0.5860642790794373,0.9098748564720154,0.9999995231628418,0.06981700658798218,0.08141452074050903,0.15791493798589445,0.08354101222611814,0.06512898206710815,0.06896674633026123
0,1024,transformer.h.4.attn.c_proj.weight,transformer.h.4.attn.c_proj.weight,"[384, 384]",local_cross,0.029248833656311035,0.42085433694552044,,,0.5578821897506714,0.9745455384254456,1.0687342882156372,0.6349117159843445,0.8875435590744019,1.0717700719833374,0.5209352970123291,0.9788416028022766,0.5803573131561279,0.916126012802124,0.9999997019767761,0.0770295262336731,0.0870019793510437,0.17422850753339464,0.08927441142628503,0.05942201614379883,0.06271559000015259
0,1024,transformer.h.4.attn.c_proj.weight,transformer.h.4.attn.c_proj.weight,"[384, 384]",medium_cross,0.0408562533557415,0.5878706692428644,,,0.5578821897506714,0.9745455384254456,1.0687342882156372,0.6117057204246521,0.9150689244270325,1.0716352462768555,0.5209352970123291,0.9788416028022766,0.571538507938385,0.9257025122642517,0.9999995231628418,0.05382353067398071,0.059476613998413086,0.12174024530617164,0.061030102394710364,0.05060321092605591,0.0531390905380249
0,1024,transformer.h.4.attn.c_proj.weight,transformer.h.4.attn.c_proj.weight,"[384, 384]",distant_cross,0.020644070580601692,0.29704249879314437,,,0.5578821897506714,0.9745455384254456,1.0687342882156372,0.5618069171905518,0.9700568914413452,1.068400502204895,0.5209352970123291,0.9788416028022766,0.5219152569770813,0.9778405427932739,0.9999997019767761,0.003924727439880371,0.004488646984100342,0.00887710775023303,0.004605887367102991,0.0009799599647521973,0.0010010600090026855
0,1024,transformer.h.4.mlp.w1.weight,transformer.h.4.mlp.w1.weight,"[1024, 384]",danger_diagonal,0.0,0.0,,,0.8884422779083252,0.47349169850349426,1.004681944847107,0.8884422779083252,0.47349169850349426,1.004681944847107,0.8813065886497498,0.4872378706932068,0.8813065886497498,0.4872378706932068,1.0000004768371582,0.0,0.0,0.0,0.0,0.0,0.0
0,1024,transformer.h.4.mlp.w1.weight,transformer.h.4.mlp.w1.weight,"[1024, 384]",danger_cross,0.0,0.0,,,0.8884422779083252,0.47349169850349426,1.004681944847107,0.8884422779083252,0.47349169850349426,1.004681944847107,0.8813065886497498,0.4872378706932068,0.8813065886497498,0.4872378706932068,1.0000004768371582,0.0,0.0,0.0,0.0,0.0,0.0
0,1024,transformer.h.4.mlp.w1.weight,transformer.h.4.mlp.w1.weight,"[1024, 384]",danger_full,0.0,0.0,,,0.8884422779083252,0.47349169850349426,1.004681944847107,0.8884422779083252,0.47349169850349426,1.004681944847107,0.8813065886497498,0.4872378706932068,0.8813065886497498,0.4872378706932068,1.0000004768371582,0.0,0.0,0.0,0.0,0.0,0.0
0,1024,transformer.h.4.mlp.w1.weight,transformer.h.4.mlp.w1.weight,"[1024, 384]",internal_cross,0.0,0.0,,,0.8884422779083252,0.47349169850349426,1.004681944847107,0.8884422779083252,0.47349169850349426,1.004681944847107,0.8813065886497498,0.4872378706932068,0.8813065886497498,0.4872378706932068,1.0000004768371582,0.0,0.0,0.0,0.0,0.0,0.0
0,1024,transformer.h.4.mlp.w1.weight,transformer.h.4.mlp.w1.weight,"[1024, 384]",outside_cross,0.0,0.0,,,0.8884422779083252,0.47349169850349426,1.004681944847107,0.8884422779083252,0.47349169850349426,1.004681944847107,0.8813065886497498,0.4872378706932068,0.8813065886497498,0.4872378706932068,1.0000004768371582,0.0,0.0,0.0,0.0,0.0,0.0
0,1024,transformer.h.4.mlp.w1.weight,transformer.h.4.mlp.w1.weight,"[1024, 384]",local_cross,0.0,0.0,,,0.8884422779083252,0.47349169850349426,1.004681944847107,0.8884422779083252,0.47349169850349426,1.004681944847107,0.8813065886497498,0.4872378706932068,0.8813065886497498,0.4872378706932068,1.0000004768371582,0.0,0.0,0.0,0.0,0.0,0.0
0,1024,transformer.h.4.mlp.w1.weight,transformer.h.4.mlp.w1.weight,"[1024, 384]",medium_cross,0.0,0.0,,,0.8884422779083252,0.47349169850349426,1.004681944847107,0.8884422779083252,0.47349169850349426,1.004681944847107,0.8813065886497498,0.4872378706932068,0.8813065886497498,0.4872378706932068,1.0000004768371582,0.0,0.0,0.0,0.0,0.0,0.0
0,1024,transformer.h.4.mlp.w1.weight,transformer.h.4.mlp.w1.weight,"[1024, 384]",distant_cross,0.0,0.0,,,0.8884422779083252,0.47349169850349426,1.004681944847107,0.8884422779083252,0.47349169850349426,1.004681944847107,0.8813065886497498,0.4872378706932068,0.8813065886497498,0.4872378706932068,1.0000004768371582,0.0,0.0,0.0,0.0,0.0,0.0
0,1024,transformer.h.4.mlp.w2.weight,transformer.h.4.mlp.w2.weight,"[1024, 384]",danger_diagonal,0.0,0.0,,,0.8872285485267639,0.4757132828235626,1.0032671689987183,0.8872285485267639,0.4757132828235626,1.0032671689987183,0.8809930682182312,0.4878770709037781,0.8809930682182312,0.4878770709037781,1.0000001192092896,0.0,0.0,0.0,0.0,0.0,0.0
0,1024,transformer.h.4.mlp.w2.weight,transformer.h.4.mlp.w2.weight,"[1024, 384]",danger_cross,0.0,0.0,,,0.8872285485267639,0.4757132828235626,1.0032671689987183,0.8872285485267639,0.4757132828235626,1.0032671689987183,0.8809930682182312,0.4878770709037781,0.8809930682182312,0.4878770709037781,1.0000001192092896,0.0,0.0,0.0,0.0,0.0,0.0
0,1024,transformer.h.4.mlp.w2.weight,transformer.h.4.mlp.w2.weight,"[1024, 384]",danger_full,0.0,0.0,,,0.8872285485267639,0.4757132828235626,1.0032671689987183,0.8872285485267639,0.4757132828235626,1.0032671689987183,0.8809930682182312,0.4878770709037781,0.8809930682182312,0.4878770709037781,1.0000001192092896,0.0,0.0,0.0,0.0,0.0,0.0
0,1024,transformer.h.4.mlp.w2.weight,transformer.h.4.mlp.w2.weight,"[1024, 384]",internal_cross,0.0,0.0,,,0.8872285485267639,0.4757132828235626,1.0032671689987183,0.8872285485267639,0.4757132828235626,1.0032671689987183,0.8809930682182312,0.4878770709037781,0.8809930682182312,0.4878770709037781,1.0000001192092896,0.0,0.0,0.0,0.0,0.0,0.0
0,1024,transformer.h.4.mlp.w2.weight,transformer.h.4.mlp.w2.weight,"[1024, 384]",outside_cross,0.0,0.0,,,0.8872285485267639,0.4757132828235626,1.0032671689987183,0.8872285485267639,0.4757132828235626,1.0032671689987183,0.8809930682182312,0.4878770709037781,0.8809930682182312,0.4878770709037781,1.0000001192092896,0.0,0.0,0.0,0.0,0.0,0.0
0,1024,transformer.h.4.mlp.w2.weight,transformer.h.4.mlp.w2.weight,"[1024, 384]",local_cross,0.0,0.0,,,0.8872285485267639,0.4757132828235626,1.0032671689987183,0.8872285485267639,0.4757132828235626,1.0032671689987183,0.8809930682182312,0.4878770709037781,0.8809930682182312,0.4878770709037781,1.0000001192092896,0.0,0.0,0.0,0.0,0.0,0.0
0,1024,transformer.h.4.mlp.w2.weight,transformer.h.4.mlp.w2.weight,"[1024, 384]",medium_cross,0.0,0.0,,,0.8872285485267639,0.4757132828235626,1.0032671689987183,0.8872285485267639,0.4757132828235626,1.0032671689987183,0.8809930682182312,0.4878770709037781,0.8809930682182312,0.4878770709037781,1.0000001192092896,0.0,0.0,0.0,0.0,0.0,0.0
0,1024,transformer.h.4.mlp.w2.weight,transformer.h.4.mlp.w2.weight,"[1024, 384]",distant_cross,0.0,0.0,,,0.8872285485267639,0.4757132828235626,1.0032671689987183,0.8872285485267639,0.4757132828235626,1.0032671689987183,0.8809930682182312,0.4878770709037781,0.8809930682182312,0.4878770709037781,1.0000001192092896,0.0,0.0,0.0,0.0,0.0,0.0
0,1024,transformer.h.4.mlp.c_proj.weight,transformer.h.4.mlp.c_proj.weight,"[384, 1024]",danger_diagonal,0.0,0.0,,,0.8951054215431213,0.46095094084739685,1.0120664834976196,0.8951054215431213,0.46095094084739685,1.0120664834976196,0.8892804980278015,0.47058725357055664,0.8892804980278015,0.47058725357055664,0.9999980330467224,0.0,0.0,0.0,0.0,0.0,0.0
0,1024,transformer.h.4.mlp.c_proj.weight,transformer.h.4.mlp.c_proj.weight,"[384, 1024]",danger_cross,0.0,0.0,,,0.8951054215431213,0.46095094084739685,1.0120664834976196,0.8951054215431213,0.46095094084739685,1.0120664834976196,0.8892804980278015,0.47058725357055664,0.8892804980278015,0.47058725357055664,0.9999980330467224,0.0,0.0,0.0,0.0,0.0,0.0
0,1024,transformer.h.4.mlp.c_proj.weight,transformer.h.4.mlp.c_proj.weight,"[384, 1024]",danger_full,0.0,0.0,,,0.8951054215431213,0.46095094084739685,1.0120664834976196,0.8951054215431213,0.46095094084739685,1.0120664834976196,0.8892804980278015,0.47058725357055664,0.8892804980278015,0.47058725357055664,0.9999980330467224,0.0,0.0,0.0,0.0,0.0,0.0
0,1024,transformer.h.4.mlp.c_proj.weight,transformer.h.4.mlp.c_proj.weight,"[384, 1024]",internal_cross,0.0,0.0,,,0.8951054215431213,0.46095094084739685,1.0120664834976196,0.8951054215431213,0.46095094084739685,1.0120664834976196,0.8892804980278015,0.47058725357055664,0.8892804980278015,0.47058725357055664,0.9999980330467224,0.0,0.0,0.0,0.0,0.0,0.0
0,1024,transformer.h.4.mlp.c_proj.weight,transformer.h.4.mlp.c_proj.weight,"[384, 1024]",outside_cross,0.0,0.0,,,0.8951054215431213,0.46095094084739685,1.0120664834976196,0.8951054215431213,0.46095094084739685,1.0120664834976196,0.8892804980278015,0.47058725357055664,0.8892804980278015,0.47058725357055664,0.9999980330467224,0.0,0.0,0.0,0.0,0.0,0.0
0,1024,transformer.h.4.mlp.c_proj.weight,transformer.h.4.mlp.c_proj.weight,"[384, 1024]",local_cross,0.0,0.0,,,0.8951054215431213,0.46095094084739685,1.0120664834976196,0.8951054215431213,0.46095094084739685,1.0120664834976196,0.8892804980278015,0.47058725357055664,0.8892804980278015,0.47058725357055664,0.9999980330467224,0.0,0.0,0.0,0.0,0.0,0.0
0,1024,transformer.h.4.mlp.c_proj.weight,transformer.h.4.mlp.c_proj.weight,"[384, 1024]",medium_cross,0.0,0.0,,,0.8951054215431213,0.46095094084739685,1.0120664834976196,0.8951054215431213,0.46095094084739685,1.0120664834976196,0.8892804980278015,0.47058725357055664,0.8892804980278015,0.47058725357055664,0.9999980330467224,0.0,0.0,0.0,0.0,0.0,0.0
0,1024,transformer.h.4.mlp.c_proj.weight,transformer.h.4.mlp.c_proj.weight,"[384, 1024]",distant_cross,0.0,0.0,,,0.8951054215431213,0.46095094084739685,1.0120664834976196,0.8951054215431213,0.46095094084739685,1.0120664834976196,0.8892804980278015,0.47058725357055664,0.8892804980278015,0.47058725357055664,0.9999980330467224,0.0,0.0,0.0,0.0,0.0,0.0
0,1024,transformer.h.5.attn.c_attn.weight,transformer.h.5.attn.c_attn.weight,"[1152, 384]",danger_diagonal,0.0011504744179546833,0.035507974769558366,,,0.5077596306800842,1.0291197299957275,1.0707024335861206,0.5113072395324707,1.025847315788269,1.0714807510375977,0.4969746470451355,1.0030218362808228,0.5009401440620422,0.9990615248680115,0.9999998807907104,0.0035476088523864746,0.003272414207458496,0.007207066046386822,0.003179818744192264,0.003965497016906738,0.003960311412811279
0,1024,transformer.h.5.attn.c_attn.weight,transformer.h.5.attn.c_attn.weight,"[1152, 384]",danger_cross,0.027414865791797638,0.8461260395312178,,,0.5077596306800842,1.0291197299957275,1.0707024335861206,0.7009667158126831,0.8234769701957703,1.1126266717910767,0.4969746470451355,1.0030218362808228,0.6760935187339783,0.8048712015151978,1.0000001192092896,0.19320708513259888,0.20564275979995728,0.3925055667407688,0.199823940602918,0.17911887168884277,0.198150634765625
0,1024,transformer.h.5.attn.c_attn.weight,transformer.h.5.attn.c_attn.weight,"[1152, 384]",danger_full,0.027438994497060776,0.8468707422767415,,,0.5077596306800842,1.0291197299957275,1.0707024335861206,0.7086213231086731,0.8142079710960388,1.1149152517318726,0.4969746470451355,1.0030218362808228,0.6854027509689331,0.793221116065979,0.9999995231628418,0.20086169242858887,0.21491175889968872,0.4080561143453175,0.20883066628270838,0.1884281039237976,0.20980072021484375
0,1024,transformer.h.5.attn.c_attn.weight,transformer.h.5.attn.c_attn.weight,"[1152, 384]",internal_cross,0.015083343721926212,0.4655288113845124,,,0.5077596306800842,1.0291197299957275,1.0707024335861206,0.5547073483467102,0.998397707939148,1.106518030166626,0.4969746470451355,1.0030218362808228,0.5412980914115906,0.9578140377998352,1.0000007152557373,0.04694771766662598,0.03072202205657959,0.09537559410555745,0.029852718941368594,0.04432344436645508,0.04520779848098755
0,1024,transformer.h.5.attn.c_attn.weight,transformer.h.5.attn.c_attn.weight,"[1152, 384]",outside_cross,0.022892555221915245,0.7065504982506327,,,0.5077596306800842,1.0291197299957275,1.0707024335861206,0.559416651725769,0.9791251420974731,1.0805977582931519,0.4969746470451355,1.0030218362808228,0.5490702390670776,0.9496646523475647,0.9999998211860657,0.051657021045684814,0.049994587898254395,0.1049426748908357,0.048579952789809935,0.05209559202194214,0.05335718393325806
0,1024,transformer.h.5.attn.c_attn.weight,transformer.h.5.attn.c_attn.weight,"[1152, 384]",local_cross,0.01587436906993389,0.48994283368765257,,,0.5077596306800842,1.0291197299957275,1.0707024335861206,0.548185408115387,1.0072553157806396,1.109494924545288,0.4969746470451355,1.0030218362808228,0.5345478057861328,0.9648357033729553,1.000000238418579,0.040425777435302734,0.02186441421508789,0.08212609114355125,0.021245743889468198,0.037573158740997314,0.03818613290786743
0,1024,transformer.h.5.attn.c_attn.weight,transformer.h.5.attn.c_attn.weight,"[1152, 384]",medium_cross,0.019508523866534233,0.6021065418175254,,,0.5077596306800842,1.0291197299957275,1.0707024335861206,0.5340266227722168,1.0109608173370361,1.088303565979004,0.4969746470451355,1.0030218362808228,0.5276874899864197,0.9719188809394836,1.0000005960464478,0.02626699209213257,0.018158912658691406,0.05336212494806817,0.017645092334170675,0.03071284294128418,0.03110295534133911
0,1024,transformer.h.5.attn.c_attn.weight,transformer.h.5.attn.c_attn.weight,"[1152, 384]",distant_cross,0.010908651165664196,0.33668207160046126,,,0.5077596306800842,1.0291197299957275,1.0707024335861206,0.509174108505249,1.0276151895523071,1.070643663406372,0.4969746470451355,1.0030218362808228,0.4979470670223236,1.002052664756775,1.0000008344650269,0.001414477825164795,0.0015045404434204102,0.0028735510399503636,0.00146196832066047,0.0009724199771881104,0.0009691715240478516
0,1024,transformer.h.5.attn.c_proj.weight,transformer.h.5.attn.c_proj.weight,"[384, 384]",danger_diagonal,0.002278047613799572,0.03327554499556568,,,0.5377099514007568,1.0014005899429321,1.0780178308486938,0.5428407788276672,0.9958828687667847,1.0780577659606934,0.4968775510787964,1.003118872642517,0.5018636584281921,0.9981357455253601,0.9999995827674866,0.0051308274269104,0.005517721176147461,0.011098719175238591,0.005510003920071492,0.004986107349395752,0.004983127117156982
0,1024,transformer.h.5.attn.c_proj.weight,transformer.h.5.attn.c_proj.weight,"[384, 384]",danger_cross,0.05332717299461365,0.7789524387986323,,,0.5377099514007568,1.0014005899429321,1.0780178308486938,0.8658865094184875,0.5376749038696289,1.0629891157150269,0.4968775510787964,1.003118872642517,0.8099260926246643,0.6165624260902405,1.0000001192092896,0.3281765580177307,0.4637256860733032,0.7098931915409351,0.4630771049373259,0.3130485415458679,0.3865564465522766
0,1024,transformer.h.5.attn.c_proj.weight,transformer.h.5.attn.c_proj.weight,"[384, 384]",danger_full,0.053375810384750366,0.7796628873661502,,,0.5377099514007568,1.0014005899429321,1.0780178308486938,0.8765108585357666,0.5200257897377014,1.0732258558273315,0.4968775510787964,1.003118872642517,0.8307593464851379,0.5817928910255432,1.0,0.33880090713500977,0.4813748002052307,0.7328751898544857,0.4807015344704993,0.33388179540634155,0.4213259816169739
0,1024,transformer.h.5.attn.c_proj.weight,transformer.h.5.attn.c_proj.weight,"[384, 384]",internal_cross,0.02555117756128311,0.37322721152963995,,,0.5377099514007568,1.0014005899429321,1.0780178308486938,0.6125442385673523,0.9153248071670532,1.0740914344787598,0.4968775510787964,1.003118872642517,0.5555975437164307,0.9427651762962341,1.000000238418579,0.07483428716659546,0.0860757827758789,0.16187734820021815,0.08595539451478074,0.05871999263763428,0.06035369634628296
0,1024,transformer.h.5.attn.c_proj.weight,transformer.h.5.attn.c_proj.weight,"[384, 384]",outside_cross,0.04680730029940605,0.683716362115896,,,0.5377099514007568,1.0014005899429321,1.0780178308486938,0.6110811829566956,0.9186716079711914,1.0773152112960815,0.4968775510787964,1.003118872642517,0.5657886862754822,0.9318927526473999,1.0,0.07337123155593872,0.08272898197174072,0.15871254805993856,0.08261327465011309,0.06891113519668579,0.07122611999511719
0,1024,transformer.h.5.attn.c_proj.weight,transformer.h.5.attn.c_proj.weight,"[384, 384]",local_cross,0.02862074039876461,0.41806445535922326,,,0.5377099514007568,1.0014005899429321,1.0780178308486938,0.611892580986023,0.9194841980934143,1.0807875394821167,0.4968775510787964,1.003118872642517,0.5534694194793701,0.9450194239616394,1.000000238418579,0.07418262958526611,0.08191639184951782,0.1604677189354224,0.08180182104165334,0.05659186840057373,0.058099448680877686
0,1024,transformer.h.5.attn.c_proj.weight,transformer.h.5.attn.c_proj.weight,"[384, 384]",medium_cross,0.04008624330163002,0.5855415771849368,,,0.5377099514007568,1.0014005899429321,1.0780178308486938,0.589657723903656,0.9457823634147644,1.0817936658859253,0.4968775510787964,1.003118872642517,0.5479190945625305,0.9508745670318604,1.0000001192092896,0.05194777250289917,0.055618226528167725,0.1123705185960696,0.055540437150468726,0.05104154348373413,0.05224430561065674
0,1024,transformer.h.5.attn.c_proj.weight,transformer.h.5.attn.c_proj.weight,"[384, 384]",distant_cross,0.02043854258954525,0.29854672021005246,,,0.5377099514007568,1.0014005899429321,1.0780178308486938,0.5416010022163391,0.9969766736030579,1.0775957107543945,0.4968775510787964,1.003118872642517,0.5000848174095154,0.9999160766601562,1.0,0.0038910508155822754,0.004423916339874268,0.00841690368930136,0.004417728913187856,0.003207266330718994,0.00320279598236084
0,1024,transformer.h.5.mlp.w1.weight,transformer.h.5.mlp.w1.weight,"[1024, 384]",danger_diagonal,0.0,0.0,,,0.8658844828605652,0.5165197849273682,0.9944912195205688,0.8658844828605652,0.5165197849273682,0.9944912195205688,0.8621914982795715,0.5249989628791809,0.8621914982795715,0.5249989628791809,1.0000004768371582,0.0,0.0,0.0,0.0,0.0,0.0
0,1024,transformer.h.5.mlp.w1.weight,transformer.h.5.mlp.w1.weight,"[1024, 384]",danger_cross,0.0,0.0,,,0.8658844828605652,0.5165197849273682,0.9944912195205688,0.8658844828605652,0.5165197849273682,0.9944912195205688,0.8621914982795715,0.5249989628791809,0.8621914982795715,0.5249989628791809,1.0000004768371582,0.0,0.0,0.0,0.0,0.0,0.0
0,1024,transformer.h.5.mlp.w1.weight,transformer.h.5.mlp.w1.weight,"[1024, 384]",danger_full,0.0,0.0,,,0.8658844828605652,0.5165197849273682,0.9944912195205688,0.8658844828605652,0.5165197849273682,0.9944912195205688,0.8621914982795715,0.5249989628791809,0.8621914982795715,0.5249989628791809,1.0000004768371582,0.0,0.0,0.0,0.0,0.0,0.0
0,1024,transformer.h.5.mlp.w1.weight,transformer.h.5.mlp.w1.weight,"[1024, 384]",internal_cross,0.0,0.0,,,0.8658844828605652,0.5165197849273682,0.9944912195205688,0.8658844828605652,0.5165197849273682,0.9944912195205688,0.8621914982795715,0.5249989628791809,0.8621914982795715,0.5249989628791809,1.0000004768371582,0.0,0.0,0.0,0.0,0.0,0.0
0,1024,transformer.h.5.mlp.w1.weight,transformer.h.5.mlp.w1.weight,"[1024, 384]",outside_cross,0.0,0.0,,,0.8658844828605652,0.5165197849273682,0.9944912195205688,0.8658844828605652,0.5165197849273682,0.9944912195205688,0.8621914982795715,0.5249989628791809,0.8621914982795715,0.5249989628791809,1.0000004768371582,0.0,0.0,0.0,0.0,0.0,0.0
0,1024,transformer.h.5.mlp.w1.weight,transformer.h.5.mlp.w1.weight,"[1024, 384]",local_cross,0.0,0.0,,,0.8658844828605652,0.5165197849273682,0.9944912195205688,0.8658844828605652,0.5165197849273682,0.9944912195205688,0.8621914982795715,0.5249989628791809,0.8621914982795715,0.5249989628791809,1.0000004768371582,0.0,0.0,0.0,0.0,0.0,0.0
0,1024,transformer.h.5.mlp.w1.weight,transformer.h.5.mlp.w1.weight,"[1024, 384]",medium_cross,0.0,0.0,,,0.8658844828605652,0.5165197849273682,0.9944912195205688,0.8658844828605652,0.5165197849273682,0.9944912195205688,0.8621914982795715,0.5249989628791809,0.8621914982795715,0.5249989628791809,1.0000004768371582,0.0,0.0,0.0,0.0,0.0,0.0
0,1024,transformer.h.5.mlp.w1.weight,transformer.h.5.mlp.w1.weight,"[1024, 384]",distant_cross,0.0,0.0,,,0.8658844828605652,0.5165197849273682,0.9944912195205688,0.8658844828605652,0.5165197849273682,0.9944912195205688,0.8621914982795715,0.5249989628791809,0.8621914982795715,0.5249989628791809,1.0000004768371582,0.0,0.0,0.0,0.0,0.0,0.0
0,1024,transformer.h.5.mlp.w2.weight,transformer.h.5.mlp.w2.weight,"[1024, 384]",danger_diagonal,0.0,0.0,,,0.8633551597595215,0.52040034532547,0.9905728101730347,0.8633551597595215,0.52040034532547,0.9905728101730347,0.8603552579879761,0.5284894704818726,0.8603552579879761,0.5284894704818726,1.000000238418579,0.0,0.0,0.0,0.0,0.0,0.0
0,1024,transformer.h.5.mlp.w2.weight,transformer.h.5.mlp.w2.weight,"[1024, 384]",danger_cross,0.0,0.0,,,0.8633551597595215,0.52040034532547,0.9905728101730347,0.8633551597595215,0.52040034532547,0.9905728101730347,0.8603552579879761,0.5284894704818726,0.8603552579879761,0.5284894704818726,1.000000238418579,0.0,0.0,0.0,0.0,0.0,0.0
0,1024,transformer.h.5.mlp.w2.weight,transformer.h.5.mlp.w2.weight,"[1024, 384]",danger_full,0.0,0.0,,,0.8633551597595215,0.52040034532547,0.9905728101730347,0.8633551597595215,0.52040034532547,0.9905728101730347,0.8603552579879761,0.5284894704818726,0.8603552579879761,0.5284894704818726,1.000000238418579,0.0,0.0,0.0,0.0,0.0,0.0
0,1024,transformer.h.5.mlp.w2.weight,transformer.h.5.mlp.w2.weight,"[1024, 384]",internal_cross,0.0,0.0,,,0.8633551597595215,0.52040034532547,0.9905728101730347,0.8633551597595215,0.52040034532547,0.9905728101730347,0.8603552579879761,0.5284894704818726,0.8603552579879761,0.5284894704818726,1.000000238418579,0.0,0.0,0.0,0.0,0.0,0.0
0,1024,transformer.h.5.mlp.w2.weight,transformer.h.5.mlp.w2.weight,"[1024, 384]",outside_cross,0.0,0.0,,,0.8633551597595215,0.52040034532547,0.9905728101730347,0.8633551597595215,0.52040034532547,0.9905728101730347,0.8603552579879761,0.5284894704818726,0.8603552579879761,0.5284894704818726,1.000000238418579,0.0,0.0,0.0,0.0,0.0,0.0
0,1024,transformer.h.5.mlp.w2.weight,transformer.h.5.mlp.w2.weight,"[1024, 384]",local_cross,0.0,0.0,,,0.8633551597595215,0.52040034532547,0.9905728101730347,0.8633551597595215,0.52040034532547,0.9905728101730347,0.8603552579879761,0.5284894704818726,0.8603552579879761,0.5284894704818726,1.000000238418579,0.0,0.0,0.0,0.0,0.0,0.0
0,1024,transformer.h.5.mlp.w2.weight,transformer.h.5.mlp.w2.weight,"[1024, 384]",medium_cross,0.0,0.0,,,0.8633551597595215,0.52040034532547,0.9905728101730347,0.8633551597595215,0.52040034532547,0.9905728101730347,0.8603552579879761,0.5284894704818726,0.8603552579879761,0.5284894704818726,1.000000238418579,0.0,0.0,0.0,0.0,0.0,0.0
0,1024,transformer.h.5.mlp.w2.weight,transformer.h.5.mlp.w2.weight,"[1024, 384]",distant_cross,0.0,0.0,,,0.8633551597595215,0.52040034532547,0.9905728101730347,0.8633551597595215,0.52040034532547,0.9905728101730347,0.8603552579879761,0.5284894704818726,0.8603552579879761,0.5284894704818726,1.000000238418579,0.0,0.0,0.0,0.0,0.0,0.0
0,1024,transformer.h.5.mlp.c_proj.weight,transformer.h.5.mlp.c_proj.weight,"[384, 1024]",danger_diagonal,0.000855120422784239,0.010017273517926036,,,0.8497185111045837,0.5513216853141785,1.0108585357666016,0.8501660823822021,0.550484299659729,1.010812520980835,0.8421885967254639,0.5618131756782532,0.8426434397697449,0.5610005259513855,0.9999994039535522,0.0004475712776184082,0.0008373856544494629,0.002978219612462594,0.0015188694309607408,0.00045484304428100586,0.0008126497268676758
0,1024,transformer.h.5.mlp.c_proj.weight,transformer.h.5.mlp.c_proj.weight,"[384, 1024]",danger_cross,0.014020822010934353,0.1642463509085493,,,0.8497185111045837,0.5513216853141785,1.0108585357666016,0.8516861796379089,0.547480583190918,1.0100921392440796,0.8421885967254639,0.5618131756782532,0.8443654775619507,0.5579221248626709,0.9999995231628418,0.0019676685333251953,0.003841102123260498,0.013093219582716094,0.006967079702427434,0.0021768808364868164,0.0038910508155822754
0,1024,transformer.h.5.mlp.c_proj.weight,transformer.h.5.mlp.c_proj.weight,"[384, 1024]",danger_full,0.014046873897314072,0.1645515346751513,,,0.8497185111045837,0.5513216853141785,1.0108585357666016,0.8520759344100952,0.5467694401741028,1.0101211071014404,0.8421885967254639,0.5618131756782532,0.8447988629341125,0.5571460127830505,0.9999987483024597,0.0023574233055114746,0.004552245140075684,0.015686717790985225,0.008256967322955059,0.0026102662086486816,0.004667162895202637
0,1024,transformer.h.5.mlp.c_proj.weight,transformer.h.5.mlp.c_proj.weight,"[384, 1024]",internal_cross,0.0009648082195781171,0.011302206765673067,,,0.8497185111045837,0.5513216853141785,1.0108585357666016,0.8497431874275208,0.5512779355049133,1.0108585357666016,0.8421885967254639,0.5618131756782532,0.8422127366065979,0.5617679357528687,0.9999993443489075,2.467632293701172e-05,4.374980926513672e-05,0.00016420068178978742,7.935441400278908e-05,2.4139881134033203e-05,4.5239925384521484e-05
0,1024,transformer.h.5.mlp.c_proj.weight,transformer.h.5.mlp.c_proj.weight,"[384, 1024]",outside_cross,0.013987586833536625,0.16385701877059633,,,0.8497185111045837,0.5513216853141785,1.0108585357666016,0.8516554832458496,0.5475409030914307,1.0101064443588257,0.8421885967254639,0.5618131756782532,0.844331681728363,0.557984471321106,0.9999983310699463,0.0019369721412658691,0.0037807822227478027,0.012888960280489668,0.00685767007440179,0.00214308500289917,0.003828704357147217
0,1024,transformer.h.5.mlp.c_proj.weight,transformer.h.5.mlp.c_proj.weight,"[384, 1024]",local_cross,0.009610704146325588,0.11258420401204772,,,0.8497185111045837,0.5513216853141785,1.0108585357666016,0.8511669635772705,0.5484745502471924,1.01022207736969,0.8421885967254639,0.5618131756782532,0.8438302278518677,0.5588825345039368,0.9999983310699463,0.0014484524726867676,0.002847135066986084,0.009638262725057063,0.005164199310178782,0.0016416311264038086,0.0029306411743164062
0,1024,transformer.h.5.mlp.c_proj.weight,transformer.h.5.mlp.c_proj.weight,"[384, 1024]",medium_cross,0.0100837592035532,0.1181257882977534,,,0.8497185111045837,0.5513216853141785,1.0108585357666016,0.8501972556114197,0.5504098534584045,1.010737419128418,0.8421885967254639,0.5618131756782532,0.8426392078399658,0.5610083937644958,0.9999988079071045,0.0004787445068359375,0.0009118318557739258,0.0031856518747236055,0.0016539016695022717,0.0004506111145019531,0.0008047819137573242
0,1024,transformer.h.5.mlp.c_proj.weight,transformer.h.5.mlp.c_proj.weight,"[384, 1024]",distant_cross,0.0015923483297228813,0.01865349993947165,,,0.8497185111045837,0.5513216853141785,1.0108585357666016,0.8497182726860046,0.5513214468955994,1.0108575820922852,0.8421885967254639,0.5618131756782532,0.8421875834465027,0.561813473701477,0.9999985694885254,-2.384185791015625e-07,2.384185791015625e-07,-1.5864800172926321e-06,4.3244912263100315e-07,-1.0132789611816406e-06,-2.980232238769531e-07
0,2048,transformer.h.0.attn.c_attn.weight,transformer.h.0.attn.c_attn.weight,"[1152, 384]",danger_diagonal,0.0020261777099221945,0.03227266509141761,,,0.5492137670516968,0.9701792001724243,1.0420407056808472,0.554773211479187,0.9642959833145142,1.0422552824020386,0.5570255517959595,0.9412495493888855,0.5620229840278625,0.9359249472618103,1.000000238418579,0.005559444427490234,0.005883216857910156,0.01233277332169059,0.006064051730715899,0.004997432231903076,0.005324602127075195
0,2048,transformer.h.0.attn.c_attn.weight,transformer.h.0.attn.c_attn.weight,"[1152, 384]",danger_cross,0.05259467661380768,0.8377203912750617,,,0.5492137670516968,0.9701792001724243,1.0420407056808472,0.747528076171875,0.7470329403877258,1.089365005493164,0.5570255517959595,0.9412495493888855,0.7406562566757202,0.7202009558677673,0.9999995231628418,0.19831430912017822,0.2231462597846985,0.4399298262130405,0.23000519877672082,0.18363070487976074,0.22104859352111816
0,2048,transformer.h.0.attn.c_attn.weight,transformer.h.0.attn.c_attn.weight,"[1152, 384]",danger_full,0.05263368785381317,0.8383417566554688,,,0.5492137670516968,0.9701792001724243,1.0420407056808472,0.754589855670929,0.7369474172592163,1.0899916887283325,0.5570255517959595,0.9412495493888855,0.7473914623260498,0.7107879519462585,0.9999995827674866,0.20537608861923218,0.233231782913208,0.4555952990755709,0.24040072480605343,0.19036591053009033,0.23046159744262695
0,2048,transformer.h.0.attn.c_attn.weight,transformer.h.0.attn.c_attn.weight,"[1152, 384]",internal_cross,0.02862847037613392,0.45599012959431817,,,0.5492137670516968,0.9701792001724243,1.0420407056808472,0.618051290512085,0.9107388257980347,1.0778639316558838,0.5570255517959595,0.9412495493888855,0.6163045167922974,0.8760094046592712,0.9999995827674866,0.06883752346038818,0.05944037437438965,0.1527054697526279,0.06126741777583528,0.05927896499633789,0.06524014472961426
0,2048,transformer.h.0.attn.c_attn.weight,transformer.h.0.attn.c_attn.weight,"[1152, 384]",outside_cross,0.04412044957280159,0.7027441303756531,,,0.5492137670516968,0.9701792001724243,1.0420407056808472,0.5993374586105347,0.91385817527771,1.040175437927246,0.5570255517959595,0.9412495493888855,0.611449658870697,0.8815346956253052,0.9999995827674866,0.05012369155883789,0.056321024894714355,0.11119170883061583,0.05805218755947844,0.05442410707473755,0.05971485376358032
0,2048,transformer.h.0.attn.c_attn.weight,transformer.h.0.attn.c_attn.weight,"[1152, 384]",local_cross,0.03151240944862366,0.5019250934302835,,,0.5492137670516968,0.9701792001724243,1.0420407056808472,0.6166748404502869,0.9093468189239502,1.071860432624817,0.5570255517959595,0.9412495493888855,0.6166715621948242,0.8755908012390137,0.9999995231628418,0.06746107339859009,0.06083238124847412,0.14965202676525974,0.0627022113416395,0.059646010398864746,0.06565874814987183
0,2048,transformer.h.0.attn.c_attn.weight,transformer.h.0.attn.c_attn.weight,"[1152, 384]",medium_cross,0.03895769640803337,0.6205125457420332,,,0.5492137670516968,0.9701792001724243,1.0420407056808472,0.5795543789863586,0.939735472202301,1.0475085973739624,0.5570255517959595,0.9412495493888855,0.5936124920845032,0.9015408158302307,1.0000004768371582,0.030340611934661865,0.03044372797012329,0.0673059861128043,0.03137948944350972,0.0365869402885437,0.039708733558654785
0,2048,transformer.h.0.attn.c_attn.weight,transformer.h.0.attn.c_attn.weight,"[1152, 384]",distant_cross,0.01598338782787323,0.2545810862833948,,,0.5492137670516968,0.9701792001724243,1.0420407056808472,0.549750030040741,0.9697167277336121,1.0422648191452026,0.5570255517959595,0.9412495493888855,0.5573587417602539,0.9408952593803406,0.9999998211860657,0.0005362629890441895,0.00046247243881225586,0.0011896170509397275,0.00047668764567418404,0.0003331899642944336,0.0003542900085449219
0,2048,transformer.h.0.attn.c_proj.weight,transformer.h.0.attn.c_proj.weight,"[384, 384]",danger_diagonal,0.005435803905129433,0.030624932156224412,,,0.4971570670604706,1.0358792543411255,1.0630258321762085,0.5008658170700073,1.0318541526794434,1.062638521194458,0.46097835898399353,1.0382890701293945,0.46413299441337585,1.035247564315796,1.0000005960464478,0.003708750009536743,0.004025101661682129,0.007375563553923404,0.0038856861403622845,0.0031546354293823242,0.003041505813598633
0,2048,transformer.h.0.attn.c_proj.weight,transformer.h.0.attn.c_proj.weight,"[384, 384]",danger_cross,0.1442761868238449,0.8128417636753953,,,0.4971570670604706,1.0358792543411255,1.0630258321762085,0.8732481598854065,0.5273420810699463,1.0748575925827026,0.46097835898399353,1.0382890701293945,0.82509845495224,0.5914432406425476,1.0000008344650269,0.3760910928249359,0.5085371732711792,0.7479295584932952,0.4909232143997671,0.36412009596824646,0.4468458294868469
0,2048,transformer.h.0.attn.c_proj.weight,transformer.h.0.attn.c_proj.weight,"[384, 384]",danger_full,0.14437857270240784,0.8134185984250422,,,0.4971570670604706,1.0358792543411255,1.0630258321762085,0.8797156810760498,0.513745903968811,1.0742195844650269,0.46097835898399353,1.0382890701293945,0.8303077220916748,0.5825703740119934,0.9999997019767761,0.3825586140155792,0.5221333503723145,0.7607914697721022,0.5040484672167889,0.3693293631076813,0.4557186961174011
0,2048,transformer.h.0.attn.c_proj.weight,transformer.h.0.attn.c_proj.weight,"[384, 384]",internal_cross,0.07515278458595276,0.4234054372572788,,,0.4971570670604706,1.0358792543411255,1.0630258321762085,0.5906393527984619,0.9359896183013916,1.0649055242538452,0.46097835898399353,1.0382890701293945,0.5347180366516113,0.9646586775779724,1.0,0.09348228573799133,0.09988963603973389,0.1859075262160108,0.09642980648673095,0.0737396776676178,0.07363039255142212
0,2048,transformer.h.0.attn.c_proj.weight,transformer.h.0.attn.c_proj.weight,"[384, 384]",outside_cross,0.1231570839881897,0.6938582420417415,,,0.4971570670604706,1.0358792543411255,1.0630258321762085,0.5644052624702454,0.9649165868759155,1.0640193223953247,0.46097835898399353,1.0382890701293945,0.5298815369606018,0.9696593880653381,1.0000004768371582,0.06724819540977478,0.07096266746520996,0.13373598594028938,0.0685047674888962,0.06890317797660828,0.0686296820640564
0,2048,transformer.h.0.attn.c_proj.weight,transformer.h.0.attn.c_proj.weight,"[384, 384]",local_cross,0.08293222635984421,0.4672342582921779,,,0.4971570670604706,1.0358792543411255,1.0630258321762085,0.5761457085609436,0.9555190205574036,1.0710790157318115,0.46097835898399353,1.0382890701293945,0.5249142646789551,0.9747681617736816,1.000000238418579,0.07898864150047302,0.08036023378372192,0.1570841237416217,0.07757683479705878,0.06393590569496155,0.06352090835571289
0,2048,transformer.h.0.attn.c_proj.weight,transformer.h.0.attn.c_proj.weight,"[384, 384]",medium_cross,0.10796383023262024,0.6082605321873539,,,0.4971570670604706,1.0358792543411255,1.0630258321762085,0.5458290576934814,0.9867678284645081,1.0670186281204224,0.46097835898399353,1.0382890701293945,0.5107966661453247,0.989145815372467,0.9999998211860657,0.048671990633010864,0.04911142587661743,0.09679362569238699,0.0474103769052262,0.04981830716133118,0.04914325475692749
0,2048,transformer.h.0.attn.c_proj.weight,transformer.h.0.attn.c_proj.weight,"[384, 384]",distant_cross,0.047766853123903275,0.2691150493592064,,,0.4971570670604706,1.0358792543411255,1.0630258321762085,0.4983922243118286,1.035079836845398,1.0638850927352905,0.46097835898399353,1.0382890701293945,0.4628361463546753,1.0364989042282104,0.9999995827674866,0.0012351572513580322,0.0007994174957275391,0.002456348037224119,0.0007717284542357317,0.0018577873706817627,0.001790165901184082
0,2048,transformer.h.0.mlp.w1.weight,transformer.h.0.mlp.w1.weight,"[1024, 384]",danger_diagonal,0.0,0.0,,,0.928513765335083,0.37948161363601685,1.006826400756836,0.928513765335083,0.37948161363601685,1.006826400756836,0.9274815320968628,0.380853533744812,0.9274815320968628,0.380853533744812,0.9999995827674866,0.0,0.0,0.0,0.0,0.0,0.0
0,2048,transformer.h.0.mlp.w1.weight,transformer.h.0.mlp.w1.weight,"[1024, 384]",danger_cross,0.0,0.0,,,0.928513765335083,0.37948161363601685,1.006826400756836,0.928513765335083,0.37948161363601685,1.006826400756836,0.9274815320968628,0.380853533744812,0.9274815320968628,0.380853533744812,0.9999995827674866,0.0,0.0,0.0,0.0,0.0,0.0
0,2048,transformer.h.0.mlp.w1.weight,transformer.h.0.mlp.w1.weight,"[1024, 384]",danger_full,0.0,0.0,,,0.928513765335083,0.37948161363601685,1.006826400756836,0.928513765335083,0.37948161363601685,1.006826400756836,0.9274815320968628,0.380853533744812,0.9274815320968628,0.380853533744812,0.9999995827674866,0.0,0.0,0.0,0.0,0.0,0.0
0,2048,transformer.h.0.mlp.w1.weight,transformer.h.0.mlp.w1.weight,"[1024, 384]",internal_cross,0.0,0.0,,,0.928513765335083,0.37948161363601685,1.006826400756836,0.928513765335083,0.37948161363601685,1.006826400756836,0.9274815320968628,0.380853533744812,0.9274815320968628,0.380853533744812,0.9999995827674866,0.0,0.0,0.0,0.0,0.0,0.0
0,2048,transformer.h.0.mlp.w1.weight,transformer.h.0.mlp.w1.weight,"[1024, 384]",outside_cross,0.0,0.0,,,0.928513765335083,0.37948161363601685,1.006826400756836,0.928513765335083,0.37948161363601685,1.006826400756836,0.9274815320968628,0.380853533744812,0.9274815320968628,0.380853533744812,0.9999995827674866,0.0,0.0,0.0,0.0,0.0,0.0
0,2048,transformer.h.0.mlp.w1.weight,transformer.h.0.mlp.w1.weight,"[1024, 384]",local_cross,0.0,0.0,,,0.928513765335083,0.37948161363601685,1.006826400756836,0.928513765335083,0.37948161363601685,1.006826400756836,0.9274815320968628,0.380853533744812,0.9274815320968628,0.380853533744812,0.9999995827674866,0.0,0.0,0.0,0.0,0.0,0.0
0,2048,transformer.h.0.mlp.w1.weight,transformer.h.0.mlp.w1.weight,"[1024, 384]",medium_cross,0.0,0.0,,,0.928513765335083,0.37948161363601685,1.006826400756836,0.928513765335083,0.37948161363601685,1.006826400756836,0.9274815320968628,0.380853533744812,0.9274815320968628,0.380853533744812,0.9999995827674866,0.0,0.0,0.0,0.0,0.0,0.0
0,2048,transformer.h.0.mlp.w1.weight,transformer.h.0.mlp.w1.weight,"[1024, 384]",distant_cross,0.0,0.0,,,0.928513765335083,0.37948161363601685,1.006826400756836,0.928513765335083,0.37948161363601685,1.006826400756836,0.9274815320968628,0.380853533744812,0.9274815320968628,0.380853533744812,0.9999995827674866,0.0,0.0,0.0,0.0,0.0,0.0
0,2048,transformer.h.0.mlp.w2.weight,transformer.h.0.mlp.w2.weight,"[1024, 384]",danger_diagonal,0.0,0.0,,,0.9242984652519226,0.39081671833992004,1.0082498788833618,0.9242984652519226,0.39081671833992004,1.0082498788833618,0.9228429198265076,0.39284077286720276,0.9228429198265076,0.39284077286720276,0.9999994039535522,0.0,0.0,0.0,0.0,0.0,0.0
0,2048,transformer.h.0.mlp.w2.weight,transformer.h.0.mlp.w2.weight,"[1024, 384]",danger_cross,0.0,0.0,,,0.9242984652519226,0.39081671833992004,1.0082498788833618,0.9242984652519226,0.39081671833992004,1.0082498788833618,0.9228429198265076,0.39284077286720276,0.9228429198265076,0.39284077286720276,0.9999994039535522,0.0,0.0,0.0,0.0,0.0,0.0
0,2048,transformer.h.0.mlp.w2.weight,transformer.h.0.mlp.w2.weight,"[1024, 384]",danger_full,0.0,0.0,,,0.9242984652519226,0.39081671833992004,1.0082498788833618,0.9242984652519226,0.39081671833992004,1.0082498788833618,0.9228429198265076,0.39284077286720276,0.9228429198265076,0.39284077286720276,0.9999994039535522,0.0,0.0,0.0,0.0,0.0,0.0
0,2048,transformer.h.0.mlp.w2.weight,transformer.h.0.mlp.w2.weight,"[1024, 384]",internal_cross,0.0,0.0,,,0.9242984652519226,0.39081671833992004,1.0082498788833618,0.9242984652519226,0.39081671833992004,1.0082498788833618,0.9228429198265076,0.39284077286720276,0.9228429198265076,0.39284077286720276,0.9999994039535522,0.0,0.0,0.0,0.0,0.0,0.0
0,2048,transformer.h.0.mlp.w2.weight,transformer.h.0.mlp.w2.weight,"[1024, 384]",outside_cross,0.0,0.0,,,0.9242984652519226,0.39081671833992004,1.0082498788833618,0.9242984652519226,0.39081671833992004,1.0082498788833618,0.9228429198265076,0.39284077286720276,0.9228429198265076,0.39284077286720276,0.9999994039535522,0.0,0.0,0.0,0.0,0.0,0.0
0,2048,transformer.h.0.mlp.w2.weight,transformer.h.0.mlp.w2.weight,"[1024, 384]",local_cross,0.0,0.0,,,0.9242984652519226,0.39081671833992004,1.0082498788833618,0.9242984652519226,0.39081671833992004,1.0082498788833618,0.9228429198265076,0.39284077286720276,0.9228429198265076,0.39284077286720276,0.9999994039535522,0.0,0.0,0.0,0.0,0.0,0.0
0,2048,transformer.h.0.mlp.w2.weight,transformer.h.0.mlp.w2.weight,"[1024, 384]",medium_cross,0.0,0.0,,,0.9242984652519226,0.39081671833992004,1.0082498788833618,0.9242984652519226,0.39081671833992004,1.0082498788833618,0.9228429198265076,0.39284077286720276,0.9228429198265076,0.39284077286720276,0.9999994039535522,0.0,0.0,0.0,0.0,0.0,0.0
0,2048,transformer.h.0.mlp.w2.weight,transformer.h.0.mlp.w2.weight,"[1024, 384]",distant_cross,0.0,0.0,,,0.9242984652519226,0.39081671833992004,1.0082498788833618,0.9242984652519226,0.39081671833992004,1.0082498788833618,0.9228429198265076,0.39284077286720276,0.9228429198265076,0.39284077286720276,0.9999994039535522,0.0,0.0,0.0,0.0,0.0,0.0
0,2048,transformer.h.0.mlp.c_proj.weight,transformer.h.0.mlp.c_proj.weight,"[384, 1024]",danger_diagonal,0.0,0.0,,,0.8899106383323669,0.4722296893596649,1.0121030807495117,0.8899106383323669,0.4722296893596649,1.0121030807495117,0.8840348124504089,0.48160305619239807,0.8840348124504089,0.48160305619239807,0.9999998807907104,0.0,0.0,0.0,0.0,0.0,0.0
0,2048,transformer.h.0.mlp.c_proj.weight,transformer.h.0.mlp.c_proj.weight,"[384, 1024]",danger_cross,0.0,0.0,,,0.8899106383323669,0.4722296893596649,1.0121030807495117,0.8899106383323669,0.4722296893596649,1.0121030807495117,0.8840348124504089,0.48160305619239807,0.8840348124504089,0.48160305619239807,0.9999998807907104,0.0,0.0,0.0,0.0,0.0,0.0
0,2048,transformer.h.0.mlp.c_proj.weight,transformer.h.0.mlp.c_proj.weight,"[384, 1024]",danger_full,0.0,0.0,,,0.8899106383323669,0.4722296893596649,1.0121030807495117,0.8899106383323669,0.4722296893596649,1.0121030807495117,0.8840348124504089,0.48160305619239807,0.8840348124504089,0.48160305619239807,0.9999998807907104,0.0,0.0,0.0,0.0,0.0,0.0
0,2048,transformer.h.0.mlp.c_proj.weight,transformer.h.0.mlp.c_proj.weight,"[384, 1024]",internal_cross,0.0,0.0,,,0.8899106383323669,0.4722296893596649,1.0121030807495117,0.8899106383323669,0.4722296893596649,1.0121030807495117,0.8840348124504089,0.48160305619239807,0.8840348124504089,0.48160305619239807,0.9999998807907104,0.0,0.0,0.0,0.0,0.0,0.0
0,2048,transformer.h.0.mlp.c_proj.weight,transformer.h.0.mlp.c_proj.weight,"[384, 1024]",outside_cross,0.0,0.0,,,0.8899106383323669,0.4722296893596649,1.0121030807495117,0.8899106383323669,0.4722296893596649,1.0121030807495117,0.8840348124504089,0.48160305619239807,0.8840348124504089,0.48160305619239807,0.9999998807907104,0.0,0.0,0.0,0.0,0.0,0.0
0,2048,transformer.h.0.mlp.c_proj.weight,transformer.h.0.mlp.c_proj.weight,"[384, 1024]",local_cross,0.0,0.0,,,0.8899106383323669,0.4722296893596649,1.0121030807495117,0.8899106383323669,0.4722296893596649,1.0121030807495117,0.8840348124504089,0.48160305619239807,0.8840348124504089,0.48160305619239807,0.9999998807907104,0.0,0.0,0.0,0.0,0.0,0.0
0,2048,transformer.h.0.mlp.c_proj.weight,transformer.h.0.mlp.c_proj.weight,"[384, 1024]",medium_cross,0.0,0.0,,,0.8899106383323669,0.4722296893596649,1.0121030807495117,0.8899106383323669,0.4722296893596649,1.0121030807495117,0.8840348124504089,0.48160305619239807,0.8840348124504089,0.48160305619239807,0.9999998807907104,0.0,0.0,0.0,0.0,0.0,0.0
0,2048,transformer.h.0.mlp.c_proj.weight,transformer.h.0.mlp.c_proj.weight,"[384, 1024]",distant_cross,0.0,0.0,,,0.8899106383323669,0.4722296893596649,1.0121030807495117,0.8899106383323669,0.4722296893596649,1.0121030807495117,0.8840348124504089,0.48160305619239807,0.8840348124504089,0.48160305619239807,0.9999998807907104,0.0,0.0,0.0,0.0,0.0,0.0
0,2048,transformer.h.1.attn.c_attn.weight,transformer.h.1.attn.c_attn.weight,"[1152, 384]",danger_diagonal,0.00158777367323637,0.03249946967154101,,,0.5595722198486328,0.9607388973236084,1.0455139875411987,0.564287543296814,0.9558230042457581,1.0459669828414917,0.563175618648529,0.9346948266029358,0.56793212890625,0.929591178894043,1.0000007152557373,0.004715323448181152,0.004915893077850342,0.010706235302778993,0.005116783645946738,0.004756510257720947,0.005103647708892822
0,2048,transformer.h.1.attn.c_attn.weight,transformer.h.1.attn.c_attn.weight,"[1152, 384]",danger_cross,0.042423784732818604,0.8683545574010596,,,0.5595722198486328,0.9607388973236084,1.0455139875411987,0.7461080551147461,0.7472106218338013,1.085222840309143,0.563175618648529,0.9346948266029358,0.7354236245155334,0.727432370185852,1.0000001192092896,0.18653583526611328,0.21352827548980713,0.42353330937027683,0.22225422129222253,0.1722480058670044,0.20726245641708374
0,2048,transformer.h.1.attn.c_attn.weight,transformer.h.1.attn.c_attn.weight,"[1152, 384]",danger_full,0.04245348647236824,0.8689625097811479,,,0.5595722198486328,0.9607388973236084,1.0455139875411987,0.7516974806785583,0.7394103407859802,1.0860241651535034,0.563175618648529,0.9346948266029358,0.7417139410972595,0.7187324166297913,1.0,0.19212526082992554,0.22132855653762817,0.43622421084313867,0.23037326494659188,0.17853832244873047,0.21596240997314453
0,2048,transformer.h.1.attn.c_attn.weight,transformer.h.1.attn.c_attn.weight,"[1152, 384]",internal_cross,0.024607043713331223,0.5036711997104887,,,0.5595722198486328,0.9607388973236084,1.0455139875411987,0.6460248827934265,0.8792651891708374,1.0824357271194458,0.563175618648529,0.9346948266029358,0.6368818879127502,0.852197527885437,1.0,0.0864526629447937,0.081473708152771,0.19629248390072365,0.08480317428568522,0.07370626926422119,0.08249729871749878
0,2048,transformer.h.1.attn.c_attn.weight,transformer.h.1.attn.c_attn.weight,"[1152, 384]",outside_cross,0.0345582477748394,0.7073581987102229,,,0.5595722198486328,0.9607388973236084,1.0455139875411987,0.5968210697174072,0.9183976054191589,1.0436426401138306,0.563175618648529,0.9346948266029358,0.6050341725349426,0.888783872127533,0.9999998807907104,0.037248849868774414,0.04234129190444946,0.08457425155146354,0.04407159117050668,0.041858553886413574,0.04591095447540283
0,2048,transformer.h.1.attn.c_attn.weight,transformer.h.1.attn.c_attn.weight,"[1152, 384]",local_cross,0.025932161137461662,0.5307944693947484,,,0.5595722198486328,0.9607388973236084,1.0455139875411987,0.6250923275947571,0.8995609283447266,1.072247862815857,0.563175618648529,0.9346948266029358,0.6216660141944885,0.8698695302009583,1.000000238418579,0.06552010774612427,0.061177968978881836,0.1487647026343483,0.06367803900654924,0.05849039554595947,0.06482529640197754
0,2048,transformer.h.1.attn.c_attn.weight,transformer.h.1.attn.c_attn.weight,"[1152, 384]",medium_cross,0.030905885621905327,0.6325995381910454,,,0.5595722198486328,0.9607388973236084,1.0455139875411987,0.5834284424781799,0.9377835988998413,1.0522836446762085,0.563175618648529,0.9346948266029358,0.5928812623023987,0.9023532867431641,1.0,0.02385622262954712,0.02295529842376709,0.05416602608797329,0.023893378823023746,0.02970564365386963,0.03234153985977173
0,2048,transformer.h.1.attn.c_attn.weight,transformer.h.1.attn.c_attn.weight,"[1152, 384]",distant_cross,0.013119731098413467,0.2685422425871062,,,0.5595722198486328,0.9607388973236084,1.0455139875411987,0.5600858926773071,0.9601991176605225,1.0455517768859863,0.563175618648529,0.9346948266029358,0.563490092754364,0.9343572854995728,1.0000004768371582,0.0005136728286743164,0.0005397796630859375,0.0011663043337043276,0.000561838044227871,0.00031447410583496094,0.0003375411033630371
0,2048,transformer.h.1.attn.c_proj.weight,transformer.h.1.attn.c_proj.weight,"[384, 384]",danger_diagonal,0.004819883964955807,0.035743361154247665,,,0.5073212385177612,1.0403978824615479,1.0902459621429443,0.5094471573829651,1.0380610227584839,1.0900558233261108,0.4633010923862457,1.036726713180542,0.46462008357048035,1.0354514122009277,1.0013049840927124,0.0021259188652038574,0.002336859703063965,0.0043150203162969055,0.002246121164275181,0.0013189911842346191,0.0012753009796142578
0,2048,transformer.h.1.attn.c_proj.weight,transformer.h.1.attn.c_proj.weight,"[384, 384]",danger_cross,0.11265485733747482,0.8354274254049455,,,0.5073212385177612,1.0403978824615479,1.0902459621429443,0.8647403717041016,0.5641798377037048,1.1217883825302124,0.4633010923862457,1.036726713180542,0.7916026711463928,0.6460200548171997,1.001305103302002,0.35741913318634033,0.476218044757843,0.7254608096176791,0.4577268493003143,0.3283015787601471,0.3907066583633423
0,2048,transformer.h.1.attn.c_proj.weight,transformer.h.1.attn.c_proj.weight,"[384, 384]",danger_full,0.11275792121887207,0.8361917279403436,,,0.5073212385177612,1.0403978824615479,1.0902459621429443,0.8690436482429504,0.5541248321533203,1.11862313747406,0.4633010923862457,1.036726713180542,0.7916025519371033,0.6460200548171997,1.0013052225112915,0.3617224097251892,0.48627305030822754,0.7341952566352495,0.4673914264009469,0.32830145955085754,0.3907066583633423
0,2048,transformer.h.1.attn.c_proj.weight,transformer.h.1.attn.c_proj.weight,"[384, 384]",internal_cross,0.06124292314052582,0.4541661035555069,,,0.5073212385177612,1.0403978824615479,1.0902459621429443,0.6340277194976807,0.9014267325401306,1.0972347259521484,0.4633010923862457,1.036726713180542,0.5602056980133057,0.9384770393371582,1.0013047456741333,0.12670648097991943,0.13897114992141724,0.2571786950968197,0.1335750026639962,0.09690460562705994,0.09824967384338379
0,2048,transformer.h.1.attn.c_proj.weight,transformer.h.1.attn.c_proj.weight,"[384, 384]",outside_cross,0.09455379843711853,0.7011933462748525,,,0.5073212385177612,1.0403978824615479,1.0902459621429443,0.565274715423584,0.9812954664230347,1.0967597961425781,0.4633010923862457,1.036726713180542,0.520723819732666,0.9796964526176453,1.001304268836975,0.057953476905822754,0.059102416038513184,0.1176293387022976,0.05680751281296226,0.05742272734642029,0.05703026056289673
0,2048,transformer.h.1.attn.c_proj.weight,transformer.h.1.attn.c_proj.weight,"[384, 384]",local_cross,0.0660838782787323,0.49006572460333675,,,0.5073212385177612,1.0403978824615479,1.0902459621429443,0.5993773341178894,0.9390316605567932,1.090327501296997,0.4633010923862457,1.036726713180542,0.5372217297554016,0.9626878499984741,1.001305103302002,0.09205609560012817,0.10136622190475464,0.18684811036541266,0.09743024626782729,0.07392063736915588,0.07403886318206787
0,2048,transformer.h.1.attn.c_proj.weight,transformer.h.1.attn.c_proj.weight,"[384, 384]",medium_cross,0.08405918627977371,0.6233672585015604,,,0.5073212385177612,1.0403978824615479,1.0902459621429443,0.5622754693031311,0.9833604693412781,1.0943938493728638,0.4633010923862457,1.036726713180542,0.5142256021499634,0.9863154888153076,1.0013054609298706,0.05495423078536987,0.057037413120269775,0.11154170847559661,0.05482269243505292,0.05092450976371765,0.050411224365234375
0,2048,transformer.h.1.attn.c_proj.weight,transformer.h.1.attn.c_proj.weight,"[384, 384]",distant_cross,0.035469572991132736,0.2630357424840269,,,0.5073212385177612,1.0403978824615479,1.0902459621429443,0.5115064382553101,1.036142349243164,1.0904967784881592,0.4633010923862457,1.036726713180542,0.4653373658657074,1.0347572565078735,1.001304268836975,0.004185199737548828,0.004255533218383789,0.008494784157038818,0.004090294002055574,0.00203627347946167,0.001969456672668457
0,2048,transformer.h.1.mlp.w1.weight,transformer.h.1.mlp.w1.weight,"[1024, 384]",danger_diagonal,0.0,0.0,,,0.9007777571678162,0.44737905263900757,1.0081920623779297,0.9007777571678162,0.44737905263900757,1.0081920623779297,0.8943855166435242,0.4596071243286133,0.8943855166435242,0.4596071243286133,0.9999990463256836,0.0,0.0,0.0,0.0,0.0,0.0
0,2048,transformer.h.1.mlp.w1.weight,transformer.h.1.mlp.w1.weight,"[1024, 384]",danger_cross,0.0,0.0,,,0.9007777571678162,0.44737905263900757,1.0081920623779297,0.9007777571678162,0.44737905263900757,1.0081920623779297,0.8943855166435242,0.4596071243286133,0.8943855166435242,0.4596071243286133,0.9999990463256836,0.0,0.0,0.0,0.0,0.0,0.0
0,2048,transformer.h.1.mlp.w1.weight,transformer.h.1.mlp.w1.weight,"[1024, 384]",danger_full,0.0,0.0,,,0.9007777571678162,0.44737905263900757,1.0081920623779297,0.9007777571678162,0.44737905263900757,1.0081920623779297,0.8943855166435242,0.4596071243286133,0.8943855166435242,0.4596071243286133,0.9999990463256836,0.0,0.0,0.0,0.0,0.0,0.0
0,2048,transformer.h.1.mlp.w1.weight,transformer.h.1.mlp.w1.weight,"[1024, 384]",internal_cross,0.0,0.0,,,0.9007777571678162,0.44737905263900757,1.0081920623779297,0.9007777571678162,0.44737905263900757,1.0081920623779297,0.8943855166435242,0.4596071243286133,0.8943855166435242,0.4596071243286133,0.9999990463256836,0.0,0.0,0.0,0.0,0.0,0.0
0,2048,transformer.h.1.mlp.w1.weight,transformer.h.1.mlp.w1.weight,"[1024, 384]",outside_cross,0.0,0.0,,,0.9007777571678162,0.44737905263900757,1.0081920623779297,0.9007777571678162,0.44737905263900757,1.0081920623779297,0.8943855166435242,0.4596071243286133,0.8943855166435242,0.4596071243286133,0.9999990463256836,0.0,0.0,0.0,0.0,0.0,0.0
0,2048,transformer.h.1.mlp.w1.weight,transformer.h.1.mlp.w1.weight,"[1024, 384]",local_cross,0.0,0.0,,,0.9007777571678162,0.44737905263900757,1.0081920623779297,0.9007777571678162,0.44737905263900757,1.0081920623779297,0.8943855166435242,0.4596071243286133,0.8943855166435242,0.4596071243286133,0.9999990463256836,0.0,0.0,0.0,0.0,0.0,0.0
0,2048,transformer.h.1.mlp.w1.weight,transformer.h.1.mlp.w1.weight,"[1024, 384]",medium_cross,0.0,0.0,,,0.9007777571678162,0.44737905263900757,1.0081920623779297,0.9007777571678162,0.44737905263900757,1.0081920623779297,0.8943855166435242,0.4596071243286133,0.8943855166435242,0.4596071243286133,0.9999990463256836,0.0,0.0,0.0,0.0,0.0,0.0
0,2048,transformer.h.1.mlp.w1.weight,transformer.h.1.mlp.w1.weight,"[1024, 384]",distant_cross,0.0,0.0,,,0.9007777571678162,0.44737905263900757,1.0081920623779297,0.9007777571678162,0.44737905263900757,1.0081920623779297,0.8943855166435242,0.4596071243286133,0.8943855166435242,0.4596071243286133,0.9999990463256836,0.0,0.0,0.0,0.0,0.0,0.0
0,2048,transformer.h.1.mlp.w2.weight,transformer.h.1.mlp.w2.weight,"[1024, 384]",danger_diagonal,0.0,0.0,,,0.8986756801605225,0.4520573616027832,1.0080617666244507,0.8986756801605225,0.4520573616027832,1.0080617666244507,0.891759991645813,0.4652858376502991,0.891759991645813,0.4652858376502991,0.9999998211860657,0.0,0.0,0.0,0.0,0.0,0.0
0,2048,transformer.h.1.mlp.w2.weight,transformer.h.1.mlp.w2.weight,"[1024, 384]",danger_cross,0.0,0.0,,,0.8986756801605225,0.4520573616027832,1.0080617666244507,0.8986756801605225,0.4520573616027832,1.0080617666244507,0.891759991645813,0.4652858376502991,0.891759991645813,0.4652858376502991,0.9999998211860657,0.0,0.0,0.0,0.0,0.0,0.0
0,2048,transformer.h.1.mlp.w2.weight,transformer.h.1.mlp.w2.weight,"[1024, 384]",danger_full,0.0,0.0,,,0.8986756801605225,0.4520573616027832,1.0080617666244507,0.8986756801605225,0.4520573616027832,1.0080617666244507,0.891759991645813,0.4652858376502991,0.891759991645813,0.4652858376502991,0.9999998211860657,0.0,0.0,0.0,0.0,0.0,0.0
0,2048,transformer.h.1.mlp.w2.weight,transformer.h.1.mlp.w2.weight,"[1024, 384]",internal_cross,0.0,0.0,,,0.8986756801605225,0.4520573616027832,1.0080617666244507,0.8986756801605225,0.4520573616027832,1.0080617666244507,0.891759991645813,0.4652858376502991,0.891759991645813,0.4652858376502991,0.9999998211860657,0.0,0.0,0.0,0.0,0.0,0.0
0,2048,transformer.h.1.mlp.w2.weight,transformer.h.1.mlp.w2.weight,"[1024, 384]",outside_cross,0.0,0.0,,,0.8986756801605225,0.4520573616027832,1.0080617666244507,0.8986756801605225,0.4520573616027832,1.0080617666244507,0.891759991645813,0.4652858376502991,0.891759991645813,0.4652858376502991,0.9999998211860657,0.0,0.0,0.0,0.0,0.0,0.0
0,2048,transformer.h.1.mlp.w2.weight,transformer.h.1.mlp.w2.weight,"[1024, 384]",local_cross,0.0,0.0,,,0.8986756801605225,0.4520573616027832,1.0080617666244507,0.8986756801605225,0.4520573616027832,1.0080617666244507,0.891759991645813,0.4652858376502991,0.891759991645813,0.4652858376502991,0.9999998211860657,0.0,0.0,0.0,0.0,0.0,0.0
0,2048,transformer.h.1.mlp.w2.weight,transformer.h.1.mlp.w2.weight,"[1024, 384]",medium_cross,0.0,0.0,,,0.8986756801605225,0.4520573616027832,1.0080617666244507,0.8986756801605225,0.4520573616027832,1.0080617666244507,0.891759991645813,0.4652858376502991,0.891759991645813,0.4652858376502991,0.9999998211860657,0.0,0.0,0.0,0.0,0.0,0.0
0,2048,transformer.h.1.mlp.w2.weight,transformer.h.1.mlp.w2.weight,"[1024, 384]",distant_cross,0.0,0.0,,,0.8986756801605225,0.4520573616027832,1.0080617666244507,0.8986756801605225,0.4520573616027832,1.0080617666244507,0.891759991645813,0.4652858376502991,0.891759991645813,0.4652858376502991,0.9999998211860657,0.0,0.0,0.0,0.0,0.0,0.0
0,2048,transformer.h.1.mlp.c_proj.weight,transformer.h.1.mlp.c_proj.weight,"[384, 1024]",danger_diagonal,0.0,0.0,,,0.8744319081306458,0.5034538507461548,1.0089105367660522,0.8744319081306458,0.5034538507461548,1.0089105367660522,0.8664042949676514,0.5169165730476379,0.8664042949676514,0.5169165730476379,1.0,0.0,0.0,0.0,0.0,0.0,0.0
0,2048,transformer.h.1.mlp.c_proj.weight,transformer.h.1.mlp.c_proj.weight,"[384, 1024]",danger_cross,0.0,0.0,,,0.8744319081306458,0.5034538507461548,1.0089105367660522,0.8744319081306458,0.5034538507461548,1.0089105367660522,0.8664042949676514,0.5169165730476379,0.8664042949676514,0.5169165730476379,1.0,0.0,0.0,0.0,0.0,0.0,0.0
0,2048,transformer.h.1.mlp.c_proj.weight,transformer.h.1.mlp.c_proj.weight,"[384, 1024]",danger_full,0.0,0.0,,,0.8744319081306458,0.5034538507461548,1.0089105367660522,0.8744319081306458,0.5034538507461548,1.0089105367660522,0.8664042949676514,0.5169165730476379,0.8664042949676514,0.5169165730476379,1.0,0.0,0.0,0.0,0.0,0.0,0.0
0,2048,transformer.h.1.mlp.c_proj.weight,transformer.h.1.mlp.c_proj.weight,"[384, 1024]",internal_cross,0.0,0.0,,,0.8744319081306458,0.5034538507461548,1.0089105367660522,0.8744319081306458,0.5034538507461548,1.0089105367660522,0.8664042949676514,0.5169165730476379,0.8664042949676514,0.5169165730476379,1.0,0.0,0.0,0.0,0.0,0.0,0.0
0,2048,transformer.h.1.mlp.c_proj.weight,transformer.h.1.mlp.c_proj.weight,"[384, 1024]",outside_cross,0.0,0.0,,,0.8744319081306458,0.5034538507461548,1.0089105367660522,0.8744319081306458,0.5034538507461548,1.0089105367660522,0.8664042949676514,0.5169165730476379,0.8664042949676514,0.5169165730476379,1.0,0.0,0.0,0.0,0.0,0.0,0.0
0,2048,transformer.h.1.mlp.c_proj.weight,transformer.h.1.mlp.c_proj.weight,"[384, 1024]",local_cross,0.0,0.0,,,0.8744319081306458,0.5034538507461548,1.0089105367660522,0.8744319081306458,0.5034538507461548,1.0089105367660522,0.8664042949676514,0.5169165730476379,0.8664042949676514,0.5169165730476379,1.0,0.0,0.0,0.0,0.0,0.0,0.0
0,2048,transformer.h.1.mlp.c_proj.weight,transformer.h.1.mlp.c_proj.weight,"[384, 1024]",medium_cross,0.0,0.0,,,0.8744319081306458,0.5034538507461548,1.0089105367660522,0.8744319081306458,0.5034538507461548,1.0089105367660522,0.8664042949676514,0.5169165730476379,0.8664042949676514,0.5169165730476379,1.0,0.0,0.0,0.0,0.0,0.0,0.0
0,2048,transformer.h.1.mlp.c_proj.weight,transformer.h.1.mlp.c_proj.weight,"[384, 1024]",distant_cross,0.0,0.0,,,0.8744319081306458,0.5034538507461548,1.0089105367660522,0.8744319081306458,0.5034538507461548,1.0089105367660522,0.8664042949676514,0.5169165730476379,0.8664042949676514,0.5169165730476379,1.0,0.0,0.0,0.0,0.0,0.0,0.0
0,2048,transformer.h.2.attn.c_attn.weight,transformer.h.2.attn.c_attn.weight,"[1152, 384]",danger_diagonal,0.00347691448405385,0.03398707883993851,,,0.5602372288703918,0.965307354927063,1.055895447731018,0.5710487961769104,0.9531650543212891,1.055417537689209,0.5674337148666382,0.9301285743713379,0.5787957906723022,0.9178310632705688,0.9999995827674866,0.010811567306518555,0.012142300605773926,0.02458499904106739,0.012578688584312483,0.011362075805664062,0.012297511100769043
0,2048,transformer.h.2.attn.c_attn.weight,transformer.h.2.attn.c_attn.weight,"[1152, 384]",danger_cross,0.08423147350549698,0.8233684618833953,,,0.5602372288703918,0.965307354927063,1.055895447731018,0.7417796850204468,0.749898374080658,1.0773046016693115,0.5674337148666382,0.9301285743713379,0.7322579622268677,0.7317711114883423,1.0000005960464478,0.18154245615005493,0.21540898084640503,0.41281906534227797,0.22315066776082004,0.1648242473602295,0.1983574628829956
0,2048,transformer.h.2.attn.c_attn.weight,transformer.h.2.attn.c_attn.weight,"[1152, 384]",danger_full,0.08430320769548416,0.8240696685371094,,,0.5602372288703918,0.965307354927063,1.055895447731018,0.7517412900924683,0.7353784441947937,1.0771476030349731,0.5674337148666382,0.9301285743713379,0.7445935010910034,0.7147157192230225,1.0000003576278687,0.19150406122207642,0.2299289107322693,0.4354712899642789,0.23819243638689808,0.17715978622436523,0.21541285514831543
0,2048,transformer.h.2.attn.c_attn.weight,transformer.h.2.attn.c_attn.weight,"[1152, 384]",internal_cross,0.043033771216869354,0.4206580811335718,,,0.5602372288703918,0.965307354927063,1.055895447731018,0.6443796753883362,0.8786200284957886,1.0770376920700073,0.5674337148666382,0.9301285743713379,0.6358001232147217,0.8534659743309021,1.0000011920928955,0.08414244651794434,0.08668732643127441,0.1913359930441807,0.08980282392836876,0.0683664083480835,0.07666260004043579
0,2048,transformer.h.2.attn.c_attn.weight,transformer.h.2.attn.c_attn.weight,"[1152, 384]",outside_cross,0.07240881770849228,0.7078011862103502,,,0.5602372288703918,0.965307354927063,1.055895447731018,0.5916757583618164,0.9282912015914917,1.0518885850906372,0.5674337148666382,0.9301285743713379,0.6040356755256653,0.8899062871932983,1.0,0.03143852949142456,0.03701615333557129,0.07148974755336647,0.03834649466476733,0.0366019606590271,0.04022228717803955
0,2048,transformer.h.2.attn.c_attn.weight,transformer.h.2.attn.c_attn.weight,"[1152, 384]",local_cross,0.04686957970261574,0.4581533735883828,,,0.5602372288703918,0.965307354927063,1.055895447731018,0.6202933192253113,0.9026776552200317,1.0670405626296997,0.5674337148666382,0.9301285743713379,0.6186767220497131,0.8732998967170715,1.0,0.060056090354919434,0.06262969970703125,0.13656474421573883,0.06488057859225929,0.05124300718307495,0.05682867765426636
0,2048,transformer.h.2.attn.c_attn.weight,transformer.h.2.attn.c_attn.weight,"[1152, 384]",medium_cross,0.0641484260559082,0.627055288192803,,,0.5602372288703918,0.965307354927063,1.055895447731018,0.5802626013755798,0.9430914521217346,1.0557801723480225,0.5674337148666382,0.9301285743713379,0.5920771956443787,0.9032445549964905,1.000000238418579,0.02002537250518799,0.02221590280532837,0.045536761681188455,0.023014330815916105,0.02464348077774048,0.026884019374847412
0,2048,transformer.h.2.attn.c_attn.weight,transformer.h.2.attn.c_attn.weight,"[1152, 384]",distant_cross,0.02798508293926716,0.27355611550449627,,,0.5602372288703918,0.965307354927063,1.055895447731018,0.5605487823486328,0.9650182127952576,1.055995225906372,0.5674337148666382,0.9301285743713379,0.5677784085273743,0.9297565221786499,0.9999998807907104,0.0003115534782409668,0.0002891421318054199,0.0007084580566942645,0.0002995337498772782,0.000344693660736084,0.0003720521926879883
0,2048,transformer.h.2.attn.c_proj.weight,transformer.h.2.attn.c_proj.weight,"[384, 384]",danger_diagonal,0.004936413373798132,0.028853524292767593,,,0.5583996772766113,0.9798254370689392,1.0798083543777466,0.5632550120353699,0.9745280146598816,1.0799343585968018,0.511145830154419,0.9887921810150146,0.516369104385376,0.9834948778152466,1.000000238418579,0.004855334758758545,0.005297422409057617,0.010994862342525615,0.005406496104963744,0.005223274230957031,0.005297303199768066
0,2048,transformer.h.2.attn.c_proj.weight,transformer.h.2.attn.c_proj.weight,"[384, 384]",danger_cross,0.13876374065876007,0.8110793523298981,,,0.5583996772766113,0.9798254370689392,1.0798083543777466,0.8743892312049866,0.5351893305778503,1.1001784801483154,0.511145830154419,0.9887921810150146,0.8111231923103333,0.6146177649497986,1.0000001192092896,0.31598955392837524,0.44463610649108887,0.7155555321600298,0.45379114449322555,0.2999773621559143,0.37417441606521606
0,2048,transformer.h.2.attn.c_proj.weight,transformer.h.2.attn.c_proj.weight,"[384, 384]",danger_full,0.13885152339935303,0.8115924457939967,,,0.5583996772766113,0.9798254370689392,1.0798083543777466,0.8795151114463806,0.5269556045532227,1.1058504581451416,0.511145830154419,0.9887921810150146,0.811123251914978,0.6146178245544434,1.0000001192092896,0.3211154341697693,0.45286983251571655,0.7271630423397829,0.46219440257688804,0.2999774217605591,0.3741743564605713
0,2048,transformer.h.2.attn.c_proj.weight,transformer.h.2.attn.c_proj.weight,"[384, 384]",internal_cross,0.07124781608581543,0.41644620022107176,,,0.5583996772766113,0.9798254370689392,1.0798083543777466,0.6595690846443176,0.8650357127189636,1.0877244472503662,0.511145830154419,0.9887921810150146,0.5883126258850098,0.9074003100395203,0.9999995827674866,0.1011694073677063,0.11478972434997559,0.2290972224471792,0.11715323975805206,0.07716679573059082,0.08139187097549438
0,2048,transformer.h.2.attn.c_proj.weight,transformer.h.2.attn.c_proj.weight,"[384, 384]",outside_cross,0.11907610297203064,0.6960043597702323,,,0.5583996772766113,0.9798254370689392,1.0798083543777466,0.6091956496238708,0.9243744015693665,1.084152340888977,0.511145830154419,0.9887921810150146,0.5633381009101868,0.9345186352729797,1.0,0.05079597234725952,0.055451035499572754,0.11502702723131228,0.05659276989730906,0.05219227075576782,0.05427354574203491
0,2048,transformer.h.2.attn.c_proj.weight,transformer.h.2.attn.c_proj.weight,"[384, 384]",local_cross,0.07710517942905426,0.45068271218191536,,,0.5583996772766113,0.9798254370689392,1.0798083543777466,0.6274387836456299,0.9000218510627747,1.078789234161377,0.511145830154419,0.9887921810150146,0.5657386779785156,0.9319467544555664,0.9999995231628418,0.06903910636901855,0.07980358600616455,0.1563384418363832,0.08144673835462966,0.05459284782409668,0.05684542655944824
0,2048,transformer.h.2.attn.c_proj.weight,transformer.h.2.attn.c_proj.weight,"[384, 384]",medium_cross,0.10642293095588684,0.6220460871332167,,,0.5583996772766113,0.9798254370689392,1.0798083543777466,0.6008071899414062,0.9330467581748962,1.0819971561431885,0.511145830154419,0.9887921810150146,0.5515670776367188,0.947030246257782,1.0,0.04240751266479492,0.04677867889404297,0.09603143494838047,0.04774184984825178,0.040421247482299805,0.041761934757232666
0,2048,transformer.h.2.attn.c_proj.weight,transformer.h.2.attn.c_proj.weight,"[384, 384]",distant_cross,0.04454576596617699,0.2603716996771892,,,0.5583996772766113,0.9798254370689392,1.0798083543777466,0.560120701789856,0.979157567024231,1.0821200609207153,0.511145830154419,0.9887921810150146,0.513466477394104,0.9864417314529419,0.9999998807907104,0.001721024513244629,0.000667870044708252,0.0038972446909253076,0.0006816214597429986,0.0023206472396850586,0.002350449562072754
0,2048,transformer.h.2.mlp.w1.weight,transformer.h.2.mlp.w1.weight,"[1024, 384]",danger_diagonal,0.0,0.0,,,0.9036697745323181,0.44075292348861694,1.0079251527786255,0.9036697745323181,0.44075292348861694,1.0079251527786255,0.8970000743865967,0.4538850486278534,0.8970000743865967,0.4538850486278534,0.9999985694885254,0.0,0.0,0.0,0.0,0.0,0.0
0,2048,transformer.h.2.mlp.w1.weight,transformer.h.2.mlp.w1.weight,"[1024, 384]",danger_cross,0.0,0.0,,,0.9036697745323181,0.44075292348861694,1.0079251527786255,0.9036697745323181,0.44075292348861694,1.0079251527786255,0.8970000743865967,0.4538850486278534,0.8970000743865967,0.4538850486278534,0.9999985694885254,0.0,0.0,0.0,0.0,0.0,0.0
0,2048,transformer.h.2.mlp.w1.weight,transformer.h.2.mlp.w1.weight,"[1024, 384]",danger_full,0.0,0.0,,,0.9036697745323181,0.44075292348861694,1.0079251527786255,0.9036697745323181,0.44075292348861694,1.0079251527786255,0.8970000743865967,0.4538850486278534,0.8970000743865967,0.4538850486278534,0.9999985694885254,0.0,0.0,0.0,0.0,0.0,0.0
0,2048,transformer.h.2.mlp.w1.weight,transformer.h.2.mlp.w1.weight,"[1024, 384]",internal_cross,0.0,0.0,,,0.9036697745323181,0.44075292348861694,1.0079251527786255,0.9036697745323181,0.44075292348861694,1.0079251527786255,0.8970000743865967,0.4538850486278534,0.8970000743865967,0.4538850486278534,0.9999985694885254,0.0,0.0,0.0,0.0,0.0,0.0
0,2048,transformer.h.2.mlp.w1.weight,transformer.h.2.mlp.w1.weight,"[1024, 384]",outside_cross,0.0,0.0,,,0.9036697745323181,0.44075292348861694,1.0079251527786255,0.9036697745323181,0.44075292348861694,1.0079251527786255,0.8970000743865967,0.4538850486278534,0.8970000743865967,0.4538850486278534,0.9999985694885254,0.0,0.0,0.0,0.0,0.0,0.0
0,2048,transformer.h.2.mlp.w1.weight,transformer.h.2.mlp.w1.weight,"[1024, 384]",local_cross,0.0,0.0,,,0.9036697745323181,0.44075292348861694,1.0079251527786255,0.9036697745323181,0.44075292348861694,1.0079251527786255,0.8970000743865967,0.4538850486278534,0.8970000743865967,0.4538850486278534,0.9999985694885254,0.0,0.0,0.0,0.0,0.0,0.0
0,2048,transformer.h.2.mlp.w1.weight,transformer.h.2.mlp.w1.weight,"[1024, 384]",medium_cross,0.0,0.0,,,0.9036697745323181,0.44075292348861694,1.0079251527786255,0.9036697745323181,0.44075292348861694,1.0079251527786255,0.8970000743865967,0.4538850486278534,0.8970000743865967,0.4538850486278534,0.9999985694885254,0.0,0.0,0.0,0.0,0.0,0.0
0,2048,transformer.h.2.mlp.w1.weight,transformer.h.2.mlp.w1.weight,"[1024, 384]",distant_cross,0.0,0.0,,,0.9036697745323181,0.44075292348861694,1.0079251527786255,0.9036697745323181,0.44075292348861694,1.0079251527786255,0.8970000743865967,0.4538850486278534,0.8970000743865967,0.4538850486278534,0.9999985694885254,0.0,0.0,0.0,0.0,0.0,0.0
0,2048,transformer.h.2.mlp.w2.weight,transformer.h.2.mlp.w2.weight,"[1024, 384]",danger_diagonal,0.0,0.0,,,0.9012918472290039,0.4461781680583954,1.0080207586288452,0.9012918472290039,0.4461781680583954,1.0080207586288452,0.8947674632072449,0.45877963304519653,0.8947674632072449,0.45877963304519653,0.9999993443489075,0.0,0.0,0.0,0.0,0.0,0.0
0,2048,transformer.h.2.mlp.w2.weight,transformer.h.2.mlp.w2.weight,"[1024, 384]",danger_cross,0.0,0.0,,,0.9012918472290039,0.4461781680583954,1.0080207586288452,0.9012918472290039,0.4461781680583954,1.0080207586288452,0.8947674632072449,0.45877963304519653,0.8947674632072449,0.45877963304519653,0.9999993443489075,0.0,0.0,0.0,0.0,0.0,0.0
0,2048,transformer.h.2.mlp.w2.weight,transformer.h.2.mlp.w2.weight,"[1024, 384]",danger_full,0.0,0.0,,,0.9012918472290039,0.4461781680583954,1.0080207586288452,0.9012918472290039,0.4461781680583954,1.0080207586288452,0.8947674632072449,0.45877963304519653,0.8947674632072449,0.45877963304519653,0.9999993443489075,0.0,0.0,0.0,0.0,0.0,0.0
0,2048,transformer.h.2.mlp.w2.weight,transformer.h.2.mlp.w2.weight,"[1024, 384]",internal_cross,0.0,0.0,,,0.9012918472290039,0.4461781680583954,1.0080207586288452,0.9012918472290039,0.4461781680583954,1.0080207586288452,0.8947674632072449,0.45877963304519653,0.8947674632072449,0.45877963304519653,0.9999993443489075,0.0,0.0,0.0,0.0,0.0,0.0
0,2048,transformer.h.2.mlp.w2.weight,transformer.h.2.mlp.w2.weight,"[1024, 384]",outside_cross,0.0,0.0,,,0.9012918472290039,0.4461781680583954,1.0080207586288452,0.9012918472290039,0.4461781680583954,1.0080207586288452,0.8947674632072449,0.45877963304519653,0.8947674632072449,0.45877963304519653,0.9999993443489075,0.0,0.0,0.0,0.0,0.0,0.0
0,2048,transformer.h.2.mlp.w2.weight,transformer.h.2.mlp.w2.weight,"[1024, 384]",local_cross,0.0,0.0,,,0.9012918472290039,0.4461781680583954,1.0080207586288452,0.9012918472290039,0.4461781680583954,1.0080207586288452,0.8947674632072449,0.45877963304519653,0.8947674632072449,0.45877963304519653,0.9999993443489075,0.0,0.0,0.0,0.0,0.0,0.0
0,2048,transformer.h.2.mlp.w2.weight,transformer.h.2.mlp.w2.weight,"[1024, 384]",medium_cross,0.0,0.0,,,0.9012918472290039,0.4461781680583954,1.0080207586288452,0.9012918472290039,0.4461781680583954,1.0080207586288452,0.8947674632072449,0.45877963304519653,0.8947674632072449,0.45877963304519653,0.9999993443489075,0.0,0.0,0.0,0.0,0.0,0.0
0,2048,transformer.h.2.mlp.w2.weight,transformer.h.2.mlp.w2.weight,"[1024, 384]",distant_cross,0.0,0.0,,,0.9012918472290039,0.4461781680583954,1.0080207586288452,0.9012918472290039,0.4461781680583954,1.0080207586288452,0.8947674632072449,0.45877963304519653,0.8947674632072449,0.45877963304519653,0.9999993443489075,0.0,0.0,0.0,0.0,0.0,0.0
0,2048,transformer.h.2.mlp.c_proj.weight,transformer.h.2.mlp.c_proj.weight,"[384, 1024]",danger_diagonal,0.0,0.0,,,0.9171189069747925,0.4090898633003235,1.0090444087982178,0.9171189069747925,0.4090898633003235,1.0090444087982178,0.9152885675430298,0.4116216003894806,0.9152885675430298,0.4116216003894806,0.9999998211860657,0.0,0.0,0.0,0.0,0.0,0.0
0,2048,transformer.h.2.mlp.c_proj.weight,transformer.h.2.mlp.c_proj.weight,"[384, 1024]",danger_cross,0.0,0.0,,,0.9171189069747925,0.4090898633003235,1.0090444087982178,0.9171189069747925,0.4090898633003235,1.0090444087982178,0.9152885675430298,0.4116216003894806,0.9152885675430298,0.4116216003894806,0.9999998211860657,0.0,0.0,0.0,0.0,0.0,0.0
0,2048,transformer.h.2.mlp.c_proj.weight,transformer.h.2.mlp.c_proj.weight,"[384, 1024]",danger_full,0.0,0.0,,,0.9171189069747925,0.4090898633003235,1.0090444087982178,0.9171189069747925,0.4090898633003235,1.0090444087982178,0.9152885675430298,0.4116216003894806,0.9152885675430298,0.4116216003894806,0.9999998211860657,0.0,0.0,0.0,0.0,0.0,0.0
0,2048,transformer.h.2.mlp.c_proj.weight,transformer.h.2.mlp.c_proj.weight,"[384, 1024]",internal_cross,0.0,0.0,,,0.9171189069747925,0.4090898633003235,1.0090444087982178,0.9171189069747925,0.4090898633003235,1.0090444087982178,0.9152885675430298,0.4116216003894806,0.9152885675430298,0.4116216003894806,0.9999998211860657,0.0,0.0,0.0,0.0,0.0,0.0
0,2048,transformer.h.2.mlp.c_proj.weight,transformer.h.2.mlp.c_proj.weight,"[384, 1024]",outside_cross,0.0,0.0,,,0.9171189069747925,0.4090898633003235,1.0090444087982178,0.9171189069747925,0.4090898633003235,1.0090444087982178,0.9152885675430298,0.4116216003894806,0.9152885675430298,0.4116216003894806,0.9999998211860657,0.0,0.0,0.0,0.0,0.0,0.0
0,2048,transformer.h.2.mlp.c_proj.weight,transformer.h.2.mlp.c_proj.weight,"[384, 1024]",local_cross,0.0,0.0,,,0.9171189069747925,0.4090898633003235,1.0090444087982178,0.9171189069747925,0.4090898633003235,1.0090444087982178,0.9152885675430298,0.4116216003894806,0.9152885675430298,0.4116216003894806,0.9999998211860657,0.0,0.0,0.0,0.0,0.0,0.0
0,2048,transformer.h.2.mlp.c_proj.weight,transformer.h.2.mlp.c_proj.weight,"[384, 1024]",medium_cross,0.0,0.0,,,0.9171189069747925,0.4090898633003235,1.0090444087982178,0.9171189069747925,0.4090898633003235,1.0090444087982178,0.9152885675430298,0.4116216003894806,0.9152885675430298,0.4116216003894806,0.9999998211860657,0.0,0.0,0.0,0.0,0.0,0.0
0,2048,transformer.h.2.mlp.c_proj.weight,transformer.h.2.mlp.c_proj.weight,"[384, 1024]",distant_cross,0.0,0.0,,,0.9171189069747925,0.4090898633003235,1.0090444087982178,0.9171189069747925,0.4090898633003235,1.0090444087982178,0.9152885675430298,0.4116216003894806,0.9152885675430298,0.4116216003894806,0.9999998211860657,0.0,0.0,0.0,0.0,0.0,0.0
0,2048,transformer.h.3.attn.c_attn.weight,transformer.h.3.attn.c_attn.weight,"[1152, 384]",danger_diagonal,0.0017655581468716264,0.03155802201970821,,,0.5839701294898987,0.9255664348602295,1.02859365940094,0.588864266872406,0.9199466109275818,1.0282467603683472,0.607401967048645,0.8861145973205566,0.612017810344696,0.8808905482292175,0.9999991059303284,0.004894137382507324,0.005619823932647705,0.011763908626336226,0.0060717672130108724,0.004615843296051025,0.005224049091339111
0,2048,transformer.h.3.attn.c_attn.weight,transformer.h.3.attn.c_attn.weight,"[1152, 384]",danger_cross,0.04547697305679321,0.8128666391752138,,,0.5839701294898987,0.9255664348602295,1.02859365940094,0.7518728971481323,0.7254719138145447,1.054556965827942,0.607401967048645,0.8861145973205566,0.7574878334999084,0.6964402794837952,0.9999997019767761,0.16790276765823364,0.20009452104568481,0.40358344330508095,0.216186017026321,0.15008586645126343,0.18967431783676147
0,2048,transformer.h.3.attn.c_attn.weight,transformer.h.3.attn.c_attn.weight,"[1152, 384]",danger_full,0.04551122710108757,0.813478904416107,,,0.5839701294898987,0.9255664348602295,1.02859365940094,0.75725919008255,0.7173530459403992,1.0539581775665283,0.607401967048645,0.8861145973205566,0.7631241083145142,0.688298761844635,1.0000008344650269,0.17328906059265137,0.20821338891983032,0.41653033321905153,0.22495779997820772,0.15572214126586914,0.19781583547592163
0,2048,transformer.h.3.attn.c_attn.weight,transformer.h.3.attn.c_attn.weight,"[1152, 384]",internal_cross,0.022768134251236916,0.40696325030208746,,,0.5839701294898987,0.9255664348602295,1.02859365940094,0.6618025898933411,0.8456897735595703,1.05316960811615,0.607401967048645,0.8861145973205566,0.6701658368110657,0.8122014999389648,1.0000008344650269,0.07783246040344238,0.07987666130065918,0.18708382719733724,0.08630030032660099,0.06276386976242065,0.0739130973815918
0,2048,transformer.h.3.attn.c_attn.weight,transformer.h.3.attn.c_attn.weight,"[1152, 384]",outside_cross,0.039367079734802246,0.7036568981450994,,,0.5839701294898987,0.9255664348602295,1.02859365940094,0.6239441633224487,0.8771575093269348,1.0223265886306763,0.607401967048645,0.8861145973205566,0.6513261198997498,0.8350771069526672,0.9999993443489075,0.03997403383255005,0.04840892553329468,0.09608452821797916,0.052301945824780205,0.043924152851104736,0.051037490367889404
0,2048,transformer.h.3.attn.c_attn.weight,transformer.h.3.attn.c_attn.weight,"[1152, 384]",local_cross,0.026100588962435722,0.4665283681896146,,,0.5839701294898987,0.9255664348602295,1.02859365940094,0.6618413925170898,0.8407524824142456,1.042488932609558,0.607401967048645,0.8861145973205566,0.6723721027374268,0.8094809055328369,0.9999998211860657,0.07787126302719116,0.08481395244598389,0.1871770960381087,0.09163464582506356,0.06497013568878174,0.07663369178771973
0,2048,transformer.h.3.attn.c_attn.weight,transformer.h.3.attn.c_attn.weight,"[1152, 384]",medium_cross,0.0338066965341568,0.6042692366314265,,,0.5839701294898987,0.9255664348602295,1.02859365940094,0.6094136238098145,0.8962087035179138,1.027230143547058,0.607401967048645,0.8861145973205566,0.6375197172164917,0.8514488935470581,0.9999998211860657,0.02544349431991577,0.029357731342315674,0.06115785457596847,0.03171866463237618,0.03011775016784668,0.034665703773498535
0,2048,transformer.h.3.attn.c_attn.weight,transformer.h.3.attn.c_attn.weight,"[1152, 384]",distant_cross,0.015621243044734001,0.27921795317499315,,,0.5839701294898987,0.9255664348602295,1.02859365940094,0.584373950958252,0.9252274036407471,1.0288223028182983,0.607401967048645,0.8861145973205566,0.6077625751495361,0.8857085704803467,0.9999994039535522,0.0004038214683532715,0.0003390312194824219,0.0009706549865232972,0.0003662959315649981,0.0003606081008911133,0.00040602684020996094
0,2048,transformer.h.3.attn.c_proj.weight,transformer.h.3.attn.c_proj.weight,"[384, 384]",danger_diagonal,0.0034215827472507954,0.03291029218569767,,,0.5810005068778992,0.9388625621795654,1.0489997863769531,0.5872027277946472,0.9318133592605591,1.0488086938858032,0.5525083541870117,0.9460362195968628,0.5574082136154175,0.9408425092697144,1.000000238418579,0.006202220916748047,0.007049202919006348,0.014802454462494194,0.0075082373107323115,0.004899859428405762,0.0051937103271484375
0,2048,transformer.h.3.attn.c_proj.weight,transformer.h.3.attn.c_proj.weight,"[384, 384]",danger_cross,0.08318822830915451,0.8001410757242546,,,0.5810005068778992,0.9388625621795654,1.0489997863769531,0.9066218137741089,0.451801061630249,1.0681289434432983,0.5525083541870117,0.9460362195968628,0.8536766767501831,0.5409718155860901,0.9999995827674866,0.3256213068962097,0.4870615005493164,0.7771400974017891,0.5187782750849126,0.3011683225631714,0.4050644040107727
0,2048,transformer.h.3.attn.c_proj.weight,transformer.h.3.attn.c_proj.weight,"[384, 384]",danger_full,0.08325856178998947,0.8008175741683082,,,0.5810005068778992,0.9388625621795654,1.0489997863769531,0.9118836522102356,0.43949875235557556,1.0690085887908936,0.5525083541870117,0.9460362195968628,0.8588847517967224,0.5312568545341492,0.9999998807907104,0.3308831453323364,0.49936380982398987,0.7896981995534625,0.5318816938069391,0.3063763976097107,0.4147793650627136
0,2048,transformer.h.3.attn.c_proj.weight,transformer.h.3.attn.c_proj.weight,"[384, 384]",internal_cross,0.041917022317647934,0.4031764110152292,,,0.5810005068778992,0.9388625621795654,1.0489997863769531,0.6959587335586548,0.8030752539634705,1.0555236339569092,0.5525083541870117,0.9460362195968628,0.6423729658126831,0.84572833776474,0.9999998211860657,0.11495822668075562,0.13578730821609497,0.27436364140721187,0.14462959083261911,0.08986461162567139,0.1003078818321228
0,2048,transformer.h.3.attn.c_proj.weight,transformer.h.3.attn.c_proj.weight,"[384, 384]",outside_cross,0.07185572385787964,0.6911400489372095,,,0.5810005068778992,0.9388625621795654,1.0489997863769531,0.6432768106460571,0.8620902299880981,1.0395123958587646,0.5525083541870117,0.9460362195968628,0.6123412251472473,0.8805220723152161,1.0000003576278687,0.06227630376815796,0.07677233219146729,0.14863097638643202,0.08177164079611465,0.059832870960235596,0.06551414728164673
0,2048,transformer.h.3.attn.c_proj.weight,transformer.h.3.attn.c_proj.weight,"[384, 384]",local_cross,0.04684877023100853,0.4506121379300065,,,0.5810005068778992,0.9388625621795654,1.0489997863769531,0.6757486462593079,0.8262763619422913,1.0490660667419434,0.5525083541870117,0.9460362195968628,0.6287449598312378,0.8611308932304382,0.9986974596977234,0.09474813938140869,0.11258620023727417,0.22612948449032633,0.11991765863568549,0.07623660564422607,0.08490532636642456
0,2048,transformer.h.3.attn.c_proj.weight,transformer.h.3.attn.c_proj.weight,"[384, 384]",medium_cross,0.06312920153141022,0.6072045077728525,,,0.5810005068778992,0.9388625621795654,1.0489997863769531,0.6307624578475952,0.8817310333251953,1.0494611263275146,0.5525083541870117,0.9460362195968628,0.5992059111595154,0.8953157663345337,1.000000238418579,0.049761950969696045,0.05713152885437012,0.11876374980528889,0.06085185537885281,0.04669755697250366,0.0507204532623291
0,2048,transformer.h.3.attn.c_proj.weight,transformer.h.3.attn.c_proj.weight,"[384, 384]",distant_cross,0.02720627747476101,0.2616819779381245,,,0.5810005068778992,0.9388625621795654,1.0489997863769531,0.5831643342971802,0.9365059733390808,1.049126148223877,0.5525083541870117,0.9460362195968628,0.5532904267311096,0.945209801197052,1.0,0.002163827419281006,0.002356588840484619,0.005164272164526089,0.0025100466622226454,0.0007820725440979004,0.000826418399810791
0,2048,transformer.h.3.mlp.w1.weight,transformer.h.3.mlp.w1.weight,"[1024, 384]",danger_diagonal,0.0,0.0,,,0.9177727699279785,0.40762859582901,1.0097427368164062,0.9177727699279785,0.40762859582901,1.0097427368164062,0.9125564694404602,0.4182104766368866,0.9125564694404602,0.4182104766368866,1.0,0.0,0.0,0.0,0.0,0.0,0.0
0,2048,transformer.h.3.mlp.w1.weight,transformer.h.3.mlp.w1.weight,"[1024, 384]",danger_cross,0.0,0.0,,,0.9177727699279785,0.40762859582901,1.0097427368164062,0.9177727699279785,0.40762859582901,1.0097427368164062,0.9125564694404602,0.4182104766368866,0.9125564694404602,0.4182104766368866,1.0,0.0,0.0,0.0,0.0,0.0,0.0
0,2048,transformer.h.3.mlp.w1.weight,transformer.h.3.mlp.w1.weight,"[1024, 384]",danger_full,0.0,0.0,,,0.9177727699279785,0.40762859582901,1.0097427368164062,0.9177727699279785,0.40762859582901,1.0097427368164062,0.9125564694404602,0.4182104766368866,0.9125564694404602,0.4182104766368866,1.0,0.0,0.0,0.0,0.0,0.0,0.0
0,2048,transformer.h.3.mlp.w1.weight,transformer.h.3.mlp.w1.weight,"[1024, 384]",internal_cross,0.0,0.0,,,0.9177727699279785,0.40762859582901,1.0097427368164062,0.9177727699279785,0.40762859582901,1.0097427368164062,0.9125564694404602,0.4182104766368866,0.9125564694404602,0.4182104766368866,1.0,0.0,0.0,0.0,0.0,0.0,0.0
0,2048,transformer.h.3.mlp.w1.weight,transformer.h.3.mlp.w1.weight,"[1024, 384]",outside_cross,0.0,0.0,,,0.9177727699279785,0.40762859582901,1.0097427368164062,0.9177727699279785,0.40762859582901,1.0097427368164062,0.9125564694404602,0.4182104766368866,0.9125564694404602,0.4182104766368866,1.0,0.0,0.0,0.0,0.0,0.0,0.0
0,2048,transformer.h.3.mlp.w1.weight,transformer.h.3.mlp.w1.weight,"[1024, 384]",local_cross,0.0,0.0,,,0.9177727699279785,0.40762859582901,1.0097427368164062,0.9177727699279785,0.40762859582901,1.0097427368164062,0.9125564694404602,0.4182104766368866,0.9125564694404602,0.4182104766368866,1.0,0.0,0.0,0.0,0.0,0.0,0.0
0,2048,transformer.h.3.mlp.w1.weight,transformer.h.3.mlp.w1.weight,"[1024, 384]",medium_cross,0.0,0.0,,,0.9177727699279785,0.40762859582901,1.0097427368164062,0.9177727699279785,0.40762859582901,1.0097427368164062,0.9125564694404602,0.4182104766368866,0.9125564694404602,0.4182104766368866,1.0,0.0,0.0,0.0,0.0,0.0,0.0
0,2048,transformer.h.3.mlp.w1.weight,transformer.h.3.mlp.w1.weight,"[1024, 384]",distant_cross,0.0,0.0,,,0.9177727699279785,0.40762859582901,1.0097427368164062,0.9177727699279785,0.40762859582901,1.0097427368164062,0.9125564694404602,0.4182104766368866,0.9125564694404602,0.4182104766368866,1.0,0.0,0.0,0.0,0.0,0.0,0.0
0,2048,transformer.h.3.mlp.w2.weight,transformer.h.3.mlp.w2.weight,"[1024, 384]",danger_diagonal,0.0,0.0,,,0.9184727668762207,0.4060840904712677,1.0105751752853394,0.9184727668762207,0.4060840904712677,1.0105751752853394,0.9124963283538818,0.41834717988967896,0.9124963283538818,0.41834717988967896,0.9999998211860657,0.0,0.0,0.0,0.0,0.0,0.0
0,2048,transformer.h.3.mlp.w2.weight,transformer.h.3.mlp.w2.weight,"[1024, 384]",danger_cross,0.0,0.0,,,0.9184727668762207,0.4060840904712677,1.0105751752853394,0.9184727668762207,0.4060840904712677,1.0105751752853394,0.9124963283538818,0.41834717988967896,0.9124963283538818,0.41834717988967896,0.9999998211860657,0.0,0.0,0.0,0.0,0.0,0.0
0,2048,transformer.h.3.mlp.w2.weight,transformer.h.3.mlp.w2.weight,"[1024, 384]",danger_full,0.0,0.0,,,0.9184727668762207,0.4060840904712677,1.0105751752853394,0.9184727668762207,0.4060840904712677,1.0105751752853394,0.9124963283538818,0.41834717988967896,0.9124963283538818,0.41834717988967896,0.9999998211860657,0.0,0.0,0.0,0.0,0.0,0.0
0,2048,transformer.h.3.mlp.w2.weight,transformer.h.3.mlp.w2.weight,"[1024, 384]",internal_cross,0.0,0.0,,,0.9184727668762207,0.4060840904712677,1.0105751752853394,0.9184727668762207,0.4060840904712677,1.0105751752853394,0.9124963283538818,0.41834717988967896,0.9124963283538818,0.41834717988967896,0.9999998211860657,0.0,0.0,0.0,0.0,0.0,0.0
0,2048,transformer.h.3.mlp.w2.weight,transformer.h.3.mlp.w2.weight,"[1024, 384]",outside_cross,0.0,0.0,,,0.9184727668762207,0.4060840904712677,1.0105751752853394,0.9184727668762207,0.4060840904712677,1.0105751752853394,0.9124963283538818,0.41834717988967896,0.9124963283538818,0.41834717988967896,0.9999998211860657,0.0,0.0,0.0,0.0,0.0,0.0
0,2048,transformer.h.3.mlp.w2.weight,transformer.h.3.mlp.w2.weight,"[1024, 384]",local_cross,0.0,0.0,,,0.9184727668762207,0.4060840904712677,1.0105751752853394,0.9184727668762207,0.4060840904712677,1.0105751752853394,0.9124963283538818,0.41834717988967896,0.9124963283538818,0.41834717988967896,0.9999998211860657,0.0,0.0,0.0,0.0,0.0,0.0
0,2048,transformer.h.3.mlp.w2.weight,transformer.h.3.mlp.w2.weight,"[1024, 384]",medium_cross,0.0,0.0,,,0.9184727668762207,0.4060840904712677,1.0105751752853394,0.9184727668762207,0.4060840904712677,1.0105751752853394,0.9124963283538818,0.41834717988967896,0.9124963283538818,0.41834717988967896,0.9999998211860657,0.0,0.0,0.0,0.0,0.0,0.0
0,2048,transformer.h.3.mlp.w2.weight,transformer.h.3.mlp.w2.weight,"[1024, 384]",distant_cross,0.0,0.0,,,0.9184727668762207,0.4060840904712677,1.0105751752853394,0.9184727668762207,0.4060840904712677,1.0105751752853394,0.9124963283538818,0.41834717988967896,0.9124963283538818,0.41834717988967896,0.9999998211860657,0.0,0.0,0.0,0.0,0.0,0.0
0,2048,transformer.h.3.mlp.c_proj.weight,transformer.h.3.mlp.c_proj.weight,"[384, 1024]",danger_diagonal,0.0,0.0,,,0.9259151816368103,0.3863939046859741,1.0071955919265747,0.9259151816368103,0.3863939046859741,1.0071955919265747,0.925711452960968,0.38547587394714355,0.925711452960968,0.38547587394714355,0.9999995231628418,0.0,0.0,0.0,0.0,0.0,0.0
0,2048,transformer.h.3.mlp.c_proj.weight,transformer.h.3.mlp.c_proj.weight,"[384, 1024]",danger_cross,0.0,0.0,,,0.9259151816368103,0.3863939046859741,1.0071955919265747,0.9259151816368103,0.3863939046859741,1.0071955919265747,0.925711452960968,0.38547587394714355,0.925711452960968,0.38547587394714355,0.9999995231628418,0.0,0.0,0.0,0.0,0.0,0.0
0,2048,transformer.h.3.mlp.c_proj.weight,transformer.h.3.mlp.c_proj.weight,"[384, 1024]",danger_full,0.0,0.0,,,0.9259151816368103,0.3863939046859741,1.0071955919265747,0.9259151816368103,0.3863939046859741,1.0071955919265747,0.925711452960968,0.38547587394714355,0.925711452960968,0.38547587394714355,0.9999995231628418,0.0,0.0,0.0,0.0,0.0,0.0
0,2048,transformer.h.3.mlp.c_proj.weight,transformer.h.3.mlp.c_proj.weight,"[384, 1024]",internal_cross,0.0,0.0,,,0.9259151816368103,0.3863939046859741,1.0071955919265747,0.9259151816368103,0.3863939046859741,1.0071955919265747,0.925711452960968,0.38547587394714355,0.925711452960968,0.38547587394714355,0.9999995231628418,0.0,0.0,0.0,0.0,0.0,0.0
0,2048,transformer.h.3.mlp.c_proj.weight,transformer.h.3.mlp.c_proj.weight,"[384, 1024]",outside_cross,0.0,0.0,,,0.9259151816368103,0.3863939046859741,1.0071955919265747,0.9259151816368103,0.3863939046859741,1.0071955919265747,0.925711452960968,0.38547587394714355,0.925711452960968,0.38547587394714355,0.9999995231628418,0.0,0.0,0.0,0.0,0.0,0.0
0,2048,transformer.h.3.mlp.c_proj.weight,transformer.h.3.mlp.c_proj.weight,"[384, 1024]",local_cross,0.0,0.0,,,0.9259151816368103,0.3863939046859741,1.0071955919265747,0.9259151816368103,0.3863939046859741,1.0071955919265747,0.925711452960968,0.38547587394714355,0.925711452960968,0.38547587394714355,0.9999995231628418,0.0,0.0,0.0,0.0,0.0,0.0
0,2048,transformer.h.3.mlp.c_proj.weight,transformer.h.3.mlp.c_proj.weight,"[384, 1024]",medium_cross,0.0,0.0,,,0.9259151816368103,0.3863939046859741,1.0071955919265747,0.9259151816368103,0.3863939046859741,1.0071955919265747,0.925711452960968,0.38547587394714355,0.925711452960968,0.38547587394714355,0.9999995231628418,0.0,0.0,0.0,0.0,0.0,0.0
0,2048,transformer.h.3.mlp.c_proj.weight,transformer.h.3.mlp.c_proj.weight,"[384, 1024]",distant_cross,0.0,0.0,,,0.9259151816368103,0.3863939046859741,1.0071955919265747,0.9259151816368103,0.3863939046859741,1.0071955919265747,0.925711452960968,0.38547587394714355,0.925711452960968,0.38547587394714355,0.9999995231628418,0.0,0.0,0.0,0.0,0.0,0.0
0,2048,transformer.h.4.attn.c_attn.weight,transformer.h.4.attn.c_attn.weight,"[1152, 384]",danger_diagonal,0.0008436349453404546,0.02814830864562133,,,0.5701627135276794,0.9479892253875732,1.0432021617889404,0.5720264911651611,0.9459977746009827,1.0433257818222046,0.5771892070770264,0.9195795059204102,0.5779558420181274,0.9187452793121338,1.000001311302185,0.0018637776374816895,0.001991450786590576,0.004336007359384137,0.0021007103596313525,0.0007666349411010742,0.0008342266082763672
0,2048,transformer.h.4.attn.c_attn.weight,transformer.h.4.attn.c_attn.weight,"[1152, 384]",danger_cross,0.023350173607468605,0.779090407838218,,,0.5701627135276794,0.9479892253875732,1.0432021617889404,0.7249889969825745,0.7744789719581604,1.0791363716125488,0.5771892070770264,0.9195795059204102,0.7226725816726685,0.7447550892829895,0.9999995231628418,0.15482628345489502,0.17351025342941284,0.36019742429875284,0.18302977373869983,0.1454833745956421,0.17482441663742065
0,2048,transformer.h.4.attn.c_attn.weight,transformer.h.4.attn.c_attn.weight,"[1152, 384]",danger_full,0.023365408182144165,0.7795987171637396,,,0.5701627135276794,0.9479892253875732,1.0432021617889404,0.7287525534629822,0.7694104909896851,1.0795631408691406,0.5771892070770264,0.9195795059204102,0.7245008945465088,0.7422959804534912,1.0000001192092896,0.15858983993530273,0.17857873439788818,0.36895319444446373,0.18837633341758558,0.14731168746948242,0.17728352546691895
0,2048,transformer.h.4.attn.c_attn.weight,transformer.h.4.attn.c_attn.weight,"[1152, 384]",internal_cross,0.011128717102110386,0.37131530118586037,,,0.5701627135276794,0.9479892253875732,1.0432021617889404,0.6005004644393921,0.9250330328941345,1.0655618906021118,0.5771892070770264,0.9195795059204102,0.608555793762207,0.8848121166229248,1.0000005960464478,0.030337750911712646,0.02295619249343872,0.0705796166747071,0.02421566815176974,0.031366586685180664,0.03476738929748535
0,2048,transformer.h.4.attn.c_attn.weight,transformer.h.4.attn.c_attn.weight,"[1152, 384]",outside_cross,0.020527618005871773,0.6849144059051635,,,0.5701627135276794,0.9479892253875732,1.0432021617889404,0.62311190366745,0.8896591067314148,1.047090768814087,0.5771892070770264,0.9195795059204102,0.6298728585243225,0.8603821396827698,1.000001311302185,0.05294919013977051,0.05833011865615845,0.12318426485130014,0.061530360360700226,0.05268365144729614,0.05919736623764038
0,2048,transformer.h.4.attn.c_attn.weight,transformer.h.4.attn.c_attn.weight,"[1152, 384]",local_cross,0.013167217373847961,0.4393308986192929,,,0.5701627135276794,0.9479892253875732,1.0432021617889404,0.6224463582038879,0.9010867476463318,1.0689817667007446,0.5771892070770264,0.9195795059204102,0.6236384510993958,0.8675987124443054,1.0000001192092896,0.052283644676208496,0.046902477741241455,0.12163589879626534,0.04947574981357618,0.046449244022369385,0.051980793476104736
0,2048,transformer.h.4.attn.c_attn.weight,transformer.h.4.attn.c_attn.weight,"[1152, 384]",medium_cross,0.016976330429315567,0.5664238913213656,,,0.5701627135276794,0.9479892253875732,1.0432021617889404,0.5951887965202332,0.9233130216598511,1.049887776374817,0.5771892070770264,0.9195795059204102,0.6077554821968079,0.8857160806655884,1.0000007152557373,0.02502608299255371,0.024676203727722168,0.058222224502539215,0.02603004661538597,0.030566275119781494,0.03386342525482178
0,2048,transformer.h.4.attn.c_attn.weight,transformer.h.4.attn.c_attn.weight,"[1152, 384]",distant_cross,0.00914660096168518,0.30518098894534423,,,0.5701627135276794,0.9479892253875732,1.0432021617889404,0.5710194110870361,0.94708251953125,1.04327392578125,0.5771892070770264,0.9195795059204102,0.5779553055763245,0.9187455177307129,1.0000009536743164,0.0008566975593566895,0.0009067058563232422,0.0019930740917978892,0.0009564516473829617,0.0007660984992980957,0.0008339881896972656
0,2048,transformer.h.4.attn.c_proj.weight,transformer.h.4.attn.c_proj.weight,"[384, 384]",danger_diagonal,0.001574061461724341,0.029898389455241987,,,0.6120604276657104,0.905647873878479,1.0534404516220093,0.6118983626365662,0.905688464641571,1.0531352758407593,0.5804941654205322,0.9159759879112244,0.579493522644043,0.9170680642127991,1.0000003576278687,-0.0001620650291442871,-4.0590763092041016e-05,-0.0004177584363696592,-4.481958635668098e-05,-0.0010006427764892578,-0.001092076301574707
0,2048,transformer.h.4.attn.c_proj.weight,transformer.h.4.attn.c_proj.weight,"[384, 384]",danger_cross,0.0392211452126503,0.7449830282762998,,,0.6120604276657104,0.905647873878479,1.0534404516220093,0.8979380130767822,0.4653342664241791,1.0490275621414185,0.5804941654205322,0.9159759879112244,0.8672003746032715,0.5153653621673584,1.0000001192092896,0.2858775854110718,0.4403136074542999,0.7369126683594155,0.48618632048307747,0.28670620918273926,0.40061062574386597
0,2048,transformer.h.4.attn.c_proj.weight,transformer.h.4.attn.c_proj.weight,"[384, 384]",danger_full,0.039252717047929764,0.7455827170749622,,,0.6120604276657104,0.905647873878479,1.0534404516220093,0.9036758542060852,0.4514489471912384,1.0466222763061523,0.5804941654205322,0.9159759879112244,0.8724085688591003,0.5051579475402832,1.000000238418579,0.29161542654037476,0.4541989266872406,0.7517032221943273,0.5015182388074436,0.2919144034385681,0.41081804037094116
0,2048,transformer.h.4.attn.c_proj.weight,transformer.h.4.attn.c_proj.weight,"[384, 384]",internal_cross,0.017511537298560143,0.3326215493128168,,,0.6120604276657104,0.905647873878479,1.0534404516220093,0.6802229881286621,0.8214744329452515,1.0510635375976562,0.5804941654205322,0.9159759879112244,0.6349875330924988,0.8544163107872009,0.9999998211860657,0.06816256046295166,0.08417344093322754,0.17570406662256055,0.09294279085838393,0.05449336767196655,0.06155967712402344
0,2048,transformer.h.4.attn.c_proj.weight,transformer.h.4.attn.c_proj.weight,"[384, 384]",outside_cross,0.035094793885946274,0.6666053651450257,,,0.6120604276657104,0.905647873878479,1.0534404516220093,0.6841546297073364,0.8171020150184631,1.052559733390808,0.5804941654205322,0.9159759879112244,0.6485407948493958,0.8384032845497131,1.000000238418579,0.07209420204162598,0.08854585886001587,0.18583874186339008,0.09777073564012702,0.06804662942886353,0.07757270336151123
0,2048,transformer.h.4.attn.c_proj.weight,transformer.h.4.attn.c_proj.weight,"[384, 384]",local_cross,0.01989678665995598,0.37792798498195274,,,0.6120604276657104,0.905647873878479,1.0534404516220093,0.6824035048484802,0.8212200403213501,1.0566716194152832,0.5804941654205322,0.9159759879112244,0.6337670683860779,0.8558434247970581,0.9999998211860657,0.07034307718276978,0.0844278335571289,0.18132483046136572,0.09322368659196735,0.053272902965545654,0.06013256311416626
0,2048,transformer.h.4.attn.c_proj.weight,transformer.h.4.attn.c_proj.weight,"[384, 384]",medium_cross,0.029782867059111595,0.5657083792976813,,,0.6120604276657104,0.905647873878479,1.0534404516220093,0.663234531879425,0.84480881690979,1.0551284551620483,0.5804941654205322,0.9159759879112244,0.6299018859863281,0.860346794128418,1.0,0.0511741042137146,0.060839056968688965,0.1319125654178368,0.0671773861822729,0.0494077205657959,0.055629193782806396
0,2048,transformer.h.4.attn.c_proj.weight,transformer.h.4.attn.c_proj.weight,"[384, 384]",distant_cross,0.015981176868081093,0.3035532357367823,,,0.6120604276657104,0.905647873878479,1.0534404516220093,0.6154379844665527,0.9017030000686646,1.0534229278564453,0.5804941654205322,0.9159759879112244,0.5829553008079529,0.913286566734314,0.9999994039535522,0.003377556800842285,0.003944873809814453,0.008706399248004086,0.004355858301660167,0.0024611353874206543,0.0026894211769104004
0,2048,transformer.h.4.mlp.w1.weight,transformer.h.4.mlp.w1.weight,"[1024, 384]",danger_diagonal,0.0,0.0,,,0.9171575903892517,0.40892931818962097,1.0087461471557617,0.9171575903892517,0.40892931818962097,1.0087461471557617,0.9124236106872559,0.41852518916130066,0.9124236106872559,0.41852518916130066,1.000000238418579,0.0,0.0,0.0,0.0,0.0,0.0
0,2048,transformer.h.4.mlp.w1.weight,transformer.h.4.mlp.w1.weight,"[1024, 384]",danger_cross,0.0,0.0,,,0.9171575903892517,0.40892931818962097,1.0087461471557617,0.9171575903892517,0.40892931818962097,1.0087461471557617,0.9124236106872559,0.41852518916130066,0.9124236106872559,0.41852518916130066,1.000000238418579,0.0,0.0,0.0,0.0,0.0,0.0
0,2048,transformer.h.4.mlp.w1.weight,transformer.h.4.mlp.w1.weight,"[1024, 384]",danger_full,0.0,0.0,,,0.9171575903892517,0.40892931818962097,1.0087461471557617,0.9171575903892517,0.40892931818962097,1.0087461471557617,0.9124236106872559,0.41852518916130066,0.9124236106872559,0.41852518916130066,1.000000238418579,0.0,0.0,0.0,0.0,0.0,0.0
0,2048,transformer.h.4.mlp.w1.weight,transformer.h.4.mlp.w1.weight,"[1024, 384]",internal_cross,0.0,0.0,,,0.9171575903892517,0.40892931818962097,1.0087461471557617,0.9171575903892517,0.40892931818962097,1.0087461471557617,0.9124236106872559,0.41852518916130066,0.9124236106872559,0.41852518916130066,1.000000238418579,0.0,0.0,0.0,0.0,0.0,0.0
0,2048,transformer.h.4.mlp.w1.weight,transformer.h.4.mlp.w1.weight,"[1024, 384]",outside_cross,0.0,0.0,,,0.9171575903892517,0.40892931818962097,1.0087461471557617,0.9171575903892517,0.40892931818962097,1.0087461471557617,0.9124236106872559,0.41852518916130066,0.9124236106872559,0.41852518916130066,1.000000238418579,0.0,0.0,0.0,0.0,0.0,0.0
0,2048,transformer.h.4.mlp.w1.weight,transformer.h.4.mlp.w1.weight,"[1024, 384]",local_cross,0.0,0.0,,,0.9171575903892517,0.40892931818962097,1.0087461471557617,0.9171575903892517,0.40892931818962097,1.0087461471557617,0.9124236106872559,0.41852518916130066,0.9124236106872559,0.41852518916130066,1.000000238418579,0.0,0.0,0.0,0.0,0.0,0.0
0,2048,transformer.h.4.mlp.w1.weight,transformer.h.4.mlp.w1.weight,"[1024, 384]",medium_cross,0.0,0.0,,,0.9171575903892517,0.40892931818962097,1.0087461471557617,0.9171575903892517,0.40892931818962097,1.0087461471557617,0.9124236106872559,0.41852518916130066,0.9124236106872559,0.41852518916130066,1.000000238418579,0.0,0.0,0.0,0.0,0.0,0.0
0,2048,transformer.h.4.mlp.w1.weight,transformer.h.4.mlp.w1.weight,"[1024, 384]",distant_cross,0.0,0.0,,,0.9171575903892517,0.40892931818962097,1.0087461471557617,0.9171575903892517,0.40892931818962097,1.0087461471557617,0.9124236106872559,0.41852518916130066,0.9124236106872559,0.41852518916130066,1.000000238418579,0.0,0.0,0.0,0.0,0.0,0.0
0,2048,transformer.h.4.mlp.w2.weight,transformer.h.4.mlp.w2.weight,"[1024, 384]",danger_diagonal,0.0,0.0,,,0.9146435260772705,0.41549432277679443,1.0105255842208862,0.9146435260772705,0.41549432277679443,1.0105255842208862,0.9099628329277039,0.4243662357330322,0.9099628329277039,0.4243662357330322,1.0000001192092896,0.0,0.0,0.0,0.0,0.0,0.0
0,2048,transformer.h.4.mlp.w2.weight,transformer.h.4.mlp.w2.weight,"[1024, 384]",danger_cross,0.0,0.0,,,0.9146435260772705,0.41549432277679443,1.0105255842208862,0.9146435260772705,0.41549432277679443,1.0105255842208862,0.9099628329277039,0.4243662357330322,0.9099628329277039,0.4243662357330322,1.0000001192092896,0.0,0.0,0.0,0.0,0.0,0.0
0,2048,transformer.h.4.mlp.w2.weight,transformer.h.4.mlp.w2.weight,"[1024, 384]",danger_full,0.0,0.0,,,0.9146435260772705,0.41549432277679443,1.0105255842208862,0.9146435260772705,0.41549432277679443,1.0105255842208862,0.9099628329277039,0.4243662357330322,0.9099628329277039,0.4243662357330322,1.0000001192092896,0.0,0.0,0.0,0.0,0.0,0.0
0,2048,transformer.h.4.mlp.w2.weight,transformer.h.4.mlp.w2.weight,"[1024, 384]",internal_cross,0.0,0.0,,,0.9146435260772705,0.41549432277679443,1.0105255842208862,0.9146435260772705,0.41549432277679443,1.0105255842208862,0.9099628329277039,0.4243662357330322,0.9099628329277039,0.4243662357330322,1.0000001192092896,0.0,0.0,0.0,0.0,0.0,0.0
0,2048,transformer.h.4.mlp.w2.weight,transformer.h.4.mlp.w2.weight,"[1024, 384]",outside_cross,0.0,0.0,,,0.9146435260772705,0.41549432277679443,1.0105255842208862,0.9146435260772705,0.41549432277679443,1.0105255842208862,0.9099628329277039,0.4243662357330322,0.9099628329277039,0.4243662357330322,1.0000001192092896,0.0,0.0,0.0,0.0,0.0,0.0
0,2048,transformer.h.4.mlp.w2.weight,transformer.h.4.mlp.w2.weight,"[1024, 384]",local_cross,0.0,0.0,,,0.9146435260772705,0.41549432277679443,1.0105255842208862,0.9146435260772705,0.41549432277679443,1.0105255842208862,0.9099628329277039,0.4243662357330322,0.9099628329277039,0.4243662357330322,1.0000001192092896,0.0,0.0,0.0,0.0,0.0,0.0
0,2048,transformer.h.4.mlp.w2.weight,transformer.h.4.mlp.w2.weight,"[1024, 384]",medium_cross,0.0,0.0,,,0.9146435260772705,0.41549432277679443,1.0105255842208862,0.9146435260772705,0.41549432277679443,1.0105255842208862,0.9099628329277039,0.4243662357330322,0.9099628329277039,0.4243662357330322,1.0000001192092896,0.0,0.0,0.0,0.0,0.0,0.0
0,2048,transformer.h.4.mlp.w2.weight,transformer.h.4.mlp.w2.weight,"[1024, 384]",distant_cross,0.0,0.0,,,0.9146435260772705,0.41549432277679443,1.0105255842208862,0.9146435260772705,0.41549432277679443,1.0105255842208862,0.9099628329277039,0.4243662357330322,0.9099628329277039,0.4243662357330322,1.0000001192092896,0.0,0.0,0.0,0.0,0.0,0.0
0,2048,transformer.h.4.mlp.c_proj.weight,transformer.h.4.mlp.c_proj.weight,"[384, 1024]",danger_diagonal,0.0,0.0,,,0.9144500494003296,0.4155678451061249,1.0088047981262207,0.9144500494003296,0.4155678451061249,1.0088047981262207,0.9122560620307922,0.4189246594905853,0.9122560620307922,0.4189246594905853,1.0,0.0,0.0,0.0,0.0,0.0,0.0
0,2048,transformer.h.4.mlp.c_proj.weight,transformer.h.4.mlp.c_proj.weight,"[384, 1024]",danger_cross,0.0,0.0,,,0.9144500494003296,0.4155678451061249,1.0088047981262207,0.9144500494003296,0.4155678451061249,1.0088047981262207,0.9122560620307922,0.4189246594905853,0.9122560620307922,0.4189246594905853,1.0,0.0,0.0,0.0,0.0,0.0,0.0
0,2048,transformer.h.4.mlp.c_proj.weight,transformer.h.4.mlp.c_proj.weight,"[384, 1024]",danger_full,0.0,0.0,,,0.9144500494003296,0.4155678451061249,1.0088047981262207,0.9144500494003296,0.4155678451061249,1.0088047981262207,0.9122560620307922,0.4189246594905853,0.9122560620307922,0.4189246594905853,1.0,0.0,0.0,0.0,0.0,0.0,0.0
0,2048,transformer.h.4.mlp.c_proj.weight,transformer.h.4.mlp.c_proj.weight,"[384, 1024]",internal_cross,0.0,0.0,,,0.9144500494003296,0.4155678451061249,1.0088047981262207,0.9144500494003296,0.4155678451061249,1.0088047981262207,0.9122560620307922,0.4189246594905853,0.9122560620307922,0.4189246594905853,1.0,0.0,0.0,0.0,0.0,0.0,0.0
0,2048,transformer.h.4.mlp.c_proj.weight,transformer.h.4.mlp.c_proj.weight,"[384, 1024]",outside_cross,0.0,0.0,,,0.9144500494003296,0.4155678451061249,1.0088047981262207,0.9144500494003296,0.4155678451061249,1.0088047981262207,0.9122560620307922,0.4189246594905853,0.9122560620307922,0.4189246594905853,1.0,0.0,0.0,0.0,0.0,0.0,0.0
0,2048,transformer.h.4.mlp.c_proj.weight,transformer.h.4.mlp.c_proj.weight,"[384, 1024]",local_cross,0.0,0.0,,,0.9144500494003296,0.4155678451061249,1.0088047981262207,0.9144500494003296,0.4155678451061249,1.0088047981262207,0.9122560620307922,0.4189246594905853,0.9122560620307922,0.4189246594905853,1.0,0.0,0.0,0.0,0.0,0.0,0.0
0,2048,transformer.h.4.mlp.c_proj.weight,transformer.h.4.mlp.c_proj.weight,"[384, 1024]",medium_cross,0.0,0.0,,,0.9144500494003296,0.4155678451061249,1.0088047981262207,0.9144500494003296,0.4155678451061249,1.0088047981262207,0.9122560620307922,0.4189246594905853,0.9122560620307922,0.4189246594905853,1.0,0.0,0.0,0.0,0.0,0.0,0.0
0,2048,transformer.h.4.mlp.c_proj.weight,transformer.h.4.mlp.c_proj.weight,"[384, 1024]",distant_cross,0.0,0.0,,,0.9144500494003296,0.4155678451061249,1.0088047981262207,0.9144500494003296,0.4155678451061249,1.0088047981262207,0.9122560620307922,0.4189246594905853,0.9122560620307922,0.4189246594905853,1.0,0.0,0.0,0.0,0.0,0.0,0.0
0,2048,transformer.h.5.attn.c_attn.weight,transformer.h.5.attn.c_attn.weight,"[1152, 384]",danger_diagonal,0.0008615979459136724,0.029148834360127187,,,0.538745105266571,0.9941577315330505,1.0665632486343384,0.5413233637809753,0.9918217062950134,1.067383885383606,0.5256652235984802,0.9739985466003418,0.5287577509880066,0.9708178043365479,1.0000007152557373,0.002578258514404297,0.0023360252380371094,0.005589661039574092,0.002349753126633959,0.003092527389526367,0.0031807422637939453
0,2048,transformer.h.5.attn.c_attn.weight,transformer.h.5.attn.c_attn.weight,"[1152, 384]",danger_cross,0.02337220311164856,0.7907081027337465,,,0.538745105266571,0.9941577315330505,1.0665632486343384,0.7121734023094177,0.8023988008499146,1.100799322128296,0.5256652235984802,0.9739985466003418,0.6935823559761047,0.782839834690094,1.0000003576278687,0.17342829704284668,0.191758930683136,0.3759923179635315,0.19288582143542984,0.1679171323776245,0.1911587119102478
0,2048,transformer.h.5.attn.c_attn.weight,transformer.h.5.attn.c_attn.weight,"[1152, 384]",danger_full,0.023388078436255455,0.7912451829456647,,,0.538745105266571,0.9941577315330505,1.0665632486343384,0.7190166115760803,0.7941153049468994,1.1032027006149292,0.5256652235984802,0.9739985466003418,0.7021247744560242,0.7718513607978821,0.9999997019767761,0.18027150630950928,0.20004242658615112,0.3908283865772152,0.2012179961399825,0.17645955085754395,0.20214718580245972
0,2048,transformer.h.5.attn.c_attn.weight,transformer.h.5.attn.c_attn.weight,"[1152, 384]",internal_cross,0.011352870613336563,0.38408047116358807,,,0.538745105266571,0.9941577315330505,1.0665632486343384,0.5574812293052673,0.9899584650993347,1.0967413187026978,0.5256652235984802,0.9739985466003418,0.5501132011413574,0.9485647678375244,1.0000004768371582,0.01873612403869629,0.00419926643371582,0.04061989206537174,0.004223943847663188,0.024447977542877197,0.025433778762817383
0,2048,transformer.h.5.attn.c_attn.weight,transformer.h.5.attn.c_attn.weight,"[1152, 384]",outside_cross,0.02042972669005394,0.6911607927286284,,,0.538745105266571,0.9941577315330505,1.0665632486343384,0.5987630486488342,0.9339377284049988,1.079132318496704,0.5256652235984802,0.9739985466003418,0.5827552080154419,0.9135062098503113,1.0000001192092896,0.060017943382263184,0.06022000312805176,0.130118821648384,0.06057389206759869,0.05708998441696167,0.06049233675003052
0,2048,transformer.h.5.attn.c_attn.weight,transformer.h.5.attn.c_attn.weight,"[1152, 384]",local_cross,0.012479065917432308,0.42218093383522154,,,0.538745105266571,0.9941577315330505,1.0665632486343384,0.5679182410240173,0.9810935854911804,1.101841926574707,0.5256652235984802,0.9739985466003418,0.5540701746940613,0.9443840980529785,1.0,0.02917313575744629,0.013064146041870117,0.06324731962856718,0.013140918817504366,0.028404951095581055,0.02961444854736328
0,2048,transformer.h.5.attn.c_attn.weight,transformer.h.5.attn.c_attn.weight,"[1152, 384]",medium_cross,0.016943085938692093,0.5732037871244172,,,0.538745105266571,0.9941577315330505,1.0665632486343384,0.5662134885787964,0.9743327498435974,1.085753321647644,0.5256652235984802,0.9739985466003418,0.5573481321334839,0.9409059286117554,1.0000005960464478,0.027468383312225342,0.019824981689453125,0.059551418588414166,0.019941485199618997,0.03168290853500366,0.033092617988586426
0,2048,transformer.h.5.attn.c_attn.weight,transformer.h.5.attn.c_attn.weight,"[1152, 384]",distant_cross,0.010171834379434586,0.3441246777235159,,,0.538745105266571,0.9941577315330505,1.0665632486343384,0.5404268503189087,0.9924566745758057,1.0667623281478882,0.5256652235984802,0.9739985466003418,0.5270401239395142,0.9725856781005859,1.0,0.0016817450523376465,0.001701056957244873,0.003646021042897702,0.0017110533905135372,0.0013749003410339355,0.0014128684997558594
0,2048,transformer.h.5.attn.c_proj.weight,transformer.h.5.attn.c_proj.weight,"[384, 384]",danger_diagonal,0.0014646858908236027,0.026412155955568173,,,0.5779883861541748,0.9520823955535889,1.068426251411438,0.5818402767181396,0.9478580355644226,1.0686384439468384,0.5385336875915527,0.9613218903541565,0.542902946472168,0.9567595720291138,1.0013047456741333,0.0038518905639648438,0.00422435998916626,0.009127451561965939,0.004436968910353608,0.004369258880615234,0.004562318325042725
0,2048,transformer.h.5.attn.c_proj.weight,transformer.h.5.attn.c_proj.weight,"[384, 384]",danger_cross,0.04207823798060417,0.7587817912646749,,,0.5779883861541748,0.9520823955535889,1.068426251411438,0.8800020813941956,0.5113219618797302,1.0693484544754028,0.5385336875915527,0.9613218903541565,0.8303019404411316,0.5829599499702454,1.0013047456741333,0.30201369524002075,0.44076043367385864,0.7156525681550469,0.4629435810727056,0.29176825284957886,0.37836194038391113
0,2048,transformer.h.5.attn.c_proj.weight,transformer.h.5.attn.c_proj.weight,"[384, 384]",danger_full,0.04210371896624565,0.7592412807503598,,,0.5779883861541748,0.9520823955535889,1.068426251411438,0.8851004838943481,0.5024952292442322,1.0745775699615479,0.5385336875915527,0.9613218903541565,0.8355175256729126,0.5739321112632751,1.0013041496276855,0.30711209774017334,0.4495871663093567,0.7277337581812892,0.47221455664868583,0.29698383808135986,0.38738977909088135
0,2048,transformer.h.5.attn.c_proj.weight,transformer.h.5.attn.c_proj.weight,"[384, 384]",internal_cross,0.01935371197760105,0.3489985547577785,,,0.5779883861541748,0.9520823955535889,1.068426251411438,0.6526159644126892,0.864709734916687,1.0693016052246094,0.5385336875915527,0.9613218903541565,0.5958960652351379,0.8995910882949829,1.0013052225112915,0.0746275782585144,0.08737266063690186,0.17683773576378,0.09177006217628776,0.057362377643585205,0.061730802059173584
0,2048,transformer.h.5.attn.c_proj.weight,transformer.h.5.attn.c_proj.weight,"[384, 384]",outside_cross,0.03736325725913048,0.673758233023778,,,0.5779883861541748,0.9520823955535889,1.068426251411438,0.6480558514595032,0.8691531419754028,1.066865086555481,0.5385336875915527,0.9613218903541565,0.6056846380233765,0.8886292576789856,1.001305103302002,0.07006746530532837,0.08292925357818604,0.16603207828049568,0.08710302171900444,0.06715095043182373,0.0726926326751709
0,2048,transformer.h.5.attn.c_proj.weight,transformer.h.5.attn.c_proj.weight,"[384, 384]",local_cross,0.022149980068206787,0.3994226554918465,,,0.5779883861541748,0.9520823955535889,1.068426251411438,0.6487964391708374,0.8702744841575623,1.0710679292678833,0.5385336875915527,0.9613218903541565,0.5939928889274597,0.9017081260681152,1.001304268836975,0.0708080530166626,0.08180791139602661,0.16778697716724716,0.08592524321223202,0.05545920133590698,0.05961376428604126
0,2048,transformer.h.5.attn.c_proj.weight,transformer.h.5.attn.c_proj.weight,"[384, 384]",medium_cross,0.03212704509496689,0.5793354949044363,,,0.5779883861541748,0.9520823955535889,1.068426251411438,0.6314180493354797,0.8919291496276855,1.0721256732940674,0.5385336875915527,0.9613218903541565,0.5903545618057251,0.9057385325431824,1.001304268836975,0.05342966318130493,0.06015324592590332,0.12660709191009267,0.06318071440752476,0.05182087421417236,0.05558335781097412
0,2048,transformer.h.5.attn.c_proj.weight,transformer.h.5.attn.c_proj.weight,"[384, 384]",distant_cross,0.015742028132081032,0.28387035383243114,,,0.5779883861541748,0.9520823955535889,1.068426251411438,0.5805659890174866,0.949886679649353,1.0697892904281616,0.5385336875915527,0.9613218903541565,0.5402446389198303,0.9595370888710022,1.001304268836975,0.0025776028633117676,0.00219571590423584,0.006107895561977238,0.002306224665522924,0.0017109513282775879,0.0017848014831542969
0,2048,transformer.h.5.mlp.w1.weight,transformer.h.5.mlp.w1.weight,"[1024, 384]",danger_diagonal,0.0,0.0,,,0.8856009244918823,0.4785422086715698,1.0008394718170166,0.8856009244918823,0.4785422086715698,1.0008394718170166,0.8799474835395813,0.4900165796279907,0.8799474835395813,0.4900165796279907,0.9999993443489075,0.0,0.0,0.0,0.0,0.0,0.0
0,2048,transformer.h.5.mlp.w1.weight,transformer.h.5.mlp.w1.weight,"[1024, 384]",danger_cross,0.0,0.0,,,0.8856009244918823,0.4785422086715698,1.0008394718170166,0.8856009244918823,0.4785422086715698,1.0008394718170166,0.8799474835395813,0.4900165796279907,0.8799474835395813,0.4900165796279907,0.9999993443489075,0.0,0.0,0.0,0.0,0.0,0.0
0,2048,transformer.h.5.mlp.w1.weight,transformer.h.5.mlp.w1.weight,"[1024, 384]",danger_full,0.0,0.0,,,0.8856009244918823,0.4785422086715698,1.0008394718170166,0.8856009244918823,0.4785422086715698,1.0008394718170166,0.8799474835395813,0.4900165796279907,0.8799474835395813,0.4900165796279907,0.9999993443489075,0.0,0.0,0.0,0.0,0.0,0.0
0,2048,transformer.h.5.mlp.w1.weight,transformer.h.5.mlp.w1.weight,"[1024, 384]",internal_cross,0.0,0.0,,,0.8856009244918823,0.4785422086715698,1.0008394718170166,0.8856009244918823,0.4785422086715698,1.0008394718170166,0.8799474835395813,0.4900165796279907,0.8799474835395813,0.4900165796279907,0.9999993443489075,0.0,0.0,0.0,0.0,0.0,0.0
0,2048,transformer.h.5.mlp.w1.weight,transformer.h.5.mlp.w1.weight,"[1024, 384]",outside_cross,0.0,0.0,,,0.8856009244918823,0.4785422086715698,1.0008394718170166,0.8856009244918823,0.4785422086715698,1.0008394718170166,0.8799474835395813,0.4900165796279907,0.8799474835395813,0.4900165796279907,0.9999993443489075,0.0,0.0,0.0,0.0,0.0,0.0
0,2048,transformer.h.5.mlp.w1.weight,transformer.h.5.mlp.w1.weight,"[1024, 384]",local_cross,0.0,0.0,,,0.8856009244918823,0.4785422086715698,1.0008394718170166,0.8856009244918823,0.4785422086715698,1.0008394718170166,0.8799474835395813,0.4900165796279907,0.8799474835395813,0.4900165796279907,0.9999993443489075,0.0,0.0,0.0,0.0,0.0,0.0
0,2048,transformer.h.5.mlp.w1.weight,transformer.h.5.mlp.w1.weight,"[1024, 384]",medium_cross,0.0,0.0,,,0.8856009244918823,0.4785422086715698,1.0008394718170166,0.8856009244918823,0.4785422086715698,1.0008394718170166,0.8799474835395813,0.4900165796279907,0.8799474835395813,0.4900165796279907,0.9999993443489075,0.0,0.0,0.0,0.0,0.0,0.0
0,2048,transformer.h.5.mlp.w1.weight,transformer.h.5.mlp.w1.weight,"[1024, 384]",distant_cross,0.0,0.0,,,0.8856009244918823,0.4785422086715698,1.0008394718170166,0.8856009244918823,0.4785422086715698,1.0008394718170166,0.8799474835395813,0.4900165796279907,0.8799474835395813,0.4900165796279907,0.9999993443489075,0.0,0.0,0.0,0.0,0.0,0.0
0,2048,transformer.h.5.mlp.w2.weight,transformer.h.5.mlp.w2.weight,"[1024, 384]",danger_diagonal,0.0,0.0,,,0.8898038268089294,0.4692398011684418,0.9990103840827942,0.8898038268089294,0.4692398011684418,0.9990103840827942,0.8845745325088501,0.4804815351963043,0.8845745325088501,0.4804815351963043,1.0000008344650269,0.0,0.0,0.0,0.0,0.0,0.0
0,2048,transformer.h.5.mlp.w2.weight,transformer.h.5.mlp.w2.weight,"[1024, 384]",danger_cross,0.0,0.0,,,0.8898038268089294,0.4692398011684418,0.9990103840827942,0.8898038268089294,0.4692398011684418,0.9990103840827942,0.8845745325088501,0.4804815351963043,0.8845745325088501,0.4804815351963043,1.0000008344650269,0.0,0.0,0.0,0.0,0.0,0.0
0,2048,transformer.h.5.mlp.w2.weight,transformer.h.5.mlp.w2.weight,"[1024, 384]",danger_full,0.0,0.0,,,0.8898038268089294,0.4692398011684418,0.9990103840827942,0.8898038268089294,0.4692398011684418,0.9990103840827942,0.8845745325088501,0.4804815351963043,0.8845745325088501,0.4804815351963043,1.0000008344650269,0.0,0.0,0.0,0.0,0.0,0.0
0,2048,transformer.h.5.mlp.w2.weight,transformer.h.5.mlp.w2.weight,"[1024, 384]",internal_cross,0.0,0.0,,,0.8898038268089294,0.4692398011684418,0.9990103840827942,0.8898038268089294,0.4692398011684418,0.9990103840827942,0.8845745325088501,0.4804815351963043,0.8845745325088501,0.4804815351963043,1.0000008344650269,0.0,0.0,0.0,0.0,0.0,0.0
0,2048,transformer.h.5.mlp.w2.weight,transformer.h.5.mlp.w2.weight,"[1024, 384]",outside_cross,0.0,0.0,,,0.8898038268089294,0.4692398011684418,0.9990103840827942,0.8898038268089294,0.4692398011684418,0.9990103840827942,0.8845745325088501,0.4804815351963043,0.8845745325088501,0.4804815351963043,1.0000008344650269,0.0,0.0,0.0,0.0,0.0,0.0
0,2048,transformer.h.5.mlp.w2.weight,transformer.h.5.mlp.w2.weight,"[1024, 384]",local_cross,0.0,0.0,,,0.8898038268089294,0.4692398011684418,0.9990103840827942,0.8898038268089294,0.4692398011684418,0.9990103840827942,0.8845745325088501,0.4804815351963043,0.8845745325088501,0.4804815351963043,1.0000008344650269,0.0,0.0,0.0,0.0,0.0,0.0
0,2048,transformer.h.5.mlp.w2.weight,transformer.h.5.mlp.w2.weight,"[1024, 384]",medium_cross,0.0,0.0,,,0.8898038268089294,0.4692398011684418,0.9990103840827942,0.8898038268089294,0.4692398011684418,0.9990103840827942,0.8845745325088501,0.4804815351963043,0.8845745325088501,0.4804815351963043,1.0000008344650269,0.0,0.0,0.0,0.0,0.0,0.0
0,2048,transformer.h.5.mlp.w2.weight,transformer.h.5.mlp.w2.weight,"[1024, 384]",distant_cross,0.0,0.0,,,0.8898038268089294,0.4692398011684418,0.9990103840827942,0.8898038268089294,0.4692398011684418,0.9990103840827942,0.8845745325088501,0.4804815351963043,0.8845745325088501,0.4804815351963043,1.0000008344650269,0.0,0.0,0.0,0.0,0.0,0.0
0,2048,transformer.h.5.mlp.c_proj.weight,transformer.h.5.mlp.c_proj.weight,"[384, 1024]",danger_diagonal,0.0004892238066531718,0.004651772105345933,,,0.8530880212783813,0.5451887249946594,1.0111420154571533,0.853051483631134,0.5452598929405212,1.01114821434021,0.8453659415245056,0.5561301708221436,0.8453311324119568,0.5561932921409607,0.9999997019767761,-3.653764724731445e-05,-7.11679458618164e-05,-0.0002487043436842485,-0.0001305381835666421,-3.4809112548828125e-05,-6.312131881713867e-05
0,2048,transformer.h.5.mlp.c_proj.weight,transformer.h.5.mlp.c_proj.weight,"[384, 1024]",danger_cross,0.018639350309967995,0.17723178769006467,,,0.8530880212783813,0.5451887249946594,1.0111420154571533,0.8552297353744507,0.540980875492096,1.010372519493103,0.8453659415245056,0.5561301708221436,0.8477606177330017,0.5518072843551636,1.000000238418579,0.002141714096069336,0.0042078495025634766,0.014578212850346522,0.007718152099724175,0.0023946762084960938,0.0043228864669799805
0,2048,transformer.h.5.mlp.c_proj.weight,transformer.h.5.mlp.c_proj.weight,"[384, 1024]",danger_full,0.018645770847797394,0.17729283721048855,,,0.8530880212783813,0.5451887249946594,1.0111420154571533,0.8551995754241943,0.541035532951355,1.0103590488433838,0.8453659415245056,0.5561301708221436,0.8477306962013245,0.5518605709075928,1.0000008344650269,0.0021115541458129883,0.004153192043304443,0.014372920194711564,0.007617897900117299,0.0023647546768188477,0.004269599914550781
0,2048,transformer.h.5.mlp.c_proj.weight,transformer.h.5.mlp.c_proj.weight,"[384, 1024]",internal_cross,0.00159531831741333,0.015169043589393005,,,0.8530880212783813,0.5451887249946594,1.0111420154571533,0.8531271815299988,0.5451238751411438,1.0111597776412964,0.8453659415245056,0.5561301708221436,0.8454053401947021,0.5560584664344788,1.0000005960464478,3.916025161743164e-05,6.4849853515625e-05,0.00026655587895685367,0.00011894936660008928,3.93986701965332e-05,7.170438766479492e-05
0,2048,transformer.h.5.mlp.c_proj.weight,transformer.h.5.mlp.c_proj.weight,"[384, 1024]",outside_cross,0.018570955842733383,0.17658146064032748,,,0.8530880212783813,0.5451887249946594,1.0111420154571533,0.8551847338676453,0.5410825610160828,1.0104330778121948,0.8453659415245056,0.5561301708221436,0.8476936221122742,0.5519287586212158,0.9999998807907104,0.002096712589263916,0.00410616397857666,0.014271896733737048,0.007531637743639844,0.0023276805877685547,0.004201412200927734
0,2048,transformer.h.5.mlp.c_proj.weight,transformer.h.5.mlp.c_proj.weight,"[384, 1024]",local_cross,0.01315262820571661,0.12506143030507402,,,0.8530880212783813,0.5451887249946594,1.0111420154571533,0.8546803593635559,0.5420458316802979,1.0105023384094238,0.8453659415245056,0.5561301708221436,0.8472047448158264,0.5528138279914856,1.000000238418579,0.0015923380851745605,0.0031428933143615723,0.010838721927446492,0.005764780470088334,0.0018388032913208008,0.003316342830657959
0,2048,transformer.h.5.mlp.c_proj.weight,transformer.h.5.mlp.c_proj.weight,"[384, 1024]",medium_cross,0.013043525628745556,0.12402403123071724,,,0.8530880212783813,0.5451887249946594,1.0111420154571533,0.8535793423652649,0.5442295670509338,1.0109745264053345,0.8453659415245056,0.5561301708221436,0.8458030819892883,0.5553429126739502,1.0000003576278687,0.0004913210868835449,0.0009591579437255859,0.003344322846638272,0.0017593136096770558,0.00043714046478271484,0.0007872581481933594
0,2048,transformer.h.5.mlp.c_proj.weight,transformer.h.5.mlp.c_proj.weight,"[384, 1024]",distant_cross,0.0020737056620419025,0.019717777471575753,,,0.8530880212783813,0.5451887249946594,1.0111420154571533,0.8530882000923157,0.5451905131340027,1.0111421346664429,0.8453659415245056,0.5561301708221436,0.8453656435012817,0.5561306476593018,1.000000238418579,1.7881393432617188e-07,-1.7881393432617188e-06,1.217150132223076e-06,-3.279853858458344e-06,-2.980232238769531e-07,-4.76837158203125e-07
0,4096,transformer.h.0.attn.c_attn.weight,transformer.h.0.attn.c_attn.weight,"[1152, 384]",danger_diagonal,0.0020291218534111977,0.03245912011301524,,,0.5521470308303833,0.9679778814315796,1.0439237356185913,0.5582590103149414,0.9615761637687683,1.044344186782837,0.5580133199691772,0.9401993155479431,0.5643874406814575,0.933395266532898,1.0,0.0061119794845581055,0.006401717662811279,0.013647290305768403,0.006613495809783932,0.0063741207122802734,0.006804049015045166
0,4096,transformer.h.0.attn.c_attn.weight,transformer.h.0.attn.c_attn.weight,"[1152, 384]",danger_cross,0.05135570093989372,0.8215183639630801,,,0.5521470308303833,0.9679778814315796,1.0439237356185913,0.7567298412322998,0.7334021925926208,1.0891669988632202,0.5580133199691772,0.9401993155479431,0.7460665106773376,0.7126497626304626,0.9999991059303284,0.2045828104019165,0.23457568883895874,0.4568079804879763,0.24233579437996638,0.1880531907081604,0.22754955291748047
0,4096,transformer.h.0.attn.c_attn.weight,transformer.h.0.attn.c_attn.weight,"[1152, 384]",danger_full,0.05139577388763428,0.8221593962509176,,,0.5521470308303833,0.9679778814315796,1.0439237356185913,0.7651976943016052,0.7216795682907104,1.091301679611206,0.5580133199691772,0.9401993155479431,0.7555932402610779,0.6991541385650635,0.9999991059303284,0.21305066347122192,0.24629831314086914,0.4757156436101077,0.25444622017252,0.19757992029190063,0.24104517698287964
0,4096,transformer.h.0.attn.c_attn.weight,transformer.h.0.attn.c_attn.weight,"[1152, 384]",internal_cross,0.02700176276266575,0.4319373226911366,,,0.5521470308303833,0.9679778814315796,1.0439237356185913,0.6135961413383484,0.9166683554649353,1.0791889429092407,0.5580133199691772,0.9401993155479431,0.6104167103767395,0.8827056288719177,0.9999995827674866,0.06144911050796509,0.05130952596664429,0.1372082239890036,0.05300691983866477,0.052403390407562256,0.05749368667602539
0,4096,transformer.h.0.attn.c_attn.weight,transformer.h.0.attn.c_attn.weight,"[1152, 384]",outside_cross,0.04368424788117409,0.6988009353100273,,,0.5521470308303833,0.9679778814315796,1.0439237356185913,0.6050270795822144,0.9092992544174194,1.044206976890564,0.5580133199691772,0.9401993155479431,0.6156734824180603,0.8767297863960266,0.9999997019767761,0.052880048751831055,0.058678627014160156,0.11807457445214266,0.060619801484903854,0.05766016244888306,0.0634695291519165
0,4096,transformer.h.0.attn.c_attn.weight,transformer.h.0.attn.c_attn.weight,"[1152, 384]",local_cross,0.03019118681550026,0.4829573726936812,,,0.5521470308303833,0.9679778814315796,1.0439237356185913,0.614681601524353,0.912540853023529,1.0735507011413574,0.5580133199691772,0.9401993155479431,0.6127857565879822,0.8800169825553894,0.9999991059303284,0.06253457069396973,0.05543702840805054,0.13963192163248966,0.05727096607420677,0.05477243661880493,0.06018233299255371
0,4096,transformer.h.0.attn.c_attn.weight,transformer.h.0.attn.c_attn.weight,"[1152, 384]",medium_cross,0.03865796700119972,0.6183973584964578,,,0.5521470308303833,0.9679778814315796,1.0439237356185913,0.5831801295280457,0.9378941655158997,1.0519473552703857,0.5580133199691772,0.9401993155479431,0.5963467955589294,0.8985034227371216,1.0,0.031033098697662354,0.03008371591567993,0.06929305114399967,0.03107892906725097,0.0383334755897522,0.04169589281082153
0,4096,transformer.h.0.attn.c_attn.weight,transformer.h.0.attn.c_attn.weight,"[1152, 384]",distant_cross,0.01521389652043581,0.24337113796967072,,,0.5521470308303833,0.9679778814315796,1.0439237356185913,0.5528936982154846,0.9671522378921509,1.0438843965530396,0.5580133199691772,0.9401993155479431,0.5584955811500549,0.9396865367889404,0.9999998211860657,0.0007466673851013184,0.0008256435394287109,0.0016672154401158627,0.0008529570305962313,0.00048226118087768555,0.0005127787590026855
0,4096,transformer.h.0.attn.c_proj.weight,transformer.h.0.attn.c_proj.weight,"[384, 384]",danger_diagonal,0.007063817698508501,0.03781053203406072,,,0.4822343587875366,1.0565627813339233,1.072890043258667,0.4890713393688202,1.0497264862060547,1.0731230974197388,0.4464499056339264,1.0521891117095947,0.4507361054420471,1.0481082201004028,1.0000009536743164,0.006836980581283569,0.006836295127868652,0.013204778450098115,0.0064703160556514655,0.0042861998081207275,0.0040808916091918945
0,4096,transformer.h.0.attn.c_proj.weight,transformer.h.0.attn.c_proj.weight,"[384, 384]",danger_cross,0.1553337574005127,0.8314557737529406,,,0.4822343587875366,1.0565627813339233,1.072890043258667,0.8718664050102234,0.5381876826286316,1.0950161218643188,0.4464499056339264,1.0521891117095947,0.8197720646858215,0.6003820300102234,1.0000014305114746,0.38963204622268677,0.5183750987052917,0.752525882772516,0.49062403849853287,0.37332215905189514,0.45180708169937134
0,4096,transformer.h.0.attn.c_proj.weight,transformer.h.0.attn.c_proj.weight,"[384, 384]",danger_full,0.15549428761005402,0.832315044601844,,,0.4822343587875366,1.0565627813339233,1.072890043258667,0.8815581798553467,0.5188748836517334,1.0969038009643555,0.4464499056339264,1.0521891117095947,0.8197721838951111,0.6003819108009338,1.000001311302185,0.39932382106781006,0.5376878976821899,0.7712443416150684,0.5089029323968354,0.3733222782611847,0.4518072009086609
0,4096,transformer.h.0.attn.c_proj.weight,transformer.h.0.attn.c_proj.weight,"[384, 384]",internal_cross,0.0842098817229271,0.45075065161173306,,,0.4822343587875366,1.0565627813339233,1.072890043258667,0.5975792407989502,0.9335458874702454,1.0757067203521729,0.4464499056339264,1.0521891117095947,0.5350742340087891,0.9642895460128784,1.0000011920928955,0.11534488201141357,0.12301689386367798,0.22277430719680025,0.11643122021425709,0.08862432837486267,0.08789956569671631
0,4096,transformer.h.0.attn.c_proj.weight,transformer.h.0.attn.c_proj.weight,"[384, 384]",outside_cross,0.13052698969841003,0.6986724652227811,,,0.4822343587875366,1.0565627813339233,1.072890043258667,0.5430060625076294,0.9940457940101624,1.0749659538269043,0.4464499056339264,1.0521891117095947,0.5101875066757202,0.9897617101669312,1.0000009536743164,0.06077170372009277,0.06251698732376099,0.11737299442616995,0.05917015858237267,0.06373760104179382,0.062427401542663574
0,4096,transformer.h.0.attn.c_proj.weight,transformer.h.0.attn.c_proj.weight,"[384, 384]",local_cross,0.09139075875282288,0.4891877677095698,,,0.4822343587875366,1.0565627813339233,1.072890043258667,0.5641522407531738,0.9703264832496643,1.0738575458526611,0.4464499056339264,1.0521891117095947,0.5125101804733276,0.98741215467453,1.000001072883606,0.08191788196563721,0.08623629808425903,0.15821421014690792,0.0816196629370047,0.06606027483940125,0.0647769570350647
0,4096,transformer.h.0.attn.c_proj.weight,transformer.h.0.attn.c_proj.weight,"[384, 384]",medium_cross,0.11598212271928787,0.6208180835954962,,,0.4822343587875366,1.0565627813339233,1.072890043258667,0.5316392183303833,1.005210041999817,1.0730128288269043,0.4464499056339264,1.0521891117095947,0.49555081129074097,1.004441261291504,1.0000007152557373,0.04940485954284668,0.051352739334106445,0.09541934730770125,0.048603585363165065,0.049100905656814575,0.04774785041809082
0,4096,transformer.h.0.attn.c_proj.weight,transformer.h.0.attn.c_proj.weight,"[384, 384]",distant_cross,0.04821287468075752,0.25806929345810375,,,0.4822343587875366,1.0565627813339233,1.072890043258667,0.483875036239624,1.0557795763015747,1.0744712352752686,0.4464499056339264,1.0521891117095947,0.4481627941131592,1.0505610704421997,1.0000007152557373,0.0016406774520874023,0.0007832050323486328,0.00316876463305945,0.0007412763786358507,0.001712888479232788,0.0016280412673950195
0,4096,transformer.h.0.mlp.w1.weight,transformer.h.0.mlp.w1.weight,"[1024, 384]",danger_diagonal,0.0,0.0,,,0.92067950963974,0.4000403881072998,1.0082416534423828,0.92067950963974,0.4000403881072998,1.0082416534423828,0.9190208911895752,0.40245547890663147,0.9190208911895752,0.40245547890663147,0.999998152256012,0.0,0.0,0.0,0.0,0.0,0.0
0,4096,transformer.h.0.mlp.w1.weight,transformer.h.0.mlp.w1.weight,"[1024, 384]",danger_cross,0.0,0.0,,,0.92067950963974,0.4000403881072998,1.0082416534423828,0.92067950963974,0.4000403881072998,1.0082416534423828,0.9190208911895752,0.40245547890663147,0.9190208911895752,0.40245547890663147,0.999998152256012,0.0,0.0,0.0,0.0,0.0,0.0
0,4096,transformer.h.0.mlp.w1.weight,transformer.h.0.mlp.w1.weight,"[1024, 384]",danger_full,0.0,0.0,,,0.92067950963974,0.4000403881072998,1.0082416534423828,0.92067950963974,0.4000403881072998,1.0082416534423828,0.9190208911895752,0.40245547890663147,0.9190208911895752,0.40245547890663147,0.999998152256012,0.0,0.0,0.0,0.0,0.0,0.0
0,4096,transformer.h.0.mlp.w1.weight,transformer.h.0.mlp.w1.weight,"[1024, 384]",internal_cross,0.0,0.0,,,0.92067950963974,0.4000403881072998,1.0082416534423828,0.92067950963974,0.4000403881072998,1.0082416534423828,0.9190208911895752,0.40245547890663147,0.9190208911895752,0.40245547890663147,0.999998152256012,0.0,0.0,0.0,0.0,0.0,0.0
0,4096,transformer.h.0.mlp.w1.weight,transformer.h.0.mlp.w1.weight,"[1024, 384]",outside_cross,0.0,0.0,,,0.92067950963974,0.4000403881072998,1.0082416534423828,0.92067950963974,0.4000403881072998,1.0082416534423828,0.9190208911895752,0.40245547890663147,0.9190208911895752,0.40245547890663147,0.999998152256012,0.0,0.0,0.0,0.0,0.0,0.0
0,4096,transformer.h.0.mlp.w1.weight,transformer.h.0.mlp.w1.weight,"[1024, 384]",local_cross,0.0,0.0,,,0.92067950963974,0.4000403881072998,1.0082416534423828,0.92067950963974,0.4000403881072998,1.0082416534423828,0.9190208911895752,0.40245547890663147,0.9190208911895752,0.40245547890663147,0.999998152256012,0.0,0.0,0.0,0.0,0.0,0.0
0,4096,transformer.h.0.mlp.w1.weight,transformer.h.0.mlp.w1.weight,"[1024, 384]",medium_cross,0.0,0.0,,,0.92067950963974,0.4000403881072998,1.0082416534423828,0.92067950963974,0.4000403881072998,1.0082416534423828,0.9190208911895752,0.40245547890663147,0.9190208911895752,0.40245547890663147,0.999998152256012,0.0,0.0,0.0,0.0,0.0,0.0
0,4096,transformer.h.0.mlp.w1.weight,transformer.h.0.mlp.w1.weight,"[1024, 384]",distant_cross,0.0,0.0,,,0.92067950963974,0.4000403881072998,1.0082416534423828,0.92067950963974,0.4000403881072998,1.0082416534423828,0.9190208911895752,0.40245547890663147,0.9190208911895752,0.40245547890663147,0.999998152256012,0.0,0.0,0.0,0.0,0.0,0.0
0,4096,transformer.h.0.mlp.w2.weight,transformer.h.0.mlp.w2.weight,"[1024, 384]",danger_diagonal,0.0,0.0,,,0.9145726561546326,0.41519325971603394,1.0084856748580933,0.9145726561546326,0.41519325971603394,1.0084856748580933,0.9128050804138184,0.41761136054992676,0.9128050804138184,0.41761136054992676,0.9999997019767761,0.0,0.0,0.0,0.0,0.0,0.0
0,4096,transformer.h.0.mlp.w2.weight,transformer.h.0.mlp.w2.weight,"[1024, 384]",danger_cross,0.0,0.0,,,0.9145726561546326,0.41519325971603394,1.0084856748580933,0.9145726561546326,0.41519325971603394,1.0084856748580933,0.9128050804138184,0.41761136054992676,0.9128050804138184,0.41761136054992676,0.9999997019767761,0.0,0.0,0.0,0.0,0.0,0.0
0,4096,transformer.h.0.mlp.w2.weight,transformer.h.0.mlp.w2.weight,"[1024, 384]",danger_full,0.0,0.0,,,0.9145726561546326,0.41519325971603394,1.0084856748580933,0.9145726561546326,0.41519325971603394,1.0084856748580933,0.9128050804138184,0.41761136054992676,0.9128050804138184,0.41761136054992676,0.9999997019767761,0.0,0.0,0.0,0.0,0.0,0.0
0,4096,transformer.h.0.mlp.w2.weight,transformer.h.0.mlp.w2.weight,"[1024, 384]",internal_cross,0.0,0.0,,,0.9145726561546326,0.41519325971603394,1.0084856748580933,0.9145726561546326,0.41519325971603394,1.0084856748580933,0.9128050804138184,0.41761136054992676,0.9128050804138184,0.41761136054992676,0.9999997019767761,0.0,0.0,0.0,0.0,0.0,0.0
0,4096,transformer.h.0.mlp.w2.weight,transformer.h.0.mlp.w2.weight,"[1024, 384]",outside_cross,0.0,0.0,,,0.9145726561546326,0.41519325971603394,1.0084856748580933,0.9145726561546326,0.41519325971603394,1.0084856748580933,0.9128050804138184,0.41761136054992676,0.9128050804138184,0.41761136054992676,0.9999997019767761,0.0,0.0,0.0,0.0,0.0,0.0
0,4096,transformer.h.0.mlp.w2.weight,transformer.h.0.mlp.w2.weight,"[1024, 384]",local_cross,0.0,0.0,,,0.9145726561546326,0.41519325971603394,1.0084856748580933,0.9145726561546326,0.41519325971603394,1.0084856748580933,0.9128050804138184,0.41761136054992676,0.9128050804138184,0.41761136054992676,0.9999997019767761,0.0,0.0,0.0,0.0,0.0,0.0
0,4096,transformer.h.0.mlp.w2.weight,transformer.h.0.mlp.w2.weight,"[1024, 384]",medium_cross,0.0,0.0,,,0.9145726561546326,0.41519325971603394,1.0084856748580933,0.9145726561546326,0.41519325971603394,1.0084856748580933,0.9128050804138184,0.41761136054992676,0.9128050804138184,0.41761136054992676,0.9999997019767761,0.0,0.0,0.0,0.0,0.0,0.0
0,4096,transformer.h.0.mlp.w2.weight,transformer.h.0.mlp.w2.weight,"[1024, 384]",distant_cross,0.0,0.0,,,0.9145726561546326,0.41519325971603394,1.0084856748580933,0.9145726561546326,0.41519325971603394,1.0084856748580933,0.9128050804138184,0.41761136054992676,0.9128050804138184,0.41761136054992676,0.9999997019767761,0.0,0.0,0.0,0.0,0.0,0.0
0,4096,transformer.h.0.mlp.c_proj.weight,transformer.h.0.mlp.c_proj.weight,"[384, 1024]",danger_diagonal,0.0,0.0,,,0.8781670928001404,0.4967428743839264,1.0120244026184082,0.8781670928001404,0.4967428743839264,1.0120244026184082,0.8711760640144348,0.5075989961624146,0.8711760640144348,0.5075989961624146,0.9999998807907104,0.0,0.0,0.0,0.0,0.0,0.0
0,4096,transformer.h.0.mlp.c_proj.weight,transformer.h.0.mlp.c_proj.weight,"[384, 1024]",danger_cross,0.0,0.0,,,0.8781670928001404,0.4967428743839264,1.0120244026184082,0.8781670928001404,0.4967428743839264,1.0120244026184082,0.8711760640144348,0.5075989961624146,0.8711760640144348,0.5075989961624146,0.9999998807907104,0.0,0.0,0.0,0.0,0.0,0.0
0,4096,transformer.h.0.mlp.c_proj.weight,transformer.h.0.mlp.c_proj.weight,"[384, 1024]",danger_full,0.0,0.0,,,0.8781670928001404,0.4967428743839264,1.0120244026184082,0.8781670928001404,0.4967428743839264,1.0120244026184082,0.8711760640144348,0.5075989961624146,0.8711760640144348,0.5075989961624146,0.9999998807907104,0.0,0.0,0.0,0.0,0.0,0.0
0,4096,transformer.h.0.mlp.c_proj.weight,transformer.h.0.mlp.c_proj.weight,"[384, 1024]",internal_cross,0.0,0.0,,,0.8781670928001404,0.4967428743839264,1.0120244026184082,0.8781670928001404,0.4967428743839264,1.0120244026184082,0.8711760640144348,0.5075989961624146,0.8711760640144348,0.5075989961624146,0.9999998807907104,0.0,0.0,0.0,0.0,0.0,0.0
0,4096,transformer.h.0.mlp.c_proj.weight,transformer.h.0.mlp.c_proj.weight,"[384, 1024]",outside_cross,0.0,0.0,,,0.8781670928001404,0.4967428743839264,1.0120244026184082,0.8781670928001404,0.4967428743839264,1.0120244026184082,0.8711760640144348,0.5075989961624146,0.8711760640144348,0.5075989961624146,0.9999998807907104,0.0,0.0,0.0,0.0,0.0,0.0
0,4096,transformer.h.0.mlp.c_proj.weight,transformer.h.0.mlp.c_proj.weight,"[384, 1024]",local_cross,0.0,0.0,,,0.8781670928001404,0.4967428743839264,1.0120244026184082,0.8781670928001404,0.4967428743839264,1.0120244026184082,0.8711760640144348,0.5075989961624146,0.8711760640144348,0.5075989961624146,0.9999998807907104,0.0,0.0,0.0,0.0,0.0,0.0
0,4096,transformer.h.0.mlp.c_proj.weight,transformer.h.0.mlp.c_proj.weight,"[384, 1024]",medium_cross,0.0,0.0,,,0.8781670928001404,0.4967428743839264,1.0120244026184082,0.8781670928001404,0.4967428743839264,1.0120244026184082,0.8711760640144348,0.5075989961624146,0.8711760640144348,0.5075989961624146,0.9999998807907104,0.0,0.0,0.0,0.0,0.0,0.0
0,4096,transformer.h.0.mlp.c_proj.weight,transformer.h.0.mlp.c_proj.weight,"[384, 1024]",distant_cross,0.0,0.0,,,0.8781670928001404,0.4967428743839264,1.0120244026184082,0.8781670928001404,0.4967428743839264,1.0120244026184082,0.8711760640144348,0.5075989961624146,0.8711760640144348,0.5075989961624146,0.9999998807907104,0.0,0.0,0.0,0.0,0.0,0.0
0,4096,transformer.h.1.attn.c_attn.weight,transformer.h.1.attn.c_attn.weight,"[1152, 384]",danger_diagonal,0.0021156740840524435,0.0376100543308202,,,0.5568404197692871,0.9660521149635315,1.0501195192337036,0.5607476234436035,0.9621657729148865,1.0508474111557007,0.5568698048591614,0.9414160847663879,0.5612207651138306,0.9367825388908386,0.9999998211860657,0.003907203674316406,0.0038863420486450195,0.008816696848305255,0.004022911381744378,0.0043509602546691895,0.004633545875549316
0,4096,transformer.h.1.attn.c_attn.weight,transformer.h.1.attn.c_attn.weight,"[1152, 384]",danger_cross,0.04856488108634949,0.8633313750900729,,,0.5568404197692871,0.9660521149635315,1.0501195192337036,0.7561894059181213,0.7341821789741516,1.0891153812408447,0.5568698048591614,0.9414160847663879,0.7400322556495667,0.7210673093795776,1.0,0.19934898614883423,0.23186993598937988,0.44983566877884335,0.24001804084672282,0.18316245079040527,0.2203487753868103
0,4096,transformer.h.1.attn.c_attn.weight,transformer.h.1.attn.c_attn.weight,"[1152, 384]",danger_full,0.04861094057559967,0.8641501684506415,,,0.5568404197692871,0.9660521149635315,1.0501195192337036,0.7623815536499023,0.7256296873092651,1.0906494855880737,0.5568698048591614,0.9414160847663879,0.7475640773773193,0.710545539855957,1.0000003576278687,0.20554113388061523,0.24042242765426636,0.4638083955527006,0.24887107427257413,0.19069427251815796,0.2308705449104309
0,4096,transformer.h.1.attn.c_attn.weight,transformer.h.1.attn.c_attn.weight,"[1152, 384]",internal_cross,0.02820991352200508,0.5014838477380767,,,0.5568404197692871,0.9660521149635315,1.0501195192337036,0.6459988355636597,0.8808020949363708,1.0854557752609253,0.5568698048591614,0.9414160847663879,0.631229043006897,0.8588048219680786,0.9999995231628418,0.08915841579437256,0.08525002002716064,0.20118805904626022,0.08824577753797355,0.0743592381477356,0.08261126279830933
0,4096,transformer.h.1.attn.c_attn.weight,transformer.h.1.attn.c_attn.weight,"[1152, 384]",outside_cross,0.03953167796134949,0.7027493351277384,,,0.5568404197692871,0.9660521149635315,1.0501195192337036,0.5902966856956482,0.9313067197799683,1.0548145771026611,0.5568698048591614,0.9414160847663879,0.5963495373725891,0.8985008001327515,1.0000001192092896,0.033456265926361084,0.03474539518356323,0.07549484975354352,0.03596637763675397,0.039479732513427734,0.042915284633636475
0,4096,transformer.h.1.attn.c_attn.weight,transformer.h.1.attn.c_attn.weight,"[1152, 384]",local_cross,0.02989661507308483,0.5314681149057676,,,0.5568404197692871,0.9660521149635315,1.0501195192337036,0.6187911033630371,0.9099657535552979,1.0780671834945679,0.5568698048591614,0.9414160847663879,0.6128115653991699,0.8799895644187927,0.9999993443489075,0.06195068359375,0.05608636140823364,0.13979317238611408,0.05805728339029712,0.055941760540008545,0.061426520347595215
0,4096,transformer.h.1.attn.c_attn.weight,transformer.h.1.attn.c_attn.weight,"[1152, 384]",medium_cross,0.03590409830212593,0.6382623382404644,,,0.5568404197692871,0.9660521149635315,1.0501195192337036,0.581484317779541,0.9435738921165466,1.059448480606079,0.5568698048591614,0.9414160847663879,0.5868439078330994,0.9090192914009094,0.9999998807907104,0.024643898010253906,0.022478222846984863,0.05560953460020896,0.023268126531489883,0.02997410297393799,0.032396793365478516
0,4096,transformer.h.1.attn.c_attn.weight,transformer.h.1.attn.c_attn.weight,"[1152, 384]",distant_cross,0.013252953998744488,0.2355959850781466,,,0.5568404197692871,0.9660521149635315,1.0501195192337036,0.557188093662262,0.9657905697822571,1.0503476858139038,0.5568698048591614,0.9414160847663879,0.556961178779602,0.9413190484046936,1.000000238418579,0.0003476738929748535,0.00026154518127441406,0.0007845343043105406,0.0002707360992468687,9.137392044067383e-05,9.703636169433594e-05
0,4096,transformer.h.1.attn.c_proj.weight,transformer.h.1.attn.c_proj.weight,"[384, 384]",danger_diagonal,0.005255114287137985,0.03338878015385369,,,0.49488765001296997,1.0576237440109253,1.0977822542190552,0.5023689270019531,1.0495953559875488,1.0973670482635498,0.45135435461997986,1.0468357801437378,0.45767587423324585,1.0414650440216064,1.000000238418579,0.007481276988983154,0.008028388023376465,0.014811114773129689,0.007590968025102821,0.006321519613265991,0.005370736122131348
0,4096,transformer.h.1.attn.c_proj.weight,transformer.h.1.attn.c_proj.weight,"[384, 384]",danger_cross,0.13269859552383423,0.843110918351397,,,0.49488765001296997,1.0576237440109253,1.0977822542190552,0.8539285659790039,0.5863457918167114,1.1240994930267334,0.45135435461997986,1.0468357801437378,0.7761521339416504,0.6691029667854309,0.9999994039535522,0.35904091596603394,0.47127795219421387,0.7108139723276479,0.44560076762927286,0.32479777932167053,0.3777328133583069
0,4096,transformer.h.1.attn.c_proj.weight,transformer.h.1.attn.c_proj.weight,"[384, 384]",danger_full,0.13280260562896729,0.8437717546994411,,,0.49488765001296997,1.0576237440109253,1.0977822542190552,0.8592795133590698,0.5780813097953796,1.128604769706726,0.45135435461997986,1.0468357801437378,0.7761520743370056,0.6691030263900757,0.9999995231628418,0.36439186334609985,0.47954243421554565,0.7214075509249704,0.4534149662685636,0.32479771971702576,0.3777327537536621
0,4096,transformer.h.1.attn.c_proj.weight,transformer.h.1.attn.c_proj.weight,"[384, 384]",internal_cross,0.07368628680706024,0.46817159363714955,,,0.49488765001296997,1.0576237440109253,1.0977822542190552,0.6141005754470825,0.9282104969024658,1.1026617288589478,0.45135435461997986,1.0468357801437378,0.5409176349639893,0.9582107067108154,0.9999997019767761,0.11921292543411255,0.12941324710845947,0.23601269190344212,0.1223622747137593,0.0895632803440094,0.08862507343292236
0,4096,transformer.h.1.attn.c_proj.weight,transformer.h.1.attn.c_proj.weight,"[384, 384]",outside_cross,0.11035958677530289,0.7011782768891044,,,0.49488765001296997,1.0576237440109253,1.0977822542190552,0.5517606735229492,0.9998835921287537,1.103308916091919,0.45135435461997986,1.0468357801437378,0.5057086944580078,0.9942758083343506,0.9999998211860657,0.05687302350997925,0.05774015188217163,0.11259479898173069,0.05459422805996985,0.054354339838027954,0.05255997180938721
0,4096,transformer.h.1.attn.c_proj.weight,transformer.h.1.attn.c_proj.weight,"[384, 384]",local_cross,0.07854924350976944,0.49906876986828624,,,0.49488765001296997,1.0576237440109253,1.0977822542190552,0.5788869261741638,0.9656597375869751,1.0961931943893433,0.45135435461997986,1.0468357801437378,0.5170232057571411,0.9828305840492249,0.9999998211860657,0.08399927616119385,0.0919640064239502,0.16629820308957152,0.08695342454698161,0.06566885113716125,0.06400519609451294
0,4096,transformer.h.1.attn.c_proj.weight,transformer.h.1.attn.c_proj.weight,"[384, 384]",medium_cross,0.09939757734537125,0.631530291535813,,,0.49488765001296997,1.0576237440109253,1.0977822542190552,0.5425861477851868,1.0082592964172363,1.1002458333969116,0.45135435461997986,1.0468357801437378,0.49366143345832825,1.0063194036483765,0.9999998211860657,0.0476984977722168,0.049364447593688965,0.09443146217557652,0.04667486700561351,0.04230707883834839,0.04051637649536133
0,4096,transformer.h.1.attn.c_proj.weight,transformer.h.1.attn.c_proj.weight,"[384, 384]",distant_cross,0.03948475047945976,0.2508694542410119,,,0.49488765001296997,1.0576237440109253,1.0977822542190552,0.499296635389328,1.053576946258545,1.0987287759780884,0.45135435461997986,1.0468357801437378,0.4542948007583618,1.0447063446044922,1.0000003576278687,0.004408985376358032,0.004046797752380371,0.008728722187195073,0.0038263113657351546,0.002940446138381958,0.0021294355392456055
0,4096,transformer.h.1.mlp.w1.weight,transformer.h.1.mlp.w1.weight,"[1024, 384]",danger_diagonal,0.0,0.0,,,0.9004476070404053,0.44831252098083496,1.008966326713562,0.9004476070404053,0.44831252098083496,1.008966326713562,0.8939172029495239,0.4606263041496277,0.8939172029495239,0.4606263041496277,0.9999995231628418,0.0,0.0,0.0,0.0,0.0,0.0
0,4096,transformer.h.1.mlp.w1.weight,transformer.h.1.mlp.w1.weight,"[1024, 384]",danger_cross,0.0,0.0,,,0.9004476070404053,0.44831252098083496,1.008966326713562,0.9004476070404053,0.44831252098083496,1.008966326713562,0.8939172029495239,0.4606263041496277,0.8939172029495239,0.4606263041496277,0.9999995231628418,0.0,0.0,0.0,0.0,0.0,0.0
0,4096,transformer.h.1.mlp.w1.weight,transformer.h.1.mlp.w1.weight,"[1024, 384]",danger_full,0.0,0.0,,,0.9004476070404053,0.44831252098083496,1.008966326713562,0.9004476070404053,0.44831252098083496,1.008966326713562,0.8939172029495239,0.4606263041496277,0.8939172029495239,0.4606263041496277,0.9999995231628418,0.0,0.0,0.0,0.0,0.0,0.0
0,4096,transformer.h.1.mlp.w1.weight,transformer.h.1.mlp.w1.weight,"[1024, 384]",internal_cross,0.0,0.0,,,0.9004476070404053,0.44831252098083496,1.008966326713562,0.9004476070404053,0.44831252098083496,1.008966326713562,0.8939172029495239,0.4606263041496277,0.8939172029495239,0.4606263041496277,0.9999995231628418,0.0,0.0,0.0,0.0,0.0,0.0
0,4096,transformer.h.1.mlp.w1.weight,transformer.h.1.mlp.w1.weight,"[1024, 384]",outside_cross,0.0,0.0,,,0.9004476070404053,0.44831252098083496,1.008966326713562,0.9004476070404053,0.44831252098083496,1.008966326713562,0.8939172029495239,0.4606263041496277,0.8939172029495239,0.4606263041496277,0.9999995231628418,0.0,0.0,0.0,0.0,0.0,0.0
0,4096,transformer.h.1.mlp.w1.weight,transformer.h.1.mlp.w1.weight,"[1024, 384]",local_cross,0.0,0.0,,,0.9004476070404053,0.44831252098083496,1.008966326713562,0.9004476070404053,0.44831252098083496,1.008966326713562,0.8939172029495239,0.4606263041496277,0.8939172029495239,0.4606263041496277,0.9999995231628418,0.0,0.0,0.0,0.0,0.0,0.0
0,4096,transformer.h.1.mlp.w1.weight,transformer.h.1.mlp.w1.weight,"[1024, 384]",medium_cross,0.0,0.0,,,0.9004476070404053,0.44831252098083496,1.008966326713562,0.9004476070404053,0.44831252098083496,1.008966326713562,0.8939172029495239,0.4606263041496277,0.8939172029495239,0.4606263041496277,0.9999995231628418,0.0,0.0,0.0,0.0,0.0,0.0
0,4096,transformer.h.1.mlp.w1.weight,transformer.h.1.mlp.w1.weight,"[1024, 384]",distant_cross,0.0,0.0,,,0.9004476070404053,0.44831252098083496,1.008966326713562,0.9004476070404053,0.44831252098083496,1.008966326713562,0.8939172029495239,0.4606263041496277,0.8939172029495239,0.4606263041496277,0.9999995231628418,0.0,0.0,0.0,0.0,0.0,0.0
0,4096,transformer.h.1.mlp.w2.weight,transformer.h.1.mlp.w2.weight,"[1024, 384]",danger_diagonal,0.0,0.0,,,0.8988140821456909,0.45210912823677063,1.0095305442810059,0.8988140821456909,0.45210912823677063,1.0095305442810059,0.8928326368331909,0.46297577023506165,0.8928326368331909,0.46297577023506165,1.000001311302185,0.0,0.0,0.0,0.0,0.0,0.0
0,4096,transformer.h.1.mlp.w2.weight,transformer.h.1.mlp.w2.weight,"[1024, 384]",danger_cross,0.0,0.0,,,0.8988140821456909,0.45210912823677063,1.0095305442810059,0.8988140821456909,0.45210912823677063,1.0095305442810059,0.8928326368331909,0.46297577023506165,0.8928326368331909,0.46297577023506165,1.000001311302185,0.0,0.0,0.0,0.0,0.0,0.0
0,4096,transformer.h.1.mlp.w2.weight,transformer.h.1.mlp.w2.weight,"[1024, 384]",danger_full,0.0,0.0,,,0.8988140821456909,0.45210912823677063,1.0095305442810059,0.8988140821456909,0.45210912823677063,1.0095305442810059,0.8928326368331909,0.46297577023506165,0.8928326368331909,0.46297577023506165,1.000001311302185,0.0,0.0,0.0,0.0,0.0,0.0
0,4096,transformer.h.1.mlp.w2.weight,transformer.h.1.mlp.w2.weight,"[1024, 384]",internal_cross,0.0,0.0,,,0.8988140821456909,0.45210912823677063,1.0095305442810059,0.8988140821456909,0.45210912823677063,1.0095305442810059,0.8928326368331909,0.46297577023506165,0.8928326368331909,0.46297577023506165,1.000001311302185,0.0,0.0,0.0,0.0,0.0,0.0
0,4096,transformer.h.1.mlp.w2.weight,transformer.h.1.mlp.w2.weight,"[1024, 384]",outside_cross,0.0,0.0,,,0.8988140821456909,0.45210912823677063,1.0095305442810059,0.8988140821456909,0.45210912823677063,1.0095305442810059,0.8928326368331909,0.46297577023506165,0.8928326368331909,0.46297577023506165,1.000001311302185,0.0,0.0,0.0,0.0,0.0,0.0
0,4096,transformer.h.1.mlp.w2.weight,transformer.h.1.mlp.w2.weight,"[1024, 384]",local_cross,0.0,0.0,,,0.8988140821456909,0.45210912823677063,1.0095305442810059,0.8988140821456909,0.45210912823677063,1.0095305442810059,0.8928326368331909,0.46297577023506165,0.8928326368331909,0.46297577023506165,1.000001311302185,0.0,0.0,0.0,0.0,0.0,0.0
0,4096,transformer.h.1.mlp.w2.weight,transformer.h.1.mlp.w2.weight,"[1024, 384]",medium_cross,0.0,0.0,,,0.8988140821456909,0.45210912823677063,1.0095305442810059,0.8988140821456909,0.45210912823677063,1.0095305442810059,0.8928326368331909,0.46297577023506165,0.8928326368331909,0.46297577023506165,1.000001311302185,0.0,0.0,0.0,0.0,0.0,0.0
0,4096,transformer.h.1.mlp.w2.weight,transformer.h.1.mlp.w2.weight,"[1024, 384]",distant_cross,0.0,0.0,,,0.8988140821456909,0.45210912823677063,1.0095305442810059,0.8988140821456909,0.45210912823677063,1.0095305442810059,0.8928326368331909,0.46297577023506165,0.8928326368331909,0.46297577023506165,1.000001311302185,0.0,0.0,0.0,0.0,0.0,0.0
0,4096,transformer.h.1.mlp.c_proj.weight,transformer.h.1.mlp.c_proj.weight,"[384, 1024]",danger_diagonal,0.0,0.0,,,0.8718867301940918,0.5088106393814087,1.0099518299102783,0.8718867301940918,0.5088106393814087,1.0099518299102783,0.8637350797653198,0.5220528841018677,0.8637350797653198,0.5220528841018677,0.9999983310699463,0.0,0.0,0.0,0.0,0.0,0.0
0,4096,transformer.h.1.mlp.c_proj.weight,transformer.h.1.mlp.c_proj.weight,"[384, 1024]",danger_cross,0.0,0.0,,,0.8718867301940918,0.5088106393814087,1.0099518299102783,0.8718867301940918,0.5088106393814087,1.0099518299102783,0.8637350797653198,0.5220528841018677,0.8637350797653198,0.5220528841018677,0.9999983310699463,0.0,0.0,0.0,0.0,0.0,0.0
0,4096,transformer.h.1.mlp.c_proj.weight,transformer.h.1.mlp.c_proj.weight,"[384, 1024]",danger_full,0.0,0.0,,,0.8718867301940918,0.5088106393814087,1.0099518299102783,0.8718867301940918,0.5088106393814087,1.0099518299102783,0.8637350797653198,0.5220528841018677,0.8637350797653198,0.5220528841018677,0.9999983310699463,0.0,0.0,0.0,0.0,0.0,0.0
0,4096,transformer.h.1.mlp.c_proj.weight,transformer.h.1.mlp.c_proj.weight,"[384, 1024]",internal_cross,0.0,0.0,,,0.8718867301940918,0.5088106393814087,1.0099518299102783,0.8718867301940918,0.5088106393814087,1.0099518299102783,0.8637350797653198,0.5220528841018677,0.8637350797653198,0.5220528841018677,0.9999983310699463,0.0,0.0,0.0,0.0,0.0,0.0
0,4096,transformer.h.1.mlp.c_proj.weight,transformer.h.1.mlp.c_proj.weight,"[384, 1024]",outside_cross,0.0,0.0,,,0.8718867301940918,0.5088106393814087,1.0099518299102783,0.8718867301940918,0.5088106393814087,1.0099518299102783,0.8637350797653198,0.5220528841018677,0.8637350797653198,0.5220528841018677,0.9999983310699463,0.0,0.0,0.0,0.0,0.0,0.0
0,4096,transformer.h.1.mlp.c_proj.weight,transformer.h.1.mlp.c_proj.weight,"[384, 1024]",local_cross,0.0,0.0,,,0.8718867301940918,0.5088106393814087,1.0099518299102783,0.8718867301940918,0.5088106393814087,1.0099518299102783,0.8637350797653198,0.5220528841018677,0.8637350797653198,0.5220528841018677,0.9999983310699463,0.0,0.0,0.0,0.0,0.0,0.0
0,4096,transformer.h.1.mlp.c_proj.weight,transformer.h.1.mlp.c_proj.weight,"[384, 1024]",medium_cross,0.0,0.0,,,0.8718867301940918,0.5088106393814087,1.0099518299102783,0.8718867301940918,0.5088106393814087,1.0099518299102783,0.8637350797653198,0.5220528841018677,0.8637350797653198,0.5220528841018677,0.9999983310699463,0.0,0.0,0.0,0.0,0.0,0.0
0,4096,transformer.h.1.mlp.c_proj.weight,transformer.h.1.mlp.c_proj.weight,"[384, 1024]",distant_cross,0.0,0.0,,,0.8718867301940918,0.5088106393814087,1.0099518299102783,0.8718867301940918,0.5088106393814087,1.0099518299102783,0.8637350797653198,0.5220528841018677,0.8637350797653198,0.5220528841018677,0.9999983310699463,0.0,0.0,0.0,0.0,0.0,0.0
0,4096,transformer.h.2.attn.c_attn.weight,transformer.h.2.attn.c_attn.weight,"[1152, 384]",danger_diagonal,0.004137776326388121,0.03011839028316105,,,0.5677447319030762,0.9613665342330933,1.0642815828323364,0.577837347984314,0.9501627683639526,1.0643483400344849,0.5675306916236877,0.9300231337547302,0.5776607394218445,0.9190670847892761,0.9999991059303284,0.010092616081237793,0.011203765869140625,0.023348740492330433,0.011654000290407609,0.010130047798156738,0.010956048965454102
0,4096,transformer.h.2.attn.c_attn.weight,transformer.h.2.attn.c_attn.weight,"[1152, 384]",danger_cross,0.1122811883687973,0.8172816474351291,,,0.5677447319030762,0.9613665342330933,1.0642815828323364,0.7582430243492126,0.7283357381820679,1.0828825235366821,0.5675306916236877,0.9300231337547302,0.741019070148468,0.7197001576423645,0.9999998807907104,0.19049829244613647,0.2330307960510254,0.4407078559963817,0.24239536925104224,0.17348837852478027,0.21032297611236572
0,4096,transformer.h.2.attn.c_attn.weight,transformer.h.2.attn.c_attn.weight,"[1152, 384]",danger_full,0.11235740780830383,0.8178364398272605,,,0.5677447319030762,0.9613665342330933,1.0642815828323364,0.7666545510292053,0.7162115573883057,1.0839956998825073,0.5675306916236877,0.9300231337547302,0.7503430843353271,0.7066256999969482,0.9999995231628418,0.19890981912612915,0.2451549768447876,0.46016748390797624,0.255006772250871,0.1828123927116394,0.22339743375778198
0,4096,transformer.h.2.attn.c_attn.weight,transformer.h.2.attn.c_attn.weight,"[1152, 384]",internal_cross,0.05516965314745903,0.40157345738700917,,,0.5677447319030762,0.9613665342330933,1.0642815828323364,0.6513771414756775,0.8731815218925476,1.0834964513778687,0.5675306916236877,0.9300231337547302,0.6363035440444946,0.8528760671615601,1.0,0.08363240957260132,0.08818501234054565,0.19347921412457736,0.09172881434955826,0.06877285242080688,0.07714706659317017
0,4096,transformer.h.2.attn.c_attn.weight,transformer.h.2.attn.c_attn.weight,"[1152, 384]",outside_cross,0.09779258072376251,0.711820765721965,,,0.5677447319030762,0.9613665342330933,1.0642815828323364,0.5992387533187866,0.9243372082710266,1.0612740516662598,0.5675306916236877,0.9300231337547302,0.6030097603797913,0.8910591006278992,0.9999992251396179,0.03149402141571045,0.03702932596206665,0.07285977462893199,0.038517386078563566,0.035479068756103516,0.038964033126831055
0,4096,transformer.h.2.attn.c_attn.weight,transformer.h.2.attn.c_attn.weight,"[1152, 384]",local_cross,0.06124674528837204,0.44580790082936855,,,0.5677447319030762,0.9613665342330933,1.0642815828323364,0.6239007115364075,0.9017714262008667,1.0738272666931152,0.5675306916236877,0.9300231337547302,0.6166308522224426,0.8756383657455444,1.0000008344650269,0.0561559796333313,0.05959510803222656,0.1299139276672495,0.061989996437484804,0.04910016059875488,0.05438476800918579
0,4096,transformer.h.2.attn.c_attn.weight,transformer.h.2.attn.c_attn.weight,"[1152, 384]",medium_cross,0.08763663470745087,0.6378968216307208,,,0.5677447319030762,0.9613665342330933,1.0642815828323364,0.5861160755157471,0.9421138763427734,1.0668470859527588,0.5675306916236877,0.9300231337547302,0.5898224115371704,0.9057369828224182,0.9999995827674866,0.0183713436126709,0.019252657890319824,0.042501144505546026,0.020026345004486933,0.022291719913482666,0.02428615093231201
0,4096,transformer.h.2.attn.c_attn.weight,transformer.h.2.attn.c_attn.weight,"[1152, 384]",distant_cross,0.034289199858903885,0.24958707827236673,,,0.5677447319030762,0.9613665342330933,1.0642815828323364,0.5678119659423828,0.9612823724746704,1.0642619132995605,0.5675306916236877,0.9300231337547302,0.5674992799758911,0.9300571084022522,0.9999991059303284,6.723403930664062e-05,8.416175842285156e-05,0.0001555424404719224,8.754388199084708e-05,-3.141164779663086e-05,-3.3974647521972656e-05
0,4096,transformer.h.2.attn.c_proj.weight,transformer.h.2.attn.c_proj.weight,"[384, 384]",danger_diagonal,0.006818791851401329,0.03329581320231781,,,0.5677459836006165,0.9674826264381409,1.0760351419448853,0.5733557939529419,0.9611183404922485,1.0758343935012817,0.5182902812957764,0.9815386533737183,0.5243127942085266,0.975384533405304,0.9999995231628418,0.0056098103523254395,0.006364285945892334,0.012978041011751347,0.006578191454789142,0.006022512912750244,0.006154119968414307
0,4096,transformer.h.2.attn.c_proj.weight,transformer.h.2.attn.c_proj.weight,"[384, 384]",danger_cross,0.1662437617778778,0.8117598188701562,,,0.5677459836006165,0.9674826264381409,1.0760351419448853,0.8755517601966858,0.531377911567688,1.0968023538589478,0.5182902812957764,0.9815386533737183,0.8064635396003723,0.6221525073051453,1.000000238418579,0.30780577659606934,0.4361047148704529,0.7120946594320837,0.4507623216718679,0.28817325830459595,0.359386146068573
0,4096,transformer.h.2.attn.c_proj.weight,transformer.h.2.attn.c_proj.weight,"[384, 384]",danger_full,0.1663835495710373,0.812442395542158,,,0.5677459836006165,0.9674826264381409,1.0760351419448853,0.8819029331207275,0.5195299386978149,1.1002278327941895,0.5182902812957764,0.9815386533737183,0.8064635396003723,0.62215256690979,1.000000238418579,0.3141569495201111,0.4479526877403259,0.7267878090225632,0.4630085083692893,0.28817325830459595,0.3593860864639282
0,4096,transformer.h.2.attn.c_proj.weight,transformer.h.2.attn.c_proj.weight,"[384, 384]",internal_cross,0.08624518662691116,0.42113085222546115,,,0.5677459836006165,0.9674826264381409,1.0760351419448853,0.6656368970870972,0.8567926287651062,1.0865464210510254,0.5182902812957764,0.9815386533737183,0.5936424732208252,0.9015074372291565,1.0000001192092896,0.09789091348648071,0.11068999767303467,0.22646617445431402,0.11441032081428491,0.07535219192504883,0.08003121614456177
0,4096,transformer.h.2.attn.c_proj.weight,transformer.h.2.attn.c_proj.weight,"[384, 384]",outside_cross,0.14212237298488617,0.693976306345591,,,0.5677459836006165,0.9674826264381409,1.0760351419448853,0.6173429489135742,0.910696804523468,1.0761256217956543,0.5182902812957764,0.9815386533737183,0.5669052600860596,0.9306930303573608,0.9999998807907104,0.049596965312957764,0.05678582191467285,0.11474032266048945,0.05869440996964883,0.0486149787902832,0.05084562301635742
0,4096,transformer.h.2.attn.c_proj.weight,transformer.h.2.attn.c_proj.weight,"[384, 384]",local_cross,0.09415476769208908,0.45975293358443853,,,0.5677459836006165,0.9674826264381409,1.0760351419448853,0.6364619135856628,0.8889461755752563,1.0784010887145996,0.5182902812957764,0.9815386533737183,0.5732035040855408,0.9239012598991394,0.9999994039535522,0.06871592998504639,0.07853645086288452,0.1589711775437985,0.08117608390759666,0.054913222789764404,0.05763739347457886
0,4096,transformer.h.2.attn.c_proj.weight,transformer.h.2.attn.c_proj.weight,"[384, 384]",medium_cross,0.12703852355480194,0.620322638079891,,,0.5677459836006165,0.9674826264381409,1.0760351419448853,0.6030902862548828,0.9280586242675781,1.077443242073059,0.5182902812957764,0.9815386533737183,0.5514428019523621,0.9471612572669983,0.9999992251396179,0.03534430265426636,0.039424002170562744,0.08176743607538811,0.04074905439460462,0.03315252065658569,0.03437739610671997
0,4096,transformer.h.2.attn.c_proj.weight,transformer.h.2.attn.c_proj.weight,"[384, 384]",distant_cross,0.05131356045603752,0.2505615013514378,,,0.5677459836006165,0.9674826264381409,1.0760351419448853,0.5695478916168213,0.9661970138549805,1.077406406402588,0.5182902812957764,0.9815386533737183,0.5198045969009399,0.9799952507019043,0.9999995231628418,0.001801908016204834,0.0012856125831604004,0.0041686322112504115,0.001328822397455837,0.0015143156051635742,0.0015434026718139648
0,4096,transformer.h.2.mlp.w1.weight,transformer.h.2.mlp.w1.weight,"[1024, 384]",danger_diagonal,0.0,0.0,,,0.9128909111022949,0.41954389214515686,1.0097225904464722,0.9128909111022949,0.41954389214515686,1.0097225904464722,0.9071818590164185,0.4308696389198303,0.9071818590164185,0.4308696389198303,0.9999995231628418,0.0,0.0,0.0,0.0,0.0,0.0
0,4096,transformer.h.2.mlp.w1.weight,transformer.h.2.mlp.w1.weight,"[1024, 384]",danger_cross,0.0,0.0,,,0.9128909111022949,0.41954389214515686,1.0097225904464722,0.9128909111022949,0.41954389214515686,1.0097225904464722,0.9071818590164185,0.4308696389198303,0.9071818590164185,0.4308696389198303,0.9999995231628418,0.0,0.0,0.0,0.0,0.0,0.0
0,4096,transformer.h.2.mlp.w1.weight,transformer.h.2.mlp.w1.weight,"[1024, 384]",danger_full,0.0,0.0,,,0.9128909111022949,0.41954389214515686,1.0097225904464722,0.9128909111022949,0.41954389214515686,1.0097225904464722,0.9071818590164185,0.4308696389198303,0.9071818590164185,0.4308696389198303,0.9999995231628418,0.0,0.0,0.0,0.0,0.0,0.0
0,4096,transformer.h.2.mlp.w1.weight,transformer.h.2.mlp.w1.weight,"[1024, 384]",internal_cross,0.0,0.0,,,0.9128909111022949,0.41954389214515686,1.0097225904464722,0.9128909111022949,0.41954389214515686,1.0097225904464722,0.9071818590164185,0.4308696389198303,0.9071818590164185,0.4308696389198303,0.9999995231628418,0.0,0.0,0.0,0.0,0.0,0.0
0,4096,transformer.h.2.mlp.w1.weight,transformer.h.2.mlp.w1.weight,"[1024, 384]",outside_cross,0.0,0.0,,,0.9128909111022949,0.41954389214515686,1.0097225904464722,0.9128909111022949,0.41954389214515686,1.0097225904464722,0.9071818590164185,0.4308696389198303,0.9071818590164185,0.4308696389198303,0.9999995231628418,0.0,0.0,0.0,0.0,0.0,0.0
0,4096,transformer.h.2.mlp.w1.weight,transformer.h.2.mlp.w1.weight,"[1024, 384]",local_cross,0.0,0.0,,,0.9128909111022949,0.41954389214515686,1.0097225904464722,0.9128909111022949,0.41954389214515686,1.0097225904464722,0.9071818590164185,0.4308696389198303,0.9071818590164185,0.4308696389198303,0.9999995231628418,0.0,0.0,0.0,0.0,0.0,0.0
0,4096,transformer.h.2.mlp.w1.weight,transformer.h.2.mlp.w1.weight,"[1024, 384]",medium_cross,0.0,0.0,,,0.9128909111022949,0.41954389214515686,1.0097225904464722,0.9128909111022949,0.41954389214515686,1.0097225904464722,0.9071818590164185,0.4308696389198303,0.9071818590164185,0.4308696389198303,0.9999995231628418,0.0,0.0,0.0,0.0,0.0,0.0
0,4096,transformer.h.2.mlp.w1.weight,transformer.h.2.mlp.w1.weight,"[1024, 384]",distant_cross,0.0,0.0,,,0.9128909111022949,0.41954389214515686,1.0097225904464722,0.9128909111022949,0.41954389214515686,1.0097225904464722,0.9071818590164185,0.4308696389198303,0.9071818590164185,0.4308696389198303,0.9999995231628418,0.0,0.0,0.0,0.0,0.0,0.0
0,4096,transformer.h.2.mlp.w2.weight,transformer.h.2.mlp.w2.weight,"[1024, 384]",danger_diagonal,0.0,0.0,,,0.9109065532684326,0.42429953813552856,1.0097591876983643,0.9109065532684326,0.42429953813552856,1.0097591876983643,0.9051940441131592,0.4354526996612549,0.9051940441131592,0.4354526996612549,1.000001311302185,0.0,0.0,0.0,0.0,0.0,0.0
0,4096,transformer.h.2.mlp.w2.weight,transformer.h.2.mlp.w2.weight,"[1024, 384]",danger_cross,0.0,0.0,,,0.9109065532684326,0.42429953813552856,1.0097591876983643,0.9109065532684326,0.42429953813552856,1.0097591876983643,0.9051940441131592,0.4354526996612549,0.9051940441131592,0.4354526996612549,1.000001311302185,0.0,0.0,0.0,0.0,0.0,0.0
0,4096,transformer.h.2.mlp.w2.weight,transformer.h.2.mlp.w2.weight,"[1024, 384]",danger_full,0.0,0.0,,,0.9109065532684326,0.42429953813552856,1.0097591876983643,0.9109065532684326,0.42429953813552856,1.0097591876983643,0.9051940441131592,0.4354526996612549,0.9051940441131592,0.4354526996612549,1.000001311302185,0.0,0.0,0.0,0.0,0.0,0.0
0,4096,transformer.h.2.mlp.w2.weight,transformer.h.2.mlp.w2.weight,"[1024, 384]",internal_cross,0.0,0.0,,,0.9109065532684326,0.42429953813552856,1.0097591876983643,0.9109065532684326,0.42429953813552856,1.0097591876983643,0.9051940441131592,0.4354526996612549,0.9051940441131592,0.4354526996612549,1.000001311302185,0.0,0.0,0.0,0.0,0.0,0.0
0,4096,transformer.h.2.mlp.w2.weight,transformer.h.2.mlp.w2.weight,"[1024, 384]",outside_cross,0.0,0.0,,,0.9109065532684326,0.42429953813552856,1.0097591876983643,0.9109065532684326,0.42429953813552856,1.0097591876983643,0.9051940441131592,0.4354526996612549,0.9051940441131592,0.4354526996612549,1.000001311302185,0.0,0.0,0.0,0.0,0.0,0.0
0,4096,transformer.h.2.mlp.w2.weight,transformer.h.2.mlp.w2.weight,"[1024, 384]",local_cross,0.0,0.0,,,0.9109065532684326,0.42429953813552856,1.0097591876983643,0.9109065532684326,0.42429953813552856,1.0097591876983643,0.9051940441131592,0.4354526996612549,0.9051940441131592,0.4354526996612549,1.000001311302185,0.0,0.0,0.0,0.0,0.0,0.0
0,4096,transformer.h.2.mlp.w2.weight,transformer.h.2.mlp.w2.weight,"[1024, 384]",medium_cross,0.0,0.0,,,0.9109065532684326,0.42429953813552856,1.0097591876983643,0.9109065532684326,0.42429953813552856,1.0097591876983643,0.9051940441131592,0.4354526996612549,0.9051940441131592,0.4354526996612549,1.000001311302185,0.0,0.0,0.0,0.0,0.0,0.0
0,4096,transformer.h.2.mlp.w2.weight,transformer.h.2.mlp.w2.weight,"[1024, 384]",distant_cross,0.0,0.0,,,0.9109065532684326,0.42429953813552856,1.0097591876983643,0.9109065532684326,0.42429953813552856,1.0097591876983643,0.9051940441131592,0.4354526996612549,0.9051940441131592,0.4354526996612549,1.000001311302185,0.0,0.0,0.0,0.0,0.0,0.0
0,4096,transformer.h.2.mlp.c_proj.weight,transformer.h.2.mlp.c_proj.weight,"[384, 1024]",danger_diagonal,0.0,0.0,,,0.9254660606384277,0.3876149654388428,1.0074374675750732,0.9254660606384277,0.3876149654388428,1.0074374675750732,0.9249463677406311,0.3874514698982239,0.9249463677406311,0.3874514698982239,1.000000238418579,0.0,0.0,0.0,0.0,0.0,0.0
0,4096,transformer.h.2.mlp.c_proj.weight,transformer.h.2.mlp.c_proj.weight,"[384, 1024]",danger_cross,0.0,0.0,,,0.9254660606384277,0.3876149654388428,1.0074374675750732,0.9254660606384277,0.3876149654388428,1.0074374675750732,0.9249463677406311,0.3874514698982239,0.9249463677406311,0.3874514698982239,1.000000238418579,0.0,0.0,0.0,0.0,0.0,0.0
0,4096,transformer.h.2.mlp.c_proj.weight,transformer.h.2.mlp.c_proj.weight,"[384, 1024]",danger_full,0.0,0.0,,,0.9254660606384277,0.3876149654388428,1.0074374675750732,0.9254660606384277,0.3876149654388428,1.0074374675750732,0.9249463677406311,0.3874514698982239,0.9249463677406311,0.3874514698982239,1.000000238418579,0.0,0.0,0.0,0.0,0.0,0.0
0,4096,transformer.h.2.mlp.c_proj.weight,transformer.h.2.mlp.c_proj.weight,"[384, 1024]",internal_cross,0.0,0.0,,,0.9254660606384277,0.3876149654388428,1.0074374675750732,0.9254660606384277,0.3876149654388428,1.0074374675750732,0.9249463677406311,0.3874514698982239,0.9249463677406311,0.3874514698982239,1.000000238418579,0.0,0.0,0.0,0.0,0.0,0.0
0,4096,transformer.h.2.mlp.c_proj.weight,transformer.h.2.mlp.c_proj.weight,"[384, 1024]",outside_cross,0.0,0.0,,,0.9254660606384277,0.3876149654388428,1.0074374675750732,0.9254660606384277,0.3876149654388428,1.0074374675750732,0.9249463677406311,0.3874514698982239,0.9249463677406311,0.3874514698982239,1.000000238418579,0.0,0.0,0.0,0.0,0.0,0.0
0,4096,transformer.h.2.mlp.c_proj.weight,transformer.h.2.mlp.c_proj.weight,"[384, 1024]",local_cross,0.0,0.0,,,0.9254660606384277,0.3876149654388428,1.0074374675750732,0.9254660606384277,0.3876149654388428,1.0074374675750732,0.9249463677406311,0.3874514698982239,0.9249463677406311,0.3874514698982239,1.000000238418579,0.0,0.0,0.0,0.0,0.0,0.0
0,4096,transformer.h.2.mlp.c_proj.weight,transformer.h.2.mlp.c_proj.weight,"[384, 1024]",medium_cross,0.0,0.0,,,0.9254660606384277,0.3876149654388428,1.0074374675750732,0.9254660606384277,0.3876149654388428,1.0074374675750732,0.9249463677406311,0.3874514698982239,0.9249463677406311,0.3874514698982239,1.000000238418579,0.0,0.0,0.0,0.0,0.0,0.0
0,4096,transformer.h.2.mlp.c_proj.weight,transformer.h.2.mlp.c_proj.weight,"[384, 1024]",distant_cross,0.0,0.0,,,0.9254660606384277,0.3876149654388428,1.0074374675750732,0.9254660606384277,0.3876149654388428,1.0074374675750732,0.9249463677406311,0.3874514698982239,0.9249463677406311,0.3874514698982239,1.000000238418579,0.0,0.0,0.0,0.0,0.0,0.0
0,4096,transformer.h.3.attn.c_attn.weight,transformer.h.3.attn.c_attn.weight,"[1152, 384]",danger_diagonal,0.002639640122652054,0.03150836644372514,,,0.5914949774742126,0.9241943359375,1.0431503057479858,0.5983462333679199,0.9163581728935242,1.043008804321289,0.6058040857315063,0.8879175186157227,0.6126692295074463,0.8801521062850952,1.0,0.006851255893707275,0.00783616304397583,0.016771534047111458,0.008478912647767798,0.006865143775939941,0.007765412330627441
0,4096,transformer.h.3.attn.c_attn.weight,transformer.h.3.attn.c_attn.weight,"[1152, 384]",danger_cross,0.06971272081136703,0.8321338709258566,,,0.5914949774742126,0.9241943359375,1.0431503057479858,0.7759900689125061,0.694061815738678,1.06560218334198,0.6058040857315063,0.8879175186157227,0.7760108709335327,0.6693155765533447,1.0000007152557373,0.18449509143829346,0.23013252019882202,0.45163481784767284,0.2490087974466715,0.17020678520202637,0.21860194206237793
0,4096,transformer.h.3.attn.c_attn.weight,transformer.h.3.attn.c_attn.weight,"[1152, 384]",danger_full,0.06976268440485,0.8327302670780431,,,0.5914949774742126,0.9241943359375,1.0431503057479858,0.7815527319908142,0.685032308101654,1.064544916152954,0.6058040857315063,0.8879175186157227,0.7822611927986145,0.6599118113517761,1.0000005960464478,0.19005775451660156,0.23916202783584595,0.4652519407019138,0.25877893700056137,0.17645710706710815,0.22800570726394653
0,4096,transformer.h.3.attn.c_attn.weight,transformer.h.3.attn.c_attn.weight,"[1152, 384]",internal_cross,0.035807088017463684,0.4274154044163553,,,0.5914949774742126,0.9241943359375,1.0431503057479858,0.6849265098571777,0.8223958611488342,1.0663073062896729,0.6058040857315063,0.8879175186157227,0.6842628717422485,0.7946568131446838,1.000001072883606,0.09343153238296509,0.10179847478866577,0.22871574945462786,0.11014834308133008,0.07845878601074219,0.09326070547103882
0,4096,transformer.h.3.attn.c_attn.weight,transformer.h.3.attn.c_attn.weight,"[1152, 384]",outside_cross,0.059814129024744034,0.7139781971227132,,,0.5914949774742126,0.9241943359375,1.0431503057479858,0.6255630850791931,0.8821486830711365,1.037274956703186,0.6058040857315063,0.8879175186157227,0.6453218460083008,0.8422362208366394,1.0000004768371582,0.03406810760498047,0.042045652866363525,0.08339703486223325,0.04549438492685907,0.039517760276794434,0.04568129777908325
0,4096,transformer.h.3.attn.c_attn.weight,transformer.h.3.attn.c_attn.weight,"[1152, 384]",local_cross,0.039961110800504684,0.47700037281429614,,,0.5914949774742126,0.9241943359375,1.0431503057479858,0.6660071015357971,0.8408481478691101,1.054060459136963,0.6058040857315063,0.8879175186157227,0.6707190871238708,0.8115226030349731,0.9999997019767761,0.07451212406158447,0.08334618806838989,0.18240197782851203,0.0901825350226192,0.0649150013923645,0.07639491558074951
0,4096,transformer.h.3.attn.c_attn.weight,transformer.h.3.attn.c_attn.weight,"[1152, 384]",medium_cross,0.052653104066848755,0.6284998030985564,,,0.5914949774742126,0.9241943359375,1.0431503057479858,0.6139821410179138,0.8984358310699463,1.0431153774261475,0.6058040857315063,0.8879175186157227,0.6335219144821167,0.8561316728591919,1.000000238418579,0.022487163543701172,0.02575850486755371,0.05504745915891804,0.027871307868841632,0.02771782875061035,0.03178584575653076
0,4096,transformer.h.3.attn.c_attn.weight,transformer.h.3.attn.c_attn.weight,"[1152, 384]",distant_cross,0.02215033397078514,0.26439999665605496,,,0.5914949774742126,0.9241943359375,1.0431503057479858,0.5917163491249084,0.9239861965179443,1.0432366132736206,0.6058040857315063,0.8879175186157227,0.6058599352836609,0.8878555297851562,0.9999995231628418,0.00022137165069580078,0.00020813941955566406,0.0005419068028271952,0.00022521174547615903,5.5849552154541016e-05,6.198883056640625e-05
0,4096,transformer.h.3.attn.c_proj.weight,transformer.h.3.attn.c_proj.weight,"[384, 384]",danger_diagonal,0.0037643436808139086,0.03177976852687317,,,0.6044660210609436,0.9075617790222168,1.0392613410949707,0.6119368672370911,0.8989053964614868,1.0391302108764648,0.5737007856369019,0.9233636260032654,0.5801053047180176,0.9164005517959595,1.0000007152557373,0.007470846176147461,0.00865638256072998,0.018888000965647918,0.009538064251731865,0.006404519081115723,0.006963074207305908
0,4096,transformer.h.3.attn.c_proj.weight,transformer.h.3.attn.c_proj.weight,"[384, 384]",danger_cross,0.09477238357067108,0.8000981493710898,,,0.6044660210609436,0.9075617790222168,1.0392613410949707,0.9130122661590576,0.4325762689113617,1.0569300651550293,0.5737007856369019,0.9233636260032654,0.8696492314338684,0.5105910897254944,1.0000003576278687,0.308546245098114,0.4749855101108551,0.7800751933518577,0.5233643825576172,0.29594844579696655,0.412772536277771
0,4096,transformer.h.3.attn.c_proj.weight,transformer.h.3.attn.c_proj.weight,"[384, 384]",danger_full,0.09484711289405823,0.8007290377279415,,,0.6044660210609436,0.9075617790222168,1.0392613410949707,0.917998731136322,0.42174768447875977,1.0614919662475586,0.5737007856369019,0.9233636260032654,0.8696491718292236,0.5105910301208496,1.0000004768371582,0.3135327100753784,0.48581409454345703,0.7926821127134752,0.5352958947509451,0.2959483861923218,0.41277259588241577
0,4096,transformer.h.3.attn.c_proj.weight,transformer.h.3.attn.c_proj.weight,"[384, 384]",internal_cross,0.04768483713269234,0.4025703322580136,,,0.6044660210609436,0.9075617790222168,1.0392613410949707,0.7122331857681274,0.7790026664733887,1.0500457286834717,0.5737007856369019,0.9233636260032654,0.6628996133804321,0.8210982084274292,1.0,0.10776716470718384,0.12855911254882812,0.27245994135889023,0.14165329074053154,0.08919882774353027,0.10226541757583618
0,4096,transformer.h.3.attn.c_proj.weight,transformer.h.3.attn.c_proj.weight,"[384, 384]",outside_cross,0.08190218359231949,0.6914438895883733,,,0.6044660210609436,0.9075617790222168,1.0392613410949707,0.6617589592933655,0.8366529941558838,1.0331230163574219,0.5737007856369019,0.9233636260032654,0.6334239840507507,0.8562438488006592,1.000000238418579,0.057292938232421875,0.07090878486633301,0.1448495989803433,0.07813108320044974,0.05972319841384888,0.0671197772026062
0,4096,transformer.h.3.attn.c_proj.weight,transformer.h.3.attn.c_proj.weight,"[384, 384]",local_cross,0.05346422642469406,0.45136174704370935,,,0.6044660210609436,0.9075617790222168,1.0392613410949707,0.693687379360199,0.799629271030426,1.0409716367721558,0.5737007856369019,0.9233636260032654,0.649168848991394,0.8376548290252686,0.9999994039535522,0.08922135829925537,0.10793250799179077,0.2255719180905126,0.11892579710449509,0.07546806335449219,0.08570879697799683
0,4096,transformer.h.3.attn.c_proj.weight,transformer.h.3.attn.c_proj.weight,"[384, 384]",medium_cross,0.07296139746904373,0.6159629724515648,,,0.6044660210609436,0.9075617790222168,1.0392613410949707,0.6505157947540283,0.852980375289917,1.0387738943099976,0.5737007856369019,0.9233636260032654,0.6222624182701111,0.8691815137863159,0.9999997019767761,0.04604977369308472,0.054581403732299805,0.11642431787176503,0.060140703359174486,0.04856163263320923,0.05418211221694946
0,4096,transformer.h.3.attn.c_proj.weight,transformer.h.3.attn.c_proj.weight,"[384, 384]",distant_cross,0.028284616768360138,0.23878759486048026,,,0.6044660210609436,0.9075617790222168,1.0392613410949707,0.606103777885437,0.9059527516365051,1.0398199558258057,0.5737007856369019,0.9233636260032654,0.5751535892486572,0.9217886924743652,1.0,0.0016377568244934082,0.00160902738571167,0.0041406223275339705,0.0017729122390380892,0.001452803611755371,0.0015749335289001465
0,4096,transformer.h.3.mlp.w1.weight,transformer.h.3.mlp.w1.weight,"[1024, 384]",danger_diagonal,0.0,0.0,,,0.9314428567886353,0.3717626929283142,1.0074822902679443,0.9314428567886353,0.3717626929283142,1.0074822902679443,0.9291643500328064,0.3764094412326813,0.9291643500328064,0.3764094412326813,0.9999993443489075,0.0,0.0,0.0,0.0,0.0,0.0
0,4096,transformer.h.3.mlp.w1.weight,transformer.h.3.mlp.w1.weight,"[1024, 384]",danger_cross,0.0,0.0,,,0.9314428567886353,0.3717626929283142,1.0074822902679443,0.9314428567886353,0.3717626929283142,1.0074822902679443,0.9291643500328064,0.3764094412326813,0.9291643500328064,0.3764094412326813,0.9999993443489075,0.0,0.0,0.0,0.0,0.0,0.0
0,4096,transformer.h.3.mlp.w1.weight,transformer.h.3.mlp.w1.weight,"[1024, 384]",danger_full,0.0,0.0,,,0.9314428567886353,0.3717626929283142,1.0074822902679443,0.9314428567886353,0.3717626929283142,1.0074822902679443,0.9291643500328064,0.3764094412326813,0.9291643500328064,0.3764094412326813,0.9999993443489075,0.0,0.0,0.0,0.0,0.0,0.0
0,4096,transformer.h.3.mlp.w1.weight,transformer.h.3.mlp.w1.weight,"[1024, 384]",internal_cross,0.0,0.0,,,0.9314428567886353,0.3717626929283142,1.0074822902679443,0.9314428567886353,0.3717626929283142,1.0074822902679443,0.9291643500328064,0.3764094412326813,0.9291643500328064,0.3764094412326813,0.9999993443489075,0.0,0.0,0.0,0.0,0.0,0.0
0,4096,transformer.h.3.mlp.w1.weight,transformer.h.3.mlp.w1.weight,"[1024, 384]",outside_cross,0.0,0.0,,,0.9314428567886353,0.3717626929283142,1.0074822902679443,0.9314428567886353,0.3717626929283142,1.0074822902679443,0.9291643500328064,0.3764094412326813,0.9291643500328064,0.3764094412326813,0.9999993443489075,0.0,0.0,0.0,0.0,0.0,0.0
0,4096,transformer.h.3.mlp.w1.weight,transformer.h.3.mlp.w1.weight,"[1024, 384]",local_cross,0.0,0.0,,,0.9314428567886353,0.3717626929283142,1.0074822902679443,0.9314428567886353,0.3717626929283142,1.0074822902679443,0.9291643500328064,0.3764094412326813,0.9291643500328064,0.3764094412326813,0.9999993443489075,0.0,0.0,0.0,0.0,0.0,0.0
0,4096,transformer.h.3.mlp.w1.weight,transformer.h.3.mlp.w1.weight,"[1024, 384]",medium_cross,0.0,0.0,,,0.9314428567886353,0.3717626929283142,1.0074822902679443,0.9314428567886353,0.3717626929283142,1.0074822902679443,0.9291643500328064,0.3764094412326813,0.9291643500328064,0.3764094412326813,0.9999993443489075,0.0,0.0,0.0,0.0,0.0,0.0
0,4096,transformer.h.3.mlp.w1.weight,transformer.h.3.mlp.w1.weight,"[1024, 384]",distant_cross,0.0,0.0,,,0.9314428567886353,0.3717626929283142,1.0074822902679443,0.9314428567886353,0.3717626929283142,1.0074822902679443,0.9291643500328064,0.3764094412326813,0.9291643500328064,0.3764094412326813,0.9999993443489075,0.0,0.0,0.0,0.0,0.0,0.0
0,4096,transformer.h.3.mlp.w2.weight,transformer.h.3.mlp.w2.weight,"[1024, 384]",danger_diagonal,0.0,0.0,,,0.9278109669685364,0.38184061646461487,1.009198546409607,0.9278109669685364,0.38184061646461487,1.009198546409607,0.924959123134613,0.3874180018901825,0.924959123134613,0.3874180018901825,0.9999995827674866,0.0,0.0,0.0,0.0,0.0,0.0
0,4096,transformer.h.3.mlp.w2.weight,transformer.h.3.mlp.w2.weight,"[1024, 384]",danger_cross,0.0,0.0,,,0.9278109669685364,0.38184061646461487,1.009198546409607,0.9278109669685364,0.38184061646461487,1.009198546409607,0.924959123134613,0.3874180018901825,0.924959123134613,0.3874180018901825,0.9999995827674866,0.0,0.0,0.0,0.0,0.0,0.0
0,4096,transformer.h.3.mlp.w2.weight,transformer.h.3.mlp.w2.weight,"[1024, 384]",danger_full,0.0,0.0,,,0.9278109669685364,0.38184061646461487,1.009198546409607,0.9278109669685364,0.38184061646461487,1.009198546409607,0.924959123134613,0.3874180018901825,0.924959123134613,0.3874180018901825,0.9999995827674866,0.0,0.0,0.0,0.0,0.0,0.0
0,4096,transformer.h.3.mlp.w2.weight,transformer.h.3.mlp.w2.weight,"[1024, 384]",internal_cross,0.0,0.0,,,0.9278109669685364,0.38184061646461487,1.009198546409607,0.9278109669685364,0.38184061646461487,1.009198546409607,0.924959123134613,0.3874180018901825,0.924959123134613,0.3874180018901825,0.9999995827674866,0.0,0.0,0.0,0.0,0.0,0.0
0,4096,transformer.h.3.mlp.w2.weight,transformer.h.3.mlp.w2.weight,"[1024, 384]",outside_cross,0.0,0.0,,,0.9278109669685364,0.38184061646461487,1.009198546409607,0.9278109669685364,0.38184061646461487,1.009198546409607,0.924959123134613,0.3874180018901825,0.924959123134613,0.3874180018901825,0.9999995827674866,0.0,0.0,0.0,0.0,0.0,0.0
0,4096,transformer.h.3.mlp.w2.weight,transformer.h.3.mlp.w2.weight,"[1024, 384]",local_cross,0.0,0.0,,,0.9278109669685364,0.38184061646461487,1.009198546409607,0.9278109669685364,0.38184061646461487,1.009198546409607,0.924959123134613,0.3874180018901825,0.924959123134613,0.3874180018901825,0.9999995827674866,0.0,0.0,0.0,0.0,0.0,0.0
0,4096,transformer.h.3.mlp.w2.weight,transformer.h.3.mlp.w2.weight,"[1024, 384]",medium_cross,0.0,0.0,,,0.9278109669685364,0.38184061646461487,1.009198546409607,0.9278109669685364,0.38184061646461487,1.009198546409607,0.924959123134613,0.3874180018901825,0.924959123134613,0.3874180018901825,0.9999995827674866,0.0,0.0,0.0,0.0,0.0,0.0
0,4096,transformer.h.3.mlp.w2.weight,transformer.h.3.mlp.w2.weight,"[1024, 384]",distant_cross,0.0,0.0,,,0.9278109669685364,0.38184061646461487,1.009198546409607,0.9278109669685364,0.38184061646461487,1.009198546409607,0.924959123134613,0.3874180018901825,0.924959123134613,0.3874180018901825,0.9999995827674866,0.0,0.0,0.0,0.0,0.0,0.0
0,4096,transformer.h.3.mlp.c_proj.weight,transformer.h.3.mlp.c_proj.weight,"[384, 1024]",danger_diagonal,0.0,0.0,,,0.9356788396835327,0.35949501395225525,1.0043736696243286,0.9356788396835327,0.35949501395225525,1.0043736696243286,0.936777651309967,0.35560399293899536,0.936777651309967,0.35560399293899536,0.9999990463256836,0.0,0.0,0.0,0.0,0.0,0.0
0,4096,transformer.h.3.mlp.c_proj.weight,transformer.h.3.mlp.c_proj.weight,"[384, 1024]",danger_cross,0.0,0.0,,,0.9356788396835327,0.35949501395225525,1.0043736696243286,0.9356788396835327,0.35949501395225525,1.0043736696243286,0.936777651309967,0.35560399293899536,0.936777651309967,0.35560399293899536,0.9999990463256836,0.0,0.0,0.0,0.0,0.0,0.0
0,4096,transformer.h.3.mlp.c_proj.weight,transformer.h.3.mlp.c_proj.weight,"[384, 1024]",danger_full,0.0,0.0,,,0.9356788396835327,0.35949501395225525,1.0043736696243286,0.9356788396835327,0.35949501395225525,1.0043736696243286,0.936777651309967,0.35560399293899536,0.936777651309967,0.35560399293899536,0.9999990463256836,0.0,0.0,0.0,0.0,0.0,0.0
0,4096,transformer.h.3.mlp.c_proj.weight,transformer.h.3.mlp.c_proj.weight,"[384, 1024]",internal_cross,0.0,0.0,,,0.9356788396835327,0.35949501395225525,1.0043736696243286,0.9356788396835327,0.35949501395225525,1.0043736696243286,0.936777651309967,0.35560399293899536,0.936777651309967,0.35560399293899536,0.9999990463256836,0.0,0.0,0.0,0.0,0.0,0.0
0,4096,transformer.h.3.mlp.c_proj.weight,transformer.h.3.mlp.c_proj.weight,"[384, 1024]",outside_cross,0.0,0.0,,,0.9356788396835327,0.35949501395225525,1.0043736696243286,0.9356788396835327,0.35949501395225525,1.0043736696243286,0.936777651309967,0.35560399293899536,0.936777651309967,0.35560399293899536,0.9999990463256836,0.0,0.0,0.0,0.0,0.0,0.0
0,4096,transformer.h.3.mlp.c_proj.weight,transformer.h.3.mlp.c_proj.weight,"[384, 1024]",local_cross,0.0,0.0,,,0.9356788396835327,0.35949501395225525,1.0043736696243286,0.9356788396835327,0.35949501395225525,1.0043736696243286,0.936777651309967,0.35560399293899536,0.936777651309967,0.35560399293899536,0.9999990463256836,0.0,0.0,0.0,0.0,0.0,0.0
0,4096,transformer.h.3.mlp.c_proj.weight,transformer.h.3.mlp.c_proj.weight,"[384, 1024]",medium_cross,0.0,0.0,,,0.9356788396835327,0.35949501395225525,1.0043736696243286,0.9356788396835327,0.35949501395225525,1.0043736696243286,0.936777651309967,0.35560399293899536,0.936777651309967,0.35560399293899536,0.9999990463256836,0.0,0.0,0.0,0.0,0.0,0.0
0,4096,transformer.h.3.mlp.c_proj.weight,transformer.h.3.mlp.c_proj.weight,"[384, 1024]",distant_cross,0.0,0.0,,,0.9356788396835327,0.35949501395225525,1.0043736696243286,0.9356788396835327,0.35949501395225525,1.0043736696243286,0.936777651309967,0.35560399293899536,0.936777651309967,0.35560399293899536,0.9999990463256836,0.0,0.0,0.0,0.0,0.0,0.0
0,4096,transformer.h.4.attn.c_attn.weight,transformer.h.4.attn.c_attn.weight,"[1152, 384]",danger_diagonal,0.0009651034488342702,0.029490371003637748,,,0.5995554327964783,0.9065726399421692,1.025390863418579,0.6001363396644592,0.9058943390846252,1.0253478288650513,0.6121015548706055,0.8807936906814575,0.6121188998222351,0.8807744979858398,0.999998927116394,0.000580906867980957,0.0006783008575439453,0.0014506548859875461,0.0007482035389764404,1.7344951629638672e-05,1.919269561767578e-05
0,4096,transformer.h.4.attn.c_attn.weight,transformer.h.4.attn.c_attn.weight,"[1152, 384]",danger_cross,0.025519652292132378,0.77979621240381,,,0.5995554327964783,0.9065726399421692,1.025390863418579,0.7558451294898987,0.723122775554657,1.0627678632736206,0.6121015548706055,0.8807936906814575,0.7552280426025391,0.6996760368347168,0.9999986290931702,0.1562896966934204,0.1834498643875122,0.3902904658811061,0.20235539470859676,0.1431264877319336,0.18111765384674072
0,4096,transformer.h.4.attn.c_attn.weight,transformer.h.4.attn.c_attn.weight,"[1152, 384]",danger_full,0.025537895038723946,0.7803536504336508,,,0.5995554327964783,0.9065726399421692,1.025390863418579,0.7578580975532532,0.7199712991714478,1.0623277425765991,0.6121015548706055,0.8807936906814575,0.7564120888710022,0.6979807615280151,0.9999987483024597,0.1583026647567749,0.18660134077072144,0.39531729912649616,0.20583164828647912,0.14431053400039673,0.18281292915344238
0,4096,transformer.h.4.attn.c_attn.weight,transformer.h.4.attn.c_attn.weight,"[1152, 384]",internal_cross,0.012106304988265038,0.3699286599984314,,,0.5995554327964783,0.9065726399421692,1.025390863418579,0.6423332691192627,0.8677202463150024,1.0491806268692017,0.6121015548706055,0.8807936906814575,0.6499488949775696,0.8367214202880859,0.9999982714653015,0.042777836322784424,0.03885239362716675,0.10682586261943976,0.042856349194086825,0.03784734010696411,0.04407227039337158
0,4096,transformer.h.4.attn.c_attn.weight,transformer.h.4.attn.c_attn.weight,"[1152, 384]",outside_cross,0.02246531844139099,0.6864658667956466,,,0.5995554327964783,0.9065726399421692,1.025390863418579,0.6473879814147949,0.8511664867401123,1.026321530342102,0.6121015548706055,0.8807936906814575,0.6622503995895386,0.8218880295753479,0.9999993443489075,0.04783254861831665,0.055406153202056885,0.11944861420483766,0.06111606589582416,0.050148844718933105,0.05890566110610962
0,4096,transformer.h.4.attn.c_attn.weight,transformer.h.4.attn.c_attn.weight,"[1152, 384]",local_cross,0.014371011406183243,0.43913060157205036,,,0.5995554327964783,0.9065726399421692,1.025390863418579,0.6591632962226868,0.8476712703704834,1.050363302230835,0.6121015548706055,0.8807936906814575,0.6632550954818726,0.8206645846366882,0.9999986290931702,0.059607863426208496,0.05890136957168579,0.1488542193054986,0.06497148378032139,0.05115354061126709,0.06012910604476929
0,4096,transformer.h.4.attn.c_attn.weight,transformer.h.4.attn.c_attn.weight,"[1152, 384]",medium_cross,0.01898597553372383,0.5801486493824072,,,0.5995554327964783,0.9065726399421692,1.025390863418579,0.6236086487770081,0.8809727430343628,1.0298064947128296,0.6121015548706055,0.8807936906814575,0.6419699788093567,0.8462039828300476,0.999998927116394,0.024053215980529785,0.025599896907806396,0.06006628120467169,0.028238108872819533,0.02986842393875122,0.03458970785140991
0,4096,transformer.h.4.attn.c_attn.weight,transformer.h.4.attn.c_attn.weight,"[1152, 384]",distant_cross,0.00917934812605381,0.2804905340830042,,,0.5995554327964783,0.9065726399421692,1.025390863418579,0.6001247763633728,0.9059275388717651,1.0253902673721313,0.6121015548706055,0.8807936906814575,0.612538754940033,0.8802977800369263,0.9999990463256836,0.0005693435668945312,0.0006451010704040527,0.001421778726754878,0.0007115823288525497,0.00043720006942749023,0.00049591064453125
0,4096,transformer.h.4.attn.c_proj.weight,transformer.h.4.attn.c_proj.weight,"[384, 384]",danger_diagonal,0.0015108726220205426,0.0294874655919279,,,0.6436361074447632,0.8621406555175781,1.040563941001892,0.6475430727005005,0.8573448657989502,1.040417194366455,0.6158146262168884,0.8765693306922913,0.6203452348709106,0.8713852167129517,0.9999998807907104,0.003906965255737305,0.00479578971862793,0.010963415029853847,0.005562653481117674,0.004530608654022217,0.0051841139793396
0,4096,transformer.h.4.attn.c_proj.weight,transformer.h.4.attn.c_proj.weight,"[384, 384]",danger_cross,0.037133749574422836,0.7247336055442619,,,0.6436361074447632,0.8621406555175781,1.040563941001892,0.9123762845993042,0.4278963804244995,1.0369746685028076,0.6158146262168884,0.8765693306922913,0.8755993247032166,0.49880245327949524,1.0000005960464478,0.268740177154541,0.4342442750930786,0.7541173019174101,0.5036814727550275,0.2597846984863281,0.377766877412796
0,4096,transformer.h.4.attn.c_proj.weight,transformer.h.4.attn.c_proj.weight,"[384, 384]",danger_full,0.03716447204351425,0.7253332111874038,,,0.6436361074447632,0.8621406555175781,1.040563941001892,0.9180280566215515,0.4158953130245209,1.0434997081756592,0.6158146262168884,0.8765693306922913,0.8808072805404663,0.4882487952709198,1.0000009536743164,0.27439194917678833,0.44624534249305725,0.7699768548640411,0.5176015533395278,0.2649926543235779,0.38832053542137146
0,4096,transformer.h.4.attn.c_proj.weight,transformer.h.4.attn.c_proj.weight,"[384, 384]",internal_cross,0.015925344079732895,0.31081245946645497,,,0.6436361074447632,0.8621406555175781,1.040563941001892,0.7125266194343567,0.7748309373855591,1.0412416458129883,0.6158146262168884,0.8765693306922913,0.6694267392158508,0.8125826120376587,0.9986971020698547,0.0688905119895935,0.08730971813201904,0.19331507324052308,0.10127085130859936,0.0536121129989624,0.06398671865463257
0,4096,transformer.h.4.attn.c_proj.weight,transformer.h.4.attn.c_proj.weight,"[384, 384]",outside_cross,0.03354549780488014,0.6547022547556935,,,0.6436361074447632,0.8621406555175781,1.040563941001892,0.7134876251220703,0.7707944512367249,1.0347137451171875,0.6158146262168884,0.8765693306922913,0.6796948909759521,0.8003838658332825,0.9999995827674866,0.06985151767730713,0.09134620428085327,0.1960117709357439,0.1059527858896927,0.06388026475906372,0.07618546485900879
0,4096,transformer.h.4.attn.c_proj.weight,transformer.h.4.attn.c_proj.weight,"[384, 384]",local_cross,0.018583843484520912,0.36269797819404337,,,0.6436361074447632,0.8621406555175781,1.040563941001892,0.7176600098609924,0.7688466310501099,1.0434800386428833,0.6158146262168884,0.8765693306922913,0.670824408531189,0.8113901615142822,1.0000004768371582,0.07402390241622925,0.09329402446746826,0.20771998500031946,0.10821206942324285,0.05500978231430054,0.06517916917800903
0,4096,transformer.h.4.attn.c_proj.weight,transformer.h.4.attn.c_proj.weight,"[384, 384]",medium_cross,0.028674591332674026,0.5596375319542476,,,0.6436361074447632,0.8621406555175781,1.040563941001892,0.6939008235931396,0.7996248602867126,1.0416007041931152,0.6158146262168884,0.8765693306922913,0.6626812815666199,0.8213649392127991,0.9999998807907104,0.050264716148376465,0.06251579523086548,0.1410488469748247,0.07251229231654167,0.046866655349731445,0.05520439147949219
0,4096,transformer.h.4.attn.c_proj.weight,transformer.h.4.attn.c_proj.weight,"[384, 384]",distant_cross,0.014537055045366287,0.2837174386580234,,,0.6436361074447632,0.8621406555175781,1.040563941001892,0.6468686461448669,0.8581116199493408,1.0403048992156982,0.6158146262168884,0.8765693306922913,0.6190859079360962,0.8728297352790833,0.9999997019767761,0.0032325387001037598,0.004029035568237305,0.009070892892446203,0.0046732926262693306,0.0032712817192077637,0.003739595413208008
0,4096,transformer.h.4.mlp.w1.weight,transformer.h.4.mlp.w1.weight,"[1024, 384]",danger_diagonal,0.0,0.0,,,0.9289475083351135,0.37872931361198425,1.00875985622406,0.9289475083351135,0.37872931361198425,1.00875985622406,0.9276277422904968,0.38047152757644653,0.9276277422904968,0.38047152757644653,1.0,0.0,0.0,0.0,0.0,0.0,0.0
0,4096,transformer.h.4.mlp.w1.weight,transformer.h.4.mlp.w1.weight,"[1024, 384]",danger_cross,0.0,0.0,,,0.9289475083351135,0.37872931361198425,1.00875985622406,0.9289475083351135,0.37872931361198425,1.00875985622406,0.9276277422904968,0.38047152757644653,0.9276277422904968,0.38047152757644653,1.0,0.0,0.0,0.0,0.0,0.0,0.0
0,4096,transformer.h.4.mlp.w1.weight,transformer.h.4.mlp.w1.weight,"[1024, 384]",danger_full,0.0,0.0,,,0.9289475083351135,0.37872931361198425,1.00875985622406,0.9289475083351135,0.37872931361198425,1.00875985622406,0.9276277422904968,0.38047152757644653,0.9276277422904968,0.38047152757644653,1.0,0.0,0.0,0.0,0.0,0.0,0.0
0,4096,transformer.h.4.mlp.w1.weight,transformer.h.4.mlp.w1.weight,"[1024, 384]",internal_cross,0.0,0.0,,,0.9289475083351135,0.37872931361198425,1.00875985622406,0.9289475083351135,0.37872931361198425,1.00875985622406,0.9276277422904968,0.38047152757644653,0.9276277422904968,0.38047152757644653,1.0,0.0,0.0,0.0,0.0,0.0,0.0
0,4096,transformer.h.4.mlp.w1.weight,transformer.h.4.mlp.w1.weight,"[1024, 384]",outside_cross,0.0,0.0,,,0.9289475083351135,0.37872931361198425,1.00875985622406,0.9289475083351135,0.37872931361198425,1.00875985622406,0.9276277422904968,0.38047152757644653,0.9276277422904968,0.38047152757644653,1.0,0.0,0.0,0.0,0.0,0.0,0.0
0,4096,transformer.h.4.mlp.w1.weight,transformer.h.4.mlp.w1.weight,"[1024, 384]",local_cross,0.0,0.0,,,0.9289475083351135,0.37872931361198425,1.00875985622406,0.9289475083351135,0.37872931361198425,1.00875985622406,0.9276277422904968,0.38047152757644653,0.9276277422904968,0.38047152757644653,1.0,0.0,0.0,0.0,0.0,0.0,0.0
0,4096,transformer.h.4.mlp.w1.weight,transformer.h.4.mlp.w1.weight,"[1024, 384]",medium_cross,0.0,0.0,,,0.9289475083351135,0.37872931361198425,1.00875985622406,0.9289475083351135,0.37872931361198425,1.00875985622406,0.9276277422904968,0.38047152757644653,0.9276277422904968,0.38047152757644653,1.0,0.0,0.0,0.0,0.0,0.0,0.0
0,4096,transformer.h.4.mlp.w1.weight,transformer.h.4.mlp.w1.weight,"[1024, 384]",distant_cross,0.0,0.0,,,0.9289475083351135,0.37872931361198425,1.00875985622406,0.9289475083351135,0.37872931361198425,1.00875985622406,0.9276277422904968,0.38047152757644653,0.9276277422904968,0.38047152757644653,1.0,0.0,0.0,0.0,0.0,0.0,0.0
0,4096,transformer.h.4.mlp.w2.weight,transformer.h.4.mlp.w2.weight,"[1024, 384]",danger_diagonal,0.0,0.0,,,0.9283414483070374,0.38035300374031067,1.0088077783584595,0.9283414483070374,0.38035300374031067,1.0088077783584595,0.9264642596244812,0.38351452350616455,0.9264642596244812,0.38351452350616455,1.000000238418579,0.0,0.0,0.0,0.0,0.0,0.0
0,4096,transformer.h.4.mlp.w2.weight,transformer.h.4.mlp.w2.weight,"[1024, 384]",danger_cross,0.0,0.0,,,0.9283414483070374,0.38035300374031067,1.0088077783584595,0.9283414483070374,0.38035300374031067,1.0088077783584595,0.9264642596244812,0.38351452350616455,0.9264642596244812,0.38351452350616455,1.000000238418579,0.0,0.0,0.0,0.0,0.0,0.0
0,4096,transformer.h.4.mlp.w2.weight,transformer.h.4.mlp.w2.weight,"[1024, 384]",danger_full,0.0,0.0,,,0.9283414483070374,0.38035300374031067,1.0088077783584595,0.9283414483070374,0.38035300374031067,1.0088077783584595,0.9264642596244812,0.38351452350616455,0.9264642596244812,0.38351452350616455,1.000000238418579,0.0,0.0,0.0,0.0,0.0,0.0
0,4096,transformer.h.4.mlp.w2.weight,transformer.h.4.mlp.w2.weight,"[1024, 384]",internal_cross,0.0,0.0,,,0.9283414483070374,0.38035300374031067,1.0088077783584595,0.9283414483070374,0.38035300374031067,1.0088077783584595,0.9264642596244812,0.38351452350616455,0.9264642596244812,0.38351452350616455,1.000000238418579,0.0,0.0,0.0,0.0,0.0,0.0
0,4096,transformer.h.4.mlp.w2.weight,transformer.h.4.mlp.w2.weight,"[1024, 384]",outside_cross,0.0,0.0,,,0.9283414483070374,0.38035300374031067,1.0088077783584595,0.9283414483070374,0.38035300374031067,1.0088077783584595,0.9264642596244812,0.38351452350616455,0.9264642596244812,0.38351452350616455,1.000000238418579,0.0,0.0,0.0,0.0,0.0,0.0
0,4096,transformer.h.4.mlp.w2.weight,transformer.h.4.mlp.w2.weight,"[1024, 384]",local_cross,0.0,0.0,,,0.9283414483070374,0.38035300374031067,1.0088077783584595,0.9283414483070374,0.38035300374031067,1.0088077783584595,0.9264642596244812,0.38351452350616455,0.9264642596244812,0.38351452350616455,1.000000238418579,0.0,0.0,0.0,0.0,0.0,0.0
0,4096,transformer.h.4.mlp.w2.weight,transformer.h.4.mlp.w2.weight,"[1024, 384]",medium_cross,0.0,0.0,,,0.9283414483070374,0.38035300374031067,1.0088077783584595,0.9283414483070374,0.38035300374031067,1.0088077783584595,0.9264642596244812,0.38351452350616455,0.9264642596244812,0.38351452350616455,1.000000238418579,0.0,0.0,0.0,0.0,0.0,0.0
0,4096,transformer.h.4.mlp.w2.weight,transformer.h.4.mlp.w2.weight,"[1024, 384]",distant_cross,0.0,0.0,,,0.9283414483070374,0.38035300374031067,1.0088077783584595,0.9283414483070374,0.38035300374031067,1.0088077783584595,0.9264642596244812,0.38351452350616455,0.9264642596244812,0.38351452350616455,1.000000238418579,0.0,0.0,0.0,0.0,0.0,0.0
0,4096,transformer.h.4.mlp.c_proj.weight,transformer.h.4.mlp.c_proj.weight,"[384, 1024]",danger_diagonal,0.0,0.0,,,0.9213740229606628,0.39828401803970337,1.008257508277893,0.9213740229606628,0.39828401803970337,1.008257508277893,0.920584499835968,0.3985517919063568,0.920584499835968,0.3985517919063568,1.0000020265579224,0.0,0.0,0.0,0.0,0.0,0.0
0,4096,transformer.h.4.mlp.c_proj.weight,transformer.h.4.mlp.c_proj.weight,"[384, 1024]",danger_cross,0.0,0.0,,,0.9213740229606628,0.39828401803970337,1.008257508277893,0.9213740229606628,0.39828401803970337,1.008257508277893,0.920584499835968,0.3985517919063568,0.920584499835968,0.3985517919063568,1.0000020265579224,0.0,0.0,0.0,0.0,0.0,0.0
0,4096,transformer.h.4.mlp.c_proj.weight,transformer.h.4.mlp.c_proj.weight,"[384, 1024]",danger_full,0.0,0.0,,,0.9213740229606628,0.39828401803970337,1.008257508277893,0.9213740229606628,0.39828401803970337,1.008257508277893,0.920584499835968,0.3985517919063568,0.920584499835968,0.3985517919063568,1.0000020265579224,0.0,0.0,0.0,0.0,0.0,0.0
0,4096,transformer.h.4.mlp.c_proj.weight,transformer.h.4.mlp.c_proj.weight,"[384, 1024]",internal_cross,0.0,0.0,,,0.9213740229606628,0.39828401803970337,1.008257508277893,0.9213740229606628,0.39828401803970337,1.008257508277893,0.920584499835968,0.3985517919063568,0.920584499835968,0.3985517919063568,1.0000020265579224,0.0,0.0,0.0,0.0,0.0,0.0
0,4096,transformer.h.4.mlp.c_proj.weight,transformer.h.4.mlp.c_proj.weight,"[384, 1024]",outside_cross,0.0,0.0,,,0.9213740229606628,0.39828401803970337,1.008257508277893,0.9213740229606628,0.39828401803970337,1.008257508277893,0.920584499835968,0.3985517919063568,0.920584499835968,0.3985517919063568,1.0000020265579224,0.0,0.0,0.0,0.0,0.0,0.0
0,4096,transformer.h.4.mlp.c_proj.weight,transformer.h.4.mlp.c_proj.weight,"[384, 1024]",local_cross,0.0,0.0,,,0.9213740229606628,0.39828401803970337,1.008257508277893,0.9213740229606628,0.39828401803970337,1.008257508277893,0.920584499835968,0.3985517919063568,0.920584499835968,0.3985517919063568,1.0000020265579224,0.0,0.0,0.0,0.0,0.0,0.0
0,4096,transformer.h.4.mlp.c_proj.weight,transformer.h.4.mlp.c_proj.weight,"[384, 1024]",medium_cross,0.0,0.0,,,0.9213740229606628,0.39828401803970337,1.008257508277893,0.9213740229606628,0.39828401803970337,1.008257508277893,0.920584499835968,0.3985517919063568,0.920584499835968,0.3985517919063568,1.0000020265579224,0.0,0.0,0.0,0.0,0.0,0.0
0,4096,transformer.h.4.mlp.c_proj.weight,transformer.h.4.mlp.c_proj.weight,"[384, 1024]",distant_cross,0.0,0.0,,,0.9213740229606628,0.39828401803970337,1.008257508277893,0.9213740229606628,0.39828401803970337,1.008257508277893,0.920584499835968,0.3985517919063568,0.920584499835968,0.3985517919063568,1.0000020265579224,0.0,0.0,0.0,0.0,0.0,0.0
0,4096,transformer.h.5.attn.c_attn.weight,transformer.h.5.attn.c_attn.weight,"[1152, 384]",danger_diagonal,0.0008768924162723124,0.028877945681778896,,,0.5533828735351562,0.9783999919891357,1.0667026042938232,0.5559900403022766,0.9761476516723633,1.067834496498108,0.5393701195716858,0.9598249197006226,0.5430203676223755,0.9560140371322632,1.000001311302185,0.0026071667671203613,0.002252340316772461,0.005837587975537676,0.0023020649378720265,0.0036502480506896973,0.003810882568359375
0,4096,transformer.h.5.attn.c_attn.weight,transformer.h.5.attn.c_attn.weight,"[1152, 384]",danger_cross,0.023719344288110733,0.7811288172285472,,,0.5533828735351562,0.9783999919891357,1.0667026042938232,0.7335291504859924,0.7714671492576599,1.0985286235809326,0.5393701195716858,0.9598249197006226,0.7120679616928101,0.7588600516319275,1.0000004768371582,0.18014627695083618,0.20693284273147583,0.40335729705837137,0.21150127189879783,0.17269784212112427,0.20096486806869507
0,4096,transformer.h.5.attn.c_attn.weight,transformer.h.5.attn.c_attn.weight,"[1152, 384]",danger_full,0.023735545575618744,0.7816623603313831,,,0.5533828735351562,0.9783999919891357,1.0667026042938232,0.7410697340965271,0.7624434232711792,1.1023225784301758,0.5393701195716858,0.9598249197006226,0.7220485210418701,0.7455921769142151,1.000000238418579,0.18768686056137085,0.21595656871795654,0.42024107325885307,0.22072421349769855,0.18267840147018433,0.21423274278640747
0,4096,transformer.h.5.attn.c_attn.weight,transformer.h.5.attn.c_attn.weight,"[1152, 384]",internal_cross,0.011335172690451145,0.3732915180632373,,,0.5533828735351562,0.9783999919891357,1.0667026042938232,0.5763709545135498,0.9692028760910034,1.0974818468093872,0.5393701195716858,0.9598249197006226,0.5644420981407166,0.9333381652832031,1.0000004768371582,0.022988080978393555,0.009197115898132324,0.05147156169391346,0.009400159416839457,0.02507197856903076,0.026486754417419434
0,4096,transformer.h.5.attn.c_attn.weight,transformer.h.5.attn.c_attn.weight,"[1152, 384]",outside_cross,0.02083558961749077,0.686160598559544,,,0.5533828735351562,0.9783999919891357,1.0667026042938232,0.6119236946105957,0.9178221225738525,1.0775917768478394,0.5393701195716858,0.9598249197006226,0.5971910953521729,0.8975644707679749,1.0000005960464478,0.05854082107543945,0.0605778694152832,0.13107607748680367,0.06191523907530435,0.05782097578048706,0.062260448932647705
0,4096,transformer.h.5.attn.c_attn.weight,transformer.h.5.attn.c_attn.weight,"[1152, 384]",local_cross,0.012246544472873211,0.40330494313146986,,,0.5533828735351562,0.9783999919891357,1.0667026042938232,0.5791076421737671,0.9682367444038391,1.1014546155929565,0.5393701195716858,0.9598249197006226,0.5641619563102722,0.9336376786231995,1.0000009536743164,0.02572476863861084,0.01016324758529663,0.05759915398281488,0.010387620266261699,0.024791836738586426,0.026187241077423096
0,4096,transformer.h.5.attn.c_attn.weight,transformer.h.5.attn.c_attn.weight,"[1152, 384]",medium_cross,0.017558300867676735,0.5782324596631477,,,0.5533828735351562,0.9783999919891357,1.0667026042938232,0.5834470987319946,0.9554267525672913,1.0866855382919312,0.5393701195716858,0.9598249197006226,0.5749406814575195,0.9220201373100281,1.0000007152557373,0.03006422519683838,0.022973239421844482,0.06731543287381062,0.02348041660869063,0.03557056188583374,0.03780478239059448
0,4096,transformer.h.5.attn.c_attn.weight,transformer.h.5.attn.c_attn.weight,"[1152, 384]",distant_cross,0.010214520618319511,0.33638604475014566,,,0.5533828735351562,0.9783999919891357,1.0667026042938232,0.554524838924408,0.9777445197105408,1.06782865524292,0.5393701195716858,0.9598249197006226,0.5406623482704163,0.9584773778915405,1.0000007152557373,0.001141965389251709,0.0006554722785949707,0.002556922521737645,0.0006699430539266083,0.0012922286987304688,0.0013475418090820312
0,4096,transformer.h.5.attn.c_proj.weight,transformer.h.5.attn.c_proj.weight,"[384, 384]",danger_diagonal,0.001315563335083425,0.02726438621944419,,,0.620252251625061,0.9001851081848145,1.0618922710418701,0.6223282814025879,0.8978483080863953,1.0621274709701538,0.5820097923278809,0.9143219590187073,0.5841115713119507,0.912020742893219,1.0000005960464478,0.0020760297775268555,0.0023368000984191895,0.005466865271514697,0.0025959106379034075,0.0021017789840698242,0.0023012161254882812
0,4096,transformer.h.5.attn.c_proj.weight,transformer.h.5.attn.c_proj.weight,"[384, 384]",danger_cross,0.03515491262078285,0.7285678231090682,,,0.620252251625061,0.9001851081848145,1.0618922710418701,0.8924452662467957,0.48038631677627563,1.0574463605880737,0.5820097923278809,0.9143219590187073,0.8509283661842346,0.5460284948348999,1.0000004768371582,0.2721930146217346,0.4197987914085388,0.7167732153423815,0.4663471852528704,0.26891857385635376,0.3682934641838074
0,4096,transformer.h.5.attn.c_proj.weight,transformer.h.5.attn.c_proj.weight,"[384, 384]",danger_full,0.03517952188849449,0.7290778377633039,,,0.620252251625061,0.9001851081848145,1.0618922710418701,0.8967403769493103,0.47101548314094543,1.0579768419265747,0.5820097923278809,0.9143219590187073,0.856136679649353,0.5364051461219788,1.0000005960464478,0.27648812532424927,0.429169625043869,0.7280836463347831,0.47675708156211516,0.27412688732147217,0.3779168128967285
0,4096,transformer.h.5.attn.c_proj.weight,transformer.h.5.attn.c_proj.weight,"[384, 384]",internal_cross,0.015116579830646515,0.3132834883952365,,,0.620252251625061,0.9001851081848145,1.0618922710418701,0.680891752243042,0.8262497186660767,1.0633835792541504,0.5820097923278809,0.9143219590187073,0.6314208507537842,0.85858154296875,1.0000003576278687,0.06063950061798096,0.07393538951873779,0.15968363440593555,0.08213353992027862,0.04941105842590332,0.055740416049957275
0,4096,transformer.h.5.attn.c_proj.weight,transformer.h.5.attn.c_proj.weight,"[384, 384]",outside_cross,0.031738899648189545,0.6577726781459339,,,0.620252251625061,0.9001851081848145,1.0618922710418701,0.6894189119338989,0.8132791519165039,1.0591744184494019,0.5820097923278809,0.9143219590187073,0.6489077210426331,0.8379665613174438,1.0000008344650269,0.06916666030883789,0.08690595626831055,0.1821384342759739,0.09654231721690305,0.0668979287147522,0.07635539770126343
0,4096,transformer.h.5.attn.c_proj.weight,transformer.h.5.attn.c_proj.weight,"[384, 384]",local_cross,0.01757907122373581,0.36431737981862905,,,0.620252251625061,0.9001851081848145,1.0618922710418701,0.6846680641174316,0.8222448825836182,1.0652658939361572,0.5820097923278809,0.9143219590187073,0.633058488368988,0.8566716313362122,1.0000003576278687,0.0644158124923706,0.07794022560119629,0.1696278984352805,0.08658244275820058,0.05104869604110718,0.05765032768249512
0,4096,transformer.h.5.attn.c_proj.weight,transformer.h.5.attn.c_proj.weight,"[384, 384]",medium_cross,0.027058081701397896,0.5607650883774485,,,0.620252251625061,0.9001851081848145,1.0618922710418701,0.668342649936676,0.8429854512214661,1.06496000289917,0.5820097923278809,0.9143219590187073,0.6321488618850708,0.8577332496643066,1.0000004768371582,0.04809039831161499,0.05719965696334839,0.12663774444327597,0.06354210533285659,0.05013906955718994,0.056588709354400635
0,4096,transformer.h.5.attn.c_proj.weight,transformer.h.5.attn.c_proj.weight,"[384, 384]",distant_cross,0.01395372487604618,0.28918390629688984,,,0.620252251625061,0.9001851081848145,1.0618922710418701,0.6233507990837097,0.8961116075515747,1.0610500574111938,0.5820097923278809,0.9143219590187073,0.5841496586799622,0.9119775295257568,1.000001072883606,0.0030985474586486816,0.004073500633239746,0.008159488691923386,0.004525181094645955,0.002139866352081299,0.0023444294929504395
0,4096,transformer.h.5.mlp.w1.weight,transformer.h.5.mlp.w1.weight,"[1024, 384]",danger_diagonal,0.0,0.0,,,0.9061276316642761,0.43547356128692627,1.0095369815826416,0.9061276316642761,0.43547356128692627,1.0095369815826416,0.9003008604049683,0.4465547204017639,0.9003008604049683,0.4465547204017639,0.9999990463256836,0.0,0.0,0.0,0.0,0.0,0.0
0,4096,transformer.h.5.mlp.w1.weight,transformer.h.5.mlp.w1.weight,"[1024, 384]",danger_cross,0.0,0.0,,,0.9061276316642761,0.43547356128692627,1.0095369815826416,0.9061276316642761,0.43547356128692627,1.0095369815826416,0.9003008604049683,0.4465547204017639,0.9003008604049683,0.4465547204017639,0.9999990463256836,0.0,0.0,0.0,0.0,0.0,0.0
0,4096,transformer.h.5.mlp.w1.weight,transformer.h.5.mlp.w1.weight,"[1024, 384]",danger_full,0.0,0.0,,,0.9061276316642761,0.43547356128692627,1.0095369815826416,0.9061276316642761,0.43547356128692627,1.0095369815826416,0.9003008604049683,0.4465547204017639,0.9003008604049683,0.4465547204017639,0.9999990463256836,0.0,0.0,0.0,0.0,0.0,0.0
0,4096,transformer.h.5.mlp.w1.weight,transformer.h.5.mlp.w1.weight,"[1024, 384]",internal_cross,0.0,0.0,,,0.9061276316642761,0.43547356128692627,1.0095369815826416,0.9061276316642761,0.43547356128692627,1.0095369815826416,0.9003008604049683,0.4465547204017639,0.9003008604049683,0.4465547204017639,0.9999990463256836,0.0,0.0,0.0,0.0,0.0,0.0
0,4096,transformer.h.5.mlp.w1.weight,transformer.h.5.mlp.w1.weight,"[1024, 384]",outside_cross,0.0,0.0,,,0.9061276316642761,0.43547356128692627,1.0095369815826416,0.9061276316642761,0.43547356128692627,1.0095369815826416,0.9003008604049683,0.4465547204017639,0.9003008604049683,0.4465547204017639,0.9999990463256836,0.0,0.0,0.0,0.0,0.0,0.0
0,4096,transformer.h.5.mlp.w1.weight,transformer.h.5.mlp.w1.weight,"[1024, 384]",local_cross,0.0,0.0,,,0.9061276316642761,0.43547356128692627,1.0095369815826416,0.9061276316642761,0.43547356128692627,1.0095369815826416,0.9003008604049683,0.4465547204017639,0.9003008604049683,0.4465547204017639,0.9999990463256836,0.0,0.0,0.0,0.0,0.0,0.0
0,4096,transformer.h.5.mlp.w1.weight,transformer.h.5.mlp.w1.weight,"[1024, 384]",medium_cross,0.0,0.0,,,0.9061276316642761,0.43547356128692627,1.0095369815826416,0.9061276316642761,0.43547356128692627,1.0095369815826416,0.9003008604049683,0.4465547204017639,0.9003008604049683,0.4465547204017639,0.9999990463256836,0.0,0.0,0.0,0.0,0.0,0.0
0,4096,transformer.h.5.mlp.w1.weight,transformer.h.5.mlp.w1.weight,"[1024, 384]",distant_cross,0.0,0.0,,,0.9061276316642761,0.43547356128692627,1.0095369815826416,0.9061276316642761,0.43547356128692627,1.0095369815826416,0.9003008604049683,0.4465547204017639,0.9003008604049683,0.4465547204017639,0.9999990463256836,0.0,0.0,0.0,0.0,0.0,0.0
0,4096,transformer.h.5.mlp.w2.weight,transformer.h.5.mlp.w2.weight,"[1024, 384]",danger_diagonal,0.0,0.0,,,0.9042437672615051,0.43961527943611145,1.008682370185852,0.9042437672615051,0.43961527943611145,1.008682370185852,0.8980969190597534,0.4514611065387726,0.8980969190597534,0.4514611065387726,0.9999995231628418,0.0,0.0,0.0,0.0,0.0,0.0
0,4096,transformer.h.5.mlp.w2.weight,transformer.h.5.mlp.w2.weight,"[1024, 384]",danger_cross,0.0,0.0,,,0.9042437672615051,0.43961527943611145,1.008682370185852,0.9042437672615051,0.43961527943611145,1.008682370185852,0.8980969190597534,0.4514611065387726,0.8980969190597534,0.4514611065387726,0.9999995231628418,0.0,0.0,0.0,0.0,0.0,0.0
0,4096,transformer.h.5.mlp.w2.weight,transformer.h.5.mlp.w2.weight,"[1024, 384]",danger_full,0.0,0.0,,,0.9042437672615051,0.43961527943611145,1.008682370185852,0.9042437672615051,0.43961527943611145,1.008682370185852,0.8980969190597534,0.4514611065387726,0.8980969190597534,0.4514611065387726,0.9999995231628418,0.0,0.0,0.0,0.0,0.0,0.0
0,4096,transformer.h.5.mlp.w2.weight,transformer.h.5.mlp.w2.weight,"[1024, 384]",internal_cross,0.0,0.0,,,0.9042437672615051,0.43961527943611145,1.008682370185852,0.9042437672615051,0.43961527943611145,1.008682370185852,0.8980969190597534,0.4514611065387726,0.8980969190597534,0.4514611065387726,0.9999995231628418,0.0,0.0,0.0,0.0,0.0,0.0
0,4096,transformer.h.5.mlp.w2.weight,transformer.h.5.mlp.w2.weight,"[1024, 384]",outside_cross,0.0,0.0,,,0.9042437672615051,0.43961527943611145,1.008682370185852,0.9042437672615051,0.43961527943611145,1.008682370185852,0.8980969190597534,0.4514611065387726,0.8980969190597534,0.4514611065387726,0.9999995231628418,0.0,0.0,0.0,0.0,0.0,0.0
0,4096,transformer.h.5.mlp.w2.weight,transformer.h.5.mlp.w2.weight,"[1024, 384]",local_cross,0.0,0.0,,,0.9042437672615051,0.43961527943611145,1.008682370185852,0.9042437672615051,0.43961527943611145,1.008682370185852,0.8980969190597534,0.4514611065387726,0.8980969190597534,0.4514611065387726,0.9999995231628418,0.0,0.0,0.0,0.0,0.0,0.0
0,4096,transformer.h.5.mlp.w2.weight,transformer.h.5.mlp.w2.weight,"[1024, 384]",medium_cross,0.0,0.0,,,0.9042437672615051,0.43961527943611145,1.008682370185852,0.9042437672615051,0.43961527943611145,1.008682370185852,0.8980969190597534,0.4514611065387726,0.8980969190597534,0.4514611065387726,0.9999995231628418,0.0,0.0,0.0,0.0,0.0,0.0
0,4096,transformer.h.5.mlp.w2.weight,transformer.h.5.mlp.w2.weight,"[1024, 384]",distant_cross,0.0,0.0,,,0.9042437672615051,0.43961527943611145,1.008682370185852,0.9042437672615051,0.43961527943611145,1.008682370185852,0.8980969190597534,0.4514611065387726,0.8980969190597534,0.4514611065387726,0.9999995231628418,0.0,0.0,0.0,0.0,0.0,0.0
0,4096,transformer.h.5.mlp.c_proj.weight,transformer.h.5.mlp.c_proj.weight,"[384, 1024]",danger_diagonal,0.001489964546635747,0.011768195702053112,,,0.8420426845550537,0.564665675163269,1.0089819431304932,0.8428861498832703,0.5631226301193237,1.008872151374817,0.8369287252426147,0.5710999369621277,0.8377946615219116,0.5695794224739075,1.0,0.0008434653282165527,0.0015430450439453125,0.005339830737440775,0.0027326701654021243,0.000865936279296875,0.0015205144882202148
0,4096,transformer.h.5.mlp.c_proj.weight,transformer.h.5.mlp.c_proj.weight,"[384, 1024]",danger_cross,0.036748237907886505,0.29024882261936075,,,0.8420426845550537,0.564665675163269,1.0089819431304932,0.8482615947723389,0.5526008009910583,1.0060707330703735,0.8369287252426147,0.5710999369621277,0.8437125086784363,0.5590933561325073,0.9999998807907104,0.006218910217285156,0.012064874172210693,0.039370827490751235,0.021366402639441864,0.006783783435821533,0.012006580829620361
0,4096,transformer.h.5.mlp.c_proj.weight,transformer.h.5.mlp.c_proj.weight,"[384, 1024]",danger_full,0.03677843138575554,0.2904872999423888,,,0.8420426845550537,0.564665675163269,1.0089819431304932,0.8489542007446289,0.5513375401496887,1.0060700178146362,0.8369287252426147,0.5710999369621277,0.8445132374763489,0.5576608777046204,0.9999988079071045,0.006911516189575195,0.013328135013580322,0.04375559416229825,0.02360358633403135,0.007584512233734131,0.013439059257507324
0,4096,transformer.h.5.mlp.c_proj.weight,transformer.h.5.mlp.c_proj.weight,"[384, 1024]",internal_cross,0.005447016097605228,0.04302219913459654,,,0.8420426845550537,0.564665675163269,1.0089819431304932,0.8423252105712891,0.5641095638275146,1.0088123083114624,0.8369287252426147,0.5710999369621277,0.837195098400116,0.5706323385238647,0.9999995827674866,0.00028252601623535156,0.0005561113357543945,0.0017886225493229648,0.0009848506119901814,0.0002663731575012207,0.00046759843826293945
0,4096,transformer.h.5.mlp.c_proj.weight,transformer.h.5.mlp.c_proj.weight,"[384, 1024]",outside_cross,0.036342304199934006,0.28704263403720187,,,0.8420426845550537,0.564665675163269,1.0089819431304932,0.8478411436080933,0.5535258054733276,1.006626009941101,0.8369287252426147,0.5710999369621277,0.8432052731513977,0.5599992275238037,1.000000238418579,0.005798459053039551,0.011139869689941406,0.0367090250724128,0.01972825723242411,0.006276547908782959,0.011100709438323975
0,4096,transformer.h.5.mlp.c_proj.weight,transformer.h.5.mlp.c_proj.weight,"[384, 1024]",local_cross,0.026802854612469673,0.2116971435095035,,,0.8420426845550537,0.564665675163269,1.0089819431304932,0.8468508720397949,0.5552876591682434,1.0064992904663086,0.8369287252426147,0.5710999369621277,0.8422626852989197,0.5616812109947205,0.9999997019767761,0.004808187484741211,0.009378015995025635,0.030439789833076988,0.016608085824083515,0.005333960056304932,0.009418725967407227
0,4096,transformer.h.5.mlp.c_proj.weight,transformer.h.5.mlp.c_proj.weight,"[384, 1024]",medium_cross,0.024690330028533936,0.19501177821991464,,,0.8420426845550537,0.564665675163269,1.0089819431304932,0.8432071208953857,0.5624876022338867,1.0086698532104492,0.8369287252426147,0.5710999369621277,0.8379788994789124,0.5692561268806458,1.0000001192092896,0.0011644363403320312,0.0021780729293823242,0.007371841798222245,0.00385727878492446,0.0010501742362976074,0.0018438100814819336
0,4096,transformer.h.5.mlp.c_proj.weight,transformer.h.5.mlp.c_proj.weight,"[384, 1024]",distant_cross,0.00473572313785553,0.03740418978616779,,,0.8420426845550537,0.564665675163269,1.0089819431304932,0.842041552066803,0.5646665096282959,1.008986234664917,0.8369287252426147,0.5710999369621277,0.8369293212890625,0.5710985064506531,0.9999990463256836,-1.1324882507324219e-06,-8.344650268554688e-07,-7.16958405846758e-06,-1.4778037050227804e-06,5.960464477539062e-07,1.430511474609375e-06
1,128,transformer.h.0.attn.c_attn.weight,transformer.h.0.attn.c_attn.weight,"[1152, 384]",danger_diagonal,0.0015308281872421503,0.030603039991051337,,,0.6286065578460693,0.8608026504516602,0.9975563287734985,0.6316699385643005,0.8573819398880005,0.9978746175765991,0.6579274535179138,0.8271336555480957,0.661043107509613,0.8233581781387329,1.0000008344650269,0.003063380718231201,0.003420710563659668,0.008248343590734508,0.003973861560329575,0.0031156539916992188,0.003775477409362793
1,128,transformer.h.0.attn.c_attn.weight,transformer.h.0.attn.c_attn.weight,"[1152, 384]",danger_cross,0.04017556831240654,0.8031564443184032,,,0.6286065578460693,0.8608026504516602,0.9975563287734985,0.7671965956687927,0.6932536363601685,1.0302284955978394,0.6579274535179138,0.8271336555480957,0.781294047832489,0.6613751649856567,1.000000238418579,0.1385900378227234,0.1675490140914917,0.3731623181576864,0.19464277207276176,0.1233665943145752,0.16575849056243896
1,128,transformer.h.0.attn.c_attn.weight,transformer.h.0.attn.c_attn.weight,"[1152, 384]",danger_full,0.0402047224342823,0.803739269200453,,,0.6286065578460693,0.8608026504516602,0.9975563287734985,0.771842360496521,0.6866899728775024,1.0312244892120361,0.6579274535179138,0.8271336555480957,0.785567581653595,0.6548815965652466,1.0000003576278687,0.14323580265045166,0.17411267757415771,0.3856713296275302,0.202267822343253,0.12764012813568115,0.17225205898284912
1,128,transformer.h.0.attn.c_attn.weight,transformer.h.0.attn.c_attn.weight,"[1152, 384]",internal_cross,0.019779205322265625,0.39540937155004313,,,0.6286065578460693,0.8608026504516602,0.9975563287734985,0.6838361620903015,0.8055331110954285,1.0251749753952026,0.6579274535179138,0.8271336555480957,0.7025485038757324,0.7713027000427246,1.0000008344650269,0.05522960424423218,0.05526953935623169,0.1487091530855337,0.06420698092324872,0.044621050357818604,0.055830955505371094
1,128,transformer.h.0.attn.c_attn.weight,transformer.h.0.attn.c_attn.weight,"[1152, 384]",outside_cross,0.03496941924095154,0.699079455430355,,,0.6286065578460693,0.8608026504516602,0.9975563287734985,0.6713660955429077,0.8073915839195251,0.9916906356811523,0.6579274535179138,0.8271336555480957,0.7045103311538696,0.7687551379203796,1.000001311302185,0.04275953769683838,0.05341106653213501,0.11513272137722863,0.06204798103736136,0.04658287763595581,0.058378517627716064
1,128,transformer.h.0.attn.c_attn.weight,transformer.h.0.attn.c_attn.weight,"[1152, 384]",local_cross,0.025249704718589783,0.504771031592594,,,0.6286065578460693,0.8608026504516602,0.9975563287734985,0.7095094323158264,0.7709020972251892,1.0220621824264526,0.6579274535179138,0.8271336555480957,0.7254287004470825,0.741045355796814,0.9999998807907104,0.08090287446975708,0.08990055322647095,0.21783603393897685,0.10443805346010544,0.0675012469291687,0.08608829975128174
1,128,transformer.h.0.attn.c_attn.weight,transformer.h.0.attn.c_attn.weight,"[1152, 384]",medium_cross,0.029589330777525902,0.5915252153309307,,,0.6286065578460693,0.8608026504516602,0.9975563287734985,0.6509712338447571,0.834524929523468,0.9976552724838257,0.6579274535179138,0.8271336555480957,0.6839594841003418,0.795038640499115,1.0000008344650269,0.022364675998687744,0.02627772092819214,0.06021828460131588,0.03052699816201113,0.02603203058242798,0.03209501504898071
1,128,transformer.h.0.attn.c_attn.weight,transformer.h.0.attn.c_attn.weight,"[1152, 384]",distant_cross,0.010049966163933277,0.2009105391361025,,,0.6286065578460693,0.8608026504516602,0.9975563287734985,0.6286882162094116,0.8606950640678406,0.9975252151489258,0.6579274535179138,0.8271336555480957,0.6580271124839783,0.8270129561424255,1.0000015497207642,8.165836334228516e-05,0.00010758638381958008,0.00021987023483424994,0.00012498379711439072,9.965896606445312e-05,0.00012069940567016602
1,128,transformer.h.0.attn.c_proj.weight,transformer.h.0.attn.c_proj.weight,"[384, 384]",danger_diagonal,0.006670600734651089,0.03271085832890947,,,0.5834535956382751,0.9342555403709412,1.045243501663208,0.5877333283424377,0.9294610619544983,1.0452561378479004,0.5563241839408875,0.9419940710067749,0.5595003962516785,0.9386162757873535,0.9999998807907104,0.004279732704162598,0.004794478416442871,0.010274323963305946,0.005131870467194927,0.0031762123107910156,0.0033777952194213867
1,128,transformer.h.0.attn.c_proj.weight,transformer.h.0.attn.c_proj.weight,"[384, 384]",danger_cross,0.15849927067756653,0.7772384219366025,,,0.5834535956382751,0.9342555403709412,1.045243501663208,0.9055739045143127,0.4505020081996918,1.057273507118225,0.5563241839408875,0.9419940710067749,0.8594112992286682,0.5302633047103882,1.0000005960464478,0.3221203088760376,0.4837535321712494,0.773311941966282,0.5177957328239955,0.30308711528778076,0.4117307662963867
1,128,transformer.h.0.attn.c_proj.weight,transformer.h.0.attn.c_proj.weight,"[384, 384]",danger_full,0.1586395800113678,0.7779264617283346,,,0.5834535956382751,0.9342555403709412,1.045243501663208,0.9116399884223938,0.4371149241924286,1.0604791641235352,0.5563241839408875,0.9419940710067749,0.8698281049728394,0.5102412700653076,1.0000005960464478,0.32818639278411865,0.4971406161785126,0.7878747466011609,0.5321248787897213,0.3135039210319519,0.4317528009414673
1,128,transformer.h.0.attn.c_proj.weight,transformer.h.0.attn.c_proj.weight,"[384, 384]",internal_cross,0.07564354687929153,0.37093590875727195,,,0.5834535956382751,0.9342555403709412,1.045243501663208,0.675836980342865,0.8267273902893066,1.0503123998641968,0.5563241839408875,0.9419940710067749,0.6300837397575378,0.860136866569519,1.0,0.09238338470458984,0.10752815008163452,0.2217841367425777,0.11509500927223942,0.07375955581665039,0.08185720443725586
1,128,transformer.h.0.attn.c_proj.weight,transformer.h.0.attn.c_proj.weight,"[384, 384]",outside_cross,0.13928425312042236,0.6830130677141201,,,0.5834535956382751,0.9342555403709412,1.045243501663208,0.6579048037528992,0.8452760577201843,1.0417399406433105,0.5563241839408875,0.9419940710067749,0.6321279406547546,0.8571983575820923,0.9986976981163025,0.07445120811462402,0.08897948265075684,0.17873448752655974,0.09524105430022711,0.07580375671386719,0.08479571342468262
1,128,transformer.h.0.attn.c_proj.weight,transformer.h.0.attn.c_proj.weight,"[384, 384]",local_cross,0.08686023950576782,0.4259395970334495,,,0.5834535956382751,0.9342555403709412,1.045243501663208,0.6748138666152954,0.8275337219238281,1.0492241382598877,0.5563241839408875,0.9419940710067749,0.62932288646698,0.8610208034515381,0.9999997019767761,0.09136027097702026,0.10672181844711304,0.2193279548697866,0.11423193530620082,0.07299870252609253,0.08097326755523682
1,128,transformer.h.0.attn.c_proj.weight,transformer.h.0.attn.c_proj.weight,"[384, 384]",medium_cross,0.12102346867322922,0.5934670197961236,,,0.5834535956382751,0.9342555403709412,1.045243501663208,0.6373849511146545,0.8731933236122131,1.0481449365615845,0.5563241839408875,0.9419940710067749,0.6116421818733215,0.8813158869743347,1.0000005960464478,0.053931355476379395,0.06106221675872803,0.12947262276580818,0.06535922359580934,0.05531799793243408,0.060678184032440186
1,128,transformer.h.0.attn.c_proj.weight,transformer.h.0.attn.c_proj.weight,"[384, 384]",distant_cross,0.0541355274617672,0.26546628104481795,,,0.5834535956382751,0.9342555403709412,1.045243501663208,0.5863513946533203,0.9314408898353577,1.0461198091506958,0.5563241839408875,0.9419940710067749,0.5586358308792114,0.939537525177002,0.9999998807907104,0.002897799015045166,0.002814650535583496,0.0069567255525479115,0.0030127201969452106,0.0023116469383239746,0.0024565458297729492
1,128,transformer.h.0.mlp.w1.weight,transformer.h.0.mlp.w1.weight,"[1024, 384]",danger_diagonal,0.0,0.0,,,0.9096002578735352,0.4280470013618469,1.0124772787094116,0.9096002578735352,0.4280470013618469,1.0124772787094116,0.906332790851593,0.432833194732666,0.906332790851593,0.432833194732666,0.9999998211860657,0.0,0.0,0.0,0.0,0.0,0.0
1,128,transformer.h.0.mlp.w1.weight,transformer.h.0.mlp.w1.weight,"[1024, 384]",danger_cross,0.0,0.0,,,0.9096002578735352,0.4280470013618469,1.0124772787094116,0.9096002578735352,0.4280470013618469,1.0124772787094116,0.906332790851593,0.432833194732666,0.906332790851593,0.432833194732666,0.9999998211860657,0.0,0.0,0.0,0.0,0.0,0.0
1,128,transformer.h.0.mlp.w1.weight,transformer.h.0.mlp.w1.weight,"[1024, 384]",danger_full,0.0,0.0,,,0.9096002578735352,0.4280470013618469,1.0124772787094116,0.9096002578735352,0.4280470013618469,1.0124772787094116,0.906332790851593,0.432833194732666,0.906332790851593,0.432833194732666,0.9999998211860657,0.0,0.0,0.0,0.0,0.0,0.0
1,128,transformer.h.0.mlp.w1.weight,transformer.h.0.mlp.w1.weight,"[1024, 384]",internal_cross,0.0,0.0,,,0.9096002578735352,0.4280470013618469,1.0124772787094116,0.9096002578735352,0.4280470013618469,1.0124772787094116,0.906332790851593,0.432833194732666,0.906332790851593,0.432833194732666,0.9999998211860657,0.0,0.0,0.0,0.0,0.0,0.0
1,128,transformer.h.0.mlp.w1.weight,transformer.h.0.mlp.w1.weight,"[1024, 384]",outside_cross,0.0,0.0,,,0.9096002578735352,0.4280470013618469,1.0124772787094116,0.9096002578735352,0.4280470013618469,1.0124772787094116,0.906332790851593,0.432833194732666,0.906332790851593,0.432833194732666,0.9999998211860657,0.0,0.0,0.0,0.0,0.0,0.0
1,128,transformer.h.0.mlp.w1.weight,transformer.h.0.mlp.w1.weight,"[1024, 384]",local_cross,0.0,0.0,,,0.9096002578735352,0.4280470013618469,1.0124772787094116,0.9096002578735352,0.4280470013618469,1.0124772787094116,0.906332790851593,0.432833194732666,0.906332790851593,0.432833194732666,0.9999998211860657,0.0,0.0,0.0,0.0,0.0,0.0
1,128,transformer.h.0.mlp.w1.weight,transformer.h.0.mlp.w1.weight,"[1024, 384]",medium_cross,0.0,0.0,,,0.9096002578735352,0.4280470013618469,1.0124772787094116,0.9096002578735352,0.4280470013618469,1.0124772787094116,0.906332790851593,0.432833194732666,0.906332790851593,0.432833194732666,0.9999998211860657,0.0,0.0,0.0,0.0,0.0,0.0
1,128,transformer.h.0.mlp.w1.weight,transformer.h.0.mlp.w1.weight,"[1024, 384]",distant_cross,0.0,0.0,,,0.9096002578735352,0.4280470013618469,1.0124772787094116,0.9096002578735352,0.4280470013618469,1.0124772787094116,0.906332790851593,0.432833194732666,0.906332790851593,0.432833194732666,0.9999998211860657,0.0,0.0,0.0,0.0,0.0,0.0
1,128,transformer.h.0.mlp.w2.weight,transformer.h.0.mlp.w2.weight,"[1024, 384]",danger_diagonal,0.0,0.0,,,0.9119796752929688,0.42232683300971985,1.0122623443603516,0.9119796752929688,0.42232683300971985,1.0122623443603516,0.9092509150505066,0.42603829503059387,0.9092509150505066,0.42603829503059387,0.9999998807907104,0.0,0.0,0.0,0.0,0.0,0.0
1,128,transformer.h.0.mlp.w2.weight,transformer.h.0.mlp.w2.weight,"[1024, 384]",danger_cross,0.0,0.0,,,0.9119796752929688,0.42232683300971985,1.0122623443603516,0.9119796752929688,0.42232683300971985,1.0122623443603516,0.9092509150505066,0.42603829503059387,0.9092509150505066,0.42603829503059387,0.9999998807907104,0.0,0.0,0.0,0.0,0.0,0.0
1,128,transformer.h.0.mlp.w2.weight,transformer.h.0.mlp.w2.weight,"[1024, 384]",danger_full,0.0,0.0,,,0.9119796752929688,0.42232683300971985,1.0122623443603516,0.9119796752929688,0.42232683300971985,1.0122623443603516,0.9092509150505066,0.42603829503059387,0.9092509150505066,0.42603829503059387,0.9999998807907104,0.0,0.0,0.0,0.0,0.0,0.0
1,128,transformer.h.0.mlp.w2.weight,transformer.h.0.mlp.w2.weight,"[1024, 384]",internal_cross,0.0,0.0,,,0.9119796752929688,0.42232683300971985,1.0122623443603516,0.9119796752929688,0.42232683300971985,1.0122623443603516,0.9092509150505066,0.42603829503059387,0.9092509150505066,0.42603829503059387,0.9999998807907104,0.0,0.0,0.0,0.0,0.0,0.0
1,128,transformer.h.0.mlp.w2.weight,transformer.h.0.mlp.w2.weight,"[1024, 384]",outside_cross,0.0,0.0,,,0.9119796752929688,0.42232683300971985,1.0122623443603516,0.9119796752929688,0.42232683300971985,1.0122623443603516,0.9092509150505066,0.42603829503059387,0.9092509150505066,0.42603829503059387,0.9999998807907104,0.0,0.0,0.0,0.0,0.0,0.0
1,128,transformer.h.0.mlp.w2.weight,transformer.h.0.mlp.w2.weight,"[1024, 384]",local_cross,0.0,0.0,,,0.9119796752929688,0.42232683300971985,1.0122623443603516,0.9119796752929688,0.42232683300971985,1.0122623443603516,0.9092509150505066,0.42603829503059387,0.9092509150505066,0.42603829503059387,0.9999998807907104,0.0,0.0,0.0,0.0,0.0,0.0
1,128,transformer.h.0.mlp.w2.weight,transformer.h.0.mlp.w2.weight,"[1024, 384]",medium_cross,0.0,0.0,,,0.9119796752929688,0.42232683300971985,1.0122623443603516,0.9119796752929688,0.42232683300971985,1.0122623443603516,0.9092509150505066,0.42603829503059387,0.9092509150505066,0.42603829503059387,0.9999998807907104,0.0,0.0,0.0,0.0,0.0,0.0
1,128,transformer.h.0.mlp.w2.weight,transformer.h.0.mlp.w2.weight,"[1024, 384]",distant_cross,0.0,0.0,,,0.9119796752929688,0.42232683300971985,1.0122623443603516,0.9119796752929688,0.42232683300971985,1.0122623443603516,0.9092509150505066,0.42603829503059387,0.9092509150505066,0.42603829503059387,0.9999998807907104,0.0,0.0,0.0,0.0,0.0,0.0
1,128,transformer.h.0.mlp.c_proj.weight,transformer.h.0.mlp.c_proj.weight,"[384, 1024]",danger_diagonal,0.0,0.0,,,0.8311558961868286,0.582469642162323,1.0045934915542603,0.8311558961868286,0.582469642162323,1.0045934915542603,0.8248804211616516,0.5918166041374207,0.8248804211616516,0.5918166041374207,0.9999995827674866,0.0,0.0,0.0,0.0,0.0,0.0
1,128,transformer.h.0.mlp.c_proj.weight,transformer.h.0.mlp.c_proj.weight,"[384, 1024]",danger_cross,0.0,0.0,,,0.8311558961868286,0.582469642162323,1.0045934915542603,0.8311558961868286,0.582469642162323,1.0045934915542603,0.8248804211616516,0.5918166041374207,0.8248804211616516,0.5918166041374207,0.9999995827674866,0.0,0.0,0.0,0.0,0.0,0.0
1,128,transformer.h.0.mlp.c_proj.weight,transformer.h.0.mlp.c_proj.weight,"[384, 1024]",danger_full,0.0,0.0,,,0.8311558961868286,0.582469642162323,1.0045934915542603,0.8311558961868286,0.582469642162323,1.0045934915542603,0.8248804211616516,0.5918166041374207,0.8248804211616516,0.5918166041374207,0.9999995827674866,0.0,0.0,0.0,0.0,0.0,0.0
1,128,transformer.h.0.mlp.c_proj.weight,transformer.h.0.mlp.c_proj.weight,"[384, 1024]",internal_cross,0.0,0.0,,,0.8311558961868286,0.582469642162323,1.0045934915542603,0.8311558961868286,0.582469642162323,1.0045934915542603,0.8248804211616516,0.5918166041374207,0.8248804211616516,0.5918166041374207,0.9999995827674866,0.0,0.0,0.0,0.0,0.0,0.0
1,128,transformer.h.0.mlp.c_proj.weight,transformer.h.0.mlp.c_proj.weight,"[384, 1024]",outside_cross,0.0,0.0,,,0.8311558961868286,0.582469642162323,1.0045934915542603,0.8311558961868286,0.582469642162323,1.0045934915542603,0.8248804211616516,0.5918166041374207,0.8248804211616516,0.5918166041374207,0.9999995827674866,0.0,0.0,0.0,0.0,0.0,0.0
1,128,transformer.h.0.mlp.c_proj.weight,transformer.h.0.mlp.c_proj.weight,"[384, 1024]",local_cross,0.0,0.0,,,0.8311558961868286,0.582469642162323,1.0045934915542603,0.8311558961868286,0.582469642162323,1.0045934915542603,0.8248804211616516,0.5918166041374207,0.8248804211616516,0.5918166041374207,0.9999995827674866,0.0,0.0,0.0,0.0,0.0,0.0
1,128,transformer.h.0.mlp.c_proj.weight,transformer.h.0.mlp.c_proj.weight,"[384, 1024]",medium_cross,0.0,0.0,,,0.8311558961868286,0.582469642162323,1.0045934915542603,0.8311558961868286,0.582469642162323,1.0045934915542603,0.8248804211616516,0.5918166041374207,0.8248804211616516,0.5918166041374207,0.9999995827674866,0.0,0.0,0.0,0.0,0.0,0.0
1,128,transformer.h.0.mlp.c_proj.weight,transformer.h.0.mlp.c_proj.weight,"[384, 1024]",distant_cross,0.0,0.0,,,0.8311558961868286,0.582469642162323,1.0045934915542603,0.8311558961868286,0.582469642162323,1.0045934915542603,0.8248804211616516,0.5918166041374207,0.8248804211616516,0.5918166041374207,0.9999995827674866,0.0,0.0,0.0,0.0,0.0,0.0
1,128,transformer.h.1.attn.c_attn.weight,transformer.h.1.attn.c_attn.weight,"[1152, 384]",danger_diagonal,0.0014581530122086406,0.032495575982926496,,,0.5602807998657227,0.954357922077179,1.0343167781829834,0.5624616742134094,0.9521691799163818,1.0346767902374268,0.5706546306610107,0.9266577363014221,0.5725748538970947,0.9245831966400146,0.9999998211860657,0.0021808743476867676,0.002188742160797119,0.004959697795822408,0.0022934185489164047,0.0019202232360839844,0.0020745396614074707
1,128,transformer.h.1.attn.c_attn.weight,transformer.h.1.attn.c_attn.weight,"[1152, 384]",danger_cross,0.03777557983994484,0.8418452759828684,,,0.5602807998657227,0.954357922077179,1.0343167781829834,0.7458664774894714,0.746110200881958,1.082011342048645,0.5706546306610107,0.9266577363014221,0.7395414113998413,0.7217475771903992,1.000001072883606,0.18558567762374878,0.20824772119522095,0.42205497864791064,0.21820714888808765,0.16888678073883057,0.20491015911102295
1,128,transformer.h.1.attn.c_attn.weight,transformer.h.1.attn.c_attn.weight,"[1152, 384]",danger_full,0.037803709506988525,0.8424721578842458,,,0.5602807998657227,0.954357922077179,1.0343167781829834,0.7495384216308594,0.740906298160553,1.0823259353637695,0.5706546306610107,0.9266577363014221,0.743337869644165,0.7164679765701294,1.0000008344650269,0.18925762176513672,0.21345162391662598,0.4304056354767838,0.2236599277680268,0.1726832389831543,0.21018975973129272
1,128,transformer.h.1.attn.c_attn.weight,transformer.h.1.attn.c_attn.weight,"[1152, 384]",internal_cross,0.020337101072072983,0.45322116926467193,,,0.5602807998657227,0.954357922077179,1.0343167781829834,0.6261132955551147,0.8976229429244995,1.070793867111206,0.5706546306610107,0.9266577363014221,0.6263160705566406,0.8645057678222656,1.0000007152557373,0.06583249568939209,0.05673497915267944,0.14971485363679543,0.05944832419811074,0.05566143989562988,0.062151968479156494
1,128,transformer.h.1.attn.c_attn.weight,transformer.h.1.attn.c_attn.weight,"[1152, 384]",outside_cross,0.031833916902542114,0.7094327254269724,,,0.5602807998657227,0.954357922077179,1.0343167781829834,0.6091078519821167,0.8998996615409851,1.0343457460403442,0.5706546306610107,0.9266577363014221,0.6224340200424194,0.8689855337142944,1.000000238418579,0.04882705211639404,0.05445826053619385,0.11104143758444865,0.057062721727781505,0.05177938938140869,0.057672202587127686
1,128,transformer.h.1.attn.c_attn.weight,transformer.h.1.attn.c_attn.weight,"[1152, 384]",local_cross,0.02256479486823082,0.5028662973230043,,,0.5602807998657227,0.954357922077179,1.0343167781829834,0.6310201287269592,0.8899473547935486,1.0671254396438599,0.5706546306610107,0.9266577363014221,0.6313962936401367,0.8586092591285706,1.000000238418579,0.07073932886123657,0.06441056728363037,0.16087386868627718,0.0674909966099925,0.06074166297912598,0.06804847717285156
1,128,transformer.h.1.attn.c_attn.weight,transformer.h.1.attn.c_attn.weight,"[1152, 384]",medium_cross,0.027696393430233,0.6172262098899566,,,0.5602807998657227,0.954357922077179,1.0343167781829834,0.5883257985115051,0.9268600940704346,1.0413081645965576,0.5706546306610107,0.9266577363014221,0.6046364307403564,0.8892303705215454,1.0000003576278687,0.02804499864578247,0.027497828006744385,0.06377933607906672,0.02881290904663401,0.0339818000793457,0.03742736577987671
1,128,transformer.h.1.attn.c_attn.weight,transformer.h.1.attn.c_attn.weight,"[1152, 384]",distant_cross,0.012277485802769661,0.273609127055122,,,0.5602807998657227,0.954357922077179,1.0343167781829834,0.5607646107673645,0.9539029002189636,1.0344563722610474,0.5706546306610107,0.9266577363014221,0.571046769618988,0.9262346625328064,1.000000238418579,0.0004838109016418457,0.00045502185821533203,0.001100272404512025,0.0004767832358167761,0.0003921389579772949,0.00042307376861572266
1,128,transformer.h.1.attn.c_proj.weight,transformer.h.1.attn.c_proj.weight,"[384, 384]",danger_diagonal,0.005062861833721399,0.029427359384788448,,,0.5362281799316406,1.0019282102584839,1.0760418176651,0.5392457842826843,0.9985393285751343,1.0757756233215332,0.4942820370197296,1.005702257156372,0.49625059962272644,1.0037422180175781,0.9999997019767761,0.003017604351043701,0.0033888816833496094,0.006506657413119473,0.0033823597825190727,0.001968562602996826,0.0019600391387939453
1,128,transformer.h.1.attn.c_proj.weight,transformer.h.1.attn.c_proj.weight,"[384, 384]",danger_cross,0.13837653398513794,0.8042992540068841,,,0.5362281799316406,1.0019282102584839,1.0760418176651,0.8800557851791382,0.5182709097862244,1.087661623954773,0.4942820370197296,1.005702257156372,0.818980872631073,0.6016973257064819,0.9999998211860657,0.34382760524749756,0.4836573004722595,0.7413723524573309,0.48272650227852404,0.3246988356113434,0.40400493144989014
1,128,transformer.h.1.attn.c_proj.weight,transformer.h.1.attn.c_proj.weight,"[384, 384]",danger_full,0.13846911489963531,0.8048373709716687,,,0.5362281799316406,1.0019282102584839,1.0760418176651,0.8853920698165894,0.5077100396156311,1.0895651578903198,0.4942820370197296,1.005702257156372,0.8241901397705078,0.5929780602455139,0.9999985694885254,0.34916388988494873,0.4942181706428528,0.752878624305984,0.4932670480606102,0.3299081027507782,0.41272419691085815
1,128,transformer.h.1.attn.c_proj.weight,transformer.h.1.attn.c_proj.weight,"[384, 384]",internal_cross,0.07027531415224075,0.40846797589118206,,,0.5362281799316406,1.0019282102584839,1.0760418176651,0.6414250731468201,0.8829047083854675,1.0783973932266235,0.4942820370197296,1.005702257156372,0.5750622749328613,0.9218875169754028,0.9999998211860657,0.10519689321517944,0.11902350187301636,0.22682898930701212,0.11879444121281894,0.08078023791313171,0.08381474018096924
1,128,transformer.h.1.attn.c_proj.weight,transformer.h.1.attn.c_proj.weight,"[384, 384]",outside_cross,0.1192033588886261,0.6928571620353934,,,0.5362281799316406,1.0019282102584839,1.0760418176651,0.6005979776382446,0.9302343130111694,1.076047420501709,0.4942820370197296,1.005702257156372,0.5565824508666992,0.941719114780426,1.000000238418579,0.064369797706604,0.07169389724731445,0.13879626773596546,0.07155592238371888,0.062300413846969604,0.06398314237594604
1,128,transformer.h.1.attn.c_proj.weight,transformer.h.1.attn.c_proj.weight,"[384, 384]",local_cross,0.07684890925884247,0.4466763157600714,,,0.5362281799316406,1.0019282102584839,1.0760418176651,0.6205642819404602,0.9076412916183472,1.0776323080062866,0.4942820370197296,1.005702257156372,0.5612893104553223,0.9367080926895142,0.9999997019767761,0.08433610200881958,0.09428691864013672,0.18184826753033106,0.09410546351999807,0.06700727343559265,0.06899416446685791
1,128,transformer.h.1.attn.c_proj.weight,transformer.h.1.attn.c_proj.weight,"[384, 384]",medium_cross,0.10402815788984299,0.6046528799131322,,,0.5362281799316406,1.0019282102584839,1.0760418176651,0.5911098122596741,0.9439195394515991,1.081407904624939,0.4942820370197296,1.005702257156372,0.5461167693138123,0.9527679681777954,1.0000001192092896,0.05488163232803345,0.058008670806884766,0.1183375745424635,0.05789703315362217,0.05183473229408264,0.05293428897857666
1,128,transformer.h.1.attn.c_proj.weight,transformer.h.1.attn.c_proj.weight,"[384, 384]",distant_cross,0.04919811338186264,0.28595893213966583,,,0.5362281799316406,1.0019282102584839,1.0760418176651,0.5402904152870178,0.9972296357154846,1.0754371881484985,0.4942820370197296,1.005702257156372,0.4985392093658447,1.0014599561691284,0.9999998807907104,0.004062235355377197,0.004698574542999268,0.008759125025704298,0.004689532139021317,0.004257172346115112,0.004242300987243652
1,128,transformer.h.1.mlp.w1.weight,transformer.h.1.mlp.w1.weight,"[1024, 384]",danger_diagonal,0.0,0.0,,,0.8673002123832703,0.5162017941474915,1.0039081573486328,0.8673002123832703,0.5162017941474915,1.0039081573486328,0.8623924851417542,0.5246222615242004,0.8623924851417542,0.5246222615242004,1.0000004768371582,0.0,0.0,0.0,0.0,0.0,0.0
1,128,transformer.h.1.mlp.w1.weight,transformer.h.1.mlp.w1.weight,"[1024, 384]",danger_cross,0.0,0.0,,,0.8673002123832703,0.5162017941474915,1.0039081573486328,0.8673002123832703,0.5162017941474915,1.0039081573486328,0.8623924851417542,0.5246222615242004,0.8623924851417542,0.5246222615242004,1.0000004768371582,0.0,0.0,0.0,0.0,0.0,0.0
1,128,transformer.h.1.mlp.w1.weight,transformer.h.1.mlp.w1.weight,"[1024, 384]",danger_full,0.0,0.0,,,0.8673002123832703,0.5162017941474915,1.0039081573486328,0.8673002123832703,0.5162017941474915,1.0039081573486328,0.8623924851417542,0.5246222615242004,0.8623924851417542,0.5246222615242004,1.0000004768371582,0.0,0.0,0.0,0.0,0.0,0.0
1,128,transformer.h.1.mlp.w1.weight,transformer.h.1.mlp.w1.weight,"[1024, 384]",internal_cross,0.0,0.0,,,0.8673002123832703,0.5162017941474915,1.0039081573486328,0.8673002123832703,0.5162017941474915,1.0039081573486328,0.8623924851417542,0.5246222615242004,0.8623924851417542,0.5246222615242004,1.0000004768371582,0.0,0.0,0.0,0.0,0.0,0.0
1,128,transformer.h.1.mlp.w1.weight,transformer.h.1.mlp.w1.weight,"[1024, 384]",outside_cross,0.0,0.0,,,0.8673002123832703,0.5162017941474915,1.0039081573486328,0.8673002123832703,0.5162017941474915,1.0039081573486328,0.8623924851417542,0.5246222615242004,0.8623924851417542,0.5246222615242004,1.0000004768371582,0.0,0.0,0.0,0.0,0.0,0.0
1,128,transformer.h.1.mlp.w1.weight,transformer.h.1.mlp.w1.weight,"[1024, 384]",local_cross,0.0,0.0,,,0.8673002123832703,0.5162017941474915,1.0039081573486328,0.8673002123832703,0.5162017941474915,1.0039081573486328,0.8623924851417542,0.5246222615242004,0.8623924851417542,0.5246222615242004,1.0000004768371582,0.0,0.0,0.0,0.0,0.0,0.0
1,128,transformer.h.1.mlp.w1.weight,transformer.h.1.mlp.w1.weight,"[1024, 384]",medium_cross,0.0,0.0,,,0.8673002123832703,0.5162017941474915,1.0039081573486328,0.8673002123832703,0.5162017941474915,1.0039081573486328,0.8623924851417542,0.5246222615242004,0.8623924851417542,0.5246222615242004,1.0000004768371582,0.0,0.0,0.0,0.0,0.0,0.0
1,128,transformer.h.1.mlp.w1.weight,transformer.h.1.mlp.w1.weight,"[1024, 384]",distant_cross,0.0,0.0,,,0.8673002123832703,0.5162017941474915,1.0039081573486328,0.8673002123832703,0.5162017941474915,1.0039081573486328,0.8623924851417542,0.5246222615242004,0.8623924851417542,0.5246222615242004,1.0000004768371582,0.0,0.0,0.0,0.0,0.0,0.0
1,128,transformer.h.1.mlp.w2.weight,transformer.h.1.mlp.w2.weight,"[1024, 384]",danger_diagonal,0.0,0.0,,,0.866783082485199,0.5167062878608704,1.0020146369934082,0.866783082485199,0.5167062878608704,1.0020146369934082,0.8623061180114746,0.5247825384140015,0.8623061180114746,0.5247825384140015,1.0,0.0,0.0,0.0,0.0,0.0,0.0
1,128,transformer.h.1.mlp.w2.weight,transformer.h.1.mlp.w2.weight,"[1024, 384]",danger_cross,0.0,0.0,,,0.866783082485199,0.5167062878608704,1.0020146369934082,0.866783082485199,0.5167062878608704,1.0020146369934082,0.8623061180114746,0.5247825384140015,0.8623061180114746,0.5247825384140015,1.0,0.0,0.0,0.0,0.0,0.0,0.0
1,128,transformer.h.1.mlp.w2.weight,transformer.h.1.mlp.w2.weight,"[1024, 384]",danger_full,0.0,0.0,,,0.866783082485199,0.5167062878608704,1.0020146369934082,0.866783082485199,0.5167062878608704,1.0020146369934082,0.8623061180114746,0.5247825384140015,0.8623061180114746,0.5247825384140015,1.0,0.0,0.0,0.0,0.0,0.0,0.0
1,128,transformer.h.1.mlp.w2.weight,transformer.h.1.mlp.w2.weight,"[1024, 384]",internal_cross,0.0,0.0,,,0.866783082485199,0.5167062878608704,1.0020146369934082,0.866783082485199,0.5167062878608704,1.0020146369934082,0.8623061180114746,0.5247825384140015,0.8623061180114746,0.5247825384140015,1.0,0.0,0.0,0.0,0.0,0.0,0.0
1,128,transformer.h.1.mlp.w2.weight,transformer.h.1.mlp.w2.weight,"[1024, 384]",outside_cross,0.0,0.0,,,0.866783082485199,0.5167062878608704,1.0020146369934082,0.866783082485199,0.5167062878608704,1.0020146369934082,0.8623061180114746,0.5247825384140015,0.8623061180114746,0.5247825384140015,1.0,0.0,0.0,0.0,0.0,0.0,0.0
1,128,transformer.h.1.mlp.w2.weight,transformer.h.1.mlp.w2.weight,"[1024, 384]",local_cross,0.0,0.0,,,0.866783082485199,0.5167062878608704,1.0020146369934082,0.866783082485199,0.5167062878608704,1.0020146369934082,0.8623061180114746,0.5247825384140015,0.8623061180114746,0.5247825384140015,1.0,0.0,0.0,0.0,0.0,0.0,0.0
1,128,transformer.h.1.mlp.w2.weight,transformer.h.1.mlp.w2.weight,"[1024, 384]",medium_cross,0.0,0.0,,,0.866783082485199,0.5167062878608704,1.0020146369934082,0.866783082485199,0.5167062878608704,1.0020146369934082,0.8623061180114746,0.5247825384140015,0.8623061180114746,0.5247825384140015,1.0,0.0,0.0,0.0,0.0,0.0,0.0
1,128,transformer.h.1.mlp.w2.weight,transformer.h.1.mlp.w2.weight,"[1024, 384]",distant_cross,0.0,0.0,,,0.866783082485199,0.5167062878608704,1.0020146369934082,0.866783082485199,0.5167062878608704,1.0020146369934082,0.8623061180114746,0.5247825384140015,0.8623061180114746,0.5247825384140015,1.0,0.0,0.0,0.0,0.0,0.0,0.0
1,128,transformer.h.1.mlp.c_proj.weight,transformer.h.1.mlp.c_proj.weight,"[384, 1024]",danger_diagonal,0.0,0.0,,,0.7998788356781006,0.629646360874176,0.9902697205543518,0.7998788356781006,0.629646360874176,0.9902697205543518,0.7971416711807251,0.6369648575782776,0.7971416711807251,0.6369648575782776,0.9999988079071045,0.0,0.0,0.0,0.0,0.0,0.0
1,128,transformer.h.1.mlp.c_proj.weight,transformer.h.1.mlp.c_proj.weight,"[384, 1024]",danger_cross,0.0,0.0,,,0.7998788356781006,0.629646360874176,0.9902697205543518,0.7998788356781006,0.629646360874176,0.9902697205543518,0.7971416711807251,0.6369648575782776,0.7971416711807251,0.6369648575782776,0.9999988079071045,0.0,0.0,0.0,0.0,0.0,0.0
1,128,transformer.h.1.mlp.c_proj.weight,transformer.h.1.mlp.c_proj.weight,"[384, 1024]",danger_full,0.0,0.0,,,0.7998788356781006,0.629646360874176,0.9902697205543518,0.7998788356781006,0.629646360874176,0.9902697205543518,0.7971416711807251,0.6369648575782776,0.7971416711807251,0.6369648575782776,0.9999988079071045,0.0,0.0,0.0,0.0,0.0,0.0
1,128,transformer.h.1.mlp.c_proj.weight,transformer.h.1.mlp.c_proj.weight,"[384, 1024]",internal_cross,0.0,0.0,,,0.7998788356781006,0.629646360874176,0.9902697205543518,0.7998788356781006,0.629646360874176,0.9902697205543518,0.7971416711807251,0.6369648575782776,0.7971416711807251,0.6369648575782776,0.9999988079071045,0.0,0.0,0.0,0.0,0.0,0.0
1,128,transformer.h.1.mlp.c_proj.weight,transformer.h.1.mlp.c_proj.weight,"[384, 1024]",outside_cross,0.0,0.0,,,0.7998788356781006,0.629646360874176,0.9902697205543518,0.7998788356781006,0.629646360874176,0.9902697205543518,0.7971416711807251,0.6369648575782776,0.7971416711807251,0.6369648575782776,0.9999988079071045,0.0,0.0,0.0,0.0,0.0,0.0
1,128,transformer.h.1.mlp.c_proj.weight,transformer.h.1.mlp.c_proj.weight,"[384, 1024]",local_cross,0.0,0.0,,,0.7998788356781006,0.629646360874176,0.9902697205543518,0.7998788356781006,0.629646360874176,0.9902697205543518,0.7971416711807251,0.6369648575782776,0.7971416711807251,0.6369648575782776,0.9999988079071045,0.0,0.0,0.0,0.0,0.0,0.0
1,128,transformer.h.1.mlp.c_proj.weight,transformer.h.1.mlp.c_proj.weight,"[384, 1024]",medium_cross,0.0,0.0,,,0.7998788356781006,0.629646360874176,0.9902697205543518,0.7998788356781006,0.629646360874176,0.9902697205543518,0.7971416711807251,0.6369648575782776,0.7971416711807251,0.6369648575782776,0.9999988079071045,0.0,0.0,0.0,0.0,0.0,0.0
1,128,transformer.h.1.mlp.c_proj.weight,transformer.h.1.mlp.c_proj.weight,"[384, 1024]",distant_cross,0.0,0.0,,,0.7998788356781006,0.629646360874176,0.9902697205543518,0.7998788356781006,0.629646360874176,0.9902697205543518,0.7971416711807251,0.6369648575782776,0.7971416711807251,0.6369648575782776,0.9999988079071045,0.0,0.0,0.0,0.0,0.0,0.0
1,128,transformer.h.2.attn.c_attn.weight,transformer.h.2.attn.c_attn.weight,"[1152, 384]",danger_diagonal,0.0014525200240314007,0.03503356424409536,,,0.5154010653495789,1.0185470581054688,1.0659235715866089,0.521516740322113,1.0125675201416016,1.0667437314987183,0.5096626877784729,0.9902927875518799,0.5147828459739685,0.9851085543632507,1.000001072883606,0.00611567497253418,0.0059795379638671875,0.01262007514924871,0.005870654592031639,0.0051201581954956055,0.00518423318862915
1,128,transformer.h.2.attn.c_attn.weight,transformer.h.2.attn.c_attn.weight,"[1152, 384]",danger_cross,0.03594503179192543,0.8669640071765692,,,0.5154010653495789,1.0185470581054688,1.0659235715866089,0.7305171489715576,0.7823955416679382,1.1123497486114502,0.5096626877784729,0.9902927875518799,0.7085116505622864,0.7635316252708435,1.0000007152557373,0.21511608362197876,0.23615151643753052,0.4439053993735226,0.23185135586840744,0.19884896278381348,0.22676116228103638
1,128,transformer.h.2.attn.c_attn.weight,transformer.h.2.attn.c_attn.weight,"[1152, 384]",danger_full,0.03597436845302582,0.867671582827413,,,0.5154010653495789,1.0185470581054688,1.0659235715866089,0.738233208656311,0.7723569273948669,1.1144251823425293,0.5096626877784729,0.9902927875518799,0.7150148749351501,0.7549675107002258,0.9999997019767761,0.22283214330673218,0.2461901307106018,0.4598279677760297,0.2417071737151974,0.20535218715667725,0.23532527685165405
1,128,transformer.h.2.attn.c_attn.weight,transformer.h.2.attn.c_attn.weight,"[1152, 384]",internal_cross,0.02085527591407299,0.5030117564480583,,,0.5154010653495789,1.0185470581054688,1.0659235715866089,0.5981001257896423,0.9492706656455994,1.106858491897583,0.5096626877784729,0.9902927875518799,0.5806431174278259,0.9158146977424622,1.000000238418579,0.08269906044006348,0.06927639245986938,0.1706546476411896,0.06801491586331393,0.07098042964935303,0.07447808980941772
1,128,transformer.h.2.attn.c_attn.weight,transformer.h.2.attn.c_attn.weight,"[1152, 384]",outside_cross,0.02927633933722973,0.7061207405293582,,,0.5154010653495789,1.0185470581054688,1.0659235715866089,0.556451678276062,0.9785173535346985,1.0733014345169067,0.5096626877784729,0.9902927875518799,0.5562009811401367,0.9421263933181763,1.0000008344650269,0.041050612926483154,0.040029704570770264,0.0847104894196603,0.03930079052530655,0.04653829336166382,0.04816639423370361
1,128,transformer.h.2.attn.c_attn.weight,transformer.h.2.attn.c_attn.weight,"[1152, 384]",local_cross,0.021647267043590546,0.5221139179726192,,,0.5154010653495789,1.0185470581054688,1.0659235715866089,0.5711279511451721,0.9778617024421692,1.102540135383606,0.5096626877784729,0.9902927875518799,0.5612255930900574,0.9367779493331909,1.0000003576278687,0.05572688579559326,0.04068535566329956,0.11499589002562169,0.03994450265162581,0.05156290531158447,0.053514838218688965
1,128,transformer.h.2.attn.c_attn.weight,transformer.h.2.attn.c_attn.weight,"[1152, 384]",medium_cross,0.02609631046652794,0.6294211123682247,,,0.5154010653495789,1.0185470581054688,1.0659235715866089,0.5443775057792664,0.9959566593170166,1.0812888145446777,0.5096626877784729,0.9902927875518799,0.5447924733161926,0.9541588425636292,1.0000007152557373,0.0289764404296875,0.02259039878845215,0.05979468454793541,0.02217904279304585,0.03512978553771973,0.03613394498825073
1,128,transformer.h.2.attn.c_attn.weight,transformer.h.2.attn.c_attn.weight,"[1152, 384]",distant_cross,0.011934217996895313,0.28784332469087703,,,0.5154010653495789,1.0185470581054688,1.0659235715866089,0.5162339806556702,1.0178097486495972,1.0661718845367432,0.5096626877784729,0.9902927875518799,0.5102663636207581,0.9896830916404724,1.0000004768371582,0.0008329153060913086,0.000737309455871582,0.001718772466332711,0.0007238835456881119,0.0006036758422851562,0.0006096959114074707
1,128,transformer.h.2.attn.c_proj.weight,transformer.h.2.attn.c_proj.weight,"[384, 384]",danger_diagonal,0.005215131212025881,0.03485696498831483,,,0.5127481818199158,1.0367149114608765,1.093855381011963,0.5163029432296753,1.0328757762908936,1.09371018409729,0.467769980430603,1.0317273139953613,0.47101548314094543,1.028577208518982,1.0000003576278687,0.0035547614097595215,0.00383913516998291,0.007295532365660073,0.0037031734834150607,0.0032455027103424072,0.0031501054763793945
1,128,transformer.h.2.attn.c_proj.weight,transformer.h.2.attn.c_proj.weight,"[384, 384]",danger_cross,0.12067440897226334,0.8065652574248009,,,0.5127481818199158,1.0367149114608765,1.093855381011963,0.8608141541481018,0.5659797191619873,1.1084644794464111,0.467769980430603,1.0317273139953613,0.78123539686203,0.6614611148834229,1.0000007152557373,0.34806597232818604,0.47073519229888916,0.7143451483223481,0.4540642630822753,0.313465416431427,0.3702661991119385
1,128,transformer.h.2.attn.c_proj.weight,transformer.h.2.attn.c_proj.weight,"[384, 384]",danger_full,0.12078704684972763,0.8073181080035317,,,0.5127481818199158,1.0367149114608765,1.093855381011963,0.8692271113395691,0.5502473711967468,1.110733985900879,0.467769980430603,1.0317273139953613,0.8020689487457275,0.6291776299476624,1.0000003576278687,0.3564789295196533,0.48646754026412964,0.7316112864414221,0.4692394552120686,0.3342989683151245,0.402549684047699
1,128,transformer.h.2.attn.c_proj.weight,transformer.h.2.attn.c_proj.weight,"[384, 384]",internal_cross,0.06135065481066704,0.4100563417875894,,,0.5127481818199158,1.0367149114608765,1.093855381011963,0.6149086356163025,0.9227684140205383,1.0940862894058228,0.467769980430603,1.0317273139953613,0.5434481501579285,0.9555657505989075,0.9999994039535522,0.10216045379638672,0.11394649744033813,0.20966664460681203,0.10991112038677206,0.07567816972732544,0.07616156339645386
1,128,transformer.h.2.attn.c_proj.weight,transformer.h.2.attn.c_proj.weight,"[384, 384]",outside_cross,0.10391543060541153,0.6945513696771228,,,0.5127481818199158,1.0367149114608765,1.093855381011963,0.5754861831665039,0.9707697629928589,1.0985339879989624,0.467769980430603,1.0317273139953613,0.5296407341957092,0.9699072241783142,1.0,0.06273800134658813,0.06594514846801758,0.1287588860743885,0.06360972311577118,0.0618707537651062,0.06182008981704712
1,128,transformer.h.2.attn.c_proj.weight,transformer.h.2.attn.c_proj.weight,"[384, 384]",local_cross,0.06718386709690094,0.44904444547360917,,,0.5127481818199158,1.0367149114608765,1.093855381011963,0.5912783741950989,0.9506362080574036,1.0945837497711182,0.467769980430603,1.0317273139953613,0.5291007161140442,0.9704651236534119,0.9999991059303284,0.0785301923751831,0.0860787034034729,0.1611696240939608,0.08303025494460763,0.06133073568344116,0.06126219034194946
1,128,transformer.h.2.attn.c_proj.weight,transformer.h.2.attn.c_proj.weight,"[384, 384]",medium_cross,0.09055276960134506,0.6052378341527642,,,0.5127481818199158,1.0367149114608765,1.093855381011963,0.5662022233009338,0.9815271496772766,1.0990989208221436,0.467769980430603,1.0317273139953613,0.5174635052680969,0.9823823571205139,1.0000001192092896,0.053454041481018066,0.055187761783599854,0.10970516576145826,0.05323330567883177,0.049693524837493896,0.04934495687484741
1,128,transformer.h.2.attn.c_proj.weight,transformer.h.2.attn.c_proj.weight,"[384, 384]",distant_cross,0.04299835115671158,0.28739296479609344,,,0.5127481818199158,1.0367149114608765,1.093855381011963,0.5165428519248962,1.0333224534988403,1.0949639081954956,0.467769980430603,1.0317273139953613,0.47091999650001526,1.0286695957183838,1.0000009536743164,0.0037946701049804688,0.003392457962036133,0.007787903427746657,0.003272315199224524,0.0031500160694122314,0.003057718276977539
1,128,transformer.h.2.mlp.w1.weight,transformer.h.2.mlp.w1.weight,"[1024, 384]",danger_diagonal,0.00031872224644757807,0.013072840964002698,,,0.8147425651550293,0.6021025776863098,0.9769784808158875,0.8162407279014587,0.5995197892189026,0.9764383435249329,0.8212066888809204,0.5979936122894287,0.822373628616333,0.5960403084754944,0.9999995231628418,0.0014981627464294434,0.0025827884674072266,0.008086923732281802,0.00428961536310319,0.0011669397354125977,0.001953303813934326
1,128,transformer.h.2.mlp.w1.weight,transformer.h.2.mlp.w1.weight,"[1024, 384]",danger_cross,0.008525006473064423,0.34966512404334116,,,0.8147425651550293,0.6021025776863098,0.9769784808158875,0.828071117401123,0.5786433815956116,0.9713207483291626,0.8212066888809204,0.5979936122894287,0.8325203061103821,0.5787654519081116,1.000000238418579,0.01332855224609375,0.023459196090698242,0.0719461124852965,0.03896212532562895,0.01131361722946167,0.01922816038131714
1,128,transformer.h.2.mlp.w1.weight,transformer.h.2.mlp.w1.weight,"[1024, 384]",danger_full,0.008530961349606514,0.3499093716754494,,,0.8147425651550293,0.6021025776863098,0.9769784808158875,0.829265296459198,0.5764444470405579,0.9705448150634766,0.8212066888809204,0.5979936122894287,0.8336203694343567,0.5768619179725647,1.000000238418579,0.014522731304168701,0.025658130645751953,0.07839216448355653,0.042614218235617014,0.01241368055343628,0.021131694316864014
1,128,transformer.h.2.mlp.w1.weight,transformer.h.2.mlp.w1.weight,"[1024, 384]",internal_cross,0.00153705186676234,0.06304434293987207,,,0.8147425651550293,0.6021025776863098,0.9769784808158875,0.8157429099082947,0.6004297137260437,0.9768069982528687,0.8212066888809204,0.5979936122894287,0.8218731880187988,0.5968788862228394,0.9999998807907104,0.0010003447532653809,0.0016728639602661133,0.005399754963154386,0.002778370367877184,0.000666499137878418,0.0011147260665893555
1,128,transformer.h.2.mlp.w1.weight,transformer.h.2.mlp.w1.weight,"[1024, 384]",outside_cross,0.00838529597967863,0.3439347017669181,,,0.8147425651550293,0.6021025776863098,0.9769784808158875,0.8262984752655029,0.5817185044288635,0.9717460870742798,0.8212066888809204,0.5979936122894287,0.8313865661621094,0.5807217359542847,0.9999995231628418,0.011555910110473633,0.02038407325744629,0.06237757809905975,0.033854818120486796,0.010179877281188965,0.017271876335144043
1,128,transformer.h.2.mlp.w1.weight,transformer.h.2.mlp.w1.weight,"[1024, 384]",local_cross,0.0059532285667955875,0.24418003808490604,,,0.8147425651550293,0.6021025776863098,0.9769784808158875,0.8253850936889648,0.5834474563598633,0.9725633263587952,0.8212066888809204,0.5979936122894287,0.8300432562828064,0.583030104637146,0.9999998807907104,0.010642528533935547,0.018655121326446533,0.05744724114765787,0.0309832942388858,0.008836567401885986,0.014963507652282715
1,128,transformer.h.2.mlp.w1.weight,transformer.h.2.mlp.w1.weight,"[1024, 384]",medium_cross,0.005893162917345762,0.24171636103879732,,,0.8147425651550293,0.6021025776863098,0.9769784808158875,0.817023515701294,0.5981136560440063,0.9759482145309448,0.8212066888809204,0.5979936122894287,0.8231603503227234,0.5947185158729553,0.9999998807907104,0.0022809505462646484,0.003988921642303467,0.012312329317165705,0.006624986821401154,0.0019536614418029785,0.0032750964164733887
1,128,transformer.h.2.mlp.w1.weight,transformer.h.2.mlp.w1.weight,"[1024, 384]",distant_cross,0.0015828474424779415,0.0649227128524143,,,0.8147425651550293,0.6021025776863098,0.9769784808158875,0.8147417902946472,0.6021041870117188,0.9769832491874695,0.8212066888809204,0.5979936122894287,0.8212069272994995,0.5979945659637451,0.9999991059303284,-7.748603820800781e-07,-1.6093254089355469e-06,-4.182614223977061e-06,-2.672842582936078e-06,2.384185791015625e-07,-9.5367431640625e-07
1,128,transformer.h.2.mlp.w2.weight,transformer.h.2.mlp.w2.weight,"[1024, 384]",danger_diagonal,0.0003436395199969411,0.01427739654946653,,,0.8089706897735596,0.61119145154953,0.9762448668479919,0.810338020324707,0.6088694930076599,0.9757496118545532,0.8163695335388184,0.6060256958007812,0.8174030780792236,0.6043204665184021,0.9999978542327881,0.001367330551147461,0.002321958541870117,0.007157700300161625,0.003799069073992029,0.0010335445404052734,0.0017052292823791504
1,128,transformer.h.2.mlp.w2.weight,transformer.h.2.mlp.w2.weight,"[1024, 384]",danger_cross,0.008406774140894413,0.3492812704208723,,,0.8089706897735596,0.61119145154953,0.9762448668479919,0.8226963877677917,0.5874003767967224,0.9705463647842407,0.8163695335388184,0.6060256958007812,0.8278700113296509,0.5867457985877991,0.9999975562095642,0.013725697994232178,0.023791074752807617,0.07185126710640449,0.038925732178503196,0.01150047779083252,0.019279897212982178
1,128,transformer.h.2.mlp.w2.weight,transformer.h.2.mlp.w2.weight,"[1024, 384]",danger_full,0.008413794450461864,0.3495729474188946,,,0.8089706897735596,0.61119145154953,0.9762448668479919,0.8238087296485901,0.5853666067123413,0.9697737693786621,0.8163695335388184,0.6060256958007812,0.8288461565971375,0.5850769281387329,0.9999993443489075,0.014838039875030518,0.02582484483718872,0.07767415302626571,0.04225328212905464,0.012476623058319092,0.02094876766204834
1,128,transformer.h.2.mlp.w2.weight,transformer.h.2.mlp.w2.weight,"[1024, 384]",internal_cross,0.0015293169999495149,0.06353944755339569,,,0.8089706897735596,0.61119145154953,0.9762448668479919,0.8100947141647339,0.6093876361846924,0.9762199521064758,0.8163695335388184,0.6060256958007812,0.8170934915542603,0.6048311591148376,0.9999992251396179,0.0011240243911743164,0.0018038153648376465,0.005884041510917521,0.002951309872323154,0.0007239580154418945,0.0011945366859436035
1,128,transformer.h.2.mlp.w2.weight,transformer.h.2.mlp.w2.weight,"[1024, 384]",outside_cross,0.008266501128673553,0.3434532637332737,,,0.8089706897735596,0.61119145154953,0.9762448668479919,0.8207477331161499,0.590699315071106,0.9708896279335022,0.8163695335388184,0.6060256958007812,0.8266531825065613,0.588812530040741,0.9999992251396179,0.011777043342590332,0.020492136478424072,0.061650452114548164,0.033528179143329236,0.01028364896774292,0.017213165760040283
1,128,transformer.h.2.mlp.w2.weight,transformer.h.2.mlp.w2.weight,"[1024, 384]",local_cross,0.005784549284726381,0.2403341268743091,,,0.8089706897735596,0.61119145154953,0.9762448668479919,0.8196094036102295,0.592840313911438,0.9719553589820862,0.8163695335388184,0.6060256958007812,0.8250542283058167,0.5915231108665466,0.9999983310699463,0.010638713836669922,0.01835113763809204,0.05569152620641884,0.030025187020477972,0.008684694766998291,0.01450258493423462
1,128,transformer.h.2.mlp.w2.weight,transformer.h.2.mlp.w2.weight,"[1024, 384]",medium_cross,0.005919948685914278,0.2459596467310972,,,0.8089706897735596,0.61119145154953,0.9762448668479919,0.8116540908813477,0.6065616011619568,0.9750246405601501,0.8163695335388184,0.6060256958007812,0.8186602592468262,0.6022358536720276,0.9999980330467224,0.002683401107788086,0.004629850387573242,0.014047064843647619,0.007575122943613432,0.0022907257080078125,0.003789842128753662
1,128,transformer.h.2.mlp.w2.weight,transformer.h.2.mlp.w2.weight,"[1024, 384]",distant_cross,0.0014721008483320475,0.061162253900918666,,,0.8089706897735596,0.61119145154953,0.9762448668479919,0.8089641332626343,0.6112000942230225,0.9762357473373413,0.8163695335388184,0.6060256958007812,0.8163633942604065,0.6060368418693542,0.999998927116394,-6.556510925292969e-06,-8.64267349243164e-06,-3.4322015388743625e-05,-1.4140697600596679e-05,-6.139278411865234e-06,-1.1146068572998047e-05
1,128,transformer.h.2.mlp.c_proj.weight,transformer.h.2.mlp.c_proj.weight,"[384, 1024]",danger_diagonal,0.00029879543581046164,0.0030257239768380377,,,0.7702755331993103,0.6705778241157532,0.9776133298873901,0.7704086303710938,0.6703758835792542,0.9775893092155457,0.7739686965942383,0.6723639369010925,0.7740710377693176,0.6722116470336914,0.9999992251396179,0.00013309717178344727,0.00020194053649902344,0.0005793774326133191,0.00030114407192827935,0.0001023411750793457,0.00015228986740112305
1,128,transformer.h.2.mlp.c_proj.weight,transformer.h.2.mlp.c_proj.weight,"[384, 1024]",danger_cross,0.006407236680388451,0.06488228174082676,,,0.7702755331993103,0.6705778241157532,0.9776133298873901,0.770728349685669,0.6698810458183289,0.9774963855743408,0.7739686965942383,0.6723639369010925,0.7743847370147705,0.6717440485954285,0.9999995827674866,0.0004528164863586426,0.0006967782974243164,0.00197112868587702,0.0010390714878517077,0.00041604042053222656,0.0006198883056640625
1,128,transformer.h.2.mlp.c_proj.weight,transformer.h.2.mlp.c_proj.weight,"[384, 1024]",danger_full,0.006414199713617563,0.06495279224422752,,,0.7702755331993103,0.6705778241157532,0.9776133298873901,0.7708635330200195,0.6696742177009583,0.9774576425552368,0.7739686965942383,0.6723639369010925,0.7744952440261841,0.671578049659729,1.0000005960464478,0.0005879998207092285,0.0009036064147949219,0.002559587269471739,0.001347504170729845,0.0005265474319458008,0.0007858872413635254
1,128,transformer.h.2.mlp.c_proj.weight,transformer.h.2.mlp.c_proj.weight,"[384, 1024]",internal_cross,0.0,0.0,,,0.7702755331993103,0.6705778241157532,0.9776133298873901,0.7702755331993103,0.6705778241157532,0.9776133298873901,0.7739686965942383,0.6723639369010925,0.7739686965942383,0.6723639369010925,0.9999993443489075,0.0,0.0,0.0,0.0,0.0,0.0
1,128,transformer.h.2.mlp.c_proj.weight,transformer.h.2.mlp.c_proj.weight,"[384, 1024]",outside_cross,0.006407236680388451,0.06488228174082676,,,0.7702755331993103,0.6705778241157532,0.9776133298873901,0.770728349685669,0.6698810458183289,0.9774963855743408,0.7739686965942383,0.6723639369010925,0.7743847370147705,0.6717440485954285,0.9999995827674866,0.0004528164863586426,0.0006967782974243164,0.00197112868587702,0.0010390714878517077,0.00041604042053222656,0.0006198883056640625
1,128,transformer.h.2.mlp.c_proj.weight,transformer.h.2.mlp.c_proj.weight,"[384, 1024]",local_cross,0.003895302303135395,0.03944541369469115,,,0.7702755331993103,0.6705778241157532,0.9776133298873901,0.770540177822113,0.6701623201370239,0.9775187969207764,0.7739686965942383,0.6723639369010925,0.7742134928703308,0.6719983816146851,1.0000003576278687,0.0002646446228027344,0.00041550397872924805,0.0011520088673547411,0.0006196208162373186,0.0002447962760925293,0.0003655552864074707
1,128,transformer.h.2.mlp.c_proj.weight,transformer.h.2.mlp.c_proj.weight,"[384, 1024]",medium_cross,0.004971738904714584,0.050345848054104386,,,0.7702755331993103,0.6705778241157532,0.9776133298873901,0.7704254984855652,0.6703478693962097,0.9775769710540771,0.7739686965942383,0.6723639369010925,0.7740950584411621,0.6721751093864441,1.0000001192092896,0.0001499652862548828,0.00022995471954345703,0.0006528050248343533,0.0003429202566408801,0.00012636184692382812,0.0001888275146484375
1,128,transformer.h.2.mlp.c_proj.weight,transformer.h.2.mlp.c_proj.weight,"[384, 1024]",distant_cross,0.001077545341104269,0.010911661906299958,,,0.7702755331993103,0.6705778241157532,0.9776133298873901,0.7702758312225342,0.6705783009529114,0.9776121377944946,0.7739686965942383,0.6723639369010925,0.7739676833152771,0.6723641157150269,1.000000238418579,2.980232238769531e-07,-4.76837158203125e-07,1.297307283057141e-06,-7.110839951080976e-07,-1.0132789611816406e-06,-1.7881393432617188e-07
1,128,transformer.h.3.attn.c_attn.weight,transformer.h.3.attn.c_attn.weight,"[1152, 384]",danger_diagonal,0.0013405262725427747,0.03550230008614995,,,0.4999987483024597,1.0467220544815063,1.087897777557373,0.5045703649520874,1.0422815084457397,1.0884711742401123,0.48282861709594727,1.017028570175171,0.4871635138988495,1.0127568244934082,1.000001072883606,0.0045716166496276855,0.0044405460357666016,0.009143210410187409,0.0042423354096290875,0.004334896802902222,0.004271745681762695
1,128,transformer.h.3.attn.c_attn.weight,transformer.h.3.attn.c_attn.weight,"[1152, 384]",danger_cross,0.03275724872946739,0.8675381439442074,,,0.4999987483024597,1.0467220544815063,1.087897777557373,0.7279437184333801,0.7987196445465088,1.1376404762268066,0.48282861709594727,1.017028570175171,0.6879743337631226,0.7899712324142456,1.0,0.2279449701309204,0.24800240993499756,0.45588879899206414,0.23693243958430352,0.2051457166671753,0.2270573377609253
1,128,transformer.h.3.attn.c_attn.weight,transformer.h.3.attn.c_attn.weight,"[1152, 384]",danger_full,0.03278466686606407,0.868264281829899,,,0.4999987483024597,1.0467220544815063,1.087897777557373,0.7339985966682434,0.7904857397079468,1.1384992599487305,0.48282861709594727,1.017028570175171,0.6952530145645142,0.7807030081748962,1.000000238418579,0.2339998483657837,0.25623631477355957,0.4679985251463618,0.24479881137164555,0.2124243974685669,0.23632556200027466
1,128,transformer.h.3.attn.c_attn.weight,transformer.h.3.attn.c_attn.weight,"[1152, 384]",internal_cross,0.019165638834238052,0.5075799521222564,,,0.4999987483024597,1.0467220544815063,1.087897777557373,0.5912347435951233,0.9686278700828552,1.1276991367340088,0.48282861709594727,1.017028570175171,0.5562943816184998,0.94202721118927,1.0000007152557373,0.09123599529266357,0.07809418439865112,0.18247153378698713,0.07460832994231222,0.07346576452255249,0.07500135898590088
1,128,transformer.h.3.attn.c_attn.weight,transformer.h.3.attn.c_attn.weight,"[1152, 384]",outside_cross,0.02656533196568489,0.7035523336256302,,,0.4999987483024597,1.0467220544815063,1.087897777557373,0.5330270528793335,1.0230863094329834,1.1081976890563965,0.48282861709594727,1.017028570175171,0.5246184468269348,0.9750718474388123,1.000001311302185,0.03302830457687378,0.02363574504852295,0.06605644378837114,0.022580727087317284,0.04178982973098755,0.04195672273635864
1,128,transformer.h.3.attn.c_attn.weight,transformer.h.3.attn.c_attn.weight,"[1152, 384]",local_cross,0.020161721855401993,0.5339600679412492,,,0.4999987483024597,1.0467220544815063,1.087897777557373,0.5538495779037476,1.0105717182159424,1.1265639066696167,0.48282861709594727,1.017028570175171,0.5344534516334534,0.9649326801300049,1.0000009536743164,0.05385082960128784,0.036150336265563965,0.10770138958344683,0.03453671020954176,0.051624834537506104,0.052095890045166016
1,128,transformer.h.3.attn.c_attn.weight,transformer.h.3.attn.c_attn.weight,"[1152, 384]",medium_cross,0.023813318461179733,0.6306684138701808,,,0.4999987483024597,1.0467220544815063,1.087897777557373,0.5294129848480225,1.0267064571380615,1.1076875925064087,0.48282861709594727,1.017028570175171,0.5164211988449097,0.9834429025650024,1.000000238418579,0.029414236545562744,0.020015597343444824,0.05882832582058403,0.019122170262629603,0.0335925817489624,0.03358566761016846
1,128,transformer.h.3.attn.c_attn.weight,transformer.h.3.attn.c_attn.weight,"[1152, 384]",distant_cross,0.00997347105294466,0.2641359363666428,,,0.4999987483024597,1.0467220544815063,1.087897777557373,0.5005345940589905,1.046404480934143,1.0883234739303589,0.48282861709594727,1.017028570175171,0.48319995403289795,1.0166633129119873,1.0000008344650269,0.0005358457565307617,0.00031757354736328125,0.001071688830200978,0.0003033981619128024,0.0003713369369506836,0.00036525726318359375
1,128,transformer.h.3.attn.c_proj.weight,transformer.h.3.attn.c_proj.weight,"[384, 384]",danger_diagonal,0.004751339554786682,0.03396774259184432,,,0.4858713448047638,1.0740824937820435,1.1101481914520264,0.49112969636917114,1.0686150789260864,1.11011803150177,0.4394327998161316,1.059528112411499,0.44503235816955566,1.054222583770752,1.0013048648834229,0.005258351564407349,0.005467414855957031,0.01022769594978232,0.005090311859292344,0.005599558353424072,0.00530552864074707
1,128,transformer.h.3.attn.c_proj.weight,transformer.h.3.attn.c_proj.weight,"[384, 384]",danger_cross,0.11329653114080429,0.8099668234535375,,,0.4858713448047638,1.0740824937820435,1.1101481914520264,0.844624400138855,0.605232834815979,1.1269251108169556,0.4394327998161316,1.059528112411499,0.7549824714660645,0.700483500957489,1.0013046264648438,0.3587530553340912,0.46884965896606445,0.6977884848644696,0.43651177789441287,0.31554967164993286,0.35904461145401
1,128,transformer.h.3.attn.c_proj.weight,transformer.h.3.attn.c_proj.weight,"[384, 384]",danger_full,0.11339610815048218,0.8106787082165191,,,0.4858713448047638,1.0740824937820435,1.1101481914520264,0.8535357713699341,0.5910109877586365,1.1324883699417114,0.4394327998161316,1.059528112411499,0.7758429646492004,0.6700014472007751,1.0013047456741333,0.3676644265651703,0.483071506023407,0.7151214445060501,0.44975270411718815,0.33641016483306885,0.3895266652107239
1,128,transformer.h.3.attn.c_proj.weight,transformer.h.3.attn.c_proj.weight,"[384, 384]",internal_cross,0.05821448937058449,0.41618048284163306,,,0.4858713448047638,1.0740824937820435,1.1101481914520264,0.5884963870048523,0.9623762369155884,1.11050546169281,0.4394327998161316,1.059528112411499,0.5116244554519653,0.9889528155326843,1.001304268836975,0.1026250422000885,0.11170625686645508,0.1996096524927549,0.10400156181031929,0.07219165563583374,0.0705752968788147
1,128,transformer.h.3.attn.c_proj.weight,transformer.h.3.attn.c_proj.weight,"[384, 384]",outside_cross,0.09719657152891159,0.6948668021795552,,,0.4858713448047638,1.0740824937820435,1.1101481914520264,0.5463047027587891,1.0135657787322998,1.1170605421066284,0.4394327998161316,1.059528112411499,0.49837079644203186,1.0022823810577393,1.001304268836975,0.06043335795402527,0.06051671504974365,0.11754520457739549,0.056342706821943526,0.05893799662590027,0.057245731353759766
1,128,transformer.h.3.attn.c_proj.weight,transformer.h.3.attn.c_proj.weight,"[384, 384]",local_cross,0.06345619261264801,0.45365387837908233,,,0.4858713448047638,1.0740824937820435,1.1101481914520264,0.5617678165435791,0.9919810891151428,1.1091331243515015,0.4394327998161316,1.059528112411499,0.4948720335960388,1.005771517753601,1.0013046264648438,0.07589647173881531,0.08210140466690063,0.1476215553672927,0.07643863962236865,0.05543923377990723,0.05375659465789795
1,128,transformer.h.3.attn.c_proj.weight,transformer.h.3.attn.c_proj.weight,"[384, 384]",medium_cross,0.08514507114887238,0.6087095705116398,,,0.4858713448047638,1.0740824937820435,1.1101481914520264,0.5396732687950134,1.0197842121124268,1.1151787042617798,0.4394327998161316,1.059528112411499,0.4880044162273407,1.0125858783721924,1.0013041496276855,0.053801923990249634,0.0542982816696167,0.10464681057277149,0.050553176300660474,0.048571616411209106,0.04694223403930664
1,128,transformer.h.3.attn.c_proj.weight,transformer.h.3.attn.c_proj.weight,"[384, 384]",distant_cross,0.039493389427661896,0.28234169978586465,,,0.4858713448047638,1.0740824937820435,1.1101481914520264,0.4913523495197296,1.068629264831543,1.1105397939682007,0.4394327998161316,1.059528112411499,0.4433176517486572,1.0558497905731201,1.0013045072555542,0.00548100471496582,0.005453228950500488,0.010660764887505546,0.005077104395676964,0.0038848519325256348,0.0036783218383789062
1,128,transformer.h.3.mlp.w1.weight,transformer.h.3.mlp.w1.weight,"[1024, 384]",danger_diagonal,0.0004362975596450269,0.01978037888890118,,,0.7608460187911987,0.6765403747558594,0.9521146416664124,0.7632347345352173,0.6729494333267212,0.951326310634613,0.7799162864685059,0.6634589433670044,0.7816963195800781,0.6607716679573059,1.0000001192092896,0.0023887157440185547,0.0035909414291381836,0.009988191423554048,0.00530780063264374,0.0017800331115722656,0.0026872754096984863
1,128,transformer.h.3.mlp.w1.weight,transformer.h.3.mlp.w1.weight,"[1024, 384]",danger_cross,0.011468912474811077,0.5199649394784193,,,0.7608460187911987,0.6765403747558594,0.9521146416664124,0.7939751744270325,0.6255524754524231,0.9412940740585327,0.7799162864685059,0.6634589433670044,0.8075578212738037,0.6204010248184204,0.9999998211860657,0.03312915563583374,0.05098789930343628,0.13852646511834246,0.07536564143985655,0.02764153480529785,0.043057918548583984
1,128,transformer.h.3.mlp.w1.weight,transformer.h.3.mlp.w1.weight,"[1024, 384]",danger_full,0.011477208696305752,0.5203410644437856,,,0.7608460187911987,0.6765403747558594,0.9521146416664124,0.7961018681526184,0.6220179796218872,0.9398983716964722,0.7799162864685059,0.6634589433670044,0.8092753887176514,0.617626428604126,0.9999993443489075,0.03525584936141968,0.05452239513397217,0.14741903598350886,0.08059000935996978,0.029359102249145508,0.04583251476287842
1,128,transformer.h.3.mlp.w1.weight,transformer.h.3.mlp.w1.weight,"[1024, 384]",internal_cross,0.003221560502424836,0.14605556676349027,,,0.7608460187911987,0.6765403747558594,0.9521146416664124,0.7665806412696838,0.6682984232902527,0.9516727328300476,0.7799162864685059,0.6634589433670044,0.7836682796478271,0.6577809453010559,0.9999997019767761,0.005734622478485107,0.00824195146560669,0.023978787430171636,0.012182497561333175,0.003751993179321289,0.005677998065948486
1,128,transformer.h.3.mlp.w1.weight,transformer.h.3.mlp.w1.weight,"[1024, 384]",outside_cross,0.011007153429090977,0.49903021573815287,,,0.7608460187911987,0.6765403747558594,0.9521146416664124,0.784392774105072,0.640191912651062,0.9428430795669556,0.7799162864685059,0.6634589433670044,0.8014094233512878,0.6302312016487122,1.0000007152557373,0.02354675531387329,0.03634846210479736,0.09845855458837216,0.053726966580397065,0.021493136882781982,0.033227741718292236
1,128,transformer.h.3.mlp.w1.weight,transformer.h.3.mlp.w1.weight,"[1024, 384]",local_cross,0.008287277072668076,0.37571945299911524,,,0.7608460187911987,0.6765403747558594,0.9521146416664124,0.7870561480522156,0.6365571022033691,0.9440691471099854,0.7799162864685059,0.6634589433670044,0.8014269471168518,0.630203127861023,1.0000008344650269,0.026210129261016846,0.039983272552490234,0.10959520359451272,0.059099610377161674,0.021510660648345947,0.033255815505981445
1,128,transformer.h.3.mlp.w1.weight,transformer.h.3.mlp.w1.weight,"[1024, 384]",medium_cross,0.007661611307412386,0.34735370668451077,,,0.7608460187911987,0.6765403747558594,0.9521146416664124,0.7661688923835754,0.6684487462043762,0.9500958323478699,0.7799162864685059,0.6634589433670044,0.7845132946968079,0.6564931869506836,1.000000238418579,0.005322873592376709,0.008091628551483154,0.02225709798127675,0.011960304001669007,0.004597008228302002,0.006965756416320801
1,128,transformer.h.3.mlp.w1.weight,transformer.h.3.mlp.w1.weight,"[1024, 384]",distant_cross,0.0020388260018080473,0.09243405082787605,,,0.7608460187911987,0.6765403747558594,0.9521146416664124,0.7608355283737183,0.6765517592430115,0.9521084427833557,0.7799162864685059,0.6634589433670044,0.7799074053764343,0.6634721755981445,1.0000008344650269,-1.049041748046875e-05,-1.138448715209961e-05,-4.38646993349015e-05,-1.682750590636647e-05,-8.881092071533203e-06,-1.3232231140136719e-05
1,128,transformer.h.3.mlp.w2.weight,transformer.h.3.mlp.w2.weight,"[1024, 384]",danger_diagonal,0.00043241321691311896,0.020348484275092834,,,0.7582491636276245,0.6796755790710449,0.9503273963928223,0.7603892683982849,0.6764866709709167,0.9496458768844604,0.7776027917861938,0.6669371128082275,0.7792531251907349,0.6644595265388489,0.9999998807907104,0.0021401047706604004,0.003188908100128174,0.008852522716256245,0.004691809148839294,0.0016503334045410156,0.002477586269378662
1,128,transformer.h.3.mlp.w2.weight,transformer.h.3.mlp.w2.weight,"[1024, 384]",danger_cross,0.011359495110809803,0.5345546773186396,,,0.7582491636276245,0.6796755790710449,0.9503273963928223,0.7931621670722961,0.6263189315795898,0.9393559694290161,0.7776027917861938,0.6669371128082275,0.8065506219863892,0.6220220923423767,1.0000004768371582,0.03491300344467163,0.05335664749145508,0.14441730158440555,0.07850311109364992,0.028947830200195312,0.04491502046585083
1,128,transformer.h.3.mlp.w2.weight,transformer.h.3.mlp.w2.weight,"[1024, 384]",danger_full,0.011367721483111382,0.5349417936251547,,,0.7582491636276245,0.6796755790710449,0.9503273963928223,0.7950761914253235,0.6231464743614197,0.9380766153335571,0.7776027917861938,0.6669371128082275,0.8081547617912292,0.619438111782074,0.9999998807907104,0.036827027797698975,0.056529104709625244,0.15233464483644346,0.08317071622153484,0.0305519700050354,0.047499001026153564
1,128,transformer.h.3.mlp.w2.weight,transformer.h.3.mlp.w2.weight,"[1024, 384]",internal_cross,0.0032827265094965696,0.1544784158883436,,,0.7582491636276245,0.6796755790710449,0.9503273963928223,0.7651245594024658,0.6699527502059937,0.9501798748970032,0.7776027917861938,0.6669371128082275,0.7820925116539001,0.6601707339286804,1.0000011920928955,0.006875395774841309,0.00972282886505127,0.028440008225042692,0.014305102558400094,0.004489719867706299,0.006766378879547119
1,128,transformer.h.3.mlp.w2.weight,transformer.h.3.mlp.w2.weight,"[1024, 384]",outside_cross,0.010874826461076736,0.5117471589265611,,,0.7582491636276245,0.6796755790710449,0.9503273963928223,0.7824903130531311,0.6425471305847168,0.9410783648490906,0.7776027917861938,0.6669371128082275,0.7996281981468201,0.6330529451370239,1.000000238418579,0.024241149425506592,0.037128448486328125,0.1002732804951594,0.05462672137944679,0.02202540636062622,0.03388416767120361
1,128,transformer.h.3.mlp.w2.weight,transformer.h.3.mlp.w2.weight,"[1024, 384]",local_cross,0.00812490750104189,0.38234157989382855,,,0.7582491636276245,0.6796755790710449,0.9503273963928223,0.7858936786651611,0.6377781629562378,0.9420381784439087,0.7776027917861938,0.6669371128082275,0.8001707792282104,0.6321946382522583,1.0000008344650269,0.02764451503753662,0.04189741611480713,0.11435126948208366,0.061643256584370656,0.0225679874420166,0.03474247455596924
1,128,transformer.h.3.mlp.w2.weight,transformer.h.3.mlp.w2.weight,"[1024, 384]",medium_cross,0.007657197304069996,0.36033209170953157,,,0.7582491636276245,0.6796755790710449,0.9503273963928223,0.7638341188430786,0.6712762713432312,0.9483516216278076,0.7776027917861938,0.6669371128082275,0.7823905944824219,0.6597211956977844,0.9999994039535522,0.0055849552154541016,0.00839930772781372,0.023102113313276985,0.012357818916038706,0.004787802696228027,0.007215917110443115
1,128,transformer.h.3.mlp.w2.weight,transformer.h.3.mlp.w2.weight,"[1024, 384]",distant_cross,0.0020955512300133705,0.09861236794745351,,,0.7582491636276245,0.6796755790710449,0.9503273963928223,0.7582569122314453,0.6796647906303406,0.9503223299980164,0.7776027917861938,0.6669371128082275,0.7776073217391968,0.6669295430183411,1.0000009536743164,7.748603820800781e-06,1.0788440704345703e-05,3.205202487434373e-05,1.5872926785292092e-05,4.5299530029296875e-06,7.569789886474609e-06
1,128,transformer.h.3.mlp.c_proj.weight,transformer.h.3.mlp.c_proj.weight,"[384, 1024]",danger_diagonal,0.0009676702902652323,0.011142564158631511,,,0.7482611536979675,0.6981349587440491,0.9656932353973389,0.7496883273124695,0.6960755586624146,0.9654274582862854,0.7563178539276123,0.6981222629547119,0.7574114203453064,0.6965546011924744,0.9999998807907104,0.0014271736145019531,0.0020594000816345215,0.005669262553104942,0.00294985955915945,0.0010935664176940918,0.0015676617622375488
1,128,transformer.h.3.mlp.c_proj.weight,transformer.h.3.mlp.c_proj.weight,"[384, 1024]",danger_cross,0.022532176226377487,0.25945430149269866,,,0.7482611536979675,0.6981349587440491,0.9656932353973389,0.7572858929634094,0.6848642230033875,0.9634649157524109,0.7563178539276123,0.6981222629547119,0.7641639709472656,0.6867923736572266,1.000000238418579,0.009024739265441895,0.013270735740661621,0.03584960922008099,0.019008840016457265,0.00784611701965332,0.011329889297485352
1,128,transformer.h.3.mlp.c_proj.weight,transformer.h.3.mlp.c_proj.weight,"[384, 1024]",danger_full,0.022552944719791412,0.2596934472768266,,,0.7482611536979675,0.6981349587440491,0.9656932353973389,0.7585985064506531,0.682870090007782,0.9629834294319153,0.7563178539276123,0.6981222629547119,0.7652754187583923,0.685173749923706,0.9999991059303284,0.010337352752685547,0.01526486873626709,0.04106379648805948,0.021865211797628244,0.00895756483078003,0.01294851303100586
1,128,transformer.h.3.mlp.c_proj.weight,transformer.h.3.mlp.c_proj.weight,"[384, 1024]",internal_cross,0.0029960786923766136,0.034499353126739976,,,0.7482611536979675,0.6981349587440491,0.9656932353973389,0.7485888600349426,0.6976664662361145,0.9656463861465454,0.7563178539276123,0.6981222629547119,0.7565165162086487,0.6978392601013184,0.9999998807907104,0.00032770633697509766,0.0004684925079345703,0.0013017710289413202,0.0006710629543281895,0.00019866228103637695,0.0002830028533935547
1,128,transformer.h.3.mlp.c_proj.weight,transformer.h.3.mlp.c_proj.weight,"[384, 1024]",outside_cross,0.022332094609737396,0.2571503946012678,,,0.7482611536979675,0.6981349587440491,0.9656932353973389,0.7565726637840271,0.6859057545661926,0.9635965824127197,0.7563178539276123,0.6981222629547119,0.7637136578559875,0.6874492764472961,0.9999990463256836,0.00831151008605957,0.012229204177856445,0.033016398573971165,0.017516962909086935,0.007395803928375244,0.010672986507415771
1,128,transformer.h.3.mlp.c_proj.weight,transformer.h.3.mlp.c_proj.weight,"[384, 1024]",local_cross,0.015216022729873657,0.17520999788093242,,,0.7482611536979675,0.6981349587440491,0.9656932353973389,0.7547235488891602,0.6886981129646301,0.9642497301101685,0.7563178539276123,0.6981222629547119,0.7618571519851685,0.6901445984840393,0.999998927116394,0.006462395191192627,0.009436845779418945,0.025671028870288628,0.013517222796572047,0.005539298057556152,0.007977664470672607
1,128,transformer.h.3.mlp.c_proj.weight,transformer.h.3.mlp.c_proj.weight,"[384, 1024]",medium_cross,0.015908604487776756,0.18318496285626287,,,0.7482611536979675,0.6981349587440491,0.9656932353973389,0.7501730918884277,0.6952990293502808,0.9650923013687134,0.7563178539276123,0.6981222629547119,0.7579669952392578,0.6957556009292603,1.0000005960464478,0.001911938190460205,0.0028359293937683105,0.007594927118106717,0.004062150674806734,0.0016491413116455078,0.00236666202545166
1,128,transformer.h.3.mlp.c_proj.weight,transformer.h.3.mlp.c_proj.weight,"[384, 1024]",distant_cross,0.004804967902600765,0.05532841472297267,,,0.7482611536979675,0.6981349587440491,0.9656932353973389,0.7482596635818481,0.6981361508369446,0.965693473815918,0.7563178539276123,0.6981222629547119,0.7563167810440063,0.6981238722801208,1.0000008344650269,-1.4901161193847656e-06,-1.1920928955078125e-06,-5.919293511010004e-06,-1.7075393239903043e-06,-1.0728836059570312e-06,-1.6093254089355469e-06
1,128,transformer.h.4.attn.c_attn.weight,transformer.h.4.attn.c_attn.weight,"[1152, 384]",danger_diagonal,0.0015067176427692175,0.03743695890478668,,,0.47032487392425537,1.091813564300537,1.1131792068481445,0.4751501679420471,1.087257981300354,1.1138174533843994,0.44476133584976196,1.05379319190979,0.44918203353881836,1.049589991569519,1.0,0.004825294017791748,0.0045555830001831055,0.009109912435460905,0.004172491668118823,0.0044206976890563965,0.004203200340270996
1,128,transformer.h.4.attn.c_attn.weight,transformer.h.4.attn.c_attn.weight,"[1152, 384]",danger_cross,0.03497617319226265,0.8690424279089684,,,0.47032487392425537,1.091813564300537,1.1131792068481445,0.7041473984718323,0.8474058508872986,1.1666617393493652,0.44476133584976196,1.05379319190979,0.6477094292640686,0.8393950462341309,0.9999995231628418,0.2338225245475769,0.24440771341323853,0.4414451671157762,0.22385480580635272,0.20294809341430664,0.21439814567565918
1,128,transformer.h.4.attn.c_attn.weight,transformer.h.4.attn.c_attn.weight,"[1152, 384]",danger_full,0.035008613020181656,0.8698484505307318,,,0.47032487392425537,1.091813564300537,1.1131792068481445,0.7126201391220093,0.8369395136833191,1.1690077781677246,0.44476133584976196,1.05379319190979,0.6570915579795837,0.8281428217887878,0.9999997019767761,0.2422952651977539,0.254874050617218,0.457441275358483,0.23344100032362333,0.21233022212982178,0.2256503701210022
1,128,transformer.h.4.attn.c_attn.weight,transformer.h.4.attn.c_attn.weight,"[1152, 384]",internal_cross,0.02070888876914978,0.5145475142838075,,,0.47032487392425537,1.091813564300537,1.1131792068481445,0.5642938017845154,1.0081270933151245,1.1428660154342651,0.44476133584976196,1.05379319190979,0.5138366222381592,0.9860674738883972,1.000000238418579,0.09396892786026001,0.0836864709854126,0.17740860998411742,0.0766490486304095,0.06907528638839722,0.06772571802139282
1,128,transformer.h.4.attn.c_attn.weight,transformer.h.4.attn.c_attn.weight,"[1152, 384]",outside_cross,0.028186460956931114,0.7003404955002778,,,0.47032487392425537,1.091813564300537,1.1131792068481445,0.4953329265117645,1.0843647718429565,1.144334077835083,0.44476133584976196,1.05379319190979,0.479420930147171,1.020372748374939,0.9999998211860657,0.025008052587509155,0.007448792457580566,0.047213945598670516,0.006822403294057429,0.03465959429740906,0.033420443534851074
1,128,transformer.h.4.attn.c_attn.weight,transformer.h.4.attn.c_attn.weight,"[1152, 384]",local_cross,0.02193266898393631,0.5449544122379929,,,0.47032487392425537,1.091813564300537,1.1131792068481445,0.5198168158531189,1.061254620552063,1.149477481842041,0.44476133584976196,1.05379319190979,0.48928767442703247,1.0106563568115234,1.000000238418579,0.049491941928863525,0.03055894374847412,0.0934382973494324,0.027989159273773538,0.04452633857727051,0.0431368350982666
1,128,transformer.h.4.attn.c_attn.weight,transformer.h.4.attn.c_attn.weight,"[1152, 384]",medium_cross,0.02551198936998844,0.6338887064919717,,,0.47032487392425537,1.091813564300537,1.1131792068481445,0.4981924295425415,1.0766253471374512,1.1364059448242188,0.44476133584976196,1.05379319190979,0.4744597375392914,1.0252231359481812,0.9999997019767761,0.027867555618286133,0.015188217163085938,0.052612543512758826,0.013910998781935966,0.02969840168952942,0.028570055961608887
1,128,transformer.h.4.attn.c_attn.weight,transformer.h.4.attn.c_attn.weight,"[1152, 384]",distant_cross,0.009561978280544281,0.23758359083077996,,,0.47032487392425537,1.091813564300537,1.1131792068481445,0.4706914722919464,1.0915229320526123,1.113320231437683,0.44476133584976196,1.05379319190979,0.4449443519115448,1.0536192655563354,0.9999997019767761,0.00036659836769104004,0.0002906322479248047,0.0006921192815058031,0.00026619219382110923,0.00018301606178283691,0.00017392635345458984
1,128,transformer.h.4.attn.c_proj.weight,transformer.h.4.attn.c_proj.weight,"[384, 384]",danger_diagonal,0.004533321596682072,0.03348522153661546,,,0.4724040627479553,1.0934332609176636,1.119523286819458,0.4729175865650177,1.092867136001587,1.1194543838500977,0.42232897877693176,1.0748682022094727,0.4230731725692749,1.074176549911499,0.999998927116394,0.0005135238170623779,0.0005661249160766602,0.0009733278458076067,0.000517749858460991,0.0007441937923431396,0.0006916522979736328
1,128,transformer.h.4.attn.c_proj.weight,transformer.h.4.attn.c_proj.weight,"[384, 384]",danger_cross,0.1117134764790535,0.8251676896835279,,,0.4724040627479553,1.0934332609176636,1.119523286819458,0.8423039317131042,0.6173793077468872,1.1433563232421875,0.42232897877693176,1.0748682022094727,0.7547483444213867,0.7003599405288696,1.0000001192092896,0.3698998689651489,0.47605395317077637,0.7011044681120038,0.4353754089858655,0.33241936564445496,0.374508261680603
1,128,transformer.h.4.attn.c_proj.weight,transformer.h.4.attn.c_proj.weight,"[384, 384]",danger_full,0.11180542409420013,0.8258468575292863,,,0.4724040627479553,1.0934332609176636,1.119523286819458,0.8488916158676147,0.6049463152885437,1.1431301832199097,0.42232897877693176,1.0748682022094727,0.759956955909729,0.6928833723068237,0.9999997019767761,0.3764875531196594,0.4884869456291199,0.713590697988644,0.44674600918866997,0.33762797713279724,0.3819848299026489
1,128,transformer.h.4.attn.c_proj.weight,transformer.h.4.attn.c_proj.weight,"[384, 384]",internal_cross,0.0593123733997345,0.4381087731799529,,,0.4724040627479553,1.0934332609176636,1.119523286819458,0.5829320549964905,0.975193977355957,1.1222004890441895,0.42232897877693176,1.0748682022094727,0.5035331845283508,0.9964608550071716,0.9999998807907104,0.11052799224853516,0.11823928356170654,0.20949363792339704,0.10813580287696228,0.08120420575141907,0.07840734720230103
1,128,transformer.h.4.attn.c_proj.weight,transformer.h.4.attn.c_proj.weight,"[384, 384]",outside_cross,0.09466753900051117,0.6992584682450922,,,0.4724040627479553,1.0934332609176636,1.119523286819458,0.5368732810020447,1.02842378616333,1.124996304512024,0.42232897877693176,1.0748682022094727,0.4816513955593109,1.0181835889816284,0.9999993443489075,0.06446921825408936,0.0650094747543335,0.12219430382628388,0.05945445147678635,0.05932241678237915,0.05668461322784424
1,128,transformer.h.4.attn.c_proj.weight,transformer.h.4.attn.c_proj.weight,"[384, 384]",local_cross,0.0636080652475357,0.46983875088149835,,,0.4724040627479553,1.0934332609176636,1.119523286819458,0.5507380366325378,1.0095511674880981,1.1186332702636719,0.42232897877693176,1.0748682022094727,0.4811857342720032,1.0186399221420288,0.9999997019767761,0.07833397388458252,0.08388209342956543,0.14847342133182612,0.07671441543598867,0.05885675549507141,0.05622828006744385
1,128,transformer.h.4.attn.c_proj.weight,transformer.h.4.attn.c_proj.weight,"[384, 384]",medium_cross,0.083351269364357,0.615671238075489,,,0.4724040627479553,1.0934332609176636,1.119523286819458,0.5294542908668518,1.0347784757614136,1.1219795942306519,0.42232897877693176,1.0748682022094727,0.471469521522522,1.0281343460083008,1.0000003576278687,0.057050228118896484,0.05865478515625,0.10813242500698463,0.053642766552595984,0.04914054274559021,0.046733856201171875
1,128,transformer.h.4.attn.c_proj.weight,transformer.h.4.attn.c_proj.weight,"[384, 384]",distant_cross,0.03855490684509277,0.28478447193695633,,,0.4724040627479553,1.0934332609176636,1.119523286819458,0.4787580668926239,1.0870535373687744,1.1197699308395386,0.42232897877693176,1.0748682022094727,0.4249628186225891,1.0724154710769653,1.000000238418579,0.006354004144668579,0.00637972354888916,0.012043315150914677,0.005834579737893631,0.0026338398456573486,0.0024527311325073242
1,128,transformer.h.4.mlp.w1.weight,transformer.h.4.mlp.w1.weight,"[1024, 384]",danger_diagonal,0.000578066857997328,0.02515449715853413,,,0.7184792757034302,0.7286858558654785,0.9357030987739563,0.7235055565834045,0.7217345237731934,0.934109628200531,0.7489397525787354,0.7086106538772583,0.7529276013374329,0.7029605507850647,0.9999985694885254,0.005026280879974365,0.006951332092285156,0.017854035053843486,0.00953954579512029,0.00398784875869751,0.0056501030921936035
1,128,transformer.h.4.mlp.w1.weight,transformer.h.4.mlp.w1.weight,"[1024, 384]",danger_cross,0.014499403536319733,0.6309394839177587,,,0.7184792757034302,0.7286858558654785,0.9357030987739563,0.7715556621551514,0.6538447141647339,0.9225596785545349,0.7489397525787354,0.7086106538772583,0.7923183441162109,0.6444924473762512,0.9999994039535522,0.05307638645172119,0.07484114170074463,0.18853456200903893,0.10270700480641816,0.043378591537475586,0.06411820650100708
1,128,transformer.h.4.mlp.w1.weight,transformer.h.4.mlp.w1.weight,"[1024, 384]",danger_full,0.014510923065245152,0.6314407545815466,,,0.7184792757034302,0.7286858558654785,0.9357030987739563,0.7759348750114441,0.6469482183456421,0.9194917678833008,0.7489397525787354,0.7086106538772583,0.7960290312767029,0.6387093663215637,0.9999993443489075,0.057455599308013916,0.08173763751983643,0.20409012321056316,0.11217129694764635,0.04708927869796753,0.06990128755569458
1,128,transformer.h.4.mlp.w1.weight,transformer.h.4.mlp.w1.weight,"[1024, 384]",internal_cross,0.00514559168368578,0.2239096907140957,,,0.7184792757034302,0.7286858558654785,0.9357030987739563,0.7336881160736084,0.7089840173721313,0.9360426664352417,0.7489397525787354,0.7086106538772583,0.7589018940925598,0.6944074630737305,0.9999995231628418,0.015208840370178223,0.019701838493347168,0.05402387482548664,0.027037492679128236,0.009962141513824463,0.014203190803527832
1,128,transformer.h.4.mlp.w1.weight,transformer.h.4.mlp.w1.weight,"[1024, 384]",outside_cross,0.013555648736655712,0.5898721279569863,,,0.7184792757034302,0.7286858558654785,0.9357030987739563,0.7485767006874084,0.6861240267753601,0.9249992370605469,0.7489397525787354,0.7086106538772583,0.7770758271217346,0.6677236557006836,0.9999995827674866,0.03009742498397827,0.04256182909011841,0.10691015753522978,0.05840902324029146,0.028136074542999268,0.04088699817657471
1,128,transformer.h.4.mlp.w1.weight,transformer.h.4.mlp.w1.weight,"[1024, 384]",local_cross,0.010353692807257175,0.4505394708196361,,,0.7184792757034302,0.7286858558654785,0.9357030987739563,0.7606935501098633,0.6698368191719055,0.9260036945343018,0.7489397525787354,0.7086106538772583,0.7829769253730774,0.6588274240493774,0.9999992251396179,0.042214274406433105,0.058849036693573,0.14995085890004392,0.08076050361053944,0.03403717279434204,0.04978322982788086
1,128,transformer.h.4.mlp.w1.weight,transformer.h.4.mlp.w1.weight,"[1024, 384]",medium_cross,0.009587998501956463,0.41722039196131905,,,0.7184792757034302,0.7286858558654785,0.9357030987739563,0.7259771823883057,0.7183170318603516,0.9333776831626892,0.7489397525787354,0.7086106538772583,0.7553561329841614,0.6994950175285339,1.000000238418579,0.007497906684875488,0.010368824005126953,0.026633586936131815,0.01422948438159492,0.006416380405426025,0.009115636348724365
1,128,transformer.h.4.mlp.w1.weight,transformer.h.4.mlp.w1.weight,"[1024, 384]",distant_cross,0.003332284511998296,0.14500388688409444,,,0.7184792757034302,0.7286858558654785,0.9357030987739563,0.7184839248657227,0.7286739945411682,0.9356873035430908,0.7489397525787354,0.7086106538772583,0.7489413619041443,0.7086083292961121,0.9999987483024597,4.649162292480469e-06,1.1861324310302734e-05,1.65144584083365e-05,1.6277692526657788e-05,1.6093254089355469e-06,2.3245811462402344e-06
1,128,transformer.h.4.mlp.w2.weight,transformer.h.4.mlp.w2.weight,"[1024, 384]",danger_diagonal,0.0005659625167027116,0.02589478286903214,,,0.7193395495414734,0.7272797226905823,0.9346880316734314,0.7240314483642578,0.7208147048950195,0.9332886934280396,0.7491210103034973,0.7083550691604614,0.7529123425483704,0.7029817700386047,0.9999995231628418,0.004691898822784424,0.006465017795562744,0.016717349434589284,0.00888931396525853,0.003791332244873047,0.0053732991218566895
1,128,transformer.h.4.mlp.w2.weight,transformer.h.4.mlp.w2.weight,"[1024, 384]",danger_cross,0.013668321073055267,0.6253739354207073,,,0.7193395495414734,0.7272797226905823,0.9346880316734314,0.7724325656890869,0.6525203585624695,0.9221854209899902,0.7491210103034973,0.7083550691604614,0.7922510504722595,0.6445981860160828,0.9999990463256836,0.053093016147613525,0.07475936412811279,0.18917170574219938,0.10279313693985499,0.04313004016876221,0.06375688314437866
1,128,transformer.h.4.mlp.w2.weight,transformer.h.4.mlp.w2.weight,"[1024, 384]",danger_full,0.013680033385753632,0.6259098150686835,,,0.7193395495414734,0.7272797226905823,0.9346880316734314,0.7763964533805847,0.6462637186050415,0.9193679690361023,0.7491210103034973,0.7083550691604614,0.7957738041877747,0.63910973072052,0.9999992251396179,0.05705690383911133,0.08101600408554077,0.2032951338383983,0.11139593413359697,0.046652793884277344,0.0692453384399414
1,128,transformer.h.4.mlp.w2.weight,transformer.h.4.mlp.w2.weight,"[1024, 384]",internal_cross,0.004790160804986954,0.2191667650987585,,,0.7193395495414734,0.7272797226905823,0.9346880316734314,0.7346601486206055,0.7073323726654053,0.9347510933876038,0.7491210103034973,0.7083550691604614,0.7590546011924744,0.6941890716552734,0.9999993443489075,0.01532059907913208,0.019947350025177002,0.05458766653478316,0.027427342469251693,0.00993359088897705,0.014165997505187988
1,128,transformer.h.4.mlp.w2.weight,transformer.h.4.mlp.w2.weight,"[1024, 384]",outside_cross,0.012801455333828926,0.5857117679954743,,,0.7193395495414734,0.7272797226905823,0.9346880316734314,0.7492530941963196,0.685053288936615,0.9243777990341187,0.7491210103034973,0.7083550691604614,0.7771698236465454,0.6675831079483032,0.9999998211860657,0.02991354465484619,0.042226433753967285,0.10658268596795592,0.05806078794243012,0.028048813343048096,0.0407719612121582
1,128,transformer.h.4.mlp.w2.weight,transformer.h.4.mlp.w2.weight,"[1024, 384]",local_cross,0.009668421931564808,0.44236443088609845,,,0.7193395495414734,0.7272797226905823,0.9346880316734314,0.7614706754684448,0.6686546802520752,0.9255711436271667,0.7491210103034973,0.7083550691604614,0.7827714085578918,0.6591416001319885,0.9999983310699463,0.042131125926971436,0.05862504243850708,0.15011422470868294,0.08060865800248473,0.03365039825439453,0.0492134690284729
1,128,transformer.h.4.mlp.w2.weight,transformer.h.4.mlp.w2.weight,"[1024, 384]",medium_cross,0.009186086244881153,0.42029587067574187,,,0.7193395495414734,0.7272797226905823,0.9346880316734314,0.726714551448822,0.7170056104660034,0.9321475625038147,0.7491210103034973,0.7083550691604614,0.7555089592933655,0.6992786526679993,0.9999990463256836,0.007375001907348633,0.010274112224578857,0.026277310876184325,0.014126768427654802,0.006387948989868164,0.009076416492462158
1,128,transformer.h.4.mlp.w2.weight,transformer.h.4.mlp.w2.weight,"[1024, 384]",distant_cross,0.0029933741316199303,0.13695743250924794,,,0.7193395495414734,0.7272797226905823,0.9346880316734314,0.7193307280540466,0.72728431224823,0.9346673488616943,0.7491210103034973,0.7083550691604614,0.7491119503974915,0.708368182182312,0.9999988079071045,-8.821487426757812e-06,-4.589557647705078e-06,-3.1431173905499624e-05,-6.310581066011219e-06,-9.059906005859375e-06,-1.3113021850585938e-05
1,128,transformer.h.4.mlp.c_proj.weight,transformer.h.4.mlp.c_proj.weight,"[384, 1024]",danger_diagonal,0.002079722471535206,0.023076183020130595,,,0.7171512842178345,0.7365621328353882,0.9555210471153259,0.7214241027832031,0.7307447195053101,0.9547306895256042,0.7316657900810242,0.7325824499130249,0.7351751327514648,0.727776288986206,0.9999991059303284,0.004272818565368652,0.005817413330078125,0.015106374280515884,0.007898061915950055,0.003509342670440674,0.004806160926818848
1,128,transformer.h.4.mlp.c_proj.weight,transformer.h.4.mlp.c_proj.weight,"[384, 1024]",danger_cross,0.04133529216051102,0.4586481033608308,,,0.7171512842178345,0.7365621328353882,0.9555210471153259,0.7459242939949036,0.6959496140480042,0.9477680921554565,0.7316657900810242,0.7325824499130249,0.7573786973953247,0.6965998411178589,0.9999994039535522,0.028773009777069092,0.04061251878738403,0.10172579252305489,0.05513794013689866,0.025712907314300537,0.035982608795166016
1,128,transformer.h.4.mlp.c_proj.weight,transformer.h.4.mlp.c_proj.weight,"[384, 1024]",danger_full,0.04138758033514023,0.45922828244916925,,,0.7171512842178345,0.7365621328353882,0.9555210471153259,0.7496582269668579,0.6904067397117615,0.9462292194366455,0.7316657900810242,0.7325824499130249,0.7608364224433899,0.6916194558143616,0.9999982714653015,0.03250694274902344,0.04615539312362671,0.1149269589544769,0.06266327179480706,0.029170632362365723,0.04096299409866333
1,128,transformer.h.4.mlp.c_proj.weight,transformer.h.4.mlp.c_proj.weight,"[384, 1024]",internal_cross,0.009965999983251095,0.11058073504507383,,,0.7171512842178345,0.7365621328353882,0.9555210471153259,0.7200728058815002,0.7327777743339539,0.9555739164352417,0.7316657900810242,0.7325824499130249,0.7336813807487488,0.7298257946968079,0.9999994039535522,0.0029215216636657715,0.003784358501434326,0.01032891966854736,0.0051378673064096814,0.0020155906677246094,0.002756655216217041
1,128,transformer.h.4.mlp.c_proj.weight,transformer.h.4.mlp.c_proj.weight,"[384, 1024]",outside_cross,0.040115904062986374,0.4451180178344307,,,0.7171512842178345,0.7365621328353882,0.9555210471153259,0.7395628690719604,0.7049348950386047,0.9490282535552979,0.7316657900810242,0.7325824499130249,0.7527896761894226,0.7031570672988892,0.9999994039535522,0.022411584854125977,0.03162723779678345,0.07923523637769013,0.04293899507843925,0.021123886108398438,0.029425382614135742
1,128,transformer.h.4.mlp.c_proj.weight,transformer.h.4.mlp.c_proj.weight,"[384, 1024]",local_cross,0.029471926391124725,0.3270145784669896,,,0.7171512842178345,0.7365621328353882,0.9555210471153259,0.7387678027153015,0.7064387202262878,0.9504818320274353,0.7316657900810242,0.7325824499130249,0.7508429884910583,0.7059195637702942,0.9999995231628418,0.02161651849746704,0.030123412609100342,0.07642431197783797,0.04089731370405995,0.01917719841003418,0.026662886142730713
1,128,transformer.h.4.mlp.c_proj.weight,transformer.h.4.mlp.c_proj.weight,"[384, 1024]",medium_cross,0.02778591215610504,0.3083069029985702,,,0.7171512842178345,0.7365621328353882,0.9555210471153259,0.7224082350730896,0.7289864420890808,0.9532445669174194,0.7316657900810242,0.7325824499130249,0.7360191345214844,0.7266162633895874,0.9999991059303284,0.005256950855255127,0.007575690746307373,0.018585733510290147,0.01028520257638664,0.004353344440460205,0.0059661865234375
1,128,transformer.h.4.mlp.c_proj.weight,transformer.h.4.mlp.c_proj.weight,"[384, 1024]",distant_cross,0.008243554271757603,0.09146882322766572,,,0.7171512842178345,0.7365621328353882,0.9555210471153259,0.7171369791030884,0.7365773320198059,0.9555131793022156,0.7316657900810242,0.7325824499130249,0.7316504716873169,0.7326027154922485,1.0,-1.430511474609375e-05,-1.519918441772461e-05,-5.057514476081539e-05,-2.0635305210730165e-05,-1.531839370727539e-05,-2.0265579223632812e-05
1,128,transformer.h.5.attn.c_attn.weight,transformer.h.5.attn.c_attn.weight,"[1152, 384]",danger_diagonal,0.001676770276390016,0.03789705676072467,,,0.4446938931941986,1.1288152933120728,1.1316993236541748,0.44789084792137146,1.1259257793426514,1.1322250366210938,0.41221359372138977,1.0842398405075073,0.41520076990127563,1.0814818143844604,1.0000011920928955,0.0031969547271728516,0.0028895139694213867,0.005757103492994492,0.0025597757104647506,0.0029871761798858643,0.002758026123046875
1,128,transformer.h.5.attn.c_attn.weight,transformer.h.5.attn.c_attn.weight,"[1152, 384]",danger_cross,0.038460806012153625,0.8692612035345865,,,0.4446938931941986,1.1288152933120728,1.1316993236541748,0.6890674829483032,0.882064163684845,1.191907525062561,0.41221359372138977,1.0842398405075073,0.6183536648750305,0.8736678957939148,1.000000238418579,0.24437358975410461,0.24675112962722778,0.44007005642307045,0.21859300727865924,0.20614007115364075,0.21057194471359253
1,128,transformer.h.5.attn.c_attn.weight,transformer.h.5.attn.c_attn.weight,"[1152, 384]",danger_full,0.03849734365940094,0.870086999000508,,,0.4446938931941986,1.1288152933120728,1.1316993236541748,0.6956274509429932,0.8742077350616455,1.1937569379806519,0.41221359372138977,1.0842398405075073,0.6254773139953613,0.8654752969741821,1.000001072883606,0.25093355774879456,0.25460755825042725,0.45188330305279656,0.22555289581821633,0.21326372027397156,0.2187645435333252
1,128,transformer.h.5.attn.c_attn.weight,transformer.h.5.attn.c_attn.weight,"[1152, 384]",internal_cross,0.022686908021569252,0.5127518379379766,,,0.4446938931941986,1.1288152933120728,1.1316993236541748,0.5371828079223633,1.0494701862335205,1.1616435050964355,0.41221359372138977,1.0842398405075073,0.47952282428741455,1.0202730894088745,1.0000007152557373,0.09248891472816467,0.07934510707855225,0.16655483092050596,0.07029060250038309,0.06730923056602478,0.06396675109863281
1,128,transformer.h.5.attn.c_attn.weight,transformer.h.5.attn.c_attn.weight,"[1152, 384]",outside_cross,0.031057020649313927,0.7019266091118884,,,0.4446938931941986,1.1288152933120728,1.1316993236541748,0.46977370977401733,1.1255865097045898,1.1680787801742554,0.41221359372138977,1.0842398405075073,0.4452684223651886,1.0533109903335571,1.0000009536743164,0.025079816579818726,0.00322878360748291,0.045163948806688524,0.0028603294326472943,0.03305482864379883,0.030928850173950195
1,128,transformer.h.5.attn.c_attn.weight,transformer.h.5.attn.c_attn.weight,"[1152, 384]",local_cross,0.024090660735964775,0.5444783642514086,,,0.4446938931941986,1.1288152933120728,1.1316993236541748,0.4948287606239319,1.099861741065979,1.1690305471420288,0.41221359372138977,1.0842398405075073,0.45423975586891174,1.0447598695755005,1.000000238418579,0.050134867429733276,0.02895355224609375,0.09028329927454978,0.025649503880427353,0.04202616214752197,0.039479970932006836
1,128,transformer.h.5.attn.c_attn.weight,transformer.h.5.attn.c_attn.weight,"[1152, 384]",medium_cross,0.02850499376654625,0.6442476837439115,,,0.4446938931941986,1.1288152933120728,1.1316993236541748,0.47163063287734985,1.1191734075546265,1.1608206033706665,0.41221359372138977,1.0842398405075073,0.44134214520454407,1.057032823562622,0.9999998807907104,0.026936739683151245,0.009641885757446289,0.04850791185801134,0.008541597384950285,0.029128551483154297,0.027207016944885254
1,128,transformer.h.5.attn.c_attn.weight,transformer.h.5.attn.c_attn.weight,"[1152, 384]",distant_cross,0.009291945025324821,0.21000930956409736,,,0.4446938931941986,1.1288152933120728,1.1316993236541748,0.4448089301586151,1.1288737058639526,1.1319859027862549,0.41221359372138977,1.0842398405075073,0.4121159315109253,1.0843310356140137,1.0000005960464478,0.0001150369644165039,-5.841255187988281e-05,0.00020715955219403702,-5.174677577984767e-05,-9.766221046447754e-05,-9.119510650634766e-05
1,128,transformer.h.5.attn.c_proj.weight,transformer.h.5.attn.c_proj.weight,"[384, 384]",danger_diagonal,0.005124469753354788,0.032721008738736665,,,0.4338216185569763,1.146391749382019,1.142633318901062,0.4385087490081787,1.141664981842041,1.1425588130950928,0.3833191990852356,1.1105690002441406,0.38648808002471924,1.107711911201477,1.0000001192092896,0.004687130451202393,0.004726767539978027,0.008278540129448713,0.004123169538271771,0.0031688809394836426,0.0028570890426635742
1,128,transformer.h.5.attn.c_proj.weight,transformer.h.5.attn.c_proj.weight,"[384, 384]",danger_cross,0.13029026985168457,0.8319356467268367,,,0.4338216185569763,1.146391749382019,1.142633318901062,0.8185035586357117,0.675717830657959,1.174227237701416,0.3833191990852356,1.1105690002441406,0.7168619632720947,0.7525151371955872,1.0,0.38468194007873535,0.47067391872406006,0.6794359387200429,0.41056987629035574,0.33354276418685913,0.35805386304855347
1,128,transformer.h.5.attn.c_proj.weight,transformer.h.5.attn.c_proj.weight,"[384, 384]",danger_full,0.13039100170135498,0.8325788445388985,,,0.4338216185569763,1.146391749382019,1.142633318901062,0.8239386081695557,0.666445791721344,1.174683690071106,0.3833191990852356,1.1105690002441406,0.7168619632720947,0.7525152564048767,0.9999998807907104,0.39011698961257935,0.47994595766067505,0.6890354743292827,0.4186578958889033,0.33354276418685913,0.3580537438392639
1,128,transformer.h.5.attn.c_proj.weight,transformer.h.5.attn.c_proj.weight,"[384, 384]",internal_cross,0.07058566063642502,0.4507069276781149,,,0.4338216185569763,1.146391749382019,1.142633318901062,0.5424904823303223,1.035184383392334,1.1473876237869263,0.3833191990852356,1.1105690002441406,0.461566299200058,1.0377229452133179,0.9999998807907104,0.10866886377334595,0.11120736598968506,0.1919339687544775,0.09700642563908296,0.07824710011482239,0.07284605503082275
1,128,transformer.h.5.attn.c_proj.weight,transformer.h.5.attn.c_proj.weight,"[384, 384]",outside_cross,0.10951361060142517,0.6992715309040374,,,0.4338216185569763,1.146391749382019,1.142633318901062,0.49307626485824585,1.0908722877502441,1.151198387145996,0.3833191990852356,1.1105690002441406,0.4374765157699585,1.0606838464736938,1.0000001192092896,0.05925464630126953,0.0555194616317749,0.10465720388377724,0.048429746342560094,0.0541573166847229,0.04988515377044678
1,128,transformer.h.5.attn.c_proj.weight,transformer.h.5.attn.c_proj.weight,"[384, 384]",local_cross,0.07572083920240402,0.4834963148380978,,,0.4338216185569763,1.146391749382019,1.142633318901062,0.509019136428833,1.0699379444122314,1.144521951675415,0.3833191990852356,1.1105690002441406,0.44184184074401855,1.0565598011016846,1.0000005960464478,0.07519751787185669,0.0764538049697876,0.13281594694626123,0.06669081926924304,0.05852264165878296,0.054009199142456055
1,128,transformer.h.5.attn.c_proj.weight,transformer.h.5.attn.c_proj.weight,"[384, 384]",medium_cross,0.09601610898971558,0.6130866396967608,,,0.4338216185569763,1.146391749382019,1.142633318901062,0.485352486371994,1.095826268196106,1.1459596157073975,0.3833191990852356,1.1105690002441406,0.4291428029537201,1.0685114860534668,1.000000238418579,0.0515308678150177,0.050565481185913086,0.09101525156026011,0.04410837849554589,0.0458236038684845,0.04205751419067383
1,128,transformer.h.5.attn.c_proj.weight,transformer.h.5.attn.c_proj.weight,"[384, 384]",distant_cross,0.044975705444812775,0.28718102003180596,,,0.4338216185569763,1.146391749382019,1.142633318901062,0.440956175327301,1.1395727396011353,1.1431442499160767,0.3833191990852356,1.1105690002441406,0.3901914358139038,1.1043633222579956,0.9999998211860657,0.007134556770324707,0.006819009780883789,0.012601252545427117,0.005948236965731554,0.006872236728668213,0.0062056779861450195
1,128,transformer.h.5.mlp.w1.weight,transformer.h.5.mlp.w1.weight,"[1024, 384]",danger_diagonal,0.0004494183522183448,0.023697948203778692,,,0.7108250260353088,0.7365809679031372,0.9294955134391785,0.7142460346221924,0.7319656014442444,0.9285256862640381,0.7412963509559631,0.7193133234977722,0.743865430355072,0.7157344818115234,0.9999991059303284,0.003421008586883545,0.004615366458892822,0.011830237381818721,0.006265932273585106,0.0025690793991088867,0.0035788416862487793
1,128,transformer.h.5.mlp.w1.weight,transformer.h.5.mlp.w1.weight,"[1024, 384]",danger_cross,0.012084758840501308,0.6372325198642984,,,0.7108250260353088,0.7365809679031372,0.9294955134391785,0.7627245783805847,0.6649006009101868,0.9171069264411926,0.7412963509559631,0.7193133234977722,0.7837156057357788,0.6577051877975464,0.9999995231628418,0.05189955234527588,0.07168036699295044,0.1794745639075009,0.09731498656149998,0.042419254779815674,0.06160813570022583
1,128,transformer.h.5.mlp.w1.weight,transformer.h.5.mlp.w1.weight,"[1024, 384]",danger_full,0.012093111872673035,0.6376729774530305,,,0.7108250260353088,0.7365809679031372,0.9294955134391785,0.7660644054412842,0.659828782081604,0.9151341319084167,0.7412963509559631,0.7193133234977722,0.7862789034843445,0.6537957787513733,0.9999992251396179,0.05523937940597534,0.0767521858215332,0.1910240663243569,0.10420060952705251,0.04498255252838135,0.06551754474639893
1,128,transformer.h.5.mlp.w1.weight,transformer.h.5.mlp.w1.weight,"[1024, 384]",internal_cross,0.004338478669524193,0.22876912410473274,,,0.7108250260353088,0.7365809679031372,0.9294955134391785,0.7246846556663513,0.7189640402793884,0.9297986030578613,0.7412963509559631,0.7193133234977722,0.7504993677139282,0.7064052820205688,0.9999994039535522,0.01385962963104248,0.01761692762374878,0.04792817801977141,0.023917163749017017,0.009203016757965088,0.01290804147720337
1,128,transformer.h.5.mlp.w1.weight,transformer.h.5.mlp.w1.weight,"[1024, 384]",outside_cross,0.01127913873642683,0.5947519593708445,,,0.7108250260353088,0.7365809679031372,0.9294955134391785,0.7414531111717224,0.6941810846328735,0.9193130731582642,0.7412963509559631,0.7193133234977722,0.7698357701301575,0.6784802675247192,0.9999994039535522,0.030628085136413574,0.04239988327026367,0.10591540725842107,0.05756309912672003,0.028539419174194336,0.04083305597305298
1,128,transformer.h.5.mlp.w1.weight,transformer.h.5.mlp.w1.weight,"[1024, 384]",local_cross,0.008888070471584797,0.46867029934910104,,,0.7108250260353088,0.7365809679031372,0.9294955134391785,0.7520707249641418,0.6803007125854492,0.9206356406211853,0.7412963509559631,0.7193133234977722,0.774531364440918,0.6715250611305237,0.9999988079071045,0.04124569892883301,0.05628025531768799,0.14263232520898986,0.07640742534782548,0.033235013484954834,0.047788262367248535
1,128,transformer.h.5.mlp.w1.weight,transformer.h.5.mlp.w1.weight,"[1024, 384]",medium_cross,0.007899495773017406,0.41654249485117895,,,0.7108250260353088,0.7365809679031372,0.9294955134391785,0.7182232141494751,0.7265161275863647,0.9271849393844604,0.7412963509559631,0.7193133234977722,0.747852623462677,0.7101411819458008,0.9999998211860657,0.00739818811416626,0.010064840316772461,0.025583777229178876,0.013664268770647928,0.006556272506713867,0.009172141551971436
1,128,transformer.h.5.mlp.w1.weight,transformer.h.5.mlp.w1.weight,"[1024, 384]",distant_cross,0.0021544452756643295,0.11360446741561644,,,0.7108250260353088,0.7365809679031372,0.9294955134391785,0.7108298540115356,0.7365676760673523,0.9294727444648743,0.7412963509559631,0.7193133234977722,0.7412986755371094,0.7193127870559692,0.9999985694885254,4.827976226806641e-06,1.329183578491211e-05,1.6695691748886076e-05,1.8045315266223427e-05,2.3245811462402344e-06,5.364418029785156e-07
1,128,transformer.h.5.mlp.w2.weight,transformer.h.5.mlp.w2.weight,"[1024, 384]",danger_diagonal,0.00044662022264674306,0.024422772383369765,,,0.71297687292099,0.7338230609893799,0.9293689727783203,0.7166724801063538,0.7288240790367126,0.9283254146575928,0.743905782699585,0.7156795263290405,0.7467636466026306,0.711676299571991,0.999998927116394,0.0036956071853637695,0.004998981952667236,0.01287564254132896,0.006812244283965863,0.0028578639030456543,0.0040032267570495605
1,128,transformer.h.5.mlp.w2.weight,transformer.h.5.mlp.w2.weight,"[1024, 384]",danger_cross,0.011624399572610855,0.6356632558480634,,,0.71297687292099,0.7338230609893799,0.9293689727783203,0.7644328474998474,0.662691056728363,0.9177584052085876,0.743905782699585,0.7156795263290405,0.7854993343353271,0.654990553855896,0.9999988079071045,0.05145597457885742,0.07113200426101685,0.17927466369179695,0.09693345445578234,0.04159355163574219,0.06068897247314453
1,128,transformer.h.5.mlp.w2.weight,transformer.h.5.mlp.w2.weight,"[1024, 384]",danger_full,0.011632976122200489,0.6361322518940127,,,0.71297687292099,0.7338230609893799,0.9293689727783203,0.7677468657493591,0.6576135754585266,0.9156728982925415,0.743905782699585,0.7156795263290405,0.7882040143013,0.6508469581604004,0.9999994039535522,0.05476999282836914,0.07620948553085327,0.1908208351910694,0.10385267182541733,0.04429823160171509,0.06483256816864014
1,128,transformer.h.5.mlp.w2.weight,transformer.h.5.mlp.w2.weight,"[1024, 384]",internal_cross,0.004062950611114502,0.2221765001863965,,,0.71297687292099,0.7338230609893799,0.9293689727783203,0.7269445061683655,0.7159726619720459,0.9295718669891357,0.743905782699585,0.7156795263290405,0.7528573274612427,0.70305997133255,0.9999998807907104,0.013967633247375488,0.017850399017333984,0.04866379023015299,0.02432520857721085,0.008951544761657715,0.012619554996490479
1,128,transformer.h.5.mlp.w2.weight,transformer.h.5.mlp.w2.weight,"[1024, 384]",outside_cross,0.010891241021454334,0.5955715548728939,,,0.71297687292099,0.7338230609893799,0.9293689727783203,0.7432024478912354,0.6918424963951111,0.9192343354225159,0.743905782699585,0.7156795263290405,0.7719635963439941,0.6753378510475159,0.9999997019767761,0.03022557497024536,0.0419805645942688,0.10530710635706036,0.05720802033349611,0.02805781364440918,0.04034167528152466
1,128,transformer.h.5.mlp.w2.weight,transformer.h.5.mlp.w2.weight,"[1024, 384]",local_cross,0.008321248926222324,0.45503530329667197,,,0.71297687292099,0.7338230609893799,0.9293689727783203,0.7543176412582397,0.6773844361305237,0.9211583733558655,0.743905782699585,0.7156795263290405,0.7766687273979187,0.6683330535888672,1.000001311302185,0.041340768337249756,0.0564386248588562,0.14403288249963814,0.07691039960336296,0.03276294469833374,0.04734647274017334
1,128,transformer.h.5.mlp.w2.weight,transformer.h.5.mlp.w2.weight,"[1024, 384]",medium_cross,0.007732171565294266,0.4228224710677974,,,0.71297687292099,0.7338230609893799,0.9293689727783203,0.7201053500175476,0.7240895628929138,0.9271069765090942,0.743905782699585,0.7156795263290405,0.7502449750900269,0.7067670822143555,0.9999993443489075,0.007128477096557617,0.009733498096466064,0.02483589796091704,0.013264094049242383,0.0063391923904418945,0.008912444114685059
1,128,transformer.h.5.mlp.w2.weight,transformer.h.5.mlp.w2.weight,"[1024, 384]",distant_cross,0.0024692241568118334,0.1350259045323892,,,0.71297687292099,0.7338230609893799,0.9293689727783203,0.7129864692687988,0.7338074445724487,0.9293542504310608,0.743905782699585,0.7156795263290405,0.7439137101173401,0.7156687378883362,1.0000001192092896,9.59634780883789e-06,1.5616416931152344e-05,3.34340577586846e-05,2.1280902388237088e-05,7.927417755126953e-06,1.0788440704345703e-05
1,128,transformer.h.5.mlp.c_proj.weight,transformer.h.5.mlp.c_proj.weight,"[384, 1024]",danger_diagonal,0.001179378479719162,0.015825140512623643,,,0.731449544429779,0.7192052602767944,0.9600704908370972,0.7335670590400696,0.7162754535675049,0.9597578048706055,0.7411078810691833,0.7195785641670227,0.7427812218666077,0.7172489762306213,1.0000001192092896,0.0021175146102905273,0.0029298067092895508,0.007884978656224386,0.004073672525923936,0.0016733407974243164,0.002329587936401367
1,128,transformer.h.5.mlp.c_proj.weight,transformer.h.5.mlp.c_proj.weight,"[384, 1024]",danger_cross,0.031045693904161453,0.41657744040085337,,,0.731449544429779,0.7192052602767944,0.9600704908370972,0.7524242401123047,0.6889021396636963,0.9542245864868164,0.7411078810691833,0.7195785641670227,0.7605540752410889,0.6920261979103088,1.0000001192092896,0.020974695682525635,0.030303120613098145,0.07810337032565988,0.04213417543892218,0.019446194171905518,0.027552366256713867
1,128,transformer.h.5.mlp.c_proj.weight,transformer.h.5.mlp.c_proj.weight,"[384, 1024]",danger_full,0.031068086624145508,0.4168779104758134,,,0.731449544429779,0.7192052602767944,0.9600704908370972,0.7544069886207581,0.6859480142593384,0.9535203576087952,0.7411078810691833,0.7195785641670227,0.7622713446617126,0.689541757106781,0.9999998807907104,0.022957444190979004,0.033257246017456055,0.08548652111661029,0.04624166125350171,0.021163463592529297,0.0300368070602417
1,128,transformer.h.5.mlp.c_proj.weight,transformer.h.5.mlp.c_proj.weight,"[384, 1024]",internal_cross,0.007023950573056936,0.09424879856958049,,,0.731449544429779,0.7192052602767944,0.9600704908370972,0.7333179116249084,0.7166690230369568,0.9599466323852539,0.7411078810691833,0.7195785641670227,0.7425079941749573,0.7176305651664734,0.9999998807907104,0.0018683671951293945,0.0025362372398376465,0.006957229661600225,0.0035264442293727752,0.0014001131057739258,0.0019479990005493164
1,128,transformer.h.5.mlp.c_proj.weight,transformer.h.5.mlp.c_proj.weight,"[384, 1024]",outside_cross,0.030240686610341072,0.4057756886668146,,,0.731449544429779,0.7192052602767944,0.9600704908370972,0.7487397193908691,0.6943225264549255,0.9553492665290833,0.7411078810691833,0.7195785641670227,0.7577200531959534,0.6961104273796082,1.0000004768371582,0.017290174961090088,0.024882733821868896,0.06438333878219406,0.03459754147556219,0.01661217212677002,0.02346813678741455
1,128,transformer.h.5.mlp.c_proj.weight,transformer.h.5.mlp.c_proj.weight,"[384, 1024]",local_cross,0.022537220269441605,0.30240900920355185,,,0.731449544429779,0.7192052602767944,0.9600704908370972,0.7473416328430176,0.6964370012283325,0.9559980034828186,0.7411078810691833,0.7195785641670227,0.7558007836341858,0.6988624930381775,0.9999995827674866,0.015892088413238525,0.022768259048461914,0.059177290835326996,0.03165752575238297,0.014692902565002441,0.020716071128845215
1,128,transformer.h.5.mlp.c_proj.weight,transformer.h.5.mlp.c_proj.weight,"[384, 1024]",medium_cross,0.020523520186543465,0.2753887715867579,,,0.731449544429779,0.7192052602767944,0.9600704908370972,0.7353149652481079,0.7135420441627502,0.9585262537002563,0.7411078810691833,0.7195785641670227,0.7444773316383362,0.714881956577301,0.9999991059303284,0.0038654208183288574,0.0056632161140441895,0.014393648337409436,0.00787426959567097,0.003369450569152832,0.00469660758972168
1,128,transformer.h.5.mlp.c_proj.weight,transformer.h.5.mlp.c_proj.weight,"[384, 1024]",distant_cross,0.005890145897865295,0.07903517664301296,,,0.731449544429779,0.7192052602767944,0.9600704908370972,0.731450080871582,0.7192044258117676,0.9600723385810852,0.7411078810691833,0.7195785641670227,0.741107165813446,0.7195796966552734,1.0000004768371582,5.364418029785156e-07,8.344650268554688e-07,1.9975456822051305e-06,1.1602599048487426e-06,-7.152557373046875e-07,-1.1324882507324219e-06
1,512,transformer.h.0.attn.c_attn.weight,transformer.h.0.attn.c_attn.weight,"[1152, 384]",danger_diagonal,0.0016211367910727859,0.03068926554538905,,,0.5911355018615723,0.9094001054763794,1.011194109916687,0.5972092151641846,0.9027367830276489,1.0114434957504272,0.6161920428276062,0.8761386275291443,0.6220855712890625,0.8693860173225403,0.9999998807907104,0.006073713302612305,0.006663322448730469,0.01485507626674877,0.00732716260818989,0.005893528461456299,0.006752610206604004
1,512,transformer.h.0.attn.c_attn.weight,transformer.h.0.attn.c_attn.weight,"[1152, 384]",danger_cross,0.04301677271723747,0.8143379189805059,,,0.5911355018615723,0.9094001054763794,1.011194109916687,0.7444028258323669,0.7344664931297302,1.0503051280975342,0.6161920428276062,0.8761386275291443,0.753017246723175,0.7028296589851379,0.9999997019767761,0.15326732397079468,0.17493361234664917,0.37486092499746343,0.19236154833632013,0.13682520389556885,0.17330896854400635
1,512,transformer.h.0.attn.c_attn.weight,transformer.h.0.attn.c_attn.weight,"[1152, 384]",danger_full,0.043047308921813965,0.814915990921231,,,0.5911355018615723,0.9094001054763794,1.011194109916687,0.7510133981704712,0.7248731255531311,1.0501121282577515,0.6161920428276062,0.8761386275291443,0.7594606876373291,0.6936006546020508,0.9999998211860657,0.15987789630889893,0.1845269799232483,0.3910290500565047,0.20291066474704864,0.1432686448097229,0.1825379729270935
1,512,transformer.h.0.attn.c_attn.weight,transformer.h.0.attn.c_attn.weight,"[1152, 384]",internal_cross,0.021755194291472435,0.41184120814426284,,,0.5911355018615723,0.9094001054763794,1.011194109916687,0.6451140642166138,0.8598839640617371,1.039536476135254,0.6161920428276062,0.8761386275291443,0.660659909248352,0.8238231539726257,0.9999995231628418,0.053978562355041504,0.049516141414642334,0.13202066357144607,0.05444923649827799,0.04446786642074585,0.052315473556518555
1,512,transformer.h.0.attn.c_attn.weight,transformer.h.0.attn.c_attn.weight,"[1152, 384]",outside_cross,0.03711003065109253,0.7025191157960538,,,0.5911355018615723,0.9094001054763794,1.011194109916687,0.6364725828170776,0.8564650416374207,1.0087995529174805,0.6161920428276062,0.8761386275291443,0.665499746799469,0.817925751209259,1.0000003576278687,0.04533708095550537,0.05293506383895874,0.11088534505178721,0.05820877248659354,0.04930770397186279,0.058212876319885254
1,512,transformer.h.0.attn.c_attn.weight,transformer.h.0.attn.c_attn.weight,"[1152, 384]",local_cross,0.026813047006726265,0.5075899357795007,,,0.5911355018615723,0.9094001054763794,1.011194109916687,0.6699159741401672,0.8289761543273926,1.038679838180542,0.6161920428276062,0.8761386275291443,0.6817771792411804,0.7977777123451233,0.9999995827674866,0.07878047227859497,0.08042395114898682,0.19268112696818826,0.08843626767214592,0.06558513641357422,0.078360915184021
1,512,transformer.h.0.attn.c_attn.weight,transformer.h.0.attn.c_attn.weight,"[1152, 384]",medium_cross,0.03136342018842697,0.5937317170732422,,,0.5911355018615723,0.9094001054763794,1.011194109916687,0.6141362190246582,0.8843041062355042,1.0130771398544312,0.6161920428276062,0.8761386275291443,0.6443076729774475,0.8434374928474426,1.0000001192092896,0.023000717163085938,0.025095999240875244,0.05625510962142443,0.02759621325063403,0.02811563014984131,0.03270113468170166
1,512,transformer.h.0.attn.c_attn.weight,transformer.h.0.attn.c_attn.weight,"[1152, 384]",distant_cross,0.012159007601439953,0.2301786099136411,,,0.5911355018615723,0.9094001054763794,1.011194109916687,0.5913289785385132,0.9091910719871521,1.0112026929855347,0.6161920428276062,0.8761386275291443,0.616439938545227,0.8758553266525269,1.000000238418579,0.00019347667694091797,0.00020903348922729492,0.00047320488284461736,0.00022985865953665686,0.0002478957176208496,0.00028330087661743164
1,512,transformer.h.0.attn.c_proj.weight,transformer.h.0.attn.c_proj.weight,"[384, 384]",danger_diagonal,0.006476256530731916,0.03438654455253777,,,0.5504253506660461,0.974116861820221,1.0522931814193726,0.5511109828948975,0.973332941532135,1.052209734916687,0.5221859812736511,0.9775629639625549,0.5239489674568176,0.9751229882240295,0.9986972808837891,0.0006856322288513184,0.0007839202880859375,0.0015250687063140336,0.0008047497367216446,0.001762986183166504,0.0024399757385253906
1,512,transformer.h.0.attn.c_proj.weight,transformer.h.0.attn.c_proj.weight,"[384, 384]",danger_cross,0.14910775423049927,0.7917074330896605,,,0.5504253506660461,0.974116861820221,1.0522931814193726,0.8920575976371765,0.4838086664676666,1.0647882223129272,0.5221859812736511,0.9775629639625549,0.8417940139770508,0.562507152557373,1.0000001192092896,0.34163224697113037,0.4903081953525543,0.7599010475285017,0.5033361135299222,0.31960803270339966,0.4150558114051819
1,512,transformer.h.0.attn.c_proj.weight,transformer.h.0.attn.c_proj.weight,"[384, 384]",danger_full,0.14924831688404083,0.7924537691752516,,,0.5504253506660461,0.974116861820221,1.0522931814193726,0.8989806771278381,0.4682754874229431,1.064649224281311,0.5221859812736511,0.9775629639625549,0.8522105813026428,0.5436735153198242,1.000000238418579,0.348555326461792,0.5058413743972778,0.7753002242857281,0.5192820227462953,0.3300246000289917,0.4338894486427307
1,512,transformer.h.0.attn.c_proj.weight,transformer.h.0.attn.c_proj.weight,"[384, 384]",internal_cross,0.07373300194740295,0.3914951707711591,,,0.5504253506660461,0.974116861820221,1.0522931814193726,0.6464542150497437,0.8644372820854187,1.052846908569336,0.5221859812736511,0.9775629639625549,0.5946180820465088,0.9004253149032593,1.000000238418579,0.09602886438369751,0.10967957973480225,0.21359937560083636,0.11259386222907233,0.07243210077285767,0.07713764905929565
1,512,transformer.h.0.attn.c_proj.weight,transformer.h.0.attn.c_proj.weight,"[384, 384]",outside_cross,0.12960155308246613,0.6881366662979689,,,0.5504253506660461,0.974116861820221,1.0522931814193726,0.6248528361320496,0.8870822191238403,1.0459866523742676,0.5221859812736511,0.9775629639625549,0.5929538607597351,0.9022717475891113,0.9999998807907104,0.07442748546600342,0.08703464269638062,0.16555089477635795,0.0893472293804143,0.07076787948608398,0.0752912163734436
1,512,transformer.h.0.attn.c_proj.weight,transformer.h.0.attn.c_proj.weight,"[384, 384]",local_cross,0.08388438075780869,0.4453952653824907,,,0.5504253506660461,0.974116861820221,1.0522931814193726,0.6398816108703613,0.8730216026306152,1.0541430711746216,0.5221859812736511,0.9775629639625549,0.589780330657959,0.9057824015617371,0.9999998807907104,0.08945626020431519,0.10109525918960571,0.1989797697375617,0.10378144876858054,0.06759434938430786,0.07178056240081787
1,512,transformer.h.0.attn.c_proj.weight,transformer.h.0.attn.c_proj.weight,"[384, 384]",medium_cross,0.11238687485456467,0.5967330449262201,,,0.5504253506660461,0.974116861820221,1.0522931814193726,0.606469452381134,0.9122290015220642,1.0536447763442993,0.5221859812736511,0.9775629639625549,0.5765866637229919,0.9202330708503723,0.9999995827674866,0.05604410171508789,0.06188786029815674,0.12466028010724668,0.0635322749495517,0.05440068244934082,0.05732989311218262
1,512,transformer.h.0.attn.c_proj.weight,transformer.h.0.attn.c_proj.weight,"[384, 384]",distant_cross,0.050652891397476196,0.2689482571434404,,,0.5504253506660461,0.974116861820221,1.0522931814193726,0.5536555051803589,0.9702135324478149,1.0514981746673584,0.5221859812736511,0.9775629639625549,0.524046003818512,0.9756585359573364,0.9999995827674866,0.003230154514312744,0.003903329372406006,0.007184912492504253,0.00400704425248558,0.0018600225448608398,0.0019044280052185059
1,512,transformer.h.0.mlp.w1.weight,transformer.h.0.mlp.w1.weight,"[1024, 384]",danger_diagonal,0.0,0.0,,,0.923285186290741,0.39372435212135315,1.0096683502197266,0.923285186290741,0.39372435212135315,1.0096683502197266,0.921586811542511,0.3960278034210205,0.921586811542511,0.3960278034210205,1.000001072883606,0.0,0.0,0.0,0.0,0.0,0.0
1,512,transformer.h.0.mlp.w1.weight,transformer.h.0.mlp.w1.weight,"[1024, 384]",danger_cross,0.0,0.0,,,0.923285186290741,0.39372435212135315,1.0096683502197266,0.923285186290741,0.39372435212135315,1.0096683502197266,0.921586811542511,0.3960278034210205,0.921586811542511,0.3960278034210205,1.000001072883606,0.0,0.0,0.0,0.0,0.0,0.0
1,512,transformer.h.0.mlp.w1.weight,transformer.h.0.mlp.w1.weight,"[1024, 384]",danger_full,0.0,0.0,,,0.923285186290741,0.39372435212135315,1.0096683502197266,0.923285186290741,0.39372435212135315,1.0096683502197266,0.921586811542511,0.3960278034210205,0.921586811542511,0.3960278034210205,1.000001072883606,0.0,0.0,0.0,0.0,0.0,0.0
1,512,transformer.h.0.mlp.w1.weight,transformer.h.0.mlp.w1.weight,"[1024, 384]",internal_cross,0.0,0.0,,,0.923285186290741,0.39372435212135315,1.0096683502197266,0.923285186290741,0.39372435212135315,1.0096683502197266,0.921586811542511,0.3960278034210205,0.921586811542511,0.3960278034210205,1.000001072883606,0.0,0.0,0.0,0.0,0.0,0.0
1,512,transformer.h.0.mlp.w1.weight,transformer.h.0.mlp.w1.weight,"[1024, 384]",outside_cross,0.0,0.0,,,0.923285186290741,0.39372435212135315,1.0096683502197266,0.923285186290741,0.39372435212135315,1.0096683502197266,0.921586811542511,0.3960278034210205,0.921586811542511,0.3960278034210205,1.000001072883606,0.0,0.0,0.0,0.0,0.0,0.0
1,512,transformer.h.0.mlp.w1.weight,transformer.h.0.mlp.w1.weight,"[1024, 384]",local_cross,0.0,0.0,,,0.923285186290741,0.39372435212135315,1.0096683502197266,0.923285186290741,0.39372435212135315,1.0096683502197266,0.921586811542511,0.3960278034210205,0.921586811542511,0.3960278034210205,1.000001072883606,0.0,0.0,0.0,0.0,0.0,0.0
1,512,transformer.h.0.mlp.w1.weight,transformer.h.0.mlp.w1.weight,"[1024, 384]",medium_cross,0.0,0.0,,,0.923285186290741,0.39372435212135315,1.0096683502197266,0.923285186290741,0.39372435212135315,1.0096683502197266,0.921586811542511,0.3960278034210205,0.921586811542511,0.3960278034210205,1.000001072883606,0.0,0.0,0.0,0.0,0.0,0.0
1,512,transformer.h.0.mlp.w1.weight,transformer.h.0.mlp.w1.weight,"[1024, 384]",distant_cross,0.0,0.0,,,0.923285186290741,0.39372435212135315,1.0096683502197266,0.923285186290741,0.39372435212135315,1.0096683502197266,0.921586811542511,0.3960278034210205,0.921586811542511,0.3960278034210205,1.000001072883606,0.0,0.0,0.0,0.0,0.0,0.0
1,512,transformer.h.0.mlp.w2.weight,transformer.h.0.mlp.w2.weight,"[1024, 384]",danger_diagonal,0.0,0.0,,,0.9231252670288086,0.39405325055122375,1.0093004703521729,0.9231252670288086,0.39405325055122375,1.0093004703521729,0.9212329387664795,0.3969199061393738,0.9212329387664795,0.3969199061393738,1.0,0.0,0.0,0.0,0.0,0.0,0.0
1,512,transformer.h.0.mlp.w2.weight,transformer.h.0.mlp.w2.weight,"[1024, 384]",danger_cross,0.0,0.0,,,0.9231252670288086,0.39405325055122375,1.0093004703521729,0.9231252670288086,0.39405325055122375,1.0093004703521729,0.9212329387664795,0.3969199061393738,0.9212329387664795,0.3969199061393738,1.0,0.0,0.0,0.0,0.0,0.0,0.0
1,512,transformer.h.0.mlp.w2.weight,transformer.h.0.mlp.w2.weight,"[1024, 384]",danger_full,0.0,0.0,,,0.9231252670288086,0.39405325055122375,1.0093004703521729,0.9231252670288086,0.39405325055122375,1.0093004703521729,0.9212329387664795,0.3969199061393738,0.9212329387664795,0.3969199061393738,1.0,0.0,0.0,0.0,0.0,0.0,0.0
1,512,transformer.h.0.mlp.w2.weight,transformer.h.0.mlp.w2.weight,"[1024, 384]",internal_cross,0.0,0.0,,,0.9231252670288086,0.39405325055122375,1.0093004703521729,0.9231252670288086,0.39405325055122375,1.0093004703521729,0.9212329387664795,0.3969199061393738,0.9212329387664795,0.3969199061393738,1.0,0.0,0.0,0.0,0.0,0.0,0.0
1,512,transformer.h.0.mlp.w2.weight,transformer.h.0.mlp.w2.weight,"[1024, 384]",outside_cross,0.0,0.0,,,0.9231252670288086,0.39405325055122375,1.0093004703521729,0.9231252670288086,0.39405325055122375,1.0093004703521729,0.9212329387664795,0.3969199061393738,0.9212329387664795,0.3969199061393738,1.0,0.0,0.0,0.0,0.0,0.0,0.0
1,512,transformer.h.0.mlp.w2.weight,transformer.h.0.mlp.w2.weight,"[1024, 384]",local_cross,0.0,0.0,,,0.9231252670288086,0.39405325055122375,1.0093004703521729,0.9231252670288086,0.39405325055122375,1.0093004703521729,0.9212329387664795,0.3969199061393738,0.9212329387664795,0.3969199061393738,1.0,0.0,0.0,0.0,0.0,0.0,0.0
1,512,transformer.h.0.mlp.w2.weight,transformer.h.0.mlp.w2.weight,"[1024, 384]",medium_cross,0.0,0.0,,,0.9231252670288086,0.39405325055122375,1.0093004703521729,0.9231252670288086,0.39405325055122375,1.0093004703521729,0.9212329387664795,0.3969199061393738,0.9212329387664795,0.3969199061393738,1.0,0.0,0.0,0.0,0.0,0.0,0.0
1,512,transformer.h.0.mlp.w2.weight,transformer.h.0.mlp.w2.weight,"[1024, 384]",distant_cross,0.0,0.0,,,0.9231252670288086,0.39405325055122375,1.0093004703521729,0.9231252670288086,0.39405325055122375,1.0093004703521729,0.9212329387664795,0.3969199061393738,0.9212329387664795,0.3969199061393738,1.0,0.0,0.0,0.0,0.0,0.0,0.0
1,512,transformer.h.0.mlp.c_proj.weight,transformer.h.0.mlp.c_proj.weight,"[384, 1024]",danger_diagonal,0.0,0.0,,,0.8688070178031921,0.515855073928833,1.0134391784667969,0.8688070178031921,0.515855073928833,1.0134391784667969,0.8612752556800842,0.5267429351806641,0.8612752556800842,0.5267429351806641,1.0000007152557373,0.0,0.0,0.0,0.0,0.0,0.0
1,512,transformer.h.0.mlp.c_proj.weight,transformer.h.0.mlp.c_proj.weight,"[384, 1024]",danger_cross,0.0,0.0,,,0.8688070178031921,0.515855073928833,1.0134391784667969,0.8688070178031921,0.515855073928833,1.0134391784667969,0.8612752556800842,0.5267429351806641,0.8612752556800842,0.5267429351806641,1.0000007152557373,0.0,0.0,0.0,0.0,0.0,0.0
1,512,transformer.h.0.mlp.c_proj.weight,transformer.h.0.mlp.c_proj.weight,"[384, 1024]",danger_full,0.0,0.0,,,0.8688070178031921,0.515855073928833,1.0134391784667969,0.8688070178031921,0.515855073928833,1.0134391784667969,0.8612752556800842,0.5267429351806641,0.8612752556800842,0.5267429351806641,1.0000007152557373,0.0,0.0,0.0,0.0,0.0,0.0
1,512,transformer.h.0.mlp.c_proj.weight,transformer.h.0.mlp.c_proj.weight,"[384, 1024]",internal_cross,0.0,0.0,,,0.8688070178031921,0.515855073928833,1.0134391784667969,0.8688070178031921,0.515855073928833,1.0134391784667969,0.8612752556800842,0.5267429351806641,0.8612752556800842,0.5267429351806641,1.0000007152557373,0.0,0.0,0.0,0.0,0.0,0.0
1,512,transformer.h.0.mlp.c_proj.weight,transformer.h.0.mlp.c_proj.weight,"[384, 1024]",outside_cross,0.0,0.0,,,0.8688070178031921,0.515855073928833,1.0134391784667969,0.8688070178031921,0.515855073928833,1.0134391784667969,0.8612752556800842,0.5267429351806641,0.8612752556800842,0.5267429351806641,1.0000007152557373,0.0,0.0,0.0,0.0,0.0,0.0
1,512,transformer.h.0.mlp.c_proj.weight,transformer.h.0.mlp.c_proj.weight,"[384, 1024]",local_cross,0.0,0.0,,,0.8688070178031921,0.515855073928833,1.0134391784667969,0.8688070178031921,0.515855073928833,1.0134391784667969,0.8612752556800842,0.5267429351806641,0.8612752556800842,0.5267429351806641,1.0000007152557373,0.0,0.0,0.0,0.0,0.0,0.0
1,512,transformer.h.0.mlp.c_proj.weight,transformer.h.0.mlp.c_proj.weight,"[384, 1024]",medium_cross,0.0,0.0,,,0.8688070178031921,0.515855073928833,1.0134391784667969,0.8688070178031921,0.515855073928833,1.0134391784667969,0.8612752556800842,0.5267429351806641,0.8612752556800842,0.5267429351806641,1.0000007152557373,0.0,0.0,0.0,0.0,0.0,0.0
1,512,transformer.h.0.mlp.c_proj.weight,transformer.h.0.mlp.c_proj.weight,"[384, 1024]",distant_cross,0.0,0.0,,,0.8688070178031921,0.515855073928833,1.0134391784667969,0.8688070178031921,0.515855073928833,1.0134391784667969,0.8612752556800842,0.5267429351806641,0.8612752556800842,0.5267429351806641,1.0000007152557373,0.0,0.0,0.0,0.0,0.0,0.0
1,512,transformer.h.1.attn.c_attn.weight,transformer.h.1.attn.c_attn.weight,"[1152, 384]",danger_diagonal,0.0014302280033007264,0.03192244519933449,,,0.5565351843833923,0.9524961709976196,1.022341251373291,0.5602459907531738,0.9487441182136536,1.0228315591812134,0.5718457102775574,0.9253698587417603,0.576248049736023,0.9206010699272156,1.0,0.003710806369781494,0.0037520527839660645,0.008367758250723611,0.003939178863087987,0.004402339458465576,0.004768788814544678
1,512,transformer.h.1.attn.c_attn.weight,transformer.h.1.attn.c_attn.weight,"[1152, 384]",danger_cross,0.03777221590280533,0.8430694193037699,,,0.5565351843833923,0.9524961709976196,1.022341251373291,0.7157853841781616,0.7791167497634888,1.0612833499908447,0.5718457102775574,0.9253698587417603,0.7148189544677734,0.755225419998169,1.0,0.1592501997947693,0.17337942123413086,0.359104475004049,0.18202637082786147,0.14297324419021606,0.1701444387435913
1,512,transformer.h.1.attn.c_attn.weight,transformer.h.1.attn.c_attn.weight,"[1152, 384]",danger_full,0.03779928386211395,0.843673571540821,,,0.5565351843833923,0.9524961709976196,1.022341251373291,0.721304714679718,0.7719229459762573,1.0620979070663452,0.5718457102775574,0.9253698587417603,0.7214958667755127,0.7463331818580627,0.9999985694885254,0.16476953029632568,0.1805732250213623,0.37155040150643037,0.1895789510967111,0.14965015649795532,0.1790366768836975
1,512,transformer.h.1.attn.c_attn.weight,transformer.h.1.attn.c_attn.weight,"[1152, 384]",internal_cross,0.02067803032696247,0.46153011157609236,,,0.5565351843833923,0.9524961709976196,1.022341251373291,0.6199182868003845,0.896223783493042,1.0529431104660034,0.5718457102775574,0.9253698587417603,0.6243494153022766,0.8667773604393005,1.0,0.06338310241699219,0.05627238750457764,0.14292701514293146,0.05907885954611178,0.05250370502471924,0.05859249830245972
1,512,transformer.h.1.attn.c_attn.weight,transformer.h.1.attn.c_attn.weight,"[1152, 384]",outside_cross,0.03160949796438217,0.7055186055773911,,,0.5565351843833923,0.9524961709976196,1.022341251373291,0.5964243412017822,0.9080047011375427,1.0209102630615234,0.5718457102775574,0.9253698587417603,0.6160019040107727,0.8763554096221924,0.9999998807907104,0.03988915681838989,0.044491469860076904,0.08994886496897557,0.04671039235095056,0.04415619373321533,0.04901444911956787
1,512,transformer.h.1.attn.c_attn.weight,transformer.h.1.attn.c_attn.weight,"[1152, 384]",local_cross,0.023515241220593452,0.5248561750162346,,,0.5565351843833923,0.9524961709976196,1.022341251373291,0.6288158893585205,0.8840203881263733,1.0494062900543213,0.5718457102775574,0.9253698587417603,0.6332182288169861,0.8564852476119995,1.0,0.07228070497512817,0.06847578287124634,0.16299084488726973,0.07189087468931932,0.06137251853942871,0.06888461112976074
1,512,transformer.h.1.attn.c_attn.weight,transformer.h.1.attn.c_attn.weight,"[1152, 384]",medium_cross,0.027055079117417336,0.6038647533793363,,,0.5565351843833923,0.9524961709976196,1.022341251373291,0.5765346884727478,0.9323764443397522,1.025659203529358,0.5718457102775574,0.9253698587417603,0.597711980342865,0.8969830274581909,1.0,0.01999950408935547,0.02011972665786743,0.04509828826340488,0.021123157520722163,0.025866270065307617,0.028386831283569336
1,512,transformer.h.1.attn.c_attn.weight,transformer.h.1.attn.c_attn.weight,"[1152, 384]",distant_cross,0.011907870881259441,0.26578164794038633,,,0.5565351843833923,0.9524961709976196,1.022341251373291,0.5567505955696106,0.9523019790649414,1.0224189758300781,0.5718457102775574,0.9253698587417603,0.5720804929733276,0.9251173734664917,0.9999995231628418,0.00021541118621826172,0.00019419193267822266,0.0004857458328881111,0.0002038768643813351,0.00023478269577026367,0.0002524852752685547
1,512,transformer.h.1.attn.c_proj.weight,transformer.h.1.attn.c_proj.weight,"[384, 384]",danger_diagonal,0.004930310882627964,0.032570414216386206,,,0.5279227495193481,1.007125735282898,1.0692204236984253,0.530701756477356,1.0041381120681763,1.069159746170044,0.4908978343009949,1.0090609788894653,0.4935248792171478,1.006454348564148,1.0,0.0027790069580078125,0.0029876232147216797,0.00588676314136792,0.002966484829108718,0.002627044916152954,0.002606630325317383
1,512,transformer.h.1.attn.c_proj.weight,transformer.h.1.attn.c_proj.weight,"[384, 384]",danger_cross,0.12258421629667282,0.8098107393677294,,,0.5279227495193481,1.007125735282898,1.0692204236984253,0.8788573145866394,0.5201126337051392,1.0859966278076172,0.4908978343009949,1.0090609788894653,0.8185539841651917,0.6024060249328613,1.000000238418579,0.35093456506729126,0.4870131015777588,0.7433837676142675,0.4835673288012629,0.3276561498641968,0.406654953956604
1,512,transformer.h.1.attn.c_proj.weight,transformer.h.1.attn.c_proj.weight,"[384, 384]",danger_full,0.1226833239197731,0.8104654600158232,,,0.5279227495193481,1.007125735282898,1.0692204236984253,0.8856996297836304,0.5079372525215149,1.0917656421661377,0.4908978343009949,1.0090609788894653,0.8289709687232971,0.5848585367202759,1.0,0.3577768802642822,0.49918848276138306,0.7578778259278685,0.4956565652859251,0.33807313442230225,0.42420244216918945
1,512,transformer.h.1.attn.c_proj.weight,transformer.h.1.attn.c_proj.weight,"[384, 384]",internal_cross,0.062441904097795486,0.41250110375210747,,,0.5279227495193481,1.007125735282898,1.0692204236984253,0.6331212520599365,0.8907027840614319,1.0737934112548828,0.4908978343009949,1.0090609788894653,0.5674450397491455,0.930112898349762,0.9999997019767761,0.10519850254058838,0.11642295122146606,0.22284171167638156,0.1155992217682366,0.07654720544815063,0.07894808053970337
1,512,transformer.h.1.attn.c_proj.weight,transformer.h.1.attn.c_proj.weight,"[384, 384]",outside_cross,0.10548887401819229,0.6968762018839141,,,0.5279227495193481,1.007125735282898,1.0692204236984253,0.5936955213546753,0.9364479184150696,1.072659969329834,0.4908978343009949,1.0090609788894653,0.5569009184837341,0.9413807988166809,1.0,0.06577277183532715,0.07067781686782837,0.13932628985692427,0.07017774880707942,0.06600308418273926,0.06768018007278442
1,512,transformer.h.1.attn.c_proj.weight,transformer.h.1.attn.c_proj.weight,"[384, 384]",local_cross,0.06913691759109497,0.4567294227876058,,,0.5279227495193481,1.007125735282898,1.0692204236984253,0.6132633090019226,0.9129453897476196,1.0710397958755493,0.4908978343009949,1.0090609788894653,0.5565541982650757,0.9417502880096436,0.9999993443489075,0.08534055948257446,0.09418034553527832,0.18077668304431915,0.09351398960014005,0.06565636396408081,0.06731069087982178
1,512,transformer.h.1.attn.c_proj.weight,transformer.h.1.attn.c_proj.weight,"[384, 384]",medium_cross,0.09188390523195267,0.6069996242566962,,,0.5279227495193481,1.007125735282898,1.0692204236984253,0.5791240334510803,0.9544064402580261,1.0753858089447021,0.4908978343009949,1.0090609788894653,0.5401480197906494,0.9590124487876892,1.0,0.05120128393173218,0.052719295024871826,0.10845954529603131,0.05234628922481379,0.04925018548965454,0.05004853010177612
1,512,transformer.h.1.attn.c_proj.weight,transformer.h.1.attn.c_proj.weight,"[384, 384]",distant_cross,0.04247735068202019,0.2806121032657182,,,0.5279227495193481,1.007125735282898,1.0692204236984253,0.5312310457229614,1.0039281845092773,1.0698214769363403,0.4908978343009949,1.0090609788894653,0.4916745722293854,1.008290410041809,1.0,0.0033082962036132812,0.0031975507736206055,0.007007955160399902,0.0031749270836798,0.0007767379283905029,0.00077056884765625
1,512,transformer.h.1.mlp.w1.weight,transformer.h.1.mlp.w1.weight,"[1024, 384]",danger_diagonal,0.0,0.0,,,0.9119290113449097,0.42199981212615967,1.0103646516799927,0.9119290113449097,0.42199981212615967,1.0103646516799927,0.9065662622451782,0.43229421973228455,0.9065662622451782,0.43229421973228455,1.0000009536743164,0.0,0.0,0.0,0.0,0.0,0.0
1,512,transformer.h.1.mlp.w1.weight,transformer.h.1.mlp.w1.weight,"[1024, 384]",danger_cross,0.0,0.0,,,0.9119290113449097,0.42199981212615967,1.0103646516799927,0.9119290113449097,0.42199981212615967,1.0103646516799927,0.9065662622451782,0.43229421973228455,0.9065662622451782,0.43229421973228455,1.0000009536743164,0.0,0.0,0.0,0.0,0.0,0.0
1,512,transformer.h.1.mlp.w1.weight,transformer.h.1.mlp.w1.weight,"[1024, 384]",danger_full,0.0,0.0,,,0.9119290113449097,0.42199981212615967,1.0103646516799927,0.9119290113449097,0.42199981212615967,1.0103646516799927,0.9065662622451782,0.43229421973228455,0.9065662622451782,0.43229421973228455,1.0000009536743164,0.0,0.0,0.0,0.0,0.0,0.0
1,512,transformer.h.1.mlp.w1.weight,transformer.h.1.mlp.w1.weight,"[1024, 384]",internal_cross,0.0,0.0,,,0.9119290113449097,0.42199981212615967,1.0103646516799927,0.9119290113449097,0.42199981212615967,1.0103646516799927,0.9065662622451782,0.43229421973228455,0.9065662622451782,0.43229421973228455,1.0000009536743164,0.0,0.0,0.0,0.0,0.0,0.0
1,512,transformer.h.1.mlp.w1.weight,transformer.h.1.mlp.w1.weight,"[1024, 384]",outside_cross,0.0,0.0,,,0.9119290113449097,0.42199981212615967,1.0103646516799927,0.9119290113449097,0.42199981212615967,1.0103646516799927,0.9065662622451782,0.43229421973228455,0.9065662622451782,0.43229421973228455,1.0000009536743164,0.0,0.0,0.0,0.0,0.0,0.0
1,512,transformer.h.1.mlp.w1.weight,transformer.h.1.mlp.w1.weight,"[1024, 384]",local_cross,0.0,0.0,,,0.9119290113449097,0.42199981212615967,1.0103646516799927,0.9119290113449097,0.42199981212615967,1.0103646516799927,0.9065662622451782,0.43229421973228455,0.9065662622451782,0.43229421973228455,1.0000009536743164,0.0,0.0,0.0,0.0,0.0,0.0
1,512,transformer.h.1.mlp.w1.weight,transformer.h.1.mlp.w1.weight,"[1024, 384]",medium_cross,0.0,0.0,,,0.9119290113449097,0.42199981212615967,1.0103646516799927,0.9119290113449097,0.42199981212615967,1.0103646516799927,0.9065662622451782,0.43229421973228455,0.9065662622451782,0.43229421973228455,1.0000009536743164,0.0,0.0,0.0,0.0,0.0,0.0
1,512,transformer.h.1.mlp.w1.weight,transformer.h.1.mlp.w1.weight,"[1024, 384]",distant_cross,0.0,0.0,,,0.9119290113449097,0.42199981212615967,1.0103646516799927,0.9119290113449097,0.42199981212615967,1.0103646516799927,0.9065662622451782,0.43229421973228455,0.9065662622451782,0.43229421973228455,1.0000009536743164,0.0,0.0,0.0,0.0,0.0,0.0
1,512,transformer.h.1.mlp.w2.weight,transformer.h.1.mlp.w2.weight,"[1024, 384]",danger_diagonal,0.0,0.0,,,0.905328094959259,0.4372892677783966,1.009392499923706,0.905328094959259,0.4372892677783966,1.009392499923706,0.898910403251648,0.44966015219688416,0.898910403251648,0.44966015219688416,1.000000238418579,0.0,0.0,0.0,0.0,0.0,0.0
1,512,transformer.h.1.mlp.w2.weight,transformer.h.1.mlp.w2.weight,"[1024, 384]",danger_cross,0.0,0.0,,,0.905328094959259,0.4372892677783966,1.009392499923706,0.905328094959259,0.4372892677783966,1.009392499923706,0.898910403251648,0.44966015219688416,0.898910403251648,0.44966015219688416,1.000000238418579,0.0,0.0,0.0,0.0,0.0,0.0
1,512,transformer.h.1.mlp.w2.weight,transformer.h.1.mlp.w2.weight,"[1024, 384]",danger_full,0.0,0.0,,,0.905328094959259,0.4372892677783966,1.009392499923706,0.905328094959259,0.4372892677783966,1.009392499923706,0.898910403251648,0.44966015219688416,0.898910403251648,0.44966015219688416,1.000000238418579,0.0,0.0,0.0,0.0,0.0,0.0
1,512,transformer.h.1.mlp.w2.weight,transformer.h.1.mlp.w2.weight,"[1024, 384]",internal_cross,0.0,0.0,,,0.905328094959259,0.4372892677783966,1.009392499923706,0.905328094959259,0.4372892677783966,1.009392499923706,0.898910403251648,0.44966015219688416,0.898910403251648,0.44966015219688416,1.000000238418579,0.0,0.0,0.0,0.0,0.0,0.0
1,512,transformer.h.1.mlp.w2.weight,transformer.h.1.mlp.w2.weight,"[1024, 384]",outside_cross,0.0,0.0,,,0.905328094959259,0.4372892677783966,1.009392499923706,0.905328094959259,0.4372892677783966,1.009392499923706,0.898910403251648,0.44966015219688416,0.898910403251648,0.44966015219688416,1.000000238418579,0.0,0.0,0.0,0.0,0.0,0.0
1,512,transformer.h.1.mlp.w2.weight,transformer.h.1.mlp.w2.weight,"[1024, 384]",local_cross,0.0,0.0,,,0.905328094959259,0.4372892677783966,1.009392499923706,0.905328094959259,0.4372892677783966,1.009392499923706,0.898910403251648,0.44966015219688416,0.898910403251648,0.44966015219688416,1.000000238418579,0.0,0.0,0.0,0.0,0.0,0.0
1,512,transformer.h.1.mlp.w2.weight,transformer.h.1.mlp.w2.weight,"[1024, 384]",medium_cross,0.0,0.0,,,0.905328094959259,0.4372892677783966,1.009392499923706,0.905328094959259,0.4372892677783966,1.009392499923706,0.898910403251648,0.44966015219688416,0.898910403251648,0.44966015219688416,1.000000238418579,0.0,0.0,0.0,0.0,0.0,0.0
1,512,transformer.h.1.mlp.w2.weight,transformer.h.1.mlp.w2.weight,"[1024, 384]",distant_cross,0.0,0.0,,,0.905328094959259,0.4372892677783966,1.009392499923706,0.905328094959259,0.4372892677783966,1.009392499923706,0.898910403251648,0.44966015219688416,0.898910403251648,0.44966015219688416,1.000000238418579,0.0,0.0,0.0,0.0,0.0,0.0
1,512,transformer.h.1.mlp.c_proj.weight,transformer.h.1.mlp.c_proj.weight,"[384, 1024]",danger_diagonal,0.0,0.0,,,0.8869336843490601,0.4786151349544525,1.0122946500778198,0.8869336843490601,0.4786151349544525,1.0122946500778198,0.879954993724823,0.49000200629234314,0.879954993724823,0.49000200629234314,0.999998927116394,0.0,0.0,0.0,0.0,0.0,0.0
1,512,transformer.h.1.mlp.c_proj.weight,transformer.h.1.mlp.c_proj.weight,"[384, 1024]",danger_cross,0.0,0.0,,,0.8869336843490601,0.4786151349544525,1.0122946500778198,0.8869336843490601,0.4786151349544525,1.0122946500778198,0.879954993724823,0.49000200629234314,0.879954993724823,0.49000200629234314,0.999998927116394,0.0,0.0,0.0,0.0,0.0,0.0
1,512,transformer.h.1.mlp.c_proj.weight,transformer.h.1.mlp.c_proj.weight,"[384, 1024]",danger_full,0.0,0.0,,,0.8869336843490601,0.4786151349544525,1.0122946500778198,0.8869336843490601,0.4786151349544525,1.0122946500778198,0.879954993724823,0.49000200629234314,0.879954993724823,0.49000200629234314,0.999998927116394,0.0,0.0,0.0,0.0,0.0,0.0
1,512,transformer.h.1.mlp.c_proj.weight,transformer.h.1.mlp.c_proj.weight,"[384, 1024]",internal_cross,0.0,0.0,,,0.8869336843490601,0.4786151349544525,1.0122946500778198,0.8869336843490601,0.4786151349544525,1.0122946500778198,0.879954993724823,0.49000200629234314,0.879954993724823,0.49000200629234314,0.999998927116394,0.0,0.0,0.0,0.0,0.0,0.0
1,512,transformer.h.1.mlp.c_proj.weight,transformer.h.1.mlp.c_proj.weight,"[384, 1024]",outside_cross,0.0,0.0,,,0.8869336843490601,0.4786151349544525,1.0122946500778198,0.8869336843490601,0.4786151349544525,1.0122946500778198,0.879954993724823,0.49000200629234314,0.879954993724823,0.49000200629234314,0.999998927116394,0.0,0.0,0.0,0.0,0.0,0.0
1,512,transformer.h.1.mlp.c_proj.weight,transformer.h.1.mlp.c_proj.weight,"[384, 1024]",local_cross,0.0,0.0,,,0.8869336843490601,0.4786151349544525,1.0122946500778198,0.8869336843490601,0.4786151349544525,1.0122946500778198,0.879954993724823,0.49000200629234314,0.879954993724823,0.49000200629234314,0.999998927116394,0.0,0.0,0.0,0.0,0.0,0.0
1,512,transformer.h.1.mlp.c_proj.weight,transformer.h.1.mlp.c_proj.weight,"[384, 1024]",medium_cross,0.0,0.0,,,0.8869336843490601,0.4786151349544525,1.0122946500778198,0.8869336843490601,0.4786151349544525,1.0122946500778198,0.879954993724823,0.49000200629234314,0.879954993724823,0.49000200629234314,0.999998927116394,0.0,0.0,0.0,0.0,0.0,0.0
1,512,transformer.h.1.mlp.c_proj.weight,transformer.h.1.mlp.c_proj.weight,"[384, 1024]",distant_cross,0.0,0.0,,,0.8869336843490601,0.4786151349544525,1.0122946500778198,0.8869336843490601,0.4786151349544525,1.0122946500778198,0.879954993724823,0.49000200629234314,0.879954993724823,0.49000200629234314,0.999998927116394,0.0,0.0,0.0,0.0,0.0,0.0
1,512,transformer.h.2.attn.c_attn.weight,transformer.h.2.attn.c_attn.weight,"[1152, 384]",danger_diagonal,0.0013246010057628155,0.03497281557771606,,,0.5203657746315002,1.0013103485107422,1.0432411432266235,0.527346670627594,0.9940052628517151,1.0432319641113281,0.5309895873069763,0.9685159921646118,0.5378158092498779,0.9614423513412476,1.0,0.00698089599609375,0.0073050856590271,0.014554624392640818,0.007295525977427496,0.006826221942901611,0.007073640823364258
1,512,transformer.h.2.attn.c_attn.weight,transformer.h.2.attn.c_attn.weight,"[1152, 384]",danger_cross,0.03282642737030983,0.8667006785458417,,,0.5203657746315002,1.0013103485107422,1.0432411432266235,0.6811982989311218,0.8333020210266113,1.0792193412780762,0.5309895873069763,0.9685159921646118,0.6761897206306458,0.8047506213188171,1.000000238418579,0.16083252429962158,0.16800832748413086,0.3353232855225355,0.16778846611743417,0.14520013332366943,0.16376537084579468
1,512,transformer.h.2.attn.c_attn.weight,transformer.h.2.attn.c_attn.weight,"[1152, 384]",danger_full,0.0328531377017498,0.8674058988283311,,,0.5203657746315002,1.0013103485107422,1.0432411432266235,0.6895115375518799,0.8222939968109131,1.0788583755493164,0.5309895873069763,0.9685159921646118,0.6845051050186157,0.7943509817123413,1.000000238418579,0.16914576292037964,0.1790163516998291,0.3526557405081468,0.17878208486118385,0.1535155177116394,0.1741650104522705
1,512,transformer.h.2.attn.c_attn.weight,transformer.h.2.attn.c_attn.weight,"[1152, 384]",internal_cross,0.018982408568263054,0.5011835799538823,,,0.5203657746315002,1.0013103485107422,1.0432411432266235,0.5905042886734009,0.9394501447677612,1.071397304534912,0.5309895873069763,0.9685159921646118,0.5894233584403992,0.906176745891571,0.9999997019767761,0.07013851404190063,0.06186020374298096,0.14623333851543577,0.06177925139292347,0.05843377113342285,0.06233924627304077
1,512,transformer.h.2.attn.c_attn.weight,transformer.h.2.attn.c_attn.weight,"[1152, 384]",outside_cross,0.026781385764479637,0.7070962963050391,,,0.5203657746315002,1.0013103485107422,1.0432411432266235,0.5584419369697571,0.9595668911933899,1.0407518148422241,0.5309895873069763,0.9685159921646118,0.5726373791694641,0.9245151281356812,0.9999995231628418,0.038076162338256836,0.041743457317352295,0.07938583262902721,0.04168883042049622,0.04164779186248779,0.044000864028930664
1,512,transformer.h.2.attn.c_attn.weight,transformer.h.2.attn.c_attn.weight,"[1152, 384]",local_cross,0.02031644992530346,0.5364056446736296,,,0.5203657746315002,1.0013103485107422,1.0432411432266235,0.5856175422668457,0.9419727325439453,1.0654703378677368,0.5309895873069763,0.9685159921646118,0.5880368947982788,0.9077051877975464,0.9999995827674866,0.06525176763534546,0.059337615966796875,0.136044852898504,0.05925996476022668,0.05704730749130249,0.06081080436706543
1,512,transformer.h.2.attn.c_attn.weight,transformer.h.2.attn.c_attn.weight,"[1152, 384]",medium_cross,0.023391850292682648,0.617603989992757,,,0.5203657746315002,1.0013103485107422,1.0432411432266235,0.5425017476081848,0.9788396954536438,1.0449260473251343,0.5309895873069763,0.9685159921646118,0.5587725043296814,0.9393922686576843,0.9999997019767761,0.02213597297668457,0.02247065305709839,0.04615177943083117,0.022441247202247726,0.027782917022705078,0.02912372350692749
1,512,transformer.h.2.attn.c_attn.weight,transformer.h.2.attn.c_attn.weight,"[1152, 384]",distant_cross,0.010846102610230446,0.2863645314130883,,,0.5203657746315002,1.0013103485107422,1.0432411432266235,0.5208088159561157,1.0008058547973633,1.0431618690490723,0.5309895873069763,0.9685159921646118,0.5313615202903748,0.968131959438324,1.0000003576278687,0.0004430413246154785,0.0005044937133789062,0.0009237066522412841,0.0005038335158817086,0.0003719329833984375,0.0003840327262878418
1,512,transformer.h.2.attn.c_proj.weight,transformer.h.2.attn.c_proj.weight,"[384, 384]",danger_diagonal,0.0039349691942334175,0.03153469467910948,,,0.5147935152053833,1.0290143489837646,1.0838998556137085,0.5173083543777466,1.026357889175415,1.0838923454284668,0.4679885804653168,1.0315154790878296,0.47059109807014465,1.0289894342422485,0.9999993443489075,0.0025148391723632812,0.0026564598083496094,0.0051830287747035965,0.0025815575953562547,0.002602517604827881,0.0025260448455810547
1,512,transformer.h.2.attn.c_proj.weight,transformer.h.2.attn.c_proj.weight,"[384, 384]",danger_cross,0.10096444189548492,0.8091252285498686,,,0.5147935152053833,1.0290143489837646,1.0838998556137085,0.8696579337120056,0.5410905480384827,1.091200590133667,0.4679885804653168,1.0315154790878296,0.8110659122467041,0.614711582660675,1.0,0.3548644185066223,0.487923800945282,0.7313678395226582,0.47416617798104216,0.34307733178138733,0.41680389642715454
1,512,transformer.h.2.attn.c_proj.weight,transformer.h.2.attn.c_proj.weight,"[384, 384]",danger_full,0.10104108601808548,0.809739451657053,,,0.5147935152053833,1.0290143489837646,1.0838998556137085,0.8771771788597107,0.528778612613678,1.0986353158950806,0.4679885804653168,1.0315154790878296,0.8110658526420593,0.6147114634513855,1.0,0.3623836636543274,0.5002357363700867,0.7468648400437619,0.4861309629589812,0.34307727217674255,0.4168040156364441
1,512,transformer.h.2.attn.c_proj.weight,transformer.h.2.attn.c_proj.weight,"[384, 384]",internal_cross,0.051698118448257446,0.41430677097532803,,,0.5147935152053833,1.0290143489837646,1.0838998556137085,0.621656596660614,0.9105437397956848,1.0859239101409912,0.4679885804653168,1.0315154790878296,0.549891471862793,0.9487981200218201,0.9999997019767761,0.10686308145523071,0.11847060918807983,0.22024248398177293,0.11513018191153428,0.0819028913974762,0.08271735906600952
1,512,transformer.h.2.attn.c_proj.weight,transformer.h.2.attn.c_proj.weight,"[384, 384]",outside_cross,0.0867244154214859,0.6950061935805296,,,0.5147935152053833,1.0290143489837646,1.0838998556137085,0.5770977139472961,0.961020827293396,1.0836561918258667,0.4679885804653168,1.0315154790878296,0.5323999524116516,0.9670583605766296,0.9999995827674866,0.06230419874191284,0.06799352169036865,0.12840759696005632,0.06607635914651509,0.06441137194633484,0.06445711851119995
1,512,transformer.h.2.attn.c_proj.weight,transformer.h.2.attn.c_proj.weight,"[384, 384]",local_cross,0.05635710433125496,0.4516437080852587,,,0.5147935152053833,1.0290143489837646,1.0838998556137085,0.5971693992614746,0.9381881356239319,1.0837976932525635,0.4679885804653168,1.0315154790878296,0.5346415042877197,0.964738130569458,0.9999995231628418,0.08237588405609131,0.09082621335983276,0.16977490334029693,0.08826525446368269,0.06665292382240295,0.06677734851837158
1,512,transformer.h.2.attn.c_proj.weight,transformer.h.2.attn.c_proj.weight,"[384, 384]",medium_cross,0.07571786642074585,0.6068001251016092,,,0.5147935152053833,1.0290143489837646,1.0838998556137085,0.5675542950630188,0.9736437797546387,1.087264060974121,0.4679885804653168,1.0315154790878296,0.5217329263687134,0.9780271053314209,0.9999995231628418,0.0527607798576355,0.05537056922912598,0.1087388184433863,0.05380932664720265,0.053744345903396606,0.05348837375640869
1,512,transformer.h.2.attn.c_proj.weight,transformer.h.2.attn.c_proj.weight,"[384, 384]",distant_cross,0.03583984822034836,0.28721919160906867,,,0.5147935152053833,1.0290143489837646,1.0838998556137085,0.5182562470436096,1.0263986587524414,1.0857799053192139,0.4679885804653168,1.0315154790878296,0.47099757194519043,1.0285942554473877,0.9999995827674866,0.0034627318382263184,0.002615690231323242,0.007136614919093795,0.002541937567640771,0.0030089914798736572,0.0029212236404418945
1,512,transformer.h.2.mlp.w1.weight,transformer.h.2.mlp.w1.weight,"[1024, 384]",danger_diagonal,0.0,0.0,,,0.8977410793304443,0.454114705324173,1.007957935333252,0.8977410793304443,0.454114705324173,1.007957935333252,0.8912367820739746,0.46640703082084656,0.8912367820739746,0.46640703082084656,1.0,0.0,0.0,0.0,0.0,0.0,0.0
1,512,transformer.h.2.mlp.w1.weight,transformer.h.2.mlp.w1.weight,"[1024, 384]",danger_cross,0.0,0.0,,,0.8977410793304443,0.454114705324173,1.007957935333252,0.8977410793304443,0.454114705324173,1.007957935333252,0.8912367820739746,0.46640703082084656,0.8912367820739746,0.46640703082084656,1.0,0.0,0.0,0.0,0.0,0.0,0.0
1,512,transformer.h.2.mlp.w1.weight,transformer.h.2.mlp.w1.weight,"[1024, 384]",danger_full,0.0,0.0,,,0.8977410793304443,0.454114705324173,1.007957935333252,0.8977410793304443,0.454114705324173,1.007957935333252,0.8912367820739746,0.46640703082084656,0.8912367820739746,0.46640703082084656,1.0,0.0,0.0,0.0,0.0,0.0,0.0
1,512,transformer.h.2.mlp.w1.weight,transformer.h.2.mlp.w1.weight,"[1024, 384]",internal_cross,0.0,0.0,,,0.8977410793304443,0.454114705324173,1.007957935333252,0.8977410793304443,0.454114705324173,1.007957935333252,0.8912367820739746,0.46640703082084656,0.8912367820739746,0.46640703082084656,1.0,0.0,0.0,0.0,0.0,0.0,0.0
1,512,transformer.h.2.mlp.w1.weight,transformer.h.2.mlp.w1.weight,"[1024, 384]",outside_cross,0.0,0.0,,,0.8977410793304443,0.454114705324173,1.007957935333252,0.8977410793304443,0.454114705324173,1.007957935333252,0.8912367820739746,0.46640703082084656,0.8912367820739746,0.46640703082084656,1.0,0.0,0.0,0.0,0.0,0.0,0.0
1,512,transformer.h.2.mlp.w1.weight,transformer.h.2.mlp.w1.weight,"[1024, 384]",local_cross,0.0,0.0,,,0.8977410793304443,0.454114705324173,1.007957935333252,0.8977410793304443,0.454114705324173,1.007957935333252,0.8912367820739746,0.46640703082084656,0.8912367820739746,0.46640703082084656,1.0,0.0,0.0,0.0,0.0,0.0,0.0
1,512,transformer.h.2.mlp.w1.weight,transformer.h.2.mlp.w1.weight,"[1024, 384]",medium_cross,0.0,0.0,,,0.8977410793304443,0.454114705324173,1.007957935333252,0.8977410793304443,0.454114705324173,1.007957935333252,0.8912367820739746,0.46640703082084656,0.8912367820739746,0.46640703082084656,1.0,0.0,0.0,0.0,0.0,0.0,0.0
1,512,transformer.h.2.mlp.w1.weight,transformer.h.2.mlp.w1.weight,"[1024, 384]",distant_cross,0.0,0.0,,,0.8977410793304443,0.454114705324173,1.007957935333252,0.8977410793304443,0.454114705324173,1.007957935333252,0.8912367820739746,0.46640703082084656,0.8912367820739746,0.46640703082084656,1.0,0.0,0.0,0.0,0.0,0.0,0.0
1,512,transformer.h.2.mlp.w2.weight,transformer.h.2.mlp.w2.weight,"[1024, 384]",danger_diagonal,0.0,0.0,,,0.8911354541778564,0.4678786098957062,1.0052423477172852,0.8911354541778564,0.4678786098957062,1.0052423477172852,0.884733259677887,0.48014920949935913,0.884733259677887,0.48014920949935913,1.000001072883606,0.0,0.0,0.0,0.0,0.0,0.0
1,512,transformer.h.2.mlp.w2.weight,transformer.h.2.mlp.w2.weight,"[1024, 384]",danger_cross,0.0,0.0,,,0.8911354541778564,0.4678786098957062,1.0052423477172852,0.8911354541778564,0.4678786098957062,1.0052423477172852,0.884733259677887,0.48014920949935913,0.884733259677887,0.48014920949935913,1.000001072883606,0.0,0.0,0.0,0.0,0.0,0.0
1,512,transformer.h.2.mlp.w2.weight,transformer.h.2.mlp.w2.weight,"[1024, 384]",danger_full,0.0,0.0,,,0.8911354541778564,0.4678786098957062,1.0052423477172852,0.8911354541778564,0.4678786098957062,1.0052423477172852,0.884733259677887,0.48014920949935913,0.884733259677887,0.48014920949935913,1.000001072883606,0.0,0.0,0.0,0.0,0.0,0.0
1,512,transformer.h.2.mlp.w2.weight,transformer.h.2.mlp.w2.weight,"[1024, 384]",internal_cross,0.0,0.0,,,0.8911354541778564,0.4678786098957062,1.0052423477172852,0.8911354541778564,0.4678786098957062,1.0052423477172852,0.884733259677887,0.48014920949935913,0.884733259677887,0.48014920949935913,1.000001072883606,0.0,0.0,0.0,0.0,0.0,0.0
1,512,transformer.h.2.mlp.w2.weight,transformer.h.2.mlp.w2.weight,"[1024, 384]",outside_cross,0.0,0.0,,,0.8911354541778564,0.4678786098957062,1.0052423477172852,0.8911354541778564,0.4678786098957062,1.0052423477172852,0.884733259677887,0.48014920949935913,0.884733259677887,0.48014920949935913,1.000001072883606,0.0,0.0,0.0,0.0,0.0,0.0
1,512,transformer.h.2.mlp.w2.weight,transformer.h.2.mlp.w2.weight,"[1024, 384]",local_cross,0.0,0.0,,,0.8911354541778564,0.4678786098957062,1.0052423477172852,0.8911354541778564,0.4678786098957062,1.0052423477172852,0.884733259677887,0.48014920949935913,0.884733259677887,0.48014920949935913,1.000001072883606,0.0,0.0,0.0,0.0,0.0,0.0
1,512,transformer.h.2.mlp.w2.weight,transformer.h.2.mlp.w2.weight,"[1024, 384]",medium_cross,0.0,0.0,,,0.8911354541778564,0.4678786098957062,1.0052423477172852,0.8911354541778564,0.4678786098957062,1.0052423477172852,0.884733259677887,0.48014920949935913,0.884733259677887,0.48014920949935913,1.000001072883606,0.0,0.0,0.0,0.0,0.0,0.0
1,512,transformer.h.2.mlp.w2.weight,transformer.h.2.mlp.w2.weight,"[1024, 384]",distant_cross,0.0,0.0,,,0.8911354541778564,0.4678786098957062,1.0052423477172852,0.8911354541778564,0.4678786098957062,1.0052423477172852,0.884733259677887,0.48014920949935913,0.884733259677887,0.48014920949935913,1.000001072883606,0.0,0.0,0.0,0.0,0.0,0.0
1,512,transformer.h.2.mlp.c_proj.weight,transformer.h.2.mlp.c_proj.weight,"[384, 1024]",danger_diagonal,0.0,0.0,,,0.8853946924209595,0.4819072484970093,1.0124523639678955,0.8853946924209595,0.4819072484970093,1.0124523639678955,0.8789718747138977,0.49200302362442017,0.8789718747138977,0.49200302362442017,1.0000008344650269,0.0,0.0,0.0,0.0,0.0,0.0
1,512,transformer.h.2.mlp.c_proj.weight,transformer.h.2.mlp.c_proj.weight,"[384, 1024]",danger_cross,0.0,0.0,,,0.8853946924209595,0.4819072484970093,1.0124523639678955,0.8853946924209595,0.4819072484970093,1.0124523639678955,0.8789718747138977,0.49200302362442017,0.8789718747138977,0.49200302362442017,1.0000008344650269,0.0,0.0,0.0,0.0,0.0,0.0
1,512,transformer.h.2.mlp.c_proj.weight,transformer.h.2.mlp.c_proj.weight,"[384, 1024]",danger_full,0.0,0.0,,,0.8853946924209595,0.4819072484970093,1.0124523639678955,0.8853946924209595,0.4819072484970093,1.0124523639678955,0.8789718747138977,0.49200302362442017,0.8789718747138977,0.49200302362442017,1.0000008344650269,0.0,0.0,0.0,0.0,0.0,0.0
1,512,transformer.h.2.mlp.c_proj.weight,transformer.h.2.mlp.c_proj.weight,"[384, 1024]",internal_cross,0.0,0.0,,,0.8853946924209595,0.4819072484970093,1.0124523639678955,0.8853946924209595,0.4819072484970093,1.0124523639678955,0.8789718747138977,0.49200302362442017,0.8789718747138977,0.49200302362442017,1.0000008344650269,0.0,0.0,0.0,0.0,0.0,0.0
1,512,transformer.h.2.mlp.c_proj.weight,transformer.h.2.mlp.c_proj.weight,"[384, 1024]",outside_cross,0.0,0.0,,,0.8853946924209595,0.4819072484970093,1.0124523639678955,0.8853946924209595,0.4819072484970093,1.0124523639678955,0.8789718747138977,0.49200302362442017,0.8789718747138977,0.49200302362442017,1.0000008344650269,0.0,0.0,0.0,0.0,0.0,0.0
1,512,transformer.h.2.mlp.c_proj.weight,transformer.h.2.mlp.c_proj.weight,"[384, 1024]",local_cross,0.0,0.0,,,0.8853946924209595,0.4819072484970093,1.0124523639678955,0.8853946924209595,0.4819072484970093,1.0124523639678955,0.8789718747138977,0.49200302362442017,0.8789718747138977,0.49200302362442017,1.0000008344650269,0.0,0.0,0.0,0.0,0.0,0.0
1,512,transformer.h.2.mlp.c_proj.weight,transformer.h.2.mlp.c_proj.weight,"[384, 1024]",medium_cross,0.0,0.0,,,0.8853946924209595,0.4819072484970093,1.0124523639678955,0.8853946924209595,0.4819072484970093,1.0124523639678955,0.8789718747138977,0.49200302362442017,0.8789718747138977,0.49200302362442017,1.0000008344650269,0.0,0.0,0.0,0.0,0.0,0.0
1,512,transformer.h.2.mlp.c_proj.weight,transformer.h.2.mlp.c_proj.weight,"[384, 1024]",distant_cross,0.0,0.0,,,0.8853946924209595,0.4819072484970093,1.0124523639678955,0.8853946924209595,0.4819072484970093,1.0124523639678955,0.8789718747138977,0.49200302362442017,0.8789718747138977,0.49200302362442017,1.0000008344650269,0.0,0.0,0.0,0.0,0.0,0.0
1,512,transformer.h.3.attn.c_attn.weight,transformer.h.3.attn.c_attn.weight,"[1152, 384]",danger_diagonal,0.0011291486443951726,0.03364044424957656,,,0.5176880359649658,1.0134068727493286,1.0608196258544922,0.5191880464553833,1.0119235515594482,1.060983419418335,0.5200839638710022,0.9797098636627197,0.5205443501472473,0.9792407751083374,0.9999995827674866,0.0015000104904174805,0.001483321189880371,0.003110042052177919,0.001463697582646332,0.0004603862762451172,0.0004690885543823242
1,512,transformer.h.3.attn.c_attn.weight,transformer.h.3.attn.c_attn.weight,"[1152, 384]",danger_cross,0.02942132018506527,0.8765420623294343,,,0.5176880359649658,1.0134068727493286,1.0608196258544922,0.6930490136146545,0.8300693035125732,1.104540467262268,0.5200839638710022,0.9797098636627197,0.6815663576126099,0.7980399131774902,0.9999993443489075,0.17536097764968872,0.18333756923675537,0.3635841337681411,0.1809121036838526,0.16148239374160767,0.1816699504852295
1,512,transformer.h.3.attn.c_attn.weight,transformer.h.3.attn.c_attn.weight,"[1152, 384]",danger_full,0.029442979022860527,0.877187338687847,,,0.5176880359649658,1.0134068727493286,1.0608196258544922,0.6955351829528809,0.8263373374938965,1.1037001609802246,0.5200839638710022,0.9797098636627197,0.6826152801513672,0.7967261075973511,0.9999985694885254,0.17784714698791504,0.18706953525543213,0.36873882517871065,0.18459469763405162,0.162531316280365,0.18298375606536865
1,512,transformer.h.3.attn.c_attn.weight,transformer.h.3.attn.c_attn.weight,"[1152, 384]",internal_cross,0.017432987689971924,0.519376659042254,,,0.5176880359649658,1.0134068727493286,1.0608196258544922,0.5951261520385742,0.9473379850387573,1.0967425107955933,0.5200839638710022,0.9797098636627197,0.5876036882400513,0.9081814885139465,0.9999993443489075,0.0774381160736084,0.06606888771057129,0.16055607542006453,0.06519482893512384,0.06751972436904907,0.0715283751487732
1,512,transformer.h.3.attn.c_attn.weight,transformer.h.3.attn.c_attn.weight,"[1152, 384]",outside_cross,0.02370033599436283,0.7060982056456021,,,0.5176880359649658,1.0134068727493286,1.0608196258544922,0.5567105412483215,0.9710962176322937,1.0596541166305542,0.5200839638710022,0.9797098636627197,0.562293291091919,0.9356362819671631,0.9999997019767761,0.03902250528335571,0.04231065511703491,0.08090718910825359,0.04175090603268552,0.04220932722091675,0.04407358169555664
1,512,transformer.h.3.attn.c_attn.weight,transformer.h.3.attn.c_attn.weight,"[1152, 384]",local_cross,0.01795956864953041,0.5350649543794942,,,0.5176880359649658,1.0134068727493286,1.0608196258544922,0.5768848657608032,0.964155375957489,1.0891220569610596,0.5200839638710022,0.9797098636627197,0.5745392441749573,0.9224553108215332,0.9999995827674866,0.0591968297958374,0.0492514967918396,0.12273556164892784,0.048599923797854695,0.05445528030395508,0.05725455284118652
1,512,transformer.h.3.attn.c_attn.weight,transformer.h.3.attn.c_attn.weight,"[1152, 384]",medium_cross,0.02093203365802765,0.6236228638261558,,,0.5176880359649658,1.0134068727493286,1.0608196258544922,0.5433010458946228,0.98981773853302,1.0676217079162598,0.5200839638710022,0.9797098636627197,0.551226019859314,0.947391152381897,0.9999993443489075,0.025613009929656982,0.023589134216308594,0.05310465391606273,0.023277061613281053,0.031142055988311768,0.032318711280822754
1,512,transformer.h.3.attn.c_attn.weight,transformer.h.3.attn.c_attn.weight,"[1152, 384]",distant_cross,0.01024298369884491,0.30516666143179655,,,0.5176880359649658,1.0134068727493286,1.0608196258544922,0.5184924006462097,1.012603998184204,1.0608941316604614,0.5200839638710022,0.9797098636627197,0.5206696391105652,0.9791126847267151,0.9999995827674866,0.0008043646812438965,0.0008028745651245117,0.001667726992535207,0.0007922529308947235,0.0005856752395629883,0.0005971789360046387
1,512,transformer.h.3.attn.c_proj.weight,transformer.h.3.attn.c_proj.weight,"[384, 384]",danger_diagonal,0.0034755123779177666,0.03236037184550364,,,0.5067853927612305,1.0409667491912842,1.0902605056762695,0.5068069696426392,1.0411454439163208,1.0906161069869995,0.4660659730434418,1.0340512990951538,0.466468870639801,1.0336617231369019,1.0013046264648438,2.1576881408691406e-05,-0.0001786947250366211,4.374745007956718e-05,-0.0001716622794872623,0.00040289759635925293,0.0003895759582519531
1,512,transformer.h.3.attn.c_proj.weight,transformer.h.3.attn.c_proj.weight,"[384, 384]",danger_cross,0.08731456100940704,0.8129827647122768,,,0.5067853927612305,1.0409667491912842,1.0902605056762695,0.8706303834915161,0.5457239151000977,1.1068732738494873,0.4660659730434418,1.0340512990951538,0.8001496195793152,0.6326338648796082,1.0013045072555542,0.36384499073028564,0.4952428340911865,0.7377011657607803,0.4757527889108229,0.3340836465358734,0.40141743421554565
1,512,transformer.h.3.attn.c_proj.weight,transformer.h.3.attn.c_proj.weight,"[384, 384]",danger_full,0.0873837098479271,0.8136266070825158,,,0.5067853927612305,1.0409667491912842,1.0902605056762695,0.8752976655960083,0.5347525477409363,1.1035646200180054,0.4660659730434418,1.0340512990951538,0.8105794191360474,0.615903913974762,1.001305103302002,0.36851227283477783,0.5062142014503479,0.7471641501006433,0.48629238334809466,0.3445134460926056,0.41814738512039185
1,512,transformer.h.3.attn.c_proj.weight,transformer.h.3.attn.c_proj.weight,"[384, 384]",internal_cross,0.04555083438754082,0.4241221950522576,,,0.5067853927612305,1.0409667491912842,1.0902605056762695,0.6197638511657715,0.9161015152931213,1.092362642288208,0.4660659730434418,1.0340512990951538,0.5519222021102905,0.9472739696502686,1.0013048648834229,0.11297845840454102,0.12486523389816284,0.22906551579452136,0.11995122226062388,0.08585622906684875,0.08677732944488525
1,512,transformer.h.3.attn.c_proj.weight,transformer.h.3.attn.c_proj.weight,"[384, 384]",outside_cross,0.07449132949113846,0.6935861132059555,,,0.5067853927612305,1.0409667491912842,1.0902605056762695,0.5715311169624329,0.9715957045555115,1.0917677879333496,0.4660659730434418,1.0340512990951538,0.5300540328025818,0.9701142907142639,1.0013047456741333,0.06474572420120239,0.0693710446357727,0.1312729251140334,0.06664098030956928,0.06398805975914001,0.06393700838088989
1,512,transformer.h.3.attn.c_proj.weight,transformer.h.3.attn.c_proj.weight,"[384, 384]",local_cross,0.049314163625240326,0.45916241941824704,,,0.5067853927612305,1.0409667491912842,1.0902605056762695,0.5906519889831543,0.9491195678710938,1.0903494358062744,0.4660659730434418,1.0340512990951538,0.5324362516403198,0.9676511287689209,1.0013047456741333,0.08386659622192383,0.09184718132019043,0.17004077939103548,0.08823257937061439,0.06637027859687805,0.06640017032623291
1,512,transformer.h.3.attn.c_proj.weight,transformer.h.3.attn.c_proj.weight,"[384, 384]",medium_cross,0.06486737728118896,0.6039778372820737,,,0.5067853927612305,1.0409667491912842,1.0902605056762695,0.5637362003326416,0.981626570224762,1.0941977500915527,0.4660659730434418,1.0340512990951538,0.517800509929657,0.9826803207397461,1.001304268836975,0.05695080757141113,0.05934017896652222,0.11546861495089651,0.05700487456743739,0.05173453688621521,0.051370978355407715
1,512,transformer.h.3.attn.c_proj.weight,transformer.h.3.attn.c_proj.weight,"[384, 384]",distant_cross,0.031371600925922394,0.29209985779415204,,,0.5067853927612305,1.0409667491912842,1.0902605056762695,0.510742723941803,1.037284016609192,1.091102123260498,0.4660659730434418,1.0340512990951538,0.4699695110321045,1.0302654504776,1.0013039112091064,0.00395733118057251,0.003682732582092285,0.008023548213073769,0.0035378004004002627,0.0039035379886627197,0.003785848617553711
1,512,transformer.h.3.mlp.w1.weight,transformer.h.3.mlp.w1.weight,"[1024, 384]",danger_diagonal,0.0,0.0,,,0.8800973892211914,0.4901653826236725,1.0018473863601685,0.8800973892211914,0.4901653826236725,1.0018473863601685,0.874058187007904,0.5018900632858276,0.874058187007904,0.5018900632858276,1.0000011920928955,0.0,0.0,0.0,0.0,0.0,0.0
1,512,transformer.h.3.mlp.w1.weight,transformer.h.3.mlp.w1.weight,"[1024, 384]",danger_cross,0.0,0.0,,,0.8800973892211914,0.4901653826236725,1.0018473863601685,0.8800973892211914,0.4901653826236725,1.0018473863601685,0.874058187007904,0.5018900632858276,0.874058187007904,0.5018900632858276,1.0000011920928955,0.0,0.0,0.0,0.0,0.0,0.0
1,512,transformer.h.3.mlp.w1.weight,transformer.h.3.mlp.w1.weight,"[1024, 384]",danger_full,0.0,0.0,,,0.8800973892211914,0.4901653826236725,1.0018473863601685,0.8800973892211914,0.4901653826236725,1.0018473863601685,0.874058187007904,0.5018900632858276,0.874058187007904,0.5018900632858276,1.0000011920928955,0.0,0.0,0.0,0.0,0.0,0.0
1,512,transformer.h.3.mlp.w1.weight,transformer.h.3.mlp.w1.weight,"[1024, 384]",internal_cross,0.0,0.0,,,0.8800973892211914,0.4901653826236725,1.0018473863601685,0.8800973892211914,0.4901653826236725,1.0018473863601685,0.874058187007904,0.5018900632858276,0.874058187007904,0.5018900632858276,1.0000011920928955,0.0,0.0,0.0,0.0,0.0,0.0
1,512,transformer.h.3.mlp.w1.weight,transformer.h.3.mlp.w1.weight,"[1024, 384]",outside_cross,0.0,0.0,,,0.8800973892211914,0.4901653826236725,1.0018473863601685,0.8800973892211914,0.4901653826236725,1.0018473863601685,0.874058187007904,0.5018900632858276,0.874058187007904,0.5018900632858276,1.0000011920928955,0.0,0.0,0.0,0.0,0.0,0.0
1,512,transformer.h.3.mlp.w1.weight,transformer.h.3.mlp.w1.weight,"[1024, 384]",local_cross,0.0,0.0,,,0.8800973892211914,0.4901653826236725,1.0018473863601685,0.8800973892211914,0.4901653826236725,1.0018473863601685,0.874058187007904,0.5018900632858276,0.874058187007904,0.5018900632858276,1.0000011920928955,0.0,0.0,0.0,0.0,0.0,0.0
1,512,transformer.h.3.mlp.w1.weight,transformer.h.3.mlp.w1.weight,"[1024, 384]",medium_cross,0.0,0.0,,,0.8800973892211914,0.4901653826236725,1.0018473863601685,0.8800973892211914,0.4901653826236725,1.0018473863601685,0.874058187007904,0.5018900632858276,0.874058187007904,0.5018900632858276,1.0000011920928955,0.0,0.0,0.0,0.0,0.0,0.0
1,512,transformer.h.3.mlp.w1.weight,transformer.h.3.mlp.w1.weight,"[1024, 384]",distant_cross,0.0,0.0,,,0.8800973892211914,0.4901653826236725,1.0018473863601685,0.8800973892211914,0.4901653826236725,1.0018473863601685,0.874058187007904,0.5018900632858276,0.874058187007904,0.5018900632858276,1.0000011920928955,0.0,0.0,0.0,0.0,0.0,0.0
1,512,transformer.h.3.mlp.w2.weight,transformer.h.3.mlp.w2.weight,"[1024, 384]",danger_diagonal,0.0,0.0,,,0.8790631294250488,0.4917439818382263,0.99969881772995,0.8790631294250488,0.4917439818382263,0.99969881772995,0.8733508586883545,0.5033002495765686,0.8733508586883545,0.5033002495765686,0.9999998807907104,0.0,0.0,0.0,0.0,0.0,0.0
1,512,transformer.h.3.mlp.w2.weight,transformer.h.3.mlp.w2.weight,"[1024, 384]",danger_cross,0.0,0.0,,,0.8790631294250488,0.4917439818382263,0.99969881772995,0.8790631294250488,0.4917439818382263,0.99969881772995,0.8733508586883545,0.5033002495765686,0.8733508586883545,0.5033002495765686,0.9999998807907104,0.0,0.0,0.0,0.0,0.0,0.0
1,512,transformer.h.3.mlp.w2.weight,transformer.h.3.mlp.w2.weight,"[1024, 384]",danger_full,0.0,0.0,,,0.8790631294250488,0.4917439818382263,0.99969881772995,0.8790631294250488,0.4917439818382263,0.99969881772995,0.8733508586883545,0.5033002495765686,0.8733508586883545,0.5033002495765686,0.9999998807907104,0.0,0.0,0.0,0.0,0.0,0.0
1,512,transformer.h.3.mlp.w2.weight,transformer.h.3.mlp.w2.weight,"[1024, 384]",internal_cross,0.0,0.0,,,0.8790631294250488,0.4917439818382263,0.99969881772995,0.8790631294250488,0.4917439818382263,0.99969881772995,0.8733508586883545,0.5033002495765686,0.8733508586883545,0.5033002495765686,0.9999998807907104,0.0,0.0,0.0,0.0,0.0,0.0
1,512,transformer.h.3.mlp.w2.weight,transformer.h.3.mlp.w2.weight,"[1024, 384]",outside_cross,0.0,0.0,,,0.8790631294250488,0.4917439818382263,0.99969881772995,0.8790631294250488,0.4917439818382263,0.99969881772995,0.8733508586883545,0.5033002495765686,0.8733508586883545,0.5033002495765686,0.9999998807907104,0.0,0.0,0.0,0.0,0.0,0.0
1,512,transformer.h.3.mlp.w2.weight,transformer.h.3.mlp.w2.weight,"[1024, 384]",local_cross,0.0,0.0,,,0.8790631294250488,0.4917439818382263,0.99969881772995,0.8790631294250488,0.4917439818382263,0.99969881772995,0.8733508586883545,0.5033002495765686,0.8733508586883545,0.5033002495765686,0.9999998807907104,0.0,0.0,0.0,0.0,0.0,0.0
1,512,transformer.h.3.mlp.w2.weight,transformer.h.3.mlp.w2.weight,"[1024, 384]",medium_cross,0.0,0.0,,,0.8790631294250488,0.4917439818382263,0.99969881772995,0.8790631294250488,0.4917439818382263,0.99969881772995,0.8733508586883545,0.5033002495765686,0.8733508586883545,0.5033002495765686,0.9999998807907104,0.0,0.0,0.0,0.0,0.0,0.0
1,512,transformer.h.3.mlp.w2.weight,transformer.h.3.mlp.w2.weight,"[1024, 384]",distant_cross,0.0,0.0,,,0.8790631294250488,0.4917439818382263,0.99969881772995,0.8790631294250488,0.4917439818382263,0.99969881772995,0.8733508586883545,0.5033002495765686,0.8733508586883545,0.5033002495765686,0.9999998807907104,0.0,0.0,0.0,0.0,0.0,0.0
1,512,transformer.h.3.mlp.c_proj.weight,transformer.h.3.mlp.c_proj.weight,"[384, 1024]",danger_diagonal,0.0,0.0,,,0.8761842250823975,0.5006231069564819,1.011511206626892,0.8761842250823975,0.5006231069564819,1.011511206626892,0.8684647679328918,0.5129143595695496,0.8684647679328918,0.5129143595695496,1.0000008344650269,0.0,0.0,0.0,0.0,0.0,0.0
1,512,transformer.h.3.mlp.c_proj.weight,transformer.h.3.mlp.c_proj.weight,"[384, 1024]",danger_cross,0.0,0.0,,,0.8761842250823975,0.5006231069564819,1.011511206626892,0.8761842250823975,0.5006231069564819,1.011511206626892,0.8684647679328918,0.5129143595695496,0.8684647679328918,0.5129143595695496,1.0000008344650269,0.0,0.0,0.0,0.0,0.0,0.0
1,512,transformer.h.3.mlp.c_proj.weight,transformer.h.3.mlp.c_proj.weight,"[384, 1024]",danger_full,0.0,0.0,,,0.8761842250823975,0.5006231069564819,1.011511206626892,0.8761842250823975,0.5006231069564819,1.011511206626892,0.8684647679328918,0.5129143595695496,0.8684647679328918,0.5129143595695496,1.0000008344650269,0.0,0.0,0.0,0.0,0.0,0.0
1,512,transformer.h.3.mlp.c_proj.weight,transformer.h.3.mlp.c_proj.weight,"[384, 1024]",internal_cross,0.0,0.0,,,0.8761842250823975,0.5006231069564819,1.011511206626892,0.8761842250823975,0.5006231069564819,1.011511206626892,0.8684647679328918,0.5129143595695496,0.8684647679328918,0.5129143595695496,1.0000008344650269,0.0,0.0,0.0,0.0,0.0,0.0
1,512,transformer.h.3.mlp.c_proj.weight,transformer.h.3.mlp.c_proj.weight,"[384, 1024]",outside_cross,0.0,0.0,,,0.8761842250823975,0.5006231069564819,1.011511206626892,0.8761842250823975,0.5006231069564819,1.011511206626892,0.8684647679328918,0.5129143595695496,0.8684647679328918,0.5129143595695496,1.0000008344650269,0.0,0.0,0.0,0.0,0.0,0.0
1,512,transformer.h.3.mlp.c_proj.weight,transformer.h.3.mlp.c_proj.weight,"[384, 1024]",local_cross,0.0,0.0,,,0.8761842250823975,0.5006231069564819,1.011511206626892,0.8761842250823975,0.5006231069564819,1.011511206626892,0.8684647679328918,0.5129143595695496,0.8684647679328918,0.5129143595695496,1.0000008344650269,0.0,0.0,0.0,0.0,0.0,0.0
1,512,transformer.h.3.mlp.c_proj.weight,transformer.h.3.mlp.c_proj.weight,"[384, 1024]",medium_cross,0.0,0.0,,,0.8761842250823975,0.5006231069564819,1.011511206626892,0.8761842250823975,0.5006231069564819,1.011511206626892,0.8684647679328918,0.5129143595695496,0.8684647679328918,0.5129143595695496,1.0000008344650269,0.0,0.0,0.0,0.0,0.0,0.0
1,512,transformer.h.3.mlp.c_proj.weight,transformer.h.3.mlp.c_proj.weight,"[384, 1024]",distant_cross,0.0,0.0,,,0.8761842250823975,0.5006231069564819,1.011511206626892,0.8761842250823975,0.5006231069564819,1.011511206626892,0.8684647679328918,0.5129143595695496,0.8684647679328918,0.5129143595695496,1.0000008344650269,0.0,0.0,0.0,0.0,0.0,0.0
1,512,transformer.h.4.attn.c_attn.weight,transformer.h.4.attn.c_attn.weight,"[1152, 384]",danger_diagonal,0.0012126978253945708,0.03447919294725833,,,0.48889851570129395,1.0535916090011597,1.0797252655029297,0.4927182197570801,1.0496970415115356,1.079772710800171,0.4900331497192383,1.0099197626113892,0.49269551038742065,1.007279396057129,1.000001072883606,0.003819704055786133,0.0038945674896240234,0.007473474785594167,0.0036964678309427735,0.002662360668182373,0.002640366554260254
1,512,transformer.h.4.attn.c_attn.weight,transformer.h.4.attn.c_attn.weight,"[1152, 384]",danger_cross,0.03106917068362236,0.8833527266888371,,,0.48889851570129395,1.0535916090011597,1.0797252655029297,0.6684085726737976,0.8673638701438904,1.114599347114563,0.4900331497192383,1.0099197626113892,0.6521039009094238,0.8341442346572876,1.0000001192092896,0.17951005697250366,0.1862277388572693,0.3512219441483593,0.1767551461745405,0.16207075119018555,0.17577552795410156
1,512,transformer.h.4.attn.c_attn.weight,transformer.h.4.attn.c_attn.weight,"[1152, 384]",danger_full,0.031092826277017593,0.8840252980020501,,,0.48889851570129395,1.0535916090011597,1.0797252655029297,0.6742050051689148,0.860086977481842,1.1149989366531372,0.4900331497192383,1.0099197626113892,0.6560275554656982,0.8294270634651184,1.000000238418579,0.18530648946762085,0.19350463151931763,0.3625630039440877,0.1836618950513155,0.16599440574645996,0.18049269914627075
1,512,transformer.h.4.attn.c_attn.weight,transformer.h.4.attn.c_attn.weight,"[1152, 384]",internal_cross,0.018870597705245018,0.5365252296857513,,,0.48889851570129395,1.0535916090011597,1.0797252655029297,0.5734827518463135,0.9790896773338318,1.109670877456665,0.4900331497192383,1.0099197626113892,0.5608254671096802,0.9372048377990723,0.9999997019767761,0.08458423614501953,0.07450193166732788,0.16549401389643678,0.07071234340785822,0.0707923173904419,0.0727149248123169
1,512,transformer.h.4.attn.c_attn.weight,transformer.h.4.attn.c_attn.weight,"[1152, 384]",outside_cross,0.024681849405169487,0.7017496280733596,,,0.48889851570129395,1.0535916090011597,1.0797252655029297,0.524935781955719,1.0149049758911133,1.0777333974838257,0.4900331497192383,1.0099197626113892,0.5303444862365723,0.969182550907135,1.000000238418579,0.03603726625442505,0.03868663311004639,0.07050902288783724,0.036718812848863344,0.040311336517333984,0.04073721170425415
1,512,transformer.h.4.attn.c_attn.weight,transformer.h.4.attn.c_attn.weight,"[1152, 384]",local_cross,0.019238391891121864,0.5469822837301928,,,0.48889851570129395,1.0535916090011597,1.0797252655029297,0.5490619540214539,1.002137303352356,1.1020045280456543,0.4900331497192383,1.0099197626113892,0.5449020862579346,0.9540433883666992,1.0000007152557373,0.06016343832015991,0.05145430564880371,0.1177132921120578,0.04883704958279245,0.05486893653869629,0.05587637424468994
1,512,transformer.h.4.attn.c_attn.weight,transformer.h.4.attn.c_attn.weight,"[1152, 384]",medium_cross,0.02164551056921482,0.6154210222278994,,,0.48889851570129395,1.0535916090011597,1.0797252655029297,0.5166769027709961,1.0269180536270142,1.0836976766586304,0.4900331497192383,1.0099197626113892,0.5219600200653076,0.9777941703796387,1.000001311302185,0.02777838706970215,0.026673555374145508,0.054350041866572746,0.025316787971985593,0.031926870346069336,0.03212559223175049
1,512,transformer.h.4.attn.c_attn.weight,transformer.h.4.attn.c_attn.weight,"[1152, 384]",distant_cross,0.011253859847784042,0.3199675937135448,,,0.48889851570129395,1.0535916090011597,1.0797252655029297,0.48961585760116577,1.052846908569336,1.0797080993652344,0.4900331497192383,1.0099197626113892,0.4905797243118286,1.0093777179718018,1.0000007152557373,0.0007173418998718262,0.0007447004318237305,0.0014035214569100836,0.000706820769510239,0.000546574592590332,0.0005420446395874023
1,512,transformer.h.4.attn.c_proj.weight,transformer.h.4.attn.c_proj.weight,"[384, 384]",danger_diagonal,0.003268622327595949,0.03428643684156271,,,0.5111143589019775,1.0350394248962402,1.087781548500061,0.5135695338249207,1.0325102806091309,1.0878793001174927,0.4711860418319702,1.0284113883972168,0.4729366898536682,1.026707649230957,1.0000005960464478,0.0024551749229431152,0.002529144287109375,0.0050219820680944246,0.0024435245907303625,0.001750648021697998,0.0017037391662597656
1,512,transformer.h.4.attn.c_proj.weight,transformer.h.4.attn.c_proj.weight,"[384, 384]",danger_cross,0.07674521207809448,0.8050241364970548,,,0.5111143589019775,1.0350394248962402,1.087781548500061,0.8687776923179626,0.5373445153236389,1.077374815940857,0.4711860418319702,1.0284113883972168,0.8207384943962097,0.598770260810852,1.0000004768371582,0.3576633334159851,0.4976949095726013,0.7315889511761565,0.4808463306820354,0.3495524525642395,0.42964112758636475
1,512,transformer.h.4.attn.c_proj.weight,transformer.h.4.attn.c_proj.weight,"[384, 384]",danger_full,0.07681478559970856,0.8057539326972847,,,0.5111143589019775,1.0350394248962402,1.087781548500061,0.8782033920288086,0.5210681557655334,1.084967851638794,0.4711860418319702,1.0284113883972168,0.8259471654891968,0.5900079607963562,1.0000001192092896,0.36708903312683105,0.5139712691307068,0.7508689195746476,0.4965716829407063,0.35476112365722656,0.4384034276008606
1,512,transformer.h.4.attn.c_proj.weight,transformer.h.4.attn.c_proj.weight,"[384, 384]",internal_cross,0.039075400680303574,0.40988408057206394,,,0.5111143589019775,1.0350394248962402,1.087781548500061,0.6079956889152527,0.9253073930740356,1.0832345485687256,0.4711860418319702,1.0284113883972168,0.544333815574646,0.9546383619308472,1.0000003576278687,0.09688133001327515,0.10973203182220459,0.19816767331452523,0.10601724840887575,0.07314777374267578,0.07377302646636963
1,512,transformer.h.4.attn.c_proj.weight,transformer.h.4.attn.c_proj.weight,"[384, 384]",outside_cross,0.06605255603790283,0.69286279167132,,,0.5111143589019775,1.0350394248962402,1.087781548500061,0.5802103877067566,0.9580485224723816,1.0846891403198242,0.4711860418319702,1.0284113883972168,0.539018988609314,0.9601906538009644,0.9999997019767761,0.06909602880477905,0.07699090242385864,0.14133372510101022,0.07438451190550231,0.06783294677734375,0.06822073459625244
1,512,transformer.h.4.attn.c_proj.weight,transformer.h.4.attn.c_proj.weight,"[384, 384]",local_cross,0.04251857101917267,0.4460014506829159,,,0.5111143589019775,1.0350394248962402,1.087781548500061,0.5894715189933777,0.948357105255127,1.0863189697265625,0.4711860418319702,1.0284113883972168,0.5305817127227783,0.9689366221427917,1.000000238418579,0.07835716009140015,0.08668231964111328,0.160277074031899,0.08374784337302218,0.059395670890808105,0.05947476625442505
1,512,transformer.h.4.attn.c_proj.weight,transformer.h.4.attn.c_proj.weight,"[384, 384]",medium_cross,0.057173702865839005,0.5997274557411585,,,0.5111143589019775,1.0350394248962402,1.087781548500061,0.5680668950080872,0.9735454320907593,1.0881528854370117,0.4711860418319702,1.0284113883972168,0.5250052213668823,0.9746753573417664,1.0,0.05695253610610962,0.06149399280548096,0.11649459775131855,0.05941222269059515,0.05381917953491211,0.05373603105545044
1,512,transformer.h.4.attn.c_proj.weight,transformer.h.4.attn.c_proj.weight,"[384, 384]",distant_cross,0.028516022488474846,0.29912076282694194,,,0.5111143589019775,1.0350394248962402,1.087781548500061,0.5147796869277954,1.0307461023330688,1.086998701095581,0.4711860418319702,1.0284113883972168,0.4739115834236145,1.0257583856582642,1.0,0.003665328025817871,0.004293322563171387,0.007497311677196439,0.004147979738647907,0.002725541591644287,0.0026530027389526367
1,512,transformer.h.4.mlp.w1.weight,transformer.h.4.mlp.w1.weight,"[1024, 384]",danger_diagonal,1.6776566553744487e-05,0.0007136927708812877,,,0.8625879287719727,0.5211792588233948,0.9877995252609253,0.8625500798225403,0.5212563276290894,0.9878140687942505,0.8615478277206421,0.5262259840965271,0.8615190386772156,0.5262820720672607,0.9999992251396179,-3.784894943237305e-05,-7.706880569458008e-05,-0.0002754412264812232,-0.0001478738925040288,-2.8789043426513672e-05,-5.608797073364258e-05
1,512,transformer.h.4.mlp.w1.weight,transformer.h.4.mlp.w1.weight,"[1024, 384]",danger_cross,0.0020840505603700876,0.08865770086640586,,,0.8625879287719727,0.5211792588233948,0.9877995252609253,0.8635463714599609,0.5192845463752747,0.9874787926673889,0.8615478277206421,0.5262259840965271,0.8623143434524536,0.5247677564620972,0.9999997019767761,0.0009584426879882812,0.0018947124481201172,0.006974952632784359,0.003635433329402991,0.0007665157318115234,0.0014582276344299316
1,512,transformer.h.4.mlp.w1.weight,transformer.h.4.mlp.w1.weight,"[1024, 384]",danger_full,0.0020841180812567472,0.0886605732758788,,,0.8625879287719727,0.5211792588233948,0.9877995252609253,0.8635156154632568,0.5193493366241455,0.9875009655952454,0.8615478277206421,0.5262259840965271,0.8622863292694092,0.5248202085494995,1.0000001192092896,0.0009276866912841797,0.0018299221992492676,0.006751129525911429,0.0035111186185353346,0.0007385015487670898,0.0014057755470275879
1,512,transformer.h.4.mlp.w1.weight,transformer.h.4.mlp.w1.weight,"[1024, 384]",internal_cross,7.153545448090881e-05,0.003043193406778268,,,0.8625879287719727,0.5211792588233948,0.9877995252609253,0.8625938296318054,0.5211712121963501,0.9877974390983582,0.8615478277206421,0.5262259840965271,0.8615498542785645,0.5262227058410645,0.9999995231628418,5.900859832763672e-06,8.046627044677734e-06,4.294280538841117e-05,1.5439269518982123e-05,2.0265579223632812e-06,3.2782554626464844e-06
1,512,transformer.h.4.mlp.w1.weight,transformer.h.4.mlp.w1.weight,"[1024, 384]",outside_cross,0.002082822611555457,0.08860546263343927,,,0.8625879287719727,0.5211792588233948,0.9877995252609253,0.8635415434837341,0.5192930698394775,0.9874722957611084,0.8615478277206421,0.5262259840965271,0.8623109459877014,0.5247741937637329,0.9999995827674866,0.0009536147117614746,0.0018861889839172363,0.006939817610193841,0.0036190791402088097,0.0007631182670593262,0.0014517903327941895
1,512,transformer.h.4.mlp.w1.weight,transformer.h.4.mlp.w1.weight,"[1024, 384]",local_cross,0.0012647019466385245,0.05380174982430759,,,0.8625879287719727,0.5211792588233948,0.9877995252609253,0.8633307218551636,0.5197107195854187,0.9875413179397583,0.8615478277206421,0.5262259840965271,0.8621139526367188,0.5251485109329224,1.000000238418579,0.000742793083190918,0.0014685392379760742,0.0054055882904078785,0.002817723869693938,0.0005661249160766602,0.0010774731636047363
1,512,transformer.h.4.mlp.w1.weight,transformer.h.4.mlp.w1.weight,"[1024, 384]",medium_cross,0.001515895128250122,0.06448777173686954,,,0.8625879287719727,0.5211792588233948,0.9877995252609253,0.8627916574478149,0.5207812190055847,0.987745463848114,0.8615478277206421,0.5262259840965271,0.8617245554924011,0.525890588760376,0.9999998211860657,0.00020372867584228516,0.0003980398178100586,0.0014826112001776704,0.0007637291988723157,0.0001767277717590332,0.00033539533615112305
1,512,transformer.h.4.mlp.w1.weight,transformer.h.4.mlp.w1.weight,"[1024, 384]",distant_cross,0.0006677272613160312,0.02840581937877192,,,0.8625879287719727,0.5211792588233948,0.9877995252609253,0.8625881671905518,0.5211803317070007,0.9877987504005432,0.8615478277206421,0.5262259840965271,0.8615472912788391,0.5262266993522644,1.000000238418579,2.384185791015625e-07,-1.0728836059570312e-06,1.7350628439762088e-06,-2.0585692691976165e-06,-5.364418029785156e-07,-7.152557373046875e-07
1,512,transformer.h.4.mlp.w2.weight,transformer.h.4.mlp.w2.weight,"[1024, 384]",danger_diagonal,9.135618165601045e-05,0.0039992104202611865,,,0.8544638752937317,0.5354653000831604,0.9841527342796326,0.8546853065490723,0.5350368022918701,0.9840686321258545,0.8548963665962219,0.5387201309204102,0.8550683259963989,0.5384013652801514,1.0000004768371582,0.00022143125534057617,0.0004284977912902832,0.0015214865435470746,0.0008002344712602953,0.00017195940017700195,0.00031876564025878906
1,512,transformer.h.4.mlp.w2.weight,transformer.h.4.mlp.w2.weight,"[1024, 384]",danger_cross,0.0032413355074822903,0.14189278166085564,,,0.8544638752937317,0.5354653000831604,0.9841527342796326,0.8565609455108643,0.5314086079597473,0.9833735227584839,0.8548963665962219,0.5387201309204102,0.8566368818283081,0.535480797290802,1.0,0.0020970702171325684,0.004056692123413086,0.01440927619424407,0.007576013091386243,0.0017405152320861816,0.0032393336296081543
1,512,transformer.h.4.mlp.w2.weight,transformer.h.4.mlp.w2.weight,"[1024, 384]",danger_full,0.003242622595280409,0.14194912524747147,,,0.8544638752937317,0.5354653000831604,0.9841527342796326,0.8567467927932739,0.5310360193252563,0.9832605123519897,0.8548963665962219,0.5387201309204102,0.8568018674850464,0.5351717472076416,1.0000003576278687,0.0022829174995422363,0.004429280757904053,0.015686260055019247,0.008271835275257171,0.0019055008888244629,0.0035483837127685547
1,512,transformer.h.4.mlp.w2.weight,transformer.h.4.mlp.w2.weight,"[1024, 384]",internal_cross,0.00022909417748451233,0.010028832260821068,,,0.8544638752937317,0.5354653000831604,0.9841527342796326,0.854494035243988,0.5354102849960327,0.9841620922088623,0.8548963665962219,0.5387201309204102,0.8549171686172485,0.5386823415756226,1.0000003576278687,3.0159950256347656e-05,5.501508712768555e-05,0.00020723342961906317,0.00010274258130105056,2.0802021026611328e-05,3.7789344787597656e-05
1,512,transformer.h.4.mlp.w2.weight,transformer.h.4.mlp.w2.weight,"[1024, 384]",outside_cross,0.003233229275792837,0.1415379230661348,,,0.8544638752937317,0.5354653000831604,0.9841527342796326,0.8564922213554382,0.5315369367599487,0.9833672642707825,0.8548963665962219,0.5387201309204102,0.8565992116928101,0.5355510115623474,1.0,0.002028346061706543,0.00392836332321167,0.013937062470230672,0.007336354610843272,0.0017028450965881348,0.003169119358062744
1,512,transformer.h.4.mlp.w2.weight,transformer.h.4.mlp.w2.weight,"[1024, 384]",local_cross,0.001936039887368679,0.08475212898848992,,,0.8544638752937317,0.5354653000831604,0.9841527342796326,0.8559438586235046,0.532593846321106,0.9835580587387085,0.8548963665962219,0.5387201309204102,0.8560734987258911,0.5365307927131653,1.0000004768371582,0.0014799833297729492,0.0028714537620544434,0.010169181931702251,0.005362539386975201,0.0011771321296691895,0.002189338207244873
1,512,transformer.h.4.mlp.w2.weight,transformer.h.4.mlp.w2.weight,"[1024, 384]",medium_cross,0.002407688647508621,0.10539903653282279,,,0.8544638752937317,0.5354653000831604,0.9841527342796326,0.8549959063529968,0.5344508290290833,0.9840059280395508,0.8548963665962219,0.5387201309204102,0.8553562760353088,0.5378657579421997,1.0000004768371582,0.0005320310592651367,0.0010144710540771484,0.0036556632268374663,0.001894559841542666,0.00045990943908691406,0.0008543729782104492
1,512,transformer.h.4.mlp.w2.weight,transformer.h.4.mlp.w2.weight,"[1024, 384]",distant_cross,0.000980326789431274,0.042914809271659256,,,0.8544638752937317,0.5354653000831604,0.9841527342796326,0.8544654250144958,0.5354622006416321,0.9841541647911072,0.8548963665962219,0.5387201309204102,0.85489821434021,0.5387176275253296,1.000000238418579,1.5497207641601562e-06,3.0994415283203125e-06,1.0648358043667279e-05,5.788314439495807e-06,1.8477439880371094e-06,2.5033950805664062e-06
1,512,transformer.h.4.mlp.c_proj.weight,transformer.h.4.mlp.c_proj.weight,"[384, 1024]",danger_diagonal,0.0,0.0,,,0.8423063158988953,0.5651204586029053,1.0121043920516968,0.8423063158988953,0.5651204586029053,1.0121043920516968,0.8349592685699463,0.5745365023612976,0.8349592685699463,0.5745365023612976,0.9999980330467224,0.0,0.0,0.0,0.0,0.0,0.0
1,512,transformer.h.4.mlp.c_proj.weight,transformer.h.4.mlp.c_proj.weight,"[384, 1024]",danger_cross,0.0,0.0,,,0.8423063158988953,0.5651204586029053,1.0121043920516968,0.8423063158988953,0.5651204586029053,1.0121043920516968,0.8349592685699463,0.5745365023612976,0.8349592685699463,0.5745365023612976,0.9999980330467224,0.0,0.0,0.0,0.0,0.0,0.0
1,512,transformer.h.4.mlp.c_proj.weight,transformer.h.4.mlp.c_proj.weight,"[384, 1024]",danger_full,0.0,0.0,,,0.8423063158988953,0.5651204586029053,1.0121043920516968,0.8423063158988953,0.5651204586029053,1.0121043920516968,0.8349592685699463,0.5745365023612976,0.8349592685699463,0.5745365023612976,0.9999980330467224,0.0,0.0,0.0,0.0,0.0,0.0
1,512,transformer.h.4.mlp.c_proj.weight,transformer.h.4.mlp.c_proj.weight,"[384, 1024]",internal_cross,0.0,0.0,,,0.8423063158988953,0.5651204586029053,1.0121043920516968,0.8423063158988953,0.5651204586029053,1.0121043920516968,0.8349592685699463,0.5745365023612976,0.8349592685699463,0.5745365023612976,0.9999980330467224,0.0,0.0,0.0,0.0,0.0,0.0
1,512,transformer.h.4.mlp.c_proj.weight,transformer.h.4.mlp.c_proj.weight,"[384, 1024]",outside_cross,0.0,0.0,,,0.8423063158988953,0.5651204586029053,1.0121043920516968,0.8423063158988953,0.5651204586029053,1.0121043920516968,0.8349592685699463,0.5745365023612976,0.8349592685699463,0.5745365023612976,0.9999980330467224,0.0,0.0,0.0,0.0,0.0,0.0
1,512,transformer.h.4.mlp.c_proj.weight,transformer.h.4.mlp.c_proj.weight,"[384, 1024]",local_cross,0.0,0.0,,,0.8423063158988953,0.5651204586029053,1.0121043920516968,0.8423063158988953,0.5651204586029053,1.0121043920516968,0.8349592685699463,0.5745365023612976,0.8349592685699463,0.5745365023612976,0.9999980330467224,0.0,0.0,0.0,0.0,0.0,0.0
1,512,transformer.h.4.mlp.c_proj.weight,transformer.h.4.mlp.c_proj.weight,"[384, 1024]",medium_cross,0.0,0.0,,,0.8423063158988953,0.5651204586029053,1.0121043920516968,0.8423063158988953,0.5651204586029053,1.0121043920516968,0.8349592685699463,0.5745365023612976,0.8349592685699463,0.5745365023612976,0.9999980330467224,0.0,0.0,0.0,0.0,0.0,0.0
1,512,transformer.h.4.mlp.c_proj.weight,transformer.h.4.mlp.c_proj.weight,"[384, 1024]",distant_cross,0.0,0.0,,,0.8423063158988953,0.5651204586029053,1.0121043920516968,0.8423063158988953,0.5651204586029053,1.0121043920516968,0.8349592685699463,0.5745365023612976,0.8349592685699463,0.5745365023612976,0.9999980330467224,0.0,0.0,0.0,0.0,0.0,0.0
1,512,transformer.h.5.attn.c_attn.weight,transformer.h.5.attn.c_attn.weight,"[1152, 384]",danger_diagonal,0.0011817961931228638,0.03511295914087941,,,0.4921323359012604,1.053519606590271,1.085509181022644,0.4940969944000244,1.0517539978027344,1.0859726667404175,0.48208895325660706,1.017755150794983,0.483351469039917,1.016513705253601,1.0000009536743164,0.001964658498764038,0.001765608787536621,0.003868445734284964,0.0016759145026745495,0.0012625157833099365,0.001241445541381836
1,512,transformer.h.5.attn.c_attn.weight,transformer.h.5.attn.c_attn.weight,"[1152, 384]",danger_cross,0.029131529852747917,0.8655419804051633,,,0.4921323359012604,1.053519606590271,1.085509181022644,0.6920336484909058,0.8430563807487488,1.127525806427002,0.48208895325660706,1.017755150794983,0.6674787998199463,0.8155035376548767,1.0000003576278687,0.19990131258964539,0.21046322584152222,0.39360905747836816,0.19977153203886638,0.18538984656333923,0.2022516131401062
1,512,transformer.h.5.attn.c_attn.weight,transformer.h.5.attn.c_attn.weight,"[1152, 384]",danger_full,0.029155492782592773,0.8662539554321896,,,0.4921323359012604,1.053519606590271,1.085509181022644,0.6967620849609375,0.8369626998901367,1.1280163526535034,0.48208895325660706,1.017755150794983,0.671769380569458,0.8102254867553711,1.000000238418579,0.20462974905967712,0.21655690670013428,0.4029194286720586,0.20555564922139735,0.18968042731285095,0.20752966403961182
1,512,transformer.h.5.attn.c_attn.weight,transformer.h.5.attn.c_attn.weight,"[1152, 384]",internal_cross,0.016879837960004807,0.5015256133361861,,,0.4921323359012604,1.053519606590271,1.085509181022644,0.553538978099823,1.0081411600112915,1.12165105342865,0.48208895325660706,1.017755150794983,0.5389831066131592,0.9602269530296326,1.0000004768371582,0.06140664219856262,0.04537844657897949,0.12091071461998798,0.04307318657869822,0.056894153356552124,0.05752819776535034
1,512,transformer.h.5.attn.c_attn.weight,transformer.h.5.attn.c_attn.weight,"[1152, 384]",outside_cross,0.023742733523249626,0.7054326600017908,,,0.4921323359012604,1.053519606590271,1.085509181022644,0.5389180779457092,1.0072404146194458,1.0911551713943481,0.48208895325660706,1.017755150794983,0.5306358337402344,0.9688819646835327,0.9999998807907104,0.04678574204444885,0.046279191970825195,0.09212191551410284,0.0439281734116068,0.04854688048362732,0.048873186111450195
1,512,transformer.h.5.attn.c_attn.weight,transformer.h.5.attn.c_attn.weight,"[1152, 384]",local_cross,0.017512327060103416,0.5203178247665923,,,0.4921323359012604,1.053519606590271,1.085509181022644,0.5388639569282532,1.024092435836792,1.1212215423583984,0.48208895325660706,1.017755150794983,0.5264332294464111,0.9732086062431335,1.0000008344650269,0.0467316210269928,0.029427170753479004,0.09201535031753319,0.027932247838006925,0.04434427618980408,0.044546544551849365
1,512,transformer.h.5.attn.c_attn.weight,transformer.h.5.attn.c_attn.weight,"[1152, 384]",medium_cross,0.02068866789340973,0.6146917333528727,,,0.4921323359012604,1.053519606590271,1.085509181022644,0.5176892280578613,1.035477876663208,1.1009691953659058,0.48208895325660706,1.017755150794983,0.5130646228790283,0.9868502616882324,1.000000238418579,0.025556892156600952,0.01804172992706299,0.050321951884757486,0.017125196165503998,0.030975669622421265,0.03090488910675049
1,512,transformer.h.5.attn.c_attn.weight,transformer.h.5.attn.c_attn.weight,"[1152, 384]",distant_cross,0.010674431920051575,0.3171535786305441,,,0.4921323359012604,1.053519606590271,1.085509181022644,0.4930395483970642,1.0524390935897827,1.0852508544921875,0.48208895325660706,1.017755150794983,0.4830079972743988,1.0168508291244507,1.0000011920928955,0.000907212495803833,0.0010805130004882812,0.0017863167118815676,0.0010256221087193381,0.000919044017791748,0.0009043216705322266
1,512,transformer.h.5.attn.c_proj.weight,transformer.h.5.attn.c_proj.weight,"[384, 384]",danger_diagonal,0.0035441562067717314,0.03656418715640024,,,0.49344998598098755,1.0561959743499756,1.0926520824432373,0.4978187680244446,1.0516200065612793,1.0925661325454712,0.44625115394592285,1.0523786544799805,0.44963911175727844,1.0491530895233154,1.000000238418579,0.004368782043457031,0.004575967788696289,0.008624581823213722,0.004332498797405963,0.003387957811355591,0.003225564956665039
1,512,transformer.h.5.attn.c_proj.weight,transformer.h.5.attn.c_proj.weight,"[384, 384]",danger_cross,0.07875902205705643,0.8125374432557404,,,0.49344998598098755,1.0561959743499756,1.0926520824432373,0.8556292057037354,0.5724273920059204,1.100113034248352,0.44625115394592285,1.0523786544799805,0.8024917840957642,0.6285057663917542,0.9999990463256836,0.3621792197227478,0.4837685823440552,0.7149920238856297,0.4580291859583969,0.3562406301498413,0.4238728880882263
1,512,transformer.h.5.attn.c_proj.weight,transformer.h.5.attn.c_proj.weight,"[384, 384]",danger_full,0.07883872091770172,0.8133596767823604,,,0.49344998598098755,1.0561959743499756,1.0926520824432373,0.8643210530281067,0.5565142035484314,1.1025530099868774,0.44625115394592285,1.0523786544799805,0.8024917840957642,0.6285057663917542,0.9999990463256836,0.37087106704711914,0.4996817708015442,0.7321509363006338,0.47309569713998195,0.3562406301498413,0.4238728880882263
1,512,transformer.h.5.attn.c_proj.weight,transformer.h.5.attn.c_proj.weight,"[384, 384]",internal_cross,0.040556900203228,0.41841555591733726,,,0.49344998598098755,1.0561959743499756,1.0926520824432373,0.5932618379592896,0.9483740925788879,1.094630479812622,0.44625115394592285,1.0523786544799805,0.5228666663169861,0.9768659472465515,0.9999994039535522,0.099811851978302,0.10782188177108765,0.19704244243601135,0.10208510957206163,0.07661551237106323,0.07551270723342896
1,512,transformer.h.5.attn.c_proj.weight,transformer.h.5.attn.c_proj.weight,"[384, 384]",outside_cross,0.06751388311386108,0.6965241128802032,,,0.49344998598098755,1.0561959743499756,1.0926520824432373,0.5577676296234131,0.9901556372642517,1.0976835489273071,0.44625115394592285,1.0523786544799805,0.5103252530097961,0.9896209836006165,1.0000004768371582,0.06431764364242554,0.06604033708572388,0.1269719511645527,0.06252659420176988,0.06407409906387329,0.06275767087936401
1,512,transformer.h.5.attn.c_proj.weight,transformer.h.5.attn.c_proj.weight,"[384, 384]",local_cross,0.0440979078412056,0.4549472600645396,,,0.49344998598098755,1.0561959743499756,1.0926520824432373,0.5703748464584351,0.9763836860656738,1.0982462167739868,0.44625115394592285,1.0523786544799805,0.5080848932266235,0.9918830394744873,0.9999997019767761,0.07692486047744751,0.07981228828430176,0.15186034616230465,0.0755657948170285,0.061833739280700684,0.060495615005493164
1,512,transformer.h.5.attn.c_proj.weight,transformer.h.5.attn.c_proj.weight,"[384, 384]",medium_cross,0.058617640286684036,0.6047437655297753,,,0.49344998598098755,1.0561959743499756,1.0926520824432373,0.5450557470321655,1.0060162544250488,1.1010702848434448,0.44625115394592285,1.0523786544799805,0.4967927634716034,1.0032025575637817,1.000000238418579,0.05160576105117798,0.05017971992492676,0.10187693144401147,0.047509857207900574,0.05054160952568054,0.04917609691619873
1,512,transformer.h.5.attn.c_proj.weight,transformer.h.5.attn.c_proj.weight,"[384, 384]",distant_cross,0.02867637388408184,0.29584709039095947,,,0.49344998598098755,1.0561959743499756,1.0926520824432373,0.4975278675556183,1.0522329807281494,1.0931165218353271,0.44625115394592285,1.0523786544799805,0.4490182399749756,1.049744963645935,0.9999998211860657,0.004077881574630737,0.003962993621826172,0.008050303941907859,0.0037521385406388747,0.0027670860290527344,0.00263369083404541
1,512,transformer.h.5.mlp.w1.weight,transformer.h.5.mlp.w1.weight,"[1024, 384]",danger_diagonal,0.00022065242228563875,0.009075454185958533,,,0.8341543674468994,0.5696268081665039,0.976550817489624,0.8351505994796753,0.5678287148475647,0.9761987328529358,0.8378288745880127,0.5695198178291321,0.8385817408561707,0.5681944489479065,0.9999993443489075,0.000996232032775879,0.001798093318939209,0.006006983828512364,0.003156616390171054,0.000752866268157959,0.001325368881225586
1,512,transformer.h.5.mlp.w1.weight,transformer.h.5.mlp.w1.weight,"[1024, 384]",danger_cross,0.006402876693755388,0.26335090043695714,,,0.8341543674468994,0.5696268081665039,0.976550817489624,0.8414543867111206,0.5563475489616394,0.9739606976509094,0.8378288745880127,0.5695198178291321,0.8439081311225891,0.5587424635887146,0.9999993443489075,0.007300019264221191,0.013279259204864502,0.044016952100827046,0.02331220900155199,0.006079256534576416,0.01077735424041748
1,512,transformer.h.5.mlp.w1.weight,transformer.h.5.mlp.w1.weight,"[1024, 384]",danger_full,0.006406677421182394,0.2635072247015168,,,0.8341543674468994,0.5696268081665039,0.976550817489624,0.8422765135765076,0.5547813177108765,0.9734393954277039,0.8378288745880127,0.5695198178291321,0.8446255326271057,0.5574563145637512,0.9999994039535522,0.008122146129608154,0.014845490455627441,0.04897413338278654,0.026061783333919307,0.006796658039093018,0.01206350326538086
1,512,transformer.h.5.mlp.w1.weight,transformer.h.5.mlp.w1.weight,"[1024, 384]",internal_cross,0.0008118367404676974,0.033390918931561764,,,0.8341543674468994,0.5696268081665039,0.976550817489624,0.8345192670822144,0.5689972639083862,0.9765363931655884,0.8378288745880127,0.5695198178291321,0.8380637764930725,0.5691063404083252,0.9999994039535522,0.0003648996353149414,0.0006295442581176758,0.002200236627866022,0.0011051872016768877,0.00023490190505981445,0.00041347742080688477
1,512,transformer.h.5.mlp.w1.weight,transformer.h.5.mlp.w1.weight,"[1024, 384]",outside_cross,0.0063512008637189865,0.26122546885021647,,,0.8341543674468994,0.5696268081665039,0.976550817489624,0.84080570936203,0.5574917197227478,0.9740042090415955,0.8378288745880127,0.5695198178291321,0.8435294032096863,0.5594200491905212,0.9999991059303284,0.006651341915130615,0.012135088443756104,0.040105619983697695,0.02130357678006084,0.005700528621673584,0.01009976863861084
1,512,transformer.h.5.mlp.w1.weight,transformer.h.5.mlp.w1.weight,"[1024, 384]",local_cross,0.0039294627495110035,0.16161916007635335,,,0.8341543674468994,0.5696268081665039,0.976550817489624,0.839810311794281,0.5593872666358948,0.9746610522270203,0.8378288745880127,0.5695198178291321,0.8423994183540344,0.5614368319511414,0.999998927116394,0.005655944347381592,0.01023954153060913,0.03410366773192334,0.01797587715993886,0.0045705437660217285,0.008082985877990723
1,512,transformer.h.5.mlp.w1.weight,transformer.h.5.mlp.w1.weight,"[1024, 384]",medium_cross,0.004714133217930794,0.19389272776916502,,,0.8341543674468994,0.5696268081665039,0.976550817489624,0.8355423808097839,0.5671355724334717,0.9761230945587158,0.8378288745880127,0.5695198178291321,0.8390496373176575,0.5673709511756897,0.9999993443489075,0.0013880133628845215,0.0024912357330322266,0.008369309107010137,0.0043734524030758564,0.0012207627296447754,0.002148866653442383
1,512,transformer.h.5.mlp.w1.weight,transformer.h.5.mlp.w1.weight,"[1024, 384]",distant_cross,0.0018256806069985032,0.07509040932058816,,,0.8341543674468994,0.5696268081665039,0.976550817489624,0.8341585993766785,0.5696209669113159,0.9765530824661255,0.8378288745880127,0.5695198178291321,0.8378320932388306,0.5695139765739441,0.9999986290931702,4.231929779052734e-06,5.841255187988281e-06,2.5517282028501725e-05,1.025452999094253e-05,3.2186508178710938e-06,5.841255187988281e-06
1,512,transformer.h.5.mlp.w2.weight,transformer.h.5.mlp.w2.weight,"[1024, 384]",danger_diagonal,0.00014107128663454205,0.006433810217046281,,,0.8379800319671631,0.5633013248443604,0.9776612520217896,0.8383466601371765,0.5626307129859924,0.9775224924087524,0.8404870629310608,0.5648338198661804,0.8407593369483948,0.5643515586853027,0.9999997019767761,0.00036662817001342773,0.0006706118583679199,0.002262857933283399,0.0011905028956805833,0.0002722740173339844,0.00048226118087768555
1,512,transformer.h.5.mlp.w2.weight,transformer.h.5.mlp.w2.weight,"[1024, 384]",danger_cross,0.003816511482000351,0.17405888293894636,,,0.8379800319671631,0.5633013248443604,0.9776612520217896,0.841161847114563,0.5574339628219604,0.9763585329055786,0.8404870629310608,0.5648338198661804,0.8430851697921753,0.5602157711982727,0.9999990463256836,0.0031818151473999023,0.005867362022399902,0.01963841362291244,0.010416027379344526,0.002598106861114502,0.004618048667907715
1,512,transformer.h.5.mlp.w2.weight,transformer.h.5.mlp.w2.weight,"[1024, 384]",danger_full,0.0038191177882254124,0.17417774823052756,,,0.8379800319671631,0.5633013248443604,0.9776612520217896,0.8414723873138428,0.5568419098854065,0.97615647315979,0.8404870629310608,0.5648338198661804,0.8433486819267273,0.5597435235977173,1.0000001192092896,0.0034923553466796875,0.006459414958953857,0.021555092184513236,0.011467068643480623,0.002861618995666504,0.005090296268463135
1,512,transformer.h.5.mlp.w2.weight,transformer.h.5.mlp.w2.weight,"[1024, 384]",internal_cross,0.00031285497243516147,0.014268314737367806,,,0.8379800319671631,0.5633013248443604,0.9776612520217896,0.838023841381073,0.5632336735725403,0.9776906371116638,0.8404870629310608,0.5648338198661804,0.8405216932296753,0.5647718906402588,0.9999998211860657,4.380941390991211e-05,6.765127182006836e-05,0.00027039515216441203,0.00012009783900075212,3.463029861450195e-05,6.192922592163086e-05
1,512,transformer.h.5.mlp.w2.weight,transformer.h.5.mlp.w2.weight,"[1024, 384]",outside_cross,0.003803666913881898,0.1734730832658482,,,0.8379800319671631,0.5633013248443604,0.9776612520217896,0.8410548567771912,0.5576152801513672,0.9763301610946655,0.8404870629310608,0.5648338198661804,0.8430200219154358,0.5603310465812683,0.9999998807907104,0.003074824810028076,0.005686044692993164,0.018978060836334045,0.010094144008207708,0.002532958984375,0.004502773284912109
1,512,transformer.h.5.mlp.w2.weight,transformer.h.5.mlp.w2.weight,"[1024, 384]",local_cross,0.002373818540945649,0.10826227183789229,,,0.8379800319671631,0.5633013248443604,0.9776612520217896,0.8403386473655701,0.5589172840118408,0.9765226244926453,0.8404870629310608,0.5648338198661804,0.8423411846160889,0.561539888381958,1.0000003576278687,0.0023586153984069824,0.004384040832519531,0.014557559954146869,0.007782763219544775,0.0018541216850280762,0.003293931484222412
1,512,transformer.h.5.mlp.w2.weight,transformer.h.5.mlp.w2.weight,"[1024, 384]",medium_cross,0.002857273444533348,0.13031110383190098,,,0.8379800319671631,0.5633013248443604,0.9776612520217896,0.8386580944061279,0.5620865821838379,0.9775145649909973,0.8404870629310608,0.5648338198661804,0.8410707116127014,0.563798725605011,1.0,0.0006780624389648438,0.001214742660522461,0.004185054763295716,0.0021564704483130644,0.000583648681640625,0.0010350942611694336
1,512,transformer.h.5.mlp.w2.weight,transformer.h.5.mlp.w2.weight,"[1024, 384]",distant_cross,0.0008756293682381511,0.03993465509612054,,,0.8379800319671631,0.5633013248443604,0.9776612520217896,0.8379790186882019,0.5633047223091125,0.9776604175567627,0.8404870629310608,0.5648338198661804,0.8404849767684937,0.5648373365402222,0.9999997019767761,-1.0132789611816406e-06,-3.3974647521972656e-06,-6.254037533054428e-06,-6.031345218539974e-06,-2.086162567138672e-06,-3.516674041748047e-06
1,512,transformer.h.5.mlp.c_proj.weight,transformer.h.5.mlp.c_proj.weight,"[384, 1024]",danger_diagonal,0.0005082210409455001,0.00625135162873396,,,0.8320921659469604,0.5824725031852722,1.0099684000015259,0.8324461579322815,0.5818554759025574,1.0099631547927856,0.8242812752723694,0.5928294062614441,0.8246374130249023,0.5922285914421082,0.9999993443489075,0.0003539919853210449,0.0006170272827148438,0.002108251752025008,0.0010593243103161221,0.000356137752532959,0.0006008148193359375
1,512,transformer.h.5.mlp.c_proj.weight,transformer.h.5.mlp.c_proj.weight,"[384, 1024]",danger_cross,0.012900670059025288,0.1586841517525746,,,0.8320921659469604,0.5824725031852722,1.0099684000015259,0.8342943787574768,0.5783913731575012,1.0091562271118164,0.8242812752723694,0.5928294062614441,0.8267393708229065,0.5886664986610413,1.0000008344650269,0.0022022128105163574,0.004081130027770996,0.013115604896795415,0.0070065625509413525,0.0024580955505371094,0.004162907600402832
1,512,transformer.h.5.mlp.c_proj.weight,transformer.h.5.mlp.c_proj.weight,"[384, 1024]",danger_full,0.012910677120089531,0.15880724318807757,,,0.8320921659469604,0.5824725031852722,1.0099684000015259,0.8346161842346191,0.5778458714485168,1.0092027187347412,0.8242812752723694,0.5928294062614441,0.827078104019165,0.5880928039550781,0.9999995231628418,0.0025240182876586914,0.004626631736755371,0.015032165127336418,0.00794309038015437,0.0027968287467956543,0.004736602306365967
1,512,transformer.h.5.mlp.c_proj.weight,transformer.h.5.mlp.c_proj.weight,"[384, 1024]",internal_cross,0.001060201320797205,0.013040961942900421,,,0.8320921659469604,0.5824725031852722,1.0099684000015259,0.8321192860603333,0.5824265480041504,1.0099713802337646,0.8242812752723694,0.5928294062614441,0.8243107795715332,0.5927796959877014,0.9999997019767761,2.7120113372802734e-05,4.595518112182617e-05,0.00016151785606522624,7.889673910874519e-05,2.950429916381836e-05,4.971027374267578e-05
1,512,transformer.h.5.mlp.c_proj.weight,transformer.h.5.mlp.c_proj.weight,"[384, 1024]",outside_cross,0.01285703107714653,0.1581473722836716,,,0.8320921659469604,0.5824725031852722,1.0099684000015259,0.8342522382736206,0.5784803628921509,1.0092027187347412,0.8242812752723694,0.5928294062614441,0.8266875147819519,0.5887553095817566,1.000000238418579,0.0021600723266601562,0.003992140293121338,0.012864630997370986,0.006853783262368906,0.0024062395095825195,0.0040740966796875
1,512,transformer.h.5.mlp.c_proj.weight,transformer.h.5.mlp.c_proj.weight,"[384, 1024]",local_cross,0.00900378730148077,0.11075070860342806,,,0.8320921659469604,0.5824725031852722,1.0099684000015259,0.8337286710739136,0.5794445276260376,1.0093711614608765,0.8242812752723694,0.5928294062614441,0.826170802116394,0.5896323919296265,1.000000238418579,0.001636505126953125,0.003027975559234619,0.009746448914564509,0.005198486697099046,0.0018895268440246582,0.003197014331817627
1,512,transformer.h.5.mlp.c_proj.weight,transformer.h.5.mlp.c_proj.weight,"[384, 1024]",medium_cross,0.009126215241849422,0.11225662835638096,,,0.8320921659469604,0.5824725031852722,1.0099684000015259,0.8325978517532349,0.5815122127532959,1.0097023248672485,0.8242812752723694,0.5928294062614441,0.8247377872467041,0.592059850692749,0.9999987483024597,0.0005056858062744141,0.0009602904319763184,0.0030116867930931415,0.0016486450892101085,0.0004565119743347168,0.0007695555686950684
1,512,transformer.h.5.mlp.c_proj.weight,transformer.h.5.mlp.c_proj.weight,"[384, 1024]",distant_cross,0.0014391787117347121,0.017702557467719687,,,0.8320921659469604,0.5824725031852722,1.0099684000015259,0.832090437412262,0.582473635673523,1.0099685192108154,0.8242812752723694,0.5928294062614441,0.82427978515625,0.5928322672843933,0.9999997019767761,-1.7285346984863281e-06,-1.1324882507324219e-06,-1.0294544672289145e-05,-1.944277617465835e-06,-1.4901161193847656e-06,-2.86102294921875e-06
1,1024,transformer.h.0.attn.c_attn.weight,transformer.h.0.attn.c_attn.weight,"[1152, 384]",danger_diagonal,0.0015414789086207747,0.03145097341324968,,,0.59054034948349,0.9124610424041748,1.0163559913635254,0.5939642786979675,0.9086994528770447,1.016486644744873,0.6155794858932495,0.876837968826294,0.6186338067054749,0.8733479976654053,0.9999998211860657,0.003423929214477539,0.003761589527130127,0.008362067447081654,0.004122465894235877,0.003054320812225342,0.003489971160888672
1,1024,transformer.h.0.attn.c_attn.weight,transformer.h.0.attn.c_attn.weight,"[1152, 384]",danger_cross,0.03915227949619293,0.7988285111241963,,,0.59054034948349,0.9124610424041748,1.0163559913635254,0.742626428604126,0.7388598322868347,1.0547229051589966,0.6155794858932495,0.876837968826294,0.7516392469406128,0.704787015914917,1.000000238418579,0.152086079120636,0.1736012101173401,0.3714311750346782,0.19025602414754206,0.13605976104736328,0.17205095291137695
1,1024,transformer.h.0.attn.c_attn.weight,transformer.h.0.attn.c_attn.weight,"[1152, 384]",danger_full,0.03918261080980301,0.7994473644426584,,,0.59054034948349,0.9124610424041748,1.0163559913635254,0.7475801110267639,0.7319220900535583,1.0551183223724365,0.6155794858932495,0.876837968826294,0.7558196783065796,0.6988305449485779,1.0000001192092896,0.15703976154327393,0.18053895235061646,0.38352927167592027,0.19785935394559748,0.14024019241333008,0.17800742387771606
1,1024,transformer.h.0.attn.c_attn.weight,transformer.h.0.attn.c_attn.weight,"[1152, 384]",internal_cross,0.01951298676431179,0.3981257378906132,,,0.59054034948349,0.9124610424041748,1.0163559913635254,0.6413006782531738,0.8667186498641968,1.0443705320358276,0.6155794858932495,0.876837968826294,0.6582818627357483,0.8267037868499756,1.0000005960464478,0.05076032876968384,0.04574239253997803,0.12396906192259134,0.05013078960549904,0.04270237684249878,0.05013418197631836
1,1024,transformer.h.0.attn.c_attn.weight,transformer.h.0.attn.c_attn.weight,"[1152, 384]",outside_cross,0.03394324332475662,0.6925479404201286,,,0.59054034948349,0.9124610424041748,1.0163559913635254,0.6372936964035034,0.8576192259788513,1.0136581659317017,0.6155794858932495,0.876837968826294,0.6651673316955566,0.8183343410491943,0.9999991059303284,0.04675334692001343,0.054841816425323486,0.11418303820910497,0.060103186740800375,0.04958784580230713,0.05850362777709961
1,1024,transformer.h.0.attn.c_attn.weight,transformer.h.0.attn.c_attn.weight,"[1152, 384]",local_cross,0.0239211805164814,0.4880666275937285,,,0.59054034948349,0.9124610424041748,1.0163559913635254,0.6658658385276794,0.8361470103263855,1.0433768033981323,0.6155794858932495,0.876837968826294,0.6786573529243469,0.801679253578186,1.0000001192092896,0.07532548904418945,0.0763140320777893,0.18396315473129193,0.08363538664260692,0.06307786703109741,0.07515871524810791
1,1024,transformer.h.0.attn.c_attn.weight,transformer.h.0.attn.c_attn.weight,"[1152, 384]",medium_cross,0.028805555775761604,0.5877231039560323,,,0.59054034948349,0.9124610424041748,1.0163559913635254,0.6147831082344055,0.8857311606407166,1.0178630352020264,0.6155794858932495,0.876837968826294,0.6444047093391418,0.8433232307434082,1.000000238418579,0.024242758750915527,0.026729881763458252,0.05920670991716685,0.02929427177847473,0.028825223445892334,0.03351473808288574
1,1024,transformer.h.0.attn.c_attn.weight,transformer.h.0.attn.c_attn.weight,"[1152, 384]",distant_cross,0.011441988870501518,0.23345222938069596,,,0.59054034948349,0.9124610424041748,1.0163559913635254,0.5906795263290405,0.9123151898384094,1.01637601852417,0.6155794858932495,0.876837968826294,0.6157658696174622,0.8766260147094727,0.9999998807907104,0.0001391768455505371,0.00014585256576538086,0.0003399036886173606,0.0001598452525502732,0.00018638372421264648,0.00021195411682128906
1,1024,transformer.h.0.attn.c_proj.weight,transformer.h.0.attn.c_proj.weight,"[384, 384]",danger_diagonal,0.005034548230469227,0.03491592670134668,,,0.5557992458343506,0.9657184481620789,1.0472517013549805,0.5596591234207153,0.9615259766578674,1.0472543239593506,0.5282998085021973,0.9712884426116943,0.531639039516449,0.967844545841217,0.9999995231628418,0.003859877586364746,0.004192471504211426,0.008689489043337682,0.004341297934393186,0.003339231014251709,0.003443896770477295
1,1024,transformer.h.0.attn.c_proj.weight,transformer.h.0.attn.c_proj.weight,"[384, 384]",danger_cross,0.1133575588464737,0.7861647231370705,,,0.5557992458343506,0.9657184481620789,1.0472517013549805,0.895359456539154,0.46896329522132874,1.0423083305358887,0.5282998085021973,0.9712884426116943,0.8604476451873779,0.5283055305480957,0.9999995231628418,0.33956021070480347,0.4967551529407501,0.7644296132333358,0.5143892134256697,0.33214783668518066,0.44298291206359863
1,1024,transformer.h.0.attn.c_proj.weight,transformer.h.0.attn.c_proj.weight,"[384, 384]",danger_full,0.11346930265426636,0.7869396960688234,,,0.5557992458343506,0.9657184481620789,1.0472517013549805,0.9036425352096558,0.4529196321964264,1.050968050956726,0.5282998085021973,0.9712884426116943,0.8656553030014038,0.518353283405304,1.000000238418579,0.3478432893753052,0.5127988159656525,0.7830767645333375,0.5310024023477992,0.33735549449920654,0.4529351592063904
1,1024,transformer.h.0.attn.c_proj.weight,transformer.h.0.attn.c_proj.weight,"[384, 384]",internal_cross,0.055310916155576706,0.3835958671692881,,,0.5557992458343506,0.9657184481620789,1.0472517013549805,0.6419050097465515,0.8672055006027222,1.0469810962677002,0.5282998085021973,0.9712884426116943,0.5962813496589661,0.8985760807991028,0.9999998807907104,0.08610576391220093,0.09851294755935669,0.19384425421324417,0.10201000896984316,0.0679815411567688,0.07271236181259155
1,1024,transformer.h.0.attn.c_proj.weight,transformer.h.0.attn.c_proj.weight,"[384, 384]",outside_cross,0.0989476814866066,0.6862284034038456,,,0.5557992458343506,0.9657184481620789,1.0472517013549805,0.6307937502861023,0.8789423704147339,1.0436376333236694,0.5282998085021973,0.9712884426116943,0.599899172782898,0.894540548324585,0.9999997019767761,0.07499450445175171,0.08677607774734497,0.16883020514590366,0.08985649793942958,0.07159936428070068,0.07674789428710938
1,1024,transformer.h.0.attn.c_proj.weight,transformer.h.0.attn.c_proj.weight,"[384, 384]",local_cross,0.06279672682285309,0.4355119487308746,,,0.5557992458343506,0.9657184481620789,1.0472517013549805,0.6452693343162537,0.8644477725028992,1.0497969388961792,0.5282998085021973,0.9712884426116943,0.5966649055480957,0.8981490135192871,0.9999992251396179,0.08947008848190308,0.10127067565917969,0.2014181372788446,0.1048656322677841,0.06836509704589844,0.07313942909240723
1,1024,transformer.h.0.attn.c_proj.weight,transformer.h.0.attn.c_proj.weight,"[384, 384]",medium_cross,0.08525451272726059,0.591262647823839,,,0.5557992458343506,0.9657184481620789,1.0472517013549805,0.6088816523551941,0.9076511859893799,1.04997980594635,0.5282998085021973,0.9712884426116943,0.5826332569122314,0.9136377573013306,0.9999998211860657,0.053082406520843506,0.058067262172698975,0.11950093740959351,0.06012856260870912,0.05433344841003418,0.05765068531036377
1,1024,transformer.h.0.attn.c_proj.weight,transformer.h.0.attn.c_proj.weight,"[384, 384]",distant_cross,0.04047459363937378,0.2807020372208162,,,0.5557992458343506,0.9657184481620789,1.0472517013549805,0.5584299564361572,0.962726354598999,1.046985149383545,0.5282998085021973,0.9712884426116943,0.5289430022239685,0.9706251621246338,0.9999995231628418,0.0026307106018066406,0.002992093563079834,0.005922346094949689,0.0030983083825045286,0.0006431937217712402,0.0006632804870605469
1,1024,transformer.h.0.mlp.w1.weight,transformer.h.0.mlp.w1.weight,"[1024, 384]",danger_diagonal,0.0,0.0,,,0.9223244190216064,0.3961937725543976,1.0097280740737915,0.9223244190216064,0.3961937725543976,1.0097280740737915,0.9204102158546448,0.3989849090576172,0.9204102158546448,0.3989849090576172,0.9999993443489075,0.0,0.0,0.0,0.0,0.0,0.0
1,1024,transformer.h.0.mlp.w1.weight,transformer.h.0.mlp.w1.weight,"[1024, 384]",danger_cross,0.0,0.0,,,0.9223244190216064,0.3961937725543976,1.0097280740737915,0.9223244190216064,0.3961937725543976,1.0097280740737915,0.9204102158546448,0.3989849090576172,0.9204102158546448,0.3989849090576172,0.9999993443489075,0.0,0.0,0.0,0.0,0.0,0.0
1,1024,transformer.h.0.mlp.w1.weight,transformer.h.0.mlp.w1.weight,"[1024, 384]",danger_full,0.0,0.0,,,0.9223244190216064,0.3961937725543976,1.0097280740737915,0.9223244190216064,0.3961937725543976,1.0097280740737915,0.9204102158546448,0.3989849090576172,0.9204102158546448,0.3989849090576172,0.9999993443489075,0.0,0.0,0.0,0.0,0.0,0.0
1,1024,transformer.h.0.mlp.w1.weight,transformer.h.0.mlp.w1.weight,"[1024, 384]",internal_cross,0.0,0.0,,,0.9223244190216064,0.3961937725543976,1.0097280740737915,0.9223244190216064,0.3961937725543976,1.0097280740737915,0.9204102158546448,0.3989849090576172,0.9204102158546448,0.3989849090576172,0.9999993443489075,0.0,0.0,0.0,0.0,0.0,0.0
1,1024,transformer.h.0.mlp.w1.weight,transformer.h.0.mlp.w1.weight,"[1024, 384]",outside_cross,0.0,0.0,,,0.9223244190216064,0.3961937725543976,1.0097280740737915,0.9223244190216064,0.3961937725543976,1.0097280740737915,0.9204102158546448,0.3989849090576172,0.9204102158546448,0.3989849090576172,0.9999993443489075,0.0,0.0,0.0,0.0,0.0,0.0
1,1024,transformer.h.0.mlp.w1.weight,transformer.h.0.mlp.w1.weight,"[1024, 384]",local_cross,0.0,0.0,,,0.9223244190216064,0.3961937725543976,1.0097280740737915,0.9223244190216064,0.3961937725543976,1.0097280740737915,0.9204102158546448,0.3989849090576172,0.9204102158546448,0.3989849090576172,0.9999993443489075,0.0,0.0,0.0,0.0,0.0,0.0
1,1024,transformer.h.0.mlp.w1.weight,transformer.h.0.mlp.w1.weight,"[1024, 384]",medium_cross,0.0,0.0,,,0.9223244190216064,0.3961937725543976,1.0097280740737915,0.9223244190216064,0.3961937725543976,1.0097280740737915,0.9204102158546448,0.3989849090576172,0.9204102158546448,0.3989849090576172,0.9999993443489075,0.0,0.0,0.0,0.0,0.0,0.0
1,1024,transformer.h.0.mlp.w1.weight,transformer.h.0.mlp.w1.weight,"[1024, 384]",distant_cross,0.0,0.0,,,0.9223244190216064,0.3961937725543976,1.0097280740737915,0.9223244190216064,0.3961937725543976,1.0097280740737915,0.9204102158546448,0.3989849090576172,0.9204102158546448,0.3989849090576172,0.9999993443489075,0.0,0.0,0.0,0.0,0.0,0.0
1,1024,transformer.h.0.mlp.w2.weight,transformer.h.0.mlp.w2.weight,"[1024, 384]",danger_diagonal,0.0,0.0,,,0.9235473871231079,0.39270755648612976,1.0080788135528564,0.9235473871231079,0.39270755648612976,1.0080788135528564,0.9216896891593933,0.3957652449607849,0.9216896891593933,0.3957652449607849,0.9999998211860657,0.0,0.0,0.0,0.0,0.0,0.0
1,1024,transformer.h.0.mlp.w2.weight,transformer.h.0.mlp.w2.weight,"[1024, 384]",danger_cross,0.0,0.0,,,0.9235473871231079,0.39270755648612976,1.0080788135528564,0.9235473871231079,0.39270755648612976,1.0080788135528564,0.9216896891593933,0.3957652449607849,0.9216896891593933,0.3957652449607849,0.9999998211860657,0.0,0.0,0.0,0.0,0.0,0.0
1,1024,transformer.h.0.mlp.w2.weight,transformer.h.0.mlp.w2.weight,"[1024, 384]",danger_full,0.0,0.0,,,0.9235473871231079,0.39270755648612976,1.0080788135528564,0.9235473871231079,0.39270755648612976,1.0080788135528564,0.9216896891593933,0.3957652449607849,0.9216896891593933,0.3957652449607849,0.9999998211860657,0.0,0.0,0.0,0.0,0.0,0.0
1,1024,transformer.h.0.mlp.w2.weight,transformer.h.0.mlp.w2.weight,"[1024, 384]",internal_cross,0.0,0.0,,,0.9235473871231079,0.39270755648612976,1.0080788135528564,0.9235473871231079,0.39270755648612976,1.0080788135528564,0.9216896891593933,0.3957652449607849,0.9216896891593933,0.3957652449607849,0.9999998211860657,0.0,0.0,0.0,0.0,0.0,0.0
1,1024,transformer.h.0.mlp.w2.weight,transformer.h.0.mlp.w2.weight,"[1024, 384]",outside_cross,0.0,0.0,,,0.9235473871231079,0.39270755648612976,1.0080788135528564,0.9235473871231079,0.39270755648612976,1.0080788135528564,0.9216896891593933,0.3957652449607849,0.9216896891593933,0.3957652449607849,0.9999998211860657,0.0,0.0,0.0,0.0,0.0,0.0
1,1024,transformer.h.0.mlp.w2.weight,transformer.h.0.mlp.w2.weight,"[1024, 384]",local_cross,0.0,0.0,,,0.9235473871231079,0.39270755648612976,1.0080788135528564,0.9235473871231079,0.39270755648612976,1.0080788135528564,0.9216896891593933,0.3957652449607849,0.9216896891593933,0.3957652449607849,0.9999998211860657,0.0,0.0,0.0,0.0,0.0,0.0
1,1024,transformer.h.0.mlp.w2.weight,transformer.h.0.mlp.w2.weight,"[1024, 384]",medium_cross,0.0,0.0,,,0.9235473871231079,0.39270755648612976,1.0080788135528564,0.9235473871231079,0.39270755648612976,1.0080788135528564,0.9216896891593933,0.3957652449607849,0.9216896891593933,0.3957652449607849,0.9999998211860657,0.0,0.0,0.0,0.0,0.0,0.0
1,1024,transformer.h.0.mlp.w2.weight,transformer.h.0.mlp.w2.weight,"[1024, 384]",distant_cross,0.0,0.0,,,0.9235473871231079,0.39270755648612976,1.0080788135528564,0.9235473871231079,0.39270755648612976,1.0080788135528564,0.9216896891593933,0.3957652449607849,0.9216896891593933,0.3957652449607849,0.9999998211860657,0.0,0.0,0.0,0.0,0.0,0.0
1,1024,transformer.h.0.mlp.c_proj.weight,transformer.h.0.mlp.c_proj.weight,"[384, 1024]",danger_diagonal,0.0,0.0,,,0.8761699795722961,0.501164972782135,1.0133830308914185,0.8761699795722961,0.501164972782135,1.0133830308914185,0.8688623905181885,0.5121368169784546,0.8688623905181885,0.5121368169784546,0.9999990463256836,0.0,0.0,0.0,0.0,0.0,0.0
1,1024,transformer.h.0.mlp.c_proj.weight,transformer.h.0.mlp.c_proj.weight,"[384, 1024]",danger_cross,0.0,0.0,,,0.8761699795722961,0.501164972782135,1.0133830308914185,0.8761699795722961,0.501164972782135,1.0133830308914185,0.8688623905181885,0.5121368169784546,0.8688623905181885,0.5121368169784546,0.9999990463256836,0.0,0.0,0.0,0.0,0.0,0.0
1,1024,transformer.h.0.mlp.c_proj.weight,transformer.h.0.mlp.c_proj.weight,"[384, 1024]",danger_full,0.0,0.0,,,0.8761699795722961,0.501164972782135,1.0133830308914185,0.8761699795722961,0.501164972782135,1.0133830308914185,0.8688623905181885,0.5121368169784546,0.8688623905181885,0.5121368169784546,0.9999990463256836,0.0,0.0,0.0,0.0,0.0,0.0
1,1024,transformer.h.0.mlp.c_proj.weight,transformer.h.0.mlp.c_proj.weight,"[384, 1024]",internal_cross,0.0,0.0,,,0.8761699795722961,0.501164972782135,1.0133830308914185,0.8761699795722961,0.501164972782135,1.0133830308914185,0.8688623905181885,0.5121368169784546,0.8688623905181885,0.5121368169784546,0.9999990463256836,0.0,0.0,0.0,0.0,0.0,0.0
1,1024,transformer.h.0.mlp.c_proj.weight,transformer.h.0.mlp.c_proj.weight,"[384, 1024]",outside_cross,0.0,0.0,,,0.8761699795722961,0.501164972782135,1.0133830308914185,0.8761699795722961,0.501164972782135,1.0133830308914185,0.8688623905181885,0.5121368169784546,0.8688623905181885,0.5121368169784546,0.9999990463256836,0.0,0.0,0.0,0.0,0.0,0.0
1,1024,transformer.h.0.mlp.c_proj.weight,transformer.h.0.mlp.c_proj.weight,"[384, 1024]",local_cross,0.0,0.0,,,0.8761699795722961,0.501164972782135,1.0133830308914185,0.8761699795722961,0.501164972782135,1.0133830308914185,0.8688623905181885,0.5121368169784546,0.8688623905181885,0.5121368169784546,0.9999990463256836,0.0,0.0,0.0,0.0,0.0,0.0
1,1024,transformer.h.0.mlp.c_proj.weight,transformer.h.0.mlp.c_proj.weight,"[384, 1024]",medium_cross,0.0,0.0,,,0.8761699795722961,0.501164972782135,1.0133830308914185,0.8761699795722961,0.501164972782135,1.0133830308914185,0.8688623905181885,0.5121368169784546,0.8688623905181885,0.5121368169784546,0.9999990463256836,0.0,0.0,0.0,0.0,0.0,0.0
1,1024,transformer.h.0.mlp.c_proj.weight,transformer.h.0.mlp.c_proj.weight,"[384, 1024]",distant_cross,0.0,0.0,,,0.8761699795722961,0.501164972782135,1.0133830308914185,0.8761699795722961,0.501164972782135,1.0133830308914185,0.8688623905181885,0.5121368169784546,0.8688623905181885,0.5121368169784546,0.9999990463256836,0.0,0.0,0.0,0.0,0.0,0.0
1,1024,transformer.h.1.attn.c_attn.weight,transformer.h.1.attn.c_attn.weight,"[1152, 384]",danger_diagonal,0.0014231459936127067,0.032932904405029814,,,0.5580952763557434,0.9500879645347595,1.0208417177200317,0.5644032955169678,0.9433972835540771,1.0210692882537842,0.5750519037246704,0.9219001531600952,0.5810149908065796,0.9154089689254761,0.9999998211860657,0.006308019161224365,0.006690680980682373,0.01427461356195519,0.007042170020497708,0.00596308708190918,0.006491184234619141
1,1024,transformer.h.1.attn.c_attn.weight,transformer.h.1.attn.c_attn.weight,"[1152, 384]",danger_cross,0.036483604460954666,0.8442640905824853,,,0.5580952763557434,0.9500879645347595,1.0208417177200317,0.7132931351661682,0.78011554479599,1.05587637424469,0.5750519037246704,0.9219001531600952,0.7153715491294861,0.7544929385185242,1.000000238418579,0.1551978588104248,0.16997241973876953,0.35120208159477073,0.17890177129230542,0.14031964540481567,0.16740721464157104
1,1024,transformer.h.1.attn.c_attn.weight,transformer.h.1.attn.c_attn.weight,"[1152, 384]",danger_full,0.03651135042309761,0.8449061576107314,,,0.5580952763557434,0.9500879645347595,1.0208417177200317,0.7210336327552795,0.7694715261459351,1.0556538105010986,0.5750519037246704,0.9219001531600952,0.7226836681365967,0.7447397708892822,0.9999994039535522,0.16293835639953613,0.18061643838882446,0.368718295328079,0.19010496409905475,0.14763176441192627,0.177160382270813
1,1024,transformer.h.1.attn.c_attn.weight,transformer.h.1.attn.c_attn.weight,"[1152, 384]",internal_cross,0.019949430599808693,0.46164813295821955,,,0.5580952763557434,0.9500879645347595,1.0208417177200317,0.6223733425140381,0.8911675214767456,1.0484297275543213,0.5750519037246704,0.9219001531600952,0.6278100609779358,0.8627762794494629,0.9999995231628418,0.06427806615829468,0.058920443058013916,0.14545684333992318,0.062015776704282495,0.05275815725326538,0.059123873710632324
1,1024,transformer.h.1.attn.c_attn.weight,transformer.h.1.attn.c_attn.weight,"[1152, 384]",outside_cross,0.03054625540971756,0.70686838444884,,,0.5580952763557434,0.9500879645347595,1.0208417177200317,0.5974133014678955,0.9060143828392029,1.0190287828445435,0.5750519037246704,0.9219001531600952,0.6184220314025879,0.8735899329185486,0.9999998211860657,0.0393180251121521,0.04407358169555664,0.08897398694430796,0.046388948540295065,0.04337012767791748,0.04831022024154663
1,1024,transformer.h.1.attn.c_attn.weight,transformer.h.1.attn.c_attn.weight,"[1152, 384]",local_cross,0.022555707022547722,0.5219597613283063,,,0.5580952763557434,0.9500879645347595,1.0208417177200317,0.629264235496521,0.8806701898574829,1.0434484481811523,0.5750519037246704,0.9219001531600952,0.6354591250419617,0.8538646697998047,1.000000238418579,0.07116895914077759,0.06941777467727661,0.16105046027539235,0.0730645764061112,0.06040722131729126,0.06803548336029053
1,1024,transformer.h.1.attn.c_attn.weight,transformer.h.1.attn.c_attn.weight,"[1152, 384]",medium_cross,0.026277005672454834,0.6080740273628484,,,0.5580952763557434,0.9500879645347595,1.0208417177200317,0.5799901485443115,0.9267378449440002,1.0218322277069092,0.5750519037246704,0.9219001531600952,0.6020159721374512,0.8921726942062378,0.999998927116394,0.021894872188568115,0.023350119590759277,0.04954659006133184,0.024576797583362082,0.02696406841278076,0.029727458953857422
1,1024,transformer.h.1.attn.c_attn.weight,transformer.h.1.attn.c_attn.weight,"[1152, 384]",distant_cross,0.011481002904474735,0.26568094406611703,,,0.5580952763557434,0.9500879645347595,1.0208417177200317,0.5584862232208252,0.949697732925415,1.0209038257598877,0.5750519037246704,0.9219001531600952,0.5754091143608093,0.9215129613876343,0.9999998211860657,0.0003909468650817871,0.0003902316093444824,0.0008846858704242054,0.00041073208367140154,0.000357210636138916,0.0003871917724609375
1,1024,transformer.h.1.attn.c_proj.weight,transformer.h.1.attn.c_proj.weight,"[384, 384]",danger_diagonal,0.004954557865858078,0.03595305484143912,,,0.5129629969596863,1.0287816524505615,1.0799942016601562,0.518527090549469,1.0228419303894043,1.0798436403274536,0.47574496269226074,1.0239695310592651,0.4803750216960907,1.0194370746612549,1.0000005960464478,0.005564093589782715,0.0059397220611572266,0.01142437546849424,0.005773549758599201,0.004630059003829956,0.004532456398010254
1,1024,transformer.h.1.attn.c_proj.weight,transformer.h.1.attn.c_proj.weight,"[384, 384]",danger_cross,0.1130436509847641,0.8203082279729996,,,0.5129629969596863,1.0287816524505615,1.0799942016601562,0.8721596598625183,0.5397422313690186,1.10015869140625,0.47574496269226074,1.0239695310592651,0.8114120960235596,0.6141494512557983,0.9999995827674866,0.35919666290283203,0.48903942108154297,0.7375141121938533,0.4753578370265929,0.33566713333129883,0.4098200798034668
1,1024,transformer.h.1.attn.c_proj.weight,transformer.h.1.attn.c_proj.weight,"[384, 384]",danger_full,0.11315217614173889,0.8210957474704058,,,0.5129629969596863,1.0287816524505615,1.0799942016601562,0.879223108291626,0.5273058414459229,1.105237603187561,0.47574496269226074,1.0239695310592651,0.8114122748374939,0.6141493916511536,0.9999993443489075,0.3662601113319397,0.5014758110046387,0.7520170111214796,0.48744630098147795,0.33566731214523315,0.4098201394081116
1,1024,transformer.h.1.attn.c_proj.weight,transformer.h.1.attn.c_proj.weight,"[384, 384]",internal_cross,0.059464529156684875,0.43150802468635197,,,0.5129629969596863,1.0287816524505615,1.0799942016601562,0.6246145963668823,0.9044304490089417,1.0808335542678833,0.47574496269226074,1.0239695310592651,0.5589954853057861,0.9391552209854126,1.000000238418579,0.11165159940719604,0.12435120344161987,0.2292466459636831,0.12087229894255488,0.08325052261352539,0.08481431007385254
1,1024,transformer.h.1.attn.c_proj.weight,transformer.h.1.attn.c_proj.weight,"[384, 384]",outside_cross,0.09613966941833496,0.697643442789136,,,0.5129629969596863,1.0287816524505615,1.0799942016601562,0.5748028755187988,0.9629173278808594,1.0823521614074707,0.47574496269226074,1.0239695310592651,0.5360670685768127,0.9632593989372253,1.000000238418579,0.06183987855911255,0.06586432456970215,0.12697162263458214,0.06402167497137327,0.060322105884552,0.060710132122039795
1,1024,transformer.h.1.attn.c_proj.weight,transformer.h.1.attn.c_proj.weight,"[384, 384]",local_cross,0.06456471234560013,0.4685178186693916,,,0.5129629969596863,1.0287816524505615,1.0799942016601562,0.5939034819602966,0.938563883304596,1.0772500038146973,0.47574496269226074,1.0239695310592651,0.5394089818000793,0.9597834944725037,1.000001311302185,0.08094048500061035,0.09021776914596558,0.1661896005751962,0.08769379676539384,0.0636640191078186,0.06418603658676147
1,1024,transformer.h.1.attn.c_proj.weight,transformer.h.1.attn.c_proj.weight,"[384, 384]",medium_cross,0.08487412333488464,0.6158943125694405,,,0.5129629969596863,1.0287816524505615,1.0799942016601562,0.5658764839172363,0.9717863202095032,1.0802536010742188,0.47574496269226074,1.0239695310592651,0.526328980922699,0.9733163714408875,1.0000005960464478,0.05291348695755005,0.05699533224105835,0.10864366901742416,0.055400805511349537,0.05058401823043823,0.050653159618377686
1,1024,transformer.h.1.attn.c_proj.weight,transformer.h.1.attn.c_proj.weight,"[384, 384]",distant_cross,0.03750527277588844,0.27215932591012676,,,0.5129629969596863,1.0287816524505615,1.0799942016601562,0.5166645646095276,1.0249712467193604,1.0801414251327515,0.47574496269226074,1.0239695310592651,0.4778292179107666,1.0219312906265259,1.0000004768371582,0.0037015676498413086,0.003810405731201172,0.007600177454144931,0.0037038041280428864,0.0020842552185058594,0.002038240432739258
1,1024,transformer.h.1.mlp.w1.weight,transformer.h.1.mlp.w1.weight,"[1024, 384]",danger_diagonal,0.0,0.0,,,0.8979375958442688,0.45386460423469543,1.0087181329727173,0.8979375958442688,0.45386460423469543,1.0087181329727173,0.8912724852561951,0.4663313627243042,0.8912724852561951,0.4663313627243042,0.9999994039535522,0.0,0.0,0.0,0.0,0.0,0.0
1,1024,transformer.h.1.mlp.w1.weight,transformer.h.1.mlp.w1.weight,"[1024, 384]",danger_cross,0.0,0.0,,,0.8979375958442688,0.45386460423469543,1.0087181329727173,0.8979375958442688,0.45386460423469543,1.0087181329727173,0.8912724852561951,0.4663313627243042,0.8912724852561951,0.4663313627243042,0.9999994039535522,0.0,0.0,0.0,0.0,0.0,0.0
1,1024,transformer.h.1.mlp.w1.weight,transformer.h.1.mlp.w1.weight,"[1024, 384]",danger_full,0.0,0.0,,,0.8979375958442688,0.45386460423469543,1.0087181329727173,0.8979375958442688,0.45386460423469543,1.0087181329727173,0.8912724852561951,0.4663313627243042,0.8912724852561951,0.4663313627243042,0.9999994039535522,0.0,0.0,0.0,0.0,0.0,0.0
1,1024,transformer.h.1.mlp.w1.weight,transformer.h.1.mlp.w1.weight,"[1024, 384]",internal_cross,0.0,0.0,,,0.8979375958442688,0.45386460423469543,1.0087181329727173,0.8979375958442688,0.45386460423469543,1.0087181329727173,0.8912724852561951,0.4663313627243042,0.8912724852561951,0.4663313627243042,0.9999994039535522,0.0,0.0,0.0,0.0,0.0,0.0
1,1024,transformer.h.1.mlp.w1.weight,transformer.h.1.mlp.w1.weight,"[1024, 384]",outside_cross,0.0,0.0,,,0.8979375958442688,0.45386460423469543,1.0087181329727173,0.8979375958442688,0.45386460423469543,1.0087181329727173,0.8912724852561951,0.4663313627243042,0.8912724852561951,0.4663313627243042,0.9999994039535522,0.0,0.0,0.0,0.0,0.0,0.0
1,1024,transformer.h.1.mlp.w1.weight,transformer.h.1.mlp.w1.weight,"[1024, 384]",local_cross,0.0,0.0,,,0.8979375958442688,0.45386460423469543,1.0087181329727173,0.8979375958442688,0.45386460423469543,1.0087181329727173,0.8912724852561951,0.4663313627243042,0.8912724852561951,0.4663313627243042,0.9999994039535522,0.0,0.0,0.0,0.0,0.0,0.0
1,1024,transformer.h.1.mlp.w1.weight,transformer.h.1.mlp.w1.weight,"[1024, 384]",medium_cross,0.0,0.0,,,0.8979375958442688,0.45386460423469543,1.0087181329727173,0.8979375958442688,0.45386460423469543,1.0087181329727173,0.8912724852561951,0.4663313627243042,0.8912724852561951,0.4663313627243042,0.9999994039535522,0.0,0.0,0.0,0.0,0.0,0.0
1,1024,transformer.h.1.mlp.w1.weight,transformer.h.1.mlp.w1.weight,"[1024, 384]",distant_cross,0.0,0.0,,,0.8979375958442688,0.45386460423469543,1.0087181329727173,0.8979375958442688,0.45386460423469543,1.0087181329727173,0.8912724852561951,0.4663313627243042,0.8912724852561951,0.4663313627243042,0.9999994039535522,0.0,0.0,0.0,0.0,0.0,0.0
1,1024,transformer.h.1.mlp.w2.weight,transformer.h.1.mlp.w2.weight,"[1024, 384]",danger_diagonal,0.0,0.0,,,0.8960063457489014,0.45755118131637573,1.0063210725784302,0.8960063457489014,0.45755118131637573,1.0063210725784302,0.8890306353569031,0.4711170196533203,0.8890306353569031,0.4711170196533203,1.000000238418579,0.0,0.0,0.0,0.0,0.0,0.0
1,1024,transformer.h.1.mlp.w2.weight,transformer.h.1.mlp.w2.weight,"[1024, 384]",danger_cross,0.0,0.0,,,0.8960063457489014,0.45755118131637573,1.0063210725784302,0.8960063457489014,0.45755118131637573,1.0063210725784302,0.8890306353569031,0.4711170196533203,0.8890306353569031,0.4711170196533203,1.000000238418579,0.0,0.0,0.0,0.0,0.0,0.0
1,1024,transformer.h.1.mlp.w2.weight,transformer.h.1.mlp.w2.weight,"[1024, 384]",danger_full,0.0,0.0,,,0.8960063457489014,0.45755118131637573,1.0063210725784302,0.8960063457489014,0.45755118131637573,1.0063210725784302,0.8890306353569031,0.4711170196533203,0.8890306353569031,0.4711170196533203,1.000000238418579,0.0,0.0,0.0,0.0,0.0,0.0
1,1024,transformer.h.1.mlp.w2.weight,transformer.h.1.mlp.w2.weight,"[1024, 384]",internal_cross,0.0,0.0,,,0.8960063457489014,0.45755118131637573,1.0063210725784302,0.8960063457489014,0.45755118131637573,1.0063210725784302,0.8890306353569031,0.4711170196533203,0.8890306353569031,0.4711170196533203,1.000000238418579,0.0,0.0,0.0,0.0,0.0,0.0
1,1024,transformer.h.1.mlp.w2.weight,transformer.h.1.mlp.w2.weight,"[1024, 384]",outside_cross,0.0,0.0,,,0.8960063457489014,0.45755118131637573,1.0063210725784302,0.8960063457489014,0.45755118131637573,1.0063210725784302,0.8890306353569031,0.4711170196533203,0.8890306353569031,0.4711170196533203,1.000000238418579,0.0,0.0,0.0,0.0,0.0,0.0
1,1024,transformer.h.1.mlp.w2.weight,transformer.h.1.mlp.w2.weight,"[1024, 384]",local_cross,0.0,0.0,,,0.8960063457489014,0.45755118131637573,1.0063210725784302,0.8960063457489014,0.45755118131637573,1.0063210725784302,0.8890306353569031,0.4711170196533203,0.8890306353569031,0.4711170196533203,1.000000238418579,0.0,0.0,0.0,0.0,0.0,0.0
1,1024,transformer.h.1.mlp.w2.weight,transformer.h.1.mlp.w2.weight,"[1024, 384]",medium_cross,0.0,0.0,,,0.8960063457489014,0.45755118131637573,1.0063210725784302,0.8960063457489014,0.45755118131637573,1.0063210725784302,0.8890306353569031,0.4711170196533203,0.8890306353569031,0.4711170196533203,1.000000238418579,0.0,0.0,0.0,0.0,0.0,0.0
1,1024,transformer.h.1.mlp.w2.weight,transformer.h.1.mlp.w2.weight,"[1024, 384]",distant_cross,0.0,0.0,,,0.8960063457489014,0.45755118131637573,1.0063210725784302,0.8960063457489014,0.45755118131637573,1.0063210725784302,0.8890306353569031,0.4711170196533203,0.8890306353569031,0.4711170196533203,1.000000238418579,0.0,0.0,0.0,0.0,0.0,0.0
1,1024,transformer.h.1.mlp.c_proj.weight,transformer.h.1.mlp.c_proj.weight,"[384, 1024]",danger_diagonal,0.0,0.0,,,0.8740651607513428,0.5046965479850769,1.0108058452606201,0.8740651607513428,0.5046965479850769,1.0108058452606201,0.8662146925926208,0.5172836184501648,0.8662146925926208,0.5172836184501648,0.9999995231628418,0.0,0.0,0.0,0.0,0.0,0.0
1,1024,transformer.h.1.mlp.c_proj.weight,transformer.h.1.mlp.c_proj.weight,"[384, 1024]",danger_cross,0.0,0.0,,,0.8740651607513428,0.5046965479850769,1.0108058452606201,0.8740651607513428,0.5046965479850769,1.0108058452606201,0.8662146925926208,0.5172836184501648,0.8662146925926208,0.5172836184501648,0.9999995231628418,0.0,0.0,0.0,0.0,0.0,0.0
1,1024,transformer.h.1.mlp.c_proj.weight,transformer.h.1.mlp.c_proj.weight,"[384, 1024]",danger_full,0.0,0.0,,,0.8740651607513428,0.5046965479850769,1.0108058452606201,0.8740651607513428,0.5046965479850769,1.0108058452606201,0.8662146925926208,0.5172836184501648,0.8662146925926208,0.5172836184501648,0.9999995231628418,0.0,0.0,0.0,0.0,0.0,0.0
1,1024,transformer.h.1.mlp.c_proj.weight,transformer.h.1.mlp.c_proj.weight,"[384, 1024]",internal_cross,0.0,0.0,,,0.8740651607513428,0.5046965479850769,1.0108058452606201,0.8740651607513428,0.5046965479850769,1.0108058452606201,0.8662146925926208,0.5172836184501648,0.8662146925926208,0.5172836184501648,0.9999995231628418,0.0,0.0,0.0,0.0,0.0,0.0
1,1024,transformer.h.1.mlp.c_proj.weight,transformer.h.1.mlp.c_proj.weight,"[384, 1024]",outside_cross,0.0,0.0,,,0.8740651607513428,0.5046965479850769,1.0108058452606201,0.8740651607513428,0.5046965479850769,1.0108058452606201,0.8662146925926208,0.5172836184501648,0.8662146925926208,0.5172836184501648,0.9999995231628418,0.0,0.0,0.0,0.0,0.0,0.0
1,1024,transformer.h.1.mlp.c_proj.weight,transformer.h.1.mlp.c_proj.weight,"[384, 1024]",local_cross,0.0,0.0,,,0.8740651607513428,0.5046965479850769,1.0108058452606201,0.8740651607513428,0.5046965479850769,1.0108058452606201,0.8662146925926208,0.5172836184501648,0.8662146925926208,0.5172836184501648,0.9999995231628418,0.0,0.0,0.0,0.0,0.0,0.0
1,1024,transformer.h.1.mlp.c_proj.weight,transformer.h.1.mlp.c_proj.weight,"[384, 1024]",medium_cross,0.0,0.0,,,0.8740651607513428,0.5046965479850769,1.0108058452606201,0.8740651607513428,0.5046965479850769,1.0108058452606201,0.8662146925926208,0.5172836184501648,0.8662146925926208,0.5172836184501648,0.9999995231628418,0.0,0.0,0.0,0.0,0.0,0.0
1,1024,transformer.h.1.mlp.c_proj.weight,transformer.h.1.mlp.c_proj.weight,"[384, 1024]",distant_cross,0.0,0.0,,,0.8740651607513428,0.5046965479850769,1.0108058452606201,0.8740651607513428,0.5046965479850769,1.0108058452606201,0.8662146925926208,0.5172836184501648,0.8662146925926208,0.5172836184501648,0.9999995231628418,0.0,0.0,0.0,0.0,0.0,0.0
1,1024,transformer.h.2.attn.c_attn.weight,transformer.h.2.attn.c_attn.weight,"[1152, 384]",danger_diagonal,0.0031462202314287424,0.04122837426195457,,,0.5221036672592163,1.0316163301467896,1.1024669408798218,0.5297046303749084,1.0234016180038452,1.1023598909378052,0.5184178948402405,0.9814087152481079,0.5259482860565186,0.9737062454223633,0.9999998211860657,0.007600963115692139,0.008214712142944336,0.015905045916757402,0.007962952798329063,0.007530391216278076,0.007702469825744629
1,1024,transformer.h.2.attn.c_attn.weight,transformer.h.2.attn.c_attn.weight,"[1152, 384]",danger_cross,0.06853834539651871,0.8981331081262494,,,0.5221036672592163,1.0316163301467896,1.1024669408798218,0.6912314295768738,0.8463059663772583,1.1317181587219238,0.5184178948402405,0.9814087152481079,0.6693282127380371,0.8132320642471313,0.9999993443489075,0.16912776231765747,0.18531036376953125,0.3539005234622595,0.17963108798710398,0.15091031789779663,0.16817665100097656
1,1024,transformer.h.2.attn.c_attn.weight,transformer.h.2.attn.c_attn.weight,"[1152, 384]",danger_full,0.06861051917076111,0.899078880245645,,,0.5221036672592163,1.0316163301467896,1.1024669408798218,0.7001869082450867,0.8345907330513,1.132389783859253,0.5184178948402405,0.9814087152481079,0.678635835647583,0.8017034530639648,1.000000238418579,0.17808324098587036,0.1970255970954895,0.3726398986251788,0.19098728019112934,0.16021794080734253,0.17970526218414307
1,1024,transformer.h.2.attn.c_attn.weight,transformer.h.2.attn.c_attn.weight,"[1152, 384]",internal_cross,0.043333426117897034,0.567845407703742,,,0.5221036672592163,1.0316163301467896,1.1024669408798218,0.6105229258537292,0.9453821182250977,1.1267427206039429,0.5184178948402405,0.9814087152481079,0.588668942451477,0.9070082902908325,0.9999988079071045,0.08841925859451294,0.0862342119216919,0.18501765453486443,0.08359135988999085,0.07025104761123657,0.07440042495727539
1,1024,transformer.h.2.attn.c_attn.weight,transformer.h.2.attn.c_attn.weight,"[1152, 384]",outside_cross,0.053101107478141785,0.6958420491241087,,,0.5221036672592163,1.0316163301467896,1.1024669408798218,0.5381439328193665,1.017699956893921,1.108504295349121,0.5184178948402405,0.9814087152481079,0.5398868322372437,0.9592838883399963,0.9999994039535522,0.016040265560150146,0.013916373252868652,0.033564320253636606,0.013489872975245051,0.021468937397003174,0.022124826908111572
1,1024,transformer.h.2.attn.c_attn.weight,transformer.h.2.attn.c_attn.weight,"[1152, 384]",local_cross,0.044527318328619,0.5834902867240912,,,0.5221036672592163,1.0316163301467896,1.1024669408798218,0.5691066980361938,0.98904949426651,1.1187407970428467,0.5184178948402405,0.9814087152481079,0.5601921677589417,0.9378789663314819,0.9999995231628418,0.04700303077697754,0.04256683588027954,0.09835403110840046,0.04126227419667026,0.04177427291870117,0.04352974891662598
1,1024,transformer.h.2.attn.c_attn.weight,transformer.h.2.attn.c_attn.weight,"[1152, 384]",medium_cross,0.048169758170843124,0.6312211707676649,,,0.5221036672592163,1.0316163301467896,1.1024669408798218,0.530577540397644,1.0249420404434204,1.1067843437194824,0.5184178948402405,0.9814087152481079,0.5306673049926758,0.9688488841056824,0.9999992251396179,0.008473873138427734,0.006674289703369141,0.01773161365317289,0.006469740259365079,0.012249410152435303,0.012559831142425537
1,1024,transformer.h.2.attn.c_attn.weight,transformer.h.2.attn.c_attn.weight,"[1152, 384]",distant_cross,0.019862182438373566,0.26027596003876036,,,0.5221036672592163,1.0316163301467896,1.1024669408798218,0.5220824480056763,1.031623125076294,1.1024370193481445,0.5184178948402405,0.9814087152481079,0.5184099078178406,0.9814183115959167,0.9999998807907104,-2.1219253540039062e-05,-6.794929504394531e-06,-4.4401373449225907e-05,-6.586682767446765e-06,-7.987022399902344e-06,-9.59634780883789e-06
1,1024,transformer.h.2.attn.c_proj.weight,transformer.h.2.attn.c_proj.weight,"[384, 384]",danger_diagonal,0.004234434571117163,0.03190887877778641,,,0.5273166298866272,1.0101674795150757,1.0736690759658813,0.5335630774497986,1.0032621622085571,1.0732136964797974,0.4906522035598755,1.0093059539794922,0.49654877185821533,1.0034464597702026,1.000000238418579,0.006246447563171387,0.006905317306518555,0.013214866352656283,0.006835814304607596,0.005896568298339844,0.005859494209289551
1,1024,transformer.h.2.attn.c_proj.weight,transformer.h.2.attn.c_proj.weight,"[384, 384]",danger_cross,0.10947766155004501,0.8249765990254235,,,0.5273166298866272,1.0101674795150757,1.0736690759658813,0.8799756765365601,0.5196785926818848,1.0907361507415771,0.4906522035598755,1.0093059539794922,0.8202313184738159,0.5996165871620178,1.0000001192092896,0.35265904664993286,0.4904888868331909,0.7460788107805608,0.48555204634844007,0.32957911491394043,0.40968936681747437
1,1024,transformer.h.2.attn.c_proj.weight,transformer.h.2.attn.c_proj.weight,"[384, 384]",danger_full,0.10955952852964401,0.825593513393577,,,0.5273166298866272,1.0101674795150757,1.0736690759658813,0.8863781094551086,0.5099130868911743,1.1000945568084717,0.4906522035598755,1.0093059539794922,0.8202313780784607,0.599616527557373,1.0000001192092896,0.35906147956848145,0.5002543926239014,0.7596236768015782,0.49521926093289526,0.3295791745185852,0.40968942642211914
1,1024,transformer.h.2.attn.c_proj.weight,transformer.h.2.attn.c_proj.weight,"[384, 384]",internal_cross,0.05841096490621567,0.4401599238772136,,,0.5273166298866272,1.0101674795150757,1.0736690759658813,0.6482417583465576,0.8736967444419861,1.076682448387146,0.4906522035598755,1.0093059539794922,0.5826684236526489,0.9136006236076355,1.0,0.12092512845993042,0.1364707350730896,0.25582691523699386,0.13509713769305015,0.09201622009277344,0.09570533037185669
1,1024,transformer.h.2.attn.c_proj.weight,transformer.h.2.attn.c_proj.weight,"[384, 384]",outside_cross,0.09259334206581116,0.6977436250310478,,,0.5273166298866272,1.0101674795150757,1.0736690759658813,0.584739089012146,0.9481312036514282,1.075524091720581,0.4906522035598755,1.0093059539794922,0.5489157438278198,0.9498264193534851,1.000000238418579,0.0574224591255188,0.06203627586364746,0.12148186874386137,0.06141187191397962,0.058263540267944336,0.05947953462600708
1,1024,transformer.h.2.attn.c_proj.weight,transformer.h.2.attn.c_proj.weight,"[384, 384]",local_cross,0.06274668127298355,0.4728320187315594,,,0.5273166298866272,1.0101674795150757,1.0736690759658813,0.6142654418945312,0.9133248925209045,1.0741361379623413,0.4906522035598755,1.0093059539794922,0.5605531930923462,0.9374945759773254,1.0000001192092896,0.08694881200790405,0.09684258699417114,0.18394726259789812,0.09586785256704146,0.0699009895324707,0.07181137800216675
1,1024,transformer.h.2.attn.c_proj.weight,transformer.h.2.attn.c_proj.weight,"[384, 384]",medium_cross,0.08232766389846802,0.620385887011471,,,0.5273166298866272,1.0101674795150757,1.0736690759658813,0.5781827569007874,0.9553624391555786,1.0751827955245972,0.4906522035598755,1.0093059539794922,0.537527859210968,0.9617407917976379,1.0000008344650269,0.050866127014160156,0.05480504035949707,0.10761141650056347,0.05425341982480556,0.04687565565109253,0.04756516218185425
1,1024,transformer.h.2.attn.c_proj.weight,transformer.h.2.attn.c_proj.weight,"[384, 384]",distant_cross,0.035642437636852264,0.26858608931087496,,,0.5273166298866272,1.0101674795150757,1.0736690759658813,0.5302355289459229,1.0072165727615356,1.073957085609436,0.4906522035598755,1.0093059539794922,0.4915236532688141,1.008441686630249,0.9999994039535522,0.0029188990592956543,0.002950906753540039,0.006175167657359214,0.002921205456897704,0.0008714497089385986,0.0008642673492431641
1,1024,transformer.h.2.mlp.w1.weight,transformer.h.2.mlp.w1.weight,"[1024, 384]",danger_diagonal,0.0,0.0,,,0.8933420777320862,0.4628888666629791,1.0043197870254517,0.8933420777320862,0.4628888666629791,1.0043197870254517,0.8863788843154907,0.47670888900756836,0.8863788843154907,0.47670888900756836,1.0000005960464478,0.0,0.0,0.0,0.0,0.0,0.0
1,1024,transformer.h.2.mlp.w1.weight,transformer.h.2.mlp.w1.weight,"[1024, 384]",danger_cross,0.0,0.0,,,0.8933420777320862,0.4628888666629791,1.0043197870254517,0.8933420777320862,0.4628888666629791,1.0043197870254517,0.8863788843154907,0.47670888900756836,0.8863788843154907,0.47670888900756836,1.0000005960464478,0.0,0.0,0.0,0.0,0.0,0.0
1,1024,transformer.h.2.mlp.w1.weight,transformer.h.2.mlp.w1.weight,"[1024, 384]",danger_full,0.0,0.0,,,0.8933420777320862,0.4628888666629791,1.0043197870254517,0.8933420777320862,0.4628888666629791,1.0043197870254517,0.8863788843154907,0.47670888900756836,0.8863788843154907,0.47670888900756836,1.0000005960464478,0.0,0.0,0.0,0.0,0.0,0.0
1,1024,transformer.h.2.mlp.w1.weight,transformer.h.2.mlp.w1.weight,"[1024, 384]",internal_cross,0.0,0.0,,,0.8933420777320862,0.4628888666629791,1.0043197870254517,0.8933420777320862,0.4628888666629791,1.0043197870254517,0.8863788843154907,0.47670888900756836,0.8863788843154907,0.47670888900756836,1.0000005960464478,0.0,0.0,0.0,0.0,0.0,0.0
1,1024,transformer.h.2.mlp.w1.weight,transformer.h.2.mlp.w1.weight,"[1024, 384]",outside_cross,0.0,0.0,,,0.8933420777320862,0.4628888666629791,1.0043197870254517,0.8933420777320862,0.4628888666629791,1.0043197870254517,0.8863788843154907,0.47670888900756836,0.8863788843154907,0.47670888900756836,1.0000005960464478,0.0,0.0,0.0,0.0,0.0,0.0
1,1024,transformer.h.2.mlp.w1.weight,transformer.h.2.mlp.w1.weight,"[1024, 384]",local_cross,0.0,0.0,,,0.8933420777320862,0.4628888666629791,1.0043197870254517,0.8933420777320862,0.4628888666629791,1.0043197870254517,0.8863788843154907,0.47670888900756836,0.8863788843154907,0.47670888900756836,1.0000005960464478,0.0,0.0,0.0,0.0,0.0,0.0
1,1024,transformer.h.2.mlp.w1.weight,transformer.h.2.mlp.w1.weight,"[1024, 384]",medium_cross,0.0,0.0,,,0.8933420777320862,0.4628888666629791,1.0043197870254517,0.8933420777320862,0.4628888666629791,1.0043197870254517,0.8863788843154907,0.47670888900756836,0.8863788843154907,0.47670888900756836,1.0000005960464478,0.0,0.0,0.0,0.0,0.0,0.0
1,1024,transformer.h.2.mlp.w1.weight,transformer.h.2.mlp.w1.weight,"[1024, 384]",distant_cross,0.0,0.0,,,0.8933420777320862,0.4628888666629791,1.0043197870254517,0.8933420777320862,0.4628888666629791,1.0043197870254517,0.8863788843154907,0.47670888900756836,0.8863788843154907,0.47670888900756836,1.0000005960464478,0.0,0.0,0.0,0.0,0.0,0.0
1,1024,transformer.h.2.mlp.w2.weight,transformer.h.2.mlp.w2.weight,"[1024, 384]",danger_diagonal,0.0,0.0,,,0.8856452703475952,0.4788910746574402,1.0026625394821167,0.8856452703475952,0.4788910746574402,1.0026625394821167,0.8798242807388306,0.49026861786842346,0.8798242807388306,0.49026861786842346,1.0000008344650269,0.0,0.0,0.0,0.0,0.0,0.0
1,1024,transformer.h.2.mlp.w2.weight,transformer.h.2.mlp.w2.weight,"[1024, 384]",danger_cross,0.0,0.0,,,0.8856452703475952,0.4788910746574402,1.0026625394821167,0.8856452703475952,0.4788910746574402,1.0026625394821167,0.8798242807388306,0.49026861786842346,0.8798242807388306,0.49026861786842346,1.0000008344650269,0.0,0.0,0.0,0.0,0.0,0.0
1,1024,transformer.h.2.mlp.w2.weight,transformer.h.2.mlp.w2.weight,"[1024, 384]",danger_full,0.0,0.0,,,0.8856452703475952,0.4788910746574402,1.0026625394821167,0.8856452703475952,0.4788910746574402,1.0026625394821167,0.8798242807388306,0.49026861786842346,0.8798242807388306,0.49026861786842346,1.0000008344650269,0.0,0.0,0.0,0.0,0.0,0.0
1,1024,transformer.h.2.mlp.w2.weight,transformer.h.2.mlp.w2.weight,"[1024, 384]",internal_cross,0.0,0.0,,,0.8856452703475952,0.4788910746574402,1.0026625394821167,0.8856452703475952,0.4788910746574402,1.0026625394821167,0.8798242807388306,0.49026861786842346,0.8798242807388306,0.49026861786842346,1.0000008344650269,0.0,0.0,0.0,0.0,0.0,0.0
1,1024,transformer.h.2.mlp.w2.weight,transformer.h.2.mlp.w2.weight,"[1024, 384]",outside_cross,0.0,0.0,,,0.8856452703475952,0.4788910746574402,1.0026625394821167,0.8856452703475952,0.4788910746574402,1.0026625394821167,0.8798242807388306,0.49026861786842346,0.8798242807388306,0.49026861786842346,1.0000008344650269,0.0,0.0,0.0,0.0,0.0,0.0
1,1024,transformer.h.2.mlp.w2.weight,transformer.h.2.mlp.w2.weight,"[1024, 384]",local_cross,0.0,0.0,,,0.8856452703475952,0.4788910746574402,1.0026625394821167,0.8856452703475952,0.4788910746574402,1.0026625394821167,0.8798242807388306,0.49026861786842346,0.8798242807388306,0.49026861786842346,1.0000008344650269,0.0,0.0,0.0,0.0,0.0,0.0
1,1024,transformer.h.2.mlp.w2.weight,transformer.h.2.mlp.w2.weight,"[1024, 384]",medium_cross,0.0,0.0,,,0.8856452703475952,0.4788910746574402,1.0026625394821167,0.8856452703475952,0.4788910746574402,1.0026625394821167,0.8798242807388306,0.49026861786842346,0.8798242807388306,0.49026861786842346,1.0000008344650269,0.0,0.0,0.0,0.0,0.0,0.0
1,1024,transformer.h.2.mlp.w2.weight,transformer.h.2.mlp.w2.weight,"[1024, 384]",distant_cross,0.0,0.0,,,0.8856452703475952,0.4788910746574402,1.0026625394821167,0.8856452703475952,0.4788910746574402,1.0026625394821167,0.8798242807388306,0.49026861786842346,0.8798242807388306,0.49026861786842346,1.0000008344650269,0.0,0.0,0.0,0.0,0.0,0.0
1,1024,transformer.h.2.mlp.c_proj.weight,transformer.h.2.mlp.c_proj.weight,"[384, 1024]",danger_diagonal,0.0,0.0,,,0.9010158181190491,0.44764113426208496,1.0114829540252686,0.9010158181190491,0.44764113426208496,1.0114829540252686,0.8954508304595947,0.4572812020778656,0.8954508304595947,0.4572812020778656,0.9999991059303284,0.0,0.0,0.0,0.0,0.0,0.0
1,1024,transformer.h.2.mlp.c_proj.weight,transformer.h.2.mlp.c_proj.weight,"[384, 1024]",danger_cross,0.0,0.0,,,0.9010158181190491,0.44764113426208496,1.0114829540252686,0.9010158181190491,0.44764113426208496,1.0114829540252686,0.8954508304595947,0.4572812020778656,0.8954508304595947,0.4572812020778656,0.9999991059303284,0.0,0.0,0.0,0.0,0.0,0.0
1,1024,transformer.h.2.mlp.c_proj.weight,transformer.h.2.mlp.c_proj.weight,"[384, 1024]",danger_full,0.0,0.0,,,0.9010158181190491,0.44764113426208496,1.0114829540252686,0.9010158181190491,0.44764113426208496,1.0114829540252686,0.8954508304595947,0.4572812020778656,0.8954508304595947,0.4572812020778656,0.9999991059303284,0.0,0.0,0.0,0.0,0.0,0.0
1,1024,transformer.h.2.mlp.c_proj.weight,transformer.h.2.mlp.c_proj.weight,"[384, 1024]",internal_cross,0.0,0.0,,,0.9010158181190491,0.44764113426208496,1.0114829540252686,0.9010158181190491,0.44764113426208496,1.0114829540252686,0.8954508304595947,0.4572812020778656,0.8954508304595947,0.4572812020778656,0.9999991059303284,0.0,0.0,0.0,0.0,0.0,0.0
1,1024,transformer.h.2.mlp.c_proj.weight,transformer.h.2.mlp.c_proj.weight,"[384, 1024]",outside_cross,0.0,0.0,,,0.9010158181190491,0.44764113426208496,1.0114829540252686,0.9010158181190491,0.44764113426208496,1.0114829540252686,0.8954508304595947,0.4572812020778656,0.8954508304595947,0.4572812020778656,0.9999991059303284,0.0,0.0,0.0,0.0,0.0,0.0
1,1024,transformer.h.2.mlp.c_proj.weight,transformer.h.2.mlp.c_proj.weight,"[384, 1024]",local_cross,0.0,0.0,,,0.9010158181190491,0.44764113426208496,1.0114829540252686,0.9010158181190491,0.44764113426208496,1.0114829540252686,0.8954508304595947,0.4572812020778656,0.8954508304595947,0.4572812020778656,0.9999991059303284,0.0,0.0,0.0,0.0,0.0,0.0
1,1024,transformer.h.2.mlp.c_proj.weight,transformer.h.2.mlp.c_proj.weight,"[384, 1024]",medium_cross,0.0,0.0,,,0.9010158181190491,0.44764113426208496,1.0114829540252686,0.9010158181190491,0.44764113426208496,1.0114829540252686,0.8954508304595947,0.4572812020778656,0.8954508304595947,0.4572812020778656,0.9999991059303284,0.0,0.0,0.0,0.0,0.0,0.0
1,1024,transformer.h.2.mlp.c_proj.weight,transformer.h.2.mlp.c_proj.weight,"[384, 1024]",distant_cross,0.0,0.0,,,0.9010158181190491,0.44764113426208496,1.0114829540252686,0.9010158181190491,0.44764113426208496,1.0114829540252686,0.8954508304595947,0.4572812020778656,0.8954508304595947,0.4572812020778656,0.9999991059303284,0.0,0.0,0.0,0.0,0.0,0.0
1,1024,transformer.h.3.attn.c_attn.weight,transformer.h.3.attn.c_attn.weight,"[1152, 384]",danger_diagonal,0.0012675703037530184,0.03658689301827061,,,0.519450843334198,1.0139940977096558,1.0653549432754517,0.5255491733551025,1.0079479217529297,1.0660672187805176,0.5170018076896667,0.9828523397445679,0.5241751670837402,0.975525438785553,1.0000003576278687,0.006098330020904541,0.006046175956726074,0.012690335497031422,0.00596273289004619,0.007173359394073486,0.007326900959014893
1,1024,transformer.h.3.attn.c_attn.weight,transformer.h.3.attn.c_attn.weight,"[1152, 384]",danger_cross,0.030468367040157318,0.8794327873090042,,,0.519450843334198,1.0139940977096558,1.0653549432754517,0.6986991763114929,0.8207036256790161,1.1008598804473877,0.5170018076896667,0.9828523397445679,0.6805374026298523,0.7993294596672058,0.9999990463256836,0.17924833297729492,0.19329047203063965,0.37300727821681146,0.19062287686608004,0.16353559494018555,0.18352288007736206
1,1024,transformer.h.3.attn.c_attn.weight,transformer.h.3.attn.c_attn.weight,"[1152, 384]",danger_full,0.030494723469018936,0.8801935339439234,,,0.519450843334198,1.0139940977096558,1.0653549432754517,0.70816570520401,0.8091602325439453,1.1034334897994995,0.5170018076896667,0.9828523397445679,0.6916486024856567,0.7853059768676758,0.9999995827674866,0.188714861869812,0.20483386516571045,0.3927066757939475,0.20200696002903362,0.17464679479599,0.1975463628768921
1,1024,transformer.h.3.attn.c_attn.weight,transformer.h.3.attn.c_attn.weight,"[1152, 384]",internal_cross,0.018180619925260544,0.5247617384549843,,,0.519450843334198,1.0139940977096558,1.0653549432754517,0.6034409999847412,0.9379578232765198,1.0973060131072998,0.5170018076896667,0.9828523397445679,0.5874019861221313,0.9084039926528931,0.9999994039535522,0.08399015665054321,0.07603627443313599,0.17477953188658737,0.07498690042169062,0.0704001784324646,0.0744483470916748
1,1024,transformer.h.3.attn.c_attn.weight,transformer.h.3.attn.c_attn.weight,"[1152, 384]",outside_cross,0.02444968745112419,0.7057108362793673,,,0.519450843334198,1.0139940977096558,1.0653549432754517,0.5532633066177368,0.9789045453071594,1.0674158334732056,0.5170018076896667,0.9828523397445679,0.5566927790641785,0.9416018724441528,1.000000238418579,0.03381246328353882,0.03508955240249634,0.0703621321867259,0.034605282695189594,0.03969097137451172,0.04125046730041504
1,1024,transformer.h.3.attn.c_attn.weight,transformer.h.3.attn.c_attn.weight,"[1152, 384]",local_cross,0.018593857064843178,0.536689331719296,,,0.519450843334198,1.0139940977096558,1.0653549432754517,0.5764370560646057,0.9654915928840637,1.090686559677124,0.5170018076896667,0.9828523397445679,0.5701388716697693,0.9272125363349915,0.9999998807907104,0.056986212730407715,0.04850250482559204,0.11858560553054677,0.04783312342265735,0.05313706398010254,0.055639803409576416
1,1024,transformer.h.3.attn.c_attn.weight,transformer.h.3.attn.c_attn.weight,"[1152, 384]",medium_cross,0.021897803992033005,0.6320537879591066,,,0.519450843334198,1.0139940977096558,1.0653549432754517,0.5437265634536743,0.9927822947502136,1.074060320854187,0.5170018076896667,0.9828523397445679,0.5468195676803589,0.9520298838615417,1.000000238418579,0.02427572011947632,0.02121180295944214,0.05051662204114297,0.020919059595469032,0.02981775999069214,0.030822455883026123
1,1024,transformer.h.3.attn.c_attn.weight,transformer.h.3.attn.c_attn.weight,"[1152, 384]",distant_cross,0.010152716189622879,0.29304594780643684,,,0.519450843334198,1.0139940977096558,1.0653549432754517,0.5200678706169128,1.0134305953979492,1.065515160560608,0.5170018076896667,0.9828523397445679,0.5175496935844421,0.9822947382926941,1.0000001192092896,0.0006170272827148438,0.000563502311706543,0.0012840045064192163,0.0005557254356601735,0.0005478858947753906,0.0005576014518737793
1,1024,transformer.h.3.attn.c_proj.weight,transformer.h.3.attn.c_proj.weight,"[384, 384]",danger_diagonal,0.0030640370678156614,0.03396364314513465,,,0.5248185396194458,1.0179582834243774,1.0830955505371094,0.5263200402259827,1.016471266746521,1.0832985639572144,0.48378103971481323,1.0154284238815308,0.4847959578037262,1.0150903463363647,0.9999995231628418,0.0015015006065368652,0.0014870166778564453,0.003159846777974823,0.0014607835134993659,0.0010149180889129639,0.0003380775451660156
1,1024,transformer.h.3.attn.c_proj.weight,transformer.h.3.attn.c_proj.weight,"[384, 384]",danger_cross,0.07403929531574249,0.8206964045032903,,,0.5248185396194458,1.0179582834243774,1.0830955505371094,0.874606728553772,0.5386638641357422,1.1093238592147827,0.48378103971481323,1.0154284238815308,0.801360011100769,0.6303030848503113,0.9999997019767761,0.34978818893432617,0.47929441928863525,0.7361149752227171,0.4708389598012847,0.3175789713859558,0.3851253390312195
1,1024,transformer.h.3.attn.c_proj.weight,transformer.h.3.attn.c_proj.weight,"[384, 384]",danger_full,0.07410268485546112,0.821399052564814,,,0.5248185396194458,1.0179582834243774,1.0830955505371094,0.880124032497406,0.5260981321334839,1.1068239212036133,0.48378103971481323,1.0154284238815308,0.8117766380310059,0.6135537624359131,0.9999995827674866,0.3553054928779602,0.49186015129089355,0.7477259163129175,0.48318301378352413,0.3279955983161926,0.4018746614456177
1,1024,transformer.h.3.attn.c_proj.weight,transformer.h.3.attn.c_proj.weight,"[384, 384]",internal_cross,0.03871126100420952,0.4290990694125109,,,0.5248185396194458,1.0179582834243774,1.0830955505371094,0.6416301131248474,0.8881499767303467,1.0893990993499756,0.48378103971481323,1.0154284238815308,0.5712762475013733,0.9259854555130005,0.999998927116394,0.11681157350540161,0.12980830669403076,0.2458251915212597,0.12751829697515696,0.08749520778656006,0.08944296836853027
1,1024,transformer.h.3.attn.c_proj.weight,transformer.h.3.attn.c_proj.weight,"[384, 384]",outside_cross,0.06311307102441788,0.6995835150241814,,,0.5248185396194458,1.0179582834243774,1.0830955505371094,0.5849362015724182,0.9539652466773987,1.0871297121047974,0.48378103971481323,1.0154284238815308,0.5437392592430115,0.9552602171897888,0.9999998211860657,0.06011766195297241,0.06399303674697876,0.1265151672896214,0.06286410532630898,0.05995821952819824,0.06016820669174194
1,1024,transformer.h.3.attn.c_proj.weight,transformer.h.3.attn.c_proj.weight,"[384, 384]",local_cross,0.04214179515838623,0.467125188297788,,,0.5248185396194458,1.0179582834243774,1.0830955505371094,0.6104191541671753,0.9234374761581421,1.0851255655288696,0.48378103971481323,1.0154284238815308,0.5503951907157898,0.9482665657997131,1.0,0.08560061454772949,0.09452080726623535,0.18014300153708715,0.09285332101063172,0.06661415100097656,0.06716185808181763
1,1024,transformer.h.3.attn.c_proj.weight,transformer.h.3.attn.c_proj.weight,"[384, 384]",medium_cross,0.0553840808570385,0.6139107055551151,,,0.5248185396194458,1.0179582834243774,1.0830955505371094,0.577562689781189,0.9628545045852661,1.0881167650222778,0.48378103971481323,1.0154284238815308,0.5335893034934998,0.9658272862434387,0.9999991059303284,0.052744150161743164,0.05510377883911133,0.11099791250168398,0.05413166702052276,0.04980826377868652,0.04960113763809204
1,1024,transformer.h.3.attn.c_proj.weight,transformer.h.3.attn.c_proj.weight,"[384, 384]",distant_cross,0.025268470868468285,0.2800910395028938,,,0.5248185396194458,1.0179582834243774,1.0830955505371094,0.5287096500396729,1.013980746269226,1.083406686782837,0.48378103971481323,1.0154284238815308,0.4872919023036957,1.012628436088562,0.9999990463256836,0.0038911104202270508,0.003977537155151367,0.008188683155085245,0.003907367541399699,0.0035108625888824463,0.00279998779296875
1,1024,transformer.h.3.mlp.w1.weight,transformer.h.3.mlp.w1.weight,"[1024, 384]",danger_diagonal,0.0,0.0,,,0.8811541795730591,0.48760175704956055,1.0002087354660034,0.8811541795730591,0.48760175704956055,1.0002087354660034,0.8758424520492554,0.49832457304000854,0.8758424520492554,0.49832457304000854,0.9999995827674866,0.0,0.0,0.0,0.0,0.0,0.0
1,1024,transformer.h.3.mlp.w1.weight,transformer.h.3.mlp.w1.weight,"[1024, 384]",danger_cross,0.0,0.0,,,0.8811541795730591,0.48760175704956055,1.0002087354660034,0.8811541795730591,0.48760175704956055,1.0002087354660034,0.8758424520492554,0.49832457304000854,0.8758424520492554,0.49832457304000854,0.9999995827674866,0.0,0.0,0.0,0.0,0.0,0.0
1,1024,transformer.h.3.mlp.w1.weight,transformer.h.3.mlp.w1.weight,"[1024, 384]",danger_full,0.0,0.0,,,0.8811541795730591,0.48760175704956055,1.0002087354660034,0.8811541795730591,0.48760175704956055,1.0002087354660034,0.8758424520492554,0.49832457304000854,0.8758424520492554,0.49832457304000854,0.9999995827674866,0.0,0.0,0.0,0.0,0.0,0.0
1,1024,transformer.h.3.mlp.w1.weight,transformer.h.3.mlp.w1.weight,"[1024, 384]",internal_cross,0.0,0.0,,,0.8811541795730591,0.48760175704956055,1.0002087354660034,0.8811541795730591,0.48760175704956055,1.0002087354660034,0.8758424520492554,0.49832457304000854,0.8758424520492554,0.49832457304000854,0.9999995827674866,0.0,0.0,0.0,0.0,0.0,0.0
1,1024,transformer.h.3.mlp.w1.weight,transformer.h.3.mlp.w1.weight,"[1024, 384]",outside_cross,0.0,0.0,,,0.8811541795730591,0.48760175704956055,1.0002087354660034,0.8811541795730591,0.48760175704956055,1.0002087354660034,0.8758424520492554,0.49832457304000854,0.8758424520492554,0.49832457304000854,0.9999995827674866,0.0,0.0,0.0,0.0,0.0,0.0
1,1024,transformer.h.3.mlp.w1.weight,transformer.h.3.mlp.w1.weight,"[1024, 384]",local_cross,0.0,0.0,,,0.8811541795730591,0.48760175704956055,1.0002087354660034,0.8811541795730591,0.48760175704956055,1.0002087354660034,0.8758424520492554,0.49832457304000854,0.8758424520492554,0.49832457304000854,0.9999995827674866,0.0,0.0,0.0,0.0,0.0,0.0
1,1024,transformer.h.3.mlp.w1.weight,transformer.h.3.mlp.w1.weight,"[1024, 384]",medium_cross,0.0,0.0,,,0.8811541795730591,0.48760175704956055,1.0002087354660034,0.8811541795730591,0.48760175704956055,1.0002087354660034,0.8758424520492554,0.49832457304000854,0.8758424520492554,0.49832457304000854,0.9999995827674866,0.0,0.0,0.0,0.0,0.0,0.0
1,1024,transformer.h.3.mlp.w1.weight,transformer.h.3.mlp.w1.weight,"[1024, 384]",distant_cross,0.0,0.0,,,0.8811541795730591,0.48760175704956055,1.0002087354660034,0.8811541795730591,0.48760175704956055,1.0002087354660034,0.8758424520492554,0.49832457304000854,0.8758424520492554,0.49832457304000854,0.9999995827674866,0.0,0.0,0.0,0.0,0.0,0.0
1,1024,transformer.h.3.mlp.w2.weight,transformer.h.3.mlp.w2.weight,"[1024, 384]",danger_diagonal,0.0,0.0,,,0.87767094373703,0.4941849410533905,0.9981502294540405,0.87767094373703,0.4941849410533905,0.9981502294540405,0.8729524612426758,0.5040900111198425,0.8729524612426758,0.5040900111198425,0.9999995231628418,0.0,0.0,0.0,0.0,0.0,0.0
1,1024,transformer.h.3.mlp.w2.weight,transformer.h.3.mlp.w2.weight,"[1024, 384]",danger_cross,0.0,0.0,,,0.87767094373703,0.4941849410533905,0.9981502294540405,0.87767094373703,0.4941849410533905,0.9981502294540405,0.8729524612426758,0.5040900111198425,0.8729524612426758,0.5040900111198425,0.9999995231628418,0.0,0.0,0.0,0.0,0.0,0.0
1,1024,transformer.h.3.mlp.w2.weight,transformer.h.3.mlp.w2.weight,"[1024, 384]",danger_full,0.0,0.0,,,0.87767094373703,0.4941849410533905,0.9981502294540405,0.87767094373703,0.4941849410533905,0.9981502294540405,0.8729524612426758,0.5040900111198425,0.8729524612426758,0.5040900111198425,0.9999995231628418,0.0,0.0,0.0,0.0,0.0,0.0
1,1024,transformer.h.3.mlp.w2.weight,transformer.h.3.mlp.w2.weight,"[1024, 384]",internal_cross,0.0,0.0,,,0.87767094373703,0.4941849410533905,0.9981502294540405,0.87767094373703,0.4941849410533905,0.9981502294540405,0.8729524612426758,0.5040900111198425,0.8729524612426758,0.5040900111198425,0.9999995231628418,0.0,0.0,0.0,0.0,0.0,0.0
1,1024,transformer.h.3.mlp.w2.weight,transformer.h.3.mlp.w2.weight,"[1024, 384]",outside_cross,0.0,0.0,,,0.87767094373703,0.4941849410533905,0.9981502294540405,0.87767094373703,0.4941849410533905,0.9981502294540405,0.8729524612426758,0.5040900111198425,0.8729524612426758,0.5040900111198425,0.9999995231628418,0.0,0.0,0.0,0.0,0.0,0.0
1,1024,transformer.h.3.mlp.w2.weight,transformer.h.3.mlp.w2.weight,"[1024, 384]",local_cross,0.0,0.0,,,0.87767094373703,0.4941849410533905,0.9981502294540405,0.87767094373703,0.4941849410533905,0.9981502294540405,0.8729524612426758,0.5040900111198425,0.8729524612426758,0.5040900111198425,0.9999995231628418,0.0,0.0,0.0,0.0,0.0,0.0
1,1024,transformer.h.3.mlp.w2.weight,transformer.h.3.mlp.w2.weight,"[1024, 384]",medium_cross,0.0,0.0,,,0.87767094373703,0.4941849410533905,0.9981502294540405,0.87767094373703,0.4941849410533905,0.9981502294540405,0.8729524612426758,0.5040900111198425,0.8729524612426758,0.5040900111198425,0.9999995231628418,0.0,0.0,0.0,0.0,0.0,0.0
1,1024,transformer.h.3.mlp.w2.weight,transformer.h.3.mlp.w2.weight,"[1024, 384]",distant_cross,0.0,0.0,,,0.87767094373703,0.4941849410533905,0.9981502294540405,0.87767094373703,0.4941849410533905,0.9981502294540405,0.8729524612426758,0.5040900111198425,0.8729524612426758,0.5040900111198425,0.9999995231628418,0.0,0.0,0.0,0.0,0.0,0.0
1,1024,transformer.h.3.mlp.c_proj.weight,transformer.h.3.mlp.c_proj.weight,"[384, 1024]",danger_diagonal,0.0,0.0,,,0.889240562915802,0.47377702593803406,1.0125377178192139,0.889240562915802,0.47377702593803406,1.0125377178192139,0.8836503028869629,0.4824012815952301,0.8836503028869629,0.4824012815952301,1.0000011920928955,0.0,0.0,0.0,0.0,0.0,0.0
1,1024,transformer.h.3.mlp.c_proj.weight,transformer.h.3.mlp.c_proj.weight,"[384, 1024]",danger_cross,0.0,0.0,,,0.889240562915802,0.47377702593803406,1.0125377178192139,0.889240562915802,0.47377702593803406,1.0125377178192139,0.8836503028869629,0.4824012815952301,0.8836503028869629,0.4824012815952301,1.0000011920928955,0.0,0.0,0.0,0.0,0.0,0.0
1,1024,transformer.h.3.mlp.c_proj.weight,transformer.h.3.mlp.c_proj.weight,"[384, 1024]",danger_full,0.0,0.0,,,0.889240562915802,0.47377702593803406,1.0125377178192139,0.889240562915802,0.47377702593803406,1.0125377178192139,0.8836503028869629,0.4824012815952301,0.8836503028869629,0.4824012815952301,1.0000011920928955,0.0,0.0,0.0,0.0,0.0,0.0
1,1024,transformer.h.3.mlp.c_proj.weight,transformer.h.3.mlp.c_proj.weight,"[384, 1024]",internal_cross,0.0,0.0,,,0.889240562915802,0.47377702593803406,1.0125377178192139,0.889240562915802,0.47377702593803406,1.0125377178192139,0.8836503028869629,0.4824012815952301,0.8836503028869629,0.4824012815952301,1.0000011920928955,0.0,0.0,0.0,0.0,0.0,0.0
1,1024,transformer.h.3.mlp.c_proj.weight,transformer.h.3.mlp.c_proj.weight,"[384, 1024]",outside_cross,0.0,0.0,,,0.889240562915802,0.47377702593803406,1.0125377178192139,0.889240562915802,0.47377702593803406,1.0125377178192139,0.8836503028869629,0.4824012815952301,0.8836503028869629,0.4824012815952301,1.0000011920928955,0.0,0.0,0.0,0.0,0.0,0.0
1,1024,transformer.h.3.mlp.c_proj.weight,transformer.h.3.mlp.c_proj.weight,"[384, 1024]",local_cross,0.0,0.0,,,0.889240562915802,0.47377702593803406,1.0125377178192139,0.889240562915802,0.47377702593803406,1.0125377178192139,0.8836503028869629,0.4824012815952301,0.8836503028869629,0.4824012815952301,1.0000011920928955,0.0,0.0,0.0,0.0,0.0,0.0
1,1024,transformer.h.3.mlp.c_proj.weight,transformer.h.3.mlp.c_proj.weight,"[384, 1024]",medium_cross,0.0,0.0,,,0.889240562915802,0.47377702593803406,1.0125377178192139,0.889240562915802,0.47377702593803406,1.0125377178192139,0.8836503028869629,0.4824012815952301,0.8836503028869629,0.4824012815952301,1.0000011920928955,0.0,0.0,0.0,0.0,0.0,0.0
1,1024,transformer.h.3.mlp.c_proj.weight,transformer.h.3.mlp.c_proj.weight,"[384, 1024]",distant_cross,0.0,0.0,,,0.889240562915802,0.47377702593803406,1.0125377178192139,0.889240562915802,0.47377702593803406,1.0125377178192139,0.8836503028869629,0.4824012815952301,0.8836503028869629,0.4824012815952301,1.0000011920928955,0.0,0.0,0.0,0.0,0.0,0.0
1,1024,transformer.h.4.attn.c_attn.weight,transformer.h.4.attn.c_attn.weight,"[1152, 384]",danger_diagonal,0.0016692638164386153,0.033965451592194995,,,0.5343731045722961,0.9951981902122498,1.0597035884857178,0.5403807759284973,0.9887793064117432,1.0596996545791626,0.544085681438446,0.9548994302749634,0.549339234828949,0.9493814706802368,0.9999998807907104,0.006007671356201172,0.006418883800506592,0.012902328914404302,0.0064498547763010014,0.00525355339050293,0.0055179595947265625
1,1024,transformer.h.4.attn.c_attn.weight,transformer.h.4.attn.c_attn.weight,"[1152, 384]",danger_cross,0.04187413305044174,0.8520365834828563,,,0.5343731045722961,0.9951981902122498,1.0597035884857178,0.7248092293739319,0.7794874906539917,1.0894231796264648,0.544085681438446,0.9548994302749634,0.7156120538711548,0.7541753053665161,0.9999995231628418,0.19043612480163574,0.21571069955825806,0.40898867026723124,0.21675149902779928,0.17152637243270874,0.20072412490844727
1,1024,transformer.h.4.attn.c_attn.weight,transformer.h.4.attn.c_attn.weight,"[1152, 384]",danger_full,0.04190738871693611,0.8527132552703576,,,0.5343731045722961,0.9951981902122498,1.0597035884857178,0.7328178286552429,0.7688595652580261,1.090815544128418,0.544085681438446,0.9548994302749634,0.7225379347801208,0.7449352145195007,1.0000004768371582,0.19844472408294678,0.22633862495422363,0.4261882765613537,0.2274307039344108,0.1784522533416748,0.20996421575546265
1,1024,transformer.h.4.attn.c_attn.weight,transformer.h.4.attn.c_attn.weight,"[1152, 384]",internal_cross,0.02344069629907608,0.4769610576788604,,,0.5343731045722961,0.9951981902122498,1.0597035884857178,0.6261408925056458,0.9058408141136169,1.0872199535369873,0.544085681438446,0.9548994302749634,0.6191098093986511,0.8728023171424866,1.000000238418579,0.09176778793334961,0.08935737609863281,0.19708437986395924,0.08978852350964908,0.07502412796020508,0.0820971131324768
1,1024,transformer.h.4.attn.c_attn.weight,transformer.h.4.attn.c_attn.weight,"[1152, 384]",outside_cross,0.034698352217674255,0.7060269269436273,,,0.5343731045722961,0.9951981902122498,1.0597035884857178,0.570608913898468,0.9549075961112976,1.057884931564331,0.544085681438446,0.9548994302749634,0.5850773453712463,0.9109612703323364,0.9999995827674866,0.036235809326171875,0.04029059410095215,0.07782155558880957,0.040484995347870575,0.04099166393280029,0.04393815994262695
1,1024,transformer.h.4.attn.c_attn.weight,transformer.h.4.attn.c_attn.weight,"[1152, 384]",local_cross,0.024812795221805573,0.5048799277105018,,,0.5343731045722961,0.9951981902122498,1.0597035884857178,0.6038827300071716,0.9270555973052979,1.0772761106491089,0.544085681438446,0.9548994302749634,0.6046741604804993,0.8891879916191101,1.000000238418579,0.06950962543487549,0.0681425929069519,0.1492818093573119,0.06847137944696108,0.06058847904205322,0.06571143865585327
1,1024,transformer.h.4.attn.c_attn.weight,transformer.h.4.attn.c_attn.weight,"[1152, 384]",medium_cross,0.030259741470217705,0.6157120126714315,,,0.5343731045722961,0.9951981902122498,1.0597035884857178,0.5624321699142456,0.9669208526611328,1.063692569732666,0.544085681438446,0.9548994302749634,0.5763751268386841,0.9204639792442322,0.9999997019767761,0.028059065341949463,0.028277337551116943,0.060260834624202,0.028413775094472515,0.03228944540023804,0.0344354510307312
1,1024,transformer.h.4.attn.c_attn.weight,transformer.h.4.attn.c_attn.weight,"[1152, 384]",distant_cross,0.014903506264090538,0.30325004087546337,,,0.5343731045722961,0.9951981902122498,1.0597035884857178,0.5349009037017822,0.9947195053100586,1.0598580837249756,0.544085681438446,0.9548994302749634,0.5445399880409241,0.954423189163208,1.0000001192092896,0.000527799129486084,0.0004786849021911621,0.0011335237175276818,0.0004809945465124601,0.00045430660247802734,0.0004762411117553711
1,1024,transformer.h.4.attn.c_proj.weight,transformer.h.4.attn.c_proj.weight,"[384, 384]",danger_diagonal,0.003649333259090781,0.03293643173338263,,,0.5389602184295654,0.9992865324020386,1.0765931606292725,0.5409636497497559,0.9970960021018982,1.0765408277511597,0.5010384321212769,0.998961329460144,0.5031715035438538,0.9968236088752747,0.9999995827674866,0.0020034313201904297,0.002190530300140381,0.004345463017022445,0.0021920942883868213,0.0021330714225769043,0.0021377205848693848
1,1024,transformer.h.4.attn.c_proj.weight,transformer.h.4.attn.c_proj.weight,"[384, 384]",danger_cross,0.0889248326420784,0.8025758328380257,,,0.5389602184295654,0.9992865324020386,1.0765931606292725,0.8782085180282593,0.5291305780410767,1.104539155960083,0.5010384321212769,0.998961329460144,0.8037984371185303,0.626422107219696,0.9999995827674866,0.33924829959869385,0.4701559543609619,0.7358330303799733,0.47049163489757323,0.3027600049972534,0.372539222240448
1,1024,transformer.h.4.attn.c_proj.weight,transformer.h.4.attn.c_proj.weight,"[384, 384]",danger_full,0.0889996886253357,0.8032514326825309,,,0.5389602184295654,0.9992865324020386,1.0765931606292725,0.8824539184570312,0.5184299349784851,1.100380301475525,0.5010384321212769,0.998961329460144,0.8142151236534119,0.6095667481422424,0.9999997019767761,0.3434937000274658,0.48085659742355347,0.7450413473159022,0.481199917973169,0.313176691532135,0.3893945813179016
1,1024,transformer.h.4.attn.c_proj.weight,transformer.h.4.attn.c_proj.weight,"[384, 384]",internal_cross,0.0452166311442852,0.40809495301296217,,,0.5389602184295654,0.9992865324020386,1.0765931606292725,0.6500402092933655,0.874255895614624,1.0823283195495605,0.5010384321212769,0.998961329460144,0.5842905640602112,0.9118217825889587,0.9999998807907104,0.11107999086380005,0.12503063678741455,0.2409336358902252,0.1251199057860529,0.08325213193893433,0.0871395468711853
1,1024,transformer.h.4.attn.c_proj.weight,transformer.h.4.attn.c_proj.weight,"[384, 384]",outside_cross,0.0765707939863205,0.691076574774015,,,0.5389602184295654,0.9992865324020386,1.0765931606292725,0.6003250479698181,0.930123507976532,1.0752124786376953,0.5010384321212769,0.998961329460144,0.5597532391548157,0.9383468627929688,0.9999998807907104,0.061364829540252686,0.06916302442550659,0.13310094268053477,0.06921240523401805,0.05871480703353882,0.06061446666717529
1,1024,transformer.h.4.attn.c_proj.weight,transformer.h.4.attn.c_proj.weight,"[384, 384]",local_cross,0.04997460916638374,0.45103726800253024,,,0.5389602184295654,0.9992865324020386,1.0765931606292725,0.6252871155738831,0.9018673300743103,1.077333688735962,0.5010384321212769,0.998961329460144,0.5681612491607666,0.9293431639671326,0.9999998211860657,0.08632689714431763,0.09741920232772827,0.18724392253150757,0.09748875739729676,0.06712281703948975,0.06961816549301147
1,1024,transformer.h.4.attn.c_proj.weight,transformer.h.4.attn.c_proj.weight,"[384, 384]",medium_cross,0.06717204302549362,0.6062497591826472,,,0.5389602184295654,0.9992865324020386,1.0765931606292725,0.5927571058273315,0.9400134086608887,1.0775089263916016,0.5010384321212769,0.998961329460144,0.5501638650894165,0.94851154088974,0.9999995827674866,0.05379688739776611,0.0592731237411499,0.11668599879715019,0.059315443388066005,0.04912543296813965,0.05044978857040405
1,1024,transformer.h.4.attn.c_proj.weight,transformer.h.4.attn.c_proj.weight,"[384, 384]",distant_cross,0.02996804192662239,0.27047142505841315,,,0.5389602184295654,0.9992865324020386,1.0765931606292725,0.5416637063026428,0.9960529804229736,1.0760037899017334,0.5010384321212769,0.998961329460144,0.5025196075439453,0.9974768161773682,1.0000003576278687,0.0027034878730773926,0.0032335519790649414,0.005863892837768864,0.0032358606607979386,0.001481175422668457,0.001484513282775879
1,1024,transformer.h.4.mlp.w1.weight,transformer.h.4.mlp.w1.weight,"[1024, 384]",danger_diagonal,0.0,0.0,,,0.8846586346626282,0.4797627925872803,0.997718334197998,0.8846586346626282,0.4797627925872803,0.997718334197998,0.8786848187446594,0.4925861954689026,0.8786848187446594,0.4925861954689026,0.9999993443489075,0.0,0.0,0.0,0.0,0.0,0.0
1,1024,transformer.h.4.mlp.w1.weight,transformer.h.4.mlp.w1.weight,"[1024, 384]",danger_cross,0.0,0.0,,,0.8846586346626282,0.4797627925872803,0.997718334197998,0.8846586346626282,0.4797627925872803,0.997718334197998,0.8786848187446594,0.4925861954689026,0.8786848187446594,0.4925861954689026,0.9999993443489075,0.0,0.0,0.0,0.0,0.0,0.0
1,1024,transformer.h.4.mlp.w1.weight,transformer.h.4.mlp.w1.weight,"[1024, 384]",danger_full,0.0,0.0,,,0.8846586346626282,0.4797627925872803,0.997718334197998,0.8846586346626282,0.4797627925872803,0.997718334197998,0.8786848187446594,0.4925861954689026,0.8786848187446594,0.4925861954689026,0.9999993443489075,0.0,0.0,0.0,0.0,0.0,0.0
1,1024,transformer.h.4.mlp.w1.weight,transformer.h.4.mlp.w1.weight,"[1024, 384]",internal_cross,0.0,0.0,,,0.8846586346626282,0.4797627925872803,0.997718334197998,0.8846586346626282,0.4797627925872803,0.997718334197998,0.8786848187446594,0.4925861954689026,0.8786848187446594,0.4925861954689026,0.9999993443489075,0.0,0.0,0.0,0.0,0.0,0.0
1,1024,transformer.h.4.mlp.w1.weight,transformer.h.4.mlp.w1.weight,"[1024, 384]",outside_cross,0.0,0.0,,,0.8846586346626282,0.4797627925872803,0.997718334197998,0.8846586346626282,0.4797627925872803,0.997718334197998,0.8786848187446594,0.4925861954689026,0.8786848187446594,0.4925861954689026,0.9999993443489075,0.0,0.0,0.0,0.0,0.0,0.0
1,1024,transformer.h.4.mlp.w1.weight,transformer.h.4.mlp.w1.weight,"[1024, 384]",local_cross,0.0,0.0,,,0.8846586346626282,0.4797627925872803,0.997718334197998,0.8846586346626282,0.4797627925872803,0.997718334197998,0.8786848187446594,0.4925861954689026,0.8786848187446594,0.4925861954689026,0.9999993443489075,0.0,0.0,0.0,0.0,0.0,0.0
1,1024,transformer.h.4.mlp.w1.weight,transformer.h.4.mlp.w1.weight,"[1024, 384]",medium_cross,0.0,0.0,,,0.8846586346626282,0.4797627925872803,0.997718334197998,0.8846586346626282,0.4797627925872803,0.997718334197998,0.8786848187446594,0.4925861954689026,0.8786848187446594,0.4925861954689026,0.9999993443489075,0.0,0.0,0.0,0.0,0.0,0.0
1,1024,transformer.h.4.mlp.w1.weight,transformer.h.4.mlp.w1.weight,"[1024, 384]",distant_cross,0.0,0.0,,,0.8846586346626282,0.4797627925872803,0.997718334197998,0.8846586346626282,0.4797627925872803,0.997718334197998,0.8786848187446594,0.4925861954689026,0.8786848187446594,0.4925861954689026,0.9999993443489075,0.0,0.0,0.0,0.0,0.0,0.0
1,1024,transformer.h.4.mlp.w2.weight,transformer.h.4.mlp.w2.weight,"[1024, 384]",danger_diagonal,0.0,0.0,,,0.8766509294509888,0.4958231747150421,0.9964249730110168,0.8766509294509888,0.4958231747150421,0.9964249730110168,0.8714518547058105,0.50705885887146,0.8714518547058105,0.50705885887146,1.0000008344650269,0.0,0.0,0.0,0.0,0.0,0.0
1,1024,transformer.h.4.mlp.w2.weight,transformer.h.4.mlp.w2.weight,"[1024, 384]",danger_cross,0.0,0.0,,,0.8766509294509888,0.4958231747150421,0.9964249730110168,0.8766509294509888,0.4958231747150421,0.9964249730110168,0.8714518547058105,0.50705885887146,0.8714518547058105,0.50705885887146,1.0000008344650269,0.0,0.0,0.0,0.0,0.0,0.0
1,1024,transformer.h.4.mlp.w2.weight,transformer.h.4.mlp.w2.weight,"[1024, 384]",danger_full,0.0,0.0,,,0.8766509294509888,0.4958231747150421,0.9964249730110168,0.8766509294509888,0.4958231747150421,0.9964249730110168,0.8714518547058105,0.50705885887146,0.8714518547058105,0.50705885887146,1.0000008344650269,0.0,0.0,0.0,0.0,0.0,0.0
1,1024,transformer.h.4.mlp.w2.weight,transformer.h.4.mlp.w2.weight,"[1024, 384]",internal_cross,0.0,0.0,,,0.8766509294509888,0.4958231747150421,0.9964249730110168,0.8766509294509888,0.4958231747150421,0.9964249730110168,0.8714518547058105,0.50705885887146,0.8714518547058105,0.50705885887146,1.0000008344650269,0.0,0.0,0.0,0.0,0.0,0.0
1,1024,transformer.h.4.mlp.w2.weight,transformer.h.4.mlp.w2.weight,"[1024, 384]",outside_cross,0.0,0.0,,,0.8766509294509888,0.4958231747150421,0.9964249730110168,0.8766509294509888,0.4958231747150421,0.9964249730110168,0.8714518547058105,0.50705885887146,0.8714518547058105,0.50705885887146,1.0000008344650269,0.0,0.0,0.0,0.0,0.0,0.0
1,1024,transformer.h.4.mlp.w2.weight,transformer.h.4.mlp.w2.weight,"[1024, 384]",local_cross,0.0,0.0,,,0.8766509294509888,0.4958231747150421,0.9964249730110168,0.8766509294509888,0.4958231747150421,0.9964249730110168,0.8714518547058105,0.50705885887146,0.8714518547058105,0.50705885887146,1.0000008344650269,0.0,0.0,0.0,0.0,0.0,0.0
1,1024,transformer.h.4.mlp.w2.weight,transformer.h.4.mlp.w2.weight,"[1024, 384]",medium_cross,0.0,0.0,,,0.8766509294509888,0.4958231747150421,0.9964249730110168,0.8766509294509888,0.4958231747150421,0.9964249730110168,0.8714518547058105,0.50705885887146,0.8714518547058105,0.50705885887146,1.0000008344650269,0.0,0.0,0.0,0.0,0.0,0.0
1,1024,transformer.h.4.mlp.w2.weight,transformer.h.4.mlp.w2.weight,"[1024, 384]",distant_cross,0.0,0.0,,,0.8766509294509888,0.4958231747150421,0.9964249730110168,0.8766509294509888,0.4958231747150421,0.9964249730110168,0.8714518547058105,0.50705885887146,0.8714518547058105,0.50705885887146,1.0000008344650269,0.0,0.0,0.0,0.0,0.0,0.0
1,1024,transformer.h.4.mlp.c_proj.weight,transformer.h.4.mlp.c_proj.weight,"[384, 1024]",danger_diagonal,0.0,0.0,,,0.8711388111114502,0.5113439559936523,1.0137685537338257,0.8711388111114502,0.5113439559936523,1.0137685537338257,0.8643827438354492,0.520810067653656,0.8643827438354492,0.520810067653656,0.9999987483024597,0.0,0.0,0.0,0.0,0.0,0.0
1,1024,transformer.h.4.mlp.c_proj.weight,transformer.h.4.mlp.c_proj.weight,"[384, 1024]",danger_cross,0.0,0.0,,,0.8711388111114502,0.5113439559936523,1.0137685537338257,0.8711388111114502,0.5113439559936523,1.0137685537338257,0.8643827438354492,0.520810067653656,0.8643827438354492,0.520810067653656,0.9999987483024597,0.0,0.0,0.0,0.0,0.0,0.0
1,1024,transformer.h.4.mlp.c_proj.weight,transformer.h.4.mlp.c_proj.weight,"[384, 1024]",danger_full,0.0,0.0,,,0.8711388111114502,0.5113439559936523,1.0137685537338257,0.8711388111114502,0.5113439559936523,1.0137685537338257,0.8643827438354492,0.520810067653656,0.8643827438354492,0.520810067653656,0.9999987483024597,0.0,0.0,0.0,0.0,0.0,0.0
1,1024,transformer.h.4.mlp.c_proj.weight,transformer.h.4.mlp.c_proj.weight,"[384, 1024]",internal_cross,0.0,0.0,,,0.8711388111114502,0.5113439559936523,1.0137685537338257,0.8711388111114502,0.5113439559936523,1.0137685537338257,0.8643827438354492,0.520810067653656,0.8643827438354492,0.520810067653656,0.9999987483024597,0.0,0.0,0.0,0.0,0.0,0.0
1,1024,transformer.h.4.mlp.c_proj.weight,transformer.h.4.mlp.c_proj.weight,"[384, 1024]",outside_cross,0.0,0.0,,,0.8711388111114502,0.5113439559936523,1.0137685537338257,0.8711388111114502,0.5113439559936523,1.0137685537338257,0.8643827438354492,0.520810067653656,0.8643827438354492,0.520810067653656,0.9999987483024597,0.0,0.0,0.0,0.0,0.0,0.0
1,1024,transformer.h.4.mlp.c_proj.weight,transformer.h.4.mlp.c_proj.weight,"[384, 1024]",local_cross,0.0,0.0,,,0.8711388111114502,0.5113439559936523,1.0137685537338257,0.8711388111114502,0.5113439559936523,1.0137685537338257,0.8643827438354492,0.520810067653656,0.8643827438354492,0.520810067653656,0.9999987483024597,0.0,0.0,0.0,0.0,0.0,0.0
1,1024,transformer.h.4.mlp.c_proj.weight,transformer.h.4.mlp.c_proj.weight,"[384, 1024]",medium_cross,0.0,0.0,,,0.8711388111114502,0.5113439559936523,1.0137685537338257,0.8711388111114502,0.5113439559936523,1.0137685537338257,0.8643827438354492,0.520810067653656,0.8643827438354492,0.520810067653656,0.9999987483024597,0.0,0.0,0.0,0.0,0.0,0.0
1,1024,transformer.h.4.mlp.c_proj.weight,transformer.h.4.mlp.c_proj.weight,"[384, 1024]",distant_cross,0.0,0.0,,,0.8711388111114502,0.5113439559936523,1.0137685537338257,0.8711388111114502,0.5113439559936523,1.0137685537338257,0.8643827438354492,0.520810067653656,0.8643827438354492,0.520810067653656,0.9999987483024597,0.0,0.0,0.0,0.0,0.0,0.0
1,1024,transformer.h.5.attn.c_attn.weight,transformer.h.5.attn.c_attn.weight,"[1152, 384]",danger_diagonal,0.00106384651735425,0.03239140495136596,,,0.5070499777793884,1.029213786125183,1.069523811340332,0.5119826197624207,1.0244821310043335,1.070271611213684,0.49623778462409973,1.0037567615509033,0.5006255507469177,0.9993751049041748,1.0000008344650269,0.0049326419830322266,0.004731655120849609,0.010006373386113177,0.004597349146151156,0.004387766122817993,0.004381656646728516
1,1024,transformer.h.5.attn.c_attn.weight,transformer.h.5.attn.c_attn.weight,"[1152, 384]",danger_cross,0.027400538325309753,0.8342762967235325,,,0.5070499777793884,1.029213786125183,1.069523811340332,0.6937738656997681,0.8307662606239319,1.1078873872756958,0.49623778462409973,1.0037567615509033,0.6745677590370178,0.8067644238471985,0.9999992251396179,0.18672388792037964,0.19844752550125122,0.37878867938627353,0.19281467871546182,0.1783299744129181,0.19699233770370483
1,1024,transformer.h.5.attn.c_attn.weight,transformer.h.5.attn.c_attn.weight,"[1152, 384]",danger_full,0.02742118388414383,0.8349049011751455,,,0.5070499777793884,1.029213786125183,1.069523811340332,0.7022699117660522,0.8209963440895081,1.1111894845962524,0.49623778462409973,1.0037567615509033,0.6822397112846375,0.7971974015235901,1.0000001192092896,0.19521993398666382,0.20821744203567505,0.3960237857526587,0.20230728041409038,0.18600192666053772,0.20655936002731323
1,1024,transformer.h.5.attn.c_attn.weight,transformer.h.5.attn.c_attn.weight,"[1152, 384]",internal_cross,0.014703704975545406,0.44769020190316744,,,0.5070499777793884,1.029213786125183,1.069523811340332,0.542843759059906,1.0091179609298706,1.1023057699203491,0.49623778462409973,1.0037567615509033,0.5335006713867188,0.9659184813499451,1.0000005960464478,0.03579378128051758,0.0200958251953125,0.07261137978912326,0.019525413928791126,0.03726288676261902,0.03783828020095825
1,1024,transformer.h.5.attn.c_attn.weight,transformer.h.5.attn.c_attn.weight,"[1152, 384]",outside_cross,0.02312123402953148,0.7039824281122982,,,0.5070499777793884,1.029213786125183,1.069523811340332,0.5619345307350159,0.975666880607605,1.0793267488479614,0.49623778462409973,1.0037567615509033,0.5497696995735168,0.9489274024963379,1.0000005960464478,0.05488455295562744,0.053546905517578125,0.11133898058952672,0.05202699987062282,0.053531914949417114,0.05482935905456543
1,1024,transformer.h.5.attn.c_attn.weight,transformer.h.5.attn.c_attn.weight,"[1152, 384]",local_cross,0.01562805287539959,0.47583423081307413,,,0.5070499777793884,1.029213786125183,1.069523811340332,0.5441902875900269,1.0107907056808472,1.107961893081665,0.49623778462409973,1.0037567615509033,0.5311733484268188,0.9683268070220947,0.9999994039535522,0.03714030981063843,0.018423080444335938,0.0753429518946586,0.01790014931076248,0.034935563802719116,0.035429954528808594
1,1024,transformer.h.5.attn.c_attn.weight,transformer.h.5.attn.c_attn.weight,"[1152, 384]",medium_cross,0.01959875039756298,0.596731812636855,,,0.5070499777793884,1.029213786125183,1.069523811340332,0.5335357189178467,1.0119268894195557,1.089102864265442,0.49623778462409973,1.0037567615509033,0.5279276371002197,0.9716722965240479,1.0000009536743164,0.026485741138458252,0.01728689670562744,0.05372905962991315,0.016796215653804736,0.031689852476119995,0.03208446502685547
1,1024,transformer.h.5.attn.c_attn.weight,transformer.h.5.attn.c_attn.weight,"[1152, 384]",distant_cross,0.01106543093919754,0.33691406482611014,,,0.5070499777793884,1.029213786125183,1.069523811340332,0.5081300139427185,1.0281926393508911,1.0697115659713745,0.49623778462409973,1.0037567615509033,0.49739721417427063,1.0025999546051025,1.0000008344650269,0.0010800361633300781,0.0010211467742919922,0.002190964833442539,0.000992161966792573,0.0011594295501708984,0.0011568069458007812
1,1024,transformer.h.5.attn.c_proj.weight,transformer.h.5.attn.c_proj.weight,"[384, 384]",danger_diagonal,0.0018506374908611178,0.026527083175808045,,,0.5418930053710938,0.9946438670158386,1.0738338232040405,0.5432809591293335,0.9931053519248962,1.0737621784210205,0.502687394618988,0.9973103404045105,0.5032992959022522,0.996697723865509,1.0000005960464478,0.001387953758239746,0.0015385150909423828,0.0030297589308018987,0.0015467999572131115,0.0006119012832641602,0.0006126165390014648
1,1024,transformer.h.5.attn.c_proj.weight,transformer.h.5.attn.c_proj.weight,"[384, 384]",danger_cross,0.054765742272138596,0.7850134927083413,,,0.5418930053710938,0.9946438670158386,1.0738338232040405,0.8771303296089172,0.5202757716178894,1.0772316455841064,0.502687394618988,0.9973103404045105,0.8286972045898438,0.5853279232978821,1.0000011920928955,0.3352373242378235,0.4743680953979492,0.7317882681738695,0.4769225560311985,0.3260098099708557,0.4119824171066284
1,1024,transformer.h.5.attn.c_proj.weight,transformer.h.5.attn.c_proj.weight,"[384, 384]",danger_full,0.05479700490832329,0.785461612102043,,,0.5418930053710938,0.9946438670158386,1.0738338232040405,0.882060170173645,0.5103101134300232,1.0781314373016357,0.502687394618988,0.9973103404045105,0.8286972641944885,0.5853279232978821,1.0000011920928955,0.34016716480255127,0.48433375358581543,0.7425495982180031,0.48694187904554076,0.3260098695755005,0.4119824171066284
1,1024,transformer.h.5.attn.c_proj.weight,transformer.h.5.attn.c_proj.weight,"[384, 384]",internal_cross,0.026714704930782318,0.3829292355826449,,,0.5418930053710938,0.9946438670158386,1.0738338232040405,0.6313604712486267,0.8934803009033203,1.0751177072525024,0.502687394618988,0.9973103404045105,0.5733502507209778,0.9237439036369324,1.0000007152557373,0.08946746587753296,0.10116356611251831,0.19529818781747024,0.1017083294506529,0.07066285610198975,0.07356643676757812
1,1024,transformer.h.5.attn.c_proj.weight,transformer.h.5.attn.c_proj.weight,"[384, 384]",outside_cross,0.04780805483460426,0.6852818303605375,,,0.5418930053710938,0.9946438670158386,1.0738338232040405,0.6118045449256897,0.9157146215438843,1.0731463432312012,0.502687394618988,0.9973103404045105,0.5673123598098755,0.9302574992179871,1.0000009536743164,0.06991153955459595,0.07892924547195435,0.15260963131817804,0.07935427753529543,0.06462496519088745,0.06705284118652344
1,1024,transformer.h.5.attn.c_proj.weight,transformer.h.5.attn.c_proj.weight,"[384, 384]",local_cross,0.030116908252239227,0.43169650142210625,,,0.5418930053710938,0.9946438670158386,1.0738338232040405,0.6245216131210327,0.9027479290962219,1.0772669315338135,0.502687394618988,0.9973103404045105,0.5660632252693176,0.9315997362136841,1.0000009536743164,0.08262860774993896,0.0918959379196167,0.1803696706636689,0.09239079530578692,0.06337583065032959,0.06571060419082642
1,1024,transformer.h.5.attn.c_proj.weight,transformer.h.5.attn.c_proj.weight,"[384, 384]",medium_cross,0.04080020263791084,0.5848311051247942,,,0.5418930053710938,0.9946438670158386,1.0738338232040405,0.5971296429634094,0.9348394274711609,1.0772191286087036,0.502687394618988,0.9973103404045105,0.5541557669639587,0.9442945122718811,1.0000003576278687,0.055236637592315674,0.059804439544677734,0.12057584415854776,0.06012648499417673,0.0514683723449707,0.053015828132629395
1,1024,transformer.h.5.attn.c_proj.weight,transformer.h.5.attn.c_proj.weight,"[384, 384]",distant_cross,0.020678522065281868,0.296406442367745,,,0.5418930053710938,0.9946438670158386,1.0738338232040405,0.545445442199707,0.9904178380966187,1.073115348815918,0.502687394618988,0.9973103404045105,0.5052720904350281,0.9947154521942139,1.0000008344650269,0.0035524368286132812,0.004226028919219971,0.007754600716129569,0.004248785981960592,0.002584695816040039,0.002594888210296631
1,1024,transformer.h.5.mlp.w1.weight,transformer.h.5.mlp.w1.weight,"[1024, 384]",danger_diagonal,0.0,0.0,,,0.8579895496368408,0.5302403569221497,0.9894822239875793,0.8579895496368408,0.5302403569221497,0.9894822239875793,0.8549728393554688,0.5385777354240417,0.8549728393554688,0.5385777354240417,0.9999998211860657,0.0,0.0,0.0,0.0,0.0,0.0
1,1024,transformer.h.5.mlp.w1.weight,transformer.h.5.mlp.w1.weight,"[1024, 384]",danger_cross,0.0,0.0,,,0.8579895496368408,0.5302403569221497,0.9894822239875793,0.8579895496368408,0.5302403569221497,0.9894822239875793,0.8549728393554688,0.5385777354240417,0.8549728393554688,0.5385777354240417,0.9999998211860657,0.0,0.0,0.0,0.0,0.0,0.0
1,1024,transformer.h.5.mlp.w1.weight,transformer.h.5.mlp.w1.weight,"[1024, 384]",danger_full,0.0,0.0,,,0.8579895496368408,0.5302403569221497,0.9894822239875793,0.8579895496368408,0.5302403569221497,0.9894822239875793,0.8549728393554688,0.5385777354240417,0.8549728393554688,0.5385777354240417,0.9999998211860657,0.0,0.0,0.0,0.0,0.0,0.0
1,1024,transformer.h.5.mlp.w1.weight,transformer.h.5.mlp.w1.weight,"[1024, 384]",internal_cross,0.0,0.0,,,0.8579895496368408,0.5302403569221497,0.9894822239875793,0.8579895496368408,0.5302403569221497,0.9894822239875793,0.8549728393554688,0.5385777354240417,0.8549728393554688,0.5385777354240417,0.9999998211860657,0.0,0.0,0.0,0.0,0.0,0.0
1,1024,transformer.h.5.mlp.w1.weight,transformer.h.5.mlp.w1.weight,"[1024, 384]",outside_cross,0.0,0.0,,,0.8579895496368408,0.5302403569221497,0.9894822239875793,0.8579895496368408,0.5302403569221497,0.9894822239875793,0.8549728393554688,0.5385777354240417,0.8549728393554688,0.5385777354240417,0.9999998211860657,0.0,0.0,0.0,0.0,0.0,0.0
1,1024,transformer.h.5.mlp.w1.weight,transformer.h.5.mlp.w1.weight,"[1024, 384]",local_cross,0.0,0.0,,,0.8579895496368408,0.5302403569221497,0.9894822239875793,0.8579895496368408,0.5302403569221497,0.9894822239875793,0.8549728393554688,0.5385777354240417,0.8549728393554688,0.5385777354240417,0.9999998211860657,0.0,0.0,0.0,0.0,0.0,0.0
1,1024,transformer.h.5.mlp.w1.weight,transformer.h.5.mlp.w1.weight,"[1024, 384]",medium_cross,0.0,0.0,,,0.8579895496368408,0.5302403569221497,0.9894822239875793,0.8579895496368408,0.5302403569221497,0.9894822239875793,0.8549728393554688,0.5385777354240417,0.8549728393554688,0.5385777354240417,0.9999998211860657,0.0,0.0,0.0,0.0,0.0,0.0
1,1024,transformer.h.5.mlp.w1.weight,transformer.h.5.mlp.w1.weight,"[1024, 384]",distant_cross,0.0,0.0,,,0.8579895496368408,0.5302403569221497,0.9894822239875793,0.8579895496368408,0.5302403569221497,0.9894822239875793,0.8549728393554688,0.5385777354240417,0.8549728393554688,0.5385777354240417,0.9999998211860657,0.0,0.0,0.0,0.0,0.0,0.0
1,1024,transformer.h.5.mlp.w2.weight,transformer.h.5.mlp.w2.weight,"[1024, 384]",danger_diagonal,0.0,0.0,,,0.8587610721588135,0.5288373231887817,0.9896345138549805,0.8587610721588135,0.5288373231887817,0.9896345138549805,0.8563653826713562,0.5359845757484436,0.8563653826713562,0.5359845757484436,1.0000005960464478,0.0,0.0,0.0,0.0,0.0,0.0
1,1024,transformer.h.5.mlp.w2.weight,transformer.h.5.mlp.w2.weight,"[1024, 384]",danger_cross,0.0,0.0,,,0.8587610721588135,0.5288373231887817,0.9896345138549805,0.8587610721588135,0.5288373231887817,0.9896345138549805,0.8563653826713562,0.5359845757484436,0.8563653826713562,0.5359845757484436,1.0000005960464478,0.0,0.0,0.0,0.0,0.0,0.0
1,1024,transformer.h.5.mlp.w2.weight,transformer.h.5.mlp.w2.weight,"[1024, 384]",danger_full,0.0,0.0,,,0.8587610721588135,0.5288373231887817,0.9896345138549805,0.8587610721588135,0.5288373231887817,0.9896345138549805,0.8563653826713562,0.5359845757484436,0.8563653826713562,0.5359845757484436,1.0000005960464478,0.0,0.0,0.0,0.0,0.0,0.0
1,1024,transformer.h.5.mlp.w2.weight,transformer.h.5.mlp.w2.weight,"[1024, 384]",internal_cross,0.0,0.0,,,0.8587610721588135,0.5288373231887817,0.9896345138549805,0.8587610721588135,0.5288373231887817,0.9896345138549805,0.8563653826713562,0.5359845757484436,0.8563653826713562,0.5359845757484436,1.0000005960464478,0.0,0.0,0.0,0.0,0.0,0.0
1,1024,transformer.h.5.mlp.w2.weight,transformer.h.5.mlp.w2.weight,"[1024, 384]",outside_cross,0.0,0.0,,,0.8587610721588135,0.5288373231887817,0.9896345138549805,0.8587610721588135,0.5288373231887817,0.9896345138549805,0.8563653826713562,0.5359845757484436,0.8563653826713562,0.5359845757484436,1.0000005960464478,0.0,0.0,0.0,0.0,0.0,0.0
1,1024,transformer.h.5.mlp.w2.weight,transformer.h.5.mlp.w2.weight,"[1024, 384]",local_cross,0.0,0.0,,,0.8587610721588135,0.5288373231887817,0.9896345138549805,0.8587610721588135,0.5288373231887817,0.9896345138549805,0.8563653826713562,0.5359845757484436,0.8563653826713562,0.5359845757484436,1.0000005960464478,0.0,0.0,0.0,0.0,0.0,0.0
1,1024,transformer.h.5.mlp.w2.weight,transformer.h.5.mlp.w2.weight,"[1024, 384]",medium_cross,0.0,0.0,,,0.8587610721588135,0.5288373231887817,0.9896345138549805,0.8587610721588135,0.5288373231887817,0.9896345138549805,0.8563653826713562,0.5359845757484436,0.8563653826713562,0.5359845757484436,1.0000005960464478,0.0,0.0,0.0,0.0,0.0,0.0
1,1024,transformer.h.5.mlp.w2.weight,transformer.h.5.mlp.w2.weight,"[1024, 384]",distant_cross,0.0,0.0,,,0.8587610721588135,0.5288373231887817,0.9896345138549805,0.8587610721588135,0.5288373231887817,0.9896345138549805,0.8563653826713562,0.5359845757484436,0.8563653826713562,0.5359845757484436,1.0000005960464478,0.0,0.0,0.0,0.0,0.0,0.0
1,1024,transformer.h.5.mlp.c_proj.weight,transformer.h.5.mlp.c_proj.weight,"[384, 1024]",danger_diagonal,0.0003744601272046566,0.004143347593736304,,,0.8491567373275757,0.5518772006034851,1.0092251300811768,0.848996102809906,0.5521684288978577,1.0092228651046753,0.8417295217514038,0.5626294016838074,0.8415688872337341,0.5629134178161621,1.0000007152557373,-0.00016063451766967773,-0.0002912282943725586,-0.0010649101247466146,-0.0005277048844454827,-0.00016063451766967773,-0.00028401613235473633
1,1024,transformer.h.5.mlp.c_proj.weight,transformer.h.5.mlp.c_proj.weight,"[384, 1024]",danger_cross,0.012338480912148952,0.13652352142094223,,,0.8491567373275757,0.5518772006034851,1.0092251300811768,0.8505674600601196,0.549200177192688,1.008914828300476,0.8417295217514038,0.5626294016838074,0.8433156609535217,0.5598015189170837,1.0000003576278687,0.0014107227325439453,0.002677023410797119,0.00935224223840552,0.00485075920489152,0.00158613920211792,0.002827882766723633
1,1024,transformer.h.5.mlp.c_proj.weight,transformer.h.5.mlp.c_proj.weight,"[384, 1024]",danger_full,0.012344161979854107,0.13658638162018888,,,0.8491567373275757,0.5518772006034851,1.0092251300811768,0.8504289984703064,0.5494431257247925,1.0088740587234497,0.8417295217514038,0.5626294016838074,0.8431710004806519,0.5600610971450806,0.9999997019767761,0.0012722611427307129,0.002434074878692627,0.008434325273735246,0.004410537119545677,0.0014414787292480469,0.0025683045387268066
1,1024,transformer.h.5.mlp.c_proj.weight,transformer.h.5.mlp.c_proj.weight,"[384, 1024]",internal_cross,0.000726131780538708,0.008034543992947457,,,0.8491567373275757,0.5518772006034851,1.0092251300811768,0.8491576313972473,0.5518782734870911,1.0092376470565796,0.8417295217514038,0.5626294016838074,0.8417363166809082,0.5626171231269836,0.9999998211860657,8.940696716308594e-07,-1.0728836059570312e-06,5.9271435514653875e-06,-1.944062202214222e-06,6.794929504394531e-06,1.2278556823730469e-05
1,1024,transformer.h.5.mlp.c_proj.weight,transformer.h.5.mlp.c_proj.weight,"[384, 1024]",outside_cross,0.012317094951868057,0.13628688883810608,,,0.8491567373275757,0.5518772006034851,1.0092251300811768,0.8505541682243347,0.5492277145385742,1.0089207887649536,0.8417295217514038,0.5626294016838074,0.8432954549789429,0.5598385334014893,1.0000001192092896,0.0013974308967590332,0.0026494860649108887,0.009264125370940401,0.004800861608368022,0.0015659332275390625,0.0027908682823181152
1,1024,transformer.h.5.mlp.c_proj.weight,transformer.h.5.mlp.c_proj.weight,"[384, 1024]",local_cross,0.008567403070628643,0.09479708604023779,,,0.8491567373275757,0.5518772006034851,1.0092251300811768,0.8501651883125305,0.5499641299247742,1.0089985132217407,0.8417295217514038,0.5626294016838074,0.8429146409034729,0.5605191588401794,0.9999998211860657,0.001008450984954834,0.0019130706787109375,0.006685422783149526,0.003466478913459315,0.0011851191520690918,0.0021102428436279297
1,1024,transformer.h.5.mlp.c_proj.weight,transformer.h.5.mlp.c_proj.weight,"[384, 1024]",medium_cross,0.008814077824354172,0.09752650680637871,,,0.8491567373275757,0.5518772006034851,1.0092251300811768,0.8495042324066162,0.5512179136276245,1.0091536045074463,0.8417295217514038,0.5626294016838074,0.8420467376708984,0.5620651841163635,1.0,0.00034749507904052734,0.0006592869758605957,0.0023036831270028804,0.0011946262232606394,0.0003172159194946289,0.0005642175674438477
1,1024,transformer.h.5.mlp.c_proj.weight,transformer.h.5.mlp.c_proj.weight,"[384, 1024]",distant_cross,0.0010722376173362136,0.011864155430560625,,,0.8491567373275757,0.5518772006034851,1.0092251300811768,0.8491554260253906,0.5518791079521179,1.0092281103134155,0.8417295217514038,0.5626294016838074,0.8417286276817322,0.5626294612884521,1.0000003576278687,-1.3113021850585938e-06,-1.9073486328125e-06,-8.693143875482569e-06,-3.4561105817141724e-06,-8.940696716308594e-07,-5.960464477539063e-08
1,2048,transformer.h.0.attn.c_attn.weight,transformer.h.0.attn.c_attn.weight,"[1152, 384]",danger_diagonal,0.0020388327538967133,0.03234825409445871,,,0.5535473227500916,0.9635264873504639,1.0381032228469849,0.5565176606178284,0.9604040384292603,1.0382684469223022,0.5620430707931519,0.935904324054718,0.5645342469215393,0.9332388639450073,1.0000008344650269,0.0029703378677368164,0.0031224489212036133,0.006653197570756477,0.003240646689215388,0.002491176128387451,0.0026654601097106934
1,2048,transformer.h.0.attn.c_attn.weight,transformer.h.0.attn.c_attn.weight,"[1152, 384]",danger_cross,0.05271197482943535,0.8363316472841344,,,0.5535473227500916,0.9635264873504639,1.0381032228469849,0.7519719004631042,0.7384400367736816,1.0847662687301636,0.5620430707931519,0.935904324054718,0.7464633584022522,0.7120933532714844,0.9999992251396179,0.1984245777130127,0.22508645057678223,0.44444705525181927,0.23360691535915343,0.18442028760910034,0.22381097078323364
1,2048,transformer.h.0.attn.c_attn.weight,transformer.h.0.attn.c_attn.weight,"[1152, 384]",danger_full,0.052751388400793076,0.836956985590385,,,0.5535473227500916,0.9635264873504639,1.0381032228469849,0.7563109397888184,0.7321374416351318,1.0849858522415161,0.5620430707931519,0.935904324054718,0.7505217790603638,0.7063703536987305,1.0000003576278687,0.2027636170387268,0.23138904571533203,0.45416597854833085,0.24014809011801333,0.18847870826721191,0.22953397035598755
1,2048,transformer.h.0.attn.c_attn.weight,transformer.h.0.attn.c_attn.weight,"[1152, 384]",internal_cross,0.028878359124064445,0.45818593849389927,,,0.5535473227500916,0.9635264873504639,1.0381032228469849,0.6240547299385071,0.9019275307655334,1.0745148658752441,0.5620430707931519,0.935904324054718,0.6234349012374878,0.8678317070007324,1.0000001192092896,0.07050740718841553,0.06159895658493042,0.15792806445406973,0.06393073505879139,0.06139183044433594,0.0680726170539856
1,2048,transformer.h.0.attn.c_attn.weight,transformer.h.0.attn.c_attn.weight,"[1152, 384]",outside_cross,0.044097550213336945,0.6996546217524816,,,0.5535473227500916,0.9635264873504639,1.0381032228469849,0.6038952469825745,0.9066984057426453,1.0360850095748901,0.5620430707931519,0.935904324054718,0.6169153451919556,0.8753138780593872,0.9999995827674866,0.05034792423248291,0.056828081607818604,0.11277326085850733,0.058979262484092465,0.05487227439880371,0.06059044599533081
1,2048,transformer.h.0.attn.c_attn.weight,transformer.h.0.attn.c_attn.weight,"[1152, 384]",local_cross,0.0315726101398468,0.5009331016862738,,,0.5535473227500916,0.9635264873504639,1.0381032228469849,0.6188493967056274,0.90506911277771,1.06842839717865,0.5620430707931519,0.935904324054718,0.6205958127975464,0.8710976243019104,0.9999997019767761,0.06530207395553589,0.058457374572753906,0.14626874758101652,0.06067023101098328,0.05855274200439453,0.06480669975280762
1,2048,transformer.h.0.attn.c_attn.weight,transformer.h.0.attn.c_attn.weight,"[1152, 384]",medium_cross,0.039043013006448746,0.6194590031634553,,,0.5535473227500916,0.9635264873504639,1.0381032228469849,0.5838847756385803,0.932857096195221,1.0433872938156128,0.5620430707931519,0.935904324054718,0.5990992188453674,0.8954353332519531,0.9999995827674866,0.03033745288848877,0.03066939115524292,0.0679522252512038,0.03183035604924427,0.037056148052215576,0.04046899080276489
1,2048,transformer.h.0.attn.c_attn.weight,transformer.h.0.attn.c_attn.weight,"[1152, 384]",distant_cross,0.016042670235037804,0.25453405735451634,,,0.5535473227500916,0.9635264873504639,1.0381032228469849,0.5540534257888794,0.9631240963935852,1.0383882522583008,0.5620430707931519,0.935904324054718,0.5624818205833435,0.9354353547096252,0.9999998807907104,0.0005061030387878418,0.0004023909568786621,0.001133609595322335,0.00041762313974903764,0.0004387497901916504,0.00046896934509277344
1,2048,transformer.h.0.attn.c_proj.weight,transformer.h.0.attn.c_proj.weight,"[384, 384]",danger_diagonal,0.005657120142132044,0.03562029029788933,,,0.5137434601783752,1.0172799825668335,1.0603586435317993,0.5206065773963928,1.010136604309082,1.0604274272918701,0.4812558889389038,1.0185718536376953,0.48812833428382874,1.0118019580841064,1.0,0.006863117218017578,0.007143378257751465,0.014114190053948067,0.007022037570941938,0.006872445344924927,0.006769895553588867
1,2048,transformer.h.0.attn.c_proj.weight,transformer.h.0.attn.c_proj.weight,"[384, 384]",danger_cross,0.12904872000217438,0.8125605879948794,,,0.5137434601783752,1.0172799825668335,1.0603586435317993,0.8814421892166138,0.5053293704986572,1.0611544847488403,0.4812558889389038,1.0185718536376953,0.8164778351783752,0.6058430671691895,0.9999995231628418,0.3676987290382385,0.5119506120681763,0.7561825886663093,0.5032543850675268,0.33522194623947144,0.41272878646850586
1,2048,transformer.h.0.attn.c_proj.weight,transformer.h.0.attn.c_proj.weight,"[384, 384]",danger_full,0.1291726529598236,0.8133409369742238,,,0.5137434601783752,1.0172799825668335,1.0603586435317993,0.8913580179214478,0.48871347308158875,1.0739961862564087,0.4812558889389038,1.0185718536376953,0.8425194025039673,0.5612151622772217,0.9999995827674866,0.3776145577430725,0.5285665094852448,0.7765747641802293,0.5195880372594659,0.3612635135650635,0.45735669136047363
1,2048,transformer.h.0.attn.c_proj.weight,transformer.h.0.attn.c_proj.weight,"[384, 384]",internal_cross,0.06682103127241135,0.420741379381523,,,0.5137434601783752,1.0172799825668335,1.0603586435317993,0.6176018118858337,0.9027860760688782,1.0608313083648682,0.4812558889389038,1.0185718536376953,0.5577912926673889,0.9404343366622925,1.0000004768371582,0.1038583517074585,0.11449390649795532,0.21358756788249517,0.11254906069129623,0.07653540372848511,0.07813751697540283
1,2048,transformer.h.0.attn.c_proj.weight,transformer.h.0.attn.c_proj.weight,"[384, 384]",outside_cross,0.1104016974568367,0.6951488414580825,,,0.5137434601783752,1.0172799825668335,1.0603586435317993,0.5788217782974243,0.9464261531829834,1.0591905117034912,0.4812558889389038,1.0185718536376953,0.5464427471160889,0.9524266719818115,0.9999993443489075,0.06507831811904907,0.0708538293838501,0.13383535806618044,0.06965027386567604,0.06518685817718506,0.06614518165588379
1,2048,transformer.h.0.attn.c_proj.weight,transformer.h.0.attn.c_proj.weight,"[384, 384]",local_cross,0.07383707910776138,0.4649182139475394,,,0.5137434601783752,1.0172799825668335,1.0603586435317993,0.6010096073150635,0.9224287867546082,1.0615371465682983,0.4812558889389038,1.0185718536376953,0.547980546951294,0.950810432434082,0.9999995827674866,0.08726614713668823,0.09485119581222534,0.17946524106123157,0.09324001006379164,0.06672465801239014,0.06776142120361328
1,2048,transformer.h.0.attn.c_proj.weight,transformer.h.0.attn.c_proj.weight,"[384, 384]",medium_cross,0.09684089571237564,0.6097626939707181,,,0.5137434601783752,1.0172799825668335,1.0603586435317993,0.5618252754211426,0.9679195284843445,1.0643329620361328,0.4812558889389038,1.0185718536376953,0.5283154249191284,0.9706401824951172,0.9986963868141174,0.048081815242767334,0.049360454082489014,0.09888158061669537,0.048521994857247785,0.04705953598022461,0.047931671142578125
1,2048,transformer.h.0.attn.c_proj.weight,transformer.h.0.attn.c_proj.weight,"[384, 384]",distant_cross,0.04270258918404579,0.2688786140281545,,,0.5137434601783752,1.0172799825668335,1.0603586435317993,0.5155868530273438,1.01557457447052,1.0607656240463257,0.4812558889389038,1.0185718536376953,0.4819706082344055,1.0178697109222412,0.9999994039535522,0.0018433928489685059,0.0017054080963134766,0.0037909882911697688,0.0016764392552091078,0.000714719295501709,0.0007021427154541016
1,2048,transformer.h.0.mlp.w1.weight,transformer.h.0.mlp.w1.weight,"[1024, 384]",danger_diagonal,0.0,0.0,,,0.923480212688446,0.3930787146091461,1.0090100765228271,0.923480212688446,0.3930787146091461,1.0090100765228271,0.9222401976585388,0.3943740427494049,0.9222401976585388,0.3943740427494049,1.0000011920928955,0.0,0.0,0.0,0.0,0.0,0.0
1,2048,transformer.h.0.mlp.w1.weight,transformer.h.0.mlp.w1.weight,"[1024, 384]",danger_cross,0.0,0.0,,,0.923480212688446,0.3930787146091461,1.0090100765228271,0.923480212688446,0.3930787146091461,1.0090100765228271,0.9222401976585388,0.3943740427494049,0.9222401976585388,0.3943740427494049,1.0000011920928955,0.0,0.0,0.0,0.0,0.0,0.0
1,2048,transformer.h.0.mlp.w1.weight,transformer.h.0.mlp.w1.weight,"[1024, 384]",danger_full,0.0,0.0,,,0.923480212688446,0.3930787146091461,1.0090100765228271,0.923480212688446,0.3930787146091461,1.0090100765228271,0.9222401976585388,0.3943740427494049,0.9222401976585388,0.3943740427494049,1.0000011920928955,0.0,0.0,0.0,0.0,0.0,0.0
1,2048,transformer.h.0.mlp.w1.weight,transformer.h.0.mlp.w1.weight,"[1024, 384]",internal_cross,0.0,0.0,,,0.923480212688446,0.3930787146091461,1.0090100765228271,0.923480212688446,0.3930787146091461,1.0090100765228271,0.9222401976585388,0.3943740427494049,0.9222401976585388,0.3943740427494049,1.0000011920928955,0.0,0.0,0.0,0.0,0.0,0.0
1,2048,transformer.h.0.mlp.w1.weight,transformer.h.0.mlp.w1.weight,"[1024, 384]",outside_cross,0.0,0.0,,,0.923480212688446,0.3930787146091461,1.0090100765228271,0.923480212688446,0.3930787146091461,1.0090100765228271,0.9222401976585388,0.3943740427494049,0.9222401976585388,0.3943740427494049,1.0000011920928955,0.0,0.0,0.0,0.0,0.0,0.0
1,2048,transformer.h.0.mlp.w1.weight,transformer.h.0.mlp.w1.weight,"[1024, 384]",local_cross,0.0,0.0,,,0.923480212688446,0.3930787146091461,1.0090100765228271,0.923480212688446,0.3930787146091461,1.0090100765228271,0.9222401976585388,0.3943740427494049,0.9222401976585388,0.3943740427494049,1.0000011920928955,0.0,0.0,0.0,0.0,0.0,0.0
1,2048,transformer.h.0.mlp.w1.weight,transformer.h.0.mlp.w1.weight,"[1024, 384]",medium_cross,0.0,0.0,,,0.923480212688446,0.3930787146091461,1.0090100765228271,0.923480212688446,0.3930787146091461,1.0090100765228271,0.9222401976585388,0.3943740427494049,0.9222401976585388,0.3943740427494049,1.0000011920928955,0.0,0.0,0.0,0.0,0.0,0.0
1,2048,transformer.h.0.mlp.w1.weight,transformer.h.0.mlp.w1.weight,"[1024, 384]",distant_cross,0.0,0.0,,,0.923480212688446,0.3930787146091461,1.0090100765228271,0.923480212688446,0.3930787146091461,1.0090100765228271,0.9222401976585388,0.3943740427494049,0.9222401976585388,0.3943740427494049,1.0000011920928955,0.0,0.0,0.0,0.0,0.0,0.0
1,2048,transformer.h.0.mlp.w2.weight,transformer.h.0.mlp.w2.weight,"[1024, 384]",danger_diagonal,0.0,0.0,,,0.9223043322563171,0.39560413360595703,1.0067678689956665,0.9223043322563171,0.39560413360595703,1.0067678689956665,0.9205299019813538,0.39868995547294617,0.9205299019813538,0.39868995547294617,0.9999988079071045,0.0,0.0,0.0,0.0,0.0,0.0
1,2048,transformer.h.0.mlp.w2.weight,transformer.h.0.mlp.w2.weight,"[1024, 384]",danger_cross,0.0,0.0,,,0.9223043322563171,0.39560413360595703,1.0067678689956665,0.9223043322563171,0.39560413360595703,1.0067678689956665,0.9205299019813538,0.39868995547294617,0.9205299019813538,0.39868995547294617,0.9999988079071045,0.0,0.0,0.0,0.0,0.0,0.0
1,2048,transformer.h.0.mlp.w2.weight,transformer.h.0.mlp.w2.weight,"[1024, 384]",danger_full,0.0,0.0,,,0.9223043322563171,0.39560413360595703,1.0067678689956665,0.9223043322563171,0.39560413360595703,1.0067678689956665,0.9205299019813538,0.39868995547294617,0.9205299019813538,0.39868995547294617,0.9999988079071045,0.0,0.0,0.0,0.0,0.0,0.0
1,2048,transformer.h.0.mlp.w2.weight,transformer.h.0.mlp.w2.weight,"[1024, 384]",internal_cross,0.0,0.0,,,0.9223043322563171,0.39560413360595703,1.0067678689956665,0.9223043322563171,0.39560413360595703,1.0067678689956665,0.9205299019813538,0.39868995547294617,0.9205299019813538,0.39868995547294617,0.9999988079071045,0.0,0.0,0.0,0.0,0.0,0.0
1,2048,transformer.h.0.mlp.w2.weight,transformer.h.0.mlp.w2.weight,"[1024, 384]",outside_cross,0.0,0.0,,,0.9223043322563171,0.39560413360595703,1.0067678689956665,0.9223043322563171,0.39560413360595703,1.0067678689956665,0.9205299019813538,0.39868995547294617,0.9205299019813538,0.39868995547294617,0.9999988079071045,0.0,0.0,0.0,0.0,0.0,0.0
1,2048,transformer.h.0.mlp.w2.weight,transformer.h.0.mlp.w2.weight,"[1024, 384]",local_cross,0.0,0.0,,,0.9223043322563171,0.39560413360595703,1.0067678689956665,0.9223043322563171,0.39560413360595703,1.0067678689956665,0.9205299019813538,0.39868995547294617,0.9205299019813538,0.39868995547294617,0.9999988079071045,0.0,0.0,0.0,0.0,0.0,0.0
1,2048,transformer.h.0.mlp.w2.weight,transformer.h.0.mlp.w2.weight,"[1024, 384]",medium_cross,0.0,0.0,,,0.9223043322563171,0.39560413360595703,1.0067678689956665,0.9223043322563171,0.39560413360595703,1.0067678689956665,0.9205299019813538,0.39868995547294617,0.9205299019813538,0.39868995547294617,0.9999988079071045,0.0,0.0,0.0,0.0,0.0,0.0
1,2048,transformer.h.0.mlp.w2.weight,transformer.h.0.mlp.w2.weight,"[1024, 384]",distant_cross,0.0,0.0,,,0.9223043322563171,0.39560413360595703,1.0067678689956665,0.9223043322563171,0.39560413360595703,1.0067678689956665,0.9205299019813538,0.39868995547294617,0.9205299019813538,0.39868995547294617,0.9999988079071045,0.0,0.0,0.0,0.0,0.0,0.0
1,2048,transformer.h.0.mlp.c_proj.weight,transformer.h.0.mlp.c_proj.weight,"[384, 1024]",danger_diagonal,0.0,0.0,,,0.8794076442718506,0.49476155638694763,1.0140794515609741,0.8794076442718506,0.49476155638694763,1.0140794515609741,0.8729764223098755,0.5040431022644043,0.8729764223098755,0.5040431022644043,1.000000238418579,0.0,0.0,0.0,0.0,0.0,0.0
1,2048,transformer.h.0.mlp.c_proj.weight,transformer.h.0.mlp.c_proj.weight,"[384, 1024]",danger_cross,0.0,0.0,,,0.8794076442718506,0.49476155638694763,1.0140794515609741,0.8794076442718506,0.49476155638694763,1.0140794515609741,0.8729764223098755,0.5040431022644043,0.8729764223098755,0.5040431022644043,1.000000238418579,0.0,0.0,0.0,0.0,0.0,0.0
1,2048,transformer.h.0.mlp.c_proj.weight,transformer.h.0.mlp.c_proj.weight,"[384, 1024]",danger_full,0.0,0.0,,,0.8794076442718506,0.49476155638694763,1.0140794515609741,0.8794076442718506,0.49476155638694763,1.0140794515609741,0.8729764223098755,0.5040431022644043,0.8729764223098755,0.5040431022644043,1.000000238418579,0.0,0.0,0.0,0.0,0.0,0.0
1,2048,transformer.h.0.mlp.c_proj.weight,transformer.h.0.mlp.c_proj.weight,"[384, 1024]",internal_cross,0.0,0.0,,,0.8794076442718506,0.49476155638694763,1.0140794515609741,0.8794076442718506,0.49476155638694763,1.0140794515609741,0.8729764223098755,0.5040431022644043,0.8729764223098755,0.5040431022644043,1.000000238418579,0.0,0.0,0.0,0.0,0.0,0.0
1,2048,transformer.h.0.mlp.c_proj.weight,transformer.h.0.mlp.c_proj.weight,"[384, 1024]",outside_cross,0.0,0.0,,,0.8794076442718506,0.49476155638694763,1.0140794515609741,0.8794076442718506,0.49476155638694763,1.0140794515609741,0.8729764223098755,0.5040431022644043,0.8729764223098755,0.5040431022644043,1.000000238418579,0.0,0.0,0.0,0.0,0.0,0.0
1,2048,transformer.h.0.mlp.c_proj.weight,transformer.h.0.mlp.c_proj.weight,"[384, 1024]",local_cross,0.0,0.0,,,0.8794076442718506,0.49476155638694763,1.0140794515609741,0.8794076442718506,0.49476155638694763,1.0140794515609741,0.8729764223098755,0.5040431022644043,0.8729764223098755,0.5040431022644043,1.000000238418579,0.0,0.0,0.0,0.0,0.0,0.0
1,2048,transformer.h.0.mlp.c_proj.weight,transformer.h.0.mlp.c_proj.weight,"[384, 1024]",medium_cross,0.0,0.0,,,0.8794076442718506,0.49476155638694763,1.0140794515609741,0.8794076442718506,0.49476155638694763,1.0140794515609741,0.8729764223098755,0.5040431022644043,0.8729764223098755,0.5040431022644043,1.000000238418579,0.0,0.0,0.0,0.0,0.0,0.0
1,2048,transformer.h.0.mlp.c_proj.weight,transformer.h.0.mlp.c_proj.weight,"[384, 1024]",distant_cross,0.0,0.0,,,0.8794076442718506,0.49476155638694763,1.0140794515609741,0.8794076442718506,0.49476155638694763,1.0140794515609741,0.8729764223098755,0.5040431022644043,0.8729764223098755,0.5040431022644043,1.000000238418579,0.0,0.0,0.0,0.0,0.0,0.0
1,2048,transformer.h.1.attn.c_attn.weight,transformer.h.1.attn.c_attn.weight,"[1152, 384]",danger_diagonal,0.0017840812215581536,0.03528070456187261,,,0.5539698600769043,0.9625129103660583,1.0369912385940552,0.5591240525245667,0.9572240114212036,1.0375523567199707,0.5591173768043518,0.9390252232551575,0.564434826374054,0.9333454966545105,1.0000001192092896,0.0051541924476623535,0.005288898944854736,0.011555704393768181,0.005494886237778657,0.0053174495697021484,0.005679726600646973
1,2048,transformer.h.1.attn.c_attn.weight,transformer.h.1.attn.c_attn.weight,"[1152, 384]",danger_cross,0.04313073679804802,0.8529223692959649,,,0.5539698600769043,0.9625129103660583,1.0369912385940552,0.7393104434013367,0.7544209361076355,1.079495906829834,0.5591173768043518,0.9390252232551575,0.7308456897735596,0.733698308467865,0.9999992251396179,0.18534058332443237,0.20809197425842285,0.4155337649522714,0.21619655385119177,0.17172831296920776,0.20532691478729248
1,2048,transformer.h.1.attn.c_attn.weight,transformer.h.1.attn.c_attn.weight,"[1152, 384]",danger_full,0.04316762089729309,0.8536517626625738,,,0.5539698600769043,0.9625129103660583,1.0369912385940552,0.7457660436630249,0.7449669241905212,1.0791397094726562,0.5591173768043518,0.9390252232551575,0.7382180094718933,0.7235790491104126,1.0,0.1917961835861206,0.2175459861755371,0.43000722690890353,0.22601877214592483,0.1791006326675415,0.21544617414474487
1,2048,transformer.h.1.attn.c_attn.weight,transformer.h.1.attn.c_attn.weight,"[1152, 384]",internal_cross,0.024401161819696426,0.48253979175638895,,,0.5539698600769043,0.9625129103660583,1.0369912385940552,0.6330172419548035,0.8902863264083862,1.0726953744888306,0.5591173768043518,0.9390252232551575,0.6267642974853516,0.8639867901802063,1.0000001192092896,0.07904738187789917,0.07222658395767212,0.177224305719628,0.07503960017554803,0.06764692068099976,0.07503843307495117
1,2048,transformer.h.1.attn.c_attn.weight,transformer.h.1.attn.c_attn.weight,"[1152, 384]",outside_cross,0.03556463494896889,0.7033005915445768,,,0.5539698600769043,0.9625129103660583,1.0369912385940552,0.5953883528709412,0.9161372780799866,1.03560471534729,0.5591173768043518,0.9390252232551575,0.6050454378128052,0.8887699842453003,0.9999998807907104,0.041418492794036865,0.04637563228607178,0.0928603004298728,0.04818182882184346,0.04592806100845337,0.05025523900985718
1,2048,transformer.h.1.attn.c_attn.weight,transformer.h.1.attn.c_attn.weight,"[1152, 384]",local_cross,0.025890549644827843,0.5119928520776108,,,0.5539698600769043,0.9625129103660583,1.0369912385940552,0.6155615448951721,0.9073116183280945,1.0651484727859497,0.5591173768043518,0.9390252232551575,0.6144065260887146,0.8781744837760925,0.9999998211860657,0.06159168481826782,0.05520129203796387,0.13808861622868676,0.05735122245474086,0.05528914928436279,0.06085073947906494
1,2048,transformer.h.1.attn.c_attn.weight,transformer.h.1.attn.c_attn.weight,"[1152, 384]",medium_cross,0.03159414976835251,0.6247831378928437,,,0.5539698600769043,0.9625129103660583,1.0369912385940552,0.5799940824508667,0.9375190734863281,1.0440335273742676,0.5591173768043518,0.9390252232551575,0.5922089219093323,0.9030979871749878,0.9999991059303284,0.026024222373962402,0.024993836879730225,0.0583463314350225,0.025967274423596757,0.03309154510498047,0.03592723608016968
1,2048,transformer.h.1.attn.c_attn.weight,transformer.h.1.attn.c_attn.weight,"[1152, 384]",distant_cross,0.013847370631992817,0.27383562268505457,,,0.5539698600769043,0.9625129103660583,1.0369912385940552,0.5545514822006226,0.961984395980835,1.0371894836425781,0.5591173768043518,0.9390252232551575,0.5595126152038574,0.9386038780212402,1.000000238418579,0.0005816221237182617,0.0005285143852233887,0.0013039973572605312,0.0005490984895178046,0.00039523839950561523,0.00042134523391723633
1,2048,transformer.h.1.attn.c_proj.weight,transformer.h.1.attn.c_proj.weight,"[384, 384]",danger_diagonal,0.004723760765045881,0.03268224284347668,,,0.5019442439079285,1.0398287773132324,1.0791712999343872,0.505561888217926,1.0360989570617676,1.0792301893234253,0.4603023827075958,1.0382646322250366,0.46264776587486267,1.0366805791854858,1.0000003576278687,0.0036176443099975586,0.0037298202514648438,0.007263532778705189,0.0035869561728250694,0.0023453831672668457,0.0015840530395507812
1,2048,transformer.h.1.attn.c_proj.weight,transformer.h.1.attn.c_proj.weight,"[384, 384]",danger_cross,0.11992911249399185,0.8297525157358819,,,0.5019442439079285,1.0398287773132324,1.0791712999343872,0.8648108243942261,0.5598050355911255,1.1123586893081665,0.4603023827075958,1.0382646322250366,0.7951086163520813,0.6401451230049133,1.0000008344650269,0.3628665804862976,0.48002374172210693,0.7285661816931545,0.4616372927881637,0.3348062336444855,0.3981195092201233
1,2048,transformer.h.1.attn.c_proj.weight,transformer.h.1.attn.c_proj.weight,"[384, 384]",danger_full,0.12002210319042206,0.8303958896648507,,,0.5019442439079285,1.0398287773132324,1.0791712999343872,0.8703742623329163,0.54866623878479,1.1124160289764404,0.4603023827075958,1.0382646322250366,0.7951086163520813,0.6401451826095581,1.0000008344650269,0.3684300184249878,0.4911625385284424,0.7397364931906923,0.4723494379502898,0.3348062336444855,0.3981194496154785
1,2048,transformer.h.1.attn.c_proj.weight,transformer.h.1.attn.c_proj.weight,"[384, 384]",internal_cross,0.06461457908153534,0.44704833072791206,,,0.5019442439079285,1.0398287773132324,1.0791712999343872,0.6189254522323608,0.9126631021499634,1.0837078094482422,0.4603023827075958,1.0382646322250366,0.5489267110824585,0.9498161673545837,1.0000008344650269,0.11698120832443237,0.12716567516326904,0.23487572805564966,0.12229482193390225,0.08862432837486267,0.08844846487045288
1,2048,transformer.h.1.attn.c_proj.weight,transformer.h.1.attn.c_proj.weight,"[384, 384]",outside_cross,0.10103442519903183,0.6990260057917571,,,0.5019442439079285,1.0398287773132324,1.0791712999343872,0.555225670337677,0.9860603213310242,1.0849326848983765,0.4603023827075958,1.0382646322250366,0.5134189128875732,0.986491858959198,1.0000004768371582,0.053281426429748535,0.05376845598220825,0.10697883877061111,0.0517089516613862,0.05311653017997742,0.05177277326583862
1,2048,transformer.h.1.attn.c_proj.weight,transformer.h.1.attn.c_proj.weight,"[384, 384]",local_cross,0.07018483430147171,0.4855872074519825,,,0.5019442439079285,1.0398287773132324,1.0791712999343872,0.5832520723342896,0.9519659280776978,1.079660177230835,0.4603023827075958,1.0382646322250366,0.5250418186187744,0.974638044834137,1.0000004768371582,0.08130782842636108,0.08786284923553467,0.16325045425502593,0.0844974202989069,0.06473943591117859,0.06362658739089966
1,2048,transformer.h.1.attn.c_proj.weight,transformer.h.1.attn.c_proj.weight,"[384, 384]",medium_cross,0.08969123661518097,0.620545984817798,,,0.5019442439079285,1.0398287773132324,1.0791712999343872,0.548646867275238,0.9917808175086975,1.0821653604507446,0.4603023827075958,1.0382646322250366,0.5039606094360352,0.9960327744483948,1.0000003576278687,0.04670262336730957,0.04804795980453491,0.09376986973056092,0.04620756883521142,0.04365822672843933,0.042231857776641846
1,2048,transformer.h.1.attn.c_proj.weight,transformer.h.1.attn.c_proj.weight,"[384, 384]",distant_cross,0.03758431226015091,0.26003425691677234,,,0.5019442439079285,1.0398287773132324,1.0791712999343872,0.5046722888946533,1.0370426177978516,1.0792609453201294,0.4603023827075958,1.0382646322250366,0.4607739746570587,1.0384865999221802,1.0000008344650269,0.0027280449867248535,0.0027861595153808594,0.005477388732799912,0.0026794406696262953,0.0004715919494628906,-0.0002219676971435547
1,2048,transformer.h.1.mlp.w1.weight,transformer.h.1.mlp.w1.weight,"[1024, 384]",danger_diagonal,0.0,0.0,,,0.9026660919189453,0.4432855546474457,1.0089448690414429,0.9026660919189453,0.4432855546474457,1.0089448690414429,0.8965840935707092,0.45480072498321533,0.8965840935707092,0.45480072498321533,1.0000007152557373,0.0,0.0,0.0,0.0,0.0,0.0
1,2048,transformer.h.1.mlp.w1.weight,transformer.h.1.mlp.w1.weight,"[1024, 384]",danger_cross,0.0,0.0,,,0.9026660919189453,0.4432855546474457,1.0089448690414429,0.9026660919189453,0.4432855546474457,1.0089448690414429,0.8965840935707092,0.45480072498321533,0.8965840935707092,0.45480072498321533,1.0000007152557373,0.0,0.0,0.0,0.0,0.0,0.0
1,2048,transformer.h.1.mlp.w1.weight,transformer.h.1.mlp.w1.weight,"[1024, 384]",danger_full,0.0,0.0,,,0.9026660919189453,0.4432855546474457,1.0089448690414429,0.9026660919189453,0.4432855546474457,1.0089448690414429,0.8965840935707092,0.45480072498321533,0.8965840935707092,0.45480072498321533,1.0000007152557373,0.0,0.0,0.0,0.0,0.0,0.0
1,2048,transformer.h.1.mlp.w1.weight,transformer.h.1.mlp.w1.weight,"[1024, 384]",internal_cross,0.0,0.0,,,0.9026660919189453,0.4432855546474457,1.0089448690414429,0.9026660919189453,0.4432855546474457,1.0089448690414429,0.8965840935707092,0.45480072498321533,0.8965840935707092,0.45480072498321533,1.0000007152557373,0.0,0.0,0.0,0.0,0.0,0.0
1,2048,transformer.h.1.mlp.w1.weight,transformer.h.1.mlp.w1.weight,"[1024, 384]",outside_cross,0.0,0.0,,,0.9026660919189453,0.4432855546474457,1.0089448690414429,0.9026660919189453,0.4432855546474457,1.0089448690414429,0.8965840935707092,0.45480072498321533,0.8965840935707092,0.45480072498321533,1.0000007152557373,0.0,0.0,0.0,0.0,0.0,0.0
1,2048,transformer.h.1.mlp.w1.weight,transformer.h.1.mlp.w1.weight,"[1024, 384]",local_cross,0.0,0.0,,,0.9026660919189453,0.4432855546474457,1.0089448690414429,0.9026660919189453,0.4432855546474457,1.0089448690414429,0.8965840935707092,0.45480072498321533,0.8965840935707092,0.45480072498321533,1.0000007152557373,0.0,0.0,0.0,0.0,0.0,0.0
1,2048,transformer.h.1.mlp.w1.weight,transformer.h.1.mlp.w1.weight,"[1024, 384]",medium_cross,0.0,0.0,,,0.9026660919189453,0.4432855546474457,1.0089448690414429,0.9026660919189453,0.4432855546474457,1.0089448690414429,0.8965840935707092,0.45480072498321533,0.8965840935707092,0.45480072498321533,1.0000007152557373,0.0,0.0,0.0,0.0,0.0,0.0
1,2048,transformer.h.1.mlp.w1.weight,transformer.h.1.mlp.w1.weight,"[1024, 384]",distant_cross,0.0,0.0,,,0.9026660919189453,0.4432855546474457,1.0089448690414429,0.9026660919189453,0.4432855546474457,1.0089448690414429,0.8965840935707092,0.45480072498321533,0.8965840935707092,0.45480072498321533,1.0000007152557373,0.0,0.0,0.0,0.0,0.0,0.0
1,2048,transformer.h.1.mlp.w2.weight,transformer.h.1.mlp.w2.weight,"[1024, 384]",danger_diagonal,0.0,0.0,,,0.9018332958221436,0.445295125246048,1.0094499588012695,0.9018332958221436,0.445295125246048,1.0094499588012695,0.8957509994506836,0.4566285014152527,0.8957509994506836,0.4566285014152527,0.999998152256012,0.0,0.0,0.0,0.0,0.0,0.0
1,2048,transformer.h.1.mlp.w2.weight,transformer.h.1.mlp.w2.weight,"[1024, 384]",danger_cross,0.0,0.0,,,0.9018332958221436,0.445295125246048,1.0094499588012695,0.9018332958221436,0.445295125246048,1.0094499588012695,0.8957509994506836,0.4566285014152527,0.8957509994506836,0.4566285014152527,0.999998152256012,0.0,0.0,0.0,0.0,0.0,0.0
1,2048,transformer.h.1.mlp.w2.weight,transformer.h.1.mlp.w2.weight,"[1024, 384]",danger_full,0.0,0.0,,,0.9018332958221436,0.445295125246048,1.0094499588012695,0.9018332958221436,0.445295125246048,1.0094499588012695,0.8957509994506836,0.4566285014152527,0.8957509994506836,0.4566285014152527,0.999998152256012,0.0,0.0,0.0,0.0,0.0,0.0
1,2048,transformer.h.1.mlp.w2.weight,transformer.h.1.mlp.w2.weight,"[1024, 384]",internal_cross,0.0,0.0,,,0.9018332958221436,0.445295125246048,1.0094499588012695,0.9018332958221436,0.445295125246048,1.0094499588012695,0.8957509994506836,0.4566285014152527,0.8957509994506836,0.4566285014152527,0.999998152256012,0.0,0.0,0.0,0.0,0.0,0.0
1,2048,transformer.h.1.mlp.w2.weight,transformer.h.1.mlp.w2.weight,"[1024, 384]",outside_cross,0.0,0.0,,,0.9018332958221436,0.445295125246048,1.0094499588012695,0.9018332958221436,0.445295125246048,1.0094499588012695,0.8957509994506836,0.4566285014152527,0.8957509994506836,0.4566285014152527,0.999998152256012,0.0,0.0,0.0,0.0,0.0,0.0
1,2048,transformer.h.1.mlp.w2.weight,transformer.h.1.mlp.w2.weight,"[1024, 384]",local_cross,0.0,0.0,,,0.9018332958221436,0.445295125246048,1.0094499588012695,0.9018332958221436,0.445295125246048,1.0094499588012695,0.8957509994506836,0.4566285014152527,0.8957509994506836,0.4566285014152527,0.999998152256012,0.0,0.0,0.0,0.0,0.0,0.0
1,2048,transformer.h.1.mlp.w2.weight,transformer.h.1.mlp.w2.weight,"[1024, 384]",medium_cross,0.0,0.0,,,0.9018332958221436,0.445295125246048,1.0094499588012695,0.9018332958221436,0.445295125246048,1.0094499588012695,0.8957509994506836,0.4566285014152527,0.8957509994506836,0.4566285014152527,0.999998152256012,0.0,0.0,0.0,0.0,0.0,0.0
1,2048,transformer.h.1.mlp.w2.weight,transformer.h.1.mlp.w2.weight,"[1024, 384]",distant_cross,0.0,0.0,,,0.9018332958221436,0.445295125246048,1.0094499588012695,0.9018332958221436,0.445295125246048,1.0094499588012695,0.8957509994506836,0.4566285014152527,0.8957509994506836,0.4566285014152527,0.999998152256012,0.0,0.0,0.0,0.0,0.0,0.0
1,2048,transformer.h.1.mlp.c_proj.weight,transformer.h.1.mlp.c_proj.weight,"[384, 1024]",danger_diagonal,0.0,0.0,,,0.8855544924736023,0.48151737451553345,1.0122557878494263,0.8855544924736023,0.48151737451553345,1.0122557878494263,0.8784268498420715,0.4931081533432007,0.8784268498420715,0.4931081533432007,0.9999997019767761,0.0,0.0,0.0,0.0,0.0,0.0
1,2048,transformer.h.1.mlp.c_proj.weight,transformer.h.1.mlp.c_proj.weight,"[384, 1024]",danger_cross,0.0,0.0,,,0.8855544924736023,0.48151737451553345,1.0122557878494263,0.8855544924736023,0.48151737451553345,1.0122557878494263,0.8784268498420715,0.4931081533432007,0.8784268498420715,0.4931081533432007,0.9999997019767761,0.0,0.0,0.0,0.0,0.0,0.0
1,2048,transformer.h.1.mlp.c_proj.weight,transformer.h.1.mlp.c_proj.weight,"[384, 1024]",danger_full,0.0,0.0,,,0.8855544924736023,0.48151737451553345,1.0122557878494263,0.8855544924736023,0.48151737451553345,1.0122557878494263,0.8784268498420715,0.4931081533432007,0.8784268498420715,0.4931081533432007,0.9999997019767761,0.0,0.0,0.0,0.0,0.0,0.0
1,2048,transformer.h.1.mlp.c_proj.weight,transformer.h.1.mlp.c_proj.weight,"[384, 1024]",internal_cross,0.0,0.0,,,0.8855544924736023,0.48151737451553345,1.0122557878494263,0.8855544924736023,0.48151737451553345,1.0122557878494263,0.8784268498420715,0.4931081533432007,0.8784268498420715,0.4931081533432007,0.9999997019767761,0.0,0.0,0.0,0.0,0.0,0.0
1,2048,transformer.h.1.mlp.c_proj.weight,transformer.h.1.mlp.c_proj.weight,"[384, 1024]",outside_cross,0.0,0.0,,,0.8855544924736023,0.48151737451553345,1.0122557878494263,0.8855544924736023,0.48151737451553345,1.0122557878494263,0.8784268498420715,0.4931081533432007,0.8784268498420715,0.4931081533432007,0.9999997019767761,0.0,0.0,0.0,0.0,0.0,0.0
1,2048,transformer.h.1.mlp.c_proj.weight,transformer.h.1.mlp.c_proj.weight,"[384, 1024]",local_cross,0.0,0.0,,,0.8855544924736023,0.48151737451553345,1.0122557878494263,0.8855544924736023,0.48151737451553345,1.0122557878494263,0.8784268498420715,0.4931081533432007,0.8784268498420715,0.4931081533432007,0.9999997019767761,0.0,0.0,0.0,0.0,0.0,0.0
1,2048,transformer.h.1.mlp.c_proj.weight,transformer.h.1.mlp.c_proj.weight,"[384, 1024]",medium_cross,0.0,0.0,,,0.8855544924736023,0.48151737451553345,1.0122557878494263,0.8855544924736023,0.48151737451553345,1.0122557878494263,0.8784268498420715,0.4931081533432007,0.8784268498420715,0.4931081533432007,0.9999997019767761,0.0,0.0,0.0,0.0,0.0,0.0
1,2048,transformer.h.1.mlp.c_proj.weight,transformer.h.1.mlp.c_proj.weight,"[384, 1024]",distant_cross,0.0,0.0,,,0.8855544924736023,0.48151737451553345,1.0122557878494263,0.8855544924736023,0.48151737451553345,1.0122557878494263,0.8784268498420715,0.4931081533432007,0.8784268498420715,0.4931081533432007,0.9999997019767761,0.0,0.0,0.0,0.0,0.0,0.0
1,2048,transformer.h.2.attn.c_attn.weight,transformer.h.2.attn.c_attn.weight,"[1152, 384]",danger_diagonal,0.0028102342039346695,0.02955988069566297,,,0.5700534582138062,0.95931476354599,1.0652722120285034,0.580655038356781,0.9473265409469604,1.0649936199188232,0.5790404677391052,0.9175633788108826,0.5899200439453125,0.9056297540664673,1.0000001192092896,0.010601580142974854,0.011988222599029541,0.024657903047506927,0.012496651833769908,0.010879576206207275,0.011933624744415283
1,2048,transformer.h.2.attn.c_attn.weight,transformer.h.2.attn.c_attn.weight,"[1152, 384]",danger_cross,0.07741453498601913,0.8142966928140595,,,0.5700534582138062,0.95931476354599,1.0652722120285034,0.7461093068122864,0.7466335892677307,1.0839476585388184,0.5790404677391052,0.9175633788108826,0.7382398247718811,0.7235521674156189,1.0000001192092896,0.17605584859848022,0.21268117427825928,0.40948311356817524,0.2217011374787033,0.15919935703277588,0.19401121139526367
1,2048,transformer.h.2.attn.c_attn.weight,transformer.h.2.attn.c_attn.weight,"[1152, 384]",danger_full,0.07746552675962448,0.8148330576273992,,,0.5700534582138062,0.95931476354599,1.0652722120285034,0.756125807762146,0.7326067090034485,1.0854213237762451,0.5790404677391052,0.9175633788108826,0.7496418356895447,0.7076170444488525,1.0000008344650269,0.18607234954833984,0.2267080545425415,0.4327801981504736,0.23632290793122254,0.17060136795043945,0.20994633436203003
1,2048,transformer.h.2.attn.c_attn.weight,transformer.h.2.attn.c_attn.weight,"[1152, 384]",internal_cross,0.03712764382362366,0.3905328318902267,,,0.5700534582138062,0.95931476354599,1.0652722120285034,0.657545804977417,0.8668243885040283,1.0861985683441162,0.5790404677391052,0.9175633788108826,0.6500207781791687,0.8366382122039795,1.0000005960464478,0.08749234676361084,0.09249037504196167,0.20349587276624614,0.09641295907933521,0.07098031044006348,0.08092516660690308
1,2048,transformer.h.2.attn.c_attn.weight,transformer.h.2.attn.c_attn.weight,"[1152, 384]",outside_cross,0.06793054938316345,0.7145379315879377,,,0.5700534582138062,0.95931476354599,1.0652722120285034,0.6020213961601257,0.9219146966934204,1.0628372430801392,0.5790404677391052,0.9175633788108826,0.6162495017051697,0.8760740160942078,1.000000238418579,0.03196793794631958,0.03740006685256958,0.07435328544220916,0.03898623087413436,0.03720903396606445,0.041489362716674805
1,2048,transformer.h.2.attn.c_attn.weight,transformer.h.2.attn.c_attn.weight,"[1152, 384]",local_cross,0.0404856912791729,0.42585497052814847,,,0.5700534582138062,0.95931476354599,1.0652722120285034,0.6356512308120728,0.8890790939331055,1.0766841173171997,0.5790404677391052,0.9175633788108826,0.6355492472648621,0.8537594676017761,1.0000003576278687,0.0655977725982666,0.07023566961288452,0.15257192749066795,0.07321441541592348,0.056508779525756836,0.06380391120910645
1,2048,transformer.h.2.attn.c_attn.weight,transformer.h.2.attn.c_attn.weight,"[1152, 384]",medium_cross,0.060186658054590225,0.6330826196170336,,,0.5700534582138062,0.95931476354599,1.0652722120285034,0.5965979099273682,0.9295272827148438,1.065582036972046,0.5790404677391052,0.9175633788108826,0.6086134910583496,0.8847473859786987,1.0000004768371582,0.02654445171356201,0.02978748083114624,0.061738958530249514,0.03105078954590509,0.029573023319244385,0.03281599283218384
1,2048,transformer.h.2.attn.c_attn.weight,transformer.h.2.attn.c_attn.weight,"[1152, 384]",distant_cross,0.02704630419611931,0.28449071048118285,,,0.5700534582138062,0.95931476354599,1.0652722120285034,0.5703250169754028,0.9589661955833435,1.0651825666427612,0.5790404677391052,0.9175633788108826,0.579196035861969,0.9173946976661682,1.000000238418579,0.0002715587615966797,0.0003485679626464844,0.0006316105264354513,0.0003633509833185986,0.00015556812286376953,0.00016868114471435547
1,2048,transformer.h.2.attn.c_proj.weight,transformer.h.2.attn.c_proj.weight,"[384, 384]",danger_diagonal,0.004804821219295263,0.030611222113142614,,,0.5612933039665222,0.9721536040306091,1.0713224411010742,0.5669236183166504,0.9660993814468384,1.0716499090194702,0.5161981582641602,0.9836688041687012,0.5210849046707153,0.9786875247955322,0.9999998807907104,0.005630314350128174,0.006054222583770752,0.012833891985315227,0.006227639910678281,0.004886746406555176,0.004981279373168945
1,2048,transformer.h.2.attn.c_proj.weight,transformer.h.2.attn.c_proj.weight,"[384, 384]",danger_cross,0.126041978597641,0.8030057366001775,,,0.5612933039665222,0.9721536040306091,1.0713224411010742,0.8787862062454224,0.5221026539802551,1.090571641921997,0.5161981582641602,0.9836688041687012,0.8162477612495422,0.606222927570343,0.9999995231628418,0.31749290227890015,0.450050950050354,0.7237019748033939,0.4629422224887249,0.3000496029853821,0.37744587659835815
1,2048,transformer.h.2.attn.c_proj.weight,transformer.h.2.attn.c_proj.weight,"[384, 384]",danger_full,0.126133531332016,0.8035890134712844,,,0.5612933039665222,0.9721536040306091,1.0713224411010742,0.8846054077148438,0.5130287408828735,1.0984272956848145,0.5161981582641602,0.9836688041687012,0.8162477612495422,0.6062230467796326,0.9999995231628418,0.32331210374832153,0.4591248631477356,0.7369664212365921,0.4722760490154801,0.3000496029853821,0.3774457573890686
1,2048,transformer.h.2.attn.c_proj.weight,transformer.h.2.attn.c_proj.weight,"[384, 384]",internal_cross,0.06323511898517609,0.4028670754351484,,,0.5612933039665222,0.9721536040306091,1.0713224411010742,0.6651245951652527,0.8545292019844055,1.0805855989456177,0.5161981582641602,0.9836688041687012,0.5953240394592285,0.8996401429176331,1.000000238418579,0.10383129119873047,0.11762440204620361,0.23667587510633092,0.12099363882263621,0.07912588119506836,0.08402866125106812
1,2048,transformer.h.2.attn.c_proj.weight,transformer.h.2.attn.c_proj.weight,"[384, 384]",outside_cross,0.10903166979551315,0.6946340996152215,,,0.5612933039665222,0.9721536040306091,1.0713224411010742,0.615321695804596,0.9116401672363281,1.0732598304748535,0.5161981582641602,0.9836688041687012,0.5694453120231628,0.9279607534408569,0.9999995827674866,0.05402839183807373,0.060513436794281006,0.12315378891310748,0.0622467854291632,0.053247153759002686,0.05570805072784424
1,2048,transformer.h.2.attn.c_proj.weight,transformer.h.2.attn.c_proj.weight,"[384, 384]",local_cross,0.06920105963945389,0.4408757184515708,,,0.5612933039665222,0.9721536040306091,1.0713224411010742,0.6356096267700195,0.8868873119354248,1.0721489191055298,0.5161981582641602,0.9836688041687012,0.5764766931533813,0.9203523397445679,0.9999995231628418,0.07431632280349731,0.08526629209518433,0.16939865170835283,0.0877086622336892,0.06027853488922119,0.0633164644241333
1,2048,transformer.h.2.attn.c_proj.weight,transformer.h.2.attn.c_proj.weight,"[384, 384]",medium_cross,0.0965137854218483,0.6148834238959914,,,0.5612933039665222,0.9721536040306091,1.0713224411010742,0.6064621210098267,0.9246850609779358,1.0785157680511475,0.5161981582641602,0.9836688041687012,0.5611488223075867,0.9368576407432556,1.0000003576278687,0.04516881704330444,0.04746854305267334,0.10295903265597205,0.048828233373682736,0.044950664043426514,0.04681116342544556
1,2048,transformer.h.2.attn.c_proj.weight,transformer.h.2.attn.c_proj.weight,"[384, 384]",distant_cross,0.04222431778907776,0.26900854608841374,,,0.5612933039665222,0.9721536040306091,1.0713224411010742,0.5635870695114136,0.9701629877090454,1.072352647781372,0.5161981582641602,0.9836688041687012,0.5188616514205933,0.9803188443183899,0.9986971616744995,0.0022937655448913574,0.0019906163215637207,0.005228471700181936,0.0020476355930899213,0.0026634931564331055,0.0033499598503112793
1,2048,transformer.h.2.mlp.w1.weight,transformer.h.2.mlp.w1.weight,"[1024, 384]",danger_diagonal,0.0,0.0,,,0.912151575088501,0.42132145166397095,1.0097264051437378,0.912151575088501,0.42132145166397095,1.0097264051437378,0.90619295835495,0.43315643072128296,0.90619295835495,0.43315643072128296,1.0000009536743164,0.0,0.0,0.0,0.0,0.0,0.0
1,2048,transformer.h.2.mlp.w1.weight,transformer.h.2.mlp.w1.weight,"[1024, 384]",danger_cross,0.0,0.0,,,0.912151575088501,0.42132145166397095,1.0097264051437378,0.912151575088501,0.42132145166397095,1.0097264051437378,0.90619295835495,0.43315643072128296,0.90619295835495,0.43315643072128296,1.0000009536743164,0.0,0.0,0.0,0.0,0.0,0.0
1,2048,transformer.h.2.mlp.w1.weight,transformer.h.2.mlp.w1.weight,"[1024, 384]",danger_full,0.0,0.0,,,0.912151575088501,0.42132145166397095,1.0097264051437378,0.912151575088501,0.42132145166397095,1.0097264051437378,0.90619295835495,0.43315643072128296,0.90619295835495,0.43315643072128296,1.0000009536743164,0.0,0.0,0.0,0.0,0.0,0.0
1,2048,transformer.h.2.mlp.w1.weight,transformer.h.2.mlp.w1.weight,"[1024, 384]",internal_cross,0.0,0.0,,,0.912151575088501,0.42132145166397095,1.0097264051437378,0.912151575088501,0.42132145166397095,1.0097264051437378,0.90619295835495,0.43315643072128296,0.90619295835495,0.43315643072128296,1.0000009536743164,0.0,0.0,0.0,0.0,0.0,0.0
1,2048,transformer.h.2.mlp.w1.weight,transformer.h.2.mlp.w1.weight,"[1024, 384]",outside_cross,0.0,0.0,,,0.912151575088501,0.42132145166397095,1.0097264051437378,0.912151575088501,0.42132145166397095,1.0097264051437378,0.90619295835495,0.43315643072128296,0.90619295835495,0.43315643072128296,1.0000009536743164,0.0,0.0,0.0,0.0,0.0,0.0
1,2048,transformer.h.2.mlp.w1.weight,transformer.h.2.mlp.w1.weight,"[1024, 384]",local_cross,0.0,0.0,,,0.912151575088501,0.42132145166397095,1.0097264051437378,0.912151575088501,0.42132145166397095,1.0097264051437378,0.90619295835495,0.43315643072128296,0.90619295835495,0.43315643072128296,1.0000009536743164,0.0,0.0,0.0,0.0,0.0,0.0
1,2048,transformer.h.2.mlp.w1.weight,transformer.h.2.mlp.w1.weight,"[1024, 384]",medium_cross,0.0,0.0,,,0.912151575088501,0.42132145166397095,1.0097264051437378,0.912151575088501,0.42132145166397095,1.0097264051437378,0.90619295835495,0.43315643072128296,0.90619295835495,0.43315643072128296,1.0000009536743164,0.0,0.0,0.0,0.0,0.0,0.0
1,2048,transformer.h.2.mlp.w1.weight,transformer.h.2.mlp.w1.weight,"[1024, 384]",distant_cross,0.0,0.0,,,0.912151575088501,0.42132145166397095,1.0097264051437378,0.912151575088501,0.42132145166397095,1.0097264051437378,0.90619295835495,0.43315643072128296,0.90619295835495,0.43315643072128296,1.0000009536743164,0.0,0.0,0.0,0.0,0.0,0.0
1,2048,transformer.h.2.mlp.w2.weight,transformer.h.2.mlp.w2.weight,"[1024, 384]",danger_diagonal,0.0,0.0,,,0.9105700850486755,0.4248499870300293,1.0086698532104492,0.9105700850486755,0.4248499870300293,1.0086698532104492,0.9046412110328674,0.43672382831573486,0.9046412110328674,0.43672382831573486,1.0,0.0,0.0,0.0,0.0,0.0,0.0
1,2048,transformer.h.2.mlp.w2.weight,transformer.h.2.mlp.w2.weight,"[1024, 384]",danger_cross,0.0,0.0,,,0.9105700850486755,0.4248499870300293,1.0086698532104492,0.9105700850486755,0.4248499870300293,1.0086698532104492,0.9046412110328674,0.43672382831573486,0.9046412110328674,0.43672382831573486,1.0,0.0,0.0,0.0,0.0,0.0,0.0
1,2048,transformer.h.2.mlp.w2.weight,transformer.h.2.mlp.w2.weight,"[1024, 384]",danger_full,0.0,0.0,,,0.9105700850486755,0.4248499870300293,1.0086698532104492,0.9105700850486755,0.4248499870300293,1.0086698532104492,0.9046412110328674,0.43672382831573486,0.9046412110328674,0.43672382831573486,1.0,0.0,0.0,0.0,0.0,0.0,0.0
1,2048,transformer.h.2.mlp.w2.weight,transformer.h.2.mlp.w2.weight,"[1024, 384]",internal_cross,0.0,0.0,,,0.9105700850486755,0.4248499870300293,1.0086698532104492,0.9105700850486755,0.4248499870300293,1.0086698532104492,0.9046412110328674,0.43672382831573486,0.9046412110328674,0.43672382831573486,1.0,0.0,0.0,0.0,0.0,0.0,0.0
1,2048,transformer.h.2.mlp.w2.weight,transformer.h.2.mlp.w2.weight,"[1024, 384]",outside_cross,0.0,0.0,,,0.9105700850486755,0.4248499870300293,1.0086698532104492,0.9105700850486755,0.4248499870300293,1.0086698532104492,0.9046412110328674,0.43672382831573486,0.9046412110328674,0.43672382831573486,1.0,0.0,0.0,0.0,0.0,0.0,0.0
1,2048,transformer.h.2.mlp.w2.weight,transformer.h.2.mlp.w2.weight,"[1024, 384]",local_cross,0.0,0.0,,,0.9105700850486755,0.4248499870300293,1.0086698532104492,0.9105700850486755,0.4248499870300293,1.0086698532104492,0.9046412110328674,0.43672382831573486,0.9046412110328674,0.43672382831573486,1.0,0.0,0.0,0.0,0.0,0.0,0.0
1,2048,transformer.h.2.mlp.w2.weight,transformer.h.2.mlp.w2.weight,"[1024, 384]",medium_cross,0.0,0.0,,,0.9105700850486755,0.4248499870300293,1.0086698532104492,0.9105700850486755,0.4248499870300293,1.0086698532104492,0.9046412110328674,0.43672382831573486,0.9046412110328674,0.43672382831573486,1.0,0.0,0.0,0.0,0.0,0.0,0.0
1,2048,transformer.h.2.mlp.w2.weight,transformer.h.2.mlp.w2.weight,"[1024, 384]",distant_cross,0.0,0.0,,,0.9105700850486755,0.4248499870300293,1.0086698532104492,0.9105700850486755,0.4248499870300293,1.0086698532104492,0.9046412110328674,0.43672382831573486,0.9046412110328674,0.43672382831573486,1.0,0.0,0.0,0.0,0.0,0.0,0.0
1,2048,transformer.h.2.mlp.c_proj.weight,transformer.h.2.mlp.c_proj.weight,"[384, 1024]",danger_diagonal,0.0,0.0,,,0.9254727363586426,0.38776591420173645,1.0082402229309082,0.9254727363586426,0.38776591420173645,1.0082402229309082,0.9246063232421875,0.3883296549320221,0.9246063232421875,0.3883296549320221,0.9999991059303284,0.0,0.0,0.0,0.0,0.0,0.0
1,2048,transformer.h.2.mlp.c_proj.weight,transformer.h.2.mlp.c_proj.weight,"[384, 1024]",danger_cross,0.0,0.0,,,0.9254727363586426,0.38776591420173645,1.0082402229309082,0.9254727363586426,0.38776591420173645,1.0082402229309082,0.9246063232421875,0.3883296549320221,0.9246063232421875,0.3883296549320221,0.9999991059303284,0.0,0.0,0.0,0.0,0.0,0.0
1,2048,transformer.h.2.mlp.c_proj.weight,transformer.h.2.mlp.c_proj.weight,"[384, 1024]",danger_full,0.0,0.0,,,0.9254727363586426,0.38776591420173645,1.0082402229309082,0.9254727363586426,0.38776591420173645,1.0082402229309082,0.9246063232421875,0.3883296549320221,0.9246063232421875,0.3883296549320221,0.9999991059303284,0.0,0.0,0.0,0.0,0.0,0.0
1,2048,transformer.h.2.mlp.c_proj.weight,transformer.h.2.mlp.c_proj.weight,"[384, 1024]",internal_cross,0.0,0.0,,,0.9254727363586426,0.38776591420173645,1.0082402229309082,0.9254727363586426,0.38776591420173645,1.0082402229309082,0.9246063232421875,0.3883296549320221,0.9246063232421875,0.3883296549320221,0.9999991059303284,0.0,0.0,0.0,0.0,0.0,0.0
1,2048,transformer.h.2.mlp.c_proj.weight,transformer.h.2.mlp.c_proj.weight,"[384, 1024]",outside_cross,0.0,0.0,,,0.9254727363586426,0.38776591420173645,1.0082402229309082,0.9254727363586426,0.38776591420173645,1.0082402229309082,0.9246063232421875,0.3883296549320221,0.9246063232421875,0.3883296549320221,0.9999991059303284,0.0,0.0,0.0,0.0,0.0,0.0
1,2048,transformer.h.2.mlp.c_proj.weight,transformer.h.2.mlp.c_proj.weight,"[384, 1024]",local_cross,0.0,0.0,,,0.9254727363586426,0.38776591420173645,1.0082402229309082,0.9254727363586426,0.38776591420173645,1.0082402229309082,0.9246063232421875,0.3883296549320221,0.9246063232421875,0.3883296549320221,0.9999991059303284,0.0,0.0,0.0,0.0,0.0,0.0
1,2048,transformer.h.2.mlp.c_proj.weight,transformer.h.2.mlp.c_proj.weight,"[384, 1024]",medium_cross,0.0,0.0,,,0.9254727363586426,0.38776591420173645,1.0082402229309082,0.9254727363586426,0.38776591420173645,1.0082402229309082,0.9246063232421875,0.3883296549320221,0.9246063232421875,0.3883296549320221,0.9999991059303284,0.0,0.0,0.0,0.0,0.0,0.0
1,2048,transformer.h.2.mlp.c_proj.weight,transformer.h.2.mlp.c_proj.weight,"[384, 1024]",distant_cross,0.0,0.0,,,0.9254727363586426,0.38776591420173645,1.0082402229309082,0.9254727363586426,0.38776591420173645,1.0082402229309082,0.9246063232421875,0.3883296549320221,0.9246063232421875,0.3883296549320221,0.9999991059303284,0.0,0.0,0.0,0.0,0.0,0.0
1,2048,transformer.h.3.attn.c_attn.weight,transformer.h.3.attn.c_attn.weight,"[1152, 384]",danger_diagonal,0.001402193447574973,0.030173556992145623,,,0.5647926926612854,0.9553349018096924,1.0460954904556274,0.5697526931762695,0.949946403503418,1.0462106466293335,0.5788047313690186,0.9178211092948914,0.5834658741950989,0.9127280712127686,0.9999998211860657,0.004960000514984131,0.005388498306274414,0.011396868644771732,0.005640428603693818,0.004661142826080322,0.005093038082122803
1,2048,transformer.h.3.attn.c_attn.weight,transformer.h.3.attn.c_attn.weight,"[1152, 384]",danger_cross,0.03837854787707329,0.825861298701257,,,0.5647926926612854,0.9553349018096924,1.0460954904556274,0.7481358647346497,0.7400110363960266,1.0757365226745605,0.5788047313690186,0.9178211092948914,0.7447199821472168,0.7145385146141052,0.9999995827674866,0.18334317207336426,0.21532386541366577,0.4212777887267213,0.22539097546397335,0.16591525077819824,0.20328259468078613
1,2048,transformer.h.3.attn.c_attn.weight,transformer.h.3.attn.c_attn.weight,"[1152, 384]",danger_full,0.038404155522584915,0.8264123451724954,,,0.5647926926612854,0.9553349018096924,1.0460954904556274,0.7543683648109436,0.731201708316803,1.0764349699020386,0.5788047313690186,0.9178211092948914,0.7506992220878601,0.706120491027832,0.9999995827674866,0.1895756721496582,0.2241331934928894,0.43559855028379524,0.23461216906062318,0.17189449071884155,0.21170061826705933
1,2048,transformer.h.3.attn.c_attn.weight,transformer.h.3.attn.c_attn.weight,"[1152, 384]",internal_cross,0.01998763717710972,0.4301104890661686,,,0.5647926926612854,0.9553349018096924,1.0460954904556274,0.6491008400917053,0.8707435727119446,1.0728031396865845,0.5788047313690186,0.9178211092948914,0.6487334370613098,0.8381742238998413,1.0000005960464478,0.08430814743041992,0.0845913290977478,0.1937195125375142,0.08854625633116336,0.06992870569229126,0.07964688539505005
1,2048,transformer.h.3.attn.c_attn.weight,transformer.h.3.attn.c_attn.weight,"[1152, 384]",outside_cross,0.03276289999485016,0.7050191483438103,,,0.5647926926612854,0.9553349018096924,1.0460954904556274,0.6034918427467346,0.9104468822479248,1.0429391860961914,0.5788047313690186,0.9178211092948914,0.6217061877250671,0.8698229789733887,0.9999994039535522,0.03869915008544922,0.04488801956176758,0.08892118636999427,0.04698668443572629,0.042901456356048584,0.047998130321502686
1,2048,transformer.h.3.attn.c_attn.weight,transformer.h.3.attn.c_attn.weight,"[1152, 384]",local_cross,0.021865732967853546,0.4705249058335011,,,0.5647926926612854,0.9553349018096924,1.0460954904556274,0.6371095776557922,0.8809900283813477,1.0637818574905396,0.5788047313690186,0.9178211092948914,0.6404967308044434,0.8479449152946472,0.9999998211860657,0.07231688499450684,0.07434487342834473,0.16616652288474515,0.07782074462841578,0.061691999435424805,0.06987619400024414
1,2048,transformer.h.3.attn.c_attn.weight,transformer.h.3.attn.c_attn.weight,"[1152, 384]",medium_cross,0.028275184333324432,0.6084487753244693,,,0.5647926926612854,0.9553349018096924,1.0460954904556274,0.5911575555801392,0.9275899529457092,1.0492950677871704,0.5788047313690186,0.9178211092948914,0.6102708578109741,0.8828702569007874,1.0000007152557373,0.02636486291885376,0.027744948863983154,0.06058000974311405,0.029042117912185406,0.031466126441955566,0.034950852394104004
1,2048,transformer.h.3.attn.c_attn.weight,transformer.h.3.attn.c_attn.weight,"[1152, 384]",distant_cross,0.013975604437291622,0.3007386018795062,,,0.5647926926612854,0.9553349018096924,1.0460954904556274,0.5650511384010315,0.9550588130950928,1.0461115837097168,0.5788047313690186,0.9178211092948914,0.5789600014686584,0.9176510572433472,1.0,0.00025844573974609375,0.0002760887145996094,0.0005938451294085228,0.00028899678434925186,0.00015527009963989258,0.00017005205154418945
1,2048,transformer.h.3.attn.c_proj.weight,transformer.h.3.attn.c_proj.weight,"[384, 384]",danger_diagonal,0.0026098161470144987,0.0313891682627831,,,0.5789693593978882,0.9430806040763855,1.0528920888900757,0.5830395221710205,0.9384980201721191,1.0528391599655151,0.5502798557281494,0.9477721452713013,0.5538474321365356,0.9446191787719727,0.9999994039535522,0.004070162773132324,0.004582583904266357,0.009667141487164983,0.004859164619077658,0.0035675764083862305,0.0031529664993286133
1,2048,transformer.h.3.attn.c_proj.weight,transformer.h.3.attn.c_proj.weight,"[384, 384]",danger_cross,0.06495188176631927,0.7811989162836853,,,0.5789693593978882,0.9430806040763855,1.0528920888900757,0.8969813585281372,0.47477006912231445,1.0701274871826172,0.5502798557281494,0.9477721452713013,0.8481694459915161,0.5510554909706116,1.0000001192092896,0.318011999130249,0.46831053495407104,0.7553179471106026,0.49657530112467446,0.2978895902633667,0.3967166543006897
1,2048,transformer.h.3.attn.c_proj.weight,transformer.h.3.attn.c_proj.weight,"[384, 384]",danger_full,0.06500429660081863,0.7818293277636084,,,0.5789693593978882,0.9430806040763855,1.0528920888900757,0.9033140540122986,0.46215400099754333,1.0752496719360352,0.5502798557281494,0.9477721452713013,0.8533779978752136,0.5415211915969849,0.9999998211860657,0.3243446946144104,0.48092660307884216,0.7703588844521344,0.5099528089116433,0.3030981421470642,0.4062509536743164
1,2048,transformer.h.3.attn.c_proj.weight,transformer.h.3.attn.c_proj.weight,"[384, 384]",internal_cross,0.03158346563577652,0.3798653473338747,,,0.5789693593978882,0.9430806040763855,1.0528920888900757,0.6803172826766968,0.8257548213005066,1.0607128143310547,0.5502798557281494,0.9477721452713013,0.6269909143447876,0.863724410533905,0.9999993443489075,0.1013479232788086,0.1173257827758789,0.2407138899294168,0.1244069512921252,0.07671105861663818,0.08404773473739624
1,2048,transformer.h.3.attn.c_proj.weight,transformer.h.3.attn.c_proj.weight,"[384, 384]",outside_cross,0.056755926460027695,0.6826233057075404,,,0.5789693593978882,0.9430806040763855,1.0528920888900757,0.6431128978729248,0.8658466339111328,1.047196865081787,0.5502798557281494,0.9477721452713013,0.6131089925765991,0.8796484470367432,1.0,0.06414353847503662,0.07723397016525269,0.1523488608413525,0.08189540727634036,0.06282913684844971,0.0681236982345581
1,2048,transformer.h.3.attn.c_proj.weight,transformer.h.3.attn.c_proj.weight,"[384, 384]",local_cross,0.03564552217721939,0.42872111689379105,,,0.5789693593978882,0.9430806040763855,1.0528920888900757,0.6655706167221069,0.8414064645767212,1.0540891885757446,0.5502798557281494,0.9477721452713013,0.6159149408340454,0.8764532804489136,1.0000008344650269,0.08660125732421875,0.1016741394996643,0.2056887289731957,0.10781065696843568,0.065635085105896,0.0713188648223877
1,2048,transformer.h.3.attn.c_proj.weight,transformer.h.3.attn.c_proj.weight,"[384, 384]",medium_cross,0.0496102049946785,0.596679223519447,,,0.5789693593978882,0.9430806040763855,1.0528920888900757,0.6297324299812317,0.885237455368042,1.0542387962341309,0.5502798557281494,0.9477721452713013,0.5991628170013428,0.8953630328178406,0.9999995827674866,0.050763070583343506,0.057843148708343506,0.12056858976046905,0.061334257600380526,0.04888296127319336,0.05240911245346069
1,2048,transformer.h.3.attn.c_proj.weight,transformer.h.3.attn.c_proj.weight,"[384, 384]",distant_cross,0.022067466750741005,0.26541311263047096,,,0.5789693593978882,0.9430806040763855,1.0528920888900757,0.5820866823196411,0.9396158456802368,1.0529379844665527,0.5502798557281494,0.9477721452713013,0.5514587163925171,0.9471448063850403,1.000000238418579,0.0031173229217529297,0.0034647583961486816,0.0074040286409912505,0.0036738730296992208,0.0011788606643676758,0.0006273388862609863
1,2048,transformer.h.3.mlp.w1.weight,transformer.h.3.mlp.w1.weight,"[1024, 384]",danger_diagonal,0.0,0.0,,,0.9170706272125244,0.4092849791049957,1.0093785524368286,0.9170706272125244,0.4092849791049957,1.0093785524368286,0.9119769334793091,0.4195919632911682,0.9119769334793091,0.4195919632911682,0.9999986290931702,0.0,0.0,0.0,0.0,0.0,0.0
1,2048,transformer.h.3.mlp.w1.weight,transformer.h.3.mlp.w1.weight,"[1024, 384]",danger_cross,0.0,0.0,,,0.9170706272125244,0.4092849791049957,1.0093785524368286,0.9170706272125244,0.4092849791049957,1.0093785524368286,0.9119769334793091,0.4195919632911682,0.9119769334793091,0.4195919632911682,0.9999986290931702,0.0,0.0,0.0,0.0,0.0,0.0
1,2048,transformer.h.3.mlp.w1.weight,transformer.h.3.mlp.w1.weight,"[1024, 384]",danger_full,0.0,0.0,,,0.9170706272125244,0.4092849791049957,1.0093785524368286,0.9170706272125244,0.4092849791049957,1.0093785524368286,0.9119769334793091,0.4195919632911682,0.9119769334793091,0.4195919632911682,0.9999986290931702,0.0,0.0,0.0,0.0,0.0,0.0
1,2048,transformer.h.3.mlp.w1.weight,transformer.h.3.mlp.w1.weight,"[1024, 384]",internal_cross,0.0,0.0,,,0.9170706272125244,0.4092849791049957,1.0093785524368286,0.9170706272125244,0.4092849791049957,1.0093785524368286,0.9119769334793091,0.4195919632911682,0.9119769334793091,0.4195919632911682,0.9999986290931702,0.0,0.0,0.0,0.0,0.0,0.0
1,2048,transformer.h.3.mlp.w1.weight,transformer.h.3.mlp.w1.weight,"[1024, 384]",outside_cross,0.0,0.0,,,0.9170706272125244,0.4092849791049957,1.0093785524368286,0.9170706272125244,0.4092849791049957,1.0093785524368286,0.9119769334793091,0.4195919632911682,0.9119769334793091,0.4195919632911682,0.9999986290931702,0.0,0.0,0.0,0.0,0.0,0.0
1,2048,transformer.h.3.mlp.w1.weight,transformer.h.3.mlp.w1.weight,"[1024, 384]",local_cross,0.0,0.0,,,0.9170706272125244,0.4092849791049957,1.0093785524368286,0.9170706272125244,0.4092849791049957,1.0093785524368286,0.9119769334793091,0.4195919632911682,0.9119769334793091,0.4195919632911682,0.9999986290931702,0.0,0.0,0.0,0.0,0.0,0.0
1,2048,transformer.h.3.mlp.w1.weight,transformer.h.3.mlp.w1.weight,"[1024, 384]",medium_cross,0.0,0.0,,,0.9170706272125244,0.4092849791049957,1.0093785524368286,0.9170706272125244,0.4092849791049957,1.0093785524368286,0.9119769334793091,0.4195919632911682,0.9119769334793091,0.4195919632911682,0.9999986290931702,0.0,0.0,0.0,0.0,0.0,0.0
1,2048,transformer.h.3.mlp.w1.weight,transformer.h.3.mlp.w1.weight,"[1024, 384]",distant_cross,0.0,0.0,,,0.9170706272125244,0.4092849791049957,1.0093785524368286,0.9170706272125244,0.4092849791049957,1.0093785524368286,0.9119769334793091,0.4195919632911682,0.9119769334793091,0.4195919632911682,0.9999986290931702,0.0,0.0,0.0,0.0,0.0,0.0
1,2048,transformer.h.3.mlp.w2.weight,transformer.h.3.mlp.w2.weight,"[1024, 384]",danger_diagonal,0.0,0.0,,,0.91402667760849,0.41667357087135315,1.0091732740402222,0.91402667760849,0.41667357087135315,1.0091732740402222,0.9088000655174255,0.4270942807197571,0.9088000655174255,0.4270942807197571,0.9999985694885254,0.0,0.0,0.0,0.0,0.0,0.0
1,2048,transformer.h.3.mlp.w2.weight,transformer.h.3.mlp.w2.weight,"[1024, 384]",danger_cross,0.0,0.0,,,0.91402667760849,0.41667357087135315,1.0091732740402222,0.91402667760849,0.41667357087135315,1.0091732740402222,0.9088000655174255,0.4270942807197571,0.9088000655174255,0.4270942807197571,0.9999985694885254,0.0,0.0,0.0,0.0,0.0,0.0
1,2048,transformer.h.3.mlp.w2.weight,transformer.h.3.mlp.w2.weight,"[1024, 384]",danger_full,0.0,0.0,,,0.91402667760849,0.41667357087135315,1.0091732740402222,0.91402667760849,0.41667357087135315,1.0091732740402222,0.9088000655174255,0.4270942807197571,0.9088000655174255,0.4270942807197571,0.9999985694885254,0.0,0.0,0.0,0.0,0.0,0.0
1,2048,transformer.h.3.mlp.w2.weight,transformer.h.3.mlp.w2.weight,"[1024, 384]",internal_cross,0.0,0.0,,,0.91402667760849,0.41667357087135315,1.0091732740402222,0.91402667760849,0.41667357087135315,1.0091732740402222,0.9088000655174255,0.4270942807197571,0.9088000655174255,0.4270942807197571,0.9999985694885254,0.0,0.0,0.0,0.0,0.0,0.0
1,2048,transformer.h.3.mlp.w2.weight,transformer.h.3.mlp.w2.weight,"[1024, 384]",outside_cross,0.0,0.0,,,0.91402667760849,0.41667357087135315,1.0091732740402222,0.91402667760849,0.41667357087135315,1.0091732740402222,0.9088000655174255,0.4270942807197571,0.9088000655174255,0.4270942807197571,0.9999985694885254,0.0,0.0,0.0,0.0,0.0,0.0
1,2048,transformer.h.3.mlp.w2.weight,transformer.h.3.mlp.w2.weight,"[1024, 384]",local_cross,0.0,0.0,,,0.91402667760849,0.41667357087135315,1.0091732740402222,0.91402667760849,0.41667357087135315,1.0091732740402222,0.9088000655174255,0.4270942807197571,0.9088000655174255,0.4270942807197571,0.9999985694885254,0.0,0.0,0.0,0.0,0.0,0.0
1,2048,transformer.h.3.mlp.w2.weight,transformer.h.3.mlp.w2.weight,"[1024, 384]",medium_cross,0.0,0.0,,,0.91402667760849,0.41667357087135315,1.0091732740402222,0.91402667760849,0.41667357087135315,1.0091732740402222,0.9088000655174255,0.4270942807197571,0.9088000655174255,0.4270942807197571,0.9999985694885254,0.0,0.0,0.0,0.0,0.0,0.0
1,2048,transformer.h.3.mlp.w2.weight,transformer.h.3.mlp.w2.weight,"[1024, 384]",distant_cross,0.0,0.0,,,0.91402667760849,0.41667357087135315,1.0091732740402222,0.91402667760849,0.41667357087135315,1.0091732740402222,0.9088000655174255,0.4270942807197571,0.9088000655174255,0.4270942807197571,0.9999985694885254,0.0,0.0,0.0,0.0,0.0,0.0
1,2048,transformer.h.3.mlp.c_proj.weight,transformer.h.3.mlp.c_proj.weight,"[384, 1024]",danger_diagonal,0.0,0.0,,,0.9179431200027466,0.4068198800086975,1.0080004930496216,0.9179431200027466,0.4068198800086975,1.0080004930496216,0.9174987077713013,0.4062170684337616,0.9174987077713013,0.4062170684337616,1.0000009536743164,0.0,0.0,0.0,0.0,0.0,0.0
1,2048,transformer.h.3.mlp.c_proj.weight,transformer.h.3.mlp.c_proj.weight,"[384, 1024]",danger_cross,0.0,0.0,,,0.9179431200027466,0.4068198800086975,1.0080004930496216,0.9179431200027466,0.4068198800086975,1.0080004930496216,0.9174987077713013,0.4062170684337616,0.9174987077713013,0.4062170684337616,1.0000009536743164,0.0,0.0,0.0,0.0,0.0,0.0
1,2048,transformer.h.3.mlp.c_proj.weight,transformer.h.3.mlp.c_proj.weight,"[384, 1024]",danger_full,0.0,0.0,,,0.9179431200027466,0.4068198800086975,1.0080004930496216,0.9179431200027466,0.4068198800086975,1.0080004930496216,0.9174987077713013,0.4062170684337616,0.9174987077713013,0.4062170684337616,1.0000009536743164,0.0,0.0,0.0,0.0,0.0,0.0
1,2048,transformer.h.3.mlp.c_proj.weight,transformer.h.3.mlp.c_proj.weight,"[384, 1024]",internal_cross,0.0,0.0,,,0.9179431200027466,0.4068198800086975,1.0080004930496216,0.9179431200027466,0.4068198800086975,1.0080004930496216,0.9174987077713013,0.4062170684337616,0.9174987077713013,0.4062170684337616,1.0000009536743164,0.0,0.0,0.0,0.0,0.0,0.0
1,2048,transformer.h.3.mlp.c_proj.weight,transformer.h.3.mlp.c_proj.weight,"[384, 1024]",outside_cross,0.0,0.0,,,0.9179431200027466,0.4068198800086975,1.0080004930496216,0.9179431200027466,0.4068198800086975,1.0080004930496216,0.9174987077713013,0.4062170684337616,0.9174987077713013,0.4062170684337616,1.0000009536743164,0.0,0.0,0.0,0.0,0.0,0.0
1,2048,transformer.h.3.mlp.c_proj.weight,transformer.h.3.mlp.c_proj.weight,"[384, 1024]",local_cross,0.0,0.0,,,0.9179431200027466,0.4068198800086975,1.0080004930496216,0.9179431200027466,0.4068198800086975,1.0080004930496216,0.9174987077713013,0.4062170684337616,0.9174987077713013,0.4062170684337616,1.0000009536743164,0.0,0.0,0.0,0.0,0.0,0.0
1,2048,transformer.h.3.mlp.c_proj.weight,transformer.h.3.mlp.c_proj.weight,"[384, 1024]",medium_cross,0.0,0.0,,,0.9179431200027466,0.4068198800086975,1.0080004930496216,0.9179431200027466,0.4068198800086975,1.0080004930496216,0.9174987077713013,0.4062170684337616,0.9174987077713013,0.4062170684337616,1.0000009536743164,0.0,0.0,0.0,0.0,0.0,0.0
1,2048,transformer.h.3.mlp.c_proj.weight,transformer.h.3.mlp.c_proj.weight,"[384, 1024]",distant_cross,0.0,0.0,,,0.9179431200027466,0.4068198800086975,1.0080004930496216,0.9179431200027466,0.4068198800086975,1.0080004930496216,0.9174987077713013,0.4062170684337616,0.9174987077713013,0.4062170684337616,1.0000009536743164,0.0,0.0,0.0,0.0,0.0,0.0
1,2048,transformer.h.4.attn.c_attn.weight,transformer.h.4.attn.c_attn.weight,"[1152, 384]",danger_diagonal,0.001500057289376855,0.025936912054249802,,,0.6060763001441956,0.9067930579185486,1.0415024757385254,0.6129190921783447,0.898883581161499,1.0414701700210571,0.6218507289886475,0.8696572780609131,0.629444420337677,0.8608808517456055,1.0,0.00684279203414917,0.00790947675704956,0.017370856428932737,0.008722471668679248,0.007593691349029541,0.008776426315307617
1,2048,transformer.h.4.attn.c_attn.weight,transformer.h.4.attn.c_attn.weight,"[1152, 384]",danger_cross,0.04444262757897377,0.7684403330051943,,,0.6060763001441956,0.9067930579185486,1.0415024757385254,0.778810977935791,0.690392255783081,1.0672234296798706,0.6218507289886475,0.8696572780609131,0.7759451866149902,0.6694132685661316,1.0000008344650269,0.17273467779159546,0.21640080213546753,0.43849780517096304,0.2386440878056495,0.15409445762634277,0.2002440094947815
1,2048,transformer.h.4.attn.c_attn.weight,transformer.h.4.attn.c_attn.weight,"[1152, 384]",danger_full,0.04446793720126152,0.7688779519228534,,,0.6060763001441956,0.9067930579185486,1.0415024757385254,0.7867727875709534,0.679075300693512,1.0698813199996948,0.6218507289886475,0.8696572780609131,0.7856592535972595,0.6547409892082214,1.0000008344650269,0.1806964874267578,0.22771775722503662,0.45870935791093975,0.2511242838004733,0.16380852460861206,0.21491628885269165
1,2048,transformer.h.4.attn.c_attn.weight,transformer.h.4.attn.c_attn.weight,"[1152, 384]",internal_cross,0.01914052851498127,0.33095149650661715,,,0.6060763001441956,0.9067930579185486,1.0415024757385254,0.6843584179878235,0.8220574855804443,1.0639874935150146,0.6218507289886475,0.8696572780609131,0.6850081086158752,0.7937178015708923,1.0000005960464478,0.07828211784362793,0.08473557233810425,0.198724062229013,0.09344532536740649,0.06315737962722778,0.07593947649002075
1,2048,transformer.h.4.attn.c_attn.weight,transformer.h.4.attn.c_attn.weight,"[1152, 384]",outside_cross,0.04010971635580063,0.6935216361459571,,,0.6060763001441956,0.9067930579185486,1.0415024757385254,0.6487693786621094,0.853798508644104,1.0358978509902954,0.6218507289886475,0.8696572780609131,0.6681896448135376,0.814631998538971,1.0000004768371582,0.04269307851791382,0.05299454927444458,0.10837905547074624,0.05844172362334598,0.04633891582489014,0.05502527952194214
1,2048,transformer.h.4.attn.c_attn.weight,transformer.h.4.attn.c_attn.weight,"[1152, 384]",local_cross,0.021981557831168175,0.3800746386954705,,,0.6060763001441956,0.9067930579185486,1.0415024757385254,0.6804212331771851,0.8230628371238708,1.0551220178604126,0.6218507289886475,0.8696572780609131,0.6826042532920837,0.7967409491539001,1.0000007152557373,0.0743449330329895,0.08373022079467773,0.18872927183666133,0.0923366363069342,0.06075352430343628,0.07291632890701294
1,2048,transformer.h.4.attn.c_attn.weight,transformer.h.4.attn.c_attn.weight,"[1152, 384]",medium_cross,0.03344498947262764,0.5782844140354191,,,0.6060763001441956,0.9067930579185486,1.0415024757385254,0.6367127299308777,0.8722405433654785,1.0443915128707886,0.6218507289886475,0.8696572780609131,0.6563495397567749,0.8290398716926575,0.9999998211860657,0.03063642978668213,0.03455251455307007,0.07777249705437012,0.03810407926190112,0.03449881076812744,0.040617406368255615
1,2048,transformer.h.4.attn.c_attn.weight,transformer.h.4.attn.c_attn.weight,"[1152, 384]",distant_cross,0.01932337135076523,0.33411296146203107,,,0.6060763001441956,0.9067930579185486,1.0415024757385254,0.6067224144935608,0.906084418296814,1.0415747165679932,0.6218507289886475,0.8696572780609131,0.6223666667938232,0.8690637350082397,0.9999998211860657,0.0006461143493652344,0.0007086396217346191,0.0016402017690272106,0.0007814788782803758,0.0005159378051757812,0.0005935430526733398
1,2048,transformer.h.4.attn.c_proj.weight,transformer.h.4.attn.c_proj.weight,"[384, 384]",danger_diagonal,0.003269860753789544,0.0319108206044622,,,0.5896022319793701,0.9333513975143433,1.0573358535766602,0.5936918258666992,0.9285133481025696,1.0569469928741455,0.5526763796806335,0.9458581209182739,0.556264340877533,0.9420583248138428,0.9999995231628418,0.0040895938873291016,0.004838049411773682,0.009964951581129276,0.005183524045346847,0.003587961196899414,0.0037997961044311523
1,2048,transformer.h.4.attn.c_proj.weight,transformer.h.4.attn.c_proj.weight,"[384, 384]",danger_cross,0.07880434393882751,0.7690576057007582,,,0.5896022319793701,0.9333513975143433,1.0573358535766602,0.8942798972129822,0.4805522859096527,1.069390058517456,0.5526763796806335,0.9458581209182739,0.838083028793335,0.5690658688545227,1.0,0.30467766523361206,0.45279911160469055,0.7423960093718066,0.4851325158033335,0.2854066491127014,0.3767922520637512
1,2048,transformer.h.4.attn.c_proj.weight,transformer.h.4.attn.c_proj.weight,"[384, 384]",danger_full,0.07887215167284012,0.7697193465510875,,,0.5896022319793701,0.9333513975143433,1.0573358535766602,0.9018251895904541,0.46559053659439087,1.0752079486846924,0.5526763796806335,0.9458581209182739,0.8485001921653748,0.5504569411277771,0.9999995231628418,0.312222957611084,0.4677608609199524,0.7607813247059111,0.5011626512433267,0.2958238124847412,0.3954011797904968
1,2048,transformer.h.4.attn.c_proj.weight,transformer.h.4.attn.c_proj.weight,"[384, 384]",internal_cross,0.03729236498475075,0.3639390354972596,,,0.5896022319793701,0.9333513975143433,1.0573358535766602,0.6849324703216553,0.8201501965522766,1.0614646673202515,0.5526763796806335,0.9458581209182739,0.6246610283851624,0.8664170503616333,1.000000238418579,0.09533023834228516,0.11320120096206665,0.23228741911065437,0.12128465362942474,0.07198464870452881,0.07944107055664062
1,2048,transformer.h.4.attn.c_proj.weight,transformer.h.4.attn.c_proj.weight,"[384, 384]",outside_cross,0.06942193955183029,0.6774940053593665,,,0.5896022319793701,0.9333513975143433,1.0573358535766602,0.6514351963996887,0.8582805395126343,1.0526983737945557,0.5526763796806335,0.9458581209182739,0.6152978539466858,0.8771576285362244,0.9999998807907104,0.061832964420318604,0.07507085800170898,0.15066593738689724,0.08043150543475276,0.06262147426605225,0.06870049238204956
1,2048,transformer.h.4.attn.c_proj.weight,transformer.h.4.attn.c_proj.weight,"[384, 384]",local_cross,0.041850246489048004,0.40841974888894284,,,0.5896022319793701,0.9333513975143433,1.0573358535766602,0.6696509718894958,0.8367505669593811,1.0551170110702515,0.5526763796806335,0.9458581209182739,0.6161410808563232,0.8761957883834839,1.0000001192092896,0.08004873991012573,0.09660083055496216,0.19505159664051058,0.10349888671321955,0.0634647011756897,0.06966233253479004
1,2048,transformer.h.4.attn.c_proj.weight,transformer.h.4.attn.c_proj.weight,"[384, 384]",medium_cross,0.06038440018892288,0.5892959691031517,,,0.5896022319793701,0.9333513975143433,1.0573358535766602,0.6391292810440063,0.875053346157074,1.0565048456192017,0.5526763796806335,0.9458581209182739,0.6015093922615051,0.8927393555641174,1.0000001192092896,0.04952704906463623,0.05829805135726929,0.12068060044163448,0.06246098898284812,0.04883301258087158,0.053118765354156494
1,2048,transformer.h.4.attn.c_proj.weight,transformer.h.4.attn.c_proj.weight,"[384, 384]",distant_cross,0.028502855449914932,0.2781615412592257,,,0.5896022319793701,0.9333513975143433,1.0573358535766602,0.592623233795166,0.9299918413162231,1.0574721097946167,0.5526763796806335,0.9458581209182739,0.5547779202461243,0.9436341524124146,0.9999997019767761,0.0030210018157958984,0.003359556198120117,0.007361155569549878,0.0035994548324105222,0.0021015405654907227,0.002223968505859375
1,2048,transformer.h.4.mlp.w1.weight,transformer.h.4.mlp.w1.weight,"[1024, 384]",danger_diagonal,0.0,0.0,,,0.9154322147369385,0.41321560740470886,1.0089892148971558,0.9154322147369385,0.41321560740470886,1.0089892148971558,0.9101125597953796,0.4240121841430664,0.9101125597953796,0.4240121841430664,0.9999992251396179,0.0,0.0,0.0,0.0,0.0,0.0
1,2048,transformer.h.4.mlp.w1.weight,transformer.h.4.mlp.w1.weight,"[1024, 384]",danger_cross,0.0,0.0,,,0.9154322147369385,0.41321560740470886,1.0089892148971558,0.9154322147369385,0.41321560740470886,1.0089892148971558,0.9101125597953796,0.4240121841430664,0.9101125597953796,0.4240121841430664,0.9999992251396179,0.0,0.0,0.0,0.0,0.0,0.0
1,2048,transformer.h.4.mlp.w1.weight,transformer.h.4.mlp.w1.weight,"[1024, 384]",danger_full,0.0,0.0,,,0.9154322147369385,0.41321560740470886,1.0089892148971558,0.9154322147369385,0.41321560740470886,1.0089892148971558,0.9101125597953796,0.4240121841430664,0.9101125597953796,0.4240121841430664,0.9999992251396179,0.0,0.0,0.0,0.0,0.0,0.0
1,2048,transformer.h.4.mlp.w1.weight,transformer.h.4.mlp.w1.weight,"[1024, 384]",internal_cross,0.0,0.0,,,0.9154322147369385,0.41321560740470886,1.0089892148971558,0.9154322147369385,0.41321560740470886,1.0089892148971558,0.9101125597953796,0.4240121841430664,0.9101125597953796,0.4240121841430664,0.9999992251396179,0.0,0.0,0.0,0.0,0.0,0.0
1,2048,transformer.h.4.mlp.w1.weight,transformer.h.4.mlp.w1.weight,"[1024, 384]",outside_cross,0.0,0.0,,,0.9154322147369385,0.41321560740470886,1.0089892148971558,0.9154322147369385,0.41321560740470886,1.0089892148971558,0.9101125597953796,0.4240121841430664,0.9101125597953796,0.4240121841430664,0.9999992251396179,0.0,0.0,0.0,0.0,0.0,0.0
1,2048,transformer.h.4.mlp.w1.weight,transformer.h.4.mlp.w1.weight,"[1024, 384]",local_cross,0.0,0.0,,,0.9154322147369385,0.41321560740470886,1.0089892148971558,0.9154322147369385,0.41321560740470886,1.0089892148971558,0.9101125597953796,0.4240121841430664,0.9101125597953796,0.4240121841430664,0.9999992251396179,0.0,0.0,0.0,0.0,0.0,0.0
1,2048,transformer.h.4.mlp.w1.weight,transformer.h.4.mlp.w1.weight,"[1024, 384]",medium_cross,0.0,0.0,,,0.9154322147369385,0.41321560740470886,1.0089892148971558,0.9154322147369385,0.41321560740470886,1.0089892148971558,0.9101125597953796,0.4240121841430664,0.9101125597953796,0.4240121841430664,0.9999992251396179,0.0,0.0,0.0,0.0,0.0,0.0
1,2048,transformer.h.4.mlp.w1.weight,transformer.h.4.mlp.w1.weight,"[1024, 384]",distant_cross,0.0,0.0,,,0.9154322147369385,0.41321560740470886,1.0089892148971558,0.9154322147369385,0.41321560740470886,1.0089892148971558,0.9101125597953796,0.4240121841430664,0.9101125597953796,0.4240121841430664,0.9999992251396179,0.0,0.0,0.0,0.0,0.0,0.0
1,2048,transformer.h.4.mlp.w2.weight,transformer.h.4.mlp.w2.weight,"[1024, 384]",danger_diagonal,0.0,0.0,,,0.9136375784873962,0.41748329997062683,1.0085691213607788,0.9136375784873962,0.41748329997062683,1.0085691213607788,0.9082088470458984,0.4284766614437103,0.9082088470458984,0.4284766614437103,1.0000001192092896,0.0,0.0,0.0,0.0,0.0,0.0
1,2048,transformer.h.4.mlp.w2.weight,transformer.h.4.mlp.w2.weight,"[1024, 384]",danger_cross,0.0,0.0,,,0.9136375784873962,0.41748329997062683,1.0085691213607788,0.9136375784873962,0.41748329997062683,1.0085691213607788,0.9082088470458984,0.4284766614437103,0.9082088470458984,0.4284766614437103,1.0000001192092896,0.0,0.0,0.0,0.0,0.0,0.0
1,2048,transformer.h.4.mlp.w2.weight,transformer.h.4.mlp.w2.weight,"[1024, 384]",danger_full,0.0,0.0,,,0.9136375784873962,0.41748329997062683,1.0085691213607788,0.9136375784873962,0.41748329997062683,1.0085691213607788,0.9082088470458984,0.4284766614437103,0.9082088470458984,0.4284766614437103,1.0000001192092896,0.0,0.0,0.0,0.0,0.0,0.0
1,2048,transformer.h.4.mlp.w2.weight,transformer.h.4.mlp.w2.weight,"[1024, 384]",internal_cross,0.0,0.0,,,0.9136375784873962,0.41748329997062683,1.0085691213607788,0.9136375784873962,0.41748329997062683,1.0085691213607788,0.9082088470458984,0.4284766614437103,0.9082088470458984,0.4284766614437103,1.0000001192092896,0.0,0.0,0.0,0.0,0.0,0.0
1,2048,transformer.h.4.mlp.w2.weight,transformer.h.4.mlp.w2.weight,"[1024, 384]",outside_cross,0.0,0.0,,,0.9136375784873962,0.41748329997062683,1.0085691213607788,0.9136375784873962,0.41748329997062683,1.0085691213607788,0.9082088470458984,0.4284766614437103,0.9082088470458984,0.4284766614437103,1.0000001192092896,0.0,0.0,0.0,0.0,0.0,0.0
1,2048,transformer.h.4.mlp.w2.weight,transformer.h.4.mlp.w2.weight,"[1024, 384]",local_cross,0.0,0.0,,,0.9136375784873962,0.41748329997062683,1.0085691213607788,0.9136375784873962,0.41748329997062683,1.0085691213607788,0.9082088470458984,0.4284766614437103,0.9082088470458984,0.4284766614437103,1.0000001192092896,0.0,0.0,0.0,0.0,0.0,0.0
1,2048,transformer.h.4.mlp.w2.weight,transformer.h.4.mlp.w2.weight,"[1024, 384]",medium_cross,0.0,0.0,,,0.9136375784873962,0.41748329997062683,1.0085691213607788,0.9136375784873962,0.41748329997062683,1.0085691213607788,0.9082088470458984,0.4284766614437103,0.9082088470458984,0.4284766614437103,1.0000001192092896,0.0,0.0,0.0,0.0,0.0,0.0
1,2048,transformer.h.4.mlp.w2.weight,transformer.h.4.mlp.w2.weight,"[1024, 384]",distant_cross,0.0,0.0,,,0.9136375784873962,0.41748329997062683,1.0085691213607788,0.9136375784873962,0.41748329997062683,1.0085691213607788,0.9082088470458984,0.4284766614437103,0.9082088470458984,0.4284766614437103,1.0000001192092896,0.0,0.0,0.0,0.0,0.0,0.0
1,2048,transformer.h.4.mlp.c_proj.weight,transformer.h.4.mlp.c_proj.weight,"[384, 1024]",danger_diagonal,0.0,0.0,,,0.9036499857902527,0.4415522813796997,1.0110774040222168,0.9036499857902527,0.4415522813796997,1.0110774040222168,0.9017409682273865,0.4433136284351349,0.9017409682273865,0.4433136284351349,0.9999995827674866,0.0,0.0,0.0,0.0,0.0,0.0
1,2048,transformer.h.4.mlp.c_proj.weight,transformer.h.4.mlp.c_proj.weight,"[384, 1024]",danger_cross,0.0,0.0,,,0.9036499857902527,0.4415522813796997,1.0110774040222168,0.9036499857902527,0.4415522813796997,1.0110774040222168,0.9017409682273865,0.4433136284351349,0.9017409682273865,0.4433136284351349,0.9999995827674866,0.0,0.0,0.0,0.0,0.0,0.0
1,2048,transformer.h.4.mlp.c_proj.weight,transformer.h.4.mlp.c_proj.weight,"[384, 1024]",danger_full,0.0,0.0,,,0.9036499857902527,0.4415522813796997,1.0110774040222168,0.9036499857902527,0.4415522813796997,1.0110774040222168,0.9017409682273865,0.4433136284351349,0.9017409682273865,0.4433136284351349,0.9999995827674866,0.0,0.0,0.0,0.0,0.0,0.0
1,2048,transformer.h.4.mlp.c_proj.weight,transformer.h.4.mlp.c_proj.weight,"[384, 1024]",internal_cross,0.0,0.0,,,0.9036499857902527,0.4415522813796997,1.0110774040222168,0.9036499857902527,0.4415522813796997,1.0110774040222168,0.9017409682273865,0.4433136284351349,0.9017409682273865,0.4433136284351349,0.9999995827674866,0.0,0.0,0.0,0.0,0.0,0.0
1,2048,transformer.h.4.mlp.c_proj.weight,transformer.h.4.mlp.c_proj.weight,"[384, 1024]",outside_cross,0.0,0.0,,,0.9036499857902527,0.4415522813796997,1.0110774040222168,0.9036499857902527,0.4415522813796997,1.0110774040222168,0.9017409682273865,0.4433136284351349,0.9017409682273865,0.4433136284351349,0.9999995827674866,0.0,0.0,0.0,0.0,0.0,0.0
1,2048,transformer.h.4.mlp.c_proj.weight,transformer.h.4.mlp.c_proj.weight,"[384, 1024]",local_cross,0.0,0.0,,,0.9036499857902527,0.4415522813796997,1.0110774040222168,0.9036499857902527,0.4415522813796997,1.0110774040222168,0.9017409682273865,0.4433136284351349,0.9017409682273865,0.4433136284351349,0.9999995827674866,0.0,0.0,0.0,0.0,0.0,0.0
1,2048,transformer.h.4.mlp.c_proj.weight,transformer.h.4.mlp.c_proj.weight,"[384, 1024]",medium_cross,0.0,0.0,,,0.9036499857902527,0.4415522813796997,1.0110774040222168,0.9036499857902527,0.4415522813796997,1.0110774040222168,0.9017409682273865,0.4433136284351349,0.9017409682273865,0.4433136284351349,0.9999995827674866,0.0,0.0,0.0,0.0,0.0,0.0
1,2048,transformer.h.4.mlp.c_proj.weight,transformer.h.4.mlp.c_proj.weight,"[384, 1024]",distant_cross,0.0,0.0,,,0.9036499857902527,0.4415522813796997,1.0110774040222168,0.9036499857902527,0.4415522813796997,1.0110774040222168,0.9017409682273865,0.4433136284351349,0.9017409682273865,0.4433136284351349,0.9999995827674866,0.0,0.0,0.0,0.0,0.0,0.0
1,2048,transformer.h.5.attn.c_attn.weight,transformer.h.5.attn.c_attn.weight,"[1152, 384]",danger_diagonal,0.0009143470088019967,0.028703290363541488,,,0.5313228368759155,1.0015672445297241,1.0655871629714966,0.5345067381858826,0.998740553855896,1.0666530132293701,0.5164533853530884,0.9834103584289551,0.5213939547538757,0.9783729314804077,1.0000007152557373,0.003183901309967041,0.002826690673828125,0.006793378385974587,0.0028222674905421545,0.0049405694007873535,0.005037426948547363
1,2048,transformer.h.5.attn.c_attn.weight,transformer.h.5.attn.c_attn.weight,"[1152, 384]",danger_cross,0.025538647547364235,0.8017122700544471,,,0.5313228368759155,1.0015672445297241,1.0655871629714966,0.7159522771835327,0.7971866130828857,1.1007813215255737,0.5164533853530884,0.9834103584289551,0.690456748008728,0.7868226170539856,0.9999995827674866,0.1846294403076172,0.20438063144683838,0.3939373514103474,0.20406081824571176,0.17400336265563965,0.19658774137496948
1,2048,transformer.h.5.attn.c_attn.weight,transformer.h.5.attn.c_attn.weight,"[1152, 384]",danger_full,0.02555501088500023,0.8022259499013337,,,0.5313228368759155,1.0015672445297241,1.0655871629714966,0.7229443192481995,0.7887213230133057,1.1033741235733032,0.5164533853530884,0.9834103584289551,0.7024471163749695,0.7714318037033081,1.000001311302185,0.19162148237228394,0.21284592151641846,0.40885602595821646,0.21251286189611576,0.1859937310218811,0.21197855472564697
1,2048,transformer.h.5.attn.c_attn.weight,transformer.h.5.attn.c_attn.weight,"[1152, 384]",internal_cross,0.01291897427290678,0.4055539813491823,,,0.5313228368759155,1.0015672445297241,1.0655871629714966,0.5571277141571045,0.9905327558517456,1.0970767736434937,0.5164533853530884,0.9834103584289551,0.5439915060997009,0.9549968242645264,1.000000238418579,0.025804877281188965,0.011034488677978516,0.055058960221531006,0.01101722199707085,0.02753812074661255,0.02841353416442871
1,2048,transformer.h.5.attn.c_attn.weight,transformer.h.5.attn.c_attn.weight,"[1152, 384]",outside_cross,0.022030046209692955,0.6915698383566175,,,0.5313228368759155,1.0015672445297241,1.0655871629714966,0.5897472500801086,0.9430646300315857,1.0767478942871094,0.5164533853530884,0.9834103584289551,0.5728916525840759,0.9242398142814636,1.0000007152557373,0.058424413204193115,0.05850261449813843,0.12465811821243993,0.05841107006809887,0.05643826723098755,0.059170544147491455
1,2048,transformer.h.5.attn.c_attn.weight,transformer.h.5.attn.c_attn.weight,"[1152, 384]",local_cross,0.013817883096635342,0.4337726343654332,,,0.5313228368759155,1.0015672445297241,1.0655871629714966,0.5610908269882202,0.9892740249633789,1.1028318405151367,0.5164533853530884,0.9834103584289551,0.5435082912445068,0.9555028080940247,1.0000005960464478,0.029767990112304688,0.012293219566345215,0.06351491485925777,0.012273983233264955,0.027054905891418457,0.02790755033493042
1,2048,transformer.h.5.attn.c_attn.weight,transformer.h.5.attn.c_attn.weight,"[1152, 384]",medium_cross,0.018479207530617714,0.5801014869993683,,,0.5313228368759155,1.0015672445297241,1.0655871629714966,0.5602136850357056,0.980582594871521,1.0849806070327759,0.5164533853530884,0.9834103584289551,0.5502131581306458,0.9484591484069824,1.000000238418579,0.02889084815979004,0.020984649658203125,0.06164338788604695,0.020951813043822393,0.03375977277755737,0.034951210021972656
1,2048,transformer.h.5.attn.c_attn.weight,transformer.h.5.attn.c_attn.weight,"[1152, 384]",distant_cross,0.010945681482553482,0.3436081387002245,,,0.5313228368759155,1.0015672445297241,1.0655871629714966,0.5327882170677185,0.9999507665634155,1.0654833316802979,0.5164533853530884,0.9834103584289551,0.517591118812561,0.9822530746459961,1.0000001192092896,0.0014653801918029785,0.0016164779663085938,0.0031266302416681057,0.0016139485143282564,0.0011377334594726562,0.0011572837829589844
1,2048,transformer.h.5.attn.c_proj.weight,transformer.h.5.attn.c_proj.weight,"[384, 384]",danger_diagonal,0.0015200572088360786,0.028332673686695623,,,0.5883981585502625,0.9395734071731567,1.0669476985931396,0.5904368162155151,0.9372170567512512,1.0668703317642212,0.5512473583221436,0.9473690390586853,0.5522081255912781,0.946354329586029,1.0,0.0020386576652526855,0.0023563504219055176,0.004952984802186884,0.0025078939058044867,0.0009607672691345215,0.00101470947265625
1,2048,transformer.h.5.attn.c_proj.weight,transformer.h.5.attn.c_proj.weight,"[384, 384]",danger_cross,0.04004073515534401,0.7463278860408356,,,0.5883981585502625,0.9395734071731567,1.0669476985931396,0.8788403272628784,0.511188268661499,1.0623431205749512,0.5512473583221436,0.9473690390586853,0.8402245044708252,0.5652905702590942,1.0000005960464478,0.29044216871261597,0.4283851385116577,0.7056386523676015,0.4559357845179087,0.28897714614868164,0.38207846879959106
1,2048,transformer.h.5.attn.c_proj.weight,transformer.h.5.attn.c_proj.weight,"[384, 384]",danger_full,0.0400695763528347,0.7468654633323265,,,0.5883981585502625,0.9395734071731567,1.0669476985931396,0.8848474025726318,0.5004324316978455,1.0675592422485352,0.5512473583221436,0.9473690390586853,0.8402244448661804,0.5652905702590942,1.0000007152557373,0.2964492440223694,0.4391409754753113,0.7202330363202957,0.46738335942960624,0.28897708654403687,0.38207846879959106
1,2048,transformer.h.5.attn.c_proj.weight,transformer.h.5.attn.c_proj.weight,"[384, 384]",internal_cross,0.01805270090699196,0.33648818017379956,,,0.5883981585502625,0.9395734071731567,1.0669476985931396,0.6558512449264526,0.8603224158287048,1.068515419960022,0.5512473583221436,0.9473690390586853,0.6016876697540283,0.8925396203994751,1.000000238418579,0.06745308637619019,0.0792509913444519,0.16387945724102687,0.08434784418057344,0.050440311431884766,0.054829418659210205
1,2048,transformer.h.5.attn.c_proj.weight,transformer.h.5.attn.c_proj.weight,"[384, 384]",outside_cross,0.0357401967048645,0.6661692236653439,,,0.5883981585502625,0.9395734071731567,1.0669476985931396,0.6553288102149963,0.8604044318199158,1.0673353672027588,0.5512473583221436,0.9473690390586853,0.6147428154945374,0.8777903914451599,1.000000238418579,0.06693065166473389,0.07916897535324097,0.16261018519497336,0.08426055351165412,0.0634954571723938,0.06957864761352539
1,2048,transformer.h.5.attn.c_proj.weight,transformer.h.5.attn.c_proj.weight,"[384, 384]",local_cross,0.020797623321413994,0.3876513802237938,,,0.5883981585502625,0.9395734071731567,1.0669476985931396,0.6572417616844177,0.8592567443847656,1.0698978900909424,0.5512473583221436,0.9473690390586853,0.6028817296028137,0.8912007808685303,1.0000005960464478,0.06884360313415527,0.08031666278839111,0.16725776272447038,0.08548205193464924,0.051634371280670166,0.05616825819015503
1,2048,transformer.h.5.attn.c_proj.weight,transformer.h.5.attn.c_proj.weight,"[384, 384]",medium_cross,0.03036094456911087,0.5659041845899602,,,0.5883981585502625,0.9395734071731567,1.0669476985931396,0.6397935152053833,0.8809807300567627,1.0704456567764282,0.5512473583221436,0.9473690390586853,0.6007513403892517,0.8935880661010742,1.000000238418579,0.05139535665512085,0.05859267711639404,0.1248666829917401,0.06236093600464772,0.049503982067108154,0.053780972957611084
1,2048,transformer.h.5.attn.c_proj.weight,transformer.h.5.attn.c_proj.weight,"[384, 384]",distant_cross,0.015777641907334328,0.29408286550499424,,,0.5883981585502625,0.9395734071731567,1.0669476985931396,0.5913769602775574,0.9363797903060913,1.0673315525054932,0.5512473583221436,0.9473690390586853,0.5530040860176086,0.9455127120018005,1.0,0.002978801727294922,0.0031936168670654297,0.007237095239426124,0.003399007297017793,0.0017567276954650879,0.0018563270568847656
1,2048,transformer.h.5.mlp.w1.weight,transformer.h.5.mlp.w1.weight,"[1024, 384]",danger_diagonal,0.0,0.0,,,0.8959791660308838,0.45693206787109375,1.0034574270248413,0.8959791660308838,0.45693206787109375,1.0034574270248413,0.8888381719589233,0.47152411937713623,0.8888381719589233,0.47152411937713623,1.000000238418579,0.0,0.0,0.0,0.0,0.0,0.0
1,2048,transformer.h.5.mlp.w1.weight,transformer.h.5.mlp.w1.weight,"[1024, 384]",danger_cross,0.0,0.0,,,0.8959791660308838,0.45693206787109375,1.0034574270248413,0.8959791660308838,0.45693206787109375,1.0034574270248413,0.8888381719589233,0.47152411937713623,0.8888381719589233,0.47152411937713623,1.000000238418579,0.0,0.0,0.0,0.0,0.0,0.0
1,2048,transformer.h.5.mlp.w1.weight,transformer.h.5.mlp.w1.weight,"[1024, 384]",danger_full,0.0,0.0,,,0.8959791660308838,0.45693206787109375,1.0034574270248413,0.8959791660308838,0.45693206787109375,1.0034574270248413,0.8888381719589233,0.47152411937713623,0.8888381719589233,0.47152411937713623,1.000000238418579,0.0,0.0,0.0,0.0,0.0,0.0
1,2048,transformer.h.5.mlp.w1.weight,transformer.h.5.mlp.w1.weight,"[1024, 384]",internal_cross,0.0,0.0,,,0.8959791660308838,0.45693206787109375,1.0034574270248413,0.8959791660308838,0.45693206787109375,1.0034574270248413,0.8888381719589233,0.47152411937713623,0.8888381719589233,0.47152411937713623,1.000000238418579,0.0,0.0,0.0,0.0,0.0,0.0
1,2048,transformer.h.5.mlp.w1.weight,transformer.h.5.mlp.w1.weight,"[1024, 384]",outside_cross,0.0,0.0,,,0.8959791660308838,0.45693206787109375,1.0034574270248413,0.8959791660308838,0.45693206787109375,1.0034574270248413,0.8888381719589233,0.47152411937713623,0.8888381719589233,0.47152411937713623,1.000000238418579,0.0,0.0,0.0,0.0,0.0,0.0
1,2048,transformer.h.5.mlp.w1.weight,transformer.h.5.mlp.w1.weight,"[1024, 384]",local_cross,0.0,0.0,,,0.8959791660308838,0.45693206787109375,1.0034574270248413,0.8959791660308838,0.45693206787109375,1.0034574270248413,0.8888381719589233,0.47152411937713623,0.8888381719589233,0.47152411937713623,1.000000238418579,0.0,0.0,0.0,0.0,0.0,0.0
1,2048,transformer.h.5.mlp.w1.weight,transformer.h.5.mlp.w1.weight,"[1024, 384]",medium_cross,0.0,0.0,,,0.8959791660308838,0.45693206787109375,1.0034574270248413,0.8959791660308838,0.45693206787109375,1.0034574270248413,0.8888381719589233,0.47152411937713623,0.8888381719589233,0.47152411937713623,1.000000238418579,0.0,0.0,0.0,0.0,0.0,0.0
1,2048,transformer.h.5.mlp.w1.weight,transformer.h.5.mlp.w1.weight,"[1024, 384]",distant_cross,0.0,0.0,,,0.8959791660308838,0.45693206787109375,1.0034574270248413,0.8959791660308838,0.45693206787109375,1.0034574270248413,0.8888381719589233,0.47152411937713623,0.8888381719589233,0.47152411937713623,1.000000238418579,0.0,0.0,0.0,0.0,0.0,0.0
1,2048,transformer.h.5.mlp.w2.weight,transformer.h.5.mlp.w2.weight,"[1024, 384]",danger_diagonal,0.0,0.0,,,0.8983629941940308,0.4522317945957184,1.0058720111846924,0.8983629941940308,0.4522317945957184,1.0058720111846924,0.8916179537773132,0.46559271216392517,0.8916179537773132,0.46559271216392517,0.9999997019767761,0.0,0.0,0.0,0.0,0.0,0.0
1,2048,transformer.h.5.mlp.w2.weight,transformer.h.5.mlp.w2.weight,"[1024, 384]",danger_cross,0.0,0.0,,,0.8983629941940308,0.4522317945957184,1.0058720111846924,0.8983629941940308,0.4522317945957184,1.0058720111846924,0.8916179537773132,0.46559271216392517,0.8916179537773132,0.46559271216392517,0.9999997019767761,0.0,0.0,0.0,0.0,0.0,0.0
1,2048,transformer.h.5.mlp.w2.weight,transformer.h.5.mlp.w2.weight,"[1024, 384]",danger_full,0.0,0.0,,,0.8983629941940308,0.4522317945957184,1.0058720111846924,0.8983629941940308,0.4522317945957184,1.0058720111846924,0.8916179537773132,0.46559271216392517,0.8916179537773132,0.46559271216392517,0.9999997019767761,0.0,0.0,0.0,0.0,0.0,0.0
1,2048,transformer.h.5.mlp.w2.weight,transformer.h.5.mlp.w2.weight,"[1024, 384]",internal_cross,0.0,0.0,,,0.8983629941940308,0.4522317945957184,1.0058720111846924,0.8983629941940308,0.4522317945957184,1.0058720111846924,0.8916179537773132,0.46559271216392517,0.8916179537773132,0.46559271216392517,0.9999997019767761,0.0,0.0,0.0,0.0,0.0,0.0
1,2048,transformer.h.5.mlp.w2.weight,transformer.h.5.mlp.w2.weight,"[1024, 384]",outside_cross,0.0,0.0,,,0.8983629941940308,0.4522317945957184,1.0058720111846924,0.8983629941940308,0.4522317945957184,1.0058720111846924,0.8916179537773132,0.46559271216392517,0.8916179537773132,0.46559271216392517,0.9999997019767761,0.0,0.0,0.0,0.0,0.0,0.0
1,2048,transformer.h.5.mlp.w2.weight,transformer.h.5.mlp.w2.weight,"[1024, 384]",local_cross,0.0,0.0,,,0.8983629941940308,0.4522317945957184,1.0058720111846924,0.8983629941940308,0.4522317945957184,1.0058720111846924,0.8916179537773132,0.46559271216392517,0.8916179537773132,0.46559271216392517,0.9999997019767761,0.0,0.0,0.0,0.0,0.0,0.0
1,2048,transformer.h.5.mlp.w2.weight,transformer.h.5.mlp.w2.weight,"[1024, 384]",medium_cross,0.0,0.0,,,0.8983629941940308,0.4522317945957184,1.0058720111846924,0.8983629941940308,0.4522317945957184,1.0058720111846924,0.8916179537773132,0.46559271216392517,0.8916179537773132,0.46559271216392517,0.9999997019767761,0.0,0.0,0.0,0.0,0.0,0.0
1,2048,transformer.h.5.mlp.w2.weight,transformer.h.5.mlp.w2.weight,"[1024, 384]",distant_cross,0.0,0.0,,,0.8983629941940308,0.4522317945957184,1.0058720111846924,0.8983629941940308,0.4522317945957184,1.0058720111846924,0.8916179537773132,0.46559271216392517,0.8916179537773132,0.46559271216392517,0.9999997019767761,0.0,0.0,0.0,0.0,0.0,0.0
1,2048,transformer.h.5.mlp.c_proj.weight,transformer.h.5.mlp.c_proj.weight,"[384, 1024]",danger_diagonal,0.0,0.0,,,0.8682557940483093,0.5166358947753906,1.0123682022094727,0.8682557940483093,0.5166358947753906,1.0123682022094727,0.8608633279800415,0.5275238156318665,0.8608633279800415,0.5275238156318665,0.999998927116394,0.0,0.0,0.0,0.0,0.0,0.0
1,2048,transformer.h.5.mlp.c_proj.weight,transformer.h.5.mlp.c_proj.weight,"[384, 1024]",danger_cross,0.0,0.0,,,0.8682557940483093,0.5166358947753906,1.0123682022094727,0.8682557940483093,0.5166358947753906,1.0123682022094727,0.8608633279800415,0.5275238156318665,0.8608633279800415,0.5275238156318665,0.999998927116394,0.0,0.0,0.0,0.0,0.0,0.0
1,2048,transformer.h.5.mlp.c_proj.weight,transformer.h.5.mlp.c_proj.weight,"[384, 1024]",danger_full,0.0,0.0,,,0.8682557940483093,0.5166358947753906,1.0123682022094727,0.8682557940483093,0.5166358947753906,1.0123682022094727,0.8608633279800415,0.5275238156318665,0.8608633279800415,0.5275238156318665,0.999998927116394,0.0,0.0,0.0,0.0,0.0,0.0
1,2048,transformer.h.5.mlp.c_proj.weight,transformer.h.5.mlp.c_proj.weight,"[384, 1024]",internal_cross,0.0,0.0,,,0.8682557940483093,0.5166358947753906,1.0123682022094727,0.8682557940483093,0.5166358947753906,1.0123682022094727,0.8608633279800415,0.5275238156318665,0.8608633279800415,0.5275238156318665,0.999998927116394,0.0,0.0,0.0,0.0,0.0,0.0
1,2048,transformer.h.5.mlp.c_proj.weight,transformer.h.5.mlp.c_proj.weight,"[384, 1024]",outside_cross,0.0,0.0,,,0.8682557940483093,0.5166358947753906,1.0123682022094727,0.8682557940483093,0.5166358947753906,1.0123682022094727,0.8608633279800415,0.5275238156318665,0.8608633279800415,0.5275238156318665,0.999998927116394,0.0,0.0,0.0,0.0,0.0,0.0
1,2048,transformer.h.5.mlp.c_proj.weight,transformer.h.5.mlp.c_proj.weight,"[384, 1024]",local_cross,0.0,0.0,,,0.8682557940483093,0.5166358947753906,1.0123682022094727,0.8682557940483093,0.5166358947753906,1.0123682022094727,0.8608633279800415,0.5275238156318665,0.8608633279800415,0.5275238156318665,0.999998927116394,0.0,0.0,0.0,0.0,0.0,0.0
1,2048,transformer.h.5.mlp.c_proj.weight,transformer.h.5.mlp.c_proj.weight,"[384, 1024]",medium_cross,0.0,0.0,,,0.8682557940483093,0.5166358947753906,1.0123682022094727,0.8682557940483093,0.5166358947753906,1.0123682022094727,0.8608633279800415,0.5275238156318665,0.8608633279800415,0.5275238156318665,0.999998927116394,0.0,0.0,0.0,0.0,0.0,0.0
1,2048,transformer.h.5.mlp.c_proj.weight,transformer.h.5.mlp.c_proj.weight,"[384, 1024]",distant_cross,0.0,0.0,,,0.8682557940483093,0.5166358947753906,1.0123682022094727,0.8682557940483093,0.5166358947753906,1.0123682022094727,0.8608633279800415,0.5275238156318665,0.8608633279800415,0.5275238156318665,0.999998927116394,0.0,0.0,0.0,0.0,0.0,0.0
1,4096,transformer.h.0.attn.c_attn.weight,transformer.h.0.attn.c_attn.weight,"[1152, 384]",danger_diagonal,0.0018604613142088056,0.03158583132164209,,,0.5610204935073853,0.9573445320129395,1.0419056415557861,0.5662081837654114,0.951855480670929,1.0422524213790894,0.5669991970062256,0.9305930137634277,0.5730437636375427,0.9240747690200806,0.9999998807907104,0.005187690258026123,0.005489051342010498,0.011817613763965992,0.005733621657052832,0.006044566631317139,0.006518244743347168
1,4096,transformer.h.0.attn.c_attn.weight,transformer.h.0.attn.c_attn.weight,"[1152, 384]",danger_cross,0.0478709377348423,0.8127249693147119,,,0.5610204935073853,0.9573445320129395,1.0419056415557861,0.7600681185722351,0.7276438474655151,1.0874279737472534,0.5669991970062256,0.9305930137634277,0.7502560019493103,0.7067458629608154,0.9999998807907104,0.19904762506484985,0.22970068454742432,0.4534326138712322,0.2399352342509851,0.18325680494308472,0.2238471508026123
1,4096,transformer.h.0.attn.c_attn.weight,transformer.h.0.attn.c_attn.weight,"[1152, 384]",danger_full,0.04790708050131798,0.8133385802060966,,,0.5610204935073853,0.9573445320129395,1.0419056415557861,0.7668702602386475,0.7175313234329224,1.0877070426940918,0.5669991970062256,0.9305930137634277,0.7599113583564758,0.6929498910903931,0.999998927116394,0.2058497667312622,0.2398132085800171,0.4689279651707963,0.250498332168649,0.19291216135025024,0.23764312267303467
1,4096,transformer.h.0.attn.c_attn.weight,transformer.h.0.attn.c_attn.weight,"[1152, 384]",internal_cross,0.02481243386864662,0.4212510869583779,,,0.5610204935073853,0.9573445320129395,1.0419056415557861,0.6190536618232727,0.9082344770431519,1.0752477645874023,0.5669991970062256,0.9305930137634277,0.6170232892036438,0.8751883506774902,0.9999995827674866,0.05803316831588745,0.0491100549697876,0.13220017667695788,0.051298203862435415,0.05002409219741821,0.0554046630859375
1,4096,transformer.h.0.attn.c_attn.weight,transformer.h.0.attn.c_attn.weight,"[1152, 384]",outside_cross,0.0409385971724987,0.6950317187246128,,,0.5610204935073853,0.9573445320129395,1.0419056415557861,0.6155850887298584,0.895621657371521,1.0411202907562256,0.5669991970062256,0.9305930137634277,0.6251847743988037,0.8658136129379272,0.9999990463256836,0.054564595222473145,0.06172287464141846,0.12429873015812669,0.06447300065697165,0.058185577392578125,0.06477940082550049
1,4096,transformer.h.0.attn.c_attn.weight,transformer.h.0.attn.c_attn.weight,"[1152, 384]",local_cross,0.027670573443174362,0.4697749201632273,,,0.5610204935073853,0.9573445320129395,1.0419056415557861,0.6218451261520386,0.9016052484512329,1.0685902833938599,0.5669991970062256,0.9305930137634277,0.6203421950340271,0.8713881969451904,0.9999998211860657,0.06082463264465332,0.05573928356170654,0.138559162204709,0.05822280453674036,0.053342998027801514,0.059204816818237305
1,4096,transformer.h.0.attn.c_attn.weight,transformer.h.0.attn.c_attn.weight,"[1152, 384]",medium_cross,0.03616449236869812,0.6139797409742372,,,0.5610204935073853,0.9573445320129395,1.0419056415557861,0.5924742221832275,0.9259438514709473,1.0489782094955444,0.5669991970062256,0.9305930137634277,0.6055315732955933,0.8882225155830383,0.9999988079071045,0.031453728675842285,0.03140068054199219,0.07165192955624103,0.03279977008482854,0.038532376289367676,0.042370498180389404
1,4096,transformer.h.0.attn.c_attn.weight,transformer.h.0.attn.c_attn.weight,"[1152, 384]",distant_cross,0.014768033288419247,0.25072308939612453,,,0.5610204935073853,0.9573445320129395,1.0419056415557861,0.5617280602455139,0.9566065669059753,1.0419702529907227,0.5669991970062256,0.9305930137634277,0.5676602125167847,0.9298827648162842,0.9999995231628418,0.0007075667381286621,0.0007379651069641113,0.0016118445796753065,0.0007708458995555604,0.000661015510559082,0.0007102489471435547
1,4096,transformer.h.0.attn.c_proj.weight,transformer.h.0.attn.c_proj.weight,"[384, 384]",danger_diagonal,0.005811224225908518,0.036476123450346794,,,0.508021354675293,1.0244485139846802,1.0626189708709717,0.514252781867981,1.0177055597305298,1.0621373653411865,0.4730280637741089,1.026619553565979,0.4773516356945038,1.022398829460144,0.9999998211860657,0.006231427192687988,0.006742954254150391,0.012666052179104709,0.006582033320467314,0.0043235719203948975,0.004220724105834961
1,4096,transformer.h.0.attn.c_proj.weight,transformer.h.0.attn.c_proj.weight,"[384, 384]",danger_cross,0.13165025413036346,0.8263475535015884,,,0.508021354675293,1.0244485139846802,1.0626189708709717,0.8834103941917419,0.5079991221427917,1.079556941986084,0.4730280637741089,1.026619553565979,0.83246248960495,0.5788590908050537,1.000000238418579,0.375389039516449,0.5164493918418884,0.7630189706073347,0.5041243017993303,0.35943442583084106,0.4477604627609253
1,4096,transformer.h.0.attn.c_proj.weight,transformer.h.0.attn.c_proj.weight,"[384, 384]",danger_full,0.13177844882011414,0.8271522110310943,,,0.508021354675293,1.0244485139846802,1.0626189708709717,0.8914092183113098,0.49262338876724243,1.084500789642334,0.4730280637741089,1.026619553565979,0.8324624300003052,0.5788591504096985,1.0000003576278687,0.38338786363601685,0.5318251252174377,0.7792774488880101,0.5191330925444544,0.3594343662261963,0.4477604031562805
1,4096,transformer.h.0.attn.c_proj.weight,transformer.h.0.attn.c_proj.weight,"[384, 384]",internal_cross,0.07023228704929352,0.44083681390038165,,,0.508021354675293,1.0244485139846802,1.0626189708709717,0.6237105131149292,0.8980519771575928,1.065873384475708,0.4730280637741089,1.026619553565979,0.5595656037330627,0.9385474324226379,1.000000238418579,0.11568915843963623,0.1263965368270874,0.2351507723740349,0.12338007728222207,0.08653753995895386,0.08807212114334106
1,4096,transformer.h.0.attn.c_proj.weight,transformer.h.0.attn.c_proj.weight,"[384, 384]",outside_cross,0.11135174334049225,0.6989370532960514,,,0.508021354675293,1.0244485139846802,1.0626189708709717,0.5715237855911255,0.9570870399475098,1.0641213655471802,0.4730280637741089,1.026619553565979,0.5355765223503113,0.9637682437896729,1.000000238418579,0.06350243091583252,0.06736147403717041,0.12907558390856735,0.06575388915853096,0.06254845857620239,0.06285130977630615
1,4096,transformer.h.0.attn.c_proj.weight,transformer.h.0.attn.c_proj.weight,"[384, 384]",local_cross,0.07702372223138809,0.4834655644832042,,,0.508021354675293,1.0244485139846802,1.0626189708709717,0.6005224585533142,0.9247030019760132,1.0649561882019043,0.4730280637741089,1.026619553565979,0.5442429184913635,0.9547338485717773,0.9999998211860657,0.09250110387802124,0.09974551200866699,0.18801853445685696,0.09736508047700541,0.07121485471725464,0.07188570499420166
1,4096,transformer.h.0.attn.c_proj.weight,transformer.h.0.attn.c_proj.weight,"[384, 384]",medium_cross,0.0984402596950531,0.6178937390011977,,,0.508021354675293,1.0244485139846802,1.0626189708709717,0.5579149723052979,0.9731383323669434,1.066111445426941,0.4730280637741089,1.026619553565979,0.5202543139457703,0.9795384407043457,0.9999994039535522,0.04989361763000488,0.051310181617736816,0.10141419369345794,0.05008566161920766,0.04722625017166138,0.0470811128616333
1,4096,transformer.h.0.attn.c_proj.weight,transformer.h.0.attn.c_proj.weight,"[384, 384]",distant_cross,0.041335757821798325,0.2594579294495957,,,0.508021354675293,1.0244485139846802,1.0626189708709717,0.5101064443588257,1.0225262641906738,1.0630667209625244,0.4730280637741089,1.026619553565979,0.4750248193740845,1.0246723890304565,1.000000238418579,0.002085089683532715,0.0019222497940063477,0.004238171114432316,0.0018763752084812858,0.001996755599975586,0.001947164535522461
1,4096,transformer.h.0.mlp.w1.weight,transformer.h.0.mlp.w1.weight,"[1024, 384]",danger_diagonal,0.0,0.0,,,0.9216110110282898,0.3976234793663025,1.0079694986343384,0.9216110110282898,0.3976234793663025,1.0079694986343384,0.9202979207038879,0.3992692530155182,0.9202979207038879,0.3992692530155182,1.0,0.0,0.0,0.0,0.0,0.0,0.0
1,4096,transformer.h.0.mlp.w1.weight,transformer.h.0.mlp.w1.weight,"[1024, 384]",danger_cross,0.0,0.0,,,0.9216110110282898,0.3976234793663025,1.0079694986343384,0.9216110110282898,0.3976234793663025,1.0079694986343384,0.9202979207038879,0.3992692530155182,0.9202979207038879,0.3992692530155182,1.0,0.0,0.0,0.0,0.0,0.0,0.0
1,4096,transformer.h.0.mlp.w1.weight,transformer.h.0.mlp.w1.weight,"[1024, 384]",danger_full,0.0,0.0,,,0.9216110110282898,0.3976234793663025,1.0079694986343384,0.9216110110282898,0.3976234793663025,1.0079694986343384,0.9202979207038879,0.3992692530155182,0.9202979207038879,0.3992692530155182,1.0,0.0,0.0,0.0,0.0,0.0,0.0
1,4096,transformer.h.0.mlp.w1.weight,transformer.h.0.mlp.w1.weight,"[1024, 384]",internal_cross,0.0,0.0,,,0.9216110110282898,0.3976234793663025,1.0079694986343384,0.9216110110282898,0.3976234793663025,1.0079694986343384,0.9202979207038879,0.3992692530155182,0.9202979207038879,0.3992692530155182,1.0,0.0,0.0,0.0,0.0,0.0,0.0
1,4096,transformer.h.0.mlp.w1.weight,transformer.h.0.mlp.w1.weight,"[1024, 384]",outside_cross,0.0,0.0,,,0.9216110110282898,0.3976234793663025,1.0079694986343384,0.9216110110282898,0.3976234793663025,1.0079694986343384,0.9202979207038879,0.3992692530155182,0.9202979207038879,0.3992692530155182,1.0,0.0,0.0,0.0,0.0,0.0,0.0
1,4096,transformer.h.0.mlp.w1.weight,transformer.h.0.mlp.w1.weight,"[1024, 384]",local_cross,0.0,0.0,,,0.9216110110282898,0.3976234793663025,1.0079694986343384,0.9216110110282898,0.3976234793663025,1.0079694986343384,0.9202979207038879,0.3992692530155182,0.9202979207038879,0.3992692530155182,1.0,0.0,0.0,0.0,0.0,0.0,0.0
1,4096,transformer.h.0.mlp.w1.weight,transformer.h.0.mlp.w1.weight,"[1024, 384]",medium_cross,0.0,0.0,,,0.9216110110282898,0.3976234793663025,1.0079694986343384,0.9216110110282898,0.3976234793663025,1.0079694986343384,0.9202979207038879,0.3992692530155182,0.9202979207038879,0.3992692530155182,1.0,0.0,0.0,0.0,0.0,0.0,0.0
1,4096,transformer.h.0.mlp.w1.weight,transformer.h.0.mlp.w1.weight,"[1024, 384]",distant_cross,0.0,0.0,,,0.9216110110282898,0.3976234793663025,1.0079694986343384,0.9216110110282898,0.3976234793663025,1.0079694986343384,0.9202979207038879,0.3992692530155182,0.9202979207038879,0.3992692530155182,1.0,0.0,0.0,0.0,0.0,0.0,0.0
1,4096,transformer.h.0.mlp.w2.weight,transformer.h.0.mlp.w2.weight,"[1024, 384]",danger_diagonal,0.0,0.0,,,0.9215614199638367,0.3980143666267395,1.009179949760437,0.9215614199638367,0.3980143666267395,1.009179949760437,0.9202133417129517,0.399479478597641,0.9202133417129517,0.399479478597641,1.0000004768371582,0.0,0.0,0.0,0.0,0.0,0.0
1,4096,transformer.h.0.mlp.w2.weight,transformer.h.0.mlp.w2.weight,"[1024, 384]",danger_cross,0.0,0.0,,,0.9215614199638367,0.3980143666267395,1.009179949760437,0.9215614199638367,0.3980143666267395,1.009179949760437,0.9202133417129517,0.399479478597641,0.9202133417129517,0.399479478597641,1.0000004768371582,0.0,0.0,0.0,0.0,0.0,0.0
1,4096,transformer.h.0.mlp.w2.weight,transformer.h.0.mlp.w2.weight,"[1024, 384]",danger_full,0.0,0.0,,,0.9215614199638367,0.3980143666267395,1.009179949760437,0.9215614199638367,0.3980143666267395,1.009179949760437,0.9202133417129517,0.399479478597641,0.9202133417129517,0.399479478597641,1.0000004768371582,0.0,0.0,0.0,0.0,0.0,0.0
1,4096,transformer.h.0.mlp.w2.weight,transformer.h.0.mlp.w2.weight,"[1024, 384]",internal_cross,0.0,0.0,,,0.9215614199638367,0.3980143666267395,1.009179949760437,0.9215614199638367,0.3980143666267395,1.009179949760437,0.9202133417129517,0.399479478597641,0.9202133417129517,0.399479478597641,1.0000004768371582,0.0,0.0,0.0,0.0,0.0,0.0
1,4096,transformer.h.0.mlp.w2.weight,transformer.h.0.mlp.w2.weight,"[1024, 384]",outside_cross,0.0,0.0,,,0.9215614199638367,0.3980143666267395,1.009179949760437,0.9215614199638367,0.3980143666267395,1.009179949760437,0.9202133417129517,0.399479478597641,0.9202133417129517,0.399479478597641,1.0000004768371582,0.0,0.0,0.0,0.0,0.0,0.0
1,4096,transformer.h.0.mlp.w2.weight,transformer.h.0.mlp.w2.weight,"[1024, 384]",local_cross,0.0,0.0,,,0.9215614199638367,0.3980143666267395,1.009179949760437,0.9215614199638367,0.3980143666267395,1.009179949760437,0.9202133417129517,0.399479478597641,0.9202133417129517,0.399479478597641,1.0000004768371582,0.0,0.0,0.0,0.0,0.0,0.0
1,4096,transformer.h.0.mlp.w2.weight,transformer.h.0.mlp.w2.weight,"[1024, 384]",medium_cross,0.0,0.0,,,0.9215614199638367,0.3980143666267395,1.009179949760437,0.9215614199638367,0.3980143666267395,1.009179949760437,0.9202133417129517,0.399479478597641,0.9202133417129517,0.399479478597641,1.0000004768371582,0.0,0.0,0.0,0.0,0.0,0.0
1,4096,transformer.h.0.mlp.w2.weight,transformer.h.0.mlp.w2.weight,"[1024, 384]",distant_cross,0.0,0.0,,,0.9215614199638367,0.3980143666267395,1.009179949760437,0.9215614199638367,0.3980143666267395,1.009179949760437,0.9202133417129517,0.399479478597641,0.9202133417129517,0.399479478597641,1.0000004768371582,0.0,0.0,0.0,0.0,0.0,0.0
1,4096,transformer.h.0.mlp.c_proj.weight,transformer.h.0.mlp.c_proj.weight,"[384, 1024]",danger_diagonal,0.0,0.0,,,0.870567262172699,0.5124472379684448,1.013669490814209,0.870567262172699,0.5124472379684448,1.013669490814209,0.8636987805366516,0.5221228003501892,0.8636987805366516,0.5221228003501892,0.9999995231628418,0.0,0.0,0.0,0.0,0.0,0.0
1,4096,transformer.h.0.mlp.c_proj.weight,transformer.h.0.mlp.c_proj.weight,"[384, 1024]",danger_cross,0.0,0.0,,,0.870567262172699,0.5124472379684448,1.013669490814209,0.870567262172699,0.5124472379684448,1.013669490814209,0.8636987805366516,0.5221228003501892,0.8636987805366516,0.5221228003501892,0.9999995231628418,0.0,0.0,0.0,0.0,0.0,0.0
1,4096,transformer.h.0.mlp.c_proj.weight,transformer.h.0.mlp.c_proj.weight,"[384, 1024]",danger_full,0.0,0.0,,,0.870567262172699,0.5124472379684448,1.013669490814209,0.870567262172699,0.5124472379684448,1.013669490814209,0.8636987805366516,0.5221228003501892,0.8636987805366516,0.5221228003501892,0.9999995231628418,0.0,0.0,0.0,0.0,0.0,0.0
1,4096,transformer.h.0.mlp.c_proj.weight,transformer.h.0.mlp.c_proj.weight,"[384, 1024]",internal_cross,0.0,0.0,,,0.870567262172699,0.5124472379684448,1.013669490814209,0.870567262172699,0.5124472379684448,1.013669490814209,0.8636987805366516,0.5221228003501892,0.8636987805366516,0.5221228003501892,0.9999995231628418,0.0,0.0,0.0,0.0,0.0,0.0
1,4096,transformer.h.0.mlp.c_proj.weight,transformer.h.0.mlp.c_proj.weight,"[384, 1024]",outside_cross,0.0,0.0,,,0.870567262172699,0.5124472379684448,1.013669490814209,0.870567262172699,0.5124472379684448,1.013669490814209,0.8636987805366516,0.5221228003501892,0.8636987805366516,0.5221228003501892,0.9999995231628418,0.0,0.0,0.0,0.0,0.0,0.0
1,4096,transformer.h.0.mlp.c_proj.weight,transformer.h.0.mlp.c_proj.weight,"[384, 1024]",local_cross,0.0,0.0,,,0.870567262172699,0.5124472379684448,1.013669490814209,0.870567262172699,0.5124472379684448,1.013669490814209,0.8636987805366516,0.5221228003501892,0.8636987805366516,0.5221228003501892,0.9999995231628418,0.0,0.0,0.0,0.0,0.0,0.0
1,4096,transformer.h.0.mlp.c_proj.weight,transformer.h.0.mlp.c_proj.weight,"[384, 1024]",medium_cross,0.0,0.0,,,0.870567262172699,0.5124472379684448,1.013669490814209,0.870567262172699,0.5124472379684448,1.013669490814209,0.8636987805366516,0.5221228003501892,0.8636987805366516,0.5221228003501892,0.9999995231628418,0.0,0.0,0.0,0.0,0.0,0.0
1,4096,transformer.h.0.mlp.c_proj.weight,transformer.h.0.mlp.c_proj.weight,"[384, 1024]",distant_cross,0.0,0.0,,,0.870567262172699,0.5124472379684448,1.013669490814209,0.870567262172699,0.5124472379684448,1.013669490814209,0.8636987805366516,0.5221228003501892,0.8636987805366516,0.5221228003501892,0.9999995231628418,0.0,0.0,0.0,0.0,0.0,0.0
1,4096,transformer.h.1.attn.c_attn.weight,transformer.h.1.attn.c_attn.weight,"[1152, 384]",danger_diagonal,0.0020686143543571234,0.0370742200545368,,,0.5584089756011963,0.9632730484008789,1.0480130910873413,0.5633735060691833,0.9581457376480103,1.048586368560791,0.5599852800369263,0.9381007552146912,0.5648686289787292,0.9328805208206177,0.9999986290931702,0.0049645304679870605,0.005127310752868652,0.011242371773171642,0.00532280100785593,0.0048833489418029785,0.005220234394073486
1,4096,transformer.h.1.attn.c_attn.weight,transformer.h.1.attn.c_attn.weight,"[1152, 384]",danger_cross,0.04750145971775055,0.8513329547279977,,,0.5584089756011963,0.9632730484008789,1.0480130910873413,0.7610278129577637,0.7259640693664551,1.0868871212005615,0.5599852800369263,0.9381007552146912,0.747721254825592,0.7103233933448792,1.0000001192092896,0.20261883735656738,0.23730897903442383,0.4588382149125862,0.2463569176241133,0.18773597478866577,0.227777361869812
1,4096,transformer.h.1.attn.c_attn.weight,transformer.h.1.attn.c_attn.weight,"[1152, 384]",danger_full,0.04754647985100746,0.8521398167338307,,,0.5584089756011963,0.9632730484008789,1.0480130910873413,0.7675040364265442,0.7168115973472595,1.088248372077942,0.5599852800369263,0.9381007552146912,0.7545445561408997,0.7006521224975586,0.9999995231628418,0.2090950608253479,0.24646145105361938,0.4735038741107038,0.2558583482251142,0.1945592761039734,0.23744863271713257
1,4096,transformer.h.1.attn.c_attn.weight,transformer.h.1.attn.c_attn.weight,"[1152, 384]",internal_cross,0.026720790192484856,0.47889663606978283,,,0.5584089756011963,0.9632730484008789,1.0480130910873413,0.6438072323799133,0.8821759223937988,1.0828038454055786,0.5599852800369263,0.9381007552146912,0.631869375705719,0.8580584526062012,0.9999995231628418,0.08539825677871704,0.08109712600708008,0.1933876642872916,0.08418913634271062,0.07188409566879272,0.08004230260848999
1,4096,transformer.h.1.attn.c_attn.weight,transformer.h.1.attn.c_attn.weight,"[1152, 384]",outside_cross,0.039273250848054886,0.7038649524649117,,,0.5584089756011963,0.9632730484008789,1.0480130910873413,0.5950886011123657,0.9234602451324463,1.0499591827392578,0.5599852800369263,0.9381007552146912,0.6030122637748718,0.8910541534423828,1.0000001192092896,0.036679625511169434,0.03981280326843262,0.08306243443490786,0.04133075594144931,0.04302698373794556,0.04704660177230835
1,4096,transformer.h.1.attn.c_attn.weight,transformer.h.1.attn.c_attn.weight,"[1152, 384]",local_cross,0.028654923662543297,0.5135606563269932,,,0.5584089756011963,0.9632730484008789,1.0480130910873413,0.6217515468597412,0.9044922590255737,1.0741645097732544,0.5599852800369263,0.9381007552146912,0.6175641417503357,0.8745710253715515,0.9999993443489075,0.06334257125854492,0.058780789375305176,0.14344170908994708,0.06102193918213184,0.057578861713409424,0.06352972984313965
1,4096,transformer.h.1.attn.c_attn.weight,transformer.h.1.attn.c_attn.weight,"[1152, 384]",medium_cross,0.03526754304766655,0.6320736627288774,,,0.5584089756011963,0.9632730484008789,1.0480130910873413,0.5831549763679504,0.9394086003303528,1.0549120903015137,0.5599852800369263,0.9381007552146912,0.5906760692596436,0.9047931432723999,1.0,0.02474600076675415,0.023864448070526123,0.056038278405780906,0.02477433383000104,0.030690789222717285,0.03330761194229126
1,4096,transformer.h.1.attn.c_attn.weight,transformer.h.1.attn.c_attn.weight,"[1152, 384]",distant_cross,0.013837821781635284,0.2480048776260404,,,0.5584089756011963,0.9632730484008789,1.0480130910873413,0.5588597059249878,0.9629363417625427,1.0483163595199585,0.5599852800369263,0.9381007552146912,0.5602725744247437,0.9377947449684143,1.0,0.0004507303237915039,0.00033670663833618164,0.0010206962979040226,0.00034954433625558753,0.0002872943878173828,0.00030601024627685547
1,4096,transformer.h.1.attn.c_proj.weight,transformer.h.1.attn.c_proj.weight,"[384, 384]",danger_diagonal,0.005661203991621733,0.036012629996090825,,,0.4955727756023407,1.04936683177948,1.0844367742538452,0.5038889050483704,1.0406880378723145,1.0843493938446045,0.4533822238445282,1.045579433441162,0.46124130487442017,1.0380356311798096,0.9999998807907104,0.008316129446029663,0.008678793907165527,0.0164862819526841,0.008270505265016171,0.007859081029891968,0.007543802261352539
1,4096,transformer.h.1.attn.c_proj.weight,transformer.h.1.attn.c_proj.weight,"[384, 384]",danger_cross,0.13207198679447174,0.8401498339075759,,,0.4955727756023407,1.04936683177948,1.0844367742538452,0.8657591938972473,0.5540750622749329,1.103529930114746,0.4533822238445282,1.045579433441162,0.7852040529251099,0.655433714389801,1.000000238418579,0.3701864182949066,0.4952917695045471,0.7338747799287584,0.47199106595035834,0.33182182908058167,0.3901457190513611
1,4096,transformer.h.1.attn.c_proj.weight,transformer.h.1.attn.c_proj.weight,"[384, 384]",danger_full,0.13219326734542847,0.8409213361558239,,,0.4955727756023407,1.04936683177948,1.0844367742538452,0.8737258315086365,0.54080730676651,1.1100887060165405,0.4533822238445282,1.045579433441162,0.7956209182739258,0.6393433809280396,1.0000001192092896,0.3781530559062958,0.50855952501297,0.7496682130070427,0.48463464787673183,0.3422386944293976,0.40623605251312256
1,4096,transformer.h.1.attn.c_proj.weight,transformer.h.1.attn.c_proj.weight,"[384, 384]",internal_cross,0.07289590686559677,0.46371290030625006,,,0.4955727756023407,1.04936683177948,1.0844367742538452,0.6174620389938354,0.9159597158432007,1.0867588520050049,0.4533822238445282,1.045579433441162,0.5462064743041992,0.9526744484901428,0.9999995827674866,0.12188926339149475,0.1334071159362793,0.24163894709894718,0.12713105836407287,0.09282425045967102,0.09290498495101929
1,4096,transformer.h.1.attn.c_proj.weight,transformer.h.1.attn.c_proj.weight,"[384, 384]",outside_cross,0.11013279110193253,0.7005879777977218,,,0.4955727756023407,1.04936683177948,1.0844367742538452,0.5522352457046509,0.9887526631355286,1.0838289260864258,0.4533822238445282,1.045579433441162,0.5091946125030518,0.9907636046409607,0.9999997019767761,0.05666247010231018,0.060614168643951416,0.11233031716313746,0.05776261151799891,0.05581238865852356,0.054815828800201416
1,4096,transformer.h.1.attn.c_proj.weight,transformer.h.1.attn.c_proj.weight,"[384, 384]",local_cross,0.07791116833686829,0.49561649465929725,,,0.4955727756023407,1.04936683177948,1.0844367742538452,0.5771525502204895,0.9606939554214478,1.0831518173217773,0.4533822238445282,1.045579433441162,0.5178906917572021,0.9819462895393372,1.0,0.0815797746181488,0.08867287635803223,0.1617275410056701,0.0845013141950216,0.06450846791267395,0.06363314390182495
1,4096,transformer.h.1.attn.c_proj.weight,transformer.h.1.attn.c_proj.weight,"[384, 384]",medium_cross,0.09883599728345871,0.6287256572509078,,,0.4955727756023407,1.04936683177948,1.0844367742538452,0.5412130355834961,1.0016990900039673,1.0855584144592285,0.4533822238445282,1.045579433441162,0.49591293931007385,1.00407874584198,1.0,0.045640259981155396,0.047667741775512695,0.09047937496960995,0.04542524151890658,0.042530715465545654,0.04150068759918213
1,4096,transformer.h.1.attn.c_proj.weight,transformer.h.1.attn.c_proj.weight,"[384, 384]",distant_cross,0.040054287761449814,0.2547974330274624,,,0.4955727756023407,1.04936683177948,1.0844367742538452,0.49862435460090637,1.0465699434280396,1.0850802659988403,0.4533822238445282,1.045579433441162,0.45650842785835266,1.0425857305526733,0.9999997019767761,0.003051578998565674,0.0027968883514404297,0.0060495921928273985,0.00266531042028226,0.003126204013824463,0.0029937028884887695
1,4096,transformer.h.1.mlp.w1.weight,transformer.h.1.mlp.w1.weight,"[1024, 384]",danger_diagonal,0.0,0.0,,,0.9066269397735596,0.4343586564064026,1.00971257686615,0.9066269397735596,0.4343586564064026,1.00971257686615,0.9007821083068848,0.4454738199710846,0.9007821083068848,0.4454738199710846,0.9999997019767761,0.0,0.0,0.0,0.0,0.0,0.0
1,4096,transformer.h.1.mlp.w1.weight,transformer.h.1.mlp.w1.weight,"[1024, 384]",danger_cross,0.0,0.0,,,0.9066269397735596,0.4343586564064026,1.00971257686615,0.9066269397735596,0.4343586564064026,1.00971257686615,0.9007821083068848,0.4454738199710846,0.9007821083068848,0.4454738199710846,0.9999997019767761,0.0,0.0,0.0,0.0,0.0,0.0
1,4096,transformer.h.1.mlp.w1.weight,transformer.h.1.mlp.w1.weight,"[1024, 384]",danger_full,0.0,0.0,,,0.9066269397735596,0.4343586564064026,1.00971257686615,0.9066269397735596,0.4343586564064026,1.00971257686615,0.9007821083068848,0.4454738199710846,0.9007821083068848,0.4454738199710846,0.9999997019767761,0.0,0.0,0.0,0.0,0.0,0.0
1,4096,transformer.h.1.mlp.w1.weight,transformer.h.1.mlp.w1.weight,"[1024, 384]",internal_cross,0.0,0.0,,,0.9066269397735596,0.4343586564064026,1.00971257686615,0.9066269397735596,0.4343586564064026,1.00971257686615,0.9007821083068848,0.4454738199710846,0.9007821083068848,0.4454738199710846,0.9999997019767761,0.0,0.0,0.0,0.0,0.0,0.0
1,4096,transformer.h.1.mlp.w1.weight,transformer.h.1.mlp.w1.weight,"[1024, 384]",outside_cross,0.0,0.0,,,0.9066269397735596,0.4343586564064026,1.00971257686615,0.9066269397735596,0.4343586564064026,1.00971257686615,0.9007821083068848,0.4454738199710846,0.9007821083068848,0.4454738199710846,0.9999997019767761,0.0,0.0,0.0,0.0,0.0,0.0
1,4096,transformer.h.1.mlp.w1.weight,transformer.h.1.mlp.w1.weight,"[1024, 384]",local_cross,0.0,0.0,,,0.9066269397735596,0.4343586564064026,1.00971257686615,0.9066269397735596,0.4343586564064026,1.00971257686615,0.9007821083068848,0.4454738199710846,0.9007821083068848,0.4454738199710846,0.9999997019767761,0.0,0.0,0.0,0.0,0.0,0.0
1,4096,transformer.h.1.mlp.w1.weight,transformer.h.1.mlp.w1.weight,"[1024, 384]",medium_cross,0.0,0.0,,,0.9066269397735596,0.4343586564064026,1.00971257686615,0.9066269397735596,0.4343586564064026,1.00971257686615,0.9007821083068848,0.4454738199710846,0.9007821083068848,0.4454738199710846,0.9999997019767761,0.0,0.0,0.0,0.0,0.0,0.0
1,4096,transformer.h.1.mlp.w1.weight,transformer.h.1.mlp.w1.weight,"[1024, 384]",distant_cross,0.0,0.0,,,0.9066269397735596,0.4343586564064026,1.00971257686615,0.9066269397735596,0.4343586564064026,1.00971257686615,0.9007821083068848,0.4454738199710846,0.9007821083068848,0.4454738199710846,0.9999997019767761,0.0,0.0,0.0,0.0,0.0,0.0
1,4096,transformer.h.1.mlp.w2.weight,transformer.h.1.mlp.w2.weight,"[1024, 384]",danger_diagonal,0.0,0.0,,,0.9013075828552246,0.44630104303359985,1.0086758136749268,0.9013075828552246,0.44630104303359985,1.0086758136749268,0.8946746587753296,0.4589792788028717,0.8946746587753296,0.4589792788028717,1.000000238418579,0.0,0.0,0.0,0.0,0.0,0.0
1,4096,transformer.h.1.mlp.w2.weight,transformer.h.1.mlp.w2.weight,"[1024, 384]",danger_cross,0.0,0.0,,,0.9013075828552246,0.44630104303359985,1.0086758136749268,0.9013075828552246,0.44630104303359985,1.0086758136749268,0.8946746587753296,0.4589792788028717,0.8946746587753296,0.4589792788028717,1.000000238418579,0.0,0.0,0.0,0.0,0.0,0.0
1,4096,transformer.h.1.mlp.w2.weight,transformer.h.1.mlp.w2.weight,"[1024, 384]",danger_full,0.0,0.0,,,0.9013075828552246,0.44630104303359985,1.0086758136749268,0.9013075828552246,0.44630104303359985,1.0086758136749268,0.8946746587753296,0.4589792788028717,0.8946746587753296,0.4589792788028717,1.000000238418579,0.0,0.0,0.0,0.0,0.0,0.0
1,4096,transformer.h.1.mlp.w2.weight,transformer.h.1.mlp.w2.weight,"[1024, 384]",internal_cross,0.0,0.0,,,0.9013075828552246,0.44630104303359985,1.0086758136749268,0.9013075828552246,0.44630104303359985,1.0086758136749268,0.8946746587753296,0.4589792788028717,0.8946746587753296,0.4589792788028717,1.000000238418579,0.0,0.0,0.0,0.0,0.0,0.0
1,4096,transformer.h.1.mlp.w2.weight,transformer.h.1.mlp.w2.weight,"[1024, 384]",outside_cross,0.0,0.0,,,0.9013075828552246,0.44630104303359985,1.0086758136749268,0.9013075828552246,0.44630104303359985,1.0086758136749268,0.8946746587753296,0.4589792788028717,0.8946746587753296,0.4589792788028717,1.000000238418579,0.0,0.0,0.0,0.0,0.0,0.0
1,4096,transformer.h.1.mlp.w2.weight,transformer.h.1.mlp.w2.weight,"[1024, 384]",local_cross,0.0,0.0,,,0.9013075828552246,0.44630104303359985,1.0086758136749268,0.9013075828552246,0.44630104303359985,1.0086758136749268,0.8946746587753296,0.4589792788028717,0.8946746587753296,0.4589792788028717,1.000000238418579,0.0,0.0,0.0,0.0,0.0,0.0
1,4096,transformer.h.1.mlp.w2.weight,transformer.h.1.mlp.w2.weight,"[1024, 384]",medium_cross,0.0,0.0,,,0.9013075828552246,0.44630104303359985,1.0086758136749268,0.9013075828552246,0.44630104303359985,1.0086758136749268,0.8946746587753296,0.4589792788028717,0.8946746587753296,0.4589792788028717,1.000000238418579,0.0,0.0,0.0,0.0,0.0,0.0
1,4096,transformer.h.1.mlp.w2.weight,transformer.h.1.mlp.w2.weight,"[1024, 384]",distant_cross,0.0,0.0,,,0.9013075828552246,0.44630104303359985,1.0086758136749268,0.9013075828552246,0.44630104303359985,1.0086758136749268,0.8946746587753296,0.4589792788028717,0.8946746587753296,0.4589792788028717,1.000000238418579,0.0,0.0,0.0,0.0,0.0,0.0
1,4096,transformer.h.1.mlp.c_proj.weight,transformer.h.1.mlp.c_proj.weight,"[384, 1024]",danger_diagonal,0.0,0.0,,,0.8878734111785889,0.476500540971756,1.0118128061294556,0.8878734111785889,0.476500540971756,1.0118128061294556,0.8808348774909973,0.48820069432258606,0.8808348774909973,0.48820069432258606,1.0000005960464478,0.0,0.0,0.0,0.0,0.0,0.0
1,4096,transformer.h.1.mlp.c_proj.weight,transformer.h.1.mlp.c_proj.weight,"[384, 1024]",danger_cross,0.0,0.0,,,0.8878734111785889,0.476500540971756,1.0118128061294556,0.8878734111785889,0.476500540971756,1.0118128061294556,0.8808348774909973,0.48820069432258606,0.8808348774909973,0.48820069432258606,1.0000005960464478,0.0,0.0,0.0,0.0,0.0,0.0
1,4096,transformer.h.1.mlp.c_proj.weight,transformer.h.1.mlp.c_proj.weight,"[384, 1024]",danger_full,0.0,0.0,,,0.8878734111785889,0.476500540971756,1.0118128061294556,0.8878734111785889,0.476500540971756,1.0118128061294556,0.8808348774909973,0.48820069432258606,0.8808348774909973,0.48820069432258606,1.0000005960464478,0.0,0.0,0.0,0.0,0.0,0.0
1,4096,transformer.h.1.mlp.c_proj.weight,transformer.h.1.mlp.c_proj.weight,"[384, 1024]",internal_cross,0.0,0.0,,,0.8878734111785889,0.476500540971756,1.0118128061294556,0.8878734111785889,0.476500540971756,1.0118128061294556,0.8808348774909973,0.48820069432258606,0.8808348774909973,0.48820069432258606,1.0000005960464478,0.0,0.0,0.0,0.0,0.0,0.0
1,4096,transformer.h.1.mlp.c_proj.weight,transformer.h.1.mlp.c_proj.weight,"[384, 1024]",outside_cross,0.0,0.0,,,0.8878734111785889,0.476500540971756,1.0118128061294556,0.8878734111785889,0.476500540971756,1.0118128061294556,0.8808348774909973,0.48820069432258606,0.8808348774909973,0.48820069432258606,1.0000005960464478,0.0,0.0,0.0,0.0,0.0,0.0
1,4096,transformer.h.1.mlp.c_proj.weight,transformer.h.1.mlp.c_proj.weight,"[384, 1024]",local_cross,0.0,0.0,,,0.8878734111785889,0.476500540971756,1.0118128061294556,0.8878734111785889,0.476500540971756,1.0118128061294556,0.8808348774909973,0.48820069432258606,0.8808348774909973,0.48820069432258606,1.0000005960464478,0.0,0.0,0.0,0.0,0.0,0.0
1,4096,transformer.h.1.mlp.c_proj.weight,transformer.h.1.mlp.c_proj.weight,"[384, 1024]",medium_cross,0.0,0.0,,,0.8878734111785889,0.476500540971756,1.0118128061294556,0.8878734111785889,0.476500540971756,1.0118128061294556,0.8808348774909973,0.48820069432258606,0.8808348774909973,0.48820069432258606,1.0000005960464478,0.0,0.0,0.0,0.0,0.0,0.0
1,4096,transformer.h.1.mlp.c_proj.weight,transformer.h.1.mlp.c_proj.weight,"[384, 1024]",distant_cross,0.0,0.0,,,0.8878734111785889,0.476500540971756,1.0118128061294556,0.8878734111785889,0.476500540971756,1.0118128061294556,0.8808348774909973,0.48820069432258606,0.8808348774909973,0.48820069432258606,1.0000005960464478,0.0,0.0,0.0,0.0,0.0,0.0
1,4096,transformer.h.2.attn.c_attn.weight,transformer.h.2.attn.c_attn.weight,"[1152, 384]",danger_diagonal,0.003834408475086093,0.03271642715311883,,,0.5681543946266174,0.9678115248680115,1.0775222778320312,0.5758639574050903,0.9590956568717957,1.0773406028747559,0.5648693442344666,0.9328799843788147,0.5729026794433594,0.9242274761199951,1.0,0.0077095627784729,0.00871586799621582,0.017852590561404588,0.009005749334721423,0.008033335208892822,0.00865250825881958
1,4096,transformer.h.2.attn.c_attn.weight,transformer.h.2.attn.c_attn.weight,"[1152, 384]",danger_cross,0.09700044989585876,0.8276395625185349,,,0.5681543946266174,0.9678115248680115,1.0775222778320312,0.7483866810798645,0.7480612993240356,1.0943262577056885,0.5648693442344666,0.9328799843788147,0.7298495769500732,0.735052764415741,1.0000003576278687,0.18023228645324707,0.21975022554397583,0.4173535268407202,0.22705890547639945,0.1649802327156067,0.19782721996307373
1,4096,transformer.h.2.attn.c_attn.weight,transformer.h.2.attn.c_attn.weight,"[1152, 384]",danger_full,0.09707621484994888,0.8282860138857677,,,0.5681543946266174,0.9678115248680115,1.0775222778320312,0.75578373670578,0.7375370264053345,1.0951473712921143,0.5648693442344666,0.9328799843788147,0.7385660409927368,0.7230982780456543,0.9999997019767761,0.1876293420791626,0.230274498462677,0.4344824625850584,0.2379332055320187,0.17369669675827026,0.2097817063331604
1,4096,transformer.h.2.attn.c_attn.weight,transformer.h.2.attn.c_attn.weight,"[1152, 384]",internal_cross,0.0490294024348259,0.41833489664501977,,,0.5681543946266174,0.9678115248680115,1.0775222778320312,0.6502997875213623,0.8805127739906311,1.0954837799072266,0.5648693442344666,0.9328799843788147,0.6325165033340454,0.857304036617279,0.9999995231628418,0.08214539289474487,0.08729875087738037,0.19021935588234198,0.09020222288558305,0.06764715909957886,0.07557594776153564
1,4096,transformer.h.2.attn.c_attn.weight,transformer.h.2.attn.c_attn.weight,"[1152, 384]",outside_cross,0.08369724452495575,0.714132263479312,,,0.5681543946266174,0.9678115248680115,1.0775222778320312,0.5971964597702026,0.9338109493255615,1.0753626823425293,0.5648693442344666,0.9328799843788147,0.5991615653038025,0.8953648805618286,0.999998927116394,0.029042065143585205,0.03400057554244995,0.06725103782976984,0.035131401795496175,0.03429222106933594,0.037515103816986084
1,4096,transformer.h.2.attn.c_attn.weight,transformer.h.2.attn.c_attn.weight,"[1152, 384]",local_cross,0.05324767529964447,0.45432658031422407,,,0.5681543946266174,0.9678115248680115,1.0775222778320312,0.6236729621887207,0.9068925976753235,1.0834734439849854,0.5648693442344666,0.9328799843788147,0.6139847040176392,0.8786542415618896,0.9999994039535522,0.05551856756210327,0.06091892719268799,0.1285611497982034,0.06294503178291457,0.04911535978317261,0.05422574281692505
1,4096,transformer.h.2.attn.c_attn.weight,transformer.h.2.attn.c_attn.weight,"[1152, 384]",medium_cross,0.07538317888975143,0.6431939363637317,,,0.5681543946266174,0.9678115248680115,1.0775222778320312,0.5866114497184753,0.9478674530982971,1.079119086265564,0.5648693442344666,0.9328799843788147,0.5876418948173523,0.9081398844718933,0.9999998211860657,0.01845705509185791,0.019944071769714355,0.04273993960387663,0.020607392304440985,0.022772550582885742,0.024740099906921387
1,4096,transformer.h.2.attn.c_attn.weight,transformer.h.2.attn.c_attn.weight,"[1152, 384]",distant_cross,0.029852472245693207,0.25471105645435826,,,0.5681543946266174,0.9678115248680115,1.0775222778320312,0.5683161616325378,0.9676799178123474,1.077615737915039,0.5648693442344666,0.9328799843788147,0.5650892853736877,0.9326433539390564,0.9999995231628418,0.00016176700592041016,0.0001316070556640625,0.0003745945400568407,0.00013598417902908406,0.0002199411392211914,0.00023663043975830078
1,4096,transformer.h.2.attn.c_proj.weight,transformer.h.2.attn.c_proj.weight,"[384, 384]",danger_diagonal,0.006905905902385712,0.03447086692113288,,,0.5446789264678955,0.9942334294319153,1.0786950588226318,0.5551439523696899,0.9829887747764587,1.079023838043213,0.49921056628227234,1.0007905960083008,0.5092427134513855,0.9907152056694031,1.0000008344650269,0.010465025901794434,0.011244654655456543,0.022983838241030917,0.011309873841077251,0.01003214716911316,0.010075390338897705
1,4096,transformer.h.2.attn.c_proj.weight,transformer.h.2.attn.c_proj.weight,"[384, 384]",danger_cross,0.1629789173603058,0.8135101535826912,,,0.5446789264678955,0.9942334294319153,1.0786950588226318,0.866913378238678,0.5517950057983398,1.1035847663879395,0.49921056628227234,1.0007905960083008,0.786284327507019,0.6537852883338928,0.9999998211860657,0.32223445177078247,0.44243842363357544,0.7077081876994693,0.44500457391216036,0.2870737612247467,0.34700530767440796
1,4096,transformer.h.2.attn.c_proj.weight,transformer.h.2.attn.c_proj.weight,"[384, 384]",danger_full,0.1631251573562622,0.8142401113189267,,,0.5446789264678955,0.9942334294319153,1.0786950588226318,0.8744972944259644,0.5392127633094788,1.1100672483444214,0.49921056628227234,1.0007905960083008,0.8019087314605713,0.6294323801994324,1.0000007152557373,0.32981836795806885,0.4550206661224365,0.7243643818186103,0.4576597936185128,0.30269816517829895,0.3713582158088684
1,4096,transformer.h.2.attn.c_proj.weight,transformer.h.2.attn.c_proj.weight,"[384, 384]",internal_cross,0.08357546478509903,0.4171673876245164,,,0.5446789264678955,0.9942334294319153,1.0786950588226318,0.6424906849861145,0.8861626982688904,1.0875483751296997,0.49921056628227234,1.0007905960083008,0.5735223889350891,0.9235563278198242,1.0000003576278687,0.097811758518219,0.1080707311630249,0.21481930928312795,0.10869754321656064,0.07431182265281677,0.07723426818847656
1,4096,transformer.h.2.attn.c_proj.weight,transformer.h.2.attn.c_proj.weight,"[384, 384]",outside_cross,0.13991887867450714,0.6984058448981875,,,0.5446789264678955,0.9942334294319153,1.0786950588226318,0.5950009822845459,0.941482663154602,1.0853209495544434,0.49921056628227234,1.0007905960083008,0.5497069358825684,0.9489925503730774,1.0000008344650269,0.05032205581665039,0.05275076627731323,0.11051993580328366,0.053056721606568734,0.05049636960029602,0.05179804563522339
1,4096,transformer.h.2.attn.c_proj.weight,transformer.h.2.attn.c_proj.weight,"[384, 384]",local_cross,0.0907493457198143,0.452975853378907,,,0.5446789264678955,0.9942334294319153,1.0786950588226318,0.6129728555679321,0.9185620546340942,1.081470251083374,0.49921056628227234,1.0007905960083008,0.5537528395652771,0.9447203874588013,1.0000004768371582,0.06829392910003662,0.07567137479782104,0.1499907056140709,0.07611027004096828,0.05454227328300476,0.05607020854949951
1,4096,transformer.h.2.attn.c_proj.weight,transformer.h.2.attn.c_proj.weight,"[384, 384]",medium_cross,0.12505574524402618,0.6242164334357237,,,0.5446789264678955,0.9942334294319153,1.0786950588226318,0.5830228924751282,0.9539792537689209,1.0830135345458984,0.49921056628227234,1.0007905960083008,0.535348117351532,0.9640049934387207,1.0000004768371582,0.038343966007232666,0.040254175662994385,0.08421302732549463,0.04048765055706767,0.036137551069259644,0.03678560256958008
1,4096,transformer.h.2.attn.c_proj.weight,transformer.h.2.attn.c_proj.weight,"[384, 384]",distant_cross,0.0518437996506691,0.25877860829622923,,,0.5446789264678955,0.9942334294319153,1.0786950588226318,0.5460073351860046,0.9942177534103394,1.0813490152359009,0.49921056628227234,1.0007905960083008,0.5009641051292419,0.9990374445915222,1.0,0.0013284087181091309,1.5676021575927734e-05,0.002917520833824234,1.5766942764019403e-05,0.0017535388469696045,0.0017531514167785645
1,4096,transformer.h.2.mlp.w1.weight,transformer.h.2.mlp.w1.weight,"[1024, 384]",danger_diagonal,0.0,0.0,,,0.9227540493011475,0.3953760862350464,1.0109777450561523,0.9227540493011475,0.3953760862350464,1.0109777450561523,0.9185085296630859,0.40372738242149353,0.9185085296630859,0.40372738242149353,1.000000238418579,0.0,0.0,0.0,0.0,0.0,0.0
1,4096,transformer.h.2.mlp.w1.weight,transformer.h.2.mlp.w1.weight,"[1024, 384]",danger_cross,0.0,0.0,,,0.9227540493011475,0.3953760862350464,1.0109777450561523,0.9227540493011475,0.3953760862350464,1.0109777450561523,0.9185085296630859,0.40372738242149353,0.9185085296630859,0.40372738242149353,1.000000238418579,0.0,0.0,0.0,0.0,0.0,0.0
1,4096,transformer.h.2.mlp.w1.weight,transformer.h.2.mlp.w1.weight,"[1024, 384]",danger_full,0.0,0.0,,,0.9227540493011475,0.3953760862350464,1.0109777450561523,0.9227540493011475,0.3953760862350464,1.0109777450561523,0.9185085296630859,0.40372738242149353,0.9185085296630859,0.40372738242149353,1.000000238418579,0.0,0.0,0.0,0.0,0.0,0.0
1,4096,transformer.h.2.mlp.w1.weight,transformer.h.2.mlp.w1.weight,"[1024, 384]",internal_cross,0.0,0.0,,,0.9227540493011475,0.3953760862350464,1.0109777450561523,0.9227540493011475,0.3953760862350464,1.0109777450561523,0.9185085296630859,0.40372738242149353,0.9185085296630859,0.40372738242149353,1.000000238418579,0.0,0.0,0.0,0.0,0.0,0.0
1,4096,transformer.h.2.mlp.w1.weight,transformer.h.2.mlp.w1.weight,"[1024, 384]",outside_cross,0.0,0.0,,,0.9227540493011475,0.3953760862350464,1.0109777450561523,0.9227540493011475,0.3953760862350464,1.0109777450561523,0.9185085296630859,0.40372738242149353,0.9185085296630859,0.40372738242149353,1.000000238418579,0.0,0.0,0.0,0.0,0.0,0.0
1,4096,transformer.h.2.mlp.w1.weight,transformer.h.2.mlp.w1.weight,"[1024, 384]",local_cross,0.0,0.0,,,0.9227540493011475,0.3953760862350464,1.0109777450561523,0.9227540493011475,0.3953760862350464,1.0109777450561523,0.9185085296630859,0.40372738242149353,0.9185085296630859,0.40372738242149353,1.000000238418579,0.0,0.0,0.0,0.0,0.0,0.0
1,4096,transformer.h.2.mlp.w1.weight,transformer.h.2.mlp.w1.weight,"[1024, 384]",medium_cross,0.0,0.0,,,0.9227540493011475,0.3953760862350464,1.0109777450561523,0.9227540493011475,0.3953760862350464,1.0109777450561523,0.9185085296630859,0.40372738242149353,0.9185085296630859,0.40372738242149353,1.000000238418579,0.0,0.0,0.0,0.0,0.0,0.0
1,4096,transformer.h.2.mlp.w1.weight,transformer.h.2.mlp.w1.weight,"[1024, 384]",distant_cross,0.0,0.0,,,0.9227540493011475,0.3953760862350464,1.0109777450561523,0.9227540493011475,0.3953760862350464,1.0109777450561523,0.9185085296630859,0.40372738242149353,0.9185085296630859,0.40372738242149353,1.000000238418579,0.0,0.0,0.0,0.0,0.0,0.0
1,4096,transformer.h.2.mlp.w2.weight,transformer.h.2.mlp.w2.weight,"[1024, 384]",danger_diagonal,0.0,0.0,,,0.9195556044578552,0.4031633734703064,1.0096242427825928,0.9195556044578552,0.4031633734703064,1.0096242427825928,0.9152182936668396,0.4117957651615143,0.9152182936668396,0.4117957651615143,0.999998927116394,0.0,0.0,0.0,0.0,0.0,0.0
1,4096,transformer.h.2.mlp.w2.weight,transformer.h.2.mlp.w2.weight,"[1024, 384]",danger_cross,0.0,0.0,,,0.9195556044578552,0.4031633734703064,1.0096242427825928,0.9195556044578552,0.4031633734703064,1.0096242427825928,0.9152182936668396,0.4117957651615143,0.9152182936668396,0.4117957651615143,0.999998927116394,0.0,0.0,0.0,0.0,0.0,0.0
1,4096,transformer.h.2.mlp.w2.weight,transformer.h.2.mlp.w2.weight,"[1024, 384]",danger_full,0.0,0.0,,,0.9195556044578552,0.4031633734703064,1.0096242427825928,0.9195556044578552,0.4031633734703064,1.0096242427825928,0.9152182936668396,0.4117957651615143,0.9152182936668396,0.4117957651615143,0.999998927116394,0.0,0.0,0.0,0.0,0.0,0.0
1,4096,transformer.h.2.mlp.w2.weight,transformer.h.2.mlp.w2.weight,"[1024, 384]",internal_cross,0.0,0.0,,,0.9195556044578552,0.4031633734703064,1.0096242427825928,0.9195556044578552,0.4031633734703064,1.0096242427825928,0.9152182936668396,0.4117957651615143,0.9152182936668396,0.4117957651615143,0.999998927116394,0.0,0.0,0.0,0.0,0.0,0.0
1,4096,transformer.h.2.mlp.w2.weight,transformer.h.2.mlp.w2.weight,"[1024, 384]",outside_cross,0.0,0.0,,,0.9195556044578552,0.4031633734703064,1.0096242427825928,0.9195556044578552,0.4031633734703064,1.0096242427825928,0.9152182936668396,0.4117957651615143,0.9152182936668396,0.4117957651615143,0.999998927116394,0.0,0.0,0.0,0.0,0.0,0.0
1,4096,transformer.h.2.mlp.w2.weight,transformer.h.2.mlp.w2.weight,"[1024, 384]",local_cross,0.0,0.0,,,0.9195556044578552,0.4031633734703064,1.0096242427825928,0.9195556044578552,0.4031633734703064,1.0096242427825928,0.9152182936668396,0.4117957651615143,0.9152182936668396,0.4117957651615143,0.999998927116394,0.0,0.0,0.0,0.0,0.0,0.0
1,4096,transformer.h.2.mlp.w2.weight,transformer.h.2.mlp.w2.weight,"[1024, 384]",medium_cross,0.0,0.0,,,0.9195556044578552,0.4031633734703064,1.0096242427825928,0.9195556044578552,0.4031633734703064,1.0096242427825928,0.9152182936668396,0.4117957651615143,0.9152182936668396,0.4117957651615143,0.999998927116394,0.0,0.0,0.0,0.0,0.0,0.0
1,4096,transformer.h.2.mlp.w2.weight,transformer.h.2.mlp.w2.weight,"[1024, 384]",distant_cross,0.0,0.0,,,0.9195556044578552,0.4031633734703064,1.0096242427825928,0.9195556044578552,0.4031633734703064,1.0096242427825928,0.9152182936668396,0.4117957651615143,0.9152182936668396,0.4117957651615143,0.999998927116394,0.0,0.0,0.0,0.0,0.0,0.0
1,4096,transformer.h.2.mlp.c_proj.weight,transformer.h.2.mlp.c_proj.weight,"[384, 1024]",danger_diagonal,0.0,0.0,,,0.9333359003067017,0.3661210834980011,1.005103349685669,0.9333359003067017,0.3661210834980011,1.005103349685669,0.9333988428115845,0.3649847209453583,0.9333988428115845,0.3649847209453583,1.000000238418579,0.0,0.0,0.0,0.0,0.0,0.0
1,4096,transformer.h.2.mlp.c_proj.weight,transformer.h.2.mlp.c_proj.weight,"[384, 1024]",danger_cross,0.0,0.0,,,0.9333359003067017,0.3661210834980011,1.005103349685669,0.9333359003067017,0.3661210834980011,1.005103349685669,0.9333988428115845,0.3649847209453583,0.9333988428115845,0.3649847209453583,1.000000238418579,0.0,0.0,0.0,0.0,0.0,0.0
1,4096,transformer.h.2.mlp.c_proj.weight,transformer.h.2.mlp.c_proj.weight,"[384, 1024]",danger_full,0.0,0.0,,,0.9333359003067017,0.3661210834980011,1.005103349685669,0.9333359003067017,0.3661210834980011,1.005103349685669,0.9333988428115845,0.3649847209453583,0.9333988428115845,0.3649847209453583,1.000000238418579,0.0,0.0,0.0,0.0,0.0,0.0
1,4096,transformer.h.2.mlp.c_proj.weight,transformer.h.2.mlp.c_proj.weight,"[384, 1024]",internal_cross,0.0,0.0,,,0.9333359003067017,0.3661210834980011,1.005103349685669,0.9333359003067017,0.3661210834980011,1.005103349685669,0.9333988428115845,0.3649847209453583,0.9333988428115845,0.3649847209453583,1.000000238418579,0.0,0.0,0.0,0.0,0.0,0.0
1,4096,transformer.h.2.mlp.c_proj.weight,transformer.h.2.mlp.c_proj.weight,"[384, 1024]",outside_cross,0.0,0.0,,,0.9333359003067017,0.3661210834980011,1.005103349685669,0.9333359003067017,0.3661210834980011,1.005103349685669,0.9333988428115845,0.3649847209453583,0.9333988428115845,0.3649847209453583,1.000000238418579,0.0,0.0,0.0,0.0,0.0,0.0
1,4096,transformer.h.2.mlp.c_proj.weight,transformer.h.2.mlp.c_proj.weight,"[384, 1024]",local_cross,0.0,0.0,,,0.9333359003067017,0.3661210834980011,1.005103349685669,0.9333359003067017,0.3661210834980011,1.005103349685669,0.9333988428115845,0.3649847209453583,0.9333988428115845,0.3649847209453583,1.000000238418579,0.0,0.0,0.0,0.0,0.0,0.0
1,4096,transformer.h.2.mlp.c_proj.weight,transformer.h.2.mlp.c_proj.weight,"[384, 1024]",medium_cross,0.0,0.0,,,0.9333359003067017,0.3661210834980011,1.005103349685669,0.9333359003067017,0.3661210834980011,1.005103349685669,0.9333988428115845,0.3649847209453583,0.9333988428115845,0.3649847209453583,1.000000238418579,0.0,0.0,0.0,0.0,0.0,0.0
1,4096,transformer.h.2.mlp.c_proj.weight,transformer.h.2.mlp.c_proj.weight,"[384, 1024]",distant_cross,0.0,0.0,,,0.9333359003067017,0.3661210834980011,1.005103349685669,0.9333359003067017,0.3661210834980011,1.005103349685669,0.9333988428115845,0.3649847209453583,0.9333988428115845,0.3649847209453583,1.000000238418579,0.0,0.0,0.0,0.0,0.0,0.0
1,4096,transformer.h.3.attn.c_attn.weight,transformer.h.3.attn.c_attn.weight,"[1152, 384]",danger_diagonal,0.001921464572660625,0.0290927442121263,,,0.5898181796073914,0.9277655482292175,1.0465799570083618,0.5967108011245728,0.9198593497276306,1.0463764667510986,0.6027323603630066,0.8913685083389282,0.609320342540741,0.8839470148086548,0.9999995827674866,0.0068926215171813965,0.007906198501586914,0.016803820097594943,0.00852176340959966,0.006587982177734375,0.0074214935302734375
1,4096,transformer.h.3.attn.c_attn.weight,transformer.h.3.attn.c_attn.weight,"[1152, 384]",danger_cross,0.05298960581421852,0.8023114606374502,,,0.5898181796073914,0.9277655482292175,1.0465799570083618,0.7723885774612427,0.7026287317276001,1.0728318691253662,0.6027323603630066,0.8913685083389282,0.7693681716918945,0.6791651248931885,1.0000003576278687,0.18257039785385132,0.22513681650161743,0.4450962689645842,0.24266563565690222,0.16663581132888794,0.21220338344573975
1,4096,transformer.h.3.attn.c_attn.weight,transformer.h.3.attn.c_attn.weight,"[1152, 384]",danger_full,0.05302442982792854,0.8028387282944865,,,0.5898181796073914,0.9277655482292175,1.0465799570083618,0.7781750559806824,0.6933245658874512,1.0718623399734497,0.6027323603630066,0.8913685083389282,0.7754800319671631,0.6701068878173828,0.9999997019767761,0.18835687637329102,0.23444098234176636,0.459203375208106,0.25269421007196574,0.1727476716041565,0.2212616205215454
1,4096,transformer.h.3.attn.c_attn.weight,transformer.h.3.attn.c_attn.weight,"[1152, 384]",internal_cross,0.025150906294584274,0.38080789723763186,,,0.5898181796073914,0.9277655482292175,1.0465799570083618,0.6766448616981506,0.8365315794944763,1.0736711025238037,0.6027323603630066,0.8913685083389282,0.6752774119377136,0.8058837056159973,1.0000001192092896,0.08682668209075928,0.09123396873474121,0.21167852345979757,0.09833731044322049,0.07254505157470703,0.08548480272293091
1,4096,transformer.h.3.attn.c_attn.weight,transformer.h.3.attn.c_attn.weight,"[1152, 384]",outside_cross,0.04664048179984093,0.7061798724991449,,,0.5898181796073914,0.9277655482292175,1.0465799570083618,0.6281964182853699,0.8802990913391113,1.0399658679962158,0.6027323603630066,0.8913685083389282,0.645296573638916,0.8422646522521973,1.0,0.038378238677978516,0.0474664568901062,0.09356396790390294,0.05116212493630874,0.042564213275909424,0.04910385608673096
1,4096,transformer.h.3.attn.c_attn.weight,transformer.h.3.attn.c_attn.weight,"[1152, 384]",local_cross,0.02804170735180378,0.4245772890455575,,,0.5898181796073914,0.9277655482292175,1.0465799570083618,0.6619455218315125,0.8491969704627991,1.061073660850525,0.6027323603630066,0.8913685083389282,0.6648226976394653,0.8187545537948608,0.999998927116394,0.0721273422241211,0.07856857776641846,0.17584236706318154,0.08468581088873003,0.06209033727645874,0.07261395454406738
1,4096,transformer.h.3.attn.c_attn.weight,transformer.h.3.attn.c_attn.weight,"[1152, 384]",medium_cross,0.0403250977396965,0.6105591383584625,,,0.5898181796073914,0.9277655482292175,1.0465799570083618,0.617970883846283,0.8955073952674866,1.0467087030410767,0.6027323603630066,0.8913685083389282,0.6348319053649902,0.8545988202095032,1.000000238418579,0.0281527042388916,0.03225815296173096,0.06863469524793914,0.034769724984184396,0.03209954500198364,0.03676968812942505
1,4096,transformer.h.3.attn.c_attn.weight,transformer.h.3.attn.c_attn.weight,"[1152, 384]",distant_cross,0.019886009395122528,0.3010925067076027,,,0.5898181796073914,0.9277655482292175,1.0465799570083618,0.5902413725852966,0.9274438619613647,1.0468937158584595,0.6027323603630066,0.8913685083389282,0.603166401386261,0.890882134437561,0.9999994039535522,0.00042319297790527344,0.0003216862678527832,0.0010317204636232076,0.00034673228432201503,0.00043404102325439453,0.0004863739013671875
1,4096,transformer.h.3.attn.c_proj.weight,transformer.h.3.attn.c_proj.weight,"[384, 384]",danger_diagonal,0.002605728106573224,0.026672993688657092,,,0.5991708040237427,0.9193185567855835,1.051002025604248,0.6027402281761169,0.9151349663734436,1.0508079528808594,0.5682593584060669,0.9292365312576294,0.5706775188446045,0.9266302585601807,0.9999998211860657,0.0035694241523742676,0.004183590412139893,0.008905100197805198,0.004550751620600267,0.0024181604385375977,0.0026062726974487305
1,4096,transformer.h.3.attn.c_proj.weight,transformer.h.3.attn.c_proj.weight,"[384, 384]",danger_cross,0.07518871128559113,0.7696536014328306,,,0.5991708040237427,0.9193185567855835,1.051002025604248,0.9028064608573914,0.4637435972690582,1.0763436555862427,0.5682593584060669,0.9292365312576294,0.8533706068992615,0.5415336489677429,0.9999997019767761,0.3036356568336487,0.45557495951652527,0.7575188132045008,0.49555723220626874,0.2851112484931946,0.3877028822898865
1,4096,transformer.h.3.attn.c_proj.weight,transformer.h.3.attn.c_proj.weight,"[384, 384]",danger_full,0.07523384690284729,0.7701156227892301,,,0.5991708040237427,0.9193185567855835,1.051002025604248,0.9052446484565735,0.4565853178501129,1.0723817348480225,0.5682593584060669,0.9292365312576294,0.8533704876899719,0.5415337681770325,0.9999997019767761,0.3060738444328308,0.4627332389354706,0.7636016724963337,0.5033437381634359,0.28511112928390503,0.3877027630805969
1,4096,transformer.h.3.attn.c_proj.weight,transformer.h.3.attn.c_proj.weight,"[384, 384]",internal_cross,0.03556603193283081,0.3640642870151712,,,0.5991708040237427,0.9193185567855835,1.051002025604248,0.6977131962776184,0.8014186024665833,1.0569807291030884,0.5682593584060669,0.9292365312576294,0.6446682214736938,0.8430084586143494,0.9999991059303284,0.09854239225387573,0.11789995431900024,0.24584634363738508,0.1282471167896794,0.07640886306762695,0.08622807264328003
1,4096,transformer.h.3.attn.c_proj.weight,transformer.h.3.attn.c_proj.weight,"[384, 384]",outside_cross,0.06624500453472137,0.6781032078528683,,,0.5991708040237427,0.9193185567855835,1.051002025604248,0.6621993184089661,0.8412399291992188,1.0445501804351807,0.5682593584060669,0.9292365312576294,0.6312053799629211,0.8588294386863708,0.9999997019767761,0.06302851438522339,0.07807862758636475,0.1572453180006299,0.08493098176911418,0.06294602155685425,0.07040709257125854
1,4096,transformer.h.3.attn.c_proj.weight,transformer.h.3.attn.c_proj.weight,"[384, 384]",local_cross,0.04056172072887421,0.4152016161137918,,,0.5991708040237427,0.9193185567855835,1.051002025604248,0.6847055554389954,0.8156382441520691,1.0508798360824585,0.5682593584060669,0.9292365312576294,0.6337227821350098,0.8558934330940247,0.9999995231628418,0.08553475141525269,0.1036803126335144,0.21339451385751662,0.11277952769281062,0.06546342372894287,0.07334309816360474
1,4096,transformer.h.3.attn.c_proj.weight,transformer.h.3.attn.c_proj.weight,"[384, 384]",medium_cross,0.058057673275470734,0.5942952946427182,,,0.5991708040237427,0.9193185567855835,1.051002025604248,0.6466220021247864,0.8636182546615601,1.0515340566635132,0.5682593584060669,0.9292365312576294,0.6142272353172302,0.878376305103302,0.9999997019767761,0.0474511981010437,0.05570030212402344,0.1183825893357689,0.06058868464352629,0.04596787691116333,0.05086022615432739
1,4096,transformer.h.3.attn.c_proj.weight,transformer.h.3.attn.c_proj.weight,"[384, 384]",distant_cross,0.025246724486351013,0.2584328430832703,,,0.5991708040237427,0.9193185567855835,1.051002025604248,0.6027323007583618,0.915102481842041,1.0507248640060425,0.5682593584060669,0.9292365312576294,0.5699328184127808,0.9274335503578186,0.9999995231628418,0.0035614967346191406,0.0042160749435424805,0.008885322652070739,0.004586087066798776,0.0016734600067138672,0.001802980899810791
1,4096,transformer.h.3.mlp.w1.weight,transformer.h.3.mlp.w1.weight,"[1024, 384]",danger_diagonal,0.0,0.0,,,0.9242265820503235,0.39123427867889404,1.0093663930892944,0.9242265820503235,0.39123427867889404,1.0093663930892944,0.9210374355316162,0.397411048412323,0.9210374355316162,0.397411048412323,0.9999986290931702,0.0,0.0,0.0,0.0,0.0,0.0
1,4096,transformer.h.3.mlp.w1.weight,transformer.h.3.mlp.w1.weight,"[1024, 384]",danger_cross,0.0,0.0,,,0.9242265820503235,0.39123427867889404,1.0093663930892944,0.9242265820503235,0.39123427867889404,1.0093663930892944,0.9210374355316162,0.397411048412323,0.9210374355316162,0.397411048412323,0.9999986290931702,0.0,0.0,0.0,0.0,0.0,0.0
1,4096,transformer.h.3.mlp.w1.weight,transformer.h.3.mlp.w1.weight,"[1024, 384]",danger_full,0.0,0.0,,,0.9242265820503235,0.39123427867889404,1.0093663930892944,0.9242265820503235,0.39123427867889404,1.0093663930892944,0.9210374355316162,0.397411048412323,0.9210374355316162,0.397411048412323,0.9999986290931702,0.0,0.0,0.0,0.0,0.0,0.0
1,4096,transformer.h.3.mlp.w1.weight,transformer.h.3.mlp.w1.weight,"[1024, 384]",internal_cross,0.0,0.0,,,0.9242265820503235,0.39123427867889404,1.0093663930892944,0.9242265820503235,0.39123427867889404,1.0093663930892944,0.9210374355316162,0.397411048412323,0.9210374355316162,0.397411048412323,0.9999986290931702,0.0,0.0,0.0,0.0,0.0,0.0
1,4096,transformer.h.3.mlp.w1.weight,transformer.h.3.mlp.w1.weight,"[1024, 384]",outside_cross,0.0,0.0,,,0.9242265820503235,0.39123427867889404,1.0093663930892944,0.9242265820503235,0.39123427867889404,1.0093663930892944,0.9210374355316162,0.397411048412323,0.9210374355316162,0.397411048412323,0.9999986290931702,0.0,0.0,0.0,0.0,0.0,0.0
1,4096,transformer.h.3.mlp.w1.weight,transformer.h.3.mlp.w1.weight,"[1024, 384]",local_cross,0.0,0.0,,,0.9242265820503235,0.39123427867889404,1.0093663930892944,0.9242265820503235,0.39123427867889404,1.0093663930892944,0.9210374355316162,0.397411048412323,0.9210374355316162,0.397411048412323,0.9999986290931702,0.0,0.0,0.0,0.0,0.0,0.0
1,4096,transformer.h.3.mlp.w1.weight,transformer.h.3.mlp.w1.weight,"[1024, 384]",medium_cross,0.0,0.0,,,0.9242265820503235,0.39123427867889404,1.0093663930892944,0.9242265820503235,0.39123427867889404,1.0093663930892944,0.9210374355316162,0.397411048412323,0.9210374355316162,0.397411048412323,0.9999986290931702,0.0,0.0,0.0,0.0,0.0,0.0
1,4096,transformer.h.3.mlp.w1.weight,transformer.h.3.mlp.w1.weight,"[1024, 384]",distant_cross,0.0,0.0,,,0.9242265820503235,0.39123427867889404,1.0093663930892944,0.9242265820503235,0.39123427867889404,1.0093663930892944,0.9210374355316162,0.397411048412323,0.9210374355316162,0.397411048412323,0.9999986290931702,0.0,0.0,0.0,0.0,0.0,0.0
1,4096,transformer.h.3.mlp.w2.weight,transformer.h.3.mlp.w2.weight,"[1024, 384]",danger_diagonal,0.0,0.0,,,0.9237415790557861,0.3926197588443756,1.009974479675293,0.9237415790557861,0.3926197588443756,1.009974479675293,0.9201550483703613,0.39962244033813477,0.9201550483703613,0.39962244033813477,1.000000238418579,0.0,0.0,0.0,0.0,0.0,0.0
1,4096,transformer.h.3.mlp.w2.weight,transformer.h.3.mlp.w2.weight,"[1024, 384]",danger_cross,0.0,0.0,,,0.9237415790557861,0.3926197588443756,1.009974479675293,0.9237415790557861,0.3926197588443756,1.009974479675293,0.9201550483703613,0.39962244033813477,0.9201550483703613,0.39962244033813477,1.000000238418579,0.0,0.0,0.0,0.0,0.0,0.0
1,4096,transformer.h.3.mlp.w2.weight,transformer.h.3.mlp.w2.weight,"[1024, 384]",danger_full,0.0,0.0,,,0.9237415790557861,0.3926197588443756,1.009974479675293,0.9237415790557861,0.3926197588443756,1.009974479675293,0.9201550483703613,0.39962244033813477,0.9201550483703613,0.39962244033813477,1.000000238418579,0.0,0.0,0.0,0.0,0.0,0.0
1,4096,transformer.h.3.mlp.w2.weight,transformer.h.3.mlp.w2.weight,"[1024, 384]",internal_cross,0.0,0.0,,,0.9237415790557861,0.3926197588443756,1.009974479675293,0.9237415790557861,0.3926197588443756,1.009974479675293,0.9201550483703613,0.39962244033813477,0.9201550483703613,0.39962244033813477,1.000000238418579,0.0,0.0,0.0,0.0,0.0,0.0
1,4096,transformer.h.3.mlp.w2.weight,transformer.h.3.mlp.w2.weight,"[1024, 384]",outside_cross,0.0,0.0,,,0.9237415790557861,0.3926197588443756,1.009974479675293,0.9237415790557861,0.3926197588443756,1.009974479675293,0.9201550483703613,0.39962244033813477,0.9201550483703613,0.39962244033813477,1.000000238418579,0.0,0.0,0.0,0.0,0.0,0.0
1,4096,transformer.h.3.mlp.w2.weight,transformer.h.3.mlp.w2.weight,"[1024, 384]",local_cross,0.0,0.0,,,0.9237415790557861,0.3926197588443756,1.009974479675293,0.9237415790557861,0.3926197588443756,1.009974479675293,0.9201550483703613,0.39962244033813477,0.9201550483703613,0.39962244033813477,1.000000238418579,0.0,0.0,0.0,0.0,0.0,0.0
1,4096,transformer.h.3.mlp.w2.weight,transformer.h.3.mlp.w2.weight,"[1024, 384]",medium_cross,0.0,0.0,,,0.9237415790557861,0.3926197588443756,1.009974479675293,0.9237415790557861,0.3926197588443756,1.009974479675293,0.9201550483703613,0.39962244033813477,0.9201550483703613,0.39962244033813477,1.000000238418579,0.0,0.0,0.0,0.0,0.0,0.0
1,4096,transformer.h.3.mlp.w2.weight,transformer.h.3.mlp.w2.weight,"[1024, 384]",distant_cross,0.0,0.0,,,0.9237415790557861,0.3926197588443756,1.009974479675293,0.9237415790557861,0.3926197588443756,1.009974479675293,0.9201550483703613,0.39962244033813477,0.9201550483703613,0.39962244033813477,1.000000238418579,0.0,0.0,0.0,0.0,0.0,0.0
1,4096,transformer.h.3.mlp.c_proj.weight,transformer.h.3.mlp.c_proj.weight,"[384, 1024]",danger_diagonal,0.0,0.0,,,0.9268906116485596,0.383495032787323,1.0055060386657715,0.9268906116485596,0.383495032787323,1.0055060386657715,0.9274206161499023,0.3810104727745056,0.9274206161499023,0.3810104727745056,1.0000007152557373,0.0,0.0,0.0,0.0,0.0,0.0
1,4096,transformer.h.3.mlp.c_proj.weight,transformer.h.3.mlp.c_proj.weight,"[384, 1024]",danger_cross,0.0,0.0,,,0.9268906116485596,0.383495032787323,1.0055060386657715,0.9268906116485596,0.383495032787323,1.0055060386657715,0.9274206161499023,0.3810104727745056,0.9274206161499023,0.3810104727745056,1.0000007152557373,0.0,0.0,0.0,0.0,0.0,0.0
1,4096,transformer.h.3.mlp.c_proj.weight,transformer.h.3.mlp.c_proj.weight,"[384, 1024]",danger_full,0.0,0.0,,,0.9268906116485596,0.383495032787323,1.0055060386657715,0.9268906116485596,0.383495032787323,1.0055060386657715,0.9274206161499023,0.3810104727745056,0.9274206161499023,0.3810104727745056,1.0000007152557373,0.0,0.0,0.0,0.0,0.0,0.0
1,4096,transformer.h.3.mlp.c_proj.weight,transformer.h.3.mlp.c_proj.weight,"[384, 1024]",internal_cross,0.0,0.0,,,0.9268906116485596,0.383495032787323,1.0055060386657715,0.9268906116485596,0.383495032787323,1.0055060386657715,0.9274206161499023,0.3810104727745056,0.9274206161499023,0.3810104727745056,1.0000007152557373,0.0,0.0,0.0,0.0,0.0,0.0
1,4096,transformer.h.3.mlp.c_proj.weight,transformer.h.3.mlp.c_proj.weight,"[384, 1024]",outside_cross,0.0,0.0,,,0.9268906116485596,0.383495032787323,1.0055060386657715,0.9268906116485596,0.383495032787323,1.0055060386657715,0.9274206161499023,0.3810104727745056,0.9274206161499023,0.3810104727745056,1.0000007152557373,0.0,0.0,0.0,0.0,0.0,0.0
1,4096,transformer.h.3.mlp.c_proj.weight,transformer.h.3.mlp.c_proj.weight,"[384, 1024]",local_cross,0.0,0.0,,,0.9268906116485596,0.383495032787323,1.0055060386657715,0.9268906116485596,0.383495032787323,1.0055060386657715,0.9274206161499023,0.3810104727745056,0.9274206161499023,0.3810104727745056,1.0000007152557373,0.0,0.0,0.0,0.0,0.0,0.0
1,4096,transformer.h.3.mlp.c_proj.weight,transformer.h.3.mlp.c_proj.weight,"[384, 1024]",medium_cross,0.0,0.0,,,0.9268906116485596,0.383495032787323,1.0055060386657715,0.9268906116485596,0.383495032787323,1.0055060386657715,0.9274206161499023,0.3810104727745056,0.9274206161499023,0.3810104727745056,1.0000007152557373,0.0,0.0,0.0,0.0,0.0,0.0
1,4096,transformer.h.3.mlp.c_proj.weight,transformer.h.3.mlp.c_proj.weight,"[384, 1024]",distant_cross,0.0,0.0,,,0.9268906116485596,0.383495032787323,1.0055060386657715,0.9268906116485596,0.383495032787323,1.0055060386657715,0.9274206161499023,0.3810104727745056,0.9274206161499023,0.3810104727745056,1.0000007152557373,0.0,0.0,0.0,0.0,0.0,0.0
1,4096,transformer.h.4.attn.c_attn.weight,transformer.h.4.attn.c_attn.weight,"[1152, 384]",danger_diagonal,0.0015525917988270521,0.02311452195995205,,,0.6289136409759521,0.8804007172584534,1.041991114616394,0.6328837275505066,0.8755074739456177,1.041599154472351,0.6437485218048096,0.8441015481948853,0.6475590467453003,0.8395743370056152,1.0,0.003970086574554443,0.004893243312835693,0.010698551639019331,0.0055579728831584045,0.0038105249404907227,0.0045272111892700195
1,4096,transformer.h.4.attn.c_attn.weight,transformer.h.4.attn.c_attn.weight,"[1152, 384]",danger_cross,0.051382824778556824,0.7649721147603591,,,0.6289136409759521,0.8804007172584534,1.041991114616394,0.8001179695129395,0.6562421917915344,1.0662668943405151,0.6437485218048096,0.8441015481948853,0.7997148036956787,0.6329087018966675,1.0000008344650269,0.1712043285369873,0.22415852546691895,0.4613598004174888,0.2546096579350176,0.15596628189086914,0.21119284629821777
1,4096,transformer.h.4.attn.c_attn.weight,transformer.h.4.attn.c_attn.weight,"[1152, 384]",danger_full,0.05140627920627594,0.7653212972595719,,,0.6289136409759521,0.8804007172584534,1.041991114616394,0.8036711812019348,0.6503995656967163,1.0661605596542358,0.6437485218048096,0.8441015481948853,0.8033642172813416,0.6271181106567383,0.9999994039535522,0.17475754022598267,0.23000115156173706,0.47093496156957276,0.26124598384921255,0.15961569547653198,0.21698343753814697
1,4096,transformer.h.4.attn.c_attn.weight,transformer.h.4.attn.c_attn.weight,"[1152, 384]",internal_cross,0.021260524168610573,0.3165203198591557,,,0.6289136409759521,0.8804007172584534,1.041991114616394,0.7127112150192261,0.7851299047470093,1.0653862953186035,0.6437485218048096,0.8441015481948853,0.7139174938201904,0.7564185261726379,1.0000001192092896,0.08379757404327393,0.09527081251144409,0.2258169075890055,0.10821301101175282,0.07016897201538086,0.08768302202224731
1,4096,transformer.h.4.attn.c_attn.weight,transformer.h.4.attn.c_attn.weight,"[1152, 384]",outside_cross,0.046778056770563126,0.6964177070134769,,,0.6289136409759521,0.8804007172584534,1.041991114616394,0.6695935726165771,0.8281044960021973,1.0357972383499146,0.6437485218048096,0.8441015481948853,0.6875979900360107,0.7904476523399353,1.0,0.040679931640625,0.052296221256256104,0.10962389387638143,0.05940047552335632,0.04384946823120117,0.05365389585494995
1,4096,transformer.h.4.attn.c_attn.weight,transformer.h.4.attn.c_attn.weight,"[1152, 384]",local_cross,0.02443542331457138,0.3637872679941296,,,0.6289136409759521,0.8804007172584534,1.041991114616394,0.705374002456665,0.7901086211204529,1.054398536682129,0.6437485218048096,0.8441015481948853,0.7081468105316162,0.7640097141265869,0.9999994039535522,0.07646036148071289,0.09029209613800049,0.20604465677963107,0.10255795385897447,0.06439828872680664,0.08009183406829834
1,4096,transformer.h.4.attn.c_attn.weight,transformer.h.4.attn.c_attn.weight,"[1152, 384]",medium_cross,0.039695531129837036,0.5909751853035431,,,0.6289136409759521,0.8804007172584534,1.041991114616394,0.6610381603240967,0.8425744771957397,1.044312834739685,0.6437485218048096,0.8441015481948853,0.6788975596427917,0.8013787269592285,1.000000238418579,0.03212451934814453,0.03782624006271362,0.08656884999123003,0.042964799234266444,0.03514903783798218,0.04272282123565674
1,4096,transformer.h.4.attn.c_attn.weight,transformer.h.4.attn.c_attn.weight,"[1152, 384]",distant_cross,0.021618768572807312,0.3218537553146896,,,0.6289136409759521,0.8804007172584534,1.041991114616394,0.6294610500335693,0.8798182606697083,1.042127013206482,0.6437485218048096,0.8441015481948853,0.6442546844482422,0.8435008525848389,1.0,0.0005474090576171875,0.0005824565887451172,0.0014751527354895664,0.0006615812292371512,0.0005061626434326172,0.0006006956100463867
1,4096,transformer.h.4.attn.c_proj.weight,transformer.h.4.attn.c_proj.weight,"[384, 384]",danger_diagonal,0.003194645280018449,0.029370657665185707,,,0.600894570350647,0.9208709001541138,1.0581430196762085,0.6071204543113708,0.9137224555015564,1.0582093000411987,0.5647019147872925,0.9336675405502319,0.5697267055511475,0.9282630681991577,1.001304268836975,0.006225883960723877,0.007148444652557373,0.015599597244752668,0.00776270012589282,0.0050247907638549805,0.005404472351074219
1,4096,transformer.h.4.attn.c_proj.weight,transformer.h.4.attn.c_proj.weight,"[384, 384]",danger_cross,0.0829303041100502,0.762437566173845,,,0.600894570350647,0.9208709001541138,1.0581430196762085,0.8963328003883362,0.4766712188720703,1.0713320970535278,0.5647019147872925,0.9336675405502319,0.8459354639053345,0.5554584264755249,1.0013047456741333,0.2954382300376892,0.44419968128204346,0.7402510917910989,0.48236911515794856,0.281233549118042,0.37820911407470703
1,4096,transformer.h.4.attn.c_proj.weight,transformer.h.4.attn.c_proj.weight,"[384, 384]",danger_full,0.08299180865287781,0.763003021400922,,,0.600894570350647,0.9208709001541138,1.0581430196762085,0.9012795090675354,0.46736404299736023,1.076582908630371,0.5647019147872925,0.9336675405502319,0.8459355235099792,0.5554583668708801,1.0013046264648438,0.3003849387168884,0.45350685715675354,0.7526455828496278,0.4924760431466085,0.28123360872268677,0.3782091736793518
1,4096,transformer.h.4.attn.c_proj.weight,transformer.h.4.attn.c_proj.weight,"[384, 384]",internal_cross,0.03836236894130707,0.3526926799817273,,,0.600894570350647,0.9208709001541138,1.0581430196762085,0.689028263092041,0.8157904744148254,1.0635557174682617,0.5647019147872925,0.9336675405502319,0.6329938769340515,0.8573049902915955,1.0013045072555542,0.08813369274139404,0.10508042573928833,0.22082809752507437,0.11410983420336383,0.06829196214675903,0.07636255025863647
1,4096,transformer.h.4.attn.c_proj.weight,transformer.h.4.attn.c_proj.weight,"[384, 384]",outside_cross,0.07352392375469208,0.6759579876698566,,,0.600894570350647,0.9208709001541138,1.0581430196762085,0.6621475219726562,0.8433968424797058,1.049130916595459,0.5647019147872925,0.9336675405502319,0.6261882781982422,0.8652172088623047,1.001305103302002,0.06125295162200928,0.07747405767440796,0.15347561589383796,0.08413129100011975,0.06148636341094971,0.06845033168792725
1,4096,transformer.h.4.attn.c_proj.weight,transformer.h.4.attn.c_proj.weight,"[384, 384]",local_cross,0.04399515315890312,0.40447889173789425,,,0.600894570350647,0.9208709001541138,1.0581430196762085,0.6767224669456482,0.8283884525299072,1.0564316511154175,0.5647019147872925,0.9336675405502319,0.6270940899848938,0.8641682863235474,1.0013048648834229,0.07582789659500122,0.09248244762420654,0.18999465044016633,0.10042933011427443,0.06239217519760132,0.06949925422668457
1,4096,transformer.h.4.attn.c_proj.weight,transformer.h.4.attn.c_proj.weight,"[384, 384]",medium_cross,0.06417656689882278,0.590021054388025,,,0.600894570350647,0.9208709001541138,1.0581430196762085,0.6474428772926331,0.8654245734214783,1.0574896335601807,0.5647019147872925,0.9336675405502319,0.6087910532951355,0.885122537612915,1.0013048648834229,0.046548306941986084,0.0554463267326355,0.11663160529507856,0.060210749110821284,0.04408913850784302,0.048545002937316895
1,4096,transformer.h.4.attn.c_proj.weight,transformer.h.4.attn.c_proj.weight,"[384, 384]",distant_cross,0.028692133724689484,0.2637872951286529,,,0.600894570350647,0.9208709001541138,1.0581430196762085,0.6046953797340393,0.9163098335266113,1.057774305343628,0.5647019147872925,0.9336675405502319,0.5674190521240234,0.9307490587234497,1.001303791999817,0.003800809383392334,0.004561066627502441,0.009523321661475912,0.004952992462612421,0.002717137336730957,0.0029184818267822266
1,4096,transformer.h.4.mlp.w1.weight,transformer.h.4.mlp.w1.weight,"[1024, 384]",danger_diagonal,0.0,0.0,,,0.9265327453613281,0.38520872592926025,1.0092376470565796,0.9265327453613281,0.38520872592926025,1.0092376470565796,0.9239668846130371,0.3899713158607483,0.9239668846130371,0.3899713158607483,1.0000008344650269,0.0,0.0,0.0,0.0,0.0,0.0
1,4096,transformer.h.4.mlp.w1.weight,transformer.h.4.mlp.w1.weight,"[1024, 384]",danger_cross,0.0,0.0,,,0.9265327453613281,0.38520872592926025,1.0092376470565796,0.9265327453613281,0.38520872592926025,1.0092376470565796,0.9239668846130371,0.3899713158607483,0.9239668846130371,0.3899713158607483,1.0000008344650269,0.0,0.0,0.0,0.0,0.0,0.0
1,4096,transformer.h.4.mlp.w1.weight,transformer.h.4.mlp.w1.weight,"[1024, 384]",danger_full,0.0,0.0,,,0.9265327453613281,0.38520872592926025,1.0092376470565796,0.9265327453613281,0.38520872592926025,1.0092376470565796,0.9239668846130371,0.3899713158607483,0.9239668846130371,0.3899713158607483,1.0000008344650269,0.0,0.0,0.0,0.0,0.0,0.0
1,4096,transformer.h.4.mlp.w1.weight,transformer.h.4.mlp.w1.weight,"[1024, 384]",internal_cross,0.0,0.0,,,0.9265327453613281,0.38520872592926025,1.0092376470565796,0.9265327453613281,0.38520872592926025,1.0092376470565796,0.9239668846130371,0.3899713158607483,0.9239668846130371,0.3899713158607483,1.0000008344650269,0.0,0.0,0.0,0.0,0.0,0.0
1,4096,transformer.h.4.mlp.w1.weight,transformer.h.4.mlp.w1.weight,"[1024, 384]",outside_cross,0.0,0.0,,,0.9265327453613281,0.38520872592926025,1.0092376470565796,0.9265327453613281,0.38520872592926025,1.0092376470565796,0.9239668846130371,0.3899713158607483,0.9239668846130371,0.3899713158607483,1.0000008344650269,0.0,0.0,0.0,0.0,0.0,0.0
1,4096,transformer.h.4.mlp.w1.weight,transformer.h.4.mlp.w1.weight,"[1024, 384]",local_cross,0.0,0.0,,,0.9265327453613281,0.38520872592926025,1.0092376470565796,0.9265327453613281,0.38520872592926025,1.0092376470565796,0.9239668846130371,0.3899713158607483,0.9239668846130371,0.3899713158607483,1.0000008344650269,0.0,0.0,0.0,0.0,0.0,0.0
1,4096,transformer.h.4.mlp.w1.weight,transformer.h.4.mlp.w1.weight,"[1024, 384]",medium_cross,0.0,0.0,,,0.9265327453613281,0.38520872592926025,1.0092376470565796,0.9265327453613281,0.38520872592926025,1.0092376470565796,0.9239668846130371,0.3899713158607483,0.9239668846130371,0.3899713158607483,1.0000008344650269,0.0,0.0,0.0,0.0,0.0,0.0
1,4096,transformer.h.4.mlp.w1.weight,transformer.h.4.mlp.w1.weight,"[1024, 384]",distant_cross,0.0,0.0,,,0.9265327453613281,0.38520872592926025,1.0092376470565796,0.9265327453613281,0.38520872592926025,1.0092376470565796,0.9239668846130371,0.3899713158607483,0.9239668846130371,0.3899713158607483,1.0000008344650269,0.0,0.0,0.0,0.0,0.0,0.0
1,4096,transformer.h.4.mlp.w2.weight,transformer.h.4.mlp.w2.weight,"[1024, 384]",danger_diagonal,0.0,0.0,,,0.9244785308837891,0.39054006338119507,1.0091570615768433,0.9244785308837891,0.39054006338119507,1.0091570615768433,0.9216840267181396,0.3957793116569519,0.9216840267181396,0.3957793116569519,0.9999998807907104,0.0,0.0,0.0,0.0,0.0,0.0
1,4096,transformer.h.4.mlp.w2.weight,transformer.h.4.mlp.w2.weight,"[1024, 384]",danger_cross,0.0,0.0,,,0.9244785308837891,0.39054006338119507,1.0091570615768433,0.9244785308837891,0.39054006338119507,1.0091570615768433,0.9216840267181396,0.3957793116569519,0.9216840267181396,0.3957793116569519,0.9999998807907104,0.0,0.0,0.0,0.0,0.0,0.0
1,4096,transformer.h.4.mlp.w2.weight,transformer.h.4.mlp.w2.weight,"[1024, 384]",danger_full,0.0,0.0,,,0.9244785308837891,0.39054006338119507,1.0091570615768433,0.9244785308837891,0.39054006338119507,1.0091570615768433,0.9216840267181396,0.3957793116569519,0.9216840267181396,0.3957793116569519,0.9999998807907104,0.0,0.0,0.0,0.0,0.0,0.0
1,4096,transformer.h.4.mlp.w2.weight,transformer.h.4.mlp.w2.weight,"[1024, 384]",internal_cross,0.0,0.0,,,0.9244785308837891,0.39054006338119507,1.0091570615768433,0.9244785308837891,0.39054006338119507,1.0091570615768433,0.9216840267181396,0.3957793116569519,0.9216840267181396,0.3957793116569519,0.9999998807907104,0.0,0.0,0.0,0.0,0.0,0.0
1,4096,transformer.h.4.mlp.w2.weight,transformer.h.4.mlp.w2.weight,"[1024, 384]",outside_cross,0.0,0.0,,,0.9244785308837891,0.39054006338119507,1.0091570615768433,0.9244785308837891,0.39054006338119507,1.0091570615768433,0.9216840267181396,0.3957793116569519,0.9216840267181396,0.3957793116569519,0.9999998807907104,0.0,0.0,0.0,0.0,0.0,0.0
1,4096,transformer.h.4.mlp.w2.weight,transformer.h.4.mlp.w2.weight,"[1024, 384]",local_cross,0.0,0.0,,,0.9244785308837891,0.39054006338119507,1.0091570615768433,0.9244785308837891,0.39054006338119507,1.0091570615768433,0.9216840267181396,0.3957793116569519,0.9216840267181396,0.3957793116569519,0.9999998807907104,0.0,0.0,0.0,0.0,0.0,0.0
1,4096,transformer.h.4.mlp.w2.weight,transformer.h.4.mlp.w2.weight,"[1024, 384]",medium_cross,0.0,0.0,,,0.9244785308837891,0.39054006338119507,1.0091570615768433,0.9244785308837891,0.39054006338119507,1.0091570615768433,0.9216840267181396,0.3957793116569519,0.9216840267181396,0.3957793116569519,0.9999998807907104,0.0,0.0,0.0,0.0,0.0,0.0
1,4096,transformer.h.4.mlp.w2.weight,transformer.h.4.mlp.w2.weight,"[1024, 384]",distant_cross,0.0,0.0,,,0.9244785308837891,0.39054006338119507,1.0091570615768433,0.9244785308837891,0.39054006338119507,1.0091570615768433,0.9216840267181396,0.3957793116569519,0.9216840267181396,0.3957793116569519,0.9999998807907104,0.0,0.0,0.0,0.0,0.0,0.0
1,4096,transformer.h.4.mlp.c_proj.weight,transformer.h.4.mlp.c_proj.weight,"[384, 1024]",danger_diagonal,0.0,0.0,,,0.907425582408905,0.4322490692138672,1.0086547136306763,0.907425582408905,0.4322490692138672,1.0086547136306763,0.9063632488250732,0.43276306986808777,0.9063632488250732,0.43276306986808777,1.0000007152557373,0.0,0.0,0.0,0.0,0.0,0.0
1,4096,transformer.h.4.mlp.c_proj.weight,transformer.h.4.mlp.c_proj.weight,"[384, 1024]",danger_cross,0.0,0.0,,,0.907425582408905,0.4322490692138672,1.0086547136306763,0.907425582408905,0.4322490692138672,1.0086547136306763,0.9063632488250732,0.43276306986808777,0.9063632488250732,0.43276306986808777,1.0000007152557373,0.0,0.0,0.0,0.0,0.0,0.0
1,4096,transformer.h.4.mlp.c_proj.weight,transformer.h.4.mlp.c_proj.weight,"[384, 1024]",danger_full,0.0,0.0,,,0.907425582408905,0.4322490692138672,1.0086547136306763,0.907425582408905,0.4322490692138672,1.0086547136306763,0.9063632488250732,0.43276306986808777,0.9063632488250732,0.43276306986808777,1.0000007152557373,0.0,0.0,0.0,0.0,0.0,0.0
1,4096,transformer.h.4.mlp.c_proj.weight,transformer.h.4.mlp.c_proj.weight,"[384, 1024]",internal_cross,0.0,0.0,,,0.907425582408905,0.4322490692138672,1.0086547136306763,0.907425582408905,0.4322490692138672,1.0086547136306763,0.9063632488250732,0.43276306986808777,0.9063632488250732,0.43276306986808777,1.0000007152557373,0.0,0.0,0.0,0.0,0.0,0.0
1,4096,transformer.h.4.mlp.c_proj.weight,transformer.h.4.mlp.c_proj.weight,"[384, 1024]",outside_cross,0.0,0.0,,,0.907425582408905,0.4322490692138672,1.0086547136306763,0.907425582408905,0.4322490692138672,1.0086547136306763,0.9063632488250732,0.43276306986808777,0.9063632488250732,0.43276306986808777,1.0000007152557373,0.0,0.0,0.0,0.0,0.0,0.0
1,4096,transformer.h.4.mlp.c_proj.weight,transformer.h.4.mlp.c_proj.weight,"[384, 1024]",local_cross,0.0,0.0,,,0.907425582408905,0.4322490692138672,1.0086547136306763,0.907425582408905,0.4322490692138672,1.0086547136306763,0.9063632488250732,0.43276306986808777,0.9063632488250732,0.43276306986808777,1.0000007152557373,0.0,0.0,0.0,0.0,0.0,0.0
1,4096,transformer.h.4.mlp.c_proj.weight,transformer.h.4.mlp.c_proj.weight,"[384, 1024]",medium_cross,0.0,0.0,,,0.907425582408905,0.4322490692138672,1.0086547136306763,0.907425582408905,0.4322490692138672,1.0086547136306763,0.9063632488250732,0.43276306986808777,0.9063632488250732,0.43276306986808777,1.0000007152557373,0.0,0.0,0.0,0.0,0.0,0.0
1,4096,transformer.h.4.mlp.c_proj.weight,transformer.h.4.mlp.c_proj.weight,"[384, 1024]",distant_cross,0.0,0.0,,,0.907425582408905,0.4322490692138672,1.0086547136306763,0.907425582408905,0.4322490692138672,1.0086547136306763,0.9063632488250732,0.43276306986808777,0.9063632488250732,0.43276306986808777,1.0000007152557373,0.0,0.0,0.0,0.0,0.0,0.0
1,4096,transformer.h.5.attn.c_attn.weight,transformer.h.5.attn.c_attn.weight,"[1152, 384]",danger_diagonal,0.0009745812276378274,0.030559258230670794,,,0.5464953184127808,0.9855981469154358,1.0661675930023193,0.5499521493911743,0.9822861552238464,1.0669915676116943,0.5328798890113831,0.9665640592575073,0.535912811756134,0.9634206295013428,1.0000007152557373,0.0034568309783935547,0.0033119916915893555,0.007622481351890361,0.00336038749865215,0.0030329227447509766,0.0031434297561645508
1,4096,transformer.h.5.attn.c_attn.weight,transformer.h.5.attn.c_attn.weight,"[1152, 384]",danger_cross,0.024886807426810265,0.7803581201088915,,,0.5464953184127808,0.9855981469154358,1.0661675930023193,0.7308188080787659,0.7770977020263672,1.102268934249878,0.5328798890113831,0.9665640592575073,0.7099748253822327,0.7616133093833923,1.0000004768371582,0.1843234896659851,0.2085004448890686,0.40644230842528917,0.21154711536501897,0.1770949363708496,0.204950749874115
1,4096,transformer.h.5.attn.c_attn.weight,transformer.h.5.attn.c_attn.weight,"[1152, 384]",danger_full,0.02490588091313839,0.7809561940072295,,,0.5464953184127808,0.9855981469154358,1.0661675930023193,0.737649142742157,0.7681461572647095,1.1039396524429321,0.5328798890113831,0.9665640592575073,0.7170903086662292,0.7522135972976685,0.9999998211860657,0.19115382432937622,0.21745198965072632,0.42150353037229454,0.2206294627595152,0.1842104196548462,0.21435046195983887
1,4096,transformer.h.5.attn.c_attn.weight,transformer.h.5.attn.c_attn.weight,"[1152, 384]",internal_cross,0.012071209028363228,0.3785084130424498,,,0.5464953184127808,0.9855981469154358,1.0661675930023193,0.5706202387809753,0.976682722568512,1.0993096828460693,0.5328798890113831,0.9665640592575073,0.5609614253044128,0.9370595216751099,1.0000007152557373,0.02412492036819458,0.008915424346923828,0.053196629158843226,0.009045699177525717,0.028081536293029785,0.02950453758239746
1,4096,transformer.h.5.attn.c_attn.weight,transformer.h.5.attn.c_attn.weight,"[1152, 384]",outside_cross,0.021763266995549202,0.6824154592757816,,,0.5464953184127808,0.9855981469154358,1.0661675930023193,0.604025661945343,0.9266591668128967,1.0768277645111084,0.5328798890113831,0.9665640592575073,0.5909751653671265,0.904463529586792,1.0000008344650269,0.057530343532562256,0.05893898010253906,0.12685722081459452,0.05980021399897784,0.05809527635574341,0.06210052967071533
1,4096,transformer.h.5.attn.c_attn.weight,transformer.h.5.attn.c_attn.weight,"[1152, 384]",local_cross,0.0130003085359931,0.40764153296152295,,,0.5464953184127808,0.9855981469154358,1.0661675930023193,0.5741811394691467,0.9741338491439819,1.1020222902297974,0.5328798890113831,0.9665640592575073,0.5612485408782959,0.9367542862892151,1.000000238418579,0.027685821056365967,0.011464297771453857,0.06104858930996803,0.01163181749816895,0.028368651866912842,0.029809772968292236
1,4096,transformer.h.5.attn.c_attn.weight,transformer.h.5.attn.c_attn.weight,"[1152, 384]",medium_cross,0.018325503915548325,0.5746199398071329,,,0.5464953184127808,0.9855981469154358,1.0661675930023193,0.5779995322227478,0.9606795907020569,1.0849380493164062,0.5328798890113831,0.9665640592575073,0.5708414912223816,0.926457405090332,1.000000238418579,0.03150421380996704,0.024918556213378906,0.0694683320571368,0.02528267356362726,0.037961602210998535,0.04010665416717529
1,4096,transformer.h.5.attn.c_attn.weight,transformer.h.5.attn.c_attn.weight,"[1152, 384]",distant_cross,0.010701483115553856,0.33555888078413093,,,0.5464953184127808,0.9855981469154358,1.0661675930023193,0.5478657484054565,0.9844945669174194,1.0668865442276,0.5328798890113831,0.9665640592575073,0.5343050956726074,0.965087890625,1.000001311302185,0.0013704299926757812,0.0011035799980163574,0.0030218651500562655,0.00111970583697845,0.0014252066612243652,0.0014761686325073242
1,4096,transformer.h.5.attn.c_proj.weight,transformer.h.5.attn.c_proj.weight,"[384, 384]",danger_diagonal,0.0012335625942796469,0.026489262323998588,,,0.6315366625785828,0.8855217099189758,1.0593034029006958,0.6325141191482544,0.884280800819397,1.059157133102417,0.595707893371582,0.8998002409934998,0.5954892635345459,0.9000443816184998,1.0013041496276855,0.0009774565696716309,0.0012409090995788574,0.0026527919345031028,0.0014013310861598178,-0.0002186298370361328,-0.000244140625
1,4096,transformer.h.5.attn.c_proj.weight,transformer.h.5.attn.c_proj.weight,"[384, 384]",danger_cross,0.033332616090774536,0.7157775500555573,,,0.6315366625785828,0.8855217099189758,1.0593034029006958,0.8925846815109253,0.4776851236820221,1.0503488779067993,0.595707893371582,0.8998002409934998,0.861027717590332,0.5275514721870422,1.0013043880462646,0.26104801893234253,0.40783658623695374,0.7084775944309972,0.46056079898286206,0.26531982421875,0.3722487688064575
1,4096,transformer.h.5.attn.c_proj.weight,transformer.h.5.attn.c_proj.weight,"[384, 384]",danger_full,0.033355437219142914,0.7162676061408203,,,0.6315366625785828,0.8855217099189758,1.0593034029006958,0.8963533639907837,0.4693796932697296,1.0505074262619019,0.595707893371582,0.8998002409934998,0.861027717590332,0.5275514721870422,1.0013043880462646,0.2648167014122009,0.4161420166492462,0.7187057015372087,0.46993993708784704,0.26531982421875,0.3722487688064575
1,4096,transformer.h.5.attn.c_proj.weight,transformer.h.5.attn.c_proj.weight,"[384, 384]",internal_cross,0.014037968590855598,0.3014483693195772,,,0.6315366625785828,0.8855217099189758,1.0593034029006958,0.6861456036567688,0.8181231617927551,1.060471773147583,0.595707893371582,0.8998002409934998,0.6413013935089111,0.8475472927093506,1.0013036727905273,0.054608941078186035,0.0673985481262207,0.14820725844897004,0.07611168350958622,0.0455935001373291,0.05225294828414917
1,4096,transformer.h.5.attn.c_proj.weight,transformer.h.5.attn.c_proj.weight,"[384, 384]",outside_cross,0.030232423916459084,0.649204678811674,,,0.6315366625785828,0.8855217099189758,1.0593034029006958,0.7027770280838013,0.795711100101471,1.0592167377471924,0.595707893371582,0.8998002409934998,0.6630953550338745,0.8213964104652405,1.0013041496276855,0.0712403655052185,0.08981060981750488,0.19334451564102237,0.10142112701643695,0.06738746166229248,0.07840383052825928
1,4096,transformer.h.5.attn.c_proj.weight,transformer.h.5.attn.c_proj.weight,"[384, 384]",local_cross,0.01634332165122032,0.3509530334919656,,,0.6315366625785828,0.8855217099189758,1.0593034029006958,0.6912084221839905,0.8130823969841003,1.0638630390167236,0.595707893371582,0.8998002409934998,0.6419544219970703,0.8467745780944824,1.0013048648834229,0.059671759605407715,0.07243931293487549,0.16194761742919403,0.08180410725503681,0.04624652862548828,0.053025662899017334
1,4096,transformer.h.5.attn.c_proj.weight,transformer.h.5.attn.c_proj.weight,"[384, 384]",medium_cross,0.02561080828309059,0.5499610818992033,,,0.6315366625785828,0.8855217099189758,1.0593034029006958,0.6816096901893616,0.8257692456245422,1.0643422603607178,0.595707893371582,0.8998002409934998,0.6455807685852051,0.842475950717926,1.001304268836975,0.05007302761077881,0.059752464294433594,0.13589690621921907,0.0674771308541954,0.04987287521362305,0.05732429027557373
1,4096,transformer.h.5.attn.c_proj.weight,transformer.h.5.attn.c_proj.weight,"[384, 384]",distant_cross,0.013713016174733639,0.29447040984399964,,,0.6315366625785828,0.8855217099189758,1.0593034029006958,0.6345278024673462,0.881778359413147,1.058975100517273,0.595707893371582,0.8998002409934998,0.5982998013496399,0.8969112038612366,1.0013048648834229,0.0029911398887634277,0.0037433505058288574,0.008117876556446685,0.004227282588217255,0.0025919079780578613,0.0028890371322631836
1,4096,transformer.h.5.mlp.w1.weight,transformer.h.5.mlp.w1.weight,"[1024, 384]",danger_diagonal,0.0,0.0,,,0.9095184206962585,0.4272686541080475,1.0083786249160767,0.9095184206962585,0.4272686541080475,1.0083786249160767,0.9034553170204163,0.4394318461418152,0.9034553170204163,0.4394318461418152,0.9999986290931702,0.0,0.0,0.0,0.0,0.0,0.0
1,4096,transformer.h.5.mlp.w1.weight,transformer.h.5.mlp.w1.weight,"[1024, 384]",danger_cross,0.0,0.0,,,0.9095184206962585,0.4272686541080475,1.0083786249160767,0.9095184206962585,0.4272686541080475,1.0083786249160767,0.9034553170204163,0.4394318461418152,0.9034553170204163,0.4394318461418152,0.9999986290931702,0.0,0.0,0.0,0.0,0.0,0.0
1,4096,transformer.h.5.mlp.w1.weight,transformer.h.5.mlp.w1.weight,"[1024, 384]",danger_full,0.0,0.0,,,0.9095184206962585,0.4272686541080475,1.0083786249160767,0.9095184206962585,0.4272686541080475,1.0083786249160767,0.9034553170204163,0.4394318461418152,0.9034553170204163,0.4394318461418152,0.9999986290931702,0.0,0.0,0.0,0.0,0.0,0.0
1,4096,transformer.h.5.mlp.w1.weight,transformer.h.5.mlp.w1.weight,"[1024, 384]",internal_cross,0.0,0.0,,,0.9095184206962585,0.4272686541080475,1.0083786249160767,0.9095184206962585,0.4272686541080475,1.0083786249160767,0.9034553170204163,0.4394318461418152,0.9034553170204163,0.4394318461418152,0.9999986290931702,0.0,0.0,0.0,0.0,0.0,0.0
1,4096,transformer.h.5.mlp.w1.weight,transformer.h.5.mlp.w1.weight,"[1024, 384]",outside_cross,0.0,0.0,,,0.9095184206962585,0.4272686541080475,1.0083786249160767,0.9095184206962585,0.4272686541080475,1.0083786249160767,0.9034553170204163,0.4394318461418152,0.9034553170204163,0.4394318461418152,0.9999986290931702,0.0,0.0,0.0,0.0,0.0,0.0
1,4096,transformer.h.5.mlp.w1.weight,transformer.h.5.mlp.w1.weight,"[1024, 384]",local_cross,0.0,0.0,,,0.9095184206962585,0.4272686541080475,1.0083786249160767,0.9095184206962585,0.4272686541080475,1.0083786249160767,0.9034553170204163,0.4394318461418152,0.9034553170204163,0.4394318461418152,0.9999986290931702,0.0,0.0,0.0,0.0,0.0,0.0
1,4096,transformer.h.5.mlp.w1.weight,transformer.h.5.mlp.w1.weight,"[1024, 384]",medium_cross,0.0,0.0,,,0.9095184206962585,0.4272686541080475,1.0083786249160767,0.9095184206962585,0.4272686541080475,1.0083786249160767,0.9034553170204163,0.4394318461418152,0.9034553170204163,0.4394318461418152,0.9999986290931702,0.0,0.0,0.0,0.0,0.0,0.0
1,4096,transformer.h.5.mlp.w1.weight,transformer.h.5.mlp.w1.weight,"[1024, 384]",distant_cross,0.0,0.0,,,0.9095184206962585,0.4272686541080475,1.0083786249160767,0.9095184206962585,0.4272686541080475,1.0083786249160767,0.9034553170204163,0.4394318461418152,0.9034553170204163,0.4394318461418152,0.9999986290931702,0.0,0.0,0.0,0.0,0.0,0.0
1,4096,transformer.h.5.mlp.w2.weight,transformer.h.5.mlp.w2.weight,"[1024, 384]",danger_diagonal,0.0,0.0,,,0.908575713634491,0.4299619495868683,1.0103965997695923,0.908575713634491,0.4299619495868683,1.0103965997695923,0.9032695293426514,0.4398573040962219,0.9032695293426514,0.4398573040962219,0.9999998211860657,0.0,0.0,0.0,0.0,0.0,0.0
1,4096,transformer.h.5.mlp.w2.weight,transformer.h.5.mlp.w2.weight,"[1024, 384]",danger_cross,0.0,0.0,,,0.908575713634491,0.4299619495868683,1.0103965997695923,0.908575713634491,0.4299619495868683,1.0103965997695923,0.9032695293426514,0.4398573040962219,0.9032695293426514,0.4398573040962219,0.9999998211860657,0.0,0.0,0.0,0.0,0.0,0.0
1,4096,transformer.h.5.mlp.w2.weight,transformer.h.5.mlp.w2.weight,"[1024, 384]",danger_full,0.0,0.0,,,0.908575713634491,0.4299619495868683,1.0103965997695923,0.908575713634491,0.4299619495868683,1.0103965997695923,0.9032695293426514,0.4398573040962219,0.9032695293426514,0.4398573040962219,0.9999998211860657,0.0,0.0,0.0,0.0,0.0,0.0
1,4096,transformer.h.5.mlp.w2.weight,transformer.h.5.mlp.w2.weight,"[1024, 384]",internal_cross,0.0,0.0,,,0.908575713634491,0.4299619495868683,1.0103965997695923,0.908575713634491,0.4299619495868683,1.0103965997695923,0.9032695293426514,0.4398573040962219,0.9032695293426514,0.4398573040962219,0.9999998211860657,0.0,0.0,0.0,0.0,0.0,0.0
1,4096,transformer.h.5.mlp.w2.weight,transformer.h.5.mlp.w2.weight,"[1024, 384]",outside_cross,0.0,0.0,,,0.908575713634491,0.4299619495868683,1.0103965997695923,0.908575713634491,0.4299619495868683,1.0103965997695923,0.9032695293426514,0.4398573040962219,0.9032695293426514,0.4398573040962219,0.9999998211860657,0.0,0.0,0.0,0.0,0.0,0.0
1,4096,transformer.h.5.mlp.w2.weight,transformer.h.5.mlp.w2.weight,"[1024, 384]",local_cross,0.0,0.0,,,0.908575713634491,0.4299619495868683,1.0103965997695923,0.908575713634491,0.4299619495868683,1.0103965997695923,0.9032695293426514,0.4398573040962219,0.9032695293426514,0.4398573040962219,0.9999998211860657,0.0,0.0,0.0,0.0,0.0,0.0
1,4096,transformer.h.5.mlp.w2.weight,transformer.h.5.mlp.w2.weight,"[1024, 384]",medium_cross,0.0,0.0,,,0.908575713634491,0.4299619495868683,1.0103965997695923,0.908575713634491,0.4299619495868683,1.0103965997695923,0.9032695293426514,0.4398573040962219,0.9032695293426514,0.4398573040962219,0.9999998211860657,0.0,0.0,0.0,0.0,0.0,0.0
1,4096,transformer.h.5.mlp.w2.weight,transformer.h.5.mlp.w2.weight,"[1024, 384]",distant_cross,0.0,0.0,,,0.908575713634491,0.4299619495868683,1.0103965997695923,0.908575713634491,0.4299619495868683,1.0103965997695923,0.9032695293426514,0.4398573040962219,0.9032695293426514,0.4398573040962219,0.9999998211860657,0.0,0.0,0.0,0.0,0.0,0.0
1,4096,transformer.h.5.mlp.c_proj.weight,transformer.h.5.mlp.c_proj.weight,"[384, 1024]",danger_diagonal,0.001364929135888815,0.011582430868073689,,,0.8571436405181885,0.5369603037834167,1.0088430643081665,0.8578953742980957,0.5355079174041748,1.0087138414382935,0.8509705662727356,0.5459584593772888,0.8517287373542786,0.5445678234100342,1.0000005960464478,0.0007517337799072266,0.0014523863792419434,0.005262165315104067,0.002704830075907742,0.0007581710815429688,0.0013906359672546387
1,4096,transformer.h.5.mlp.c_proj.weight,transformer.h.5.mlp.c_proj.weight,"[384, 1024]",danger_cross,0.028674514964222908,0.24332441774157448,,,0.8571436405181885,0.5369603037834167,1.0088430643081665,0.861153781414032,0.5288147926330566,1.006824016571045,0.8509705662727356,0.5459584593772888,0.8552912473678589,0.5379869341850281,1.000000238418579,0.004010140895843506,0.008145511150360107,0.02807114020257584,0.015169671003548903,0.004320681095123291,0.007971525192260742
1,4096,transformer.h.5.mlp.c_proj.weight,transformer.h.5.mlp.c_proj.weight,"[384, 1024]",danger_full,0.028706982731819153,0.24359993070685332,,,0.8571436405181885,0.5369603037834167,1.0088430643081665,0.8617815971374512,0.527608335018158,1.0067873001098633,0.8509705662727356,0.5459584593772888,0.856005072593689,0.5366597175598145,0.9999995231628418,0.004637956619262695,0.009351968765258789,0.032465874365594484,0.01741649931915807,0.005034506320953369,0.009298741817474365
1,4096,transformer.h.5.mlp.c_proj.weight,transformer.h.5.mlp.c_proj.weight,"[384, 1024]",internal_cross,0.0031342911534011364,0.02659677315851566,,,0.8571436405181885,0.5369603037834167,1.0088430643081665,0.8572478890419006,0.5367392301559448,1.0087480545043945,0.8509705662727356,0.5459584593772888,0.8510569930076599,0.5458000898361206,1.0000003576278687,0.0001042485237121582,0.00022107362747192383,0.0007297436676274193,0.0004117131674618055,8.64267349243164e-05,0.0001583695411682129
1,4096,transformer.h.5.mlp.c_proj.weight,transformer.h.5.mlp.c_proj.weight,"[384, 1024]",outside_cross,0.028502702713012695,0.241866464013717,,,0.8571436405181885,0.5369603037834167,1.0088430643081665,0.8609995245933533,0.5291637778282166,1.007025122642517,0.8509705662727356,0.5459584593772888,0.8551228046417236,0.5382998585700989,1.0,0.003855884075164795,0.007796525955200195,0.026991336536583983,0.014519743638898358,0.004152238368988037,0.007658600807189941
1,4096,transformer.h.5.mlp.c_proj.weight,transformer.h.5.mlp.c_proj.weight,"[384, 1024]",local_cross,0.020646462216973305,0.17520046646426662,,,0.8571436405181885,0.5369603037834167,1.0088430643081665,0.8602660894393921,0.5305721759796143,1.0070841312408447,0.8509705662727356,0.5459584593772888,0.8544096350669861,0.5396225452423096,1.0000007152557373,0.0031224489212036133,0.00638812780380249,0.021857262305505998,0.011896834381967918,0.0034390687942504883,0.006335914134979248
1,4096,transformer.h.5.mlp.c_proj.weight,transformer.h.5.mlp.c_proj.weight,"[384, 1024]",medium_cross,0.019600167870521545,0.16632188689790514,,,0.8571436405181885,0.5369603037834167,1.0088430643081665,0.8579076528549194,0.5354207754135132,1.0084680318832397,0.8509705662727356,0.5459584593772888,0.8516278862953186,0.5447540283203125,1.0,0.000764012336730957,0.0015395283699035645,0.005348115684189972,0.0028671176603858113,0.0006573200225830078,0.0012044310569763184
1,4096,transformer.h.5.mlp.c_proj.weight,transformer.h.5.mlp.c_proj.weight,"[384, 1024]",distant_cross,0.0034329083282500505,0.029130760229906568,,,0.8571436405181885,0.5369603037834167,1.0088430643081665,0.8571430444717407,0.5369640588760376,1.0088462829589844,0.8509705662727356,0.5459584593772888,0.8509707450866699,0.5459591150283813,1.000000238418579,-5.960464477539062e-07,-3.7550926208496094e-06,-4.172348013878899e-06,-6.993240644403814e-06,1.7881393432617188e-07,-6.556510925292969e-07
