seed,update,parameter_id,parameter_name,shape,rank_label,rank,residual_over_matrix_norm,max_abs_residual,max_abs_matrix,block_absmax_ratio_mean,block_absmax_ratio_median,danger_zone_residual_norm_fraction,prior_update_cosine_gain,prior_scale_reduction_ratio,prior_danger_error_fraction
0,128,transformer.h.0.attn.c_attn.weight,transformer.h.0.attn.c_attn.weight,"[1152, 384]",fixed_1,1,0.8064860105514526,0.004087707959115505,0.004870836157351732,0.8389148116111755,0.7955304384231567,0.8064860105514526,0.05417126417160034,0.8389148116111755,0.5442647337913513
0,128,transformer.h.0.attn.c_attn.weight,transformer.h.0.attn.c_attn.weight,"[1152, 384]",fixed_2,2,0.700596809387207,0.0034360578283667564,0.004870836157351732,0.7247946262359619,0.7196719646453857,0.700596809387207,0.08842939138412476,0.7247946262359619,0.5414074063301086
0,128,transformer.h.0.attn.c_attn.weight,transformer.h.0.attn.c_attn.weight,"[1152, 384]",fixed_4,4,0.5997254848480225,0.002744528464972973,0.004870836157351732,0.6337470412254333,0.6254914999008179,0.5997254848480225,0.1251581907272339,0.6337470412254333,0.5414735078811646
0,128,transformer.h.0.attn.c_attn.weight,transformer.h.0.attn.c_attn.weight,"[1152, 384]",fixed_8,8,0.4978291094303131,0.002396000549197197,0.004870836157351732,0.5157601237297058,0.5456856489181519,0.4978291094303131,0.17335164546966553,0.5157601237297058,0.5390528440475464
0,128,transformer.h.0.attn.c_attn.weight,transformer.h.0.attn.c_attn.weight,"[1152, 384]",fixed_16,16,0.3880757987499237,0.0016566221602261066,0.004870836157351732,0.41281628608703613,0.4830603301525116,0.3880757987499237,0.22842645645141602,0.41281628608703613,0.5368138551712036
0,128,transformer.h.0.attn.c_attn.weight,transformer.h.0.attn.c_attn.weight,"[1152, 384]",energy_25,1,0.8064860105514526,0.004087707959115505,0.004870836157351732,0.8389148116111755,0.7955304384231567,0.8064860105514526,0.05417126417160034,0.8389148116111755,0.5442647337913513
0,128,transformer.h.0.attn.c_attn.weight,transformer.h.0.attn.c_attn.weight,"[1152, 384]",energy_50,2,0.700596809387207,0.0034360578283667564,0.004870836157351732,0.7247946262359619,0.7196719646453857,0.700596809387207,0.08842939138412476,0.7247946262359619,0.5414074063301086
0,128,transformer.h.0.attn.c_attn.weight,transformer.h.0.attn.c_attn.weight,"[1152, 384]",energy_75,8,0.4978291094303131,0.002396000549197197,0.004870836157351732,0.5157601237297058,0.5456856489181519,0.4978291094303131,0.17335164546966553,0.5157601237297058,0.5390528440475464
0,128,transformer.h.0.attn.c_attn.weight,transformer.h.0.attn.c_attn.weight,"[1152, 384]",energy_90,26,0.3150167167186737,0.0012584705837070942,0.004870836157351732,0.34029635787010193,0.4005712866783142,0.3150167167186737,0.26819610595703125,0.34029635787010193,0.5360358953475952
0,128,transformer.h.0.attn.c_proj.weight,transformer.h.0.attn.c_proj.weight,"[384, 384]",fixed_1,1,0.811438262462616,0.014379415661096573,0.025369351729750633,0.7582314014434814,0.7334890365600586,0.811438262462616,0.0551949143409729,0.7582314014434814,0.7395110130310059
0,128,transformer.h.0.attn.c_proj.weight,transformer.h.0.attn.c_proj.weight,"[384, 384]",fixed_2,2,0.6809394359588623,0.010158300399780273,0.025369351729750633,0.6097245216369629,0.6245508193969727,0.6809394359588623,0.09820204973220825,0.6097245216369629,0.7396197319030762
0,128,transformer.h.0.attn.c_proj.weight,transformer.h.0.attn.c_proj.weight,"[384, 384]",fixed_4,4,0.5854166746139526,0.008644099347293377,0.025369351729750633,0.516417384147644,0.5226545929908752,0.5854166746139526,0.1430978775024414,0.516417384147644,0.7353926301002502
0,128,transformer.h.0.attn.c_proj.weight,transformer.h.0.attn.c_proj.weight,"[384, 384]",fixed_8,8,0.4854655861854553,0.0075425333343446255,0.025369351729750633,0.42334693670272827,0.4272993505001068,0.4854655861854553,0.1904209852218628,0.42334693670272827,0.7410615682601929
0,128,transformer.h.0.attn.c_proj.weight,transformer.h.0.attn.c_proj.weight,"[384, 384]",fixed_16,16,0.38109707832336426,0.00520158838480711,0.025369351729750633,0.3353569805622101,0.3427138924598694,0.38109707832336426,0.24961131811141968,0.3353569805622101,0.7352061867713928
0,128,transformer.h.0.attn.c_proj.weight,transformer.h.0.attn.c_proj.weight,"[384, 384]",energy_25,1,0.811438262462616,0.014379415661096573,0.025369351729750633,0.7582314014434814,0.7334890365600586,0.811438262462616,0.0551949143409729,0.7582314014434814,0.7395110130310059
0,128,transformer.h.0.attn.c_proj.weight,transformer.h.0.attn.c_proj.weight,"[384, 384]",energy_50,2,0.6809394359588623,0.010158300399780273,0.025369351729750633,0.6097245216369629,0.6245508193969727,0.6809394359588623,0.09820204973220825,0.6097245216369629,0.7396197319030762
0,128,transformer.h.0.attn.c_proj.weight,transformer.h.0.attn.c_proj.weight,"[384, 384]",energy_75,8,0.4854655861854553,0.0075425333343446255,0.025369351729750633,0.42334693670272827,0.4272993505001068,0.4854655861854553,0.1904209852218628,0.42334693670272827,0.7410615682601929
0,128,transformer.h.0.attn.c_proj.weight,transformer.h.0.attn.c_proj.weight,"[384, 384]",energy_90,25,0.31545722484588623,0.004632046911865473,0.025369351729750633,0.2712099552154541,0.27579739689826965,0.31545722484588623,0.2916257977485657,0.2712099552154541,0.7404488921165466
0,128,transformer.h.0.mlp.w1.weight,transformer.h.0.mlp.w1.weight,"[1024, 384]",fixed_1,1,0.8511626124382019,0.003615943482145667,0.004340743646025658,0.8938566446304321,0.8807294368743896,0.8511626124382019,0.01722925901412964,0.8938566446304321,0.0
0,128,transformer.h.0.mlp.w1.weight,transformer.h.0.mlp.w1.weight,"[1024, 384]",fixed_2,2,0.7771422266960144,0.00351658184081316,0.004340743646025658,0.8084774017333984,0.7955574989318848,0.7771422266960144,0.02782970666885376,0.8084774017333984,0.0
0,128,transformer.h.0.mlp.w1.weight,transformer.h.0.mlp.w1.weight,"[1024, 384]",fixed_4,4,0.6957934498786926,0.003311352338641882,0.004340743646025658,0.7264902591705322,0.720899760723114,0.6957934498786926,0.03786015510559082,0.7264902591705322,0.0
0,128,transformer.h.0.mlp.w1.weight,transformer.h.0.mlp.w1.weight,"[1024, 384]",fixed_8,8,0.6293312311172485,0.0028932325076311827,0.004340743646025658,0.6367689371109009,0.6511334776878357,0.6293312311172485,0.046351611614227295,0.6367689371109009,0.0
0,128,transformer.h.0.mlp.w1.weight,transformer.h.0.mlp.w1.weight,"[1024, 384]",fixed_16,16,0.5588676929473877,0.0020915144123136997,0.004340743646025658,0.5556309819221497,0.5802852511405945,0.5588676929473877,0.05413585901260376,0.5556309819221497,0.0
0,128,transformer.h.0.mlp.w1.weight,transformer.h.0.mlp.w1.weight,"[1024, 384]",energy_25,1,0.8511626124382019,0.003615943482145667,0.004340743646025658,0.8938566446304321,0.8807294368743896,0.8511626124382019,0.01722925901412964,0.8938566446304321,0.0
0,128,transformer.h.0.mlp.w1.weight,transformer.h.0.mlp.w1.weight,"[1024, 384]",energy_50,4,0.6957934498786926,0.003311352338641882,0.004340743646025658,0.7264902591705322,0.720899760723114,0.6957934498786926,0.03786015510559082,0.7264902591705322,0.0
0,128,transformer.h.0.mlp.w1.weight,transformer.h.0.mlp.w1.weight,"[1024, 384]",energy_75,28,0.4977804720401764,0.0014510068576782942,0.004340743646025658,0.47864770889282227,0.4983639121055603,0.4977804720401764,0.06078219413757324,0.47864770889282227,0.0
0,128,transformer.h.0.mlp.w1.weight,transformer.h.0.mlp.w1.weight,"[1024, 384]",energy_90,115,0.31485623121261597,0.0007656079833395779,0.004340743646025658,0.27699822187423706,0.28826937079429626,0.31485623121261597,0.07608950138092041,0.27699822187423706,0.0
0,128,transformer.h.0.mlp.w2.weight,transformer.h.0.mlp.w2.weight,"[1024, 384]",fixed_1,1,0.8607166409492493,0.003989762626588345,0.004071235656738281,0.9149163961410522,0.9081888198852539,0.8607166409492493,0.01618671417236328,0.9149163961410522,0.0
0,128,transformer.h.0.mlp.w2.weight,transformer.h.0.mlp.w2.weight,"[1024, 384]",fixed_2,2,0.7916091084480286,0.003799554193392396,0.004071235656738281,0.8255866765975952,0.8096926212310791,0.7916091084480286,0.026332736015319824,0.8255866765975952,0.0
0,128,transformer.h.0.mlp.w2.weight,transformer.h.0.mlp.w2.weight,"[1024, 384]",fixed_4,4,0.7095838189125061,0.002989496337249875,0.004071235656738281,0.7320661544799805,0.7271274328231812,0.7095838189125061,0.03668934106826782,0.7320661544799805,0.0
0,128,transformer.h.0.mlp.w2.weight,transformer.h.0.mlp.w2.weight,"[1024, 384]",fixed_8,8,0.6359944939613342,0.0024946858175098896,0.004071235656738281,0.6417193412780762,0.6546657085418701,0.6359944939613342,0.045745790004730225,0.6417193412780762,0.0
0,128,transformer.h.0.mlp.w2.weight,transformer.h.0.mlp.w2.weight,"[1024, 384]",fixed_16,16,0.5629028677940369,0.0016784872859716415,0.004071235656738281,0.5506139397621155,0.5636809468269348,0.5629028677940369,0.054078638553619385,0.5506139397621155,0.0
0,128,transformer.h.0.mlp.w2.weight,transformer.h.0.mlp.w2.weight,"[1024, 384]",energy_25,1,0.8607166409492493,0.003989762626588345,0.004071235656738281,0.9149163961410522,0.9081888198852539,0.8607166409492493,0.01618671417236328,0.9149163961410522,0.0
0,128,transformer.h.0.mlp.w2.weight,transformer.h.0.mlp.w2.weight,"[1024, 384]",energy_50,5,0.6816905736923218,0.002927935915067792,0.004071235656738281,0.701207160949707,0.7033208012580872,0.6816905736923218,0.04058593511581421,0.701207160949707,0.0
0,128,transformer.h.0.mlp.w2.weight,transformer.h.0.mlp.w2.weight,"[1024, 384]",energy_75,29,0.4976663291454315,0.0015409478219226003,0.004071235656738281,0.47048261761665344,0.487343966960907,0.4976663291454315,0.06117218732833862,0.47048261761665344,0.0
0,128,transformer.h.0.mlp.w2.weight,transformer.h.0.mlp.w2.weight,"[1024, 384]",energy_90,115,0.3151853680610657,0.0007324533071368933,0.004071235656738281,0.2742399573326111,0.29069048166275024,0.3151853680610657,0.07612061500549316,0.2742399573326111,0.0
0,128,transformer.h.0.mlp.c_proj.weight,transformer.h.0.mlp.c_proj.weight,"[384, 1024]",fixed_1,1,0.9185985326766968,0.01887543313205242,0.020072950050234795,0.8665817379951477,0.8844623565673828,0.9185985326766968,0.017803668975830078,0.8665817379951477,0.0
0,128,transformer.h.0.mlp.c_proj.weight,transformer.h.0.mlp.c_proj.weight,"[384, 1024]",fixed_2,2,0.8612256050109863,0.015950405970215797,0.020072950050234795,0.8091772794723511,0.8396369814872742,0.8612256050109863,0.03159850835800171,0.8091772794723511,0.0
0,128,transformer.h.0.mlp.c_proj.weight,transformer.h.0.mlp.c_proj.weight,"[384, 1024]",fixed_4,4,0.7713602185249329,0.015406075865030289,0.020072950050234795,0.6835668087005615,0.7058435678482056,0.7713602185249329,0.052373290061950684,0.6835668087005615,0.0
0,128,transformer.h.0.mlp.c_proj.weight,transformer.h.0.mlp.c_proj.weight,"[384, 1024]",fixed_8,8,0.6749486923217773,0.014695403166115284,0.020072950050234795,0.5762799382209778,0.5975542068481445,0.6749486923217773,0.07281070947647095,0.5762799382209778,0.0
0,128,transformer.h.0.mlp.c_proj.weight,transformer.h.0.mlp.c_proj.weight,"[384, 1024]",fixed_16,16,0.5611744523048401,0.006679012905806303,0.020072950050234795,0.40461593866348267,0.4223823547363281,0.5611744523048401,0.1005658507347107,0.40461593866348267,0.0
0,128,transformer.h.0.mlp.c_proj.weight,transformer.h.0.mlp.c_proj.weight,"[384, 1024]",energy_25,2,0.8612256050109863,0.015950405970215797,0.020072950050234795,0.8091772794723511,0.8396369814872742,0.8612256050109863,0.03159850835800171,0.8091772794723511,0.0
0,128,transformer.h.0.mlp.c_proj.weight,transformer.h.0.mlp.c_proj.weight,"[384, 1024]",energy_50,7,0.6949891448020935,0.015333903953433037,0.020072950050234795,0.5985334515571594,0.6179271936416626,0.6949891448020935,0.068450927734375,0.5985334515571594,0.0
0,128,transformer.h.0.mlp.c_proj.weight,transformer.h.0.mlp.c_proj.weight,"[384, 1024]",energy_75,24,0.4967968463897705,0.0061578406020998955,0.020072950050234795,0.3375086486339569,0.3516712188720703,0.4967968463897705,0.11269986629486084,0.3375086486339569,0.0
0,128,transformer.h.0.mlp.c_proj.weight,transformer.h.0.mlp.c_proj.weight,"[384, 1024]",energy_90,81,0.3152819275856018,0.0028096558526158333,0.020072950050234795,0.18624646961688995,0.19519981741905212,0.3152819275856018,0.139288067817688,0.18624646961688995,0.0
0,128,transformer.h.1.attn.c_attn.weight,transformer.h.1.attn.c_attn.weight,"[1152, 384]",fixed_1,1,0.8235144019126892,0.0033010155893862247,0.004811533261090517,0.8134381175041199,0.934032678604126,0.8235144019126892,0.04254305362701416,0.8134381175041199,0.6709645390510559
0,128,transformer.h.1.attn.c_attn.weight,transformer.h.1.attn.c_attn.weight,"[1152, 384]",fixed_2,2,0.7304863929748535,0.003072619903832674,0.004811533261090517,0.7450726628303528,0.8814312815666199,0.7304863929748535,0.07292133569717407,0.7450726628303528,0.6596387028694153
0,128,transformer.h.1.attn.c_attn.weight,transformer.h.1.attn.c_attn.weight,"[1152, 384]",fixed_4,4,0.6177194118499756,0.0026723206974565983,0.004811533261090517,0.6234027743339539,0.869320273399353,0.6177194118499756,0.11249488592147827,0.6234027743339539,0.6581743955612183
0,128,transformer.h.1.attn.c_attn.weight,transformer.h.1.attn.c_attn.weight,"[1152, 384]",fixed_8,8,0.5071911215782166,0.0019960093777626753,0.004811533261090517,0.5226320624351501,0.8017041087150574,0.5071911215782166,0.1624692678451538,0.5226320624351501,0.6640556454658508
0,128,transformer.h.1.attn.c_attn.weight,transformer.h.1.attn.c_attn.weight,"[1152, 384]",fixed_16,16,0.3838885724544525,0.0012582787312567234,0.004811533261090517,0.38987115025520325,0.6715425848960876,0.3838885724544525,0.23729050159454346,0.38987115025520325,0.6552237272262573
0,128,transformer.h.1.attn.c_attn.weight,transformer.h.1.attn.c_attn.weight,"[1152, 384]",energy_25,1,0.8235144019126892,0.0033010155893862247,0.004811533261090517,0.8134381175041199,0.934032678604126,0.8235144019126892,0.04254305362701416,0.8134381175041199,0.6709645390510559
0,128,transformer.h.1.attn.c_attn.weight,transformer.h.1.attn.c_attn.weight,"[1152, 384]",energy_50,3,0.6641553044319153,0.002763196360319853,0.004811533261090517,0.6626163721084595,0.8826199173927307,0.6641553044319153,0.09573626518249512,0.6626163721084595,0.6661534309387207
0,128,transformer.h.1.attn.c_attn.weight,transformer.h.1.attn.c_attn.weight,"[1152, 384]",energy_75,9,0.48770207166671753,0.0018075855914503336,0.004811533261090517,0.49383875727653503,0.7231905460357666,0.48770207166671753,0.1748601794242859,0.49383875727653503,0.6624634861946106
0,128,transformer.h.1.attn.c_attn.weight,transformer.h.1.attn.c_attn.weight,"[1152, 384]",energy_90,24,0.31606870889663696,0.0010790963424369693,0.004811533261090517,0.32581138610839844,0.5961899757385254,0.31606870889663696,0.28114765882492065,0.32581138610839844,0.656200110912323
0,128,transformer.h.1.attn.c_proj.weight,transformer.h.1.attn.c_proj.weight,"[384, 384]",fixed_1,1,0.7749552130699158,0.011400988325476646,0.016164418309926987,0.7340859174728394,0.751748263835907,0.7749552130699158,0.058080077171325684,0.7340859174728394,0.8075833320617676
0,128,transformer.h.1.attn.c_proj.weight,transformer.h.1.attn.c_proj.weight,"[384, 384]",fixed_2,2,0.6999861001968384,0.009071185253560543,0.016164418309926987,0.6566995978355408,0.681526243686676,0.6999861001968384,0.08138823509216309,0.6566995978355408,0.8044013381004333
0,128,transformer.h.1.attn.c_proj.weight,transformer.h.1.attn.c_proj.weight,"[384, 384]",fixed_4,4,0.59830242395401,0.007368425372987986,0.016164418309926987,0.5640333890914917,0.585683286190033,0.59830242395401,0.12067389488220215,0.5640333890914917,0.8026872277259827
0,128,transformer.h.1.attn.c_proj.weight,transformer.h.1.attn.c_proj.weight,"[384, 384]",fixed_8,8,0.48543235659599304,0.006429832894355059,0.016164418309926987,0.44510746002197266,0.47119584679603577,0.48543235659599304,0.1779881715774536,0.44510746002197266,0.808289110660553
0,128,transformer.h.1.attn.c_proj.weight,transformer.h.1.attn.c_proj.weight,"[384, 384]",fixed_16,16,0.3701002895832062,0.004331556148827076,0.016164418309926987,0.33093884587287903,0.3513724207878113,0.3701002895832062,0.25471341609954834,0.33093884587287903,0.8032455444335938
0,128,transformer.h.1.attn.c_proj.weight,transformer.h.1.attn.c_proj.weight,"[384, 384]",energy_25,1,0.7749552130699158,0.011400988325476646,0.016164418309926987,0.7340859174728394,0.751748263835907,0.7749552130699158,0.058080077171325684,0.7340859174728394,0.8075833320617676
0,128,transformer.h.1.attn.c_proj.weight,transformer.h.1.attn.c_proj.weight,"[384, 384]",energy_50,2,0.6999861001968384,0.009071185253560543,0.016164418309926987,0.6566995978355408,0.681526243686676,0.6999861001968384,0.08138823509216309,0.6566995978355408,0.8044013381004333
0,128,transformer.h.1.attn.c_proj.weight,transformer.h.1.attn.c_proj.weight,"[384, 384]",energy_75,8,0.48543235659599304,0.006429832894355059,0.016164418309926987,0.44510746002197266,0.47119584679603577,0.48543235659599304,0.1779881715774536,0.44510746002197266,0.808289110660553
0,128,transformer.h.1.attn.c_proj.weight,transformer.h.1.attn.c_proj.weight,"[384, 384]",energy_90,23,0.3126862049102783,0.0037441235035657883,0.016164418309926987,0.27572745084762573,0.2933010458946228,0.3126862049102783,0.29599785804748535,0.27572745084762573,0.8065279126167297
0,128,transformer.h.1.mlp.w1.weight,transformer.h.1.mlp.w1.weight,"[1024, 384]",fixed_1,1,0.8595951199531555,0.005273354705423117,0.007158670108765364,0.8580785989761353,0.7925311326980591,0.8595951199531555,0.025258123874664307,0.8580785989761353,0.0
0,128,transformer.h.1.mlp.w1.weight,transformer.h.1.mlp.w1.weight,"[1024, 384]",fixed_2,2,0.7732124924659729,0.004692176356911659,0.007158670108765364,0.7831758260726929,0.73951655626297,0.7732124924659729,0.03916746377944946,0.7831758260726929,0.0
0,128,transformer.h.1.mlp.w1.weight,transformer.h.1.mlp.w1.weight,"[1024, 384]",fixed_4,4,0.6805731654167175,0.003466671332716942,0.007158670108765364,0.6842111945152283,0.6745985746383667,0.6805731654167175,0.05340087413787842,0.6842111945152283,0.0
0,128,transformer.h.1.mlp.w1.weight,transformer.h.1.mlp.w1.weight,"[1024, 384]",fixed_8,8,0.5992884635925293,0.0024255989119410515,0.007158670108765364,0.5904388427734375,0.6122586727142334,0.5992884635925293,0.06614810228347778,0.5904388427734375,0.0
0,128,transformer.h.1.mlp.w1.weight,transformer.h.1.mlp.w1.weight,"[1024, 384]",fixed_16,16,0.5060470700263977,0.0017194364918395877,0.007158670108765364,0.4781741499900818,0.4896744191646576,0.5060470700263977,0.08156359195709229,0.4781741499900818,0.0
0,128,transformer.h.1.mlp.w1.weight,transformer.h.1.mlp.w1.weight,"[1024, 384]",energy_25,1,0.8595951199531555,0.005273354705423117,0.007158670108765364,0.8580785989761353,0.7925311326980591,0.8595951199531555,0.025258123874664307,0.8580785989761353,0.0
0,128,transformer.h.1.mlp.w1.weight,transformer.h.1.mlp.w1.weight,"[1024, 384]",energy_50,4,0.6805731654167175,0.003466671332716942,0.007158670108765364,0.6842111945152283,0.6745985746383667,0.6805731654167175,0.05340087413787842,0.6842111945152283,0.0
0,128,transformer.h.1.mlp.w1.weight,transformer.h.1.mlp.w1.weight,"[1024, 384]",energy_75,17,0.4984700679779053,0.001578612602315843,0.007158670108765364,0.4695671498775482,0.48619553446769714,0.4984700679779053,0.08254039287567139,0.4695671498775482,0.0
0,128,transformer.h.1.mlp.w1.weight,transformer.h.1.mlp.w1.weight,"[1024, 384]",energy_90,74,0.3157999813556671,0.0006586683448404074,0.007158670108765364,0.2665773630142212,0.29299089312553406,0.3157999813556671,0.10694724321365356,0.2665773630142212,0.0
0,128,transformer.h.1.mlp.w2.weight,transformer.h.1.mlp.w2.weight,"[1024, 384]",fixed_1,1,0.8755102157592773,0.005748692899942398,0.005752217024564743,0.8837910294532776,0.8638623952865601,0.8755102157592773,0.022967040538787842,0.8837910294532776,0.0
0,128,transformer.h.1.mlp.w2.weight,transformer.h.1.mlp.w2.weight,"[1024, 384]",fixed_2,2,0.7929213643074036,0.005510812625288963,0.005752217024564743,0.8151895999908447,0.7904338240623474,0.7929213643074036,0.037105441093444824,0.8151895999908447,0.0
0,128,transformer.h.1.mlp.w2.weight,transformer.h.1.mlp.w2.weight,"[1024, 384]",fixed_4,4,0.6998294591903687,0.003539902623742819,0.005752217024564743,0.710133969783783,0.6982035040855408,0.6998294591903687,0.05171704292297363,0.710133969783783,0.0
0,128,transformer.h.1.mlp.w2.weight,transformer.h.1.mlp.w2.weight,"[1024, 384]",fixed_8,8,0.6121376752853394,0.002715801354497671,0.005752217024564743,0.6036272048950195,0.6245713829994202,0.6121376752853394,0.0652475357055664,0.6036272048950195,0.0
0,128,transformer.h.1.mlp.w2.weight,transformer.h.1.mlp.w2.weight,"[1024, 384]",fixed_16,16,0.5146397352218628,0.0016114276368170977,0.005752217024564743,0.49374350905418396,0.5153805613517761,0.5146397352218628,0.08080297708511353,0.49374350905418396,0.0
0,128,transformer.h.1.mlp.w2.weight,transformer.h.1.mlp.w2.weight,"[1024, 384]",energy_25,2,0.7929213643074036,0.005510812625288963,0.005752217024564743,0.8151895999908447,0.7904338240623474,0.7929213643074036,0.037105441093444824,0.8151895999908447,0.0
0,128,transformer.h.1.mlp.w2.weight,transformer.h.1.mlp.w2.weight,"[1024, 384]",energy_50,4,0.6998294591903687,0.003539902623742819,0.005752217024564743,0.710133969783783,0.6982035040855408,0.6998294591903687,0.05171704292297363,0.710133969783783,0.0
0,128,transformer.h.1.mlp.w2.weight,transformer.h.1.mlp.w2.weight,"[1024, 384]",energy_75,18,0.49915745854377747,0.00155183719471097,0.005752217024564743,0.4737493693828583,0.5012457370758057,0.49915745854377747,0.08323699235916138,0.4737493693828583,0.0
0,128,transformer.h.1.mlp.w2.weight,transformer.h.1.mlp.w2.weight,"[1024, 384]",energy_90,74,0.31618836522102356,0.0006368216127157211,0.005752217024564743,0.27246731519699097,0.30037540197372437,0.31618836522102356,0.10737437009811401,0.27246731519699097,0.0
0,128,transformer.h.1.mlp.c_proj.weight,transformer.h.1.mlp.c_proj.weight,"[384, 1024]",fixed_1,1,0.9302141070365906,0.02001940831542015,0.02432527020573616,0.862717866897583,0.8936196565628052,0.9302141070365906,0.01699697971343994,0.862717866897583,0.0
0,128,transformer.h.1.mlp.c_proj.weight,transformer.h.1.mlp.c_proj.weight,"[384, 1024]",fixed_2,2,0.8625819683074951,0.02054423652589321,0.02432527020573616,0.7770625948905945,0.8081718683242798,0.8625819683074951,0.032761216163635254,0.7770625948905945,0.0
0,128,transformer.h.1.mlp.c_proj.weight,transformer.h.1.mlp.c_proj.weight,"[384, 1024]",fixed_4,4,0.7629263997077942,0.013941212557256222,0.02432527020573616,0.6070491671562195,0.6274083256721497,0.7629263997077942,0.06048691272735596,0.6070491671562195,0.0
0,128,transformer.h.1.mlp.c_proj.weight,transformer.h.1.mlp.c_proj.weight,"[384, 1024]",fixed_8,8,0.6539435982704163,0.009948911145329475,0.02432527020573616,0.43551698327064514,0.45946767926216125,0.6539435982704163,0.09277093410491943,0.43551698327064514,0.0
0,128,transformer.h.1.mlp.c_proj.weight,transformer.h.1.mlp.c_proj.weight,"[384, 1024]",fixed_16,16,0.5333729386329651,0.005761987064033747,0.02432527020573616,0.3176060914993286,0.3380569815635681,0.5333729386329651,0.1240612268447876,0.3176060914993286,0.0
0,128,transformer.h.1.mlp.c_proj.weight,transformer.h.1.mlp.c_proj.weight,"[384, 1024]",energy_25,2,0.8625819683074951,0.02054423652589321,0.02432527020573616,0.7770625948905945,0.8081718683242798,0.8625819683074951,0.032761216163635254,0.7770625948905945,0.0
0,128,transformer.h.1.mlp.c_proj.weight,transformer.h.1.mlp.c_proj.weight,"[384, 1024]",energy_50,6,0.6986625790596008,0.01209050789475441,0.02432527020573616,0.5090305209159851,0.5378373265266418,0.6986625790596008,0.0784723162651062,0.5090305209159851,0.0
0,128,transformer.h.1.mlp.c_proj.weight,transformer.h.1.mlp.c_proj.weight,"[384, 1024]",energy_75,20,0.49632784724235535,0.005322084296494722,0.02432527020573616,0.2882818281650543,0.30569905042648315,0.49632784724235535,0.13310271501541138,0.2882818281650543,0.0
0,128,transformer.h.1.mlp.c_proj.weight,transformer.h.1.mlp.c_proj.weight,"[384, 1024]",energy_90,65,0.3142014741897583,0.0022927983663976192,0.02432527020573616,0.14774692058563232,0.1581583321094513,0.3142014741897583,0.17318415641784668,0.14774692058563232,0.0
0,128,transformer.h.2.attn.c_attn.weight,transformer.h.2.attn.c_attn.weight,"[1152, 384]",fixed_1,1,0.774558424949646,0.002743172226473689,0.0038060792721807957,0.7169246673583984,0.705658495426178,0.774558424949646,0.0634375810623169,0.7169246673583984,0.7800508737564087
0,128,transformer.h.2.attn.c_attn.weight,transformer.h.2.attn.c_attn.weight,"[1152, 384]",fixed_2,2,0.6916987895965576,0.0026511186733841896,0.0038060792721807957,0.6391500234603882,0.6756702661514282,0.6916987895965576,0.09165310859680176,0.6391500234603882,0.7779672741889954
0,128,transformer.h.2.attn.c_attn.weight,transformer.h.2.attn.c_attn.weight,"[1152, 384]",fixed_4,4,0.6022385954856873,0.0017224675975739956,0.0038060792721807957,0.5507125854492188,0.6704468131065369,0.6022385954856873,0.12710410356521606,0.5507125854492188,0.7760277390480042
0,128,transformer.h.2.attn.c_attn.weight,transformer.h.2.attn.c_attn.weight,"[1152, 384]",fixed_8,8,0.4910154938697815,0.001565727056004107,0.0038060792721807957,0.45498114824295044,0.6210070848464966,0.4910154938697815,0.18029999732971191,0.45498114824295044,0.7723360657691956
0,128,transformer.h.2.attn.c_attn.weight,transformer.h.2.attn.c_attn.weight,"[1152, 384]",fixed_16,16,0.37022361159324646,0.0010564376134425402,0.0038060792721807957,0.3566778004169464,0.5955992937088013,0.37022361159324646,0.2516132593154907,0.3566778004169464,0.7653414011001587
0,128,transformer.h.2.attn.c_attn.weight,transformer.h.2.attn.c_attn.weight,"[1152, 384]",energy_25,1,0.774558424949646,0.002743172226473689,0.0038060792721807957,0.7169246673583984,0.705658495426178,0.774558424949646,0.0634375810623169,0.7169246673583984,0.7800508737564087
0,128,transformer.h.2.attn.c_attn.weight,transformer.h.2.attn.c_attn.weight,"[1152, 384]",energy_50,2,0.6916987895965576,0.0026511186733841896,0.0038060792721807957,0.6391500234603882,0.6756702661514282,0.6916987895965576,0.09165310859680176,0.6391500234603882,0.7779672741889954
0,128,transformer.h.2.attn.c_attn.weight,transformer.h.2.attn.c_attn.weight,"[1152, 384]",energy_75,8,0.4910154938697815,0.001565727056004107,0.0038060792721807957,0.45498114824295044,0.6210070848464966,0.4910154938697815,0.18029999732971191,0.45498114824295044,0.7723360657691956
0,128,transformer.h.2.attn.c_attn.weight,transformer.h.2.attn.c_attn.weight,"[1152, 384]",energy_90,23,0.3105713129043579,0.000870676594786346,0.0038060792721807957,0.29913952946662903,0.5223761200904846,0.3105713129043579,0.29730188846588135,0.29913952946662903,0.7669150233268738
0,128,transformer.h.2.attn.c_proj.weight,transformer.h.2.attn.c_proj.weight,"[384, 384]",fixed_1,1,0.7638156414031982,0.00959559716284275,0.017796628177165985,0.6734088659286499,0.6810851097106934,0.7638156414031982,0.06552058458328247,0.6734088659286499,0.8196065425872803
0,128,transformer.h.2.attn.c_proj.weight,transformer.h.2.attn.c_proj.weight,"[384, 384]",fixed_2,2,0.6872856616973877,0.007381387986242771,0.017796628177165985,0.6076525449752808,0.6218581199645996,0.6872856616973877,0.09084957838058472,0.6076525449752808,0.8225218653678894
0,128,transformer.h.2.attn.c_proj.weight,transformer.h.2.attn.c_proj.weight,"[384, 384]",fixed_4,4,0.588760256767273,0.00647755665704608,0.017796628177165985,0.5169234275817871,0.5329327583312988,0.588760256767273,0.13085395097732544,0.5169234275817871,0.8181031942367554
0,128,transformer.h.2.attn.c_proj.weight,transformer.h.2.attn.c_proj.weight,"[384, 384]",fixed_8,8,0.4802348017692566,0.004546918906271458,0.017796628177165985,0.410956472158432,0.42431411147117615,0.4802348017692566,0.18552839756011963,0.410956472158432,0.8231644034385681
0,128,transformer.h.2.attn.c_proj.weight,transformer.h.2.attn.c_proj.weight,"[384, 384]",fixed_16,16,0.36433956027030945,0.0034551918506622314,0.017796628177165985,0.3090308904647827,0.3196839690208435,0.36433956027030945,0.2614826560020447,0.3090308904647827,0.8201459050178528
0,128,transformer.h.2.attn.c_proj.weight,transformer.h.2.attn.c_proj.weight,"[384, 384]",energy_25,1,0.7638156414031982,0.00959559716284275,0.017796628177165985,0.6734088659286499,0.6810851097106934,0.7638156414031982,0.06552058458328247,0.6734088659286499,0.8196065425872803
0,128,transformer.h.2.attn.c_proj.weight,transformer.h.2.attn.c_proj.weight,"[384, 384]",energy_50,2,0.6872856616973877,0.007381387986242771,0.017796628177165985,0.6076525449752808,0.6218581199645996,0.6872856616973877,0.09084957838058472,0.6076525449752808,0.8225218653678894
0,128,transformer.h.2.attn.c_proj.weight,transformer.h.2.attn.c_proj.weight,"[384, 384]",energy_75,8,0.4802348017692566,0.004546918906271458,0.017796628177165985,0.410956472158432,0.42431411147117615,0.4802348017692566,0.18552839756011963,0.410956472158432,0.8231644034385681
0,128,transformer.h.2.attn.c_proj.weight,transformer.h.2.attn.c_proj.weight,"[384, 384]",energy_90,22,0.3106778860092163,0.002911375369876623,0.017796628177165985,0.25992608070373535,0.27108144760131836,0.3106778860092163,0.30622780323028564,0.25992608070373535,0.8173362612724304
0,128,transformer.h.2.mlp.w1.weight,transformer.h.2.mlp.w1.weight,"[1024, 384]",fixed_1,1,0.8052443265914917,0.003017331473529339,0.003580410499125719,0.8051952123641968,0.775400698184967,0.8052443265914917,0.041396915912628174,0.8051952123641968,0.058895181864500046
0,128,transformer.h.2.mlp.w1.weight,transformer.h.2.mlp.w1.weight,"[1024, 384]",fixed_2,2,0.7440133094787598,0.0028244424611330032,0.003580410499125719,0.7391985058784485,0.7553495764732361,0.7440133094787598,0.05500918626785278,0.7391985058784485,0.05815250426530838
0,128,transformer.h.2.mlp.w1.weight,transformer.h.2.mlp.w1.weight,"[1024, 384]",fixed_4,4,0.6613277196884155,0.0026779649779200554,0.003580410499125719,0.665411114692688,0.6708232760429382,0.6613277196884155,0.07219535112380981,0.665411114692688,0.05896846950054169
0,128,transformer.h.2.mlp.w1.weight,transformer.h.2.mlp.w1.weight,"[1024, 384]",fixed_8,8,0.5695520043373108,0.0019574889447540045,0.003580410499125719,0.5548327565193176,0.5723008513450623,0.5695520043373108,0.0945022702217102,0.5548327565193176,0.05882047861814499
0,128,transformer.h.2.mlp.w1.weight,transformer.h.2.mlp.w1.weight,"[1024, 384]",fixed_16,16,0.46416452527046204,0.001212407136335969,0.003580410499125719,0.4388587772846222,0.46370187401771545,0.46416452527046204,0.11912816762924194,0.4388587772846222,0.05812336504459381
0,128,transformer.h.2.mlp.w1.weight,transformer.h.2.mlp.w1.weight,"[1024, 384]",energy_25,1,0.8052443265914917,0.003017331473529339,0.003580410499125719,0.8051952123641968,0.775400698184967,0.8052443265914917,0.041396915912628174,0.8051952123641968,0.058895181864500046
0,128,transformer.h.2.mlp.w1.weight,transformer.h.2.mlp.w1.weight,"[1024, 384]",energy_50,3,0.6940019130706787,0.0026814525481313467,0.003580410499125719,0.7016474604606628,0.7083655595779419,0.6940019130706787,0.06435710191726685,0.7016474604606628,0.059232983738183975
0,128,transformer.h.2.mlp.w1.weight,transformer.h.2.mlp.w1.weight,"[1024, 384]",energy_75,13,0.49469780921936035,0.001330846338532865,0.003580410499125719,0.4737246334552765,0.497556209564209,0.49469780921936035,0.11170125007629395,0.4737246334552765,0.05783039331436157
0,128,transformer.h.2.mlp.w1.weight,transformer.h.2.mlp.w1.weight,"[1024, 384]",energy_90,50,0.3148553967475891,0.0005905836005695164,0.003580410499125719,0.2749179005622864,0.30310162901878357,0.3148553967475891,0.15064430236816406,0.2749179005622864,0.05742016062140465
0,128,transformer.h.2.mlp.w2.weight,transformer.h.2.mlp.w2.weight,"[1024, 384]",fixed_1,1,0.8113443851470947,0.0026403572410345078,0.003319043666124344,0.7999217510223389,0.7594501972198486,0.8113443851470947,0.040711820125579834,0.7999217510223389,0.06045759469270706
0,128,transformer.h.2.mlp.w2.weight,transformer.h.2.mlp.w2.weight,"[1024, 384]",fixed_2,2,0.7515157461166382,0.002799195470288396,0.003319043666124344,0.7481402158737183,0.7068207263946533,0.7515157461166382,0.05496889352798462,0.7481402158737183,0.06003335118293762
0,128,transformer.h.2.mlp.w2.weight,transformer.h.2.mlp.w2.weight,"[1024, 384]",fixed_4,4,0.6648567914962769,0.002443055622279644,0.003319043666124344,0.6611636281013489,0.6369277238845825,0.6648567914962769,0.07349449396133423,0.6611636281013489,0.06064220890402794
0,128,transformer.h.2.mlp.w2.weight,transformer.h.2.mlp.w2.weight,"[1024, 384]",fixed_8,8,0.5679651498794556,0.0016817082650959492,0.003319043666124344,0.5498829483985901,0.5377550721168518,0.5679651498794556,0.0961880087852478,0.5498829483985901,0.059807583689689636
0,128,transformer.h.2.mlp.w2.weight,transformer.h.2.mlp.w2.weight,"[1024, 384]",fixed_16,16,0.46358388662338257,0.001384478760883212,0.003319043666124344,0.4417016804218292,0.4504544734954834,0.46358388662338257,0.12033438682556152,0.4417016804218292,0.060143280774354935
0,128,transformer.h.2.mlp.w2.weight,transformer.h.2.mlp.w2.weight,"[1024, 384]",energy_25,1,0.8113443851470947,0.0026403572410345078,0.003319043666124344,0.7999217510223389,0.7594501972198486,0.8113443851470947,0.040711820125579834,0.7999217510223389,0.06045759469270706
0,128,transformer.h.2.mlp.w2.weight,transformer.h.2.mlp.w2.weight,"[1024, 384]",energy_50,3,0.7020267844200134,0.002785732736811042,0.003319043666124344,0.7024580240249634,0.6684763431549072,0.7020267844200134,0.06597322225570679,0.7024580240249634,0.05967056006193161
0,128,transformer.h.2.mlp.w2.weight,transformer.h.2.mlp.w2.weight,"[1024, 384]",energy_75,13,0.49390462040901184,0.0014843583339825273,0.003319043666124344,0.47523024678230286,0.4852695167064667,0.49390462040901184,0.11341995000839233,0.47523024678230286,0.05978618934750557
0,128,transformer.h.2.mlp.w2.weight,transformer.h.2.mlp.w2.weight,"[1024, 384]",energy_90,49,0.3155738413333893,0.0005540693528018892,0.003319043666124344,0.2775022089481354,0.2965691089630127,0.3155738413333893,0.1530134081840515,0.2775022089481354,0.058856431394815445
0,128,transformer.h.2.mlp.c_proj.weight,transformer.h.2.mlp.c_proj.weight,"[384, 1024]",fixed_1,1,0.9016314148902893,0.01301882416009903,0.014328638091683388,0.9274868369102478,0.932455837726593,0.9016314148902893,0.018957555294036865,0.9274868369102478,0.0
0,128,transformer.h.2.mlp.c_proj.weight,transformer.h.2.mlp.c_proj.weight,"[384, 1024]",fixed_2,2,0.8318148255348206,0.012533137574791908,0.014328638091683388,0.7845231294631958,0.7680948972702026,0.8318148255348206,0.03919285535812378,0.7845231294631958,0.0
0,128,transformer.h.2.mlp.c_proj.weight,transformer.h.2.mlp.c_proj.weight,"[384, 1024]",fixed_4,4,0.7432128190994263,0.008529633283615112,0.014328638091683388,0.6057531833648682,0.6045741438865662,0.7432128190994263,0.06623828411102295,0.6057531833648682,0.0
0,128,transformer.h.2.mlp.c_proj.weight,transformer.h.2.mlp.c_proj.weight,"[384, 1024]",fixed_8,8,0.626910924911499,0.00810696929693222,0.014328638091683388,0.4514772593975067,0.4546600580215454,0.626910924911499,0.10262101888656616,0.4514772593975067,0.0
0,128,transformer.h.2.mlp.c_proj.weight,transformer.h.2.mlp.c_proj.weight,"[384, 1024]",fixed_16,16,0.5017515420913696,0.004217294976115227,0.014328638091683388,0.3263242840766907,0.3317002058029175,0.5017515420913696,0.13821101188659668,0.3263242840766907,0.0
0,128,transformer.h.2.mlp.c_proj.weight,transformer.h.2.mlp.c_proj.weight,"[384, 1024]",energy_25,2,0.8318148255348206,0.012533137574791908,0.014328638091683388,0.7845231294631958,0.7680948972702026,0.8318148255348206,0.03919285535812378,0.7845231294631958,0.0
0,128,transformer.h.2.mlp.c_proj.weight,transformer.h.2.mlp.c_proj.weight,"[384, 1024]",energy_50,6,0.6777924299240112,0.00826607272028923,0.014328638091683388,0.5180253386497498,0.5157343745231628,0.6777924299240112,0.08651793003082275,0.5180253386497498,0.0
0,128,transformer.h.2.mlp.c_proj.weight,transformer.h.2.mlp.c_proj.weight,"[384, 1024]",energy_75,17,0.49242281913757324,0.004106144420802593,0.014328638091683388,0.3174959421157837,0.31871601939201355,0.49242281913757324,0.14049959182739258,0.3174959421157837,0.0
0,128,transformer.h.2.mlp.c_proj.weight,transformer.h.2.mlp.c_proj.weight,"[384, 1024]",energy_90,57,0.31392902135849,0.0019373481627553701,0.014328638091683388,0.16801346838474274,0.17199267446994781,0.31392902135849,0.18509042263031006,0.16801346838474274,0.0
0,128,transformer.h.3.attn.c_attn.weight,transformer.h.3.attn.c_attn.weight,"[1152, 384]",fixed_1,1,0.7109997868537903,0.0022698817774653435,0.004861675668507814,0.6040158271789551,0.6351829171180725,0.7109997868537903,0.08110582828521729,0.6040158271789551,0.8029865622520447
0,128,transformer.h.3.attn.c_attn.weight,transformer.h.3.attn.c_attn.weight,"[1152, 384]",fixed_2,2,0.6356512308120728,0.0019619050435721874,0.004861675668507814,0.5306531190872192,0.6358759999275208,0.6356512308120728,0.10886746644973755,0.5306531190872192,0.8073367476463318
0,128,transformer.h.3.attn.c_attn.weight,transformer.h.3.attn.c_attn.weight,"[1152, 384]",fixed_4,4,0.5439589619636536,0.0015403054421767592,0.004861675668507814,0.4468412399291992,0.5918455123901367,0.5439589619636536,0.15169239044189453,0.4468412399291992,0.8026960492134094
0,128,transformer.h.3.attn.c_attn.weight,transformer.h.3.attn.c_attn.weight,"[1152, 384]",fixed_8,8,0.43681591749191284,0.0012489778455346823,0.004861675668507814,0.36662188172340393,0.5666356682777405,0.43681591749191284,0.20743119716644287,0.36662188172340393,0.8030979037284851
0,128,transformer.h.3.attn.c_attn.weight,transformer.h.3.attn.c_attn.weight,"[1152, 384]",fixed_16,16,0.32860270142555237,0.0008900586399249732,0.004861675668507814,0.2799202501773834,0.5272512435913086,0.32860270142555237,0.28516846895217896,0.2799202501773834,0.7988298535346985
0,128,transformer.h.3.attn.c_attn.weight,transformer.h.3.attn.c_attn.weight,"[1152, 384]",energy_25,1,0.7109997868537903,0.0022698817774653435,0.004861675668507814,0.6040158271789551,0.6351829171180725,0.7109997868537903,0.08110582828521729,0.6040158271789551,0.8029865622520447
0,128,transformer.h.3.attn.c_attn.weight,transformer.h.3.attn.c_attn.weight,"[1152, 384]",energy_50,2,0.6356512308120728,0.0019619050435721874,0.004861675668507814,0.5306531190872192,0.6358759999275208,0.6356512308120728,0.10886746644973755,0.5306531190872192,0.8073367476463318
0,128,transformer.h.3.attn.c_attn.weight,transformer.h.3.attn.c_attn.weight,"[1152, 384]",energy_75,6,0.47980043292045593,0.001423353678546846,0.004861675668507814,0.39673736691474915,0.5693458914756775,0.47980043292045593,0.18363666534423828,0.39673736691474915,0.8025786280632019
0,128,transformer.h.3.attn.c_attn.weight,transformer.h.3.attn.c_attn.weight,"[1152, 384]",energy_90,18,0.3109610378742218,0.0008973660878837109,0.004861675668507814,0.267187237739563,0.501728355884552,0.3109610378742218,0.2995665669441223,0.267187237739563,0.7979529500007629
0,128,transformer.h.3.attn.c_proj.weight,transformer.h.3.attn.c_proj.weight,"[384, 384]",fixed_1,1,0.7235617637634277,0.009186526760458946,0.013447508215904236,0.6662695407867432,0.6657149791717529,0.7235617637634277,0.07513737678527832,0.6662695407867432,0.8461095690727234
0,128,transformer.h.3.attn.c_proj.weight,transformer.h.3.attn.c_proj.weight,"[384, 384]",fixed_2,2,0.6449458003044128,0.005882494151592255,0.013447508215904236,0.5378388166427612,0.5610792636871338,0.6449458003044128,0.10986316204071045,0.5378388166427612,0.8445596694946289
0,128,transformer.h.3.attn.c_proj.weight,transformer.h.3.attn.c_proj.weight,"[384, 384]",fixed_4,4,0.5545758605003357,0.005137835629284382,0.013447508215904236,0.46734118461608887,0.48399773240089417,0.5545758605003357,0.14460086822509766,0.46734118461608887,0.8461505174636841
0,128,transformer.h.3.attn.c_proj.weight,transformer.h.3.attn.c_proj.weight,"[384, 384]",fixed_8,8,0.4478369355201721,0.003957426641136408,0.013447508215904236,0.3791137933731079,0.38322290778160095,0.4478369355201721,0.20002460479736328,0.3791137933731079,0.8487398028373718
0,128,transformer.h.3.attn.c_proj.weight,transformer.h.3.attn.c_proj.weight,"[384, 384]",fixed_16,16,0.33693256974220276,0.0030909543856978416,0.013447508215904236,0.2788461744785309,0.2826794981956482,0.33693256974220276,0.2826368808746338,0.2788461744785309,0.848624050617218
0,128,transformer.h.3.attn.c_proj.weight,transformer.h.3.attn.c_proj.weight,"[384, 384]",energy_25,1,0.7235617637634277,0.009186526760458946,0.013447508215904236,0.6662695407867432,0.6657149791717529,0.7235617637634277,0.07513737678527832,0.6662695407867432,0.8461095690727234
0,128,transformer.h.3.attn.c_proj.weight,transformer.h.3.attn.c_proj.weight,"[384, 384]",energy_50,2,0.6449458003044128,0.005882494151592255,0.013447508215904236,0.5378388166427612,0.5610792636871338,0.6449458003044128,0.10986316204071045,0.5378388166427612,0.8445596694946289
0,128,transformer.h.3.attn.c_proj.weight,transformer.h.3.attn.c_proj.weight,"[384, 384]",energy_75,6,0.4908316433429718,0.005002440884709358,0.013447508215904236,0.4129244089126587,0.42652004957199097,0.4908316433429718,0.17726081609725952,0.4129244089126587,0.8461775779724121
0,128,transformer.h.3.attn.c_proj.weight,transformer.h.3.attn.c_proj.weight,"[384, 384]",energy_90,19,0.3082290291786194,0.0030192818958312273,0.013447508215904236,0.256085067987442,0.2604561746120453,0.3082290291786194,0.3051527738571167,0.256085067987442,0.8489602208137512
0,128,transformer.h.3.mlp.w1.weight,transformer.h.3.mlp.w1.weight,"[1024, 384]",fixed_1,1,0.7694949507713318,0.0021887263283133507,0.005601491313427687,0.7531537413597107,0.7795442938804626,0.7694949507713318,0.05413532257080078,0.7531537413597107,0.13565878570079803
0,128,transformer.h.3.mlp.w1.weight,transformer.h.3.mlp.w1.weight,"[1024, 384]",fixed_2,2,0.6910738945007324,0.002134517999365926,0.005601491313427687,0.676831841468811,0.6919240951538086,0.6910738945007324,0.07305634021759033,0.676831841468811,0.1358688622713089
0,128,transformer.h.3.mlp.w1.weight,transformer.h.3.mlp.w1.weight,"[1024, 384]",fixed_4,4,0.6158902645111084,0.0018085481133311987,0.005601491313427687,0.6212930679321289,0.6311047077178955,0.6158902645111084,0.09207189083099365,0.6212930679321289,0.13380166888237
0,128,transformer.h.3.mlp.w1.weight,transformer.h.3.mlp.w1.weight,"[1024, 384]",fixed_8,8,0.5260086059570312,0.0018260409124195576,0.005601491313427687,0.5158675909042358,0.5342509150505066,0.5260086059570312,0.1183198094367981,0.5158675909042358,0.13195107877254486
0,128,transformer.h.3.mlp.w1.weight,transformer.h.3.mlp.w1.weight,"[1024, 384]",fixed_16,16,0.42296263575553894,0.0009155418956652284,0.005601491313427687,0.4009203314781189,0.43350255489349365,0.42296263575553894,0.15016281604766846,0.4009203314781189,0.13194911181926727
0,128,transformer.h.3.mlp.w1.weight,transformer.h.3.mlp.w1.weight,"[1024, 384]",energy_25,1,0.7694949507713318,0.0021887263283133507,0.005601491313427687,0.7531537413597107,0.7795442938804626,0.7694949507713318,0.05413532257080078,0.7531537413597107,0.13565878570079803
0,128,transformer.h.3.mlp.w1.weight,transformer.h.3.mlp.w1.weight,"[1024, 384]",energy_50,2,0.6910738945007324,0.002134517999365926,0.005601491313427687,0.676831841468811,0.6919240951538086,0.6910738945007324,0.07305634021759033,0.676831841468811,0.1358688622713089
0,128,transformer.h.3.mlp.w1.weight,transformer.h.3.mlp.w1.weight,"[1024, 384]",energy_75,10,0.49264150857925415,0.0011008542496711016,0.005601491313427687,0.4753372371196747,0.5052196383476257,0.49264150857925415,0.12909436225891113,0.4753372371196747,0.13218814134597778
0,128,transformer.h.3.mlp.w1.weight,transformer.h.3.mlp.w1.weight,"[1024, 384]",energy_90,37,0.3161112368106842,0.000611255643889308,0.005601491313427687,0.2858245074748993,0.3116011917591095,0.3161112368106842,0.18057793378829956,0.2858245074748993,0.13243882358074188
0,128,transformer.h.3.mlp.w2.weight,transformer.h.3.mlp.w2.weight,"[1024, 384]",fixed_1,1,0.7437881231307983,0.0036434645298868418,0.010145889595150948,0.7642075419425964,0.8205531239509583,0.7437881231307983,0.046651363372802734,0.7642075419425964,0.17463846504688263
0,128,transformer.h.3.mlp.w2.weight,transformer.h.3.mlp.w2.weight,"[1024, 384]",fixed_2,2,0.6719328165054321,0.00349021446891129,0.010145889595150948,0.6913207173347473,0.7396392226219177,0.6719328165054321,0.06702917814254761,0.6913207173347473,0.17375050485134125
0,128,transformer.h.3.mlp.w2.weight,transformer.h.3.mlp.w2.weight,"[1024, 384]",fixed_4,4,0.6006429195404053,0.0024546526838093996,0.010145889595150948,0.6145232319831848,0.6753790974617004,0.6006429195404053,0.08689725399017334,0.6145232319831848,0.17222458124160767
0,128,transformer.h.3.mlp.w2.weight,transformer.h.3.mlp.w2.weight,"[1024, 384]",fixed_8,8,0.5119523406028748,0.00155140261631459,0.010145889595150948,0.513884961605072,0.5785932540893555,0.5119523406028748,0.11501467227935791,0.513884961605072,0.1716267466545105
0,128,transformer.h.3.mlp.w2.weight,transformer.h.3.mlp.w2.weight,"[1024, 384]",fixed_16,16,0.40666884183883667,0.0009370623156428337,0.010145889595150948,0.39197179675102234,0.4574415385723114,0.40666884183883667,0.14829230308532715,0.39197179675102234,0.1698518693447113
0,128,transformer.h.3.mlp.w2.weight,transformer.h.3.mlp.w2.weight,"[1024, 384]",energy_25,1,0.7437881231307983,0.0036434645298868418,0.010145889595150948,0.7642075419425964,0.8205531239509583,0.7437881231307983,0.046651363372802734,0.7642075419425964,0.17463846504688263
0,128,transformer.h.3.mlp.w2.weight,transformer.h.3.mlp.w2.weight,"[1024, 384]",energy_50,2,0.6719328165054321,0.00349021446891129,0.010145889595150948,0.6913207173347473,0.7396392226219177,0.6719328165054321,0.06702917814254761,0.6913207173347473,0.17375050485134125
0,128,transformer.h.3.mlp.w2.weight,transformer.h.3.mlp.w2.weight,"[1024, 384]",energy_75,9,0.49435722827911377,0.00134745379909873,0.010145889595150948,0.49035072326660156,0.5552478432655334,0.49435722827911377,0.1212158203125,0.49035072326660156,0.16981083154678345
0,128,transformer.h.3.mlp.w2.weight,transformer.h.3.mlp.w2.weight,"[1024, 384]",energy_90,33,0.31601235270500183,0.0006608584662899375,0.010145889595150948,0.29508888721466064,0.3422042429447174,0.31601235270500183,0.17701631784439087,0.29508888721466064,0.16873782873153687
0,128,transformer.h.3.mlp.c_proj.weight,transformer.h.3.mlp.c_proj.weight,"[384, 1024]",fixed_1,1,0.8495868444442749,0.0104907788336277,0.017085909843444824,0.787187397480011,0.7988201975822449,0.8495868444442749,0.04144173860549927,0.787187397480011,0.03209484741091728
0,128,transformer.h.3.mlp.c_proj.weight,transformer.h.3.mlp.c_proj.weight,"[384, 1024]",fixed_2,2,0.7863689064979553,0.009450793266296387,0.017085909843444824,0.7373513579368591,0.756332278251648,0.7863689064979553,0.055736660957336426,0.7373513579368591,0.03157023340463638
0,128,transformer.h.3.mlp.c_proj.weight,transformer.h.3.mlp.c_proj.weight,"[384, 1024]",fixed_4,4,0.6995687484741211,0.00790708139538765,0.017085909843444824,0.5675873160362244,0.5693718791007996,0.6995687484741211,0.08481734991073608,0.5675873160362244,0.031548112630844116
0,128,transformer.h.3.mlp.c_proj.weight,transformer.h.3.mlp.c_proj.weight,"[384, 1024]",fixed_8,8,0.59388667345047,0.004590510856360197,0.017085909843444824,0.41530948877334595,0.41658151149749756,0.59388667345047,0.12064224481582642,0.41530948877334595,0.03243708238005638
0,128,transformer.h.3.mlp.c_proj.weight,transformer.h.3.mlp.c_proj.weight,"[384, 1024]",fixed_16,16,0.4792154133319855,0.0036185323260724545,0.017085909843444824,0.31672465801239014,0.3248744606971741,0.4792154133319855,0.15335536003112793,0.31672465801239014,0.03246358036994934
0,128,transformer.h.3.mlp.c_proj.weight,transformer.h.3.mlp.c_proj.weight,"[384, 1024]",energy_25,1,0.8495868444442749,0.0104907788336277,0.017085909843444824,0.787187397480011,0.7988201975822449,0.8495868444442749,0.04144173860549927,0.787187397480011,0.03209484741091728
0,128,transformer.h.3.mlp.c_proj.weight,transformer.h.3.mlp.c_proj.weight,"[384, 1024]",energy_50,4,0.6995687484741211,0.00790708139538765,0.017085909843444824,0.5675873160362244,0.5693718791007996,0.6995687484741211,0.08481734991073608,0.5675873160362244,0.031548112630844116
0,128,transformer.h.3.mlp.c_proj.weight,transformer.h.3.mlp.c_proj.weight,"[384, 1024]",energy_75,14,0.4994282126426697,0.0037011271342635155,0.017085909843444824,0.3302231729030609,0.3376345634460449,0.4994282126426697,0.1489267349243164,0.3302231729030609,0.03243006020784378
0,128,transformer.h.3.mlp.c_proj.weight,transformer.h.3.mlp.c_proj.weight,"[384, 1024]",energy_90,51,0.31354883313179016,0.0018743062391877174,0.017085909843444824,0.17719048261642456,0.181705042719841,0.31354883313179016,0.19873464107513428,0.17719048261642456,0.031838953495025635
0,128,transformer.h.4.attn.c_attn.weight,transformer.h.4.attn.c_attn.weight,"[1152, 384]",fixed_1,1,0.6436575651168823,0.0024793362244963646,0.004783461801707745,0.6088247895240784,0.7225101590156555,0.6436575651168823,0.09247171878814697,0.6088247895240784,0.8301627039909363
0,128,transformer.h.4.attn.c_attn.weight,transformer.h.4.attn.c_attn.weight,"[1152, 384]",fixed_2,2,0.5488111972808838,0.0016875743167474866,0.004783461801707745,0.49322155117988586,0.6823683977127075,0.5488111972808838,0.13600939512252808,0.49322155117988586,0.8266417980194092
0,128,transformer.h.4.attn.c_attn.weight,transformer.h.4.attn.c_attn.weight,"[1152, 384]",fixed_4,4,0.4748031198978424,0.0013569872826337814,0.004783461801707745,0.4257511794567108,0.630236029624939,0.4748031198978424,0.17783218622207642,0.4257511794567108,0.8302914500236511
0,128,transformer.h.4.attn.c_attn.weight,transformer.h.4.attn.c_attn.weight,"[1152, 384]",fixed_8,8,0.3803120255470276,0.0011360454373061657,0.004783461801707745,0.35728979110717773,0.5962649583816528,0.3803120255470276,0.23140597343444824,0.35728979110717773,0.8213903903961182
0,128,transformer.h.4.attn.c_attn.weight,transformer.h.4.attn.c_attn.weight,"[1152, 384]",fixed_16,16,0.28719353675842285,0.0007875599549151957,0.004783461801707745,0.26761823892593384,0.5780526399612427,0.28719353675842285,0.3153049945831299,0.26761823892593384,0.8244534134864807
0,128,transformer.h.4.attn.c_attn.weight,transformer.h.4.attn.c_attn.weight,"[1152, 384]",energy_25,1,0.6436575651168823,0.0024793362244963646,0.004783461801707745,0.6088247895240784,0.7225101590156555,0.6436575651168823,0.09247171878814697,0.6088247895240784,0.8301627039909363
0,128,transformer.h.4.attn.c_attn.weight,transformer.h.4.attn.c_attn.weight,"[1152, 384]",energy_50,1,0.6436575651168823,0.0024793362244963646,0.004783461801707745,0.6088247895240784,0.7225101590156555,0.6436575651168823,0.09247171878814697,0.6088247895240784,0.8301627039909363
0,128,transformer.h.4.attn.c_attn.weight,transformer.h.4.attn.c_attn.weight,"[1152, 384]",energy_75,4,0.4748031198978424,0.0013569872826337814,0.004783461801707745,0.4257511794567108,0.630236029624939,0.4748031198978424,0.17783218622207642,0.4257511794567108,0.8302914500236511
0,128,transformer.h.4.attn.c_attn.weight,transformer.h.4.attn.c_attn.weight,"[1152, 384]",energy_90,14,0.3069014847278595,0.0008565689786337316,0.004783461801707745,0.2828657925128937,0.5772454738616943,0.3069014847278595,0.299974262714386,0.2828657925128937,0.8198270201683044
0,128,transformer.h.4.attn.c_proj.weight,transformer.h.4.attn.c_proj.weight,"[384, 384]",fixed_1,1,0.6824134588241577,0.006198004353791475,0.014147484675049782,0.5897716283798218,0.6199031472206116,0.6824134588241577,0.08736211061477661,0.5897716283798218,0.8731046319007874
0,128,transformer.h.4.attn.c_proj.weight,transformer.h.4.attn.c_proj.weight,"[384, 384]",fixed_2,2,0.5944605469703674,0.005779620260000229,0.014147484675049782,0.5080044269561768,0.5243402719497681,0.5944605469703674,0.12111049890518188,0.5080044269561768,0.8717185854911804
0,128,transformer.h.4.attn.c_proj.weight,transformer.h.4.attn.c_proj.weight,"[384, 384]",fixed_4,4,0.5065435767173767,0.005181613378226757,0.014147484675049782,0.4218020737171173,0.4350396394729614,0.5065435767173767,0.16231095790863037,0.4218020737171173,0.8667805790901184
0,128,transformer.h.4.attn.c_proj.weight,transformer.h.4.attn.c_proj.weight,"[384, 384]",fixed_8,8,0.4013808071613312,0.004645559936761856,0.014147484675049782,0.34552353620529175,0.35326889157295227,0.4013808071613312,0.2242276668548584,0.34552353620529175,0.8680562973022461
0,128,transformer.h.4.attn.c_proj.weight,transformer.h.4.attn.c_proj.weight,"[384, 384]",fixed_16,16,0.2989448010921478,0.0026968142483383417,0.014147484675049782,0.2439313530921936,0.25315243005752563,0.2989448010921478,0.3159823417663574,0.2439313530921936,0.8715019226074219
0,128,transformer.h.4.attn.c_proj.weight,transformer.h.4.attn.c_proj.weight,"[384, 384]",energy_25,1,0.6824134588241577,0.006198004353791475,0.014147484675049782,0.5897716283798218,0.6199031472206116,0.6824134588241577,0.08736211061477661,0.5897716283798218,0.8731046319007874
0,128,transformer.h.4.attn.c_proj.weight,transformer.h.4.attn.c_proj.weight,"[384, 384]",energy_50,1,0.6824134588241577,0.006198004353791475,0.014147484675049782,0.5897716283798218,0.6199031472206116,0.6824134588241577,0.08736211061477661,0.5897716283798218,0.8731046319007874
0,128,transformer.h.4.attn.c_proj.weight,transformer.h.4.attn.c_proj.weight,"[384, 384]",energy_75,5,0.4755038619041443,0.00472924904897809,0.014147484675049782,0.39630207419395447,0.41111576557159424,0.4755038619041443,0.17935001850128174,0.39630207419395447,0.8723669648170471
0,128,transformer.h.4.attn.c_proj.weight,transformer.h.4.attn.c_proj.weight,"[384, 384]",energy_90,15,0.3089728355407715,0.0030552283860743046,0.014147484675049782,0.2511436641216278,0.26087895035743713,0.3089728355407715,0.30872076749801636,0.2511436641216278,0.8725500106811523
0,128,transformer.h.4.mlp.w1.weight,transformer.h.4.mlp.w1.weight,"[1024, 384]",fixed_1,1,0.7466587424278259,0.0021202522329986095,0.005111898761242628,0.7503921985626221,0.7874355316162109,0.7466587424278259,0.05720740556716919,0.7503921985626221,0.2005329430103302
0,128,transformer.h.4.mlp.w1.weight,transformer.h.4.mlp.w1.weight,"[1024, 384]",fixed_2,2,0.6559720635414124,0.0019484283402562141,0.005111898761242628,0.6553001999855042,0.7032128572463989,0.6559720635414124,0.08439946174621582,0.6553001999855042,0.19927498698234558
0,128,transformer.h.4.mlp.w1.weight,transformer.h.4.mlp.w1.weight,"[1024, 384]",fixed_4,4,0.5788530707359314,0.0017676179995760322,0.005111898761242628,0.5782678723335266,0.620150089263916,0.5788530707359314,0.10971242189407349,0.5782678723335266,0.19893261790275574
0,128,transformer.h.4.mlp.w1.weight,transformer.h.4.mlp.w1.weight,"[1024, 384]",fixed_8,8,0.4956059455871582,0.0013807660434395075,0.005111898761242628,0.48885127902030945,0.5380588173866272,0.4956059455871582,0.14068371057510376,0.48885127902030945,0.1978466808795929
0,128,transformer.h.4.mlp.w1.weight,transformer.h.4.mlp.w1.weight,"[1024, 384]",fixed_16,16,0.39271625876426697,0.00102834717836231,0.005111898761242628,0.381795197725296,0.4232484996318817,0.39271625876426697,0.17550814151763916,0.381795197725296,0.1959323287010193
0,128,transformer.h.4.mlp.w1.weight,transformer.h.4.mlp.w1.weight,"[1024, 384]",energy_25,1,0.7466587424278259,0.0021202522329986095,0.005111898761242628,0.7503921985626221,0.7874355316162109,0.7466587424278259,0.05720740556716919,0.7503921985626221,0.2005329430103302
0,128,transformer.h.4.mlp.w1.weight,transformer.h.4.mlp.w1.weight,"[1024, 384]",energy_50,2,0.6559720635414124,0.0019484283402562141,0.005111898761242628,0.6553001999855042,0.7032128572463989,0.6559720635414124,0.08439946174621582,0.6553001999855042,0.19927498698234558
0,128,transformer.h.4.mlp.w1.weight,transformer.h.4.mlp.w1.weight,"[1024, 384]",energy_75,8,0.4956059455871582,0.0013807660434395075,0.005111898761242628,0.48885127902030945,0.5380588173866272,0.4956059455871582,0.14068371057510376,0.48885127902030945,0.1978466808795929
0,128,transformer.h.4.mlp.w1.weight,transformer.h.4.mlp.w1.weight,"[1024, 384]",energy_90,29,0.3157067596912384,0.0005840871599502861,0.005111898761242628,0.294364869594574,0.33386996388435364,0.3157067596912384,0.2039196491241455,0.294364869594574,0.1948310285806656
0,128,transformer.h.4.mlp.w2.weight,transformer.h.4.mlp.w2.weight,"[1024, 384]",fixed_1,1,0.7742491960525513,0.0019213155610486865,0.003023223252967,0.7756745219230652,0.8188596367835999,0.7742491960525513,0.051849961280822754,0.7756745219230652,0.17547284066677094
0,128,transformer.h.4.mlp.w2.weight,transformer.h.4.mlp.w2.weight,"[1024, 384]",fixed_2,2,0.6810981631278992,0.0018171020783483982,0.003023223252967,0.6939225196838379,0.7389357686042786,0.6810981631278992,0.07779949903488159,0.6939225196838379,0.17616423964500427
0,128,transformer.h.4.mlp.w2.weight,transformer.h.4.mlp.w2.weight,"[1024, 384]",fixed_4,4,0.6010435819625854,0.0015246334951370955,0.003023223252967,0.6175627112388611,0.6496276259422302,0.6010435819625854,0.10096871852874756,0.6175627112388611,0.17663495242595673
0,128,transformer.h.4.mlp.w2.weight,transformer.h.4.mlp.w2.weight,"[1024, 384]",fixed_8,8,0.5145713090896606,0.001365841249935329,0.003023223252967,0.5141357183456421,0.5389896631240845,0.5145713090896606,0.13269788026809692,0.5141357183456421,0.1761522889137268
0,128,transformer.h.4.mlp.w2.weight,transformer.h.4.mlp.w2.weight,"[1024, 384]",fixed_16,16,0.40782251954078674,0.0008503634016960859,0.003023223252967,0.3995932936668396,0.4244708716869354,0.40782251954078674,0.17048394680023193,0.3995932936668396,0.17337879538536072
0,128,transformer.h.4.mlp.w2.weight,transformer.h.4.mlp.w2.weight,"[1024, 384]",energy_25,1,0.7742491960525513,0.0019213155610486865,0.003023223252967,0.7756745219230652,0.8188596367835999,0.7742491960525513,0.051849961280822754,0.7756745219230652,0.17547284066677094
0,128,transformer.h.4.mlp.w2.weight,transformer.h.4.mlp.w2.weight,"[1024, 384]",energy_50,2,0.6810981631278992,0.0018171020783483982,0.003023223252967,0.6939225196838379,0.7389357686042786,0.6810981631278992,0.07779949903488159,0.6939225196838379,0.17616423964500427
0,128,transformer.h.4.mlp.w2.weight,transformer.h.4.mlp.w2.weight,"[1024, 384]",energy_75,9,0.4971533715724945,0.0013935364549979568,0.003023223252967,0.49452531337738037,0.5230019688606262,0.4971533715724945,0.1393345594406128,0.49452531337738037,0.17536114156246185
0,128,transformer.h.4.mlp.w2.weight,transformer.h.4.mlp.w2.weight,"[1024, 384]",energy_90,32,0.3147644102573395,0.0006058343569748104,0.003023223252967,0.29886263608932495,0.3244096338748932,0.3147644102573395,0.20191818475723267,0.29886263608932495,0.17189079523086548
0,128,transformer.h.4.mlp.c_proj.weight,transformer.h.4.mlp.c_proj.weight,"[384, 1024]",fixed_1,1,0.8105635046958923,0.010956227779388428,0.010120201855897903,0.8086975812911987,0.7825518846511841,0.8105635046958923,0.046298325061798096,0.8086975812911987,0.08515416830778122
0,128,transformer.h.4.mlp.c_proj.weight,transformer.h.4.mlp.c_proj.weight,"[384, 1024]",fixed_2,2,0.7466573715209961,0.011259368620812893,0.010120201855897903,0.7338568568229675,0.6854575872421265,0.7466573715209961,0.06347125768661499,0.7338568568229675,0.08455811440944672
0,128,transformer.h.4.mlp.c_proj.weight,transformer.h.4.mlp.c_proj.weight,"[384, 1024]",fixed_4,4,0.6542454361915588,0.005346647463738918,0.010120201855897903,0.5510425567626953,0.5558330416679382,0.6542454361915588,0.09784847497940063,0.5510425567626953,0.08462490141391754
0,128,transformer.h.4.mlp.c_proj.weight,transformer.h.4.mlp.c_proj.weight,"[384, 1024]",fixed_8,8,0.5524635910987854,0.004523839335888624,0.010120201855897903,0.4380066692829132,0.44762322306632996,0.5524635910987854,0.13076066970825195,0.4380066692829132,0.08464209735393524
0,128,transformer.h.4.mlp.c_proj.weight,transformer.h.4.mlp.c_proj.weight,"[384, 1024]",fixed_16,16,0.44380927085876465,0.0030552747193723917,0.010120201855897903,0.31967368721961975,0.3243202567100525,0.44380927085876465,0.16813087463378906,0.31967368721961975,0.08416161686182022
0,128,transformer.h.4.mlp.c_proj.weight,transformer.h.4.mlp.c_proj.weight,"[384, 1024]",energy_25,1,0.8105635046958923,0.010956227779388428,0.010120201855897903,0.8086975812911987,0.7825518846511841,0.8105635046958923,0.046298325061798096,0.8086975812911987,0.08515416830778122
0,128,transformer.h.4.mlp.c_proj.weight,transformer.h.4.mlp.c_proj.weight,"[384, 1024]",energy_50,3,0.6981427669525146,0.006043596193194389,0.010120201855897903,0.5923005938529968,0.5968306064605713,0.6981427669525146,0.08558541536331177,0.5923005938529968,0.08452779054641724
0,128,transformer.h.4.mlp.c_proj.weight,transformer.h.4.mlp.c_proj.weight,"[384, 1024]",energy_75,12,0.4866367280483246,0.003772505559027195,0.010120201855897903,0.36421096324920654,0.36421138048171997,0.4866367280483246,0.15332674980163574,0.36421096324920654,0.08439669758081436
0,128,transformer.h.4.mlp.c_proj.weight,transformer.h.4.mlp.c_proj.weight,"[384, 1024]",energy_90,41,0.3157789409160614,0.001888914150185883,0.010120201855897903,0.19875113666057587,0.20119330286979675,0.3157789409160614,0.20882755517959595,0.19875113666057587,0.08514577150344849
0,128,transformer.h.5.attn.c_attn.weight,transformer.h.5.attn.c_attn.weight,"[1152, 384]",fixed_1,1,0.5895142555236816,0.0021885454189032316,0.004554296378046274,0.5516596436500549,0.8176887631416321,0.5895142555236816,0.10941371321678162,0.5516596436500549,0.8383976817131042
0,128,transformer.h.5.attn.c_attn.weight,transformer.h.5.attn.c_attn.weight,"[1152, 384]",fixed_2,2,0.5089760422706604,0.0017206831835210323,0.004554296378046274,0.46994081139564514,0.7744640707969666,0.5089760422706604,0.14648011326789856,0.46994081139564514,0.8372553586959839
0,128,transformer.h.5.attn.c_attn.weight,transformer.h.5.attn.c_attn.weight,"[1152, 384]",fixed_4,4,0.427803099155426,0.0013822708278894424,0.004554296378046274,0.3973156213760376,0.7124894857406616,0.427803099155426,0.1951015293598175,0.3973156213760376,0.837901771068573
0,128,transformer.h.5.attn.c_attn.weight,transformer.h.5.attn.c_attn.weight,"[1152, 384]",fixed_8,8,0.32949522137641907,0.0010382841574028134,0.004554296378046274,0.31280967593193054,0.6362569332122803,0.32949522137641907,0.2712126076221466,0.31280967593193054,0.8303312063217163
0,128,transformer.h.5.attn.c_attn.weight,transformer.h.5.attn.c_attn.weight,"[1152, 384]",fixed_16,16,0.24433010816574097,0.0007500656647607684,0.004554296378046274,0.2283952236175537,0.5752682685852051,0.24433010816574097,0.3578183352947235,0.2283952236175537,0.8284884691238403
0,128,transformer.h.5.attn.c_attn.weight,transformer.h.5.attn.c_attn.weight,"[1152, 384]",energy_25,1,0.5895142555236816,0.0021885454189032316,0.004554296378046274,0.5516596436500549,0.8176887631416321,0.5895142555236816,0.10941371321678162,0.5516596436500549,0.8383976817131042
0,128,transformer.h.5.attn.c_attn.weight,transformer.h.5.attn.c_attn.weight,"[1152, 384]",energy_50,1,0.5895142555236816,0.0021885454189032316,0.004554296378046274,0.5516596436500549,0.8176887631416321,0.5895142555236816,0.10941371321678162,0.5516596436500549,0.8383976817131042
0,128,transformer.h.5.attn.c_attn.weight,transformer.h.5.attn.c_attn.weight,"[1152, 384]",energy_75,3,0.46404051780700684,0.0017201779410243034,0.004554296378046274,0.4305790960788727,0.7148866057395935,0.46404051780700684,0.16991522908210754,0.4305790960788727,0.8366320133209229
0,128,transformer.h.5.attn.c_attn.weight,transformer.h.5.attn.c_attn.weight,"[1152, 384]",energy_90,9,0.31537455320358276,0.000970653782133013,0.004554296378046274,0.2989431321620941,0.631044864654541,0.31537455320358276,0.28219321370124817,0.2989431321620941,0.8384267687797546
0,128,transformer.h.5.attn.c_proj.weight,transformer.h.5.attn.c_proj.weight,"[384, 384]",fixed_1,1,0.5321206450462341,0.0061429282650351524,0.019313452765345573,0.4718082547187805,0.4651598632335663,0.5321206450462341,0.13034304976463318,0.4718082547187805,0.9014903903007507
0,128,transformer.h.5.attn.c_proj.weight,transformer.h.5.attn.c_proj.weight,"[384, 384]",fixed_2,2,0.4572068452835083,0.006081800442188978,0.019313452765345573,0.40182527899742126,0.3942204713821411,0.4572068452835083,0.16936418414115906,0.40182527899742126,0.8988609313964844
0,128,transformer.h.5.attn.c_proj.weight,transformer.h.5.attn.c_proj.weight,"[384, 384]",fixed_4,4,0.3914031684398651,0.004663802217692137,0.019313452765345573,0.3427514433860779,0.3378830850124359,0.3914031684398651,0.21384093165397644,0.3427514433860779,0.9042763710021973
0,128,transformer.h.5.attn.c_proj.weight,transformer.h.5.attn.c_proj.weight,"[384, 384]",fixed_8,8,0.30795544385910034,0.005233330652117729,0.019313452765345573,0.2650282084941864,0.26031455397605896,0.30795544385910034,0.2894786298274994,0.2650282084941864,0.8986102342605591
0,128,transformer.h.5.attn.c_proj.weight,transformer.h.5.attn.c_proj.weight,"[384, 384]",fixed_16,16,0.22692996263504028,0.0025350446812808514,0.019313452765345573,0.19285975396633148,0.19231170415878296,0.22692996263504028,0.3779042065143585,0.19285975396633148,0.9035152792930603
0,128,transformer.h.5.attn.c_proj.weight,transformer.h.5.attn.c_proj.weight,"[384, 384]",energy_25,1,0.5321206450462341,0.0061429282650351524,0.019313452765345573,0.4718082547187805,0.4651598632335663,0.5321206450462341,0.13034304976463318,0.4718082547187805,0.9014903903007507
0,128,transformer.h.5.attn.c_proj.weight,transformer.h.5.attn.c_proj.weight,"[384, 384]",energy_50,1,0.5321206450462341,0.0061429282650351524,0.019313452765345573,0.4718082547187805,0.4651598632335663,0.5321206450462341,0.13034304976463318,0.4718082547187805,0.9014903903007507
0,128,transformer.h.5.attn.c_proj.weight,transformer.h.5.attn.c_proj.weight,"[384, 384]",energy_75,2,0.4572068452835083,0.006081800442188978,0.019313452765345573,0.40182527899742126,0.3942204713821411,0.4572068452835083,0.16936418414115906,0.40182527899742126,0.8988609313964844
0,128,transformer.h.5.attn.c_proj.weight,transformer.h.5.attn.c_proj.weight,"[384, 384]",energy_90,8,0.30795544385910034,0.005233330652117729,0.019313452765345573,0.2650282084941864,0.26031455397605896,0.30795544385910034,0.2894786298274994,0.2650282084941864,0.8986102342605591
0,128,transformer.h.5.mlp.w1.weight,transformer.h.5.mlp.w1.weight,"[1024, 384]",fixed_1,1,0.7379083633422852,0.0028457436710596085,0.004497387446463108,0.7323229908943176,0.7786521911621094,0.7379083633422852,0.06542056798934937,0.7323229908943176,0.2477908581495285
0,128,transformer.h.5.mlp.w1.weight,transformer.h.5.mlp.w1.weight,"[1024, 384]",fixed_2,2,0.630193829536438,0.002113020047545433,0.004497387446463108,0.6195929050445557,0.6705325245857239,0.630193829536438,0.09876799583435059,0.6195929050445557,0.24569137394428253
0,128,transformer.h.5.mlp.w1.weight,transformer.h.5.mlp.w1.weight,"[1024, 384]",fixed_4,4,0.5397338271141052,0.0016160845989361405,0.004497387446463108,0.5340284109115601,0.5801681876182556,0.5397338271141052,0.13336819410324097,0.5340284109115601,0.24531123042106628
0,128,transformer.h.5.mlp.w1.weight,transformer.h.5.mlp.w1.weight,"[1024, 384]",fixed_8,8,0.45638367533683777,0.0011441146489232779,0.004497387446463108,0.439873069524765,0.47868862748146057,0.45638367533683777,0.16678619384765625,0.439873069524765,0.24309135973453522
0,128,transformer.h.5.mlp.w1.weight,transformer.h.5.mlp.w1.weight,"[1024, 384]",fixed_16,16,0.3601997196674347,0.0008098955731838942,0.004497387446463108,0.34600237011909485,0.3824329078197479,0.3601997196674347,0.20570242404937744,0.34600237011909485,0.24444741010665894
0,128,transformer.h.5.mlp.w1.weight,transformer.h.5.mlp.w1.weight,"[1024, 384]",energy_25,1,0.7379083633422852,0.0028457436710596085,0.004497387446463108,0.7323229908943176,0.7786521911621094,0.7379083633422852,0.06542056798934937,0.7323229908943176,0.2477908581495285
0,128,transformer.h.5.mlp.w1.weight,transformer.h.5.mlp.w1.weight,"[1024, 384]",energy_50,2,0.630193829536438,0.002113020047545433,0.004497387446463108,0.6195929050445557,0.6705325245857239,0.630193829536438,0.09876799583435059,0.6195929050445557,0.24569137394428253
0,128,transformer.h.5.mlp.w1.weight,transformer.h.5.mlp.w1.weight,"[1024, 384]",energy_75,6,0.49106115102767944,0.0013100809883326292,0.004497387446463108,0.4788612723350525,0.5178971290588379,0.49106115102767944,0.15113329887390137,0.4788612723350525,0.24779674410820007
0,128,transformer.h.5.mlp.w1.weight,transformer.h.5.mlp.w1.weight,"[1024, 384]",energy_90,23,0.31409862637519836,0.0005679684691131115,0.004497387446463108,0.29753804206848145,0.33353322744369507,0.31409862637519836,0.22512632608413696,0.29753804206848145,0.24231921136379242
0,128,transformer.h.5.mlp.w2.weight,transformer.h.5.mlp.w2.weight,"[1024, 384]",fixed_1,1,0.752024233341217,0.0025226823054254055,0.003024300094693899,0.7392891645431519,0.7710645794868469,0.752024233341217,0.06189984083175659,0.7392891645431519,0.23629330098628998
0,128,transformer.h.5.mlp.w2.weight,transformer.h.5.mlp.w2.weight,"[1024, 384]",fixed_2,2,0.6468155980110168,0.0018479055725038052,0.003024300094693899,0.63114333152771,0.6514444351196289,0.6468155980110168,0.09270358085632324,0.63114333152771,0.2357272207736969
0,128,transformer.h.5.mlp.w2.weight,transformer.h.5.mlp.w2.weight,"[1024, 384]",fixed_4,4,0.5570140480995178,0.0015754586784169078,0.003024300094693899,0.5368492603302002,0.5694918036460876,0.5570140480995178,0.12641054391860962,0.5368492603302002,0.23543360829353333
0,128,transformer.h.5.mlp.w2.weight,transformer.h.5.mlp.w2.weight,"[1024, 384]",fixed_8,8,0.46700048446655273,0.001289220410399139,0.003024300094693899,0.4435941278934479,0.4721587598323822,0.46700048446655273,0.16234636306762695,0.4435941278934479,0.23345014452934265
0,128,transformer.h.5.mlp.w2.weight,transformer.h.5.mlp.w2.weight,"[1024, 384]",fixed_16,16,0.3710879385471344,0.0007681160932406783,0.003024300094693899,0.354091078042984,0.3800759017467499,0.3710879385471344,0.19989150762557983,0.354091078042984,0.2312362939119339
0,128,transformer.h.5.mlp.w2.weight,transformer.h.5.mlp.w2.weight,"[1024, 384]",energy_25,1,0.752024233341217,0.0025226823054254055,0.003024300094693899,0.7392891645431519,0.7710645794868469,0.752024233341217,0.06189984083175659,0.7392891645431519,0.23629330098628998
0,128,transformer.h.5.mlp.w2.weight,transformer.h.5.mlp.w2.weight,"[1024, 384]",energy_50,2,0.6468155980110168,0.0018479055725038052,0.003024300094693899,0.63114333152771,0.6514444351196289,0.6468155980110168,0.09270358085632324,0.63114333152771,0.2357272207736969
0,128,transformer.h.5.mlp.w2.weight,transformer.h.5.mlp.w2.weight,"[1024, 384]",energy_75,7,0.48536065220832825,0.0013513662852346897,0.003024300094693899,0.4625222682952881,0.49036523699760437,0.48536065220832825,0.1542530655860901,0.4625222682952881,0.23533661663532257
0,128,transformer.h.5.mlp.w2.weight,transformer.h.5.mlp.w2.weight,"[1024, 384]",energy_90,25,0.3119557499885559,0.0006178453331813216,0.003024300094693899,0.2923881411552429,0.31199297308921814,0.3119557499885559,0.22333836555480957,0.2923881411552429,0.22909986972808838
0,128,transformer.h.5.mlp.c_proj.weight,transformer.h.5.mlp.c_proj.weight,"[384, 1024]",fixed_1,1,0.755247175693512,0.006696205120533705,0.021793754771351814,0.5342326760292053,0.5608449578285217,0.755247175693512,0.07702505588531494,0.5342326760292053,0.14115294814109802
0,128,transformer.h.5.mlp.c_proj.weight,transformer.h.5.mlp.c_proj.weight,"[384, 1024]",fixed_2,2,0.6973949074745178,0.006060321815311909,0.021793754771351814,0.49410924315452576,0.5127822160720825,0.6973949074745178,0.09349989891052246,0.49410924315452576,0.14126305282115936
0,128,transformer.h.5.mlp.c_proj.weight,transformer.h.5.mlp.c_proj.weight,"[384, 1024]",fixed_4,4,0.6149454712867737,0.005404767580330372,0.021793754771351814,0.41517409682273865,0.4406030774116516,0.6149454712867737,0.12056893110275269,0.41517409682273865,0.14053672552108765
0,128,transformer.h.5.mlp.c_proj.weight,transformer.h.5.mlp.c_proj.weight,"[384, 1024]",fixed_8,8,0.5143823027610779,0.004284915514290333,0.021793754771351814,0.3229897618293762,0.3485031723976135,0.5143823027610779,0.1592540144920349,0.3229897618293762,0.139403834939003
0,128,transformer.h.5.mlp.c_proj.weight,transformer.h.5.mlp.c_proj.weight,"[384, 1024]",fixed_16,16,0.41002702713012695,0.0023626629263162613,0.021793754771351814,0.22647152841091156,0.24397079646587372,0.41002702713012695,0.1999644637107849,0.22647152841091156,0.1407143920660019
0,128,transformer.h.5.mlp.c_proj.weight,transformer.h.5.mlp.c_proj.weight,"[384, 1024]",energy_25,1,0.755247175693512,0.006696205120533705,0.021793754771351814,0.5342326760292053,0.5608449578285217,0.755247175693512,0.07702505588531494,0.5342326760292053,0.14115294814109802
0,128,transformer.h.5.mlp.c_proj.weight,transformer.h.5.mlp.c_proj.weight,"[384, 1024]",energy_50,2,0.6973949074745178,0.006060321815311909,0.021793754771351814,0.49410924315452576,0.5127822160720825,0.6973949074745178,0.09349989891052246,0.49410924315452576,0.14126305282115936
0,128,transformer.h.5.mlp.c_proj.weight,transformer.h.5.mlp.c_proj.weight,"[384, 1024]",energy_75,9,0.4971323609352112,0.0037189063150435686,0.021793754771351814,0.3075680732727051,0.3247523307800293,0.4971323609352112,0.16519254446029663,0.3075680732727051,0.1408947855234146
0,128,transformer.h.5.mlp.c_proj.weight,transformer.h.5.mlp.c_proj.weight,"[384, 1024]",energy_90,34,0.3157305419445038,0.0017621617298573256,0.021793754771351814,0.15941207110881805,0.17073935270309448,0.3157305419445038,0.23254036903381348,0.15941207110881805,0.1389317363500595
0,512,transformer.h.0.attn.c_attn.weight,transformer.h.0.attn.c_attn.weight,"[1152, 384]",fixed_1,1,0.8512129187583923,0.005432466045022011,0.005418295506387949,0.8683564066886902,0.792961835861206,0.8512129187583923,0.04462617635726929,0.8683564066886902,0.5444686412811279
0,512,transformer.h.0.attn.c_attn.weight,transformer.h.0.attn.c_attn.weight,"[1152, 384]",fixed_2,2,0.6900877952575684,0.0044968812726438046,0.005418295506387949,0.6904550194740295,0.7092898488044739,0.6900877952575684,0.09308922290802002,0.6904550194740295,0.5462636351585388
0,512,transformer.h.0.attn.c_attn.weight,transformer.h.0.attn.c_attn.weight,"[1152, 384]",fixed_4,4,0.5867085456848145,0.002731798682361841,0.005418295506387949,0.5798048377037048,0.634763777256012,0.5867085456848145,0.13884925842285156,0.5798048377037048,0.5428687930107117
0,512,transformer.h.0.attn.c_attn.weight,transformer.h.0.attn.c_attn.weight,"[1152, 384]",fixed_8,8,0.4882858395576477,0.002043129177764058,0.005418295506387949,0.4847540259361267,0.55730801820755,0.4882858395576477,0.1855102777481079,0.4847540259361267,0.5412690043449402
0,512,transformer.h.0.attn.c_attn.weight,transformer.h.0.attn.c_attn.weight,"[1152, 384]",fixed_16,16,0.38340941071510315,0.0016706775641068816,0.005418295506387949,0.38737866282463074,0.4343729615211487,0.38340941071510315,0.24146980047225952,0.38737866282463074,0.5362555980682373
0,512,transformer.h.0.attn.c_attn.weight,transformer.h.0.attn.c_attn.weight,"[1152, 384]",energy_25,1,0.8512129187583923,0.005432466045022011,0.005418295506387949,0.8683564066886902,0.792961835861206,0.8512129187583923,0.04462617635726929,0.8683564066886902,0.5444686412811279
0,512,transformer.h.0.attn.c_attn.weight,transformer.h.0.attn.c_attn.weight,"[1152, 384]",energy_50,2,0.6900877952575684,0.0044968812726438046,0.005418295506387949,0.6904550194740295,0.7092898488044739,0.6900877952575684,0.09308922290802002,0.6904550194740295,0.5462636351585388
0,512,transformer.h.0.attn.c_attn.weight,transformer.h.0.attn.c_attn.weight,"[1152, 384]",energy_75,8,0.4882858395576477,0.002043129177764058,0.005418295506387949,0.4847540259361267,0.55730801820755,0.4882858395576477,0.1855102777481079,0.4847540259361267,0.5412690043449402
0,512,transformer.h.0.attn.c_attn.weight,transformer.h.0.attn.c_attn.weight,"[1152, 384]",energy_90,25,0.31215810775756836,0.0013287730980664492,0.005418295506387949,0.31686294078826904,0.44013741612434387,0.31215810775756836,0.2855473756790161,0.31686294078826904,0.531028151512146
0,512,transformer.h.0.attn.c_proj.weight,transformer.h.0.attn.c_proj.weight,"[384, 384]",fixed_1,1,0.8341357707977295,0.015298538841307163,0.017062632367014885,0.8281146883964539,0.8021611571311951,0.8341357707977295,0.04012483358383179,0.8281146883964539,0.7571290135383606
0,512,transformer.h.0.attn.c_proj.weight,transformer.h.0.attn.c_proj.weight,"[384, 384]",fixed_2,2,0.712992787361145,0.010578736662864685,0.017062632367014885,0.6554744243621826,0.6467892527580261,0.712992787361145,0.08613032102584839,0.6554744243621826,0.7681304216384888
0,512,transformer.h.0.attn.c_proj.weight,transformer.h.0.attn.c_proj.weight,"[384, 384]",fixed_4,4,0.6223490238189697,0.010509917512536049,0.017062632367014885,0.5584795475006104,0.5517397522926331,0.6223490238189697,0.12421584129333496,0.5584795475006104,0.7643441557884216
0,512,transformer.h.0.attn.c_proj.weight,transformer.h.0.attn.c_proj.weight,"[384, 384]",fixed_8,8,0.5123874545097351,0.0064170523546636105,0.017062632367014885,0.4336399435997009,0.4330649971961975,0.5123874545097351,0.17943209409713745,0.4336399435997009,0.7659671306610107
0,512,transformer.h.0.attn.c_proj.weight,transformer.h.0.attn.c_proj.weight,"[384, 384]",fixed_16,16,0.38966789841651917,0.005254226736724377,0.017062632367014885,0.3351471424102783,0.3338378965854645,0.38966789841651917,0.25041747093200684,0.3351471424102783,0.764376163482666
0,512,transformer.h.0.attn.c_proj.weight,transformer.h.0.attn.c_proj.weight,"[384, 384]",energy_25,1,0.8341357707977295,0.015298538841307163,0.017062632367014885,0.8281146883964539,0.8021611571311951,0.8341357707977295,0.04012483358383179,0.8281146883964539,0.7571290135383606
0,512,transformer.h.0.attn.c_proj.weight,transformer.h.0.attn.c_proj.weight,"[384, 384]",energy_50,3,0.6648483276367188,0.010402798652648926,0.017062632367014885,0.5982591509819031,0.5928791761398315,0.6648483276367188,0.10758614540100098,0.5982591509819031,0.7651395201683044
0,512,transformer.h.0.attn.c_proj.weight,transformer.h.0.attn.c_proj.weight,"[384, 384]",energy_75,9,0.4928490221500397,0.005606965161859989,0.017062632367014885,0.4194636046886444,0.42206716537475586,0.4928490221500397,0.1950550079345703,0.4194636046886444,0.7589360475540161
0,512,transformer.h.0.attn.c_proj.weight,transformer.h.0.attn.c_proj.weight,"[384, 384]",energy_90,25,0.31347203254699707,0.0035576384980231524,0.017062632367014885,0.26326730847358704,0.26235172152519226,0.31347203254699707,0.3045307397842407,0.26326730847358704,0.7608832120895386
0,512,transformer.h.0.mlp.w1.weight,transformer.h.0.mlp.w1.weight,"[1024, 384]",fixed_1,1,0.8116298913955688,0.003446982940658927,0.005355858244001865,0.8227794766426086,0.8323962688446045,0.8116298913955688,0.021239399909973145,0.8227794766426086,0.0
0,512,transformer.h.0.mlp.w1.weight,transformer.h.0.mlp.w1.weight,"[1024, 384]",fixed_2,2,0.7690231204032898,0.0031778281554579735,0.005355858244001865,0.771436333656311,0.7914894223213196,0.7690231204032898,0.026754915714263916,0.771436333656311,0.0
0,512,transformer.h.0.mlp.w1.weight,transformer.h.0.mlp.w1.weight,"[1024, 384]",fixed_4,4,0.721389889717102,0.002648375229910016,0.005355858244001865,0.7173802852630615,0.7295424342155457,0.721389889717102,0.03220468759536743,0.7173802852630615,0.0
0,512,transformer.h.0.mlp.w1.weight,transformer.h.0.mlp.w1.weight,"[1024, 384]",fixed_8,8,0.672590970993042,0.002347802510485053,0.005355858244001865,0.657335102558136,0.6790099740028381,0.672590970993042,0.037919461727142334,0.657335102558136,0.0
0,512,transformer.h.0.mlp.w1.weight,transformer.h.0.mlp.w1.weight,"[1024, 384]",fixed_16,16,0.612056314945221,0.002200092887505889,0.005355858244001865,0.5911247730255127,0.614971935749054,0.612056314945221,0.044393837451934814,0.5911247730255127,0.0
0,512,transformer.h.0.mlp.w1.weight,transformer.h.0.mlp.w1.weight,"[1024, 384]",energy_25,1,0.8116298913955688,0.003446982940658927,0.005355858244001865,0.8227794766426086,0.8323962688446045,0.8116298913955688,0.021239399909973145,0.8227794766426086,0.0
0,512,transformer.h.0.mlp.w1.weight,transformer.h.0.mlp.w1.weight,"[1024, 384]",energy_50,6,0.6949638724327087,0.0024184740614145994,0.005355858244001865,0.6881342530250549,0.6977202892303467,0.6949638724327087,0.03515225648880005,0.6881342530250549,0.0
0,512,transformer.h.0.mlp.w1.weight,transformer.h.0.mlp.w1.weight,"[1024, 384]",energy_75,44,0.4975665509700775,0.001558440737426281,0.005355858244001865,0.46254763007164,0.4778231978416443,0.4975665509700775,0.055677831172943115,0.46254763007164,0.0
0,512,transformer.h.0.mlp.w1.weight,transformer.h.0.mlp.w1.weight,"[1024, 384]",energy_90,132,0.3153921663761139,0.0008526167366653681,0.005355858244001865,0.2735271155834198,0.2862935960292816,0.3153921663761139,0.06853854656219482,0.2735271155834198,0.0
0,512,transformer.h.0.mlp.w2.weight,transformer.h.0.mlp.w2.weight,"[1024, 384]",fixed_1,1,0.8312615752220154,0.003505490720272064,0.0071988534182310104,0.8347407579421997,0.8753581643104553,0.8312615752220154,0.02009439468383789,0.8347407579421997,0.0
0,512,transformer.h.0.mlp.w2.weight,transformer.h.0.mlp.w2.weight,"[1024, 384]",fixed_2,2,0.7907276749610901,0.0037087001837790012,0.0071988534182310104,0.7855672836303711,0.81883704662323,0.7907276749610901,0.025321006774902344,0.7855672836303711,0.0
0,512,transformer.h.0.mlp.w2.weight,transformer.h.0.mlp.w2.weight,"[1024, 384]",fixed_4,4,0.738225519657135,0.00279341172426939,0.0071988534182310104,0.728622317314148,0.7549729943275452,0.738225519657135,0.0315549373626709,0.728622317314148,0.0
0,512,transformer.h.0.mlp.w2.weight,transformer.h.0.mlp.w2.weight,"[1024, 384]",fixed_8,8,0.6856918931007385,0.0026774476282298565,0.0071988534182310104,0.6790822148323059,0.7218493819236755,0.6856918931007385,0.03711932897567749,0.6790822148323059,0.0
0,512,transformer.h.0.mlp.w2.weight,transformer.h.0.mlp.w2.weight,"[1024, 384]",fixed_16,16,0.6218443512916565,0.0019059580517932773,0.0071988534182310104,0.6013311743736267,0.636628270149231,0.6218443512916565,0.044001221656799316,0.6013311743736267,0.0
0,512,transformer.h.0.mlp.w2.weight,transformer.h.0.mlp.w2.weight,"[1024, 384]",energy_25,1,0.8312615752220154,0.003505490720272064,0.0071988534182310104,0.8347407579421997,0.8753581643104553,0.8312615752220154,0.02009439468383789,0.8347407579421997,0.0
0,512,transformer.h.0.mlp.w2.weight,transformer.h.0.mlp.w2.weight,"[1024, 384]",energy_50,7,0.6965618133544922,0.0027732294984161854,0.0071988534182310104,0.6855952143669128,0.7216204404830933,0.6965618133544922,0.03629273176193237,0.6855952143669128,0.0
0,512,transformer.h.0.mlp.w2.weight,transformer.h.0.mlp.w2.weight,"[1024, 384]",energy_75,46,0.49781760573387146,0.0015578150050714612,0.0071988534182310104,0.46513283252716064,0.4877491295337677,0.49781760573387146,0.055931270122528076,0.46513283252716064,0.0
0,512,transformer.h.0.mlp.w2.weight,transformer.h.0.mlp.w2.weight,"[1024, 384]",energy_90,133,0.3150632977485657,0.0009502223110757768,0.0071988534182310104,0.2727218568325043,0.2934304177761078,0.3150632977485657,0.06902408599853516,0.2727218568325043,0.0
0,512,transformer.h.0.mlp.c_proj.weight,transformer.h.0.mlp.c_proj.weight,"[384, 1024]",fixed_1,1,0.8904522061347961,0.014532283879816532,0.020016228780150414,0.7467659711837769,0.7521688342094421,0.8904522061347961,0.02623164653778076,0.7467659711837769,0.0
0,512,transformer.h.0.mlp.c_proj.weight,transformer.h.0.mlp.c_proj.weight,"[384, 1024]",fixed_2,2,0.8638560771942139,0.013140928000211716,0.020016228780150414,0.6986745595932007,0.7019089460372925,0.8638560771942139,0.03234410285949707,0.6986745595932007,0.0
0,512,transformer.h.0.mlp.c_proj.weight,transformer.h.0.mlp.c_proj.weight,"[384, 1024]",fixed_4,4,0.8211588859558105,0.01176525093615055,0.020016228780150414,0.6434347629547119,0.6389917135238647,0.8211588859558105,0.039590418338775635,0.6434347629547119,0.0
0,512,transformer.h.0.mlp.c_proj.weight,transformer.h.0.mlp.c_proj.weight,"[384, 1024]",fixed_8,8,0.7536405324935913,0.009979923255741596,0.020016228780150414,0.5603890419006348,0.565628170967102,0.7536405324935913,0.05214792490005493,0.5603890419006348,0.0
0,512,transformer.h.0.mlp.c_proj.weight,transformer.h.0.mlp.c_proj.weight,"[384, 1024]",fixed_16,16,0.6691843271255493,0.007977393455803394,0.020016228780150414,0.46553468704223633,0.4671596884727478,0.6691843271255493,0.0658072829246521,0.46553468704223633,0.0
0,512,transformer.h.0.mlp.c_proj.weight,transformer.h.0.mlp.c_proj.weight,"[384, 1024]",energy_25,2,0.8638560771942139,0.013140928000211716,0.020016228780150414,0.6986745595932007,0.7019089460372925,0.8638560771942139,0.03234410285949707,0.6986745595932007,0.0
0,512,transformer.h.0.mlp.c_proj.weight,transformer.h.0.mlp.c_proj.weight,"[384, 1024]",energy_50,12,0.7066671252250671,0.0087814349681139,0.020016228780150414,0.5052731037139893,0.511276364326477,0.7066671252250671,0.059891343116760254,0.5052731037139893,0.0
0,512,transformer.h.0.mlp.c_proj.weight,transformer.h.0.mlp.c_proj.weight,"[384, 1024]",energy_75,48,0.4981185793876648,0.005065528675913811,0.020016228780150414,0.3151261508464813,0.3165964186191559,0.4981185793876648,0.08797764778137207,0.3151261508464813,0.0
0,512,transformer.h.0.mlp.c_proj.weight,transformer.h.0.mlp.c_proj.weight,"[384, 1024]",energy_90,121,0.3156050443649292,0.002902563661336899,0.020016228780150414,0.18390816450119019,0.18551844358444214,0.3156050443649292,0.10393029451370239,0.18390816450119019,0.0
0,512,transformer.h.1.attn.c_attn.weight,transformer.h.1.attn.c_attn.weight,"[1152, 384]",fixed_1,1,0.8119950294494629,0.0030149139929562807,0.00471630459651351,0.760708212852478,0.7816987037658691,0.8119950294494629,0.051768362522125244,0.760708212852478,0.6016834378242493
0,512,transformer.h.1.attn.c_attn.weight,transformer.h.1.attn.c_attn.weight,"[1152, 384]",fixed_2,2,0.7267950773239136,0.002630561823025346,0.00471630459651351,0.6788272857666016,0.7630236148834229,0.7267950773239136,0.07770591974258423,0.6788272857666016,0.6011049151420593
0,512,transformer.h.1.attn.c_attn.weight,transformer.h.1.attn.c_attn.weight,"[1152, 384]",fixed_4,4,0.6398106217384338,0.0024187262170016766,0.00471630459651351,0.6139807105064392,0.7386596202850342,0.6398106217384338,0.10853713750839233,0.6139807105064392,0.5988564491271973
0,512,transformer.h.1.attn.c_attn.weight,transformer.h.1.attn.c_attn.weight,"[1152, 384]",fixed_8,8,0.5243246555328369,0.001774452393874526,0.00471630459651351,0.5076994895935059,0.6831326484680176,0.5243246555328369,0.15834730863571167,0.5076994895935059,0.5933718085289001
0,512,transformer.h.1.attn.c_attn.weight,transformer.h.1.attn.c_attn.weight,"[1152, 384]",fixed_16,16,0.4018614590167999,0.0014565817546099424,0.00471630459651351,0.4030517339706421,0.5907129049301147,0.4018614590167999,0.22226029634475708,0.4030517339706421,0.5908501744270325
0,512,transformer.h.1.attn.c_attn.weight,transformer.h.1.attn.c_attn.weight,"[1152, 384]",energy_25,1,0.8119950294494629,0.0030149139929562807,0.00471630459651351,0.760708212852478,0.7816987037658691,0.8119950294494629,0.051768362522125244,0.760708212852478,0.6016834378242493
0,512,transformer.h.1.attn.c_attn.weight,transformer.h.1.attn.c_attn.weight,"[1152, 384]",energy_50,3,0.6808344721794128,0.00254293205216527,0.00471630459651351,0.6474432349205017,0.7326096296310425,0.6808344721794128,0.09147244691848755,0.6474432349205017,0.6009258031845093
0,512,transformer.h.1.attn.c_attn.weight,transformer.h.1.attn.c_attn.weight,"[1152, 384]",energy_75,10,0.48559361696243286,0.0018700824584811926,0.00471630459651351,0.47495490312576294,0.6646573543548584,0.48559361696243286,0.17727041244506836,0.47495490312576294,0.5960395336151123
0,512,transformer.h.1.attn.c_attn.weight,transformer.h.1.attn.c_attn.weight,"[1152, 384]",energy_90,26,0.31517091393470764,0.0010335760889574885,0.00471630459651351,0.31703877449035645,0.4839521050453186,0.31517091393470764,0.27980637550354004,0.31703877449035645,0.5877599716186523
0,512,transformer.h.1.attn.c_proj.weight,transformer.h.1.attn.c_proj.weight,"[384, 384]",fixed_1,1,0.7687155604362488,0.010975748300552368,0.012259322218596935,0.7407065033912659,0.7029696702957153,0.7687155604362488,0.054819583892822266,0.7407065033912659,0.818429708480835
0,512,transformer.h.1.attn.c_proj.weight,transformer.h.1.attn.c_proj.weight,"[384, 384]",fixed_2,2,0.7081418633460999,0.007375773508101702,0.012259322218596935,0.673617959022522,0.6466835737228394,0.7081418633460999,0.07300883531570435,0.673617959022522,0.8227465748786926
0,512,transformer.h.1.attn.c_proj.weight,transformer.h.1.attn.c_proj.weight,"[384, 384]",fixed_4,4,0.6263609528541565,0.005909884348511696,0.012259322218596935,0.5896590948104858,0.5813475251197815,0.6263609528541565,0.10489660501480103,0.5896590948104858,0.820751428604126
0,512,transformer.h.1.attn.c_proj.weight,transformer.h.1.attn.c_proj.weight,"[384, 384]",fixed_8,8,0.522908627986908,0.005327187478542328,0.012259322218596935,0.4841060936450958,0.4703618288040161,0.522908627986908,0.15411674976348877,0.4841060936450958,0.8160051107406616
0,512,transformer.h.1.attn.c_proj.weight,transformer.h.1.attn.c_proj.weight,"[384, 384]",fixed_16,16,0.40454474091529846,0.003935699816793203,0.012259322218596935,0.3748553693294525,0.36312246322631836,0.40454474091529846,0.22026550769805908,0.3748553693294525,0.8187659978866577
0,512,transformer.h.1.attn.c_proj.weight,transformer.h.1.attn.c_proj.weight,"[384, 384]",energy_25,1,0.7687155604362488,0.010975748300552368,0.012259322218596935,0.7407065033912659,0.7029696702957153,0.7687155604362488,0.054819583892822266,0.7407065033912659,0.818429708480835
0,512,transformer.h.1.attn.c_proj.weight,transformer.h.1.attn.c_proj.weight,"[384, 384]",energy_50,3,0.6664857864379883,0.007278504315763712,0.012259322218596935,0.624070405960083,0.6203067898750305,0.6664857864379883,0.09044736623764038,0.624070405960083,0.8237596154212952
0,512,transformer.h.1.attn.c_proj.weight,transformer.h.1.attn.c_proj.weight,"[384, 384]",energy_75,10,0.48554229736328125,0.004580401815474033,0.012259322218596935,0.44605016708374023,0.4381730854511261,0.48554229736328125,0.173739492893219,0.44605016708374023,0.823000431060791
0,512,transformer.h.1.attn.c_proj.weight,transformer.h.1.attn.c_proj.weight,"[384, 384]",energy_90,27,0.31073686480522156,0.003237660275772214,0.012259322218596935,0.2890893816947937,0.2846313714981079,0.31073686480522156,0.2851598262786865,0.2890893816947937,0.8191407322883606
0,512,transformer.h.1.mlp.w1.weight,transformer.h.1.mlp.w1.weight,"[1024, 384]",fixed_1,1,0.8990729451179504,0.00482923211529851,0.005514505784958601,0.9056452512741089,0.8968856930732727,0.8990729451179504,0.013578712940216064,0.9056452512741089,0.0
0,512,transformer.h.1.mlp.w1.weight,transformer.h.1.mlp.w1.weight,"[1024, 384]",fixed_2,2,0.8352380990982056,0.004514547996222973,0.005514505784958601,0.8408178091049194,0.8398633003234863,0.8352380990982056,0.0228043794631958,0.8408178091049194,0.0
0,512,transformer.h.1.mlp.w1.weight,transformer.h.1.mlp.w1.weight,"[1024, 384]",fixed_4,4,0.781507134437561,0.003704407950863242,0.005514505784958601,0.7791279554367065,0.7977402210235596,0.781507134437561,0.029729247093200684,0.7791279554367065,0.0
0,512,transformer.h.1.mlp.w1.weight,transformer.h.1.mlp.w1.weight,"[1024, 384]",fixed_8,8,0.7210535407066345,0.002982957288622856,0.005514505784958601,0.7156248688697815,0.7187859416007996,0.7210535407066345,0.037103474140167236,0.7156248688697815,0.0
0,512,transformer.h.1.mlp.w1.weight,transformer.h.1.mlp.w1.weight,"[1024, 384]",fixed_16,16,0.6437817215919495,0.0020771764684468508,0.005514505784958601,0.6362611651420593,0.6495035290718079,0.6437817215919495,0.04575967788696289,0.6362611651420593,0.0
0,512,transformer.h.1.mlp.w1.weight,transformer.h.1.mlp.w1.weight,"[1024, 384]",energy_25,2,0.8352380990982056,0.004514547996222973,0.005514505784958601,0.8408178091049194,0.8398633003234863,0.8352380990982056,0.0228043794631958,0.8408178091049194,0.0
0,512,transformer.h.1.mlp.w1.weight,transformer.h.1.mlp.w1.weight,"[1024, 384]",energy_50,10,0.6981438994407654,0.0030629360117018223,0.005514505784958601,0.6946155428886414,0.7000086903572083,0.6981438994407654,0.039703369140625,0.6946155428886414,0.0
0,512,transformer.h.1.mlp.w1.weight,transformer.h.1.mlp.w1.weight,"[1024, 384]",energy_75,45,0.49853742122650146,0.0011845383560284972,0.005514505784958601,0.46108174324035645,0.49528270959854126,0.49853742122650146,0.06262260675430298,0.46108174324035645,0.0
0,512,transformer.h.1.mlp.w1.weight,transformer.h.1.mlp.w1.weight,"[1024, 384]",energy_90,120,0.31498944759368896,0.00078204384772107,0.005514505784958601,0.26659509539604187,0.2843288481235504,0.31498944759368896,0.07817667722702026,0.26659509539604187,0.0
0,512,transformer.h.1.mlp.w2.weight,transformer.h.1.mlp.w2.weight,"[1024, 384]",fixed_1,1,0.9016220569610596,0.003461632411926985,0.005019006785005331,0.906618595123291,0.8983849883079529,0.9016220569610596,0.01399219036102295,0.906618595123291,0.0
0,512,transformer.h.1.mlp.w2.weight,transformer.h.1.mlp.w2.weight,"[1024, 384]",fixed_2,2,0.841523289680481,0.0035147573798894882,0.005019006785005331,0.8425376415252686,0.8246007561683655,0.841523289680481,0.023097217082977295,0.8425376415252686,0.0
0,512,transformer.h.1.mlp.w2.weight,transformer.h.1.mlp.w2.weight,"[1024, 384]",fixed_4,4,0.7885713577270508,0.003433313686400652,0.005019006785005331,0.7960941195487976,0.8034976124763489,0.7885713577270508,0.02971208095550537,0.7960941195487976,0.0
0,512,transformer.h.1.mlp.w2.weight,transformer.h.1.mlp.w2.weight,"[1024, 384]",fixed_8,8,0.7264741063117981,0.0028499572072178125,0.005019006785005331,0.7177680730819702,0.7392814755439758,0.7264741063117981,0.037546396255493164,0.7177680730819702,0.0
0,512,transformer.h.1.mlp.w2.weight,transformer.h.1.mlp.w2.weight,"[1024, 384]",fixed_16,16,0.6443987488746643,0.0020584377925843,0.005019006785005331,0.6184751987457275,0.6524306535720825,0.6443987488746643,0.048136889934539795,0.6184751987457275,0.0
0,512,transformer.h.1.mlp.w2.weight,transformer.h.1.mlp.w2.weight,"[1024, 384]",energy_25,2,0.841523289680481,0.0035147573798894882,0.005019006785005331,0.8425376415252686,0.8246007561683655,0.841523289680481,0.023097217082977295,0.8425376415252686,0.0
0,512,transformer.h.1.mlp.w2.weight,transformer.h.1.mlp.w2.weight,"[1024, 384]",energy_50,10,0.7011240124702454,0.002228641649708152,0.005019006785005331,0.6855398416519165,0.7155054807662964,0.7011240124702454,0.04114425182342529,0.6855398416519165,0.0
0,512,transformer.h.1.mlp.w2.weight,transformer.h.1.mlp.w2.weight,"[1024, 384]",energy_75,45,0.49659964442253113,0.001290795742534101,0.005019006785005331,0.4562722444534302,0.5021920800209045,0.49659964442253113,0.06471699476242065,0.4562722444534302,0.0
0,512,transformer.h.1.mlp.w2.weight,transformer.h.1.mlp.w2.weight,"[1024, 384]",energy_90,118,0.3154936134815216,0.0006333289202302694,0.005019006785005331,0.2605476677417755,0.27983808517456055,0.3154936134815216,0.08089065551757812,0.2605476677417755,0.0
0,512,transformer.h.1.mlp.c_proj.weight,transformer.h.1.mlp.c_proj.weight,"[384, 1024]",fixed_1,1,0.9292734861373901,0.020425409078598022,0.02010314166545868,0.8591576218605042,0.8270198106765747,0.9292734861373901,0.014913499355316162,0.8591576218605042,0.0
0,512,transformer.h.1.mlp.c_proj.weight,transformer.h.1.mlp.c_proj.weight,"[384, 1024]",fixed_2,2,0.8826589584350586,0.01243063434958458,0.02010314166545868,0.7299059629440308,0.7304725050926208,0.8826589584350586,0.02618306875228882,0.7299059629440308,0.0
0,512,transformer.h.1.mlp.c_proj.weight,transformer.h.1.mlp.c_proj.weight,"[384, 1024]",fixed_4,4,0.832033097743988,0.010077659040689468,0.02010314166545868,0.6382808089256287,0.6527194976806641,0.832033097743988,0.03737610578536987,0.6382808089256287,0.0
0,512,transformer.h.1.mlp.c_proj.weight,transformer.h.1.mlp.c_proj.weight,"[384, 1024]",fixed_8,8,0.7623823881149292,0.007285707630217075,0.02010314166545868,0.5285897254943848,0.5491479635238647,0.7623823881149292,0.05242437124252319,0.5285897254943848,0.0
0,512,transformer.h.1.mlp.c_proj.weight,transformer.h.1.mlp.c_proj.weight,"[384, 1024]",fixed_16,16,0.6727713346481323,0.006284911185503006,0.02010314166545868,0.443153977394104,0.45363619923591614,0.6727713346481323,0.06741988658905029,0.443153977394104,0.0
0,512,transformer.h.1.mlp.c_proj.weight,transformer.h.1.mlp.c_proj.weight,"[384, 1024]",energy_25,3,0.8558914065361023,0.012979180552065372,0.02010314166545868,0.6816441416740417,0.6864144206047058,0.8558914065361023,0.03217959403991699,0.6816441416740417,0.0
0,512,transformer.h.1.mlp.c_proj.weight,transformer.h.1.mlp.c_proj.weight,"[384, 1024]",energy_50,13,0.7014648914337158,0.006887843366712332,0.02010314166545868,0.4742515981197357,0.4875776767730713,0.7014648914337158,0.062406718730926514,0.4742515981197357,0.0
0,512,transformer.h.1.mlp.c_proj.weight,transformer.h.1.mlp.c_proj.weight,"[384, 1024]",energy_75,46,0.49886730313301086,0.004185816738754511,0.02010314166545868,0.29156598448753357,0.2996669411659241,0.49886730313301086,0.09237104654312134,0.29156598448753357,0.0
0,512,transformer.h.1.mlp.c_proj.weight,transformer.h.1.mlp.c_proj.weight,"[384, 1024]",energy_90,115,0.3153037428855896,0.002063439693301916,0.02010314166545868,0.15828968584537506,0.16315968334674835,0.3153037428855896,0.11131113767623901,0.15828968584537506,0.0
0,512,transformer.h.2.attn.c_attn.weight,transformer.h.2.attn.c_attn.weight,"[1152, 384]",fixed_1,1,0.7524664998054504,0.0027591222897171974,0.004188567865639925,0.6637772917747498,0.6631106734275818,0.7524664998054504,0.07524502277374268,0.6637772917747498,0.6914732456207275
0,512,transformer.h.2.attn.c_attn.weight,transformer.h.2.attn.c_attn.weight,"[1152, 384]",fixed_2,2,0.6818203330039978,0.0021264185197651386,0.004188567865639925,0.5948683619499207,0.6296424269676208,0.6818203330039978,0.09862387180328369,0.5948683619499207,0.6869089603424072
0,512,transformer.h.2.attn.c_attn.weight,transformer.h.2.attn.c_attn.weight,"[1152, 384]",fixed_4,4,0.5974538326263428,0.0018529165536165237,0.004188567865639925,0.5206705927848816,0.5179603099822998,0.5974538326263428,0.13259673118591309,0.5206705927848816,0.6885800957679749
0,512,transformer.h.2.attn.c_attn.weight,transformer.h.2.attn.c_attn.weight,"[1152, 384]",fixed_8,8,0.48691168427467346,0.0014806814724579453,0.004188567865639925,0.4332878887653351,0.49636274576187134,0.48691168427467346,0.1834583878517151,0.4332878887653351,0.677822470664978
0,512,transformer.h.2.attn.c_attn.weight,transformer.h.2.attn.c_attn.weight,"[1152, 384]",fixed_16,16,0.37602367997169495,0.001090438337996602,0.004188567865639925,0.33652570843696594,0.40143144130706787,0.37602367997169495,0.25123077630996704,0.33652570843696594,0.679777204990387
0,512,transformer.h.2.attn.c_attn.weight,transformer.h.2.attn.c_attn.weight,"[1152, 384]",energy_25,1,0.7524664998054504,0.0027591222897171974,0.004188567865639925,0.6637772917747498,0.6631106734275818,0.7524664998054504,0.07524502277374268,0.6637772917747498,0.6914732456207275
0,512,transformer.h.2.attn.c_attn.weight,transformer.h.2.attn.c_attn.weight,"[1152, 384]",energy_50,2,0.6818203330039978,0.0021264185197651386,0.004188567865639925,0.5948683619499207,0.6296424269676208,0.6818203330039978,0.09862387180328369,0.5948683619499207,0.6869089603424072
0,512,transformer.h.2.attn.c_attn.weight,transformer.h.2.attn.c_attn.weight,"[1152, 384]",energy_75,8,0.48691168427467346,0.0014806814724579453,0.004188567865639925,0.4332878887653351,0.49636274576187134,0.48691168427467346,0.1834583878517151,0.4332878887653351,0.677822470664978
0,512,transformer.h.2.attn.c_attn.weight,transformer.h.2.attn.c_attn.weight,"[1152, 384]",energy_90,23,0.31501805782318115,0.00092504353960976,0.004188567865639925,0.2804666757583618,0.3224332630634308,0.31501805782318115,0.2969192862510681,0.2804666757583618,0.6736209392547607
0,512,transformer.h.2.attn.c_proj.weight,transformer.h.2.attn.c_proj.weight,"[384, 384]",fixed_1,1,0.7561839818954468,0.0066639757715165615,0.011840878054499626,0.6780475974082947,0.6770685315132141,0.7561839818954468,0.06677836179733276,0.6780475974082947,0.8338608741760254
0,512,transformer.h.2.attn.c_proj.weight,transformer.h.2.attn.c_proj.weight,"[384, 384]",fixed_2,2,0.7003719210624695,0.0064317393116652966,0.011840878054499626,0.6358663439750671,0.6283719539642334,0.7003719210624695,0.08061063289642334,0.6358663439750671,0.8340356945991516
0,512,transformer.h.2.attn.c_proj.weight,transformer.h.2.attn.c_proj.weight,"[384, 384]",fixed_4,4,0.612011730670929,0.0052979569882154465,0.011840878054499626,0.5440563559532166,0.5385307669639587,0.612011730670929,0.11851531267166138,0.5440563559532166,0.8343813419342041
0,512,transformer.h.2.attn.c_proj.weight,transformer.h.2.attn.c_proj.weight,"[384, 384]",fixed_8,8,0.514672040939331,0.004737784154713154,0.011840878054499626,0.4539579749107361,0.45571044087409973,0.514672040939331,0.1626276969909668,0.4539579749107361,0.8321262001991272
0,512,transformer.h.2.attn.c_proj.weight,transformer.h.2.attn.c_proj.weight,"[384, 384]",fixed_16,16,0.39123111963272095,0.003347798716276884,0.011840878054499626,0.33645617961883545,0.34217536449432373,0.39123111963272095,0.2398664951324463,0.33645617961883545,0.8396400809288025
0,512,transformer.h.2.attn.c_proj.weight,transformer.h.2.attn.c_proj.weight,"[384, 384]",energy_25,1,0.7561839818954468,0.0066639757715165615,0.011840878054499626,0.6780475974082947,0.6770685315132141,0.7561839818954468,0.06677836179733276,0.6780475974082947,0.8338608741760254
0,512,transformer.h.2.attn.c_proj.weight,transformer.h.2.attn.c_proj.weight,"[384, 384]",energy_50,2,0.7003719210624695,0.0064317393116652966,0.011840878054499626,0.6358663439750671,0.6283719539642334,0.7003719210624695,0.08061063289642334,0.6358663439750671,0.8340356945991516
0,512,transformer.h.2.attn.c_proj.weight,transformer.h.2.attn.c_proj.weight,"[384, 384]",energy_75,9,0.4960918128490448,0.004121282137930393,0.011840878054499626,0.4346521496772766,0.4384775459766388,0.4960918128490448,0.17074477672576904,0.4346521496772766,0.8352320194244385
0,512,transformer.h.2.attn.c_proj.weight,transformer.h.2.attn.c_proj.weight,"[384, 384]",energy_90,25,0.310817688703537,0.0025279924739152193,0.011840878054499626,0.2652924060821533,0.2624182105064392,0.310817688703537,0.30071622133255005,0.2652924060821533,0.8329928517341614
0,512,transformer.h.2.mlp.w1.weight,transformer.h.2.mlp.w1.weight,"[1024, 384]",fixed_1,1,0.901233434677124,0.0031081470660865307,0.004060225561261177,0.9101054072380066,0.9036030173301697,0.901233434677124,0.014205396175384521,0.9101054072380066,0.0
0,512,transformer.h.2.mlp.w1.weight,transformer.h.2.mlp.w1.weight,"[1024, 384]",fixed_2,2,0.8629735112190247,0.003207834204658866,0.004060225561261177,0.8736993670463562,0.8848461508750916,0.8629735112190247,0.019317924976348877,0.8736993670463562,0.0
0,512,transformer.h.2.mlp.w1.weight,transformer.h.2.mlp.w1.weight,"[1024, 384]",fixed_4,4,0.8107388615608215,0.003333939705044031,0.004060225561261177,0.8337132334709167,0.8408671021461487,0.8107388615608215,0.025944054126739502,0.8337132334709167,0.0
0,512,transformer.h.2.mlp.w1.weight,transformer.h.2.mlp.w1.weight,"[1024, 384]",fixed_8,8,0.7420870661735535,0.002200850984081626,0.004060225561261177,0.7453660368919373,0.7618170380592346,0.7420870661735535,0.03680306673049927,0.7453660368919373,0.0
0,512,transformer.h.2.mlp.w1.weight,transformer.h.2.mlp.w1.weight,"[1024, 384]",fixed_16,16,0.6537764072418213,0.002282919129356742,0.004060225561261177,0.6405743956565857,0.6518540978431702,0.6537764072418213,0.05021566152572632,0.6405743956565857,0.0
0,512,transformer.h.2.mlp.w1.weight,transformer.h.2.mlp.w1.weight,"[1024, 384]",energy_25,2,0.8629735112190247,0.003207834204658866,0.004060225561261177,0.8736993670463562,0.8848461508750916,0.8629735112190247,0.019317924976348877,0.8736993670463562,0.0
0,512,transformer.h.2.mlp.w1.weight,transformer.h.2.mlp.w1.weight,"[1024, 384]",energy_50,11,0.7037028670310974,0.0020697207655757666,0.004060225561261177,0.6948723196983337,0.7175863981246948,0.7037028670310974,0.04297530651092529,0.6948723196983337,0.0
0,512,transformer.h.2.mlp.w1.weight,transformer.h.2.mlp.w1.weight,"[1024, 384]",energy_75,43,0.49636510014533997,0.0010711184004321694,0.004060225561261177,0.4675793945789337,0.5070922374725342,0.49636510014533997,0.06896257400512695,0.4675793945789337,0.0
0,512,transformer.h.2.mlp.w1.weight,transformer.h.2.mlp.w1.weight,"[1024, 384]",energy_90,109,0.31603506207466125,0.0005785714602097869,0.004060225561261177,0.2749948799610138,0.2972537577152252,0.31603506207466125,0.08712488412857056,0.2749948799610138,0.0
0,512,transformer.h.2.mlp.w2.weight,transformer.h.2.mlp.w2.weight,"[1024, 384]",fixed_1,1,0.8841803669929504,0.003054227912798524,0.004777596797794104,0.8741466403007507,0.9085807800292969,0.8841803669929504,0.01766723394393921,0.8741466403007507,0.0
0,512,transformer.h.2.mlp.w2.weight,transformer.h.2.mlp.w2.weight,"[1024, 384]",fixed_2,2,0.8449816107749939,0.0025231936015188694,0.004777596797794104,0.8371124863624573,0.8580424785614014,0.8449816107749939,0.024154603481292725,0.8371124863624573,0.0
0,512,transformer.h.2.mlp.w2.weight,transformer.h.2.mlp.w2.weight,"[1024, 384]",fixed_4,4,0.7919809818267822,0.0024253246374428272,0.004777596797794104,0.7768769860267639,0.8102229237556458,0.7919809818267822,0.03284996747970581,0.7768769860267639,0.0
0,512,transformer.h.2.mlp.w2.weight,transformer.h.2.mlp.w2.weight,"[1024, 384]",fixed_8,8,0.7238768935203552,0.0020728842355310917,0.004777596797794104,0.7017117142677307,0.7323326468467712,0.7238768935203552,0.042603254318237305,0.7017117142677307,0.0
0,512,transformer.h.2.mlp.w2.weight,transformer.h.2.mlp.w2.weight,"[1024, 384]",fixed_16,16,0.633370578289032,0.0016817324794828892,0.004777596797794104,0.6056299209594727,0.6410158276557922,0.633370578289032,0.056138813495635986,0.6056299209594727,0.0
0,512,transformer.h.2.mlp.w2.weight,transformer.h.2.mlp.w2.weight,"[1024, 384]",energy_25,2,0.8449816107749939,0.0025231936015188694,0.004777596797794104,0.8371124863624573,0.8580424785614014,0.8449816107749939,0.024154603481292725,0.8371124863624573,0.0
0,512,transformer.h.2.mlp.w2.weight,transformer.h.2.mlp.w2.weight,"[1024, 384]",energy_50,10,0.6960737705230713,0.0020248922519385815,0.004777596797794104,0.6712349653244019,0.7166046500205994,0.6960737705230713,0.04667353630065918,0.6712349653244019,0.0
0,512,transformer.h.2.mlp.w2.weight,transformer.h.2.mlp.w2.weight,"[1024, 384]",energy_75,39,0.4957740902900696,0.0011761069763451815,0.004777596797794104,0.452370822429657,0.4963630735874176,0.4957740902900696,0.0745469331741333,0.452370822429657,0.0
0,512,transformer.h.2.mlp.w2.weight,transformer.h.2.mlp.w2.weight,"[1024, 384]",energy_90,102,0.31600627303123474,0.0005775870522484183,0.004777596797794104,0.26884177327156067,0.2962777018547058,0.31600627303123474,0.0940515398979187,0.26884177327156067,0.0
0,512,transformer.h.2.mlp.c_proj.weight,transformer.h.2.mlp.c_proj.weight,"[384, 1024]",fixed_1,1,0.9431515336036682,0.011283262632787228,0.011471619829535484,0.9181092977523804,0.9048175811767578,0.9431515336036682,0.010091304779052734,0.9181092977523804,0.0
0,512,transformer.h.2.mlp.c_proj.weight,transformer.h.2.mlp.c_proj.weight,"[384, 1024]",fixed_2,2,0.9056113958358765,0.011368589475750923,0.011471619829535484,0.8757237195968628,0.8582482933998108,0.9056113958358765,0.01718461513519287,0.8757237195968628,0.0
0,512,transformer.h.2.mlp.c_proj.weight,transformer.h.2.mlp.c_proj.weight,"[384, 1024]",fixed_4,4,0.8480027318000793,0.008253015577793121,0.011471619829535484,0.7019543051719666,0.7098425626754761,0.8480027318000793,0.03307926654815674,0.7019543051719666,0.0
0,512,transformer.h.2.mlp.c_proj.weight,transformer.h.2.mlp.c_proj.weight,"[384, 1024]",fixed_8,8,0.7818623781204224,0.005930018611252308,0.011471619829535484,0.5954599380493164,0.6137057542800903,0.7818623781204224,0.04648798704147339,0.5954599380493164,0.0
0,512,transformer.h.2.mlp.c_proj.weight,transformer.h.2.mlp.c_proj.weight,"[384, 1024]",fixed_16,16,0.6918347477912903,0.004644439555704594,0.011471619829535484,0.4889395534992218,0.5038250088691711,0.6918347477912903,0.06195354461669922,0.4889395534992218,0.0
0,512,transformer.h.2.mlp.c_proj.weight,transformer.h.2.mlp.c_proj.weight,"[384, 1024]",energy_25,4,0.8480027318000793,0.008253015577793121,0.011471619829535484,0.7019543051719666,0.7098425626754761,0.8480027318000793,0.03307926654815674,0.7019543051719666,0.0
0,512,transformer.h.2.mlp.c_proj.weight,transformer.h.2.mlp.c_proj.weight,"[384, 1024]",energy_50,15,0.7013117074966431,0.004777759313583374,0.011471619829535484,0.49990150332450867,0.5155888795852661,0.7013117074966431,0.060491859912872314,0.49990150332450867,0.0
0,512,transformer.h.2.mlp.c_proj.weight,transformer.h.2.mlp.c_proj.weight,"[384, 1024]",energy_75,50,0.4986518621444702,0.0028782174922525883,0.011471619829535484,0.316853404045105,0.3243793249130249,0.4986518621444702,0.08763164281845093,0.316853404045105,0.0
0,512,transformer.h.2.mlp.c_proj.weight,transformer.h.2.mlp.c_proj.weight,"[384, 1024]",energy_90,121,0.31591537594795227,0.0015946190105751157,0.011471619829535484,0.17598988115787506,0.18122348189353943,0.31591537594795227,0.10499143600463867,0.17598988115787506,0.0
0,512,transformer.h.3.attn.c_attn.weight,transformer.h.3.attn.c_attn.weight,"[1152, 384]",fixed_1,1,0.7683987021446228,0.002153700450435281,0.003948456607758999,0.6782973408699036,0.6018392443656921,0.7683987021446228,0.07516634464263916,0.6782973408699036,0.7198657989501953
0,512,transformer.h.3.attn.c_attn.weight,transformer.h.3.attn.c_attn.weight,"[1152, 384]",fixed_2,2,0.7038111090660095,0.0019498930778354406,0.003948456607758999,0.6307981610298157,0.5932252407073975,0.7038111090660095,0.0903768539428711,0.6307981610298157,0.7174507975578308
0,512,transformer.h.3.attn.c_attn.weight,transformer.h.3.attn.c_attn.weight,"[1152, 384]",fixed_4,4,0.6145821809768677,0.0017442784737795591,0.003948456607758999,0.5663847327232361,0.5725085139274597,0.6145821809768677,0.11805617809295654,0.5663847327232361,0.7101009488105774
0,512,transformer.h.3.attn.c_attn.weight,transformer.h.3.attn.c_attn.weight,"[1152, 384]",fixed_8,8,0.5075516104698181,0.001471898052841425,0.003948456607758999,0.4660753309726715,0.5376952290534973,0.5075516104698181,0.16799408197402954,0.4660753309726715,0.7059717774391174
0,512,transformer.h.3.attn.c_attn.weight,transformer.h.3.attn.c_attn.weight,"[1152, 384]",fixed_16,16,0.384832501411438,0.0008971216157078743,0.003948456607758999,0.3514282703399658,0.4269547164440155,0.384832501411438,0.24590665102005005,0.3514282703399658,0.7063747644424438
0,512,transformer.h.3.attn.c_attn.weight,transformer.h.3.attn.c_attn.weight,"[1152, 384]",energy_25,1,0.7683987021446228,0.002153700450435281,0.003948456607758999,0.6782973408699036,0.6018392443656921,0.7683987021446228,0.07516634464263916,0.6782973408699036,0.7198657989501953
0,512,transformer.h.3.attn.c_attn.weight,transformer.h.3.attn.c_attn.weight,"[1152, 384]",energy_50,2,0.7038111090660095,0.0019498930778354406,0.003948456607758999,0.6307981610298157,0.5932252407073975,0.7038111090660095,0.0903768539428711,0.6307981610298157,0.7174507975578308
0,512,transformer.h.3.attn.c_attn.weight,transformer.h.3.attn.c_attn.weight,"[1152, 384]",energy_75,9,0.4879513382911682,0.0014213889371603727,0.003948456607758999,0.4488309919834137,0.5206813812255859,0.4879513382911682,0.18089509010314941,0.4488309919834137,0.705116868019104
0,512,transformer.h.3.attn.c_attn.weight,transformer.h.3.attn.c_attn.weight,"[1152, 384]",energy_90,24,0.30957573652267456,0.0007756492123007774,0.003948456607758999,0.29068291187286377,0.38766223192214966,0.30957573652267456,0.2998203635215759,0.29068291187286377,0.6991732120513916
0,512,transformer.h.3.attn.c_proj.weight,transformer.h.3.attn.c_proj.weight,"[384, 384]",fixed_1,1,0.8044363856315613,0.006066163536161184,0.00977245718240738,0.6941751837730408,0.7194918990135193,0.8044363856315613,0.05907630920410156,0.6941751837730408,0.8177769780158997
0,512,transformer.h.3.attn.c_proj.weight,transformer.h.3.attn.c_proj.weight,"[384, 384]",fixed_2,2,0.7372764348983765,0.0060844747349619865,0.00977245718240738,0.6529455184936523,0.6802547574043274,0.7372764348983765,0.07695657014846802,0.6529455184936523,0.8149498701095581
0,512,transformer.h.3.attn.c_proj.weight,transformer.h.3.attn.c_proj.weight,"[384, 384]",fixed_4,4,0.6394305229187012,0.00492895720526576,0.00977245718240738,0.5568075180053711,0.5756743550300598,0.6394305229187012,0.11201620101928711,0.5568075180053711,0.8187323808670044
0,512,transformer.h.3.attn.c_proj.weight,transformer.h.3.attn.c_proj.weight,"[384, 384]",fixed_8,8,0.5254722237586975,0.003580906894057989,0.00977245718240738,0.4485132694244385,0.47868219017982483,0.5254722237586975,0.16512250900268555,0.4485132694244385,0.8171596527099609
0,512,transformer.h.3.attn.c_proj.weight,transformer.h.3.attn.c_proj.weight,"[384, 384]",fixed_16,16,0.4014953076839447,0.002770243911072612,0.00977245718240738,0.3384057581424713,0.3516595661640167,0.4014953076839447,0.23858636617660522,0.3384057581424713,0.8156157732009888
0,512,transformer.h.3.attn.c_proj.weight,transformer.h.3.attn.c_proj.weight,"[384, 384]",energy_25,1,0.8044363856315613,0.006066163536161184,0.00977245718240738,0.6941751837730408,0.7194918990135193,0.8044363856315613,0.05907630920410156,0.6941751837730408,0.8177769780158997
0,512,transformer.h.3.attn.c_proj.weight,transformer.h.3.attn.c_proj.weight,"[384, 384]",energy_50,3,0.6879146099090576,0.005517368204891682,0.00977245718240738,0.6053612232208252,0.6426073312759399,0.6879146099090576,0.09506595134735107,0.6053612232208252,0.8193366527557373
0,512,transformer.h.3.attn.c_proj.weight,transformer.h.3.attn.c_proj.weight,"[384, 384]",energy_75,10,0.4847677946090698,0.0035772444680333138,0.00977245718240738,0.41174545884132385,0.4296925663948059,0.4847677946090698,0.18651467561721802,0.41174545884132385,0.810750424861908
0,512,transformer.h.3.attn.c_proj.weight,transformer.h.3.attn.c_proj.weight,"[384, 384]",energy_90,26,0.31012508273124695,0.002110701985657215,0.00977245718240738,0.25436800718307495,0.2673882842063904,0.31012508273124695,0.30647486448287964,0.25436800718307495,0.8208945989608765
0,512,transformer.h.3.mlp.w1.weight,transformer.h.3.mlp.w1.weight,"[1024, 384]",fixed_1,1,0.9054989218711853,0.004594442434608936,0.007148532196879387,0.8889771103858948,0.920566976070404,0.9054989218711853,0.015276432037353516,0.8889771103858948,0.0
0,512,transformer.h.3.mlp.w1.weight,transformer.h.3.mlp.w1.weight,"[1024, 384]",fixed_2,2,0.8639668822288513,0.004066814668476582,0.007148532196879387,0.8463643193244934,0.8879722952842712,0.8639668822288513,0.021332204341888428,0.8463643193244934,0.0
0,512,transformer.h.3.mlp.w1.weight,transformer.h.3.mlp.w1.weight,"[1024, 384]",fixed_4,4,0.7995302677154541,0.002057040575891733,0.007148532196879387,0.7760584950447083,0.8377801179885864,0.7995302677154541,0.03042072057723999,0.7760584950447083,0.0
0,512,transformer.h.3.mlp.w1.weight,transformer.h.3.mlp.w1.weight,"[1024, 384]",fixed_8,8,0.7269542813301086,0.0017180049326270819,0.007148532196879387,0.7001655101776123,0.7595680952072144,0.7269542813301086,0.042892277240753174,0.7001655101776123,0.0
0,512,transformer.h.3.mlp.w1.weight,transformer.h.3.mlp.w1.weight,"[1024, 384]",fixed_16,16,0.6335480809211731,0.0014306569937616587,0.007148532196879387,0.6062832474708557,0.6553056240081787,0.6335480809211731,0.057268738746643066,0.6062832474708557,0.0
0,512,transformer.h.3.mlp.w1.weight,transformer.h.3.mlp.w1.weight,"[1024, 384]",energy_25,2,0.8639668822288513,0.004066814668476582,0.007148532196879387,0.8463643193244934,0.8879722952842712,0.8639668822288513,0.021332204341888428,0.8463643193244934,0.0
0,512,transformer.h.3.mlp.w1.weight,transformer.h.3.mlp.w1.weight,"[1024, 384]",energy_50,10,0.6985591053962708,0.0015456532128155231,0.007148532196879387,0.6731373071670532,0.7315406799316406,0.6985591053962708,0.047366201877593994,0.6731373071670532,0.0
0,512,transformer.h.3.mlp.w1.weight,transformer.h.3.mlp.w1.weight,"[1024, 384]",energy_75,37,0.4995611906051636,0.0010146144777536392,0.007148532196879387,0.46343135833740234,0.5215820074081421,0.4995611906051636,0.07660651206970215,0.46343135833740234,0.0
0,512,transformer.h.3.mlp.w1.weight,transformer.h.3.mlp.w1.weight,"[1024, 384]",energy_90,99,0.31423482298851013,0.0005056610680185258,0.007148532196879387,0.26712822914123535,0.30353447794914246,0.31423482298851013,0.09928172826766968,0.26712822914123535,0.0
0,512,transformer.h.3.mlp.w2.weight,transformer.h.3.mlp.w2.weight,"[1024, 384]",fixed_1,1,0.9124075770378113,0.005285640247166157,0.005918343085795641,0.9028668999671936,0.9243947863578796,0.9124075770378113,0.013117671012878418,0.9028668999671936,0.0
0,512,transformer.h.3.mlp.w2.weight,transformer.h.3.mlp.w2.weight,"[1024, 384]",fixed_2,2,0.8643702268600464,0.003307319013401866,0.005918343085795641,0.857085645198822,0.8957821130752563,0.8643702268600464,0.020661532878875732,0.857085645198822,0.0
0,512,transformer.h.3.mlp.w2.weight,transformer.h.3.mlp.w2.weight,"[1024, 384]",fixed_4,4,0.803818941116333,0.0021074232645332813,0.005918343085795641,0.7833377718925476,0.828643798828125,0.803818941116333,0.029410183429718018,0.7833377718925476,0.0
0,512,transformer.h.3.mlp.w2.weight,transformer.h.3.mlp.w2.weight,"[1024, 384]",fixed_8,8,0.7308178544044495,0.001738536637276411,0.005918343085795641,0.7075200080871582,0.7335802316665649,0.7308178544044495,0.04150652885437012,0.7075200080871582,0.0
0,512,transformer.h.3.mlp.w2.weight,transformer.h.3.mlp.w2.weight,"[1024, 384]",fixed_16,16,0.6368516683578491,0.0014733466086909175,0.005918343085795641,0.6096587777137756,0.6384456753730774,0.6368516683578491,0.05669277906417847,0.6096587777137756,0.0
0,512,transformer.h.3.mlp.w2.weight,transformer.h.3.mlp.w2.weight,"[1024, 384]",energy_25,2,0.8643702268600464,0.003307319013401866,0.005918343085795641,0.857085645198822,0.8957821130752563,0.8643702268600464,0.020661532878875732,0.857085645198822,0.0
0,512,transformer.h.3.mlp.w2.weight,transformer.h.3.mlp.w2.weight,"[1024, 384]",energy_50,10,0.7004163265228271,0.0016321358270943165,0.005918343085795641,0.6796329021453857,0.7034012079238892,0.7004163265228271,0.04669243097305298,0.6796329021453857,0.0
0,512,transformer.h.3.mlp.w2.weight,transformer.h.3.mlp.w2.weight,"[1024, 384]",energy_75,37,0.4981260597705841,0.0010493122972548008,0.005918343085795641,0.4595200717449188,0.49512454867362976,0.4981260597705841,0.07712298631668091,0.4595200717449188,0.0
0,512,transformer.h.3.mlp.w2.weight,transformer.h.3.mlp.w2.weight,"[1024, 384]",energy_90,97,0.3161219656467438,0.000515516847372055,0.005918343085795641,0.27095213532447815,0.30329400300979614,0.3161219656467438,0.0993204116821289,0.27095213532447815,0.0
0,512,transformer.h.3.mlp.c_proj.weight,transformer.h.3.mlp.c_proj.weight,"[384, 1024]",fixed_1,1,0.9054563045501709,0.009799093008041382,0.011616682633757591,0.8865640759468079,0.9039233326911926,0.9054563045501709,0.016962707042694092,0.8865640759468079,0.0
0,512,transformer.h.3.mlp.c_proj.weight,transformer.h.3.mlp.c_proj.weight,"[384, 1024]",fixed_2,2,0.8662100434303284,0.008586199954152107,0.011616682633757591,0.7885728478431702,0.8038042187690735,0.8662100434303284,0.026933908462524414,0.7885728478431702,0.0
0,512,transformer.h.3.mlp.c_proj.weight,transformer.h.3.mlp.c_proj.weight,"[384, 1024]",fixed_4,4,0.816203773021698,0.005940807517617941,0.011616682633757591,0.6550168395042419,0.6845086812973022,0.816203773021698,0.04094570875167847,0.6550168395042419,0.0
0,512,transformer.h.3.mlp.c_proj.weight,transformer.h.3.mlp.c_proj.weight,"[384, 1024]",fixed_8,8,0.7568516731262207,0.005296261049807072,0.011616682633757591,0.5870760083198547,0.6111071705818176,0.7568516731262207,0.05060780048370361,0.5870760083198547,0.0
0,512,transformer.h.3.mlp.c_proj.weight,transformer.h.3.mlp.c_proj.weight,"[384, 1024]",fixed_16,16,0.6740179061889648,0.004115481860935688,0.011616682633757591,0.4863116145133972,0.5178013443946838,0.6740179061889648,0.0650818943977356,0.4863116145133972,0.0
0,512,transformer.h.3.mlp.c_proj.weight,transformer.h.3.mlp.c_proj.weight,"[384, 1024]",energy_25,3,0.8364805579185486,0.006525824777781963,0.011616682633757591,0.69828200340271,0.7314990758895874,0.8364805579185486,0.03536248207092285,0.69828200340271,0.0
0,512,transformer.h.3.mlp.c_proj.weight,transformer.h.3.mlp.c_proj.weight,"[384, 1024]",energy_50,13,0.7016724944114685,0.004800621885806322,0.011616682633757591,0.5206071138381958,0.5397802591323853,0.7016724944114685,0.05999857187271118,0.5206071138381958,0.0
0,512,transformer.h.3.mlp.c_proj.weight,transformer.h.3.mlp.c_proj.weight,"[384, 1024]",energy_75,47,0.4998632073402405,0.002583328867331147,0.011616682633757591,0.32220783829689026,0.3424864709377289,0.4998632073402405,0.0891028642654419,0.32220783829689026,0.0
0,512,transformer.h.3.mlp.c_proj.weight,transformer.h.3.mlp.c_proj.weight,"[384, 1024]",energy_90,118,0.316190630197525,0.0013339021243155003,0.011616682633757591,0.17950524389743805,0.18866798281669617,0.316190630197525,0.10683715343475342,0.17950524389743805,0.0
0,512,transformer.h.4.attn.c_attn.weight,transformer.h.4.attn.c_attn.weight,"[1152, 384]",fixed_1,1,0.8212805986404419,0.0021436968818306923,0.003331040497869253,0.755104124546051,0.6765398979187012,0.8212805986404419,0.04938250780105591,0.755104124546051,0.7116838097572327
0,512,transformer.h.4.attn.c_attn.weight,transformer.h.4.attn.c_attn.weight,"[1152, 384]",fixed_2,2,0.7540865540504456,0.002107796259224415,0.003331040497869253,0.696719229221344,0.6621822714805603,0.7540865540504456,0.06914812326431274,0.696719229221344,0.7111870050430298
0,512,transformer.h.4.attn.c_attn.weight,transformer.h.4.attn.c_attn.weight,"[1152, 384]",fixed_4,4,0.6433655619621277,0.001636627595871687,0.003331040497869253,0.6093901991844177,0.6203676462173462,0.6433655619621277,0.09906727075576782,0.6093901991844177,0.7087616324424744
0,512,transformer.h.4.attn.c_attn.weight,transformer.h.4.attn.c_attn.weight,"[1152, 384]",fixed_8,8,0.5172129273414612,0.001181991072371602,0.003331040497869253,0.49795523285865784,0.5842350721359253,0.5172129273414612,0.1560763120651245,0.49795523285865784,0.7019583582878113
0,512,transformer.h.4.attn.c_attn.weight,transformer.h.4.attn.c_attn.weight,"[1152, 384]",fixed_16,16,0.3866403102874756,0.001023918972350657,0.003331040497869253,0.3881903886795044,0.5290824174880981,0.3866403102874756,0.2279301881790161,0.3881903886795044,0.6972498297691345
0,512,transformer.h.4.attn.c_attn.weight,transformer.h.4.attn.c_attn.weight,"[1152, 384]",energy_25,1,0.8212805986404419,0.0021436968818306923,0.003331040497869253,0.755104124546051,0.6765398979187012,0.8212805986404419,0.04938250780105591,0.755104124546051,0.7116838097572327
0,512,transformer.h.4.attn.c_attn.weight,transformer.h.4.attn.c_attn.weight,"[1152, 384]",energy_50,3,0.6951343417167664,0.0017999219708144665,0.003331040497869253,0.6451947093009949,0.6259410977363586,0.6951343417167664,0.08814990520477295,0.6451947093009949,0.7091690897941589
0,512,transformer.h.4.attn.c_attn.weight,transformer.h.4.attn.c_attn.weight,"[1152, 384]",energy_75,9,0.49500688910484314,0.001213965704664588,0.003331040497869253,0.48326966166496277,0.5724398493766785,0.49500688910484314,0.16410481929779053,0.48326966166496277,0.7020575404167175
0,512,transformer.h.4.attn.c_attn.weight,transformer.h.4.attn.c_attn.weight,"[1152, 384]",energy_90,23,0.31537681818008423,0.0007414143765345216,0.003331040497869253,0.3241642713546753,0.4749015271663666,0.31537681818008423,0.281404972076416,0.3241642713546753,0.6875987648963928
0,512,transformer.h.4.attn.c_proj.weight,transformer.h.4.attn.c_proj.weight,"[384, 384]",fixed_1,1,0.8296802639961243,0.00542399100959301,0.008132086135447025,0.8020393252372742,0.8160340189933777,0.8296802639961243,0.04378002882003784,0.8020393252372742,0.8099314570426941
0,512,transformer.h.4.attn.c_proj.weight,transformer.h.4.attn.c_proj.weight,"[384, 384]",fixed_2,2,0.7577992677688599,0.005206726957112551,0.008132086135447025,0.7383139729499817,0.7531408071517944,0.7577992677688599,0.06267368793487549,0.7383139729499817,0.8014360666275024
0,512,transformer.h.4.attn.c_proj.weight,transformer.h.4.attn.c_proj.weight,"[384, 384]",fixed_4,4,0.6472154855728149,0.005068283993750811,0.008132086135447025,0.6163076162338257,0.6238307356834412,0.6472154855728149,0.10073667764663696,0.6163076162338257,0.7993811368942261
0,512,transformer.h.4.attn.c_proj.weight,transformer.h.4.attn.c_proj.weight,"[384, 384]",fixed_8,8,0.5245543122291565,0.0033099371939897537,0.008132086135447025,0.4969424903392792,0.5095488429069519,0.5245543122291565,0.15357542037963867,0.4969424903392792,0.8055727481842041
0,512,transformer.h.4.attn.c_proj.weight,transformer.h.4.attn.c_proj.weight,"[384, 384]",fixed_16,16,0.39871278405189514,0.0023359402548521757,0.008132086135447025,0.36807966232299805,0.3774999976158142,0.39871278405189514,0.23076969385147095,0.36807966232299805,0.8039763569831848
0,512,transformer.h.4.attn.c_proj.weight,transformer.h.4.attn.c_proj.weight,"[384, 384]",energy_25,1,0.8296802639961243,0.00542399100959301,0.008132086135447025,0.8020393252372742,0.8160340189933777,0.8296802639961243,0.04378002882003784,0.8020393252372742,0.8099314570426941
0,512,transformer.h.4.attn.c_proj.weight,transformer.h.4.attn.c_proj.weight,"[384, 384]",energy_50,3,0.6940176486968994,0.00494080875068903,0.008132086135447025,0.6646941304206848,0.6756169199943542,0.6940176486968994,0.0825076699256897,0.6646941304206848,0.8008740544319153
0,512,transformer.h.4.attn.c_proj.weight,transformer.h.4.attn.c_proj.weight,"[384, 384]",energy_75,10,0.4852047562599182,0.0029579317197203636,0.008132086135447025,0.4416538178920746,0.4543061852455139,0.4852047562599182,0.17999809980392456,0.4416538178920746,0.803875744342804
0,512,transformer.h.4.attn.c_proj.weight,transformer.h.4.attn.c_proj.weight,"[384, 384]",energy_90,25,0.3153265416622162,0.001958210254088044,0.008132086135447025,0.28445106744766235,0.2962723970413208,0.3153265416622162,0.295817494392395,0.28445106744766235,0.8072419166564941
0,512,transformer.h.4.mlp.w1.weight,transformer.h.4.mlp.w1.weight,"[1024, 384]",fixed_1,1,0.9094811677932739,0.0025310805067420006,0.0032831975258886814,0.8881083726882935,0.9174903035163879,0.9094811677932739,0.014955699443817139,0.8881083726882935,0.0
0,512,transformer.h.4.mlp.w1.weight,transformer.h.4.mlp.w1.weight,"[1024, 384]",fixed_2,2,0.8646162748336792,0.002395180519670248,0.0032831975258886814,0.8295570611953735,0.8468031287193298,0.8646162748336792,0.023586690425872803,0.8295570611953735,0.0
0,512,transformer.h.4.mlp.w1.weight,transformer.h.4.mlp.w1.weight,"[1024, 384]",fixed_4,4,0.8035701513290405,0.0020137911196798086,0.0032831975258886814,0.76686692237854,0.8011565208435059,0.8035701513290405,0.03395283222198486,0.76686692237854,0.0
0,512,transformer.h.4.mlp.w1.weight,transformer.h.4.mlp.w1.weight,"[1024, 384]",fixed_8,8,0.7283082604408264,0.0018011890351772308,0.0032831975258886814,0.6955434679985046,0.707963764667511,0.7283082604408264,0.04706186056137085,0.6955434679985046,0.0
0,512,transformer.h.4.mlp.w1.weight,transformer.h.4.mlp.w1.weight,"[1024, 384]",fixed_16,16,0.6293679475784302,0.001461737439967692,0.0032831975258886814,0.5966816544532776,0.6097978353500366,0.6293679475784302,0.06366926431655884,0.5966816544532776,0.0
0,512,transformer.h.4.mlp.w1.weight,transformer.h.4.mlp.w1.weight,"[1024, 384]",energy_25,2,0.8646162748336792,0.002395180519670248,0.0032831975258886814,0.8295570611953735,0.8468031287193298,0.8646162748336792,0.023586690425872803,0.8295570611953735,0.0
0,512,transformer.h.4.mlp.w1.weight,transformer.h.4.mlp.w1.weight,"[1024, 384]",energy_50,10,0.6991747617721558,0.0017498515080660582,0.0032831975258886814,0.6708616614341736,0.6841240525245667,0.6991747617721558,0.051226794719696045,0.6708616614341736,0.0
0,512,transformer.h.4.mlp.w1.weight,transformer.h.4.mlp.w1.weight,"[1024, 384]",energy_75,35,0.4987586736679077,0.0009302174439653754,0.0032831975258886814,0.4519183337688446,0.4844761788845062,0.4987586736679077,0.08538490533828735,0.4519183337688446,0.0
0,512,transformer.h.4.mlp.w1.weight,transformer.h.4.mlp.w1.weight,"[1024, 384]",energy_90,92,0.31446248292922974,0.0004998056101612747,0.0032831975258886814,0.26829004287719727,0.2932932376861572,0.31446248292922974,0.11018580198287964,0.26829004287719727,0.0
0,512,transformer.h.4.mlp.w2.weight,transformer.h.4.mlp.w2.weight,"[1024, 384]",fixed_1,1,0.8973553776741028,0.002806947100907564,0.003316860646009445,0.8686426877975464,0.9228484034538269,0.8973553776741028,0.01702404022216797,0.8686426877975464,0.0
0,512,transformer.h.4.mlp.w2.weight,transformer.h.4.mlp.w2.weight,"[1024, 384]",fixed_2,2,0.8529039025306702,0.002708391286432743,0.003316860646009445,0.8111134767532349,0.8522120714187622,0.8529039025306702,0.027130067348480225,0.8111134767532349,0.0
0,512,transformer.h.4.mlp.w2.weight,transformer.h.4.mlp.w2.weight,"[1024, 384]",fixed_4,4,0.7903262972831726,0.0020384693052619696,0.003316860646009445,0.7545217871665955,0.8130664825439453,0.7903262972831726,0.036728858947753906,0.7545217871665955,0.0
0,512,transformer.h.4.mlp.w2.weight,transformer.h.4.mlp.w2.weight,"[1024, 384]",fixed_8,8,0.7143146395683289,0.00191850948613137,0.003316860646009445,0.6835525035858154,0.7380012273788452,0.7143146395683289,0.04874062538146973,0.6835525035858154,0.0
0,512,transformer.h.4.mlp.w2.weight,transformer.h.4.mlp.w2.weight,"[1024, 384]",fixed_16,16,0.6138072609901428,0.0012423545122146606,0.003316860646009445,0.5635375380516052,0.6235445737838745,0.6138072609901428,0.06911695003509521,0.5635375380516052,0.0
0,512,transformer.h.4.mlp.w2.weight,transformer.h.4.mlp.w2.weight,"[1024, 384]",energy_25,2,0.8529039025306702,0.002708391286432743,0.003316860646009445,0.8111134767532349,0.8522120714187622,0.8529039025306702,0.027130067348480225,0.8111134767532349,0.0
0,512,transformer.h.4.mlp.w2.weight,transformer.h.4.mlp.w2.weight,"[1024, 384]",energy_50,9,0.69874107837677,0.001913599786348641,0.003316860646009445,0.661485493183136,0.731469988822937,0.69874107837677,0.05246192216873169,0.661485493183136,0.0
0,512,transformer.h.4.mlp.w2.weight,transformer.h.4.mlp.w2.weight,"[1024, 384]",energy_75,33,0.4961284399032593,0.0009300197125412524,0.003316860646009445,0.44309765100479126,0.5007487535476685,0.4961284399032593,0.0888165831565857,0.44309765100479126,0.0
0,512,transformer.h.4.mlp.w2.weight,transformer.h.4.mlp.w2.weight,"[1024, 384]",energy_90,88,0.3141961097717285,0.000472499115858227,0.003316860646009445,0.2584284842014313,0.2977493703365326,0.3141961097717285,0.11538618803024292,0.2584284842014313,0.0
0,512,transformer.h.4.mlp.c_proj.weight,transformer.h.4.mlp.c_proj.weight,"[384, 1024]",fixed_1,1,0.8330993056297302,0.006922847591340542,0.010979535058140755,0.7526597380638123,0.795856237411499,0.8330993056297302,0.03595387935638428,0.7526597380638123,0.0
0,512,transformer.h.4.mlp.c_proj.weight,transformer.h.4.mlp.c_proj.weight,"[384, 1024]",fixed_2,2,0.8004777431488037,0.006383896339684725,0.010979535058140755,0.689540445804596,0.7299215793609619,0.8004777431488037,0.043919920921325684,0.689540445804596,0.0
0,512,transformer.h.4.mlp.c_proj.weight,transformer.h.4.mlp.c_proj.weight,"[384, 1024]",fixed_4,4,0.7525991201400757,0.005804814398288727,0.010979535058140755,0.6238297820091248,0.6588811874389648,0.7525991201400757,0.05341273546218872,0.6238297820091248,0.0
0,512,transformer.h.4.mlp.c_proj.weight,transformer.h.4.mlp.c_proj.weight,"[384, 1024]",fixed_8,8,0.6905258297920227,0.005162897519767284,0.010979535058140755,0.5471006631851196,0.5809969305992126,0.6905258297920227,0.06504625082015991,0.5471006631851196,0.0
0,512,transformer.h.4.mlp.c_proj.weight,transformer.h.4.mlp.c_proj.weight,"[384, 1024]",fixed_16,16,0.6104142069816589,0.0038795843720436096,0.010979535058140755,0.4510360360145569,0.4783979058265686,0.6104142069816589,0.08031803369522095,0.4510360360145569,0.0
0,512,transformer.h.4.mlp.c_proj.weight,transformer.h.4.mlp.c_proj.weight,"[384, 1024]",energy_25,1,0.8330993056297302,0.006922847591340542,0.010979535058140755,0.7526597380638123,0.795856237411499,0.8330993056297302,0.03595387935638428,0.7526597380638123,0.0
0,512,transformer.h.4.mlp.c_proj.weight,transformer.h.4.mlp.c_proj.weight,"[384, 1024]",energy_50,7,0.7036027312278748,0.005406190641224384,0.010979535058140755,0.5653125047683716,0.5935773849487305,0.7036027312278748,0.062300145626068115,0.5653125047683716,0.0
0,512,transformer.h.4.mlp.c_proj.weight,transformer.h.4.mlp.c_proj.weight,"[384, 1024]",energy_75,35,0.4985204041004181,0.003041070420295,0.010979535058140755,0.3291202485561371,0.34743234515190125,0.4985204041004181,0.09894305467605591,0.3291202485561371,0.0
0,512,transformer.h.4.mlp.c_proj.weight,transformer.h.4.mlp.c_proj.weight,"[384, 1024]",energy_90,102,0.3148171007633209,0.001426893169991672,0.010979535058140755,0.17737460136413574,0.18702244758605957,0.3148171007633209,0.12061494588851929,0.17737460136413574,0.0
0,512,transformer.h.5.attn.c_attn.weight,transformer.h.5.attn.c_attn.weight,"[1152, 384]",fixed_1,1,0.8251315951347351,0.0024056683760136366,0.0032283628825098276,0.7780032157897949,0.8565794229507446,0.8251315951347351,0.04340773820877075,0.7780032157897949,0.7594497203826904
0,512,transformer.h.5.attn.c_attn.weight,transformer.h.5.attn.c_attn.weight,"[1152, 384]",fixed_2,2,0.7426408529281616,0.002228726167231798,0.0032283628825098276,0.6950059533119202,0.7723683714866638,0.7426408529281616,0.06425666809082031,0.6950059533119202,0.7656733393669128
0,512,transformer.h.5.attn.c_attn.weight,transformer.h.5.attn.c_attn.weight,"[1152, 384]",fixed_4,4,0.6165724992752075,0.0016858662711456418,0.0032283628825098276,0.5904577970504761,0.7509286403656006,0.6165724992752075,0.10837864875793457,0.5904577970504761,0.7657776474952698
0,512,transformer.h.5.attn.c_attn.weight,transformer.h.5.attn.c_attn.weight,"[1152, 384]",fixed_8,8,0.484877347946167,0.0012882731389254332,0.0032283628825098276,0.47189268469810486,0.6892499923706055,0.484877347946167,0.16897034645080566,0.47189268469810486,0.7634362578392029
0,512,transformer.h.5.attn.c_attn.weight,transformer.h.5.attn.c_attn.weight,"[1152, 384]",fixed_16,16,0.3508298695087433,0.0008541806600987911,0.0032283628825098276,0.3434811234474182,0.6264137625694275,0.3508298695087433,0.2595536708831787,0.3434811234474182,0.7544341087341309
0,512,transformer.h.5.attn.c_attn.weight,transformer.h.5.attn.c_attn.weight,"[1152, 384]",energy_25,1,0.8251315951347351,0.0024056683760136366,0.0032283628825098276,0.7780032157897949,0.8565794229507446,0.8251315951347351,0.04340773820877075,0.7780032157897949,0.7594497203826904
0,512,transformer.h.5.attn.c_attn.weight,transformer.h.5.attn.c_attn.weight,"[1152, 384]",energy_50,3,0.6710334420204163,0.001737602287903428,0.0032283628825098276,0.6297672390937805,0.767950177192688,0.6710334420204163,0.0899541974067688,0.6297672390937805,0.7668487429618835
0,512,transformer.h.5.attn.c_attn.weight,transformer.h.5.attn.c_attn.weight,"[1152, 384]",energy_75,8,0.484877347946167,0.0012882731389254332,0.0032283628825098276,0.47189268469810486,0.6892499923706055,0.484877347946167,0.16897034645080566,0.47189268469810486,0.7634362578392029
0,512,transformer.h.5.attn.c_attn.weight,transformer.h.5.attn.c_attn.weight,"[1152, 384]",energy_90,20,0.30996114015579224,0.0007450797129422426,0.0032283628825098276,0.30398833751678467,0.5984456539154053,0.30996114015579224,0.29318201541900635,0.30398833751678467,0.7546014189720154
0,512,transformer.h.5.attn.c_proj.weight,transformer.h.5.attn.c_proj.weight,"[384, 384]",fixed_1,1,0.7901381850242615,0.0060860407538712025,0.009155217558145523,0.7737484574317932,0.7797806859016418,0.7901381850242615,0.05038630962371826,0.7737484574317932,0.8550626039505005
0,512,transformer.h.5.attn.c_proj.weight,transformer.h.5.attn.c_proj.weight,"[384, 384]",fixed_2,2,0.6936718225479126,0.005255351774394512,0.009155217558145523,0.6559258699417114,0.6691389083862305,0.6936718225479126,0.08413577079772949,0.6559258699417114,0.8528662919998169
0,512,transformer.h.5.attn.c_proj.weight,transformer.h.5.attn.c_proj.weight,"[384, 384]",fixed_4,4,0.5857518315315247,0.004153675399720669,0.009155217558145523,0.5444590449333191,0.5551013350486755,0.5857518315315247,0.12438958883285522,0.5444590449333191,0.8577960133552551
0,512,transformer.h.5.attn.c_proj.weight,transformer.h.5.attn.c_proj.weight,"[384, 384]",fixed_8,8,0.46702226996421814,0.003267752705141902,0.009155217558145523,0.4240003824234009,0.43297335505485535,0.46702226996421814,0.18920868635177612,0.4240003824234009,0.8567667603492737
0,512,transformer.h.5.attn.c_proj.weight,transformer.h.5.attn.c_proj.weight,"[384, 384]",fixed_16,16,0.3526465892791748,0.002270222408697009,0.009155217558145523,0.3181253671646118,0.322582870721817,0.3526465892791748,0.2688043713569641,0.3181253671646118,0.8594697117805481
0,512,transformer.h.5.attn.c_proj.weight,transformer.h.5.attn.c_proj.weight,"[384, 384]",energy_25,1,0.7901381850242615,0.0060860407538712025,0.009155217558145523,0.7737484574317932,0.7797806859016418,0.7901381850242615,0.05038630962371826,0.7737484574317932,0.8550626039505005
0,512,transformer.h.5.attn.c_proj.weight,transformer.h.5.attn.c_proj.weight,"[384, 384]",energy_50,2,0.6936718225479126,0.005255351774394512,0.009155217558145523,0.6559258699417114,0.6691389083862305,0.6936718225479126,0.08413577079772949,0.6559258699417114,0.8528662919998169
0,512,transformer.h.5.attn.c_proj.weight,transformer.h.5.attn.c_proj.weight,"[384, 384]",energy_75,7,0.48806995153427124,0.0033678014297038317,0.009155217558145523,0.4400671720504761,0.4543125629425049,0.48806995153427124,0.17718297243118286,0.4400671720504761,0.855217456817627
0,512,transformer.h.5.attn.c_proj.weight,transformer.h.5.attn.c_proj.weight,"[384, 384]",energy_90,20,0.3144296705722809,0.0020997340325266123,0.009155217558145523,0.28709837794303894,0.29815438389778137,0.3144296705722809,0.2985091209411621,0.28709837794303894,0.8567410111427307
0,512,transformer.h.5.mlp.w1.weight,transformer.h.5.mlp.w1.weight,"[1024, 384]",fixed_1,1,0.8631742596626282,0.0034890398383140564,0.007465726230293512,0.8258275985717773,0.8539963960647583,0.8631742596626282,0.025052249431610107,0.8258275985717773,0.016972925513982773
0,512,transformer.h.5.mlp.w1.weight,transformer.h.5.mlp.w1.weight,"[1024, 384]",fixed_2,2,0.8065890669822693,0.0027729524299502373,0.007465726230293512,0.7478435635566711,0.7598335146903992,0.8065890669822693,0.037947893142700195,0.7478435635566711,0.015736544504761696
0,512,transformer.h.5.mlp.w1.weight,transformer.h.5.mlp.w1.weight,"[1024, 384]",fixed_4,4,0.7419339418411255,0.002267808886244893,0.007465726230293512,0.6843684315681458,0.6955506205558777,0.7419339418411255,0.05075281858444214,0.6843684315681458,0.016296323388814926
0,512,transformer.h.5.mlp.w1.weight,transformer.h.5.mlp.w1.weight,"[1024, 384]",fixed_8,8,0.665026068687439,0.0021583682391792536,0.007465726230293512,0.6067546010017395,0.629416286945343,0.665026068687439,0.06609535217285156,0.6067546010017395,0.01572670415043831
0,512,transformer.h.5.mlp.w1.weight,transformer.h.5.mlp.w1.weight,"[1024, 384]",fixed_16,16,0.5671935677528381,0.0013491892023012042,0.007465726230293512,0.5129527449607849,0.5499189496040344,0.5671935677528381,0.08682918548583984,0.5129527449607849,0.01583719253540039
0,512,transformer.h.5.mlp.w1.weight,transformer.h.5.mlp.w1.weight,"[1024, 384]",energy_25,1,0.8631742596626282,0.0034890398383140564,0.007465726230293512,0.8258275985717773,0.8539963960647583,0.8631742596626282,0.025052249431610107,0.8258275985717773,0.016972925513982773
0,512,transformer.h.5.mlp.w1.weight,transformer.h.5.mlp.w1.weight,"[1024, 384]",energy_50,6,0.6981732249259949,0.002133167814463377,0.007465726230293512,0.6427474021911621,0.6682562828063965,0.6981732249259949,0.05827605724334717,0.6427474021911621,0.01668950542807579
0,512,transformer.h.5.mlp.w1.weight,transformer.h.5.mlp.w1.weight,"[1024, 384]",energy_75,25,0.4964253902435303,0.0011067369487136602,0.007465726230293512,0.43898090720176697,0.47051772475242615,0.4964253902435303,0.10118603706359863,0.43898090720176697,0.015992803499102592
0,512,transformer.h.5.mlp.w1.weight,transformer.h.5.mlp.w1.weight,"[1024, 384]",energy_90,73,0.31579434871673584,0.0005590202054008842,0.007465726230293512,0.2612173557281494,0.2885099947452545,0.31579434871673584,0.13544130325317383,0.2612173557281494,0.015994306653738022
0,512,transformer.h.5.mlp.w2.weight,transformer.h.5.mlp.w2.weight,"[1024, 384]",fixed_1,1,0.8640351295471191,0.0032138752285391092,0.0060863196849823,0.8287522196769714,0.8675950169563293,0.8640351295471191,0.02483832836151123,0.8287522196769714,0.01423704158514738
0,512,transformer.h.5.mlp.w2.weight,transformer.h.5.mlp.w2.weight,"[1024, 384]",fixed_2,2,0.8087118864059448,0.0025289636105298996,0.0060863196849823,0.7703297734260559,0.825981855392456,0.8087118864059448,0.035614609718322754,0.7703297734260559,0.014504180289804935
0,512,transformer.h.5.mlp.w2.weight,transformer.h.5.mlp.w2.weight,"[1024, 384]",fixed_4,4,0.7494768500328064,0.0023009697906672955,0.0060863196849823,0.7033326029777527,0.7497900724411011,0.7494768500328064,0.04831010103225708,0.7033326029777527,0.01435921248048544
0,512,transformer.h.5.mlp.w2.weight,transformer.h.5.mlp.w2.weight,"[1024, 384]",fixed_8,8,0.6703742742538452,0.0019983795937150717,0.0060863196849823,0.6322447657585144,0.6675422191619873,0.6703742742538452,0.0632750391960144,0.6322447657585144,0.01459073182195425
0,512,transformer.h.5.mlp.w2.weight,transformer.h.5.mlp.w2.weight,"[1024, 384]",fixed_16,16,0.5693536400794983,0.0012099388986825943,0.0060863196849823,0.5164819955825806,0.555444598197937,0.5693536400794983,0.08645129203796387,0.5164819955825806,0.014014646410942078
0,512,transformer.h.5.mlp.w2.weight,transformer.h.5.mlp.w2.weight,"[1024, 384]",energy_25,1,0.8640351295471191,0.0032138752285391092,0.0060863196849823,0.8287522196769714,0.8675950169563293,0.8640351295471191,0.02483832836151123,0.8287522196769714,0.01423704158514738
0,512,transformer.h.5.mlp.w2.weight,transformer.h.5.mlp.w2.weight,"[1024, 384]",energy_50,6,0.7062594294548035,0.0019445408834144473,0.0060863196849823,0.6622660756111145,0.724154531955719,0.7062594294548035,0.05708402395248413,0.6622660756111145,0.014032541774213314
0,512,transformer.h.5.mlp.w2.weight,transformer.h.5.mlp.w2.weight,"[1024, 384]",energy_75,26,0.4937698245048523,0.0010736644035205245,0.0060863196849823,0.4473745822906494,0.4903845489025116,0.4937698245048523,0.10023742914199829,0.4473745822906494,0.013611385598778725
0,512,transformer.h.5.mlp.w2.weight,transformer.h.5.mlp.w2.weight,"[1024, 384]",energy_90,74,0.31528377532958984,0.000518547254614532,0.0060863196849823,0.2686958312988281,0.3030369281768799,0.31528377532958984,0.13411515951156616,0.2686958312988281,0.013930187560617924
0,512,transformer.h.5.mlp.c_proj.weight,transformer.h.5.mlp.c_proj.weight,"[384, 1024]",fixed_1,1,0.7619758248329163,0.007035740651190281,0.013939449563622475,0.6328647136688232,0.6374834775924683,0.7619758248329163,0.06058859825134277,0.6328647136688232,0.012107647024095058
0,512,transformer.h.5.mlp.c_proj.weight,transformer.h.5.mlp.c_proj.weight,"[384, 1024]",fixed_2,2,0.7354384064674377,0.007091546431183815,0.013939449563622475,0.6067721247673035,0.6026362776756287,0.7354384064674377,0.0653531551361084,0.6067721247673035,0.01168783474713564
0,512,transformer.h.5.mlp.c_proj.weight,transformer.h.5.mlp.c_proj.weight,"[384, 1024]",fixed_4,4,0.6928322315216064,0.005570102483034134,0.013939449563622475,0.5303454399108887,0.5376438498497009,0.6928322315216064,0.07694393396377563,0.5303454399108887,0.01232499722391367
0,512,transformer.h.5.mlp.c_proj.weight,transformer.h.5.mlp.c_proj.weight,"[384, 1024]",fixed_8,8,0.6338410973548889,0.004193395841866732,0.013939449563622475,0.4354165494441986,0.45061764121055603,0.6338410973548889,0.09204936027526855,0.4354165494441986,0.011715315282344818
0,512,transformer.h.5.mlp.c_proj.weight,transformer.h.5.mlp.c_proj.weight,"[384, 1024]",fixed_16,16,0.5622605085372925,0.003221384948119521,0.013939449563622475,0.3619755208492279,0.3705434799194336,0.5622605085372925,0.10667937994003296,0.3619755208492279,0.011549076996743679
0,512,transformer.h.5.mlp.c_proj.weight,transformer.h.5.mlp.c_proj.weight,"[384, 1024]",energy_25,1,0.7619758248329163,0.007035740651190281,0.013939449563622475,0.6328647136688232,0.6374834775924683,0.7619758248329163,0.06058859825134277,0.6328647136688232,0.012107647024095058
0,512,transformer.h.5.mlp.c_proj.weight,transformer.h.5.mlp.c_proj.weight,"[384, 1024]",energy_50,4,0.6928322315216064,0.005570102483034134,0.013939449563622475,0.5303454399108887,0.5376438498497009,0.6928322315216064,0.07694393396377563,0.5303454399108887,0.01232499722391367
0,512,transformer.h.5.mlp.c_proj.weight,transformer.h.5.mlp.c_proj.weight,"[384, 1024]",energy_75,27,0.4969615042209625,0.0030337402131408453,0.013939449563622475,0.2986299395561218,0.3041760325431824,0.4969615042209625,0.11851894855499268,0.2986299395561218,0.011797049082815647
0,512,transformer.h.5.mlp.c_proj.weight,transformer.h.5.mlp.c_proj.weight,"[384, 1024]",energy_90,88,0.315849244594574,0.0015130110550671816,0.013939449563622475,0.1659780591726303,0.1699851155281067,0.315849244594574,0.14308786392211914,0.1659780591726303,0.011440355330705643
0,1024,transformer.h.0.attn.c_attn.weight,transformer.h.0.attn.c_attn.weight,"[1152, 384]",fixed_1,1,0.8433306813240051,0.004835556726902723,0.0062042949721217155,0.7794778943061829,0.5178493857383728,0.8433306813240051,0.047822654247283936,0.7794778943061829,0.5649377703666687
0,1024,transformer.h.0.attn.c_attn.weight,transformer.h.0.attn.c_attn.weight,"[1152, 384]",fixed_2,2,0.7050200700759888,0.002768381964415312,0.0062042949721217155,0.6315152645111084,0.47079402208328247,0.7050200700759888,0.09506362676620483,0.6315152645111084,0.5618069171905518
0,1024,transformer.h.0.attn.c_attn.weight,transformer.h.0.attn.c_attn.weight,"[1152, 384]",fixed_4,4,0.6137423515319824,0.002437417395412922,0.0062042949721217155,0.5485316514968872,0.45969656109809875,0.6137423515319824,0.13277792930603027,0.5485316514968872,0.5591953992843628
0,1024,transformer.h.0.attn.c_attn.weight,transformer.h.0.attn.c_attn.weight,"[1152, 384]",fixed_8,8,0.5066316723823547,0.0018196016317233443,0.0062042949721217155,0.4581391215324402,0.43618854880332947,0.5066316723823547,0.17939192056655884,0.4581391215324402,0.557274580001831
0,1024,transformer.h.0.attn.c_attn.weight,transformer.h.0.attn.c_attn.weight,"[1152, 384]",fixed_16,16,0.4091321527957916,0.0016079336637631059,0.0062042949721217155,0.3762533664703369,0.37286412715911865,0.4091321527957916,0.22962313890457153,0.3762533664703369,0.550961434841156
0,1024,transformer.h.0.attn.c_attn.weight,transformer.h.0.attn.c_attn.weight,"[1152, 384]",energy_25,1,0.8433306813240051,0.004835556726902723,0.0062042949721217155,0.7794778943061829,0.5178493857383728,0.8433306813240051,0.047822654247283936,0.7794778943061829,0.5649377703666687
0,1024,transformer.h.0.attn.c_attn.weight,transformer.h.0.attn.c_attn.weight,"[1152, 384]",energy_50,2,0.7050200700759888,0.002768381964415312,0.0062042949721217155,0.6315152645111084,0.47079402208328247,0.7050200700759888,0.09506362676620483,0.6315152645111084,0.5618069171905518
0,1024,transformer.h.0.attn.c_attn.weight,transformer.h.0.attn.c_attn.weight,"[1152, 384]",energy_75,9,0.49176502227783203,0.001792335999198258,0.0062042949721217155,0.4422180652618408,0.4082373082637787,0.49176502227783203,0.18891340494155884,0.4422180652618408,0.5533121228218079
0,1024,transformer.h.0.attn.c_attn.weight,transformer.h.0.attn.c_attn.weight,"[1152, 384]",energy_90,29,0.31541311740875244,0.0011527682654559612,0.0062042949721217155,0.29850873351097107,0.32642319798469543,0.31541311740875244,0.2834179997444153,0.29850873351097107,0.5446450114250183
0,1024,transformer.h.0.attn.c_proj.weight,transformer.h.0.attn.c_proj.weight,"[384, 384]",fixed_1,1,0.8391754031181335,0.010538799688220024,0.015611591748893261,0.7865880727767944,0.7813535332679749,0.8391754031181335,0.04120337963104248,0.7865880727767944,0.7714775204658508
0,1024,transformer.h.0.attn.c_proj.weight,transformer.h.0.attn.c_proj.weight,"[384, 384]",fixed_2,2,0.7541467547416687,0.010051951743662357,0.015611591748893261,0.6675423979759216,0.6585540175437927,0.7541467547416687,0.07005953788757324,0.6675423979759216,0.7659106254577637
0,1024,transformer.h.0.attn.c_proj.weight,transformer.h.0.attn.c_proj.weight,"[384, 384]",fixed_4,4,0.6341404914855957,0.006864672526717186,0.015611591748893261,0.5457400679588318,0.5447268486022949,0.6341404914855957,0.11742234230041504,0.5457400679588318,0.7711067199707031
0,1024,transformer.h.0.attn.c_proj.weight,transformer.h.0.attn.c_proj.weight,"[384, 384]",fixed_8,8,0.5130544304847717,0.005090540740638971,0.015611591748893261,0.431209921836853,0.4316575825214386,0.5130544304847717,0.1782628297805786,0.431209921836853,0.7676716446876526
0,1024,transformer.h.0.attn.c_proj.weight,transformer.h.0.attn.c_proj.weight,"[384, 384]",fixed_16,16,0.392051637172699,0.0039855120703577995,0.015611591748893261,0.32518577575683594,0.32655632495880127,0.392051637172699,0.24969524145126343,0.32518577575683594,0.7696370482444763
0,1024,transformer.h.0.attn.c_proj.weight,transformer.h.0.attn.c_proj.weight,"[384, 384]",energy_25,1,0.8391754031181335,0.010538799688220024,0.015611591748893261,0.7865880727767944,0.7813535332679749,0.8391754031181335,0.04120337963104248,0.7865880727767944,0.7714775204658508
0,1024,transformer.h.0.attn.c_proj.weight,transformer.h.0.attn.c_proj.weight,"[384, 384]",energy_50,3,0.6758520007133484,0.006894801277667284,0.015611591748893261,0.594730794429779,0.6116830706596375,0.6758520007133484,0.09550952911376953,0.594730794429779,0.767633855342865
0,1024,transformer.h.0.attn.c_proj.weight,transformer.h.0.attn.c_proj.weight,"[384, 384]",energy_75,9,0.49101296067237854,0.004825084935873747,0.015611591748893261,0.4083535373210907,0.4110204577445984,0.49101296067237854,0.19102966785430908,0.4083535373210907,0.7735868692398071
0,1024,transformer.h.0.attn.c_proj.weight,transformer.h.0.attn.c_proj.weight,"[384, 384]",energy_90,25,0.3144739270210266,0.0029715755954384804,0.015611591748893261,0.2536853551864624,0.25512805581092834,0.3144739270210266,0.3047106862068176,0.2536853551864624,0.7677196264266968
0,1024,transformer.h.0.mlp.w1.weight,transformer.h.0.mlp.w1.weight,"[1024, 384]",fixed_1,1,0.8293718099594116,0.0043220361694693565,0.004895160440355539,0.8229907155036926,0.8459777235984802,0.8293718099594116,0.019926011562347412,0.8229907155036926,0.0
0,1024,transformer.h.0.mlp.w1.weight,transformer.h.0.mlp.w1.weight,"[1024, 384]",fixed_2,2,0.7750074863433838,0.0032738205045461655,0.004895160440355539,0.7519506216049194,0.799296498298645,0.7750074863433838,0.02683579921722412,0.7519506216049194,0.0
0,1024,transformer.h.0.mlp.w1.weight,transformer.h.0.mlp.w1.weight,"[1024, 384]",fixed_4,4,0.7330535650253296,0.003115660510957241,0.004895160440355539,0.7125543355941772,0.7489548921585083,0.7330535650253296,0.031760334968566895,0.7125543355941772,0.0
0,1024,transformer.h.0.mlp.w1.weight,transformer.h.0.mlp.w1.weight,"[1024, 384]",fixed_8,8,0.6880950927734375,0.0026354999281466007,0.004895160440355539,0.6642939448356628,0.7088251113891602,0.6880950927734375,0.03662532567977905,0.6642939448356628,0.0
0,1024,transformer.h.0.mlp.w1.weight,transformer.h.0.mlp.w1.weight,"[1024, 384]",fixed_16,16,0.6322757005691528,0.0022925741504877806,0.004895160440355539,0.6034365296363831,0.6443891525268555,0.6322757005691528,0.04233807325363159,0.6034365296363831,0.0
0,1024,transformer.h.0.mlp.w1.weight,transformer.h.0.mlp.w1.weight,"[1024, 384]",energy_25,1,0.8293718099594116,0.0043220361694693565,0.004895160440355539,0.8229907155036926,0.8459777235984802,0.8293718099594116,0.019926011562347412,0.8229907155036926,0.0
0,1024,transformer.h.0.mlp.w1.weight,transformer.h.0.mlp.w1.weight,"[1024, 384]",energy_50,7,0.6975256204605103,0.0025621135719120502,0.004895160440355539,0.6731107831001282,0.7201423645019531,0.6975256204605103,0.035650432109832764,0.6731107831001282,0.0
0,1024,transformer.h.0.mlp.w1.weight,transformer.h.0.mlp.w1.weight,"[1024, 384]",energy_75,49,0.4997695982456207,0.0015981938922777772,0.004895160440355539,0.45084866881370544,0.48861098289489746,0.4997695982456207,0.05543816089630127,0.45084866881370544,0.0
0,1024,transformer.h.0.mlp.w1.weight,transformer.h.0.mlp.w1.weight,"[1024, 384]",energy_90,137,0.31494471430778503,0.0008746206294745207,0.004895160440355539,0.2674543261528015,0.28589436411857605,0.31494471430778503,0.06815671920776367,0.2674543261528015,0.0
0,1024,transformer.h.0.mlp.w2.weight,transformer.h.0.mlp.w2.weight,"[1024, 384]",fixed_1,1,0.8388447165489197,0.003602195531129837,0.005933593027293682,0.8351292610168457,0.8531703352928162,0.8388447165489197,0.0187799334526062,0.8351292610168457,0.0
0,1024,transformer.h.0.mlp.w2.weight,transformer.h.0.mlp.w2.weight,"[1024, 384]",fixed_2,2,0.7854889631271362,0.003254324197769165,0.005933593027293682,0.7714991569519043,0.7771768569946289,0.7854889631271362,0.025450587272644043,0.7714991569519043,0.0
0,1024,transformer.h.0.mlp.w2.weight,transformer.h.0.mlp.w2.weight,"[1024, 384]",fixed_4,4,0.7432280778884888,0.002752421423792839,0.005933593027293682,0.7358415722846985,0.7447375655174255,0.7432280778884888,0.029950439929962158,0.7358415722846985,0.0
0,1024,transformer.h.0.mlp.w2.weight,transformer.h.0.mlp.w2.weight,"[1024, 384]",fixed_8,8,0.6962841153144836,0.0025244432035833597,0.005933593027293682,0.6843687295913696,0.7006938457489014,0.6962841153144836,0.0354311466217041,0.6843687295913696,0.0
0,1024,transformer.h.0.mlp.w2.weight,transformer.h.0.mlp.w2.weight,"[1024, 384]",fixed_16,16,0.6362864971160889,0.0023131263442337513,0.005933593027293682,0.6157957315444946,0.6351758241653442,0.6362864971160889,0.04194396734237671,0.6157957315444946,0.0
0,1024,transformer.h.0.mlp.w2.weight,transformer.h.0.mlp.w2.weight,"[1024, 384]",energy_25,1,0.8388447165489197,0.003602195531129837,0.005933593027293682,0.8351292610168457,0.8531703352928162,0.8388447165489197,0.0187799334526062,0.8351292610168457,0.0
0,1024,transformer.h.0.mlp.w2.weight,transformer.h.0.mlp.w2.weight,"[1024, 384]",energy_50,7,0.7070544958114624,0.0026514155324548483,0.005933593027293682,0.6961484551429749,0.7108318209648132,0.7070544958114624,0.03411555290222168,0.6961484551429749,0.0
0,1024,transformer.h.0.mlp.w2.weight,transformer.h.0.mlp.w2.weight,"[1024, 384]",energy_75,49,0.49945756793022156,0.0014041708782315254,0.005933593027293682,0.4636879861354828,0.4923432171344757,0.49945756793022156,0.05503654479980469,0.4636879861354828,0.0
0,1024,transformer.h.0.mlp.w2.weight,transformer.h.0.mlp.w2.weight,"[1024, 384]",energy_90,135,0.31537023186683655,0.0008200138690881431,0.005933593027293682,0.270418643951416,0.2889089286327362,0.31537023186683655,0.06820172071456909,0.270418643951416,0.0
0,1024,transformer.h.0.mlp.c_proj.weight,transformer.h.0.mlp.c_proj.weight,"[384, 1024]",fixed_1,1,0.9008272886276245,0.011956359259784222,0.0222791638225317,0.7325024604797363,0.7668050527572632,0.9008272886276245,0.025219440460205078,0.7325024604797363,0.0
0,1024,transformer.h.0.mlp.c_proj.weight,transformer.h.0.mlp.c_proj.weight,"[384, 1024]",fixed_2,2,0.8743569254875183,0.010448661632835865,0.0222791638225317,0.6978641152381897,0.7287200689315796,0.8743569254875183,0.03046935796737671,0.6978641152381897,0.0
0,1024,transformer.h.0.mlp.c_proj.weight,transformer.h.0.mlp.c_proj.weight,"[384, 1024]",fixed_4,4,0.8312171697616577,0.008861688897013664,0.0222791638225317,0.6118151545524597,0.633162260055542,0.8312171697616577,0.041088104248046875,0.6118151545524597,0.0
0,1024,transformer.h.0.mlp.c_proj.weight,transformer.h.0.mlp.c_proj.weight,"[384, 1024]",fixed_8,8,0.7737038731575012,0.008884553797543049,0.0222791638225317,0.5583825707435608,0.5897617936134338,0.7737038731575012,0.04987621307373047,0.5583825707435608,0.0
0,1024,transformer.h.0.mlp.c_proj.weight,transformer.h.0.mlp.c_proj.weight,"[384, 1024]",fixed_16,16,0.6921683549880981,0.006782470270991325,0.0222791638225317,0.48036259412765503,0.5042542219161987,0.6921683549880981,0.06244075298309326,0.48036259412765503,0.0
0,1024,transformer.h.0.mlp.c_proj.weight,transformer.h.0.mlp.c_proj.weight,"[384, 1024]",energy_25,3,0.8502027988433838,0.010214302688837051,0.0222791638225317,0.6510162949562073,0.6712409257888794,0.8502027988433838,0.036274075508117676,0.6510162949562073,0.0
0,1024,transformer.h.0.mlp.c_proj.weight,transformer.h.0.mlp.c_proj.weight,"[384, 1024]",energy_50,15,0.7007562518119812,0.006625431589782238,0.0222791638225317,0.48986390233039856,0.5139203071594238,0.7007562518119812,0.06089359521865845,0.48986390233039856,0.0
0,1024,transformer.h.0.mlp.c_proj.weight,transformer.h.0.mlp.c_proj.weight,"[384, 1024]",energy_75,52,0.4996111989021301,0.00436101108789444,0.0222791638225317,0.31113433837890625,0.32666683197021484,0.4996111989021301,0.08802270889282227,0.31113433837890625,0.0
0,1024,transformer.h.0.mlp.c_proj.weight,transformer.h.0.mlp.c_proj.weight,"[384, 1024]",energy_90,124,0.31455692648887634,0.002375987358391285,0.0222791638225317,0.18039876222610474,0.19165495038032532,0.31455692648887634,0.10448652505874634,0.18039876222610474,0.0
0,1024,transformer.h.1.attn.c_attn.weight,transformer.h.1.attn.c_attn.weight,"[1152, 384]",fixed_1,1,0.78011554479599,0.002915264805778861,0.00490926206111908,0.7136263847351074,0.7611500024795532,0.78011554479599,0.06484699249267578,0.7136263847351074,0.6081152558326721
0,1024,transformer.h.1.attn.c_attn.weight,transformer.h.1.attn.c_attn.weight,"[1152, 384]",fixed_2,2,0.7004021406173706,0.0022970836143940687,0.00490926206111908,0.644457995891571,0.7673542499542236,0.7004021406173706,0.08684641122817993,0.644457995891571,0.6097927689552307
0,1024,transformer.h.1.attn.c_attn.weight,transformer.h.1.attn.c_attn.weight,"[1152, 384]",fixed_4,4,0.6256753206253052,0.002153989626094699,0.00490926206111908,0.5839446187019348,0.7044864296913147,0.6256753206253052,0.11509138345718384,0.5839446187019348,0.6045600771903992
0,1024,transformer.h.1.attn.c_attn.weight,transformer.h.1.attn.c_attn.weight,"[1152, 384]",fixed_8,8,0.5271592140197754,0.0016243474092334509,0.00490926206111908,0.5018128156661987,0.672648012638092,0.5271592140197754,0.15943825244903564,0.5018128156661987,0.6004167199134827
0,1024,transformer.h.1.attn.c_attn.weight,transformer.h.1.attn.c_attn.weight,"[1152, 384]",fixed_16,16,0.4144645035266876,0.0013328470522537827,0.00490926206111908,0.4034353494644165,0.5611738562583923,0.4144645035266876,0.21439266204833984,0.4034353494644165,0.600351870059967
0,1024,transformer.h.1.attn.c_attn.weight,transformer.h.1.attn.c_attn.weight,"[1152, 384]",energy_25,1,0.78011554479599,0.002915264805778861,0.00490926206111908,0.7136263847351074,0.7611500024795532,0.78011554479599,0.06484699249267578,0.7136263847351074,0.6081152558326721
0,1024,transformer.h.1.attn.c_attn.weight,transformer.h.1.attn.c_attn.weight,"[1152, 384]",energy_50,2,0.7004021406173706,0.0022970836143940687,0.00490926206111908,0.644457995891571,0.7673542499542236,0.7004021406173706,0.08684641122817993,0.644457995891571,0.6097927689552307
0,1024,transformer.h.1.attn.c_attn.weight,transformer.h.1.attn.c_attn.weight,"[1152, 384]",energy_75,10,0.4947933256626129,0.001517329947091639,0.00490926206111908,0.47002166509628296,0.6201354265213013,0.4947933256626129,0.17415452003479004,0.47002166509628296,0.6059355139732361
0,1024,transformer.h.1.attn.c_attn.weight,transformer.h.1.attn.c_attn.weight,"[1152, 384]",energy_90,27,0.31469061970710754,0.0010056851897388697,0.00490926206111908,0.3142532408237457,0.5151883959770203,0.31469061970710754,0.27773231267929077,0.3142532408237457,0.5928146839141846
0,1024,transformer.h.1.attn.c_proj.weight,transformer.h.1.attn.c_proj.weight,"[384, 384]",fixed_1,1,0.6041838526725769,0.007063945755362511,0.015284758061170578,0.5575594305992126,0.5717268586158752,0.6041838526725769,0.10991662740707397,0.5575594305992126,0.8842969536781311
0,1024,transformer.h.1.attn.c_proj.weight,transformer.h.1.attn.c_proj.weight,"[384, 384]",fixed_2,2,0.5558614134788513,0.006573133170604706,0.015284758061170578,0.4949110150337219,0.5100192427635193,0.5558614134788513,0.1330239176750183,0.4949110150337219,0.8846179842948914
0,1024,transformer.h.1.attn.c_proj.weight,transformer.h.1.attn.c_proj.weight,"[384, 384]",fixed_4,4,0.4938179850578308,0.005338793620467186,0.015284758061170578,0.4422254264354706,0.446848064661026,0.4938179850578308,0.1622292399406433,0.4422254264354706,0.8916711807250977
0,1024,transformer.h.1.attn.c_proj.weight,transformer.h.1.attn.c_proj.weight,"[384, 384]",fixed_8,8,0.42280492186546326,0.004849990364164114,0.015284758061170578,0.3739471435546875,0.3841284513473511,0.42280492186546326,0.2051878571510315,0.3739471435546875,0.8906717896461487
0,1024,transformer.h.1.attn.c_proj.weight,transformer.h.1.attn.c_proj.weight,"[384, 384]",fixed_16,16,0.328393816947937,0.0029612556099891663,0.015284758061170578,0.2911355197429657,0.3065105378627777,0.328393816947937,0.2764928340911865,0.2911355197429657,0.88947993516922
0,1024,transformer.h.1.attn.c_proj.weight,transformer.h.1.attn.c_proj.weight,"[384, 384]",energy_25,1,0.6041838526725769,0.007063945755362511,0.015284758061170578,0.5575594305992126,0.5717268586158752,0.6041838526725769,0.10991662740707397,0.5575594305992126,0.8842969536781311
0,1024,transformer.h.1.attn.c_proj.weight,transformer.h.1.attn.c_proj.weight,"[384, 384]",energy_50,1,0.6041838526725769,0.007063945755362511,0.015284758061170578,0.5575594305992126,0.5717268586158752,0.6041838526725769,0.10991662740707397,0.5575594305992126,0.8842969536781311
0,1024,transformer.h.1.attn.c_proj.weight,transformer.h.1.attn.c_proj.weight,"[384, 384]",energy_75,4,0.4938179850578308,0.005338793620467186,0.015284758061170578,0.4422254264354706,0.446848064661026,0.4938179850578308,0.1622292399406433,0.4422254264354706,0.8916711807250977
0,1024,transformer.h.1.attn.c_proj.weight,transformer.h.1.attn.c_proj.weight,"[384, 384]",energy_90,18,0.3121543228626251,0.0029410638380795717,0.015284758061170578,0.27584803104400635,0.28225231170654297,0.3121543228626251,0.29052168130874634,0.27584803104400635,0.8876834511756897
0,1024,transformer.h.1.mlp.w1.weight,transformer.h.1.mlp.w1.weight,"[1024, 384]",fixed_1,1,0.7956719398498535,0.0035288219805806875,0.004325610585510731,0.7994959950447083,0.8351197242736816,0.7956719398498535,0.032688140869140625,0.7994959950447083,0.007850578986108303
0,1024,transformer.h.1.mlp.w1.weight,transformer.h.1.mlp.w1.weight,"[1024, 384]",fixed_2,2,0.7391883134841919,0.003299353877082467,0.004325610585510731,0.7402238845825195,0.7677281498908997,0.7391883134841919,0.041262030601501465,0.7402238845825195,0.008455128408968449
0,1024,transformer.h.1.mlp.w1.weight,transformer.h.1.mlp.w1.weight,"[1024, 384]",fixed_4,4,0.7001850605010986,0.0026567999739199877,0.004325610585510731,0.6975081562995911,0.7304818630218506,0.7001850605010986,0.047399282455444336,0.6975081562995911,0.008325409144163132
0,1024,transformer.h.1.mlp.w1.weight,transformer.h.1.mlp.w1.weight,"[1024, 384]",fixed_8,8,0.6474762558937073,0.0025122861843556166,0.004325610585510731,0.642982006072998,0.6889716982841492,0.6474762558937073,0.05495709180831909,0.642982006072998,0.008321588858962059
0,1024,transformer.h.1.mlp.w1.weight,transformer.h.1.mlp.w1.weight,"[1024, 384]",fixed_16,16,0.5785964131355286,0.0018320400267839432,0.004325610585510731,0.5616108775138855,0.6146497130393982,0.5785964131355286,0.06587743759155273,0.5616108775138855,0.0083280885592103
0,1024,transformer.h.1.mlp.w1.weight,transformer.h.1.mlp.w1.weight,"[1024, 384]",energy_25,1,0.7956719398498535,0.0035288219805806875,0.004325610585510731,0.7994959950447083,0.8351197242736816,0.7956719398498535,0.032688140869140625,0.7994959950447083,0.007850578986108303
0,1024,transformer.h.1.mlp.w1.weight,transformer.h.1.mlp.w1.weight,"[1024, 384]",energy_50,4,0.7001850605010986,0.0026567999739199877,0.004325610585510731,0.6975081562995911,0.7304818630218506,0.7001850605010986,0.047399282455444336,0.6975081562995911,0.008325409144163132
0,1024,transformer.h.1.mlp.w1.weight,transformer.h.1.mlp.w1.weight,"[1024, 384]",energy_75,30,0.49964994192123413,0.0014187524793669581,0.004325610585510731,0.47376441955566406,0.5360137224197388,0.49964994192123413,0.076163649559021,0.47376441955566406,0.008016546256840229
0,1024,transformer.h.1.mlp.w1.weight,transformer.h.1.mlp.w1.weight,"[1024, 384]",energy_90,95,0.3158676326274872,0.0007656327215954661,0.004325610585510731,0.27046433091163635,0.3019922077655792,0.3158676326274872,0.09807711839675903,0.27046433091163635,0.007927188649773598
0,1024,transformer.h.1.mlp.w2.weight,transformer.h.1.mlp.w2.weight,"[1024, 384]",fixed_1,1,0.7974525094032288,0.0044882819056510925,0.0053590997122228146,0.8061264157295227,0.8028148412704468,0.7974525094032288,0.03209054470062256,0.8061264157295227,0.008264432661235332
0,1024,transformer.h.1.mlp.w2.weight,transformer.h.1.mlp.w2.weight,"[1024, 384]",fixed_2,2,0.7390092015266418,0.0032756910659372807,0.0053590997122228146,0.7387354373931885,0.7499654293060303,0.7390092015266418,0.04089301824569702,0.7387354373931885,0.008125990629196167
0,1024,transformer.h.1.mlp.w2.weight,transformer.h.1.mlp.w2.weight,"[1024, 384]",fixed_4,4,0.6995199918746948,0.0028525497764348984,0.0053590997122228146,0.6998708844184875,0.719456672668457,0.6995199918746948,0.047014594078063965,0.6998708844184875,0.008104662410914898
0,1024,transformer.h.1.mlp.w2.weight,transformer.h.1.mlp.w2.weight,"[1024, 384]",fixed_8,8,0.646521270275116,0.0024108390789479017,0.0053590997122228146,0.648297905921936,0.6650785803794861,0.646521270275116,0.054572105407714844,0.648297905921936,0.008309095166623592
0,1024,transformer.h.1.mlp.w2.weight,transformer.h.1.mlp.w2.weight,"[1024, 384]",fixed_16,16,0.5743080973625183,0.0019644920248538256,0.0053590997122228146,0.5609865784645081,0.5719456076622009,0.5743080973625183,0.06543231010437012,0.5609865784645081,0.008699350990355015
0,1024,transformer.h.1.mlp.w2.weight,transformer.h.1.mlp.w2.weight,"[1024, 384]",energy_25,1,0.7974525094032288,0.0044882819056510925,0.0053590997122228146,0.8061264157295227,0.8028148412704468,0.7974525094032288,0.03209054470062256,0.8061264157295227,0.008264432661235332
0,1024,transformer.h.1.mlp.w2.weight,transformer.h.1.mlp.w2.weight,"[1024, 384]",energy_50,4,0.6995199918746948,0.0028525497764348984,0.0053590997122228146,0.6998708844184875,0.719456672668457,0.6995199918746948,0.047014594078063965,0.6998708844184875,0.008104662410914898
0,1024,transformer.h.1.mlp.w2.weight,transformer.h.1.mlp.w2.weight,"[1024, 384]",energy_75,29,0.4988374710083008,0.0014496323419734836,0.0053590997122228146,0.47222504019737244,0.5028716921806335,0.4988374710083008,0.07654285430908203,0.47222504019737244,0.008289214223623276
0,1024,transformer.h.1.mlp.w2.weight,transformer.h.1.mlp.w2.weight,"[1024, 384]",energy_90,92,0.3161907494068146,0.0007326618069782853,0.0053590997122228146,0.2672765851020813,0.2860502600669861,0.3161907494068146,0.09928596019744873,0.2672765851020813,0.008508226834237576
0,1024,transformer.h.1.mlp.c_proj.weight,transformer.h.1.mlp.c_proj.weight,"[384, 1024]",fixed_1,1,0.8900560736656189,0.01264951005578041,0.017606940120458603,0.7892927527427673,0.7866214513778687,0.8900560736656189,0.020156681537628174,0.7892927527427673,0.0
0,1024,transformer.h.1.mlp.c_proj.weight,transformer.h.1.mlp.c_proj.weight,"[384, 1024]",fixed_2,2,0.8320728540420532,0.01189430058002472,0.017606940120458603,0.6729873418807983,0.6544861793518066,0.8320728540420532,0.03290867805480957,0.6729873418807983,0.0
0,1024,transformer.h.1.mlp.c_proj.weight,transformer.h.1.mlp.c_proj.weight,"[384, 1024]",fixed_4,4,0.7809423804283142,0.009234492667019367,0.017606940120458603,0.5630202293395996,0.5727638602256775,0.7809423804283142,0.04669231176376343,0.5630202293395996,0.0
0,1024,transformer.h.1.mlp.c_proj.weight,transformer.h.1.mlp.c_proj.weight,"[384, 1024]",fixed_8,8,0.7185412645339966,0.008551486767828465,0.017606940120458603,0.49043720960617065,0.48916134238243103,0.7185412645339966,0.060511648654937744,0.49043720960617065,0.0
0,1024,transformer.h.1.mlp.c_proj.weight,transformer.h.1.mlp.c_proj.weight,"[384, 1024]",fixed_16,16,0.6350054144859314,0.00692472280934453,0.017606940120458603,0.40301746129989624,0.4052836000919342,0.6350054144859314,0.07604920864105225,0.40301746129989624,0.0
0,1024,transformer.h.1.mlp.c_proj.weight,transformer.h.1.mlp.c_proj.weight,"[384, 1024]",energy_25,2,0.8320728540420532,0.01189430058002472,0.017606940120458603,0.6729873418807983,0.6544861793518066,0.8320728540420532,0.03290867805480957,0.6729873418807983,0.0
0,1024,transformer.h.1.mlp.c_proj.weight,transformer.h.1.mlp.c_proj.weight,"[384, 1024]",energy_50,9,0.7058064937591553,0.007576236501336098,0.017606940120458603,0.4692538380622864,0.46395066380500793,0.7058064937591553,0.06305569410324097,0.4692538380622864,0.0
0,1024,transformer.h.1.mlp.c_proj.weight,transformer.h.1.mlp.c_proj.weight,"[384, 1024]",energy_75,39,0.49728327989578247,0.003764379769563675,0.017606940120458603,0.2717588543891907,0.2765806317329407,0.49728327989578247,0.10089230537414551,0.2717588543891907,0.0
0,1024,transformer.h.1.mlp.c_proj.weight,transformer.h.1.mlp.c_proj.weight,"[384, 1024]",energy_90,102,0.3152839243412018,0.002060435712337494,0.017606940120458603,0.15239742398262024,0.15442322194576263,0.3152839243412018,0.12327462434768677,0.15239742398262024,0.0
0,1024,transformer.h.2.attn.c_attn.weight,transformer.h.2.attn.c_attn.weight,"[1152, 384]",fixed_1,1,0.39381301403045654,0.0050173914059996605,0.02097768522799015,0.3165774345397949,0.263692706823349,0.39381301403045654,0.18823879957199097,0.3165774345397949,0.8183737993240356
0,1024,transformer.h.2.attn.c_attn.weight,transformer.h.2.attn.c_attn.weight,"[1152, 384]",fixed_2,2,0.36857107281684875,0.005356603302061558,0.02097768522799015,0.2953800559043884,0.23118644952774048,0.36857107281684875,0.20706725120544434,0.2953800559043884,0.8113581538200378
0,1024,transformer.h.2.attn.c_attn.weight,transformer.h.2.attn.c_attn.weight,"[1152, 384]",fixed_4,4,0.3311620354652405,0.005165444687008858,0.02097768522799015,0.2631744146347046,0.23041792213916779,0.3311620354652405,0.2429964542388916,0.2631744146347046,0.8136871457099915
0,1024,transformer.h.2.attn.c_attn.weight,transformer.h.2.attn.c_attn.weight,"[1152, 384]",fixed_8,8,0.2830996513366699,0.0034588039852678776,0.02097768522799015,0.2232125699520111,0.21646873652935028,0.2830996513366699,0.2886715531349182,0.2232125699520111,0.8164384961128235
0,1024,transformer.h.2.attn.c_attn.weight,transformer.h.2.attn.c_attn.weight,"[1152, 384]",fixed_16,16,0.22349298000335693,0.002181490184739232,0.02097768522799015,0.17862765491008759,0.17060346901416779,0.22349298000335693,0.34047001600265503,0.17862765491008759,0.8030474781990051
0,1024,transformer.h.2.attn.c_attn.weight,transformer.h.2.attn.c_attn.weight,"[1152, 384]",energy_25,1,0.39381301403045654,0.0050173914059996605,0.02097768522799015,0.3165774345397949,0.263692706823349,0.39381301403045654,0.18823879957199097,0.3165774345397949,0.8183737993240356
0,1024,transformer.h.2.attn.c_attn.weight,transformer.h.2.attn.c_attn.weight,"[1152, 384]",energy_50,1,0.39381301403045654,0.0050173914059996605,0.02097768522799015,0.3165774345397949,0.263692706823349,0.39381301403045654,0.18823879957199097,0.3165774345397949,0.8183737993240356
0,1024,transformer.h.2.attn.c_attn.weight,transformer.h.2.attn.c_attn.weight,"[1152, 384]",energy_75,1,0.39381301403045654,0.0050173914059996605,0.02097768522799015,0.3165774345397949,0.263692706823349,0.39381301403045654,0.18823879957199097,0.3165774345397949,0.8183737993240356
0,1024,transformer.h.2.attn.c_attn.weight,transformer.h.2.attn.c_attn.weight,"[1152, 384]",energy_90,6,0.3045945167541504,0.0034042024053633213,0.02097768522799015,0.2418159544467926,0.21954521536827087,0.3045945167541504,0.26527541875839233,0.2418159544467926,0.8174715638160706
0,1024,transformer.h.2.attn.c_proj.weight,transformer.h.2.attn.c_proj.weight,"[384, 384]",fixed_1,1,0.5530076622962952,0.007734827697277069,0.01848689280450344,0.517130970954895,0.5529904365539551,0.5530076622962952,0.11643970012664795,0.517130970954895,0.8830709457397461
0,1024,transformer.h.2.attn.c_proj.weight,transformer.h.2.attn.c_proj.weight,"[384, 384]",fixed_2,2,0.5203722715377808,0.007781653665006161,0.01848689280450344,0.4906715154647827,0.5167374610900879,0.5203722715377808,0.13081270456314087,0.4906715154647827,0.8866317868232727
0,1024,transformer.h.2.attn.c_proj.weight,transformer.h.2.attn.c_proj.weight,"[384, 384]",fixed_4,4,0.46971264481544495,0.00700857350602746,0.01848689280450344,0.45532283186912537,0.4899566173553467,0.46971264481544495,0.15606504678726196,0.45532283186912537,0.8819570541381836
0,1024,transformer.h.2.attn.c_proj.weight,transformer.h.2.attn.c_proj.weight,"[384, 384]",fixed_8,8,0.4105794429779053,0.005649174097925425,0.01848689280450344,0.3939354717731476,0.41471239924430847,0.4105794429779053,0.19648849964141846,0.3939354717731476,0.8813107013702393
0,1024,transformer.h.2.attn.c_proj.weight,transformer.h.2.attn.c_proj.weight,"[384, 384]",fixed_16,16,0.3325774073600769,0.004187264479696751,0.01848689280450344,0.30364635586738586,0.32920047640800476,0.3325774073600769,0.25869202613830566,0.30364635586738586,0.8909217715263367
0,1024,transformer.h.2.attn.c_proj.weight,transformer.h.2.attn.c_proj.weight,"[384, 384]",energy_25,1,0.5530076622962952,0.007734827697277069,0.01848689280450344,0.517130970954895,0.5529904365539551,0.5530076622962952,0.11643970012664795,0.517130970954895,0.8830709457397461
0,1024,transformer.h.2.attn.c_proj.weight,transformer.h.2.attn.c_proj.weight,"[384, 384]",energy_50,1,0.5530076622962952,0.007734827697277069,0.01848689280450344,0.517130970954895,0.5529904365539551,0.5530076622962952,0.11643970012664795,0.517130970954895,0.8830709457397461
0,1024,transformer.h.2.attn.c_proj.weight,transformer.h.2.attn.c_proj.weight,"[384, 384]",energy_75,3,0.4940183460712433,0.006518187001347542,0.01848689280450344,0.46845996379852295,0.49751752614974976,0.4940183460712433,0.14386940002441406,0.46845996379852295,0.8831534385681152
0,1024,transformer.h.2.attn.c_proj.weight,transformer.h.2.attn.c_proj.weight,"[384, 384]",energy_90,19,0.309182345867157,0.003887027036398649,0.01848689280450344,0.27330535650253296,0.29431790113449097,0.309182345867157,0.2777095437049866,0.27330535650253296,0.8965136408805847
0,1024,transformer.h.2.mlp.w1.weight,transformer.h.2.mlp.w1.weight,"[1024, 384]",fixed_1,1,0.8337072730064392,0.002596488920971751,0.005056934896856546,0.7994180917739868,0.8090725541114807,0.8337072730064392,0.02967071533203125,0.7994180917739868,0.0
0,1024,transformer.h.2.mlp.w1.weight,transformer.h.2.mlp.w1.weight,"[1024, 384]",fixed_2,2,0.8037875294685364,0.002597583457827568,0.005056934896856546,0.7714853882789612,0.772878110408783,0.8037875294685364,0.03402984142303467,0.7714853882789612,0.0
0,1024,transformer.h.2.mlp.w1.weight,transformer.h.2.mlp.w1.weight,"[1024, 384]",fixed_4,4,0.7539502382278442,0.0022196376230567694,0.005056934896856546,0.7249443531036377,0.742749035358429,0.7539502382278442,0.04197150468826294,0.7249443531036377,0.0
0,1024,transformer.h.2.mlp.w1.weight,transformer.h.2.mlp.w1.weight,"[1024, 384]",fixed_8,8,0.6956401467323303,0.0018858459079638124,0.005056934896856546,0.6497138738632202,0.6612802743911743,0.6956401467323303,0.052011728286743164,0.6497138738632202,0.0
0,1024,transformer.h.2.mlp.w1.weight,transformer.h.2.mlp.w1.weight,"[1024, 384]",fixed_16,16,0.6180117726325989,0.001715662656351924,0.005056934896856546,0.5753035545349121,0.6012258529663086,0.6180117726325989,0.06394755840301514,0.5753035545349121,0.0
0,1024,transformer.h.2.mlp.w1.weight,transformer.h.2.mlp.w1.weight,"[1024, 384]",energy_25,1,0.8337072730064392,0.002596488920971751,0.005056934896856546,0.7994180917739868,0.8090725541114807,0.8337072730064392,0.02967071533203125,0.7994180917739868,0.0
0,1024,transformer.h.2.mlp.w1.weight,transformer.h.2.mlp.w1.weight,"[1024, 384]",energy_50,8,0.6956401467323303,0.0018858459079638124,0.005056934896856546,0.6497138738632202,0.6612802743911743,0.6956401467323303,0.052011728286743164,0.6497138738632202,0.0
0,1024,transformer.h.2.mlp.w1.weight,transformer.h.2.mlp.w1.weight,"[1024, 384]",energy_75,36,0.49898138642311096,0.0011526686139404774,0.005056934896856546,0.4495980441570282,0.4773173928260803,0.49898138642311096,0.0808708667755127,0.4495980441570282,0.0
0,1024,transformer.h.2.mlp.w1.weight,transformer.h.2.mlp.w1.weight,"[1024, 384]",energy_90,99,0.31469449400901794,0.0006057995487935841,0.005056934896856546,0.26485711336135864,0.288578063249588,0.31469449400901794,0.10284203290939331,0.26485711336135864,0.0
0,1024,transformer.h.2.mlp.w2.weight,transformer.h.2.mlp.w2.weight,"[1024, 384]",fixed_1,1,0.8449424505233765,0.003134362865239382,0.003732878714799881,0.8183656334877014,0.8058385848999023,0.8449424505233765,0.028114736080169678,0.8183656334877014,0.0
0,1024,transformer.h.2.mlp.w2.weight,transformer.h.2.mlp.w2.weight,"[1024, 384]",fixed_2,2,0.8129348754882812,0.003127769799903035,0.003732878714799881,0.7886356115341187,0.7895185351371765,0.8129348754882812,0.03303128480911255,0.7886356115341187,0.0
0,1024,transformer.h.2.mlp.w2.weight,transformer.h.2.mlp.w2.weight,"[1024, 384]",fixed_4,4,0.7660065293312073,0.0027921698056161404,0.003732878714799881,0.7429887056350708,0.7416487336158752,0.7660065293312073,0.04085350036621094,0.7429887056350708,0.0
0,1024,transformer.h.2.mlp.w2.weight,transformer.h.2.mlp.w2.weight,"[1024, 384]",fixed_8,8,0.7035526037216187,0.0019165410194545984,0.003732878714799881,0.6673927903175354,0.6866586208343506,0.7035526037216187,0.05144006013870239,0.6673927903175354,0.0
0,1024,transformer.h.2.mlp.w2.weight,transformer.h.2.mlp.w2.weight,"[1024, 384]",fixed_16,16,0.6197895407676697,0.0015975881833583117,0.003732878714799881,0.5715166330337524,0.6054877638816833,0.6197895407676697,0.06504535675048828,0.5715166330337524,0.0
0,1024,transformer.h.2.mlp.w2.weight,transformer.h.2.mlp.w2.weight,"[1024, 384]",energy_25,1,0.8449424505233765,0.003134362865239382,0.003732878714799881,0.8183656334877014,0.8058385848999023,0.8449424505233765,0.028114736080169678,0.8183656334877014,0.0
0,1024,transformer.h.2.mlp.w2.weight,transformer.h.2.mlp.w2.weight,"[1024, 384]",energy_50,8,0.7035526037216187,0.0019165410194545984,0.003732878714799881,0.6673927903175354,0.6866586208343506,0.7035526037216187,0.05144006013870239,0.6673927903175354,0.0
0,1024,transformer.h.2.mlp.w2.weight,transformer.h.2.mlp.w2.weight,"[1024, 384]",energy_75,36,0.4986385107040405,0.001039223512634635,0.003732878714799881,0.4368443489074707,0.47985681891441345,0.4986385107040405,0.0829353928565979,0.4368443489074707,0.0
0,1024,transformer.h.2.mlp.w2.weight,transformer.h.2.mlp.w2.weight,"[1024, 384]",energy_90,98,0.3142510652542114,0.0005453978083096445,0.003732878714799881,0.25931525230407715,0.2792602479457855,0.3142510652542114,0.10507851839065552,0.25931525230407715,0.0
0,1024,transformer.h.2.mlp.c_proj.weight,transformer.h.2.mlp.c_proj.weight,"[384, 1024]",fixed_1,1,0.941504180431366,0.009460082277655602,0.009279368445277214,0.9043227434158325,0.8930016756057739,0.941504180431366,0.010195732116699219,0.9043227434158325,0.0
0,1024,transformer.h.2.mlp.c_proj.weight,transformer.h.2.mlp.c_proj.weight,"[384, 1024]",fixed_2,2,0.9133856296539307,0.008805396035313606,0.009279368445277214,0.8345823287963867,0.8327072262763977,0.9133856296539307,0.01670771837234497,0.8345823287963867,0.0
0,1024,transformer.h.2.mlp.c_proj.weight,transformer.h.2.mlp.c_proj.weight,"[384, 1024]",fixed_4,4,0.866697371006012,0.007227081805467606,0.009279368445277214,0.7495017647743225,0.7528716921806335,0.866697371006012,0.02630305290222168,0.7495017647743225,0.0
0,1024,transformer.h.2.mlp.c_proj.weight,transformer.h.2.mlp.c_proj.weight,"[384, 1024]",fixed_8,8,0.8029559254646301,0.005880771670490503,0.009279368445277214,0.6270728707313538,0.6427223682403564,0.8029559254646301,0.03977149724960327,0.6270728707313538,0.0
0,1024,transformer.h.2.mlp.c_proj.weight,transformer.h.2.mlp.c_proj.weight,"[384, 1024]",fixed_16,16,0.7157605886459351,0.004681786987930536,0.009279368445277214,0.5220915675163269,0.5354567170143127,0.7157605886459351,0.053983092308044434,0.5220915675163269,0.0
0,1024,transformer.h.2.mlp.c_proj.weight,transformer.h.2.mlp.c_proj.weight,"[384, 1024]",energy_25,5,0.8500313758850098,0.006709194276481867,0.009279368445277214,0.7233150601387024,0.742479681968689,0.8500313758850098,0.029643118381500244,0.7233150601387024,0.0
0,1024,transformer.h.2.mlp.c_proj.weight,transformer.h.2.mlp.c_proj.weight,"[384, 1024]",energy_50,17,0.7069358229637146,0.004384203813970089,0.009279368445277214,0.5113423466682434,0.5271521210670471,0.7069358229637146,0.055377840995788574,0.5113423466682434,0.0
0,1024,transformer.h.2.mlp.c_proj.weight,transformer.h.2.mlp.c_proj.weight,"[384, 1024]",energy_75,57,0.496796190738678,0.002394553739577532,0.009279368445277214,0.3164690136909485,0.3306345045566559,0.496796190738678,0.08168524503707886,0.3164690136909485,0.0
0,1024,transformer.h.2.mlp.c_proj.weight,transformer.h.2.mlp.c_proj.weight,"[384, 1024]",energy_90,129,0.3154524862766266,0.0014845675323158503,0.009279368445277214,0.18427324295043945,0.1906731128692627,0.3154524862766266,0.09644472599029541,0.18427324295043945,0.0
0,1024,transformer.h.3.attn.c_attn.weight,transformer.h.3.attn.c_attn.weight,"[1152, 384]",fixed_1,1,0.6640196442604065,0.0024462866131216288,0.0057103862054646015,0.5119506120681763,0.6600235104560852,0.6640196442604065,0.10616183280944824,0.5119506120681763,0.7303182482719421
0,1024,transformer.h.3.attn.c_attn.weight,transformer.h.3.attn.c_attn.weight,"[1152, 384]",fixed_2,2,0.6125973463058472,0.002515906235203147,0.0057103862054646015,0.47576314210891724,0.6605967283248901,0.6125973463058472,0.12553918361663818,0.47576314210891724,0.734528124332428
0,1024,transformer.h.3.attn.c_attn.weight,transformer.h.3.attn.c_attn.weight,"[1152, 384]",fixed_4,4,0.5424677729606628,0.002252726349979639,0.0057103862054646015,0.4275093078613281,0.5845043659210205,0.5424677729606628,0.15383005142211914,0.4275093078613281,0.7316197752952576
0,1024,transformer.h.3.attn.c_attn.weight,transformer.h.3.attn.c_attn.weight,"[1152, 384]",fixed_8,8,0.4523978531360626,0.001687176525592804,0.0057103862054646015,0.35200151801109314,0.4697650074958801,0.4523978531360626,0.20700865983963013,0.35200151801109314,0.7336515188217163
0,1024,transformer.h.3.attn.c_attn.weight,transformer.h.3.attn.c_attn.weight,"[1152, 384]",fixed_16,16,0.35082298517227173,0.0014794021844863892,0.0057103862054646015,0.27977827191352844,0.4231218993663788,0.35082298517227173,0.2738252878189087,0.27977827191352844,0.7245654463768005
0,1024,transformer.h.3.attn.c_attn.weight,transformer.h.3.attn.c_attn.weight,"[1152, 384]",energy_25,1,0.6640196442604065,0.0024462866131216288,0.0057103862054646015,0.5119506120681763,0.6600235104560852,0.6640196442604065,0.10616183280944824,0.5119506120681763,0.7303182482719421
0,1024,transformer.h.3.attn.c_attn.weight,transformer.h.3.attn.c_attn.weight,"[1152, 384]",energy_50,1,0.6640196442604065,0.0024462866131216288,0.0057103862054646015,0.5119506120681763,0.6600235104560852,0.6640196442604065,0.10616183280944824,0.5119506120681763,0.7303182482719421
0,1024,transformer.h.3.attn.c_attn.weight,transformer.h.3.attn.c_attn.weight,"[1152, 384]",energy_75,6,0.48958584666252136,0.0020308003295212984,0.0057103862054646015,0.3862091600894928,0.5131552219390869,0.48958584666252136,0.18202537298202515,0.3862091600894928,0.7262141108512878
0,1024,transformer.h.3.attn.c_attn.weight,transformer.h.3.attn.c_attn.weight,"[1152, 384]",energy_90,21,0.30878621339797974,0.0009725643903948367,0.0057103862054646015,0.24371543526649475,0.39968812465667725,0.30878621339797974,0.3090994358062744,0.24371543526649475,0.7162390947341919
0,1024,transformer.h.3.attn.c_proj.weight,transformer.h.3.attn.c_proj.weight,"[384, 384]",fixed_1,1,0.6722080707550049,0.004751893691718578,0.011759635992348194,0.5885152220726013,0.617842972278595,0.6722080707550049,0.08779120445251465,0.5885152220726013,0.870193600654602
0,1024,transformer.h.3.attn.c_proj.weight,transformer.h.3.attn.c_proj.weight,"[384, 384]",fixed_2,2,0.6264882683753967,0.004574620630592108,0.011759635992348194,0.5523316264152527,0.5770047307014465,0.6264882683753967,0.10300606489181519,0.5523316264152527,0.8694193959236145
0,1024,transformer.h.3.attn.c_proj.weight,transformer.h.3.attn.c_proj.weight,"[384, 384]",fixed_4,4,0.5530851483345032,0.003927044570446014,0.011759635992348194,0.4837760329246521,0.512468695640564,0.5530851483345032,0.1348435878753662,0.4837760329246521,0.8700563311576843
0,1024,transformer.h.3.attn.c_proj.weight,transformer.h.3.attn.c_proj.weight,"[384, 384]",fixed_8,8,0.47251221537590027,0.003682695562019944,0.011759635992348194,0.4244769215583801,0.4471501410007477,0.47251221537590027,0.17442947626113892,0.4244769215583801,0.871558666229248
0,1024,transformer.h.3.attn.c_proj.weight,transformer.h.3.attn.c_proj.weight,"[384, 384]",fixed_16,16,0.3753145933151245,0.0024916103575378656,0.011759635992348194,0.3212777376174927,0.3421238362789154,0.3753145933151245,0.2450656294822693,0.3212777376174927,0.8737317323684692
0,1024,transformer.h.3.attn.c_proj.weight,transformer.h.3.attn.c_proj.weight,"[384, 384]",energy_25,1,0.6722080707550049,0.004751893691718578,0.011759635992348194,0.5885152220726013,0.617842972278595,0.6722080707550049,0.08779120445251465,0.5885152220726013,0.870193600654602
0,1024,transformer.h.3.attn.c_proj.weight,transformer.h.3.attn.c_proj.weight,"[384, 384]",energy_50,1,0.6722080707550049,0.004751893691718578,0.011759635992348194,0.5885152220726013,0.617842972278595,0.6722080707550049,0.08779120445251465,0.5885152220726013,0.870193600654602
0,1024,transformer.h.3.attn.c_proj.weight,transformer.h.3.attn.c_proj.weight,"[384, 384]",energy_75,7,0.48826074600219727,0.0036058593541383743,0.011759635992348194,0.43247100710868835,0.45718464255332947,0.48826074600219727,0.1696653962135315,0.43247100710868835,0.866899311542511
0,1024,transformer.h.3.attn.c_proj.weight,transformer.h.3.attn.c_proj.weight,"[384, 384]",energy_90,24,0.31067994236946106,0.002050005365163088,0.011759635992348194,0.26381179690361023,0.27996161580085754,0.31067994236946106,0.29402363300323486,0.26381179690361023,0.8691425323486328
0,1024,transformer.h.3.mlp.w1.weight,transformer.h.3.mlp.w1.weight,"[1024, 384]",fixed_1,1,0.9166224002838135,0.0043249791488051414,0.0054186307825148106,0.9138537645339966,0.9136099219322205,0.9166224002838135,0.012461423873901367,0.9138537645339966,0.0
0,1024,transformer.h.3.mlp.w1.weight,transformer.h.3.mlp.w1.weight,"[1024, 384]",fixed_2,2,0.8800464272499084,0.0039521800354123116,0.0054186307825148106,0.8863239288330078,0.8929029703140259,0.8800464272499084,0.017116248607635498,0.8863239288330078,0.0
0,1024,transformer.h.3.mlp.w1.weight,transformer.h.3.mlp.w1.weight,"[1024, 384]",fixed_4,4,0.8248319625854492,0.0025699278339743614,0.0054186307825148106,0.8088537454605103,0.827455997467041,0.8248319625854492,0.026580512523651123,0.8088537454605103,0.0
0,1024,transformer.h.3.mlp.w1.weight,transformer.h.3.mlp.w1.weight,"[1024, 384]",fixed_8,8,0.7578297257423401,0.0019258136162534356,0.0054186307825148106,0.7337515950202942,0.7560299634933472,0.7578297257423401,0.037326037883758545,0.7337515950202942,0.0
0,1024,transformer.h.3.mlp.w1.weight,transformer.h.3.mlp.w1.weight,"[1024, 384]",fixed_16,16,0.6714196801185608,0.0015769044402986765,0.0054186307825148106,0.6326886415481567,0.6745263338088989,0.6714196801185608,0.05048370361328125,0.6326886415481567,0.0
0,1024,transformer.h.3.mlp.w1.weight,transformer.h.3.mlp.w1.weight,"[1024, 384]",energy_25,3,0.8484647870063782,0.004182478412985802,0.0054186307825148106,0.844351589679718,0.8513689041137695,0.8484647870063782,0.023165464401245117,0.844351589679718,0.0
0,1024,transformer.h.3.mlp.w1.weight,transformer.h.3.mlp.w1.weight,"[1024, 384]",energy_50,13,0.6991073489189148,0.0015869657509028912,0.0054186307825148106,0.6615346074104309,0.7070765495300293,0.6991073489189148,0.04621249437332153,0.6615346074104309,0.0
0,1024,transformer.h.3.mlp.w1.weight,transformer.h.3.mlp.w1.weight,"[1024, 384]",energy_75,46,0.4962396025657654,0.0009882107842713594,0.0054186307825148106,0.45361328125,0.490715354681015,0.4962396025657654,0.07280457019805908,0.45361328125,0.0
0,1024,transformer.h.3.mlp.w1.weight,transformer.h.3.mlp.w1.weight,"[1024, 384]",energy_90,110,0.31528380513191223,0.0005677270819433033,0.0054186307825148106,0.26840466260910034,0.29258301854133606,0.31528380513191223,0.09186476469039917,0.26840466260910034,0.0
0,1024,transformer.h.3.mlp.w2.weight,transformer.h.3.mlp.w2.weight,"[1024, 384]",fixed_1,1,0.9222990870475769,0.003911952488124371,0.005054945591837168,0.907255232334137,0.9197092056274414,0.9222990870475769,0.013186514377593994,0.907255232334137,0.0
0,1024,transformer.h.3.mlp.w2.weight,transformer.h.3.mlp.w2.weight,"[1024, 384]",fixed_2,2,0.8856170773506165,0.003907577134668827,0.005054945591837168,0.8802214860916138,0.8949776291847229,0.8856170773506165,0.01778411865234375,0.8802214860916138,0.0
0,1024,transformer.h.3.mlp.w2.weight,transformer.h.3.mlp.w2.weight,"[1024, 384]",fixed_4,4,0.8281225562095642,0.002398671582341194,0.005054945591837168,0.8140370845794678,0.8418620228767395,0.8281225562095642,0.02675563097000122,0.8140370845794678,0.0
0,1024,transformer.h.3.mlp.w2.weight,transformer.h.3.mlp.w2.weight,"[1024, 384]",fixed_8,8,0.7570440769195557,0.0019128754502162337,0.005054945591837168,0.7274858951568604,0.7648435235023499,0.7570440769195557,0.03789198398590088,0.7274858951568604,0.0
0,1024,transformer.h.3.mlp.w2.weight,transformer.h.3.mlp.w2.weight,"[1024, 384]",fixed_16,16,0.6676976084709167,0.001465403358452022,0.005054945591837168,0.6191603541374207,0.6584001779556274,0.6676976084709167,0.05189955234527588,0.6191603541374207,0.0
0,1024,transformer.h.3.mlp.w2.weight,transformer.h.3.mlp.w2.weight,"[1024, 384]",energy_25,3,0.8534509539604187,0.003984479233622551,0.005054945591837168,0.8418281078338623,0.8665529489517212,0.8534509539604187,0.023885071277618408,0.8418281078338623,0.0
0,1024,transformer.h.3.mlp.w2.weight,transformer.h.3.mlp.w2.weight,"[1024, 384]",energy_50,12,0.7068972587585449,0.001853118184953928,0.005054945591837168,0.6646398901939392,0.707848846912384,0.7068972587585449,0.04612421989440918,0.6646398901939392,0.0
0,1024,transformer.h.3.mlp.w2.weight,transformer.h.3.mlp.w2.weight,"[1024, 384]",energy_75,44,0.4972632825374603,0.0010202277917414904,0.005054945591837168,0.4461834132671356,0.48645809292793274,0.4972632825374603,0.07505637407302856,0.4461834132671356,0.0
0,1024,transformer.h.3.mlp.w2.weight,transformer.h.3.mlp.w2.weight,"[1024, 384]",energy_90,107,0.3159068524837494,0.0005377588095143437,0.005054945591837168,0.2654362618923187,0.28838521242141724,0.3159068524837494,0.09495306015014648,0.2654362618923187,0.0
0,1024,transformer.h.3.mlp.c_proj.weight,transformer.h.3.mlp.c_proj.weight,"[384, 1024]",fixed_1,1,0.9413589239120483,0.009878925047814846,0.011712763458490372,0.9252757430076599,0.9106876254081726,0.9413589239120483,0.009752213954925537,0.9252757430076599,0.0
0,1024,transformer.h.3.mlp.c_proj.weight,transformer.h.3.mlp.c_proj.weight,"[384, 1024]",fixed_2,2,0.9005804657936096,0.007336859591305256,0.011712763458490372,0.7924946546554565,0.813782811164856,0.9005804657936096,0.020546436309814453,0.7924946546554565,0.0
0,1024,transformer.h.3.mlp.c_proj.weight,transformer.h.3.mlp.c_proj.weight,"[384, 1024]",fixed_4,4,0.863143801689148,0.005554229021072388,0.011712763458490372,0.6983042359352112,0.728521466255188,0.863143801689148,0.02952808141708374,0.6983042359352112,0.0
0,1024,transformer.h.3.mlp.c_proj.weight,transformer.h.3.mlp.c_proj.weight,"[384, 1024]",fixed_8,8,0.8060694932937622,0.005504925735294819,0.011712763458490372,0.6284116506576538,0.6495257616043091,0.8060694932937622,0.037983477115631104,0.6284116506576538,0.0
0,1024,transformer.h.3.mlp.c_proj.weight,transformer.h.3.mlp.c_proj.weight,"[384, 1024]",fixed_16,16,0.7265347838401794,0.004249720834195614,0.011712763458490372,0.537050187587738,0.5555251836776733,0.7265347838401794,0.04994624853134155,0.537050187587738,0.0
0,1024,transformer.h.3.mlp.c_proj.weight,transformer.h.3.mlp.c_proj.weight,"[384, 1024]",energy_25,4,0.863143801689148,0.005554229021072388,0.011712763458490372,0.6983042359352112,0.728521466255188,0.863143801689148,0.02952808141708374,0.6983042359352112,0.0
0,1024,transformer.h.3.mlp.c_proj.weight,transformer.h.3.mlp.c_proj.weight,"[384, 1024]",energy_50,19,0.7032179832458496,0.003995288163423538,0.011712763458490372,0.5158628821372986,0.5368160009384155,0.7032179832458496,0.05280423164367676,0.5158628821372986,0.0
0,1024,transformer.h.3.mlp.c_proj.weight,transformer.h.3.mlp.c_proj.weight,"[384, 1024]",energy_75,62,0.4994294345378876,0.0023187987972050905,0.011712763458490372,0.32009974122047424,0.33473584055900574,0.4994294345378876,0.07644003629684448,0.32009974122047424,0.0
0,1024,transformer.h.3.mlp.c_proj.weight,transformer.h.3.mlp.c_proj.weight,"[384, 1024]",energy_90,139,0.315875381231308,0.0013634650968015194,0.011712763458490372,0.1866215616464615,0.19387125968933105,0.315875381231308,0.08988553285598755,0.1866215616464615,0.0
0,1024,transformer.h.4.attn.c_attn.weight,transformer.h.4.attn.c_attn.weight,"[1152, 384]",fixed_1,1,0.8486906290054321,0.0025947117246687412,0.003519583959132433,0.7721877098083496,0.7155136466026306,0.8486906290054321,0.047045111656188965,0.7721877098083496,0.6337843537330627
0,1024,transformer.h.4.attn.c_attn.weight,transformer.h.4.attn.c_attn.weight,"[1152, 384]",fixed_2,2,0.7639071345329285,0.001955002313479781,0.003519583959132433,0.7035461664199829,0.6822137236595154,0.7639071345329285,0.07081049680709839,0.7035461664199829,0.6366755962371826
0,1024,transformer.h.4.attn.c_attn.weight,transformer.h.4.attn.c_attn.weight,"[1152, 384]",fixed_4,4,0.668388843536377,0.0018119431333616376,0.003519583959132433,0.6147748827934265,0.6587011814117432,0.668388843536377,0.09964567422866821,0.6147748827934265,0.6312902569770813
0,1024,transformer.h.4.attn.c_attn.weight,transformer.h.4.attn.c_attn.weight,"[1152, 384]",fixed_8,8,0.5538532733917236,0.00159366091247648,0.003519583959132433,0.5130154490470886,0.6022149920463562,0.5538532733917236,0.14647042751312256,0.5130154490470886,0.6345368027687073
0,1024,transformer.h.4.attn.c_attn.weight,transformer.h.4.attn.c_attn.weight,"[1152, 384]",fixed_16,16,0.4264759123325348,0.0010201254626736045,0.003519583959132433,0.41147616505622864,0.5634644627571106,0.4264759123325348,0.21225398778915405,0.41147616505622864,0.6250842809677124
0,1024,transformer.h.4.attn.c_attn.weight,transformer.h.4.attn.c_attn.weight,"[1152, 384]",energy_25,1,0.8486906290054321,0.0025947117246687412,0.003519583959132433,0.7721877098083496,0.7155136466026306,0.8486906290054321,0.047045111656188965,0.7721877098083496,0.6337843537330627
0,1024,transformer.h.4.attn.c_attn.weight,transformer.h.4.attn.c_attn.weight,"[1152, 384]",energy_50,3,0.7064377665519714,0.0019858430605381727,0.003519583959132433,0.6451369524002075,0.6909143924713135,0.7064377665519714,0.0883171558380127,0.6451369524002075,0.6326747536659241
0,1024,transformer.h.4.attn.c_attn.weight,transformer.h.4.attn.c_attn.weight,"[1152, 384]",energy_75,11,0.497634619474411,0.0011058226227760315,0.003519583959132433,0.4668717086315155,0.5869044661521912,0.497634619474411,0.17520028352737427,0.4668717086315155,0.6300961375236511
0,1024,transformer.h.4.attn.c_attn.weight,transformer.h.4.attn.c_attn.weight,"[1152, 384]",energy_90,27,0.3158356547355652,0.0006857027765363455,0.003519583959132433,0.3138095438480377,0.5374968647956848,0.3158356547355652,0.2850772738456726,0.3138095438480377,0.6171447038650513
0,1024,transformer.h.4.attn.c_proj.weight,transformer.h.4.attn.c_proj.weight,"[384, 384]",fixed_1,1,0.8284623026847839,0.004074446391314268,0.007035695482045412,0.7519705295562744,0.7725160717964172,0.8284623026847839,0.04604041576385498,0.7519705295562744,0.764369547367096
0,1024,transformer.h.4.attn.c_proj.weight,transformer.h.4.attn.c_proj.weight,"[384, 384]",fixed_2,2,0.7606460452079773,0.003993297927081585,0.007035695482045412,0.6772816777229309,0.6734970808029175,0.7606460452079773,0.06609952449798584,0.6772816777229309,0.7635920643806458
0,1024,transformer.h.4.attn.c_proj.weight,transformer.h.4.attn.c_proj.weight,"[384, 384]",fixed_4,4,0.6617211103439331,0.0030360084492713213,0.007035695482045412,0.5863186120986938,0.5893136858940125,0.6617211103439331,0.09882652759552002,0.5863186120986938,0.7608645558357239
0,1024,transformer.h.4.attn.c_proj.weight,transformer.h.4.attn.c_proj.weight,"[384, 384]",fixed_8,8,0.5599660873413086,0.002480044960975647,0.007035695482045412,0.5013538002967834,0.5063198208808899,0.5599660873413086,0.13578695058822632,0.5013538002967834,0.7603015899658203
0,1024,transformer.h.4.attn.c_proj.weight,transformer.h.4.attn.c_proj.weight,"[384, 384]",fixed_16,16,0.4453214406967163,0.0020257076248526573,0.007035695482045412,0.3929824233055115,0.39524367451667786,0.4453214406967163,0.19742470979690552,0.3929824233055115,0.7612897753715515
0,1024,transformer.h.4.attn.c_proj.weight,transformer.h.4.attn.c_proj.weight,"[384, 384]",energy_25,1,0.8284623026847839,0.004074446391314268,0.007035695482045412,0.7519705295562744,0.7725160717964172,0.8284623026847839,0.04604041576385498,0.7519705295562744,0.764369547367096
0,1024,transformer.h.4.attn.c_proj.weight,transformer.h.4.attn.c_proj.weight,"[384, 384]",energy_50,3,0.7021999359130859,0.0033883308060467243,0.007035695482045412,0.6307018995285034,0.6367167830467224,0.7021999359130859,0.08280062675476074,0.6307018995285034,0.7638453245162964
0,1024,transformer.h.4.attn.c_proj.weight,transformer.h.4.attn.c_proj.weight,"[384, 384]",energy_75,12,0.49726319313049316,0.0022004880011081696,0.007035695482045412,0.4453553557395935,0.4525381922721863,0.49726319313049316,0.16777664422988892,0.4453553557395935,0.7633413672447205
0,1024,transformer.h.4.attn.c_proj.weight,transformer.h.4.attn.c_proj.weight,"[384, 384]",energy_90,32,0.31151917576789856,0.0013450580881908536,0.007035695482045412,0.2665749490261078,0.2687983810901642,0.31151917576789856,0.2889566421508789,0.2665749490261078,0.7693472504615784
0,1024,transformer.h.4.mlp.w1.weight,transformer.h.4.mlp.w1.weight,"[1024, 384]",fixed_1,1,0.9454006552696228,0.0038856135215610266,0.0038520274683833122,0.9088060855865479,0.9035729765892029,0.9454006552696228,0.01171189546585083,0.9088060855865479,0.0
0,1024,transformer.h.4.mlp.w1.weight,transformer.h.4.mlp.w1.weight,"[1024, 384]",fixed_2,2,0.9075364470481873,0.0028915628790855408,0.0038520274683833122,0.8551722168922424,0.8641887903213501,0.9075364470481873,0.017668068408966064,0.8551722168922424,0.0
0,1024,transformer.h.4.mlp.w1.weight,transformer.h.4.mlp.w1.weight,"[1024, 384]",fixed_4,4,0.8539241552352905,0.002613392658531666,0.0038520274683833122,0.7931493520736694,0.7969138026237488,0.8539241552352905,0.027166366577148438,0.7931493520736694,0.0
0,1024,transformer.h.4.mlp.w1.weight,transformer.h.4.mlp.w1.weight,"[1024, 384]",fixed_8,8,0.7821168899536133,0.0023372916039079428,0.0038520274683833122,0.7222532629966736,0.7196831107139587,0.7821168899536133,0.037659645080566406,0.7222532629966736,0.0
0,1024,transformer.h.4.mlp.w1.weight,transformer.h.4.mlp.w1.weight,"[1024, 384]",fixed_16,16,0.6884589195251465,0.001997885527089238,0.0038520274683833122,0.6336241960525513,0.6495644450187683,0.6884589195251465,0.05164802074432373,0.6336241960525513,0.0
0,1024,transformer.h.4.mlp.w1.weight,transformer.h.4.mlp.w1.weight,"[1024, 384]",energy_25,4,0.8539241552352905,0.002613392658531666,0.0038520274683833122,0.7931493520736694,0.7969138026237488,0.8539241552352905,0.027166366577148438,0.7931493520736694,0.0
0,1024,transformer.h.4.mlp.w1.weight,transformer.h.4.mlp.w1.weight,"[1024, 384]",energy_50,15,0.6980060338973999,0.0019939783960580826,0.0038520274683833122,0.6452046036720276,0.6549075841903687,0.6980060338973999,0.04995524883270264,0.6452046036720276,0.0
0,1024,transformer.h.4.mlp.w1.weight,transformer.h.4.mlp.w1.weight,"[1024, 384]",energy_75,47,0.49968984723091125,0.000940868048928678,0.0038520274683833122,0.41968807578086853,0.4533253014087677,0.49968984723091125,0.07892948389053345,0.41968807578086853,0.0
0,1024,transformer.h.4.mlp.w1.weight,transformer.h.4.mlp.w1.weight,"[1024, 384]",energy_90,110,0.3161965012550354,0.0005073609063401818,0.0038520274683833122,0.2504800260066986,0.2670440673828125,0.3161965012550354,0.09811115264892578,0.2504800260066986,0.0
0,1024,transformer.h.4.mlp.w2.weight,transformer.h.4.mlp.w2.weight,"[1024, 384]",fixed_1,1,0.949900209903717,0.003986984025686979,0.004332775250077248,0.9315488338470459,0.9597917795181274,0.949900209903717,0.009138822555541992,0.9315488338470459,0.0
0,1024,transformer.h.4.mlp.w2.weight,transformer.h.4.mlp.w2.weight,"[1024, 384]",fixed_2,2,0.914972722530365,0.0031461967155337334,0.004332775250077248,0.8818055987358093,0.9180444478988647,0.914972722530365,0.015375971794128418,0.8818055987358093,0.0
0,1024,transformer.h.4.mlp.w2.weight,transformer.h.4.mlp.w2.weight,"[1024, 384]",fixed_4,4,0.861905574798584,0.0025061785709112883,0.004332775250077248,0.8241294026374817,0.8619239330291748,0.861905574798584,0.024097323417663574,0.8241294026374817,0.0
0,1024,transformer.h.4.mlp.w2.weight,transformer.h.4.mlp.w2.weight,"[1024, 384]",fixed_8,8,0.7878010272979736,0.0020036755595356226,0.004332775250077248,0.7366594076156616,0.793465793132782,0.7878010272979736,0.03603816032409668,0.7366594076156616,0.0
0,1024,transformer.h.4.mlp.w2.weight,transformer.h.4.mlp.w2.weight,"[1024, 384]",fixed_16,16,0.691265881061554,0.0016305944882333279,0.004332775250077248,0.6306031942367554,0.6842418909072876,0.691265881061554,0.05096030235290527,0.6306031942367554,0.0
0,1024,transformer.h.4.mlp.w2.weight,transformer.h.4.mlp.w2.weight,"[1024, 384]",energy_25,4,0.861905574798584,0.0025061785709112883,0.004332775250077248,0.8241294026374817,0.8619239330291748,0.861905574798584,0.024097323417663574,0.8241294026374817,0.0
0,1024,transformer.h.4.mlp.w2.weight,transformer.h.4.mlp.w2.weight,"[1024, 384]",energy_50,15,0.7008628845214844,0.0015925213228911161,0.004332775250077248,0.6424174904823303,0.6935105919837952,0.7008628845214844,0.04938352108001709,0.6424174904823303,0.0
0,1024,transformer.h.4.mlp.w2.weight,transformer.h.4.mlp.w2.weight,"[1024, 384]",energy_75,47,0.4980453550815582,0.0008828174904920161,0.004332775250077248,0.42774224281311035,0.4835984706878662,0.4980453550815582,0.07866984605789185,0.42774224281311035,0.0
0,1024,transformer.h.4.mlp.w2.weight,transformer.h.4.mlp.w2.weight,"[1024, 384]",energy_90,109,0.3155418038368225,0.0004956612829118967,0.004332775250077248,0.25596827268600464,0.2929157614707947,0.3155418038368225,0.09839826822280884,0.25596827268600464,0.0
0,1024,transformer.h.4.mlp.c_proj.weight,transformer.h.4.mlp.c_proj.weight,"[384, 1024]",fixed_1,1,0.8729844093322754,0.00769615126773715,0.008519480936229229,0.9077044725418091,0.9098168015480042,0.8729844093322754,0.01900959014892578,0.9077044725418091,0.0
0,1024,transformer.h.4.mlp.c_proj.weight,transformer.h.4.mlp.c_proj.weight,"[384, 1024]",fixed_2,2,0.8379249572753906,0.0075484151020646095,0.008519480936229229,0.834073543548584,0.8420002460479736,0.8379249572753906,0.02612704038619995,0.834073543548584,0.0
0,1024,transformer.h.4.mlp.c_proj.weight,transformer.h.4.mlp.c_proj.weight,"[384, 1024]",fixed_4,4,0.8018389344215393,0.005843354854732752,0.008519480936229229,0.7480717897415161,0.7525759935379028,0.8018389344215393,0.03400176763534546,0.7480717897415161,0.0
0,1024,transformer.h.4.mlp.c_proj.weight,transformer.h.4.mlp.c_proj.weight,"[384, 1024]",fixed_8,8,0.7466036677360535,0.005663308314979076,0.008519480936229229,0.6619009375572205,0.67164146900177,0.7466036677360535,0.043878793716430664,0.6619009375572205,0.0
0,1024,transformer.h.4.mlp.c_proj.weight,transformer.h.4.mlp.c_proj.weight,"[384, 1024]",fixed_16,16,0.6658952832221985,0.005044832825660706,0.008519480936229229,0.5600311756134033,0.5637252330780029,0.6658952832221985,0.05670487880706787,0.5600311756134033,0.0
0,1024,transformer.h.4.mlp.c_proj.weight,transformer.h.4.mlp.c_proj.weight,"[384, 1024]",energy_25,2,0.8379249572753906,0.0075484151020646095,0.008519480936229229,0.834073543548584,0.8420002460479736,0.8379249572753906,0.02612704038619995,0.834073543548584,0.0
0,1024,transformer.h.4.mlp.c_proj.weight,transformer.h.4.mlp.c_proj.weight,"[384, 1024]",energy_50,12,0.7023342251777649,0.005192186683416367,0.008519480936229229,0.6053543090820312,0.6143622398376465,0.7023342251777649,0.051198601722717285,0.6053543090820312,0.0
0,1024,transformer.h.4.mlp.c_proj.weight,transformer.h.4.mlp.c_proj.weight,"[384, 1024]",energy_75,49,0.497166246175766,0.0026623946614563465,0.008519480936229229,0.362288236618042,0.36511263251304626,0.497166246175766,0.07931679487228394,0.362288236618042,0.0
0,1024,transformer.h.4.mlp.c_proj.weight,transformer.h.4.mlp.c_proj.weight,"[384, 1024]",energy_90,124,0.3145108222961426,0.0014223299222066998,0.008519480936229229,0.20331934094429016,0.21012945473194122,0.3145108222961426,0.09530532360076904,0.20331934094429016,0.0
0,1024,transformer.h.5.attn.c_attn.weight,transformer.h.5.attn.c_attn.weight,"[1152, 384]",fixed_1,1,0.8731113076210022,0.002316148253157735,0.0034659183584153652,0.7480463981628418,0.8371981978416443,0.8731113076210022,0.04460495710372925,0.7480463981628418,0.6994024515151978
0,1024,transformer.h.5.attn.c_attn.weight,transformer.h.5.attn.c_attn.weight,"[1152, 384]",fixed_2,2,0.7846627831459045,0.0023039462976157665,0.0034659183584153652,0.6967912912368774,0.822968602180481,0.7846627831459045,0.06416678428649902,0.6967912912368774,0.7019150257110596
0,1024,transformer.h.5.attn.c_attn.weight,transformer.h.5.attn.c_attn.weight,"[1152, 384]",fixed_4,4,0.676746129989624,0.0019632752519100904,0.0034659183584153652,0.5573388934135437,0.7863548994064331,0.676746129989624,0.10397684574127197,0.5573388934135437,0.7040389776229858
0,1024,transformer.h.5.attn.c_attn.weight,transformer.h.5.attn.c_attn.weight,"[1152, 384]",fixed_8,8,0.548506498336792,0.0014853617176413536,0.0034659183584153652,0.44762855768203735,0.7557610869407654,0.548506498336792,0.15545880794525146,0.44762855768203735,0.7053986191749573
0,1024,transformer.h.5.attn.c_attn.weight,transformer.h.5.attn.c_attn.weight,"[1152, 384]",fixed_16,16,0.4096287190914154,0.0009443796006962657,0.0034659183584153652,0.34237420558929443,0.7065037488937378,0.4096287190914154,0.2311164140701294,0.34237420558929443,0.7015889883041382
0,1024,transformer.h.5.attn.c_attn.weight,transformer.h.5.attn.c_attn.weight,"[1152, 384]",energy_25,2,0.7846627831459045,0.0023039462976157665,0.0034659183584153652,0.6967912912368774,0.822968602180481,0.7846627831459045,0.06416678428649902,0.6967912912368774,0.7019150257110596
0,1024,transformer.h.5.attn.c_attn.weight,transformer.h.5.attn.c_attn.weight,"[1152, 384]",energy_50,4,0.676746129989624,0.0019632752519100904,0.0034659183584153652,0.5573388934135437,0.7863548994064331,0.676746129989624,0.10397684574127197,0.5573388934135437,0.7040389776229858
0,1024,transformer.h.5.attn.c_attn.weight,transformer.h.5.attn.c_attn.weight,"[1152, 384]",energy_75,11,0.4850850999355316,0.0012470920337364078,0.0034659183584153652,0.3978397250175476,0.7148326635360718,0.4850850999355316,0.18948489427566528,0.3978397250175476,0.7005890607833862
0,1024,transformer.h.5.attn.c_attn.weight,transformer.h.5.attn.c_attn.weight,"[1152, 384]",energy_90,25,0.31556618213653564,0.0007086570840328932,0.0034659183584153652,0.2706114649772644,0.6223476529121399,0.31556618213653564,0.29621052742004395,0.2706114649772644,0.7019751667976379
0,1024,transformer.h.5.attn.c_proj.weight,transformer.h.5.attn.c_proj.weight,"[384, 384]",fixed_1,1,0.8603501915931702,0.004191204439848661,0.005627746693789959,0.8414818644523621,0.8455728888511658,0.8603501915931702,0.038174331188201904,0.8414818644523621,0.7502779960632324
0,1024,transformer.h.5.attn.c_proj.weight,transformer.h.5.attn.c_proj.weight,"[384, 384]",fixed_2,2,0.7418212294578552,0.003968145698308945,0.005627746693789959,0.7233012318611145,0.7239758968353271,0.7418212294578552,0.07108992338180542,0.7233012318611145,0.7472503781318665
0,1024,transformer.h.5.attn.c_proj.weight,transformer.h.5.attn.c_proj.weight,"[384, 384]",fixed_4,4,0.6430076956748962,0.0032505455892533064,0.005627746693789959,0.6106500029563904,0.5979053974151611,0.6430076956748962,0.10707777738571167,0.6106500029563904,0.7464641332626343
0,1024,transformer.h.5.attn.c_proj.weight,transformer.h.5.attn.c_proj.weight,"[384, 384]",fixed_8,8,0.5388780832290649,0.0027372976765036583,0.005627746693789959,0.5161775946617126,0.5258069038391113,0.5388780832290649,0.14811694622039795,0.5161775946617126,0.7539010643959045
0,1024,transformer.h.5.attn.c_proj.weight,transformer.h.5.attn.c_proj.weight,"[384, 384]",fixed_16,16,0.41786453127861023,0.002076053759083152,0.005627746693789959,0.3913702070713043,0.3912009298801422,0.41786453127861023,0.22061818838119507,0.3913702070713043,0.74889075756073
0,1024,transformer.h.5.attn.c_proj.weight,transformer.h.5.attn.c_proj.weight,"[384, 384]",energy_25,1,0.8603501915931702,0.004191204439848661,0.005627746693789959,0.8414818644523621,0.8455728888511658,0.8603501915931702,0.038174331188201904,0.8414818644523621,0.7502779960632324
0,1024,transformer.h.5.attn.c_proj.weight,transformer.h.5.attn.c_proj.weight,"[384, 384]",energy_50,3,0.6848729848861694,0.003685366827994585,0.005627746693789959,0.6647528409957886,0.6767478585243225,0.6848729848861694,0.08917135000228882,0.6647528409957886,0.7472508549690247
0,1024,transformer.h.5.attn.c_proj.weight,transformer.h.5.attn.c_proj.weight,"[384, 384]",energy_75,11,0.48755645751953125,0.0022908940445631742,0.005627746693789959,0.4622657895088196,0.47139972448349,0.48755645751953125,0.17799079418182373,0.4622657895088196,0.7507379651069641
0,1024,transformer.h.5.attn.c_proj.weight,transformer.h.5.attn.c_proj.weight,"[384, 384]",energy_90,28,0.3142615258693695,0.0013960323994979262,0.005627746693789959,0.29722267389297485,0.2972326874732971,0.3142615258693695,0.29233813285827637,0.29722267389297485,0.7455964088439941
0,1024,transformer.h.5.mlp.w1.weight,transformer.h.5.mlp.w1.weight,"[1024, 384]",fixed_1,1,0.9210126399993896,0.004177637863904238,0.00917881540954113,0.9342193603515625,0.9716916084289551,0.9210126399993896,0.006609857082366943,0.9342193603515625,0.0
0,1024,transformer.h.5.mlp.w1.weight,transformer.h.5.mlp.w1.weight,"[1024, 384]",fixed_2,2,0.8743597865104675,0.003967642784118652,0.00917881540954113,0.8629093766212463,0.8868381381034851,0.8743597865104675,0.016139864921569824,0.8629093766212463,0.0
0,1024,transformer.h.5.mlp.w1.weight,transformer.h.5.mlp.w1.weight,"[1024, 384]",fixed_4,4,0.8057182431221008,0.0033522010780870914,0.00917881540954113,0.7313739061355591,0.748214840888977,0.8057182431221008,0.03348606824874878,0.7313739061355591,0.0
0,1024,transformer.h.5.mlp.w1.weight,transformer.h.5.mlp.w1.weight,"[1024, 384]",fixed_8,8,0.7218057513237,0.002088651992380619,0.00917881540954113,0.6393784880638123,0.6823261380195618,0.7218057513237,0.04848867654800415,0.6393784880638123,0.0
0,1024,transformer.h.5.mlp.w1.weight,transformer.h.5.mlp.w1.weight,"[1024, 384]",fixed_16,16,0.6248928308486938,0.0016164962435141206,0.00917881540954113,0.5368596315383911,0.5711833834648132,0.6248928308486938,0.06560105085372925,0.5368596315383911,0.0
0,1024,transformer.h.5.mlp.w1.weight,transformer.h.5.mlp.w1.weight,"[1024, 384]",energy_25,3,0.8391602039337158,0.004345602821558714,0.00917881540954113,0.7786136269569397,0.8087537288665771,0.8391602039337158,0.026314198970794678,0.7786136269569397,0.0
0,1024,transformer.h.5.mlp.w1.weight,transformer.h.5.mlp.w1.weight,"[1024, 384]",energy_50,9,0.7067850232124329,0.0019129023421555758,0.00917881540954113,0.6252596378326416,0.6597141027450562,0.7067850232124329,0.051272690296173096,0.6252596378326416,0.0
0,1024,transformer.h.5.mlp.w1.weight,transformer.h.5.mlp.w1.weight,"[1024, 384]",energy_75,35,0.49660924077033997,0.00120496132876724,0.00917881540954113,0.4099219739437103,0.4468890130519867,0.49660924077033997,0.08832836151123047,0.4099219739437103,0.0
0,1024,transformer.h.5.mlp.w1.weight,transformer.h.5.mlp.w1.weight,"[1024, 384]",energy_90,90,0.31612780690193176,0.0007241927087306976,0.00917881540954113,0.24396120011806488,0.2679518461227417,0.31612780690193176,0.11419391632080078,0.24396120011806488,0.0
0,1024,transformer.h.5.mlp.w2.weight,transformer.h.5.mlp.w2.weight,"[1024, 384]",fixed_1,1,0.9165024757385254,0.004679896868765354,0.010928885079920292,0.940941333770752,0.9765890836715698,0.9165024757385254,0.006531476974487305,0.940941333770752,0.0
0,1024,transformer.h.5.mlp.w2.weight,transformer.h.5.mlp.w2.weight,"[1024, 384]",fixed_2,2,0.8672653436660767,0.004020619671791792,0.010928885079920292,0.8550897240638733,0.893366813659668,0.8672653436660767,0.01708906888961792,0.8550897240638733,0.0
0,1024,transformer.h.5.mlp.w2.weight,transformer.h.5.mlp.w2.weight,"[1024, 384]",fixed_4,4,0.7996652126312256,0.003111637197434902,0.010928885079920292,0.7351105809211731,0.7706719636917114,0.7996652126312256,0.03310805559158325,0.7351105809211731,0.0
0,1024,transformer.h.5.mlp.w2.weight,transformer.h.5.mlp.w2.weight,"[1024, 384]",fixed_8,8,0.7183401584625244,0.002184694167226553,0.010928885079920292,0.6268259882926941,0.6802026629447937,0.7183401584625244,0.049506425857543945,0.6268259882926941,0.0
0,1024,transformer.h.5.mlp.w2.weight,transformer.h.5.mlp.w2.weight,"[1024, 384]",fixed_16,16,0.6217514276504517,0.0014606749173253775,0.010928885079920292,0.5250134468078613,0.5565956830978394,0.6217514276504517,0.06798899173736572,0.5250134468078613,0.0
0,1024,transformer.h.5.mlp.w2.weight,transformer.h.5.mlp.w2.weight,"[1024, 384]",energy_25,3,0.8298999071121216,0.0030379772651940584,0.010928885079920292,0.777370274066925,0.8322216868400574,0.8298999071121216,0.026190459728240967,0.777370274066925,0.0
0,1024,transformer.h.5.mlp.w2.weight,transformer.h.5.mlp.w2.weight,"[1024, 384]",energy_50,9,0.7034959197044373,0.0017686756327748299,0.010928885079920292,0.6072830557823181,0.661370038986206,0.7034959197044373,0.05250364542007446,0.6072830557823181,0.0
0,1024,transformer.h.5.mlp.w2.weight,transformer.h.5.mlp.w2.weight,"[1024, 384]",energy_75,35,0.4948926270008087,0.0011949718464165926,0.010928885079920292,0.4068197011947632,0.4480340778827667,0.4948926270008087,0.08918976783752441,0.4068197011947632,0.0
0,1024,transformer.h.5.mlp.w2.weight,transformer.h.5.mlp.w2.weight,"[1024, 384]",energy_90,90,0.31473708152770996,0.0005952702485956252,0.010928885079920292,0.24461789429187775,0.27773141860961914,0.31473708152770996,0.11606144905090332,0.24461789429187775,0.0
0,1024,transformer.h.5.mlp.c_proj.weight,transformer.h.5.mlp.c_proj.weight,"[384, 1024]",fixed_1,1,0.7628001570701599,0.009166528470814228,0.01264159195125103,0.8000549674034119,0.8204728960990906,0.7628001570701599,0.046348631381988525,0.8000549674034119,0.011841647326946259
0,1024,transformer.h.5.mlp.c_proj.weight,transformer.h.5.mlp.c_proj.weight,"[384, 1024]",fixed_2,2,0.7210098505020142,0.008362636901438236,0.01264159195125103,0.7047337293624878,0.7118059992790222,0.7210098505020142,0.05688607692718506,0.7047337293624878,0.012203345075249672
0,1024,transformer.h.5.mlp.c_proj.weight,transformer.h.5.mlp.c_proj.weight,"[384, 1024]",fixed_4,4,0.6791624426841736,0.0061294338665902615,0.01264159195125103,0.5894919037818909,0.6076145768165588,0.6791624426841736,0.06994456052780151,0.5894919037818909,0.011584321968257427
0,1024,transformer.h.5.mlp.c_proj.weight,transformer.h.5.mlp.c_proj.weight,"[384, 1024]",fixed_8,8,0.6276620030403137,0.004611341282725334,0.01264159195125103,0.4960927963256836,0.5154746174812317,0.6276620030403137,0.08357137441635132,0.4960927963256836,0.012175976298749447
0,1024,transformer.h.5.mlp.c_proj.weight,transformer.h.5.mlp.c_proj.weight,"[384, 1024]",fixed_16,16,0.553853452205658,0.0042008692398667336,0.01264159195125103,0.3982422351837158,0.4172961711883545,0.553853452205658,0.09904664754867554,0.3982422351837158,0.011652853339910507
0,1024,transformer.h.5.mlp.c_proj.weight,transformer.h.5.mlp.c_proj.weight,"[384, 1024]",energy_25,1,0.7628001570701599,0.009166528470814228,0.01264159195125103,0.8000549674034119,0.8204728960990906,0.7628001570701599,0.046348631381988525,0.8000549674034119,0.011841647326946259
0,1024,transformer.h.5.mlp.c_proj.weight,transformer.h.5.mlp.c_proj.weight,"[384, 1024]",energy_50,3,0.6975554823875427,0.006407436449080706,0.01264159195125103,0.6127058267593384,0.6241605877876282,0.6975554823875427,0.0659518837928772,0.6127058267593384,0.0116917435079813
0,1024,transformer.h.5.mlp.c_proj.weight,transformer.h.5.mlp.c_proj.weight,"[384, 1024]",energy_75,25,0.4990079998970032,0.003258952870965004,0.01264159195125103,0.3404802083969116,0.35555198788642883,0.4990079998970032,0.10865068435668945,0.3404802083969116,0.012095344252884388
0,1024,transformer.h.5.mlp.c_proj.weight,transformer.h.5.mlp.c_proj.weight,"[384, 1024]",energy_90,88,0.31569942831993103,0.001517636002972722,0.01264159195125103,0.18192680180072784,0.1896747350692749,0.31569942831993103,0.13491564989089966,0.18192680180072784,0.011503409594297409
0,2048,transformer.h.0.attn.c_attn.weight,transformer.h.0.attn.c_attn.weight,"[1152, 384]",fixed_1,1,0.7776410579681396,0.0037960789632052183,0.011438132263720036,0.5869688987731934,0.3959037661552429,0.7776410579681396,0.08088773488998413,0.5869688987731934,0.739855170249939
0,2048,transformer.h.0.attn.c_attn.weight,transformer.h.0.attn.c_attn.weight,"[1152, 384]",fixed_2,2,0.6382424831390381,0.0035356939770281315,0.011438132263720036,0.4972289204597473,0.3832007944583893,0.6382424831390381,0.12841647863388062,0.4972289204597473,0.7350971102714539
0,2048,transformer.h.0.attn.c_attn.weight,transformer.h.0.attn.c_attn.weight,"[1152, 384]",fixed_4,4,0.5105559825897217,0.002233665669336915,0.011438132263720036,0.4019450545310974,0.3747267425060272,0.5105559825897217,0.18711626529693604,0.4019450545310974,0.7256146669387817
0,2048,transformer.h.0.attn.c_attn.weight,transformer.h.0.attn.c_attn.weight,"[1152, 384]",fixed_8,8,0.42763158679008484,0.0021458968985825777,0.011438132263720036,0.3316701352596283,0.33104339241981506,0.42763158679008484,0.23585766553878784,0.3316701352596283,0.7212497591972351
0,2048,transformer.h.0.attn.c_attn.weight,transformer.h.0.attn.c_attn.weight,"[1152, 384]",fixed_16,16,0.3464164733886719,0.0017281492473557591,0.011438132263720036,0.2730175852775574,0.2833663821220398,0.3464164733886719,0.28557121753692627,0.2730175852775574,0.7201084494590759
0,2048,transformer.h.0.attn.c_attn.weight,transformer.h.0.attn.c_attn.weight,"[1152, 384]",energy_25,1,0.7776410579681396,0.0037960789632052183,0.011438132263720036,0.5869688987731934,0.3959037661552429,0.7776410579681396,0.08088773488998413,0.5869688987731934,0.739855170249939
0,2048,transformer.h.0.attn.c_attn.weight,transformer.h.0.attn.c_attn.weight,"[1152, 384]",energy_50,2,0.6382424831390381,0.0035356939770281315,0.011438132263720036,0.4972289204597473,0.3832007944583893,0.6382424831390381,0.12841647863388062,0.4972289204597473,0.7350971102714539
0,2048,transformer.h.0.attn.c_attn.weight,transformer.h.0.attn.c_attn.weight,"[1152, 384]",energy_75,5,0.4829581677913666,0.0022236539516597986,0.011438132263720036,0.3777124881744385,0.3681091070175171,0.4829581677913666,0.20183253288269043,0.3777124881744385,0.7271164059638977
0,2048,transformer.h.0.attn.c_attn.weight,transformer.h.0.attn.c_attn.weight,"[1152, 384]",energy_90,21,0.3123879134654999,0.0014377501793205738,0.011438132263720036,0.24515660107135773,0.26741185784339905,0.3123879134654999,0.3111152648925781,0.24515660107135773,0.7144778370857239
0,2048,transformer.h.0.attn.c_proj.weight,transformer.h.0.attn.c_proj.weight,"[384, 384]",fixed_1,1,0.8235936760902405,0.020190494135022163,0.022526446729898453,0.8117831349372864,0.7472132444381714,0.8235936760902405,0.04518219828605652,0.8117831349372864,0.8364461660385132
0,2048,transformer.h.0.attn.c_proj.weight,transformer.h.0.attn.c_proj.weight,"[384, 384]",fixed_2,2,0.6266264319419861,0.009439624845981598,0.022526446729898453,0.4874040484428406,0.4844530522823334,0.6266264319419861,0.12169405817985535,0.4874040484428406,0.8452513217926025
0,2048,transformer.h.0.attn.c_proj.weight,transformer.h.0.attn.c_proj.weight,"[384, 384]",fixed_4,4,0.49526602029800415,0.006635858677327633,0.022526446729898453,0.3515227138996124,0.3477035164833069,0.49526602029800415,0.19475749135017395,0.3515227138996124,0.8484084010124207
0,2048,transformer.h.0.attn.c_proj.weight,transformer.h.0.attn.c_proj.weight,"[384, 384]",fixed_8,8,0.395224004983902,0.0045373630709946156,0.022526446729898453,0.27331113815307617,0.27139922976493835,0.395224004983902,0.2616713345050812,0.27331113815307617,0.8483781814575195
0,2048,transformer.h.0.attn.c_proj.weight,transformer.h.0.attn.c_proj.weight,"[384, 384]",fixed_16,16,0.30819880962371826,0.003920399118214846,0.022526446729898453,0.2097497582435608,0.20836681127548218,0.30819880962371826,0.3291175067424774,0.2097497582435608,0.8512974381446838
0,2048,transformer.h.0.attn.c_proj.weight,transformer.h.0.attn.c_proj.weight,"[384, 384]",energy_25,1,0.8235936760902405,0.020190494135022163,0.022526446729898453,0.8117831349372864,0.7472132444381714,0.8235936760902405,0.04518219828605652,0.8117831349372864,0.8364461660385132
0,2048,transformer.h.0.attn.c_proj.weight,transformer.h.0.attn.c_proj.weight,"[384, 384]",energy_50,2,0.6266264319419861,0.009439624845981598,0.022526446729898453,0.4874040484428406,0.4844530522823334,0.6266264319419861,0.12169405817985535,0.4874040484428406,0.8452513217926025
0,2048,transformer.h.0.attn.c_proj.weight,transformer.h.0.attn.c_proj.weight,"[384, 384]",energy_75,4,0.49526602029800415,0.006635858677327633,0.022526446729898453,0.3515227138996124,0.3477035164833069,0.49526602029800415,0.19475749135017395,0.3515227138996124,0.8484084010124207
0,2048,transformer.h.0.attn.c_proj.weight,transformer.h.0.attn.c_proj.weight,"[384, 384]",energy_90,15,0.3159773051738739,0.0038659730926156044,0.022526446729898453,0.21503593027591705,0.21159690618515015,0.3159773051738739,0.32053330540657043,0.21503593027591705,0.8549205660820007
0,2048,transformer.h.0.mlp.w1.weight,transformer.h.0.mlp.w1.weight,"[1024, 384]",fixed_1,1,0.8414426445960999,0.0035849655978381634,0.009152081795036793,0.781566321849823,0.7904388904571533,0.8414426445960999,0.01999133825302124,0.781566321849823,0.0
0,2048,transformer.h.0.mlp.w1.weight,transformer.h.0.mlp.w1.weight,"[1024, 384]",fixed_2,2,0.7827198505401611,0.0032595102675259113,0.009152081795036793,0.7246960401535034,0.7350999116897583,0.7827198505401611,0.026647865772247314,0.7246960401535034,0.0
0,2048,transformer.h.0.mlp.w1.weight,transformer.h.0.mlp.w1.weight,"[1024, 384]",fixed_4,4,0.7356297969818115,0.0033111339434981346,0.009152081795036793,0.6827166080474854,0.6910791397094727,0.7356297969818115,0.031066536903381348,0.6827166080474854,0.0
0,2048,transformer.h.0.mlp.w1.weight,transformer.h.0.mlp.w1.weight,"[1024, 384]",fixed_8,8,0.6947547197341919,0.0030770194716751575,0.009152081795036793,0.6378920674324036,0.6604070663452148,0.6947547197341919,0.03539681434631348,0.6378920674324036,0.0
0,2048,transformer.h.0.mlp.w1.weight,transformer.h.0.mlp.w1.weight,"[1024, 384]",fixed_16,16,0.6436668634414673,0.0028794403187930584,0.009152081795036793,0.583817720413208,0.6159045100212097,0.6436668634414673,0.04038190841674805,0.583817720413208,0.0
0,2048,transformer.h.0.mlp.w1.weight,transformer.h.0.mlp.w1.weight,"[1024, 384]",energy_25,1,0.8414426445960999,0.0035849655978381634,0.009152081795036793,0.781566321849823,0.7904388904571533,0.8414426445960999,0.01999133825302124,0.781566321849823,0.0
0,2048,transformer.h.0.mlp.w1.weight,transformer.h.0.mlp.w1.weight,"[1024, 384]",energy_50,7,0.7030504941940308,0.0029118137899786234,0.009152081795036793,0.648818850517273,0.6715902090072632,0.7030504941940308,0.03427016735076904,0.648818850517273,0.0
0,2048,transformer.h.0.mlp.w1.weight,transformer.h.0.mlp.w1.weight,"[1024, 384]",energy_75,57,0.4981401264667511,0.0015466132899746299,0.009152081795036793,0.4275304079055786,0.4539623558521271,0.4981401264667511,0.05302971601486206,0.4275304079055786,0.0
0,2048,transformer.h.0.mlp.w1.weight,transformer.h.0.mlp.w1.weight,"[1024, 384]",energy_90,149,0.3147779107093811,0.0009137468878179789,0.009152081795036793,0.25673922896385193,0.2749374210834503,0.3147779107093811,0.06423598527908325,0.25673922896385193,0.0
0,2048,transformer.h.0.mlp.w2.weight,transformer.h.0.mlp.w2.weight,"[1024, 384]",fixed_1,1,0.8454435467720032,0.0035002436488866806,0.005921542178839445,0.7594194412231445,0.7875829935073853,0.8454435467720032,0.022388100624084473,0.7594194412231445,0.0
0,2048,transformer.h.0.mlp.w2.weight,transformer.h.0.mlp.w2.weight,"[1024, 384]",fixed_2,2,0.7826220393180847,0.0035023826640099287,0.005921542178839445,0.7016587853431702,0.7127206921577454,0.7826220393180847,0.029301106929779053,0.7016587853431702,0.0
0,2048,transformer.h.0.mlp.w2.weight,transformer.h.0.mlp.w2.weight,"[1024, 384]",fixed_4,4,0.7351003885269165,0.0034917108714580536,0.005921542178839445,0.6580094695091248,0.6772454380989075,0.7351003885269165,0.034054338932037354,0.6580094695091248,0.0
0,2048,transformer.h.0.mlp.w2.weight,transformer.h.0.mlp.w2.weight,"[1024, 384]",fixed_8,8,0.6953485012054443,0.002556587103754282,0.005921542178839445,0.6228985786437988,0.6537463665008545,0.6953485012054443,0.0379980206489563,0.6228985786437988,0.0
0,2048,transformer.h.0.mlp.w2.weight,transformer.h.0.mlp.w2.weight,"[1024, 384]",fixed_16,16,0.642950713634491,0.0022541601210832596,0.005921542178839445,0.5611760020256042,0.5941554307937622,0.642950713634491,0.04366582632064819,0.5611760020256042,0.0
0,2048,transformer.h.0.mlp.w2.weight,transformer.h.0.mlp.w2.weight,"[1024, 384]",energy_25,1,0.8454435467720032,0.0035002436488866806,0.005921542178839445,0.7594194412231445,0.7875829935073853,0.8454435467720032,0.022388100624084473,0.7594194412231445,0.0
0,2048,transformer.h.0.mlp.w2.weight,transformer.h.0.mlp.w2.weight,"[1024, 384]",energy_50,7,0.7032361626625061,0.0029343855567276478,0.005921542178839445,0.6311824917793274,0.6608493328094482,0.7032361626625061,0.03721725940704346,0.6311824917793274,0.0
0,2048,transformer.h.0.mlp.w2.weight,transformer.h.0.mlp.w2.weight,"[1024, 384]",energy_75,55,0.49969759583473206,0.0018455031095072627,0.005921542178839445,0.41832292079925537,0.4490017592906952,0.49969759583473206,0.056172966957092285,0.41832292079925537,0.0
0,2048,transformer.h.0.mlp.w2.weight,transformer.h.0.mlp.w2.weight,"[1024, 384]",energy_90,145,0.31546029448509216,0.000800096895545721,0.005921542178839445,0.24536606669425964,0.2635798752307892,0.31546029448509216,0.06817299127578735,0.24536606669425964,0.0
0,2048,transformer.h.0.mlp.c_proj.weight,transformer.h.0.mlp.c_proj.weight,"[384, 1024]",fixed_1,1,0.9033944010734558,0.013615436851978302,0.025979317724704742,0.7662564516067505,0.7745446562767029,0.9033944010734558,0.022044479846954346,0.7662564516067505,0.0
0,2048,transformer.h.0.mlp.c_proj.weight,transformer.h.0.mlp.c_proj.weight,"[384, 1024]",fixed_2,2,0.8656405210494995,0.013117845170199871,0.025979317724704742,0.6678978204727173,0.6839423775672913,0.8656405210494995,0.03207898139953613,0.6678978204727173,0.0
0,2048,transformer.h.0.mlp.c_proj.weight,transformer.h.0.mlp.c_proj.weight,"[384, 1024]",fixed_4,4,0.8154539465904236,0.010803228244185448,0.025979317724704742,0.5816732048988342,0.605517566204071,0.8154539465904236,0.042542338371276855,0.5816732048988342,0.0
0,2048,transformer.h.0.mlp.c_proj.weight,transformer.h.0.mlp.c_proj.weight,"[384, 1024]",fixed_8,8,0.7582201361656189,0.00976971723139286,0.025979317724704742,0.5240706205368042,0.557426393032074,0.7582201361656189,0.05164754390716553,0.5240706205368042,0.0
0,2048,transformer.h.0.mlp.c_proj.weight,transformer.h.0.mlp.c_proj.weight,"[384, 1024]",fixed_16,16,0.6853058338165283,0.007066004443913698,0.025979317724704742,0.4391469359397888,0.4641920328140259,0.6853058338165283,0.063681960105896,0.4391469359397888,0.0
0,2048,transformer.h.0.mlp.c_proj.weight,transformer.h.0.mlp.c_proj.weight,"[384, 1024]",energy_25,2,0.8656405210494995,0.013117845170199871,0.025979317724704742,0.6678978204727173,0.6839423775672913,0.8656405210494995,0.03207898139953613,0.6678978204727173,0.0
0,2048,transformer.h.0.mlp.c_proj.weight,transformer.h.0.mlp.c_proj.weight,"[384, 1024]",energy_50,14,0.701119065284729,0.008438046090304852,0.025979317724704742,0.4548560678958893,0.48347488045692444,0.701119065284729,0.06125378608703613,0.4548560678958893,0.0
0,2048,transformer.h.0.mlp.c_proj.weight,transformer.h.0.mlp.c_proj.weight,"[384, 1024]",energy_75,55,0.4996490478515625,0.003897648537531495,0.025979317724704742,0.28505873680114746,0.30227190256118774,0.4996490478515625,0.08639007806777954,0.28505873680114746,0.0
0,2048,transformer.h.0.mlp.c_proj.weight,transformer.h.0.mlp.c_proj.weight,"[384, 1024]",energy_90,131,0.31613507866859436,0.0023890368174761534,0.025979317724704742,0.16651330888271332,0.17662909626960754,0.31613507866859436,0.10089033842086792,0.16651330888271332,0.0
0,2048,transformer.h.1.attn.c_attn.weight,transformer.h.1.attn.c_attn.weight,"[1152, 384]",fixed_1,1,0.6962859630584717,0.003204667940735817,0.008496317081153393,0.6503881812095642,0.9070485234260559,0.6962859630584717,0.08192145824432373,0.6503881812095642,0.7570431232452393
0,2048,transformer.h.1.attn.c_attn.weight,transformer.h.1.attn.c_attn.weight,"[1152, 384]",fixed_2,2,0.6207571029663086,0.002480411669239402,0.008496317081153393,0.569436252117157,0.8850187659263611,0.6207571029663086,0.11533397436141968,0.569436252117157,0.7557110786437988
0,2048,transformer.h.1.attn.c_attn.weight,transformer.h.1.attn.c_attn.weight,"[1152, 384]",fixed_4,4,0.5289594531059265,0.002093521412461996,0.008496317081153393,0.46688538789749146,0.7081554532051086,0.5289594531059265,0.16040080785751343,0.46688538789749146,0.7556414604187012
0,2048,transformer.h.1.attn.c_attn.weight,transformer.h.1.attn.c_attn.weight,"[1152, 384]",fixed_8,8,0.4443300664424896,0.001730975229293108,0.008496317081153393,0.40361860394477844,0.6672282218933105,0.4443300664424896,0.2038646936416626,0.40361860394477844,0.7549268007278442
0,2048,transformer.h.1.attn.c_attn.weight,transformer.h.1.attn.c_attn.weight,"[1152, 384]",fixed_16,16,0.353322297334671,0.0014991586795076728,0.008496317081153393,0.3342290222644806,0.6116093993186951,0.353322297334671,0.2544202208518982,0.3342290222644806,0.7518399357795715
0,2048,transformer.h.1.attn.c_attn.weight,transformer.h.1.attn.c_attn.weight,"[1152, 384]",energy_25,1,0.6962859630584717,0.003204667940735817,0.008496317081153393,0.6503881812095642,0.9070485234260559,0.6962859630584717,0.08192145824432373,0.6503881812095642,0.7570431232452393
0,2048,transformer.h.1.attn.c_attn.weight,transformer.h.1.attn.c_attn.weight,"[1152, 384]",energy_50,1,0.6962859630584717,0.003204667940735817,0.008496317081153393,0.6503881812095642,0.9070485234260559,0.6962859630584717,0.08192145824432373,0.6503881812095642,0.7570431232452393
0,2048,transformer.h.1.attn.c_attn.weight,transformer.h.1.attn.c_attn.weight,"[1152, 384]",energy_75,6,0.4805212616920471,0.0018758454825729132,0.008496317081153393,0.43756604194641113,0.66567462682724,0.4805212616920471,0.18089908361434937,0.43756604194641113,0.7513079047203064
0,2048,transformer.h.1.attn.c_attn.weight,transformer.h.1.attn.c_attn.weight,"[1152, 384]",energy_90,21,0.3148728907108307,0.0011373410234227777,0.008496317081153393,0.3027918338775635,0.6075284481048584,0.3148728907108307,0.2822055220603943,0.3027918338775635,0.7419357895851135
0,2048,transformer.h.1.attn.c_proj.weight,transformer.h.1.attn.c_proj.weight,"[384, 384]",fixed_1,1,0.5852363109588623,0.006723366677761078,0.015618175268173218,0.5551005601882935,0.5604223608970642,0.5852363109588623,0.11155325174331665,0.5551005601882935,0.9017749428749084
0,2048,transformer.h.1.attn.c_proj.weight,transformer.h.1.attn.c_proj.weight,"[384, 384]",fixed_2,2,0.5202745795249939,0.005793249700218439,0.015618175268173218,0.4842042326927185,0.5002282857894897,0.5202745795249939,0.14328020811080933,0.4842042326927185,0.9107080698013306
0,2048,transformer.h.1.attn.c_proj.weight,transformer.h.1.attn.c_proj.weight,"[384, 384]",fixed_4,4,0.45410916209220886,0.004429003223776817,0.015618175268173218,0.40783002972602844,0.4156937003135681,0.45410916209220886,0.18415957689285278,0.40783002972602844,0.9135413765907288
0,2048,transformer.h.1.attn.c_proj.weight,transformer.h.1.attn.c_proj.weight,"[384, 384]",fixed_8,8,0.38362935185432434,0.0037513684947043657,0.015618175268173218,0.33997842669487,0.34927764534950256,0.38362935185432434,0.23600107431411743,0.33997842669487,0.9075540900230408
0,2048,transformer.h.1.attn.c_proj.weight,transformer.h.1.attn.c_proj.weight,"[384, 384]",fixed_16,16,0.30241426825523376,0.0026444331742823124,0.015618175268173218,0.2609517276287079,0.26999929547309875,0.30241426825523376,0.3030748963356018,0.2609517276287079,0.9111186265945435
0,2048,transformer.h.1.attn.c_proj.weight,transformer.h.1.attn.c_proj.weight,"[384, 384]",energy_25,1,0.5852363109588623,0.006723366677761078,0.015618175268173218,0.5551005601882935,0.5604223608970642,0.5852363109588623,0.11155325174331665,0.5551005601882935,0.9017749428749084
0,2048,transformer.h.1.attn.c_proj.weight,transformer.h.1.attn.c_proj.weight,"[384, 384]",energy_50,1,0.5852363109588623,0.006723366677761078,0.015618175268173218,0.5551005601882935,0.5604223608970642,0.5852363109588623,0.11155325174331665,0.5551005601882935,0.9017749428749084
0,2048,transformer.h.1.attn.c_proj.weight,transformer.h.1.attn.c_proj.weight,"[384, 384]",energy_75,3,0.47974804043769836,0.004903293680399656,0.015618175268173218,0.4333210587501526,0.43762242794036865,0.47974804043769836,0.17030763626098633,0.4333210587501526,0.9030790328979492
0,2048,transformer.h.1.attn.c_proj.weight,transformer.h.1.attn.c_proj.weight,"[384, 384]",energy_90,15,0.31063544750213623,0.0027319095097482204,0.015618175268173218,0.27175402641296387,0.2812967002391815,0.31063544750213623,0.29597944021224976,0.27175402641296387,0.9069340825080872
0,2048,transformer.h.1.mlp.w1.weight,transformer.h.1.mlp.w1.weight,"[1024, 384]",fixed_1,1,0.8285932540893555,0.0058380551636219025,0.006104501895606518,0.8466472625732422,0.7860958576202393,0.8285932540893555,0.02712005376815796,0.8466472625732422,0.0
0,2048,transformer.h.1.mlp.w1.weight,transformer.h.1.mlp.w1.weight,"[1024, 384]",fixed_2,2,0.7355964779853821,0.003381752409040928,0.006104501895606518,0.7100592851638794,0.6981962323188782,0.7355964779853821,0.04041093587875366,0.7100592851638794,0.0
0,2048,transformer.h.1.mlp.w1.weight,transformer.h.1.mlp.w1.weight,"[1024, 384]",fixed_4,4,0.6987456679344177,0.0030245231464505196,0.006104501895606518,0.6777905225753784,0.6734124422073364,0.6987456679344177,0.045676589012145996,0.6777905225753784,0.0
0,2048,transformer.h.1.mlp.w1.weight,transformer.h.1.mlp.w1.weight,"[1024, 384]",fixed_8,8,0.654249370098114,0.002362899947911501,0.006104501895606518,0.6288156509399414,0.6341856122016907,0.654249370098114,0.05117255449295044,0.6288156509399414,0.0
0,2048,transformer.h.1.mlp.w1.weight,transformer.h.1.mlp.w1.weight,"[1024, 384]",fixed_16,16,0.5925903916358948,0.0021857949905097485,0.006104501895606518,0.5637213587760925,0.5843414664268494,0.5925903916358948,0.058892250061035156,0.5637213587760925,0.0
0,2048,transformer.h.1.mlp.w1.weight,transformer.h.1.mlp.w1.weight,"[1024, 384]",energy_25,1,0.8285932540893555,0.0058380551636219025,0.006104501895606518,0.8466472625732422,0.7860958576202393,0.8285932540893555,0.02712005376815796,0.8466472625732422,0.0
0,2048,transformer.h.1.mlp.w1.weight,transformer.h.1.mlp.w1.weight,"[1024, 384]",energy_50,4,0.6987456679344177,0.0030245231464505196,0.006104501895606518,0.6777905225753784,0.6734124422073364,0.6987456679344177,0.045676589012145996,0.6777905225753784,0.0
0,2048,transformer.h.1.mlp.w1.weight,transformer.h.1.mlp.w1.weight,"[1024, 384]",energy_75,36,0.49913591146469116,0.0016410520765930414,0.006104501895606518,0.4599822759628296,0.48212337493896484,0.49913591146469116,0.06964737176895142,0.4599822759628296,0.0
0,2048,transformer.h.1.mlp.w1.weight,transformer.h.1.mlp.w1.weight,"[1024, 384]",energy_90,110,0.3149409592151642,0.000742368632927537,0.006104501895606518,0.25915393233299255,0.27359965443611145,0.3149409592151642,0.08767694234848022,0.25915393233299255,0.0
0,2048,transformer.h.1.mlp.w2.weight,transformer.h.1.mlp.w2.weight,"[1024, 384]",fixed_1,1,0.8194429278373718,0.0041217622347176075,0.004623934626579285,0.8295440673828125,0.8302419781684875,0.8194429278373718,0.02655613422393799,0.8295440673828125,0.0
0,2048,transformer.h.1.mlp.w2.weight,transformer.h.1.mlp.w2.weight,"[1024, 384]",fixed_2,2,0.729132890701294,0.003109630895778537,0.004623934626579285,0.7098695039749146,0.7247517108917236,0.729132890701294,0.04054337739944458,0.7098695039749146,0.0
0,2048,transformer.h.1.mlp.w2.weight,transformer.h.1.mlp.w2.weight,"[1024, 384]",fixed_4,4,0.6910775303840637,0.002908689435571432,0.004623934626579285,0.6727339029312134,0.689270555973053,0.6910775303840637,0.04617965221405029,0.6727339029312134,0.0
0,2048,transformer.h.1.mlp.w2.weight,transformer.h.1.mlp.w2.weight,"[1024, 384]",fixed_8,8,0.6452460885047913,0.0024942278396338224,0.004623934626579285,0.6196417808532715,0.6311246156692505,0.6452460885047913,0.05208307504653931,0.6196417808532715,0.0
0,2048,transformer.h.1.mlp.w2.weight,transformer.h.1.mlp.w2.weight,"[1024, 384]",fixed_16,16,0.5843928456306458,0.002056156750768423,0.004623934626579285,0.5508133769035339,0.5677038431167603,0.5843928456306458,0.06018167734146118,0.5508133769035339,0.0
0,2048,transformer.h.1.mlp.w2.weight,transformer.h.1.mlp.w2.weight,"[1024, 384]",energy_25,1,0.8194429278373718,0.0041217622347176075,0.004623934626579285,0.8295440673828125,0.8302419781684875,0.8194429278373718,0.02655613422393799,0.8295440673828125,0.0
0,2048,transformer.h.1.mlp.w2.weight,transformer.h.1.mlp.w2.weight,"[1024, 384]",energy_50,4,0.6910775303840637,0.002908689435571432,0.004623934626579285,0.6727339029312134,0.689270555973053,0.6910775303840637,0.04617965221405029,0.6727339029312134,0.0
0,2048,transformer.h.1.mlp.w2.weight,transformer.h.1.mlp.w2.weight,"[1024, 384]",energy_75,34,0.4982064366340637,0.0017811188008636236,0.004623934626579285,0.4535651206970215,0.4783952534198761,0.4982064366340637,0.07075858116149902,0.4535651206970215,0.0
0,2048,transformer.h.1.mlp.w2.weight,transformer.h.1.mlp.w2.weight,"[1024, 384]",energy_90,107,0.31457704305648804,0.0007710532518103719,0.004623934626579285,0.2591782212257385,0.2747272849082947,0.31457704305648804,0.08904874324798584,0.2591782212257385,0.0
0,2048,transformer.h.1.mlp.c_proj.weight,transformer.h.1.mlp.c_proj.weight,"[384, 1024]",fixed_1,1,0.8957155346870422,0.016260115429759026,0.019104860723018646,0.7943822741508484,0.7700062394142151,0.8957155346870422,0.019236385822296143,0.7943822741508484,0.0
0,2048,transformer.h.1.mlp.c_proj.weight,transformer.h.1.mlp.c_proj.weight,"[384, 1024]",fixed_2,2,0.8265684843063354,0.010748829692602158,0.019104860723018646,0.6605175137519836,0.6396355032920837,0.8265684843063354,0.033120572566986084,0.6605175137519836,0.0
0,2048,transformer.h.1.mlp.c_proj.weight,transformer.h.1.mlp.c_proj.weight,"[384, 1024]",fixed_4,4,0.7712647914886475,0.009411456994712353,0.019104860723018646,0.5722625255584717,0.5532231330871582,0.7712647914886475,0.04533642530441284,0.5722625255584717,0.0
0,2048,transformer.h.1.mlp.c_proj.weight,transformer.h.1.mlp.c_proj.weight,"[384, 1024]",fixed_8,8,0.7156355381011963,0.00942639447748661,0.019104860723018646,0.5183200836181641,0.4996388554573059,0.7156355381011963,0.055826008319854736,0.5183200836181641,0.0
0,2048,transformer.h.1.mlp.c_proj.weight,transformer.h.1.mlp.c_proj.weight,"[384, 1024]",fixed_16,16,0.6386155486106873,0.006648482754826546,0.019104860723018646,0.41224491596221924,0.40269002318382263,0.6386155486106873,0.07147830724716187,0.41224491596221924,0.0
0,2048,transformer.h.1.mlp.c_proj.weight,transformer.h.1.mlp.c_proj.weight,"[384, 1024]",energy_25,2,0.8265684843063354,0.010748829692602158,0.019104860723018646,0.6605175137519836,0.6396355032920837,0.8265684843063354,0.033120572566986084,0.6605175137519836,0.0
0,2048,transformer.h.1.mlp.c_proj.weight,transformer.h.1.mlp.c_proj.weight,"[384, 1024]",energy_50,9,0.7045716047286987,0.008924584835767746,0.019104860723018646,0.5043462514877319,0.4854721426963806,0.7045716047286987,0.05792832374572754,0.5043462514877319,0.0
0,2048,transformer.h.1.mlp.c_proj.weight,transformer.h.1.mlp.c_proj.weight,"[384, 1024]",energy_75,42,0.4996418356895447,0.0037899836897850037,0.019104860723018646,0.28137826919555664,0.27597516775131226,0.4996418356895447,0.0932382345199585,0.28137826919555664,0.0
0,2048,transformer.h.1.mlp.c_proj.weight,transformer.h.1.mlp.c_proj.weight,"[384, 1024]",energy_90,111,0.3150256872177124,0.0021550720557570457,0.019104860723018646,0.15748092532157898,0.1552203744649887,0.3150256872177124,0.11295521259307861,0.15748092532157898,0.0
0,2048,transformer.h.2.attn.c_attn.weight,transformer.h.2.attn.c_attn.weight,"[1152, 384]",fixed_1,1,0.5689476728439331,0.006427752785384655,0.02016657218337059,0.3146572709083557,0.36327052116394043,0.5689476728439331,0.18920588493347168,0.3146572709083557,0.7034076452255249
0,2048,transformer.h.2.attn.c_attn.weight,transformer.h.2.attn.c_attn.weight,"[1152, 384]",fixed_2,2,0.5341001152992249,0.005758680868893862,0.02016657218337059,0.30130988359451294,0.3465370833873749,0.5341001152992249,0.20160579681396484,0.30130988359451294,0.7131127715110779
0,2048,transformer.h.2.attn.c_attn.weight,transformer.h.2.attn.c_attn.weight,"[1152, 384]",fixed_4,4,0.48834365606307983,0.0058374470099806786,0.02016657218337059,0.27343815565109253,0.34999969601631165,0.48834365606307983,0.2305353879928589,0.27343815565109253,0.7043662667274475
0,2048,transformer.h.2.attn.c_attn.weight,transformer.h.2.attn.c_attn.weight,"[1152, 384]",fixed_8,8,0.4279523193836212,0.004550406243652105,0.02016657218337059,0.2356954962015152,0.3214823603630066,0.4279523193836212,0.2651410698890686,0.2356954962015152,0.7092055678367615
0,2048,transformer.h.2.attn.c_attn.weight,transformer.h.2.attn.c_attn.weight,"[1152, 384]",fixed_16,16,0.3497098386287689,0.004240325186401606,0.02016657218337059,0.20111584663391113,0.2560264766216278,0.3497098386287689,0.302498459815979,0.20111584663391113,0.7045917510986328
0,2048,transformer.h.2.attn.c_attn.weight,transformer.h.2.attn.c_attn.weight,"[1152, 384]",energy_25,1,0.5689476728439331,0.006427752785384655,0.02016657218337059,0.3146572709083557,0.36327052116394043,0.5689476728439331,0.18920588493347168,0.3146572709083557,0.7034076452255249
0,2048,transformer.h.2.attn.c_attn.weight,transformer.h.2.attn.c_attn.weight,"[1152, 384]",energy_50,1,0.5689476728439331,0.006427752785384655,0.02016657218337059,0.3146572709083557,0.36327052116394043,0.5689476728439331,0.18920588493347168,0.3146572709083557,0.7034076452255249
0,2048,transformer.h.2.attn.c_attn.weight,transformer.h.2.attn.c_attn.weight,"[1152, 384]",energy_75,4,0.48834365606307983,0.0058374470099806786,0.02016657218337059,0.27343815565109253,0.34999969601631165,0.48834365606307983,0.2305353879928589,0.27343815565109253,0.7043662667274475
0,2048,transformer.h.2.attn.c_attn.weight,transformer.h.2.attn.c_attn.weight,"[1152, 384]",energy_90,21,0.31452786922454834,0.003927644807845354,0.02016657218337059,0.1814056932926178,0.22690801322460175,0.31452786922454834,0.3188936114311218,0.1814056932926178,0.7132213115692139
0,2048,transformer.h.2.attn.c_proj.weight,transformer.h.2.attn.c_proj.weight,"[384, 384]",fixed_1,1,0.5357219576835632,0.009756057523190975,0.020931685343384743,0.629285454750061,0.6360641121864319,0.5357219576835632,0.1173434853553772,0.629285454750061,0.7684568762779236
0,2048,transformer.h.2.attn.c_proj.weight,transformer.h.2.attn.c_proj.weight,"[384, 384]",fixed_2,2,0.5107129812240601,0.009620029479265213,0.020931685343384743,0.578628420829773,0.5963826775550842,0.5107129812240601,0.1305931806564331,0.578628420829773,0.778259813785553
0,2048,transformer.h.2.attn.c_proj.weight,transformer.h.2.attn.c_proj.weight,"[384, 384]",fixed_4,4,0.46993961930274963,0.008902614936232567,0.020931685343384743,0.5363221168518066,0.5635798573493958,0.46993961930274963,0.15216004848480225,0.5363221168518066,0.7783133387565613
0,2048,transformer.h.2.attn.c_proj.weight,transformer.h.2.attn.c_proj.weight,"[384, 384]",fixed_8,8,0.4159369170665741,0.008189362473785877,0.020931685343384743,0.4609339237213135,0.48046886920928955,0.4159369170665741,0.1889275312423706,0.4609339237213135,0.7812737226486206
0,2048,transformer.h.2.attn.c_proj.weight,transformer.h.2.attn.c_proj.weight,"[384, 384]",fixed_16,16,0.34531936049461365,0.006015895865857601,0.020931685343384743,0.3887316882610321,0.4117767810821533,0.34531936049461365,0.22961461544036865,0.3887316882610321,0.7880931496620178
0,2048,transformer.h.2.attn.c_proj.weight,transformer.h.2.attn.c_proj.weight,"[384, 384]",energy_25,1,0.5357219576835632,0.009756057523190975,0.020931685343384743,0.629285454750061,0.6360641121864319,0.5357219576835632,0.1173434853553772,0.629285454750061,0.7684568762779236
0,2048,transformer.h.2.attn.c_proj.weight,transformer.h.2.attn.c_proj.weight,"[384, 384]",energy_50,1,0.5357219576835632,0.009756057523190975,0.020931685343384743,0.629285454750061,0.6360641121864319,0.5357219576835632,0.1173434853553772,0.629285454750061,0.7684568762779236
0,2048,transformer.h.2.attn.c_proj.weight,transformer.h.2.attn.c_proj.weight,"[384, 384]",energy_75,3,0.4892864525318146,0.009496564976871014,0.020931685343384743,0.5511688590049744,0.5796474814414978,0.4892864525318146,0.1440361738204956,0.5511688590049744,0.781795859336853
0,2048,transformer.h.2.attn.c_proj.weight,transformer.h.2.attn.c_proj.weight,"[384, 384]",energy_90,21,0.31200718879699707,0.005751024000346661,0.020931685343384743,0.3374428153038025,0.3517097532749176,0.31200718879699707,0.2550143599510193,0.3374428153038025,0.7960002422332764
0,2048,transformer.h.2.mlp.w1.weight,transformer.h.2.mlp.w1.weight,"[1024, 384]",fixed_1,1,0.8781905770301819,0.003213281277567148,0.0036061478313058615,0.8751451373100281,0.8707271218299866,0.8781905770301819,0.018206119537353516,0.8751451373100281,0.0
0,2048,transformer.h.2.mlp.w1.weight,transformer.h.2.mlp.w1.weight,"[1024, 384]",fixed_2,2,0.8467029333114624,0.0033303003292530775,0.0036061478313058615,0.8372058868408203,0.8418341279029846,0.8467029333114624,0.022577226161956787,0.8372058868408203,0.0
0,2048,transformer.h.2.mlp.w1.weight,transformer.h.2.mlp.w1.weight,"[1024, 384]",fixed_4,4,0.803898811340332,0.003240459831431508,0.0036061478313058615,0.7893218994140625,0.8131102323532104,0.803898811340332,0.029096543788909912,0.7893218994140625,0.0
0,2048,transformer.h.2.mlp.w1.weight,transformer.h.2.mlp.w1.weight,"[1024, 384]",fixed_8,8,0.7420835494995117,0.0035443762317299843,0.0036061478313058615,0.7155749797821045,0.7271770238876343,0.7420835494995117,0.03845459222793579,0.7155749797821045,0.0
0,2048,transformer.h.2.mlp.w1.weight,transformer.h.2.mlp.w1.weight,"[1024, 384]",fixed_16,16,0.6632509827613831,0.002408066065981984,0.0036061478313058615,0.6323609352111816,0.6523081660270691,0.6632509827613831,0.04862266778945923,0.6323609352111816,0.0
0,2048,transformer.h.2.mlp.w1.weight,transformer.h.2.mlp.w1.weight,"[1024, 384]",energy_25,2,0.8467029333114624,0.0033303003292530775,0.0036061478313058615,0.8372058868408203,0.8418341279029846,0.8467029333114624,0.022577226161956787,0.8372058868408203,0.0
0,2048,transformer.h.2.mlp.w1.weight,transformer.h.2.mlp.w1.weight,"[1024, 384]",energy_50,12,0.6977271437644958,0.0024069747887551785,0.0036061478313058615,0.6674954891204834,0.6831797957420349,0.6977271437644958,0.04413658380508423,0.6674954891204834,0.0
0,2048,transformer.h.2.mlp.w1.weight,transformer.h.2.mlp.w1.weight,"[1024, 384]",energy_75,47,0.4985745847225189,0.0011173846432939172,0.0036061478313058615,0.45102575421333313,0.47682055830955505,0.4985745847225189,0.0686371922492981,0.45102575421333313,0.0
0,2048,transformer.h.2.mlp.w1.weight,transformer.h.2.mlp.w1.weight,"[1024, 384]",energy_90,118,0.31526222825050354,0.0006992542184889317,0.0036061478313058615,0.27422183752059937,0.2898925244808197,0.31526222825050354,0.08485233783721924,0.27422183752059937,0.0
0,2048,transformer.h.2.mlp.w2.weight,transformer.h.2.mlp.w2.weight,"[1024, 384]",fixed_1,1,0.8742587566375732,0.0045213461853563786,0.004526296630501747,0.8765460848808289,0.8951940536499023,0.8742587566375732,0.018572568893432617,0.8765460848808289,0.0
0,2048,transformer.h.2.mlp.w2.weight,transformer.h.2.mlp.w2.weight,"[1024, 384]",fixed_2,2,0.8433144688606262,0.0032054800540208817,0.004526296630501747,0.842344343662262,0.8497329950332642,0.8433144688606262,0.023037970066070557,0.842344343662262,0.0
0,2048,transformer.h.2.mlp.w2.weight,transformer.h.2.mlp.w2.weight,"[1024, 384]",fixed_4,4,0.8027187585830688,0.0030404669232666492,0.004526296630501747,0.8036234974861145,0.8072683811187744,0.8027187585830688,0.028516829013824463,0.8036234974861145,0.0
0,2048,transformer.h.2.mlp.w2.weight,transformer.h.2.mlp.w2.weight,"[1024, 384]",fixed_8,8,0.7440582513809204,0.002410260494798422,0.004526296630501747,0.7306796908378601,0.7433697581291199,0.7440582513809204,0.03742414712905884,0.7306796908378601,0.0
0,2048,transformer.h.2.mlp.w2.weight,transformer.h.2.mlp.w2.weight,"[1024, 384]",fixed_16,16,0.6649070978164673,0.0022315429523587227,0.004526296630501747,0.6468051671981812,0.6584115028381348,0.6649070978164673,0.048104941844940186,0.6468051671981812,0.0
0,2048,transformer.h.2.mlp.w2.weight,transformer.h.2.mlp.w2.weight,"[1024, 384]",energy_25,2,0.8433144688606262,0.0032054800540208817,0.004526296630501747,0.842344343662262,0.8497329950332642,0.8433144688606262,0.023037970066070557,0.842344343662262,0.0
0,2048,transformer.h.2.mlp.w2.weight,transformer.h.2.mlp.w2.weight,"[1024, 384]",energy_50,12,0.6999315619468689,0.0022506783716380596,0.004526296630501747,0.679448127746582,0.6845099329948425,0.6999315619468689,0.043910324573516846,0.679448127746582,0.0
0,2048,transformer.h.2.mlp.w2.weight,transformer.h.2.mlp.w2.weight,"[1024, 384]",energy_75,47,0.4965091049671173,0.0012375019723549485,0.004526296630501747,0.4541209638118744,0.4727250635623932,0.4965091049671173,0.06955242156982422,0.4541209638118744,0.0
0,2048,transformer.h.2.mlp.w2.weight,transformer.h.2.mlp.w2.weight,"[1024, 384]",energy_90,115,0.3158044219017029,0.000639274891000241,0.004526296630501747,0.27097705006599426,0.28477999567985535,0.3158044219017029,0.08673179149627686,0.27097705006599426,0.0
0,2048,transformer.h.2.mlp.c_proj.weight,transformer.h.2.mlp.c_proj.weight,"[384, 1024]",fixed_1,1,0.9533857107162476,0.009696349501609802,0.010694704949855804,0.9083855748176575,0.8994566202163696,0.9533857107162476,0.00734478235244751,0.9083855748176575,0.0
0,2048,transformer.h.2.mlp.c_proj.weight,transformer.h.2.mlp.c_proj.weight,"[384, 1024]",fixed_2,2,0.9221356511116028,0.007676002103835344,0.010694704949855804,0.8158153295516968,0.8280280828475952,0.9221356511116028,0.014465749263763428,0.8158153295516968,0.0
0,2048,transformer.h.2.mlp.c_proj.weight,transformer.h.2.mlp.c_proj.weight,"[384, 1024]",fixed_4,4,0.8877929449081421,0.006918870843946934,0.010694704949855804,0.7524401545524597,0.7618070840835571,0.8877929449081421,0.02069491147994995,0.7524401545524597,0.0
0,2048,transformer.h.2.mlp.c_proj.weight,transformer.h.2.mlp.c_proj.weight,"[384, 1024]",fixed_8,8,0.8348116874694824,0.005804321262985468,0.010694704949855804,0.6785441040992737,0.6889076828956604,0.8348116874694824,0.028480470180511475,0.6785441040992737,0.0
0,2048,transformer.h.2.mlp.c_proj.weight,transformer.h.2.mlp.c_proj.weight,"[384, 1024]",fixed_16,16,0.759840190410614,0.005113597027957439,0.010694704949855804,0.5867922902107239,0.6011784672737122,0.759840190410614,0.03821176290512085,0.5867922902107239,0.0
0,2048,transformer.h.2.mlp.c_proj.weight,transformer.h.2.mlp.c_proj.weight,"[384, 1024]",energy_25,6,0.8597303032875061,0.006468836683779955,0.010694704949855804,0.7232341766357422,0.7354738116264343,0.8597303032875061,0.024206042289733887,0.7232341766357422,0.0
0,2048,transformer.h.2.mlp.c_proj.weight,transformer.h.2.mlp.c_proj.weight,"[384, 1024]",energy_50,24,0.7047917246818542,0.0045400140807032585,0.010694704949855804,0.522193968296051,0.5362563729286194,0.7047917246818542,0.04534757137298584,0.522193968296051,0.0
0,2048,transformer.h.2.mlp.c_proj.weight,transformer.h.2.mlp.c_proj.weight,"[384, 1024]",energy_75,75,0.4977037310600281,0.0024077952839434147,0.010694704949855804,0.3278876841068268,0.34078162908554077,0.4977037310600281,0.06506377458572388,0.3278876841068268,0.0
0,2048,transformer.h.2.mlp.c_proj.weight,transformer.h.2.mlp.c_proj.weight,"[384, 1024]",energy_90,156,0.31589213013648987,0.0013524729292839766,0.010694704949855804,0.19385863840579987,0.20040380954742432,0.31589213013648987,0.07595199346542358,0.19385863840579987,0.0
0,2048,transformer.h.3.attn.c_attn.weight,transformer.h.3.attn.c_attn.weight,"[1152, 384]",fixed_1,1,0.7165491580963135,0.004130935296416283,0.009004630148410797,0.5629228353500366,0.7617299556732178,0.7165491580963135,0.10182660818099976,0.5629228353500366,0.6469631791114807
0,2048,transformer.h.3.attn.c_attn.weight,transformer.h.3.attn.c_attn.weight,"[1152, 384]",fixed_2,2,0.6724360585212708,0.004315190948545933,0.009004630148410797,0.5359323024749756,0.7418419122695923,0.6724360585212708,0.11506021022796631,0.5359323024749756,0.6447257995605469
0,2048,transformer.h.3.attn.c_attn.weight,transformer.h.3.attn.c_attn.weight,"[1152, 384]",fixed_4,4,0.6122379899024963,0.004049758892506361,0.009004630148410797,0.49019545316696167,0.7129813432693481,0.6122379899024963,0.14094072580337524,0.49019545316696167,0.6486841440200806
0,2048,transformer.h.3.attn.c_attn.weight,transformer.h.3.attn.c_attn.weight,"[1152, 384]",fixed_8,8,0.5268451571464539,0.0032900087535381317,0.009004630148410797,0.42760565876960754,0.7007155418395996,0.5268451571464539,0.17585700750350952,0.42760565876960754,0.6467186212539673
0,2048,transformer.h.3.attn.c_attn.weight,transformer.h.3.attn.c_attn.weight,"[1152, 384]",fixed_16,16,0.42023226618766785,0.0022942405194044113,0.009004630148410797,0.3372463881969452,0.623709499835968,0.42023226618766785,0.2331787347793579,0.3372463881969452,0.6463992595672607
0,2048,transformer.h.3.attn.c_attn.weight,transformer.h.3.attn.c_attn.weight,"[1152, 384]",energy_25,1,0.7165491580963135,0.004130935296416283,0.009004630148410797,0.5629228353500366,0.7617299556732178,0.7165491580963135,0.10182660818099976,0.5629228353500366,0.6469631791114807
0,2048,transformer.h.3.attn.c_attn.weight,transformer.h.3.attn.c_attn.weight,"[1152, 384]",energy_50,2,0.6724360585212708,0.004315190948545933,0.009004630148410797,0.5359323024749756,0.7418419122695923,0.6724360585212708,0.11506021022796631,0.5359323024749756,0.6447257995605469
0,2048,transformer.h.3.attn.c_attn.weight,transformer.h.3.attn.c_attn.weight,"[1152, 384]",energy_75,10,0.4951872229576111,0.002803018782287836,0.009004630148410797,0.40117400884628296,0.6638396382331848,0.4951872229576111,0.19459426403045654,0.40117400884628296,0.6446821093559265
0,2048,transformer.h.3.attn.c_attn.weight,transformer.h.3.attn.c_attn.weight,"[1152, 384]",energy_90,30,0.3108792006969452,0.0018135420978069305,0.009004630148410797,0.2565171420574188,0.4850679934024811,0.3108792006969452,0.2919313907623291,0.2565171420574188,0.6474646329879761
0,2048,transformer.h.3.attn.c_proj.weight,transformer.h.3.attn.c_proj.weight,"[384, 384]",fixed_1,1,0.6360424160957336,0.006846087984740734,0.011413651518523693,0.7026162147521973,0.7411749958992004,0.6360424160957336,0.08656561374664307,0.7026162147521973,0.7816181182861328
0,2048,transformer.h.3.attn.c_proj.weight,transformer.h.3.attn.c_proj.weight,"[384, 384]",fixed_2,2,0.601482629776001,0.00652318773791194,0.011413651518523693,0.637742280960083,0.6591428518295288,0.601482629776001,0.103901207447052,0.637742280960083,0.7933117151260376
0,2048,transformer.h.3.attn.c_proj.weight,transformer.h.3.attn.c_proj.weight,"[384, 384]",fixed_4,4,0.5543508529663086,0.005253384355455637,0.011413651518523693,0.590391218662262,0.6251139640808105,0.5543508529663086,0.12214428186416626,0.590391218662262,0.7870329022407532
0,2048,transformer.h.3.attn.c_proj.weight,transformer.h.3.attn.c_proj.weight,"[384, 384]",fixed_8,8,0.49368590116500854,0.004667282570153475,0.011413651518523693,0.5088168382644653,0.5472227334976196,0.49368590116500854,0.15593981742858887,0.5088168382644653,0.7945716381072998
0,2048,transformer.h.3.attn.c_proj.weight,transformer.h.3.attn.c_proj.weight,"[384, 384]",fixed_16,16,0.4067055284976959,0.003889347892254591,0.011413651518523693,0.4120066165924072,0.4363125264644623,0.4067055284976959,0.20819538831710815,0.4120066165924072,0.8004150986671448
0,2048,transformer.h.3.attn.c_proj.weight,transformer.h.3.attn.c_proj.weight,"[384, 384]",energy_25,1,0.6360424160957336,0.006846087984740734,0.011413651518523693,0.7026162147521973,0.7411749958992004,0.6360424160957336,0.08656561374664307,0.7026162147521973,0.7816181182861328
0,2048,transformer.h.3.attn.c_proj.weight,transformer.h.3.attn.c_proj.weight,"[384, 384]",energy_50,1,0.6360424160957336,0.006846087984740734,0.011413651518523693,0.7026162147521973,0.7411749958992004,0.6360424160957336,0.08656561374664307,0.7026162147521973,0.7816181182861328
0,2048,transformer.h.3.attn.c_proj.weight,transformer.h.3.attn.c_proj.weight,"[384, 384]",energy_75,8,0.49368590116500854,0.004667282570153475,0.011413651518523693,0.5088168382644653,0.5472227334976196,0.49368590116500854,0.15593981742858887,0.5088168382644653,0.7945716381072998
0,2048,transformer.h.3.attn.c_proj.weight,transformer.h.3.attn.c_proj.weight,"[384, 384]",energy_90,29,0.3156972825527191,0.0027090483345091343,0.011413651518523693,0.29906874895095825,0.31221452355384827,0.3156972825527191,0.2685667872428894,0.29906874895095825,0.8088669776916504
0,2048,transformer.h.3.mlp.w1.weight,transformer.h.3.mlp.w1.weight,"[1024, 384]",fixed_1,1,0.9503927826881409,0.006262749899178743,0.006464880891144276,0.9462386965751648,0.9390785098075867,0.9503927826881409,0.007487237453460693,0.9462386965751648,0.0
0,2048,transformer.h.3.mlp.w1.weight,transformer.h.3.mlp.w1.weight,"[1024, 384]",fixed_2,2,0.9188555479049683,0.0034729898907244205,0.006464880891144276,0.9020723104476929,0.9178839921951294,0.9188555479049683,0.011195719242095947,0.9020723104476929,0.0
0,2048,transformer.h.3.mlp.w1.weight,transformer.h.3.mlp.w1.weight,"[1024, 384]",fixed_4,4,0.8733192086219788,0.0022044810466468334,0.006464880891144276,0.849132776260376,0.8769053220748901,0.8733192086219788,0.01702505350112915,0.849132776260376,0.0
0,2048,transformer.h.3.mlp.w1.weight,transformer.h.3.mlp.w1.weight,"[1024, 384]",fixed_8,8,0.8146342039108276,0.00204679649323225,0.006464880891144276,0.7805401682853699,0.8004323840141296,0.8146342039108276,0.025100886821746826,0.7805401682853699,0.0
0,2048,transformer.h.3.mlp.w1.weight,transformer.h.3.mlp.w1.weight,"[1024, 384]",fixed_16,16,0.7332155108451843,0.0019001386826857924,0.006464880891144276,0.6892469525337219,0.7172601819038391,0.7332155108451843,0.03497421741485596,0.6892469525337219,0.0
0,2048,transformer.h.3.mlp.w1.weight,transformer.h.3.mlp.w1.weight,"[1024, 384]",energy_25,5,0.8574715256690979,0.0021925901528447866,0.006464880891144276,0.8311275243759155,0.8518273234367371,0.8574715256690979,0.01947420835494995,0.8311275243759155,0.0
0,2048,transformer.h.3.mlp.w1.weight,transformer.h.3.mlp.w1.weight,"[1024, 384]",energy_50,20,0.7013961672782898,0.0015872089425101876,0.006464880891144276,0.6506699323654175,0.6727586388587952,0.7013961672782898,0.039161503314971924,0.6506699323654175,0.0
0,2048,transformer.h.3.mlp.w1.weight,transformer.h.3.mlp.w1.weight,"[1024, 384]",energy_75,62,0.49828603863716125,0.0009913587709888816,0.006464880891144276,0.4515555202960968,0.47531190514564514,0.49828603863716125,0.05951923131942749,0.4515555202960968,0.0
0,2048,transformer.h.3.mlp.w1.weight,transformer.h.3.mlp.w1.weight,"[1024, 384]",energy_90,136,0.31552162766456604,0.0005920568946748972,0.006464880891144276,0.2708277106285095,0.28480949997901917,0.31552162766456604,0.07314169406890869,0.2708277106285095,0.0
0,2048,transformer.h.3.mlp.w2.weight,transformer.h.3.mlp.w2.weight,"[1024, 384]",fixed_1,1,0.951219379901886,0.005735195241868496,0.007233221549540758,0.9479914903640747,0.955665647983551,0.951219379901886,0.00506359338760376,0.9479914903640747,0.0
0,2048,transformer.h.3.mlp.w2.weight,transformer.h.3.mlp.w2.weight,"[1024, 384]",fixed_2,2,0.9211956262588501,0.0040438249707221985,0.007233221549540758,0.9066212177276611,0.922735333442688,0.9211956262588501,0.009074687957763672,0.9066212177276611,0.0
0,2048,transformer.h.3.mlp.w2.weight,transformer.h.3.mlp.w2.weight,"[1024, 384]",fixed_4,4,0.8774670958518982,0.0025088652037084103,0.007233221549540758,0.8538671135902405,0.8728309869766235,0.8774670958518982,0.014671266078948975,0.8538671135902405,0.0
0,2048,transformer.h.3.mlp.w2.weight,transformer.h.3.mlp.w2.weight,"[1024, 384]",fixed_8,8,0.8161525130271912,0.002181526506319642,0.007233221549540758,0.7889285087585449,0.81026291847229,0.8161525130271912,0.023038923740386963,0.7889285087585449,0.0
0,2048,transformer.h.3.mlp.w2.weight,transformer.h.3.mlp.w2.weight,"[1024, 384]",fixed_16,16,0.7319726347923279,0.0018600490875542164,0.007233221549540758,0.6963250041007996,0.7184677124023438,0.7319726347923279,0.03331691026687622,0.6963250041007996,0.0
0,2048,transformer.h.3.mlp.w2.weight,transformer.h.3.mlp.w2.weight,"[1024, 384]",energy_25,5,0.8608402013778687,0.002274121390655637,0.007233221549540758,0.8301107883453369,0.8496540784835815,0.8608402013778687,0.017423510551452637,0.8301107883453369,0.0
0,2048,transformer.h.3.mlp.w2.weight,transformer.h.3.mlp.w2.weight,"[1024, 384]",energy_50,20,0.7007614374160767,0.001692793914116919,0.007233221549540758,0.6606107354164124,0.6982606053352356,0.7007614374160767,0.03696936368942261,0.6606107354164124,0.0
0,2048,transformer.h.3.mlp.w2.weight,transformer.h.3.mlp.w2.weight,"[1024, 384]",energy_75,61,0.4984559118747711,0.0011193245882168412,0.007233221549540758,0.453392893075943,0.48700469732284546,0.4984559118747711,0.05812692642211914,0.453392893075943,0.0
0,2048,transformer.h.3.mlp.w2.weight,transformer.h.3.mlp.w2.weight,"[1024, 384]",energy_90,134,0.3147164285182953,0.0006811792845837772,0.007233221549540758,0.2673039138317108,0.2848775088787079,0.3147164285182953,0.07233691215515137,0.2673039138317108,0.0
0,2048,transformer.h.3.mlp.c_proj.weight,transformer.h.3.mlp.c_proj.weight,"[384, 1024]",fixed_1,1,0.9572913646697998,0.009118108078837395,0.011178846471011639,0.9276890754699707,0.9510089755058289,0.9572913646697998,0.007039070129394531,0.9276890754699707,0.0
0,2048,transformer.h.3.mlp.c_proj.weight,transformer.h.3.mlp.c_proj.weight,"[384, 1024]",fixed_2,2,0.9253326058387756,0.006449352949857712,0.011178846471011639,0.8030829429626465,0.8638097643852234,0.9253326058387756,0.01508474349975586,0.8030829429626465,0.0
0,2048,transformer.h.3.mlp.c_proj.weight,transformer.h.3.mlp.c_proj.weight,"[384, 1024]",fixed_4,4,0.8950135707855225,0.006263905670493841,0.011178846471011639,0.7581676840782166,0.8163735270500183,0.8950135707855225,0.0191764235496521,0.7581676840782166,0.0
0,2048,transformer.h.3.mlp.c_proj.weight,transformer.h.3.mlp.c_proj.weight,"[384, 1024]",fixed_8,8,0.849587082862854,0.005886286497116089,0.011178846471011639,0.6918660998344421,0.7451609969139099,0.849587082862854,0.025720655918121338,0.6918660998344421,0.0
0,2048,transformer.h.3.mlp.c_proj.weight,transformer.h.3.mlp.c_proj.weight,"[384, 1024]",fixed_16,16,0.7831688523292542,0.004957742989063263,0.011178846471011639,0.614215612411499,0.661233127117157,0.7831688523292542,0.03315538167953491,0.614215612411499,0.0
0,2048,transformer.h.3.mlp.c_proj.weight,transformer.h.3.mlp.c_proj.weight,"[384, 1024]",energy_25,7,0.8600903153419495,0.0053581660613417625,0.011178846471011639,0.7081820368766785,0.7615787982940674,0.8600903153419495,0.02419877052307129,0.7081820368766785,0.0
0,2048,transformer.h.3.mlp.c_proj.weight,transformer.h.3.mlp.c_proj.weight,"[384, 1024]",energy_50,29,0.7051367163658142,0.003539327997714281,0.011178846471011639,0.5260913372039795,0.57045578956604,0.7051367163658142,0.04160851240158081,0.5260913372039795,0.0
0,2048,transformer.h.3.mlp.c_proj.weight,transformer.h.3.mlp.c_proj.weight,"[384, 1024]",energy_75,85,0.4990469217300415,0.0023172651417553425,0.011178846471011639,0.34137609601020813,0.36792320013046265,0.4990469217300415,0.05860567092895508,0.34137609601020813,0.0
0,2048,transformer.h.3.mlp.c_proj.weight,transformer.h.3.mlp.c_proj.weight,"[384, 1024]",energy_90,170,0.3156338036060333,0.0013919573975726962,0.011178846471011639,0.20757658779621124,0.2251821607351303,0.3156338036060333,0.06790041923522949,0.20757658779621124,0.0
0,2048,transformer.h.4.attn.c_attn.weight,transformer.h.4.attn.c_attn.weight,"[1152, 384]",fixed_1,1,0.8917050957679749,0.002936567645519972,0.0039453585632145405,0.8416421413421631,0.9847766160964966,0.8917050957679749,0.03282660245895386,0.8416421413421631,0.5547147989273071
0,2048,transformer.h.4.attn.c_attn.weight,transformer.h.4.attn.c_attn.weight,"[1152, 384]",fixed_2,2,0.8194962739944458,0.002352016046643257,0.0039453585632145405,0.7627903819084167,0.9665392637252808,0.8194962739944458,0.051162123680114746,0.7627903819084167,0.5549907684326172
0,2048,transformer.h.4.attn.c_attn.weight,transformer.h.4.attn.c_attn.weight,"[1152, 384]",fixed_4,4,0.7261503338813782,0.002008897950872779,0.0039453585632145405,0.6576148867607117,0.9270575642585754,0.7261503338813782,0.08058685064315796,0.6576148867607117,0.5540509819984436
0,2048,transformer.h.4.attn.c_attn.weight,transformer.h.4.attn.c_attn.weight,"[1152, 384]",fixed_8,8,0.6115121245384216,0.0018727766582742333,0.0039453585632145405,0.5551565289497375,0.9590473175048828,0.6115121245384216,0.12287026643753052,0.5551565289497375,0.5554627180099487
0,2048,transformer.h.4.attn.c_attn.weight,transformer.h.4.attn.c_attn.weight,"[1152, 384]",fixed_16,16,0.475719690322876,0.0010084179230034351,0.0039453585632145405,0.43985992670059204,0.8958211541175842,0.475719690322876,0.18542474508285522,0.43985992670059204,0.546085000038147
0,2048,transformer.h.4.attn.c_attn.weight,transformer.h.4.attn.c_attn.weight,"[1152, 384]",energy_25,2,0.8194962739944458,0.002352016046643257,0.0039453585632145405,0.7627903819084167,0.9665392637252808,0.8194962739944458,0.051162123680114746,0.7627903819084167,0.5549907684326172
0,2048,transformer.h.4.attn.c_attn.weight,transformer.h.4.attn.c_attn.weight,"[1152, 384]",energy_50,5,0.6930897831916809,0.0019812483806163073,0.0039453585632145405,0.6255133748054504,0.9514010548591614,0.6930897831916809,0.0950697660446167,0.6255133748054504,0.5564217567443848
0,2048,transformer.h.4.attn.c_attn.weight,transformer.h.4.attn.c_attn.weight,"[1152, 384]",energy_75,15,0.4895907938480377,0.001025606063194573,0.0039453585632145405,0.44713717699050903,0.8957124948501587,0.4895907938480377,0.1767277717590332,0.44713717699050903,0.5530639886856079
0,2048,transformer.h.4.attn.c_attn.weight,transformer.h.4.attn.c_attn.weight,"[1152, 384]",energy_90,33,0.31412914395332336,0.000694768619723618,0.0039453585632145405,0.3013136088848114,0.7010796070098877,0.31412914395332336,0.2781345844268799,0.3013136088848114,0.5430570244789124
0,2048,transformer.h.4.attn.c_proj.weight,transformer.h.4.attn.c_proj.weight,"[384, 384]",fixed_1,1,0.8617727160453796,0.0035792572889477015,0.003942421171814203,0.8637439608573914,0.8495961427688599,0.8617727160453796,0.024698972702026367,0.8637439608573914,0.6676760911941528
0,2048,transformer.h.4.attn.c_proj.weight,transformer.h.4.attn.c_proj.weight,"[384, 384]",fixed_2,2,0.8074546456336975,0.003448234871029854,0.003942421171814203,0.7906313538551331,0.7901208996772766,0.8074546456336975,0.04417979717254639,0.7906313538551331,0.6695703268051147
0,2048,transformer.h.4.attn.c_proj.weight,transformer.h.4.attn.c_proj.weight,"[384, 384]",fixed_4,4,0.7217853665351868,0.002498229732736945,0.003942421171814203,0.6785746812820435,0.6740667223930359,0.7217853665351868,0.07365894317626953,0.6785746812820435,0.668701708316803
0,2048,transformer.h.4.attn.c_proj.weight,transformer.h.4.attn.c_proj.weight,"[384, 384]",fixed_8,8,0.6301382184028625,0.002085833577439189,0.003942421171814203,0.5817379951477051,0.579256534576416,0.6301382184028625,0.10600590705871582,0.5817379951477051,0.6709522008895874
0,2048,transformer.h.4.attn.c_proj.weight,transformer.h.4.attn.c_proj.weight,"[384, 384]",fixed_16,16,0.5146701335906982,0.0020621255971491337,0.003942421171814203,0.48033395409584045,0.47506698966026306,0.5146701335906982,0.15500575304031372,0.48033395409584045,0.6705360412597656
0,2048,transformer.h.4.attn.c_proj.weight,transformer.h.4.attn.c_proj.weight,"[384, 384]",energy_25,1,0.8617727160453796,0.0035792572889477015,0.003942421171814203,0.8637439608573914,0.8495961427688599,0.8617727160453796,0.024698972702026367,0.8637439608573914,0.6676760911941528
0,2048,transformer.h.4.attn.c_proj.weight,transformer.h.4.attn.c_proj.weight,"[384, 384]",energy_50,5,0.6969689130783081,0.002478849608451128,0.003942421171814203,0.6507667303085327,0.6491712331771851,0.6969689130783081,0.08453303575515747,0.6507667303085327,0.6719697117805481
0,2048,transformer.h.4.attn.c_proj.weight,transformer.h.4.attn.c_proj.weight,"[384, 384]",energy_75,18,0.4924664795398712,0.0019129514694213867,0.003942421171814203,0.4613337516784668,0.46316713094711304,0.4924664795398712,0.16568917036056519,0.4613337516784668,0.6713608503341675
0,2048,transformer.h.4.attn.c_proj.weight,transformer.h.4.attn.c_proj.weight,"[384, 384]",energy_90,42,0.3160823881626129,0.0011217017890885472,0.003942421171814203,0.29469186067581177,0.2914511263370514,0.3160823881626129,0.2626282572746277,0.29469186067581177,0.6688070297241211
0,2048,transformer.h.4.mlp.w1.weight,transformer.h.4.mlp.w1.weight,"[1024, 384]",fixed_1,1,0.9644201993942261,0.0033996030688285828,0.0033483896404504776,0.9265448451042175,0.9126077890396118,0.9644201993942261,0.008114755153656006,0.9265448451042175,0.0
0,2048,transformer.h.4.mlp.w1.weight,transformer.h.4.mlp.w1.weight,"[1024, 384]",fixed_2,2,0.934192419052124,0.003210031660273671,0.0033483896404504776,0.8884339332580566,0.863927960395813,0.934192419052124,0.012223362922668457,0.8884339332580566,0.0
0,2048,transformer.h.4.mlp.w1.weight,transformer.h.4.mlp.w1.weight,"[1024, 384]",fixed_4,4,0.8923860192298889,0.0027139547746628523,0.0033483896404504776,0.8431170582771301,0.8346454501152039,0.8923860192298889,0.01712179183959961,0.8431170582771301,0.0
0,2048,transformer.h.4.mlp.w1.weight,transformer.h.4.mlp.w1.weight,"[1024, 384]",fixed_8,8,0.8330928683280945,0.002457099035382271,0.0033483896404504776,0.7704716920852661,0.7695192098617554,0.8330928683280945,0.025595247745513916,0.7704716920852661,0.0
0,2048,transformer.h.4.mlp.w1.weight,transformer.h.4.mlp.w1.weight,"[1024, 384]",fixed_16,16,0.7512149810791016,0.001893751323223114,0.0033483896404504776,0.6871477365493774,0.701779842376709,0.7512149810791016,0.035240113735198975,0.6871477365493774,0.0
0,2048,transformer.h.4.mlp.w1.weight,transformer.h.4.mlp.w1.weight,"[1024, 384]",energy_25,6,0.8595662713050842,0.0026898293290287256,0.0033483896404504776,0.805764377117157,0.7916797995567322,0.8595662713050842,0.02170664072036743,0.805764377117157,0.0
0,2048,transformer.h.4.mlp.w1.weight,transformer.h.4.mlp.w1.weight,"[1024, 384]",energy_50,22,0.7050694227218628,0.0019101109355688095,0.0033483896404504776,0.6331351399421692,0.6466591358184814,0.7050694227218628,0.0410386323928833,0.6331351399421692,0.0
0,2048,transformer.h.4.mlp.w1.weight,transformer.h.4.mlp.w1.weight,"[1024, 384]",energy_75,67,0.49688056111335754,0.0010829404927790165,0.0033483896404504776,0.42264583706855774,0.4405742287635803,0.49688056111335754,0.06150156259536743,0.42264583706855774,0.0
0,2048,transformer.h.4.mlp.w1.weight,transformer.h.4.mlp.w1.weight,"[1024, 384]",energy_90,141,0.3152688443660736,0.0005399816436693072,0.0033483896404504776,0.255131334066391,0.26583918929100037,0.3152688443660736,0.0742868185043335,0.255131334066391,0.0
0,2048,transformer.h.4.mlp.w2.weight,transformer.h.4.mlp.w2.weight,"[1024, 384]",fixed_1,1,0.9576455950737,0.0031301206909120083,0.005062228534370661,0.9203219413757324,0.9389751553535461,0.9576455950737,0.007712006568908691,0.9203219413757324,0.0
0,2048,transformer.h.4.mlp.w2.weight,transformer.h.4.mlp.w2.weight,"[1024, 384]",fixed_2,2,0.9289358258247375,0.0029853354208171368,0.005062228534370661,0.8833487033843994,0.9096656441688538,0.9289358258247375,0.012057304382324219,0.8833487033843994,0.0
0,2048,transformer.h.4.mlp.w2.weight,transformer.h.4.mlp.w2.weight,"[1024, 384]",fixed_4,4,0.8863213062286377,0.0029105280991643667,0.005062228534370661,0.8186340928077698,0.8573300838470459,0.8863213062286377,0.019326329231262207,0.8186340928077698,0.0
0,2048,transformer.h.4.mlp.w2.weight,transformer.h.4.mlp.w2.weight,"[1024, 384]",fixed_8,8,0.8239585757255554,0.002183521632105112,0.005062228534370661,0.7513702511787415,0.8007879853248596,0.8239585757255554,0.02673923969268799,0.7513702511787415,0.0
0,2048,transformer.h.4.mlp.w2.weight,transformer.h.4.mlp.w2.weight,"[1024, 384]",fixed_16,16,0.742343008518219,0.0016956147737801075,0.005062228534370661,0.6632116436958313,0.7129483819007874,0.742343008518219,0.03669005632400513,0.6632116436958313,0.0
0,2048,transformer.h.4.mlp.w2.weight,transformer.h.4.mlp.w2.weight,"[1024, 384]",energy_25,6,0.8527079224586487,0.0025651101022958755,0.005062228534370661,0.7784754633903503,0.8105065822601318,0.8527079224586487,0.02359062433242798,0.7784754633903503,0.0
0,2048,transformer.h.4.mlp.w2.weight,transformer.h.4.mlp.w2.weight,"[1024, 384]",energy_50,21,0.7038761377334595,0.0016312614316120744,0.005062228534370661,0.6185619831085205,0.6534193158149719,0.7038761377334595,0.04169034957885742,0.6185619831085205,0.0
0,2048,transformer.h.4.mlp.w2.weight,transformer.h.4.mlp.w2.weight,"[1024, 384]",energy_75,64,0.4973442256450653,0.000928569003008306,0.005062228534370661,0.40871283411979675,0.45617249608039856,0.4973442256450653,0.06326127052307129,0.40871283411979675,0.0
0,2048,transformer.h.4.mlp.w2.weight,transformer.h.4.mlp.w2.weight,"[1024, 384]",energy_90,137,0.316035658121109,0.0005367810372263193,0.005062228534370661,0.24342277646064758,0.27106550335884094,0.316035658121109,0.07650715112686157,0.24342277646064758,0.0
0,2048,transformer.h.4.mlp.c_proj.weight,transformer.h.4.mlp.c_proj.weight,"[384, 1024]",fixed_1,1,0.9021934866905212,0.008298027329146862,0.00983236450701952,0.8954177498817444,0.8860961198806763,0.9021934866905212,0.014591455459594727,0.8954177498817444,0.0
0,2048,transformer.h.4.mlp.c_proj.weight,transformer.h.4.mlp.c_proj.weight,"[384, 1024]",fixed_2,2,0.871396541595459,0.007324849255383015,0.00983236450701952,0.8196296095848083,0.8196160793304443,0.871396541595459,0.020693838596343994,0.8196296095848083,0.0
0,2048,transformer.h.4.mlp.c_proj.weight,transformer.h.4.mlp.c_proj.weight,"[384, 1024]",fixed_4,4,0.8357847332954407,0.0061354804784059525,0.00983236450701952,0.7541730403900146,0.7603636980056763,0.8357847332954407,0.026275038719177246,0.7541730403900146,0.0
0,2048,transformer.h.4.mlp.c_proj.weight,transformer.h.4.mlp.c_proj.weight,"[384, 1024]",fixed_8,8,0.7876256704330444,0.005503557156771421,0.00983236450701952,0.6921045184135437,0.6911271810531616,0.7876256704330444,0.032972633838653564,0.6921045184135437,0.0
0,2048,transformer.h.4.mlp.c_proj.weight,transformer.h.4.mlp.c_proj.weight,"[384, 1024]",fixed_16,16,0.718567967414856,0.005515739321708679,0.00983236450701952,0.5857872366905212,0.5922337174415588,0.718567967414856,0.043088436126708984,0.5857872366905212,0.0
0,2048,transformer.h.4.mlp.c_proj.weight,transformer.h.4.mlp.c_proj.weight,"[384, 1024]",energy_25,3,0.852861762046814,0.005996217019855976,0.00983236450701952,0.7788452506065369,0.7831650972366333,0.852861762046814,0.02382194995880127,0.7788452506065369,0.0
0,2048,transformer.h.4.mlp.c_proj.weight,transformer.h.4.mlp.c_proj.weight,"[384, 1024]",energy_50,18,0.7040180563926697,0.0054753925651311874,0.00983236450701952,0.5686033964157104,0.566245436668396,0.7040180563926697,0.045039236545562744,0.5686033964157104,0.0
0,2048,transformer.h.4.mlp.c_proj.weight,transformer.h.4.mlp.c_proj.weight,"[384, 1024]",energy_75,66,0.4989376366138458,0.0024511264637112617,0.00983236450701952,0.34953445196151733,0.35689711570739746,0.4989376366138458,0.06652098894119263,0.34953445196151733,0.0
0,2048,transformer.h.4.mlp.c_proj.weight,transformer.h.4.mlp.c_proj.weight,"[384, 1024]",energy_90,149,0.31535881757736206,0.001441352185793221,0.00983236450701952,0.20771826803684235,0.21102066338062286,0.31535881757736206,0.07809972763061523,0.20771826803684235,0.0
0,2048,transformer.h.5.attn.c_attn.weight,transformer.h.5.attn.c_attn.weight,"[1152, 384]",fixed_1,1,0.9100226163864136,0.0024566268548369408,0.003293293295428157,0.8089260458946228,0.8249406218528748,0.9100226163864136,0.02824777364730835,0.8089260458946228,0.6160638332366943
0,2048,transformer.h.5.attn.c_attn.weight,transformer.h.5.attn.c_attn.weight,"[1152, 384]",fixed_2,2,0.8449931740760803,0.0023956792429089546,0.003293293295428157,0.7326215505599976,0.8040275573730469,0.8449931740760803,0.04636251926422119,0.7326215505599976,0.6161885261535645
0,2048,transformer.h.5.attn.c_attn.weight,transformer.h.5.attn.c_attn.weight,"[1152, 384]",fixed_4,4,0.7426371574401855,0.002040689578279853,0.003293293295428157,0.6054062843322754,0.7193892002105713,0.7426371574401855,0.07796621322631836,0.6054062843322754,0.6147682070732117
0,2048,transformer.h.5.attn.c_attn.weight,transformer.h.5.attn.c_attn.weight,"[1152, 384]",fixed_8,8,0.6248238682746887,0.001378474524244666,0.003293293295428157,0.48758208751678467,0.6569793820381165,0.6248238682746887,0.12149578332901001,0.48758208751678467,0.614964485168457
0,2048,transformer.h.5.attn.c_attn.weight,transformer.h.5.attn.c_attn.weight,"[1152, 384]",fixed_16,16,0.48234090209007263,0.000919660902582109,0.003293293295428157,0.36489495635032654,0.6151822805404663,0.48234090209007263,0.19395118951797485,0.36489495635032654,0.616844654083252
0,2048,transformer.h.5.attn.c_attn.weight,transformer.h.5.attn.c_attn.weight,"[1152, 384]",energy_25,2,0.8449931740760803,0.0023956792429089546,0.003293293295428157,0.7326215505599976,0.8040275573730469,0.8449931740760803,0.04636251926422119,0.7326215505599976,0.6161885261535645
0,2048,transformer.h.5.attn.c_attn.weight,transformer.h.5.attn.c_attn.weight,"[1152, 384]",energy_50,6,0.677852213382721,0.001532799331471324,0.003293293295428157,0.5320896506309509,0.6613470911979675,0.677852213382721,0.10244059562683105,0.5320896506309509,0.6170462369918823
0,2048,transformer.h.5.attn.c_attn.weight,transformer.h.5.attn.c_attn.weight,"[1152, 384]",energy_75,15,0.4973752796649933,0.0009339653188362718,0.003293293295428157,0.37792491912841797,0.6136478185653687,0.4973752796649933,0.1825503706932068,0.37792491912841797,0.6200851202011108
0,2048,transformer.h.5.attn.c_attn.weight,transformer.h.5.attn.c_attn.weight,"[1152, 384]",energy_90,33,0.3135356605052948,0.0005976991960778832,0.003293293295428157,0.24896511435508728,0.5150908827781677,0.3135356605052948,0.290283203125,0.24896511435508728,0.6180059313774109
0,2048,transformer.h.5.attn.c_proj.weight,transformer.h.5.attn.c_proj.weight,"[384, 384]",fixed_1,1,0.8168141841888428,0.003909198567271233,0.0050835879519581795,0.7908950448036194,0.821010172367096,0.8168141841888428,0.043489933013916016,0.7908950448036194,0.6951894164085388
0,2048,transformer.h.5.attn.c_proj.weight,transformer.h.5.attn.c_proj.weight,"[384, 384]",fixed_2,2,0.7474401593208313,0.003210043767467141,0.0050835879519581795,0.7092294692993164,0.7481769919395447,0.7474401593208313,0.06681585311889648,0.7092294692993164,0.6972530484199524
0,2048,transformer.h.5.attn.c_proj.weight,transformer.h.5.attn.c_proj.weight,"[384, 384]",fixed_4,4,0.665210485458374,0.0027173932176083326,0.0050835879519581795,0.6215202212333679,0.6477906107902527,0.665210485458374,0.0946384072303772,0.6215202212333679,0.696715772151947
0,2048,transformer.h.5.attn.c_proj.weight,transformer.h.5.attn.c_proj.weight,"[384, 384]",fixed_8,8,0.5765940546989441,0.0023685633204877377,0.0050835879519581795,0.5345397591590881,0.5593991279602051,0.5765940546989441,0.13007718324661255,0.5345397591590881,0.6991394758224487
0,2048,transformer.h.5.attn.c_proj.weight,transformer.h.5.attn.c_proj.weight,"[384, 384]",fixed_16,16,0.4582073390483856,0.002158348448574543,0.0050835879519581795,0.41930508613586426,0.4329821467399597,0.4582073390483856,0.19029241800308228,0.41930508613586426,0.6970615983009338
0,2048,transformer.h.5.attn.c_proj.weight,transformer.h.5.attn.c_proj.weight,"[384, 384]",energy_25,1,0.8168141841888428,0.003909198567271233,0.0050835879519581795,0.7908950448036194,0.821010172367096,0.8168141841888428,0.043489933013916016,0.7908950448036194,0.6951894164085388
0,2048,transformer.h.5.attn.c_proj.weight,transformer.h.5.attn.c_proj.weight,"[384, 384]",energy_50,3,0.6973469257354736,0.002781039336696267,0.0050835879519581795,0.6574215292930603,0.6895283460617065,0.6973469257354736,0.08077895641326904,0.6574215292930603,0.6936492323875427
0,2048,transformer.h.5.attn.c_proj.weight,transformer.h.5.attn.c_proj.weight,"[384, 384]",energy_75,13,0.4962703287601471,0.0020489334128797054,0.0050835879519581795,0.456625372171402,0.4711970090866089,0.4962703287601471,0.16464143991470337,0.456625372171402,0.6979780197143555
0,2048,transformer.h.5.attn.c_proj.weight,transformer.h.5.attn.c_proj.weight,"[384, 384]",energy_90,34,0.3129308819770813,0.001180956489406526,0.0050835879519581795,0.2807588577270508,0.29330018162727356,0.3129308819770813,0.27962201833724976,0.2807588577270508,0.6972882151603699
0,2048,transformer.h.5.mlp.w1.weight,transformer.h.5.mlp.w1.weight,"[1024, 384]",fixed_1,1,0.8397725224494934,0.006124002393335104,0.02835979498922825,0.8452829718589783,0.941770613193512,0.8397725224494934,0.010543227195739746,0.8452829718589783,0.0
0,2048,transformer.h.5.mlp.w1.weight,transformer.h.5.mlp.w1.weight,"[1024, 384]",fixed_2,2,0.7955417633056641,0.005576299037784338,0.02835979498922825,0.7033761739730835,0.7883381247520447,0.7955417633056641,0.02393198013305664,0.7033761739730835,0.0
0,2048,transformer.h.5.mlp.w1.weight,transformer.h.5.mlp.w1.weight,"[1024, 384]",fixed_4,4,0.7506102919578552,0.004138119984418154,0.02835979498922825,0.6136130094528198,0.69846510887146,0.7506102919578552,0.03401726484298706,0.6136130094528198,0.0
0,2048,transformer.h.5.mlp.w1.weight,transformer.h.5.mlp.w1.weight,"[1024, 384]",fixed_8,8,0.6863681077957153,0.003136772196739912,0.02835979498922825,0.5305202007293701,0.6071814298629761,0.6863681077957153,0.0464746356010437,0.5305202007293701,0.0
0,2048,transformer.h.5.mlp.w1.weight,transformer.h.5.mlp.w1.weight,"[1024, 384]",fixed_16,16,0.6054748296737671,0.0022050044499337673,0.02835979498922825,0.44453081488609314,0.5317428112030029,0.6054748296737671,0.060827791690826416,0.44453081488609314,0.0
0,2048,transformer.h.5.mlp.w1.weight,transformer.h.5.mlp.w1.weight,"[1024, 384]",energy_25,1,0.8397725224494934,0.006124002393335104,0.02835979498922825,0.8452829718589783,0.941770613193512,0.8397725224494934,0.010543227195739746,0.8452829718589783,0.0
0,2048,transformer.h.5.mlp.w1.weight,transformer.h.5.mlp.w1.weight,"[1024, 384]",energy_50,7,0.7001250982284546,0.003089974634349346,0.02835979498922825,0.5530874729156494,0.642024576663971,0.7001250982284546,0.0434877872467041,0.5530874729156494,0.0
0,2048,transformer.h.5.mlp.w1.weight,transformer.h.5.mlp.w1.weight,"[1024, 384]",energy_75,34,0.49964457750320435,0.0016232655616477132,0.02835979498922825,0.3571118414402008,0.4237004220485687,0.49964457750320435,0.07556909322738647,0.3571118414402008,0.0
0,2048,transformer.h.5.mlp.w1.weight,transformer.h.5.mlp.w1.weight,"[1024, 384]",energy_90,97,0.3149050772190094,0.0007943073287606239,0.02835979498922825,0.20737594366073608,0.2457926869392395,0.3149050772190094,0.09857136011123657,0.20737594366073608,0.0
0,2048,transformer.h.5.mlp.w2.weight,transformer.h.5.mlp.w2.weight,"[1024, 384]",fixed_1,1,0.8378921151161194,0.006129232235252857,0.025286048650741577,0.8774051070213318,0.959941565990448,0.8378921151161194,0.008287668228149414,0.8774051070213318,0.0
0,2048,transformer.h.5.mlp.w2.weight,transformer.h.5.mlp.w2.weight,"[1024, 384]",fixed_2,2,0.7946783304214478,0.0040180860087275505,0.025286048650741577,0.7423144578933716,0.8657857775688171,0.7946783304214478,0.01949787139892578,0.7423144578933716,0.0
0,2048,transformer.h.5.mlp.w2.weight,transformer.h.5.mlp.w2.weight,"[1024, 384]",fixed_4,4,0.7511096596717834,0.004097092431038618,0.025286048650741577,0.6449494361877441,0.7496547698974609,0.7511096596717834,0.030652523040771484,0.6449494361877441,0.0
0,2048,transformer.h.5.mlp.w2.weight,transformer.h.5.mlp.w2.weight,"[1024, 384]",fixed_8,8,0.6884658336639404,0.003280989360064268,0.025286048650741577,0.5529825091362,0.6660410165786743,0.6884658336639404,0.04357767105102539,0.5529825091362,0.0
0,2048,transformer.h.5.mlp.w2.weight,transformer.h.5.mlp.w2.weight,"[1024, 384]",fixed_16,16,0.6078431606292725,0.0020364553201943636,0.025286048650741577,0.46893754601478577,0.5630688071250916,0.6078431606292725,0.056705474853515625,0.46893754601478577,0.0
0,2048,transformer.h.5.mlp.w2.weight,transformer.h.5.mlp.w2.weight,"[1024, 384]",energy_25,1,0.8378921151161194,0.006129232235252857,0.025286048650741577,0.8774051070213318,0.959941565990448,0.8378921151161194,0.008287668228149414,0.8774051070213318,0.0
0,2048,transformer.h.5.mlp.w2.weight,transformer.h.5.mlp.w2.weight,"[1024, 384]",energy_50,7,0.7021578550338745,0.00305283279158175,0.025286048650741577,0.5710344314575195,0.6794545650482178,0.7021578550338745,0.04104816913604736,0.5710344314575195,0.0
0,2048,transformer.h.5.mlp.w2.weight,transformer.h.5.mlp.w2.weight,"[1024, 384]",energy_75,35,0.496843546628952,0.0015502513851970434,0.025286048650741577,0.3729259967803955,0.45037001371383667,0.496843546628952,0.0723450779914856,0.3729259967803955,0.0
0,2048,transformer.h.5.mlp.w2.weight,transformer.h.5.mlp.w2.weight,"[1024, 384]",energy_90,98,0.3161107897758484,0.0007084676763042808,0.025286048650741577,0.22134049236774445,0.2694988548755646,0.3161107897758484,0.09428930282592773,0.22134049236774445,0.0
0,2048,transformer.h.5.mlp.c_proj.weight,transformer.h.5.mlp.c_proj.weight,"[384, 1024]",fixed_1,1,0.7471446990966797,0.014050827361643314,0.018274812027812004,0.8001854419708252,0.8077192306518555,0.7471446990966797,0.04775744676589966,0.8001854419708252,0.013758224435150623
0,2048,transformer.h.5.mlp.c_proj.weight,transformer.h.5.mlp.c_proj.weight,"[384, 1024]",fixed_2,2,0.7133318781852722,0.01264427974820137,0.018274812027812004,0.701833963394165,0.726082980632782,0.7133318781852722,0.05726742744445801,0.701833963394165,0.013880949467420578
0,2048,transformer.h.5.mlp.c_proj.weight,transformer.h.5.mlp.c_proj.weight,"[384, 1024]",fixed_4,4,0.6674929857254028,0.011167447082698345,0.018274812027812004,0.6219743490219116,0.6267048120498657,0.6674929857254028,0.06776058673858643,0.6219743490219116,0.013671250082552433
0,2048,transformer.h.5.mlp.c_proj.weight,transformer.h.5.mlp.c_proj.weight,"[384, 1024]",fixed_8,8,0.6124652624130249,0.006530028767883778,0.018274812027812004,0.5085785388946533,0.5351524353027344,0.6124652624130249,0.08183813095092773,0.5085785388946533,0.013506012037396431
0,2048,transformer.h.5.mlp.c_proj.weight,transformer.h.5.mlp.c_proj.weight,"[384, 1024]",fixed_16,16,0.5433948636054993,0.005271631292998791,0.018274812027812004,0.39700308442115784,0.40798914432525635,0.5433948636054993,0.0977548360824585,0.39700308442115784,0.013817033730447292
0,2048,transformer.h.5.mlp.c_proj.weight,transformer.h.5.mlp.c_proj.weight,"[384, 1024]",energy_25,1,0.7471446990966797,0.014050827361643314,0.018274812027812004,0.8001854419708252,0.8077192306518555,0.7471446990966797,0.04775744676589966,0.8001854419708252,0.013758224435150623
0,2048,transformer.h.5.mlp.c_proj.weight,transformer.h.5.mlp.c_proj.weight,"[384, 1024]",energy_50,3,0.6869685053825378,0.011145969852805138,0.018274812027812004,0.6417093276977539,0.6492615938186646,0.6869685053825378,0.06473970413208008,0.6417093276977539,0.013826796784996986
0,2048,transformer.h.5.mlp.c_proj.weight,transformer.h.5.mlp.c_proj.weight,"[384, 1024]",energy_75,24,0.4968668818473816,0.004023836925625801,0.018274812027812004,0.331007182598114,0.3428577780723572,0.4968668818473816,0.10713040828704834,0.331007182598114,0.013504019007086754
0,2048,transformer.h.5.mlp.c_proj.weight,transformer.h.5.mlp.c_proj.weight,"[384, 1024]",energy_90,88,0.31485164165496826,0.0020454139448702335,0.018274812027812004,0.17671604454517365,0.1855548471212387,0.31485164165496826,0.1319291591644287,0.17671604454517365,0.013463334180414677
0,4096,transformer.h.0.attn.c_attn.weight,transformer.h.0.attn.c_attn.weight,"[1152, 384]",fixed_1,1,0.7857828736305237,0.003918512724339962,0.008691596798598766,0.5709925889968872,0.4029392898082733,0.7857828736305237,0.07951432466506958,0.5709925889968872,0.7207630276679993
0,4096,transformer.h.0.attn.c_attn.weight,transformer.h.0.attn.c_attn.weight,"[1152, 384]",fixed_2,2,0.6308319568634033,0.0033799714874476194,0.008691596798598766,0.47934690117836,0.3708757162094116,0.6308319568634033,0.12937629222869873,0.47934690117836,0.7213085293769836
0,4096,transformer.h.0.attn.c_attn.weight,transformer.h.0.attn.c_attn.weight,"[1152, 384]",fixed_4,4,0.4834389090538025,0.0023472532629966736,0.008691596798598766,0.37575531005859375,0.3258607089519501,0.4834389090538025,0.19512242078781128,0.37575531005859375,0.7132394313812256
0,4096,transformer.h.0.attn.c_attn.weight,transformer.h.0.attn.c_attn.weight,"[1152, 384]",fixed_8,8,0.40745869278907776,0.0016664350405335426,0.008691596798598766,0.3063044846057892,0.28824734687805176,0.40745869278907776,0.2437114715576172,0.3063044846057892,0.7095047831535339
0,4096,transformer.h.0.attn.c_attn.weight,transformer.h.0.attn.c_attn.weight,"[1152, 384]",fixed_16,16,0.3312261402606964,0.0013164971023797989,0.008691596798598766,0.24675191938877106,0.28716564178466797,0.3312261402606964,0.29735541343688965,0.24675191938877106,0.7015340924263
0,4096,transformer.h.0.attn.c_attn.weight,transformer.h.0.attn.c_attn.weight,"[1152, 384]",energy_25,1,0.7857828736305237,0.003918512724339962,0.008691596798598766,0.5709925889968872,0.4029392898082733,0.7857828736305237,0.07951432466506958,0.5709925889968872,0.7207630276679993
0,4096,transformer.h.0.attn.c_attn.weight,transformer.h.0.attn.c_attn.weight,"[1152, 384]",energy_50,2,0.6308319568634033,0.0033799714874476194,0.008691596798598766,0.47934690117836,0.3708757162094116,0.6308319568634033,0.12937629222869873,0.47934690117836,0.7213085293769836
0,4096,transformer.h.0.attn.c_attn.weight,transformer.h.0.attn.c_attn.weight,"[1152, 384]",energy_75,4,0.4834389090538025,0.0023472532629966736,0.008691596798598766,0.37575531005859375,0.3258607089519501,0.4834389090538025,0.19512242078781128,0.37575531005859375,0.7132394313812256
0,4096,transformer.h.0.attn.c_attn.weight,transformer.h.0.attn.c_attn.weight,"[1152, 384]",energy_90,19,0.3136700689792633,0.0012127305381000042,0.008691596798598766,0.23267251253128052,0.294169545173645,0.3136700689792633,0.3100377321243286,0.23267251253128052,0.7028774619102478
0,4096,transformer.h.0.attn.c_proj.weight,transformer.h.0.attn.c_proj.weight,"[384, 384]",fixed_1,1,0.7318086624145508,0.016806215047836304,0.022646885365247726,0.6472820043563843,0.5984609127044678,0.7318086624145508,0.07138639688491821,0.6472820043563843,0.9005197286605835
0,4096,transformer.h.0.attn.c_proj.weight,transformer.h.0.attn.c_proj.weight,"[384, 384]",fixed_2,2,0.5980585217475891,0.00967424362897873,0.022646885365247726,0.4550895392894745,0.4550217390060425,0.5980585217475891,0.13706636428833008,0.4550895392894745,0.9054616093635559
0,4096,transformer.h.0.attn.c_proj.weight,transformer.h.0.attn.c_proj.weight,"[384, 384]",fixed_4,4,0.42500820755958557,0.005661560222506523,0.022646885365247726,0.294408917427063,0.28641870617866516,0.42500820755958557,0.23451805114746094,0.294408917427063,0.9141771197319031
0,4096,transformer.h.0.attn.c_proj.weight,transformer.h.0.attn.c_proj.weight,"[384, 384]",fixed_8,8,0.3417234718799591,0.00453066173940897,0.022646885365247726,0.23345154523849487,0.22752702236175537,0.3417234718799591,0.3022868037223816,0.23345154523849487,0.9101972579956055
0,4096,transformer.h.0.attn.c_proj.weight,transformer.h.0.attn.c_proj.weight,"[384, 384]",fixed_16,16,0.2657436728477478,0.0028367284685373306,0.022646885365247726,0.1759733259677887,0.17505700886249542,0.2657436728477478,0.3659786581993103,0.1759733259677887,0.9099575877189636
0,4096,transformer.h.0.attn.c_proj.weight,transformer.h.0.attn.c_proj.weight,"[384, 384]",energy_25,1,0.7318086624145508,0.016806215047836304,0.022646885365247726,0.6472820043563843,0.5984609127044678,0.7318086624145508,0.07138639688491821,0.6472820043563843,0.9005197286605835
0,4096,transformer.h.0.attn.c_proj.weight,transformer.h.0.attn.c_proj.weight,"[384, 384]",energy_50,2,0.5980585217475891,0.00967424362897873,0.022646885365247726,0.4550895392894745,0.4550217390060425,0.5980585217475891,0.13706636428833008,0.4550895392894745,0.9054616093635559
0,4096,transformer.h.0.attn.c_proj.weight,transformer.h.0.attn.c_proj.weight,"[384, 384]",energy_75,3,0.49096107482910156,0.00788851361721754,0.022646885365247726,0.3542834520339966,0.341705322265625,0.49096107482910156,0.19201958179473877,0.3542834520339966,0.9085679054260254
0,4096,transformer.h.0.attn.c_proj.weight,transformer.h.0.attn.c_proj.weight,"[384, 384]",energy_90,11,0.3056061863899231,0.0035729461815208197,0.022646885365247726,0.20593512058258057,0.2062542736530304,0.3056061863899231,0.32905399799346924,0.20593512058258057,0.9112119078636169
0,4096,transformer.h.0.mlp.w1.weight,transformer.h.0.mlp.w1.weight,"[1024, 384]",fixed_1,1,0.8292690515518188,0.0046394215896725655,0.0071439240127801895,0.7182856202125549,0.779843270778656,0.8292690515518188,0.026461541652679443,0.7182856202125549,0.0
0,4096,transformer.h.0.mlp.w1.weight,transformer.h.0.mlp.w1.weight,"[1024, 384]",fixed_2,2,0.7596732378005981,0.003928060177713633,0.0071439240127801895,0.6544023156166077,0.7025522589683533,0.7596732378005981,0.0340842604637146,0.6544023156166077,0.0
0,4096,transformer.h.0.mlp.w1.weight,transformer.h.0.mlp.w1.weight,"[1024, 384]",fixed_4,4,0.7129254341125488,0.003972713369876146,0.0071439240127801895,0.6187164187431335,0.6569386720657349,0.7129254341125488,0.038778722286224365,0.6187164187431335,0.0
0,4096,transformer.h.0.mlp.w1.weight,transformer.h.0.mlp.w1.weight,"[1024, 384]",fixed_8,8,0.6698334217071533,0.003150784410536289,0.0071439240127801895,0.5748612880706787,0.6295713186264038,0.6698334217071533,0.043370723724365234,0.5748612880706787,0.0
0,4096,transformer.h.0.mlp.w1.weight,transformer.h.0.mlp.w1.weight,"[1024, 384]",fixed_16,16,0.6193842887878418,0.0023055521305650473,0.0071439240127801895,0.5235224962234497,0.5704120993614197,0.6193842887878418,0.04859781265258789,0.5235224962234497,0.0
0,4096,transformer.h.0.mlp.w1.weight,transformer.h.0.mlp.w1.weight,"[1024, 384]",energy_25,1,0.8292690515518188,0.0046394215896725655,0.0071439240127801895,0.7182856202125549,0.779843270778656,0.8292690515518188,0.026461541652679443,0.7182856202125549,0.0
0,4096,transformer.h.0.mlp.w1.weight,transformer.h.0.mlp.w1.weight,"[1024, 384]",energy_50,5,0.6994340419769287,0.00341581623069942,0.0071439240127801895,0.6037182807922363,0.6492847204208374,0.6994340419769287,0.04017186164855957,0.6037182807922363,0.0
0,4096,transformer.h.0.mlp.w1.weight,transformer.h.0.mlp.w1.weight,"[1024, 384]",energy_75,50,0.49845537543296814,0.0018063080497086048,0.0071439240127801895,0.40225058794021606,0.4431501626968384,0.49845537543296814,0.059585392475128174,0.40225058794021606,0.0
0,4096,transformer.h.0.mlp.w1.weight,transformer.h.0.mlp.w1.weight,"[1024, 384]",energy_90,141,0.31588733196258545,0.0008729307446628809,0.0071439240127801895,0.23673593997955322,0.2634447515010834,0.31588733196258545,0.07167893648147583,0.23673593997955322,0.0
0,4096,transformer.h.0.mlp.w2.weight,transformer.h.0.mlp.w2.weight,"[1024, 384]",fixed_1,1,0.8198471665382385,0.004237381741404533,0.009195618331432343,0.6667729020118713,0.6883776187896729,0.8198471665382385,0.031076133251190186,0.6667729020118713,0.0
0,4096,transformer.h.0.mlp.w2.weight,transformer.h.0.mlp.w2.weight,"[1024, 384]",fixed_2,2,0.7486743330955505,0.0036094971001148224,0.009195618331432343,0.6203325986862183,0.632785975933075,0.7486743330955505,0.03840994834899902,0.6203325986862183,0.0
0,4096,transformer.h.0.mlp.w2.weight,transformer.h.0.mlp.w2.weight,"[1024, 384]",fixed_4,4,0.7022333145141602,0.0033793807961046696,0.009195618331432343,0.5749227404594421,0.5899428129196167,0.7022333145141602,0.04396563768386841,0.5749227404594421,0.0
0,4096,transformer.h.0.mlp.w2.weight,transformer.h.0.mlp.w2.weight,"[1024, 384]",fixed_8,8,0.6624509692192078,0.003116743406280875,0.009195618331432343,0.539826512336731,0.5645368695259094,0.6624509692192078,0.04814678430557251,0.539826512336731,0.0
0,4096,transformer.h.0.mlp.w2.weight,transformer.h.0.mlp.w2.weight,"[1024, 384]",fixed_16,16,0.6111549139022827,0.0028119231574237347,0.009195618331432343,0.4921581745147705,0.5199297070503235,0.6111549139022827,0.053375840187072754,0.4921581745147705,0.0
0,4096,transformer.h.0.mlp.w2.weight,transformer.h.0.mlp.w2.weight,"[1024, 384]",energy_25,1,0.8198471665382385,0.004237381741404533,0.009195618331432343,0.6667729020118713,0.6883776187896729,0.8198471665382385,0.031076133251190186,0.6667729020118713,0.0
0,4096,transformer.h.0.mlp.w2.weight,transformer.h.0.mlp.w2.weight,"[1024, 384]",energy_50,4,0.7022333145141602,0.0033793807961046696,0.009195618331432343,0.5749227404594421,0.5899428129196167,0.7022333145141602,0.04396563768386841,0.5749227404594421,0.0
0,4096,transformer.h.0.mlp.w2.weight,transformer.h.0.mlp.w2.weight,"[1024, 384]",energy_75,47,0.497255802154541,0.0017571782227605581,0.009195618331432343,0.37666764855384827,0.3995324373245239,0.497255802154541,0.06461834907531738,0.37666764855384827,0.0
0,4096,transformer.h.0.mlp.w2.weight,transformer.h.0.mlp.w2.weight,"[1024, 384]",energy_90,136,0.3149601221084595,0.000917714845854789,0.009195618331432343,0.2234557718038559,0.23968283832073212,0.3149601221084595,0.07719403505325317,0.2234557718038559,0.0
0,4096,transformer.h.0.mlp.c_proj.weight,transformer.h.0.mlp.c_proj.weight,"[384, 1024]",fixed_1,1,0.8566390872001648,0.015730127692222595,0.028448129072785378,0.648013174533844,0.6458127498626709,0.8566390872001648,0.0328405499458313,0.648013174533844,0.0
0,4096,transformer.h.0.mlp.c_proj.weight,transformer.h.0.mlp.c_proj.weight,"[384, 1024]",fixed_2,2,0.806303083896637,0.010298236273229122,0.028448129072785378,0.5327274203300476,0.5443999767303467,0.806303083896637,0.04720693826675415,0.5327274203300476,0.0
0,4096,transformer.h.0.mlp.c_proj.weight,transformer.h.0.mlp.c_proj.weight,"[384, 1024]",fixed_4,4,0.7604376673698425,0.00940977968275547,0.028448129072785378,0.4736345112323761,0.4836638867855072,0.7604376673698425,0.05630230903625488,0.4736345112323761,0.0
0,4096,transformer.h.0.mlp.c_proj.weight,transformer.h.0.mlp.c_proj.weight,"[384, 1024]",fixed_8,8,0.7100931406021118,0.008300812914967537,0.028448129072785378,0.4169628918170929,0.42882728576660156,0.7100931406021118,0.06564068794250488,0.4169628918170929,0.0
0,4096,transformer.h.0.mlp.c_proj.weight,transformer.h.0.mlp.c_proj.weight,"[384, 1024]",fixed_16,16,0.6403152942657471,0.006288632750511169,0.028448129072785378,0.35142189264297485,0.3568698763847351,0.6403152942657471,0.07680433988571167,0.35142189264297485,0.0
0,4096,transformer.h.0.mlp.c_proj.weight,transformer.h.0.mlp.c_proj.weight,"[384, 1024]",energy_25,1,0.8566390872001648,0.015730127692222595,0.028448129072785378,0.648013174533844,0.6458127498626709,0.8566390872001648,0.0328405499458313,0.648013174533844,0.0
0,4096,transformer.h.0.mlp.c_proj.weight,transformer.h.0.mlp.c_proj.weight,"[384, 1024]",energy_50,9,0.6996210217475891,0.008291256614029408,0.028448129072785378,0.405282586812973,0.4122597575187683,0.6996210217475891,0.06766551733016968,0.405282586812973,0.0
0,4096,transformer.h.0.mlp.c_proj.weight,transformer.h.0.mlp.c_proj.weight,"[384, 1024]",energy_75,46,0.49873003363609314,0.004525230266153812,0.028448129072785378,0.25392860174179077,0.2623266279697418,0.49873003363609314,0.09506893157958984,0.25392860174179077,0.0
0,4096,transformer.h.0.mlp.c_proj.weight,transformer.h.0.mlp.c_proj.weight,"[384, 1024]",energy_90,121,0.3160887658596039,0.002498915186151862,0.028448129072785378,0.1441202461719513,0.14931321144104004,0.3160887658596039,0.11165457963943481,0.1441202461719513,0.0
0,4096,transformer.h.1.attn.c_attn.weight,transformer.h.1.attn.c_attn.weight,"[1152, 384]",fixed_1,1,0.6067340970039368,0.003624959848821163,0.00737394392490387,0.5366275906562805,0.8841367959976196,0.6067340970039368,0.11589467525482178,0.5366275906562805,0.7898080348968506
0,4096,transformer.h.1.attn.c_attn.weight,transformer.h.1.attn.c_attn.weight,"[1152, 384]",fixed_2,2,0.5341397523880005,0.002976818708702922,0.00737394392490387,0.48822134733200073,0.9005612730979919,0.5341397523880005,0.14238721132278442,0.48822134733200073,0.7858940958976746
0,4096,transformer.h.1.attn.c_attn.weight,transformer.h.1.attn.c_attn.weight,"[1152, 384]",fixed_4,4,0.46740829944610596,0.0021706533152610064,0.00737394392490387,0.3905142545700073,0.6792924404144287,0.46740829944610596,0.18443667888641357,0.3905142545700073,0.7949474453926086
0,4096,transformer.h.1.attn.c_attn.weight,transformer.h.1.attn.c_attn.weight,"[1152, 384]",fixed_8,8,0.3956337869167328,0.001759933540597558,0.00737394392490387,0.32882431149482727,0.646819531917572,0.3956337869167328,0.23276835680007935,0.32882431149482727,0.7917722463607788
0,4096,transformer.h.1.attn.c_attn.weight,transformer.h.1.attn.c_attn.weight,"[1152, 384]",fixed_16,16,0.3230506479740143,0.001434101490303874,0.00737394392490387,0.27115100622177124,0.5872167348861694,0.3230506479740143,0.28024011850357056,0.27115100622177124,0.7860941290855408
0,4096,transformer.h.1.attn.c_attn.weight,transformer.h.1.attn.c_attn.weight,"[1152, 384]",energy_25,1,0.6067340970039368,0.003624959848821163,0.00737394392490387,0.5366275906562805,0.8841367959976196,0.6067340970039368,0.11589467525482178,0.5366275906562805,0.7898080348968506
0,4096,transformer.h.1.attn.c_attn.weight,transformer.h.1.attn.c_attn.weight,"[1152, 384]",energy_50,1,0.6067340970039368,0.003624959848821163,0.00737394392490387,0.5366275906562805,0.8841367959976196,0.6067340970039368,0.11589467525482178,0.5366275906562805,0.7898080348968506
0,4096,transformer.h.1.attn.c_attn.weight,transformer.h.1.attn.c_attn.weight,"[1152, 384]",energy_75,3,0.496288925409317,0.002518338616937399,0.00737394392490387,0.4226694405078888,0.7178583145141602,0.496288925409317,0.16711431741714478,0.4226694405078888,0.7904432415962219
0,4096,transformer.h.1.attn.c_attn.weight,transformer.h.1.attn.c_attn.weight,"[1152, 384]",energy_90,18,0.30987846851348877,0.0012521885801106691,0.00737394392490387,0.2600116431713104,0.5913316011428833,0.30987846851348877,0.29061204195022583,0.2600116431713104,0.785650372505188
0,4096,transformer.h.1.attn.c_proj.weight,transformer.h.1.attn.c_proj.weight,"[384, 384]",fixed_1,1,0.4483112096786499,0.005301107186824083,0.016398021951317787,0.3963031768798828,0.3924419581890106,0.4483112096786499,0.18234890699386597,0.3963031768798828,0.9424495100975037
0,4096,transformer.h.1.attn.c_proj.weight,transformer.h.1.attn.c_proj.weight,"[384, 384]",fixed_2,2,0.42118361592292786,0.005174285266548395,0.016398021951317787,0.3731028437614441,0.37457263469696045,0.42118361592292786,0.20059406757354736,0.3731028437614441,0.936135470867157
0,4096,transformer.h.1.attn.c_proj.weight,transformer.h.1.attn.c_proj.weight,"[384, 384]",fixed_4,4,0.3751209080219269,0.004950054921209812,0.016398021951317787,0.32668039202690125,0.31978824734687805,0.3751209080219269,0.23908394575119019,0.32668039202690125,0.9341122508049011
0,4096,transformer.h.1.attn.c_proj.weight,transformer.h.1.attn.c_proj.weight,"[384, 384]",fixed_8,8,0.3199321925640106,0.0035293546970933676,0.016398021951317787,0.264356404542923,0.2633032500743866,0.3199321925640106,0.29045987129211426,0.264356404542923,0.9378743767738342
0,4096,transformer.h.1.attn.c_proj.weight,transformer.h.1.attn.c_proj.weight,"[384, 384]",fixed_16,16,0.25316208600997925,0.002464043442159891,0.016398021951317787,0.208173468708992,0.20983564853668213,0.25316208600997925,0.3479020595550537,0.208173468708992,0.9394994378089905
0,4096,transformer.h.1.attn.c_proj.weight,transformer.h.1.attn.c_proj.weight,"[384, 384]",energy_25,1,0.4483112096786499,0.005301107186824083,0.016398021951317787,0.3963031768798828,0.3924419581890106,0.4483112096786499,0.18234890699386597,0.3963031768798828,0.9424495100975037
0,4096,transformer.h.1.attn.c_proj.weight,transformer.h.1.attn.c_proj.weight,"[384, 384]",energy_50,1,0.4483112096786499,0.005301107186824083,0.016398021951317787,0.3963031768798828,0.3924419581890106,0.4483112096786499,0.18234890699386597,0.3963031768798828,0.9424495100975037
0,4096,transformer.h.1.attn.c_proj.weight,transformer.h.1.attn.c_proj.weight,"[384, 384]",energy_75,1,0.4483112096786499,0.005301107186824083,0.016398021951317787,0.3963031768798828,0.3924419581890106,0.4483112096786499,0.18234890699386597,0.3963031768798828,0.9424495100975037
0,4096,transformer.h.1.attn.c_proj.weight,transformer.h.1.attn.c_proj.weight,"[384, 384]",energy_90,9,0.3087240159511566,0.0031790658831596375,0.016398021951317787,0.25432947278022766,0.25760453939437866,0.3087240159511566,0.2995454668998718,0.25432947278022766,0.9360410571098328
0,4096,transformer.h.1.mlp.w1.weight,transformer.h.1.mlp.w1.weight,"[1024, 384]",fixed_1,1,0.7937735319137573,0.007680652663111687,0.007396620232611895,0.8179000020027161,0.8371462225914001,0.7937735319137573,0.029418230056762695,0.8179000020027161,0.0
0,4096,transformer.h.1.mlp.w1.weight,transformer.h.1.mlp.w1.weight,"[1024, 384]",fixed_2,2,0.7130282521247864,0.0042559802532196045,0.007396620232611895,0.6859420537948608,0.7114205360412598,0.7130282521247864,0.042729079723358154,0.6859420537948608,0.0
0,4096,transformer.h.1.mlp.w1.weight,transformer.h.1.mlp.w1.weight,"[1024, 384]",fixed_4,4,0.6775897741317749,0.004151471424847841,0.007396620232611895,0.6487720608711243,0.6727596521377563,0.6775897741317749,0.04728919267654419,0.6487720608711243,0.0
0,4096,transformer.h.1.mlp.w1.weight,transformer.h.1.mlp.w1.weight,"[1024, 384]",fixed_8,8,0.6309049129486084,0.0028488305397331715,0.007396620232611895,0.5967273712158203,0.6203498840332031,0.6309049129486084,0.05364656448364258,0.5967273712158203,0.0
0,4096,transformer.h.1.mlp.w1.weight,transformer.h.1.mlp.w1.weight,"[1024, 384]",fixed_16,16,0.5735232830047607,0.002457268303260207,0.007396620232611895,0.5361988544464111,0.5706958174705505,0.5735232830047607,0.06103551387786865,0.5361988544464111,0.0
0,4096,transformer.h.1.mlp.w1.weight,transformer.h.1.mlp.w1.weight,"[1024, 384]",energy_25,1,0.7937735319137573,0.007680652663111687,0.007396620232611895,0.8179000020027161,0.8371462225914001,0.7937735319137573,0.029418230056762695,0.8179000020027161,0.0
0,4096,transformer.h.1.mlp.w1.weight,transformer.h.1.mlp.w1.weight,"[1024, 384]",energy_50,3,0.6935822367668152,0.004245265386998653,0.007396620232611895,0.6660208106040955,0.6835622191429138,0.6935822367668152,0.04540085792541504,0.6660208106040955,0.0
0,4096,transformer.h.1.mlp.w1.weight,transformer.h.1.mlp.w1.weight,"[1024, 384]",energy_75,33,0.49680426716804504,0.0018874165834859014,0.007396620232611895,0.45174503326416016,0.4880076050758362,0.49680426716804504,0.06996721029281616,0.45174503326416016,0.0
0,4096,transformer.h.1.mlp.w1.weight,transformer.h.1.mlp.w1.weight,"[1024, 384]",energy_90,108,0.3153250217437744,0.0009487734059803188,0.007396620232611895,0.2586045563220978,0.27979159355163574,0.3153250217437744,0.08777517080307007,0.2586045563220978,0.0
0,4096,transformer.h.1.mlp.w2.weight,transformer.h.1.mlp.w2.weight,"[1024, 384]",fixed_1,1,0.8071628212928772,0.006374246906489134,0.006302606780081987,0.8311871290206909,0.8067207932472229,0.8071628212928772,0.02730923891067505,0.8311871290206909,0.0
0,4096,transformer.h.1.mlp.w2.weight,transformer.h.1.mlp.w2.weight,"[1024, 384]",fixed_2,2,0.7185432314872742,0.0034577641636133194,0.006302606780081987,0.6755335927009583,0.7086291313171387,0.7185432314872742,0.04332232475280762,0.6755335927009583,0.0
0,4096,transformer.h.1.mlp.w2.weight,transformer.h.1.mlp.w2.weight,"[1024, 384]",fixed_4,4,0.6848565936088562,0.0033024107106029987,0.006302606780081987,0.6412664651870728,0.6666333079338074,0.6848565936088562,0.048004090785980225,0.6412664651870728,0.0
0,4096,transformer.h.1.mlp.w2.weight,transformer.h.1.mlp.w2.weight,"[1024, 384]",fixed_8,8,0.6368598341941833,0.002968920161947608,0.006302606780081987,0.5959023833274841,0.6262828707695007,0.6368598341941833,0.054068028926849365,0.5959023833274841,0.0
0,4096,transformer.h.1.mlp.w2.weight,transformer.h.1.mlp.w2.weight,"[1024, 384]",fixed_16,16,0.5793606042861938,0.0020613025408238173,0.006302606780081987,0.5268251895904541,0.5667665600776672,0.5793606042861938,0.06181776523590088,0.5268251895904541,0.0
0,4096,transformer.h.1.mlp.w2.weight,transformer.h.1.mlp.w2.weight,"[1024, 384]",energy_25,1,0.8071628212928772,0.006374246906489134,0.006302606780081987,0.8311871290206909,0.8067207932472229,0.8071628212928772,0.02730923891067505,0.8311871290206909,0.0
0,4096,transformer.h.1.mlp.w2.weight,transformer.h.1.mlp.w2.weight,"[1024, 384]",energy_50,3,0.7000640034675598,0.003435324877500534,0.006302606780081987,0.6561560034751892,0.6843368411064148,0.7000640034675598,0.04618632793426514,0.6561560034751892,0.0
0,4096,transformer.h.1.mlp.w2.weight,transformer.h.1.mlp.w2.weight,"[1024, 384]",energy_75,34,0.4972846508026123,0.0016135997138917446,0.006302606780081987,0.4384115934371948,0.46813341975212097,0.4972846508026123,0.07174026966094971,0.4384115934371948,0.0
0,4096,transformer.h.1.mlp.w2.weight,transformer.h.1.mlp.w2.weight,"[1024, 384]",energy_90,109,0.31537196040153503,0.0008240821771323681,0.006302606780081987,0.25035980343818665,0.26895180344581604,0.31537196040153503,0.08927810192108154,0.25035980343818665,0.0
0,4096,transformer.h.1.mlp.c_proj.weight,transformer.h.1.mlp.c_proj.weight,"[384, 1024]",fixed_1,1,0.8724883794784546,0.01901552639901638,0.022383635863661766,0.7840558290481567,0.7909820675849915,0.8724883794784546,0.022883176803588867,0.7840558290481567,0.0
0,4096,transformer.h.1.mlp.c_proj.weight,transformer.h.1.mlp.c_proj.weight,"[384, 1024]",fixed_2,2,0.7914577722549438,0.013490777462720871,0.022383635863661766,0.629377007484436,0.634075939655304,0.7914577722549438,0.040897905826568604,0.629377007484436,0.0
0,4096,transformer.h.1.mlp.c_proj.weight,transformer.h.1.mlp.c_proj.weight,"[384, 1024]",fixed_4,4,0.7309210896492004,0.011508205905556679,0.022383635863661766,0.520561695098877,0.5335404872894287,0.7309210896492004,0.0550229549407959,0.520561695098877,0.0
0,4096,transformer.h.1.mlp.c_proj.weight,transformer.h.1.mlp.c_proj.weight,"[384, 1024]",fixed_8,8,0.6795666813850403,0.009382663294672966,0.022383635863661766,0.45163092017173767,0.4626258909702301,0.6795666813850403,0.06536650657653809,0.45163092017173767,0.0
0,4096,transformer.h.1.mlp.c_proj.weight,transformer.h.1.mlp.c_proj.weight,"[384, 1024]",fixed_16,16,0.6087830662727356,0.006220780313014984,0.022383635863661766,0.37685978412628174,0.3946838676929474,0.6087830662727356,0.07832425832748413,0.37685978412628174,0.0
0,4096,transformer.h.1.mlp.c_proj.weight,transformer.h.1.mlp.c_proj.weight,"[384, 1024]",energy_25,2,0.7914577722549438,0.013490777462720871,0.022383635863661766,0.629377007484436,0.634075939655304,0.7914577722549438,0.040897905826568604,0.629377007484436,0.0
0,4096,transformer.h.1.mlp.c_proj.weight,transformer.h.1.mlp.c_proj.weight,"[384, 1024]",energy_50,6,0.702335774898529,0.010249612852931023,0.022383635863661766,0.48579141497612,0.48503828048706055,0.702335774898529,0.06041133403778076,0.48579141497612,0.0
0,4096,transformer.h.1.mlp.c_proj.weight,transformer.h.1.mlp.c_proj.weight,"[384, 1024]",energy_75,38,0.4987122118473053,0.004016100894659758,0.022383635863661766,0.27684274315834045,0.2899237275123596,0.4987122118473053,0.09552556276321411,0.27684274315834045,0.0
0,4096,transformer.h.1.mlp.c_proj.weight,transformer.h.1.mlp.c_proj.weight,"[384, 1024]",energy_90,108,0.3151995539665222,0.0024443618021905422,0.022383635863661766,0.155251607298851,0.16139724850654602,0.3151995539665222,0.1154523491859436,0.155251607298851,0.0
0,4096,transformer.h.2.attn.c_attn.weight,transformer.h.2.attn.c_attn.weight,"[1152, 384]",fixed_1,1,0.4777507781982422,0.0076159145683050156,0.03479621186852455,0.27260974049568176,0.3893754780292511,0.4777507781982422,0.22102564573287964,0.27260974049568176,0.7462573647499084
0,4096,transformer.h.2.attn.c_attn.weight,transformer.h.2.attn.c_attn.weight,"[1152, 384]",fixed_2,2,0.4503358006477356,0.006646755151450634,0.03479621186852455,0.24912357330322266,0.3071039915084839,0.4503358006477356,0.2411927580833435,0.24912357330322266,0.7404230237007141
0,4096,transformer.h.2.attn.c_attn.weight,transformer.h.2.attn.c_attn.weight,"[1152, 384]",fixed_4,4,0.4126206934452057,0.006330857053399086,0.03479621186852455,0.2248559594154358,0.31925004720687866,0.4126206934452057,0.26615220308303833,0.2248559594154358,0.7363492250442505
0,4096,transformer.h.2.attn.c_attn.weight,transformer.h.2.attn.c_attn.weight,"[1152, 384]",fixed_8,8,0.3644718825817108,0.005589211825281382,0.03479621186852455,0.19473591446876526,0.2708820700645447,0.3644718825817108,0.29812169075012207,0.19473591446876526,0.7362580299377441
0,4096,transformer.h.2.attn.c_attn.weight,transformer.h.2.attn.c_attn.weight,"[1152, 384]",fixed_16,16,0.30222195386886597,0.0043407101184129715,0.03479621186852455,0.16408850252628326,0.24761277437210083,0.30222195386886597,0.3288493752479553,0.16408850252628326,0.7414248585700989
0,4096,transformer.h.2.attn.c_attn.weight,transformer.h.2.attn.c_attn.weight,"[1152, 384]",energy_25,1,0.4777507781982422,0.0076159145683050156,0.03479621186852455,0.27260974049568176,0.3893754780292511,0.4777507781982422,0.22102564573287964,0.27260974049568176,0.7462573647499084
0,4096,transformer.h.2.attn.c_attn.weight,transformer.h.2.attn.c_attn.weight,"[1152, 384]",energy_50,1,0.4777507781982422,0.0076159145683050156,0.03479621186852455,0.27260974049568176,0.3893754780292511,0.4777507781982422,0.22102564573287964,0.27260974049568176,0.7462573647499084
0,4096,transformer.h.2.attn.c_attn.weight,transformer.h.2.attn.c_attn.weight,"[1152, 384]",energy_75,1,0.4777507781982422,0.0076159145683050156,0.03479621186852455,0.27260974049568176,0.3893754780292511,0.4777507781982422,0.22102564573287964,0.27260974049568176,0.7462573647499084
0,4096,transformer.h.2.attn.c_attn.weight,transformer.h.2.attn.c_attn.weight,"[1152, 384]",energy_90,14,0.3153930604457855,0.0050256927497684956,0.03479621186852455,0.1699589639902115,0.2509687840938568,0.3153930604457855,0.3241565227508545,0.1699589639902115,0.7376725077629089
0,4096,transformer.h.2.attn.c_proj.weight,transformer.h.2.attn.c_proj.weight,"[384, 384]",fixed_1,1,0.47035127878189087,0.010304661467671394,0.024398814886808395,0.557510495185852,0.576647162437439,0.47035127878189087,0.15640610456466675,0.557510495185852,0.7695372104644775
0,4096,transformer.h.2.attn.c_proj.weight,transformer.h.2.attn.c_proj.weight,"[384, 384]",fixed_2,2,0.44866079092025757,0.009639116004109383,0.024398814886808395,0.5090370178222656,0.5232362747192383,0.44866079092025757,0.16882342100143433,0.5090370178222656,0.7855372428894043
0,4096,transformer.h.2.attn.c_proj.weight,transformer.h.2.attn.c_proj.weight,"[384, 384]",fixed_4,4,0.417809396982193,0.009356232360005379,0.024398814886808395,0.4705405831336975,0.4861985445022583,0.417809396982193,0.1889994740486145,0.4705405831336975,0.7772385478019714
0,4096,transformer.h.2.attn.c_proj.weight,transformer.h.2.attn.c_proj.weight,"[384, 384]",fixed_8,8,0.3729642629623413,0.009659209288656712,0.024398814886808395,0.41357243061065674,0.4288921058177948,0.3729642629623413,0.2191687822341919,0.41357243061065674,0.7863414287567139
0,4096,transformer.h.2.attn.c_proj.weight,transformer.h.2.attn.c_proj.weight,"[384, 384]",fixed_16,16,0.31227990984916687,0.006636043079197407,0.024398814886808395,0.3418419659137726,0.349077433347702,0.31227990984916687,0.25620412826538086,0.3418419659137726,0.7933019399642944
0,4096,transformer.h.2.attn.c_proj.weight,transformer.h.2.attn.c_proj.weight,"[384, 384]",energy_25,1,0.47035127878189087,0.010304661467671394,0.024398814886808395,0.557510495185852,0.576647162437439,0.47035127878189087,0.15640610456466675,0.557510495185852,0.7695372104644775
0,4096,transformer.h.2.attn.c_proj.weight,transformer.h.2.attn.c_proj.weight,"[384, 384]",energy_50,1,0.47035127878189087,0.010304661467671394,0.024398814886808395,0.557510495185852,0.576647162437439,0.47035127878189087,0.15640610456466675,0.557510495185852,0.7695372104644775
0,4096,transformer.h.2.attn.c_proj.weight,transformer.h.2.attn.c_proj.weight,"[384, 384]",energy_75,1,0.47035127878189087,0.010304661467671394,0.024398814886808395,0.557510495185852,0.576647162437439,0.47035127878189087,0.15640610456466675,0.557510495185852,0.7695372104644775
0,4096,transformer.h.2.attn.c_proj.weight,transformer.h.2.attn.c_proj.weight,"[384, 384]",energy_90,16,0.31227990984916687,0.006636043079197407,0.024398814886808395,0.3418419659137726,0.349077433347702,0.31227990984916687,0.25620412826538086,0.3418419659137726,0.7933019399642944
0,4096,transformer.h.2.mlp.w1.weight,transformer.h.2.mlp.w1.weight,"[1024, 384]",fixed_1,1,0.8751102685928345,0.003256420139223337,0.003949103876948357,0.8551775813102722,0.8387823104858398,0.8751102685928345,0.01830381155014038,0.8551775813102722,0.0
0,4096,transformer.h.2.mlp.w1.weight,transformer.h.2.mlp.w1.weight,"[1024, 384]",fixed_2,2,0.8401248455047607,0.003255617106333375,0.003949103876948357,0.8227715492248535,0.8192558884620667,0.8401248455047607,0.02274906635284424,0.8227715492248535,0.0
0,4096,transformer.h.2.mlp.w1.weight,transformer.h.2.mlp.w1.weight,"[1024, 384]",fixed_4,4,0.8001566529273987,0.003272786270827055,0.003949103876948357,0.7850639224052429,0.7880542278289795,0.8001566529273987,0.027777254581451416,0.7850639224052429,0.0
0,4096,transformer.h.2.mlp.w1.weight,transformer.h.2.mlp.w1.weight,"[1024, 384]",fixed_8,8,0.7474895119667053,0.002982208039611578,0.003949103876948357,0.7245547771453857,0.737716019153595,0.7474895119667053,0.03491520881652832,0.7245547771453857,0.0
0,4096,transformer.h.2.mlp.w1.weight,transformer.h.2.mlp.w1.weight,"[1024, 384]",fixed_16,16,0.6737281084060669,0.002197385998442769,0.003949103876948357,0.6431191563606262,0.6529067158699036,0.6737281084060669,0.044071197509765625,0.6431191563606262,0.0
0,4096,transformer.h.2.mlp.w1.weight,transformer.h.2.mlp.w1.weight,"[1024, 384]",energy_25,2,0.8401248455047607,0.003255617106333375,0.003949103876948357,0.8227715492248535,0.8192558884620667,0.8401248455047607,0.02274906635284424,0.8227715492248535,0.0
0,4096,transformer.h.2.mlp.w1.weight,transformer.h.2.mlp.w1.weight,"[1024, 384]",energy_50,12,0.7067720890045166,0.002223874209448695,0.003949103876948357,0.6756805777549744,0.6833997368812561,0.7067720890045166,0.04024946689605713,0.6756805777549744,0.0
0,4096,transformer.h.2.mlp.w1.weight,transformer.h.2.mlp.w1.weight,"[1024, 384]",energy_75,52,0.4998667240142822,0.0014625381445512176,0.003949103876948357,0.46056678891181946,0.4722439646720886,0.4998667240142822,0.06263941526412964,0.46056678891181946,0.0
0,4096,transformer.h.2.mlp.w1.weight,transformer.h.2.mlp.w1.weight,"[1024, 384]",energy_90,129,0.3144514560699463,0.0007041134522296488,0.003949103876948357,0.27132707834243774,0.2813391089439392,0.3144514560699463,0.07749027013778687,0.27132707834243774,0.0
0,4096,transformer.h.2.mlp.w2.weight,transformer.h.2.mlp.w2.weight,"[1024, 384]",fixed_1,1,0.8737699389457703,0.0032177921384572983,0.004980330355465412,0.8754410147666931,0.865521252155304,0.8737699389457703,0.01677238941192627,0.8754410147666931,0.0
0,4096,transformer.h.2.mlp.w2.weight,transformer.h.2.mlp.w2.weight,"[1024, 384]",fixed_2,2,0.8406832814216614,0.003200962208211422,0.004980330355465412,0.8444101810455322,0.8450217247009277,0.8406832814216614,0.02094167470932007,0.8444101810455322,0.0
0,4096,transformer.h.2.mlp.w2.weight,transformer.h.2.mlp.w2.weight,"[1024, 384]",fixed_4,4,0.8016040921211243,0.0029526124708354473,0.004980330355465412,0.7995174527168274,0.7907261848449707,0.8016040921211243,0.02651190757751465,0.7995174527168274,0.0
0,4096,transformer.h.2.mlp.w2.weight,transformer.h.2.mlp.w2.weight,"[1024, 384]",fixed_8,8,0.7453839182853699,0.002723217010498047,0.004980330355465412,0.729532778263092,0.7224113345146179,0.7453839182853699,0.03502529859542847,0.729532778263092,0.0
0,4096,transformer.h.2.mlp.w2.weight,transformer.h.2.mlp.w2.weight,"[1024, 384]",fixed_16,16,0.6700970530509949,0.00229983520694077,0.004980330355465412,0.6433866024017334,0.6382364630699158,0.6700970530509949,0.04470551013946533,0.6433866024017334,0.0
0,4096,transformer.h.2.mlp.w2.weight,transformer.h.2.mlp.w2.weight,"[1024, 384]",energy_25,2,0.8406832814216614,0.003200962208211422,0.004980330355465412,0.8444101810455322,0.8450217247009277,0.8406832814216614,0.02094167470932007,0.8444101810455322,0.0
0,4096,transformer.h.2.mlp.w2.weight,transformer.h.2.mlp.w2.weight,"[1024, 384]",energy_50,12,0.7038796544075012,0.002224119147285819,0.004980330355465412,0.6760616898536682,0.6709317564964294,0.7038796544075012,0.041029274463653564,0.6760616898536682,0.0
0,4096,transformer.h.2.mlp.w2.weight,transformer.h.2.mlp.w2.weight,"[1024, 384]",energy_75,51,0.49750885367393494,0.0013834683923050761,0.004980330355465412,0.45554107427597046,0.4672544002532959,0.49750885367393494,0.06397181749343872,0.45554107427597046,0.0
0,4096,transformer.h.2.mlp.w2.weight,transformer.h.2.mlp.w2.weight,"[1024, 384]",energy_90,125,0.3153870701789856,0.0006803856231272221,0.004980330355465412,0.2707730531692505,0.2786635160446167,0.3153870701789856,0.07903319597244263,0.2707730531692505,0.0
0,4096,transformer.h.2.mlp.c_proj.weight,transformer.h.2.mlp.c_proj.weight,"[384, 1024]",fixed_1,1,0.9406250715255737,0.008213561959564686,0.009161527268588543,0.8980180621147156,0.8816514611244202,0.9406250715255737,0.008533179759979248,0.8980180621147156,0.0
0,4096,transformer.h.2.mlp.c_proj.weight,transformer.h.2.mlp.c_proj.weight,"[384, 1024]",fixed_2,2,0.9137346148490906,0.008467735722661018,0.009161527268588543,0.8570204377174377,0.8498659133911133,0.9137346148490906,0.012430191040039062,0.8570204377174377,0.0
0,4096,transformer.h.2.mlp.c_proj.weight,transformer.h.2.mlp.c_proj.weight,"[384, 1024]",fixed_4,4,0.8806329369544983,0.006670959759503603,0.009161527268588543,0.7920221090316772,0.7897886037826538,0.8806329369544983,0.01783376932144165,0.7920221090316772,0.0
0,4096,transformer.h.2.mlp.c_proj.weight,transformer.h.2.mlp.c_proj.weight,"[384, 1024]",fixed_8,8,0.8325516581535339,0.006469796411693096,0.009161527268588543,0.7126950025558472,0.7182602286338806,0.8325516581535339,0.025243163108825684,0.7126950025558472,0.0
0,4096,transformer.h.2.mlp.c_proj.weight,transformer.h.2.mlp.c_proj.weight,"[384, 1024]",fixed_16,16,0.7639083862304688,0.0053830817341804504,0.009161527268588543,0.6256359219551086,0.6237928867340088,0.7639083862304688,0.03376567363739014,0.6256359219551086,0.0
0,4096,transformer.h.2.mlp.c_proj.weight,transformer.h.2.mlp.c_proj.weight,"[384, 1024]",energy_25,6,0.8552073836326599,0.006679100450128317,0.009161527268588543,0.7415071129798889,0.7404828667640686,0.8552073836326599,0.02245783805847168,0.7415071129798889,0.0
0,4096,transformer.h.2.mlp.c_proj.weight,transformer.h.2.mlp.c_proj.weight,"[384, 1024]",energy_50,25,0.7058422565460205,0.0048717837780714035,0.009161527268588543,0.555359959602356,0.559841513633728,0.7058422565460205,0.04030871391296387,0.555359959602356,0.0
0,4096,transformer.h.2.mlp.c_proj.weight,transformer.h.2.mlp.c_proj.weight,"[384, 1024]",energy_75,79,0.4999774396419525,0.0028411897365003824,0.009161527268588543,0.36007457971572876,0.36282190680503845,0.4999774396419525,0.05790752172470093,0.36007457971572876,0.0
0,4096,transformer.h.2.mlp.c_proj.weight,transformer.h.2.mlp.c_proj.weight,"[384, 1024]",energy_90,164,0.3155023157596588,0.0018017977708950639,0.009161527268588543,0.21561087667942047,0.21720579266548157,0.3155023157596588,0.0680420994758606,0.21561087667942047,0.0
0,4096,transformer.h.3.attn.c_attn.weight,transformer.h.3.attn.c_attn.weight,"[1152, 384]",fixed_1,1,0.561830461025238,0.00535273551940918,0.018891824409365654,0.41870105266571045,0.6453699469566345,0.561830461025238,0.15500271320343018,0.41870105266571045,0.7446988821029663
0,4096,transformer.h.3.attn.c_attn.weight,transformer.h.3.attn.c_attn.weight,"[1152, 384]",fixed_2,2,0.528564453125,0.005286530591547489,0.018891824409365654,0.3950248956680298,0.6392794847488403,0.528564453125,0.17239421606063843,0.3950248956680298,0.738201379776001
0,4096,transformer.h.3.attn.c_attn.weight,transformer.h.3.attn.c_attn.weight,"[1152, 384]",fixed_4,4,0.48243507742881775,0.005011929199099541,0.018891824409365654,0.3611931800842285,0.6238787770271301,0.48243507742881775,0.1960424780845642,0.3611931800842285,0.7393865585327148
0,4096,transformer.h.3.attn.c_attn.weight,transformer.h.3.attn.c_attn.weight,"[1152, 384]",fixed_8,8,0.4208964407444,0.004157218150794506,0.018891824409365654,0.32120707631111145,0.6157681941986084,0.4208964407444,0.22430074214935303,0.32120707631111145,0.7449318170547485
0,4096,transformer.h.3.attn.c_attn.weight,transformer.h.3.attn.c_attn.weight,"[1152, 384]",fixed_16,16,0.338894248008728,0.0027910745702683926,0.018891824409365654,0.25977402925491333,0.5210008025169373,0.338894248008728,0.2708643078804016,0.25977402925491333,0.7479131817817688
0,4096,transformer.h.3.attn.c_attn.weight,transformer.h.3.attn.c_attn.weight,"[1152, 384]",energy_25,1,0.561830461025238,0.00535273551940918,0.018891824409365654,0.41870105266571045,0.6453699469566345,0.561830461025238,0.15500271320343018,0.41870105266571045,0.7446988821029663
0,4096,transformer.h.3.attn.c_attn.weight,transformer.h.3.attn.c_attn.weight,"[1152, 384]",energy_50,1,0.561830461025238,0.00535273551940918,0.018891824409365654,0.41870105266571045,0.6453699469566345,0.561830461025238,0.15500271320343018,0.41870105266571045,0.7446988821029663
0,4096,transformer.h.3.attn.c_attn.weight,transformer.h.3.attn.c_attn.weight,"[1152, 384]",energy_75,4,0.48243507742881775,0.005011929199099541,0.018891824409365654,0.3611931800842285,0.6238787770271301,0.48243507742881775,0.1960424780845642,0.3611931800842285,0.7393865585327148
0,4096,transformer.h.3.attn.c_attn.weight,transformer.h.3.attn.c_attn.weight,"[1152, 384]",energy_90,20,0.30991894006729126,0.0025100025814026594,0.018891824409365654,0.23898066580295563,0.47028031945228577,0.30991894006729126,0.28540241718292236,0.23898066580295563,0.7454869151115417
0,4096,transformer.h.3.attn.c_proj.weight,transformer.h.3.attn.c_proj.weight,"[384, 384]",fixed_1,1,0.5762730240821838,0.007406394463032484,0.015972396358847618,0.6273413300514221,0.6329533457756042,0.5762730240821838,0.11696511507034302,0.6273413300514221,0.7675490379333496
0,4096,transformer.h.3.attn.c_proj.weight,transformer.h.3.attn.c_proj.weight,"[384, 384]",fixed_2,2,0.5495734810829163,0.006790178827941418,0.015972396358847618,0.5957326889038086,0.6133202314376831,0.5495734810829163,0.13222086429595947,0.5957326889038086,0.7691363096237183
0,4096,transformer.h.3.attn.c_proj.weight,transformer.h.3.attn.c_proj.weight,"[384, 384]",fixed_4,4,0.5121197700500488,0.005976814776659012,0.015972396358847618,0.5450493097305298,0.5630806684494019,0.5121197700500488,0.1479625105857849,0.5450493097305298,0.7723954319953918
0,4096,transformer.h.3.attn.c_proj.weight,transformer.h.3.attn.c_proj.weight,"[384, 384]",fixed_8,8,0.46063101291656494,0.005351596046239138,0.015972396358847618,0.4921175241470337,0.5024251341819763,0.46063101291656494,0.17581766843795776,0.4921175241470337,0.7749347686767578
0,4096,transformer.h.3.attn.c_proj.weight,transformer.h.3.attn.c_proj.weight,"[384, 384]",fixed_16,16,0.3896385133266449,0.003967374563217163,0.015972396358847618,0.40653643012046814,0.4251156151294708,0.3896385133266449,0.21386486291885376,0.40653643012046814,0.7808055877685547
0,4096,transformer.h.3.attn.c_proj.weight,transformer.h.3.attn.c_proj.weight,"[384, 384]",energy_25,1,0.5762730240821838,0.007406394463032484,0.015972396358847618,0.6273413300514221,0.6329533457756042,0.5762730240821838,0.11696511507034302,0.6273413300514221,0.7675490379333496
0,4096,transformer.h.3.attn.c_proj.weight,transformer.h.3.attn.c_proj.weight,"[384, 384]",energy_50,1,0.5762730240821838,0.007406394463032484,0.015972396358847618,0.6273413300514221,0.6329533457756042,0.5762730240821838,0.11696511507034302,0.6273413300514221,0.7675490379333496
0,4096,transformer.h.3.attn.c_proj.weight,transformer.h.3.attn.c_proj.weight,"[384, 384]",energy_75,5,0.49626877903938293,0.005685998126864433,0.015972396358847618,0.5278403759002686,0.538931667804718,0.49626877903938293,0.1561334729194641,0.5278403759002686,0.7767418026924133
0,4096,transformer.h.3.attn.c_proj.weight,transformer.h.3.attn.c_proj.weight,"[384, 384]",energy_90,29,0.31359732151031494,0.003500706749036908,0.015972396358847618,0.30425456166267395,0.30887147784233093,0.31359732151031494,0.2622969150543213,0.30425456166267395,0.7945755124092102
0,4096,transformer.h.3.mlp.w1.weight,transformer.h.3.mlp.w1.weight,"[1024, 384]",fixed_1,1,0.95332270860672,0.0038923558313399553,0.004004102665930986,0.9468107223510742,0.9682087302207947,0.95332270860672,0.00582200288772583,0.9468107223510742,0.0
0,4096,transformer.h.3.mlp.w1.weight,transformer.h.3.mlp.w1.weight,"[1024, 384]",fixed_2,2,0.9261219501495361,0.0035922240931540728,0.004004102665930986,0.9235304594039917,0.9485228061676025,0.9261219501495361,0.008628427982330322,0.9235304594039917,0.0
0,4096,transformer.h.3.mlp.w1.weight,transformer.h.3.mlp.w1.weight,"[1024, 384]",fixed_4,4,0.8886811137199402,0.0031815622933208942,0.004004102665930986,0.8832273483276367,0.9053654670715332,0.8886811137199402,0.01290750503540039,0.8832273483276367,0.0
0,4096,transformer.h.3.mlp.w1.weight,transformer.h.3.mlp.w1.weight,"[1024, 384]",fixed_8,8,0.832915723323822,0.0021977578289806843,0.004004102665930986,0.8166954517364502,0.8415890336036682,0.832915723323822,0.019234657287597656,0.8166954517364502,0.0
0,4096,transformer.h.3.mlp.w1.weight,transformer.h.3.mlp.w1.weight,"[1024, 384]",fixed_16,16,0.7554009556770325,0.0019241325790062547,0.004004102665930986,0.7332456111907959,0.7700369954109192,0.7554009556770325,0.027756035327911377,0.7332456111907959,0.0
0,4096,transformer.h.3.mlp.w1.weight,transformer.h.3.mlp.w1.weight,"[1024, 384]",energy_25,6,0.8588477969169617,0.0025023557245731354,0.004004102665930986,0.8411510586738586,0.8608457446098328,0.8588477969169617,0.017066478729248047,0.8411510586738586,0.0
0,4096,transformer.h.3.mlp.w1.weight,transformer.h.3.mlp.w1.weight,"[1024, 384]",energy_50,23,0.7065613865852356,0.0018810579786077142,0.004004102665930986,0.6802002787590027,0.7082971334457397,0.7065613865852356,0.03240227699279785,0.6802002787590027,0.0
0,4096,transformer.h.3.mlp.w1.weight,transformer.h.3.mlp.w1.weight,"[1024, 384]",energy_75,73,0.49988076090812683,0.001128628384321928,0.004004102665930986,0.45888185501098633,0.4759513735771179,0.49988076090812683,0.05050784349441528,0.45888185501098633,0.0
0,4096,transformer.h.3.mlp.w1.weight,transformer.h.3.mlp.w1.weight,"[1024, 384]",energy_90,155,0.3148130178451538,0.0006036064587533474,0.004004102665930986,0.2753949761390686,0.2888062000274658,0.3148130178451538,0.06149256229400635,0.2753949761390686,0.0
0,4096,transformer.h.3.mlp.w2.weight,transformer.h.3.mlp.w2.weight,"[1024, 384]",fixed_1,1,0.9467241764068604,0.004614356439560652,0.004865804221481085,0.9387918710708618,0.9267919063568115,0.9467241764068604,0.006858170032501221,0.9387918710708618,0.0
0,4096,transformer.h.3.mlp.w2.weight,transformer.h.3.mlp.w2.weight,"[1024, 384]",fixed_2,2,0.9174734950065613,0.003948155324906111,0.004865804221481085,0.9073178768157959,0.9071760773658752,0.9174734950065613,0.010450899600982666,0.9073178768157959,0.0
0,4096,transformer.h.3.mlp.w2.weight,transformer.h.3.mlp.w2.weight,"[1024, 384]",fixed_4,4,0.8816452622413635,0.0029812369029968977,0.004865804221481085,0.8641825914382935,0.8741794228553772,0.8816452622413635,0.014783978462219238,0.8641825914382935,0.0
0,4096,transformer.h.3.mlp.w2.weight,transformer.h.3.mlp.w2.weight,"[1024, 384]",fixed_8,8,0.8267142176628113,0.0028163492679595947,0.004865804221481085,0.7959405183792114,0.7953106164932251,0.8267142176628113,0.021719813346862793,0.7959405183792114,0.0
0,4096,transformer.h.3.mlp.w2.weight,transformer.h.3.mlp.w2.weight,"[1024, 384]",fixed_16,16,0.7512927055358887,0.0020082020200788975,0.004865804221481085,0.7160828709602356,0.7265067100524902,0.7512927055358887,0.02991020679473877,0.7160828709602356,0.0
0,4096,transformer.h.3.mlp.w2.weight,transformer.h.3.mlp.w2.weight,"[1024, 384]",energy_25,6,0.8523748517036438,0.00275675137527287,0.004865804221481085,0.8225953578948975,0.8255505561828613,0.8523748517036438,0.018785059452056885,0.8225953578948975,0.0
0,4096,transformer.h.3.mlp.w2.weight,transformer.h.3.mlp.w2.weight,"[1024, 384]",energy_50,23,0.7015936374664307,0.001925132586620748,0.004865804221481085,0.6619926691055298,0.6842301487922668,0.7015936374664307,0.03525882959365845,0.6619926691055298,0.0
0,4096,transformer.h.3.mlp.w2.weight,transformer.h.3.mlp.w2.weight,"[1024, 384]",energy_75,71,0.49843984842300415,0.001083887997083366,0.004865804221481085,0.44687604904174805,0.4563769996166229,0.49843984842300415,0.053201377391815186,0.44687604904174805,0.0
0,4096,transformer.h.3.mlp.w2.weight,transformer.h.3.mlp.w2.weight,"[1024, 384]",energy_90,151,0.3145900070667267,0.0005860325181856751,0.004865804221481085,0.27115756273269653,0.2781214714050293,0.3145900070667267,0.0646291971206665,0.27115756273269653,0.0
0,4096,transformer.h.3.mlp.c_proj.weight,transformer.h.3.mlp.c_proj.weight,"[384, 1024]",fixed_1,1,0.9526534080505371,0.005949030164629221,0.009013048373162746,0.87534499168396,0.8934354782104492,0.9526534080505371,0.0085410475730896,0.87534499168396,0.0
0,4096,transformer.h.3.mlp.c_proj.weight,transformer.h.3.mlp.c_proj.weight,"[384, 1024]",fixed_2,2,0.9236871004104614,0.005625869147479534,0.009013048373162746,0.8161911964416504,0.8457949161529541,0.9236871004104614,0.012838006019592285,0.8161911964416504,0.0
0,4096,transformer.h.3.mlp.c_proj.weight,transformer.h.3.mlp.c_proj.weight,"[384, 1024]",fixed_4,4,0.8997424840927124,0.005170123651623726,0.009013048373162746,0.7848635911941528,0.8109903931617737,0.8997424840927124,0.015679001808166504,0.7848635911941528,0.0
0,4096,transformer.h.3.mlp.c_proj.weight,transformer.h.3.mlp.c_proj.weight,"[384, 1024]",fixed_8,8,0.8573691248893738,0.004950942005962133,0.009013048373162746,0.7211828231811523,0.7473964095115662,0.8573691248893738,0.021061837673187256,0.7211828231811523,0.0
0,4096,transformer.h.3.mlp.c_proj.weight,transformer.h.3.mlp.c_proj.weight,"[384, 1024]",fixed_16,16,0.7960803508758545,0.004364600870758295,0.009013048373162746,0.6540927290916443,0.677187442779541,0.7960803508758545,0.027375757694244385,0.6540927290916443,0.0
0,4096,transformer.h.3.mlp.c_proj.weight,transformer.h.3.mlp.c_proj.weight,"[384, 1024]",energy_25,8,0.8573691248893738,0.004950942005962133,0.009013048373162746,0.7211828231811523,0.7473964095115662,0.8573691248893738,0.021061837673187256,0.7211828231811523,0.0
0,4096,transformer.h.3.mlp.c_proj.weight,transformer.h.3.mlp.c_proj.weight,"[384, 1024]",energy_50,32,0.7067214846611023,0.0036335792392492294,0.009013048373162746,0.5529665350914001,0.5725213885307312,0.7067214846611023,0.036008596420288086,0.5529665350914001,0.0
0,4096,transformer.h.3.mlp.c_proj.weight,transformer.h.3.mlp.c_proj.weight,"[384, 1024]",energy_75,94,0.49778300523757935,0.0022024258505553007,0.009013048373162746,0.3644408583641052,0.3807442784309387,0.49778300523757935,0.05073124170303345,0.3644408583641052,0.0
0,4096,transformer.h.3.mlp.c_proj.weight,transformer.h.3.mlp.c_proj.weight,"[384, 1024]",energy_90,181,0.3160727620124817,0.0013302118750289083,0.009013048373162746,0.22409804165363312,0.2329862117767334,0.3160727620124817,0.058859288692474365,0.22409804165363312,0.0
0,4096,transformer.h.4.attn.c_attn.weight,transformer.h.4.attn.c_attn.weight,"[1152, 384]",fixed_1,1,0.8394774794578552,0.002514647087082267,0.004427691921591759,0.742698073387146,0.9801478981971741,0.8394774794578552,0.047773778438568115,0.742698073387146,0.5694108009338379
0,4096,transformer.h.4.attn.c_attn.weight,transformer.h.4.attn.c_attn.weight,"[1152, 384]",fixed_2,2,0.7732177972793579,0.0022803321480751038,0.004427691921591759,0.6653284430503845,0.958402693271637,0.7732177972793579,0.06514322757720947,0.6653284430503845,0.5682771801948547
0,4096,transformer.h.4.attn.c_attn.weight,transformer.h.4.attn.c_attn.weight,"[1152, 384]",fixed_4,4,0.7008464336395264,0.0021076190751045942,0.004427691921591759,0.5957932472229004,0.9244676828384399,0.7008464336395264,0.09286284446716309,0.5957932472229004,0.5666784048080444
0,4096,transformer.h.4.attn.c_attn.weight,transformer.h.4.attn.c_attn.weight,"[1152, 384]",fixed_8,8,0.6054669618606567,0.0016168439760804176,0.004427691921591759,0.5145313143730164,0.8657580614089966,0.6054669618606567,0.12512516975402832,0.5145313143730164,0.5624934434890747
0,4096,transformer.h.4.attn.c_attn.weight,transformer.h.4.attn.c_attn.weight,"[1152, 384]",fixed_16,16,0.48351752758026123,0.0011916295625269413,0.004427691921591759,0.4226055145263672,0.7605543732643127,0.48351752758026123,0.17676353454589844,0.4226055145263672,0.5611871480941772
0,4096,transformer.h.4.attn.c_attn.weight,transformer.h.4.attn.c_attn.weight,"[1152, 384]",energy_25,1,0.8394774794578552,0.002514647087082267,0.004427691921591759,0.742698073387146,0.9801478981971741,0.8394774794578552,0.047773778438568115,0.742698073387146,0.5694108009338379
0,4096,transformer.h.4.attn.c_attn.weight,transformer.h.4.attn.c_attn.weight,"[1152, 384]",energy_50,4,0.7008464336395264,0.0021076190751045942,0.004427691921591759,0.5957932472229004,0.9244676828384399,0.7008464336395264,0.09286284446716309,0.5957932472229004,0.5666784048080444
0,4096,transformer.h.4.attn.c_attn.weight,transformer.h.4.attn.c_attn.weight,"[1152, 384]",energy_75,15,0.49515047669410706,0.0012345416471362114,0.004427691921591759,0.4304528534412384,0.791846513748169,0.49515047669410706,0.17186081409454346,0.4304528534412384,0.5627304911613464
0,4096,transformer.h.4.attn.c_attn.weight,transformer.h.4.attn.c_attn.weight,"[1152, 384]",energy_90,38,0.31338194012641907,0.0008166991174221039,0.004427691921591759,0.282109797000885,0.6260905861854553,0.31338194012641907,0.2695615887641907,0.282109797000885,0.5531339049339294
0,4096,transformer.h.4.attn.c_proj.weight,transformer.h.4.attn.c_proj.weight,"[384, 384]",fixed_1,1,0.8285437822341919,0.0033156247809529305,0.0044343434274196625,0.7917064428329468,0.8084906935691833,0.8285437822341919,0.0467756986618042,0.7917064428329468,0.6253067851066589
0,4096,transformer.h.4.attn.c_proj.weight,transformer.h.4.attn.c_proj.weight,"[384, 384]",fixed_2,2,0.7757237553596497,0.003110741265118122,0.0044343434274196625,0.7362743020057678,0.7396665215492249,0.7757237553596497,0.06167513132095337,0.7362743020057678,0.6246570348739624
0,4096,transformer.h.4.attn.c_proj.weight,transformer.h.4.attn.c_proj.weight,"[384, 384]",fixed_4,4,0.7097271084785461,0.002656391356140375,0.0044343434274196625,0.6702483296394348,0.6848050951957703,0.7097271084785461,0.07985615730285645,0.6702483296394348,0.6230005621910095
0,4096,transformer.h.4.attn.c_proj.weight,transformer.h.4.attn.c_proj.weight,"[384, 384]",fixed_8,8,0.6324325799942017,0.0022497617173939943,0.0044343434274196625,0.5878618955612183,0.5948803424835205,0.6324325799942017,0.10925966501235962,0.5878618955612183,0.6200172901153564
0,4096,transformer.h.4.attn.c_proj.weight,transformer.h.4.attn.c_proj.weight,"[384, 384]",fixed_16,16,0.5339456796646118,0.0019051218405365944,0.0044343434274196625,0.48626697063446045,0.4920707941055298,0.5339456796646118,0.15058374404907227,0.48626697063446045,0.6208755970001221
0,4096,transformer.h.4.attn.c_proj.weight,transformer.h.4.attn.c_proj.weight,"[384, 384]",energy_25,1,0.8285437822341919,0.0033156247809529305,0.0044343434274196625,0.7917064428329468,0.8084906935691833,0.8285437822341919,0.0467756986618042,0.7917064428329468,0.6253067851066589
0,4096,transformer.h.4.attn.c_proj.weight,transformer.h.4.attn.c_proj.weight,"[384, 384]",energy_50,5,0.686314046382904,0.0026002333033829927,0.0044343434274196625,0.6455219984054565,0.6523096561431885,0.686314046382904,0.08959829807281494,0.6455219984054565,0.6282931566238403
0,4096,transformer.h.4.attn.c_proj.weight,transformer.h.4.attn.c_proj.weight,"[384, 384]",energy_75,20,0.4989030659198761,0.0017554516671225429,0.0044343434274196625,0.4561181962490082,0.4634668827056885,0.4989030659198761,0.1681801676750183,0.4561181962490082,0.6230393648147583
0,4096,transformer.h.4.attn.c_proj.weight,transformer.h.4.attn.c_proj.weight,"[384, 384]",energy_90,51,0.31385090947151184,0.0010703775333240628,0.0044343434274196625,0.28354790806770325,0.28917402029037476,0.31385090947151184,0.25714319944381714,0.28354790806770325,0.6245207786560059
0,4096,transformer.h.4.mlp.w1.weight,transformer.h.4.mlp.w1.weight,"[1024, 384]",fixed_1,1,0.9609627723693848,0.0035675151739269495,0.0036635221913456917,0.9135522246360779,0.913001537322998,0.9609627723693848,0.007531523704528809,0.9135522246360779,0.0
0,4096,transformer.h.4.mlp.w1.weight,transformer.h.4.mlp.w1.weight,"[1024, 384]",fixed_2,2,0.9308698177337646,0.003089804435148835,0.0036635221913456917,0.8702112436294556,0.8943685293197632,0.9308698177337646,0.011658072471618652,0.8702112436294556,0.0
0,4096,transformer.h.4.mlp.w1.weight,transformer.h.4.mlp.w1.weight,"[1024, 384]",fixed_4,4,0.8946332335472107,0.0028556182514876127,0.0036635221913456917,0.8230318427085876,0.8410247564315796,0.8946332335472107,0.016103029251098633,0.8230318427085876,0.0
0,4096,transformer.h.4.mlp.w1.weight,transformer.h.4.mlp.w1.weight,"[1024, 384]",fixed_8,8,0.837897777557373,0.0025560776703059673,0.0036635221913456917,0.7590293288230896,0.7922502160072327,0.837897777557373,0.022429049015045166,0.7590293288230896,0.0
0,4096,transformer.h.4.mlp.w1.weight,transformer.h.4.mlp.w1.weight,"[1024, 384]",fixed_16,16,0.7641019225120544,0.002000875771045685,0.0036635221913456917,0.6774519681930542,0.704390823841095,0.7641019225120544,0.030506134033203125,0.6774519681930542,0.0
0,4096,transformer.h.4.mlp.w1.weight,transformer.h.4.mlp.w1.weight,"[1024, 384]",energy_25,6,0.862466037273407,0.0029205032624304295,0.0036635221913456917,0.7819767594337463,0.8050151467323303,0.862466037273407,0.020164430141448975,0.7819767594337463,0.0
0,4096,transformer.h.4.mlp.w1.weight,transformer.h.4.mlp.w1.weight,"[1024, 384]",energy_50,25,0.7026806473731995,0.0016730059869587421,0.0036635221913456917,0.6224821209907532,0.6505619287490845,0.7026806473731995,0.035987794399261475,0.6224821209907532,0.0
0,4096,transformer.h.4.mlp.w1.weight,transformer.h.4.mlp.w1.weight,"[1024, 384]",energy_75,77,0.4974658191204071,0.0010877440217882395,0.0036635221913456917,0.41442832350730896,0.4356272518634796,0.4974658191204071,0.05372881889343262,0.41442832350730896,0.0
0,4096,transformer.h.4.mlp.w1.weight,transformer.h.4.mlp.w1.weight,"[1024, 384]",energy_90,159,0.3152521550655365,0.0006128099630586803,0.0036635221913456917,0.25015032291412354,0.26113948225975037,0.3152521550655365,0.0641869306564331,0.25015032291412354,0.0
0,4096,transformer.h.4.mlp.w2.weight,transformer.h.4.mlp.w2.weight,"[1024, 384]",fixed_1,1,0.9616424441337585,0.003332607913762331,0.00469848420470953,0.921325147151947,0.915745735168457,0.9616424441337585,0.006371796131134033,0.921325147151947,0.0
0,4096,transformer.h.4.mlp.w2.weight,transformer.h.4.mlp.w2.weight,"[1024, 384]",fixed_2,2,0.9332805275917053,0.0029738410376012325,0.00469848420470953,0.8839706778526306,0.8954173922538757,0.9332805275917053,0.010361433029174805,0.8839706778526306,0.0
0,4096,transformer.h.4.mlp.w2.weight,transformer.h.4.mlp.w2.weight,"[1024, 384]",fixed_4,4,0.896835207939148,0.0027431456837803125,0.00469848420470953,0.8328661918640137,0.8373340964317322,0.896835207939148,0.014973044395446777,0.8328661918640137,0.0
0,4096,transformer.h.4.mlp.w2.weight,transformer.h.4.mlp.w2.weight,"[1024, 384]",fixed_8,8,0.8371647596359253,0.00240246276371181,0.00469848420470953,0.761248767375946,0.7735719680786133,0.8371647596359253,0.021962881088256836,0.761248767375946,0.0
0,4096,transformer.h.4.mlp.w2.weight,transformer.h.4.mlp.w2.weight,"[1024, 384]",fixed_16,16,0.7638545632362366,0.001986781833693385,0.00469848420470953,0.6797392964363098,0.6901333928108215,0.7638545632362366,0.03006035089492798,0.6797392964363098,0.0
0,4096,transformer.h.4.mlp.w2.weight,transformer.h.4.mlp.w2.weight,"[1024, 384]",energy_25,6,0.8644810318946838,0.0025490429252386093,0.00469848420470953,0.7922300696372986,0.7958512306213379,0.8644810318946838,0.018966317176818848,0.7922300696372986,0.0
0,4096,transformer.h.4.mlp.w2.weight,transformer.h.4.mlp.w2.weight,"[1024, 384]",energy_50,25,0.7022358775138855,0.0018820659024640918,0.00469848420470953,0.6096405386924744,0.6208071112632751,0.7022358775138855,0.036569178104400635,0.6096405386924744,0.0
0,4096,transformer.h.4.mlp.w2.weight,transformer.h.4.mlp.w2.weight,"[1024, 384]",energy_75,76,0.49710699915885925,0.0009371783817186952,0.00469848420470953,0.3987090289592743,0.4173676073551178,0.49710699915885925,0.05442696809768677,0.3987090289592743,0.0
0,4096,transformer.h.4.mlp.w2.weight,transformer.h.4.mlp.w2.weight,"[1024, 384]",energy_90,157,0.3154243230819702,0.000560227083042264,0.00469848420470953,0.2481066733598709,0.262469083070755,0.3154243230819702,0.06458288431167603,0.2481066733598709,0.0
0,4096,transformer.h.4.mlp.c_proj.weight,transformer.h.4.mlp.c_proj.weight,"[384, 1024]",fixed_1,1,0.8976962566375732,0.00787782296538353,0.010548180900514126,0.8743723630905151,0.8953348398208618,0.8976962566375732,0.01415407657623291,0.8743723630905151,0.0
0,4096,transformer.h.4.mlp.c_proj.weight,transformer.h.4.mlp.c_proj.weight,"[384, 1024]",fixed_2,2,0.8617448806762695,0.0069323256611824036,0.010548180900514126,0.8140485286712646,0.8429697155952454,0.8617448806762695,0.019676387310028076,0.8140485286712646,0.0
0,4096,transformer.h.4.mlp.c_proj.weight,transformer.h.4.mlp.c_proj.weight,"[384, 1024]",fixed_4,4,0.8330348134040833,0.006318367086350918,0.010548180900514126,0.7629039883613586,0.805039644241333,0.8330348134040833,0.024109363555908203,0.7629039883613586,0.0
0,4096,transformer.h.4.mlp.c_proj.weight,transformer.h.4.mlp.c_proj.weight,"[384, 1024]",fixed_8,8,0.7844799160957336,0.005897406954318285,0.010548180900514126,0.682098925113678,0.7041066288948059,0.7844799160957336,0.03135645389556885,0.682098925113678,0.0
0,4096,transformer.h.4.mlp.c_proj.weight,transformer.h.4.mlp.c_proj.weight,"[384, 1024]",fixed_16,16,0.7203350067138672,0.004780377261340618,0.010548180900514126,0.5933979749679565,0.6167999505996704,0.7203350067138672,0.039611876010894775,0.5933979749679565,0.0
0,4096,transformer.h.4.mlp.c_proj.weight,transformer.h.4.mlp.c_proj.weight,"[384, 1024]",energy_25,2,0.8617448806762695,0.0069323256611824036,0.010548180900514126,0.8140485286712646,0.8429697155952454,0.8617448806762695,0.019676387310028076,0.8140485286712646,0.0
0,4096,transformer.h.4.mlp.c_proj.weight,transformer.h.4.mlp.c_proj.weight,"[384, 1024]",energy_50,19,0.7008658051490784,0.004480578936636448,0.010548180900514126,0.5623156428337097,0.5854923725128174,0.7008658051490784,0.04232865571975708,0.5623156428337097,0.0
0,4096,transformer.h.4.mlp.c_proj.weight,transformer.h.4.mlp.c_proj.weight,"[384, 1024]",energy_75,71,0.4977894723415375,0.002547993790358305,0.010548180900514126,0.3589835464954376,0.3763900399208069,0.4977894723415375,0.06118351221084595,0.3589835464954376,0.0
0,4096,transformer.h.4.mlp.c_proj.weight,transformer.h.4.mlp.c_proj.weight,"[384, 1024]",energy_90,157,0.31615981459617615,0.0015160562470555305,0.010548180900514126,0.21214284002780914,0.2229185700416565,0.31615981459617615,0.0719139575958252,0.21214284002780914,0.0
0,4096,transformer.h.5.attn.c_attn.weight,transformer.h.5.attn.c_attn.weight,"[1152, 384]",fixed_1,1,0.8927181959152222,0.002754763001576066,0.0036967319902032614,0.7597424983978271,0.8774648904800415,0.8927181959152222,0.033871471881866455,0.7597424983978271,0.6167929172515869
0,4096,transformer.h.5.attn.c_attn.weight,transformer.h.5.attn.c_attn.weight,"[1152, 384]",fixed_2,2,0.8215482234954834,0.00227051367983222,0.0036967319902032614,0.6451788544654846,0.8087679147720337,0.8215482234954834,0.0611533522605896,0.6451788544654846,0.6164292097091675
0,4096,transformer.h.5.attn.c_attn.weight,transformer.h.5.attn.c_attn.weight,"[1152, 384]",fixed_4,4,0.7318856120109558,0.0017547948518767953,0.0036967319902032614,0.539221465587616,0.7958536744117737,0.7318856120109558,0.09158778190612793,0.539221465587616,0.6198752522468567
0,4096,transformer.h.5.attn.c_attn.weight,transformer.h.5.attn.c_attn.weight,"[1152, 384]",fixed_8,8,0.6201614141464233,0.001324240118265152,0.0036967319902032614,0.43478134274482727,0.755390465259552,0.6201614141464233,0.1314011812210083,0.43478134274482727,0.6213606595993042
0,4096,transformer.h.5.attn.c_attn.weight,transformer.h.5.attn.c_attn.weight,"[1152, 384]",fixed_16,16,0.4891500473022461,0.001131732016801834,0.0036967319902032614,0.3449482321739197,0.6508848071098328,0.4891500473022461,0.18784737586975098,0.3449482321739197,0.6190271377563477
0,4096,transformer.h.5.attn.c_attn.weight,transformer.h.5.attn.c_attn.weight,"[1152, 384]",energy_25,2,0.8215482234954834,0.00227051367983222,0.0036967319902032614,0.6451788544654846,0.8087679147720337,0.8215482234954834,0.0611533522605896,0.6451788544654846,0.6164292097091675
0,4096,transformer.h.5.attn.c_attn.weight,transformer.h.5.attn.c_attn.weight,"[1152, 384]",energy_50,5,0.6946488618850708,0.0017308657988905907,0.0036967319902032614,0.49432575702667236,0.7818499803543091,0.6946488618850708,0.10396194458007812,0.49432575702667236,0.6187850832939148
0,4096,transformer.h.5.attn.c_attn.weight,transformer.h.5.attn.c_attn.weight,"[1152, 384]",energy_75,16,0.4891500473022461,0.001131732016801834,0.0036967319902032614,0.3449482321739197,0.6508848071098328,0.4891500473022461,0.18784737586975098,0.3449482321739197,0.6190271377563477
0,4096,transformer.h.5.attn.c_attn.weight,transformer.h.5.attn.c_attn.weight,"[1152, 384]",energy_90,37,0.3134641945362091,0.0006193207809701562,0.0036967319902032614,0.22339341044425964,0.5342566967010498,0.3134641945362091,0.2936195135116577,0.22339341044425964,0.6154919862747192
0,4096,transformer.h.5.attn.c_proj.weight,transformer.h.5.attn.c_proj.weight,"[384, 384]",fixed_1,1,0.8479828834533691,0.003098811022937298,0.004072930198162794,0.8232877850532532,0.8329616189002991,0.8479828834533691,0.036834120750427246,0.8232877850532532,0.6302469968795776
0,4096,transformer.h.5.attn.c_proj.weight,transformer.h.5.attn.c_proj.weight,"[384, 384]",fixed_2,2,0.7526431083679199,0.0026706012431532145,0.004072930198162794,0.7107839584350586,0.7170935869216919,0.7526431083679199,0.060114145278930664,0.7107839584350586,0.631424605846405
0,4096,transformer.h.5.attn.c_proj.weight,transformer.h.5.attn.c_proj.weight,"[384, 384]",fixed_4,4,0.6893691420555115,0.002447657287120819,0.004072930198162794,0.6512579917907715,0.6552078723907471,0.6893691420555115,0.07974523305892944,0.6512579917907715,0.6296930313110352
0,4096,transformer.h.5.attn.c_proj.weight,transformer.h.5.attn.c_proj.weight,"[384, 384]",fixed_8,8,0.6026657819747925,0.0023845869582146406,0.004072930198162794,0.579267680644989,0.5833239555358887,0.6026657819747925,0.11267226934432983,0.579267680644989,0.6300370693206787
0,4096,transformer.h.5.attn.c_proj.weight,transformer.h.5.attn.c_proj.weight,"[384, 384]",fixed_16,16,0.4985258877277374,0.0016053004655987024,0.004072930198162794,0.47313570976257324,0.48358896374702454,0.4985258877277374,0.15810227394104004,0.47313570976257324,0.6338714957237244
0,4096,transformer.h.5.attn.c_proj.weight,transformer.h.5.attn.c_proj.weight,"[384, 384]",energy_25,1,0.8479828834533691,0.003098811022937298,0.004072930198162794,0.8232877850532532,0.8329616189002991,0.8479828834533691,0.036834120750427246,0.8232877850532532,0.6302469968795776
0,4096,transformer.h.5.attn.c_proj.weight,transformer.h.5.attn.c_proj.weight,"[384, 384]",energy_50,4,0.6893691420555115,0.002447657287120819,0.004072930198162794,0.6512579917907715,0.6552078723907471,0.6893691420555115,0.07974523305892944,0.6512579917907715,0.6296930313110352
0,4096,transformer.h.5.attn.c_proj.weight,transformer.h.5.attn.c_proj.weight,"[384, 384]",energy_75,16,0.4985258877277374,0.0016053004655987024,0.004072930198162794,0.47313570976257324,0.48358896374702454,0.4985258877277374,0.15810227394104004,0.47313570976257324,0.6338714957237244
0,4096,transformer.h.5.attn.c_proj.weight,transformer.h.5.attn.c_proj.weight,"[384, 384]",energy_90,43,0.31137481331825256,0.0009797215461730957,0.004072930198162794,0.2912655770778656,0.293905645608902,0.31137481331825256,0.25924068689346313,0.2912655770778656,0.6332250833511353
0,4096,transformer.h.5.mlp.w1.weight,transformer.h.5.mlp.w1.weight,"[1024, 384]",fixed_1,1,0.8652550578117371,0.01026695966720581,0.0367119163274765,0.8641884922981262,0.9388429522514343,0.8652550578117371,0.007733404636383057,0.8641884922981262,0.0
0,4096,transformer.h.5.mlp.w1.weight,transformer.h.5.mlp.w1.weight,"[1024, 384]",fixed_2,2,0.8214422464370728,0.008171223104000092,0.0367119163274765,0.7094283103942871,0.7844193577766418,0.8214422464370728,0.01979929208755493,0.7094283103942871,0.0
0,4096,transformer.h.5.mlp.w1.weight,transformer.h.5.mlp.w1.weight,"[1024, 384]",fixed_4,4,0.7806897759437561,0.00525882001966238,0.0367119163274765,0.6364789009094238,0.7053837180137634,0.7806897759437561,0.02745753526687622,0.6364789009094238,0.0
0,4096,transformer.h.5.mlp.w1.weight,transformer.h.5.mlp.w1.weight,"[1024, 384]",fixed_8,8,0.7166591882705688,0.0037344074808061123,0.0367119163274765,0.5381473302841187,0.6130947470664978,0.7166591882705688,0.038644254207611084,0.5381473302841187,0.0
0,4096,transformer.h.5.mlp.w1.weight,transformer.h.5.mlp.w1.weight,"[1024, 384]",fixed_16,16,0.6421756148338318,0.002817736240103841,0.0367119163274765,0.4509083032608032,0.5287647843360901,0.6421756148338318,0.05006057024002075,0.4509083032608032,0.0
0,4096,transformer.h.5.mlp.w1.weight,transformer.h.5.mlp.w1.weight,"[1024, 384]",energy_25,1,0.8652550578117371,0.01026695966720581,0.0367119163274765,0.8641884922981262,0.9388429522514343,0.8652550578117371,0.007733404636383057,0.8641884922981262,0.0
0,4096,transformer.h.5.mlp.w1.weight,transformer.h.5.mlp.w1.weight,"[1024, 384]",energy_50,9,0.7057607769966125,0.0034542300272732973,0.0367119163274765,0.5252526998519897,0.6003867387771606,0.7057607769966125,0.040273964405059814,0.5252526998519897,0.0
0,4096,transformer.h.5.mlp.w1.weight,transformer.h.5.mlp.w1.weight,"[1024, 384]",energy_75,45,0.4968690872192383,0.0017225503688678145,0.0367119163274765,0.32804757356643677,0.39710885286331177,0.4968690872192383,0.06700646877288818,0.32804757356643677,0.0
0,4096,transformer.h.5.mlp.w1.weight,transformer.h.5.mlp.w1.weight,"[1024, 384]",energy_90,119,0.31463125348091125,0.0009171891142614186,0.0367119163274765,0.1945163905620575,0.23582790791988373,0.31463125348091125,0.08305549621582031,0.1945163905620575,0.0
0,4096,transformer.h.5.mlp.w2.weight,transformer.h.5.mlp.w2.weight,"[1024, 384]",fixed_1,1,0.8573718667030334,0.007681624032557011,0.04069473594427109,0.8412299156188965,0.9141193628311157,0.8573718667030334,0.008372366428375244,0.8412299156188965,0.0
0,4096,transformer.h.5.mlp.w2.weight,transformer.h.5.mlp.w2.weight,"[1024, 384]",fixed_2,2,0.810265839099884,0.005905975587666035,0.04069473594427109,0.6866685152053833,0.7620692253112793,0.810265839099884,0.02099388837814331,0.6866685152053833,0.0
0,4096,transformer.h.5.mlp.w2.weight,transformer.h.5.mlp.w2.weight,"[1024, 384]",fixed_4,4,0.7670536637306213,0.00481510441750288,0.04069473594427109,0.6116529703140259,0.6896868348121643,0.7670536637306213,0.02909749746322632,0.6116529703140259,0.0
0,4096,transformer.h.5.mlp.w2.weight,transformer.h.5.mlp.w2.weight,"[1024, 384]",fixed_8,8,0.7079460620880127,0.004365387372672558,0.04069473594427109,0.5291541218757629,0.5968161225318909,0.7079460620880127,0.04001504182815552,0.5291541218757629,0.0
0,4096,transformer.h.5.mlp.w2.weight,transformer.h.5.mlp.w2.weight,"[1024, 384]",fixed_16,16,0.6338613629341125,0.0022745048627257347,0.04069473594427109,0.43500417470932007,0.5025211572647095,0.6338613629341125,0.051725149154663086,0.43500417470932007,0.0
0,4096,transformer.h.5.mlp.w2.weight,transformer.h.5.mlp.w2.weight,"[1024, 384]",energy_25,1,0.8573718667030334,0.007681624032557011,0.04069473594427109,0.8412299156188965,0.9141193628311157,0.8573718667030334,0.008372366428375244,0.8412299156188965,0.0
0,4096,transformer.h.5.mlp.w2.weight,transformer.h.5.mlp.w2.weight,"[1024, 384]",energy_50,9,0.6966865062713623,0.003008347237482667,0.04069473594427109,0.5026167631149292,0.5778869390487671,0.6966865062713623,0.04273957014083862,0.5026167631149292,0.0
0,4096,transformer.h.5.mlp.w2.weight,transformer.h.5.mlp.w2.weight,"[1024, 384]",energy_75,42,0.4994349181652069,0.0015392652712762356,0.04069473594427109,0.32663026452064514,0.3877367377281189,0.4994349181652069,0.06796705722808838,0.32663026452064514,0.0
0,4096,transformer.h.5.mlp.w2.weight,transformer.h.5.mlp.w2.weight,"[1024, 384]",energy_90,116,0.31474605202674866,0.0007332536624744534,0.04069473594427109,0.19194026291370392,0.23110909759998322,0.31474605202674866,0.08467411994934082,0.19194026291370392,0.0
0,4096,transformer.h.5.mlp.c_proj.weight,transformer.h.5.mlp.c_proj.weight,"[384, 1024]",fixed_1,1,0.70464688539505,0.013130107894539833,0.028273729607462883,0.7217410802841187,0.7694896459579468,0.70464688539505,0.056897759437561035,0.7217410802841187,0.038935575634241104
0,4096,transformer.h.5.mlp.c_proj.weight,transformer.h.5.mlp.c_proj.weight,"[384, 1024]",fixed_2,2,0.6527459621429443,0.012151299975812435,0.028273729607462883,0.6213838458061218,0.6609689593315125,0.6527459621429443,0.06813639402389526,0.6213838458061218,0.03889189660549164
0,4096,transformer.h.5.mlp.c_proj.weight,transformer.h.5.mlp.c_proj.weight,"[384, 1024]",fixed_4,4,0.6159340143203735,0.011616242118179798,0.028273729607462883,0.5503151416778564,0.5893354415893555,0.6159340143203735,0.07881206274032593,0.5503151416778564,0.0385514572262764
0,4096,transformer.h.5.mlp.c_proj.weight,transformer.h.5.mlp.c_proj.weight,"[384, 1024]",fixed_8,8,0.5607213377952576,0.007010978646576405,0.028273729607462883,0.4327968955039978,0.47232019901275635,0.5607213377952576,0.09357118606567383,0.4327968955039978,0.03897145017981529
0,4096,transformer.h.5.mlp.c_proj.weight,transformer.h.5.mlp.c_proj.weight,"[384, 1024]",fixed_16,16,0.49590975046157837,0.005561833269894123,0.028273729607462883,0.3304307460784912,0.36452192068099976,0.49590975046157837,0.1102791428565979,0.3304307460784912,0.039861805737018585
0,4096,transformer.h.5.mlp.c_proj.weight,transformer.h.5.mlp.c_proj.weight,"[384, 1024]",energy_25,1,0.70464688539505,0.013130107894539833,0.028273729607462883,0.7217410802841187,0.7694896459579468,0.70464688539505,0.056897759437561035,0.7217410802841187,0.038935575634241104
0,4096,transformer.h.5.mlp.c_proj.weight,transformer.h.5.mlp.c_proj.weight,"[384, 1024]",energy_50,1,0.70464688539505,0.013130107894539833,0.028273729607462883,0.7217410802841187,0.7694896459579468,0.70464688539505,0.056897759437561035,0.7217410802841187,0.038935575634241104
0,4096,transformer.h.5.mlp.c_proj.weight,transformer.h.5.mlp.c_proj.weight,"[384, 1024]",energy_75,16,0.49590975046157837,0.005561833269894123,0.028273729607462883,0.3304307460784912,0.36452192068099976,0.49590975046157837,0.1102791428565979,0.3304307460784912,0.039861805737018585
0,4096,transformer.h.5.mlp.c_proj.weight,transformer.h.5.mlp.c_proj.weight,"[384, 1024]",energy_90,74,0.3146110475063324,0.002315458143129945,0.028273729607462883,0.16840079426765442,0.18757197260856628,0.3146110475063324,0.14032620191574097,0.16840079426765442,0.03930310159921646
1,128,transformer.h.0.attn.c_attn.weight,transformer.h.0.attn.c_attn.weight,"[1152, 384]",fixed_1,1,0.7670165300369263,0.0034873131662607193,0.005115823820233345,0.8263750076293945,0.7984253168106079,0.7670165300369263,0.05887579917907715,0.8263750076293945,0.5789198875427246
1,128,transformer.h.0.attn.c_attn.weight,transformer.h.0.attn.c_attn.weight,"[1152, 384]",fixed_2,2,0.6770609021186829,0.003247146727517247,0.005115823820233345,0.73310786485672,0.7055423855781555,0.6770609021186829,0.08712399005889893,0.73310786485672,0.5806355476379395
1,128,transformer.h.0.attn.c_attn.weight,transformer.h.0.attn.c_attn.weight,"[1152, 384]",fixed_4,4,0.585098385810852,0.0035095750354230404,0.005115823820233345,0.6289125680923462,0.5963111519813538,0.585098385810852,0.12789738178253174,0.6289125680923462,0.5782631635665894
1,128,transformer.h.0.attn.c_attn.weight,transformer.h.0.attn.c_attn.weight,"[1152, 384]",fixed_8,8,0.4899548888206482,0.0025453793350607157,0.005115823820233345,0.5418116450309753,0.556294322013855,0.4899548888206482,0.16533023118972778,0.5418116450309753,0.5765799283981323
1,128,transformer.h.0.attn.c_attn.weight,transformer.h.0.attn.c_attn.weight,"[1152, 384]",fixed_16,16,0.38416123390197754,0.0016756700351834297,0.005115823820233345,0.4305320382118225,0.5111560821533203,0.38416123390197754,0.22129791975021362,0.4305320382118225,0.5709071755409241
1,128,transformer.h.0.attn.c_attn.weight,transformer.h.0.attn.c_attn.weight,"[1152, 384]",energy_25,1,0.7670165300369263,0.0034873131662607193,0.005115823820233345,0.8263750076293945,0.7984253168106079,0.7670165300369263,0.05887579917907715,0.8263750076293945,0.5789198875427246
1,128,transformer.h.0.attn.c_attn.weight,transformer.h.0.attn.c_attn.weight,"[1152, 384]",energy_50,2,0.6770609021186829,0.003247146727517247,0.005115823820233345,0.73310786485672,0.7055423855781555,0.6770609021186829,0.08712399005889893,0.73310786485672,0.5806355476379395
1,128,transformer.h.0.attn.c_attn.weight,transformer.h.0.attn.c_attn.weight,"[1152, 384]",energy_75,8,0.4899548888206482,0.0025453793350607157,0.005115823820233345,0.5418116450309753,0.556294322013855,0.4899548888206482,0.16533023118972778,0.5418116450309753,0.5765799283981323
1,128,transformer.h.0.attn.c_attn.weight,transformer.h.0.attn.c_attn.weight,"[1152, 384]",energy_90,26,0.31404367089271545,0.001388557138852775,0.005115823820233345,0.3455667495727539,0.41795822978019714,0.31404367089271545,0.2622256278991699,0.3455667495727539,0.5682166814804077
1,128,transformer.h.0.attn.c_proj.weight,transformer.h.0.attn.c_proj.weight,"[384, 384]",fixed_1,1,0.7848669290542603,0.011249884031713009,0.020393377169966698,0.6958999633789062,0.7179547548294067,0.7848669290542603,0.06939524412155151,0.6958999633789062,0.7478969693183899
1,128,transformer.h.0.attn.c_proj.weight,transformer.h.0.attn.c_proj.weight,"[384, 384]",fixed_2,2,0.6995148062705994,0.010781550779938698,0.020393377169966698,0.6287371516227722,0.6507146954536438,0.6995148062705994,0.09655255079269409,0.6287371516227722,0.7469971776008606
1,128,transformer.h.0.attn.c_proj.weight,transformer.h.0.attn.c_proj.weight,"[384, 384]",fixed_4,4,0.6126274466514587,0.008479959331452847,0.020393377169966698,0.5495092868804932,0.5599696636199951,0.6126274466514587,0.1260862946510315,0.5495092868804932,0.7455991506576538
1,128,transformer.h.0.attn.c_proj.weight,transformer.h.0.attn.c_proj.weight,"[384, 384]",fixed_8,8,0.5079665184020996,0.007178880739957094,0.020393377169966698,0.4352717995643616,0.4453636407852173,0.5079665184020996,0.18223124742507935,0.4352717995643616,0.7497038841247559
1,128,transformer.h.0.attn.c_proj.weight,transformer.h.0.attn.c_proj.weight,"[384, 384]",fixed_16,16,0.3992827534675598,0.005173449404537678,0.020393377169966698,0.33962929248809814,0.3444167673587799,0.3992827534675598,0.24080991744995117,0.33962929248809814,0.750314474105835
1,128,transformer.h.0.attn.c_proj.weight,transformer.h.0.attn.c_proj.weight,"[384, 384]",energy_25,1,0.7848669290542603,0.011249884031713009,0.020393377169966698,0.6958999633789062,0.7179547548294067,0.7848669290542603,0.06939524412155151,0.6958999633789062,0.7478969693183899
1,128,transformer.h.0.attn.c_proj.weight,transformer.h.0.attn.c_proj.weight,"[384, 384]",energy_50,2,0.6995148062705994,0.010781550779938698,0.020393377169966698,0.6287371516227722,0.6507146954536438,0.6995148062705994,0.09655255079269409,0.6287371516227722,0.7469971776008606
1,128,transformer.h.0.attn.c_proj.weight,transformer.h.0.attn.c_proj.weight,"[384, 384]",energy_75,9,0.48924651741981506,0.007159390952438116,0.020393377169966698,0.4209531247615814,0.4310600161552429,0.48924651741981506,0.1901525855064392,0.4209531247615814,0.7531814575195312
1,128,transformer.h.0.attn.c_proj.weight,transformer.h.0.attn.c_proj.weight,"[384, 384]",energy_90,27,0.3151502013206482,0.004197952803224325,0.020393377169966698,0.26689648628234863,0.26965340971946716,0.3151502013206482,0.290926992893219,0.26689648628234863,0.7500698566436768
1,128,transformer.h.0.mlp.w1.weight,transformer.h.0.mlp.w1.weight,"[1024, 384]",fixed_1,1,0.8496027588844299,0.005415215156972408,0.005684925243258476,0.8989221453666687,0.8838449716567993,0.8496027588844299,0.019541442394256592,0.8989221453666687,0.0
1,128,transformer.h.0.mlp.w1.weight,transformer.h.0.mlp.w1.weight,"[1024, 384]",fixed_2,2,0.7754354476928711,0.006034966092556715,0.005684925243258476,0.8348307013511658,0.7957563996315002,0.7754354476928711,0.029495298862457275,0.8348307013511658,0.0
1,128,transformer.h.0.mlp.w1.weight,transformer.h.0.mlp.w1.weight,"[1024, 384]",fixed_4,4,0.6927768588066101,0.004428998101502657,0.005684925243258476,0.7324323654174805,0.7047592997550964,0.6927768588066101,0.04013395309448242,0.7324323654174805,0.0
1,128,transformer.h.0.mlp.w1.weight,transformer.h.0.mlp.w1.weight,"[1024, 384]",fixed_8,8,0.6192922592163086,0.0030330398585647345,0.005684925243258476,0.6311730742454529,0.6311331987380981,0.6192922592163086,0.04946857690811157,0.6311730742454529,0.0
1,128,transformer.h.0.mlp.w1.weight,transformer.h.0.mlp.w1.weight,"[1024, 384]",fixed_16,16,0.54443359375,0.0020395745523273945,0.005684925243258476,0.5373579859733582,0.5624187588691711,0.54443359375,0.05831652879714966,0.5373579859733582,0.0
1,128,transformer.h.0.mlp.w1.weight,transformer.h.0.mlp.w1.weight,"[1024, 384]",energy_25,1,0.8496027588844299,0.005415215156972408,0.005684925243258476,0.8989221453666687,0.8838449716567993,0.8496027588844299,0.019541442394256592,0.8989221453666687,0.0
1,128,transformer.h.0.mlp.w1.weight,transformer.h.0.mlp.w1.weight,"[1024, 384]",energy_50,4,0.6927768588066101,0.004428998101502657,0.005684925243258476,0.7324323654174805,0.7047592997550964,0.6927768588066101,0.04013395309448242,0.7324323654174805,0.0
1,128,transformer.h.0.mlp.w1.weight,transformer.h.0.mlp.w1.weight,"[1024, 384]",energy_75,25,0.49641653895378113,0.0019175708293914795,0.005684925243258476,0.47370728850364685,0.50099778175354,0.49641653895378113,0.06411439180374146,0.47370728850364685,0.0
1,128,transformer.h.0.mlp.w1.weight,transformer.h.0.mlp.w1.weight,"[1024, 384]",energy_90,107,0.31498363614082336,0.0007697137771174312,0.005684925243258476,0.26830020546913147,0.291208416223526,0.31498363614082336,0.08032196760177612,0.26830020546913147,0.0
1,128,transformer.h.0.mlp.w2.weight,transformer.h.0.mlp.w2.weight,"[1024, 384]",fixed_1,1,0.8557849526405334,0.0039439271204173565,0.004111983813345432,0.9072050452232361,0.8934493064880371,0.8557849526405334,0.01738107204437256,0.9072050452232361,0.0
1,128,transformer.h.0.mlp.w2.weight,transformer.h.0.mlp.w2.weight,"[1024, 384]",fixed_2,2,0.7916631102561951,0.003799182828515768,0.004111983813345432,0.8472338914871216,0.822014570236206,0.7916631102561951,0.02651083469390869,0.8472338914871216,0.0
1,128,transformer.h.0.mlp.w2.weight,transformer.h.0.mlp.w2.weight,"[1024, 384]",fixed_4,4,0.713281512260437,0.0033272579312324524,0.004111983813345432,0.7570676803588867,0.7301735281944275,0.713281512260437,0.03670269250869751,0.7570676803588867,0.0
1,128,transformer.h.0.mlp.w2.weight,transformer.h.0.mlp.w2.weight,"[1024, 384]",fixed_8,8,0.6358314752578735,0.0035328990779817104,0.004111983813345432,0.6445004343986511,0.6485030055046082,0.6358314752578735,0.04688096046447754,0.6445004343986511,0.0
1,128,transformer.h.0.mlp.w2.weight,transformer.h.0.mlp.w2.weight,"[1024, 384]",fixed_16,16,0.5565839409828186,0.002018484752625227,0.004111983813345432,0.5517998933792114,0.5795141458511353,0.5565839409828186,0.05555015802383423,0.5517998933792114,0.0
1,128,transformer.h.0.mlp.w2.weight,transformer.h.0.mlp.w2.weight,"[1024, 384]",energy_25,1,0.8557849526405334,0.0039439271204173565,0.004111983813345432,0.9072050452232361,0.8934493064880371,0.8557849526405334,0.01738107204437256,0.9072050452232361,0.0
1,128,transformer.h.0.mlp.w2.weight,transformer.h.0.mlp.w2.weight,"[1024, 384]",energy_50,5,0.6871848702430725,0.003187149530276656,0.004111983813345432,0.7222038507461548,0.7117153406143188,0.6871848702430725,0.04017281532287598,0.7222038507461548,0.0
1,128,transformer.h.0.mlp.w2.weight,transformer.h.0.mlp.w2.weight,"[1024, 384]",energy_75,27,0.4995005428791046,0.0014517857925966382,0.004111983813345432,0.4777944087982178,0.5067967772483826,0.4995005428791046,0.061933279037475586,0.4777944087982178,0.0
1,128,transformer.h.0.mlp.w2.weight,transformer.h.0.mlp.w2.weight,"[1024, 384]",energy_90,111,0.31569281220436096,0.0007272319053299725,0.004111983813345432,0.26833638548851013,0.2936815023422241,0.31569281220436096,0.07819747924804688,0.26833638548851013,0.0
1,128,transformer.h.0.mlp.c_proj.weight,transformer.h.0.mlp.c_proj.weight,"[384, 1024]",fixed_1,1,0.9069312810897827,0.01812589168548584,0.024672048166394234,0.8120638728141785,0.8223320245742798,0.9069312810897827,0.02233022451400757,0.8120638728141785,0.0
1,128,transformer.h.0.mlp.c_proj.weight,transformer.h.0.mlp.c_proj.weight,"[384, 1024]",fixed_2,2,0.8436743021011353,0.01811913773417473,0.024672048166394234,0.7557719945907593,0.7432495355606079,0.8436743021011353,0.03515636920928955,0.7557719945907593,0.0
1,128,transformer.h.0.mlp.c_proj.weight,transformer.h.0.mlp.c_proj.weight,"[384, 1024]",fixed_4,4,0.7511517405509949,0.01705741509795189,0.024672048166394234,0.6696325540542603,0.6662979125976562,0.7511517405509949,0.05555069446563721,0.6696325540542603,0.0
1,128,transformer.h.0.mlp.c_proj.weight,transformer.h.0.mlp.c_proj.weight,"[384, 1024]",fixed_8,8,0.6449890732765198,0.011320685967803001,0.024672048166394234,0.5058763027191162,0.5067169070243835,0.6449890732765198,0.08261984586715698,0.5058763027191162,0.0
1,128,transformer.h.0.mlp.c_proj.weight,transformer.h.0.mlp.c_proj.weight,"[384, 1024]",fixed_16,16,0.5387071967124939,0.007106216158717871,0.024672048166394234,0.3630703091621399,0.37140604853630066,0.5387071967124939,0.10931158065795898,0.3630703091621399,0.0
1,128,transformer.h.0.mlp.c_proj.weight,transformer.h.0.mlp.c_proj.weight,"[384, 1024]",energy_25,2,0.8436743021011353,0.01811913773417473,0.024672048166394234,0.7557719945907593,0.7432495355606079,0.8436743021011353,0.03515636920928955,0.7557719945907593,0.0
1,128,transformer.h.0.mlp.c_proj.weight,transformer.h.0.mlp.c_proj.weight,"[384, 1024]",energy_50,6,0.6914709210395813,0.015754401683807373,0.024672048166394234,0.6012411713600159,0.5972734093666077,0.6914709210395813,0.06825357675552368,0.6012411713600159,0.0
1,128,transformer.h.0.mlp.c_proj.weight,transformer.h.0.mlp.c_proj.weight,"[384, 1024]",energy_75,21,0.498911589384079,0.00602735485881567,0.024672048166394234,0.3202473521232605,0.3244234323501587,0.498911589384079,0.11820352077484131,0.3202473521232605,0.0
1,128,transformer.h.0.mlp.c_proj.weight,transformer.h.0.mlp.c_proj.weight,"[384, 1024]",energy_90,74,0.3142872750759125,0.002684465842321515,0.024672048166394234,0.1670839786529541,0.17336834967136383,0.3142872750759125,0.14980846643447876,0.1670839786529541,0.0
1,128,transformer.h.1.attn.c_attn.weight,transformer.h.1.attn.c_attn.weight,"[1152, 384]",fixed_1,1,0.8014011383056641,0.0031470537651330233,0.004453129600733519,0.7465826272964478,0.863865852355957,0.8014011383056641,0.05931353569030762,0.7465826272964478,0.6924214959144592
1,128,transformer.h.1.attn.c_attn.weight,transformer.h.1.attn.c_attn.weight,"[1152, 384]",fixed_2,2,0.728709876537323,0.0025092633441090584,0.004453129600733519,0.6523274779319763,0.8113231062889099,0.728709876537323,0.08683067560195923,0.6523274779319763,0.6886143088340759
1,128,transformer.h.1.attn.c_attn.weight,transformer.h.1.attn.c_attn.weight,"[1152, 384]",fixed_4,4,0.6307042837142944,0.0022494036238640547,0.004453129600733519,0.573194146156311,0.7828174829483032,0.6307042837142944,0.11651772260665894,0.573194146156311,0.6930369734764099
1,128,transformer.h.1.attn.c_attn.weight,transformer.h.1.attn.c_attn.weight,"[1152, 384]",fixed_8,8,0.5147944688796997,0.0017325006192550063,0.004453129600733519,0.47113674879074097,0.7428430318832397,0.5147944688796997,0.17197668552398682,0.47113674879074097,0.6852251887321472
1,128,transformer.h.1.attn.c_attn.weight,transformer.h.1.attn.c_attn.weight,"[1152, 384]",fixed_16,16,0.3893483877182007,0.0012116305297240615,0.004453129600733519,0.3634791672229767,0.5998114347457886,0.3893483877182007,0.24132895469665527,0.3634791672229767,0.6814913153648376
1,128,transformer.h.1.attn.c_attn.weight,transformer.h.1.attn.c_attn.weight,"[1152, 384]",energy_25,1,0.8014011383056641,0.0031470537651330233,0.004453129600733519,0.7465826272964478,0.863865852355957,0.8014011383056641,0.05931353569030762,0.7465826272964478,0.6924214959144592
1,128,transformer.h.1.attn.c_attn.weight,transformer.h.1.attn.c_attn.weight,"[1152, 384]",energy_50,3,0.6677417755126953,0.002368976129218936,0.004453129600733519,0.6088628172874451,0.8047449588775635,0.6677417755126953,0.10489177703857422,0.6088628172874451,0.692213237285614
1,128,transformer.h.1.attn.c_attn.weight,transformer.h.1.attn.c_attn.weight,"[1152, 384]",energy_75,9,0.4930533468723297,0.0016786003252491355,0.004453129600733519,0.4520684480667114,0.7283762693405151,0.4930533468723297,0.18488287925720215,0.4520684480667114,0.6883460879325867
1,128,transformer.h.1.attn.c_attn.weight,transformer.h.1.attn.c_attn.weight,"[1152, 384]",energy_90,25,0.3100753724575043,0.0010013972641900182,0.004453129600733519,0.29013702273368835,0.5370903015136719,0.3100753724575043,0.2952567934989929,0.29013702273368835,0.6841102242469788
1,128,transformer.h.1.attn.c_proj.weight,transformer.h.1.attn.c_proj.weight,"[384, 384]",fixed_1,1,0.7777508497238159,0.010631352663040161,0.018559493124485016,0.7516849637031555,0.7531271576881409,0.7777508497238159,0.05455803871154785,0.7516849637031555,0.8133766055107117
1,128,transformer.h.1.attn.c_proj.weight,transformer.h.1.attn.c_proj.weight,"[384, 384]",fixed_2,2,0.711039125919342,0.008755304850637913,0.018559493124485016,0.6831671595573425,0.6834151744842529,0.711039125919342,0.07521039247512817,0.6831671595573425,0.8155440092086792
1,128,transformer.h.1.attn.c_proj.weight,transformer.h.1.attn.c_proj.weight,"[384, 384]",fixed_4,4,0.6055527329444885,0.007116345688700676,0.018559493124485016,0.5679789185523987,0.5769243240356445,0.6055527329444885,0.11910712718963623,0.5679789185523987,0.8140848875045776
1,128,transformer.h.1.attn.c_proj.weight,transformer.h.1.attn.c_proj.weight,"[384, 384]",fixed_8,8,0.48834696412086487,0.005440578795969486,0.018559493124485016,0.4428807497024536,0.44959890842437744,0.48834696412086487,0.17800569534301758,0.4428807497024536,0.8198038339614868
1,128,transformer.h.1.attn.c_proj.weight,transformer.h.1.attn.c_proj.weight,"[384, 384]",fixed_16,16,0.36836060881614685,0.004075102042406797,0.018559493124485016,0.33164918422698975,0.3323426842689514,0.36836060881614685,0.2511770725250244,0.33164918422698975,0.8191831111907959
1,128,transformer.h.1.attn.c_proj.weight,transformer.h.1.attn.c_proj.weight,"[384, 384]",energy_25,1,0.7777508497238159,0.010631352663040161,0.018559493124485016,0.7516849637031555,0.7531271576881409,0.7777508497238159,0.05455803871154785,0.7516849637031555,0.8133766055107117
1,128,transformer.h.1.attn.c_proj.weight,transformer.h.1.attn.c_proj.weight,"[384, 384]",energy_50,3,0.6465486884117126,0.007788694929331541,0.018559493124485016,0.6064473986625671,0.6173730492591858,0.6465486884117126,0.0988471508026123,0.6064473986625671,0.8120266795158386
1,128,transformer.h.1.attn.c_proj.weight,transformer.h.1.attn.c_proj.weight,"[384, 384]",energy_75,8,0.48834696412086487,0.005440578795969486,0.018559493124485016,0.4428807497024536,0.44959890842437744,0.48834696412086487,0.17800569534301758,0.4428807497024536,0.8198038339614868
1,128,transformer.h.1.attn.c_proj.weight,transformer.h.1.attn.c_proj.weight,"[384, 384]",energy_90,23,0.30916106700897217,0.003983678296208382,0.018559493124485016,0.28469786047935486,0.2860855758190155,0.30916106700897217,0.29398608207702637,0.28469786047935486,0.8144919872283936
1,128,transformer.h.1.mlp.w1.weight,transformer.h.1.mlp.w1.weight,"[1024, 384]",fixed_1,1,0.852593719959259,0.0038372455164790154,0.0054157692939043045,0.8313570022583008,0.8462684750556946,0.852593719959259,0.02786719799041748,0.8313570022583008,0.0
1,128,transformer.h.1.mlp.w1.weight,transformer.h.1.mlp.w1.weight,"[1024, 384]",fixed_2,2,0.7619907855987549,0.0036234548315405846,0.0054157692939043045,0.7520830035209656,0.7805891633033752,0.7619907855987549,0.04343682527542114,0.7520830035209656,0.0
1,128,transformer.h.1.mlp.w1.weight,transformer.h.1.mlp.w1.weight,"[1024, 384]",fixed_4,4,0.6672469973564148,0.0030800197273492813,0.0054157692939043045,0.6462581753730774,0.6769901514053345,0.6672469973564148,0.06055903434753418,0.6462581753730774,0.0
1,128,transformer.h.1.mlp.w1.weight,transformer.h.1.mlp.w1.weight,"[1024, 384]",fixed_8,8,0.5867327451705933,0.0022265827283263206,0.0054157692939043045,0.5540559887886047,0.5919218063354492,0.5867327451705933,0.07439559698104858,0.5540559887886047,0.0
1,128,transformer.h.1.mlp.w1.weight,transformer.h.1.mlp.w1.weight,"[1024, 384]",fixed_16,16,0.4941542446613312,0.0013951134169474244,0.0054157692939043045,0.4499882757663727,0.49409934878349304,0.4941542446613312,0.08996915817260742,0.4499882757663727,0.0
1,128,transformer.h.1.mlp.w1.weight,transformer.h.1.mlp.w1.weight,"[1024, 384]",energy_25,1,0.852593719959259,0.0038372455164790154,0.0054157692939043045,0.8313570022583008,0.8462684750556946,0.852593719959259,0.02786719799041748,0.8313570022583008,0.0
1,128,transformer.h.1.mlp.w1.weight,transformer.h.1.mlp.w1.weight,"[1024, 384]",energy_50,3,0.7011337280273438,0.0032458011992275715,0.0054157692939043045,0.6834084391593933,0.7163681983947754,0.7011337280273438,0.054645836353302,0.6834084391593933,0.0
1,128,transformer.h.1.mlp.w1.weight,transformer.h.1.mlp.w1.weight,"[1024, 384]",energy_75,16,0.4941542446613312,0.0013951134169474244,0.0054157692939043045,0.4499882757663727,0.49409934878349304,0.4941542446613312,0.08996915817260742,0.4499882757663727,0.0
1,128,transformer.h.1.mlp.w1.weight,transformer.h.1.mlp.w1.weight,"[1024, 384]",energy_90,70,0.3145753741264343,0.0006899082800373435,0.0054157692939043045,0.2613246738910675,0.2929344177246094,0.3145753741264343,0.1148604154586792,0.2613246738910675,0.0
1,128,transformer.h.1.mlp.w2.weight,transformer.h.1.mlp.w2.weight,"[1024, 384]",fixed_1,1,0.8673888444900513,0.0036344288382679224,0.003998016007244587,0.8679260611534119,0.8782922029495239,0.8673888444900513,0.025402843952178955,0.8679260611534119,0.0
1,128,transformer.h.1.mlp.w2.weight,transformer.h.1.mlp.w2.weight,"[1024, 384]",fixed_2,2,0.7789398431777954,0.0033292120788246393,0.003998016007244587,0.7932291626930237,0.7844009399414062,0.7789398431777954,0.03982067108154297,0.7932291626930237,0.0
1,128,transformer.h.1.mlp.w2.weight,transformer.h.1.mlp.w2.weight,"[1024, 384]",fixed_4,4,0.6841717958450317,0.0032225376926362514,0.003998016007244587,0.6898477673530579,0.7068830132484436,0.6841717958450317,0.05726808309555054,0.6898477673530579,0.0
1,128,transformer.h.1.mlp.w2.weight,transformer.h.1.mlp.w2.weight,"[1024, 384]",fixed_8,8,0.599416971206665,0.0022627264261245728,0.003998016007244587,0.5952839255332947,0.6290017366409302,0.599416971206665,0.07067519426345825,0.5952839255332947,0.0
1,128,transformer.h.1.mlp.w2.weight,transformer.h.1.mlp.w2.weight,"[1024, 384]",fixed_16,16,0.49870383739471436,0.0017827549017965794,0.003998016007244587,0.46975865960121155,0.5046964287757874,0.49870383739471436,0.08818531036376953,0.46975865960121155,0.0
1,128,transformer.h.1.mlp.w2.weight,transformer.h.1.mlp.w2.weight,"[1024, 384]",energy_25,2,0.7789398431777954,0.0033292120788246393,0.003998016007244587,0.7932291626930237,0.7844009399414062,0.7789398431777954,0.03982067108154297,0.7932291626930237,0.0
1,128,transformer.h.1.mlp.w2.weight,transformer.h.1.mlp.w2.weight,"[1024, 384]",energy_50,4,0.6841717958450317,0.0032225376926362514,0.003998016007244587,0.6898477673530579,0.7068830132484436,0.6841717958450317,0.05726808309555054,0.6898477673530579,0.0
1,128,transformer.h.1.mlp.w2.weight,transformer.h.1.mlp.w2.weight,"[1024, 384]",energy_75,16,0.49870383739471436,0.0017827549017965794,0.003998016007244587,0.46975865960121155,0.5046964287757874,0.49870383739471436,0.08818531036376953,0.46975865960121155,0.0
1,128,transformer.h.1.mlp.w2.weight,transformer.h.1.mlp.w2.weight,"[1024, 384]",energy_90,69,0.3149050772190094,0.000667966902256012,0.003998016007244587,0.26992282271385193,0.29786673188209534,0.3149050772190094,0.11425125598907471,0.26992282271385193,0.0
1,128,transformer.h.1.mlp.c_proj.weight,transformer.h.1.mlp.c_proj.weight,"[384, 1024]",fixed_1,1,0.9094699621200562,0.019266461953520775,0.01977369748055935,0.8854113221168518,0.8856975436210632,0.9094699621200562,0.021146774291992188,0.8854113221168518,0.0
1,128,transformer.h.1.mlp.c_proj.weight,transformer.h.1.mlp.c_proj.weight,"[384, 1024]",fixed_2,2,0.8399078845977783,0.013504233211278915,0.01977369748055935,0.7280133962631226,0.7281960248947144,0.8399078845977783,0.040156006813049316,0.7280133962631226,0.0
1,128,transformer.h.1.mlp.c_proj.weight,transformer.h.1.mlp.c_proj.weight,"[384, 1024]",fixed_4,4,0.7565158009529114,0.012885225005447865,0.01977369748055935,0.6414567232131958,0.652826726436615,0.7565158009529114,0.06075608730316162,0.6414567232131958,0.0
1,128,transformer.h.1.mlp.c_proj.weight,transformer.h.1.mlp.c_proj.weight,"[384, 1024]",fixed_8,8,0.6474803686141968,0.007690942846238613,0.01977369748055935,0.47595998644828796,0.49204015731811523,0.6474803686141968,0.09264934062957764,0.47595998644828796,0.0
1,128,transformer.h.1.mlp.c_proj.weight,transformer.h.1.mlp.c_proj.weight,"[384, 1024]",fixed_16,16,0.5274149775505066,0.006079274695366621,0.01977369748055935,0.3535647392272949,0.3675011992454529,0.5274149775505066,0.1237676739692688,0.3535647392272949,0.0
1,128,transformer.h.1.mlp.c_proj.weight,transformer.h.1.mlp.c_proj.weight,"[384, 1024]",energy_25,2,0.8399078845977783,0.013504233211278915,0.01977369748055935,0.7280133962631226,0.7281960248947144,0.8399078845977783,0.040156006813049316,0.7280133962631226,0.0
1,128,transformer.h.1.mlp.c_proj.weight,transformer.h.1.mlp.c_proj.weight,"[384, 1024]",energy_50,6,0.6964454650878906,0.00811684224754572,0.01977369748055935,0.5345490574836731,0.5572863817214966,0.6964454650878906,0.07917916774749756,0.5345490574836731,0.0
1,128,transformer.h.1.mlp.c_proj.weight,transformer.h.1.mlp.c_proj.weight,"[384, 1024]",energy_75,19,0.4998290538787842,0.0057094404473900795,0.01977369748055935,0.32326531410217285,0.33395910263061523,0.4998290538787842,0.13037335872650146,0.32326531410217285,0.0
1,128,transformer.h.1.mlp.c_proj.weight,transformer.h.1.mlp.c_proj.weight,"[384, 1024]",energy_90,64,0.31472718715667725,0.0020952920895069838,0.01977369748055935,0.15966948866844177,0.16494034230709076,0.31472718715667725,0.17327845096588135,0.15966948866844177,0.0
1,128,transformer.h.2.attn.c_attn.weight,transformer.h.2.attn.c_attn.weight,"[1152, 384]",fixed_1,1,0.7698222994804382,0.002833613660186529,0.004656190983951092,0.666407585144043,0.665476381778717,0.7698222994804382,0.0710802674293518,0.666407585144043,0.7973661422729492
1,128,transformer.h.2.attn.c_attn.weight,transformer.h.2.attn.c_attn.weight,"[1152, 384]",fixed_2,2,0.6939793229103088,0.0022885410580784082,0.004656190983951092,0.5744777321815491,0.6437638998031616,0.6939793229103088,0.10198217630386353,0.5744777321815491,0.7906437516212463
1,128,transformer.h.2.attn.c_attn.weight,transformer.h.2.attn.c_attn.weight,"[1152, 384]",fixed_4,4,0.5935859084129333,0.002072894014418125,0.004656190983951092,0.48994162678718567,0.5817362070083618,0.5935859084129333,0.13964951038360596,0.48994162678718567,0.791360080242157
1,128,transformer.h.2.attn.c_attn.weight,transformer.h.2.attn.c_attn.weight,"[1152, 384]",fixed_8,8,0.4700257182121277,0.0013890824047848582,0.004656190983951092,0.39214053750038147,0.5500625371932983,0.4700257182121277,0.20155948400497437,0.39214053750038147,0.7910058498382568
1,128,transformer.h.2.attn.c_attn.weight,transformer.h.2.attn.c_attn.weight,"[1152, 384]",fixed_16,16,0.3539833128452301,0.0011592754162847996,0.004656190983951092,0.30035948753356934,0.5109565854072571,0.3539833128452301,0.27590179443359375,0.30035948753356934,0.7834356427192688
1,128,transformer.h.2.attn.c_attn.weight,transformer.h.2.attn.c_attn.weight,"[1152, 384]",energy_25,1,0.7698222994804382,0.002833613660186529,0.004656190983951092,0.666407585144043,0.665476381778717,0.7698222994804382,0.0710802674293518,0.666407585144043,0.7973661422729492
1,128,transformer.h.2.attn.c_attn.weight,transformer.h.2.attn.c_attn.weight,"[1152, 384]",energy_50,2,0.6939793229103088,0.0022885410580784082,0.004656190983951092,0.5744777321815491,0.6437638998031616,0.6939793229103088,0.10198217630386353,0.5744777321815491,0.7906437516212463
1,128,transformer.h.2.attn.c_attn.weight,transformer.h.2.attn.c_attn.weight,"[1152, 384]",energy_75,7,0.4930216670036316,0.0014579860726371408,0.004656190983951092,0.4092769920825958,0.5527874231338501,0.4930216670036316,0.1889060139656067,0.4092769920825958,0.7883895635604858
1,128,transformer.h.2.attn.c_attn.weight,transformer.h.2.attn.c_attn.weight,"[1152, 384]",energy_90,21,0.3087342083454132,0.0010432107374072075,0.004656190983951092,0.26693832874298096,0.466004341840744,0.3087342083454132,0.3098849058151245,0.26693832874298096,0.7811737656593323
1,128,transformer.h.2.attn.c_proj.weight,transformer.h.2.attn.c_proj.weight,"[384, 384]",fixed_1,1,0.7724972367286682,0.008858539164066315,0.013159280642867088,0.7303900122642517,0.7611975073814392,0.7724972367286682,0.056584179401397705,0.7303900122642517,0.8235880136489868
1,128,transformer.h.2.attn.c_proj.weight,transformer.h.2.attn.c_proj.weight,"[384, 384]",fixed_2,2,0.6850478053092957,0.007457011379301548,0.013159280642867088,0.6473721265792847,0.6743589639663696,0.6850478053092957,0.08322525024414062,0.6473721265792847,0.8199008703231812
1,128,transformer.h.2.attn.c_proj.weight,transformer.h.2.attn.c_proj.weight,"[384, 384]",fixed_4,4,0.5773006081581116,0.006462674122303724,0.013159280642867088,0.5252039432525635,0.5491799712181091,0.5773006081581116,0.13161295652389526,0.5252039432525635,0.8184494376182556
1,128,transformer.h.2.attn.c_proj.weight,transformer.h.2.attn.c_proj.weight,"[384, 384]",fixed_8,8,0.4623415768146515,0.0050922539085149765,0.013159280642867088,0.41286906599998474,0.43055132031440735,0.4623415768146515,0.19027137756347656,0.41286906599998474,0.8170329928398132
1,128,transformer.h.2.attn.c_proj.weight,transformer.h.2.attn.c_proj.weight,"[384, 384]",fixed_16,16,0.3497125506401062,0.0042158751748502254,0.013159280642867088,0.31454402208328247,0.3313939571380615,0.3497125506401062,0.2630825638771057,0.31454402208328247,0.8238280415534973
1,128,transformer.h.2.attn.c_proj.weight,transformer.h.2.attn.c_proj.weight,"[384, 384]",energy_25,1,0.7724972367286682,0.008858539164066315,0.013159280642867088,0.7303900122642517,0.7611975073814392,0.7724972367286682,0.056584179401397705,0.7303900122642517,0.8235880136489868
1,128,transformer.h.2.attn.c_proj.weight,transformer.h.2.attn.c_proj.weight,"[384, 384]",energy_50,2,0.6850478053092957,0.007457011379301548,0.013159280642867088,0.6473721265792847,0.6743589639663696,0.6850478053092957,0.08322525024414062,0.6473721265792847,0.8199008703231812
1,128,transformer.h.2.attn.c_proj.weight,transformer.h.2.attn.c_proj.weight,"[384, 384]",energy_75,7,0.48375004529953003,0.00509251095354557,0.013159280642867088,0.4348466992378235,0.45371732115745544,0.48375004529953003,0.17207074165344238,0.4348466992378235,0.8196663856506348
1,128,transformer.h.2.attn.c_proj.weight,transformer.h.2.attn.c_proj.weight,"[384, 384]",energy_90,20,0.31400519609451294,0.004098191391676664,0.013159280642867088,0.2772463858127594,0.2914644181728363,0.31400519609451294,0.29414719343185425,0.2772463858127594,0.8206331729888916
1,128,transformer.h.2.mlp.w1.weight,transformer.h.2.mlp.w1.weight,"[1024, 384]",fixed_1,1,0.805554211139679,0.0050982325337827206,0.0054861074313521385,0.8081812262535095,0.7961241602897644,0.805554211139679,0.04093581438064575,0.8081812262535095,0.05971132963895798
1,128,transformer.h.2.mlp.w1.weight,transformer.h.2.mlp.w1.weight,"[1024, 384]",fixed_2,2,0.746637761592865,0.004184733144938946,0.0054861074313521385,0.7541115283966064,0.7676566243171692,0.746637761592865,0.05380117893218994,0.7541115283966064,0.05958614870905876
1,128,transformer.h.2.mlp.w1.weight,transformer.h.2.mlp.w1.weight,"[1024, 384]",fixed_4,4,0.6613204479217529,0.003921653144061565,0.0054861074313521385,0.6705077290534973,0.6864017248153687,0.6613204479217529,0.0737612247467041,0.6705077290534973,0.06168575584888458
1,128,transformer.h.2.mlp.w1.weight,transformer.h.2.mlp.w1.weight,"[1024, 384]",fixed_8,8,0.5664227604866028,0.0017433941829949617,0.0054861074313521385,0.5617586970329285,0.5742655992507935,0.5664227604866028,0.09472781419754028,0.5617586970329285,0.06063355132937431
1,128,transformer.h.2.mlp.w1.weight,transformer.h.2.mlp.w1.weight,"[1024, 384]",fixed_16,16,0.4615570306777954,0.001208704081363976,0.0054861074313521385,0.4405011832714081,0.46828070282936096,0.4615570306777954,0.12052613496780396,0.4405011832714081,0.05942168086767197
1,128,transformer.h.2.mlp.w1.weight,transformer.h.2.mlp.w1.weight,"[1024, 384]",energy_25,1,0.805554211139679,0.0050982325337827206,0.0054861074313521385,0.8081812262535095,0.7961241602897644,0.805554211139679,0.04093581438064575,0.8081812262535095,0.05971132963895798
1,128,transformer.h.2.mlp.w1.weight,transformer.h.2.mlp.w1.weight,"[1024, 384]",energy_50,3,0.6937048435211182,0.003774390323087573,0.0054861074313521385,0.7071408629417419,0.709220826625824,0.6937048435211182,0.0656624436378479,0.7071408629417419,0.06071435660123825
1,128,transformer.h.2.mlp.w1.weight,transformer.h.2.mlp.w1.weight,"[1024, 384]",energy_75,13,0.4937414526939392,0.0012508512008935213,0.0054861074313521385,0.4757594168186188,0.5001487731933594,0.4937414526939392,0.11292499303817749,0.4757594168186188,0.059403710067272186
1,128,transformer.h.2.mlp.w1.weight,transformer.h.2.mlp.w1.weight,"[1024, 384]",energy_90,49,0.31442952156066895,0.0006292653270065784,0.0054861074313521385,0.27932488918304443,0.30602625012397766,0.31442952156066895,0.1530330777168274,0.27932488918304443,0.05893663689494133
1,128,transformer.h.2.mlp.w2.weight,transformer.h.2.mlp.w2.weight,"[1024, 384]",fixed_1,1,0.8129302263259888,0.004645152948796749,0.005015094298869371,0.8043392896652222,0.8099993467330933,0.8129302263259888,0.04197978973388672,0.8043392896652222,0.06125124171376228
1,128,transformer.h.2.mlp.w2.weight,transformer.h.2.mlp.w2.weight,"[1024, 384]",fixed_2,2,0.7516790628433228,0.0034049730747938156,0.005015094298869371,0.7521152496337891,0.776241660118103,0.7516790628433228,0.05418890714645386,0.7521152496337891,0.06187925860285759
1,128,transformer.h.2.mlp.w2.weight,transformer.h.2.mlp.w2.weight,"[1024, 384]",fixed_4,4,0.6581431031227112,0.002900797873735428,0.005015094298869371,0.6427710056304932,0.6575104594230652,0.6581431031227112,0.07896798849105835,0.6427710056304932,0.061134375631809235
1,128,transformer.h.2.mlp.w2.weight,transformer.h.2.mlp.w2.weight,"[1024, 384]",fixed_8,8,0.5654333233833313,0.0017069224268198013,0.005015094298869371,0.5467734932899475,0.5741915106773376,0.5654333233833313,0.0991889238357544,0.5467734932899475,0.06074579060077667
1,128,transformer.h.2.mlp.w2.weight,transformer.h.2.mlp.w2.weight,"[1024, 384]",fixed_16,16,0.45774707198143005,0.001175756100565195,0.005015094298869371,0.42559343576431274,0.456071138381958,0.45774707198143005,0.12537819147109985,0.42559343576431274,0.06039637327194214
1,128,transformer.h.2.mlp.w2.weight,transformer.h.2.mlp.w2.weight,"[1024, 384]",energy_25,1,0.8129302263259888,0.004645152948796749,0.005015094298869371,0.8043392896652222,0.8099993467330933,0.8129302263259888,0.04197978973388672,0.8043392896652222,0.06125124171376228
1,128,transformer.h.2.mlp.w2.weight,transformer.h.2.mlp.w2.weight,"[1024, 384]",energy_50,3,0.6958023309707642,0.0029010181315243244,0.005015094298869371,0.6838557720184326,0.6918318271636963,0.6958023309707642,0.06905221939086914,0.6838557720184326,0.06049702316522598
1,128,transformer.h.2.mlp.w2.weight,transformer.h.2.mlp.w2.weight,"[1024, 384]",energy_75,13,0.49100053310394287,0.0013939652126282454,0.005015094298869371,0.4620664417743683,0.49710336327552795,0.49100053310394287,0.11803674697875977,0.4620664417743683,0.05930599197745323
1,128,transformer.h.2.mlp.w2.weight,transformer.h.2.mlp.w2.weight,"[1024, 384]",energy_90,48,0.31496021151542664,0.0005849105073139071,0.005015094298869371,0.27870506048202515,0.3100050985813141,0.31496021151542664,0.1567850112915039,0.27870506048202515,0.058887820690870285
1,128,transformer.h.2.mlp.c_proj.weight,transformer.h.2.mlp.c_proj.weight,"[384, 1024]",fixed_1,1,0.8954910039901733,0.01456350926309824,0.018036719411611557,0.7936610579490662,0.7938998341560364,0.8954910039901733,0.030797839164733887,0.7936610579490662,0.001869511790573597
1,128,transformer.h.2.mlp.c_proj.weight,transformer.h.2.mlp.c_proj.weight,"[384, 1024]",fixed_2,2,0.8206586837768555,0.011748436838388443,0.018036719411611557,0.6831653714179993,0.6865869760513306,0.8206586837768555,0.050697922706604004,0.6831653714179993,0.001999808242544532
1,128,transformer.h.2.mlp.c_proj.weight,transformer.h.2.mlp.c_proj.weight,"[384, 1024]",fixed_4,4,0.7407122850418091,0.010362977162003517,0.018036719411611557,0.5697413086891174,0.5872001051902771,0.7407122850418091,0.07464516162872314,0.5697413086891174,0.0019357717828825116
1,128,transformer.h.2.mlp.c_proj.weight,transformer.h.2.mlp.c_proj.weight,"[384, 1024]",fixed_8,8,0.634706974029541,0.006169458385556936,0.018036719411611557,0.4202755391597748,0.43918684124946594,0.634706974029541,0.1094009280204773,0.4202755391597748,0.0019535068422555923
1,128,transformer.h.2.mlp.c_proj.weight,transformer.h.2.mlp.c_proj.weight,"[384, 1024]",fixed_16,16,0.5094558596611023,0.005068713333457708,0.018036719411611557,0.31302082538604736,0.3300955295562744,0.5094558596611023,0.14485973119735718,0.31302082538604736,0.0019359076395630836
1,128,transformer.h.2.mlp.c_proj.weight,transformer.h.2.mlp.c_proj.weight,"[384, 1024]",energy_25,2,0.8206586837768555,0.011748436838388443,0.018036719411611557,0.6831653714179993,0.6865869760513306,0.8206586837768555,0.050697922706604004,0.6831653714179993,0.001999808242544532
1,128,transformer.h.2.mlp.c_proj.weight,transformer.h.2.mlp.c_proj.weight,"[384, 1024]",energy_50,6,0.6832959055900574,0.007061425596475601,0.018036719411611557,0.4931328296661377,0.5135790705680847,0.6832959055900574,0.09259927272796631,0.4931328296661377,0.002093343995511532
1,128,transformer.h.2.mlp.c_proj.weight,transformer.h.2.mlp.c_proj.weight,"[384, 1024]",energy_75,17,0.49858441948890686,0.004973274655640125,0.018036719411611557,0.30482375621795654,0.3193473815917969,0.49858441948890686,0.14764875173568726,0.30482375621795654,0.0020453811157494783
1,128,transformer.h.2.mlp.c_proj.weight,transformer.h.2.mlp.c_proj.weight,"[384, 1024]",energy_90,55,0.3153820335865021,0.0021109399385750294,0.018036719411611557,0.16243408620357513,0.17057180404663086,0.3153820335865021,0.19470924139022827,0.16243408620357513,0.0019152574241161346
1,128,transformer.h.3.attn.c_attn.weight,transformer.h.3.attn.c_attn.weight,"[1152, 384]",fixed_1,1,0.7231677174568176,0.0023843187373131514,0.0038314040284603834,0.6783220171928406,0.6266828775405884,0.7231677174568176,0.06560182571411133,0.6783220171928406,0.8144035935401917
1,128,transformer.h.3.attn.c_attn.weight,transformer.h.3.attn.c_attn.weight,"[1152, 384]",fixed_2,2,0.6346470713615417,0.001988442847505212,0.0038314040284603834,0.566676139831543,0.57611083984375,0.6346470713615417,0.10723042488098145,0.566676139831543,0.8122020363807678
1,128,transformer.h.3.attn.c_attn.weight,transformer.h.3.attn.c_attn.weight,"[1152, 384]",fixed_4,4,0.5339298844337463,0.0015472392551600933,0.0038314040284603834,0.48149004578590393,0.5419923663139343,0.5339298844337463,0.14735645055770874,0.48149004578590393,0.8147872686386108
1,128,transformer.h.3.attn.c_attn.weight,transformer.h.3.attn.c_attn.weight,"[1152, 384]",fixed_8,8,0.4239019751548767,0.0011707859812304378,0.0038314040284603834,0.3839874267578125,0.5180639624595642,0.4239019751548767,0.21330857276916504,0.3839874267578125,0.8093240857124329
1,128,transformer.h.3.attn.c_attn.weight,transformer.h.3.attn.c_attn.weight,"[1152, 384]",fixed_16,16,0.3162524998188019,0.000871163560077548,0.0038314040284603834,0.2922784686088562,0.47113630175590515,0.3162524998188019,0.291609525680542,0.2922784686088562,0.8111947774887085
1,128,transformer.h.3.attn.c_attn.weight,transformer.h.3.attn.c_attn.weight,"[1152, 384]",energy_25,1,0.7231677174568176,0.0023843187373131514,0.0038314040284603834,0.6783220171928406,0.6266828775405884,0.7231677174568176,0.06560182571411133,0.6783220171928406,0.8144035935401917
1,128,transformer.h.3.attn.c_attn.weight,transformer.h.3.attn.c_attn.weight,"[1152, 384]",energy_50,2,0.6346470713615417,0.001988442847505212,0.0038314040284603834,0.566676139831543,0.57611083984375,0.6346470713615417,0.10723042488098145,0.566676139831543,0.8122020363807678
1,128,transformer.h.3.attn.c_attn.weight,transformer.h.3.attn.c_attn.weight,"[1152, 384]",energy_75,5,0.4981408715248108,0.0015034542884677649,0.0038314040284603834,0.45063304901123047,0.5329475998878479,0.4981408715248108,0.16259753704071045,0.45063304901123047,0.8168420791625977
1,128,transformer.h.3.attn.c_attn.weight,transformer.h.3.attn.c_attn.weight,"[1152, 384]",energy_90,17,0.30641287565231323,0.0008135136449709535,0.0038314040284603834,0.28010594844818115,0.44660088419914246,0.30641287565231323,0.3022969365119934,0.28010594844818115,0.8042135238647461
1,128,transformer.h.3.attn.c_proj.weight,transformer.h.3.attn.c_proj.weight,"[384, 384]",fixed_1,1,0.7232545614242554,0.008081777952611446,0.015714749693870544,0.6268364191055298,0.6396750807762146,0.7232545614242554,0.0804148018360138,0.6268364191055298,0.8364120125770569
1,128,transformer.h.3.attn.c_proj.weight,transformer.h.3.attn.c_proj.weight,"[384, 384]",fixed_2,2,0.6397812366485596,0.005685050506144762,0.015714749693870544,0.5500468611717224,0.5704461932182312,0.6397812366485596,0.10516801476478577,0.5500468611717224,0.837026059627533
1,128,transformer.h.3.attn.c_proj.weight,transformer.h.3.attn.c_proj.weight,"[384, 384]",fixed_4,4,0.5422673225402832,0.0050119333900511265,0.015714749693870544,0.4749518632888794,0.4987049698829651,0.5422673225402832,0.14641079306602478,0.4749518632888794,0.8386692404747009
1,128,transformer.h.3.attn.c_proj.weight,transformer.h.3.attn.c_proj.weight,"[384, 384]",fixed_8,8,0.43239179253578186,0.004095029551535845,0.015714749693870544,0.3729555308818817,0.38329756259918213,0.43239179253578186,0.20871779322624207,0.3729555308818817,0.8365734815597534
1,128,transformer.h.3.attn.c_proj.weight,transformer.h.3.attn.c_proj.weight,"[384, 384]",fixed_16,16,0.3213143050670624,0.0029419944621622562,0.015714749693870544,0.2733459770679474,0.2804560959339142,0.3213143050670624,0.2940881550312042,0.2733459770679474,0.842754602432251
1,128,transformer.h.3.attn.c_proj.weight,transformer.h.3.attn.c_proj.weight,"[384, 384]",energy_25,1,0.7232545614242554,0.008081777952611446,0.015714749693870544,0.6268364191055298,0.6396750807762146,0.7232545614242554,0.0804148018360138,0.6268364191055298,0.8364120125770569
1,128,transformer.h.3.attn.c_proj.weight,transformer.h.3.attn.c_proj.weight,"[384, 384]",energy_50,2,0.6397812366485596,0.005685050506144762,0.015714749693870544,0.5500468611717224,0.5704461932182312,0.6397812366485596,0.10516801476478577,0.5500468611717224,0.837026059627533
1,128,transformer.h.3.attn.c_proj.weight,transformer.h.3.attn.c_proj.weight,"[384, 384]",energy_75,6,0.47381529211997986,0.004402116406708956,0.015714749693870544,0.4084372818470001,0.4197753667831421,0.47381529211997986,0.18290188908576965,0.4084372818470001,0.8365693688392639
1,128,transformer.h.3.attn.c_proj.weight,transformer.h.3.attn.c_proj.weight,"[384, 384]",energy_90,17,0.3117559254169464,0.002849188633263111,0.015714749693870544,0.26808425784111023,0.27438247203826904,0.3117559254169464,0.2998230755329132,0.26808425784111023,0.8379296660423279
1,128,transformer.h.3.mlp.w1.weight,transformer.h.3.mlp.w1.weight,"[1024, 384]",fixed_1,1,0.7774959802627563,0.0026700710877776146,0.00412442721426487,0.7764908075332642,0.7612868547439575,0.7774959802627563,0.05223345756530762,0.7764908075332642,0.13996198773384094
1,128,transformer.h.3.mlp.w1.weight,transformer.h.3.mlp.w1.weight,"[1024, 384]",fixed_2,2,0.702813446521759,0.002564583905041218,0.00412442721426487,0.6990330219268799,0.6735060214996338,0.702813446521759,0.07275140285491943,0.6990330219268799,0.13902686536312103
1,128,transformer.h.3.mlp.w1.weight,transformer.h.3.mlp.w1.weight,"[1024, 384]",fixed_4,4,0.6229197382926941,0.0020166237372905016,0.00412442721426487,0.6069812178611755,0.6000972986221313,0.6229197382926941,0.09648728370666504,0.6069812178611755,0.13907980918884277
1,128,transformer.h.3.mlp.w1.weight,transformer.h.3.mlp.w1.weight,"[1024, 384]",fixed_8,8,0.5322778820991516,0.001503306208178401,0.00412442721426487,0.504400372505188,0.5133612155914307,0.5322778820991516,0.12469631433486938,0.504400372505188,0.13895316421985626
1,128,transformer.h.3.mlp.w1.weight,transformer.h.3.mlp.w1.weight,"[1024, 384]",fixed_16,16,0.4253592789173126,0.0010201637633144855,0.00412442721426487,0.3937062621116638,0.4037652909755707,0.4253592789173126,0.15751057863235474,0.3937062621116638,0.13802814483642578
1,128,transformer.h.3.mlp.w1.weight,transformer.h.3.mlp.w1.weight,"[1024, 384]",energy_25,1,0.7774959802627563,0.0026700710877776146,0.00412442721426487,0.7764908075332642,0.7612868547439575,0.7774959802627563,0.05223345756530762,0.7764908075332642,0.13996198773384094
1,128,transformer.h.3.mlp.w1.weight,transformer.h.3.mlp.w1.weight,"[1024, 384]",energy_50,2,0.702813446521759,0.002564583905041218,0.00412442721426487,0.6990330219268799,0.6735060214996338,0.702813446521759,0.07275140285491943,0.6990330219268799,0.13902686536312103
1,128,transformer.h.3.mlp.w1.weight,transformer.h.3.mlp.w1.weight,"[1024, 384]",energy_75,10,0.4992981553077698,0.0012379566906020045,0.00412442721426487,0.467148095369339,0.471037358045578,0.4992981553077698,0.13374096155166626,0.467148095369339,0.1372654139995575
1,128,transformer.h.3.mlp.w1.weight,transformer.h.3.mlp.w1.weight,"[1024, 384]",energy_90,36,0.3160911500453949,0.0006467190105468035,0.00412442721426487,0.2825283706188202,0.3049386441707611,0.3160911500453949,0.1888960599899292,0.2825283706188202,0.13650472462177277
1,128,transformer.h.3.mlp.w2.weight,transformer.h.3.mlp.w2.weight,"[1024, 384]",fixed_1,1,0.7754920125007629,0.0022474615834653378,0.0037129721604287624,0.7693123817443848,0.849132776260376,0.7754920125007629,0.052881062030792236,0.7693123817443848,0.1456136405467987
1,128,transformer.h.3.mlp.w2.weight,transformer.h.3.mlp.w2.weight,"[1024, 384]",fixed_2,2,0.7099426984786987,0.002229967387393117,0.0037129721604287624,0.7043911218643188,0.7345449328422546,0.7099426984786987,0.07014322280883789,0.7043911218643188,0.14745284616947174
1,128,transformer.h.3.mlp.w2.weight,transformer.h.3.mlp.w2.weight,"[1024, 384]",fixed_4,4,0.627196729183197,0.0018064999021589756,0.0037129721604287624,0.6113315224647522,0.6522007584571838,0.627196729183197,0.09438341856002808,0.6113315224647522,0.14822708070278168
1,128,transformer.h.3.mlp.w2.weight,transformer.h.3.mlp.w2.weight,"[1024, 384]",fixed_8,8,0.534572958946228,0.0013166435528546572,0.0037129721604287624,0.5163688659667969,0.5733091235160828,0.534572958946228,0.12153017520904541,0.5163688659667969,0.1455603390932083
1,128,transformer.h.3.mlp.w2.weight,transformer.h.3.mlp.w2.weight,"[1024, 384]",fixed_16,16,0.42533668875694275,0.00099107064306736,0.0037129721604287624,0.3996027708053589,0.4508656859397888,0.42533668875694275,0.15637028217315674,0.3996027708053589,0.14384257793426514
1,128,transformer.h.3.mlp.w2.weight,transformer.h.3.mlp.w2.weight,"[1024, 384]",energy_25,1,0.7754920125007629,0.0022474615834653378,0.0037129721604287624,0.7693123817443848,0.849132776260376,0.7754920125007629,0.052881062030792236,0.7693123817443848,0.1456136405467987
1,128,transformer.h.3.mlp.w2.weight,transformer.h.3.mlp.w2.weight,"[1024, 384]",energy_50,3,0.661755383014679,0.0020500882528722286,0.0037129721604287624,0.6474448442459106,0.6716735363006592,0.661755383014679,0.08475172519683838,0.6474448442459106,0.14772239327430725
1,128,transformer.h.3.mlp.w2.weight,transformer.h.3.mlp.w2.weight,"[1024, 384]",energy_75,10,0.4993632137775421,0.0012831579660996795,0.0037129721604287624,0.4823056161403656,0.533079206943512,0.4993632137775421,0.13184845447540283,0.4823056161403656,0.1437368243932724
1,128,transformer.h.3.mlp.w2.weight,transformer.h.3.mlp.w2.weight,"[1024, 384]",energy_90,36,0.3152458965778351,0.0005859459051862359,0.0037129721604287624,0.2816941738128662,0.31679239869117737,0.3152458965778351,0.19064432382583618,0.2816941738128662,0.14229299128055573
1,128,transformer.h.3.mlp.c_proj.weight,transformer.h.3.mlp.c_proj.weight,"[384, 1024]",fixed_1,1,0.8717555999755859,0.01183630246669054,0.015514049679040909,0.8145244717597961,0.8319664001464844,0.8717555999755859,0.03221482038497925,0.8145244717597961,0.03494541347026825
1,128,transformer.h.3.mlp.c_proj.weight,transformer.h.3.mlp.c_proj.weight,"[384, 1024]",fixed_2,2,0.7982790470123291,0.009818123653531075,0.015514049679040909,0.6983941793441772,0.6946708559989929,0.7982790470123291,0.05461108684539795,0.6983941793441772,0.03483863174915314
1,128,transformer.h.3.mlp.c_proj.weight,transformer.h.3.mlp.c_proj.weight,"[384, 1024]",fixed_4,4,0.7116296887397766,0.007781753316521645,0.015514049679040909,0.5386428833007812,0.533453643321991,0.7116296887397766,0.08685660362243652,0.5386428833007812,0.03446835279464722
1,128,transformer.h.3.mlp.c_proj.weight,transformer.h.3.mlp.c_proj.weight,"[384, 1024]",fixed_8,8,0.5929240584373474,0.005200875923037529,0.015514049679040909,0.4128877818584442,0.4138811528682709,0.5929240584373474,0.12280088663101196,0.4128877818584442,0.034069180488586426
1,128,transformer.h.3.mlp.c_proj.weight,transformer.h.3.mlp.c_proj.weight,"[384, 1024]",fixed_16,16,0.4742017984390259,0.004242120310664177,0.015514049679040909,0.30865639448165894,0.3132849931716919,0.4742017984390259,0.15995752811431885,0.30865639448165894,0.03471696749329567
1,128,transformer.h.3.mlp.c_proj.weight,transformer.h.3.mlp.c_proj.weight,"[384, 1024]",energy_25,2,0.7982790470123291,0.009818123653531075,0.015514049679040909,0.6983941793441772,0.6946708559989929,0.7982790470123291,0.05461108684539795,0.6983941793441772,0.03483863174915314
1,128,transformer.h.3.mlp.c_proj.weight,transformer.h.3.mlp.c_proj.weight,"[384, 1024]",energy_50,5,0.6743223071098328,0.0074107712134718895,0.015514049679040909,0.4945235252380371,0.5014865398406982,0.6743223071098328,0.09749114513397217,0.4945235252380371,0.034252285957336426
1,128,transformer.h.3.mlp.c_proj.weight,transformer.h.3.mlp.c_proj.weight,"[384, 1024]",energy_75,14,0.4952566921710968,0.004117694683372974,0.015514049679040909,0.32445743680000305,0.32563555240631104,0.4952566921710968,0.1534598469734192,0.32445743680000305,0.03499706834554672
1,128,transformer.h.3.mlp.c_proj.weight,transformer.h.3.mlp.c_proj.weight,"[384, 1024]",energy_90,47,0.3148006498813629,0.001838762080296874,0.015514049679040909,0.17089799046516418,0.17418061196804047,0.3148006498813629,0.2092965841293335,0.17089799046516418,0.03405272960662842
1,128,transformer.h.4.attn.c_attn.weight,transformer.h.4.attn.c_attn.weight,"[1152, 384]",fixed_1,1,0.6419812440872192,0.0021252145525068045,0.004601897671818733,0.565674364566803,0.6459338665008545,0.6419812440872192,0.09564864635467529,0.565674364566803,0.8278021216392517
1,128,transformer.h.4.attn.c_attn.weight,transformer.h.4.attn.c_attn.weight,"[1152, 384]",fixed_2,2,0.5562936067581177,0.0017441872041672468,0.004601897671818733,0.4870941638946533,0.6197836399078369,0.5562936067581177,0.13139265775680542,0.4870941638946533,0.8250312805175781
1,128,transformer.h.4.attn.c_attn.weight,transformer.h.4.attn.c_attn.weight,"[1152, 384]",fixed_4,4,0.4599427878856659,0.0014061706606298685,0.004601897671818733,0.40675607323646545,0.5713840126991272,0.4599427878856659,0.17977595329284668,0.40675607323646545,0.8283306956291199
1,128,transformer.h.4.attn.c_attn.weight,transformer.h.4.attn.c_attn.weight,"[1152, 384]",fixed_8,8,0.36219483613967896,0.0012601304333657026,0.004601897671818733,0.3209450840950012,0.5442425608634949,0.36219483613967896,0.2516223192214966,0.3209450840950012,0.8264474868774414
1,128,transformer.h.4.attn.c_attn.weight,transformer.h.4.attn.c_attn.weight,"[1152, 384]",fixed_16,16,0.2645995616912842,0.0007547141867689788,0.004601897671818733,0.23932836949825287,0.4894448518753052,0.2645995616912842,0.3405534625053406,0.23932836949825287,0.8237188458442688
1,128,transformer.h.4.attn.c_attn.weight,transformer.h.4.attn.c_attn.weight,"[1152, 384]",energy_25,1,0.6419812440872192,0.0021252145525068045,0.004601897671818733,0.565674364566803,0.6459338665008545,0.6419812440872192,0.09564864635467529,0.565674364566803,0.8278021216392517
1,128,transformer.h.4.attn.c_attn.weight,transformer.h.4.attn.c_attn.weight,"[1152, 384]",energy_50,1,0.6419812440872192,0.0021252145525068045,0.004601897671818733,0.565674364566803,0.6459338665008545,0.6419812440872192,0.09564864635467529,0.565674364566803,0.8278021216392517
1,128,transformer.h.4.attn.c_attn.weight,transformer.h.4.attn.c_attn.weight,"[1152, 384]",energy_75,4,0.4599427878856659,0.0014061706606298685,0.004601897671818733,0.40675607323646545,0.5713840126991272,0.4599427878856659,0.17977595329284668,0.40675607323646545,0.8283306956291199
1,128,transformer.h.4.attn.c_attn.weight,transformer.h.4.attn.c_attn.weight,"[1152, 384]",energy_90,12,0.3047633767127991,0.0009431929793208838,0.004601897671818733,0.2767232358455658,0.5112613439559937,0.3047633767127991,0.2987375259399414,0.2767232358455658,0.8266558647155762
1,128,transformer.h.4.attn.c_proj.weight,transformer.h.4.attn.c_proj.weight,"[384, 384]",fixed_1,1,0.6806638240814209,0.006467491388320923,0.012456005439162254,0.615005612373352,0.6226344704627991,0.6806638240814209,0.08456695079803467,0.615005612373352,0.87151038646698
1,128,transformer.h.4.attn.c_proj.weight,transformer.h.4.attn.c_proj.weight,"[384, 384]",fixed_2,2,0.609049916267395,0.006195686291903257,0.012456005439162254,0.5523929595947266,0.5642691850662231,0.609049916267395,0.10898399353027344,0.5523929595947266,0.8715658783912659
1,128,transformer.h.4.attn.c_proj.weight,transformer.h.4.attn.c_proj.weight,"[384, 384]",fixed_4,4,0.5054073929786682,0.005029626190662384,0.012456005439162254,0.44019636511802673,0.4334491193294525,0.5054073929786682,0.16169780492782593,0.44019636511802673,0.8721433877944946
1,128,transformer.h.4.attn.c_proj.weight,transformer.h.4.attn.c_proj.weight,"[384, 384]",fixed_8,8,0.40088674426078796,0.0036018677055835724,0.012456005439162254,0.35203617811203003,0.3563450276851654,0.40088674426078796,0.2257665991783142,0.35203617811203003,0.8711302280426025
1,128,transformer.h.4.attn.c_proj.weight,transformer.h.4.attn.c_proj.weight,"[384, 384]",fixed_16,16,0.2944984436035156,0.0026414706371724606,0.012456005439162254,0.24847634136676788,0.25410276651382446,0.2944984436035156,0.3189743161201477,0.24847634136676788,0.8683243989944458
1,128,transformer.h.4.attn.c_proj.weight,transformer.h.4.attn.c_proj.weight,"[384, 384]",energy_25,1,0.6806638240814209,0.006467491388320923,0.012456005439162254,0.615005612373352,0.6226344704627991,0.6806638240814209,0.08456695079803467,0.615005612373352,0.87151038646698
1,128,transformer.h.4.attn.c_proj.weight,transformer.h.4.attn.c_proj.weight,"[384, 384]",energy_50,1,0.6806638240814209,0.006467491388320923,0.012456005439162254,0.615005612373352,0.6226344704627991,0.6806638240814209,0.08456695079803467,0.615005612373352,0.87151038646698
1,128,transformer.h.4.attn.c_proj.weight,transformer.h.4.attn.c_proj.weight,"[384, 384]",energy_75,5,0.4739780128002167,0.004457942210137844,0.012456005439162254,0.40757647156715393,0.4108676612377167,0.4739780128002167,0.17794269323349,0.40757647156715393,0.8681331276893616
1,128,transformer.h.4.attn.c_proj.weight,transformer.h.4.attn.c_proj.weight,"[384, 384]",energy_90,14,0.3138194680213928,0.0029524187557399273,0.012456005439162254,0.26648426055908203,0.2701144218444824,0.3138194680213928,0.29923105239868164,0.26648426055908203,0.8748738765716553
1,128,transformer.h.4.mlp.w1.weight,transformer.h.4.mlp.w1.weight,"[1024, 384]",fixed_1,1,0.737372100353241,0.0037381132133305073,0.009119169786572456,0.7000678181648254,0.7341439127922058,0.737372100353241,0.06575441360473633,0.7000678181648254,0.2278597503900528
1,128,transformer.h.4.mlp.w1.weight,transformer.h.4.mlp.w1.weight,"[1024, 384]",fixed_2,2,0.646519660949707,0.0020612385123968124,0.009119169786572456,0.6163287162780762,0.6565751433372498,0.646519660949707,0.09122598171234131,0.6163287162780762,0.2253635674715042
1,128,transformer.h.4.mlp.w1.weight,transformer.h.4.mlp.w1.weight,"[1024, 384]",fixed_4,4,0.5643447637557983,0.001769323367625475,0.009119169786572456,0.541511595249176,0.595506489276886,0.5643447637557983,0.1174892783164978,0.541511595249176,0.22583162784576416
1,128,transformer.h.4.mlp.w1.weight,transformer.h.4.mlp.w1.weight,"[1024, 384]",fixed_8,8,0.4794633388519287,0.0013771785888820887,0.009119169786572456,0.43984633684158325,0.48889273405075073,0.4794633388519287,0.15208393335342407,0.43984633684158325,0.22380433976650238
1,128,transformer.h.4.mlp.w1.weight,transformer.h.4.mlp.w1.weight,"[1024, 384]",fixed_16,16,0.38202932476997375,0.0009810785995796323,0.009119169786572456,0.3452546298503876,0.37932905554771423,0.38202932476997375,0.18949919939041138,0.3452546298503876,0.2237502783536911
1,128,transformer.h.4.mlp.w1.weight,transformer.h.4.mlp.w1.weight,"[1024, 384]",energy_25,1,0.737372100353241,0.0037381132133305073,0.009119169786572456,0.7000678181648254,0.7341439127922058,0.737372100353241,0.06575441360473633,0.7000678181648254,0.2278597503900528
1,128,transformer.h.4.mlp.w1.weight,transformer.h.4.mlp.w1.weight,"[1024, 384]",energy_50,2,0.646519660949707,0.0020612385123968124,0.009119169786572456,0.6163287162780762,0.6565751433372498,0.646519660949707,0.09122598171234131,0.6163287162780762,0.2253635674715042
1,128,transformer.h.4.mlp.w1.weight,transformer.h.4.mlp.w1.weight,"[1024, 384]",energy_75,7,0.49750807881355286,0.0016297682886943221,0.009119169786572456,0.46042680740356445,0.5054250955581665,0.49750807881355286,0.1443430781364441,0.46042680740356445,0.22381485998630524
1,128,transformer.h.4.mlp.w1.weight,transformer.h.4.mlp.w1.weight,"[1024, 384]",energy_90,27,0.312543660402298,0.0006284075207076967,0.009119169786572456,0.27564799785614014,0.31923460960388184,0.312543660402298,0.21522539854049683,0.27564799785614014,0.22271260619163513
1,128,transformer.h.4.mlp.w2.weight,transformer.h.4.mlp.w2.weight,"[1024, 384]",fixed_1,1,0.7465154528617859,0.002668140223249793,0.00789155438542366,0.7121204137802124,0.7694665789604187,0.7465154528617859,0.062441885471343994,0.7121204137802124,0.22539328038692474
1,128,transformer.h.4.mlp.w2.weight,transformer.h.4.mlp.w2.weight,"[1024, 384]",fixed_2,2,0.6626578569412231,0.002228508237749338,0.00789155438542366,0.6437084078788757,0.6831440329551697,0.6626578569412231,0.08592408895492554,0.6437084078788757,0.22513039410114288
1,128,transformer.h.4.mlp.w2.weight,transformer.h.4.mlp.w2.weight,"[1024, 384]",fixed_4,4,0.581921398639679,0.0016981229418888688,0.00789155438542366,0.5541926026344299,0.6058467030525208,0.581921398639679,0.11296266317367554,0.5541926026344299,0.2202482372522354
1,128,transformer.h.4.mlp.w2.weight,transformer.h.4.mlp.w2.weight,"[1024, 384]",fixed_8,8,0.49326223134994507,0.0014244933845475316,0.00789155438542366,0.4597146511077881,0.5016056299209595,0.49326223134994507,0.14598000049591064,0.4597146511077881,0.22165079414844513
1,128,transformer.h.4.mlp.w2.weight,transformer.h.4.mlp.w2.weight,"[1024, 384]",fixed_16,16,0.39216870069503784,0.0009707723511382937,0.00789155438542366,0.3604235351085663,0.3982117474079132,0.39216870069503784,0.18245536088943481,0.3604235351085663,0.22269731760025024
1,128,transformer.h.4.mlp.w2.weight,transformer.h.4.mlp.w2.weight,"[1024, 384]",energy_25,1,0.7465154528617859,0.002668140223249793,0.00789155438542366,0.7121204137802124,0.7694665789604187,0.7465154528617859,0.062441885471343994,0.7121204137802124,0.22539328038692474
1,128,transformer.h.4.mlp.w2.weight,transformer.h.4.mlp.w2.weight,"[1024, 384]",energy_50,2,0.6626578569412231,0.002228508237749338,0.00789155438542366,0.6437084078788757,0.6831440329551697,0.6626578569412231,0.08592408895492554,0.6437084078788757,0.22513039410114288
1,128,transformer.h.4.mlp.w2.weight,transformer.h.4.mlp.w2.weight,"[1024, 384]",energy_75,8,0.49326223134994507,0.0014244933845475316,0.00789155438542366,0.4597146511077881,0.5016056299209595,0.49326223134994507,0.14598000049591064,0.4597146511077881,0.22165079414844513
1,128,transformer.h.4.mlp.w2.weight,transformer.h.4.mlp.w2.weight,"[1024, 384]",energy_90,28,0.3160663843154907,0.000680993078276515,0.00789155438542366,0.28843259811401367,0.3191497325897217,0.3160663843154907,0.2120799422264099,0.28843259811401367,0.2192864865064621
1,128,transformer.h.4.mlp.c_proj.weight,transformer.h.4.mlp.c_proj.weight,"[384, 1024]",fixed_1,1,0.8001524209976196,0.00939393974840641,0.016907619312405586,0.5953729152679443,0.6094635725021362,0.8001524209976196,0.059567034244537354,0.5953729152679443,0.11302492022514343
1,128,transformer.h.4.mlp.c_proj.weight,transformer.h.4.mlp.c_proj.weight,"[384, 1024]",fixed_2,2,0.7371335625648499,0.009131740778684616,0.016907619312405586,0.5162364840507507,0.5384246706962585,0.7371335625648499,0.0781254768371582,0.5162364840507507,0.11235623806715012
1,128,transformer.h.4.mlp.c_proj.weight,transformer.h.4.mlp.c_proj.weight,"[384, 1024]",fixed_4,4,0.646274745464325,0.006369761656969786,0.016907619312405586,0.41210421919822693,0.4299564063549042,0.646274745464325,0.11048799753189087,0.41210421919822693,0.11099117994308472
1,128,transformer.h.4.mlp.c_proj.weight,transformer.h.4.mlp.c_proj.weight,"[384, 1024]",fixed_8,8,0.5444072484970093,0.004811829887330532,0.016907619312405586,0.32651281356811523,0.33994820713996887,0.5444072484970093,0.1465887427330017,0.32651281356811523,0.1120007336139679
1,128,transformer.h.4.mlp.c_proj.weight,transformer.h.4.mlp.c_proj.weight,"[384, 1024]",fixed_16,16,0.4322204887866974,0.0033567161299288273,0.016907619312405586,0.23806263506412506,0.24792052805423737,0.4322204887866974,0.18761003017425537,0.23806263506412506,0.1114506646990776
1,128,transformer.h.4.mlp.c_proj.weight,transformer.h.4.mlp.c_proj.weight,"[384, 1024]",energy_25,1,0.8001524209976196,0.00939393974840641,0.016907619312405586,0.5953729152679443,0.6094635725021362,0.8001524209976196,0.059567034244537354,0.5953729152679443,0.11302492022514343
1,128,transformer.h.4.mlp.c_proj.weight,transformer.h.4.mlp.c_proj.weight,"[384, 1024]",energy_50,3,0.6863629817962646,0.009160908870398998,0.016907619312405586,0.4648202657699585,0.4844399392604828,0.6863629817962646,0.09542173147201538,0.4648202657699585,0.11132869124412537
1,128,transformer.h.4.mlp.c_proj.weight,transformer.h.4.mlp.c_proj.weight,"[384, 1024]",energy_75,11,0.4920743405818939,0.004292943514883518,0.016907619312405586,0.28510987758636475,0.29438549280166626,0.4920743405818939,0.165749192237854,0.28510987758636475,0.11282489448785782
1,128,transformer.h.4.mlp.c_proj.weight,transformer.h.4.mlp.c_proj.weight,"[384, 1024]",energy_90,37,0.314507395029068,0.0020472207106649876,0.016907619312405586,0.1535957157611847,0.16156548261642456,0.314507395029068,0.22938281297683716,0.1535957157611847,0.11121624708175659
1,128,transformer.h.5.attn.c_attn.weight,transformer.h.5.attn.c_attn.weight,"[1152, 384]",fixed_1,1,0.5468870401382446,0.0021633494179695845,0.005690975114703178,0.46568936109542847,0.7520238161087036,0.5468870401382446,0.1282006800174713,0.46568936109542847,0.8291525840759277
1,128,transformer.h.5.attn.c_attn.weight,transformer.h.5.attn.c_attn.weight,"[1152, 384]",fixed_2,2,0.47415217757225037,0.0018059243448078632,0.005690975114703178,0.4014205038547516,0.7179596424102783,0.47415217757225037,0.1681402623653412,0.4014205038547516,0.8347232937812805
1,128,transformer.h.5.attn.c_attn.weight,transformer.h.5.attn.c_attn.weight,"[1152, 384]",fixed_4,4,0.39770805835723877,0.0015101453755050898,0.005690975114703178,0.3497537076473236,0.6781431436538696,0.39770805835723877,0.21078917384147644,0.3497537076473236,0.8336049318313599
1,128,transformer.h.5.attn.c_attn.weight,transformer.h.5.attn.c_attn.weight,"[1152, 384]",fixed_8,8,0.312600702047348,0.0010016963351517916,0.005690975114703178,0.2668846547603607,0.6227173209190369,0.312600702047348,0.2883615791797638,0.2668846547603607,0.8341947793960571
1,128,transformer.h.5.attn.c_attn.weight,transformer.h.5.attn.c_attn.weight,"[1152, 384]",fixed_16,16,0.22418156266212463,0.0006996826268732548,0.005690975114703178,0.19550010561943054,0.5772082805633545,0.22418156266212463,0.3826986253261566,0.19550010561943054,0.8241697549819946
1,128,transformer.h.5.attn.c_attn.weight,transformer.h.5.attn.c_attn.weight,"[1152, 384]",energy_25,1,0.5468870401382446,0.0021633494179695845,0.005690975114703178,0.46568936109542847,0.7520238161087036,0.5468870401382446,0.1282006800174713,0.46568936109542847,0.8291525840759277
1,128,transformer.h.5.attn.c_attn.weight,transformer.h.5.attn.c_attn.weight,"[1152, 384]",energy_50,1,0.5468870401382446,0.0021633494179695845,0.005690975114703178,0.46568936109542847,0.7520238161087036,0.5468870401382446,0.1282006800174713,0.46568936109542847,0.8291525840759277
1,128,transformer.h.5.attn.c_attn.weight,transformer.h.5.attn.c_attn.weight,"[1152, 384]",energy_75,2,0.47415217757225037,0.0018059243448078632,0.005690975114703178,0.4014205038547516,0.7179596424102783,0.47415217757225037,0.1681402623653412,0.4014205038547516,0.8347232937812805
1,128,transformer.h.5.attn.c_attn.weight,transformer.h.5.attn.c_attn.weight,"[1152, 384]",energy_90,8,0.312600702047348,0.0010016963351517916,0.005690975114703178,0.2668846547603607,0.6227173209190369,0.312600702047348,0.2883615791797638,0.2668846547603607,0.8341947793960571
1,128,transformer.h.5.attn.c_proj.weight,transformer.h.5.attn.c_proj.weight,"[384, 384]",fixed_1,1,0.5556718111038208,0.006759352050721645,0.016959136351943016,0.4667038917541504,0.48375070095062256,0.5556718111038208,0.13095635175704956,0.4667038917541504,0.8998367190361023
1,128,transformer.h.5.attn.c_proj.weight,transformer.h.5.attn.c_proj.weight,"[384, 384]",fixed_2,2,0.4851425886154175,0.005854500457644463,0.016959136351943016,0.40314510464668274,0.40918001532554626,0.4851425886154175,0.16605639457702637,0.40314510464668274,0.8976125121116638
1,128,transformer.h.5.attn.c_proj.weight,transformer.h.5.attn.c_proj.weight,"[384, 384]",fixed_4,4,0.40239161252975464,0.004568989388644695,0.016959136351943016,0.3303886353969574,0.3420194685459137,0.40239161252975464,0.2193569540977478,0.3303886353969574,0.8987897634506226
1,128,transformer.h.5.attn.c_proj.weight,transformer.h.5.attn.c_proj.weight,"[384, 384]",fixed_8,8,0.32131093740463257,0.0038726814091205597,0.016959136351943016,0.2643553912639618,0.27835437655448914,0.32131093740463257,0.28810393810272217,0.2643553912639618,0.8936941623687744
1,128,transformer.h.5.attn.c_proj.weight,transformer.h.5.attn.c_proj.weight,"[384, 384]",fixed_16,16,0.23248247802257538,0.0025459108874201775,0.016959136351943016,0.18308468163013458,0.18924744427204132,0.23248247802257538,0.38606542348861694,0.18308468163013458,0.8991894125938416
1,128,transformer.h.5.attn.c_proj.weight,transformer.h.5.attn.c_proj.weight,"[384, 384]",energy_25,1,0.5556718111038208,0.006759352050721645,0.016959136351943016,0.4667038917541504,0.48375070095062256,0.5556718111038208,0.13095635175704956,0.4667038917541504,0.8998367190361023
1,128,transformer.h.5.attn.c_proj.weight,transformer.h.5.attn.c_proj.weight,"[384, 384]",energy_50,1,0.5556718111038208,0.006759352050721645,0.016959136351943016,0.4667038917541504,0.48375070095062256,0.5556718111038208,0.13095635175704956,0.4667038917541504,0.8998367190361023
1,128,transformer.h.5.attn.c_proj.weight,transformer.h.5.attn.c_proj.weight,"[384, 384]",energy_75,2,0.4851425886154175,0.005854500457644463,0.016959136351943016,0.40314510464668274,0.40918001532554626,0.4851425886154175,0.16605639457702637,0.40314510464668274,0.8976125121116638
1,128,transformer.h.5.attn.c_proj.weight,transformer.h.5.attn.c_proj.weight,"[384, 384]",energy_90,9,0.3059196472167969,0.003701990470290184,0.016959136351943016,0.24720211327075958,0.2554709017276764,0.3059196472167969,0.3082613945007324,0.24720211327075958,0.8989580869674683
1,128,transformer.h.5.mlp.w1.weight,transformer.h.5.mlp.w1.weight,"[1024, 384]",fixed_1,1,0.7653433680534363,0.0018461846048012376,0.002949090674519539,0.7536583542823792,0.7789490222930908,0.7653433680534363,0.05944550037384033,0.7536583542823792,0.2104446291923523
1,128,transformer.h.5.mlp.w1.weight,transformer.h.5.mlp.w1.weight,"[1024, 384]",fixed_2,2,0.6746413707733154,0.0019658529199659824,0.002949090674519539,0.6646573543548584,0.685266375541687,0.6746413707733154,0.08654153347015381,0.6646573543548584,0.21008723974227905
1,128,transformer.h.5.mlp.w1.weight,transformer.h.5.mlp.w1.weight,"[1024, 384]",fixed_4,4,0.5782040953636169,0.0017131211934611201,0.002949090674519539,0.5615620613098145,0.5626809597015381,0.5782040953636169,0.11939966678619385,0.5615620613098145,0.21073047816753387
1,128,transformer.h.5.mlp.w1.weight,transformer.h.5.mlp.w1.weight,"[1024, 384]",fixed_8,8,0.49017783999443054,0.0012589151738211513,0.002949090674519539,0.46622833609580994,0.47066184878349304,0.49017783999443054,0.15330219268798828,0.46622833609580994,0.20976398885250092
1,128,transformer.h.5.mlp.w1.weight,transformer.h.5.mlp.w1.weight,"[1024, 384]",fixed_16,16,0.385410338640213,0.0007856818847358227,0.002949090674519539,0.36037740111351013,0.3783760666847229,0.385410338640213,0.1938430666923523,0.36037740111351013,0.20849908888339996
1,128,transformer.h.5.mlp.w1.weight,transformer.h.5.mlp.w1.weight,"[1024, 384]",energy_25,1,0.7653433680534363,0.0018461846048012376,0.002949090674519539,0.7536583542823792,0.7789490222930908,0.7653433680534363,0.05944550037384033,0.7536583542823792,0.2104446291923523
1,128,transformer.h.5.mlp.w1.weight,transformer.h.5.mlp.w1.weight,"[1024, 384]",energy_50,2,0.6746413707733154,0.0019658529199659824,0.002949090674519539,0.6646573543548584,0.685266375541687,0.6746413707733154,0.08654153347015381,0.6646573543548584,0.21008723974227905
1,128,transformer.h.5.mlp.w1.weight,transformer.h.5.mlp.w1.weight,"[1024, 384]",energy_75,8,0.49017783999443054,0.0012589151738211513,0.002949090674519539,0.46622833609580994,0.47066184878349304,0.49017783999443054,0.15330219268798828,0.46622833609580994,0.20976398885250092
1,128,transformer.h.5.mlp.w1.weight,transformer.h.5.mlp.w1.weight,"[1024, 384]",energy_90,27,0.314378023147583,0.0006501793977804482,0.002949090674519539,0.29324203729629517,0.31618720293045044,0.314378023147583,0.21899598836898804,0.29324203729629517,0.20981138944625854
1,128,transformer.h.5.mlp.w2.weight,transformer.h.5.mlp.w2.weight,"[1024, 384]",fixed_1,1,0.7711491584777832,0.0024859621189534664,0.004674910102039576,0.7684740424156189,0.7857189774513245,0.7711491584777832,0.054662466049194336,0.7684740424156189,0.20988807082176208
1,128,transformer.h.5.mlp.w2.weight,transformer.h.5.mlp.w2.weight,"[1024, 384]",fixed_2,2,0.6770503520965576,0.0019961525686085224,0.004674910102039576,0.6838927865028381,0.6932567954063416,0.6770503520965576,0.07920241355895996,0.6838927865028381,0.21300449967384338
1,128,transformer.h.5.mlp.w2.weight,transformer.h.5.mlp.w2.weight,"[1024, 384]",fixed_4,4,0.5782901644706726,0.0020706341601908207,0.004674910102039576,0.5770392417907715,0.5934447646141052,0.5782901644706726,0.11599808931350708,0.5770392417907715,0.20786823332309723
1,128,transformer.h.5.mlp.w2.weight,transformer.h.5.mlp.w2.weight,"[1024, 384]",fixed_8,8,0.4869724214076996,0.001226984546519816,0.004674910102039576,0.476231187582016,0.4878524839878082,0.4869724214076996,0.14881855249404907,0.476231187582016,0.2102956473827362
1,128,transformer.h.5.mlp.w2.weight,transformer.h.5.mlp.w2.weight,"[1024, 384]",fixed_16,16,0.38751739263534546,0.0008497437229380012,0.004674910102039576,0.37130215764045715,0.3995133340358734,0.38751739263534546,0.18833082914352417,0.37130215764045715,0.20768535137176514
1,128,transformer.h.5.mlp.w2.weight,transformer.h.5.mlp.w2.weight,"[1024, 384]",energy_25,1,0.7711491584777832,0.0024859621189534664,0.004674910102039576,0.7684740424156189,0.7857189774513245,0.7711491584777832,0.054662466049194336,0.7684740424156189,0.20988807082176208
1,128,transformer.h.5.mlp.w2.weight,transformer.h.5.mlp.w2.weight,"[1024, 384]",energy_50,2,0.6770503520965576,0.0019961525686085224,0.004674910102039576,0.6838927865028381,0.6932567954063416,0.6770503520965576,0.07920241355895996,0.6838927865028381,0.21300449967384338
1,128,transformer.h.5.mlp.w2.weight,transformer.h.5.mlp.w2.weight,"[1024, 384]",energy_75,8,0.4869724214076996,0.001226984546519816,0.004674910102039576,0.476231187582016,0.4878524839878082,0.4869724214076996,0.14881855249404907,0.476231187582016,0.2102956473827362
1,128,transformer.h.5.mlp.w2.weight,transformer.h.5.mlp.w2.weight,"[1024, 384]",energy_90,27,0.3162088394165039,0.0005847589927725494,0.004674910102039576,0.3031775951385498,0.33230942487716675,0.3162088394165039,0.21477293968200684,0.3031775951385498,0.20928213000297546
1,128,transformer.h.5.mlp.c_proj.weight,transformer.h.5.mlp.c_proj.weight,"[384, 1024]",fixed_1,1,0.813369631767273,0.007853111252188683,0.013332890346646309,0.7173193693161011,0.7319875359535217,0.813369631767273,0.052998483180999756,0.7173193693161011,0.08308802545070648
1,128,transformer.h.5.mlp.c_proj.weight,transformer.h.5.mlp.c_proj.weight,"[384, 1024]",fixed_2,2,0.7552156448364258,0.00761436577886343,0.013332890346646309,0.5943607687950134,0.5935696959495544,0.7552156448364258,0.07551795244216919,0.5943607687950134,0.084420345723629
1,128,transformer.h.5.mlp.c_proj.weight,transformer.h.5.mlp.c_proj.weight,"[384, 1024]",fixed_4,4,0.6577768325805664,0.004486713092774153,0.013332890346646309,0.45726630091667175,0.4626477062702179,0.6577768325805664,0.11124205589294434,0.45726630091667175,0.08312968909740448
1,128,transformer.h.5.mlp.c_proj.weight,transformer.h.5.mlp.c_proj.weight,"[384, 1024]",fixed_8,8,0.5530687570571899,0.0035745773930102587,0.013332890346646309,0.37306541204452515,0.37841466069221497,0.5530687570571899,0.14436089992523193,0.37306541204452515,0.08395594358444214
1,128,transformer.h.5.mlp.c_proj.weight,transformer.h.5.mlp.c_proj.weight,"[384, 1024]",fixed_16,16,0.43936973810195923,0.0025570769794285297,0.013332890346646309,0.27134254574775696,0.27779024839401245,0.43936973810195923,0.18333101272583008,0.27134254574775696,0.08321034908294678
1,128,transformer.h.5.mlp.c_proj.weight,transformer.h.5.mlp.c_proj.weight,"[384, 1024]",energy_25,1,0.813369631767273,0.007853111252188683,0.013332890346646309,0.7173193693161011,0.7319875359535217,0.813369631767273,0.052998483180999756,0.7173193693161011,0.08308802545070648
1,128,transformer.h.5.mlp.c_proj.weight,transformer.h.5.mlp.c_proj.weight,"[384, 1024]",energy_50,3,0.6971533894538879,0.0076511576771736145,0.013332890346646309,0.5248460173606873,0.5178523063659668,0.6971533894538879,0.09488129615783691,0.5248460173606873,0.08407782018184662
1,128,transformer.h.5.mlp.c_proj.weight,transformer.h.5.mlp.c_proj.weight,"[384, 1024]",energy_75,12,0.4855375289916992,0.0031242596451193094,0.013332890346646309,0.31203964352607727,0.315073698759079,0.4855375289916992,0.16799187660217285,0.31203964352607727,0.08280990272760391
1,128,transformer.h.5.mlp.c_proj.weight,transformer.h.5.mlp.c_proj.weight,"[384, 1024]",energy_90,39,0.31504079699516296,0.0016482030041515827,0.013332890346646309,0.1754027009010315,0.17821092903614044,0.31504079699516296,0.22300761938095093,0.1754027009010315,0.08299250155687332
1,512,transformer.h.0.attn.c_attn.weight,transformer.h.0.attn.c_attn.weight,"[1152, 384]",fixed_1,1,0.8071078658103943,0.004452235531061888,0.005133500322699547,0.8102129697799683,0.7074456810951233,0.8071078658103943,0.05062597990036011,0.8102129697799683,0.600403904914856
1,512,transformer.h.0.attn.c_attn.weight,transformer.h.0.attn.c_attn.weight,"[1152, 384]",fixed_2,2,0.6725314259529114,0.0029609815683215857,0.005133500322699547,0.6592707633972168,0.628213107585907,0.6725314259529114,0.10261642932891846,0.6592707633972168,0.6017864942550659
1,512,transformer.h.0.attn.c_attn.weight,transformer.h.0.attn.c_attn.weight,"[1152, 384]",fixed_4,4,0.5856756567955017,0.002452488522976637,0.005133500322699547,0.5868140459060669,0.5731232166290283,0.5856756567955017,0.1320909857749939,0.5868140459060669,0.6011989116668701
1,512,transformer.h.0.attn.c_attn.weight,transformer.h.0.attn.c_attn.weight,"[1152, 384]",fixed_8,8,0.4821676015853882,0.002147824037820101,0.005133500322699547,0.49178051948547363,0.5186188220977783,0.4821676015853882,0.1844923496246338,0.49178051948547363,0.5954260230064392
1,512,transformer.h.0.attn.c_attn.weight,transformer.h.0.attn.c_attn.weight,"[1152, 384]",fixed_16,16,0.37334001064300537,0.001695698476396501,0.005133500322699547,0.39739301800727844,0.45441368222236633,0.37334001064300537,0.24267667531967163,0.39739301800727844,0.5926704406738281
1,512,transformer.h.0.attn.c_attn.weight,transformer.h.0.attn.c_attn.weight,"[1152, 384]",energy_25,1,0.8071078658103943,0.004452235531061888,0.005133500322699547,0.8102129697799683,0.7074456810951233,0.8071078658103943,0.05062597990036011,0.8102129697799683,0.600403904914856
1,512,transformer.h.0.attn.c_attn.weight,transformer.h.0.attn.c_attn.weight,"[1152, 384]",energy_50,2,0.6725314259529114,0.0029609815683215857,0.005133500322699547,0.6592707633972168,0.628213107585907,0.6725314259529114,0.10261642932891846,0.6592707633972168,0.6017864942550659
1,512,transformer.h.0.attn.c_attn.weight,transformer.h.0.attn.c_attn.weight,"[1152, 384]",energy_75,8,0.4821676015853882,0.002147824037820101,0.005133500322699547,0.49178051948547363,0.5186188220977783,0.4821676015853882,0.1844923496246338,0.49178051948547363,0.5954260230064392
1,512,transformer.h.0.attn.c_attn.weight,transformer.h.0.attn.c_attn.weight,"[1152, 384]",energy_90,24,0.3108101189136505,0.001546306535601616,0.005133500322699547,0.3334375023841858,0.44160711765289307,0.3108101189136505,0.2807530164718628,0.3334375023841858,0.5880025029182434
1,512,transformer.h.0.attn.c_proj.weight,transformer.h.0.attn.c_proj.weight,"[384, 384]",fixed_1,1,0.808365523815155,0.011822443455457687,0.019496433436870575,0.7179938554763794,0.727058470249176,0.808365523815155,0.058598339557647705,0.7179938554763794,0.7818993926048279
1,512,transformer.h.0.attn.c_proj.weight,transformer.h.0.attn.c_proj.weight,"[384, 384]",fixed_2,2,0.6990664005279541,0.00978032499551773,0.019496433436870575,0.6378033757209778,0.6658279299736023,0.6990664005279541,0.09258568286895752,0.6378033757209778,0.7842390537261963
1,512,transformer.h.0.attn.c_proj.weight,transformer.h.0.attn.c_proj.weight,"[384, 384]",fixed_4,4,0.6071624159812927,0.007637586910277605,0.019496433436870575,0.537567675113678,0.5523045659065247,0.6071624159812927,0.1315704584121704,0.537567675113678,0.7837019562721252
1,512,transformer.h.0.attn.c_proj.weight,transformer.h.0.attn.c_proj.weight,"[384, 384]",fixed_8,8,0.49724727869033813,0.0068896496668457985,0.019496433436870575,0.4426887035369873,0.44966015219688416,0.49724727869033813,0.18129563331604004,0.4426887035369873,0.7851688265800476
1,512,transformer.h.0.attn.c_proj.weight,transformer.h.0.attn.c_proj.weight,"[384, 384]",fixed_16,16,0.37829145789146423,0.004491413943469524,0.019496433436870575,0.3232838213443756,0.334748238325119,0.37829145789146423,0.2613070607185364,0.3232838213443756,0.786230742931366
1,512,transformer.h.0.attn.c_proj.weight,transformer.h.0.attn.c_proj.weight,"[384, 384]",energy_25,1,0.808365523815155,0.011822443455457687,0.019496433436870575,0.7179938554763794,0.727058470249176,0.808365523815155,0.058598339557647705,0.7179938554763794,0.7818993926048279
1,512,transformer.h.0.attn.c_proj.weight,transformer.h.0.attn.c_proj.weight,"[384, 384]",energy_50,2,0.6990664005279541,0.00978032499551773,0.019496433436870575,0.6378033757209778,0.6658279299736023,0.6990664005279541,0.09258568286895752,0.6378033757209778,0.7842390537261963
1,512,transformer.h.0.attn.c_proj.weight,transformer.h.0.attn.c_proj.weight,"[384, 384]",energy_75,8,0.49724727869033813,0.0068896496668457985,0.019496433436870575,0.4426887035369873,0.44966015219688416,0.49724727869033813,0.18129563331604004,0.4426887035369873,0.7851688265800476
1,512,transformer.h.0.attn.c_proj.weight,transformer.h.0.attn.c_proj.weight,"[384, 384]",energy_90,24,0.30892980098724365,0.003899989416822791,0.019496433436870575,0.2643849849700928,0.2769244313240051,0.30892980098724365,0.3061233162879944,0.2643849849700928,0.7780287861824036
1,512,transformer.h.0.mlp.w1.weight,transformer.h.0.mlp.w1.weight,"[1024, 384]",fixed_1,1,0.8216623663902283,0.004060403443872929,0.005654914304614067,0.818985104560852,0.8424266576766968,0.8216623663902283,0.02112191915512085,0.818985104560852,0.0
1,512,transformer.h.0.mlp.w1.weight,transformer.h.0.mlp.w1.weight,"[1024, 384]",fixed_2,2,0.7819715142250061,0.0033441383857280016,0.005654914304614067,0.7829260230064392,0.7954921126365662,0.7819715142250061,0.02576148509979248,0.7829260230064392,0.0
1,512,transformer.h.0.mlp.w1.weight,transformer.h.0.mlp.w1.weight,"[1024, 384]",fixed_4,4,0.7351751327514648,0.0031421706080436707,0.005654914304614067,0.732574462890625,0.7440942525863647,0.7351751327514648,0.03130662441253662,0.732574462890625,0.0
1,512,transformer.h.0.mlp.w1.weight,transformer.h.0.mlp.w1.weight,"[1024, 384]",fixed_8,8,0.6857837438583374,0.00271354871802032,0.005654914304614067,0.6783647537231445,0.6898071765899658,0.6857837438583374,0.03679388761520386,0.6783647537231445,0.0
1,512,transformer.h.0.mlp.w1.weight,transformer.h.0.mlp.w1.weight,"[1024, 384]",fixed_16,16,0.6194151639938354,0.0024592222180217505,0.005654914304614067,0.593997061252594,0.6157583594322205,0.6194151639938354,0.04422914981842041,0.593997061252594,0.0
1,512,transformer.h.0.mlp.w1.weight,transformer.h.0.mlp.w1.weight,"[1024, 384]",energy_25,1,0.8216623663902283,0.004060403443872929,0.005654914304614067,0.818985104560852,0.8424266576766968,0.8216623663902283,0.02112191915512085,0.818985104560852,0.0
1,512,transformer.h.0.mlp.w1.weight,transformer.h.0.mlp.w1.weight,"[1024, 384]",energy_50,7,0.6969485282897949,0.0028167646378278732,0.005654914304614067,0.6920375227928162,0.7021148204803467,0.6969485282897949,0.03544497489929199,0.6920375227928162,0.0
1,512,transformer.h.0.mlp.w1.weight,transformer.h.0.mlp.w1.weight,"[1024, 384]",energy_75,45,0.49913814663887024,0.0016000019386410713,0.005654914304614067,0.4619736075401306,0.49452832341194153,0.49913814663887024,0.05543076992034912,0.4619736075401306,0.0
1,512,transformer.h.0.mlp.w1.weight,transformer.h.0.mlp.w1.weight,"[1024, 384]",energy_90,134,0.31561949849128723,0.0008281447226181626,0.005654914304614067,0.2717171609401703,0.28840550780296326,0.31561949849128723,0.06846636533737183,0.2717171609401703,0.0
1,512,transformer.h.0.mlp.w2.weight,transformer.h.0.mlp.w2.weight,"[1024, 384]",fixed_1,1,0.8327110409736633,0.004274120554327965,0.004450829699635506,0.8506674766540527,0.8416980504989624,0.8327110409736633,0.019428133964538574,0.8506674766540527,0.0
1,512,transformer.h.0.mlp.w2.weight,transformer.h.0.mlp.w2.weight,"[1024, 384]",fixed_2,2,0.792619526386261,0.004265985451638699,0.004450829699635506,0.8094419836997986,0.8237206339836121,0.792619526386261,0.02419126033782959,0.8094419836997986,0.0
1,512,transformer.h.0.mlp.w2.weight,transformer.h.0.mlp.w2.weight,"[1024, 384]",fixed_4,4,0.7418370246887207,0.0032315256539732218,0.004450829699635506,0.7467051148414612,0.75104820728302,0.7418370246887207,0.030461490154266357,0.7467051148414612,0.0
1,512,transformer.h.0.mlp.w2.weight,transformer.h.0.mlp.w2.weight,"[1024, 384]",fixed_8,8,0.6912124156951904,0.002899626735597849,0.004450829699635506,0.6901621222496033,0.7059268355369568,0.6912124156951904,0.03607410192489624,0.6901621222496033,0.0
1,512,transformer.h.0.mlp.w2.weight,transformer.h.0.mlp.w2.weight,"[1024, 384]",fixed_16,16,0.6248037815093994,0.001954352017492056,0.004450829699635506,0.612699568271637,0.6277233958244324,0.6248037815093994,0.04329347610473633,0.612699568271637,0.0
1,512,transformer.h.0.mlp.w2.weight,transformer.h.0.mlp.w2.weight,"[1024, 384]",energy_25,1,0.8327110409736633,0.004274120554327965,0.004450829699635506,0.8506674766540527,0.8416980504989624,0.8327110409736633,0.019428133964538574,0.8506674766540527,0.0
1,512,transformer.h.0.mlp.w2.weight,transformer.h.0.mlp.w2.weight,"[1024, 384]",energy_50,7,0.7025851607322693,0.002892639022320509,0.004450829699635506,0.7011469006538391,0.7175999283790588,0.7025851607322693,0.035044193267822266,0.7011469006538391,0.0
1,512,transformer.h.0.mlp.w2.weight,transformer.h.0.mlp.w2.weight,"[1024, 384]",energy_75,46,0.4993937611579895,0.0013855231227353215,0.004450829699635506,0.46641820669174194,0.49171048402786255,0.4993937611579895,0.05565589666366577,0.46641820669174194,0.0
1,512,transformer.h.0.mlp.w2.weight,transformer.h.0.mlp.w2.weight,"[1024, 384]",energy_90,134,0.3147355020046234,0.0008666135836392641,0.004450829699635506,0.2757159173488617,0.28509652614593506,0.3147355020046234,0.06856262683868408,0.2757159173488617,0.0
1,512,transformer.h.0.mlp.c_proj.weight,transformer.h.0.mlp.c_proj.weight,"[384, 1024]",fixed_1,1,0.8415158987045288,0.015218127518892288,0.0271020345389843,0.6358256936073303,0.6555970907211304,0.8415158987045288,0.03625595569610596,0.6358256936073303,0.0
1,512,transformer.h.0.mlp.c_proj.weight,transformer.h.0.mlp.c_proj.weight,"[384, 1024]",fixed_2,2,0.8095306754112244,0.014913452789187431,0.0271020345389843,0.5968623757362366,0.6112905144691467,0.8095306754112244,0.04173761606216431,0.5968623757362366,0.0
1,512,transformer.h.0.mlp.c_proj.weight,transformer.h.0.mlp.c_proj.weight,"[384, 1024]",fixed_4,4,0.7629702687263489,0.010964062064886093,0.0271020345389843,0.502646803855896,0.5278967618942261,0.7629702687263489,0.054945290088653564,0.502646803855896,0.0
1,512,transformer.h.0.mlp.c_proj.weight,transformer.h.0.mlp.c_proj.weight,"[384, 1024]",fixed_8,8,0.7043700814247131,0.01058261189609766,0.0271020345389843,0.44262757897377014,0.45865342020988464,0.7043700814247131,0.06632155179977417,0.44262757897377014,0.0
1,512,transformer.h.0.mlp.c_proj.weight,transformer.h.0.mlp.c_proj.weight,"[384, 1024]",fixed_16,16,0.6279311776161194,0.007772807963192463,0.0271020345389843,0.37014347314834595,0.38439133763313293,0.6279311776161194,0.07997864484786987,0.37014347314834595,0.0
1,512,transformer.h.0.mlp.c_proj.weight,transformer.h.0.mlp.c_proj.weight,"[384, 1024]",energy_25,1,0.8415158987045288,0.015218127518892288,0.0271020345389843,0.6358256936073303,0.6555970907211304,0.8415158987045288,0.03625595569610596,0.6358256936073303,0.0
1,512,transformer.h.0.mlp.c_proj.weight,transformer.h.0.mlp.c_proj.weight,"[384, 1024]",energy_50,8,0.7043700814247131,0.01058261189609766,0.0271020345389843,0.44262757897377014,0.45865342020988464,0.7043700814247131,0.06632155179977417,0.44262757897377014,0.0
1,512,transformer.h.0.mlp.c_proj.weight,transformer.h.0.mlp.c_proj.weight,"[384, 1024]",energy_75,40,0.49648556113243103,0.005832410417497158,0.0271020345389843,0.26375043392181396,0.27982163429260254,0.49648556113243103,0.09969758987426758,0.26375043392181396,0.0
1,512,transformer.h.0.mlp.c_proj.weight,transformer.h.0.mlp.c_proj.weight,"[384, 1024]",energy_90,108,0.3162238299846649,0.0029664805624634027,0.0271020345389843,0.14725209772586823,0.15765009820461273,0.3162238299846649,0.11928260326385498,0.14725209772586823,0.0
1,512,transformer.h.1.attn.c_attn.weight,transformer.h.1.attn.c_attn.weight,"[1152, 384]",fixed_1,1,0.7951716780662537,0.0033912216313183308,0.0050652120262384415,0.7331146597862244,0.7299368977546692,0.7951716780662537,0.06107693910598755,0.7331146597862244,0.647070050239563
1,512,transformer.h.1.attn.c_attn.weight,transformer.h.1.attn.c_attn.weight,"[1152, 384]",fixed_2,2,0.7133417129516602,0.0027483825106173754,0.0050652120262384415,0.6625280380249023,0.7136231064796448,0.7133417129516602,0.08250445127487183,0.6625280380249023,0.6427055597305298
1,512,transformer.h.1.attn.c_attn.weight,transformer.h.1.attn.c_attn.weight,"[1152, 384]",fixed_4,4,0.6166294813156128,0.0021707997657358646,0.0050652120262384415,0.5609065890312195,0.7062214016914368,0.6166294813156128,0.12376821041107178,0.5609065890312195,0.6395542621612549
1,512,transformer.h.1.attn.c_attn.weight,transformer.h.1.attn.c_attn.weight,"[1152, 384]",fixed_8,8,0.5015507340431213,0.0015690955333411694,0.0050652120262384415,0.459363728761673,0.6818668842315674,0.5015507340431213,0.1778847575187683,0.459363728761673,0.6391522288322449
1,512,transformer.h.1.attn.c_attn.weight,transformer.h.1.attn.c_attn.weight,"[1152, 384]",fixed_16,16,0.37860044836997986,0.0012636486208066344,0.0050652120262384415,0.3651237487792969,0.5941761136054993,0.37860044836997986,0.24418920278549194,0.3651237487792969,0.6313722729682922
1,512,transformer.h.1.attn.c_attn.weight,transformer.h.1.attn.c_attn.weight,"[1152, 384]",energy_25,1,0.7951716780662537,0.0033912216313183308,0.0050652120262384415,0.7331146597862244,0.7299368977546692,0.7951716780662537,0.06107693910598755,0.7331146597862244,0.647070050239563
1,512,transformer.h.1.attn.c_attn.weight,transformer.h.1.attn.c_attn.weight,"[1152, 384]",energy_50,3,0.6581413745880127,0.0027998550795018673,0.0050652120262384415,0.6109628677368164,0.7054802179336548,0.6581413745880127,0.10323238372802734,0.6109628677368164,0.6460921764373779
1,512,transformer.h.1.attn.c_attn.weight,transformer.h.1.attn.c_attn.weight,"[1152, 384]",energy_75,9,0.48119378089904785,0.001567336032167077,0.0050652120262384415,0.44624942541122437,0.681917130947113,0.48119378089904785,0.18564480543136597,0.44624942541122437,0.6386136412620544
1,512,transformer.h.1.attn.c_attn.weight,transformer.h.1.attn.c_attn.weight,"[1152, 384]",energy_90,23,0.3149750232696533,0.001145216985605657,0.0050652120262384415,0.30125272274017334,0.5143485069274902,0.3149750232696533,0.29037362337112427,0.30125272274017334,0.6323539018630981
1,512,transformer.h.1.attn.c_proj.weight,transformer.h.1.attn.c_proj.weight,"[384, 384]",fixed_1,1,0.77131187915802,0.009171247482299805,0.015221815556287766,0.6976169943809509,0.7016258835792542,0.77131187915802,0.06729978322982788,0.6976169943809509,0.830975353717804
1,512,transformer.h.1.attn.c_proj.weight,transformer.h.1.attn.c_proj.weight,"[384, 384]",fixed_2,2,0.6982182264328003,0.008287508971989155,0.015221815556287766,0.6308838725090027,0.6307914853096008,0.6982182264328003,0.08726227283477783,0.6308838725090027,0.8260710835456848
1,512,transformer.h.1.attn.c_proj.weight,transformer.h.1.attn.c_proj.weight,"[384, 384]",fixed_4,4,0.6011562943458557,0.007385944481939077,0.015221815556287766,0.5476076006889343,0.5576586723327637,0.6011562943458557,0.1230919361114502,0.5476076006889343,0.826515257358551
1,512,transformer.h.1.attn.c_proj.weight,transformer.h.1.attn.c_proj.weight,"[384, 384]",fixed_8,8,0.49467504024505615,0.005693648476153612,0.015221815556287766,0.4354097843170166,0.44132471084594727,0.49467504024505615,0.17528635263442993,0.4354097843170166,0.8314430117607117
1,512,transformer.h.1.attn.c_proj.weight,transformer.h.1.attn.c_proj.weight,"[384, 384]",fixed_16,16,0.37884005904197693,0.004101736471056938,0.015221815556287766,0.32922306656837463,0.3352230489253998,0.37884005904197693,0.24977540969848633,0.32922306656837463,0.8294607400894165
1,512,transformer.h.1.attn.c_proj.weight,transformer.h.1.attn.c_proj.weight,"[384, 384]",energy_25,1,0.77131187915802,0.009171247482299805,0.015221815556287766,0.6976169943809509,0.7016258835792542,0.77131187915802,0.06729978322982788,0.6976169943809509,0.830975353717804
1,512,transformer.h.1.attn.c_proj.weight,transformer.h.1.attn.c_proj.weight,"[384, 384]",energy_50,2,0.6982182264328003,0.008287508971989155,0.015221815556287766,0.6308838725090027,0.6307914853096008,0.6982182264328003,0.08726227283477783,0.6308838725090027,0.8260710835456848
1,512,transformer.h.1.attn.c_proj.weight,transformer.h.1.attn.c_proj.weight,"[384, 384]",energy_75,8,0.49467504024505615,0.005693648476153612,0.015221815556287766,0.4354097843170166,0.44132471084594727,0.49467504024505615,0.17528635263442993,0.4354097843170166,0.8314430117607117
1,512,transformer.h.1.attn.c_proj.weight,transformer.h.1.attn.c_proj.weight,"[384, 384]",energy_90,24,0.30965960025787354,0.003033063840121031,0.015221815556287766,0.2661576271057129,0.2715093493461609,0.30965960025787354,0.3029569387435913,0.2661576271057129,0.833617091178894
1,512,transformer.h.1.mlp.w1.weight,transformer.h.1.mlp.w1.weight,"[1024, 384]",fixed_1,1,0.905794620513916,0.0033259771298617125,0.004231670871376991,0.8980794548988342,0.9007030725479126,0.905794620513916,0.013615608215332031,0.8980794548988342,0.0
1,512,transformer.h.1.mlp.w1.weight,transformer.h.1.mlp.w1.weight,"[1024, 384]",fixed_2,2,0.8447507619857788,0.003235800890251994,0.004231670871376991,0.8350329995155334,0.8359432816505432,0.8447507619857788,0.022688448429107666,0.8350329995155334,0.0
1,512,transformer.h.1.mlp.w1.weight,transformer.h.1.mlp.w1.weight,"[1024, 384]",fixed_4,4,0.7868354916572571,0.0024339042138308287,0.004231670871376991,0.7631266713142395,0.7806678414344788,0.7868354916572571,0.03052663803100586,0.7631266713142395,0.0
1,512,transformer.h.1.mlp.w1.weight,transformer.h.1.mlp.w1.weight,"[1024, 384]",fixed_8,8,0.7245143055915833,0.00245559005998075,0.004231670871376991,0.6980324387550354,0.7222471237182617,0.7245143055915833,0.03836554288864136,0.6980324387550354,0.0
1,512,transformer.h.1.mlp.w1.weight,transformer.h.1.mlp.w1.weight,"[1024, 384]",fixed_16,16,0.6509895920753479,0.001964472234249115,0.004231670871376991,0.617315411567688,0.6511878967285156,0.6509895920753479,0.04693043231964111,0.617315411567688,0.0
1,512,transformer.h.1.mlp.w1.weight,transformer.h.1.mlp.w1.weight,"[1024, 384]",energy_25,2,0.8447507619857788,0.003235800890251994,0.004231670871376991,0.8350329995155334,0.8359432816505432,0.8447507619857788,0.022688448429107666,0.8350329995155334,0.0
1,512,transformer.h.1.mlp.w1.weight,transformer.h.1.mlp.w1.weight,"[1024, 384]",energy_50,10,0.70244300365448,0.002450390253216028,0.004231670871376991,0.6805179715156555,0.7079982757568359,0.70244300365448,0.04035520553588867,0.6805179715156555,0.0
1,512,transformer.h.1.mlp.w1.weight,transformer.h.1.mlp.w1.weight,"[1024, 384]",energy_75,47,0.4992809593677521,0.0010127407731488347,0.004231670871376991,0.44037342071533203,0.474861741065979,0.4992809593677521,0.06393259763717651,0.44037342071533203,0.0
1,512,transformer.h.1.mlp.w1.weight,transformer.h.1.mlp.w1.weight,"[1024, 384]",energy_90,124,0.3157135844230652,0.00064922368619591,0.004231670871376991,0.2585376501083374,0.2801981270313263,0.3157135844230652,0.07849085330963135,0.2585376501083374,0.0
1,512,transformer.h.1.mlp.w2.weight,transformer.h.1.mlp.w2.weight,"[1024, 384]",fixed_1,1,0.8945136666297913,0.004179135896265507,0.004354720003902912,0.8717538714408875,0.8946126103401184,0.8945136666297913,0.016903698444366455,0.8717538714408875,0.0
1,512,transformer.h.1.mlp.w2.weight,transformer.h.1.mlp.w2.weight,"[1024, 384]",fixed_2,2,0.8311287760734558,0.004153174813836813,0.004354720003902912,0.8057405948638916,0.8349288702011108,0.8311287760734558,0.026723086833953857,0.8057405948638916,0.0
1,512,transformer.h.1.mlp.w2.weight,transformer.h.1.mlp.w2.weight,"[1024, 384]",fixed_4,4,0.7765949964523315,0.0035785639192909002,0.004354720003902912,0.7455093860626221,0.7807890772819519,0.7765949964523315,0.034378767013549805,0.7455093860626221,0.0
1,512,transformer.h.1.mlp.w2.weight,transformer.h.1.mlp.w2.weight,"[1024, 384]",fixed_8,8,0.7124342322349548,0.0021952190436422825,0.004354720003902912,0.6731580495834351,0.7093636989593506,0.7124342322349548,0.042703449726104736,0.6731580495834351,0.0
1,512,transformer.h.1.mlp.w2.weight,transformer.h.1.mlp.w2.weight,"[1024, 384]",fixed_16,16,0.6366518139839172,0.0018311769235879183,0.004354720003902912,0.5905175805091858,0.6367135047912598,0.6366518139839172,0.05220240354537964,0.5905175805091858,0.0
1,512,transformer.h.1.mlp.w2.weight,transformer.h.1.mlp.w2.weight,"[1024, 384]",energy_25,2,0.8311287760734558,0.004153174813836813,0.004354720003902912,0.8057405948638916,0.8349288702011108,0.8311287760734558,0.026723086833953857,0.8057405948638916,0.0
1,512,transformer.h.1.mlp.w2.weight,transformer.h.1.mlp.w2.weight,"[1024, 384]",energy_50,9,0.7011117935180664,0.0020862226374447346,0.004354720003902912,0.660381555557251,0.7035015821456909,0.7011117935180664,0.04408293962478638,0.660381555557251,0.0
1,512,transformer.h.1.mlp.w2.weight,transformer.h.1.mlp.w2.weight,"[1024, 384]",energy_75,43,0.49677687883377075,0.0014058715896680951,0.004354720003902912,0.4427289664745331,0.47767335176467896,0.49677687883377075,0.06773853302001953,0.4427289664745331,0.0
1,512,transformer.h.1.mlp.w2.weight,transformer.h.1.mlp.w2.weight,"[1024, 384]",energy_90,116,0.31590357422828674,0.0005976244574412704,0.004354720003902912,0.25517022609710693,0.27587318420410156,0.31590357422828674,0.0840224027633667,0.25517022609710693,0.0
1,512,transformer.h.1.mlp.c_proj.weight,transformer.h.1.mlp.c_proj.weight,"[384, 1024]",fixed_1,1,0.9310430288314819,0.0108374347910285,0.011621912010014057,0.8956794142723083,0.879427433013916,0.9310430288314819,0.012114465236663818,0.8956794142723083,0.0
1,512,transformer.h.1.mlp.c_proj.weight,transformer.h.1.mlp.c_proj.weight,"[384, 1024]",fixed_2,2,0.8856498599052429,0.010596785694360733,0.011621912010014057,0.8123450875282288,0.7863105535507202,0.8856498599052429,0.02088981866836548,0.8123450875282288,0.0
1,512,transformer.h.1.mlp.c_proj.weight,transformer.h.1.mlp.c_proj.weight,"[384, 1024]",fixed_4,4,0.8383664488792419,0.008726207539439201,0.011621912010014057,0.7252427339553833,0.7125652432441711,0.8383664488792419,0.03140449523925781,0.7252427339553833,0.0
1,512,transformer.h.1.mlp.c_proj.weight,transformer.h.1.mlp.c_proj.weight,"[384, 1024]",fixed_8,8,0.7707358598709106,0.008111433126032352,0.011621912010014057,0.634486973285675,0.618955671787262,0.7707358598709106,0.043658435344696045,0.634486973285675,0.0
1,512,transformer.h.1.mlp.c_proj.weight,transformer.h.1.mlp.c_proj.weight,"[384, 1024]",fixed_16,16,0.6831294298171997,0.00564921461045742,0.011621912010014057,0.526105523109436,0.526435911655426,0.6831294298171997,0.05862611532211304,0.526105523109436,0.0
1,512,transformer.h.1.mlp.c_proj.weight,transformer.h.1.mlp.c_proj.weight,"[384, 1024]",energy_25,3,0.8609284162521362,0.00907115638256073,0.011621912010014057,0.7631230354309082,0.7486149072647095,0.8609284162521362,0.026687920093536377,0.7631230354309082,0.0
1,512,transformer.h.1.mlp.c_proj.weight,transformer.h.1.mlp.c_proj.weight,"[384, 1024]",energy_50,14,0.7012441158294678,0.006341822445392609,0.011621912010014057,0.5482166409492493,0.5377662181854248,0.7012441158294678,0.05563479661941528,0.5482166409492493,0.0
1,512,transformer.h.1.mlp.c_proj.weight,transformer.h.1.mlp.c_proj.weight,"[384, 1024]",energy_75,49,0.49850839376449585,0.0034925751388072968,0.011621912010014057,0.3327593207359314,0.3235441744327545,0.49850839376449585,0.08518725633621216,0.3327593207359314,0.0
1,512,transformer.h.1.mlp.c_proj.weight,transformer.h.1.mlp.c_proj.weight,"[384, 1024]",energy_90,119,0.31557631492614746,0.0019353583920747042,0.011621912010014057,0.18667954206466675,0.18387608230113983,0.31557631492614746,0.10236024856567383,0.18667954206466675,0.0
1,512,transformer.h.2.attn.c_attn.weight,transformer.h.2.attn.c_attn.weight,"[1152, 384]",fixed_1,1,0.7764139771461487,0.002404909348115325,0.00488878320902586,0.6295205354690552,0.5584880113601685,0.7764139771461487,0.0786890983581543,0.6295205354690552,0.6904495358467102
1,512,transformer.h.2.attn.c_attn.weight,transformer.h.2.attn.c_attn.weight,"[1152, 384]",fixed_2,2,0.6946108341217041,0.002083122730255127,0.00488878320902586,0.5664778351783752,0.5283637642860413,0.6946108341217041,0.10333389043807983,0.5664778351783752,0.6829097867012024
1,512,transformer.h.2.attn.c_attn.weight,transformer.h.2.attn.c_attn.weight,"[1152, 384]",fixed_4,4,0.6030022501945496,0.0018906134646385908,0.00488878320902586,0.500216543674469,0.5162402987480164,0.6030022501945496,0.13889694213867188,0.500216543674469,0.6814319491386414
1,512,transformer.h.2.attn.c_attn.weight,transformer.h.2.attn.c_attn.weight,"[1152, 384]",fixed_8,8,0.49385297298431396,0.0014228405198082328,0.00488878320902586,0.4125627875328064,0.503500759601593,0.49385297298431396,0.19147413969039917,0.4125627875328064,0.6742815375328064
1,512,transformer.h.2.attn.c_attn.weight,transformer.h.2.attn.c_attn.weight,"[1152, 384]",fixed_16,16,0.3754664361476898,0.0010226003360003233,0.00488878320902586,0.3239218294620514,0.45152226090431213,0.3754664361476898,0.2600381374359131,0.3239218294620514,0.6650681495666504
1,512,transformer.h.2.attn.c_attn.weight,transformer.h.2.attn.c_attn.weight,"[1152, 384]",energy_25,1,0.7764139771461487,0.002404909348115325,0.00488878320902586,0.6295205354690552,0.5584880113601685,0.7764139771461487,0.0786890983581543,0.6295205354690552,0.6904495358467102
1,512,transformer.h.2.attn.c_attn.weight,transformer.h.2.attn.c_attn.weight,"[1152, 384]",energy_50,2,0.6946108341217041,0.002083122730255127,0.00488878320902586,0.5664778351783752,0.5283637642860413,0.6946108341217041,0.10333389043807983,0.5664778351783752,0.6829097867012024
1,512,transformer.h.2.attn.c_attn.weight,transformer.h.2.attn.c_attn.weight,"[1152, 384]",energy_75,8,0.49385297298431396,0.0014228405198082328,0.00488878320902586,0.4125627875328064,0.503500759601593,0.49385297298431396,0.19147413969039917,0.4125627875328064,0.6742815375328064
1,512,transformer.h.2.attn.c_attn.weight,transformer.h.2.attn.c_attn.weight,"[1152, 384]",energy_90,23,0.31367170810699463,0.0009561449405737221,0.00488878320902586,0.26799529790878296,0.3533405661582947,0.31367170810699463,0.30690282583236694,0.26799529790878296,0.6596787571907043
1,512,transformer.h.2.attn.c_proj.weight,transformer.h.2.attn.c_proj.weight,"[384, 384]",fixed_1,1,0.7651035785675049,0.006849882658571005,0.012034124694764614,0.6783100962638855,0.7112481594085693,0.7651035785675049,0.06646299362182617,0.6783100962638855,0.8407326340675354
1,512,transformer.h.2.attn.c_proj.weight,transformer.h.2.attn.c_proj.weight,"[384, 384]",fixed_2,2,0.6863925457000732,0.006277796812355518,0.012034124694764614,0.6061215400695801,0.6286504864692688,0.6863925457000732,0.09019428491592407,0.6061215400695801,0.8413051962852478
1,512,transformer.h.2.attn.c_proj.weight,transformer.h.2.attn.c_proj.weight,"[384, 384]",fixed_4,4,0.6005857586860657,0.004783330950886011,0.012034124694764614,0.5174397826194763,0.5318577885627747,0.6005857586860657,0.12505459785461426,0.5174397826194763,0.8397431969642639
1,512,transformer.h.2.attn.c_proj.weight,transformer.h.2.attn.c_proj.weight,"[384, 384]",fixed_8,8,0.5000227093696594,0.004204920493066311,0.012034124694764614,0.4372887909412384,0.4556634724140167,0.5000227093696594,0.1663382649421692,0.4372887909412384,0.8461273312568665
1,512,transformer.h.2.attn.c_proj.weight,transformer.h.2.attn.c_proj.weight,"[384, 384]",fixed_16,16,0.37788382172584534,0.0030580784659832716,0.012034124694764614,0.33048897981643677,0.3436565101146698,0.37788382172584534,0.24528372287750244,0.33048897981643677,0.8437016606330872
1,512,transformer.h.2.attn.c_proj.weight,transformer.h.2.attn.c_proj.weight,"[384, 384]",energy_25,1,0.7651035785675049,0.006849882658571005,0.012034124694764614,0.6783100962638855,0.7112481594085693,0.7651035785675049,0.06646299362182617,0.6783100962638855,0.8407326340675354
1,512,transformer.h.2.attn.c_proj.weight,transformer.h.2.attn.c_proj.weight,"[384, 384]",energy_50,2,0.6863925457000732,0.006277796812355518,0.012034124694764614,0.6061215400695801,0.6286504864692688,0.6863925457000732,0.09019428491592407,0.6061215400695801,0.8413051962852478
1,512,transformer.h.2.attn.c_proj.weight,transformer.h.2.attn.c_proj.weight,"[384, 384]",energy_75,9,0.4787018895149231,0.004187628161162138,0.012034124694764614,0.419869065284729,0.43818894028663635,0.4787018895149231,0.1825474500656128,0.419869065284729,0.8428145051002502
1,512,transformer.h.2.attn.c_proj.weight,transformer.h.2.attn.c_proj.weight,"[384, 384]",energy_90,23,0.31347763538360596,0.002950504655018449,0.012034124694764614,0.27382588386535645,0.2787306308746338,0.31347763538360596,0.2941679358482361,0.27382588386535645,0.8405558466911316
1,512,transformer.h.2.mlp.w1.weight,transformer.h.2.mlp.w1.weight,"[1024, 384]",fixed_1,1,0.8955461978912354,0.0038640431594103575,0.003148352727293968,0.8787515163421631,0.8795552849769592,0.8955461978912354,0.015716910362243652,0.8787515163421631,0.0
1,512,transformer.h.2.mlp.w1.weight,transformer.h.2.mlp.w1.weight,"[1024, 384]",fixed_2,2,0.8527429699897766,0.0035492372699081898,0.003148352727293968,0.8393694162368774,0.8371151089668274,0.8527429699897766,0.022027194499969482,0.8393694162368774,0.0
1,512,transformer.h.2.mlp.w1.weight,transformer.h.2.mlp.w1.weight,"[1024, 384]",fixed_4,4,0.7959831953048706,0.00346487108618021,0.003148352727293968,0.7803463339805603,0.7819710969924927,0.7959831953048706,0.0308493971824646,0.7803463339805603,0.0
1,512,transformer.h.2.mlp.w1.weight,transformer.h.2.mlp.w1.weight,"[1024, 384]",fixed_8,8,0.7271219491958618,0.0021783874835819006,0.003148352727293968,0.7032378315925598,0.7176379561424255,0.7271219491958618,0.041280508041381836,0.7032378315925598,0.0
1,512,transformer.h.2.mlp.w1.weight,transformer.h.2.mlp.w1.weight,"[1024, 384]",fixed_16,16,0.6413177847862244,0.0014522260753437877,0.003148352727293968,0.6021769642829895,0.626257598400116,0.6413177847862244,0.0530242919921875,0.6021769642829895,0.0
1,512,transformer.h.2.mlp.w1.weight,transformer.h.2.mlp.w1.weight,"[1024, 384]",energy_25,2,0.8527429699897766,0.0035492372699081898,0.003148352727293968,0.8393694162368774,0.8371151089668274,0.8527429699897766,0.022027194499969482,0.8393694162368774,0.0
1,512,transformer.h.2.mlp.w1.weight,transformer.h.2.mlp.w1.weight,"[1024, 384]",energy_50,10,0.701511800289154,0.0019823575858026743,0.003148352727293968,0.6778568625450134,0.7017107605934143,0.701511800289154,0.04435759782791138,0.6778568625450134,0.0
1,512,transformer.h.2.mlp.w1.weight,transformer.h.2.mlp.w1.weight,"[1024, 384]",energy_75,42,0.4960816502571106,0.0011386245023459196,0.003148352727293968,0.44674161076545715,0.47065263986587524,0.4960816502571106,0.0717211365699768,0.44674161076545715,0.0
1,512,transformer.h.2.mlp.w1.weight,transformer.h.2.mlp.w1.weight,"[1024, 384]",energy_90,108,0.3157445788383484,0.0005381421069614589,0.003148352727293968,0.26547279953956604,0.2798031270503998,0.3157445788383484,0.0898352861404419,0.26547279953956604,0.0
1,512,transformer.h.2.mlp.w2.weight,transformer.h.2.mlp.w2.weight,"[1024, 384]",fixed_1,1,0.8973547220230103,0.0030137759167701006,0.0037170995492488146,0.8861701488494873,0.9059880971908569,0.8973547220230103,0.015628516674041748,0.8861701488494873,0.0
1,512,transformer.h.2.mlp.w2.weight,transformer.h.2.mlp.w2.weight,"[1024, 384]",fixed_2,2,0.8509852886199951,0.0024769138544797897,0.0037170995492488146,0.835225522518158,0.8649514317512512,0.8509852886199951,0.023351848125457764,0.835225522518158,0.0
1,512,transformer.h.2.mlp.w2.weight,transformer.h.2.mlp.w2.weight,"[1024, 384]",fixed_4,4,0.788504958152771,0.0023247168865054846,0.0037170995492488146,0.7679036855697632,0.7969232797622681,0.788504958152771,0.03346383571624756,0.7679036855697632,0.0
1,512,transformer.h.2.mlp.w2.weight,transformer.h.2.mlp.w2.weight,"[1024, 384]",fixed_8,8,0.7174393534660339,0.0019968003034591675,0.0037170995492488146,0.6934123039245605,0.7234939932823181,0.7174393534660339,0.04400515556335449,0.6934123039245605,0.0
1,512,transformer.h.2.mlp.w2.weight,transformer.h.2.mlp.w2.weight,"[1024, 384]",fixed_16,16,0.6312316656112671,0.001619345392100513,0.0037170995492488146,0.5938426852226257,0.6300795674324036,0.6312316656112671,0.05673646926879883,0.5938426852226257,0.0
1,512,transformer.h.2.mlp.w2.weight,transformer.h.2.mlp.w2.weight,"[1024, 384]",energy_25,2,0.8509852886199951,0.0024769138544797897,0.0037170995492488146,0.835225522518158,0.8649514317512512,0.8509852886199951,0.023351848125457764,0.835225522518158,0.0
1,512,transformer.h.2.mlp.w2.weight,transformer.h.2.mlp.w2.weight,"[1024, 384]",energy_50,9,0.7034258246421814,0.001947977696545422,0.0037170995492488146,0.6786611676216125,0.7031950950622559,0.7034258246421814,0.04617416858673096,0.6786611676216125,0.0
1,512,transformer.h.2.mlp.w2.weight,transformer.h.2.mlp.w2.weight,"[1024, 384]",energy_75,38,0.4978921115398407,0.0011124981101602316,0.0037170995492488146,0.45374247431755066,0.4937453866004944,0.4978921115398407,0.0748293399810791,0.45374247431755066,0.0
1,512,transformer.h.2.mlp.w2.weight,transformer.h.2.mlp.w2.weight,"[1024, 384]",energy_90,102,0.31606602668762207,0.0004958937643095851,0.0037170995492488146,0.2650340795516968,0.28590285778045654,0.31606602668762207,0.09474366903305054,0.2650340795516968,0.0
1,512,transformer.h.2.mlp.c_proj.weight,transformer.h.2.mlp.c_proj.weight,"[384, 1024]",fixed_1,1,0.9378864765167236,0.009674991481006145,0.012891534715890884,0.8836231231689453,0.8832291960716248,0.9378864765167236,0.012726545333862305,0.8836231231689453,0.0
1,512,transformer.h.2.mlp.c_proj.weight,transformer.h.2.mlp.c_proj.weight,"[384, 1024]",fixed_2,2,0.8995881080627441,0.008449261076748371,0.012891534715890884,0.8130818009376526,0.8115169405937195,0.8995881080627441,0.02050924301147461,0.8130818009376526,0.0
1,512,transformer.h.2.mlp.c_proj.weight,transformer.h.2.mlp.c_proj.weight,"[384, 1024]",fixed_4,4,0.8388035893440247,0.00820191204547882,0.012891534715890884,0.7241383790969849,0.7341369390487671,0.8388035893440247,0.03263354301452637,0.7241383790969849,0.0
1,512,transformer.h.2.mlp.c_proj.weight,transformer.h.2.mlp.c_proj.weight,"[384, 1024]",fixed_8,8,0.7759255170822144,0.006066647358238697,0.012891534715890884,0.624592125415802,0.6454961895942688,0.7759255170822144,0.045854806900024414,0.624592125415802,0.0
1,512,transformer.h.2.mlp.c_proj.weight,transformer.h.2.mlp.c_proj.weight,"[384, 1024]",fixed_16,16,0.6864162087440491,0.005097513552755117,0.012891534715890884,0.5286314487457275,0.5382799506187439,0.6864162087440491,0.059526681900024414,0.5286314487457275,0.0
1,512,transformer.h.2.mlp.c_proj.weight,transformer.h.2.mlp.c_proj.weight,"[384, 1024]",energy_25,4,0.8388035893440247,0.00820191204547882,0.012891534715890884,0.7241383790969849,0.7341369390487671,0.8388035893440247,0.03263354301452637,0.7241383790969849,0.0
1,512,transformer.h.2.mlp.c_proj.weight,transformer.h.2.mlp.c_proj.weight,"[384, 1024]",energy_50,14,0.7046875953674316,0.005020147189497948,0.012891534715890884,0.5494351387023926,0.5611372590065002,0.7046875953674316,0.05639302730560303,0.5494351387023926,0.0
1,512,transformer.h.2.mlp.c_proj.weight,transformer.h.2.mlp.c_proj.weight,"[384, 1024]",energy_75,48,0.49921512603759766,0.002968190237879753,0.012891534715890884,0.33885470032691956,0.3415544033050537,0.49921512603759766,0.0861203670501709,0.33885470032691956,0.0
1,512,transformer.h.2.mlp.c_proj.weight,transformer.h.2.mlp.c_proj.weight,"[384, 1024]",energy_90,118,0.31562575697898865,0.0015759461093693972,0.012891534715890884,0.19337207078933716,0.20109319686889648,0.31562575697898865,0.10351169109344482,0.19337207078933716,0.0
1,512,transformer.h.3.attn.c_attn.weight,transformer.h.3.attn.c_attn.weight,"[1152, 384]",fixed_1,1,0.7761991620063782,0.0024325610138475895,0.0042759026400744915,0.6608458757400513,0.5078525543212891,0.7761991620063782,0.06562137603759766,0.6608458757400513,0.7394445538520813
1,512,transformer.h.3.attn.c_attn.weight,transformer.h.3.attn.c_attn.weight,"[1152, 384]",fixed_2,2,0.6917667388916016,0.0021888576447963715,0.0042759026400744915,0.5780972242355347,0.47936761379241943,0.6917667388916016,0.09318512678146362,0.5780972242355347,0.7390111088752747
1,512,transformer.h.3.attn.c_attn.weight,transformer.h.3.attn.c_attn.weight,"[1152, 384]",fixed_4,4,0.5935248732566833,0.0019423664780333638,0.0042759026400744915,0.5130409002304077,0.46774357557296753,0.5935248732566833,0.12992393970489502,0.5130409002304077,0.7344319820404053
1,512,transformer.h.3.attn.c_attn.weight,transformer.h.3.attn.c_attn.weight,"[1152, 384]",fixed_8,8,0.47706499695777893,0.001239710720255971,0.0042759026400744915,0.4035416543483734,0.4154875874519348,0.47706499695777893,0.18755555152893066,0.4035416543483734,0.7315855622291565
1,512,transformer.h.3.attn.c_attn.weight,transformer.h.3.attn.c_attn.weight,"[1152, 384]",fixed_16,16,0.3685879111289978,0.0009080346208065748,0.0042759026400744915,0.3262774348258972,0.390155166387558,0.3685879111289978,0.2519400715827942,0.3262774348258972,0.7233281135559082
1,512,transformer.h.3.attn.c_attn.weight,transformer.h.3.attn.c_attn.weight,"[1152, 384]",energy_25,1,0.7761991620063782,0.0024325610138475895,0.0042759026400744915,0.6608458757400513,0.5078525543212891,0.7761991620063782,0.06562137603759766,0.6608458757400513,0.7394445538520813
1,512,transformer.h.3.attn.c_attn.weight,transformer.h.3.attn.c_attn.weight,"[1152, 384]",energy_50,2,0.6917667388916016,0.0021888576447963715,0.0042759026400744915,0.5780972242355347,0.47936761379241943,0.6917667388916016,0.09318512678146362,0.5780972242355347,0.7390111088752747
1,512,transformer.h.3.attn.c_attn.weight,transformer.h.3.attn.c_attn.weight,"[1152, 384]",energy_75,7,0.4995987117290497,0.0013025065418332815,0.0042759026400744915,0.42104342579841614,0.40667814016342163,0.4995987117290497,0.1750689148902893,0.42104342579841614,0.7328093647956848
1,512,transformer.h.3.attn.c_attn.weight,transformer.h.3.attn.c_attn.weight,"[1152, 384]",energy_90,22,0.31361523270606995,0.0009106116485781968,0.0042759026400744915,0.281032532453537,0.34975528717041016,0.31361523270606995,0.29147279262542725,0.281032532453537,0.7221333384513855
1,512,transformer.h.3.attn.c_proj.weight,transformer.h.3.attn.c_proj.weight,"[384, 384]",fixed_1,1,0.7751051783561707,0.005819793790578842,0.010624945163726807,0.7090164422988892,0.7620010375976562,0.7751051783561707,0.0590667724609375,0.7090164422988892,0.8414531946182251
1,512,transformer.h.3.attn.c_proj.weight,transformer.h.3.attn.c_proj.weight,"[384, 384]",fixed_2,2,0.7151949405670166,0.00575846154242754,0.010624945163726807,0.6479218006134033,0.6662229299545288,0.7151949405670166,0.07896363735198975,0.6479218006134033,0.8442002534866333
1,512,transformer.h.3.attn.c_proj.weight,transformer.h.3.attn.c_proj.weight,"[384, 384]",fixed_4,4,0.6149750351905823,0.0046141427010297775,0.010624945163726807,0.5399846434593201,0.5659357309341431,0.6149750351905823,0.11398953199386597,0.5399846434593201,0.8456804156303406
1,512,transformer.h.3.attn.c_proj.weight,transformer.h.3.attn.c_proj.weight,"[384, 384]",fixed_8,8,0.4953841269016266,0.0038857273757457733,0.010624945163726807,0.4365767538547516,0.45443564653396606,0.4953841269016266,0.1689203381538391,0.4365767538547516,0.8476187586784363
1,512,transformer.h.3.attn.c_proj.weight,transformer.h.3.attn.c_proj.weight,"[384, 384]",fixed_16,16,0.3775154948234558,0.002686534309759736,0.010624945163726807,0.32583245635032654,0.34173956513404846,0.3775154948234558,0.2503146529197693,0.32583245635032654,0.8426061272621155
1,512,transformer.h.3.attn.c_proj.weight,transformer.h.3.attn.c_proj.weight,"[384, 384]",energy_25,1,0.7751051783561707,0.005819793790578842,0.010624945163726807,0.7090164422988892,0.7620010375976562,0.7751051783561707,0.0590667724609375,0.7090164422988892,0.8414531946182251
1,512,transformer.h.3.attn.c_proj.weight,transformer.h.3.attn.c_proj.weight,"[384, 384]",energy_50,3,0.6609150171279907,0.004745390731841326,0.010624945163726807,0.5819371342658997,0.6216657161712646,0.6609150171279907,0.09528124332427979,0.5819371342658997,0.8501891493797302
1,512,transformer.h.3.attn.c_proj.weight,transformer.h.3.attn.c_proj.weight,"[384, 384]",energy_75,8,0.4953841269016266,0.0038857273757457733,0.010624945163726807,0.4365767538547516,0.45443564653396606,0.4953841269016266,0.1689203381538391,0.4365767538547516,0.8476187586784363
1,512,transformer.h.3.attn.c_proj.weight,transformer.h.3.attn.c_proj.weight,"[384, 384]",energy_90,23,0.308586448431015,0.00233367457985878,0.010624945163726807,0.26329305768013,0.2756054699420929,0.308586448431015,0.30610865354537964,0.26329305768013,0.8469231724739075
1,512,transformer.h.3.mlp.w1.weight,transformer.h.3.mlp.w1.weight,"[1024, 384]",fixed_1,1,0.911563515663147,0.003411188954487443,0.0035216091200709343,0.9191510081291199,0.8907118439674377,0.911563515663147,0.013918101787567139,0.9191510081291199,0.0
1,512,transformer.h.3.mlp.w1.weight,transformer.h.3.mlp.w1.weight,"[1024, 384]",fixed_2,2,0.8654183745384216,0.003878895891830325,0.0035216091200709343,0.8697762489318848,0.8490288853645325,0.8654183745384216,0.02199113368988037,0.8697762489318848,0.0
1,512,transformer.h.3.mlp.w1.weight,transformer.h.3.mlp.w1.weight,"[1024, 384]",fixed_4,4,0.8013951778411865,0.0034066070802509785,0.0035216091200709343,0.7907847166061401,0.7716391682624817,0.8013951778411865,0.03381258249282837,0.7907847166061401,0.0
1,512,transformer.h.3.mlp.w1.weight,transformer.h.3.mlp.w1.weight,"[1024, 384]",fixed_8,8,0.7264842391014099,0.0018607632955536246,0.0035216091200709343,0.700739860534668,0.7029518485069275,0.7264842391014099,0.04646408557891846,0.700739860534668,0.0
1,512,transformer.h.3.mlp.w1.weight,transformer.h.3.mlp.w1.weight,"[1024, 384]",fixed_16,16,0.6315887570381165,0.0014006774872541428,0.0035216091200709343,0.6069675087928772,0.6251392364501953,0.6315887570381165,0.06099516153335571,0.6069675087928772,0.0
1,512,transformer.h.3.mlp.w1.weight,transformer.h.3.mlp.w1.weight,"[1024, 384]",energy_25,2,0.8654183745384216,0.003878895891830325,0.0035216091200709343,0.8697762489318848,0.8490288853645325,0.8654183745384216,0.02199113368988037,0.8697762489318848,0.0
1,512,transformer.h.3.mlp.w1.weight,transformer.h.3.mlp.w1.weight,"[1024, 384]",energy_50,10,0.6966022849082947,0.0019234686624258757,0.0035216091200709343,0.6694404482841492,0.6658905744552612,0.6966022849082947,0.05143827199935913,0.6694404482841492,0.0
1,512,transformer.h.3.mlp.w1.weight,transformer.h.3.mlp.w1.weight,"[1024, 384]",energy_75,37,0.4959559738636017,0.001006079139187932,0.0035216091200709343,0.45042693614959717,0.4785701632499695,0.4959559738636017,0.0823129415512085,0.45042693614959717,0.0
1,512,transformer.h.3.mlp.w1.weight,transformer.h.3.mlp.w1.weight,"[1024, 384]",energy_90,97,0.3153456151485443,0.0004533256869763136,0.0035216091200709343,0.267575740814209,0.29372984170913696,0.3153456151485443,0.10392749309539795,0.267575740814209,0.0
1,512,transformer.h.3.mlp.w2.weight,transformer.h.3.mlp.w2.weight,"[1024, 384]",fixed_1,1,0.909221351146698,0.0028285968583077192,0.003877983894199133,0.898918092250824,0.8987783789634705,0.909221351146698,0.01556384563446045,0.898918092250824,0.0
1,512,transformer.h.3.mlp.w2.weight,transformer.h.3.mlp.w2.weight,"[1024, 384]",fixed_2,2,0.8642367720603943,0.0031108136754482985,0.003877983894199133,0.8516035079956055,0.8547354340553284,0.8642367720603943,0.022612333297729492,0.8516035079956055,0.0
1,512,transformer.h.3.mlp.w2.weight,transformer.h.3.mlp.w2.weight,"[1024, 384]",fixed_4,4,0.8027211427688599,0.002132146153599024,0.003877983894199133,0.7908793687820435,0.8138209581375122,0.8027211427688599,0.03217005729675293,0.7908793687820435,0.0
1,512,transformer.h.3.mlp.w2.weight,transformer.h.3.mlp.w2.weight,"[1024, 384]",fixed_8,8,0.7275307774543762,0.0017289819661527872,0.003877983894199133,0.7064387798309326,0.7444487810134888,0.7275307774543762,0.045355379581451416,0.7064387798309326,0.0
1,512,transformer.h.3.mlp.w2.weight,transformer.h.3.mlp.w2.weight,"[1024, 384]",fixed_16,16,0.6338497400283813,0.0014712742995470762,0.003877983894199133,0.6121280789375305,0.6545072793960571,0.6338497400283813,0.059721529483795166,0.6121280789375305,0.0
1,512,transformer.h.3.mlp.w2.weight,transformer.h.3.mlp.w2.weight,"[1024, 384]",energy_25,2,0.8642367720603943,0.0031108136754482985,0.003877983894199133,0.8516035079956055,0.8547354340553284,0.8642367720603943,0.022612333297729492,0.8516035079956055,0.0
1,512,transformer.h.3.mlp.w2.weight,transformer.h.3.mlp.w2.weight,"[1024, 384]",energy_50,10,0.6986405849456787,0.001745726796798408,0.003877983894199133,0.6770868301391602,0.7153297066688538,0.6986405849456787,0.0497891902923584,0.6770868301391602,0.0
1,512,transformer.h.3.mlp.w2.weight,transformer.h.3.mlp.w2.weight,"[1024, 384]",energy_75,36,0.4998895823955536,0.0008995807729661465,0.003877983894199133,0.46105432510375977,0.5063725113868713,0.4998895823955536,0.08063173294067383,0.46105432510375977,0.0
1,512,transformer.h.3.mlp.w2.weight,transformer.h.3.mlp.w2.weight,"[1024, 384]",energy_90,95,0.31615325808525085,0.0005280537297949195,0.003877983894199133,0.2679714560508728,0.29716968536376953,0.31615325808525085,0.10410469770431519,0.2679714560508728,0.0
1,512,transformer.h.3.mlp.c_proj.weight,transformer.h.3.mlp.c_proj.weight,"[384, 1024]",fixed_1,1,0.9215839505195618,0.010151605121791363,0.012482278048992157,0.9147868156433105,0.9033335447311401,0.9215839505195618,0.013439059257507324,0.9147868156433105,0.0
1,512,transformer.h.3.mlp.c_proj.weight,transformer.h.3.mlp.c_proj.weight,"[384, 1024]",fixed_2,2,0.8718938827514648,0.01092850137501955,0.012482278048992157,0.7844746112823486,0.7750289440155029,0.8718938827514648,0.026564180850982666,0.7844746112823486,0.0
1,512,transformer.h.3.mlp.c_proj.weight,transformer.h.3.mlp.c_proj.weight,"[384, 1024]",fixed_4,4,0.8201900124549866,0.009365224279463291,0.012482278048992157,0.6946242451667786,0.6925060153007507,0.8201900124549866,0.03722268342971802,0.6946242451667786,0.0
1,512,transformer.h.3.mlp.c_proj.weight,transformer.h.3.mlp.c_proj.weight,"[384, 1024]",fixed_8,8,0.7572053074836731,0.005795762408524752,0.012482278048992157,0.5614882707595825,0.5674629807472229,0.7572053074836731,0.052728235721588135,0.5614882707595825,0.0
1,512,transformer.h.3.mlp.c_proj.weight,transformer.h.3.mlp.c_proj.weight,"[384, 1024]",fixed_16,16,0.6698747873306274,0.0048419698141515255,0.012482278048992157,0.4558493494987488,0.46036040782928467,0.6698747873306274,0.06922763586044312,0.4558493494987488,0.0
1,512,transformer.h.3.mlp.c_proj.weight,transformer.h.3.mlp.c_proj.weight,"[384, 1024]",energy_25,3,0.8440161347389221,0.010161394253373146,0.012482278048992157,0.7261279821395874,0.7208460569381714,0.8440161347389221,0.03259599208831787,0.7261279821395874,0.0
1,512,transformer.h.3.mlp.c_proj.weight,transformer.h.3.mlp.c_proj.weight,"[384, 1024]",energy_50,13,0.6985510587692261,0.004996151197701693,0.012482278048992157,0.48662006855010986,0.4949333369731903,0.6985510587692261,0.0640188455581665,0.48662006855010986,0.0
1,512,transformer.h.3.mlp.c_proj.weight,transformer.h.3.mlp.c_proj.weight,"[384, 1024]",energy_75,46,0.4960390329360962,0.0025571086443960667,0.012482278048992157,0.29612892866134644,0.30605053901672363,0.4960390329360962,0.09429144859313965,0.29612892866134644,0.0
1,512,transformer.h.3.mlp.c_proj.weight,transformer.h.3.mlp.c_proj.weight,"[384, 1024]",energy_90,114,0.3159814774990082,0.0013975166948512197,0.012482278048992157,0.1636614203453064,0.16986216604709625,0.3159814774990082,0.11272352933883667,0.1636614203453064,0.0
1,512,transformer.h.4.attn.c_attn.weight,transformer.h.4.attn.c_attn.weight,"[1152, 384]",fixed_1,1,0.7817443013191223,0.0043669226579368114,0.007378532085567713,0.6759307980537415,0.6469672322273254,0.7817443013191223,0.06331664323806763,0.6759307980537415,0.7215298414230347
1,512,transformer.h.4.attn.c_attn.weight,transformer.h.4.attn.c_attn.weight,"[1152, 384]",fixed_2,2,0.7056275606155396,0.003454213961958885,0.007378532085567713,0.5911614894866943,0.6026511788368225,0.7056275606155396,0.08607792854309082,0.5911614894866943,0.7224439382553101
1,512,transformer.h.4.attn.c_attn.weight,transformer.h.4.attn.c_attn.weight,"[1152, 384]",fixed_4,4,0.6021848917007446,0.0019495609449222684,0.007378532085567713,0.4996371567249298,0.5655456781387329,0.6021848917007446,0.1257203221321106,0.4996371567249298,0.7352540493011475
1,512,transformer.h.4.attn.c_attn.weight,transformer.h.4.attn.c_attn.weight,"[1152, 384]",fixed_8,8,0.4707033038139343,0.0012971628457307816,0.007378532085567713,0.37201178073883057,0.4669923484325409,0.4707033038139343,0.19626545906066895,0.37201178073883057,0.7436660528182983
1,512,transformer.h.4.attn.c_attn.weight,transformer.h.4.attn.c_attn.weight,"[1152, 384]",fixed_16,16,0.3436261713504791,0.001090349513106048,0.007378532085567713,0.28256309032440186,0.43772798776626587,0.3436261713504791,0.2794300317764282,0.28256309032440186,0.7420852780342102
1,512,transformer.h.4.attn.c_attn.weight,transformer.h.4.attn.c_attn.weight,"[1152, 384]",energy_25,1,0.7817443013191223,0.0043669226579368114,0.007378532085567713,0.6759307980537415,0.6469672322273254,0.7817443013191223,0.06331664323806763,0.6759307980537415,0.7215298414230347
1,512,transformer.h.4.attn.c_attn.weight,transformer.h.4.attn.c_attn.weight,"[1152, 384]",energy_50,2,0.7056275606155396,0.003454213961958885,0.007378532085567713,0.5911614894866943,0.6026511788368225,0.7056275606155396,0.08607792854309082,0.5911614894866943,0.7224439382553101
1,512,transformer.h.4.attn.c_attn.weight,transformer.h.4.attn.c_attn.weight,"[1152, 384]",energy_75,7,0.4991301894187927,0.0020397123880684376,0.007378532085567713,0.4088878929615021,0.5120987296104431,0.4991301894187927,0.1760406494140625,0.4088878929615021,0.7417002320289612
1,512,transformer.h.4.attn.c_attn.weight,transformer.h.4.attn.c_attn.weight,"[1152, 384]",energy_90,19,0.31402578949928284,0.0009561588522046804,0.007378532085567713,0.2582630217075348,0.42479515075683594,0.31402578949928284,0.30312055349349976,0.2582630217075348,0.7403607368469238
1,512,transformer.h.4.attn.c_proj.weight,transformer.h.4.attn.c_proj.weight,"[384, 384]",fixed_1,1,0.8287222385406494,0.006849391385912895,0.008927525952458382,0.7709158062934875,0.7640380263328552,0.8287222385406494,0.047119855880737305,0.7709158062934875,0.8191717267036438
1,512,transformer.h.4.attn.c_proj.weight,transformer.h.4.attn.c_proj.weight,"[384, 384]",fixed_2,2,0.7519750595092773,0.0054619526490569115,0.008927525952458382,0.6874315142631531,0.6924033164978027,0.7519750595092773,0.0695807933807373,0.6874315142631531,0.8234022855758667
1,512,transformer.h.4.attn.c_proj.weight,transformer.h.4.attn.c_proj.weight,"[384, 384]",fixed_4,4,0.642596960067749,0.004156525246798992,0.008927525952458382,0.58675217628479,0.5959622859954834,0.642596960067749,0.10428416728973389,0.58675217628479,0.8188178539276123
1,512,transformer.h.4.attn.c_proj.weight,transformer.h.4.attn.c_proj.weight,"[384, 384]",fixed_8,8,0.5203951597213745,0.003515993244946003,0.008927525952458382,0.47163107991218567,0.47266218066215515,0.5203951597213745,0.16176366806030273,0.47163107991218567,0.8182940483093262
1,512,transformer.h.4.attn.c_proj.weight,transformer.h.4.attn.c_proj.weight,"[384, 384]",fixed_16,16,0.3958486318588257,0.002709968015551567,0.008927525952458382,0.3577955663204193,0.3540636897087097,0.3958486318588257,0.23518681526184082,0.3577955663204193,0.8181121945381165
1,512,transformer.h.4.attn.c_proj.weight,transformer.h.4.attn.c_proj.weight,"[384, 384]",energy_25,1,0.8287222385406494,0.006849391385912895,0.008927525952458382,0.7709158062934875,0.7640380263328552,0.8287222385406494,0.047119855880737305,0.7709158062934875,0.8191717267036438
1,512,transformer.h.4.attn.c_proj.weight,transformer.h.4.attn.c_proj.weight,"[384, 384]",energy_50,3,0.6843546032905579,0.004478595685213804,0.008927525952458382,0.6124624013900757,0.6099502444267273,0.6843546032905579,0.09309506416320801,0.6124624013900757,0.823138415813446
1,512,transformer.h.4.attn.c_proj.weight,transformer.h.4.attn.c_proj.weight,"[384, 384]",energy_75,10,0.4809950888156891,0.003305756952613592,0.008927525952458382,0.4371589720249176,0.44179603457450867,0.4809950888156891,0.18291383981704712,0.4371589720249176,0.8172022700309753
1,512,transformer.h.4.attn.c_proj.weight,transformer.h.4.attn.c_proj.weight,"[384, 384]",energy_90,24,0.3138498365879059,0.0020305663347244263,0.008927525952458382,0.2779139280319214,0.2828333377838135,0.3138498365879059,0.2988200783729553,0.2779139280319214,0.8199191093444824
1,512,transformer.h.4.mlp.w1.weight,transformer.h.4.mlp.w1.weight,"[1024, 384]",fixed_1,1,0.8630293607711792,0.0034135228488594294,0.010912507772445679,0.8504681587219238,0.866381824016571,0.8630293607711792,0.016899824142456055,0.8504681587219238,0.004008911084383726
1,512,transformer.h.4.mlp.w1.weight,transformer.h.4.mlp.w1.weight,"[1024, 384]",fixed_2,2,0.8177112936973572,0.003242556471377611,0.010912507772445679,0.8107544779777527,0.8267839550971985,0.8177112936973572,0.024865806102752686,0.8107544779777527,0.004065313376486301
1,512,transformer.h.4.mlp.w1.weight,transformer.h.4.mlp.w1.weight,"[1024, 384]",fixed_4,4,0.751209020614624,0.0022411069367080927,0.010912507772445679,0.7469874620437622,0.7689658403396606,0.751209020614624,0.036527812480926514,0.7469874620437622,0.003812783630564809
1,512,transformer.h.4.mlp.w1.weight,transformer.h.4.mlp.w1.weight,"[1024, 384]",fixed_8,8,0.6777787804603577,0.0019512909930199385,0.010912507772445679,0.6641904711723328,0.6606559753417969,0.6777787804603577,0.05109679698944092,0.6641904711723328,0.0036681906785815954
1,512,transformer.h.4.mlp.w1.weight,transformer.h.4.mlp.w1.weight,"[1024, 384]",fixed_16,16,0.584776759147644,0.001367191900499165,0.010912507772445679,0.5569442510604858,0.5956621170043945,0.584776759147644,0.06942176818847656,0.5569442510604858,0.004064379725605249
1,512,transformer.h.4.mlp.w1.weight,transformer.h.4.mlp.w1.weight,"[1024, 384]",energy_25,1,0.8630293607711792,0.0034135228488594294,0.010912507772445679,0.8504681587219238,0.866381824016571,0.8630293607711792,0.016899824142456055,0.8504681587219238,0.004008911084383726
1,512,transformer.h.4.mlp.w1.weight,transformer.h.4.mlp.w1.weight,"[1024, 384]",energy_50,7,0.6934714317321777,0.002188322367146611,0.010912507772445679,0.6859180927276611,0.6998624801635742,0.6934714317321777,0.047847092151641846,0.6859180927276611,0.003903653472661972
1,512,transformer.h.4.mlp.w1.weight,transformer.h.4.mlp.w1.weight,"[1024, 384]",energy_75,28,0.4970291256904602,0.0010577712673693895,0.010912507772445679,0.47127673029899597,0.5084542036056519,0.4970291256904602,0.08444839715957642,0.47127673029899597,0.003965266514569521
1,512,transformer.h.4.mlp.w1.weight,transformer.h.4.mlp.w1.weight,"[1024, 384]",energy_90,80,0.3160204291343689,0.0005823932006023824,0.010912507772445679,0.2785244882106781,0.3049372732639313,0.3160204291343689,0.11432754993438721,0.2785244882106781,0.003937935456633568
1,512,transformer.h.4.mlp.w2.weight,transformer.h.4.mlp.w2.weight,"[1024, 384]",fixed_1,1,0.8661236763000488,0.002966951346024871,0.008587189018726349,0.8634435534477234,0.8978098034858704,0.8661236763000488,0.015865087509155273,0.8634435534477234,0.010278389789164066
1,512,transformer.h.4.mlp.w2.weight,transformer.h.4.mlp.w2.weight,"[1024, 384]",fixed_2,2,0.8203680515289307,0.002624418120831251,0.008587189018726349,0.8120896816253662,0.8686841130256653,0.8203680515289307,0.025218546390533447,0.8120896816253662,0.010056920349597931
1,512,transformer.h.4.mlp.w2.weight,transformer.h.4.mlp.w2.weight,"[1024, 384]",fixed_4,4,0.7490817904472351,0.002041864674538374,0.008587189018726349,0.7341950535774231,0.7540796399116516,0.7490817904472351,0.040064990520477295,0.7341950535774231,0.010524469427764416
1,512,transformer.h.4.mlp.w2.weight,transformer.h.4.mlp.w2.weight,"[1024, 384]",fixed_8,8,0.6739262938499451,0.0020260727033019066,0.008587189018726349,0.6597668528556824,0.699431836605072,0.6739262938499451,0.054844558238983154,0.6597668528556824,0.010463190264999866
1,512,transformer.h.4.mlp.w2.weight,transformer.h.4.mlp.w2.weight,"[1024, 384]",fixed_16,16,0.5800517201423645,0.0015035979449748993,0.008587189018726349,0.55604088306427,0.5867655277252197,0.5800517201423645,0.0738452672958374,0.55604088306427,0.010155515745282173
1,512,transformer.h.4.mlp.w2.weight,transformer.h.4.mlp.w2.weight,"[1024, 384]",energy_25,2,0.8203680515289307,0.002624418120831251,0.008587189018726349,0.8120896816253662,0.8686841130256653,0.8203680515289307,0.025218546390533447,0.8120896816253662,0.010056920349597931
1,512,transformer.h.4.mlp.w2.weight,transformer.h.4.mlp.w2.weight,"[1024, 384]",energy_50,6,0.7061593532562256,0.001917680841870606,0.008587189018726349,0.6938921809196472,0.7169036865234375,0.7061593532562256,0.04810178279876709,0.6938921809196472,0.009857336059212685
1,512,transformer.h.4.mlp.w2.weight,transformer.h.4.mlp.w2.weight,"[1024, 384]",energy_75,27,0.499512255191803,0.0010082308435812593,0.008587189018726349,0.4642075002193451,0.4999759793281555,0.499512255191803,0.08907115459442139,0.4642075002193451,0.010090420953929424
1,512,transformer.h.4.mlp.w2.weight,transformer.h.4.mlp.w2.weight,"[1024, 384]",energy_90,78,0.3150436282157898,0.0005307127721607685,0.008587189018726349,0.27345097064971924,0.2991386651992798,0.3150436282157898,0.12102818489074707,0.27345097064971924,0.009961324743926525
1,512,transformer.h.4.mlp.c_proj.weight,transformer.h.4.mlp.c_proj.weight,"[384, 1024]",fixed_1,1,0.8276262879371643,0.009914635680615902,0.02262047305703163,0.5577354431152344,0.5582020282745361,0.8276262879371643,0.045881688594818115,0.5577354431152344,0.0
1,512,transformer.h.4.mlp.c_proj.weight,transformer.h.4.mlp.c_proj.weight,"[384, 1024]",fixed_2,2,0.7815574407577515,0.007922792807221413,0.02262047305703163,0.46239590644836426,0.4684675335884094,0.7815574407577515,0.06074631214141846,0.46239590644836426,0.0
1,512,transformer.h.4.mlp.c_proj.weight,transformer.h.4.mlp.c_proj.weight,"[384, 1024]",fixed_4,4,0.7315588593482971,0.006221811752766371,0.02262047305703163,0.38622191548347473,0.3918311595916748,0.7315588593482971,0.07455837726593018,0.38622191548347473,0.0
1,512,transformer.h.4.mlp.c_proj.weight,transformer.h.4.mlp.c_proj.weight,"[384, 1024]",fixed_8,8,0.6735405921936035,0.00511592160910368,0.02262047305703163,0.3360725939273834,0.34164005517959595,0.6735405921936035,0.08657556772232056,0.3360725939273834,0.0
1,512,transformer.h.4.mlp.c_proj.weight,transformer.h.4.mlp.c_proj.weight,"[384, 1024]",fixed_16,16,0.59498530626297,0.004032763186842203,0.02262047305703163,0.27544882893562317,0.2843826413154602,0.59498530626297,0.10223919153213501,0.27544882893562317,0.0
1,512,transformer.h.4.mlp.c_proj.weight,transformer.h.4.mlp.c_proj.weight,"[384, 1024]",energy_25,1,0.8276262879371643,0.009914635680615902,0.02262047305703163,0.5577354431152344,0.5582020282745361,0.8276262879371643,0.045881688594818115,0.5577354431152344,0.0
1,512,transformer.h.4.mlp.c_proj.weight,transformer.h.4.mlp.c_proj.weight,"[384, 1024]",energy_50,6,0.6990641355514526,0.005624065641313791,0.02262047305703163,0.3556915819644928,0.36359575390815735,0.6990641355514526,0.08234500885009766,0.3556915819644928,0.0
1,512,transformer.h.4.mlp.c_proj.weight,transformer.h.4.mlp.c_proj.weight,"[384, 1024]",energy_75,32,0.49809178709983826,0.003013113047927618,0.02262047305703163,0.20871925354003906,0.21717700362205505,0.49809178709983826,0.11992257833480835,0.20871925354003906,0.0
1,512,transformer.h.4.mlp.c_proj.weight,transformer.h.4.mlp.c_proj.weight,"[384, 1024]",energy_90,95,0.31501007080078125,0.0014201609883457422,0.02262047305703163,0.11424501240253448,0.1198621392250061,0.31501007080078125,0.1431596279144287,0.11424501240253448,0.0
1,512,transformer.h.5.attn.c_attn.weight,transformer.h.5.attn.c_attn.weight,"[1152, 384]",fixed_1,1,0.8550952076911926,0.0028457532171159983,0.003782059997320175,0.769207775592804,0.7684972882270813,0.8550952076911926,0.04145321249961853,0.769207775592804,0.740376353263855
1,512,transformer.h.5.attn.c_attn.weight,transformer.h.5.attn.c_attn.weight,"[1152, 384]",fixed_2,2,0.7617965340614319,0.0029934055637568235,0.003782059997320175,0.6665292978286743,0.6797426342964172,0.7617965340614319,0.0651368796825409,0.6665292978286743,0.7452719211578369
1,512,transformer.h.5.attn.c_attn.weight,transformer.h.5.attn.c_attn.weight,"[1152, 384]",fixed_4,4,0.6312340497970581,0.0018206924432888627,0.003782059997320175,0.5528345108032227,0.6680300235748291,0.6312340497970581,0.10982134938240051,0.5528345108032227,0.7460427284240723
1,512,transformer.h.5.attn.c_attn.weight,transformer.h.5.attn.c_attn.weight,"[1152, 384]",fixed_8,8,0.4860973656177521,0.0013087514089420438,0.003782059997320175,0.429010808467865,0.5919252634048462,0.4860973656177521,0.17640510201454163,0.429010808467865,0.740871787071228
1,512,transformer.h.5.attn.c_attn.weight,transformer.h.5.attn.c_attn.weight,"[1152, 384]",fixed_16,16,0.3461642265319824,0.0008365468820556998,0.003782059997320175,0.3085254430770874,0.5319496393203735,0.3461642265319824,0.2709812819957733,0.3085254430770874,0.7379931211471558
1,512,transformer.h.5.attn.c_attn.weight,transformer.h.5.attn.c_attn.weight,"[1152, 384]",energy_25,1,0.8550952076911926,0.0028457532171159983,0.003782059997320175,0.769207775592804,0.7684972882270813,0.8550952076911926,0.04145321249961853,0.769207775592804,0.740376353263855
1,512,transformer.h.5.attn.c_attn.weight,transformer.h.5.attn.c_attn.weight,"[1152, 384]",energy_50,3,0.6821387410163879,0.0022939424961805344,0.003782059997320175,0.6033094525337219,0.6755478382110596,0.6821387410163879,0.09144577383995056,0.6033094525337219,0.7418439388275146
1,512,transformer.h.5.attn.c_attn.weight,transformer.h.5.attn.c_attn.weight,"[1152, 384]",energy_75,8,0.4860973656177521,0.0013087514089420438,0.003782059997320175,0.429010808467865,0.5919252634048462,0.4860973656177521,0.17640510201454163,0.429010808467865,0.740871787071228
1,512,transformer.h.5.attn.c_attn.weight,transformer.h.5.attn.c_attn.weight,"[1152, 384]",energy_90,19,0.31299132108688354,0.0007496068137697875,0.003782059997320175,0.2816403806209564,0.5158643126487732,0.31299132108688354,0.2974627912044525,0.2816403806209564,0.732495129108429
1,512,transformer.h.5.attn.c_proj.weight,transformer.h.5.attn.c_proj.weight,"[384, 384]",fixed_1,1,0.8184044361114502,0.006309326738119125,0.009397022426128387,0.7357601523399353,0.7610515356063843,0.8184044361114502,0.05081832408905029,0.7357601523399353,0.8349443078041077
1,512,transformer.h.5.attn.c_proj.weight,transformer.h.5.attn.c_proj.weight,"[384, 384]",fixed_2,2,0.714631974697113,0.005163819994777441,0.009397022426128387,0.6468235850334167,0.6693227291107178,0.714631974697113,0.07976502180099487,0.6468235850334167,0.835978627204895
1,512,transformer.h.5.attn.c_proj.weight,transformer.h.5.attn.c_proj.weight,"[384, 384]",fixed_4,4,0.6029594540596008,0.004012857098132372,0.009397022426128387,0.5370555520057678,0.5612229108810425,0.6029594540596008,0.12364852428436279,0.5370555520057678,0.8353387713432312
1,512,transformer.h.5.attn.c_proj.weight,transformer.h.5.attn.c_proj.weight,"[384, 384]",fixed_8,8,0.47419893741607666,0.0035115107893943787,0.009397022426128387,0.4240995943546295,0.43408629298210144,0.47419893741607666,0.18614071607589722,0.4240995943546295,0.8381106853485107
1,512,transformer.h.5.attn.c_proj.weight,transformer.h.5.attn.c_proj.weight,"[384, 384]",fixed_16,16,0.35819366574287415,0.0025037077721208334,0.009397022426128387,0.31516143679618835,0.3231043219566345,0.35819366574287415,0.2644030451774597,0.31516143679618835,0.8347068428993225
1,512,transformer.h.5.attn.c_proj.weight,transformer.h.5.attn.c_proj.weight,"[384, 384]",energy_25,1,0.8184044361114502,0.006309326738119125,0.009397022426128387,0.7357601523399353,0.7610515356063843,0.8184044361114502,0.05081832408905029,0.7357601523399353,0.8349443078041077
1,512,transformer.h.5.attn.c_proj.weight,transformer.h.5.attn.c_proj.weight,"[384, 384]",energy_50,3,0.6446690559387207,0.004435788374394178,0.009397022426128387,0.5748780369758606,0.5954962372779846,0.6446690559387207,0.1052141785621643,0.5748780369758606,0.8361096382141113
1,512,transformer.h.5.attn.c_proj.weight,transformer.h.5.attn.c_proj.weight,"[384, 384]",energy_75,7,0.4992470443248749,0.0038263010792434216,0.009397022426128387,0.44973456859588623,0.46785351634025574,0.4992470443248749,0.1680554747581482,0.44973456859588623,0.8360437154769897
1,512,transformer.h.5.attn.c_proj.weight,transformer.h.5.attn.c_proj.weight,"[384, 384]",energy_90,21,0.30940675735473633,0.001983477035537362,0.009397022426128387,0.2699052095413208,0.28043249249458313,0.30940675735473633,0.30458545684814453,0.2699052095413208,0.8380569219589233
1,512,transformer.h.5.mlp.w1.weight,transformer.h.5.mlp.w1.weight,"[1024, 384]",fixed_1,1,0.8406283855438232,0.003113832324743271,0.009656917303800583,0.802069902420044,0.893162727355957,0.8406283855438232,0.022650718688964844,0.802069902420044,0.03484724834561348
1,512,transformer.h.5.mlp.w1.weight,transformer.h.5.mlp.w1.weight,"[1024, 384]",fixed_2,2,0.7850431203842163,0.0030957460403442383,0.009656917303800583,0.7246602177619934,0.8219553232192993,0.7850431203842163,0.035430967807769775,0.7246602177619934,0.03552054986357689
1,512,transformer.h.5.mlp.w1.weight,transformer.h.5.mlp.w1.weight,"[1024, 384]",fixed_4,4,0.7250699996948242,0.0021819069515913725,0.009656917303800583,0.6550200581550598,0.7374696731567383,0.7250699996948242,0.05094355344772339,0.6550200581550598,0.03483599051833153
1,512,transformer.h.5.mlp.w1.weight,transformer.h.5.mlp.w1.weight,"[1024, 384]",fixed_8,8,0.6488988399505615,0.0018359845271334052,0.009656917303800583,0.5699430108070374,0.6584959030151367,0.6488988399505615,0.06626290082931519,0.5699430108070374,0.034925054758787155
1,512,transformer.h.5.mlp.w1.weight,transformer.h.5.mlp.w1.weight,"[1024, 384]",fixed_16,16,0.5548943877220154,0.0011994184460490942,0.009656917303800583,0.4784214496612549,0.5601587295532227,0.5548943877220154,0.08779996633529663,0.4784214496612549,0.03421944007277489
1,512,transformer.h.5.mlp.w1.weight,transformer.h.5.mlp.w1.weight,"[1024, 384]",energy_25,1,0.8406283855438232,0.003113832324743271,0.009656917303800583,0.802069902420044,0.893162727355957,0.8406283855438232,0.022650718688964844,0.802069902420044,0.03484724834561348
1,512,transformer.h.5.mlp.w1.weight,transformer.h.5.mlp.w1.weight,"[1024, 384]",energy_50,5,0.701788067817688,0.0020036897622048855,0.009656917303800583,0.6333388090133667,0.713138222694397,0.701788067817688,0.053900718688964844,0.6333388090133667,0.034834202378988266
1,512,transformer.h.5.mlp.w1.weight,transformer.h.5.mlp.w1.weight,"[1024, 384]",energy_75,23,0.49945756793022156,0.0010782632743939757,0.009656917303800583,0.42045870423316956,0.5017685890197754,0.49945756793022156,0.10001367330551147,0.42045870423316956,0.03376678749918938
1,512,transformer.h.5.mlp.w1.weight,transformer.h.5.mlp.w1.weight,"[1024, 384]",energy_90,69,0.315597265958786,0.0006832004291936755,0.009656917303800583,0.2536501884460449,0.30423474311828613,0.315597265958786,0.13616621494293213,0.2536501884460449,0.0344226211309433
1,512,transformer.h.5.mlp.w2.weight,transformer.h.5.mlp.w2.weight,"[1024, 384]",fixed_1,1,0.8663097023963928,0.0032694402616471052,0.005649716127663851,0.8419578075408936,0.9148909449577332,0.8663097023963928,0.0186423659324646,0.8419578075408936,0.014280854724347591
1,512,transformer.h.5.mlp.w2.weight,transformer.h.5.mlp.w2.weight,"[1024, 384]",fixed_2,2,0.8047467470169067,0.0032496144995093346,0.005649716127663851,0.7455580234527588,0.8357697129249573,0.8047467470169067,0.03489333391189575,0.7455580234527588,0.014655970968306065
1,512,transformer.h.5.mlp.w2.weight,transformer.h.5.mlp.w2.weight,"[1024, 384]",fixed_4,4,0.7476329803466797,0.0019018029561266303,0.005649716127663851,0.6785166263580322,0.7588450312614441,0.7476329803466797,0.04632598161697388,0.6785166263580322,0.013986890204250813
1,512,transformer.h.5.mlp.w2.weight,transformer.h.5.mlp.w2.weight,"[1024, 384]",fixed_8,8,0.6706919074058533,0.0014280382310971618,0.005649716127663851,0.6018914580345154,0.6753142476081848,0.6706919074058533,0.06261301040649414,0.6018914580345154,0.014058040454983711
1,512,transformer.h.5.mlp.w2.weight,transformer.h.5.mlp.w2.weight,"[1024, 384]",fixed_16,16,0.5737762451171875,0.0013632987393066287,0.005649716127663851,0.5101685523986816,0.6007562279701233,0.5737762451171875,0.08335572481155396,0.5101685523986816,0.01415763795375824
1,512,transformer.h.5.mlp.w2.weight,transformer.h.5.mlp.w2.weight,"[1024, 384]",energy_25,2,0.8047467470169067,0.0032496144995093346,0.005649716127663851,0.7455580234527588,0.8357697129249573,0.8047467470169067,0.03489333391189575,0.7455580234527588,0.014655970968306065
1,512,transformer.h.5.mlp.w2.weight,transformer.h.5.mlp.w2.weight,"[1024, 384]",energy_50,6,0.7053488492965698,0.0017913246992975473,0.005649716127663851,0.6399420499801636,0.7215000987052917,0.7053488492965698,0.05551701784133911,0.6399420499801636,0.014675764366984367
1,512,transformer.h.5.mlp.w2.weight,transformer.h.5.mlp.w2.weight,"[1024, 384]",energy_75,26,0.495049387216568,0.0009074247791431844,0.005649716127663851,0.4348227083683014,0.5099308490753174,0.495049387216568,0.09932446479797363,0.4348227083683014,0.013717238791286945
1,512,transformer.h.5.mlp.w2.weight,transformer.h.5.mlp.w2.weight,"[1024, 384]",energy_90,73,0.31498482823371887,0.0004825307405553758,0.005649716127663851,0.25871485471725464,0.3176492750644684,0.31498482823371887,0.13406747579574585,0.25871485471725464,0.014436411671340466
1,512,transformer.h.5.mlp.c_proj.weight,transformer.h.5.mlp.c_proj.weight,"[384, 1024]",fixed_1,1,0.7763055562973022,0.00767809571698308,0.013587027788162231,0.5885927081108093,0.6102979779243469,0.7763055562973022,0.059382736682891846,0.5885927081108093,0.012040412984788418
1,512,transformer.h.5.mlp.c_proj.weight,transformer.h.5.mlp.c_proj.weight,"[384, 1024]",fixed_2,2,0.7384123206138611,0.006536440923810005,0.013587027788162231,0.5323712229728699,0.5558481216430664,0.7384123206138611,0.06882631778717041,0.5323712229728699,0.011713565327227116
1,512,transformer.h.5.mlp.c_proj.weight,transformer.h.5.mlp.c_proj.weight,"[384, 1024]",fixed_4,4,0.6935721039772034,0.005198311060667038,0.013587027788162231,0.4482111930847168,0.46501901745796204,0.6935721039772034,0.08297652006149292,0.4482111930847168,0.012282801792025566
1,512,transformer.h.5.mlp.c_proj.weight,transformer.h.5.mlp.c_proj.weight,"[384, 1024]",fixed_8,8,0.636254072189331,0.004362705163657665,0.013587027788162231,0.3773444890975952,0.3956012427806854,0.636254072189331,0.09762805700302124,0.3773444890975952,0.011896238662302494
1,512,transformer.h.5.mlp.c_proj.weight,transformer.h.5.mlp.c_proj.weight,"[384, 1024]",fixed_16,16,0.5594877600669861,0.0032996274530887604,0.013587027788162231,0.31036368012428284,0.3265897333621979,0.5594877600669861,0.11357313394546509,0.31036368012428284,0.011649568565189838
1,512,transformer.h.5.mlp.c_proj.weight,transformer.h.5.mlp.c_proj.weight,"[384, 1024]",energy_25,1,0.7763055562973022,0.00767809571698308,0.013587027788162231,0.5885927081108093,0.6102979779243469,0.7763055562973022,0.059382736682891846,0.5885927081108093,0.012040412984788418
1,512,transformer.h.5.mlp.c_proj.weight,transformer.h.5.mlp.c_proj.weight,"[384, 1024]",energy_50,4,0.6935721039772034,0.005198311060667038,0.013587027788162231,0.4482111930847168,0.46501901745796204,0.6935721039772034,0.08297652006149292,0.4482111930847168,0.012282801792025566
1,512,transformer.h.5.mlp.c_proj.weight,transformer.h.5.mlp.c_proj.weight,"[384, 1024]",energy_75,26,0.4974321126937866,0.002828810829669237,0.013587027788162231,0.2613354027271271,0.2765008211135864,0.4974321126937866,0.12517619132995605,0.2613354027271271,0.01188021432608366
1,512,transformer.h.5.mlp.c_proj.weight,transformer.h.5.mlp.c_proj.weight,"[384, 1024]",energy_90,85,0.3145148754119873,0.0013819724554196,0.013587027788162231,0.14399394392967224,0.1533244401216507,0.3145148754119873,0.15116733312606812,0.14399394392967224,0.011852647177875042
1,1024,transformer.h.0.attn.c_attn.weight,transformer.h.0.attn.c_attn.weight,"[1152, 384]",fixed_1,1,0.8166732788085938,0.004032130818814039,0.005479525774717331,0.7364785671234131,0.4913623034954071,0.8166732788085938,0.06272125244140625,0.7364785671234131,0.5959072709083557
1,1024,transformer.h.0.attn.c_attn.weight,transformer.h.0.attn.c_attn.weight,"[1152, 384]",fixed_2,2,0.6889883875846863,0.002981452737003565,0.005479525774717331,0.621435821056366,0.48761823773384094,0.6889883875846863,0.10272395610809326,0.621435821056366,0.5889195203781128
1,1024,transformer.h.0.attn.c_attn.weight,transformer.h.0.attn.c_attn.weight,"[1152, 384]",fixed_4,4,0.6148781180381775,0.0024900431744754314,0.005479525774717331,0.5662025213241577,0.4314519166946411,0.6148781180381775,0.12635618448257446,0.5662025213241577,0.5921303629875183
1,1024,transformer.h.0.attn.c_attn.weight,transformer.h.0.attn.c_attn.weight,"[1152, 384]",fixed_8,8,0.5136011838912964,0.0021566227078437805,0.005479525774717331,0.4734843075275421,0.38557443022727966,0.5136011838912964,0.17801350355148315,0.4734843075275421,0.5878695845603943
1,1024,transformer.h.0.attn.c_attn.weight,transformer.h.0.attn.c_attn.weight,"[1152, 384]",fixed_16,16,0.4060570299625397,0.001603409880772233,0.005479525774717331,0.38657692074775696,0.3634238541126251,0.4060570299625397,0.231237530708313,0.38657692074775696,0.5813257098197937
1,1024,transformer.h.0.attn.c_attn.weight,transformer.h.0.attn.c_attn.weight,"[1152, 384]",energy_25,1,0.8166732788085938,0.004032130818814039,0.005479525774717331,0.7364785671234131,0.4913623034954071,0.8166732788085938,0.06272125244140625,0.7364785671234131,0.5959072709083557
1,1024,transformer.h.0.attn.c_attn.weight,transformer.h.0.attn.c_attn.weight,"[1152, 384]",energy_50,2,0.6889883875846863,0.002981452737003565,0.005479525774717331,0.621435821056366,0.48761823773384094,0.6889883875846863,0.10272395610809326,0.621435821056366,0.5889195203781128
1,1024,transformer.h.0.attn.c_attn.weight,transformer.h.0.attn.c_attn.weight,"[1152, 384]",energy_75,9,0.49464669823646545,0.0018285255646333098,0.005479525774717331,0.4573906362056732,0.37032002210617065,0.49464669823646545,0.1847870945930481,0.4573906362056732,0.5835080146789551
1,1024,transformer.h.0.attn.c_attn.weight,transformer.h.0.attn.c_attn.weight,"[1152, 384]",energy_90,29,0.3107377886772156,0.0012430308852344751,0.005479525774717331,0.2987212538719177,0.31388863921165466,0.3107377886772156,0.2856587767601013,0.2987212538719177,0.5735777616500854
1,1024,transformer.h.0.attn.c_proj.weight,transformer.h.0.attn.c_proj.weight,"[384, 384]",fixed_1,1,0.844841718673706,0.011948169209063053,0.015257938764989376,0.8273918628692627,0.8065558671951294,0.844841718673706,0.038580894470214844,0.8273918628692627,0.765963077545166
1,1024,transformer.h.0.attn.c_proj.weight,transformer.h.0.attn.c_proj.weight,"[384, 384]",fixed_2,2,0.7659329175949097,0.011763393878936768,0.015257938764989376,0.7664655447006226,0.7608586549758911,0.7659329175949097,0.06004071235656738,0.7664655447006226,0.7615973949432373
1,1024,transformer.h.0.attn.c_proj.weight,transformer.h.0.attn.c_proj.weight,"[384, 384]",fixed_4,4,0.6440887451171875,0.006190193351358175,0.015257938764989376,0.5842248797416687,0.5911421179771423,0.6440887451171875,0.11228197813034058,0.5842248797416687,0.7722998261451721
1,1024,transformer.h.0.attn.c_proj.weight,transformer.h.0.attn.c_proj.weight,"[384, 384]",fixed_8,8,0.521087110042572,0.005268946290016174,0.015257938764989376,0.46287399530410767,0.4676380455493927,0.521087110042572,0.17334860563278198,0.46287399530410767,0.7700359225273132
1,1024,transformer.h.0.attn.c_proj.weight,transformer.h.0.attn.c_proj.weight,"[384, 384]",fixed_16,16,0.3999643921852112,0.0039863563142716885,0.015257938764989376,0.355618953704834,0.35942918062210083,0.3999643921852112,0.2420751452445984,0.355618953704834,0.7712770104408264
1,1024,transformer.h.0.attn.c_proj.weight,transformer.h.0.attn.c_proj.weight,"[384, 384]",energy_25,1,0.844841718673706,0.011948169209063053,0.015257938764989376,0.8273918628692627,0.8065558671951294,0.844841718673706,0.038580894470214844,0.8273918628692627,0.765963077545166
1,1024,transformer.h.0.attn.c_proj.weight,transformer.h.0.attn.c_proj.weight,"[384, 384]",energy_50,3,0.6869702339172363,0.006964597385376692,0.015257938764989376,0.6284492611885071,0.6344159841537476,0.6869702339172363,0.09750670194625854,0.6284492611885071,0.7683340311050415
1,1024,transformer.h.0.attn.c_proj.weight,transformer.h.0.attn.c_proj.weight,"[384, 384]",energy_75,10,0.48324769735336304,0.004907077178359032,0.015257938764989376,0.42656174302101135,0.4290027618408203,0.48324769735336304,0.19449657201766968,0.42656174302101135,0.7690888047218323
1,1024,transformer.h.0.attn.c_proj.weight,transformer.h.0.attn.c_proj.weight,"[384, 384]",energy_90,27,0.30992111563682556,0.0034240568056702614,0.015257938764989376,0.2783425748348236,0.28368470072746277,0.30992111563682556,0.3014189600944519,0.2783425748348236,0.7634307146072388
1,1024,transformer.h.0.mlp.w1.weight,transformer.h.0.mlp.w1.weight,"[1024, 384]",fixed_1,1,0.824506938457489,0.0040375841781497,0.007321949116885662,0.8018820881843567,0.8181304931640625,0.824506938457489,0.021586835384368896,0.8018820881843567,0.0
1,1024,transformer.h.0.mlp.w1.weight,transformer.h.0.mlp.w1.weight,"[1024, 384]",fixed_2,2,0.7778766751289368,0.003761106636375189,0.007321949116885662,0.7422170639038086,0.7562021017074585,0.7778766751289368,0.027806878089904785,0.7422170639038086,0.0
1,1024,transformer.h.0.mlp.w1.weight,transformer.h.0.mlp.w1.weight,"[1024, 384]",fixed_4,4,0.7324548363685608,0.0035647607874125242,0.007321949116885662,0.6964097619056702,0.7153720855712891,0.7324548363685608,0.03312188386917114,0.6964097619056702,0.0
1,1024,transformer.h.0.mlp.w1.weight,transformer.h.0.mlp.w1.weight,"[1024, 384]",fixed_8,8,0.6865745186805725,0.002834081184118986,0.007321949116885662,0.6508852243423462,0.6721398234367371,0.6865745186805725,0.03792226314544678,0.6508852243423462,0.0
1,1024,transformer.h.0.mlp.w1.weight,transformer.h.0.mlp.w1.weight,"[1024, 384]",fixed_16,16,0.6284983158111572,0.002460615010932088,0.007321949116885662,0.5818171501159668,0.6088931560516357,0.6284983158111572,0.04456883668899536,0.5818171501159668,0.0
1,1024,transformer.h.0.mlp.w1.weight,transformer.h.0.mlp.w1.weight,"[1024, 384]",energy_25,1,0.824506938457489,0.0040375841781497,0.007321949116885662,0.8018820881843567,0.8181304931640625,0.824506938457489,0.021586835384368896,0.8018820881843567,0.0
1,1024,transformer.h.0.mlp.w1.weight,transformer.h.0.mlp.w1.weight,"[1024, 384]",energy_50,6,0.7064902782440186,0.0034166008699685335,0.007321949116885662,0.6756339073181152,0.6803945899009705,0.7064902782440186,0.035642266273498535,0.6756339073181152,0.0
1,1024,transformer.h.0.mlp.w1.weight,transformer.h.0.mlp.w1.weight,"[1024, 384]",energy_75,49,0.49819108843803406,0.001486630062572658,0.007321949116885662,0.4349682927131653,0.46030393242836,0.49819108843803406,0.057171404361724854,0.4349682927131653,0.0
1,1024,transformer.h.0.mlp.w1.weight,transformer.h.0.mlp.w1.weight,"[1024, 384]",energy_90,136,0.315313458442688,0.0007707280456088483,0.007321949116885662,0.2605213224887848,0.2798420786857605,0.315313458442688,0.06950950622558594,0.2605213224887848,0.0
1,1024,transformer.h.0.mlp.w2.weight,transformer.h.0.mlp.w2.weight,"[1024, 384]",fixed_1,1,0.8392322659492493,0.0034472045954316854,0.004881306551396847,0.8261690735816956,0.8902493119239807,0.8392322659492493,0.01971912384033203,0.8261690735816956,0.0
1,1024,transformer.h.0.mlp.w2.weight,transformer.h.0.mlp.w2.weight,"[1024, 384]",fixed_2,2,0.7885813117027283,0.0032761842012405396,0.004881306551396847,0.76598060131073,0.7781189680099487,0.7885813117027283,0.02641463279724121,0.76598060131073,0.0
1,1024,transformer.h.0.mlp.w2.weight,transformer.h.0.mlp.w2.weight,"[1024, 384]",fixed_4,4,0.7475500106811523,0.0030830949544906616,0.004881306551396847,0.7214329242706299,0.7447429895401001,0.7475500106811523,0.03132748603820801,0.7214329242706299,0.0
1,1024,transformer.h.0.mlp.w2.weight,transformer.h.0.mlp.w2.weight,"[1024, 384]",fixed_8,8,0.7022320032119751,0.002776564098894596,0.004881306551396847,0.6688795685768127,0.6959273219108582,0.7022320032119751,0.03652465343475342,0.6688795685768127,0.0
1,1024,transformer.h.0.mlp.w2.weight,transformer.h.0.mlp.w2.weight,"[1024, 384]",fixed_16,16,0.6423624753952026,0.0020775701850652695,0.004881306551396847,0.5960410833358765,0.6303203701972961,0.6423624753952026,0.04306584596633911,0.5960410833358765,0.0
1,1024,transformer.h.0.mlp.w2.weight,transformer.h.0.mlp.w2.weight,"[1024, 384]",energy_25,1,0.8392322659492493,0.0034472045954316854,0.004881306551396847,0.8261690735816956,0.8902493119239807,0.8392322659492493,0.01971912384033203,0.8261690735816956,0.0
1,1024,transformer.h.0.mlp.w2.weight,transformer.h.0.mlp.w2.weight,"[1024, 384]",energy_50,8,0.7022320032119751,0.002776564098894596,0.004881306551396847,0.6688795685768127,0.6959273219108582,0.7022320032119751,0.03652465343475342,0.6688795685768127,0.0
1,1024,transformer.h.0.mlp.w2.weight,transformer.h.0.mlp.w2.weight,"[1024, 384]",energy_75,52,0.4980473816394806,0.0014388730050995946,0.004881306551396847,0.44499802589416504,0.4891873002052307,0.4980473816394806,0.05601531267166138,0.44499802589416504,0.0
1,1024,transformer.h.0.mlp.w2.weight,transformer.h.0.mlp.w2.weight,"[1024, 384]",energy_90,139,0.31539127230644226,0.0008601546287536621,0.004881306551396847,0.26448285579681396,0.2906332015991211,0.31539127230644226,0.06844371557235718,0.26448285579681396,0.0
1,1024,transformer.h.0.mlp.c_proj.weight,transformer.h.0.mlp.c_proj.weight,"[384, 1024]",fixed_1,1,0.8758569955825806,0.01468521449714899,0.031995948404073715,0.6882138848304749,0.73282390832901,0.8758569955825806,0.026351511478424072,0.6882138848304749,0.0
1,1024,transformer.h.0.mlp.c_proj.weight,transformer.h.0.mlp.c_proj.weight,"[384, 1024]",fixed_2,2,0.8448470234870911,0.014736141078174114,0.031995948404073715,0.6599808931350708,0.6949132084846497,0.8448470234870911,0.03151029348373413,0.6599808931350708,0.0
1,1024,transformer.h.0.mlp.c_proj.weight,transformer.h.0.mlp.c_proj.weight,"[384, 1024]",fixed_4,4,0.7965533137321472,0.013721275143325329,0.031995948404073715,0.5674542784690857,0.6044554710388184,0.7965533137321472,0.04344052076339722,0.5674542784690857,0.0
1,1024,transformer.h.0.mlp.c_proj.weight,transformer.h.0.mlp.c_proj.weight,"[384, 1024]",fixed_8,8,0.7391940951347351,0.009901871904730797,0.031995948404073715,0.47036054730415344,0.5012378096580505,0.7391940951347351,0.057198524475097656,0.47036054730415344,0.0
1,1024,transformer.h.0.mlp.c_proj.weight,transformer.h.0.mlp.c_proj.weight,"[384, 1024]",fixed_16,16,0.6604791283607483,0.008264969103038311,0.031995948404073715,0.39575332403182983,0.4219450354576111,0.6604791283607483,0.07085847854614258,0.39575332403182983,0.0
1,1024,transformer.h.0.mlp.c_proj.weight,transformer.h.0.mlp.c_proj.weight,"[384, 1024]",energy_25,2,0.8448470234870911,0.014736141078174114,0.031995948404073715,0.6599808931350708,0.6949132084846497,0.8448470234870911,0.03151029348373413,0.6599808931350708,0.0
1,1024,transformer.h.0.mlp.c_proj.weight,transformer.h.0.mlp.c_proj.weight,"[384, 1024]",energy_50,11,0.7052326798439026,0.008837570436298847,0.031995948404073715,0.44559967517852783,0.47371333837509155,0.7052326798439026,0.06275814771652222,0.44559967517852783,0.0
1,1024,transformer.h.0.mlp.c_proj.weight,transformer.h.0.mlp.c_proj.weight,"[384, 1024]",energy_75,47,0.49657997488975525,0.004832701291888952,0.031995948404073715,0.25486329197883606,0.27493467926979065,0.49657997488975525,0.09561163187026978,0.25486329197883606,0.0
1,1024,transformer.h.0.mlp.c_proj.weight,transformer.h.0.mlp.c_proj.weight,"[384, 1024]",energy_90,117,0.31622448563575745,0.002552978228777647,0.031995948404073715,0.14811068773269653,0.15902802348136902,0.31622448563575745,0.11271721124649048,0.14811068773269653,0.0
1,1024,transformer.h.1.attn.c_attn.weight,transformer.h.1.attn.c_attn.weight,"[1152, 384]",fixed_1,1,0.7586056590080261,0.0028577332850545645,0.004986895248293877,0.6520914435386658,0.757996678352356,0.7586056590080261,0.07716387510299683,0.6520914435386658,0.6395269632339478
1,1024,transformer.h.1.attn.c_attn.weight,transformer.h.1.attn.c_attn.weight,"[1152, 384]",fixed_2,2,0.6814464330673218,0.00300798867829144,0.004986895248293877,0.5940026044845581,0.757145881652832,0.6814464330673218,0.10287636518478394,0.5940026044845581,0.6331593990325928
1,1024,transformer.h.1.attn.c_attn.weight,transformer.h.1.attn.c_attn.weight,"[1152, 384]",fixed_4,4,0.6096327304840088,0.0022277876269072294,0.004986895248293877,0.5283350944519043,0.7115278244018555,0.6096327304840088,0.13199740648269653,0.5283350944519043,0.6337826251983643
1,1024,transformer.h.1.attn.c_attn.weight,transformer.h.1.attn.c_attn.weight,"[1152, 384]",fixed_8,8,0.5169005393981934,0.001749361283145845,0.004986895248293877,0.45225822925567627,0.6581920385360718,0.5169005393981934,0.1715092658996582,0.45225822925567627,0.6276270151138306
1,1024,transformer.h.1.attn.c_attn.weight,transformer.h.1.attn.c_attn.weight,"[1152, 384]",fixed_16,16,0.402955025434494,0.0013037974713370204,0.004986895248293877,0.36319082975387573,0.5909525156021118,0.402955025434494,0.23411983251571655,0.36319082975387573,0.6225637793540955
1,1024,transformer.h.1.attn.c_attn.weight,transformer.h.1.attn.c_attn.weight,"[1152, 384]",energy_25,1,0.7586056590080261,0.0028577332850545645,0.004986895248293877,0.6520914435386658,0.757996678352356,0.7586056590080261,0.07716387510299683,0.6520914435386658,0.6395269632339478
1,1024,transformer.h.1.attn.c_attn.weight,transformer.h.1.attn.c_attn.weight,"[1152, 384]",energy_50,2,0.6814464330673218,0.00300798867829144,0.004986895248293877,0.5940026044845581,0.757145881652832,0.6814464330673218,0.10287636518478394,0.5940026044845581,0.6331593990325928
1,1024,transformer.h.1.attn.c_attn.weight,transformer.h.1.attn.c_attn.weight,"[1152, 384]",energy_75,9,0.498308002948761,0.0017473981715738773,0.004986895248293877,0.4388195276260376,0.6712663769721985,0.498308002948761,0.18061590194702148,0.4388195276260376,0.6298972964286804
1,1024,transformer.h.1.attn.c_attn.weight,transformer.h.1.attn.c_attn.weight,"[1152, 384]",energy_90,27,0.3098500669002533,0.001020041643641889,0.004986895248293877,0.27693498134613037,0.5174468159675598,0.3098500669002533,0.29456764459609985,0.27693498134613037,0.6198010444641113
1,1024,transformer.h.1.attn.c_proj.weight,transformer.h.1.attn.c_proj.weight,"[384, 384]",fixed_1,1,0.663905680179596,0.006117694079875946,0.017004061490297318,0.5333471894264221,0.5432620644569397,0.663905680179596,0.10692805051803589,0.5333471894264221,0.868981659412384
1,1024,transformer.h.1.attn.c_proj.weight,transformer.h.1.attn.c_proj.weight,"[384, 384]",fixed_2,2,0.6112310290336609,0.005288575775921345,0.017004061490297318,0.48287057876586914,0.4977966248989105,0.6112310290336609,0.12548834085464478,0.48287057876586914,0.8710976243019104
1,1024,transformer.h.1.attn.c_proj.weight,transformer.h.1.attn.c_proj.weight,"[384, 384]",fixed_4,4,0.5492662787437439,0.004800157155841589,0.017004061490297318,0.4267342686653137,0.4342691898345947,0.5492662787437439,0.15589064359664917,0.4267342686653137,0.8685081601142883
1,1024,transformer.h.1.attn.c_proj.weight,transformer.h.1.attn.c_proj.weight,"[384, 384]",fixed_8,8,0.4685477912425995,0.004482685122638941,0.017004061490297318,0.37231898307800293,0.37736546993255615,0.4685477912425995,0.19649070501327515,0.37231898307800293,0.8622941374778748
1,1024,transformer.h.1.attn.c_proj.weight,transformer.h.1.attn.c_proj.weight,"[384, 384]",fixed_16,16,0.36491724848747253,0.0032795947045087814,0.017004061490297318,0.2847931683063507,0.2925710082054138,0.36491724848747253,0.2660619020462036,0.2847931683063507,0.8655394911766052
1,1024,transformer.h.1.attn.c_proj.weight,transformer.h.1.attn.c_proj.weight,"[384, 384]",energy_25,1,0.663905680179596,0.006117694079875946,0.017004061490297318,0.5333471894264221,0.5432620644569397,0.663905680179596,0.10692805051803589,0.5333471894264221,0.868981659412384
1,1024,transformer.h.1.attn.c_proj.weight,transformer.h.1.attn.c_proj.weight,"[384, 384]",energy_50,1,0.663905680179596,0.006117694079875946,0.017004061490297318,0.5333471894264221,0.5432620644569397,0.663905680179596,0.10692805051803589,0.5333471894264221,0.868981659412384
1,1024,transformer.h.1.attn.c_proj.weight,transformer.h.1.attn.c_proj.weight,"[384, 384]",energy_75,7,0.4848194718360901,0.004601882770657539,0.017004061490297318,0.3841865658760071,0.385761559009552,0.4848194718360901,0.18644797801971436,0.3841865658760071,0.8662850856781006
1,1024,transformer.h.1.attn.c_proj.weight,transformer.h.1.attn.c_proj.weight,"[384, 384]",energy_90,22,0.31082823872566223,0.002879662439227104,0.017004061490297318,0.23965831100940704,0.24732723832130432,0.31082823872566223,0.3085440993309021,0.23965831100940704,0.8653265833854675
1,1024,transformer.h.1.mlp.w1.weight,transformer.h.1.mlp.w1.weight,"[1024, 384]",fixed_1,1,0.8290426135063171,0.0037971409037709236,0.005576665513217449,0.7862550020217896,0.8259707093238831,0.8290426135063171,0.028123319149017334,0.7862550020217896,0.0
1,1024,transformer.h.1.mlp.w1.weight,transformer.h.1.mlp.w1.weight,"[1024, 384]",fixed_2,2,0.7702369689941406,0.0034305904991924763,0.005576665513217449,0.721009373664856,0.7498872876167297,0.7702369689941406,0.036804020404815674,0.721009373664856,0.0
1,1024,transformer.h.1.mlp.w1.weight,transformer.h.1.mlp.w1.weight,"[1024, 384]",fixed_4,4,0.7280134558677673,0.0027577339205890894,0.005576665513217449,0.6835118532180786,0.7255350947380066,0.7280134558677673,0.0424647331237793,0.6835118532180786,0.0
1,1024,transformer.h.1.mlp.w1.weight,transformer.h.1.mlp.w1.weight,"[1024, 384]",fixed_8,8,0.6751185059547424,0.0024723042733967304,0.005576665513217449,0.6246229410171509,0.6702877879142761,0.6751185059547424,0.04991334676742554,0.6246229410171509,0.0
1,1024,transformer.h.1.mlp.w1.weight,transformer.h.1.mlp.w1.weight,"[1024, 384]",fixed_16,16,0.6077255010604858,0.0020532566122710705,0.005576665513217449,0.5588775277137756,0.5924449563026428,0.6077255010604858,0.058161377906799316,0.5588775277137756,0.0
1,1024,transformer.h.1.mlp.w1.weight,transformer.h.1.mlp.w1.weight,"[1024, 384]",energy_25,1,0.8290426135063171,0.0037971409037709236,0.005576665513217449,0.7862550020217896,0.8259707093238831,0.8290426135063171,0.028123319149017334,0.7862550020217896,0.0
1,1024,transformer.h.1.mlp.w1.weight,transformer.h.1.mlp.w1.weight,"[1024, 384]",energy_50,6,0.6982306241989136,0.002614437136799097,0.005576665513217449,0.6574509739875793,0.6911343932151794,0.6982306241989136,0.0460892915725708,0.6574509739875793,0.0
1,1024,transformer.h.1.mlp.w1.weight,transformer.h.1.mlp.w1.weight,"[1024, 384]",energy_75,38,0.49828216433525085,0.0013525091344490647,0.005576665513217449,0.4382171928882599,0.48470184206962585,0.49828216433525085,0.07187771797180176,0.4382171928882599,0.0
1,1024,transformer.h.1.mlp.w1.weight,transformer.h.1.mlp.w1.weight,"[1024, 384]",energy_90,109,0.31511926651000977,0.0006451135268434882,0.005576665513217449,0.2502082586288452,0.2766444981098175,0.31511926651000977,0.09004664421081543,0.2502082586288452,0.0
1,1024,transformer.h.1.mlp.w2.weight,transformer.h.1.mlp.w2.weight,"[1024, 384]",fixed_1,1,0.828980028629303,0.004246878903359175,0.006603172980248928,0.7953347563743591,0.8203266859054565,0.828980028629303,0.028542280197143555,0.7953347563743591,0.0
1,1024,transformer.h.1.mlp.w2.weight,transformer.h.1.mlp.w2.weight,"[1024, 384]",fixed_2,2,0.7664956450462341,0.003125319257378578,0.006603172980248928,0.7307180762290955,0.765006959438324,0.7664956450462341,0.0371556282043457,0.7307180762290955,0.0
1,1024,transformer.h.1.mlp.w2.weight,transformer.h.1.mlp.w2.weight,"[1024, 384]",fixed_4,4,0.7248123288154602,0.002726876176893711,0.006603172980248928,0.6858873963356018,0.7197957038879395,0.7248123288154602,0.04298233985900879,0.6858873963356018,0.0
1,1024,transformer.h.1.mlp.w2.weight,transformer.h.1.mlp.w2.weight,"[1024, 384]",fixed_8,8,0.6701167821884155,0.0023775927256792784,0.006603172980248928,0.6233217120170593,0.6475681662559509,0.6701167821884155,0.05124783515930176,0.6233217120170593,0.0
1,1024,transformer.h.1.mlp.w2.weight,transformer.h.1.mlp.w2.weight,"[1024, 384]",fixed_16,16,0.6002369523048401,0.0019119336502626538,0.006603172980248928,0.5513745546340942,0.5835403203964233,0.6002369523048401,0.05977433919906616,0.5513745546340942,0.0
1,1024,transformer.h.1.mlp.w2.weight,transformer.h.1.mlp.w2.weight,"[1024, 384]",energy_25,1,0.828980028629303,0.004246878903359175,0.006603172980248928,0.7953347563743591,0.8203266859054565,0.828980028629303,0.028542280197143555,0.7953347563743591,0.0
1,1024,transformer.h.1.mlp.w2.weight,transformer.h.1.mlp.w2.weight,"[1024, 384]",energy_50,6,0.6940168738365173,0.002619353821501136,0.006603172980248928,0.6487916111946106,0.6715376377105713,0.6940168738365173,0.04793328046798706,0.6487916111946106,0.0
1,1024,transformer.h.1.mlp.w2.weight,transformer.h.1.mlp.w2.weight,"[1024, 384]",energy_75,36,0.49831607937812805,0.0012498414143919945,0.006603172980248928,0.4403975009918213,0.48159825801849365,0.49831607937812805,0.07273620367050171,0.4403975009918213,0.0
1,1024,transformer.h.1.mlp.w2.weight,transformer.h.1.mlp.w2.weight,"[1024, 384]",energy_90,105,0.3156217038631439,0.0006521199829876423,0.006603172980248928,0.25542908906936646,0.2885831892490387,0.3156217038631439,0.09123724699020386,0.25542908906936646,0.0
1,1024,transformer.h.1.mlp.c_proj.weight,transformer.h.1.mlp.c_proj.weight,"[384, 1024]",fixed_1,1,0.9087015390396118,0.016518937423825264,0.016798753291368484,0.8043982982635498,0.8102214336395264,0.9087015390396118,0.01892256736755371,0.8043982982635498,0.0
1,1024,transformer.h.1.mlp.c_proj.weight,transformer.h.1.mlp.c_proj.weight,"[384, 1024]",fixed_2,2,0.8541250824928284,0.009301688522100449,0.016798753291368484,0.6680574417114258,0.6989646553993225,0.8541250824928284,0.03252047300338745,0.6680574417114258,0.0
1,1024,transformer.h.1.mlp.c_proj.weight,transformer.h.1.mlp.c_proj.weight,"[384, 1024]",fixed_4,4,0.8070364594459534,0.008337031118571758,0.016798753291368484,0.592376708984375,0.6244676113128662,0.8070364594459534,0.04289597272872925,0.592376708984375,0.0
1,1024,transformer.h.1.mlp.c_proj.weight,transformer.h.1.mlp.c_proj.weight,"[384, 1024]",fixed_8,8,0.7469149827957153,0.007436354644596577,0.016798753291368484,0.517978847026825,0.5346826314926147,0.7469149827957153,0.05466568470001221,0.517978847026825,0.0
1,1024,transformer.h.1.mlp.c_proj.weight,transformer.h.1.mlp.c_proj.weight,"[384, 1024]",fixed_16,16,0.6657390594482422,0.006966616027057171,0.016798753291368484,0.43065738677978516,0.4524080753326416,0.6657390594482422,0.06923866271972656,0.43065738677978516,0.0
1,1024,transformer.h.1.mlp.c_proj.weight,transformer.h.1.mlp.c_proj.weight,"[384, 1024]",energy_25,2,0.8541250824928284,0.009301688522100449,0.016798753291368484,0.6680574417114258,0.6989646553993225,0.8541250824928284,0.03252047300338745,0.6680574417114258,0.0
1,1024,transformer.h.1.mlp.c_proj.weight,transformer.h.1.mlp.c_proj.weight,"[384, 1024]",energy_50,12,0.7020597457885742,0.006891750730574131,0.016798753291368484,0.4642672538757324,0.48587238788604736,0.7020597457885742,0.06361091136932373,0.4642672538757324,0.0
1,1024,transformer.h.1.mlp.c_proj.weight,transformer.h.1.mlp.c_proj.weight,"[384, 1024]",energy_75,46,0.4988272190093994,0.0037802294827997684,0.016798753291368484,0.27915021777153015,0.2932218015193939,0.4988272190093994,0.09480702877044678,0.27915021777153015,0.0
1,1024,transformer.h.1.mlp.c_proj.weight,transformer.h.1.mlp.c_proj.weight,"[384, 1024]",energy_90,114,0.31529200077056885,0.0020490866154432297,0.016798753291368484,0.15954667329788208,0.1686430126428604,0.31529200077056885,0.11370193958282471,0.15954667329788208,0.0
1,1024,transformer.h.2.attn.c_attn.weight,transformer.h.2.attn.c_attn.weight,"[1152, 384]",fixed_1,1,0.45364347100257874,0.004577255342155695,0.017303884029388428,0.38708817958831787,0.37385186553001404,0.45364347100257874,0.15768998861312866,0.38708817958831787,0.8089149594306946
1,1024,transformer.h.2.attn.c_attn.weight,transformer.h.2.attn.c_attn.weight,"[1152, 384]",fixed_2,2,0.4226512908935547,0.0033523677848279476,0.017303884029388428,0.3558379113674164,0.3708150386810303,0.4226512908935547,0.17925697565078735,0.3558379113674164,0.808911144733429
1,1024,transformer.h.2.attn.c_attn.weight,transformer.h.2.attn.c_attn.weight,"[1152, 384]",fixed_4,4,0.3769999146461487,0.003191872965544462,0.017303884029388428,0.30572372674942017,0.3561461865901947,0.3769999146461487,0.2202325463294983,0.30572372674942017,0.8055919408798218
1,1024,transformer.h.2.attn.c_attn.weight,transformer.h.2.attn.c_attn.weight,"[1152, 384]",fixed_8,8,0.3247848451137543,0.0030100136063992977,0.017303884029388428,0.25824475288391113,0.2982737123966217,0.3247848451137543,0.26501190662384033,0.25824475288391113,0.8014011979103088
1,1024,transformer.h.2.attn.c_attn.weight,transformer.h.2.attn.c_attn.weight,"[1152, 384]",fixed_16,16,0.2575245797634125,0.0021794976200908422,0.017303884029388428,0.2119913399219513,0.2743905782699585,0.2575245797634125,0.31749457120895386,0.2119913399219513,0.7954971194267273
1,1024,transformer.h.2.attn.c_attn.weight,transformer.h.2.attn.c_attn.weight,"[1152, 384]",energy_25,1,0.45364347100257874,0.004577255342155695,0.017303884029388428,0.38708817958831787,0.37385186553001404,0.45364347100257874,0.15768998861312866,0.38708817958831787,0.8089149594306946
1,1024,transformer.h.2.attn.c_attn.weight,transformer.h.2.attn.c_attn.weight,"[1152, 384]",energy_50,1,0.45364347100257874,0.004577255342155695,0.017303884029388428,0.38708817958831787,0.37385186553001404,0.45364347100257874,0.15768998861312866,0.38708817958831787,0.8089149594306946
1,1024,transformer.h.2.attn.c_attn.weight,transformer.h.2.attn.c_attn.weight,"[1152, 384]",energy_75,1,0.45364347100257874,0.004577255342155695,0.017303884029388428,0.38708817958831787,0.37385186553001404,0.45364347100257874,0.15768998861312866,0.38708817958831787,0.8089149594306946
1,1024,transformer.h.2.attn.c_attn.weight,transformer.h.2.attn.c_attn.weight,"[1152, 384]",energy_90,9,0.31426000595092773,0.0028457054868340492,0.017303884029388428,0.2510569989681244,0.2898612320423126,0.31426000595092773,0.27229517698287964,0.2510569989681244,0.8083601593971252
1,1024,transformer.h.2.attn.c_proj.weight,transformer.h.2.attn.c_proj.weight,"[384, 384]",fixed_1,1,0.6092814803123474,0.007567503489553928,0.014777730219066143,0.6256330609321594,0.6571109890937805,0.6092814803123474,0.09782373905181885,0.6256330609321594,0.8695933222770691
1,1024,transformer.h.2.attn.c_proj.weight,transformer.h.2.attn.c_proj.weight,"[384, 384]",fixed_2,2,0.5607434511184692,0.006947490386664867,0.014777730219066143,0.5839632749557495,0.5998677611351013,0.5607434511184692,0.1159355640411377,0.5839632749557495,0.8673275709152222
1,1024,transformer.h.2.attn.c_proj.weight,transformer.h.2.attn.c_proj.weight,"[384, 384]",fixed_4,4,0.5157443284988403,0.006498822011053562,0.014777730219066143,0.5511753559112549,0.585050106048584,0.5157443284988403,0.13353252410888672,0.5511753559112549,0.8647729158401489
1,1024,transformer.h.2.attn.c_proj.weight,transformer.h.2.attn.c_proj.weight,"[384, 384]",fixed_8,8,0.44660910964012146,0.005073382053524256,0.014777730219066143,0.45954641699790955,0.4905754625797272,0.44660910964012146,0.17889666557312012,0.45954641699790955,0.8659195899963379
1,1024,transformer.h.2.attn.c_proj.weight,transformer.h.2.attn.c_proj.weight,"[384, 384]",fixed_16,16,0.3575563132762909,0.004152832552790642,0.014777730219066143,0.3521322011947632,0.36777612566947937,0.3575563132762909,0.24021762609481812,0.3521322011947632,0.8725062608718872
1,1024,transformer.h.2.attn.c_proj.weight,transformer.h.2.attn.c_proj.weight,"[384, 384]",energy_25,1,0.6092814803123474,0.007567503489553928,0.014777730219066143,0.6256330609321594,0.6571109890937805,0.6092814803123474,0.09782373905181885,0.6256330609321594,0.8695933222770691
1,1024,transformer.h.2.attn.c_proj.weight,transformer.h.2.attn.c_proj.weight,"[384, 384]",energy_50,1,0.6092814803123474,0.007567503489553928,0.014777730219066143,0.6256330609321594,0.6571109890937805,0.6092814803123474,0.09782373905181885,0.6256330609321594,0.8695933222770691
1,1024,transformer.h.2.attn.c_proj.weight,transformer.h.2.attn.c_proj.weight,"[384, 384]",energy_75,5,0.49669986963272095,0.006495722569525242,0.014777730219066143,0.5406758189201355,0.5800573825836182,0.49669986963272095,0.1391746997833252,0.5406758189201355,0.8657879829406738
1,1024,transformer.h.2.attn.c_proj.weight,transformer.h.2.attn.c_proj.weight,"[384, 384]",energy_90,22,0.3106708824634552,0.0031313258223235607,0.014777730219066143,0.28869059681892395,0.3036748468875885,0.3106708824634552,0.2832380533218384,0.28869059681892395,0.8778148293495178
1,1024,transformer.h.2.mlp.w1.weight,transformer.h.2.mlp.w1.weight,"[1024, 384]",fixed_1,1,0.8552972078323364,0.002359617967158556,0.0034062331542372704,0.8576798439025879,0.8747349381446838,0.8552972078323364,0.021702051162719727,0.8576798439025879,0.0
1,1024,transformer.h.2.mlp.w1.weight,transformer.h.2.mlp.w1.weight,"[1024, 384]",fixed_2,2,0.8224905729293823,0.0022274937946349382,0.0034062331542372704,0.8219006657600403,0.8296592235565186,0.8224905729293823,0.026555538177490234,0.8219006657600403,0.0
1,1024,transformer.h.2.mlp.w1.weight,transformer.h.2.mlp.w1.weight,"[1024, 384]",fixed_4,4,0.7714478969573975,0.0023366138339042664,0.0034062331542372704,0.7656527757644653,0.776997983455658,0.7714478969573975,0.0352555513381958,0.7656527757644653,0.0
1,1024,transformer.h.2.mlp.w1.weight,transformer.h.2.mlp.w1.weight,"[1024, 384]",fixed_8,8,0.7114444971084595,0.0019053180003538728,0.0034062331542372704,0.7034465670585632,0.6889162063598633,0.7114444971084595,0.043864309787750244,0.7034465670585632,0.0
1,1024,transformer.h.2.mlp.w1.weight,transformer.h.2.mlp.w1.weight,"[1024, 384]",fixed_16,16,0.6328639984130859,0.0017732440028339624,0.0034062331542372704,0.6166526675224304,0.6434448957443237,0.6328639984130859,0.055090904235839844,0.6166526675224304,0.0
1,1024,transformer.h.2.mlp.w1.weight,transformer.h.2.mlp.w1.weight,"[1024, 384]",energy_25,1,0.8552972078323364,0.002359617967158556,0.0034062331542372704,0.8576798439025879,0.8747349381446838,0.8552972078323364,0.021702051162719727,0.8576798439025879,0.0
1,1024,transformer.h.2.mlp.w1.weight,transformer.h.2.mlp.w1.weight,"[1024, 384]",energy_50,9,0.6989057660102844,0.002013453980907798,0.0034062331542372704,0.6943137049674988,0.6836127042770386,0.6989057660102844,0.04573708772659302,0.6943137049674988,0.0
1,1024,transformer.h.2.mlp.w1.weight,transformer.h.2.mlp.w1.weight,"[1024, 384]",energy_75,40,0.4991621971130371,0.001034432789310813,0.0034062331542372704,0.4643373489379883,0.49028095602989197,0.4991621971130371,0.07366621494293213,0.4643373489379883,0.0
1,1024,transformer.h.2.mlp.w1.weight,transformer.h.2.mlp.w1.weight,"[1024, 384]",energy_90,106,0.31586313247680664,0.0005925755249336362,0.0034062331542372704,0.27127352356910706,0.2844938337802887,0.31586313247680664,0.09330326318740845,0.27127352356910706,0.0
1,1024,transformer.h.2.mlp.w2.weight,transformer.h.2.mlp.w2.weight,"[1024, 384]",fixed_1,1,0.8483180999755859,0.003072915365919471,0.0031104362569749355,0.8309764266014099,0.8484134078025818,0.8483180999755859,0.026022911071777344,0.8309764266014099,0.0
1,1024,transformer.h.2.mlp.w2.weight,transformer.h.2.mlp.w2.weight,"[1024, 384]",fixed_2,2,0.8156192302703857,0.002620720537379384,0.0031104362569749355,0.794546365737915,0.794167697429657,0.8156192302703857,0.03162270784378052,0.794546365737915,0.0
1,1024,transformer.h.2.mlp.w2.weight,transformer.h.2.mlp.w2.weight,"[1024, 384]",fixed_4,4,0.7665879130363464,0.002440303796902299,0.0031104362569749355,0.7523285150527954,0.7591521739959717,0.7665879130363464,0.038942039012908936,0.7523285150527954,0.0
1,1024,transformer.h.2.mlp.w2.weight,transformer.h.2.mlp.w2.weight,"[1024, 384]",fixed_8,8,0.7074235081672668,0.001967774471268058,0.0031104362569749355,0.690987229347229,0.7186382412910461,0.7074235081672668,0.047695815563201904,0.690987229347229,0.0
1,1024,transformer.h.2.mlp.w2.weight,transformer.h.2.mlp.w2.weight,"[1024, 384]",fixed_16,16,0.6258905529975891,0.0016123397508636117,0.0031104362569749355,0.596534788608551,0.6262499690055847,0.6258905529975891,0.060188472270965576,0.596534788608551,0.0
1,1024,transformer.h.2.mlp.w2.weight,transformer.h.2.mlp.w2.weight,"[1024, 384]",energy_25,1,0.8483180999755859,0.003072915365919471,0.0031104362569749355,0.8309764266014099,0.8484134078025818,0.8483180999755859,0.026022911071777344,0.8309764266014099,0.0
1,1024,transformer.h.2.mlp.w2.weight,transformer.h.2.mlp.w2.weight,"[1024, 384]",energy_50,9,0.693835437297821,0.0019474823493510485,0.0031104362569749355,0.6753184199333191,0.6929664611816406,0.693835437297821,0.04970884323120117,0.6753184199333191,0.0
1,1024,transformer.h.2.mlp.w2.weight,transformer.h.2.mlp.w2.weight,"[1024, 384]",energy_75,38,0.4976120889186859,0.0010683945147320628,0.0031104362569749355,0.4535501003265381,0.47970905900001526,0.4976120889186859,0.0787736177444458,0.4535501003265381,0.0
1,1024,transformer.h.2.mlp.w2.weight,transformer.h.2.mlp.w2.weight,"[1024, 384]",energy_90,102,0.31499573588371277,0.0005949576734565198,0.0031104362569749355,0.26791995763778687,0.2888326346874237,0.31499573588371277,0.09938132762908936,0.26791995763778687,0.0
1,1024,transformer.h.2.mlp.c_proj.weight,transformer.h.2.mlp.c_proj.weight,"[384, 1024]",fixed_1,1,0.9496238231658936,0.0072774034924805164,0.008636385202407837,0.8995317816734314,0.8957655429840088,0.9496238231658936,0.010327577590942383,0.8995317816734314,0.0
1,1024,transformer.h.2.mlp.c_proj.weight,transformer.h.2.mlp.c_proj.weight,"[384, 1024]",fixed_2,2,0.9224262237548828,0.006765701808035374,0.008636385202407837,0.8513267040252686,0.8688939213752747,0.9224262237548828,0.014810681343078613,0.8513267040252686,0.0
1,1024,transformer.h.2.mlp.c_proj.weight,transformer.h.2.mlp.c_proj.weight,"[384, 1024]",fixed_4,4,0.8745055198669434,0.006009875796735287,0.008636385202407837,0.7983531951904297,0.8081087470054626,0.8745055198669434,0.022496938705444336,0.7983531951904297,0.0
1,1024,transformer.h.2.mlp.c_proj.weight,transformer.h.2.mlp.c_proj.weight,"[384, 1024]",fixed_8,8,0.8146215081214905,0.005786212161183357,0.008636385202407837,0.7095050811767578,0.7181589603424072,0.8146215081214905,0.033338189125061035,0.7095050811767578,0.0
1,1024,transformer.h.2.mlp.c_proj.weight,transformer.h.2.mlp.c_proj.weight,"[384, 1024]",fixed_16,16,0.727964460849762,0.004487440921366215,0.008636385202407837,0.6037936806678772,0.622941792011261,0.727964460849762,0.04607957601547241,0.6037936806678772,0.0
1,1024,transformer.h.2.mlp.c_proj.weight,transformer.h.2.mlp.c_proj.weight,"[384, 1024]",energy_25,5,0.8582091331481934,0.005711245816200972,0.008636385202407837,0.772842526435852,0.7920364737510681,0.8582091331481934,0.02537482976913452,0.772842526435852,0.0
1,1024,transformer.h.2.mlp.c_proj.weight,transformer.h.2.mlp.c_proj.weight,"[384, 1024]",energy_50,19,0.7028293013572693,0.004387415014207363,0.008636385202407837,0.573712944984436,0.5874913334846497,0.7028293013572693,0.04951786994934082,0.573712944984436,0.0
1,1024,transformer.h.2.mlp.c_proj.weight,transformer.h.2.mlp.c_proj.weight,"[384, 1024]",energy_75,60,0.4968453645706177,0.002627922687679529,0.008636385202407837,0.3577161729335785,0.3664884567260742,0.4968453645706177,0.07496446371078491,0.3577161729335785,0.0
1,1024,transformer.h.2.mlp.c_proj.weight,transformer.h.2.mlp.c_proj.weight,"[384, 1024]",energy_90,132,0.3148994743824005,0.0014929769095033407,0.008636385202407837,0.2080627828836441,0.2145908921957016,0.3148994743824005,0.08962756395339966,0.2080627828836441,0.0
1,1024,transformer.h.3.attn.c_attn.weight,transformer.h.3.attn.c_attn.weight,"[1152, 384]",fixed_1,1,0.7116074562072754,0.002246561460196972,0.004199648275971413,0.5952476859092712,0.5223472714424133,0.7116074562072754,0.08730065822601318,0.5952476859092712,0.7584980726242065
1,1024,transformer.h.3.attn.c_attn.weight,transformer.h.3.attn.c_attn.weight,"[1152, 384]",fixed_2,2,0.6401877403259277,0.00206872564740479,0.004199648275971413,0.5295023322105408,0.5067071318626404,0.6401877403259277,0.1157805323600769,0.5295023322105408,0.7539154887199402
1,1024,transformer.h.3.attn.c_attn.weight,transformer.h.3.attn.c_attn.weight,"[1152, 384]",fixed_4,4,0.563117504119873,0.0016110328724607825,0.004199648275971413,0.45936545729637146,0.44124120473861694,0.563117504119873,0.1485028862953186,0.45936545729637146,0.7526574730873108
1,1024,transformer.h.3.attn.c_attn.weight,transformer.h.3.attn.c_attn.weight,"[1152, 384]",fixed_8,8,0.4692783057689667,0.0014603465097025037,0.004199648275971413,0.3991226553916931,0.43756940960884094,0.4692783057689667,0.19057273864746094,0.3991226553916931,0.7506570816040039
1,1024,transformer.h.3.attn.c_attn.weight,transformer.h.3.attn.c_attn.weight,"[1152, 384]",fixed_16,16,0.3569999039173126,0.0009578814497217536,0.004199648275971413,0.3089900314807892,0.4118797481060028,0.3569999039173126,0.260916531085968,0.3089900314807892,0.7466261386871338
1,1024,transformer.h.3.attn.c_attn.weight,transformer.h.3.attn.c_attn.weight,"[1152, 384]",energy_25,1,0.7116074562072754,0.002246561460196972,0.004199648275971413,0.5952476859092712,0.5223472714424133,0.7116074562072754,0.08730065822601318,0.5952476859092712,0.7584980726242065
1,1024,transformer.h.3.attn.c_attn.weight,transformer.h.3.attn.c_attn.weight,"[1152, 384]",energy_50,2,0.6401877403259277,0.00206872564740479,0.004199648275971413,0.5295023322105408,0.5067071318626404,0.6401877403259277,0.1157805323600769,0.5295023322105408,0.7539154887199402
1,1024,transformer.h.3.attn.c_attn.weight,transformer.h.3.attn.c_attn.weight,"[1152, 384]",energy_75,7,0.49078723788261414,0.0014706755755469203,0.004199648275971413,0.409967839717865,0.43413490056991577,0.49078723788261414,0.1832790970802307,0.409967839717865,0.7475324869155884
1,1024,transformer.h.3.attn.c_attn.weight,transformer.h.3.attn.c_attn.weight,"[1152, 384]",energy_90,21,0.31140273809432983,0.0008249094826169312,0.004199648275971413,0.27493008971214294,0.39989256858825684,0.31140273809432983,0.29423749446868896,0.27493008971214294,0.7363590598106384
1,1024,transformer.h.3.attn.c_proj.weight,transformer.h.3.attn.c_proj.weight,"[384, 384]",fixed_1,1,0.6798843145370483,0.004582681693136692,0.008640361949801445,0.6181449294090271,0.5962021350860596,0.6798843145370483,0.07796293497085571,0.6181449294090271,0.8588711619377136
1,1024,transformer.h.3.attn.c_proj.weight,transformer.h.3.attn.c_proj.weight,"[384, 384]",fixed_2,2,0.6255785226821899,0.004214098211377859,0.008640361949801445,0.551436185836792,0.5349189639091492,0.6255785226821899,0.10186231136322021,0.551436185836792,0.8596376180648804
1,1024,transformer.h.3.attn.c_proj.weight,transformer.h.3.attn.c_proj.weight,"[384, 384]",fixed_4,4,0.560221791267395,0.0037366431206464767,0.008640361949801445,0.4970208406448364,0.47667017579078674,0.560221791267395,0.13416671752929688,0.4970208406448364,0.8575690984725952
1,1024,transformer.h.3.attn.c_proj.weight,transformer.h.3.attn.c_proj.weight,"[384, 384]",fixed_8,8,0.46994027495384216,0.003035044763237238,0.008640361949801445,0.41009968519210815,0.40529608726501465,0.46994027495384216,0.18193316459655762,0.41009968519210815,0.8628519773483276
1,1024,transformer.h.3.attn.c_proj.weight,transformer.h.3.attn.c_proj.weight,"[384, 384]",fixed_16,16,0.3662606477737427,0.0023644755128771067,0.008640361949801445,0.3211701512336731,0.32076019048690796,0.3662606477737427,0.24691766500473022,0.3211701512336731,0.869430661201477
1,1024,transformer.h.3.attn.c_proj.weight,transformer.h.3.attn.c_proj.weight,"[384, 384]",energy_25,1,0.6798843145370483,0.004582681693136692,0.008640361949801445,0.6181449294090271,0.5962021350860596,0.6798843145370483,0.07796293497085571,0.6181449294090271,0.8588711619377136
1,1024,transformer.h.3.attn.c_proj.weight,transformer.h.3.attn.c_proj.weight,"[384, 384]",energy_50,1,0.6798843145370483,0.004582681693136692,0.008640361949801445,0.6181449294090271,0.5962021350860596,0.6798843145370483,0.07796293497085571,0.6181449294090271,0.8588711619377136
1,1024,transformer.h.3.attn.c_proj.weight,transformer.h.3.attn.c_proj.weight,"[384, 384]",energy_75,7,0.48860645294189453,0.0029055201448500156,0.008640361949801445,0.4232180118560791,0.42130208015441895,0.48860645294189453,0.16982096433639526,0.4232180118560791,0.8607293367385864
1,1024,transformer.h.3.attn.c_proj.weight,transformer.h.3.attn.c_proj.weight,"[384, 384]",energy_90,22,0.31229472160339355,0.0020815166644752026,0.008640361949801445,0.26715004444122314,0.2638188600540161,0.31229472160339355,0.2936820983886719,0.26715004444122314,0.8587507009506226
1,1024,transformer.h.3.mlp.w1.weight,transformer.h.3.mlp.w1.weight,"[1024, 384]",fixed_1,1,0.8500773310661316,0.003625203389674425,0.005914618726819754,0.832139253616333,0.8613038063049316,0.8500773310661316,0.024558424949645996,0.832139253616333,0.0
1,1024,transformer.h.3.mlp.w1.weight,transformer.h.3.mlp.w1.weight,"[1024, 384]",fixed_2,2,0.8169943690299988,0.0038745985366404057,0.005914618726819754,0.7992058396339417,0.811126172542572,0.8169943690299988,0.02931654453277588,0.7992058396339417,0.0
1,1024,transformer.h.3.mlp.w1.weight,transformer.h.3.mlp.w1.weight,"[1024, 384]",fixed_4,4,0.7646894454956055,0.0023162527941167355,0.005914618726819754,0.7340437173843384,0.7683907151222229,0.7646894454956055,0.038737475872039795,0.7340437173843384,0.0
1,1024,transformer.h.3.mlp.w1.weight,transformer.h.3.mlp.w1.weight,"[1024, 384]",fixed_8,8,0.7064254879951477,0.0021184992510825396,0.005914618726819754,0.6663177609443665,0.7035627961158752,0.7064254879951477,0.04825305938720703,0.6663177609443665,0.0
1,1024,transformer.h.3.mlp.w1.weight,transformer.h.3.mlp.w1.weight,"[1024, 384]",fixed_16,16,0.6292539834976196,0.0015799967804923654,0.005914618726819754,0.5856361985206604,0.6256678700447083,0.6292539834976196,0.06047201156616211,0.5856361985206604,0.0
1,1024,transformer.h.3.mlp.w1.weight,transformer.h.3.mlp.w1.weight,"[1024, 384]",energy_25,1,0.8500773310661316,0.003625203389674425,0.005914618726819754,0.832139253616333,0.8613038063049316,0.8500773310661316,0.024558424949645996,0.832139253616333,0.0
1,1024,transformer.h.3.mlp.w1.weight,transformer.h.3.mlp.w1.weight,"[1024, 384]",energy_50,8,0.7064254879951477,0.0021184992510825396,0.005914618726819754,0.6663177609443665,0.7035627961158752,0.7064254879951477,0.04825305938720703,0.6663177609443665,0.0
1,1024,transformer.h.3.mlp.w1.weight,transformer.h.3.mlp.w1.weight,"[1024, 384]",energy_75,38,0.4967837631702423,0.001080501126125455,0.005914618726819754,0.44074976444244385,0.4828227460384369,0.4967837631702423,0.08073103427886963,0.44074976444244385,0.0
1,1024,transformer.h.3.mlp.w1.weight,transformer.h.3.mlp.w1.weight,"[1024, 384]",energy_90,99,0.31609877943992615,0.0005484660505317152,0.005914618726819754,0.26697686314582825,0.29441604018211365,0.31609877943992615,0.10225796699523926,0.26697686314582825,0.0
1,1024,transformer.h.3.mlp.w2.weight,transformer.h.3.mlp.w2.weight,"[1024, 384]",fixed_1,1,0.852834939956665,0.0033175984863191843,0.005875078495591879,0.828933596611023,0.8394507765769958,0.852834939956665,0.02488774061203003,0.828933596611023,0.0
1,1024,transformer.h.3.mlp.w2.weight,transformer.h.3.mlp.w2.weight,"[1024, 384]",fixed_2,2,0.8217978477478027,0.0034096217714250088,0.005875078495591879,0.7889951467514038,0.8114696145057678,0.8217978477478027,0.0316503643989563,0.7889951467514038,0.0
1,1024,transformer.h.3.mlp.w2.weight,transformer.h.3.mlp.w2.weight,"[1024, 384]",fixed_4,4,0.7686481475830078,0.002299100626260042,0.005875078495591879,0.7200018167495728,0.747081995010376,0.7686481475830078,0.04005897045135498,0.7200018167495728,0.0
1,1024,transformer.h.3.mlp.w2.weight,transformer.h.3.mlp.w2.weight,"[1024, 384]",fixed_8,8,0.7088932394981384,0.0019187771249562502,0.005875078495591879,0.6644695997238159,0.7053343057632446,0.7088932394981384,0.04911106824874878,0.6644695997238159,0.0
1,1024,transformer.h.3.mlp.w2.weight,transformer.h.3.mlp.w2.weight,"[1024, 384]",fixed_16,16,0.6276723146438599,0.0016940353671088815,0.005875078495591879,0.5844608545303345,0.6328496336936951,0.6276723146438599,0.06146115064620972,0.5844608545303345,0.0
1,1024,transformer.h.3.mlp.w2.weight,transformer.h.3.mlp.w2.weight,"[1024, 384]",energy_25,1,0.852834939956665,0.0033175984863191843,0.005875078495591879,0.828933596611023,0.8394507765769958,0.852834939956665,0.02488774061203003,0.828933596611023,0.0
1,1024,transformer.h.3.mlp.w2.weight,transformer.h.3.mlp.w2.weight,"[1024, 384]",energy_50,9,0.6970354914665222,0.0017509092576801777,0.005875078495591879,0.6524290442466736,0.6897408962249756,0.6970354914665222,0.05122154951095581,0.6524290442466736,0.0
1,1024,transformer.h.3.mlp.w2.weight,transformer.h.3.mlp.w2.weight,"[1024, 384]",energy_75,37,0.4996695816516876,0.001029345439746976,0.005875078495591879,0.4470815658569336,0.4803328514099121,0.4996695816516876,0.08136588335037231,0.4470815658569336,0.0
1,1024,transformer.h.3.mlp.w2.weight,transformer.h.3.mlp.w2.weight,"[1024, 384]",energy_90,98,0.3146851062774658,0.0005652786931023002,0.005875078495591879,0.26014769077301025,0.2841627299785614,0.3146851062774658,0.10513055324554443,0.26014769077301025,0.0
1,1024,transformer.h.3.mlp.c_proj.weight,transformer.h.3.mlp.c_proj.weight,"[384, 1024]",fixed_1,1,0.9304461479187012,0.009044492617249489,0.011639594100415707,0.8081210255622864,0.8350921273231506,0.9304461479187012,0.015482485294342041,0.8081210255622864,0.0
1,1024,transformer.h.3.mlp.c_proj.weight,transformer.h.3.mlp.c_proj.weight,"[384, 1024]",fixed_2,2,0.8938415050506592,0.00918697752058506,0.011639594100415707,0.7651615738868713,0.7938962578773499,0.8938415050506592,0.022639691829681396,0.7651615738868713,0.0
1,1024,transformer.h.3.mlp.c_proj.weight,transformer.h.3.mlp.c_proj.weight,"[384, 1024]",fixed_4,4,0.8522473573684692,0.007278094533830881,0.011639594100415707,0.6761862635612488,0.7092297673225403,0.8522473573684692,0.03222888708114624,0.6761862635612488,0.0
1,1024,transformer.h.3.mlp.c_proj.weight,transformer.h.3.mlp.c_proj.weight,"[384, 1024]",fixed_8,8,0.7919695377349854,0.006860567256808281,0.011639594100415707,0.5857207775115967,0.6138625741004944,0.7919695377349854,0.0431789755821228,0.5857207775115967,0.0
1,1024,transformer.h.3.mlp.c_proj.weight,transformer.h.3.mlp.c_proj.weight,"[384, 1024]",fixed_16,16,0.7056860327720642,0.004486398305743933,0.011639594100415707,0.4789047837257385,0.5013086199760437,0.7056860327720642,0.058404624462127686,0.4789047837257385,0.0
1,1024,transformer.h.3.mlp.c_proj.weight,transformer.h.3.mlp.c_proj.weight,"[384, 1024]",energy_25,4,0.8522473573684692,0.007278094533830881,0.011639594100415707,0.6761862635612488,0.7092297673225403,0.8522473573684692,0.03222888708114624,0.6761862635612488,0.0
1,1024,transformer.h.3.mlp.c_proj.weight,transformer.h.3.mlp.c_proj.weight,"[384, 1024]",energy_50,16,0.7056860327720642,0.004486398305743933,0.011639594100415707,0.4789047837257385,0.5013086199760437,0.7056860327720642,0.058404624462127686,0.4789047837257385,0.0
1,1024,transformer.h.3.mlp.c_proj.weight,transformer.h.3.mlp.c_proj.weight,"[384, 1024]",energy_75,55,0.497891366481781,0.002377764554694295,0.011639594100415707,0.28855955600738525,0.3122817873954773,0.497891366481781,0.08568483591079712,0.28855955600738525,0.0
1,1024,transformer.h.3.mlp.c_proj.weight,transformer.h.3.mlp.c_proj.weight,"[384, 1024]",energy_90,129,0.3146367073059082,0.0013792652171105146,0.011639594100415707,0.16321507096290588,0.17671680450439453,0.3146367073059082,0.1012541651725769,0.16321507096290588,0.0
1,1024,transformer.h.4.attn.c_attn.weight,transformer.h.4.attn.c_attn.weight,"[1152, 384]",fixed_1,1,0.7018784880638123,0.0038985719438642263,0.006946017034351826,0.5697997212409973,0.4835556447505951,0.7018784880638123,0.08935260772705078,0.5697997212409973,0.7355403900146484
1,1024,transformer.h.4.attn.c_attn.weight,transformer.h.4.attn.c_attn.weight,"[1152, 384]",fixed_2,2,0.6429842114448547,0.003091079881414771,0.006946017034351826,0.5116845369338989,0.4551665484905243,0.6429842114448547,0.11412286758422852,0.5116845369338989,0.7325688600540161
1,1024,transformer.h.4.attn.c_attn.weight,transformer.h.4.attn.c_attn.weight,"[1152, 384]",fixed_4,4,0.5713918209075928,0.0029936805367469788,0.006946017034351826,0.45842525362968445,0.43485814332962036,0.5713918209075928,0.1464260220527649,0.45842525362968445,0.7355694770812988
1,1024,transformer.h.4.attn.c_attn.weight,transformer.h.4.attn.c_attn.weight,"[1152, 384]",fixed_8,8,0.4887695014476776,0.0026698894798755646,0.006946017034351826,0.3894308805465698,0.4051978886127472,0.4887695014476776,0.19349950551986694,0.3894308805465698,0.7356657385826111
1,1024,transformer.h.4.attn.c_attn.weight,transformer.h.4.attn.c_attn.weight,"[1152, 384]",fixed_16,16,0.37880387902259827,0.0017224461771547794,0.006946017034351826,0.3022378981113434,0.3483043909072876,0.37880387902259827,0.256330668926239,0.3022378981113434,0.7381110787391663
1,1024,transformer.h.4.attn.c_attn.weight,transformer.h.4.attn.c_attn.weight,"[1152, 384]",energy_25,1,0.7018784880638123,0.0038985719438642263,0.006946017034351826,0.5697997212409973,0.4835556447505951,0.7018784880638123,0.08935260772705078,0.5697997212409973,0.7355403900146484
1,1024,transformer.h.4.attn.c_attn.weight,transformer.h.4.attn.c_attn.weight,"[1152, 384]",energy_50,1,0.7018784880638123,0.0038985719438642263,0.006946017034351826,0.5697997212409973,0.4835556447505951,0.7018784880638123,0.08935260772705078,0.5697997212409973,0.7355403900146484
1,1024,transformer.h.4.attn.c_attn.weight,transformer.h.4.attn.c_attn.weight,"[1152, 384]",energy_75,8,0.4887695014476776,0.0026698894798755646,0.006946017034351826,0.3894308805465698,0.4051978886127472,0.4887695014476776,0.19349950551986694,0.3894308805465698,0.7356657385826111
1,1024,transformer.h.4.attn.c_attn.weight,transformer.h.4.attn.c_attn.weight,"[1152, 384]",energy_90,23,0.3153073787689209,0.0014565830351784825,0.006946017034351826,0.251423716545105,0.306861937046051,0.3153073787689209,0.29993486404418945,0.251423716545105,0.7340009212493896
1,1024,transformer.h.4.attn.c_proj.weight,transformer.h.4.attn.c_proj.weight,"[384, 384]",fixed_1,1,0.6544618010520935,0.007109653204679489,0.010969212278723717,0.6928808093070984,0.6935326457023621,0.6544618010520935,0.07745712995529175,0.6928808093070984,0.8047866225242615
1,1024,transformer.h.4.attn.c_proj.weight,transformer.h.4.attn.c_proj.weight,"[384, 384]",fixed_2,2,0.617210865020752,0.0069792671129107475,0.010969212278723717,0.6781120896339417,0.6792317032814026,0.617210865020752,0.09041237831115723,0.6781120896339417,0.7982126474380493
1,1024,transformer.h.4.attn.c_proj.weight,transformer.h.4.attn.c_proj.weight,"[384, 384]",fixed_4,4,0.5499709844589233,0.005264232400804758,0.010969212278723717,0.571873128414154,0.568901777267456,0.5499709844589233,0.12098199129104614,0.571873128414154,0.8061978220939636
1,1024,transformer.h.4.attn.c_proj.weight,transformer.h.4.attn.c_proj.weight,"[384, 384]",fixed_8,8,0.47198644280433655,0.004421542398631573,0.010969212278723717,0.4662970304489136,0.4694327712059021,0.47198644280433655,0.16253256797790527,0.4662970304489136,0.8090354800224304
1,1024,transformer.h.4.attn.c_proj.weight,transformer.h.4.attn.c_proj.weight,"[384, 384]",fixed_16,16,0.37483468651771545,0.0037396836560219526,0.010969212278723717,0.35669973492622375,0.35374289751052856,0.37483468651771545,0.22770750522613525,0.35669973492622375,0.8151475191116333
1,1024,transformer.h.4.attn.c_proj.weight,transformer.h.4.attn.c_proj.weight,"[384, 384]",energy_25,1,0.6544618010520935,0.007109653204679489,0.010969212278723717,0.6928808093070984,0.6935326457023621,0.6544618010520935,0.07745712995529175,0.6928808093070984,0.8047866225242615
1,1024,transformer.h.4.attn.c_proj.weight,transformer.h.4.attn.c_proj.weight,"[384, 384]",energy_50,1,0.6544618010520935,0.007109653204679489,0.010969212278723717,0.6928808093070984,0.6935326457023621,0.6544618010520935,0.07745712995529175,0.6928808093070984,0.8047866225242615
1,1024,transformer.h.4.attn.c_proj.weight,transformer.h.4.attn.c_proj.weight,"[384, 384]",energy_75,7,0.4884594976902008,0.004496378358453512,0.010969212278723717,0.4895998239517212,0.48290953040122986,0.4884594976902008,0.1534407138824463,0.4895998239517212,0.8137160539627075
1,1024,transformer.h.4.attn.c_proj.weight,transformer.h.4.attn.c_proj.weight,"[384, 384]",energy_90,24,0.3147915005683899,0.0030516863334923983,0.010969212278723717,0.29272404313087463,0.2901294231414795,0.3147915005683899,0.2761898636817932,0.29272404313087463,0.8156765103340149
1,1024,transformer.h.4.mlp.w1.weight,transformer.h.4.mlp.w1.weight,"[1024, 384]",fixed_1,1,0.9176327586174011,0.004424561746418476,0.011741094291210175,0.9500145316123962,0.9613797664642334,0.9176327586174011,0.004367172718048096,0.9500145316123962,0.0
1,1024,transformer.h.4.mlp.w1.weight,transformer.h.4.mlp.w1.weight,"[1024, 384]",fixed_2,2,0.8683786392211914,0.002749895676970482,0.011741094291210175,0.8566101789474487,0.872795820236206,0.8683786392211914,0.015667498111724854,0.8566101789474487,0.0
1,1024,transformer.h.4.mlp.w1.weight,transformer.h.4.mlp.w1.weight,"[1024, 384]",fixed_4,4,0.8061364889144897,0.0026921776589006186,0.011741094291210175,0.7696226239204407,0.8152689337730408,0.8061364889144897,0.028175771236419678,0.7696226239204407,0.0
1,1024,transformer.h.4.mlp.w1.weight,transformer.h.4.mlp.w1.weight,"[1024, 384]",fixed_8,8,0.7366726994514465,0.002124177059158683,0.011741094291210175,0.6925212144851685,0.7307189106941223,0.7366726994514465,0.039430201053619385,0.6925212144851685,0.0
1,1024,transformer.h.4.mlp.w1.weight,transformer.h.4.mlp.w1.weight,"[1024, 384]",fixed_16,16,0.650584876537323,0.001837603049352765,0.011741094291210175,0.5977969169616699,0.6338505148887634,0.650584876537323,0.054318010807037354,0.5977969169616699,0.0
1,1024,transformer.h.4.mlp.w1.weight,transformer.h.4.mlp.w1.weight,"[1024, 384]",energy_25,3,0.8333533406257629,0.002638297388330102,0.011741094291210175,0.8040468692779541,0.8479962944984436,0.8333533406257629,0.023093760013580322,0.8040468692779541,0.0
1,1024,transformer.h.4.mlp.w1.weight,transformer.h.4.mlp.w1.weight,"[1024, 384]",energy_50,11,0.699581503868103,0.001924595213495195,0.011741094291210175,0.6505473852157593,0.6893908381462097,0.699581503868103,0.04614335298538208,0.6505473852157593,0.0
1,1024,transformer.h.4.mlp.w1.weight,transformer.h.4.mlp.w1.weight,"[1024, 384]",energy_75,41,0.49640128016471863,0.0012489670189097524,0.011741094291210175,0.4406588077545166,0.47577452659606934,0.49640128016471863,0.07714402675628662,0.4406588077545166,0.0
1,1024,transformer.h.4.mlp.w1.weight,transformer.h.4.mlp.w1.weight,"[1024, 384]",energy_90,101,0.31523481011390686,0.0005306844832375646,0.011741094291210175,0.2608805298805237,0.28296932578086853,0.31523481011390686,0.099337637424469,0.2608805298805237,0.0
1,1024,transformer.h.4.mlp.w2.weight,transformer.h.4.mlp.w2.weight,"[1024, 384]",fixed_1,1,0.9246943593025208,0.003861913690343499,0.010676009580492973,0.9523943662643433,0.9854071140289307,0.9246943593025208,0.006048619747161865,0.9523943662643433,0.0
1,1024,transformer.h.4.mlp.w2.weight,transformer.h.4.mlp.w2.weight,"[1024, 384]",fixed_2,2,0.8688631653785706,0.003311925334855914,0.010676009580492973,0.8649559020996094,0.887908399105072,0.8688631653785706,0.016852855682373047,0.8649559020996094,0.0
1,1024,transformer.h.4.mlp.w2.weight,transformer.h.4.mlp.w2.weight,"[1024, 384]",fixed_4,4,0.8056502342224121,0.002537492197006941,0.010676009580492973,0.7719448208808899,0.7988529205322266,0.8056502342224121,0.030577659606933594,0.7719448208808899,0.0
1,1024,transformer.h.4.mlp.w2.weight,transformer.h.4.mlp.w2.weight,"[1024, 384]",fixed_8,8,0.7346009612083435,0.0023915963247418404,0.010676009580492973,0.688744068145752,0.7203909754753113,0.7346009612083435,0.043102383613586426,0.688744068145752,0.0
1,1024,transformer.h.4.mlp.w2.weight,transformer.h.4.mlp.w2.weight,"[1024, 384]",fixed_16,16,0.644550621509552,0.001683676615357399,0.010676009580492973,0.5954417586326599,0.6218609809875488,0.644550621509552,0.058136045932769775,0.5954417586326599,0.0
1,1024,transformer.h.4.mlp.w2.weight,transformer.h.4.mlp.w2.weight,"[1024, 384]",energy_25,3,0.831597626209259,0.0025390158407390118,0.010676009580492973,0.7992534041404724,0.838670551776886,0.831597626209259,0.025852560997009277,0.7992534041404724,0.0
1,1024,transformer.h.4.mlp.w2.weight,transformer.h.4.mlp.w2.weight,"[1024, 384]",energy_50,11,0.6958761811256409,0.0017501412658020854,0.010676009580492973,0.6474773287773132,0.683730959892273,0.6958761811256409,0.049299538135528564,0.6474773287773132,0.0
1,1024,transformer.h.4.mlp.w2.weight,transformer.h.4.mlp.w2.weight,"[1024, 384]",energy_75,38,0.4998272657394409,0.0009779578540474176,0.010676009580492973,0.4395957291126251,0.4684658944606781,0.4998272657394409,0.08149844408035278,0.4395957291126251,0.0
1,1024,transformer.h.4.mlp.w2.weight,transformer.h.4.mlp.w2.weight,"[1024, 384]",energy_90,97,0.3156093955039978,0.0005383361130952835,0.010676009580492973,0.2642630636692047,0.28947335481643677,0.3156093955039978,0.10522252321243286,0.2642630636692047,0.0
1,1024,transformer.h.4.mlp.c_proj.weight,transformer.h.4.mlp.c_proj.weight,"[384, 1024]",fixed_1,1,0.8536481857299805,0.011173181235790253,0.020230699330568314,0.7167621850967407,0.7837741374969482,0.8536481857299805,0.031225383281707764,0.7167621850967407,0.0
1,1024,transformer.h.4.mlp.c_proj.weight,transformer.h.4.mlp.c_proj.weight,"[384, 1024]",fixed_2,2,0.8116346597671509,0.009156598709523678,0.020230699330568314,0.557650625705719,0.6072120666503906,0.8116346597671509,0.04649859666824341,0.557650625705719,0.0
1,1024,transformer.h.4.mlp.c_proj.weight,transformer.h.4.mlp.c_proj.weight,"[384, 1024]",fixed_4,4,0.7717373371124268,0.007603840436786413,0.020230699330568314,0.48184871673583984,0.5337494015693665,0.7717373371124268,0.05642300844192505,0.48184871673583984,0.0
1,1024,transformer.h.4.mlp.c_proj.weight,transformer.h.4.mlp.c_proj.weight,"[384, 1024]",fixed_8,8,0.7140423655509949,0.006244998425245285,0.020230699330568314,0.41617462038993835,0.4661738872528076,0.7140423655509949,0.06808561086654663,0.41617462038993835,0.0
1,1024,transformer.h.4.mlp.c_proj.weight,transformer.h.4.mlp.c_proj.weight,"[384, 1024]",fixed_16,16,0.6374446749687195,0.004624223802238703,0.020230699330568314,0.3516799211502075,0.3965347409248352,0.6374446749687195,0.07976007461547852,0.3516799211502075,0.0
1,1024,transformer.h.4.mlp.c_proj.weight,transformer.h.4.mlp.c_proj.weight,"[384, 1024]",energy_25,1,0.8536481857299805,0.011173181235790253,0.020230699330568314,0.7167621850967407,0.7837741374969482,0.8536481857299805,0.031225383281707764,0.7167621850967407,0.0
1,1024,transformer.h.4.mlp.c_proj.weight,transformer.h.4.mlp.c_proj.weight,"[384, 1024]",energy_50,9,0.702877402305603,0.006147398613393307,0.020230699330568314,0.4112031161785126,0.4592626094818115,0.702877402305603,0.06919616460800171,0.4112031161785126,0.0
1,1024,transformer.h.4.mlp.c_proj.weight,transformer.h.4.mlp.c_proj.weight,"[384, 1024]",energy_75,43,0.4962201714515686,0.0027720704674720764,0.020230699330568314,0.23648135364055634,0.2704162299633026,0.4962201714515686,0.10085350275039673,0.23648135364055634,0.0
1,1024,transformer.h.4.mlp.c_proj.weight,transformer.h.4.mlp.c_proj.weight,"[384, 1024]",energy_90,115,0.3160257041454315,0.0015252151060849428,0.020230699330568314,0.1360856145620346,0.1547602415084839,0.3160257041454315,0.11793100833892822,0.1360856145620346,0.0
1,1024,transformer.h.5.attn.c_attn.weight,transformer.h.5.attn.c_attn.weight,"[1152, 384]",fixed_1,1,0.8908559083938599,0.0027353311888873577,0.004336702637374401,0.7969525456428528,0.8685445785522461,0.8908559083938599,0.03752124309539795,0.7969525456428528,0.6806630492210388
1,1024,transformer.h.5.attn.c_attn.weight,transformer.h.5.attn.c_attn.weight,"[1152, 384]",fixed_2,2,0.7992623448371887,0.0026455232873559,0.004336702637374401,0.6863924264907837,0.7871257662773132,0.7992623448371887,0.06300204992294312,0.6863924264907837,0.6792973279953003
1,1024,transformer.h.5.attn.c_attn.weight,transformer.h.5.attn.c_attn.weight,"[1152, 384]",fixed_4,4,0.6860134601593018,0.0017586080357432365,0.004336702637374401,0.5531141757965088,0.7027177810668945,0.6860134601593018,0.10382360219955444,0.5531141757965088,0.6845095753669739
1,1024,transformer.h.5.attn.c_attn.weight,transformer.h.5.attn.c_attn.weight,"[1152, 384]",fixed_8,8,0.5502716302871704,0.0013056998141109943,0.004336702637374401,0.4407632052898407,0.642368733882904,0.5502716302871704,0.15477770566940308,0.4407632052898407,0.6836172938346863
1,1024,transformer.h.5.attn.c_attn.weight,transformer.h.5.attn.c_attn.weight,"[1152, 384]",fixed_16,16,0.4124039113521576,0.0010524292010813951,0.004336702637374401,0.3352776765823364,0.5686168074607849,0.4124039113521576,0.23349249362945557,0.3352776765823364,0.6778653860092163
1,1024,transformer.h.5.attn.c_attn.weight,transformer.h.5.attn.c_attn.weight,"[1152, 384]",energy_25,2,0.7992623448371887,0.0026455232873559,0.004336702637374401,0.6863924264907837,0.7871257662773132,0.7992623448371887,0.06300204992294312,0.6863924264907837,0.6792973279953003
1,1024,transformer.h.5.attn.c_attn.weight,transformer.h.5.attn.c_attn.weight,"[1152, 384]",energy_50,4,0.6860134601593018,0.0017586080357432365,0.004336702637374401,0.5531141757965088,0.7027177810668945,0.6860134601593018,0.10382360219955444,0.5531141757965088,0.6845095753669739
1,1024,transformer.h.5.attn.c_attn.weight,transformer.h.5.attn.c_attn.weight,"[1152, 384]",energy_75,11,0.4900369942188263,0.001158708008006215,0.004336702637374401,0.39703935384750366,0.6245234608650208,0.4900369942188263,0.18429797887802124,0.39703935384750366,0.6793856024742126
1,1024,transformer.h.5.attn.c_attn.weight,transformer.h.5.attn.c_attn.weight,"[1152, 384]",energy_90,25,0.3153269588947296,0.0008050139294937253,0.004336702637374401,0.2600650191307068,0.5384562611579895,0.3153269588947296,0.30176055431365967,0.2600650191307068,0.679180383682251
1,1024,transformer.h.5.attn.c_proj.weight,transformer.h.5.attn.c_proj.weight,"[384, 384]",fixed_1,1,0.8329834938049316,0.004769246093928814,0.006285578943789005,0.8041815161705017,0.8335793018341064,0.8329834938049316,0.040238022804260254,0.8041815161705017,0.7641980648040771
1,1024,transformer.h.5.attn.c_proj.weight,transformer.h.5.attn.c_proj.weight,"[384, 384]",fixed_2,2,0.7372943758964539,0.0038177119567990303,0.006285578943789005,0.7181370258331299,0.7406625747680664,0.7372943758964539,0.06451970338821411,0.7181370258331299,0.7633191347122192
1,1024,transformer.h.5.attn.c_proj.weight,transformer.h.5.attn.c_proj.weight,"[384, 384]",fixed_4,4,0.6515054702758789,0.0030086860060691833,0.006285578943789005,0.6195777654647827,0.6432603001594543,0.6515054702758789,0.09948211908340454,0.6195777654647827,0.7697256207466125
1,1024,transformer.h.5.attn.c_proj.weight,transformer.h.5.attn.c_proj.weight,"[384, 384]",fixed_8,8,0.5435595512390137,0.002506603254005313,0.006285578943789005,0.5182033181190491,0.532153844833374,0.5435595512390137,0.13962018489837646,0.5182033181190491,0.7641894817352295
1,1024,transformer.h.5.attn.c_proj.weight,transformer.h.5.attn.c_proj.weight,"[384, 384]",fixed_16,16,0.42394861578941345,0.002183171221986413,0.006285578943789005,0.3901309072971344,0.40849435329437256,0.42394861578941345,0.21390163898468018,0.3901309072971344,0.7714676260948181
1,1024,transformer.h.5.attn.c_proj.weight,transformer.h.5.attn.c_proj.weight,"[384, 384]",energy_25,1,0.8329834938049316,0.004769246093928814,0.006285578943789005,0.8041815161705017,0.8335793018341064,0.8329834938049316,0.040238022804260254,0.8041815161705017,0.7641980648040771
1,1024,transformer.h.5.attn.c_proj.weight,transformer.h.5.attn.c_proj.weight,"[384, 384]",energy_50,3,0.688177227973938,0.003319897223263979,0.006285578943789005,0.6575959324836731,0.6857331395149231,0.688177227973938,0.08475619554519653,0.6575959324836731,0.768843412399292
1,1024,transformer.h.5.attn.c_proj.weight,transformer.h.5.attn.c_proj.weight,"[384, 384]",energy_75,11,0.4899159073829651,0.0024720521178096533,0.006285578943789005,0.4627824127674103,0.48210567235946655,0.4899159073829651,0.17241698503494263,0.4627824127674103,0.7682119011878967
1,1024,transformer.h.5.attn.c_proj.weight,transformer.h.5.attn.c_proj.weight,"[384, 384]",energy_90,28,0.31583669781684875,0.0013646153965964913,0.006285578943789005,0.28366726636886597,0.29083868861198425,0.31583669781684875,0.29020804166793823,0.28366726636886597,0.772759735584259
1,1024,transformer.h.5.mlp.w1.weight,transformer.h.5.mlp.w1.weight,"[1024, 384]",fixed_1,1,0.9154930710792542,0.004398826044052839,0.011187288910150528,0.8907849788665771,0.9181882739067078,0.9154930710792542,0.00966346263885498,0.8907849788665771,0.0
1,1024,transformer.h.5.mlp.w1.weight,transformer.h.5.mlp.w1.weight,"[1024, 384]",fixed_2,2,0.8653764724731445,0.003822880331426859,0.011187288910150528,0.8121886849403381,0.8621993064880371,0.8653764724731445,0.02086549997329712,0.8121886849403381,0.0
1,1024,transformer.h.5.mlp.w1.weight,transformer.h.5.mlp.w1.weight,"[1024, 384]",fixed_4,4,0.8025445938110352,0.0031466465443372726,0.011187288910150528,0.7023598551750183,0.7049524188041687,0.8025445938110352,0.03464508056640625,0.7023598551750183,0.0
1,1024,transformer.h.5.mlp.w1.weight,transformer.h.5.mlp.w1.weight,"[1024, 384]",fixed_8,8,0.7193393707275391,0.0023511105682700872,0.011187288910150528,0.597660481929779,0.620783805847168,0.7193393707275391,0.052627623081207275,0.597660481929779,0.0
1,1024,transformer.h.5.mlp.w1.weight,transformer.h.5.mlp.w1.weight,"[1024, 384]",fixed_16,16,0.6223214268684387,0.002029295079410076,0.011187288910150528,0.5005494356155396,0.5438655018806458,0.6223214268684387,0.0710134506225586,0.5005494356155396,0.0
1,1024,transformer.h.5.mlp.w1.weight,transformer.h.5.mlp.w1.weight,"[1024, 384]",energy_25,2,0.8653764724731445,0.003822880331426859,0.011187288910150528,0.8121886849403381,0.8621993064880371,0.8653764724731445,0.02086549997329712,0.8121886849403381,0.0
1,1024,transformer.h.5.mlp.w1.weight,transformer.h.5.mlp.w1.weight,"[1024, 384]",energy_50,9,0.7033318281173706,0.0022968039847910404,0.011187288910150528,0.5744107961654663,0.607593834400177,0.7033318281173706,0.05671650171279907,0.5744107961654663,0.0
1,1024,transformer.h.5.mlp.w1.weight,transformer.h.5.mlp.w1.weight,"[1024, 384]",energy_75,34,0.4962298572063446,0.001226823660545051,0.011187288910150528,0.3806992471218109,0.4233093559741974,0.4962298572063446,0.0932043194770813,0.3806992471218109,0.0
1,1024,transformer.h.5.mlp.w1.weight,transformer.h.5.mlp.w1.weight,"[1024, 384]",energy_90,88,0.3159922957420349,0.000711763568688184,0.011187288910150528,0.226188525557518,0.25614356994628906,0.3159922957420349,0.12093925476074219,0.226188525557518,0.0
1,1024,transformer.h.5.mlp.w2.weight,transformer.h.5.mlp.w2.weight,"[1024, 384]",fixed_1,1,0.9196934700012207,0.005092930514365435,0.010302086360752583,0.8851748108863831,0.9296490550041199,0.9196934700012207,0.009460270404815674,0.8851748108863831,0.0
1,1024,transformer.h.5.mlp.w2.weight,transformer.h.5.mlp.w2.weight,"[1024, 384]",fixed_2,2,0.8705120086669922,0.005178263410925865,0.010302086360752583,0.8041176199913025,0.8483607769012451,0.8705120086669922,0.020503520965576172,0.8041176199913025,0.0
1,1024,transformer.h.5.mlp.w2.weight,transformer.h.5.mlp.w2.weight,"[1024, 384]",fixed_4,4,0.8009464144706726,0.0029802669305354357,0.010302086360752583,0.6941232085227966,0.7822633385658264,0.8009464144706726,0.03355419635772705,0.6941232085227966,0.0
1,1024,transformer.h.5.mlp.w2.weight,transformer.h.5.mlp.w2.weight,"[1024, 384]",fixed_8,8,0.7187888622283936,0.002661195583641529,0.010302086360752583,0.59245365858078,0.6706076860427856,0.7187888622283936,0.0519070029258728,0.59245365858078,0.0
1,1024,transformer.h.5.mlp.w2.weight,transformer.h.5.mlp.w2.weight,"[1024, 384]",fixed_16,16,0.6241344213485718,0.002127002226188779,0.010302086360752583,0.5018160939216614,0.5820875763893127,0.6241344213485718,0.06890720129013062,0.5018160939216614,0.0
1,1024,transformer.h.5.mlp.w2.weight,transformer.h.5.mlp.w2.weight,"[1024, 384]",energy_25,3,0.8334701061248779,0.004789402708411217,0.010302086360752583,0.7669638395309448,0.8213234543800354,0.8334701061248779,0.025596320629119873,0.7669638395309448,0.0
1,1024,transformer.h.5.mlp.w2.weight,transformer.h.5.mlp.w2.weight,"[1024, 384]",energy_50,9,0.7043337225914001,0.0026024566031992435,0.010302086360752583,0.5755033493041992,0.6473799347877502,0.7043337225914001,0.055085837841033936,0.5755033493041992,0.0
1,1024,transformer.h.5.mlp.w2.weight,transformer.h.5.mlp.w2.weight,"[1024, 384]",energy_75,34,0.499614953994751,0.00115459063090384,0.010302086360752583,0.38466453552246094,0.4625209867954254,0.499614953994751,0.09138566255569458,0.38466453552246094,0.0
1,1024,transformer.h.5.mlp.w2.weight,transformer.h.5.mlp.w2.weight,"[1024, 384]",energy_90,89,0.3146362006664276,0.0005885431310161948,0.010302086360752583,0.22364206612110138,0.26732009649276733,0.3146362006664276,0.12012112140655518,0.22364206612110138,0.0
1,1024,transformer.h.5.mlp.c_proj.weight,transformer.h.5.mlp.c_proj.weight,"[384, 1024]",fixed_1,1,0.7747114300727844,0.009002545848488808,0.018189989030361176,0.7627370953559875,0.7711279988288879,0.7747114300727844,0.047213971614837646,0.7627370953559875,0.007694968022406101
1,1024,transformer.h.5.mlp.c_proj.weight,transformer.h.5.mlp.c_proj.weight,"[384, 1024]",fixed_2,2,0.7352050542831421,0.00841677375137806,0.018189989030361176,0.6760263442993164,0.6711949110031128,0.7352050542831421,0.05720096826553345,0.6760263442993164,0.008254412561655045
1,1024,transformer.h.5.mlp.c_proj.weight,transformer.h.5.mlp.c_proj.weight,"[384, 1024]",fixed_4,4,0.6901162266731262,0.007686164230108261,0.018189989030361176,0.5663807988166809,0.5759230852127075,0.6901162266731262,0.0702829360961914,0.5663807988166809,0.00784987211227417
1,1024,transformer.h.5.mlp.c_proj.weight,transformer.h.5.mlp.c_proj.weight,"[384, 1024]",fixed_8,8,0.6313092708587646,0.005625630263239145,0.018189989030361176,0.48359405994415283,0.4942431151866913,0.6313092708587646,0.08379393815994263,0.48359405994415283,0.008090987801551819
1,1024,transformer.h.5.mlp.c_proj.weight,transformer.h.5.mlp.c_proj.weight,"[384, 1024]",fixed_16,16,0.5576660633087158,0.0043715378269553185,0.018189989030361176,0.4045090675354004,0.402254194021225,0.5576660633087158,0.09736979007720947,0.4045090675354004,0.007778017316013575
1,1024,transformer.h.5.mlp.c_proj.weight,transformer.h.5.mlp.c_proj.weight,"[384, 1024]",energy_25,1,0.7747114300727844,0.009002545848488808,0.018189989030361176,0.7627370953559875,0.7711279988288879,0.7747114300727844,0.047213971614837646,0.7627370953559875,0.007694968022406101
1,1024,transformer.h.5.mlp.c_proj.weight,transformer.h.5.mlp.c_proj.weight,"[384, 1024]",energy_50,4,0.6901162266731262,0.007686164230108261,0.018189989030361176,0.5663807988166809,0.5759230852127075,0.6901162266731262,0.0702829360961914,0.5663807988166809,0.00784987211227417
1,1024,transformer.h.5.mlp.c_proj.weight,transformer.h.5.mlp.c_proj.weight,"[384, 1024]",energy_75,26,0.49679434299468994,0.003979098051786423,0.018189989030361176,0.3321285843849182,0.3329405188560486,0.49679434299468994,0.10946851968765259,0.3321285843849182,0.007806805893778801
1,1024,transformer.h.5.mlp.c_proj.weight,transformer.h.5.mlp.c_proj.weight,"[384, 1024]",energy_90,88,0.31609711050987244,0.0018763692351058125,0.018189989030361176,0.1800055354833603,0.1851416677236557,0.31609711050987244,0.1348596215248108,0.1800055354833603,0.008095874451100826
1,2048,transformer.h.0.attn.c_attn.weight,transformer.h.0.attn.c_attn.weight,"[1152, 384]",fixed_1,1,0.7569988965988159,0.003806287655606866,0.009571099653840065,0.5617499947547913,0.4176311790943146,0.7569988965988159,0.09144484996795654,0.5617499947547913,0.7398713231086731
1,2048,transformer.h.0.attn.c_attn.weight,transformer.h.0.attn.c_attn.weight,"[1152, 384]",fixed_2,2,0.6365920901298523,0.0030125915072858334,0.009571099653840065,0.4895738661289215,0.38631802797317505,0.6365920901298523,0.1270797848701477,0.4895738661289215,0.7320602536201477
1,2048,transformer.h.0.attn.c_attn.weight,transformer.h.0.attn.c_attn.weight,"[1152, 384]",fixed_4,4,0.5191258788108826,0.00242209923453629,0.009571099653840065,0.3871629536151886,0.388123482465744,0.5191258788108826,0.18592935800552368,0.3871629536151886,0.7303991317749023
1,2048,transformer.h.0.attn.c_attn.weight,transformer.h.0.attn.c_attn.weight,"[1152, 384]",fixed_8,8,0.4435253441333771,0.002126196399331093,0.009571099653840065,0.3447026312351227,0.3811212480068207,0.4435253441333771,0.21913504600524902,0.3447026312351227,0.730600118637085
1,2048,transformer.h.0.attn.c_attn.weight,transformer.h.0.attn.c_attn.weight,"[1152, 384]",fixed_16,16,0.35658618807792664,0.001562820514664054,0.009571099653840065,0.27233800292015076,0.3391695022583008,0.35658618807792664,0.28180861473083496,0.27233800292015076,0.7195298671722412
1,2048,transformer.h.0.attn.c_attn.weight,transformer.h.0.attn.c_attn.weight,"[1152, 384]",energy_25,1,0.7569988965988159,0.003806287655606866,0.009571099653840065,0.5617499947547913,0.4176311790943146,0.7569988965988159,0.09144484996795654,0.5617499947547913,0.7398713231086731
1,2048,transformer.h.0.attn.c_attn.weight,transformer.h.0.attn.c_attn.weight,"[1152, 384]",energy_50,2,0.6365920901298523,0.0030125915072858334,0.009571099653840065,0.4895738661289215,0.38631802797317505,0.6365920901298523,0.1270797848701477,0.4895738661289215,0.7320602536201477
1,2048,transformer.h.0.attn.c_attn.weight,transformer.h.0.attn.c_attn.weight,"[1152, 384]",energy_75,5,0.49743685126304626,0.002408731495961547,0.009571099653840065,0.3742449879646301,0.38203147053718567,0.49743685126304626,0.19574856758117676,0.3742449879646301,0.728909969329834
1,2048,transformer.h.0.attn.c_attn.weight,transformer.h.0.attn.c_attn.weight,"[1152, 384]",energy_90,22,0.3150169551372528,0.0014077939558774233,0.009571099653840065,0.23691768944263458,0.3168148398399353,0.3150169551372528,0.31016331911087036,0.23691768944263458,0.7196337580680847
1,2048,transformer.h.0.attn.c_proj.weight,transformer.h.0.attn.c_proj.weight,"[384, 384]",fixed_1,1,0.7967942953109741,0.01475481316447258,0.016499388962984085,0.7782178521156311,0.7543771266937256,0.7967942953109741,0.05353003740310669,0.7782178521156311,0.84699946641922
1,2048,transformer.h.0.attn.c_proj.weight,transformer.h.0.attn.c_proj.weight,"[384, 384]",fixed_2,2,0.6407400369644165,0.009029820561408997,0.016499388962984085,0.5707290172576904,0.5619770884513855,0.6407400369644165,0.11186075210571289,0.5707290172576904,0.8455353379249573
1,2048,transformer.h.0.attn.c_proj.weight,transformer.h.0.attn.c_proj.weight,"[384, 384]",fixed_4,4,0.5105487704277039,0.0053391773253679276,0.016499388962984085,0.4092586636543274,0.4072200357913971,0.5105487704277039,0.18747079372406006,0.4092586636543274,0.8458014726638794
1,2048,transformer.h.0.attn.c_proj.weight,transformer.h.0.attn.c_proj.weight,"[384, 384]",fixed_8,8,0.42445895075798035,0.004401917103677988,0.016499388962984085,0.33997657895088196,0.3408001959323883,0.42445895075798035,0.23775792121887207,0.33997657895088196,0.8468068242073059
1,2048,transformer.h.0.attn.c_proj.weight,transformer.h.0.attn.c_proj.weight,"[384, 384]",fixed_16,16,0.3267070949077606,0.0031172428280115128,0.016499388962984085,0.2581438720226288,0.2587224841117859,0.3267070949077606,0.3062191605567932,0.2581438720226288,0.8562055230140686
1,2048,transformer.h.0.attn.c_proj.weight,transformer.h.0.attn.c_proj.weight,"[384, 384]",energy_25,1,0.7967942953109741,0.01475481316447258,0.016499388962984085,0.7782178521156311,0.7543771266937256,0.7967942953109741,0.05353003740310669,0.7782178521156311,0.84699946641922
1,2048,transformer.h.0.attn.c_proj.weight,transformer.h.0.attn.c_proj.weight,"[384, 384]",energy_50,2,0.6407400369644165,0.009029820561408997,0.016499388962984085,0.5707290172576904,0.5619770884513855,0.6407400369644165,0.11186075210571289,0.5707290172576904,0.8455353379249573
1,2048,transformer.h.0.attn.c_proj.weight,transformer.h.0.attn.c_proj.weight,"[384, 384]",energy_75,5,0.48539888858795166,0.005162225104868412,0.016499388962984085,0.38790959119796753,0.3856687843799591,0.48539888858795166,0.197517991065979,0.38790959119796753,0.8503947257995605
1,2048,transformer.h.0.attn.c_proj.weight,transformer.h.0.attn.c_proj.weight,"[384, 384]",energy_90,18,0.31026792526245117,0.00328864436596632,0.016499388962984085,0.24636387825012207,0.24306327104568481,0.31026792526245117,0.31759321689605713,0.24636387825012207,0.8481577038764954
1,2048,transformer.h.0.mlp.w1.weight,transformer.h.0.mlp.w1.weight,"[1024, 384]",fixed_1,1,0.8159232139587402,0.006079675629734993,0.01160365529358387,0.7285703420639038,0.7740526795387268,0.8159232139587402,0.02567148208618164,0.7285703420639038,0.0
1,2048,transformer.h.0.mlp.w1.weight,transformer.h.0.mlp.w1.weight,"[1024, 384]",fixed_2,2,0.7592047452926636,0.0042773038148880005,0.01160365529358387,0.6619895696640015,0.6993804574012756,0.7592047452926636,0.03255516290664673,0.6619895696640015,0.0
1,2048,transformer.h.0.mlp.w1.weight,transformer.h.0.mlp.w1.weight,"[1024, 384]",fixed_4,4,0.7173692584037781,0.004216310568153858,0.01160365529358387,0.6286015510559082,0.6775999665260315,0.7173692584037781,0.03669583797454834,0.6286015510559082,0.0
1,2048,transformer.h.0.mlp.w1.weight,transformer.h.0.mlp.w1.weight,"[1024, 384]",fixed_8,8,0.6743528246879578,0.0032648607157170773,0.01160365529358387,0.5822914838790894,0.6335119605064392,0.6743528246879578,0.04123342037200928,0.5822914838790894,0.0
1,2048,transformer.h.0.mlp.w1.weight,transformer.h.0.mlp.w1.weight,"[1024, 384]",fixed_16,16,0.6253893375396729,0.0023526009172201157,0.01160365529358387,0.5298011302947998,0.5830891728401184,0.6253893375396729,0.04598516225814819,0.5298011302947998,0.0
1,2048,transformer.h.0.mlp.w1.weight,transformer.h.0.mlp.w1.weight,"[1024, 384]",energy_25,1,0.8159232139587402,0.006079675629734993,0.01160365529358387,0.7285703420639038,0.7740526795387268,0.8159232139587402,0.02567148208618164,0.7285703420639038,0.0
1,2048,transformer.h.0.mlp.w1.weight,transformer.h.0.mlp.w1.weight,"[1024, 384]",energy_50,5,0.7032027244567871,0.003391372039914131,0.01160365529358387,0.6082220077514648,0.6599210500717163,0.7032027244567871,0.038396358489990234,0.6082220077514648,0.0
1,2048,transformer.h.0.mlp.w1.weight,transformer.h.0.mlp.w1.weight,"[1024, 384]",energy_75,52,0.4982985854148865,0.0016507026739418507,0.01160365529358387,0.4091256856918335,0.4492928385734558,0.4982985854148865,0.05692458152770996,0.4091256856918335,0.0
1,2048,transformer.h.0.mlp.w1.weight,transformer.h.0.mlp.w1.weight,"[1024, 384]",energy_90,144,0.3151535987854004,0.0009042915771715343,0.01160365529358387,0.24264204502105713,0.2701193690299988,0.3151535987854004,0.0689055323600769,0.24264204502105713,0.0
1,2048,transformer.h.0.mlp.w2.weight,transformer.h.0.mlp.w2.weight,"[1024, 384]",fixed_1,1,0.8096297979354858,0.004794842563569546,0.0073273805901408195,0.7335053086280823,0.7968358993530273,0.8096297979354858,0.025651991367340088,0.7335053086280823,0.0
1,2048,transformer.h.0.mlp.w2.weight,transformer.h.0.mlp.w2.weight,"[1024, 384]",fixed_2,2,0.7529387474060059,0.003486085217446089,0.0073273805901408195,0.6782360076904297,0.74240642786026,0.7529387474060059,0.0320734977722168,0.6782360076904297,0.0
1,2048,transformer.h.0.mlp.w2.weight,transformer.h.0.mlp.w2.weight,"[1024, 384]",fixed_4,4,0.713981568813324,0.0030925695318728685,0.0073273805901408195,0.6418817639350891,0.7090258002281189,0.713981568813324,0.0362892746925354,0.6418817639350891,0.0
1,2048,transformer.h.0.mlp.w2.weight,transformer.h.0.mlp.w2.weight,"[1024, 384]",fixed_8,8,0.6721628904342651,0.0029511419124901295,0.0073273805901408195,0.5961588621139526,0.6602153182029724,0.6721628904342651,0.04114252328872681,0.5961588621139526,0.0
1,2048,transformer.h.0.mlp.w2.weight,transformer.h.0.mlp.w2.weight,"[1024, 384]",fixed_16,16,0.6227775812149048,0.002607022412121296,0.0073273805901408195,0.5518550872802734,0.6125661730766296,0.6227775812149048,0.04584634304046631,0.5518550872802734,0.0
1,2048,transformer.h.0.mlp.w2.weight,transformer.h.0.mlp.w2.weight,"[1024, 384]",energy_25,1,0.8096297979354858,0.004794842563569546,0.0073273805901408195,0.7335053086280823,0.7968358993530273,0.8096297979354858,0.025651991367340088,0.7335053086280823,0.0
1,2048,transformer.h.0.mlp.w2.weight,transformer.h.0.mlp.w2.weight,"[1024, 384]",energy_50,5,0.6995515823364258,0.0031329751946032047,0.0073273805901408195,0.6243078112602234,0.6780610680580139,0.6995515823364258,0.038168489933013916,0.6243078112602234,0.0
1,2048,transformer.h.0.mlp.w2.weight,transformer.h.0.mlp.w2.weight,"[1024, 384]",energy_75,50,0.49983757734298706,0.0016928300028666854,0.0073273805901408195,0.41717684268951416,0.4659973084926605,0.49983757734298706,0.05721622705459595,0.41717684268951416,0.0
1,2048,transformer.h.0.mlp.w2.weight,transformer.h.0.mlp.w2.weight,"[1024, 384]",energy_90,141,0.31508174538612366,0.0008527818135917187,0.0073273805901408195,0.24302487075328827,0.27234596014022827,0.31508174538612366,0.06993108987808228,0.24302487075328827,0.0
1,2048,transformer.h.0.mlp.c_proj.weight,transformer.h.0.mlp.c_proj.weight,"[384, 1024]",fixed_1,1,0.8601683378219604,0.019190588966012,0.04235677048563957,0.6716110110282898,0.7064729928970337,0.8601683378219604,0.02638840675354004,0.6716110110282898,0.0
1,2048,transformer.h.0.mlp.c_proj.weight,transformer.h.0.mlp.c_proj.weight,"[384, 1024]",fixed_2,2,0.8153107762336731,0.01652318611741066,0.04235677048563957,0.5756396055221558,0.6038802266120911,0.8153107762336731,0.03743225336074829,0.5756396055221558,0.0
1,2048,transformer.h.0.mlp.c_proj.weight,transformer.h.0.mlp.c_proj.weight,"[384, 1024]",fixed_4,4,0.7704122066497803,0.011407040059566498,0.04235677048563957,0.47410765290260315,0.5045857429504395,0.7704122066497803,0.049524545669555664,0.47410765290260315,0.0
1,2048,transformer.h.0.mlp.c_proj.weight,transformer.h.0.mlp.c_proj.weight,"[384, 1024]",fixed_8,8,0.7143275141716003,0.010099895298480988,0.04235677048563957,0.4126487374305725,0.44577622413635254,0.7143275141716003,0.06007474660873413,0.4126487374305725,0.0
1,2048,transformer.h.0.mlp.c_proj.weight,transformer.h.0.mlp.c_proj.weight,"[384, 1024]",fixed_16,16,0.6459237337112427,0.00668256776407361,0.04235677048563957,0.33264631032943726,0.364644318819046,0.6459237337112427,0.07383036613464355,0.33264631032943726,0.0
1,2048,transformer.h.0.mlp.c_proj.weight,transformer.h.0.mlp.c_proj.weight,"[384, 1024]",energy_25,1,0.8601683378219604,0.019190588966012,0.04235677048563957,0.6716110110282898,0.7064729928970337,0.8601683378219604,0.02638840675354004,0.6716110110282898,0.0
1,2048,transformer.h.0.mlp.c_proj.weight,transformer.h.0.mlp.c_proj.weight,"[384, 1024]",energy_50,9,0.7040771245956421,0.009881839156150818,0.04235677048563957,0.3901098966598511,0.42014196515083313,0.7040771245956421,0.06366127729415894,0.3901098966598511,0.0
1,2048,transformer.h.0.mlp.c_proj.weight,transformer.h.0.mlp.c_proj.weight,"[384, 1024]",energy_75,47,0.4997679591178894,0.004952417686581612,0.04235677048563957,0.22729915380477905,0.24966742098331451,0.4997679591178894,0.0939934253692627,0.22729915380477905,0.0
1,2048,transformer.h.0.mlp.c_proj.weight,transformer.h.0.mlp.c_proj.weight,"[384, 1024]",energy_90,123,0.3147306740283966,0.0026436711195856333,0.04235677048563957,0.12844447791576385,0.1406404823064804,0.3147306740283966,0.11063528060913086,0.12844447791576385,0.0
1,2048,transformer.h.1.attn.c_attn.weight,transformer.h.1.attn.c_attn.weight,"[1152, 384]",fixed_1,1,0.702250599861145,0.0031707638408988714,0.007392721250653267,0.5726264119148254,0.7907835841178894,0.702250599861145,0.09139406681060791,0.5726264119148254,0.7362679839134216
1,2048,transformer.h.1.attn.c_attn.weight,transformer.h.1.attn.c_attn.weight,"[1152, 384]",fixed_2,2,0.6360902786254883,0.0030592456459999084,0.007392721250653267,0.5179774165153503,0.7699146866798401,0.6360902786254883,0.11282908916473389,0.5179774165153503,0.7353664040565491
1,2048,transformer.h.1.attn.c_attn.weight,transformer.h.1.attn.c_attn.weight,"[1152, 384]",fixed_4,4,0.5623271465301514,0.00277812615968287,0.007392721250653267,0.4450671374797821,0.6720001101493835,0.5623271465301514,0.15335726737976074,0.4450671374797821,0.7328122854232788
1,2048,transformer.h.1.attn.c_attn.weight,transformer.h.1.attn.c_attn.weight,"[1152, 384]",fixed_8,8,0.4754045307636261,0.0022583710961043835,0.007392721250653267,0.3755543529987335,0.6179035305976868,0.4754045307636261,0.19536077976226807,0.3755543529987335,0.735981822013855
1,2048,transformer.h.1.attn.c_attn.weight,transformer.h.1.attn.c_attn.weight,"[1152, 384]",fixed_16,16,0.37808921933174133,0.0015062224119901657,0.007392721250653267,0.2999526262283325,0.5402523875236511,0.37808921933174133,0.2535976767539978,0.2999526262283325,0.7280884981155396
1,2048,transformer.h.1.attn.c_attn.weight,transformer.h.1.attn.c_attn.weight,"[1152, 384]",energy_25,1,0.702250599861145,0.0031707638408988714,0.007392721250653267,0.5726264119148254,0.7907835841178894,0.702250599861145,0.09139406681060791,0.5726264119148254,0.7362679839134216
1,2048,transformer.h.1.attn.c_attn.weight,transformer.h.1.attn.c_attn.weight,"[1152, 384]",energy_50,1,0.702250599861145,0.0031707638408988714,0.007392721250653267,0.5726264119148254,0.7907835841178894,0.702250599861145,0.09139406681060791,0.5726264119148254,0.7362679839134216
1,2048,transformer.h.1.attn.c_attn.weight,transformer.h.1.attn.c_attn.weight,"[1152, 384]",energy_75,7,0.4931468665599823,0.0023405204992741346,0.007392721250653267,0.3882787823677063,0.6138070821762085,0.4931468665599823,0.1848772168159485,0.3882787823677063,0.7358311414718628
1,2048,transformer.h.1.attn.c_attn.weight,transformer.h.1.attn.c_attn.weight,"[1152, 384]",energy_90,24,0.3153682053089142,0.0011284417705610394,0.007392721250653267,0.25340959429740906,0.4699723720550537,0.3153682053089142,0.29470425844192505,0.25340959429740906,0.7224069237709045
1,2048,transformer.h.1.attn.c_proj.weight,transformer.h.1.attn.c_proj.weight,"[384, 384]",fixed_1,1,0.5767508745193481,0.006263607181608677,0.016802586615085602,0.42164331674575806,0.4362025558948517,0.5767508745193481,0.1333640217781067,0.42164331674575806,0.8903466463088989
1,2048,transformer.h.1.attn.c_proj.weight,transformer.h.1.attn.c_proj.weight,"[384, 384]",fixed_2,2,0.53082674741745,0.004995394963771105,0.016802586615085602,0.3690536320209503,0.3797443211078644,0.53082674741745,0.16683810949325562,0.3690536320209503,0.8969339728355408
1,2048,transformer.h.1.attn.c_proj.weight,transformer.h.1.attn.c_proj.weight,"[384, 384]",fixed_4,4,0.4735665023326874,0.004474068991839886,0.016802586615085602,0.32557740807533264,0.33638858795166016,0.4735665023326874,0.19463467597961426,0.32557740807533264,0.8981944918632507
1,2048,transformer.h.1.attn.c_proj.weight,transformer.h.1.attn.c_proj.weight,"[384, 384]",fixed_8,8,0.4024195671081543,0.0037010223604738712,0.016802586615085602,0.27748385071754456,0.2885332405567169,0.4024195671081543,0.23837798833847046,0.27748385071754456,0.898228645324707
1,2048,transformer.h.1.attn.c_proj.weight,transformer.h.1.attn.c_proj.weight,"[384, 384]",fixed_16,16,0.32036516070365906,0.003001437522470951,0.016802586615085602,0.21896904706954956,0.22585749626159668,0.32036516070365906,0.3034651279449463,0.21896904706954956,0.8977314829826355
1,2048,transformer.h.1.attn.c_proj.weight,transformer.h.1.attn.c_proj.weight,"[384, 384]",energy_25,1,0.5767508745193481,0.006263607181608677,0.016802586615085602,0.42164331674575806,0.4362025558948517,0.5767508745193481,0.1333640217781067,0.42164331674575806,0.8903466463088989
1,2048,transformer.h.1.attn.c_proj.weight,transformer.h.1.attn.c_proj.weight,"[384, 384]",energy_50,1,0.5767508745193481,0.006263607181608677,0.016802586615085602,0.42164331674575806,0.4362025558948517,0.5767508745193481,0.1333640217781067,0.42164331674575806,0.8903466463088989
1,2048,transformer.h.1.attn.c_proj.weight,transformer.h.1.attn.c_proj.weight,"[384, 384]",energy_75,3,0.4977540671825409,0.004628889262676239,0.016802586615085602,0.3455202579498291,0.3631693720817566,0.4977540671825409,0.18457120656967163,0.3455202579498291,0.901001513004303
1,2048,transformer.h.1.attn.c_proj.weight,transformer.h.1.attn.c_proj.weight,"[384, 384]",energy_90,17,0.31283119320869446,0.0027534584514796734,0.016802586615085602,0.21429580450057983,0.22507373988628387,0.31283119320869446,0.3110390901565552,0.21429580450057983,0.8923409581184387
1,2048,transformer.h.1.mlp.w1.weight,transformer.h.1.mlp.w1.weight,"[1024, 384]",fixed_1,1,0.8190758228302002,0.006048231385648251,0.006768620572984219,0.8276134133338928,0.8014069199562073,0.8190758228302002,0.02557981014251709,0.8276134133338928,0.0
1,2048,transformer.h.1.mlp.w1.weight,transformer.h.1.mlp.w1.weight,"[1024, 384]",fixed_2,2,0.7270621061325073,0.002937406999990344,0.006768620572984219,0.6910860538482666,0.689145028591156,0.7270621061325073,0.040212154388427734,0.6910860538482666,0.0
1,2048,transformer.h.1.mlp.w1.weight,transformer.h.1.mlp.w1.weight,"[1024, 384]",fixed_4,4,0.6892280578613281,0.0027527257334440947,0.006768620572984219,0.6491479277610779,0.6572341918945312,0.6892280578613281,0.04546713829040527,0.6491479277610779,0.0
1,2048,transformer.h.1.mlp.w1.weight,transformer.h.1.mlp.w1.weight,"[1024, 384]",fixed_8,8,0.6463025212287903,0.002608634065836668,0.006768620572984219,0.6029718518257141,0.59877610206604,0.6463025212287903,0.051084280014038086,0.6029718518257141,0.0
1,2048,transformer.h.1.mlp.w1.weight,transformer.h.1.mlp.w1.weight,"[1024, 384]",fixed_16,16,0.5891588926315308,0.0023856530897319317,0.006768620572984219,0.540217399597168,0.5420175790786743,0.5891588926315308,0.05863744020462036,0.540217399597168,0.0
1,2048,transformer.h.1.mlp.w1.weight,transformer.h.1.mlp.w1.weight,"[1024, 384]",energy_25,1,0.8190758228302002,0.006048231385648251,0.006768620572984219,0.8276134133338928,0.8014069199562073,0.8190758228302002,0.02557981014251709,0.8276134133338928,0.0
1,2048,transformer.h.1.mlp.w1.weight,transformer.h.1.mlp.w1.weight,"[1024, 384]",energy_50,3,0.705835223197937,0.002905224682763219,0.006768620572984219,0.665332019329071,0.6665209531784058,0.705835223197937,0.04365354776382446,0.665332019329071,0.0
1,2048,transformer.h.1.mlp.w1.weight,transformer.h.1.mlp.w1.weight,"[1024, 384]",energy_75,37,0.496388703584671,0.001768964808434248,0.006768620572984219,0.4340449571609497,0.4422611594200134,0.496388703584671,0.06973528861999512,0.4340449571609497,0.0
1,2048,transformer.h.1.mlp.w1.weight,transformer.h.1.mlp.w1.weight,"[1024, 384]",energy_90,112,0.31561174988746643,0.0008012065663933754,0.006768620572984219,0.25448891520500183,0.26429852843284607,0.31561174988746643,0.0861019492149353,0.25448891520500183,0.0
1,2048,transformer.h.1.mlp.w2.weight,transformer.h.1.mlp.w2.weight,"[1024, 384]",fixed_1,1,0.8273388743400574,0.005134738050401211,0.007561645470559597,0.8266498446464539,0.8011386394500732,0.8273388743400574,0.02609431743621826,0.8266498446464539,0.0
1,2048,transformer.h.1.mlp.w2.weight,transformer.h.1.mlp.w2.weight,"[1024, 384]",fixed_2,2,0.7321861386299133,0.002833116101101041,0.007561645470559597,0.6898345351219177,0.7133523225784302,0.7321861386299133,0.040682077407836914,0.6898345351219177,0.0
1,2048,transformer.h.1.mlp.w2.weight,transformer.h.1.mlp.w2.weight,"[1024, 384]",fixed_4,4,0.6966832280158997,0.0025444189086556435,0.007561645470559597,0.6536509990692139,0.6645843982696533,0.6966832280158997,0.04557305574417114,0.6536509990692139,0.0
1,2048,transformer.h.1.mlp.w2.weight,transformer.h.1.mlp.w2.weight,"[1024, 384]",fixed_8,8,0.6522737145423889,0.002335925353690982,0.007561645470559597,0.6085505485534668,0.6236987113952637,0.6522737145423889,0.05159717798233032,0.6085505485534668,0.0
1,2048,transformer.h.1.mlp.w2.weight,transformer.h.1.mlp.w2.weight,"[1024, 384]",fixed_16,16,0.5916244983673096,0.002064123284071684,0.007561645470559597,0.5464038252830505,0.562818169593811,0.5916244983673096,0.05867111682891846,0.5464038252830505,0.0
1,2048,transformer.h.1.mlp.w2.weight,transformer.h.1.mlp.w2.weight,"[1024, 384]",energy_25,1,0.8273388743400574,0.005134738050401211,0.007561645470559597,0.8266498446464539,0.8011386394500732,0.8273388743400574,0.02609431743621826,0.8266498446464539,0.0
1,2048,transformer.h.1.mlp.w2.weight,transformer.h.1.mlp.w2.weight,"[1024, 384]",energy_50,4,0.6966832280158997,0.0025444189086556435,0.007561645470559597,0.6536509990692139,0.6645843982696533,0.6966832280158997,0.04557305574417114,0.6536509990692139,0.0
1,2048,transformer.h.1.mlp.w2.weight,transformer.h.1.mlp.w2.weight,"[1024, 384]",energy_75,37,0.4967362582683563,0.0014755495358258486,0.007561645470559597,0.4421726167201996,0.46423354744911194,0.4967362582683563,0.06988507509231567,0.4421726167201996,0.0
1,2048,transformer.h.1.mlp.w2.weight,transformer.h.1.mlp.w2.weight,"[1024, 384]",energy_90,112,0.31471189856529236,0.0007372436812147498,0.007561645470559597,0.2538737952709198,0.27086445689201355,0.31471189856529236,0.0868760347366333,0.2538737952709198,0.0
1,2048,transformer.h.1.mlp.c_proj.weight,transformer.h.1.mlp.c_proj.weight,"[384, 1024]",fixed_1,1,0.9002912640571594,0.012680243700742722,0.01624775305390358,0.7930616140365601,0.8127586245536804,0.9002912640571594,0.02155059576034546,0.7930616140365601,0.0
1,2048,transformer.h.1.mlp.c_proj.weight,transformer.h.1.mlp.c_proj.weight,"[384, 1024]",fixed_2,2,0.8355044722557068,0.011693758890032768,0.01624775305390358,0.6859055757522583,0.7147036194801331,0.8355044722557068,0.033338963985443115,0.6859055757522583,0.0
1,2048,transformer.h.1.mlp.c_proj.weight,transformer.h.1.mlp.c_proj.weight,"[384, 1024]",fixed_4,4,0.7869938611984253,0.007675244472920895,0.01624775305390358,0.5927823185920715,0.6285089254379272,0.7869938611984253,0.04454445838928223,0.5927823185920715,0.0
1,2048,transformer.h.1.mlp.c_proj.weight,transformer.h.1.mlp.c_proj.weight,"[384, 1024]",fixed_8,8,0.7330015301704407,0.00725942337885499,0.01624775305390358,0.5334786772727966,0.5588545799255371,0.7330015301704407,0.05366063117980957,0.5334786772727966,0.0
1,2048,transformer.h.1.mlp.c_proj.weight,transformer.h.1.mlp.c_proj.weight,"[384, 1024]",fixed_16,16,0.6614819169044495,0.0064773885533213615,0.01624775305390358,0.45660433173179626,0.47903957962989807,0.6614819169044495,0.06507736444473267,0.45660433173179626,0.0
1,2048,transformer.h.1.mlp.c_proj.weight,transformer.h.1.mlp.c_proj.weight,"[384, 1024]",energy_25,2,0.8355044722557068,0.011693758890032768,0.01624775305390358,0.6859055757522583,0.7147036194801331,0.8355044722557068,0.033338963985443115,0.6859055757522583,0.0
1,2048,transformer.h.1.mlp.c_proj.weight,transformer.h.1.mlp.c_proj.weight,"[384, 1024]",energy_50,11,0.7037190794944763,0.0066575948148965836,0.01624775305390358,0.5003207921981812,0.5187673568725586,0.7037190794944763,0.05844956636428833,0.5003207921981812,0.0
1,2048,transformer.h.1.mlp.c_proj.weight,transformer.h.1.mlp.c_proj.weight,"[384, 1024]",energy_75,49,0.4981047511100769,0.004914970137178898,0.01624775305390358,0.3006105422973633,0.314380943775177,0.4981047511100769,0.0874670147895813,0.3006105422973633,0.0
1,2048,transformer.h.1.mlp.c_proj.weight,transformer.h.1.mlp.c_proj.weight,"[384, 1024]",energy_90,122,0.315601646900177,0.0019586756825447083,0.01624775305390358,0.16844263672828674,0.17890600860118866,0.315601646900177,0.1041765809059143,0.16844263672828674,0.0
1,2048,transformer.h.2.attn.c_attn.weight,transformer.h.2.attn.c_attn.weight,"[1152, 384]",fixed_1,1,0.551546573638916,0.006283673923462629,0.017361875623464584,0.38697052001953125,0.49037790298461914,0.551546573638916,0.17407071590423584,0.38697052001953125,0.6925592422485352
1,2048,transformer.h.2.attn.c_attn.weight,transformer.h.2.attn.c_attn.weight,"[1152, 384]",fixed_2,2,0.5248895883560181,0.00626712990924716,0.017361875623464584,0.3626452386379242,0.49102163314819336,0.5248895883560181,0.19375962018966675,0.3626452386379242,0.6854525804519653
1,2048,transformer.h.2.attn.c_attn.weight,transformer.h.2.attn.c_attn.weight,"[1152, 384]",fixed_4,4,0.4828973114490509,0.005579971708357334,0.017361875623464584,0.3218269944190979,0.45777255296707153,0.4828973114490509,0.22370487451553345,0.3218269944190979,0.6853382587432861
1,2048,transformer.h.2.attn.c_attn.weight,transformer.h.2.attn.c_attn.weight,"[1152, 384]",fixed_8,8,0.42549943923950195,0.004905068315565586,0.017361875623464584,0.27872490882873535,0.42139822244644165,0.42549943923950195,0.25453174114227295,0.27872490882873535,0.6939736008644104
1,2048,transformer.h.2.attn.c_attn.weight,transformer.h.2.attn.c_attn.weight,"[1152, 384]",fixed_16,16,0.3465774953365326,0.004022988490760326,0.017361875623464584,0.23008792102336884,0.30486321449279785,0.3465774953365326,0.29560965299606323,0.23008792102336884,0.6952456831932068
1,2048,transformer.h.2.attn.c_attn.weight,transformer.h.2.attn.c_attn.weight,"[1152, 384]",energy_25,1,0.551546573638916,0.006283673923462629,0.017361875623464584,0.38697052001953125,0.49037790298461914,0.551546573638916,0.17407071590423584,0.38697052001953125,0.6925592422485352
1,2048,transformer.h.2.attn.c_attn.weight,transformer.h.2.attn.c_attn.weight,"[1152, 384]",energy_50,1,0.551546573638916,0.006283673923462629,0.017361875623464584,0.38697052001953125,0.49037790298461914,0.551546573638916,0.17407071590423584,0.38697052001953125,0.6925592422485352
1,2048,transformer.h.2.attn.c_attn.weight,transformer.h.2.attn.c_attn.weight,"[1152, 384]",energy_75,4,0.4828973114490509,0.005579971708357334,0.017361875623464584,0.3218269944190979,0.45777255296707153,0.4828973114490509,0.22370487451553345,0.3218269944190979,0.6853382587432861
1,2048,transformer.h.2.attn.c_attn.weight,transformer.h.2.attn.c_attn.weight,"[1152, 384]",energy_90,21,0.3122343420982361,0.0034063365310430527,0.017361875623464584,0.2136179357767105,0.2843087613582611,0.3122343420982361,0.30794769525527954,0.2136179357767105,0.6970183253288269
1,2048,transformer.h.2.attn.c_proj.weight,transformer.h.2.attn.c_proj.weight,"[384, 384]",fixed_1,1,0.5743441581726074,0.011817253194749355,0.021499870344996452,0.7057881355285645,0.7056354284286499,0.5743441581726074,0.10856300592422485,0.7057881355285645,0.7418283224105835
1,2048,transformer.h.2.attn.c_proj.weight,transformer.h.2.attn.c_proj.weight,"[384, 384]",fixed_2,2,0.5480476021766663,0.011815120466053486,0.021499870344996452,0.6603544354438782,0.676538348197937,0.5480476021766663,0.1192362904548645,0.6603544354438782,0.7467308640480042
1,2048,transformer.h.2.attn.c_proj.weight,transformer.h.2.attn.c_proj.weight,"[384, 384]",fixed_4,4,0.5050272345542908,0.009791092947125435,0.021499870344996452,0.5894834399223328,0.5946543216705322,0.5050272345542908,0.1430724859237671,0.5894834399223328,0.7530494928359985
1,2048,transformer.h.2.attn.c_proj.weight,transformer.h.2.attn.c_proj.weight,"[384, 384]",fixed_8,8,0.4504068195819855,0.00872808787971735,0.021499870344996452,0.5254442691802979,0.5405881404876709,0.4504068195819855,0.1718037724494934,0.5254442691802979,0.7584061026573181
1,2048,transformer.h.2.attn.c_proj.weight,transformer.h.2.attn.c_proj.weight,"[384, 384]",fixed_16,16,0.37190037965774536,0.005858885124325752,0.021499870344996452,0.40837588906288147,0.41719144582748413,0.37190037965774536,0.22103583812713623,0.40837588906288147,0.7706091403961182
1,2048,transformer.h.2.attn.c_proj.weight,transformer.h.2.attn.c_proj.weight,"[384, 384]",energy_25,1,0.5743441581726074,0.011817253194749355,0.021499870344996452,0.7057881355285645,0.7056354284286499,0.5743441581726074,0.10856300592422485,0.7057881355285645,0.7418283224105835
1,2048,transformer.h.2.attn.c_proj.weight,transformer.h.2.attn.c_proj.weight,"[384, 384]",energy_50,1,0.5743441581726074,0.011817253194749355,0.021499870344996452,0.7057881355285645,0.7056354284286499,0.5743441581726074,0.10856300592422485,0.7057881355285645,0.7418283224105835
1,2048,transformer.h.2.attn.c_proj.weight,transformer.h.2.attn.c_proj.weight,"[384, 384]",energy_75,5,0.48973754048347473,0.009851014241576195,0.021499870344996452,0.5863359570503235,0.5912790894508362,0.48973754048347473,0.15077894926071167,0.5863359570503235,0.7487576603889465
1,2048,transformer.h.2.attn.c_proj.weight,transformer.h.2.attn.c_proj.weight,"[384, 384]",energy_90,25,0.3112979531288147,0.004766768775880337,0.021499870344996452,0.33267852663993835,0.3353581130504608,0.3112979531288147,0.2577592134475708,0.33267852663993835,0.7843140959739685
1,2048,transformer.h.2.mlp.w1.weight,transformer.h.2.mlp.w1.weight,"[1024, 384]",fixed_1,1,0.8935635685920715,0.0029879354406148195,0.003448557574301958,0.8878547549247742,0.8891750574111938,0.8935635685920715,0.015158891677856445,0.8878547549247742,0.0
1,2048,transformer.h.2.mlp.w1.weight,transformer.h.2.mlp.w1.weight,"[1024, 384]",fixed_2,2,0.8554359078407288,0.0024830379988998175,0.003448557574301958,0.8513777256011963,0.8711370825767517,0.8554359078407288,0.02019059658050537,0.8513777256011963,0.0
1,2048,transformer.h.2.mlp.w1.weight,transformer.h.2.mlp.w1.weight,"[1024, 384]",fixed_4,4,0.8157728314399719,0.0023590705823153257,0.003448557574301958,0.8060485124588013,0.8073054552078247,0.8157728314399719,0.026037096977233887,0.8060485124588013,0.0
1,2048,transformer.h.2.mlp.w1.weight,transformer.h.2.mlp.w1.weight,"[1024, 384]",fixed_8,8,0.7599308490753174,0.0021687529515475035,0.003448557574301958,0.7574316263198853,0.7683292627334595,0.7599308490753174,0.03220844268798828,0.7574316263198853,0.0
1,2048,transformer.h.2.mlp.w1.weight,transformer.h.2.mlp.w1.weight,"[1024, 384]",fixed_16,16,0.684848427772522,0.0019850642420351505,0.003448557574301958,0.6587406396865845,0.6837871074676514,0.684848427772522,0.04280728101730347,0.6587406396865845,0.0
1,2048,transformer.h.2.mlp.w1.weight,transformer.h.2.mlp.w1.weight,"[1024, 384]",energy_25,2,0.8554359078407288,0.0024830379988998175,0.003448557574301958,0.8513777256011963,0.8711370825767517,0.8554359078407288,0.02019059658050537,0.8513777256011963,0.0
1,2048,transformer.h.2.mlp.w1.weight,transformer.h.2.mlp.w1.weight,"[1024, 384]",energy_50,14,0.7011940479278564,0.0020477143116295338,0.003448557574301958,0.6798354387283325,0.6960969567298889,0.7011940479278564,0.04089832305908203,0.6798354387283325,0.0
1,2048,transformer.h.2.mlp.w1.weight,transformer.h.2.mlp.w1.weight,"[1024, 384]",energy_75,53,0.49923521280288696,0.001377831562422216,0.003448557574301958,0.4583328664302826,0.4692278504371643,0.49923521280288696,0.06326138973236084,0.4583328664302826,0.0
1,2048,transformer.h.2.mlp.w1.weight,transformer.h.2.mlp.w1.weight,"[1024, 384]",energy_90,128,0.3148106634616852,0.0006731869070790708,0.003448557574301958,0.2758658528327942,0.2854554355144501,0.3148106634616852,0.07797408103942871,0.2758658528327942,0.0
1,2048,transformer.h.2.mlp.w2.weight,transformer.h.2.mlp.w2.weight,"[1024, 384]",fixed_1,1,0.9055285453796387,0.0031150912400335073,0.0034049605019390583,0.9004619717597961,0.9106913805007935,0.9055285453796387,0.013754010200500488,0.9004619717597961,0.0
1,2048,transformer.h.2.mlp.w2.weight,transformer.h.2.mlp.w2.weight,"[1024, 384]",fixed_2,2,0.8683022856712341,0.0029286157805472612,0.0034049605019390583,0.8589752912521362,0.8710959553718567,0.8683022856712341,0.019156157970428467,0.8589752912521362,0.0
1,2048,transformer.h.2.mlp.w2.weight,transformer.h.2.mlp.w2.weight,"[1024, 384]",fixed_4,4,0.8292208313941956,0.002683504717424512,0.0034049605019390583,0.8036551475524902,0.8123804926872253,0.8292208313941956,0.0255163311958313,0.8036551475524902,0.0
1,2048,transformer.h.2.mlp.w2.weight,transformer.h.2.mlp.w2.weight,"[1024, 384]",fixed_8,8,0.7722110152244568,0.002418510615825653,0.0034049605019390583,0.7465069890022278,0.7633577585220337,0.7722110152244568,0.03292238712310791,0.7465069890022278,0.0
1,2048,transformer.h.2.mlp.w2.weight,transformer.h.2.mlp.w2.weight,"[1024, 384]",fixed_16,16,0.6949825286865234,0.001910812221467495,0.0034049605019390583,0.6562950015068054,0.6837539672851562,0.6949825286865234,0.042713284492492676,0.6562950015068054,0.0
1,2048,transformer.h.2.mlp.w2.weight,transformer.h.2.mlp.w2.weight,"[1024, 384]",energy_25,3,0.8482182025909424,0.0029890539590269327,0.0034049605019390583,0.8326653242111206,0.848853349685669,0.8482182025909424,0.02229905128479004,0.8326653242111206,0.0
1,2048,transformer.h.2.mlp.w2.weight,transformer.h.2.mlp.w2.weight,"[1024, 384]",energy_50,15,0.7030003070831299,0.0018534183036535978,0.0034049605019390583,0.6666163802146912,0.7004410624504089,0.7030003070831299,0.04171234369277954,0.6666163802146912,0.0
1,2048,transformer.h.2.mlp.w2.weight,transformer.h.2.mlp.w2.weight,"[1024, 384]",energy_75,54,0.49794942140579224,0.0011690224055200815,0.0034049605019390583,0.45132777094841003,0.47652468085289,0.49794942140579224,0.06436675786972046,0.45132777094841003,0.0
1,2048,transformer.h.2.mlp.w2.weight,transformer.h.2.mlp.w2.weight,"[1024, 384]",energy_90,127,0.3152044415473938,0.0006004032329656184,0.0034049605019390583,0.269785076379776,0.2801559269428253,0.3152044415473938,0.07920312881469727,0.269785076379776,0.0
1,2048,transformer.h.2.mlp.c_proj.weight,transformer.h.2.mlp.c_proj.weight,"[384, 1024]",fixed_1,1,0.9546447992324829,0.007176672574132681,0.008239516988396645,0.9048094749450684,0.9115079641342163,0.9546447992324829,0.007918834686279297,0.9048094749450684,0.0
1,2048,transformer.h.2.mlp.c_proj.weight,transformer.h.2.mlp.c_proj.weight,"[384, 1024]",fixed_2,2,0.9323855042457581,0.007186658680438995,0.008239516988396645,0.8845669031143188,0.8915414810180664,0.9323855042457581,0.01058661937713623,0.8845669031143188,0.0
1,2048,transformer.h.2.mlp.c_proj.weight,transformer.h.2.mlp.c_proj.weight,"[384, 1024]",fixed_4,4,0.9008005857467651,0.006383081898093224,0.008239516988396645,0.8300856947898865,0.8438083529472351,0.9008005857467651,0.015119731426239014,0.8300856947898865,0.0
1,2048,transformer.h.2.mlp.c_proj.weight,transformer.h.2.mlp.c_proj.weight,"[384, 1024]",fixed_8,8,0.8495963215827942,0.005831039510667324,0.008239516988396645,0.757036566734314,0.7663041949272156,0.8495963215827942,0.02237802743911743,0.757036566734314,0.0
1,2048,transformer.h.2.mlp.c_proj.weight,transformer.h.2.mlp.c_proj.weight,"[384, 1024]",fixed_16,16,0.7757463455200195,0.004891360644251108,0.008239516988396645,0.6523582339286804,0.6674191355705261,0.7757463455200195,0.032157063484191895,0.6523582339286804,0.0
1,2048,transformer.h.2.mlp.c_proj.weight,transformer.h.2.mlp.c_proj.weight,"[384, 1024]",energy_25,7,0.8611166477203369,0.00647831941023469,0.008239516988396645,0.7689105272293091,0.7775694131851196,0.8611166477203369,0.020879149436950684,0.7689105272293091,0.0
1,2048,transformer.h.2.mlp.c_proj.weight,transformer.h.2.mlp.c_proj.weight,"[384, 1024]",energy_50,27,0.7049589157104492,0.003719625761732459,0.008239516988396645,0.5677064657211304,0.5841032266616821,0.7049589157104492,0.03985410928726196,0.5677064657211304,0.0
1,2048,transformer.h.2.mlp.c_proj.weight,transformer.h.2.mlp.c_proj.weight,"[384, 1024]",energy_75,80,0.4985297918319702,0.002308956580236554,0.008239516988396645,0.3665778636932373,0.3807377219200134,0.4985297918319702,0.0578615665435791,0.3665778636932373,0.0
1,2048,transformer.h.2.mlp.c_proj.weight,transformer.h.2.mlp.c_proj.weight,"[384, 1024]",energy_90,163,0.3147575557231903,0.0015335710486397147,0.008239516988396645,0.22185181081295013,0.22758451104164124,0.3147575557231903,0.06796407699584961,0.22185181081295013,0.0
1,2048,transformer.h.3.attn.c_attn.weight,transformer.h.3.attn.c_attn.weight,"[1152, 384]",fixed_1,1,0.7169957756996155,0.0041625057347118855,0.013567844405770302,0.5896269679069519,0.7296736836433411,0.7169957756996155,0.09013509750366211,0.5896269679069519,0.6962398886680603
1,2048,transformer.h.3.attn.c_attn.weight,transformer.h.3.attn.c_attn.weight,"[1152, 384]",fixed_2,2,0.670615553855896,0.0038289076182991266,0.013567844405770302,0.5434574484825134,0.6868609189987183,0.670615553855896,0.10756814479827881,0.5434574484825134,0.7042185068130493
1,2048,transformer.h.3.attn.c_attn.weight,transformer.h.3.attn.c_attn.weight,"[1152, 384]",fixed_4,4,0.601585328578949,0.0034694159403443336,0.013567844405770302,0.49368807673454285,0.6822077035903931,0.601585328578949,0.13674956560134888,0.49368807673454285,0.6985558271408081
1,2048,transformer.h.3.attn.c_attn.weight,transformer.h.3.attn.c_attn.weight,"[1152, 384]",fixed_8,8,0.5233048796653748,0.002525732386857271,0.013567844405770302,0.43057742714881897,0.6340134739875793,0.5233048796653748,0.17217320203781128,0.43057742714881897,0.7003594040870667
1,2048,transformer.h.3.attn.c_attn.weight,transformer.h.3.attn.c_attn.weight,"[1152, 384]",fixed_16,16,0.4096241593360901,0.0020167361944913864,0.013567844405770302,0.3421572744846344,0.5596712231636047,0.4096241593360901,0.23187291622161865,0.3421572744846344,0.6969745755195618
1,2048,transformer.h.3.attn.c_attn.weight,transformer.h.3.attn.c_attn.weight,"[1152, 384]",energy_25,1,0.7169957756996155,0.0041625057347118855,0.013567844405770302,0.5896269679069519,0.7296736836433411,0.7169957756996155,0.09013509750366211,0.5896269679069519,0.6962398886680603
1,2048,transformer.h.3.attn.c_attn.weight,transformer.h.3.attn.c_attn.weight,"[1152, 384]",energy_50,2,0.670615553855896,0.0038289076182991266,0.013567844405770302,0.5434574484825134,0.6868609189987183,0.670615553855896,0.10756814479827881,0.5434574484825134,0.7042185068130493
1,2048,transformer.h.3.attn.c_attn.weight,transformer.h.3.attn.c_attn.weight,"[1152, 384]",energy_75,10,0.48970678448677063,0.002145339734852314,0.013567844405770302,0.3981025815010071,0.6164620518684387,0.48970678448677063,0.18908190727233887,0.3981025815010071,0.6957933902740479
1,2048,transformer.h.3.attn.c_attn.weight,transformer.h.3.attn.c_attn.weight,"[1152, 384]",energy_90,27,0.3147018551826477,0.0012838898692280054,0.013567844405770302,0.26471513509750366,0.5384869575500488,0.3147018551826477,0.28991633653640747,0.26471513509750366,0.6954994797706604
1,2048,transformer.h.3.attn.c_proj.weight,transformer.h.3.attn.c_proj.weight,"[384, 384]",fixed_1,1,0.693328320980072,0.004883216693997383,0.008660892955958843,0.6835852265357971,0.6867004036903381,0.693328320980072,0.07002872228622437,0.6835852265357971,0.762779951095581
1,2048,transformer.h.3.attn.c_proj.weight,transformer.h.3.attn.c_proj.weight,"[384, 384]",fixed_2,2,0.6595306396484375,0.0049072871915996075,0.008660892955958843,0.6539271473884583,0.6643926501274109,0.6595306396484375,0.08071666955947876,0.6539271473884583,0.757798969745636
1,2048,transformer.h.3.attn.c_proj.weight,transformer.h.3.attn.c_proj.weight,"[384, 384]",fixed_4,4,0.6071869730949402,0.004692930728197098,0.008660892955958843,0.5964328050613403,0.5998791456222534,0.6071869730949402,0.10456764698028564,0.5964328050613403,0.7640529870986938
1,2048,transformer.h.3.attn.c_proj.weight,transformer.h.3.attn.c_proj.weight,"[384, 384]",fixed_8,8,0.5340902209281921,0.0034545972011983395,0.008660892955958843,0.5238159894943237,0.5334950089454651,0.5340902209281921,0.13883250951766968,0.5238159894943237,0.7622160315513611
1,2048,transformer.h.3.attn.c_proj.weight,transformer.h.3.attn.c_proj.weight,"[384, 384]",fixed_16,16,0.4373985528945923,0.003004599828273058,0.008660892955958843,0.41075778007507324,0.41703078150749207,0.4373985528945923,0.19272160530090332,0.41075778007507324,0.7652062177658081
1,2048,transformer.h.3.attn.c_proj.weight,transformer.h.3.attn.c_proj.weight,"[384, 384]",energy_25,1,0.693328320980072,0.004883216693997383,0.008660892955958843,0.6835852265357971,0.6867004036903381,0.693328320980072,0.07002872228622437,0.6835852265357971,0.762779951095581
1,2048,transformer.h.3.attn.c_proj.weight,transformer.h.3.attn.c_proj.weight,"[384, 384]",energy_50,1,0.693328320980072,0.004883216693997383,0.008660892955958843,0.6835852265357971,0.6867004036903381,0.693328320980072,0.07002872228622437,0.6835852265357971,0.762779951095581
1,2048,transformer.h.3.attn.c_proj.weight,transformer.h.3.attn.c_proj.weight,"[384, 384]",energy_75,11,0.4915986955165863,0.0031464030034840107,0.008660892955958843,0.4791457951068878,0.47923362255096436,0.4915986955165863,0.1550464630126953,0.4791457951068878,0.763221800327301
1,2048,transformer.h.3.attn.c_proj.weight,transformer.h.3.attn.c_proj.weight,"[384, 384]",energy_90,33,0.31491586565971375,0.0023654785472899675,0.008660892955958843,0.28206774592399597,0.2820291221141815,0.31491586565971375,0.276287317276001,0.28206774592399597,0.769744873046875
1,2048,transformer.h.3.mlp.w1.weight,transformer.h.3.mlp.w1.weight,"[1024, 384]",fixed_1,1,0.9150331020355225,0.002761732554063201,0.0029719597660005093,0.9265375733375549,0.944187581539154,0.9150331020355225,0.01133662462234497,0.9265375733375549,0.0
1,2048,transformer.h.3.mlp.w1.weight,transformer.h.3.mlp.w1.weight,"[1024, 384]",fixed_2,2,0.8860456943511963,0.0026314121205359697,0.0029719597660005093,0.8993231654167175,0.8958513736724854,0.8860456943511963,0.015151560306549072,0.8993231654167175,0.0
1,2048,transformer.h.3.mlp.w1.weight,transformer.h.3.mlp.w1.weight,"[1024, 384]",fixed_4,4,0.846945583820343,0.0023174781817942858,0.0029719597660005093,0.8441973924636841,0.8388385772705078,0.846945583820343,0.020490288734436035,0.8441973924636841,0.0
1,2048,transformer.h.3.mlp.w1.weight,transformer.h.3.mlp.w1.weight,"[1024, 384]",fixed_8,8,0.793976366519928,0.0020823196973651648,0.0029719597660005093,0.7905990481376648,0.7895317673683167,0.793976366519928,0.027185380458831787,0.7905990481376648,0.0
1,2048,transformer.h.3.mlp.w1.weight,transformer.h.3.mlp.w1.weight,"[1024, 384]",fixed_16,16,0.7189196944236755,0.0018460529390722513,0.0029719597660005093,0.6945436596870422,0.7111148834228516,0.7189196944236755,0.03714632987976074,0.6945436596870422,0.0
1,2048,transformer.h.3.mlp.w1.weight,transformer.h.3.mlp.w1.weight,"[1024, 384]",energy_25,3,0.8623595237731934,0.002655110089108348,0.0029719597660005093,0.8644351363182068,0.8536370992660522,0.8623595237731934,0.018497765064239502,0.8644351363182068,0.0
1,2048,transformer.h.3.mlp.w1.weight,transformer.h.3.mlp.w1.weight,"[1024, 384]",energy_50,18,0.7030836343765259,0.0016857979353517294,0.0029719597660005093,0.6786742210388184,0.6917630434036255,0.7030836343765259,0.03900492191314697,0.6786742210388184,0.0
1,2048,transformer.h.3.mlp.w1.weight,transformer.h.3.mlp.w1.weight,"[1024, 384]",energy_75,60,0.4990178644657135,0.0010471779387444258,0.0029719597660005093,0.46505007147789,0.47491052746772766,0.4990178644657135,0.05996978282928467,0.46505007147789,0.0
1,2048,transformer.h.3.mlp.w1.weight,transformer.h.3.mlp.w1.weight,"[1024, 384]",energy_90,135,0.3147349953651428,0.0005906379083171487,0.0029719597660005093,0.2758900225162506,0.2858617901802063,0.3147349953651428,0.07381141185760498,0.2758900225162506,0.0
1,2048,transformer.h.3.mlp.w2.weight,transformer.h.3.mlp.w2.weight,"[1024, 384]",fixed_1,1,0.909220814704895,0.0037263291887938976,0.0037085157819092274,0.9110011458396912,0.9014638066291809,0.909220814704895,0.012082338333129883,0.9110011458396912,0.0
1,2048,transformer.h.3.mlp.w2.weight,transformer.h.3.mlp.w2.weight,"[1024, 384]",fixed_2,2,0.8817415237426758,0.0034912319388240576,0.0037085157819092274,0.879758894443512,0.866088330745697,0.8817415237426758,0.01651996374130249,0.879758894443512,0.0
1,2048,transformer.h.3.mlp.w2.weight,transformer.h.3.mlp.w2.weight,"[1024, 384]",fixed_4,4,0.8441715836524963,0.0034704208374023438,0.0037085157819092274,0.8364219665527344,0.8180548548698425,0.8441715836524963,0.021714627742767334,0.8364219665527344,0.0
1,2048,transformer.h.3.mlp.w2.weight,transformer.h.3.mlp.w2.weight,"[1024, 384]",fixed_8,8,0.7942389845848083,0.002920684404671192,0.0037085157819092274,0.7752073407173157,0.7632235884666443,0.7942389845848083,0.028674542903900146,0.7752073407173157,0.0
1,2048,transformer.h.3.mlp.w2.weight,transformer.h.3.mlp.w2.weight,"[1024, 384]",fixed_16,16,0.7167629599571228,0.002713225781917572,0.0037085157819092274,0.6839207410812378,0.6764755845069885,0.7167629599571228,0.0384443998336792,0.6839207410812378,0.0
1,2048,transformer.h.3.mlp.w2.weight,transformer.h.3.mlp.w2.weight,"[1024, 384]",energy_25,3,0.8599715232849121,0.003477273043245077,0.0037085157819092274,0.855809211730957,0.8460544347763062,0.8599715232849121,0.019048988819122314,0.855809211730957,0.0
1,2048,transformer.h.3.mlp.w2.weight,transformer.h.3.mlp.w2.weight,"[1024, 384]",energy_50,18,0.7012525200843811,0.0020412816666066647,0.0037085157819092274,0.6676848530769348,0.6698282957077026,0.7012525200843811,0.040029287338256836,0.6676848530769348,0.0
1,2048,transformer.h.3.mlp.w2.weight,transformer.h.3.mlp.w2.weight,"[1024, 384]",energy_75,58,0.4987841844558716,0.001128160860389471,0.0037085157819092274,0.4474821388721466,0.46288949251174927,0.4987841844558716,0.06225794553756714,0.4474821388721466,0.0
1,2048,transformer.h.3.mlp.w2.weight,transformer.h.3.mlp.w2.weight,"[1024, 384]",energy_90,132,0.3144529163837433,0.0006041656015440822,0.0037085157819092274,0.26415500044822693,0.2730794847011566,0.3144529163837433,0.07656896114349365,0.26415500044822693,0.0
1,2048,transformer.h.3.mlp.c_proj.weight,transformer.h.3.mlp.c_proj.weight,"[384, 1024]",fixed_1,1,0.9611132740974426,0.008636608719825745,0.012891259044408798,0.849828839302063,0.8558927178382874,0.9611132740974426,0.01067572832107544,0.849828839302063,0.0
1,2048,transformer.h.3.mlp.c_proj.weight,transformer.h.3.mlp.c_proj.weight,"[384, 1024]",fixed_2,2,0.9331116080284119,0.0075149922631680965,0.012891259044408798,0.7605828046798706,0.7940723896026611,0.9331116080284119,0.017731964588165283,0.7605828046798706,0.0
1,2048,transformer.h.3.mlp.c_proj.weight,transformer.h.3.mlp.c_proj.weight,"[384, 1024]",fixed_4,4,0.8985422849655151,0.005482838489115238,0.012891259044408798,0.6862718462944031,0.7246127724647522,0.8985422849655151,0.024280309677124023,0.6862718462944031,0.0
1,2048,transformer.h.3.mlp.c_proj.weight,transformer.h.3.mlp.c_proj.weight,"[384, 1024]",fixed_8,8,0.8482716679573059,0.005191722419112921,0.012891259044408798,0.6256526708602905,0.6581268906593323,0.8482716679573059,0.030627012252807617,0.6256526708602905,0.0
1,2048,transformer.h.3.mlp.c_proj.weight,transformer.h.3.mlp.c_proj.weight,"[384, 1024]",fixed_16,16,0.7797009348869324,0.005307215265929699,0.012891259044408798,0.5570698380470276,0.5939420461654663,0.7797009348869324,0.0391809344291687,0.5570698380470276,0.0
1,2048,transformer.h.3.mlp.c_proj.weight,transformer.h.3.mlp.c_proj.weight,"[384, 1024]",energy_25,7,0.8587399125099182,0.0051897126249969006,0.012891259044408798,0.6353064775466919,0.673288881778717,0.8587399125099182,0.02950882911682129,0.6353064775466919,0.0
1,2048,transformer.h.3.mlp.c_proj.weight,transformer.h.3.mlp.c_proj.weight,"[384, 1024]",energy_50,28,0.702836811542511,0.003909701947122812,0.012891259044408798,0.47382333874702454,0.5035057067871094,0.702836811542511,0.04792976379394531,0.47382333874702454,0.0
1,2048,transformer.h.3.mlp.c_proj.weight,transformer.h.3.mlp.c_proj.weight,"[384, 1024]",energy_75,81,0.4982203543186188,0.0023009111173450947,0.012891259044408798,0.3080575168132782,0.3321298062801361,0.4982203543186188,0.06556051969528198,0.3080575168132782,0.0
1,2048,transformer.h.3.mlp.c_proj.weight,transformer.h.3.mlp.c_proj.weight,"[384, 1024]",energy_90,164,0.3152284324169159,0.0013836079742759466,0.012891259044408798,0.18175753951072693,0.19528767466545105,0.3152284324169159,0.07566124200820923,0.18175753951072693,0.0
1,2048,transformer.h.4.attn.c_attn.weight,transformer.h.4.attn.c_attn.weight,"[1152, 384]",fixed_1,1,0.7686774134635925,0.006182272452861071,0.010643796063959599,0.6568610072135925,0.8617392778396606,0.7686774134635925,0.07838863134384155,0.6568610072135925,0.597061276435852
1,2048,transformer.h.4.attn.c_attn.weight,transformer.h.4.attn.c_attn.weight,"[1152, 384]",fixed_2,2,0.7166791558265686,0.0053596412762999535,0.010643796063959599,0.6003743410110474,0.8344411253929138,0.7166791558265686,0.09674859046936035,0.6003743410110474,0.604325532913208
1,2048,transformer.h.4.attn.c_attn.weight,transformer.h.4.attn.c_attn.weight,"[1152, 384]",fixed_4,4,0.6491820216178894,0.004422653000801802,0.010643796063959599,0.5359348058700562,0.7176180481910706,0.6491820216178894,0.12305760383605957,0.5359348058700562,0.6042173504829407
1,2048,transformer.h.4.attn.c_attn.weight,transformer.h.4.attn.c_attn.weight,"[1152, 384]",fixed_8,8,0.5620195269584656,0.004010394215583801,0.010643796063959599,0.47338616847991943,0.7101426124572754,0.5620195269584656,0.15533071756362915,0.47338616847991943,0.6073931455612183
1,2048,transformer.h.4.attn.c_attn.weight,transformer.h.4.attn.c_attn.weight,"[1152, 384]",fixed_16,16,0.44955477118492126,0.0029603501316159964,0.010643796063959599,0.36770227551460266,0.6107624769210815,0.44955477118492126,0.2091800570487976,0.36770227551460266,0.6176442503929138
1,2048,transformer.h.4.attn.c_attn.weight,transformer.h.4.attn.c_attn.weight,"[1152, 384]",energy_25,1,0.7686774134635925,0.006182272452861071,0.010643796063959599,0.6568610072135925,0.8617392778396606,0.7686774134635925,0.07838863134384155,0.6568610072135925,0.597061276435852
1,2048,transformer.h.4.attn.c_attn.weight,transformer.h.4.attn.c_attn.weight,"[1152, 384]",energy_50,3,0.6794916391372681,0.004688982851803303,0.010643796063959599,0.5621519684791565,0.7036705017089844,0.6794916391372681,0.11028683185577393,0.5621519684791565,0.6114896535873413
1,2048,transformer.h.4.attn.c_attn.weight,transformer.h.4.attn.c_attn.weight,"[1152, 384]",energy_75,12,0.4979649782180786,0.0034449086524546146,0.010643796063959599,0.40615910291671753,0.6186515092849731,0.4979649782180786,0.18880695104599,0.40615910291671753,0.6154420971870422
1,2048,transformer.h.4.attn.c_attn.weight,transformer.h.4.attn.c_attn.weight,"[1152, 384]",energy_90,33,0.31244805455207825,0.0016788305947557092,0.010643796063959599,0.26235806941986084,0.5276384949684143,0.31244805455207825,0.27623051404953003,0.26235806941986084,0.6299927234649658
1,2048,transformer.h.4.attn.c_proj.weight,transformer.h.4.attn.c_proj.weight,"[384, 384]",fixed_1,1,0.7090110182762146,0.008979858830571175,0.012833521701395512,0.8329548239707947,0.8516759276390076,0.7090110182762146,0.06136518716812134,0.8329548239707947,0.6798821687698364
1,2048,transformer.h.4.attn.c_proj.weight,transformer.h.4.attn.c_proj.weight,"[384, 384]",fixed_2,2,0.6756261587142944,0.0082266079261899,0.012833521701395512,0.7913019061088562,0.8177365660667419,0.6756261587142944,0.07523465156555176,0.7913019061088562,0.6696826815605164
1,2048,transformer.h.4.attn.c_proj.weight,transformer.h.4.attn.c_proj.weight,"[384, 384]",fixed_4,4,0.6200414896011353,0.006623729132115841,0.012833521701395512,0.6861340999603271,0.7076663374900818,0.6200414896011353,0.09837138652801514,0.6861340999603271,0.6869187355041504
1,2048,transformer.h.4.attn.c_proj.weight,transformer.h.4.attn.c_proj.weight,"[384, 384]",fixed_8,8,0.5488845109939575,0.005834605544805527,0.012833521701395512,0.5924362540245056,0.5982326865196228,0.5488845109939575,0.1310480237007141,0.5924362540245056,0.6952908635139465
1,2048,transformer.h.4.attn.c_proj.weight,transformer.h.4.attn.c_proj.weight,"[384, 384]",fixed_16,16,0.450823575258255,0.005032516084611416,0.012833521701395512,0.46970507502555847,0.4777969717979431,0.450823575258255,0.1751236915588379,0.46970507502555847,0.7074873447418213
1,2048,transformer.h.4.attn.c_proj.weight,transformer.h.4.attn.c_proj.weight,"[384, 384]",energy_25,1,0.7090110182762146,0.008979858830571175,0.012833521701395512,0.8329548239707947,0.8516759276390076,0.7090110182762146,0.06136518716812134,0.8329548239707947,0.6798821687698364
1,2048,transformer.h.4.attn.c_proj.weight,transformer.h.4.attn.c_proj.weight,"[384, 384]",energy_50,2,0.6756261587142944,0.0082266079261899,0.012833521701395512,0.7913019061088562,0.8177365660667419,0.6756261587142944,0.07523465156555176,0.7913019061088562,0.6696826815605164
1,2048,transformer.h.4.attn.c_proj.weight,transformer.h.4.attn.c_proj.weight,"[384, 384]",energy_75,12,0.49528807401657104,0.005489145405590534,0.012833521701395512,0.534679651260376,0.5482152700424194,0.49528807401657104,0.14985132217407227,0.534679651260376,0.6987264752388
1,2048,transformer.h.4.attn.c_proj.weight,transformer.h.4.attn.c_proj.weight,"[384, 384]",energy_90,35,0.3144151568412781,0.0027973989490419626,0.012833521701395512,0.28916528820991516,0.2983057498931885,0.3144151568412781,0.2583464980125427,0.28916528820991516,0.7288512587547302
1,2048,transformer.h.4.mlp.w1.weight,transformer.h.4.mlp.w1.weight,"[1024, 384]",fixed_1,1,0.9343242049217224,0.0035510361194610596,0.010663791559636593,0.9291141629219055,0.9568040370941162,0.9343242049217224,0.004956722259521484,0.9291141629219055,0.0
1,2048,transformer.h.4.mlp.w1.weight,transformer.h.4.mlp.w1.weight,"[1024, 384]",fixed_2,2,0.9004534482955933,0.0028616911731660366,0.010663791559636593,0.8767715692520142,0.8947890400886536,0.9004534482955933,0.010294318199157715,0.8767715692520142,0.0
1,2048,transformer.h.4.mlp.w1.weight,transformer.h.4.mlp.w1.weight,"[1024, 384]",fixed_4,4,0.8536049723625183,0.0027334217447787523,0.010663791559636593,0.8079915642738342,0.8343728184700012,0.8536049723625183,0.01789146661758423,0.8079915642738342,0.0
1,2048,transformer.h.4.mlp.w1.weight,transformer.h.4.mlp.w1.weight,"[1024, 384]",fixed_8,8,0.7969123721122742,0.0027828137390315533,0.010663791559636593,0.7528929114341736,0.7625380754470825,0.7969123721122742,0.025478243827819824,0.7528929114341736,0.0
1,2048,transformer.h.4.mlp.w1.weight,transformer.h.4.mlp.w1.weight,"[1024, 384]",fixed_16,16,0.7177336812019348,0.002249099314212799,0.010663791559636593,0.6598063707351685,0.6813440322875977,0.7177336812019348,0.03596073389053345,0.6598063707351685,0.0
1,2048,transformer.h.4.mlp.w1.weight,transformer.h.4.mlp.w1.weight,"[1024, 384]",energy_25,4,0.8536049723625183,0.0027334217447787523,0.010663791559636593,0.8079915642738342,0.8343728184700012,0.8536049723625183,0.01789146661758423,0.8079915642738342,0.0
1,2048,transformer.h.4.mlp.w1.weight,transformer.h.4.mlp.w1.weight,"[1024, 384]",energy_50,18,0.7013364434242249,0.0020936927758157253,0.010663791559636593,0.644932210445404,0.6722395420074463,0.7013364434242249,0.03783541917800903,0.644932210445404,0.0
1,2048,transformer.h.4.mlp.w1.weight,transformer.h.4.mlp.w1.weight,"[1024, 384]",energy_75,59,0.49779465794563293,0.0010994791518896818,0.010663791559636593,0.4226575195789337,0.44575536251068115,0.49779465794563293,0.06115901470184326,0.4226575195789337,0.0
1,2048,transformer.h.4.mlp.w1.weight,transformer.h.4.mlp.w1.weight,"[1024, 384]",energy_90,132,0.3153022229671478,0.0006161118508316576,0.010663791559636593,0.25141674280166626,0.2670854330062866,0.3153022229671478,0.07519853115081787,0.25141674280166626,0.0
1,2048,transformer.h.4.mlp.w2.weight,transformer.h.4.mlp.w2.weight,"[1024, 384]",fixed_1,1,0.9482479095458984,0.0030200937762856483,0.009882980026304722,0.9596033096313477,0.9683112502098083,0.9482479095458984,0.0026563405990600586,0.9596033096313477,0.0
1,2048,transformer.h.4.mlp.w2.weight,transformer.h.4.mlp.w2.weight,"[1024, 384]",fixed_2,2,0.9141381978988647,0.0030534076504409313,0.009882980026304722,0.8956243395805359,0.8984276652336121,0.9141381978988647,0.009283959865570068,0.8956243395805359,0.0
1,2048,transformer.h.4.mlp.w2.weight,transformer.h.4.mlp.w2.weight,"[1024, 384]",fixed_4,4,0.8635815978050232,0.002771450439468026,0.009882980026304722,0.8262362480163574,0.8552340865135193,0.8635815978050232,0.01724529266357422,0.8262362480163574,0.0
1,2048,transformer.h.4.mlp.w2.weight,transformer.h.4.mlp.w2.weight,"[1024, 384]",fixed_8,8,0.8053267598152161,0.0026756185106933117,0.009882980026304722,0.7543911337852478,0.7812565565109253,0.8053267598152161,0.025807559490203857,0.7543911337852478,0.0
1,2048,transformer.h.4.mlp.w2.weight,transformer.h.4.mlp.w2.weight,"[1024, 384]",fixed_16,16,0.7243841290473938,0.0021447360049933195,0.009882980026304722,0.6629204750061035,0.6796970963478088,0.7243841290473938,0.03690469264984131,0.6629204750061035,0.0
1,2048,transformer.h.4.mlp.w2.weight,transformer.h.4.mlp.w2.weight,"[1024, 384]",energy_25,4,0.8635815978050232,0.002771450439468026,0.009882980026304722,0.8262362480163574,0.8552340865135193,0.8635815978050232,0.01724529266357422,0.8262362480163574,0.0
1,2048,transformer.h.4.mlp.w2.weight,transformer.h.4.mlp.w2.weight,"[1024, 384]",energy_50,19,0.6995349526405334,0.0019573792815208435,0.009882980026304722,0.6382705569267273,0.6618906259536743,0.6995349526405334,0.03983813524246216,0.6382705569267273,0.0
1,2048,transformer.h.4.mlp.w2.weight,transformer.h.4.mlp.w2.weight,"[1024, 384]",energy_75,59,0.4975385367870331,0.001027712831273675,0.009882980026304722,0.4240708351135254,0.4515402019023895,0.4975385367870331,0.06245154142379761,0.4240708351135254,0.0
1,2048,transformer.h.4.mlp.w2.weight,transformer.h.4.mlp.w2.weight,"[1024, 384]",energy_90,131,0.31566178798675537,0.000693074194714427,0.009882980026304722,0.25354593992233276,0.26614269614219666,0.31566178798675537,0.07668763399124146,0.25354593992233276,0.0
1,2048,transformer.h.4.mlp.c_proj.weight,transformer.h.4.mlp.c_proj.weight,"[384, 1024]",fixed_1,1,0.9151999354362488,0.013921993784606457,0.018350902944803238,0.9026843905448914,0.897901713848114,0.9151999354362488,0.0148848295211792,0.9026843905448914,0.0
1,2048,transformer.h.4.mlp.c_proj.weight,transformer.h.4.mlp.c_proj.weight,"[384, 1024]",fixed_2,2,0.8754593729972839,0.00727429473772645,0.018350902944803238,0.6356961131095886,0.6827569603919983,0.8754593729972839,0.030370354652404785,0.6356961131095886,0.0
1,2048,transformer.h.4.mlp.c_proj.weight,transformer.h.4.mlp.c_proj.weight,"[384, 1024]",fixed_4,4,0.8419244885444641,0.006492123939096928,0.018350902944803238,0.580132007598877,0.6049297451972961,0.8419244885444641,0.036523520946502686,0.580132007598877,0.0
1,2048,transformer.h.4.mlp.c_proj.weight,transformer.h.4.mlp.c_proj.weight,"[384, 1024]",fixed_8,8,0.791445791721344,0.005457203835248947,0.018350902944803238,0.5188518762588501,0.5539672374725342,0.791445791721344,0.044203221797943115,0.5188518762588501,0.0
1,2048,transformer.h.4.mlp.c_proj.weight,transformer.h.4.mlp.c_proj.weight,"[384, 1024]",fixed_16,16,0.7221661806106567,0.0050445981323719025,0.018350902944803238,0.4488716125488281,0.47966164350509644,0.7221661806106567,0.05380237102508545,0.4488716125488281,0.0
1,2048,transformer.h.4.mlp.c_proj.weight,transformer.h.4.mlp.c_proj.weight,"[384, 1024]",energy_25,3,0.8563843369483948,0.007253415882587433,0.018350902944803238,0.6124502420425415,0.6462681293487549,0.8563843369483948,0.033376872539520264,0.6124502420425415,0.0
1,2048,transformer.h.4.mlp.c_proj.weight,transformer.h.4.mlp.c_proj.weight,"[384, 1024]",energy_50,19,0.7014445066452026,0.004348163492977619,0.018350902944803238,0.42847734689712524,0.4565911591053009,0.7014445066452026,0.056416213512420654,0.42847734689712524,0.0
1,2048,transformer.h.4.mlp.c_proj.weight,transformer.h.4.mlp.c_proj.weight,"[384, 1024]",energy_75,67,0.4995613396167755,0.0028177653439342976,0.018350902944803238,0.2677113711833954,0.2906596064567566,0.4995613396167755,0.07734817266464233,0.2677113711833954,0.0
1,2048,transformer.h.4.mlp.c_proj.weight,transformer.h.4.mlp.c_proj.weight,"[384, 1024]",energy_90,150,0.3152860701084137,0.0016767136985436082,0.018350902944803238,0.15495744347572327,0.16721805930137634,0.3152860701084137,0.08911633491516113,0.15495744347572327,0.0
1,2048,transformer.h.5.attn.c_attn.weight,transformer.h.5.attn.c_attn.weight,"[1152, 384]",fixed_1,1,0.896346390247345,0.003083430929109454,0.0034206898417323828,0.7931851744651794,0.9004464149475098,0.896346390247345,0.029471158981323242,0.7931851744651794,0.6388950943946838
1,2048,transformer.h.5.attn.c_attn.weight,transformer.h.5.attn.c_attn.weight,"[1152, 384]",fixed_2,2,0.8293764591217041,0.0022564115934073925,0.0034206898417323828,0.6597777605056763,0.8827292323112488,0.8293764591217041,0.05875009298324585,0.6597777605056763,0.6395303010940552
1,2048,transformer.h.5.attn.c_attn.weight,transformer.h.5.attn.c_attn.weight,"[1152, 384]",fixed_4,4,0.7400578856468201,0.002105003222823143,0.0034206898417323828,0.5733467936515808,0.7736812829971313,0.7400578856468201,0.0824543833732605,0.5733467936515808,0.6410197615623474
1,2048,transformer.h.5.attn.c_attn.weight,transformer.h.5.attn.c_attn.weight,"[1152, 384]",fixed_8,8,0.6205570697784424,0.0019631520844995975,0.0034206898417323828,0.455427885055542,0.7403085827827454,0.6205570697784424,0.13127440214157104,0.455427885055542,0.648347020149231
1,2048,transformer.h.5.attn.c_attn.weight,transformer.h.5.attn.c_attn.weight,"[1152, 384]",fixed_16,16,0.473975270986557,0.0010622357949614525,0.0034206898417323828,0.33584949374198914,0.6815420985221863,0.473975270986557,0.20190411806106567,0.33584949374198914,0.6457319855690002
1,2048,transformer.h.5.attn.c_attn.weight,transformer.h.5.attn.c_attn.weight,"[1152, 384]",energy_25,2,0.8293764591217041,0.0022564115934073925,0.0034206898417323828,0.6597777605056763,0.8827292323112488,0.8293764591217041,0.05875009298324585,0.6597777605056763,0.6395303010940552
1,2048,transformer.h.5.attn.c_attn.weight,transformer.h.5.attn.c_attn.weight,"[1152, 384]",energy_50,5,0.7031052708625793,0.0019580721855163574,0.0034206898417323828,0.5247668027877808,0.761226236820221,0.7031052708625793,0.09778648614883423,0.5247668027877808,0.6446816325187683
1,2048,transformer.h.5.attn.c_attn.weight,transformer.h.5.attn.c_attn.weight,"[1152, 384]",energy_75,15,0.48838481307029724,0.0011089392937719822,0.0034206898417323828,0.35262706875801086,0.6869941353797913,0.48838481307029724,0.19039249420166016,0.35262706875801086,0.6429163217544556
1,2048,transformer.h.5.attn.c_attn.weight,transformer.h.5.attn.c_attn.weight,"[1152, 384]",energy_90,32,0.3162098228931427,0.0006598980980925262,0.0034206898417323828,0.2307099997997284,0.5764910578727722,0.3162098228931427,0.30191266536712646,0.2307099997997284,0.6404972076416016
1,2048,transformer.h.5.attn.c_proj.weight,transformer.h.5.attn.c_proj.weight,"[384, 384]",fixed_1,1,0.8467438220977783,0.0031598531641066074,0.004370653536170721,0.8271872401237488,0.8295934796333313,0.8467438220977783,0.038234055042266846,0.8271872401237488,0.6650445461273193
1,2048,transformer.h.5.attn.c_proj.weight,transformer.h.5.attn.c_proj.weight,"[384, 384]",fixed_2,2,0.7791305184364319,0.0032343294005841017,0.004370653536170721,0.7497981190681458,0.7339932918548584,0.7791305184364319,0.05784797668457031,0.7497981190681458,0.6677046418190002
1,2048,transformer.h.5.attn.c_proj.weight,transformer.h.5.attn.c_proj.weight,"[384, 384]",fixed_4,4,0.6969201564788818,0.0025702109560370445,0.004370653536170721,0.6653061509132385,0.6771013736724854,0.6969201564788818,0.08264309167861938,0.6653061509132385,0.6687575578689575
1,2048,transformer.h.5.attn.c_proj.weight,transformer.h.5.attn.c_proj.weight,"[384, 384]",fixed_8,8,0.6032100915908813,0.002175644738599658,0.004370653536170721,0.5571823716163635,0.5574724674224854,0.6032100915908813,0.12152785062789917,0.5571823716163635,0.6674212217330933
1,2048,transformer.h.5.attn.c_proj.weight,transformer.h.5.attn.c_proj.weight,"[384, 384]",fixed_16,16,0.48458412289619446,0.0017017250647768378,0.004370653536170721,0.4465567171573639,0.45352503657341003,0.48458412289619446,0.17504632472991943,0.4465567171573639,0.672734797000885
1,2048,transformer.h.5.attn.c_proj.weight,transformer.h.5.attn.c_proj.weight,"[384, 384]",energy_25,1,0.8467438220977783,0.0031598531641066074,0.004370653536170721,0.8271872401237488,0.8295934796333313,0.8467438220977783,0.038234055042266846,0.8271872401237488,0.6650445461273193
1,2048,transformer.h.5.attn.c_proj.weight,transformer.h.5.attn.c_proj.weight,"[384, 384]",energy_50,4,0.6969201564788818,0.0025702109560370445,0.004370653536170721,0.6653061509132385,0.6771013736724854,0.6969201564788818,0.08264309167861938,0.6653061509132385,0.6687575578689575
1,2048,transformer.h.5.attn.c_proj.weight,transformer.h.5.attn.c_proj.weight,"[384, 384]",energy_75,15,0.49658823013305664,0.0017787856049835682,0.004370653536170721,0.4539048373699188,0.458625853061676,0.49658823013305664,0.17036408185958862,0.4539048373699188,0.671174943447113
1,2048,transformer.h.5.attn.c_proj.weight,transformer.h.5.attn.c_proj.weight,"[384, 384]",energy_90,38,0.31182727217674255,0.001080306596122682,0.004370653536170721,0.2847359776496887,0.2829754948616028,0.31182727217674255,0.27515000104904175,0.2847359776496887,0.6738965511322021
1,2048,transformer.h.5.mlp.w1.weight,transformer.h.5.mlp.w1.weight,"[1024, 384]",fixed_1,1,0.8861668109893799,0.006453743204474449,0.015372736379504204,0.9390788674354553,0.9716153740882874,0.8861668109893799,0.0044266581535339355,0.9390788674354553,0.0
1,2048,transformer.h.5.mlp.w1.weight,transformer.h.5.mlp.w1.weight,"[1024, 384]",fixed_2,2,0.8393744826316833,0.005645148456096649,0.015372736379504204,0.8346192240715027,0.8550629615783691,0.8393744826316833,0.013812839984893799,0.8346192240715027,0.0
1,2048,transformer.h.5.mlp.w1.weight,transformer.h.5.mlp.w1.weight,"[1024, 384]",fixed_4,4,0.7918402552604675,0.00459289038553834,0.015372736379504204,0.6783639788627625,0.7287949323654175,0.7918402552604675,0.028513550758361816,0.6783639788627625,0.0
1,2048,transformer.h.5.mlp.w1.weight,transformer.h.5.mlp.w1.weight,"[1024, 384]",fixed_8,8,0.7269720435142517,0.0027200374752283096,0.015372736379504204,0.5778002738952637,0.6301707029342651,0.7269720435142517,0.04015451669692993,0.5778002738952637,0.0
1,2048,transformer.h.5.mlp.w1.weight,transformer.h.5.mlp.w1.weight,"[1024, 384]",fixed_16,16,0.6450472474098206,0.00252371933311224,0.015372736379504204,0.5009714961051941,0.5604001879692078,0.6450472474098206,0.05234098434448242,0.5009714961051941,0.0
1,2048,transformer.h.5.mlp.w1.weight,transformer.h.5.mlp.w1.weight,"[1024, 384]",energy_25,2,0.8393744826316833,0.005645148456096649,0.015372736379504204,0.8346192240715027,0.8550629615783691,0.8393744826316833,0.013812839984893799,0.8346192240715027,0.0
1,2048,transformer.h.5.mlp.w1.weight,transformer.h.5.mlp.w1.weight,"[1024, 384]",energy_50,10,0.7036197185516357,0.002691019093617797,0.015372736379504204,0.5559791922569275,0.6056011915206909,0.7036197185516357,0.043796420097351074,0.5559791922569275,0.0
1,2048,transformer.h.5.mlp.w1.weight,transformer.h.5.mlp.w1.weight,"[1024, 384]",energy_75,42,0.498491108417511,0.0015858820406720042,0.015372736379504204,0.37043502926826477,0.4155831038951874,0.498491108417511,0.07147872447967529,0.37043502926826477,0.0
1,2048,transformer.h.5.mlp.w1.weight,transformer.h.5.mlp.w1.weight,"[1024, 384]",energy_90,108,0.31482991576194763,0.0007371222600340843,0.015372736379504204,0.2188294678926468,0.24972809851169586,0.31482991576194763,0.09060066938400269,0.2188294678926468,0.0
1,2048,transformer.h.5.mlp.w2.weight,transformer.h.5.mlp.w2.weight,"[1024, 384]",fixed_1,1,0.9148350358009338,0.005161276552826166,0.011841325089335442,0.938804030418396,0.9836599826812744,0.9148350358009338,0.004401206970214844,0.938804030418396,0.0
1,2048,transformer.h.5.mlp.w2.weight,transformer.h.5.mlp.w2.weight,"[1024, 384]",fixed_2,2,0.8742573857307434,0.004567774012684822,0.011841325089335442,0.8481501936912537,0.8711805939674377,0.8742573857307434,0.012573599815368652,0.8481501936912537,0.0
1,2048,transformer.h.5.mlp.w2.weight,transformer.h.5.mlp.w2.weight,"[1024, 384]",fixed_4,4,0.8245274424552917,0.00461393129080534,0.011841325089335442,0.725261390209198,0.7388370037078857,0.8245274424552917,0.024809956550598145,0.725261390209198,0.0
1,2048,transformer.h.5.mlp.w2.weight,transformer.h.5.mlp.w2.weight,"[1024, 384]",fixed_8,8,0.7570662498474121,0.002511904574930668,0.011841325089335442,0.6290216445922852,0.6665155291557312,0.7570662498474121,0.035930633544921875,0.6290216445922852,0.0
1,2048,transformer.h.5.mlp.w2.weight,transformer.h.5.mlp.w2.weight,"[1024, 384]",fixed_16,16,0.6725558042526245,0.0020149836782366037,0.011841325089335442,0.5346987247467041,0.5677918195724487,0.6725558042526245,0.048924922943115234,0.5346987247467041,0.0
1,2048,transformer.h.5.mlp.w2.weight,transformer.h.5.mlp.w2.weight,"[1024, 384]",energy_25,3,0.8495875597000122,0.00417357636615634,0.011841325089335442,0.7549872994422913,0.7717877626419067,0.8495875597000122,0.020610034465789795,0.7549872994422913,0.0
1,2048,transformer.h.5.mlp.w2.weight,transformer.h.5.mlp.w2.weight,"[1024, 384]",energy_50,13,0.6999629735946655,0.002453854540362954,0.011841325089335442,0.5691268444061279,0.6115536689758301,0.6999629735946655,0.044769227504730225,0.5691268444061279,0.0
1,2048,transformer.h.5.mlp.w2.weight,transformer.h.5.mlp.w2.weight,"[1024, 384]",energy_75,47,0.49698084592819214,0.001415897160768509,0.011841325089335442,0.36983680725097656,0.40734583139419556,0.49698084592819214,0.0719570517539978,0.36983680725097656,0.0
1,2048,transformer.h.5.mlp.w2.weight,transformer.h.5.mlp.w2.weight,"[1024, 384]",energy_90,114,0.3145928382873535,0.0007392966654151678,0.011841325089335442,0.22036100924015045,0.24527324736118317,0.3145928382873535,0.08945685625076294,0.22036100924015045,0.0
1,2048,transformer.h.5.mlp.c_proj.weight,transformer.h.5.mlp.c_proj.weight,"[384, 1024]",fixed_1,1,0.7812157273292542,0.01119421049952507,0.019068453460931778,0.84146648645401,0.8731516599655151,0.7812157273292542,0.037792980670928955,0.84146648645401,0.0
1,2048,transformer.h.5.mlp.c_proj.weight,transformer.h.5.mlp.c_proj.weight,"[384, 1024]",fixed_2,2,0.7485772967338562,0.00992818083614111,0.019068453460931778,0.7743642926216125,0.7958251237869263,0.7485772967338562,0.04485064744949341,0.7743642926216125,0.0
1,2048,transformer.h.5.mlp.c_proj.weight,transformer.h.5.mlp.c_proj.weight,"[384, 1024]",fixed_4,4,0.7066210508346558,0.00886274129152298,0.019068453460931778,0.6784887313842773,0.7035205364227295,0.7066210508346558,0.05468559265136719,0.6784887313842773,0.0
1,2048,transformer.h.5.mlp.c_proj.weight,transformer.h.5.mlp.c_proj.weight,"[384, 1024]",fixed_8,8,0.6464704275131226,0.006831415928900242,0.019068453460931778,0.5498160123825073,0.5692377686500549,0.6464704275131226,0.06974667310714722,0.5498160123825073,0.0
1,2048,transformer.h.5.mlp.c_proj.weight,transformer.h.5.mlp.c_proj.weight,"[384, 1024]",fixed_16,16,0.5726246237754822,0.006200254894793034,0.019068453460931778,0.4526311755180359,0.46196261048316956,0.5726246237754822,0.083149254322052,0.4526311755180359,0.0
1,2048,transformer.h.5.mlp.c_proj.weight,transformer.h.5.mlp.c_proj.weight,"[384, 1024]",energy_25,1,0.7812157273292542,0.01119421049952507,0.019068453460931778,0.84146648645401,0.8731516599655151,0.7812157273292542,0.037792980670928955,0.84146648645401,0.0
1,2048,transformer.h.5.mlp.c_proj.weight,transformer.h.5.mlp.c_proj.weight,"[384, 1024]",energy_50,4,0.7066210508346558,0.00886274129152298,0.019068453460931778,0.6784887313842773,0.7035205364227295,0.7066210508346558,0.05468559265136719,0.6784887313842773,0.0
1,2048,transformer.h.5.mlp.c_proj.weight,transformer.h.5.mlp.c_proj.weight,"[384, 1024]",energy_75,29,0.4993157684803009,0.0041149635799229145,0.019068453460931778,0.3597445785999298,0.36597418785095215,0.4993157684803009,0.09587591886520386,0.3597445785999298,0.0
1,2048,transformer.h.5.mlp.c_proj.weight,transformer.h.5.mlp.c_proj.weight,"[384, 1024]",energy_90,97,0.3154584765434265,0.002017107792198658,0.019068453460931778,0.18952852487564087,0.1960233449935913,0.3154584765434265,0.11866801977157593,0.18952852487564087,0.0
1,4096,transformer.h.0.attn.c_attn.weight,transformer.h.0.attn.c_attn.weight,"[1152, 384]",fixed_1,1,0.8016649484634399,0.004278289154171944,0.00861748494207859,0.5836555361747742,0.44585201144218445,0.8016649484634399,0.07572287321090698,0.5836555361747742,0.7068794965744019
1,4096,transformer.h.0.attn.c_attn.weight,transformer.h.0.attn.c_attn.weight,"[1152, 384]",fixed_2,2,0.6393372416496277,0.0032836943864822388,0.00861748494207859,0.4668149948120117,0.4140215218067169,0.6393372416496277,0.12833774089813232,0.4668149948120117,0.7127975225448608
1,4096,transformer.h.0.attn.c_attn.weight,transformer.h.0.attn.c_attn.weight,"[1152, 384]",fixed_4,4,0.5063652396202087,0.0019290486816316843,0.00861748494207859,0.3601115643978119,0.35839247703552246,0.5063652396202087,0.193651020526886,0.3601115643978119,0.7036881446838379
1,4096,transformer.h.0.attn.c_attn.weight,transformer.h.0.attn.c_attn.weight,"[1152, 384]",fixed_8,8,0.4293215870857239,0.0017652492970228195,0.00861748494207859,0.30923333764076233,0.34813907742500305,0.4293215870857239,0.2376841902732849,0.30923333764076233,0.6957736015319824
1,4096,transformer.h.0.attn.c_attn.weight,transformer.h.0.attn.c_attn.weight,"[1152, 384]",fixed_16,16,0.35346612334251404,0.001422540983185172,0.00861748494207859,0.2575856149196625,0.3153446614742279,0.35346612334251404,0.2819674015045166,0.2575856149196625,0.6964991092681885
1,4096,transformer.h.0.attn.c_attn.weight,transformer.h.0.attn.c_attn.weight,"[1152, 384]",energy_25,1,0.8016649484634399,0.004278289154171944,0.00861748494207859,0.5836555361747742,0.44585201144218445,0.8016649484634399,0.07572287321090698,0.5836555361747742,0.7068794965744019
1,4096,transformer.h.0.attn.c_attn.weight,transformer.h.0.attn.c_attn.weight,"[1152, 384]",energy_50,2,0.6393372416496277,0.0032836943864822388,0.00861748494207859,0.4668149948120117,0.4140215218067169,0.6393372416496277,0.12833774089813232,0.4668149948120117,0.7127975225448608
1,4096,transformer.h.0.attn.c_attn.weight,transformer.h.0.attn.c_attn.weight,"[1152, 384]",energy_75,5,0.480435311794281,0.0017794788582250476,0.00861748494207859,0.3396093547344208,0.35033705830574036,0.480435311794281,0.21026766300201416,0.3396093547344208,0.6985567808151245
1,4096,transformer.h.0.attn.c_attn.weight,transformer.h.0.attn.c_attn.weight,"[1152, 384]",energy_90,23,0.311481237411499,0.0012008612975478172,0.00861748494207859,0.22869008779525757,0.2959543466567993,0.311481237411499,0.3082502484321594,0.22869008779525757,0.6908705830574036
1,4096,transformer.h.0.attn.c_proj.weight,transformer.h.0.attn.c_proj.weight,"[384, 384]",fixed_1,1,0.7613152265548706,0.013169875368475914,0.02018880471587181,0.7350674271583557,0.7303903102874756,0.7613152265548706,0.06511139869689941,0.7350674271583557,0.8740822076797485
1,4096,transformer.h.0.attn.c_proj.weight,transformer.h.0.attn.c_proj.weight,"[384, 384]",fixed_2,2,0.6129747629165649,0.009942866861820221,0.02018880471587181,0.542073667049408,0.5285214185714722,0.6129747629165649,0.11865532398223877,0.542073667049408,0.8812370300292969
1,4096,transformer.h.0.attn.c_proj.weight,transformer.h.0.attn.c_proj.weight,"[384, 384]",fixed_4,4,0.4508042335510254,0.0059072948060929775,0.02018880471587181,0.3820764422416687,0.3829834759235382,0.4508042335510254,0.2070561647415161,0.3820764422416687,0.8792962431907654
1,4096,transformer.h.0.attn.c_proj.weight,transformer.h.0.attn.c_proj.weight,"[384, 384]",fixed_8,8,0.37223538756370544,0.0043543484061956406,0.02018880471587181,0.2961201071739197,0.29974278807640076,0.37223538756370544,0.2657955288887024,0.2961201071739197,0.8887881636619568
1,4096,transformer.h.0.attn.c_proj.weight,transformer.h.0.attn.c_proj.weight,"[384, 384]",fixed_16,16,0.2982669174671173,0.0029348130337893963,0.02018880471587181,0.22829611599445343,0.2336047887802124,0.2982669174671173,0.32634276151657104,0.22829611599445343,0.88963782787323
1,4096,transformer.h.0.attn.c_proj.weight,transformer.h.0.attn.c_proj.weight,"[384, 384]",energy_25,1,0.7613152265548706,0.013169875368475914,0.02018880471587181,0.7350674271583557,0.7303903102874756,0.7613152265548706,0.06511139869689941,0.7350674271583557,0.8740822076797485
1,4096,transformer.h.0.attn.c_proj.weight,transformer.h.0.attn.c_proj.weight,"[384, 384]",energy_50,2,0.6129747629165649,0.009942866861820221,0.02018880471587181,0.542073667049408,0.5285214185714722,0.6129747629165649,0.11865532398223877,0.542073667049408,0.8812370300292969
1,4096,transformer.h.0.attn.c_proj.weight,transformer.h.0.attn.c_proj.weight,"[384, 384]",energy_75,4,0.4508042335510254,0.0059072948060929775,0.02018880471587181,0.3820764422416687,0.3829834759235382,0.4508042335510254,0.2070561647415161,0.3820764422416687,0.8792962431907654
1,4096,transformer.h.0.attn.c_proj.weight,transformer.h.0.attn.c_proj.weight,"[384, 384]",energy_90,14,0.3129061162471771,0.0033503244630992413,0.02018880471587181,0.24619115889072418,0.25049322843551636,0.3129061162471771,0.3120107650756836,0.24619115889072418,0.88833087682724
1,4096,transformer.h.0.mlp.w1.weight,transformer.h.0.mlp.w1.weight,"[1024, 384]",fixed_1,1,0.8179638981819153,0.00463692843914032,0.007435212377458811,0.7193922400474548,0.7902359366416931,0.8179638981819153,0.026191294193267822,0.7193922400474548,0.0
1,4096,transformer.h.0.mlp.w1.weight,transformer.h.0.mlp.w1.weight,"[1024, 384]",fixed_2,2,0.7545089721679688,0.004370695445686579,0.007435212377458811,0.6552057266235352,0.7238474488258362,0.7545089721679688,0.03373664617538452,0.6552057266235352,0.0
1,4096,transformer.h.0.mlp.w1.weight,transformer.h.0.mlp.w1.weight,"[1024, 384]",fixed_4,4,0.7124698162078857,0.0035397063475102186,0.007435212377458811,0.6045058369636536,0.6614104509353638,0.7124698162078857,0.039048731327056885,0.6045058369636536,0.0
1,4096,transformer.h.0.mlp.w1.weight,transformer.h.0.mlp.w1.weight,"[1024, 384]",fixed_8,8,0.6717619299888611,0.0029654260724782944,0.007435212377458811,0.5594438910484314,0.6227694749832153,0.6717619299888611,0.04317748546600342,0.5594438910484314,0.0
1,4096,transformer.h.0.mlp.w1.weight,transformer.h.0.mlp.w1.weight,"[1024, 384]",fixed_16,16,0.6206605434417725,0.0026275929994881153,0.007435212377458811,0.5052882432937622,0.5662069320678711,0.6206605434417725,0.048601508140563965,0.5052882432937622,0.0
1,4096,transformer.h.0.mlp.w1.weight,transformer.h.0.mlp.w1.weight,"[1024, 384]",energy_25,1,0.8179638981819153,0.00463692843914032,0.007435212377458811,0.7193922400474548,0.7902359366416931,0.8179638981819153,0.026191294193267822,0.7193922400474548,0.0
1,4096,transformer.h.0.mlp.w1.weight,transformer.h.0.mlp.w1.weight,"[1024, 384]",energy_50,5,0.7000192999839783,0.003529514651745558,0.007435212377458811,0.5898851752281189,0.6434530019760132,0.7000192999839783,0.0403483510017395,0.5898851752281189,0.0
1,4096,transformer.h.0.mlp.w1.weight,transformer.h.0.mlp.w1.weight,"[1024, 384]",energy_75,52,0.4974859058856964,0.0019384183688089252,0.007435212377458811,0.3857783079147339,0.4400211572647095,0.4974859058856964,0.05935394763946533,0.3857783079147339,0.0
1,4096,transformer.h.0.mlp.w1.weight,transformer.h.0.mlp.w1.weight,"[1024, 384]",energy_90,145,0.31470704078674316,0.0008500540861859918,0.007435212377458811,0.22915208339691162,0.2601473331451416,0.31470704078674316,0.07096302509307861,0.22915208339691162,0.0
1,4096,transformer.h.0.mlp.w2.weight,transformer.h.0.mlp.w2.weight,"[1024, 384]",fixed_1,1,0.8326010704040527,0.004798309411853552,0.0064961547031998634,0.7438327074050903,0.7755163908004761,0.8326010704040527,0.024644792079925537,0.7438327074050903,0.0
1,4096,transformer.h.0.mlp.w2.weight,transformer.h.0.mlp.w2.weight,"[1024, 384]",fixed_2,2,0.7647629380226135,0.0038530954625457525,0.0064961547031998634,0.6710177659988403,0.7082945108413696,0.7647629380226135,0.032390296459198,0.6710177659988403,0.0
1,4096,transformer.h.0.mlp.w2.weight,transformer.h.0.mlp.w2.weight,"[1024, 384]",fixed_4,4,0.7228478789329529,0.0034047907683998346,0.0064961547031998634,0.6285305619239807,0.6581329703330994,0.7228478789329529,0.03748816251754761,0.6285305619239807,0.0
1,4096,transformer.h.0.mlp.w2.weight,transformer.h.0.mlp.w2.weight,"[1024, 384]",fixed_8,8,0.6811982989311218,0.0028973626904189587,0.0064961547031998634,0.5829814672470093,0.6210289001464844,0.6811982989311218,0.041915953159332275,0.5829814672470093,0.0
1,4096,transformer.h.0.mlp.w2.weight,transformer.h.0.mlp.w2.weight,"[1024, 384]",fixed_16,16,0.6306546926498413,0.0024705196265131235,0.0064961547031998634,0.5295491814613342,0.5630232095718384,0.6306546926498413,0.04694795608520508,0.5295491814613342,0.0
1,4096,transformer.h.0.mlp.w2.weight,transformer.h.0.mlp.w2.weight,"[1024, 384]",energy_25,1,0.8326010704040527,0.004798309411853552,0.0064961547031998634,0.7438327074050903,0.7755163908004761,0.8326010704040527,0.024644792079925537,0.7438327074050903,0.0
1,4096,transformer.h.0.mlp.w2.weight,transformer.h.0.mlp.w2.weight,"[1024, 384]",energy_50,6,0.6986719965934753,0.0030868425965309143,0.0064961547031998634,0.6035146713256836,0.6372644305229187,0.6986719965934753,0.04003751277923584,0.6035146713256836,0.0
1,4096,transformer.h.0.mlp.w2.weight,transformer.h.0.mlp.w2.weight,"[1024, 384]",energy_75,54,0.4974883794784546,0.0017477876972407103,0.0064961547031998634,0.390215128660202,0.4221351146697998,0.4974883794784546,0.059194207191467285,0.390215128660202,0.0
1,4096,transformer.h.0.mlp.w2.weight,transformer.h.0.mlp.w2.weight,"[1024, 384]",energy_90,145,0.3158798813819885,0.0008086179732345045,0.0064961547031998634,0.23370611667633057,0.2562858760356903,0.3158798813819885,0.07086318731307983,0.23370611667633057,0.0
1,4096,transformer.h.0.mlp.c_proj.weight,transformer.h.0.mlp.c_proj.weight,"[384, 1024]",fixed_1,1,0.817051112651825,0.02027282863855362,0.052269019186496735,0.45976343750953674,0.47063425183296204,0.817051112651825,0.03966158628463745,0.45976343750953674,0.0
1,4096,transformer.h.0.mlp.c_proj.weight,transformer.h.0.mlp.c_proj.weight,"[384, 1024]",fixed_2,2,0.7643502354621887,0.014091708697378635,0.052269019186496735,0.38457098603248596,0.38545936346054077,0.7643502354621887,0.0517922043800354,0.38457098603248596,0.0
1,4096,transformer.h.0.mlp.c_proj.weight,transformer.h.0.mlp.c_proj.weight,"[384, 1024]",fixed_4,4,0.7181758284568787,0.011929001659154892,0.052269019186496735,0.32303231954574585,0.3371242880821228,0.7181758284568787,0.06283462047576904,0.32303231954574585,0.0
1,4096,transformer.h.0.mlp.c_proj.weight,transformer.h.0.mlp.c_proj.weight,"[384, 1024]",fixed_8,8,0.6701719760894775,0.008715099655091763,0.052269019186496735,0.26842522621154785,0.2833767831325531,0.6701719760894775,0.07447868585586548,0.26842522621154785,0.0
1,4096,transformer.h.0.mlp.c_proj.weight,transformer.h.0.mlp.c_proj.weight,"[384, 1024]",fixed_16,16,0.608997106552124,0.006577746011316776,0.052269019186496735,0.22294695675373077,0.23612883687019348,0.608997106552124,0.08598935604095459,0.22294695675373077,0.0
1,4096,transformer.h.0.mlp.c_proj.weight,transformer.h.0.mlp.c_proj.weight,"[384, 1024]",energy_25,1,0.817051112651825,0.02027282863855362,0.052269019186496735,0.45976343750953674,0.47063425183296204,0.817051112651825,0.03966158628463745,0.45976343750953674,0.0
1,4096,transformer.h.0.mlp.c_proj.weight,transformer.h.0.mlp.c_proj.weight,"[384, 1024]",energy_50,5,0.7043893337249756,0.009422801434993744,0.052269019186496735,0.2997587025165558,0.31700658798217773,0.7043893337249756,0.06757402420043945,0.2997587025165558,0.0
1,4096,transformer.h.0.mlp.c_proj.weight,transformer.h.0.mlp.c_proj.weight,"[384, 1024]",energy_75,40,0.49943411350250244,0.004956502467393875,0.052269019186496735,0.16758278012275696,0.17844665050506592,0.49943411350250244,0.10105186700820923,0.16758278012275696,0.0
1,4096,transformer.h.0.mlp.c_proj.weight,transformer.h.0.mlp.c_proj.weight,"[384, 1024]",energy_90,116,0.31447461247444153,0.002566554816439748,0.052269019186496735,0.09551146626472473,0.10209524631500244,0.31447461247444153,0.11866849660873413,0.09551146626472473,0.0
1,4096,transformer.h.1.attn.c_attn.weight,transformer.h.1.attn.c_attn.weight,"[1152, 384]",fixed_1,1,0.6405401229858398,0.0034496639855206013,0.009026827290654182,0.5496597290039062,0.8159390687942505,0.6405401229858398,0.10200613737106323,0.5496597290039062,0.7718138694763184
1,4096,transformer.h.1.attn.c_attn.weight,transformer.h.1.attn.c_attn.weight,"[1152, 384]",fixed_2,2,0.5635249614715576,0.0025697515811771154,0.009026827290654182,0.4601955711841583,0.8125877976417542,0.5635249614715576,0.14048612117767334,0.4601955711841583,0.7716086506843567
1,4096,transformer.h.1.attn.c_attn.weight,transformer.h.1.attn.c_attn.weight,"[1152, 384]",fixed_4,4,0.49326542019844055,0.0022734564263373613,0.009026827290654182,0.38947978615760803,0.651138961315155,0.49326542019844055,0.17994898557662964,0.38947978615760803,0.7720849514007568
1,4096,transformer.h.1.attn.c_attn.weight,transformer.h.1.attn.c_attn.weight,"[1152, 384]",fixed_8,8,0.421617716550827,0.0017905414570122957,0.009026827290654182,0.319379985332489,0.5730804204940796,0.421617716550827,0.2274417281150818,0.319379985332489,0.7757037281990051
1,4096,transformer.h.1.attn.c_attn.weight,transformer.h.1.attn.c_attn.weight,"[1152, 384]",fixed_16,16,0.342822790145874,0.0013586701825261116,0.009026827290654182,0.26293230056762695,0.48829054832458496,0.342822790145874,0.27535903453826904,0.26293230056762695,0.7748648524284363
1,4096,transformer.h.1.attn.c_attn.weight,transformer.h.1.attn.c_attn.weight,"[1152, 384]",energy_25,1,0.6405401229858398,0.0034496639855206013,0.009026827290654182,0.5496597290039062,0.8159390687942505,0.6405401229858398,0.10200613737106323,0.5496597290039062,0.7718138694763184
1,4096,transformer.h.1.attn.c_attn.weight,transformer.h.1.attn.c_attn.weight,"[1152, 384]",energy_50,1,0.6405401229858398,0.0034496639855206013,0.009026827290654182,0.5496597290039062,0.8159390687942505,0.6405401229858398,0.10200613737106323,0.5496597290039062,0.7718138694763184
1,4096,transformer.h.1.attn.c_attn.weight,transformer.h.1.attn.c_attn.weight,"[1152, 384]",energy_75,4,0.49326542019844055,0.0022734564263373613,0.009026827290654182,0.38947978615760803,0.651138961315155,0.49326542019844055,0.17994898557662964,0.38947978615760803,0.7720849514007568
1,4096,transformer.h.1.attn.c_attn.weight,transformer.h.1.attn.c_attn.weight,"[1152, 384]",energy_90,20,0.31456631422042847,0.001290012034587562,0.009026827290654182,0.24419507384300232,0.46674808859825134,0.31456631422042847,0.29152965545654297,0.24419507384300232,0.772818386554718
1,4096,transformer.h.1.attn.c_proj.weight,transformer.h.1.attn.c_proj.weight,"[384, 384]",fixed_1,1,0.5110863447189331,0.006871411576867104,0.02143651433289051,0.3986092805862427,0.39219561219215393,0.5110863447189331,0.15977510809898376,0.3986092805862427,0.9335065484046936
1,4096,transformer.h.1.attn.c_proj.weight,transformer.h.1.attn.c_proj.weight,"[384, 384]",fixed_2,2,0.4668959379196167,0.005869393236935139,0.02143651433289051,0.3437965214252472,0.3389936685562134,0.4668959379196167,0.19125601649284363,0.3437965214252472,0.9390029907226562
1,4096,transformer.h.1.attn.c_proj.weight,transformer.h.1.attn.c_proj.weight,"[384, 384]",fixed_4,4,0.4114033877849579,0.004292336292564869,0.02143651433289051,0.2929196357727051,0.2977367043495178,0.4114033877849579,0.2340417206287384,0.2929196357727051,0.9326343536376953
1,4096,transformer.h.1.attn.c_proj.weight,transformer.h.1.attn.c_proj.weight,"[384, 384]",fixed_8,8,0.34869036078453064,0.003573005786165595,0.02143651433289051,0.2413795441389084,0.2525531053543091,0.34869036078453064,0.28286245465278625,0.2413795441389084,0.9305221438407898
1,4096,transformer.h.1.attn.c_proj.weight,transformer.h.1.attn.c_proj.weight,"[384, 384]",fixed_16,16,0.28144195675849915,0.002623169217258692,0.02143651433289051,0.19817015528678894,0.2042103111743927,0.28144195675849915,0.3336634337902069,0.19817015528678894,0.9279537796974182
1,4096,transformer.h.1.attn.c_proj.weight,transformer.h.1.attn.c_proj.weight,"[384, 384]",energy_25,1,0.5110863447189331,0.006871411576867104,0.02143651433289051,0.3986092805862427,0.39219561219215393,0.5110863447189331,0.15977510809898376,0.3986092805862427,0.9335065484046936
1,4096,transformer.h.1.attn.c_proj.weight,transformer.h.1.attn.c_proj.weight,"[384, 384]",energy_50,1,0.5110863447189331,0.006871411576867104,0.02143651433289051,0.3986092805862427,0.39219561219215393,0.5110863447189331,0.15977510809898376,0.3986092805862427,0.9335065484046936
1,4096,transformer.h.1.attn.c_proj.weight,transformer.h.1.attn.c_proj.weight,"[384, 384]",energy_75,2,0.4668959379196167,0.005869393236935139,0.02143651433289051,0.3437965214252472,0.3389936685562134,0.4668959379196167,0.19125601649284363,0.3437965214252472,0.9390029907226562
1,4096,transformer.h.1.attn.c_proj.weight,transformer.h.1.attn.c_proj.weight,"[384, 384]",energy_90,12,0.3106270432472229,0.0029417327605187893,0.02143651433289051,0.21539869904518127,0.21925793588161469,0.3106270432472229,0.3095875084400177,0.21539869904518127,0.9404493570327759
1,4096,transformer.h.1.mlp.w1.weight,transformer.h.1.mlp.w1.weight,"[1024, 384]",fixed_1,1,0.8048631548881531,0.005644365679472685,0.010021024383604527,0.8066665530204773,0.8019911646842957,0.8048631548881531,0.027230262756347656,0.8066665530204773,0.0
1,4096,transformer.h.1.mlp.w1.weight,transformer.h.1.mlp.w1.weight,"[1024, 384]",fixed_2,2,0.7316972017288208,0.0032282525207847357,0.010021024383604527,0.6781435608863831,0.6863248348236084,0.7316972017288208,0.04046529531478882,0.6781435608863831,0.0
1,4096,transformer.h.1.mlp.w1.weight,transformer.h.1.mlp.w1.weight,"[1024, 384]",fixed_4,4,0.6942157745361328,0.003225115593522787,0.010021024383604527,0.6444481611251831,0.6373075246810913,0.6942157745361328,0.04451841115951538,0.6444481611251831,0.0
1,4096,transformer.h.1.mlp.w1.weight,transformer.h.1.mlp.w1.weight,"[1024, 384]",fixed_8,8,0.6487155556678772,0.0024449655320495367,0.010021024383604527,0.6055909991264343,0.6200459003448486,0.6487155556678772,0.04973679780960083,0.6055909991264343,0.0
1,4096,transformer.h.1.mlp.w1.weight,transformer.h.1.mlp.w1.weight,"[1024, 384]",fixed_16,16,0.5920419096946716,0.002272683195769787,0.010021024383604527,0.549979031085968,0.5709694623947144,0.5920419096946716,0.05634462833404541,0.549979031085968,0.0
1,4096,transformer.h.1.mlp.w1.weight,transformer.h.1.mlp.w1.weight,"[1024, 384]",energy_25,1,0.8048631548881531,0.005644365679472685,0.010021024383604527,0.8066665530204773,0.8019911646842957,0.8048631548881531,0.027230262756347656,0.8066665530204773,0.0
1,4096,transformer.h.1.mlp.w1.weight,transformer.h.1.mlp.w1.weight,"[1024, 384]",energy_50,4,0.6942157745361328,0.003225115593522787,0.010021024383604527,0.6444481611251831,0.6373075246810913,0.6942157745361328,0.04451841115951538,0.6444481611251831,0.0
1,4096,transformer.h.1.mlp.w1.weight,transformer.h.1.mlp.w1.weight,"[1024, 384]",energy_75,38,0.4975968301296234,0.0015842007705941796,0.010021024383604527,0.4323408603668213,0.45182299613952637,0.4975968301296234,0.06760567426681519,0.4323408603668213,0.0
1,4096,transformer.h.1.mlp.w1.weight,transformer.h.1.mlp.w1.weight,"[1024, 384]",energy_90,118,0.31481996178627014,0.0008002606336958706,0.010021024383604527,0.2528589069843292,0.2635122239589691,0.31481996178627014,0.08303040266036987,0.2528589069843292,0.0
1,4096,transformer.h.1.mlp.w2.weight,transformer.h.1.mlp.w2.weight,"[1024, 384]",fixed_1,1,0.7945971488952637,0.005170114804059267,0.011538306251168251,0.8075392842292786,0.7899452447891235,0.7945971488952637,0.029415488243103027,0.8075392842292786,0.0
1,4096,transformer.h.1.mlp.w2.weight,transformer.h.1.mlp.w2.weight,"[1024, 384]",fixed_2,2,0.7098912000656128,0.00324848759919405,0.011538306251168251,0.654605507850647,0.6634717583656311,0.7098912000656128,0.04453986883163452,0.654605507850647,0.0
1,4096,transformer.h.1.mlp.w2.weight,transformer.h.1.mlp.w2.weight,"[1024, 384]",fixed_4,4,0.6746010780334473,0.0028089983388781548,0.011538306251168251,0.6189604997634888,0.6373216509819031,0.6746010780334473,0.04927051067352295,0.6189604997634888,0.0
1,4096,transformer.h.1.mlp.w2.weight,transformer.h.1.mlp.w2.weight,"[1024, 384]",fixed_8,8,0.6286656260490417,0.0026641851291060448,0.011538306251168251,0.570316731929779,0.5850286483764648,0.6286656260490417,0.055190980434417725,0.570316731929779,0.0
1,4096,transformer.h.1.mlp.w2.weight,transformer.h.1.mlp.w2.weight,"[1024, 384]",fixed_16,16,0.5747137069702148,0.0019670152105391026,0.011538306251168251,0.5079564452171326,0.5232730507850647,0.5747137069702148,0.062277257442474365,0.5079564452171326,0.0
1,4096,transformer.h.1.mlp.w2.weight,transformer.h.1.mlp.w2.weight,"[1024, 384]",energy_25,1,0.7945971488952637,0.005170114804059267,0.011538306251168251,0.8075392842292786,0.7899452447891235,0.7945971488952637,0.029415488243103027,0.8075392842292786,0.0
1,4096,transformer.h.1.mlp.w2.weight,transformer.h.1.mlp.w2.weight,"[1024, 384]",energy_50,3,0.6910262107849121,0.0031981486827135086,0.011538306251168251,0.6361598968505859,0.6499525904655457,0.6910262107849121,0.047175467014312744,0.6361598968505859,0.0
1,4096,transformer.h.1.mlp.w2.weight,transformer.h.1.mlp.w2.weight,"[1024, 384]",energy_75,34,0.4965808689594269,0.0014660973101854324,0.011538306251168251,0.4274441599845886,0.4556485116481781,0.4965808689594269,0.07102566957473755,0.4274441599845886,0.0
1,4096,transformer.h.1.mlp.w2.weight,transformer.h.1.mlp.w2.weight,"[1024, 384]",energy_90,111,0.3154010474681854,0.00093906803522259,0.011538306251168251,0.252208411693573,0.26776885986328125,0.3154010474681854,0.08747601509094238,0.252208411693573,0.0
1,4096,transformer.h.1.mlp.c_proj.weight,transformer.h.1.mlp.c_proj.weight,"[384, 1024]",fixed_1,1,0.8906356692314148,0.011284460313618183,0.01613062247633934,0.7874570488929749,0.791029691696167,0.8906356692314148,0.022349894046783447,0.7874570488929749,0.0
1,4096,transformer.h.1.mlp.c_proj.weight,transformer.h.1.mlp.c_proj.weight,"[384, 1024]",fixed_2,2,0.8221187591552734,0.01181114837527275,0.01613062247633934,0.6910485029220581,0.6917725205421448,0.8221187591552734,0.03450608253479004,0.6910485029220581,0.0
1,4096,transformer.h.1.mlp.c_proj.weight,transformer.h.1.mlp.c_proj.weight,"[384, 1024]",fixed_4,4,0.770166277885437,0.008460135199129581,0.01613062247633934,0.5940698981285095,0.6027944684028625,0.770166277885437,0.04522758722305298,0.5940698981285095,0.0
1,4096,transformer.h.1.mlp.c_proj.weight,transformer.h.1.mlp.c_proj.weight,"[384, 1024]",fixed_8,8,0.7183347940444946,0.007517646066844463,0.01613062247633934,0.5369003415107727,0.5429199934005737,0.7183347940444946,0.05385422706604004,0.5369003415107727,0.0
1,4096,transformer.h.1.mlp.c_proj.weight,transformer.h.1.mlp.c_proj.weight,"[384, 1024]",fixed_16,16,0.6485926508903503,0.005450400989502668,0.01613062247633934,0.4441201984882355,0.45851728320121765,0.6485926508903503,0.06590056419372559,0.4441201984882355,0.0
1,4096,transformer.h.1.mlp.c_proj.weight,transformer.h.1.mlp.c_proj.weight,"[384, 1024]",energy_25,2,0.8221187591552734,0.01181114837527275,0.01613062247633934,0.6910485029220581,0.6917725205421448,0.8221187591552734,0.03450608253479004,0.6910485029220581,0.0
1,4096,transformer.h.1.mlp.c_proj.weight,transformer.h.1.mlp.c_proj.weight,"[384, 1024]",energy_50,10,0.6975529193878174,0.006305642891675234,0.01613062247633934,0.5133978724479675,0.5214401483535767,0.6975529193878174,0.05720585584640503,0.5133978724479675,0.0
1,4096,transformer.h.1.mlp.c_proj.weight,transformer.h.1.mlp.c_proj.weight,"[384, 1024]",energy_75,48,0.4973680078983307,0.00381394661962986,0.01613062247633934,0.30682316422462463,0.3115391433238983,0.4973680078983307,0.08584535121917725,0.30682316422462463,0.0
1,4096,transformer.h.1.mlp.c_proj.weight,transformer.h.1.mlp.c_proj.weight,"[384, 1024]",energy_90,122,0.31593888998031616,0.0021147108636796474,0.01613062247633934,0.17932014167308807,0.18277397751808167,0.31593888998031616,0.10165536403656006,0.17932014167308807,0.0
1,4096,transformer.h.2.attn.c_attn.weight,transformer.h.2.attn.c_attn.weight,"[1152, 384]",fixed_1,1,0.48092973232269287,0.007474764250218868,0.021723827347159386,0.3015490472316742,0.5234337449073792,0.48092973232269287,0.21183747053146362,0.3015490472316742,0.7034047245979309
1,4096,transformer.h.2.attn.c_attn.weight,transformer.h.2.attn.c_attn.weight,"[1152, 384]",fixed_2,2,0.45640456676483154,0.006390442606061697,0.021723827347159386,0.28107303380966187,0.5124311447143555,0.45640456676483154,0.2298296093940735,0.28107303380966187,0.7019481062889099
1,4096,transformer.h.2.attn.c_attn.weight,transformer.h.2.attn.c_attn.weight,"[1152, 384]",fixed_4,4,0.4221981167793274,0.006335929036140442,0.021723827347159386,0.25402647256851196,0.43814700841903687,0.4221981167793274,0.2586846947669983,0.25402647256851196,0.6945046186447144
1,4096,transformer.h.2.attn.c_attn.weight,transformer.h.2.attn.c_attn.weight,"[1152, 384]",fixed_8,8,0.3706166446208954,0.005416112951934338,0.021723827347159386,0.21754442155361176,0.40960320830345154,0.3706166446208954,0.2891277074813843,0.21754442155361176,0.7005563378334045
1,4096,transformer.h.2.attn.c_attn.weight,transformer.h.2.attn.c_attn.weight,"[1152, 384]",fixed_16,16,0.3048156499862671,0.004105210769921541,0.021723827347159386,0.18183426558971405,0.36031416058540344,0.3048156499862671,0.32104796171188354,0.18183426558971405,0.7041925191879272
1,4096,transformer.h.2.attn.c_attn.weight,transformer.h.2.attn.c_attn.weight,"[1152, 384]",energy_25,1,0.48092973232269287,0.007474764250218868,0.021723827347159386,0.3015490472316742,0.5234337449073792,0.48092973232269287,0.21183747053146362,0.3015490472316742,0.7034047245979309
1,4096,transformer.h.2.attn.c_attn.weight,transformer.h.2.attn.c_attn.weight,"[1152, 384]",energy_50,1,0.48092973232269287,0.007474764250218868,0.021723827347159386,0.3015490472316742,0.5234337449073792,0.48092973232269287,0.21183747053146362,0.3015490472316742,0.7034047245979309
1,4096,transformer.h.2.attn.c_attn.weight,transformer.h.2.attn.c_attn.weight,"[1152, 384]",energy_75,1,0.48092973232269287,0.007474764250218868,0.021723827347159386,0.3015490472316742,0.5234337449073792,0.48092973232269287,0.21183747053146362,0.3015490472316742,0.7034047245979309
1,4096,transformer.h.2.attn.c_attn.weight,transformer.h.2.attn.c_attn.weight,"[1152, 384]",energy_90,15,0.31161361932754517,0.004108420107513666,0.021723827347159386,0.18611815571784973,0.38487377762794495,0.31161361932754517,0.31795811653137207,0.18611815571784973,0.7056614756584167
1,4096,transformer.h.2.attn.c_proj.weight,transformer.h.2.attn.c_proj.weight,"[384, 384]",fixed_1,1,0.4854900538921356,0.013833735138177872,0.024532554671168327,0.557337760925293,0.5701360702514648,0.4854900538921356,0.15960025787353516,0.557337760925293,0.7611194849014282
1,4096,transformer.h.2.attn.c_proj.weight,transformer.h.2.attn.c_proj.weight,"[384, 384]",fixed_2,2,0.4634609818458557,0.013642718084156513,0.024532554671168327,0.5252360701560974,0.5343528389930725,0.4634609818458557,0.1728406548500061,0.5252360701560974,0.7716332077980042
1,4096,transformer.h.2.attn.c_proj.weight,transformer.h.2.attn.c_proj.weight,"[384, 384]",fixed_4,4,0.43302473425865173,0.012771416455507278,0.024532554671168327,0.4951886832714081,0.5008330941200256,0.43302473425865173,0.189716637134552,0.4951886832714081,0.7641675472259521
1,4096,transformer.h.2.attn.c_proj.weight,transformer.h.2.attn.c_proj.weight,"[384, 384]",fixed_8,8,0.3849213719367981,0.007998830638825893,0.024532554671168327,0.42220985889434814,0.43137606978416443,0.3849213719367981,0.22221338748931885,0.42220985889434814,0.7711111307144165
1,4096,transformer.h.2.attn.c_proj.weight,transformer.h.2.attn.c_proj.weight,"[384, 384]",fixed_16,16,0.31964898109436035,0.006568789016455412,0.024532554671168327,0.33799728751182556,0.34175655245780945,0.31964898109436035,0.26077961921691895,0.33799728751182556,0.7918505072593689
1,4096,transformer.h.2.attn.c_proj.weight,transformer.h.2.attn.c_proj.weight,"[384, 384]",energy_25,1,0.4854900538921356,0.013833735138177872,0.024532554671168327,0.557337760925293,0.5701360702514648,0.4854900538921356,0.15960025787353516,0.557337760925293,0.7611194849014282
1,4096,transformer.h.2.attn.c_proj.weight,transformer.h.2.attn.c_proj.weight,"[384, 384]",energy_50,1,0.4854900538921356,0.013833735138177872,0.024532554671168327,0.557337760925293,0.5701360702514648,0.4854900538921356,0.15960025787353516,0.557337760925293,0.7611194849014282
1,4096,transformer.h.2.attn.c_proj.weight,transformer.h.2.attn.c_proj.weight,"[384, 384]",energy_75,1,0.4854900538921356,0.013833735138177872,0.024532554671168327,0.557337760925293,0.5701360702514648,0.4854900538921356,0.15960025787353516,0.557337760925293,0.7611194849014282
1,4096,transformer.h.2.attn.c_proj.weight,transformer.h.2.attn.c_proj.weight,"[384, 384]",energy_90,17,0.3135259747505188,0.006565467454493046,0.024532554671168327,0.328922301530838,0.3375093638896942,0.3135259747505188,0.2662639617919922,0.328922301530838,0.7926146984100342
1,4096,transformer.h.2.mlp.w1.weight,transformer.h.2.mlp.w1.weight,"[1024, 384]",fixed_1,1,0.9058212041854858,0.003396164160221815,0.003348455298691988,0.9037322402000427,0.908687949180603,0.9058212041854858,0.012005984783172607,0.9037322402000427,0.0
1,4096,transformer.h.2.mlp.w1.weight,transformer.h.2.mlp.w1.weight,"[1024, 384]",fixed_2,2,0.8709625005722046,0.0028603023383766413,0.003348455298691988,0.8595307469367981,0.8772588968276978,0.8709625005722046,0.016727328300476074,0.8595307469367981,0.0
1,4096,transformer.h.2.mlp.w1.weight,transformer.h.2.mlp.w1.weight,"[1024, 384]",fixed_4,4,0.8319229483604431,0.002725785132497549,0.003348455298691988,0.8190867900848389,0.8345581293106079,0.8319229483604431,0.021780073642730713,0.8190867900848389,0.0
1,4096,transformer.h.2.mlp.w1.weight,transformer.h.2.mlp.w1.weight,"[1024, 384]",fixed_8,8,0.7757580280303955,0.0021262054797261953,0.003348455298691988,0.7621173858642578,0.7808172702789307,0.7757580280303955,0.02806144952774048,0.7621173858642578,0.0
1,4096,transformer.h.2.mlp.w1.weight,transformer.h.2.mlp.w1.weight,"[1024, 384]",fixed_16,16,0.6983062624931335,0.002083245199173689,0.003348455298691988,0.6779671907424927,0.6944687962532043,0.6983062624931335,0.03692132234573364,0.6779671907424927,0.0
1,4096,transformer.h.2.mlp.w1.weight,transformer.h.2.mlp.w1.weight,"[1024, 384]",energy_25,3,0.8504925966262817,0.0027031763456761837,0.003348455298691988,0.8374114632606506,0.8557577133178711,0.8504925966262817,0.019541144371032715,0.8374114632606506,0.0
1,4096,transformer.h.2.mlp.w1.weight,transformer.h.2.mlp.w1.weight,"[1024, 384]",energy_50,15,0.7058534026145935,0.0020976224914193153,0.003348455298691988,0.686453640460968,0.7002909779548645,0.7058534026145935,0.03608405590057373,0.686453640460968,0.0
1,4096,transformer.h.2.mlp.w1.weight,transformer.h.2.mlp.w1.weight,"[1024, 384]",energy_75,60,0.497854620218277,0.0012261319207027555,0.003348455298691988,0.4728141725063324,0.4777335226535797,0.497854620218277,0.05583822727203369,0.4728141725063324,0.0
1,4096,transformer.h.2.mlp.w1.weight,transformer.h.2.mlp.w1.weight,"[1024, 384]",energy_90,139,0.3157491087913513,0.0007242209976539016,0.003348455298691988,0.28720414638519287,0.2939239740371704,0.3157491087913513,0.06869465112686157,0.28720414638519287,0.0
1,4096,transformer.h.2.mlp.w2.weight,transformer.h.2.mlp.w2.weight,"[1024, 384]",fixed_1,1,0.9007769227027893,0.0029744217172265053,0.0036099054850637913,0.8993752002716064,0.9307195544242859,0.9007769227027893,0.013044655323028564,0.8993752002716064,0.0
1,4096,transformer.h.2.mlp.w2.weight,transformer.h.2.mlp.w2.weight,"[1024, 384]",fixed_2,2,0.8666390776634216,0.002977265976369381,0.0036099054850637913,0.8630770444869995,0.9152886271476746,0.8666390776634216,0.017255127429962158,0.8630770444869995,0.0
1,4096,transformer.h.2.mlp.w2.weight,transformer.h.2.mlp.w2.weight,"[1024, 384]",fixed_4,4,0.8280892968177795,0.002859241794794798,0.0036099054850637913,0.8209143877029419,0.8628031015396118,0.8280892968177795,0.022001266479492188,0.8209143877029419,0.0
1,4096,transformer.h.2.mlp.w2.weight,transformer.h.2.mlp.w2.weight,"[1024, 384]",fixed_8,8,0.7711190581321716,0.0027844123542308807,0.0036099054850637913,0.7555835843086243,0.786673903465271,0.7711190581321716,0.02928793430328369,0.7555835843086243,0.0
1,4096,transformer.h.2.mlp.w2.weight,transformer.h.2.mlp.w2.weight,"[1024, 384]",fixed_16,16,0.6941574215888977,0.0021256543695926666,0.0036099054850637913,0.6662459969520569,0.6929508447647095,0.6941574215888977,0.038793325424194336,0.6662459969520569,0.0
1,4096,transformer.h.2.mlp.w2.weight,transformer.h.2.mlp.w2.weight,"[1024, 384]",energy_25,3,0.8458908796310425,0.0028619254007935524,0.0036099054850637913,0.8412810564041138,0.8795974254608154,0.8458908796310425,0.019376754760742188,0.8412810564041138,0.0
1,4096,transformer.h.2.mlp.w2.weight,transformer.h.2.mlp.w2.weight,"[1024, 384]",energy_50,15,0.7021529078483582,0.0021245304960757494,0.0036099054850637913,0.6754001975059509,0.702666699886322,0.7021529078483582,0.03756368160247803,0.6754001975059509,0.0
1,4096,transformer.h.2.mlp.w2.weight,transformer.h.2.mlp.w2.weight,"[1024, 384]",energy_75,58,0.4975825846195221,0.0011517229722812772,0.0036099054850637913,0.4517925977706909,0.4712611138820648,0.4975825846195221,0.05847489833831787,0.4517925977706909,0.0
1,4096,transformer.h.2.mlp.w2.weight,transformer.h.2.mlp.w2.weight,"[1024, 384]",energy_90,136,0.31505364179611206,0.0006639529601670802,0.0036099054850637913,0.27281516790390015,0.28475895524024963,0.31505364179611206,0.07170850038528442,0.27281516790390015,0.0
1,4096,transformer.h.2.mlp.c_proj.weight,transformer.h.2.mlp.c_proj.weight,"[384, 1024]",fixed_1,1,0.9547505378723145,0.006781619507819414,0.007104668766260147,0.9034174680709839,0.9079098105430603,0.9547505378723145,0.007178306579589844,0.9034174680709839,0.0
1,4096,transformer.h.2.mlp.c_proj.weight,transformer.h.2.mlp.c_proj.weight,"[384, 1024]",fixed_2,2,0.9311487078666687,0.0067732930183410645,0.007104668766260147,0.8673964142799377,0.874633252620697,0.9311487078666687,0.010310709476470947,0.8673964142799377,0.0
1,4096,transformer.h.2.mlp.c_proj.weight,transformer.h.2.mlp.c_proj.weight,"[384, 1024]",fixed_4,4,0.8984172344207764,0.006796516943722963,0.007104668766260147,0.8220608830451965,0.8301113843917847,0.8984172344207764,0.014763176441192627,0.8220608830451965,0.0
1,4096,transformer.h.2.mlp.c_proj.weight,transformer.h.2.mlp.c_proj.weight,"[384, 1024]",fixed_8,8,0.8528979420661926,0.006001456640660763,0.007104668766260147,0.7674379348754883,0.7750287652015686,0.8528979420661926,0.019757091999053955,0.7674379348754883,0.0
1,4096,transformer.h.2.mlp.c_proj.weight,transformer.h.2.mlp.c_proj.weight,"[384, 1024]",fixed_16,16,0.7865914702415466,0.004760310053825378,0.007104668766260147,0.6761247515678406,0.6815904974937439,0.7865914702415466,0.027467310428619385,0.6761247515678406,0.0
1,4096,transformer.h.2.mlp.c_proj.weight,transformer.h.2.mlp.c_proj.weight,"[384, 1024]",energy_25,7,0.8634612560272217,0.005829824134707451,0.007104668766260147,0.7799894213676453,0.7804887890815735,0.8634612560272217,0.01855999231338501,0.7799894213676453,0.0
1,4096,transformer.h.2.mlp.c_proj.weight,transformer.h.2.mlp.c_proj.weight,"[384, 1024]",energy_50,30,0.7053046226501465,0.004073291085660458,0.007104668766260147,0.5842558145523071,0.5933328866958618,0.7053046226501465,0.03554922342300415,0.5842558145523071,0.0
1,4096,transformer.h.2.mlp.c_proj.weight,transformer.h.2.mlp.c_proj.weight,"[384, 1024]",energy_75,88,0.4988517761230469,0.0025192389730364084,0.007104668766260147,0.38313862681388855,0.38733696937561035,0.4988517761230469,0.051680922508239746,0.38313862681388855,0.0
1,4096,transformer.h.2.mlp.c_proj.weight,transformer.h.2.mlp.c_proj.weight,"[384, 1024]",energy_90,173,0.31544312834739685,0.0014943884452804923,0.007104668766260147,0.23062555491924286,0.23641178011894226,0.31544312834739685,0.060802161693573,0.23062555491924286,0.0
1,4096,transformer.h.3.attn.c_attn.weight,transformer.h.3.attn.c_attn.weight,"[1152, 384]",fixed_1,1,0.6681848764419556,0.005799147300422192,0.014812428504228592,0.5085626244544983,0.7593103051185608,0.6681848764419556,0.11968880891799927,0.5085626244544983,0.679408609867096
1,4096,transformer.h.3.attn.c_attn.weight,transformer.h.3.attn.c_attn.weight,"[1152, 384]",fixed_2,2,0.6277285218238831,0.005502498243004084,0.014812428504228592,0.4771880805492401,0.7665703296661377,0.6277285218238831,0.1389588713645935,0.4771880805492401,0.674804151058197
1,4096,transformer.h.3.attn.c_attn.weight,transformer.h.3.attn.c_attn.weight,"[1152, 384]",fixed_4,4,0.5711621642112732,0.005038673989474773,0.014812428504228592,0.4255039095878601,0.7496622204780579,0.5711621642112732,0.16225963830947876,0.4255039095878601,0.6857401132583618
1,4096,transformer.h.3.attn.c_attn.weight,transformer.h.3.attn.c_attn.weight,"[1152, 384]",fixed_8,8,0.4864596426486969,0.00453757680952549,0.014812428504228592,0.37768134474754333,0.7621588110923767,0.4864596426486969,0.19658195972442627,0.37768134474754333,0.6811609864234924
1,4096,transformer.h.3.attn.c_attn.weight,transformer.h.3.attn.c_attn.weight,"[1152, 384]",fixed_16,16,0.38858357071876526,0.002247631549835205,0.014812428504228592,0.30417484045028687,0.7350696325302124,0.38858357071876526,0.24702227115631104,0.30417484045028687,0.6879197359085083
1,4096,transformer.h.3.attn.c_attn.weight,transformer.h.3.attn.c_attn.weight,"[1152, 384]",energy_25,1,0.6681848764419556,0.005799147300422192,0.014812428504228592,0.5085626244544983,0.7593103051185608,0.6681848764419556,0.11968880891799927,0.5085626244544983,0.679408609867096
1,4096,transformer.h.3.attn.c_attn.weight,transformer.h.3.attn.c_attn.weight,"[1152, 384]",energy_50,1,0.6681848764419556,0.005799147300422192,0.014812428504228592,0.5085626244544983,0.7593103051185608,0.6681848764419556,0.11968880891799927,0.5085626244544983,0.679408609867096
1,4096,transformer.h.3.attn.c_attn.weight,transformer.h.3.attn.c_attn.weight,"[1152, 384]",energy_75,8,0.4864596426486969,0.00453757680952549,0.014812428504228592,0.37768134474754333,0.7621588110923767,0.4864596426486969,0.19658195972442627,0.37768134474754333,0.6811609864234924
1,4096,transformer.h.3.attn.c_attn.weight,transformer.h.3.attn.c_attn.weight,"[1152, 384]",energy_90,26,0.31322798132896423,0.0019149227300658822,0.014812428504228592,0.25383418798446655,0.7185925245285034,0.31322798132896423,0.283918559551239,0.25383418798446655,0.6888815760612488
1,4096,transformer.h.3.attn.c_proj.weight,transformer.h.3.attn.c_proj.weight,"[384, 384]",fixed_1,1,0.6767882108688354,0.006902484223246574,0.01100989617407322,0.7221739888191223,0.7567694783210754,0.6767882108688354,0.07164859771728516,0.7221739888191223,0.7080543637275696
1,4096,transformer.h.3.attn.c_proj.weight,transformer.h.3.attn.c_proj.weight,"[384, 384]",fixed_2,2,0.6445938348770142,0.007347366772592068,0.01100989617407322,0.6831390857696533,0.7065747380256653,0.6445938348770142,0.08879464864730835,0.6831390857696533,0.7064213156700134
1,4096,transformer.h.3.attn.c_proj.weight,transformer.h.3.attn.c_proj.weight,"[384, 384]",fixed_4,4,0.5951942205429077,0.00614113500341773,0.01100989617407322,0.6394494771957397,0.6617045402526855,0.5951942205429077,0.10851258039474487,0.6394494771957397,0.7038834095001221
1,4096,transformer.h.3.attn.c_proj.weight,transformer.h.3.attn.c_proj.weight,"[384, 384]",fixed_8,8,0.5297915935516357,0.005786653142422438,0.01100989617407322,0.5564948916435242,0.567813515663147,0.5297915935516357,0.13390326499938965,0.5564948916435242,0.711811900138855
1,4096,transformer.h.3.attn.c_proj.weight,transformer.h.3.attn.c_proj.weight,"[384, 384]",fixed_16,16,0.4423569142818451,0.004406183958053589,0.01100989617407322,0.4438075125217438,0.4663897454738617,0.4423569142818451,0.18162471055984497,0.4438075125217438,0.7181532979011536
1,4096,transformer.h.3.attn.c_proj.weight,transformer.h.3.attn.c_proj.weight,"[384, 384]",energy_25,1,0.6767882108688354,0.006902484223246574,0.01100989617407322,0.7221739888191223,0.7567694783210754,0.6767882108688354,0.07164859771728516,0.7221739888191223,0.7080543637275696
1,4096,transformer.h.3.attn.c_proj.weight,transformer.h.3.attn.c_proj.weight,"[384, 384]",energy_50,1,0.6767882108688354,0.006902484223246574,0.01100989617407322,0.7221739888191223,0.7567694783210754,0.6767882108688354,0.07164859771728516,0.7221739888191223,0.7080543637275696
1,4096,transformer.h.3.attn.c_proj.weight,transformer.h.3.attn.c_proj.weight,"[384, 384]",energy_75,11,0.49324315786361694,0.004872835241258144,0.01100989617407322,0.5009836554527283,0.5136286020278931,0.49324315786361694,0.1554272174835205,0.5009836554527283,0.7145400047302246
1,4096,transformer.h.3.attn.c_proj.weight,transformer.h.3.attn.c_proj.weight,"[384, 384]",energy_90,36,0.31153592467308044,0.0024316005874425173,0.01100989617407322,0.27115440368652344,0.28481775522232056,0.31153592467308044,0.2633482813835144,0.27115440368652344,0.7384824156761169
1,4096,transformer.h.3.mlp.w1.weight,transformer.h.3.mlp.w1.weight,"[1024, 384]",fixed_1,1,0.9085405468940735,0.002656590426340699,0.0031438907608389854,0.8982246518135071,0.8825737833976746,0.9085405468940735,0.012193858623504639,0.8982246518135071,0.0
1,4096,transformer.h.3.mlp.w1.weight,transformer.h.3.mlp.w1.weight,"[1024, 384]",fixed_2,2,0.8823606371879578,0.0024477478582412004,0.0031438907608389854,0.8701015710830688,0.8692055940628052,0.8823606371879578,0.015433549880981445,0.8701015710830688,0.0
1,4096,transformer.h.3.mlp.w1.weight,transformer.h.3.mlp.w1.weight,"[1024, 384]",fixed_4,4,0.8462011814117432,0.0024993927218019962,0.0031438907608389854,0.8284767270088196,0.8115701079368591,0.8462011814117432,0.020040690898895264,0.8284767270088196,0.0
1,4096,transformer.h.3.mlp.w1.weight,transformer.h.3.mlp.w1.weight,"[1024, 384]",fixed_8,8,0.7941259741783142,0.0024367785081267357,0.0031438907608389854,0.7687121629714966,0.7585641145706177,0.7941259741783142,0.026086747646331787,0.7687121629714966,0.0
1,4096,transformer.h.3.mlp.w1.weight,transformer.h.3.mlp.w1.weight,"[1024, 384]",fixed_16,16,0.7198086977005005,0.0019720513373613358,0.0031438907608389854,0.6891276240348816,0.6922826170921326,0.7198086977005005,0.03455209732055664,0.6891276240348816,0.0
1,4096,transformer.h.3.mlp.w1.weight,transformer.h.3.mlp.w1.weight,"[1024, 384]",energy_25,3,0.8608738780021667,0.002441369229927659,0.0031438907608389854,0.8408991098403931,0.8361460566520691,0.8608738780021667,0.018304169178009033,0.8408991098403931,0.0
1,4096,transformer.h.3.mlp.w1.weight,transformer.h.3.mlp.w1.weight,"[1024, 384]",energy_50,18,0.7054709196090698,0.0019032511627301574,0.0031438907608389854,0.6678177118301392,0.6671346426010132,0.7054709196090698,0.036558568477630615,0.6678177118301392,0.0
1,4096,transformer.h.3.mlp.w1.weight,transformer.h.3.mlp.w1.weight,"[1024, 384]",energy_75,65,0.4995250403881073,0.0011506484588608146,0.0031438907608389854,0.45219916105270386,0.45784813165664673,0.4995250403881073,0.0556676983833313,0.45219916105270386,0.0
1,4096,transformer.h.3.mlp.w1.weight,transformer.h.3.mlp.w1.weight,"[1024, 384]",energy_90,145,0.316066712141037,0.0006354140350595117,0.0031438907608389854,0.26916036009788513,0.2687324583530426,0.316066712141037,0.06790471076965332,0.26916036009788513,0.0
1,4096,transformer.h.3.mlp.w2.weight,transformer.h.3.mlp.w2.weight,"[1024, 384]",fixed_1,1,0.9076995849609375,0.0030250989366322756,0.004719397518783808,0.9100081324577332,0.930044949054718,0.9076995849609375,0.011572182178497314,0.9100081324577332,0.0
1,4096,transformer.h.3.mlp.w2.weight,transformer.h.3.mlp.w2.weight,"[1024, 384]",fixed_2,2,0.8791282176971436,0.0031546643003821373,0.004719397518783808,0.8682147860527039,0.8904189467430115,0.8791282176971436,0.01537388563156128,0.8682147860527039,0.0
1,4096,transformer.h.3.mlp.w2.weight,transformer.h.3.mlp.w2.weight,"[1024, 384]",fixed_4,4,0.8413888216018677,0.0030460339039564133,0.004719397518783808,0.8304778933525085,0.8542265295982361,0.8413888216018677,0.020012974739074707,0.8304778933525085,0.0
1,4096,transformer.h.3.mlp.w2.weight,transformer.h.3.mlp.w2.weight,"[1024, 384]",fixed_8,8,0.7895014882087708,0.0025630982127040625,0.004719397518783808,0.7728148102760315,0.806862473487854,0.7895014882087708,0.026260554790496826,0.7728148102760315,0.0
1,4096,transformer.h.3.mlp.w2.weight,transformer.h.3.mlp.w2.weight,"[1024, 384]",fixed_16,16,0.7138082981109619,0.0021137241274118423,0.004719397518783808,0.6940091848373413,0.7166203856468201,0.7138082981109619,0.03449124097824097,0.6940091848373413,0.0
1,4096,transformer.h.3.mlp.w2.weight,transformer.h.3.mlp.w2.weight,"[1024, 384]",energy_25,3,0.8567500114440918,0.0031437501311302185,0.004719397518783808,0.8456886410713196,0.8686264753341675,0.8567500114440918,0.01826930046081543,0.8456886410713196,0.0
1,4096,transformer.h.3.mlp.w2.weight,transformer.h.3.mlp.w2.weight,"[1024, 384]",energy_50,17,0.7062874436378479,0.002101391553878784,0.004719397518783808,0.6816329956054688,0.7035172581672668,0.7062874436378479,0.035523414611816406,0.6816329956054688,0.0
1,4096,transformer.h.3.mlp.w2.weight,transformer.h.3.mlp.w2.weight,"[1024, 384]",energy_75,63,0.49936360120773315,0.0011003820691257715,0.004719397518783808,0.45365631580352783,0.4799624979496002,0.49936360120773315,0.05560785531997681,0.45365631580352783,0.0
1,4096,transformer.h.3.mlp.w2.weight,transformer.h.3.mlp.w2.weight,"[1024, 384]",energy_90,142,0.3161999583244324,0.0006552237900905311,0.004719397518783808,0.27006009221076965,0.2849928140640259,0.3161999583244324,0.06807506084442139,0.27006009221076965,0.0
1,4096,transformer.h.3.mlp.c_proj.weight,transformer.h.3.mlp.c_proj.weight,"[384, 1024]",fixed_1,1,0.9588133096694946,0.00815530214458704,0.011278392747044563,0.861748993396759,0.8738779425621033,0.9588133096694946,0.00970757007598877,0.861748993396759,0.0
1,4096,transformer.h.3.mlp.c_proj.weight,transformer.h.3.mlp.c_proj.weight,"[384, 1024]",fixed_2,2,0.9267351031303406,0.0076379026286304,0.011278392747044563,0.8124642372131348,0.8146654963493347,0.9267351031303406,0.014414072036743164,0.8124642372131348,0.0
1,4096,transformer.h.3.mlp.c_proj.weight,transformer.h.3.mlp.c_proj.weight,"[384, 1024]",fixed_4,4,0.8950379490852356,0.007866919972002506,0.011278392747044563,0.7552638649940491,0.7668958902359009,0.8950379490852356,0.01955699920654297,0.7552638649940491,0.0
1,4096,transformer.h.3.mlp.c_proj.weight,transformer.h.3.mlp.c_proj.weight,"[384, 1024]",fixed_8,8,0.8507228493690491,0.005714877508580685,0.011278392747044563,0.6696232557296753,0.6929845213890076,0.8507228493690491,0.026671111583709717,0.6696232557296753,0.0
1,4096,transformer.h.3.mlp.c_proj.weight,transformer.h.3.mlp.c_proj.weight,"[384, 1024]",fixed_16,16,0.7852217555046082,0.005647019948810339,0.011278392747044563,0.5982580184936523,0.6235048770904541,0.7852217555046082,0.03352230787277222,0.5982580184936523,0.0
1,4096,transformer.h.3.mlp.c_proj.weight,transformer.h.3.mlp.c_proj.weight,"[384, 1024]",energy_25,7,0.8606697916984558,0.005899922922253609,0.011278392747044563,0.6786044239997864,0.703384280204773,0.8606697916984558,0.025368809700012207,0.6786044239997864,0.0
1,4096,transformer.h.3.mlp.c_proj.weight,transformer.h.3.mlp.c_proj.weight,"[384, 1024]",energy_50,30,0.702814519405365,0.003577127121388912,0.011278392747044563,0.5104755163192749,0.5308898091316223,0.702814519405365,0.04218244552612305,0.5104755163192749,0.0
1,4096,transformer.h.3.mlp.c_proj.weight,transformer.h.3.mlp.c_proj.weight,"[384, 1024]",energy_75,87,0.4991934597492218,0.002328896662220359,0.011278392747044563,0.3369216322898865,0.34951579570770264,0.4991934597492218,0.05804711580276489,0.3369216322898865,0.0
1,4096,transformer.h.3.mlp.c_proj.weight,transformer.h.3.mlp.c_proj.weight,"[384, 1024]",energy_90,173,0.3159252405166626,0.001445206580683589,0.011278392747044563,0.20169341564178467,0.2093098908662796,0.3159252405166626,0.06724631786346436,0.20169341564178467,0.0
1,4096,transformer.h.4.attn.c_attn.weight,transformer.h.4.attn.c_attn.weight,"[1152, 384]",fixed_1,1,0.7024059295654297,0.006876944564282894,0.011798824183642864,0.5916083455085754,0.7978124618530273,0.7024059295654297,0.09392273426055908,0.5916083455085754,0.6078618168830872
1,4096,transformer.h.4.attn.c_attn.weight,transformer.h.4.attn.c_attn.weight,"[1152, 384]",fixed_2,2,0.6599242687225342,0.006654378026723862,0.011798824183642864,0.5420843958854675,0.7170735597610474,0.6599242687225342,0.11113238334655762,0.5420843958854675,0.6169641017913818
1,4096,transformer.h.4.attn.c_attn.weight,transformer.h.4.attn.c_attn.weight,"[1152, 384]",fixed_4,4,0.607906699180603,0.005618885159492493,0.011798824183642864,0.48483502864837646,0.641508936882019,0.607906699180603,0.13601070642471313,0.48483502864837646,0.6126848459243774
1,4096,transformer.h.4.attn.c_attn.weight,transformer.h.4.attn.c_attn.weight,"[1152, 384]",fixed_8,8,0.5298789143562317,0.004823063500225544,0.011798824183642864,0.42093032598495483,0.5861788988113403,0.5298789143562317,0.16808253526687622,0.42093032598495483,0.619204044342041
1,4096,transformer.h.4.attn.c_attn.weight,transformer.h.4.attn.c_attn.weight,"[1152, 384]",fixed_16,16,0.4244346618652344,0.0034736196976155043,0.011798824183642864,0.33308619260787964,0.536945641040802,0.4244346618652344,0.21676713228225708,0.33308619260787964,0.6245492100715637
1,4096,transformer.h.4.attn.c_attn.weight,transformer.h.4.attn.c_attn.weight,"[1152, 384]",energy_25,1,0.7024059295654297,0.006876944564282894,0.011798824183642864,0.5916083455085754,0.7978124618530273,0.7024059295654297,0.09392273426055908,0.5916083455085754,0.6078618168830872
1,4096,transformer.h.4.attn.c_attn.weight,transformer.h.4.attn.c_attn.weight,"[1152, 384]",energy_50,1,0.7024059295654297,0.006876944564282894,0.011798824183642864,0.5916083455085754,0.7978124618530273,0.7024059295654297,0.09392273426055908,0.5916083455085754,0.6078618168830872
1,4096,transformer.h.4.attn.c_attn.weight,transformer.h.4.attn.c_attn.weight,"[1152, 384]",energy_75,10,0.4989382326602936,0.004641289357095957,0.011798824183642864,0.40155813097953796,0.6010770201683044,0.4989382326602936,0.1822420358657837,0.40155813097953796,0.6141214966773987
1,4096,transformer.h.4.attn.c_attn.weight,transformer.h.4.attn.c_attn.weight,"[1152, 384]",energy_90,31,0.3113786578178406,0.0023146916646510363,0.011798824183642864,0.2565065920352936,0.5158854722976685,0.3113786578178406,0.2619796395301819,0.2565065920352936,0.6458965539932251
1,4096,transformer.h.4.attn.c_proj.weight,transformer.h.4.attn.c_proj.weight,"[384, 384]",fixed_1,1,0.6577100157737732,0.008964059874415398,0.01248554140329361,0.7751026153564453,0.8006676435470581,0.6577100157737732,0.09579592943191528,0.7751026153564453,0.6493488550186157
1,4096,transformer.h.4.attn.c_proj.weight,transformer.h.4.attn.c_proj.weight,"[384, 384]",fixed_2,2,0.627500593662262,0.008511891588568687,0.01248554140329361,0.7380332946777344,0.7515780925750732,0.627500593662262,0.10406649112701416,0.7380332946777344,0.6486756205558777
1,4096,transformer.h.4.attn.c_proj.weight,transformer.h.4.attn.c_proj.weight,"[384, 384]",fixed_4,4,0.5803366303443909,0.006936203222721815,0.01248554140329361,0.6617872714996338,0.6708720922470093,0.5803366303443909,0.12013566493988037,0.6617872714996338,0.6637061238288879
1,4096,transformer.h.4.attn.c_proj.weight,transformer.h.4.attn.c_proj.weight,"[384, 384]",fixed_8,8,0.5181915760040283,0.005575906950980425,0.01248554140329361,0.5525609254837036,0.5705609917640686,0.5181915760040283,0.14909368753433228,0.5525609254837036,0.6784242987632751
1,4096,transformer.h.4.attn.c_proj.weight,transformer.h.4.attn.c_proj.weight,"[384, 384]",fixed_16,16,0.43369272351264954,0.004620586987584829,0.01248554140329361,0.4578656256198883,0.47576409578323364,0.43369272351264954,0.18472248315811157,0.4578656256198883,0.68514084815979
1,4096,transformer.h.4.attn.c_proj.weight,transformer.h.4.attn.c_proj.weight,"[384, 384]",energy_25,1,0.6577100157737732,0.008964059874415398,0.01248554140329361,0.7751026153564453,0.8006676435470581,0.6577100157737732,0.09579592943191528,0.7751026153564453,0.6493488550186157
1,4096,transformer.h.4.attn.c_proj.weight,transformer.h.4.attn.c_proj.weight,"[384, 384]",energy_50,1,0.6577100157737732,0.008964059874415398,0.01248554140329361,0.7751026153564453,0.8006676435470581,0.6577100157737732,0.09579592943191528,0.7751026153564453,0.6493488550186157
1,4096,transformer.h.4.attn.c_proj.weight,transformer.h.4.attn.c_proj.weight,"[384, 384]",energy_75,10,0.49377089738845825,0.00521270465105772,0.01248554140329361,0.5285224914550781,0.5487378835678101,0.49377089738845825,0.15907537937164307,0.5285224914550781,0.6754064559936523
1,4096,transformer.h.4.attn.c_proj.weight,transformer.h.4.attn.c_proj.weight,"[384, 384]",energy_90,35,0.31222185492515564,0.00339806592091918,0.01248554140329361,0.30054596066474915,0.30843666195869446,0.31222185492515564,0.25302571058273315,0.30054596066474915,0.7103416919708252
1,4096,transformer.h.4.mlp.w1.weight,transformer.h.4.mlp.w1.weight,"[1024, 384]",fixed_1,1,0.9513795971870422,0.004929507151246071,0.013517675921320915,0.950618326663971,0.974723219871521,0.9513795971870422,0.002404510974884033,0.950618326663971,0.0
1,4096,transformer.h.4.mlp.w1.weight,transformer.h.4.mlp.w1.weight,"[1024, 384]",fixed_2,2,0.9100952744483948,0.002868266310542822,0.013517675921320915,0.8471700549125671,0.8845936059951782,0.9100952744483948,0.01088857650756836,0.8471700549125671,0.0
1,4096,transformer.h.4.mlp.w1.weight,transformer.h.4.mlp.w1.weight,"[1024, 384]",fixed_4,4,0.867459774017334,0.002505848417058587,0.013517675921320915,0.7842254638671875,0.815560519695282,0.867459774017334,0.01709669828414917,0.7842254638671875,0.0
1,4096,transformer.h.4.mlp.w1.weight,transformer.h.4.mlp.w1.weight,"[1024, 384]",fixed_8,8,0.8111543655395508,0.0027060960419476032,0.013517675921320915,0.7244013547897339,0.7616026401519775,0.8111543655395508,0.02369171380996704,0.7244013547897339,0.0
1,4096,transformer.h.4.mlp.w1.weight,transformer.h.4.mlp.w1.weight,"[1024, 384]",fixed_16,16,0.7352944016456604,0.002128449734300375,0.013517675921320915,0.641248345375061,0.6696791052818298,0.7352944016456604,0.032329261302948,0.641248345375061,0.0
1,4096,transformer.h.4.mlp.w1.weight,transformer.h.4.mlp.w1.weight,"[1024, 384]",energy_25,5,0.8506557941436768,0.0026669292710721493,0.013517675921320915,0.7678279280662537,0.7880687713623047,0.8506557941436768,0.01873195171356201,0.7678279280662537,0.0
1,4096,transformer.h.4.mlp.w1.weight,transformer.h.4.mlp.w1.weight,"[1024, 384]",energy_50,21,0.7005467414855957,0.001800432801246643,0.013517675921320915,0.6109312176704407,0.6387473940849304,0.7005467414855957,0.03604501485824585,0.6109312176704407,0.0
1,4096,transformer.h.4.mlp.w1.weight,transformer.h.4.mlp.w1.weight,"[1024, 384]",energy_75,69,0.4981626272201538,0.0011749425902962685,0.013517675921320915,0.41118189692497253,0.4379236698150635,0.4981626272201538,0.05438673496246338,0.41118189692497253,0.0
1,4096,transformer.h.4.mlp.w1.weight,transformer.h.4.mlp.w1.weight,"[1024, 384]",energy_90,150,0.31576767563819885,0.0006760118994861841,0.013517675921320915,0.24664251506328583,0.25937384366989136,0.31576767563819885,0.06596297025680542,0.24664251506328583,0.0
1,4096,transformer.h.4.mlp.w2.weight,transformer.h.4.mlp.w2.weight,"[1024, 384]",fixed_1,1,0.9565605521202087,0.004636692348867655,0.011807331815361977,0.9545376300811768,0.988071084022522,0.9565605521202087,0.002479374408721924,0.9545376300811768,0.0
1,4096,transformer.h.4.mlp.w2.weight,transformer.h.4.mlp.w2.weight,"[1024, 384]",fixed_2,2,0.916469931602478,0.004125058185309172,0.011807331815361977,0.8749800324440002,0.9412026405334473,0.916469931602478,0.009757578372955322,0.8749800324440002,0.0
1,4096,transformer.h.4.mlp.w2.weight,transformer.h.4.mlp.w2.weight,"[1024, 384]",fixed_4,4,0.873613178730011,0.002792088780552149,0.011807331815361977,0.8139672875404358,0.8865954279899597,0.873613178730011,0.015413343906402588,0.8139672875404358,0.0
1,4096,transformer.h.4.mlp.w2.weight,transformer.h.4.mlp.w2.weight,"[1024, 384]",fixed_8,8,0.8123410940170288,0.002503658179193735,0.011807331815361977,0.7369601130485535,0.7971060872077942,0.8123410940170288,0.0235784649848938,0.7369601130485535,0.0
1,4096,transformer.h.4.mlp.w2.weight,transformer.h.4.mlp.w2.weight,"[1024, 384]",fixed_16,16,0.7352464199066162,0.0018730751471593976,0.011807331815361977,0.6494073867797852,0.712462842464447,0.7352464199066162,0.03277552127838135,0.6494073867797852,0.0
1,4096,transformer.h.4.mlp.w2.weight,transformer.h.4.mlp.w2.weight,"[1024, 384]",energy_25,5,0.8540866374969482,0.0027147410437464714,0.011807331815361977,0.7815650105476379,0.8538550734519958,0.8540866374969482,0.018508434295654297,0.7815650105476379,0.0
1,4096,transformer.h.4.mlp.w2.weight,transformer.h.4.mlp.w2.weight,"[1024, 384]",energy_50,20,0.70531165599823,0.00210038130171597,0.011807331815361977,0.6244105100631714,0.6948695182800293,0.70531165599823,0.03589355945587158,0.6244105100631714,0.0
1,4096,transformer.h.4.mlp.w2.weight,transformer.h.4.mlp.w2.weight,"[1024, 384]",energy_75,67,0.4985855221748352,0.0011106921592727304,0.011807331815361977,0.4109419584274292,0.4530361592769623,0.4985855221748352,0.05586212873458862,0.4109419584274292,0.0
1,4096,transformer.h.4.mlp.w2.weight,transformer.h.4.mlp.w2.weight,"[1024, 384]",energy_90,147,0.31458109617233276,0.0006267188000492752,0.011807331815361977,0.24908310174942017,0.2760193347930908,0.31458109617233276,0.06766319274902344,0.24908310174942017,0.0
1,4096,transformer.h.4.mlp.c_proj.weight,transformer.h.4.mlp.c_proj.weight,"[384, 1024]",fixed_1,1,0.8981204032897949,0.020435865968465805,0.01941397227346897,0.9605430960655212,0.9324368834495544,0.8981204032897949,0.013523221015930176,0.9605430960655212,0.0
1,4096,transformer.h.4.mlp.c_proj.weight,transformer.h.4.mlp.c_proj.weight,"[384, 1024]",fixed_2,2,0.8493345975875854,0.008263315074145794,0.01941397227346897,0.575612485408783,0.6071765422821045,0.8493345975875854,0.036017537117004395,0.575612485408783,0.0
1,4096,transformer.h.4.mlp.c_proj.weight,transformer.h.4.mlp.c_proj.weight,"[384, 1024]",fixed_4,4,0.8194841742515564,0.005785242188721895,0.01941397227346897,0.5254843235015869,0.5637855529785156,0.8194841742515564,0.041262149810791016,0.5254843235015869,0.0
1,4096,transformer.h.4.mlp.c_proj.weight,transformer.h.4.mlp.c_proj.weight,"[384, 1024]",fixed_8,8,0.7745538353919983,0.004850440192967653,0.01941397227346897,0.47476014494895935,0.5131833553314209,0.7745538353919983,0.047598302364349365,0.47476014494895935,0.0
1,4096,transformer.h.4.mlp.c_proj.weight,transformer.h.4.mlp.c_proj.weight,"[384, 1024]",fixed_16,16,0.7124218940734863,0.004595309495925903,0.01941397227346897,0.4205712080001831,0.4579756557941437,0.7124218940734863,0.05512291193008423,0.4205712080001831,0.0
1,4096,transformer.h.4.mlp.c_proj.weight,transformer.h.4.mlp.c_proj.weight,"[384, 1024]",energy_25,2,0.8493345975875854,0.008263315074145794,0.01941397227346897,0.575612485408783,0.6071765422821045,0.8493345975875854,0.036017537117004395,0.575612485408783,0.0
1,4096,transformer.h.4.mlp.c_proj.weight,transformer.h.4.mlp.c_proj.weight,"[384, 1024]",energy_50,17,0.7058129906654358,0.004646232817322016,0.01941397227346897,0.41783562302589417,0.45264342427253723,0.7058129906654358,0.05566483736038208,0.41783562302589417,0.0
1,4096,transformer.h.4.mlp.c_proj.weight,transformer.h.4.mlp.c_proj.weight,"[384, 1024]",energy_75,69,0.498657763004303,0.0028300159610807896,0.01941397227346897,0.2706175744533539,0.29550057649612427,0.498657763004303,0.07449615001678467,0.2706175744533539,0.0
1,4096,transformer.h.4.mlp.c_proj.weight,transformer.h.4.mlp.c_proj.weight,"[384, 1024]",energy_90,156,0.3148176372051239,0.0014651708770543337,0.01941397227346897,0.15775138139724731,0.1713862270116806,0.3148176372051239,0.08571702241897583,0.15775138139724731,0.0
1,4096,transformer.h.5.attn.c_attn.weight,transformer.h.5.attn.c_attn.weight,"[1152, 384]",fixed_1,1,0.8826104998588562,0.003377204295247793,0.0038471748121082783,0.7603579759597778,0.8172031044960022,0.8826104998588562,0.037469446659088135,0.7603579759597778,0.6181942820549011
1,4096,transformer.h.5.attn.c_attn.weight,transformer.h.5.attn.c_attn.weight,"[1152, 384]",fixed_2,2,0.8023801445960999,0.0021222943905740976,0.0038471748121082783,0.6197858452796936,0.744733989238739,0.8023801445960999,0.06466412544250488,0.6197858452796936,0.6201313734054565
1,4096,transformer.h.5.attn.c_attn.weight,transformer.h.5.attn.c_attn.weight,"[1152, 384]",fixed_4,4,0.7217685580253601,0.0020611360669136047,0.0038471748121082783,0.520359992980957,0.7329483032226562,0.7217685580253601,0.09265363216400146,0.520359992980957,0.6196308732032776
1,4096,transformer.h.5.attn.c_attn.weight,transformer.h.5.attn.c_attn.weight,"[1152, 384]",fixed_8,8,0.6169795393943787,0.0014419988729059696,0.0038471748121082783,0.4263101816177368,0.6577571034431458,0.6169795393943787,0.13661623001098633,0.4263101816177368,0.6221018433570862
1,4096,transformer.h.5.attn.c_attn.weight,transformer.h.5.attn.c_attn.weight,"[1152, 384]",fixed_16,16,0.4836244285106659,0.0009384956210851669,0.0038471748121082783,0.32716184854507446,0.6037600040435791,0.4836244285106659,0.19451534748077393,0.32716184854507446,0.6245825886726379
1,4096,transformer.h.5.attn.c_attn.weight,transformer.h.5.attn.c_attn.weight,"[1152, 384]",energy_25,2,0.8023801445960999,0.0021222943905740976,0.0038471748121082783,0.6197858452796936,0.744733989238739,0.8023801445960999,0.06466412544250488,0.6197858452796936,0.6201313734054565
1,4096,transformer.h.5.attn.c_attn.weight,transformer.h.5.attn.c_attn.weight,"[1152, 384]",energy_50,5,0.6905003190040588,0.0015614854637533426,0.0038471748121082783,0.4883400499820709,0.7319591641426086,0.6905003190040588,0.10484081506729126,0.4883400499820709,0.6221057772636414
1,4096,transformer.h.5.attn.c_attn.weight,transformer.h.5.attn.c_attn.weight,"[1152, 384]",energy_75,15,0.4967268109321594,0.0010133059695363045,0.0038471748121082783,0.3328162431716919,0.6022466421127319,0.4967268109321594,0.18942034244537354,0.3328162431716919,0.6219787001609802
1,4096,transformer.h.5.attn.c_attn.weight,transformer.h.5.attn.c_attn.weight,"[1152, 384]",energy_90,36,0.3146536946296692,0.0006222684751264751,0.0038471748121082783,0.21997089684009552,0.5409159660339355,0.3146536946296692,0.2974201440811157,0.21997089684009552,0.6183361411094666
1,4096,transformer.h.5.attn.c_proj.weight,transformer.h.5.attn.c_proj.weight,"[384, 384]",fixed_1,1,0.8719022870063782,0.0038176579400897026,0.004142712336033583,0.8795085549354553,0.905181348323822,0.8719022870063782,0.02446216344833374,0.8795085549354553,0.5953235030174255
1,4096,transformer.h.5.attn.c_proj.weight,transformer.h.5.attn.c_proj.weight,"[384, 384]",fixed_2,2,0.7749205231666565,0.002680279314517975,0.004142712336033583,0.7462204098701477,0.7670004367828369,0.7749205231666565,0.05523771047592163,0.7462204098701477,0.5982487797737122
1,4096,transformer.h.5.attn.c_proj.weight,transformer.h.5.attn.c_proj.weight,"[384, 384]",fixed_4,4,0.7207514643669128,0.002341153332963586,0.004142712336033583,0.6891053318977356,0.7171857953071594,0.7207514643669128,0.06921547651290894,0.6891053318977356,0.6044043302536011
1,4096,transformer.h.5.attn.c_proj.weight,transformer.h.5.attn.c_proj.weight,"[384, 384]",fixed_8,8,0.6346927881240845,0.002025758381932974,0.004142712336033583,0.6042966842651367,0.6236962676048279,0.6346927881240845,0.09737950563430786,0.6042966842651367,0.6061655879020691
1,4096,transformer.h.5.attn.c_proj.weight,transformer.h.5.attn.c_proj.weight,"[384, 384]",fixed_16,16,0.5217466950416565,0.0015947793144732714,0.004142712336033583,0.4939570128917694,0.517004132270813,0.5217466950416565,0.146611750125885,0.4939570128917694,0.6038124561309814
1,4096,transformer.h.5.attn.c_proj.weight,transformer.h.5.attn.c_proj.weight,"[384, 384]",energy_25,2,0.7749205231666565,0.002680279314517975,0.004142712336033583,0.7462204098701477,0.7670004367828369,0.7749205231666565,0.05523771047592163,0.7462204098701477,0.5982487797737122
1,4096,transformer.h.5.attn.c_proj.weight,transformer.h.5.attn.c_proj.weight,"[384, 384]",energy_50,5,0.6965675354003906,0.002280443673953414,0.004142712336033583,0.6676304936408997,0.6895037293434143,0.6965675354003906,0.07570916414260864,0.6676304936408997,0.6063286066055298
1,4096,transformer.h.5.attn.c_proj.weight,transformer.h.5.attn.c_proj.weight,"[384, 384]",energy_75,19,0.49269768595695496,0.0015640618512406945,0.004142712336033583,0.4664418697357178,0.49355655908584595,0.49269768595695496,0.1575392484664917,0.4664418697357178,0.6018202900886536
1,4096,transformer.h.5.attn.c_proj.weight,transformer.h.5.attn.c_proj.weight,"[384, 384]",energy_90,46,0.3153693974018097,0.001082231174223125,0.004142712336033583,0.29734641313552856,0.3065870404243469,0.3153693974018097,0.2515191435813904,0.29734641313552856,0.6033132672309875
1,4096,transformer.h.5.mlp.w1.weight,transformer.h.5.mlp.w1.weight,"[1024, 384]",fixed_1,1,0.9073224067687988,0.010969552211463451,0.014280324801802635,0.9427413940429688,0.9705782532691956,0.9073224067687988,0.0039556026458740234,0.9427413940429688,0.0
1,4096,transformer.h.5.mlp.w1.weight,transformer.h.5.mlp.w1.weight,"[1024, 384]",fixed_2,2,0.8591300845146179,0.007439949084073305,0.014280324801802635,0.817923903465271,0.8465479612350464,0.8591300845146179,0.01353985071182251,0.817923903465271,0.0
1,4096,transformer.h.5.mlp.w1.weight,transformer.h.5.mlp.w1.weight,"[1024, 384]",fixed_4,4,0.8159343004226685,0.0061561898328363895,0.014280324801802635,0.7060165405273438,0.7211781740188599,0.8159343004226685,0.023684978485107422,0.7060165405273438,0.0
1,4096,transformer.h.5.mlp.w1.weight,transformer.h.5.mlp.w1.weight,"[1024, 384]",fixed_8,8,0.7497525215148926,0.003430854296311736,0.014280324801802635,0.5898648500442505,0.6431130766868591,0.7497525215148926,0.03514987230300903,0.5898648500442505,0.0
1,4096,transformer.h.5.mlp.w1.weight,transformer.h.5.mlp.w1.weight,"[1024, 384]",fixed_16,16,0.6678634881973267,0.002748668659478426,0.014280324801802635,0.48960044980049133,0.5402395129203796,0.6678634881973267,0.046962618827819824,0.48960044980049133,0.0
1,4096,transformer.h.5.mlp.w1.weight,transformer.h.5.mlp.w1.weight,"[1024, 384]",energy_25,2,0.8591300845146179,0.007439949084073305,0.014280324801802635,0.817923903465271,0.8465479612350464,0.8591300845146179,0.01353985071182251,0.817923903465271,0.0
1,4096,transformer.h.5.mlp.w1.weight,transformer.h.5.mlp.w1.weight,"[1024, 384]",energy_50,12,0.7036232352256775,0.0030309169087558985,0.014280324801802635,0.5353185534477234,0.5814178586006165,0.7036232352256775,0.04209417104721069,0.5353185534477234,0.0
1,4096,transformer.h.5.mlp.w1.weight,transformer.h.5.mlp.w1.weight,"[1024, 384]",energy_75,50,0.4974554777145386,0.0014222186291590333,0.014280324801802635,0.34273841977119446,0.39553165435791016,0.4974554777145386,0.06599181890487671,0.34273841977119446,0.0
1,4096,transformer.h.5.mlp.w1.weight,transformer.h.5.mlp.w1.weight,"[1024, 384]",energy_90,125,0.3150003254413605,0.0007479969644919038,0.014280324801802635,0.20662064850330353,0.24159324169158936,0.3150003254413605,0.08060967922210693,0.20662064850330353,0.0
1,4096,transformer.h.5.mlp.w2.weight,transformer.h.5.mlp.w2.weight,"[1024, 384]",fixed_1,1,0.9279972910881042,0.008668498136103153,0.013001853600144386,0.9406406283378601,0.9715614914894104,0.9279972910881042,0.0047299861907958984,0.9406406283378601,0.0
1,4096,transformer.h.5.mlp.w2.weight,transformer.h.5.mlp.w2.weight,"[1024, 384]",fixed_2,2,0.8871979713439941,0.006141789723187685,0.013001853600144386,0.8301243782043457,0.8485945463180542,0.8871979713439941,0.01423412561416626,0.8301243782043457,0.0
1,4096,transformer.h.5.mlp.w2.weight,transformer.h.5.mlp.w2.weight,"[1024, 384]",fixed_4,4,0.8390443921089172,0.0047693816013634205,0.013001853600144386,0.716246485710144,0.7522113919258118,0.8390443921089172,0.024115145206451416,0.716246485710144,0.0
1,4096,transformer.h.5.mlp.w2.weight,transformer.h.5.mlp.w2.weight,"[1024, 384]",fixed_8,8,0.7728795409202576,0.003033555345609784,0.013001853600144386,0.6075032353401184,0.662799060344696,0.7728795409202576,0.03479498624801636,0.6075032353401184,0.0
1,4096,transformer.h.5.mlp.w2.weight,transformer.h.5.mlp.w2.weight,"[1024, 384]",fixed_16,16,0.6892097592353821,0.0028683780692517757,0.013001853600144386,0.5115352272987366,0.5692901611328125,0.6892097592353821,0.04688495397567749,0.5115352272987366,0.0
1,4096,transformer.h.5.mlp.w2.weight,transformer.h.5.mlp.w2.weight,"[1024, 384]",energy_25,3,0.8608542680740356,0.005858754739165306,0.013001853600144386,0.7753833532333374,0.8180846571922302,0.8608542680740356,0.018885552883148193,0.7753833532333374,0.0
1,4096,transformer.h.5.mlp.w2.weight,transformer.h.5.mlp.w2.weight,"[1024, 384]",energy_50,14,0.7061042189598083,0.0026936917565762997,0.013001853600144386,0.5242961049079895,0.5804333686828613,0.7061042189598083,0.04486262798309326,0.5242961049079895,0.0
1,4096,transformer.h.5.mlp.w2.weight,transformer.h.5.mlp.w2.weight,"[1024, 384]",energy_75,54,0.4980720579624176,0.001317276619374752,0.013001853600144386,0.34161627292633057,0.3901940882205963,0.4980720579624176,0.06801241636276245,0.34161627292633057,0.0
1,4096,transformer.h.5.mlp.w2.weight,transformer.h.5.mlp.w2.weight,"[1024, 384]",energy_90,130,0.31529825925827026,0.0007148517179302871,0.013001853600144386,0.20435453951358795,0.23440909385681152,0.31529825925827026,0.08206051588058472,0.20435453951358795,0.0
1,4096,transformer.h.5.mlp.c_proj.weight,transformer.h.5.mlp.c_proj.weight,"[384, 1024]",fixed_1,1,0.7182120680809021,0.011578148230910301,0.021091438829898834,0.8108311891555786,0.8135075569152832,0.7182120680809021,0.04760873317718506,0.8108311891555786,0.02613203413784504
1,4096,transformer.h.5.mlp.c_proj.weight,transformer.h.5.mlp.c_proj.weight,"[384, 1024]",fixed_2,2,0.6678392291069031,0.01016923226416111,0.021091438829898834,0.7027413845062256,0.7320896983146667,0.6678392291069031,0.0592426061630249,0.7027413845062256,0.024866415187716484
1,4096,transformer.h.5.mlp.c_proj.weight,transformer.h.5.mlp.c_proj.weight,"[384, 1024]",fixed_4,4,0.6317154765129089,0.008471842855215073,0.021091438829898834,0.6408271789550781,0.65468829870224,0.6317154765129089,0.06746309995651245,0.6408271789550781,0.025535238906741142
1,4096,transformer.h.5.mlp.c_proj.weight,transformer.h.5.mlp.c_proj.weight,"[384, 1024]",fixed_8,8,0.5789016485214233,0.008238682523369789,0.021091438829898834,0.5408424139022827,0.5497254133224487,0.5789016485214233,0.07977604866027832,0.5408424139022827,0.025271253660321236
1,4096,transformer.h.5.mlp.c_proj.weight,transformer.h.5.mlp.c_proj.weight,"[384, 1024]",fixed_16,16,0.5125491619110107,0.005701115820556879,0.021091438829898834,0.4237492084503174,0.4400634467601776,0.5125491619110107,0.09532856941223145,0.4237492084503174,0.025541499257087708
1,4096,transformer.h.5.mlp.c_proj.weight,transformer.h.5.mlp.c_proj.weight,"[384, 1024]",energy_25,1,0.7182120680809021,0.011578148230910301,0.021091438829898834,0.8108311891555786,0.8135075569152832,0.7182120680809021,0.04760873317718506,0.8108311891555786,0.02613203413784504
1,4096,transformer.h.5.mlp.c_proj.weight,transformer.h.5.mlp.c_proj.weight,"[384, 1024]",energy_50,2,0.6678392291069031,0.01016923226416111,0.021091438829898834,0.7027413845062256,0.7320896983146667,0.6678392291069031,0.0592426061630249,0.7027413845062256,0.024866415187716484
1,4096,transformer.h.5.mlp.c_proj.weight,transformer.h.5.mlp.c_proj.weight,"[384, 1024]",energy_75,19,0.4951286315917969,0.004852132871747017,0.021091438829898834,0.38806644082069397,0.40016162395477295,0.4951286315917969,0.09981215000152588,0.38806644082069397,0.025009185075759888
1,4096,transformer.h.5.mlp.c_proj.weight,transformer.h.5.mlp.c_proj.weight,"[384, 1024]",energy_90,80,0.3148810863494873,0.002636083634570241,0.021091438829898834,0.20163434743881226,0.2081073522567749,0.3148810863494873,0.12679523229599,0.20163434743881226,0.02569134347140789
