seed,update,parameter_id,parameter_name,shape,method,raw_relative_fro,raw_cosine,raw_relative_spectral
0,128,transformer.h.0.attn.c_attn.weight,transformer.h.0.attn.c_attn.weight,"(1152, 384)",direct_scalar_int4,0.17813079059123993,0.9841997623443604,0.03246210515499115
0,128,transformer.h.0.attn.c_attn.weight,transformer.h.0.attn.c_attn.weight,"(1152, 384)",structural_scalar_int3_p98_k8,0.12345220893621445,0.992354154586792,0.02292861044406891
0,128,transformer.h.0.attn.c_attn.weight,transformer.h.0.attn.c_attn.weight,"(1152, 384)",structural_int4_k8,0.08968377858400345,0.9959831237792969,0.015301285311579704
0,128,transformer.h.0.attn.c_attn.weight,transformer.h.0.attn.c_attn.weight,"(1152, 384)",structural_vq64_int3_k8,0.09249845147132874,0.9957228899002075,0.021591443568468094
0,128,transformer.h.0.attn.c_proj.weight,transformer.h.0.attn.c_proj.weight,"(384, 384)",direct_scalar_int4,0.1900058537721634,0.9819840788841248,0.04078209400177002
0,128,transformer.h.0.attn.c_proj.weight,transformer.h.0.attn.c_proj.weight,"(384, 384)",structural_scalar_int3_p98_k8,0.12062928825616837,0.9927030205726624,0.02219201810657978
0,128,transformer.h.0.attn.c_proj.weight,transformer.h.0.attn.c_proj.weight,"(384, 384)",structural_int4_k8,0.08723220229148865,0.9961995482444763,0.01535462774336338
0,128,transformer.h.0.attn.c_proj.weight,transformer.h.0.attn.c_proj.weight,"(384, 384)",structural_vq64_int3_k8,0.08977789431810379,0.9959715604782104,0.020876897498965263
0,128,transformer.h.0.mlp.w1.weight,transformer.h.0.mlp.w1.weight,"(1024, 384)",direct_scalar_int4,0.18733878433704376,0.9824832677841187,0.0358700193464756
0,128,transformer.h.0.mlp.w1.weight,transformer.h.0.mlp.w1.weight,"(1024, 384)",structural_scalar_int3_p98_k8,0.15957117080688477,0.9871945977210999,0.03225821629166603
0,128,transformer.h.0.mlp.w1.weight,transformer.h.0.mlp.w1.weight,"(1024, 384)",structural_int4_k8,0.12016616761684418,0.9927871227264404,0.022015804424881935
0,128,transformer.h.0.mlp.w1.weight,transformer.h.0.mlp.w1.weight,"(1024, 384)",structural_vq64_int3_k8,0.1290288269519806,0.9917010068893433,0.03248281031847
0,128,transformer.h.0.mlp.w2.weight,transformer.h.0.mlp.w2.weight,"(1024, 384)",direct_scalar_int4,0.18681688606739044,0.9825871586799622,0.03536192327737808
0,128,transformer.h.0.mlp.w2.weight,transformer.h.0.mlp.w2.weight,"(1024, 384)",structural_scalar_int3_p98_k8,0.1616254299879074,0.9868594408035278,0.035715896636247635
0,128,transformer.h.0.mlp.w2.weight,transformer.h.0.mlp.w2.weight,"(1024, 384)",structural_int4_k8,0.12125169485807419,0.9926502704620361,0.022174062207341194
0,128,transformer.h.0.mlp.w2.weight,transformer.h.0.mlp.w2.weight,"(1024, 384)",structural_vq64_int3_k8,0.13083061575889587,0.9914681315422058,0.036864832043647766
0,128,transformer.h.0.mlp.c_proj.weight,transformer.h.0.mlp.c_proj.weight,"(384, 1024)",direct_scalar_int4,0.22116975486278534,0.9754047393798828,0.055172935128211975
0,128,transformer.h.0.mlp.c_proj.weight,transformer.h.0.mlp.c_proj.weight,"(384, 1024)",structural_scalar_int3_p98_k8,0.1827578842639923,0.9831805229187012,0.10199843347072601
0,128,transformer.h.0.mlp.c_proj.weight,transformer.h.0.mlp.c_proj.weight,"(384, 1024)",structural_int4_k8,0.1446291208267212,0.9895277619361877,0.03271540254354477
0,128,transformer.h.0.mlp.c_proj.weight,transformer.h.0.mlp.c_proj.weight,"(384, 1024)",structural_vq64_int3_k8,0.15632538497447968,0.9878181219100952,0.10753732174634933
0,128,transformer.h.1.attn.c_attn.weight,transformer.h.1.attn.c_attn.weight,"(1152, 384)",direct_scalar_int4,0.18376359343528748,0.9831402897834778,0.03717680275440216
0,128,transformer.h.1.attn.c_attn.weight,transformer.h.1.attn.c_attn.weight,"(1152, 384)",structural_scalar_int3_p98_k8,0.12626983225345612,0.9919979572296143,0.02593192085623741
0,128,transformer.h.1.attn.c_attn.weight,transformer.h.1.attn.c_attn.weight,"(1152, 384)",structural_int4_k8,0.09265954047441483,0.9957114458084106,0.01664293371140957
0,128,transformer.h.1.attn.c_attn.weight,transformer.h.1.attn.c_attn.weight,"(1152, 384)",structural_vq64_int3_k8,0.09526337683200836,0.9954648613929749,0.02528231218457222
0,128,transformer.h.1.attn.c_proj.weight,transformer.h.1.attn.c_proj.weight,"(384, 384)",direct_scalar_int4,0.18688231706619263,0.9825795888900757,0.03456293046474457
0,128,transformer.h.1.attn.c_proj.weight,transformer.h.1.attn.c_proj.weight,"(384, 384)",structural_scalar_int3_p98_k8,0.12070050835609436,0.9926941394805908,0.021791668608784676
0,128,transformer.h.1.attn.c_proj.weight,transformer.h.1.attn.c_proj.weight,"(384, 384)",structural_int4_k8,0.08824409544467926,0.9961189031600952,0.014491976238787174
0,128,transformer.h.1.attn.c_proj.weight,transformer.h.1.attn.c_proj.weight,"(384, 384)",structural_vq64_int3_k8,0.08981438726186752,0.9959644079208374,0.019691552966833115
0,128,transformer.h.1.mlp.w1.weight,transformer.h.1.mlp.w1.weight,"(1024, 384)",direct_scalar_int4,0.19061550498008728,0.9818563461303711,0.06311899423599243
0,128,transformer.h.1.mlp.w1.weight,transformer.h.1.mlp.w1.weight,"(1024, 384)",structural_scalar_int3_p98_k8,0.15495607256889343,0.9879303574562073,0.04506009817123413
0,128,transformer.h.1.mlp.w1.weight,transformer.h.1.mlp.w1.weight,"(1024, 384)",structural_int4_k8,0.11660617589950562,0.9932026863098145,0.024921419098973274
0,128,transformer.h.1.mlp.w1.weight,transformer.h.1.mlp.w1.weight,"(1024, 384)",structural_vq64_int3_k8,0.12973099946975708,0.9916114807128906,0.048054035753011703
0,128,transformer.h.1.mlp.w2.weight,transformer.h.1.mlp.w2.weight,"(1024, 384)",direct_scalar_int4,0.19078850746154785,0.9818306565284729,0.05757696554064751
0,128,transformer.h.1.mlp.w2.weight,transformer.h.1.mlp.w2.weight,"(1024, 384)",structural_scalar_int3_p98_k8,0.15825068950653076,0.9874066114425659,0.042858920991420746
0,128,transformer.h.1.mlp.w2.weight,transformer.h.1.mlp.w2.weight,"(1024, 384)",structural_int4_k8,0.11915163695812225,0.9929080605506897,0.027782954275608063
0,128,transformer.h.1.mlp.w2.weight,transformer.h.1.mlp.w2.weight,"(1024, 384)",structural_vq64_int3_k8,0.13345330953598022,0.9911222457885742,0.04584861546754837
0,128,transformer.h.1.mlp.c_proj.weight,transformer.h.1.mlp.c_proj.weight,"(384, 1024)",direct_scalar_int4,0.2299676388502121,0.9732839465141296,0.06849146634340286
0,128,transformer.h.1.mlp.c_proj.weight,transformer.h.1.mlp.c_proj.weight,"(384, 1024)",structural_scalar_int3_p98_k8,0.18143658339977264,0.9834445714950562,0.09042415767908096
0,128,transformer.h.1.mlp.c_proj.weight,transformer.h.1.mlp.c_proj.weight,"(384, 1024)",structural_int4_k8,0.14048852026462555,0.9901220798492432,0.03503543138504028
0,128,transformer.h.1.mlp.c_proj.weight,transformer.h.1.mlp.c_proj.weight,"(384, 1024)",structural_vq64_int3_k8,0.16119685769081116,0.987070620059967,0.10012561082839966
0,128,transformer.h.2.attn.c_attn.weight,transformer.h.2.attn.c_attn.weight,"(1152, 384)",direct_scalar_int4,0.18812666833400726,0.9823247194290161,0.03262462839484215
0,128,transformer.h.2.attn.c_attn.weight,transformer.h.2.attn.c_attn.weight,"(1152, 384)",structural_scalar_int3_p98_k8,0.12234190851449966,0.9924931526184082,0.02178262360394001
0,128,transformer.h.2.attn.c_attn.weight,transformer.h.2.attn.c_attn.weight,"(1152, 384)",structural_int4_k8,0.08882353454828262,0.996066689491272,0.014368649572134018
0,128,transformer.h.2.attn.c_attn.weight,transformer.h.2.attn.c_attn.weight,"(1152, 384)",structural_vq64_int3_k8,0.09118735045194626,0.9958410263061523,0.02206806279718876
0,128,transformer.h.2.attn.c_proj.weight,transformer.h.2.attn.c_proj.weight,"(384, 384)",direct_scalar_int4,0.1924431174993515,0.9815079569816589,0.03988077864050865
0,128,transformer.h.2.attn.c_proj.weight,transformer.h.2.attn.c_proj.weight,"(384, 384)",structural_scalar_int3_p98_k8,0.11938813328742981,0.9928563833236694,0.0200952235609293
0,128,transformer.h.2.attn.c_proj.weight,transformer.h.2.attn.c_proj.weight,"(384, 384)",structural_int4_k8,0.08672954142093658,0.9962503910064697,0.013879742473363876
0,128,transformer.h.2.attn.c_proj.weight,transformer.h.2.attn.c_proj.weight,"(384, 384)",structural_vq64_int3_k8,0.08916507661342621,0.996020495891571,0.018433792516589165
0,128,transformer.h.2.mlp.w1.weight,transformer.h.2.mlp.w1.weight,"(1024, 384)",direct_scalar_int4,0.19071868062019348,0.9818148612976074,0.038709841668605804
0,128,transformer.h.2.mlp.w1.weight,transformer.h.2.mlp.w1.weight,"(1024, 384)",structural_scalar_int3_p98_k8,0.14762519299983978,0.9890523552894592,0.0337454192340374
0,128,transformer.h.2.mlp.w1.weight,transformer.h.2.mlp.w1.weight,"(1024, 384)",structural_int4_k8,0.11002586781978607,0.9939598441123962,0.019640950486063957
0,128,transformer.h.2.mlp.w1.weight,transformer.h.2.mlp.w1.weight,"(1024, 384)",structural_vq64_int3_k8,0.12441134452819824,0.9922813773155212,0.03618116304278374
0,128,transformer.h.2.mlp.w2.weight,transformer.h.2.mlp.w2.weight,"(1024, 384)",direct_scalar_int4,0.19136880338191986,0.9817338585853577,0.0375744104385376
0,128,transformer.h.2.mlp.w2.weight,transformer.h.2.mlp.w2.weight,"(1024, 384)",structural_scalar_int3_p98_k8,0.14708571135997772,0.9891306161880493,0.03287219628691673
0,128,transformer.h.2.mlp.w2.weight,transformer.h.2.mlp.w2.weight,"(1024, 384)",structural_int4_k8,0.1101597249507904,0.993939995765686,0.01912131905555725
0,128,transformer.h.2.mlp.w2.weight,transformer.h.2.mlp.w2.weight,"(1024, 384)",structural_vq64_int3_k8,0.12469501793384552,0.9922486543655396,0.03717518225312233
0,128,transformer.h.2.mlp.c_proj.weight,transformer.h.2.mlp.c_proj.weight,"(384, 1024)",direct_scalar_int4,0.22534488141536713,0.9743679761886597,0.056361738592386246
0,128,transformer.h.2.mlp.c_proj.weight,transformer.h.2.mlp.c_proj.weight,"(384, 1024)",structural_scalar_int3_p98_k8,0.1735531985759735,0.9848586916923523,0.08213174343109131
0,128,transformer.h.2.mlp.c_proj.weight,transformer.h.2.mlp.c_proj.weight,"(384, 1024)",structural_int4_k8,0.13327756524085999,0.9911126494407654,0.028815170750021935
0,128,transformer.h.2.mlp.c_proj.weight,transformer.h.2.mlp.c_proj.weight,"(384, 1024)",structural_vq64_int3_k8,0.1534251719713211,0.988277018070221,0.08869975060224533
0,128,transformer.h.3.attn.c_attn.weight,transformer.h.3.attn.c_attn.weight,"(1152, 384)",direct_scalar_int4,0.1992119997739792,0.9801382422447205,0.0373617485165596
0,128,transformer.h.3.attn.c_attn.weight,transformer.h.3.attn.c_attn.weight,"(1152, 384)",structural_scalar_int3_p98_k8,0.10890282690525055,0.9940544366836548,0.01675085909664631
0,128,transformer.h.3.attn.c_attn.weight,transformer.h.3.attn.c_attn.weight,"(1152, 384)",structural_int4_k8,0.07979916036128998,0.9968165159225464,0.011583044193685055
0,128,transformer.h.3.attn.c_attn.weight,transformer.h.3.attn.c_attn.weight,"(1152, 384)",structural_vq64_int3_k8,0.08179736882448196,0.996657133102417,0.015662018209695816
0,128,transformer.h.3.attn.c_proj.weight,transformer.h.3.attn.c_proj.weight,"(384, 384)",direct_scalar_int4,0.19287680089473724,0.9814147353172302,0.033533286303281784
0,128,transformer.h.3.attn.c_proj.weight,transformer.h.3.attn.c_proj.weight,"(384, 384)",structural_scalar_int3_p98_k8,0.11113005876541138,0.9938101768493652,0.01765470951795578
0,128,transformer.h.3.attn.c_proj.weight,transformer.h.3.attn.c_proj.weight,"(384, 384)",structural_int4_k8,0.08121980726718903,0.9967048168182373,0.012178722769021988
0,128,transformer.h.3.attn.c_proj.weight,transformer.h.3.attn.c_proj.weight,"(384, 384)",structural_vq64_int3_k8,0.08260025084018707,0.996589183807373,0.0162986870855093
0,128,transformer.h.3.mlp.w1.weight,transformer.h.3.mlp.w1.weight,"(1024, 384)",direct_scalar_int4,0.18826396763324738,0.9823281764984131,0.052278876304626465
0,128,transformer.h.3.mlp.w1.weight,transformer.h.3.mlp.w1.weight,"(1024, 384)",structural_scalar_int3_p98_k8,0.13561290502548218,0.9907709360122681,0.03205181658267975
0,128,transformer.h.3.mlp.w1.weight,transformer.h.3.mlp.w1.weight,"(1024, 384)",structural_int4_k8,0.1019948348402977,0.9948019981384277,0.01685817539691925
0,128,transformer.h.3.mlp.w1.weight,transformer.h.3.mlp.w1.weight,"(1024, 384)",structural_vq64_int3_k8,0.11287729442119598,0.9936567544937134,0.035812750458717346
0,128,transformer.h.3.mlp.w2.weight,transformer.h.3.mlp.w2.weight,"(1024, 384)",direct_scalar_int4,0.18625923991203308,0.9826819896697998,0.08306185901165009
0,128,transformer.h.3.mlp.w2.weight,transformer.h.3.mlp.w2.weight,"(1024, 384)",structural_scalar_int3_p98_k8,0.13347579538822174,0.9910631775856018,0.03345295414328575
0,128,transformer.h.3.mlp.w2.weight,transformer.h.3.mlp.w2.weight,"(1024, 384)",structural_int4_k8,0.0996091291308403,0.9950427412986755,0.016757642850279808
0,128,transformer.h.3.mlp.w2.weight,transformer.h.3.mlp.w2.weight,"(1024, 384)",structural_vq64_int3_k8,0.11370863020420074,0.9935629367828369,0.03711454197764397
0,128,transformer.h.3.mlp.c_proj.weight,transformer.h.3.mlp.c_proj.weight,"(384, 1024)",direct_scalar_int4,0.22489292919635773,0.9744769334793091,0.052779052406549454
0,128,transformer.h.3.mlp.c_proj.weight,transformer.h.3.mlp.c_proj.weight,"(384, 1024)",structural_scalar_int3_p98_k8,0.15853168070316315,0.9873701333999634,0.04843682050704956
0,128,transformer.h.3.mlp.c_proj.weight,transformer.h.3.mlp.c_proj.weight,"(384, 1024)",structural_int4_k8,0.12350812554359436,0.9923655986785889,0.0207603070884943
0,128,transformer.h.3.mlp.c_proj.weight,transformer.h.3.mlp.c_proj.weight,"(384, 1024)",structural_vq64_int3_k8,0.13607104122638702,0.990777850151062,0.05234918370842934
0,128,transformer.h.4.attn.c_attn.weight,transformer.h.4.attn.c_attn.weight,"(1152, 384)",direct_scalar_int4,0.18866373598575592,0.9822251200675964,0.033300548791885376
0,128,transformer.h.4.attn.c_attn.weight,transformer.h.4.attn.c_attn.weight,"(1152, 384)",structural_scalar_int3_p98_k8,0.09470438212156296,0.9955083131790161,0.014321401715278625
0,128,transformer.h.4.attn.c_attn.weight,transformer.h.4.attn.c_attn.weight,"(1152, 384)",structural_int4_k8,0.06992745399475098,0.9975571632385254,0.009344260208308697
0,128,transformer.h.4.attn.c_attn.weight,transformer.h.4.attn.c_attn.weight,"(1152, 384)",structural_vq64_int3_k8,0.07101066410541534,0.9974817633628845,0.014602836221456528
0,128,transformer.h.4.attn.c_proj.weight,transformer.h.4.attn.c_proj.weight,"(384, 384)",direct_scalar_int4,0.19307395815849304,0.98135906457901,0.03233658894896507
0,128,transformer.h.4.attn.c_proj.weight,transformer.h.4.attn.c_proj.weight,"(384, 384)",structural_scalar_int3_p98_k8,0.10013327747583389,0.9949758052825928,0.01707504317164421
0,128,transformer.h.4.attn.c_proj.weight,transformer.h.4.attn.c_proj.weight,"(384, 384)",structural_int4_k8,0.0743878111243248,0.9972332119941711,0.010657662525773048
0,128,transformer.h.4.attn.c_proj.weight,transformer.h.4.attn.c_proj.weight,"(384, 384)",structural_vq64_int3_k8,0.07522372156381607,0.997176468372345,0.01766366884112358
0,128,transformer.h.4.mlp.w1.weight,transformer.h.4.mlp.w1.weight,"(1024, 384)",direct_scalar_int4,0.18852896988391876,0.9822323322296143,0.048562198877334595
0,128,transformer.h.4.mlp.w1.weight,transformer.h.4.mlp.w1.weight,"(1024, 384)",structural_scalar_int3_p98_k8,0.1275763064622879,0.9918366074562073,0.025384599342942238
0,128,transformer.h.4.mlp.w1.weight,transformer.h.4.mlp.w1.weight,"(1024, 384)",structural_int4_k8,0.09546608477830887,0.995453417301178,0.014943339861929417
0,128,transformer.h.4.mlp.w1.weight,transformer.h.4.mlp.w1.weight,"(1024, 384)",structural_vq64_int3_k8,0.10650724917650223,0.99433833360672,0.027649397030472755
0,128,transformer.h.4.mlp.w2.weight,transformer.h.4.mlp.w2.weight,"(1024, 384)",direct_scalar_int4,0.18941837549209595,0.9820935130119324,0.036562517285346985
0,128,transformer.h.4.mlp.w2.weight,transformer.h.4.mlp.w2.weight,"(1024, 384)",structural_scalar_int3_p98_k8,0.13297167420387268,0.9911249279975891,0.02958984673023224
0,128,transformer.h.4.mlp.w2.weight,transformer.h.4.mlp.w2.weight,"(1024, 384)",structural_int4_k8,0.09967303276062012,0.9950389862060547,0.015644535422325134
0,128,transformer.h.4.mlp.w2.weight,transformer.h.4.mlp.w2.weight,"(1024, 384)",structural_vq64_int3_k8,0.11238840222358704,0.9936966896057129,0.03208155930042267
0,128,transformer.h.4.mlp.c_proj.weight,transformer.h.4.mlp.c_proj.weight,"(384, 1024)",direct_scalar_int4,0.21865621209144592,0.9759160876274109,0.045463476330041885
0,128,transformer.h.4.mlp.c_proj.weight,transformer.h.4.mlp.c_proj.weight,"(384, 1024)",structural_scalar_int3_p98_k8,0.15082891285419464,0.9885827302932739,0.0410066656768322
0,128,transformer.h.4.mlp.c_proj.weight,transformer.h.4.mlp.c_proj.weight,"(384, 1024)",structural_int4_k8,0.1172843798995018,0.9931188821792603,0.0179113931953907
0,128,transformer.h.4.mlp.c_proj.weight,transformer.h.4.mlp.c_proj.weight,"(384, 1024)",structural_vq64_int3_k8,0.13157592713832855,0.9913756847381592,0.046071846038103104
0,128,transformer.h.5.attn.c_attn.weight,transformer.h.5.attn.c_attn.weight,"(1152, 384)",direct_scalar_int4,0.1879076510667801,0.9823611378669739,0.03077087365090847
0,128,transformer.h.5.attn.c_attn.weight,transformer.h.5.attn.c_attn.weight,"(1152, 384)",structural_scalar_int3_p98_k8,0.08215178549289703,0.9966248869895935,0.011640781536698341
0,128,transformer.h.5.attn.c_attn.weight,transformer.h.5.attn.c_attn.weight,"(1152, 384)",structural_int4_k8,0.06055028736591339,0.9981720447540283,0.007736389059573412
0,128,transformer.h.5.attn.c_attn.weight,transformer.h.5.attn.c_attn.weight,"(1152, 384)",structural_vq64_int3_k8,0.06172851473093033,0.9980949759483337,0.01106933318078518
0,128,transformer.h.5.attn.c_proj.weight,transformer.h.5.attn.c_proj.weight,"(384, 384)",direct_scalar_int4,0.18804746866226196,0.9823344349861145,0.031157517805695534
0,128,transformer.h.5.attn.c_proj.weight,transformer.h.5.attn.c_proj.weight,"(384, 384)",structural_scalar_int3_p98_k8,0.07654991000890732,0.9970696568489075,0.010835223831236362
0,128,transformer.h.5.attn.c_proj.weight,transformer.h.5.attn.c_proj.weight,"(384, 384)",structural_int4_k8,0.05666500702500343,0.998401403427124,0.007329022046178579
0,128,transformer.h.5.attn.c_proj.weight,transformer.h.5.attn.c_proj.weight,"(384, 384)",structural_vq64_int3_k8,0.057595498859882355,0.9983416795730591,0.011050497181713581
0,128,transformer.h.5.mlp.w1.weight,transformer.h.5.mlp.w1.weight,"(1024, 384)",direct_scalar_int4,0.18690404295921326,0.9825519919395447,0.043203357607126236
0,128,transformer.h.5.mlp.w1.weight,transformer.h.5.mlp.w1.weight,"(1024, 384)",structural_scalar_int3_p98_k8,0.1165764257311821,0.9931900501251221,0.021747909486293793
0,128,transformer.h.5.mlp.w1.weight,transformer.h.5.mlp.w1.weight,"(1024, 384)",structural_int4_k8,0.08696470409631729,0.9962262511253357,0.013036420568823814
0,128,transformer.h.5.mlp.w1.weight,transformer.h.5.mlp.w1.weight,"(1024, 384)",structural_vq64_int3_k8,0.09574092924594879,0.9954301118850708,0.022582994773983955
0,128,transformer.h.5.mlp.w2.weight,transformer.h.5.mlp.w2.weight,"(1024, 384)",direct_scalar_int4,0.18789219856262207,0.9823580980300903,0.036292172968387604
0,128,transformer.h.5.mlp.w2.weight,transformer.h.5.mlp.w2.weight,"(1024, 384)",structural_scalar_int3_p98_k8,0.11965257674455643,0.9928233027458191,0.021550007164478302
0,128,transformer.h.5.mlp.w2.weight,transformer.h.5.mlp.w2.weight,"(1024, 384)",structural_int4_k8,0.08913823962211609,0.9960394501686096,0.01390435267239809
0,128,transformer.h.5.mlp.w2.weight,transformer.h.5.mlp.w2.weight,"(1024, 384)",structural_vq64_int3_k8,0.09850992262363434,0.9951558709144592,0.023597989231348038
0,128,transformer.h.5.mlp.c_proj.weight,transformer.h.5.mlp.c_proj.weight,"(384, 1024)",direct_scalar_int4,0.22857670485973358,0.9736018776893616,0.052899070084095
0,128,transformer.h.5.mlp.c_proj.weight,transformer.h.5.mlp.c_proj.weight,"(384, 1024)",structural_scalar_int3_p98_k8,0.13955779373645782,0.9902290105819702,0.039031822234392166
0,128,transformer.h.5.mlp.c_proj.weight,transformer.h.5.mlp.c_proj.weight,"(384, 1024)",structural_int4_k8,0.1089811846613884,0.9940619468688965,0.014866530895233154
0,128,transformer.h.5.mlp.c_proj.weight,transformer.h.5.mlp.c_proj.weight,"(384, 1024)",structural_vq64_int3_k8,0.11991719901561737,0.992831826210022,0.04293404147028923
0,512,transformer.h.0.attn.c_attn.weight,transformer.h.0.attn.c_attn.weight,"(1152, 384)",direct_scalar_int4,0.182791069149971,0.9833477735519409,0.03757994994521141
0,512,transformer.h.0.attn.c_attn.weight,transformer.h.0.attn.c_attn.weight,"(1152, 384)",structural_scalar_int3_p98_k8,0.12182578444480896,0.9925538301467896,0.024887755513191223
0,512,transformer.h.0.attn.c_attn.weight,transformer.h.0.attn.c_attn.weight,"(1152, 384)",structural_int4_k8,0.08863911777734756,0.9960740804672241,0.017032912001013756
0,512,transformer.h.0.attn.c_attn.weight,transformer.h.0.attn.c_attn.weight,"(1152, 384)",structural_vq64_int3_k8,0.09138248860836029,0.9958252906799316,0.021220186725258827
0,512,transformer.h.0.attn.c_proj.weight,transformer.h.0.attn.c_proj.weight,"(384, 384)",direct_scalar_int4,0.19148167967796326,0.9816882610321045,0.03939947858452797
0,512,transformer.h.0.attn.c_proj.weight,transformer.h.0.attn.c_proj.weight,"(384, 384)",structural_scalar_int3_p98_k8,0.12701423466205597,0.9919033646583557,0.024801835417747498
0,512,transformer.h.0.attn.c_proj.weight,transformer.h.0.attn.c_proj.weight,"(384, 384)",structural_int4_k8,0.09138479083776474,0.9958257675170898,0.017223665490746498
0,512,transformer.h.0.attn.c_proj.weight,transformer.h.0.attn.c_proj.weight,"(384, 384)",structural_vq64_int3_k8,0.09468501061201096,0.9955196976661682,0.022068168967962265
0,512,transformer.h.0.mlp.w1.weight,transformer.h.0.mlp.w1.weight,"(1024, 384)",direct_scalar_int4,0.187323197722435,0.9824904203414917,0.03582597151398659
0,512,transformer.h.0.mlp.w1.weight,transformer.h.0.mlp.w1.weight,"(1024, 384)",structural_scalar_int3_p98_k8,0.16980493068695068,0.9854840636253357,0.027439948171377182
0,512,transformer.h.0.mlp.w1.weight,transformer.h.0.mlp.w1.weight,"(1024, 384)",structural_int4_k8,0.12737543880939484,0.9918932318687439,0.018604887649416924
0,512,transformer.h.0.mlp.w1.weight,transformer.h.0.mlp.w1.weight,"(1024, 384)",structural_vq64_int3_k8,0.1349605917930603,0.9909098148345947,0.027296043932437897
0,512,transformer.h.0.mlp.w2.weight,transformer.h.0.mlp.w2.weight,"(1024, 384)",direct_scalar_int4,0.1891905814409256,0.9821022748947144,0.04583252593874931
0,512,transformer.h.0.mlp.w2.weight,transformer.h.0.mlp.w2.weight,"(1024, 384)",structural_scalar_int3_p98_k8,0.17368105053901672,0.9848088026046753,0.029895901679992676
0,512,transformer.h.0.mlp.w2.weight,transformer.h.0.mlp.w2.weight,"(1024, 384)",structural_int4_k8,0.13074806332588196,0.9914698600769043,0.020642058923840523
0,512,transformer.h.0.mlp.w2.weight,transformer.h.0.mlp.w2.weight,"(1024, 384)",structural_vq64_int3_k8,0.13921909034252167,0.9903299808502197,0.02832585573196411
0,512,transformer.h.0.mlp.c_proj.weight,transformer.h.0.mlp.c_proj.weight,"(384, 1024)",direct_scalar_int4,0.22068998217582703,0.9754934310913086,0.04936016723513603
0,512,transformer.h.0.mlp.c_proj.weight,transformer.h.0.mlp.c_proj.weight,"(384, 1024)",structural_scalar_int3_p98_k8,0.19570712745189667,0.980672299861908,0.05033402517437935
0,512,transformer.h.0.mlp.c_proj.weight,transformer.h.0.mlp.c_proj.weight,"(384, 1024)",structural_int4_k8,0.1525362879037857,0.9883642196655273,0.02896667644381523
0,512,transformer.h.0.mlp.c_proj.weight,transformer.h.0.mlp.c_proj.weight,"(384, 1024)",structural_vq64_int3_k8,0.16109085083007812,0.9870550036430359,0.0524444617331028
0,512,transformer.h.1.attn.c_attn.weight,transformer.h.1.attn.c_attn.weight,"(1152, 384)",direct_scalar_int4,0.18704670667648315,0.9825369119644165,0.03515393286943436
0,512,transformer.h.1.attn.c_attn.weight,transformer.h.1.attn.c_attn.weight,"(1152, 384)",structural_scalar_int3_p98_k8,0.13068149983882904,0.991429328918457,0.024325966835021973
0,512,transformer.h.1.attn.c_attn.weight,transformer.h.1.attn.c_attn.weight,"(1152, 384)",structural_int4_k8,0.09472154825925827,0.9955177307128906,0.016551358625292778
0,512,transformer.h.1.attn.c_attn.weight,transformer.h.1.attn.c_attn.weight,"(1152, 384)",structural_vq64_int3_k8,0.09836453944444656,0.9951611757278442,0.022670356556773186
0,512,transformer.h.1.attn.c_proj.weight,transformer.h.1.attn.c_proj.weight,"(384, 384)",direct_scalar_int4,0.1844218522310257,0.9830532073974609,0.03126959502696991
0,512,transformer.h.1.attn.c_proj.weight,transformer.h.1.attn.c_proj.weight,"(384, 384)",structural_scalar_int3_p98_k8,0.12979531288146973,0.991546630859375,0.022467825561761856
0,512,transformer.h.1.attn.c_proj.weight,transformer.h.1.attn.c_proj.weight,"(384, 384)",structural_int4_k8,0.09342359006404877,0.9956431984901428,0.015018359757959843
0,512,transformer.h.1.attn.c_proj.weight,transformer.h.1.attn.c_proj.weight,"(384, 384)",structural_vq64_int3_k8,0.09616827219724655,0.9953754544258118,0.019419053569436073
0,512,transformer.h.1.mlp.w1.weight,transformer.h.1.mlp.w1.weight,"(1024, 384)",direct_scalar_int4,0.1929456889629364,0.9814074635505676,0.05768190324306488
0,512,transformer.h.1.mlp.w1.weight,transformer.h.1.mlp.w1.weight,"(1024, 384)",structural_scalar_int3_p98_k8,0.18564656376838684,0.9826255440711975,0.05958426371216774
0,512,transformer.h.1.mlp.w1.weight,transformer.h.1.mlp.w1.weight,"(1024, 384)",structural_int4_k8,0.13924247026443481,0.9903050661087036,0.03342503309249878
0,512,transformer.h.1.mlp.w1.weight,transformer.h.1.mlp.w1.weight,"(1024, 384)",structural_vq64_int3_k8,0.155069038271904,0.9880201816558838,0.0639558732509613
0,512,transformer.h.1.mlp.w2.weight,transformer.h.1.mlp.w2.weight,"(1024, 384)",direct_scalar_int4,0.19391067326068878,0.9811890721321106,0.0562165267765522
0,512,transformer.h.1.mlp.w2.weight,transformer.h.1.mlp.w2.weight,"(1024, 384)",structural_scalar_int3_p98_k8,0.18776018917560577,0.9822229743003845,0.05347299948334694
0,512,transformer.h.1.mlp.w2.weight,transformer.h.1.mlp.w2.weight,"(1024, 384)",structural_int4_k8,0.1413266807794571,0.9900076985359192,0.03419842943549156
0,512,transformer.h.1.mlp.w2.weight,transformer.h.1.mlp.w2.weight,"(1024, 384)",structural_vq64_int3_k8,0.15818946063518524,0.9875451922416687,0.056325916200876236
0,512,transformer.h.1.mlp.c_proj.weight,transformer.h.1.mlp.c_proj.weight,"(384, 1024)",direct_scalar_int4,0.22540171444416046,0.9743581414222717,0.0640142634510994
0,512,transformer.h.1.mlp.c_proj.weight,transformer.h.1.mlp.c_proj.weight,"(384, 1024)",structural_scalar_int3_p98_k8,0.2033883035182953,0.9791341423988342,0.07400393486022949
0,512,transformer.h.1.mlp.c_proj.weight,transformer.h.1.mlp.c_proj.weight,"(384, 1024)",structural_int4_k8,0.15794508159160614,0.987514078617096,0.03766971081495285
0,512,transformer.h.1.mlp.c_proj.weight,transformer.h.1.mlp.c_proj.weight,"(384, 1024)",structural_vq64_int3_k8,0.1746925711631775,0.9848289489746094,0.08021822571754456
0,512,transformer.h.2.attn.c_attn.weight,transformer.h.2.attn.c_attn.weight,"(1152, 384)",direct_scalar_int4,0.19258613884449005,0.9814459681510925,0.03276173770427704
0,512,transformer.h.2.attn.c_attn.weight,transformer.h.2.attn.c_attn.weight,"(1152, 384)",structural_scalar_int3_p98_k8,0.12118051201105118,0.9926334619522095,0.01918681710958481
0,512,transformer.h.2.attn.c_attn.weight,transformer.h.2.attn.c_attn.weight,"(1152, 384)",structural_int4_k8,0.08803460747003555,0.9961274266242981,0.013283930718898773
0,512,transformer.h.2.attn.c_attn.weight,transformer.h.2.attn.c_attn.weight,"(1152, 384)",structural_vq64_int3_k8,0.09090081602334976,0.9958732724189758,0.017078543081879616
0,512,transformer.h.2.attn.c_proj.weight,transformer.h.2.attn.c_proj.weight,"(384, 384)",direct_scalar_int4,0.19195114076137543,0.9815993905067444,0.034324102103710175
0,512,transformer.h.2.attn.c_proj.weight,transformer.h.2.attn.c_proj.weight,"(384, 384)",structural_scalar_int3_p98_k8,0.12816078960895538,0.99176025390625,0.02194502204656601
0,512,transformer.h.2.attn.c_proj.weight,transformer.h.2.attn.c_proj.weight,"(384, 384)",structural_int4_k8,0.09321282058954239,0.9956693053245544,0.014914088882505894
0,512,transformer.h.2.attn.c_proj.weight,transformer.h.2.attn.c_proj.weight,"(384, 384)",structural_vq64_int3_k8,0.09570061415433884,0.9954169988632202,0.02009512484073639
0,512,transformer.h.2.mlp.w1.weight,transformer.h.2.mlp.w1.weight,"(1024, 384)",direct_scalar_int4,0.1899767965078354,0.9819936156272888,0.05115959793329239
0,512,transformer.h.2.mlp.w1.weight,transformer.h.2.mlp.w1.weight,"(1024, 384)",structural_scalar_int3_p98_k8,0.19092349708080292,0.9816117286682129,0.05978240817785263
0,512,transformer.h.2.mlp.w1.weight,transformer.h.2.mlp.w1.weight,"(1024, 384)",structural_int4_k8,0.1430208683013916,0.9897755980491638,0.033931925892829895
0,512,transformer.h.2.mlp.w1.weight,transformer.h.2.mlp.w1.weight,"(1024, 384)",structural_vq64_int3_k8,0.15770825743675232,0.9876019358634949,0.06406835466623306
0,512,transformer.h.2.mlp.w2.weight,transformer.h.2.mlp.w2.weight,"(1024, 384)",direct_scalar_int4,0.1921621710062027,0.9815189838409424,0.059278130531311035
0,512,transformer.h.2.mlp.w2.weight,transformer.h.2.mlp.w2.weight,"(1024, 384)",structural_scalar_int3_p98_k8,0.1865401715040207,0.9824554920196533,0.047563549131155014
0,512,transformer.h.2.mlp.w2.weight,transformer.h.2.mlp.w2.weight,"(1024, 384)",structural_int4_k8,0.1396811604499817,0.9902514815330505,0.02917957305908203
0,512,transformer.h.2.mlp.w2.weight,transformer.h.2.mlp.w2.weight,"(1024, 384)",structural_vq64_int3_k8,0.15591637790203094,0.9878970980644226,0.049321822822093964
0,512,transformer.h.2.mlp.c_proj.weight,transformer.h.2.mlp.c_proj.weight,"(384, 1024)",direct_scalar_int4,0.22241376340389252,0.9750791788101196,0.06321390718221664
0,512,transformer.h.2.mlp.c_proj.weight,transformer.h.2.mlp.c_proj.weight,"(384, 1024)",structural_scalar_int3_p98_k8,0.20675413310527802,0.9784180521965027,0.08713116496801376
0,512,transformer.h.2.mlp.c_proj.weight,transformer.h.2.mlp.c_proj.weight,"(384, 1024)",structural_int4_k8,0.16173280775547028,0.9869083762168884,0.0425381064414978
0,512,transformer.h.2.mlp.c_proj.weight,transformer.h.2.mlp.c_proj.weight,"(384, 1024)",structural_vq64_int3_k8,0.17447516322135925,0.9848384857177734,0.0918700248003006
0,512,transformer.h.3.attn.c_attn.weight,transformer.h.3.attn.c_attn.weight,"(1152, 384)",direct_scalar_int4,0.19100676476955414,0.9817977547645569,0.035780444741249084
0,512,transformer.h.3.attn.c_attn.weight,transformer.h.3.attn.c_attn.weight,"(1152, 384)",structural_scalar_int3_p98_k8,0.12654510140419006,0.9919649362564087,0.02136518433690071
0,512,transformer.h.3.attn.c_attn.weight,transformer.h.3.attn.c_attn.weight,"(1152, 384)",structural_int4_k8,0.09230907261371613,0.9957429766654968,0.014760787598788738
0,512,transformer.h.3.attn.c_attn.weight,transformer.h.3.attn.c_attn.weight,"(1152, 384)",structural_vq64_int3_k8,0.09533629566431046,0.9954574704170227,0.01949014514684677
0,512,transformer.h.3.attn.c_proj.weight,transformer.h.3.attn.c_proj.weight,"(384, 384)",direct_scalar_int4,0.19435061514377594,0.9811315536499023,0.03651372343301773
0,512,transformer.h.3.attn.c_proj.weight,transformer.h.3.attn.c_proj.weight,"(384, 384)",structural_scalar_int3_p98_k8,0.13100430369377136,0.9913866519927979,0.024537362158298492
0,512,transformer.h.3.attn.c_proj.weight,transformer.h.3.attn.c_proj.weight,"(384, 384)",structural_int4_k8,0.09540048986673355,0.9954555630683899,0.01667693443596363
0,512,transformer.h.3.attn.c_proj.weight,transformer.h.3.attn.c_proj.weight,"(384, 384)",structural_vq64_int3_k8,0.0976325049996376,0.9952358603477478,0.022900566458702087
0,512,transformer.h.3.mlp.w1.weight,transformer.h.3.mlp.w1.weight,"(1024, 384)",direct_scalar_int4,0.1928177773952484,0.981420636177063,0.09322493523359299
0,512,transformer.h.3.mlp.w1.weight,transformer.h.3.mlp.w1.weight,"(1024, 384)",structural_scalar_int3_p98_k8,0.1860334426164627,0.9825494289398193,0.05006491392850876
0,512,transformer.h.3.mlp.w1.weight,transformer.h.3.mlp.w1.weight,"(1024, 384)",structural_int4_k8,0.13968297839164734,0.9902552962303162,0.030057471245527267
0,512,transformer.h.3.mlp.w1.weight,transformer.h.3.mlp.w1.weight,"(1024, 384)",structural_vq64_int3_k8,0.15317338705062866,0.9883115887641907,0.051022566854953766
0,512,transformer.h.3.mlp.w2.weight,transformer.h.3.mlp.w2.weight,"(1024, 384)",direct_scalar_int4,0.1914530247449875,0.9816958904266357,0.08350753039121628
0,512,transformer.h.3.mlp.w2.weight,transformer.h.3.mlp.w2.weight,"(1024, 384)",structural_scalar_int3_p98_k8,0.18747004866600037,0.982278048992157,0.05993720144033432
0,512,transformer.h.3.mlp.w2.weight,transformer.h.3.mlp.w2.weight,"(1024, 384)",structural_int4_k8,0.1408463716506958,0.9900821447372437,0.03286994248628616
0,512,transformer.h.3.mlp.w2.weight,transformer.h.3.mlp.w2.weight,"(1024, 384)",structural_vq64_int3_k8,0.15548284351825714,0.9879633188247681,0.0629514753818512
0,512,transformer.h.3.mlp.c_proj.weight,transformer.h.3.mlp.c_proj.weight,"(384, 1024)",direct_scalar_int4,0.22237831354141235,0.9750983715057373,0.0530635304749012
0,512,transformer.h.3.mlp.c_proj.weight,transformer.h.3.mlp.c_proj.weight,"(384, 1024)",structural_scalar_int3_p98_k8,0.20028412342071533,0.9797577261924744,0.062326740473508835
0,512,transformer.h.3.mlp.c_proj.weight,transformer.h.3.mlp.c_proj.weight,"(384, 1024)",structural_int4_k8,0.1568760871887207,0.9876800775527954,0.03212885186076164
0,512,transformer.h.3.mlp.c_proj.weight,transformer.h.3.mlp.c_proj.weight,"(384, 1024)",structural_vq64_int3_k8,0.1693737953901291,0.9857035279273987,0.06737310439348221
0,512,transformer.h.4.attn.c_attn.weight,transformer.h.4.attn.c_attn.weight,"(1152, 384)",direct_scalar_int4,0.18745437264442444,0.9824649095535278,0.03628969565033913
0,512,transformer.h.4.attn.c_attn.weight,transformer.h.4.attn.c_attn.weight,"(1152, 384)",structural_scalar_int3_p98_k8,0.12861548364162445,0.9916988015174866,0.0250096395611763
0,512,transformer.h.4.attn.c_attn.weight,transformer.h.4.attn.c_attn.weight,"(1152, 384)",structural_int4_k8,0.09390117228031158,0.9955963492393494,0.016686460003256798
0,512,transformer.h.4.attn.c_attn.weight,transformer.h.4.attn.c_attn.weight,"(1152, 384)",structural_vq64_int3_k8,0.09664171189069748,0.9953342080116272,0.02318364568054676
0,512,transformer.h.4.attn.c_proj.weight,transformer.h.4.attn.c_proj.weight,"(384, 384)",direct_scalar_int4,0.1866670548915863,0.9826310873031616,0.03648471087217331
0,512,transformer.h.4.attn.c_proj.weight,transformer.h.4.attn.c_proj.weight,"(384, 384)",structural_scalar_int3_p98_k8,0.1305314004421234,0.9914517998695374,0.025039659813046455
0,512,transformer.h.4.attn.c_proj.weight,transformer.h.4.attn.c_proj.weight,"(384, 384)",structural_int4_k8,0.0959019809961319,0.9954124689102173,0.01795223169028759
0,512,transformer.h.4.attn.c_proj.weight,transformer.h.4.attn.c_proj.weight,"(384, 384)",structural_vq64_int3_k8,0.09754056483507156,0.9952396750450134,0.024370355531573296
0,512,transformer.h.4.mlp.w1.weight,transformer.h.4.mlp.w1.weight,"(1024, 384)",direct_scalar_int4,0.19362860918045044,0.9812469482421875,0.056047480553388596
0,512,transformer.h.4.mlp.w1.weight,transformer.h.4.mlp.w1.weight,"(1024, 384)",structural_scalar_int3_p98_k8,0.18613238632678986,0.9825320839881897,0.051769305020570755
0,512,transformer.h.4.mlp.w1.weight,transformer.h.4.mlp.w1.weight,"(1024, 384)",structural_int4_k8,0.14048735797405243,0.9901372790336609,0.031736306846141815
0,512,transformer.h.4.mlp.w1.weight,transformer.h.4.mlp.w1.weight,"(1024, 384)",structural_vq64_int3_k8,0.15415336191654205,0.9881622195243835,0.053624559193849564
0,512,transformer.h.4.mlp.w2.weight,transformer.h.4.mlp.w2.weight,"(1024, 384)",direct_scalar_int4,0.19397489726543427,0.9811835885047913,0.051540177315473557
0,512,transformer.h.4.mlp.w2.weight,transformer.h.4.mlp.w2.weight,"(1024, 384)",structural_scalar_int3_p98_k8,0.18465416133403778,0.9828107357025146,0.05406058579683304
0,512,transformer.h.4.mlp.w2.weight,transformer.h.4.mlp.w2.weight,"(1024, 384)",structural_int4_k8,0.13968539237976074,0.9902588129043579,0.031085869297385216
0,512,transformer.h.4.mlp.w2.weight,transformer.h.4.mlp.w2.weight,"(1024, 384)",structural_vq64_int3_k8,0.15427307784557343,0.9881254434585571,0.05651743710041046
0,512,transformer.h.4.mlp.c_proj.weight,transformer.h.4.mlp.c_proj.weight,"(384, 1024)",direct_scalar_int4,0.22092290222644806,0.9754230380058289,0.04817752167582512
0,512,transformer.h.4.mlp.c_proj.weight,transformer.h.4.mlp.c_proj.weight,"(384, 1024)",structural_scalar_int3_p98_k8,0.18486152589321136,0.9827932715415955,0.04581717401742935
0,512,transformer.h.4.mlp.c_proj.weight,transformer.h.4.mlp.c_proj.weight,"(384, 1024)",structural_int4_k8,0.14473558962345123,0.9895163178443909,0.022799406200647354
0,512,transformer.h.4.mlp.c_proj.weight,transformer.h.4.mlp.c_proj.weight,"(384, 1024)",structural_vq64_int3_k8,0.15816470980644226,0.9875367283821106,0.049389805644750595
0,512,transformer.h.5.attn.c_attn.weight,transformer.h.5.attn.c_attn.weight,"(1152, 384)",direct_scalar_int4,0.18728365004062653,0.9824968576431274,0.0374363549053669
0,512,transformer.h.5.attn.c_attn.weight,transformer.h.5.attn.c_attn.weight,"(1152, 384)",structural_scalar_int3_p98_k8,0.12064166367053986,0.9926993250846863,0.024423277005553246
0,512,transformer.h.5.attn.c_attn.weight,transformer.h.5.attn.c_attn.weight,"(1152, 384)",structural_int4_k8,0.08888895809650421,0.9960544109344482,0.016141308471560478
0,512,transformer.h.5.attn.c_attn.weight,transformer.h.5.attn.c_attn.weight,"(1152, 384)",structural_vq64_int3_k8,0.09073357284069061,0.9958837628364563,0.0224717166274786
0,512,transformer.h.5.attn.c_proj.weight,transformer.h.5.attn.c_proj.weight,"(384, 384)",direct_scalar_int4,0.1877290904521942,0.9824252128601074,0.03406454622745514
0,512,transformer.h.5.attn.c_proj.weight,transformer.h.5.attn.c_proj.weight,"(384, 384)",structural_scalar_int3_p98_k8,0.11582969129085541,0.9932718276977539,0.020796967670321465
0,512,transformer.h.5.attn.c_proj.weight,transformer.h.5.attn.c_proj.weight,"(384, 384)",structural_int4_k8,0.08412126451730728,0.9964657425880432,0.014079811982810497
0,512,transformer.h.5.attn.c_proj.weight,transformer.h.5.attn.c_proj.weight,"(384, 384)",structural_vq64_int3_k8,0.08612711727619171,0.9962900876998901,0.01960565708577633
0,512,transformer.h.5.mlp.w1.weight,transformer.h.5.mlp.w1.weight,"(1024, 384)",direct_scalar_int4,0.19430068135261536,0.9811369180679321,0.08755603432655334
0,512,transformer.h.5.mlp.w1.weight,transformer.h.5.mlp.w1.weight,"(1024, 384)",structural_scalar_int3_p98_k8,0.16969414055347443,0.9855042099952698,0.03766319155693054
0,512,transformer.h.5.mlp.w1.weight,transformer.h.5.mlp.w1.weight,"(1024, 384)",structural_int4_k8,0.12787571549415588,0.9918298721313477,0.024829814210534096
0,512,transformer.h.5.mlp.w1.weight,transformer.h.5.mlp.w1.weight,"(1024, 384)",structural_vq64_int3_k8,0.13940943777561188,0.99031662940979,0.03965878486633301
0,512,transformer.h.5.mlp.w2.weight,transformer.h.5.mlp.w2.weight,"(1024, 384)",direct_scalar_int4,0.19323162734508514,0.9813256859779358,0.07451548427343369
0,512,transformer.h.5.mlp.w2.weight,transformer.h.5.mlp.w2.weight,"(1024, 384)",structural_scalar_int3_p98_k8,0.17133837938308716,0.9852204918861389,0.04279954731464386
0,512,transformer.h.5.mlp.w2.weight,transformer.h.5.mlp.w2.weight,"(1024, 384)",structural_int4_k8,0.12952178716659546,0.9916195869445801,0.02696205861866474
0,512,transformer.h.5.mlp.w2.weight,transformer.h.5.mlp.w2.weight,"(1024, 384)",structural_vq64_int3_k8,0.14096663892269135,0.9900956153869629,0.044573865830898285
0,512,transformer.h.5.mlp.c_proj.weight,transformer.h.5.mlp.c_proj.weight,"(384, 1024)",direct_scalar_int4,0.23036211729049683,0.9732418060302734,0.0505334846675396
0,512,transformer.h.5.mlp.c_proj.weight,transformer.h.5.mlp.c_proj.weight,"(384, 1024)",structural_scalar_int3_p98_k8,0.1656724363565445,0.9861941337585449,0.03755185380578041
0,512,transformer.h.5.mlp.c_proj.weight,transformer.h.5.mlp.c_proj.weight,"(384, 1024)",structural_int4_k8,0.13036295771598816,0.9914948344230652,0.017343226820230484
0,512,transformer.h.5.mlp.c_proj.weight,transformer.h.5.mlp.c_proj.weight,"(384, 1024)",structural_vq64_int3_k8,0.13682028651237488,0.9906664490699768,0.039650749415159225
0,1024,transformer.h.0.attn.c_attn.weight,transformer.h.0.attn.c_attn.weight,"(1152, 384)",direct_scalar_int4,0.1865624487400055,0.9826839566230774,0.043518099933862686
0,1024,transformer.h.0.attn.c_attn.weight,transformer.h.0.attn.c_attn.weight,"(1152, 384)",structural_scalar_int3_p98_k8,0.1260353922843933,0.992031455039978,0.024424483999609947
0,1024,transformer.h.0.attn.c_attn.weight,transformer.h.0.attn.c_attn.weight,"(1152, 384)",structural_int4_k8,0.09107348322868347,0.9958628416061401,0.01725045219063759
0,1024,transformer.h.0.attn.c_attn.weight,transformer.h.0.attn.c_attn.weight,"(1152, 384)",structural_vq64_int3_k8,0.09431575238704681,0.9955518245697021,0.020640484988689423
0,1024,transformer.h.0.attn.c_proj.weight,transformer.h.0.attn.c_proj.weight,"(384, 384)",direct_scalar_int4,0.19516102969646454,0.9809412360191345,0.04176725819706917
0,1024,transformer.h.0.attn.c_proj.weight,transformer.h.0.attn.c_proj.weight,"(384, 384)",structural_scalar_int3_p98_k8,0.12724828720092773,0.991875946521759,0.02594350092113018
0,1024,transformer.h.0.attn.c_proj.weight,transformer.h.0.attn.c_proj.weight,"(384, 384)",structural_int4_k8,0.09320766478776932,0.9956597089767456,0.017840513959527016
0,1024,transformer.h.0.attn.c_proj.weight,transformer.h.0.attn.c_proj.weight,"(384, 384)",structural_vq64_int3_k8,0.09527415037155151,0.9954613447189331,0.024224331602454185
0,1024,transformer.h.0.mlp.w1.weight,transformer.h.0.mlp.w1.weight,"(1024, 384)",direct_scalar_int4,0.19053633511066437,0.9818707704544067,0.03658483177423477
0,1024,transformer.h.0.mlp.w1.weight,transformer.h.0.mlp.w1.weight,"(1024, 384)",structural_scalar_int3_p98_k8,0.17444631457328796,0.9846735596656799,0.030098382383584976
0,1024,transformer.h.0.mlp.w1.weight,transformer.h.0.mlp.w1.weight,"(1024, 384)",structural_int4_k8,0.13124503195285797,0.9913932681083679,0.020931601524353027
0,1024,transformer.h.0.mlp.w1.weight,transformer.h.0.mlp.w1.weight,"(1024, 384)",structural_vq64_int3_k8,0.13916322588920593,0.9903501868247986,0.029526961967349052
0,1024,transformer.h.0.mlp.w2.weight,transformer.h.0.mlp.w2.weight,"(1024, 384)",direct_scalar_int4,0.1901867389678955,0.9819358587265015,0.041974835097789764
0,1024,transformer.h.0.mlp.w2.weight,transformer.h.0.mlp.w2.weight,"(1024, 384)",structural_scalar_int3_p98_k8,0.17631568014621735,0.9843417406082153,0.031543705612421036
0,1024,transformer.h.0.mlp.w2.weight,transformer.h.0.mlp.w2.weight,"(1024, 384)",structural_int4_k8,0.1334562599658966,0.991097629070282,0.021592188626527786
0,1024,transformer.h.0.mlp.w2.weight,transformer.h.0.mlp.w2.weight,"(1024, 384)",structural_vq64_int3_k8,0.14203804731369019,0.9899429082870483,0.030826548114418983
0,1024,transformer.h.0.mlp.c_proj.weight,transformer.h.0.mlp.c_proj.weight,"(384, 1024)",direct_scalar_int4,0.22229458391666412,0.9751632213592529,0.05387144908308983
0,1024,transformer.h.0.mlp.c_proj.weight,transformer.h.0.mlp.c_proj.weight,"(384, 1024)",structural_scalar_int3_p98_k8,0.2007816731929779,0.9796475172042847,0.05685169994831085
0,1024,transformer.h.0.mlp.c_proj.weight,transformer.h.0.mlp.c_proj.weight,"(384, 1024)",structural_int4_k8,0.15632635354995728,0.9877922534942627,0.031209487468004227
0,1024,transformer.h.0.mlp.c_proj.weight,transformer.h.0.mlp.c_proj.weight,"(384, 1024)",structural_vq64_int3_k8,0.165460005402565,0.9863489270210266,0.060457080602645874
0,1024,transformer.h.1.attn.c_attn.weight,transformer.h.1.attn.c_attn.weight,"(1152, 384)",direct_scalar_int4,0.18948262929916382,0.9820621013641357,0.03533127158880234
0,1024,transformer.h.1.attn.c_attn.weight,transformer.h.1.attn.c_attn.weight,"(1152, 384)",structural_scalar_int3_p98_k8,0.13133181631565094,0.9913410544395447,0.022023610770702362
0,1024,transformer.h.1.attn.c_attn.weight,transformer.h.1.attn.c_attn.weight,"(1152, 384)",structural_int4_k8,0.09532183408737183,0.9954556226730347,0.01546217780560255
0,1024,transformer.h.1.attn.c_attn.weight,transformer.h.1.attn.c_attn.weight,"(1152, 384)",structural_vq64_int3_k8,0.09804122149944305,0.9952006936073303,0.019405733793973923
0,1024,transformer.h.1.attn.c_proj.weight,transformer.h.1.attn.c_proj.weight,"(384, 384)",direct_scalar_int4,0.1848946213722229,0.9829278588294983,0.030459513887763023
0,1024,transformer.h.1.attn.c_proj.weight,transformer.h.1.attn.c_proj.weight,"(384, 384)",structural_scalar_int3_p98_k8,0.10505528748035431,0.9944697022438049,0.01425829716026783
0,1024,transformer.h.1.attn.c_proj.weight,transformer.h.1.attn.c_proj.weight,"(384, 384)",structural_int4_k8,0.07597926259040833,0.997117817401886,0.009795965626835823
0,1024,transformer.h.1.attn.c_proj.weight,transformer.h.1.attn.c_proj.weight,"(384, 384)",structural_vq64_int3_k8,0.07788069546222687,0.9969679713249207,0.012457749806344509
0,1024,transformer.h.1.mlp.w1.weight,transformer.h.1.mlp.w1.weight,"(1024, 384)",direct_scalar_int4,0.19158627092838287,0.9816555976867676,0.03613431379199028
0,1024,transformer.h.1.mlp.w1.weight,transformer.h.1.mlp.w1.weight,"(1024, 384)",structural_scalar_int3_p98_k8,0.16797783970832825,0.9858008027076721,0.03352777287364006
0,1024,transformer.h.1.mlp.w1.weight,transformer.h.1.mlp.w1.weight,"(1024, 384)",structural_int4_k8,0.12594234943389893,0.9920708537101746,0.020294679328799248
0,1024,transformer.h.1.mlp.w1.weight,transformer.h.1.mlp.w1.weight,"(1024, 384)",structural_vq64_int3_k8,0.1420322209596634,0.989963173866272,0.03546241670846939
0,1024,transformer.h.1.mlp.w2.weight,transformer.h.1.mlp.w2.weight,"(1024, 384)",direct_scalar_int4,0.1907973289489746,0.9818101525306702,0.04094018042087555
0,1024,transformer.h.1.mlp.w2.weight,transformer.h.1.mlp.w2.weight,"(1024, 384)",structural_scalar_int3_p98_k8,0.16862981021404266,0.985686182975769,0.033703867346048355
0,1024,transformer.h.1.mlp.w2.weight,transformer.h.1.mlp.w2.weight,"(1024, 384)",structural_int4_k8,0.126630961894989,0.9919958114624023,0.020431946963071823
0,1024,transformer.h.1.mlp.w2.weight,transformer.h.1.mlp.w2.weight,"(1024, 384)",structural_vq64_int3_k8,0.1444261372089386,0.989590585231781,0.03492450341582298
0,1024,transformer.h.1.mlp.c_proj.weight,transformer.h.1.mlp.c_proj.weight,"(384, 1024)",direct_scalar_int4,0.22467027604579926,0.9745221138000488,0.05706695094704628
0,1024,transformer.h.1.mlp.c_proj.weight,transformer.h.1.mlp.c_proj.weight,"(384, 1024)",structural_scalar_int3_p98_k8,0.19641609489917755,0.9805642366409302,0.07211529463529587
0,1024,transformer.h.1.mlp.c_proj.weight,transformer.h.1.mlp.c_proj.weight,"(384, 1024)",structural_int4_k8,0.1517222672700882,0.9884762763977051,0.029838187620043755
0,1024,transformer.h.1.mlp.c_proj.weight,transformer.h.1.mlp.c_proj.weight,"(384, 1024)",structural_vq64_int3_k8,0.1725543588399887,0.9851855635643005,0.07615029811859131
0,1024,transformer.h.2.attn.c_attn.weight,transformer.h.2.attn.c_attn.weight,"(1152, 384)",direct_scalar_int4,0.20595452189445496,0.9787231683731079,0.06747467815876007
0,1024,transformer.h.2.attn.c_attn.weight,transformer.h.2.attn.c_attn.weight,"(1152, 384)",structural_scalar_int3_p98_k8,0.07087794691324234,0.9975377917289734,0.009968149475753307
0,1024,transformer.h.2.attn.c_attn.weight,transformer.h.2.attn.c_attn.weight,"(1152, 384)",structural_int4_k8,0.051978208124637604,0.9987050890922546,0.007047751452773809
0,1024,transformer.h.2.attn.c_attn.weight,transformer.h.2.attn.c_attn.weight,"(1152, 384)",structural_vq64_int3_k8,0.053573127835989,0.9986124634742737,0.009245547465980053
0,1024,transformer.h.2.attn.c_proj.weight,transformer.h.2.attn.c_proj.weight,"(384, 384)",direct_scalar_int4,0.2017393559217453,0.9796191453933716,0.03584612160921097
0,1024,transformer.h.2.attn.c_proj.weight,transformer.h.2.attn.c_proj.weight,"(384, 384)",structural_scalar_int3_p98_k8,0.10720035433769226,0.9942452311515808,0.019293028861284256
0,1024,transformer.h.2.attn.c_proj.weight,transformer.h.2.attn.c_proj.weight,"(384, 384)",structural_int4_k8,0.08317722380161285,0.9965381622314453,0.010628670454025269
0,1024,transformer.h.2.attn.c_proj.weight,transformer.h.2.attn.c_proj.weight,"(384, 384)",structural_vq64_int3_k8,0.09036793559789658,0.9959354400634766,0.020975468680262566
0,1024,transformer.h.2.mlp.w1.weight,transformer.h.2.mlp.w1.weight,"(1024, 384)",direct_scalar_int4,0.19428987801074982,0.9811114072799683,0.0457322895526886
0,1024,transformer.h.2.mlp.w1.weight,transformer.h.2.mlp.w1.weight,"(1024, 384)",structural_scalar_int3_p98_k8,0.17825232446193695,0.9839929342269897,0.03483713045716286
0,1024,transformer.h.2.mlp.w1.weight,transformer.h.2.mlp.w1.weight,"(1024, 384)",structural_int4_k8,0.13283126056194305,0.9911840558052063,0.021924534812569618
0,1024,transformer.h.2.mlp.w1.weight,transformer.h.2.mlp.w1.weight,"(1024, 384)",structural_vq64_int3_k8,0.1470506489276886,0.9892237186431885,0.035808537155389786
0,1024,transformer.h.2.mlp.w2.weight,transformer.h.2.mlp.w2.weight,"(1024, 384)",direct_scalar_int4,0.19622187316417694,0.9807501435279846,0.04127476364374161
0,1024,transformer.h.2.mlp.w2.weight,transformer.h.2.mlp.w2.weight,"(1024, 384)",structural_scalar_int3_p98_k8,0.18142537772655487,0.9834111928939819,0.03972691297531128
0,1024,transformer.h.2.mlp.w2.weight,transformer.h.2.mlp.w2.weight,"(1024, 384)",structural_int4_k8,0.13598962128162384,0.9907703995704651,0.024560226127505302
0,1024,transformer.h.2.mlp.w2.weight,transformer.h.2.mlp.w2.weight,"(1024, 384)",structural_vq64_int3_k8,0.15196427702903748,0.9884788990020752,0.0419093556702137
0,1024,transformer.h.2.mlp.c_proj.weight,transformer.h.2.mlp.c_proj.weight,"(384, 1024)",direct_scalar_int4,0.2193106710910797,0.9758085608482361,0.06069216877222061
0,1024,transformer.h.2.mlp.c_proj.weight,transformer.h.2.mlp.c_proj.weight,"(384, 1024)",structural_scalar_int3_p98_k8,0.21165791153907776,0.9773671627044678,0.08495242148637772
0,1024,transformer.h.2.mlp.c_proj.weight,transformer.h.2.mlp.c_proj.weight,"(384, 1024)",structural_int4_k8,0.16438233852386475,0.9864795804023743,0.04308301582932472
0,1024,transformer.h.2.mlp.c_proj.weight,transformer.h.2.mlp.c_proj.weight,"(384, 1024)",structural_vq64_int3_k8,0.17817603051662445,0.9841892123222351,0.09022256731987
0,1024,transformer.h.3.attn.c_attn.weight,transformer.h.3.attn.c_attn.weight,"(1152, 384)",direct_scalar_int4,0.20096635818481445,0.979760468006134,0.040184225887060165
0,1024,transformer.h.3.attn.c_attn.weight,transformer.h.3.attn.c_attn.weight,"(1152, 384)",structural_scalar_int3_p98_k8,0.11292818188667297,0.9936118125915527,0.01663813181221485
0,1024,transformer.h.3.attn.c_attn.weight,transformer.h.3.attn.c_attn.weight,"(1152, 384)",structural_int4_k8,0.08272918313741684,0.9965874552726746,0.011344178579747677
0,1024,transformer.h.3.attn.c_attn.weight,transformer.h.3.attn.c_attn.weight,"(1152, 384)",structural_vq64_int3_k8,0.08522048592567444,0.9963809251785278,0.014927414245903492
0,1024,transformer.h.3.attn.c_proj.weight,transformer.h.3.attn.c_proj.weight,"(384, 384)",direct_scalar_int4,0.19179867208003998,0.9816300868988037,0.034211982041597366
0,1024,transformer.h.3.attn.c_proj.weight,transformer.h.3.attn.c_proj.weight,"(384, 384)",structural_scalar_int3_p98_k8,0.11830036342144012,0.9929843544960022,0.020617609843611717
0,1024,transformer.h.3.attn.c_proj.weight,transformer.h.3.attn.c_proj.weight,"(384, 384)",structural_int4_k8,0.08852245658636093,0.9960934519767761,0.012349828146398067
0,1024,transformer.h.3.attn.c_proj.weight,transformer.h.3.attn.c_proj.weight,"(384, 384)",structural_vq64_int3_k8,0.09043038636445999,0.9959065914154053,0.02301734685897827
0,1024,transformer.h.3.mlp.w1.weight,transformer.h.3.mlp.w1.weight,"(1024, 384)",direct_scalar_int4,0.1925465613603592,0.9814954996109009,0.07868257910013199
0,1024,transformer.h.3.mlp.w1.weight,transformer.h.3.mlp.w1.weight,"(1024, 384)",structural_scalar_int3_p98_k8,0.19327674806118011,0.981151819229126,0.060153424739837646
0,1024,transformer.h.3.mlp.w1.weight,transformer.h.3.mlp.w1.weight,"(1024, 384)",structural_int4_k8,0.14503347873687744,0.9894980788230896,0.034126512706279755
0,1024,transformer.h.3.mlp.w1.weight,transformer.h.3.mlp.w1.weight,"(1024, 384)",structural_vq64_int3_k8,0.15801702439785004,0.9875451922416687,0.06449930369853973
0,1024,transformer.h.3.mlp.w2.weight,transformer.h.3.mlp.w2.weight,"(1024, 384)",direct_scalar_int4,0.19340284168720245,0.981301486492157,0.07710250467061996
0,1024,transformer.h.3.mlp.w2.weight,transformer.h.3.mlp.w2.weight,"(1024, 384)",structural_scalar_int3_p98_k8,0.19381047785282135,0.981044590473175,0.059339482337236404
0,1024,transformer.h.3.mlp.w2.weight,transformer.h.3.mlp.w2.weight,"(1024, 384)",structural_int4_k8,0.14601443707942963,0.9893417358398438,0.03589538484811783
0,1024,transformer.h.3.mlp.w2.weight,transformer.h.3.mlp.w2.weight,"(1024, 384)",structural_vq64_int3_k8,0.1602722406387329,0.9871982336044312,0.064452163875103
0,1024,transformer.h.3.mlp.c_proj.weight,transformer.h.3.mlp.c_proj.weight,"(384, 1024)",direct_scalar_int4,0.21992997825145721,0.9756481051445007,0.0629856213927269
0,1024,transformer.h.3.mlp.c_proj.weight,transformer.h.3.mlp.c_proj.weight,"(384, 1024)",structural_scalar_int3_p98_k8,0.20946787297725677,0.9778302907943726,0.07573926448822021
0,1024,transformer.h.3.mlp.c_proj.weight,transformer.h.3.mlp.c_proj.weight,"(384, 1024)",structural_int4_k8,0.16438589990139008,0.986477792263031,0.04184658080339432
0,1024,transformer.h.3.mlp.c_proj.weight,transformer.h.3.mlp.c_proj.weight,"(384, 1024)",structural_vq64_int3_k8,0.1735236495733261,0.9850066900253296,0.07882110029459
0,1024,transformer.h.4.attn.c_attn.weight,transformer.h.4.attn.c_attn.weight,"(1152, 384)",direct_scalar_int4,0.1916809231042862,0.9816623330116272,0.041791439056396484
0,1024,transformer.h.4.attn.c_attn.weight,transformer.h.4.attn.c_attn.weight,"(1152, 384)",structural_scalar_int3_p98_k8,0.13754700124263763,0.9904987215995789,0.02884182706475258
0,1024,transformer.h.4.attn.c_attn.weight,transformer.h.4.attn.c_attn.weight,"(1152, 384)",structural_int4_k8,0.09968488663434982,0.9950360655784607,0.01943410374224186
0,1024,transformer.h.4.attn.c_attn.weight,transformer.h.4.attn.c_attn.weight,"(1152, 384)",structural_vq64_int3_k8,0.1026626005768776,0.994731068611145,0.02732783555984497
0,1024,transformer.h.4.attn.c_proj.weight,transformer.h.4.attn.c_proj.weight,"(384, 384)",direct_scalar_int4,0.1895366758108139,0.9820557236671448,0.039950933307409286
0,1024,transformer.h.4.attn.c_proj.weight,transformer.h.4.attn.c_proj.weight,"(384, 384)",structural_scalar_int3_p98_k8,0.1392456740140915,0.9902616739273071,0.02639240026473999
0,1024,transformer.h.4.attn.c_proj.weight,transformer.h.4.attn.c_proj.weight,"(384, 384)",structural_int4_k8,0.1013464406132698,0.994870126247406,0.01851397566497326
0,1024,transformer.h.4.attn.c_proj.weight,transformer.h.4.attn.c_proj.weight,"(384, 384)",structural_vq64_int3_k8,0.10361634939908981,0.9946337342262268,0.023816147819161415
0,1024,transformer.h.4.mlp.w1.weight,transformer.h.4.mlp.w1.weight,"(1024, 384)",direct_scalar_int4,0.19892866909503937,0.9801944494247437,0.06940364092588425
0,1024,transformer.h.4.mlp.w1.weight,transformer.h.4.mlp.w1.weight,"(1024, 384)",structural_scalar_int3_p98_k8,0.20094293355941772,0.9796099066734314,0.07300189137458801
0,1024,transformer.h.4.mlp.w1.weight,transformer.h.4.mlp.w1.weight,"(1024, 384)",structural_int4_k8,0.15231144428253174,0.9884083867073059,0.04555460438132286
0,1024,transformer.h.4.mlp.w1.weight,transformer.h.4.mlp.w1.weight,"(1024, 384)",structural_vq64_int3_k8,0.1657223105430603,0.9863044619560242,0.07458774745464325
0,1024,transformer.h.4.mlp.w2.weight,transformer.h.4.mlp.w2.weight,"(1024, 384)",direct_scalar_int4,0.19802771508693695,0.9803557991981506,0.07474206387996674
0,1024,transformer.h.4.mlp.w2.weight,transformer.h.4.mlp.w2.weight,"(1024, 384)",structural_scalar_int3_p98_k8,0.20219086110591888,0.9793524742126465,0.07161455601453781
0,1024,transformer.h.4.mlp.w2.weight,transformer.h.4.mlp.w2.weight,"(1024, 384)",structural_int4_k8,0.15287132561206818,0.988322377204895,0.04553493112325668
0,1024,transformer.h.4.mlp.w2.weight,transformer.h.4.mlp.w2.weight,"(1024, 384)",structural_vq64_int3_k8,0.16723348200321198,0.9860734343528748,0.07456497102975845
0,1024,transformer.h.4.mlp.c_proj.weight,transformer.h.4.mlp.c_proj.weight,"(384, 1024)",direct_scalar_int4,0.21316233277320862,0.9771867394447327,0.04475688561797142
0,1024,transformer.h.4.mlp.c_proj.weight,transformer.h.4.mlp.c_proj.weight,"(384, 1024)",structural_scalar_int3_p98_k8,0.1965356022119522,0.9805194139480591,0.05082918331027031
0,1024,transformer.h.4.mlp.c_proj.weight,transformer.h.4.mlp.c_proj.weight,"(384, 1024)",structural_int4_k8,0.15371741354465485,0.988166093826294,0.027477651834487915
0,1024,transformer.h.4.mlp.c_proj.weight,transformer.h.4.mlp.c_proj.weight,"(384, 1024)",structural_vq64_int3_k8,0.16489797830581665,0.9864715933799744,0.0538247674703598
0,1024,transformer.h.5.attn.c_attn.weight,transformer.h.5.attn.c_attn.weight,"(1152, 384)",direct_scalar_int4,0.20371289551258087,0.9792072176933289,0.04599979147315025
0,1024,transformer.h.5.attn.c_attn.weight,transformer.h.5.attn.c_attn.weight,"(1152, 384)",structural_scalar_int3_p98_k8,0.13626384735107422,0.9906771183013916,0.03114951401948929
0,1024,transformer.h.5.attn.c_attn.weight,transformer.h.5.attn.c_attn.weight,"(1152, 384)",structural_int4_k8,0.0992465391755104,0.9950823783874512,0.021010760217905045
0,1024,transformer.h.5.attn.c_attn.weight,transformer.h.5.attn.c_attn.weight,"(1152, 384)",structural_vq64_int3_k8,0.10187321901321411,0.9948132634162903,0.030526896938681602
0,1024,transformer.h.5.attn.c_proj.weight,transformer.h.5.attn.c_proj.weight,"(384, 384)",direct_scalar_int4,0.1852477788925171,0.9828743934631348,0.0387592576444149
0,1024,transformer.h.5.attn.c_proj.weight,transformer.h.5.attn.c_proj.weight,"(384, 384)",structural_scalar_int3_p98_k8,0.1344492882490158,0.9909253120422363,0.028774654492735863
0,1024,transformer.h.5.attn.c_proj.weight,transformer.h.5.attn.c_proj.weight,"(384, 384)",structural_int4_k8,0.09800007939338684,0.995205283164978,0.019654439762234688
0,1024,transformer.h.5.attn.c_proj.weight,transformer.h.5.attn.c_proj.weight,"(384, 384)",structural_vq64_int3_k8,0.10023215413093567,0.9949754476547241,0.026110801845788956
0,1024,transformer.h.5.mlp.w1.weight,transformer.h.5.mlp.w1.weight,"(1024, 384)",direct_scalar_int4,0.19791175425052643,0.9803619980812073,0.12180473655462265
0,1024,transformer.h.5.mlp.w1.weight,transformer.h.5.mlp.w1.weight,"(1024, 384)",structural_scalar_int3_p98_k8,0.18504755198955536,0.9827392101287842,0.05363553762435913
0,1024,transformer.h.5.mlp.w1.weight,transformer.h.5.mlp.w1.weight,"(1024, 384)",structural_int4_k8,0.14019672572612762,0.9901896119117737,0.03511568158864975
0,1024,transformer.h.5.mlp.w1.weight,transformer.h.5.mlp.w1.weight,"(1024, 384)",structural_vq64_int3_k8,0.15257972478866577,0.9883886575698853,0.05491414666175842
0,1024,transformer.h.5.mlp.w2.weight,transformer.h.5.mlp.w2.weight,"(1024, 384)",direct_scalar_int4,0.20053695142269135,0.9798734784126282,0.13567255437374115
0,1024,transformer.h.5.mlp.w2.weight,transformer.h.5.mlp.w2.weight,"(1024, 384)",structural_scalar_int3_p98_k8,0.18349410593509674,0.9830276966094971,0.05257880687713623
0,1024,transformer.h.5.mlp.w2.weight,transformer.h.5.mlp.w2.weight,"(1024, 384)",structural_int4_k8,0.1389695107936859,0.9903531074523926,0.034995678812265396
0,1024,transformer.h.5.mlp.w2.weight,transformer.h.5.mlp.w2.weight,"(1024, 384)",structural_vq64_int3_k8,0.1509387493133545,0.9886366128921509,0.053048890084028244
0,1024,transformer.h.5.mlp.c_proj.weight,transformer.h.5.mlp.c_proj.weight,"(384, 1024)",direct_scalar_int4,0.22368621826171875,0.974829375743866,0.0472293384373188
0,1024,transformer.h.5.mlp.c_proj.weight,transformer.h.5.mlp.c_proj.weight,"(384, 1024)",structural_scalar_int3_p98_k8,0.16699671745300293,0.9859727025032043,0.03916367515921593
0,1024,transformer.h.5.mlp.c_proj.weight,transformer.h.5.mlp.c_proj.weight,"(384, 1024)",structural_int4_k8,0.1309482902288437,0.9914297461509705,0.017704980447888374
0,1024,transformer.h.5.mlp.c_proj.weight,transformer.h.5.mlp.c_proj.weight,"(384, 1024)",structural_vq64_int3_k8,0.14105111360549927,0.9900745749473572,0.042586565017700195
0,2048,transformer.h.0.attn.c_attn.weight,transformer.h.0.attn.c_attn.weight,"(1152, 384)",direct_scalar_int4,0.20226529240608215,0.9794961810112,0.04693729057908058
0,2048,transformer.h.0.attn.c_attn.weight,transformer.h.0.attn.c_attn.weight,"(1152, 384)",structural_scalar_int3_p98_k8,0.10672333836555481,0.9942904114723206,0.018323909491300583
0,2048,transformer.h.0.attn.c_attn.weight,transformer.h.0.attn.c_attn.weight,"(1152, 384)",structural_int4_k8,0.07725704461336136,0.9970179200172424,0.012446730397641659
0,2048,transformer.h.0.attn.c_attn.weight,transformer.h.0.attn.c_attn.weight,"(1152, 384)",structural_vq64_int3_k8,0.07996033877134323,0.9968058466911316,0.016379056498408318
0,2048,transformer.h.0.attn.c_proj.weight,transformer.h.0.attn.c_proj.weight,"(384, 384)",direct_scalar_int4,0.20889736711978912,0.9781239032745361,0.04954561963677406
0,2048,transformer.h.0.attn.c_proj.weight,transformer.h.0.attn.c_proj.weight,"(384, 384)",structural_scalar_int3_p98_k8,0.09822327643632889,0.9951697587966919,0.019059646874666214
0,2048,transformer.h.0.attn.c_proj.weight,transformer.h.0.attn.c_proj.weight,"(384, 384)",structural_int4_k8,0.0719272643327713,0.9974203705787659,0.013195615261793137
0,2048,transformer.h.0.attn.c_proj.weight,transformer.h.0.attn.c_proj.weight,"(384, 384)",structural_vq64_int3_k8,0.07362710684537888,0.9972888231277466,0.017475172877311707
0,2048,transformer.h.0.mlp.w1.weight,transformer.h.0.mlp.w1.weight,"(1024, 384)",direct_scalar_int4,0.193632572889328,0.9812813997268677,0.053586721420288086
0,2048,transformer.h.0.mlp.w1.weight,transformer.h.0.mlp.w1.weight,"(1024, 384)",structural_scalar_int3_p98_k8,0.1757417619228363,0.9844443798065186,0.03304261341691017
0,2048,transformer.h.0.mlp.w1.weight,transformer.h.0.mlp.w1.weight,"(1024, 384)",structural_int4_k8,0.1319027990102768,0.9913101196289062,0.02240733988583088
0,2048,transformer.h.0.mlp.w1.weight,transformer.h.0.mlp.w1.weight,"(1024, 384)",structural_vq64_int3_k8,0.13955754041671753,0.9902800917625427,0.031467851251363754
0,2048,transformer.h.0.mlp.w2.weight,transformer.h.0.mlp.w2.weight,"(1024, 384)",direct_scalar_int4,0.19738419353961945,0.9805121421813965,0.038875848054885864
0,2048,transformer.h.0.mlp.w2.weight,transformer.h.0.mlp.w2.weight,"(1024, 384)",structural_scalar_int3_p98_k8,0.17651082575321198,0.9843074083328247,0.03337930887937546
0,2048,transformer.h.0.mlp.w2.weight,transformer.h.0.mlp.w2.weight,"(1024, 384)",structural_int4_k8,0.1332000494003296,0.9911492466926575,0.021825572475790977
0,2048,transformer.h.0.mlp.w2.weight,transformer.h.0.mlp.w2.weight,"(1024, 384)",structural_vq64_int3_k8,0.1416574865579605,0.9899784326553345,0.03228742629289627
0,2048,transformer.h.0.mlp.c_proj.weight,transformer.h.0.mlp.c_proj.weight,"(384, 1024)",direct_scalar_int4,0.22570236027240753,0.9743331074714661,0.05681519955396652
0,2048,transformer.h.0.mlp.c_proj.weight,transformer.h.0.mlp.c_proj.weight,"(384, 1024)",structural_scalar_int3_p98_k8,0.19657231867313385,0.9804989099502563,0.058755338191986084
0,2048,transformer.h.0.mlp.c_proj.weight,transformer.h.0.mlp.c_proj.weight,"(384, 1024)",structural_int4_k8,0.1534801572561264,0.9882185459136963,0.03084631636738777
0,2048,transformer.h.0.mlp.c_proj.weight,transformer.h.0.mlp.c_proj.weight,"(384, 1024)",structural_vq64_int3_k8,0.1610531061887741,0.9870672225952148,0.061996977776288986
0,2048,transformer.h.1.attn.c_attn.weight,transformer.h.1.attn.c_attn.weight,"(1152, 384)",direct_scalar_int4,0.19039571285247803,0.9819484949111938,0.042005233466625214
0,2048,transformer.h.1.attn.c_attn.weight,transformer.h.1.attn.c_attn.weight,"(1152, 384)",structural_scalar_int3_p98_k8,0.11034233123064041,0.9938971996307373,0.016778433695435524
0,2048,transformer.h.1.attn.c_attn.weight,transformer.h.1.attn.c_attn.weight,"(1152, 384)",structural_int4_k8,0.0788150206208229,0.9968987107276917,0.011088795028626919
0,2048,transformer.h.1.attn.c_attn.weight,transformer.h.1.attn.c_attn.weight,"(1152, 384)",structural_vq64_int3_k8,0.08226821571588516,0.9966163039207458,0.014920713379979134
0,2048,transformer.h.1.attn.c_proj.weight,transformer.h.1.attn.c_proj.weight,"(384, 384)",direct_scalar_int4,0.18544192612171173,0.9828436374664307,0.03150777891278267
0,2048,transformer.h.1.attn.c_proj.weight,transformer.h.1.attn.c_proj.weight,"(384, 384)",structural_scalar_int3_p98_k8,0.0955352634191513,0.995428740978241,0.013327735476195812
0,2048,transformer.h.1.attn.c_proj.weight,transformer.h.1.attn.c_proj.weight,"(384, 384)",structural_int4_k8,0.06968068331480026,0.9975770711898804,0.00877179205417633
0,2048,transformer.h.1.attn.c_proj.weight,transformer.h.1.attn.c_proj.weight,"(384, 384)",structural_vq64_int3_k8,0.07144756615161896,0.9974472522735596,0.011922214180231094
0,2048,transformer.h.1.mlp.w1.weight,transformer.h.1.mlp.w1.weight,"(1024, 384)",direct_scalar_int4,0.19397863745689392,0.9811646938323975,0.03816588595509529
0,2048,transformer.h.1.mlp.w1.weight,transformer.h.1.mlp.w1.weight,"(1024, 384)",structural_scalar_int3_p98_k8,0.1683051735162735,0.9857422113418579,0.036250703036785126
0,2048,transformer.h.1.mlp.w1.weight,transformer.h.1.mlp.w1.weight,"(1024, 384)",structural_int4_k8,0.12607182562351227,0.9920560717582703,0.020856335759162903
0,2048,transformer.h.1.mlp.w1.weight,transformer.h.1.mlp.w1.weight,"(1024, 384)",structural_vq64_int3_k8,0.14011399447917938,0.9902173280715942,0.03753462806344032
0,2048,transformer.h.1.mlp.w2.weight,transformer.h.1.mlp.w2.weight,"(1024, 384)",direct_scalar_int4,0.1932891309261322,0.981320321559906,0.03607182577252388
0,2048,transformer.h.1.mlp.w2.weight,transformer.h.1.mlp.w2.weight,"(1024, 384)",structural_scalar_int3_p98_k8,0.16599567234516144,0.9861343502998352,0.0348130539059639
0,2048,transformer.h.1.mlp.w2.weight,transformer.h.1.mlp.w2.weight,"(1024, 384)",structural_int4_k8,0.12498115003108978,0.9921950697898865,0.020179014652967453
0,2048,transformer.h.1.mlp.w2.weight,transformer.h.1.mlp.w2.weight,"(1024, 384)",structural_vq64_int3_k8,0.13904276490211487,0.9903725981712341,0.03665929287672043
0,2048,transformer.h.1.mlp.c_proj.weight,transformer.h.1.mlp.c_proj.weight,"(384, 1024)",direct_scalar_int4,0.2231784462928772,0.9748827219009399,0.05475814640522003
0,2048,transformer.h.1.mlp.c_proj.weight,transformer.h.1.mlp.c_proj.weight,"(384, 1024)",structural_scalar_int3_p98_k8,0.1943875104188919,0.9809549450874329,0.08875183016061783
0,2048,transformer.h.1.mlp.c_proj.weight,transformer.h.1.mlp.c_proj.weight,"(384, 1024)",structural_int4_k8,0.15137942135334015,0.9885303974151611,0.03001384437084198
0,2048,transformer.h.1.mlp.c_proj.weight,transformer.h.1.mlp.c_proj.weight,"(384, 1024)",structural_vq64_int3_k8,0.16893506050109863,0.9857745170593262,0.09450559318065643
0,2048,transformer.h.2.attn.c_attn.weight,transformer.h.2.attn.c_attn.weight,"(1152, 384)",direct_scalar_int4,0.21690499782562256,0.9763862490653992,0.04690888151526451
0,2048,transformer.h.2.attn.c_attn.weight,transformer.h.2.attn.c_attn.weight,"(1152, 384)",structural_scalar_int3_p98_k8,0.10674609243869781,0.9942961931228638,0.019175218418240547
0,2048,transformer.h.2.attn.c_attn.weight,transformer.h.2.attn.c_attn.weight,"(1152, 384)",structural_int4_k8,0.07782059162855148,0.9969891905784607,0.013099713250994682
0,2048,transformer.h.2.attn.c_attn.weight,transformer.h.2.attn.c_attn.weight,"(1152, 384)",structural_vq64_int3_k8,0.08088968694210052,0.996735155582428,0.01676126755774021
0,2048,transformer.h.2.attn.c_proj.weight,transformer.h.2.attn.c_proj.weight,"(384, 384)",direct_scalar_int4,0.1965348869562149,0.980679452419281,0.0341360829770565
0,2048,transformer.h.2.attn.c_proj.weight,transformer.h.2.attn.c_proj.weight,"(384, 384)",structural_scalar_int3_p98_k8,0.11256440728902817,0.9936524629592896,0.022188158705830574
0,2048,transformer.h.2.attn.c_proj.weight,transformer.h.2.attn.c_proj.weight,"(384, 384)",structural_int4_k8,0.08433172106742859,0.9964433312416077,0.011631003580987453
0,2048,transformer.h.2.attn.c_proj.weight,transformer.h.2.attn.c_proj.weight,"(384, 384)",structural_vq64_int3_k8,0.10427923500537872,0.9945829510688782,0.02439514733850956
0,2048,transformer.h.2.mlp.w1.weight,transformer.h.2.mlp.w1.weight,"(1024, 384)",direct_scalar_int4,0.1924193799495697,0.9815062284469604,0.03893682360649109
0,2048,transformer.h.2.mlp.w1.weight,transformer.h.2.mlp.w1.weight,"(1024, 384)",structural_scalar_int3_p98_k8,0.18797938525676727,0.9821807742118835,0.04210050031542778
0,2048,transformer.h.2.mlp.w1.weight,transformer.h.2.mlp.w1.weight,"(1024, 384)",structural_int4_k8,0.14166299998760223,0.9899839758872986,0.030913906171917915
0,2048,transformer.h.2.mlp.w1.weight,transformer.h.2.mlp.w1.weight,"(1024, 384)",structural_vq64_int3_k8,0.15210379660129547,0.9884479641914368,0.04100706800818443
0,2048,transformer.h.2.mlp.w2.weight,transformer.h.2.mlp.w2.weight,"(1024, 384)",direct_scalar_int4,0.19243575632572174,0.9814781546592712,0.04061978682875633
0,2048,transformer.h.2.mlp.w2.weight,transformer.h.2.mlp.w2.weight,"(1024, 384)",structural_scalar_int3_p98_k8,0.19018493592739105,0.9817547798156738,0.042945414781570435
0,2048,transformer.h.2.mlp.w2.weight,transformer.h.2.mlp.w2.weight,"(1024, 384)",structural_int4_k8,0.14378248155117035,0.9896668195724487,0.027431083843111992
0,2048,transformer.h.2.mlp.w2.weight,transformer.h.2.mlp.w2.weight,"(1024, 384)",structural_vq64_int3_k8,0.15582600235939026,0.9878979921340942,0.04437830671668053
0,2048,transformer.h.2.mlp.c_proj.weight,transformer.h.2.mlp.c_proj.weight,"(384, 1024)",direct_scalar_int4,0.2155008465051651,0.9766921401023865,0.06426142901182175
0,2048,transformer.h.2.mlp.c_proj.weight,transformer.h.2.mlp.c_proj.weight,"(384, 1024)",structural_scalar_int3_p98_k8,0.21641750633716583,0.9763152003288269,0.08619105815887451
0,2048,transformer.h.2.mlp.c_proj.weight,transformer.h.2.mlp.c_proj.weight,"(384, 1024)",structural_int4_k8,0.16817297041416168,0.985848605632782,0.0475320890545845
0,2048,transformer.h.2.mlp.c_proj.weight,transformer.h.2.mlp.c_proj.weight,"(384, 1024)",structural_vq64_int3_k8,0.17800381779670715,0.9842182993888855,0.08920411020517349
0,2048,transformer.h.3.attn.c_attn.weight,transformer.h.3.attn.c_attn.weight,"(1152, 384)",direct_scalar_int4,0.19971033930778503,0.9800239205360413,0.04004380851984024
0,2048,transformer.h.3.attn.c_attn.weight,transformer.h.3.attn.c_attn.weight,"(1152, 384)",structural_scalar_int3_p98_k8,0.1317334622144699,0.9912939667701721,0.02387285605072975
0,2048,transformer.h.3.attn.c_attn.weight,transformer.h.3.attn.c_attn.weight,"(1152, 384)",structural_int4_k8,0.09712498635053635,0.9952914118766785,0.01759575679898262
0,2048,transformer.h.3.attn.c_attn.weight,transformer.h.3.attn.c_attn.weight,"(1152, 384)",structural_vq64_int3_k8,0.100221648812294,0.994978666305542,0.02310534007847309
0,2048,transformer.h.3.attn.c_proj.weight,transformer.h.3.attn.c_proj.weight,"(384, 384)",direct_scalar_int4,0.19544728100299835,0.9808844327926636,0.03350763022899628
0,2048,transformer.h.3.attn.c_proj.weight,transformer.h.3.attn.c_proj.weight,"(384, 384)",structural_scalar_int3_p98_k8,0.12844876945018768,0.991721510887146,0.024256810545921326
0,2048,transformer.h.3.attn.c_proj.weight,transformer.h.3.attn.c_proj.weight,"(384, 384)",structural_int4_k8,0.09998320788145065,0.9949977993965149,0.013890605419874191
0,2048,transformer.h.3.attn.c_proj.weight,transformer.h.3.attn.c_proj.weight,"(384, 384)",structural_vq64_int3_k8,0.10896267741918564,0.9940771460533142,0.027056260034441948
0,2048,transformer.h.3.mlp.w1.weight,transformer.h.3.mlp.w1.weight,"(1024, 384)",direct_scalar_int4,0.1929376870393753,0.9814001321792603,0.09901529550552368
0,2048,transformer.h.3.mlp.w1.weight,transformer.h.3.mlp.w1.weight,"(1024, 384)",structural_scalar_int3_p98_k8,0.2060263454914093,0.9785544276237488,0.06653265655040741
0,2048,transformer.h.3.mlp.w1.weight,transformer.h.3.mlp.w1.weight,"(1024, 384)",structural_int4_k8,0.15520016849040985,0.9879675507545471,0.043462663888931274
0,2048,transformer.h.3.mlp.w1.weight,transformer.h.3.mlp.w1.weight,"(1024, 384)",structural_vq64_int3_k8,0.16400578618049622,0.9865826964378357,0.06645720452070236
0,2048,transformer.h.3.mlp.w2.weight,transformer.h.3.mlp.w2.weight,"(1024, 384)",direct_scalar_int4,0.19085216522216797,0.9818037748336792,0.10114523023366928
0,2048,transformer.h.3.mlp.w2.weight,transformer.h.3.mlp.w2.weight,"(1024, 384)",structural_scalar_int3_p98_k8,0.20694118738174438,0.978360652923584,0.07599299401044846
0,2048,transformer.h.3.mlp.w2.weight,transformer.h.3.mlp.w2.weight,"(1024, 384)",structural_int4_k8,0.15583138167858124,0.9878771305084229,0.045081499963998795
0,2048,transformer.h.3.mlp.w2.weight,transformer.h.3.mlp.w2.weight,"(1024, 384)",structural_vq64_int3_k8,0.16683658957481384,0.9861140847206116,0.07816558331251144
0,2048,transformer.h.3.mlp.c_proj.weight,transformer.h.3.mlp.c_proj.weight,"(384, 1024)",direct_scalar_int4,0.21384723484516144,0.9770371317863464,0.06987819820642471
0,2048,transformer.h.3.mlp.c_proj.weight,transformer.h.3.mlp.c_proj.weight,"(384, 1024)",structural_scalar_int3_p98_k8,0.2176496684551239,0.9760341644287109,0.08308503776788712
0,2048,transformer.h.3.mlp.c_proj.weight,transformer.h.3.mlp.c_proj.weight,"(384, 1024)",structural_int4_k8,0.16856981813907623,0.9857959151268005,0.05007299780845642
0,2048,transformer.h.3.mlp.c_proj.weight,transformer.h.3.mlp.c_proj.weight,"(384, 1024)",structural_vq64_int3_k8,0.17495746910572052,0.9847339391708374,0.08233844488859177
0,2048,transformer.h.4.attn.c_attn.weight,transformer.h.4.attn.c_attn.weight,"(1152, 384)",direct_scalar_int4,0.1954520344734192,0.980922281742096,0.05231388658285141
0,2048,transformer.h.4.attn.c_attn.weight,transformer.h.4.attn.c_attn.weight,"(1152, 384)",structural_scalar_int3_p98_k8,0.1523578017950058,0.9883289933204651,0.03639018535614014
0,2048,transformer.h.4.attn.c_attn.weight,transformer.h.4.attn.c_attn.weight,"(1152, 384)",structural_int4_k8,0.11073405295610428,0.9938738346099854,0.02543712593615055
0,2048,transformer.h.4.attn.c_attn.weight,transformer.h.4.attn.c_attn.weight,"(1152, 384)",structural_vq64_int3_k8,0.11419820785522461,0.9934893846511841,0.03178674727678299
0,2048,transformer.h.4.attn.c_proj.weight,transformer.h.4.attn.c_proj.weight,"(384, 384)",direct_scalar_int4,0.18526440858840942,0.9828630089759827,0.03904421254992485
0,2048,transformer.h.4.attn.c_proj.weight,transformer.h.4.attn.c_proj.weight,"(384, 384)",structural_scalar_int3_p98_k8,0.1562524139881134,0.9877265691757202,0.03235945478081703
0,2048,transformer.h.4.attn.c_proj.weight,transformer.h.4.attn.c_proj.weight,"(384, 384)",structural_int4_k8,0.11245233565568924,0.9936941266059875,0.0226418636739254
0,2048,transformer.h.4.attn.c_proj.weight,transformer.h.4.attn.c_proj.weight,"(384, 384)",structural_vq64_int3_k8,0.115729421377182,0.9932961463928223,0.026631778106093407
0,2048,transformer.h.4.mlp.w1.weight,transformer.h.4.mlp.w1.weight,"(1024, 384)",direct_scalar_int4,0.19779977202415466,0.9804322123527527,0.07184446603059769
0,2048,transformer.h.4.mlp.w1.weight,transformer.h.4.mlp.w1.weight,"(1024, 384)",structural_scalar_int3_p98_k8,0.21174846589565277,0.9773309826850891,0.08622723817825317
0,2048,transformer.h.4.mlp.w1.weight,transformer.h.4.mlp.w1.weight,"(1024, 384)",structural_int4_k8,0.15940776467323303,0.9873020648956299,0.05600562319159508
0,2048,transformer.h.4.mlp.w1.weight,transformer.h.4.mlp.w1.weight,"(1024, 384)",structural_vq64_int3_k8,0.17120060324668884,0.9853881001472473,0.08877728879451752
0,2048,transformer.h.4.mlp.w2.weight,transformer.h.4.mlp.w2.weight,"(1024, 384)",direct_scalar_int4,0.1990896314382553,0.9801701903343201,0.0736575573682785
0,2048,transformer.h.4.mlp.w2.weight,transformer.h.4.mlp.w2.weight,"(1024, 384)",structural_scalar_int3_p98_k8,0.20970873534679413,0.9777712821960449,0.07835076004266739
0,2048,transformer.h.4.mlp.w2.weight,transformer.h.4.mlp.w2.weight,"(1024, 384)",structural_int4_k8,0.15854890644550323,0.9874319434165955,0.04900509864091873
0,2048,transformer.h.4.mlp.w2.weight,transformer.h.4.mlp.w2.weight,"(1024, 384)",structural_vq64_int3_k8,0.17164959013462067,0.9853113293647766,0.0808510109782219
0,2048,transformer.h.4.mlp.c_proj.weight,transformer.h.4.mlp.c_proj.weight,"(384, 1024)",direct_scalar_int4,0.21283762156963348,0.9772874712944031,0.04952220246195793
0,2048,transformer.h.4.mlp.c_proj.weight,transformer.h.4.mlp.c_proj.weight,"(384, 1024)",structural_scalar_int3_p98_k8,0.20521831512451172,0.9787291884422302,0.060854844748973846
0,2048,transformer.h.4.mlp.c_proj.weight,transformer.h.4.mlp.c_proj.weight,"(384, 1024)",structural_int4_k8,0.16063335537910461,0.9870869517326355,0.03215953707695007
0,2048,transformer.h.4.mlp.c_proj.weight,transformer.h.4.mlp.c_proj.weight,"(384, 1024)",structural_vq64_int3_k8,0.16951435804367065,0.9856739044189453,0.06418517976999283
0,2048,transformer.h.5.attn.c_attn.weight,transformer.h.5.attn.c_attn.weight,"(1152, 384)",direct_scalar_int4,0.2066354751586914,0.9786057472229004,0.05511341616511345
0,2048,transformer.h.5.attn.c_attn.weight,transformer.h.5.attn.c_attn.weight,"(1152, 384)",structural_scalar_int3_p98_k8,0.15565982460975647,0.98781818151474,0.041214801371097565
0,2048,transformer.h.5.attn.c_attn.weight,transformer.h.5.attn.c_attn.weight,"(1152, 384)",structural_int4_k8,0.11458543688058853,0.9934495687484741,0.02852501906454563
0,2048,transformer.h.5.attn.c_attn.weight,transformer.h.5.attn.c_attn.weight,"(1152, 384)",structural_vq64_int3_k8,0.11714204400777817,0.9931355714797974,0.03804633766412735
0,2048,transformer.h.5.attn.c_proj.weight,transformer.h.5.attn.c_proj.weight,"(384, 384)",direct_scalar_int4,0.18637634813785553,0.9826595783233643,0.037271786481142044
0,2048,transformer.h.5.attn.c_proj.weight,transformer.h.5.attn.c_proj.weight,"(384, 384)",structural_scalar_int3_p98_k8,0.14337851107120514,0.989678144454956,0.026064442470669746
0,2048,transformer.h.5.attn.c_proj.weight,transformer.h.5.attn.c_proj.weight,"(384, 384)",structural_int4_k8,0.10387974232435226,0.9946161508560181,0.01865716464817524
0,2048,transformer.h.5.attn.c_proj.weight,transformer.h.5.attn.c_proj.weight,"(384, 384)",structural_vq64_int3_k8,0.10642857104539871,0.9943327307701111,0.02305222861468792
0,2048,transformer.h.5.mlp.w1.weight,transformer.h.5.mlp.w1.weight,"(1024, 384)",direct_scalar_int4,0.21111522614955902,0.9775819778442383,0.16299103200435638
0,2048,transformer.h.5.mlp.w1.weight,transformer.h.5.mlp.w1.weight,"(1024, 384)",structural_scalar_int3_p98_k8,0.17644210159778595,0.984320342540741,0.03978808969259262
0,2048,transformer.h.5.mlp.w1.weight,transformer.h.5.mlp.w1.weight,"(1024, 384)",structural_int4_k8,0.1344572752714157,0.9909740090370178,0.02432047761976719
0,2048,transformer.h.5.mlp.w1.weight,transformer.h.5.mlp.w1.weight,"(1024, 384)",structural_vq64_int3_k8,0.14641235768795013,0.9893086552619934,0.04258554056286812
0,2048,transformer.h.5.mlp.w2.weight,transformer.h.5.mlp.w2.weight,"(1024, 384)",direct_scalar_int4,0.2068072408437729,0.9785895347595215,0.1615964025259018
0,2048,transformer.h.5.mlp.w2.weight,transformer.h.5.mlp.w2.weight,"(1024, 384)",structural_scalar_int3_p98_k8,0.17632842063903809,0.9843410849571228,0.038937829434871674
0,2048,transformer.h.5.mlp.w2.weight,transformer.h.5.mlp.w2.weight,"(1024, 384)",structural_int4_k8,0.13326720893383026,0.9911306500434875,0.024095183238387108
0,2048,transformer.h.5.mlp.w2.weight,transformer.h.5.mlp.w2.weight,"(1024, 384)",structural_vq64_int3_k8,0.14523527026176453,0.9894838333129883,0.03965863212943077
0,2048,transformer.h.5.mlp.c_proj.weight,transformer.h.5.mlp.c_proj.weight,"(384, 1024)",direct_scalar_int4,0.22448627650737762,0.9745948314666748,0.05017050728201866
0,2048,transformer.h.5.mlp.c_proj.weight,transformer.h.5.mlp.c_proj.weight,"(384, 1024)",structural_scalar_int3_p98_k8,0.166514053940773,0.9860566258430481,0.0447169728577137
0,2048,transformer.h.5.mlp.c_proj.weight,transformer.h.5.mlp.c_proj.weight,"(384, 1024)",structural_int4_k8,0.13131877779960632,0.9913649559020996,0.017485568299889565
0,2048,transformer.h.5.mlp.c_proj.weight,transformer.h.5.mlp.c_proj.weight,"(384, 1024)",structural_vq64_int3_k8,0.14372940361499786,0.9897003769874573,0.04858211427927017
0,4096,transformer.h.0.attn.c_attn.weight,transformer.h.0.attn.c_attn.weight,"(1152, 384)",direct_scalar_int4,0.20489484071731567,0.9789349436759949,0.04150114208459854
0,4096,transformer.h.0.attn.c_attn.weight,transformer.h.0.attn.c_attn.weight,"(1152, 384)",structural_scalar_int3_p98_k8,0.10187186300754547,0.9948009848594666,0.018328364938497543
0,4096,transformer.h.0.attn.c_attn.weight,transformer.h.0.attn.c_attn.weight,"(1152, 384)",structural_int4_k8,0.07470832765102386,0.9972137808799744,0.012286319397389889
0,4096,transformer.h.0.attn.c_attn.weight,transformer.h.0.attn.c_attn.weight,"(1152, 384)",structural_vq64_int3_k8,0.07685420662164688,0.9970471262931824,0.017723746597766876
0,4096,transformer.h.0.attn.c_proj.weight,transformer.h.0.attn.c_proj.weight,"(384, 384)",direct_scalar_int4,0.20989933609962463,0.9778779149055481,0.04118910804390907
0,4096,transformer.h.0.attn.c_proj.weight,transformer.h.0.attn.c_proj.weight,"(384, 384)",structural_scalar_int3_p98_k8,0.08545450121164322,0.9963436126708984,0.014137868769466877
0,4096,transformer.h.0.attn.c_proj.weight,transformer.h.0.attn.c_proj.weight,"(384, 384)",structural_int4_k8,0.06280689686536789,0.9980287551879883,0.009541687555611134
0,4096,transformer.h.0.attn.c_proj.weight,transformer.h.0.attn.c_proj.weight,"(384, 384)",structural_vq64_int3_k8,0.06432750076055527,0.9979340434074402,0.014150189235806465
0,4096,transformer.h.0.mlp.w1.weight,transformer.h.0.mlp.w1.weight,"(1024, 384)",direct_scalar_int4,0.20000310242176056,0.9799618721008301,0.04223111644387245
0,4096,transformer.h.0.mlp.w1.weight,transformer.h.0.mlp.w1.weight,"(1024, 384)",structural_scalar_int3_p98_k8,0.1692221611738205,0.9855851531028748,0.030239060521125793
0,4096,transformer.h.0.mlp.w1.weight,transformer.h.0.mlp.w1.weight,"(1024, 384)",structural_int4_k8,0.1272716373205185,0.991919994354248,0.021432694047689438
0,4096,transformer.h.0.mlp.w1.weight,transformer.h.0.mlp.w1.weight,"(1024, 384)",structural_vq64_int3_k8,0.13454526662826538,0.9909586310386658,0.028393663465976715
0,4096,transformer.h.0.mlp.w2.weight,transformer.h.0.mlp.w2.weight,"(1024, 384)",direct_scalar_int4,0.20347504317760468,0.9792478680610657,0.044197551906108856
0,4096,transformer.h.0.mlp.w2.weight,transformer.h.0.mlp.w2.weight,"(1024, 384)",structural_scalar_int3_p98_k8,0.16796308755874634,0.9858008623123169,0.028783995658159256
0,4096,transformer.h.0.mlp.w2.weight,transformer.h.0.mlp.w2.weight,"(1024, 384)",structural_int4_k8,0.1267879754304886,0.9919772148132324,0.02010338194668293
0,4096,transformer.h.0.mlp.w2.weight,transformer.h.0.mlp.w2.weight,"(1024, 384)",structural_vq64_int3_k8,0.13504667580127716,0.9908946752548218,0.027336768805980682
0,4096,transformer.h.0.mlp.c_proj.weight,transformer.h.0.mlp.c_proj.weight,"(384, 1024)",direct_scalar_int4,0.23137813806533813,0.9729418754577637,0.05545870587229729
0,4096,transformer.h.0.mlp.c_proj.weight,transformer.h.0.mlp.c_proj.weight,"(384, 1024)",structural_scalar_int3_p98_k8,0.18340931832790375,0.9830480217933655,0.044040706008672714
0,4096,transformer.h.0.mlp.c_proj.weight,transformer.h.0.mlp.c_proj.weight,"(384, 1024)",structural_int4_k8,0.14311835169792175,0.9897559881210327,0.02375590056180954
0,4096,transformer.h.0.mlp.c_proj.weight,transformer.h.0.mlp.c_proj.weight,"(384, 1024)",structural_vq64_int3_k8,0.14991678297519684,0.9888030886650085,0.04514651000499725
0,4096,transformer.h.1.attn.c_attn.weight,transformer.h.1.attn.c_attn.weight,"(1152, 384)",direct_scalar_int4,0.19675154983997345,0.980620265007019,0.033344563096761703
0,4096,transformer.h.1.attn.c_attn.weight,transformer.h.1.attn.c_attn.weight,"(1152, 384)",structural_scalar_int3_p98_k8,0.09835027158260345,0.9951552152633667,0.013018599711358547
0,4096,transformer.h.1.attn.c_attn.weight,transformer.h.1.attn.c_attn.weight,"(1152, 384)",structural_int4_k8,0.0715763047337532,0.9974427223205566,0.009231212548911572
0,4096,transformer.h.1.attn.c_attn.weight,transformer.h.1.attn.c_attn.weight,"(1152, 384)",structural_vq64_int3_k8,0.07330407202243805,0.9973138570785522,0.011152214370667934
0,4096,transformer.h.1.attn.c_proj.weight,transformer.h.1.attn.c_proj.weight,"(384, 384)",direct_scalar_int4,0.18741226196289062,0.9824528098106384,0.027906186878681183
0,4096,transformer.h.1.attn.c_proj.weight,transformer.h.1.attn.c_proj.weight,"(384, 384)",structural_scalar_int3_p98_k8,0.0795108899474144,0.9968363642692566,0.00951432902365923
0,4096,transformer.h.1.attn.c_proj.weight,transformer.h.1.attn.c_proj.weight,"(384, 384)",structural_int4_k8,0.05718722939491272,0.9983668923377991,0.006615715567022562
0,4096,transformer.h.1.attn.c_proj.weight,transformer.h.1.attn.c_proj.weight,"(384, 384)",structural_vq64_int3_k8,0.05917036533355713,0.9982516765594482,0.00866131205111742
0,4096,transformer.h.1.mlp.w1.weight,transformer.h.1.mlp.w1.weight,"(1024, 384)",direct_scalar_int4,0.19477467238903046,0.9810205698013306,0.03999093547463417
0,4096,transformer.h.1.mlp.w1.weight,transformer.h.1.mlp.w1.weight,"(1024, 384)",structural_scalar_int3_p98_k8,0.1620936095714569,0.9867824912071228,0.030243784189224243
0,4096,transformer.h.1.mlp.w1.weight,transformer.h.1.mlp.w1.weight,"(1024, 384)",structural_int4_k8,0.12227752059698105,0.9925287365913391,0.018717817962169647
0,4096,transformer.h.1.mlp.w1.weight,transformer.h.1.mlp.w1.weight,"(1024, 384)",structural_vq64_int3_k8,0.13407151401042938,0.9910408854484558,0.031453199684619904
0,4096,transformer.h.1.mlp.w2.weight,transformer.h.1.mlp.w2.weight,"(1024, 384)",direct_scalar_int4,0.19626644253730774,0.9807117581367493,0.03689109906554222
0,4096,transformer.h.1.mlp.w2.weight,transformer.h.1.mlp.w2.weight,"(1024, 384)",structural_scalar_int3_p98_k8,0.1642632931470871,0.9864267110824585,0.032021891325712204
0,4096,transformer.h.1.mlp.w2.weight,transformer.h.1.mlp.w2.weight,"(1024, 384)",structural_int4_k8,0.12408548593521118,0.9923009276390076,0.0204537995159626
0,4096,transformer.h.1.mlp.w2.weight,transformer.h.1.mlp.w2.weight,"(1024, 384)",structural_vq64_int3_k8,0.13756199181079865,0.99058598279953,0.03328346461057663
0,4096,transformer.h.1.mlp.c_proj.weight,transformer.h.1.mlp.c_proj.weight,"(384, 1024)",direct_scalar_int4,0.22370906174182892,0.974739670753479,0.0552433617413044
0,4096,transformer.h.1.mlp.c_proj.weight,transformer.h.1.mlp.c_proj.weight,"(384, 1024)",structural_scalar_int3_p98_k8,0.180106982588768,0.9836663007736206,0.04931923374533653
0,4096,transformer.h.1.mlp.c_proj.weight,transformer.h.1.mlp.c_proj.weight,"(384, 1024)",structural_int4_k8,0.14013884961605072,0.9901729226112366,0.02529812604188919
0,4096,transformer.h.1.mlp.c_proj.weight,transformer.h.1.mlp.c_proj.weight,"(384, 1024)",structural_vq64_int3_k8,0.15270879864692688,0.9883923530578613,0.053069353103637695
0,4096,transformer.h.2.attn.c_attn.weight,transformer.h.2.attn.c_attn.weight,"(1152, 384)",direct_scalar_int4,0.2189941257238388,0.9759039282798767,0.054808709770441055
0,4096,transformer.h.2.attn.c_attn.weight,transformer.h.2.attn.c_attn.weight,"(1152, 384)",structural_scalar_int3_p98_k8,0.0913628339767456,0.9958285689353943,0.014764486812055111
0,4096,transformer.h.2.attn.c_attn.weight,transformer.h.2.attn.c_attn.weight,"(1152, 384)",structural_int4_k8,0.06593544781208038,0.9978402853012085,0.01054409984499216
0,4096,transformer.h.2.attn.c_attn.weight,transformer.h.2.attn.c_attn.weight,"(1152, 384)",structural_vq64_int3_k8,0.068151094019413,0.9976796507835388,0.012437378987669945
0,4096,transformer.h.2.attn.c_proj.weight,transformer.h.2.attn.c_proj.weight,"(384, 384)",direct_scalar_int4,0.19531431794166565,0.9808902144432068,0.040037136524915695
0,4096,transformer.h.2.attn.c_proj.weight,transformer.h.2.attn.c_proj.weight,"(384, 384)",structural_scalar_int3_p98_k8,0.10138744115829468,0.9948511123657227,0.017751891165971756
0,4096,transformer.h.2.attn.c_proj.weight,transformer.h.2.attn.c_proj.weight,"(384, 384)",structural_int4_k8,0.07514802366495132,0.9971796870231628,0.009962494485080242
0,4096,transformer.h.2.attn.c_proj.weight,transformer.h.2.attn.c_proj.weight,"(384, 384)",structural_vq64_int3_k8,0.09306693077087402,0.99567711353302,0.019456367939710617
0,4096,transformer.h.2.mlp.w1.weight,transformer.h.2.mlp.w1.weight,"(1024, 384)",direct_scalar_int4,0.19247499108314514,0.9814746379852295,0.038464244455099106
0,4096,transformer.h.2.mlp.w1.weight,transformer.h.2.mlp.w1.weight,"(1024, 384)",structural_scalar_int3_p98_k8,0.18923866748809814,0.9819393157958984,0.0397832915186882
0,4096,transformer.h.2.mlp.w1.weight,transformer.h.2.mlp.w1.weight,"(1024, 384)",structural_int4_k8,0.14258873462677002,0.9898390173912048,0.027051813900470734
0,4096,transformer.h.2.mlp.w1.weight,transformer.h.2.mlp.w1.weight,"(1024, 384)",structural_vq64_int3_k8,0.1515614539384842,0.9885455369949341,0.0380241759121418
0,4096,transformer.h.2.mlp.w2.weight,transformer.h.2.mlp.w2.weight,"(1024, 384)",direct_scalar_int4,0.19215112924575806,0.9815354943275452,0.042347025126218796
0,4096,transformer.h.2.mlp.w2.weight,transformer.h.2.mlp.w2.weight,"(1024, 384)",structural_scalar_int3_p98_k8,0.1888878494501114,0.9820059537887573,0.03923904523253441
0,4096,transformer.h.2.mlp.w2.weight,transformer.h.2.mlp.w2.weight,"(1024, 384)",structural_int4_k8,0.14300335943698883,0.9897828102111816,0.02593335323035717
0,4096,transformer.h.2.mlp.w2.weight,transformer.h.2.mlp.w2.weight,"(1024, 384)",structural_vq64_int3_k8,0.1523427665233612,0.9884277582168579,0.0392213873565197
0,4096,transformer.h.2.mlp.c_proj.weight,transformer.h.2.mlp.c_proj.weight,"(384, 1024)",direct_scalar_int4,0.2090187668800354,0.9780803918838501,0.0544956736266613
0,4096,transformer.h.2.mlp.c_proj.weight,transformer.h.2.mlp.c_proj.weight,"(384, 1024)",structural_scalar_int3_p98_k8,0.2135198563337326,0.9769482016563416,0.07272327691316605
0,4096,transformer.h.2.mlp.c_proj.weight,transformer.h.2.mlp.c_proj.weight,"(384, 1024)",structural_int4_k8,0.165252223610878,0.9863478541374207,0.04173942655324936
0,4096,transformer.h.2.mlp.c_proj.weight,transformer.h.2.mlp.c_proj.weight,"(384, 1024)",structural_vq64_int3_k8,0.1725567728281021,0.9851503372192383,0.07450666278600693
0,4096,transformer.h.3.attn.c_attn.weight,transformer.h.3.attn.c_attn.weight,"(1152, 384)",direct_scalar_int4,0.19906321167945862,0.9801254272460938,0.04714464768767357
0,4096,transformer.h.3.attn.c_attn.weight,transformer.h.3.attn.c_attn.weight,"(1152, 384)",structural_scalar_int3_p98_k8,0.10478992015123367,0.9944992065429688,0.017027873545885086
0,4096,transformer.h.3.attn.c_attn.weight,transformer.h.3.attn.c_attn.weight,"(1152, 384)",structural_int4_k8,0.07750256359577179,0.9970019459724426,0.012018153443932533
0,4096,transformer.h.3.attn.c_attn.weight,transformer.h.3.attn.c_attn.weight,"(1152, 384)",structural_vq64_int3_k8,0.07869861274957657,0.9969068765640259,0.014385716989636421
0,4096,transformer.h.3.attn.c_proj.weight,transformer.h.3.attn.c_proj.weight,"(384, 384)",direct_scalar_int4,0.1952381581068039,0.9809301495552063,0.03352660313248634
0,4096,transformer.h.3.attn.c_proj.weight,transformer.h.3.attn.c_proj.weight,"(384, 384)",structural_scalar_int3_p98_k8,0.12090031802654266,0.9926695227622986,0.02189217135310173
0,4096,transformer.h.3.attn.c_proj.weight,transformer.h.3.attn.c_proj.weight,"(384, 384)",structural_int4_k8,0.0932651236653328,0.9956539273262024,0.012623202987015247
0,4096,transformer.h.3.attn.c_proj.weight,transformer.h.3.attn.c_proj.weight,"(384, 384)",structural_vq64_int3_k8,0.1054624542593956,0.9944474697113037,0.02449086494743824
0,4096,transformer.h.3.mlp.w1.weight,transformer.h.3.mlp.w1.weight,"(1024, 384)",direct_scalar_int4,0.1896170973777771,0.9820744395256042,0.061859894543886185
0,4096,transformer.h.3.mlp.w1.weight,transformer.h.3.mlp.w1.weight,"(1024, 384)",structural_scalar_int3_p98_k8,0.20997679233551025,0.977716863155365,0.07315293699502945
0,4096,transformer.h.3.mlp.w1.weight,transformer.h.3.mlp.w1.weight,"(1024, 384)",structural_int4_k8,0.1572260707616806,0.987658679485321,0.045310717076063156
0,4096,transformer.h.3.mlp.w1.weight,transformer.h.3.mlp.w1.weight,"(1024, 384)",structural_vq64_int3_k8,0.16491219401359558,0.9864201545715332,0.07599564641714096
0,4096,transformer.h.3.mlp.w2.weight,transformer.h.3.mlp.w2.weight,"(1024, 384)",direct_scalar_int4,0.19241826236248016,0.9815213680267334,0.06401083618402481
0,4096,transformer.h.3.mlp.w2.weight,transformer.h.3.mlp.w2.weight,"(1024, 384)",structural_scalar_int3_p98_k8,0.20907725393772125,0.9779080748558044,0.09161103516817093
0,4096,transformer.h.3.mlp.w2.weight,transformer.h.3.mlp.w2.weight,"(1024, 384)",structural_int4_k8,0.15675489604473114,0.9877350926399231,0.046286825090646744
0,4096,transformer.h.3.mlp.w2.weight,transformer.h.3.mlp.w2.weight,"(1024, 384)",structural_vq64_int3_k8,0.1665971726179123,0.986150860786438,0.09684251248836517
0,4096,transformer.h.3.mlp.c_proj.weight,transformer.h.3.mlp.c_proj.weight,"(384, 1024)",direct_scalar_int4,0.20716571807861328,0.9785077571868896,0.06226891279220581
0,4096,transformer.h.3.mlp.c_proj.weight,transformer.h.3.mlp.c_proj.weight,"(384, 1024)",structural_scalar_int3_p98_k8,0.21650685369968414,0.9762893915176392,0.06814303994178772
0,4096,transformer.h.3.mlp.c_proj.weight,transformer.h.3.mlp.c_proj.weight,"(384, 1024)",structural_int4_k8,0.16605481505393982,0.9862284660339355,0.04582245647907257
0,4096,transformer.h.3.mlp.c_proj.weight,transformer.h.3.mlp.c_proj.weight,"(384, 1024)",structural_vq64_int3_k8,0.1698896437883377,0.9855962991714478,0.06578901410102844
0,4096,transformer.h.4.attn.c_attn.weight,transformer.h.4.attn.c_attn.weight,"(1152, 384)",direct_scalar_int4,0.20108965039253235,0.9797620177268982,0.04675847291946411
0,4096,transformer.h.4.attn.c_attn.weight,transformer.h.4.attn.c_attn.weight,"(1152, 384)",structural_scalar_int3_p98_k8,0.1510012298822403,0.9885436296463013,0.029543494805693626
0,4096,transformer.h.4.attn.c_attn.weight,transformer.h.4.attn.c_attn.weight,"(1152, 384)",structural_int4_k8,0.1100471243262291,0.99395751953125,0.02115400694310665
0,4096,transformer.h.4.attn.c_attn.weight,transformer.h.4.attn.c_attn.weight,"(1152, 384)",structural_vq64_int3_k8,0.1133168563246727,0.9935764074325562,0.02650928683578968
0,4096,transformer.h.4.attn.c_proj.weight,transformer.h.4.attn.c_proj.weight,"(384, 384)",direct_scalar_int4,0.18779079616069794,0.9824262261390686,0.03682735189795494
0,4096,transformer.h.4.attn.c_proj.weight,transformer.h.4.attn.c_proj.weight,"(384, 384)",structural_scalar_int3_p98_k8,0.15696415305137634,0.987612247467041,0.029561076313257217
0,4096,transformer.h.4.attn.c_proj.weight,transformer.h.4.attn.c_proj.weight,"(384, 384)",structural_int4_k8,0.11505069583654404,0.993389368057251,0.02141067385673523
0,4096,transformer.h.4.attn.c_proj.weight,transformer.h.4.attn.c_proj.weight,"(384, 384)",structural_vq64_int3_k8,0.11699248105287552,0.9931583404541016,0.02453513815999031
0,4096,transformer.h.4.mlp.w1.weight,transformer.h.4.mlp.w1.weight,"(1024, 384)",direct_scalar_int4,0.19854982197284698,0.980290949344635,0.06712201237678528
0,4096,transformer.h.4.mlp.w1.weight,transformer.h.4.mlp.w1.weight,"(1024, 384)",structural_scalar_int3_p98_k8,0.21171081066131592,0.9773395657539368,0.07472552359104156
0,4096,transformer.h.4.mlp.w1.weight,transformer.h.4.mlp.w1.weight,"(1024, 384)",structural_int4_k8,0.15973174571990967,0.987248420715332,0.05077817663550377
0,4096,transformer.h.4.mlp.w1.weight,transformer.h.4.mlp.w1.weight,"(1024, 384)",structural_vq64_int3_k8,0.16898323595523834,0.9857511520385742,0.07249182462692261
0,4096,transformer.h.4.mlp.w2.weight,transformer.h.4.mlp.w2.weight,"(1024, 384)",direct_scalar_int4,0.1988091617822647,0.9802494049072266,0.07417085021734238
0,4096,transformer.h.4.mlp.w2.weight,transformer.h.4.mlp.w2.weight,"(1024, 384)",structural_scalar_int3_p98_k8,0.2120591551065445,0.9772635698318481,0.07761483639478683
0,4096,transformer.h.4.mlp.w2.weight,transformer.h.4.mlp.w2.weight,"(1024, 384)",structural_int4_k8,0.1608278900384903,0.9870941638946533,0.05197857692837715
0,4096,transformer.h.4.mlp.w2.weight,transformer.h.4.mlp.w2.weight,"(1024, 384)",structural_vq64_int3_k8,0.16982804238796234,0.9856156706809998,0.0735362097620964
0,4096,transformer.h.4.mlp.c_proj.weight,transformer.h.4.mlp.c_proj.weight,"(384, 1024)",direct_scalar_int4,0.20983818173408508,0.9779203534126282,0.04817577823996544
0,4096,transformer.h.4.mlp.c_proj.weight,transformer.h.4.mlp.c_proj.weight,"(384, 1024)",structural_scalar_int3_p98_k8,0.20132049918174744,0.9795335531234741,0.05980006605386734
0,4096,transformer.h.4.mlp.c_proj.weight,transformer.h.4.mlp.c_proj.weight,"(384, 1024)",structural_int4_k8,0.15725329518318176,0.9876287579536438,0.030392972752451897
0,4096,transformer.h.4.mlp.c_proj.weight,transformer.h.4.mlp.c_proj.weight,"(384, 1024)",structural_vq64_int3_k8,0.1624547243118286,0.9868400692939758,0.061784692108631134
0,4096,transformer.h.5.attn.c_attn.weight,transformer.h.5.attn.c_attn.weight,"(1152, 384)",direct_scalar_int4,0.21506913006305695,0.9767650365829468,0.0540686659514904
0,4096,transformer.h.5.attn.c_attn.weight,transformer.h.5.attn.c_attn.weight,"(1152, 384)",structural_scalar_int3_p98_k8,0.15476183593273163,0.9879578351974487,0.03801730275154114
0,4096,transformer.h.5.attn.c_attn.weight,transformer.h.5.attn.c_attn.weight,"(1152, 384)",structural_int4_k8,0.11289101839065552,0.9936391115188599,0.02599352039396763
0,4096,transformer.h.5.attn.c_attn.weight,transformer.h.5.attn.c_attn.weight,"(1152, 384)",structural_vq64_int3_k8,0.1158645823597908,0.9932900071144104,0.0381530225276947
0,4096,transformer.h.5.attn.c_proj.weight,transformer.h.5.attn.c_proj.weight,"(384, 384)",direct_scalar_int4,0.1834418624639511,0.9832293391227722,0.037555545568466187
0,4096,transformer.h.5.attn.c_proj.weight,transformer.h.5.attn.c_proj.weight,"(384, 384)",structural_scalar_int3_p98_k8,0.14981642365455627,0.9887239336967468,0.029666727408766747
0,4096,transformer.h.5.attn.c_proj.weight,transformer.h.5.attn.c_proj.weight,"(384, 384)",structural_int4_k8,0.10850861668586731,0.9941228628158569,0.021223925054073334
0,4096,transformer.h.5.attn.c_proj.weight,transformer.h.5.attn.c_proj.weight,"(384, 384)",structural_vq64_int3_k8,0.1110166534781456,0.9938359260559082,0.02473520115017891
0,4096,transformer.h.5.mlp.w1.weight,transformer.h.5.mlp.w1.weight,"(1024, 384)",direct_scalar_int4,0.21962356567382812,0.9756832718849182,0.19419793784618378
0,4096,transformer.h.5.mlp.w1.weight,transformer.h.5.mlp.w1.weight,"(1024, 384)",structural_scalar_int3_p98_k8,0.1853250116109848,0.9826881885528564,0.05021149665117264
0,4096,transformer.h.5.mlp.w1.weight,transformer.h.5.mlp.w1.weight,"(1024, 384)",structural_int4_k8,0.14182955026626587,0.9899601340293884,0.029008284211158752
0,4096,transformer.h.5.mlp.w1.weight,transformer.h.5.mlp.w1.weight,"(1024, 384)",structural_vq64_int3_k8,0.153158500790596,0.9883090853691101,0.05303020775318146
0,4096,transformer.h.5.mlp.w2.weight,transformer.h.5.mlp.w2.weight,"(1024, 384)",direct_scalar_int4,0.21901947259902954,0.9758556485176086,0.19200968742370605
0,4096,transformer.h.5.mlp.w2.weight,transformer.h.5.mlp.w2.weight,"(1024, 384)",structural_scalar_int3_p98_k8,0.18343324959278107,0.9830435514450073,0.0558905191719532
0,4096,transformer.h.5.mlp.w2.weight,transformer.h.5.mlp.w2.weight,"(1024, 384)",structural_int4_k8,0.13992485404014587,0.9902140498161316,0.02944611944258213
0,4096,transformer.h.5.mlp.w2.weight,transformer.h.5.mlp.w2.weight,"(1024, 384)",structural_vq64_int3_k8,0.1518944799900055,0.9885153770446777,0.060730766505002975
0,4096,transformer.h.5.mlp.c_proj.weight,transformer.h.5.mlp.c_proj.weight,"(384, 1024)",direct_scalar_int4,0.22554495930671692,0.9743670225143433,0.06291799992322922
0,4096,transformer.h.5.mlp.c_proj.weight,transformer.h.5.mlp.c_proj.weight,"(384, 1024)",structural_scalar_int3_p98_k8,0.15240198373794556,0.9883297085762024,0.041448142379522324
0,4096,transformer.h.5.mlp.c_proj.weight,transformer.h.5.mlp.c_proj.weight,"(384, 1024)",structural_int4_k8,0.11985141038894653,0.9928216934204102,0.014811646193265915
0,4096,transformer.h.5.mlp.c_proj.weight,transformer.h.5.mlp.c_proj.weight,"(384, 1024)",structural_vq64_int3_k8,0.13137677311897278,0.9913791418075562,0.04437893629074097
1,128,transformer.h.0.attn.c_attn.weight,transformer.h.0.attn.c_attn.weight,"(1152, 384)",direct_scalar_int4,0.17502816021442413,0.9847562313079834,0.031650442630052567
1,128,transformer.h.0.attn.c_attn.weight,transformer.h.0.attn.c_attn.weight,"(1152, 384)",structural_scalar_int3_p98_k8,0.12237204611301422,0.9924869537353516,0.02049342356622219
1,128,transformer.h.0.attn.c_attn.weight,transformer.h.0.attn.c_attn.weight,"(1152, 384)",structural_int4_k8,0.09006532281637192,0.9959480166435242,0.014462550170719624
1,128,transformer.h.0.attn.c_attn.weight,transformer.h.0.attn.c_attn.weight,"(1152, 384)",structural_vq64_int3_k8,0.09264418482780457,0.9957078695297241,0.0195945855230093
1,128,transformer.h.0.attn.c_proj.weight,transformer.h.0.attn.c_proj.weight,"(384, 384)",direct_scalar_int4,0.1906626671552658,0.9818690419197083,0.03671599552035332
1,128,transformer.h.0.attn.c_proj.weight,transformer.h.0.attn.c_proj.weight,"(384, 384)",structural_scalar_int3_p98_k8,0.12630976736545563,0.9920026063919067,0.02219615876674652
1,128,transformer.h.0.attn.c_proj.weight,transformer.h.0.attn.c_proj.weight,"(384, 384)",structural_int4_k8,0.09038670361042023,0.9959237575531006,0.014974353834986687
1,128,transformer.h.0.attn.c_proj.weight,transformer.h.0.attn.c_proj.weight,"(384, 384)",structural_vq64_int3_k8,0.09385453909635544,0.9955907464027405,0.019412124529480934
1,128,transformer.h.0.mlp.w1.weight,transformer.h.0.mlp.w1.weight,"(1024, 384)",direct_scalar_int4,0.189488485455513,0.9820693731307983,0.04248938709497452
1,128,transformer.h.0.mlp.w1.weight,transformer.h.0.mlp.w1.weight,"(1024, 384)",structural_scalar_int3_p98_k8,0.15836720168590546,0.9873877763748169,0.036617111414670944
1,128,transformer.h.0.mlp.w1.weight,transformer.h.0.mlp.w1.weight,"(1024, 384)",structural_int4_k8,0.12014581263065338,0.9927909970283508,0.023493856191635132
1,128,transformer.h.0.mlp.w1.weight,transformer.h.0.mlp.w1.weight,"(1024, 384)",structural_vq64_int3_k8,0.13017898797988892,0.9915388226509094,0.0367143414914608
1,128,transformer.h.0.mlp.w2.weight,transformer.h.0.mlp.w2.weight,"(1024, 384)",direct_scalar_int4,0.18835300207138062,0.9823228120803833,0.037055738270282745
1,128,transformer.h.0.mlp.w2.weight,transformer.h.0.mlp.w2.weight,"(1024, 384)",structural_scalar_int3_p98_k8,0.16268034279346466,0.9866861701011658,0.03676941990852356
1,128,transformer.h.0.mlp.w2.weight,transformer.h.0.mlp.w2.weight,"(1024, 384)",structural_int4_k8,0.12248510122299194,0.9925063252449036,0.0236857607960701
1,128,transformer.h.0.mlp.w2.weight,transformer.h.0.mlp.w2.weight,"(1024, 384)",structural_vq64_int3_k8,0.13400784134864807,0.9910361170768738,0.03949622064828873
1,128,transformer.h.0.mlp.c_proj.weight,transformer.h.0.mlp.c_proj.weight,"(384, 1024)",direct_scalar_int4,0.22263646125793457,0.9750149250030518,0.05379244685173035
1,128,transformer.h.0.mlp.c_proj.weight,transformer.h.0.mlp.c_proj.weight,"(384, 1024)",structural_scalar_int3_p98_k8,0.1770045906305313,0.9842323064804077,0.08312362432479858
1,128,transformer.h.0.mlp.c_proj.weight,transformer.h.0.mlp.c_proj.weight,"(384, 1024)",structural_int4_k8,0.1391807645559311,0.9903091192245483,0.029104959219694138
1,128,transformer.h.0.mlp.c_proj.weight,transformer.h.0.mlp.c_proj.weight,"(384, 1024)",structural_vq64_int3_k8,0.15412041544914246,0.988153338432312,0.08840512484312057
1,128,transformer.h.1.attn.c_attn.weight,transformer.h.1.attn.c_attn.weight,"(1152, 384)",direct_scalar_int4,0.1908312886953354,0.9818279147148132,0.036038078367710114
1,128,transformer.h.1.attn.c_attn.weight,transformer.h.1.attn.c_attn.weight,"(1152, 384)",structural_scalar_int3_p98_k8,0.12779921293258667,0.9918102622032166,0.02337483875453472
1,128,transformer.h.1.attn.c_attn.weight,transformer.h.1.attn.c_attn.weight,"(1152, 384)",structural_int4_k8,0.09218389540910721,0.9957658052444458,0.01589898392558098
1,128,transformer.h.1.attn.c_attn.weight,transformer.h.1.attn.c_attn.weight,"(1152, 384)",structural_vq64_int3_k8,0.09580281376838684,0.9954052567481995,0.021835314109921455
1,128,transformer.h.1.attn.c_proj.weight,transformer.h.1.attn.c_proj.weight,"(384, 384)",direct_scalar_int4,0.1856454610824585,0.9827885031700134,0.03702704235911369
1,128,transformer.h.1.attn.c_proj.weight,transformer.h.1.attn.c_proj.weight,"(384, 384)",structural_scalar_int3_p98_k8,0.12122931331396103,0.9926285147666931,0.02099800296127796
1,128,transformer.h.1.attn.c_proj.weight,transformer.h.1.attn.c_proj.weight,"(384, 384)",structural_int4_k8,0.08678233623504639,0.9962388873100281,0.014140835031867027
1,128,transformer.h.1.attn.c_proj.weight,transformer.h.1.attn.c_proj.weight,"(384, 384)",structural_vq64_int3_k8,0.0905722826719284,0.9958990812301636,0.01864723302423954
1,128,transformer.h.1.mlp.w1.weight,transformer.h.1.mlp.w1.weight,"(1024, 384)",direct_scalar_int4,0.1916680932044983,0.9816287159919739,0.05100177228450775
1,128,transformer.h.1.mlp.w1.weight,transformer.h.1.mlp.w1.weight,"(1024, 384)",structural_scalar_int3_p98_k8,0.15030856430530548,0.9886451363563538,0.034854814410209656
1,128,transformer.h.1.mlp.w1.weight,transformer.h.1.mlp.w1.weight,"(1024, 384)",structural_int4_k8,0.11300649493932724,0.9936232566833496,0.022552482783794403
1,128,transformer.h.1.mlp.w1.weight,transformer.h.1.mlp.w1.weight,"(1024, 384)",structural_vq64_int3_k8,0.12498899549245834,0.9921944737434387,0.03555011376738548
1,128,transformer.h.1.mlp.w2.weight,transformer.h.1.mlp.w2.weight,"(1024, 384)",direct_scalar_int4,0.19099242985248566,0.9817726016044617,0.04442824423313141
1,128,transformer.h.1.mlp.w2.weight,transformer.h.1.mlp.w2.weight,"(1024, 384)",structural_scalar_int3_p98_k8,0.15527595579624176,0.9878774881362915,0.042048122733831406
1,128,transformer.h.1.mlp.w2.weight,transformer.h.1.mlp.w2.weight,"(1024, 384)",structural_int4_k8,0.11652259528636932,0.9932231903076172,0.024660181254148483
1,128,transformer.h.1.mlp.w2.weight,transformer.h.1.mlp.w2.weight,"(1024, 384)",structural_vq64_int3_k8,0.13220593333244324,0.9912726879119873,0.045070238411426544
1,128,transformer.h.1.mlp.c_proj.weight,transformer.h.1.mlp.c_proj.weight,"(384, 1024)",direct_scalar_int4,0.22784171998500824,0.9738010168075562,0.05918193608522415
1,128,transformer.h.1.mlp.c_proj.weight,transformer.h.1.mlp.c_proj.weight,"(384, 1024)",structural_scalar_int3_p98_k8,0.18205390870571136,0.9833344221115112,0.08533783257007599
1,128,transformer.h.1.mlp.c_proj.weight,transformer.h.1.mlp.c_proj.weight,"(384, 1024)",structural_int4_k8,0.1402209848165512,0.9901537299156189,0.030777381733059883
1,128,transformer.h.1.mlp.c_proj.weight,transformer.h.1.mlp.c_proj.weight,"(384, 1024)",structural_vq64_int3_k8,0.16326242685317993,0.9867136478424072,0.09506350010633469
1,128,transformer.h.2.attn.c_attn.weight,transformer.h.2.attn.c_attn.weight,"(1152, 384)",direct_scalar_int4,0.19641715288162231,0.9807178378105164,0.03670918568968773
1,128,transformer.h.2.attn.c_attn.weight,transformer.h.2.attn.c_attn.weight,"(1152, 384)",structural_scalar_int3_p98_k8,0.11657068878412247,0.9931919574737549,0.01941443607211113
1,128,transformer.h.2.attn.c_attn.weight,transformer.h.2.attn.c_attn.weight,"(1152, 384)",structural_int4_k8,0.08373051881790161,0.9965053200721741,0.013605648651719093
1,128,transformer.h.2.attn.c_attn.weight,transformer.h.2.attn.c_attn.weight,"(1152, 384)",structural_vq64_int3_k8,0.08701778948307037,0.9962092638015747,0.017574498429894447
1,128,transformer.h.2.attn.c_proj.weight,transformer.h.2.attn.c_proj.weight,"(384, 384)",direct_scalar_int4,0.18837152421474457,0.9822797775268555,0.03393798694014549
1,128,transformer.h.2.attn.c_proj.weight,transformer.h.2.attn.c_proj.weight,"(384, 384)",structural_scalar_int3_p98_k8,0.11475645750761032,0.9933986663818359,0.019707821309566498
1,128,transformer.h.2.attn.c_proj.weight,transformer.h.2.attn.c_proj.weight,"(384, 384)",structural_int4_k8,0.08306460082530975,0.996552586555481,0.013486694544553757
1,128,transformer.h.2.attn.c_proj.weight,transformer.h.2.attn.c_proj.weight,"(384, 384)",structural_vq64_int3_k8,0.08529366552829742,0.9963610768318176,0.017342040315270424
1,128,transformer.h.2.mlp.w1.weight,transformer.h.2.mlp.w1.weight,"(1024, 384)",direct_scalar_int4,0.19106540083885193,0.981770932674408,0.04917452856898308
1,128,transformer.h.2.mlp.w1.weight,transformer.h.2.mlp.w1.weight,"(1024, 384)",structural_scalar_int3_p98_k8,0.14654402434825897,0.9892124533653259,0.030469922348856926
1,128,transformer.h.2.mlp.w1.weight,transformer.h.2.mlp.w1.weight,"(1024, 384)",structural_int4_k8,0.11019103229045868,0.9939340949058533,0.018403269350528717
1,128,transformer.h.2.mlp.w1.weight,transformer.h.2.mlp.w1.weight,"(1024, 384)",structural_vq64_int3_k8,0.12384229898452759,0.9923494458198547,0.03296419978141785
1,128,transformer.h.2.mlp.w2.weight,transformer.h.2.mlp.w2.weight,"(1024, 384)",direct_scalar_int4,0.1929558515548706,0.981381356716156,0.0448407344520092
1,128,transformer.h.2.mlp.w2.weight,transformer.h.2.mlp.w2.weight,"(1024, 384)",structural_scalar_int3_p98_k8,0.14710840582847595,0.9891277551651001,0.03451364114880562
1,128,transformer.h.2.mlp.w2.weight,transformer.h.2.mlp.w2.weight,"(1024, 384)",structural_int4_k8,0.10994743555784225,0.9939588308334351,0.019907701760530472
1,128,transformer.h.2.mlp.w2.weight,transformer.h.2.mlp.w2.weight,"(1024, 384)",structural_vq64_int3_k8,0.12499677389860153,0.9922062754631042,0.03727537766098976
1,128,transformer.h.2.mlp.c_proj.weight,transformer.h.2.mlp.c_proj.weight,"(384, 1024)",direct_scalar_int4,0.22870026528835297,0.9735988974571228,0.06005978584289551
1,128,transformer.h.2.mlp.c_proj.weight,transformer.h.2.mlp.c_proj.weight,"(384, 1024)",structural_scalar_int3_p98_k8,0.17176836729049683,0.9851583242416382,0.07922939211130142
1,128,transformer.h.2.mlp.c_proj.weight,transformer.h.2.mlp.c_proj.weight,"(384, 1024)",structural_int4_k8,0.1334526687860489,0.9910897612571716,0.027043309062719345
1,128,transformer.h.2.mlp.c_proj.weight,transformer.h.2.mlp.c_proj.weight,"(384, 1024)",structural_vq64_int3_k8,0.1506725251674652,0.9886793494224548,0.08675343543291092
1,128,transformer.h.3.attn.c_attn.weight,transformer.h.3.attn.c_attn.weight,"(1152, 384)",direct_scalar_int4,0.18937307596206665,0.9820746183395386,0.03190469369292259
1,128,transformer.h.3.attn.c_attn.weight,transformer.h.3.attn.c_attn.weight,"(1152, 384)",structural_scalar_int3_p98_k8,0.10587021708488464,0.9943811297416687,0.016963988542556763
1,128,transformer.h.3.attn.c_attn.weight,transformer.h.3.attn.c_attn.weight,"(1152, 384)",structural_int4_k8,0.07680267095565796,0.9970486164093018,0.011430314742028713
1,128,transformer.h.3.attn.c_attn.weight,transformer.h.3.attn.c_attn.weight,"(1152, 384)",structural_vq64_int3_k8,0.07926005125045776,0.9968627095222473,0.01641639694571495
1,128,transformer.h.3.attn.c_proj.weight,transformer.h.3.attn.c_proj.weight,"(384, 384)",direct_scalar_int4,0.19109728932380676,0.9817773699760437,0.03416091948747635
1,128,transformer.h.3.attn.c_proj.weight,transformer.h.3.attn.c_proj.weight,"(384, 384)",structural_scalar_int3_p98_k8,0.10728786140680313,0.9942293167114258,0.016663316637277603
1,128,transformer.h.3.attn.c_proj.weight,transformer.h.3.attn.c_proj.weight,"(384, 384)",structural_int4_k8,0.07779739797115326,0.9969736933708191,0.01158006303012371
1,128,transformer.h.3.attn.c_proj.weight,transformer.h.3.attn.c_proj.weight,"(384, 384)",structural_vq64_int3_k8,0.08063947409391403,0.9967540502548218,0.015870951116085052
1,128,transformer.h.3.mlp.w1.weight,transformer.h.3.mlp.w1.weight,"(1024, 384)",direct_scalar_int4,0.19247610867023468,0.981497585773468,0.040812812745571136
1,128,transformer.h.3.mlp.w1.weight,transformer.h.3.mlp.w1.weight,"(1024, 384)",structural_scalar_int3_p98_k8,0.13775955140590668,0.9904734492301941,0.030278760939836502
1,128,transformer.h.3.mlp.w1.weight,transformer.h.3.mlp.w1.weight,"(1024, 384)",structural_int4_k8,0.10295941680669785,0.9947063326835632,0.01776675134897232
1,128,transformer.h.3.mlp.w1.weight,transformer.h.3.mlp.w1.weight,"(1024, 384)",structural_vq64_int3_k8,0.11616594344377518,0.9932644367218018,0.031998906284570694
1,128,transformer.h.3.mlp.w2.weight,transformer.h.3.mlp.w2.weight,"(1024, 384)",direct_scalar_int4,0.19148410856723785,0.9816464185714722,0.03793470934033394
1,128,transformer.h.3.mlp.w2.weight,transformer.h.3.mlp.w2.weight,"(1024, 384)",structural_scalar_int3_p98_k8,0.13861696422100067,0.9903545379638672,0.027638668194413185
1,128,transformer.h.3.mlp.w2.weight,transformer.h.3.mlp.w2.weight,"(1024, 384)",structural_int4_k8,0.10432462394237518,0.9945661425590515,0.01707603968679905
1,128,transformer.h.3.mlp.w2.weight,transformer.h.3.mlp.w2.weight,"(1024, 384)",structural_vq64_int3_k8,0.11837727576494217,0.9930093288421631,0.030817188322544098
1,128,transformer.h.3.mlp.c_proj.weight,transformer.h.3.mlp.c_proj.weight,"(384, 1024)",direct_scalar_int4,0.22554752230644226,0.9743520617485046,0.05284878611564636
1,128,transformer.h.3.mlp.c_proj.weight,transformer.h.3.mlp.c_proj.weight,"(384, 1024)",structural_scalar_int3_p98_k8,0.16208267211914062,0.9868053793907166,0.05671389400959015
1,128,transformer.h.3.mlp.c_proj.weight,transformer.h.3.mlp.c_proj.weight,"(384, 1024)",structural_int4_k8,0.12569530308246613,0.9920949339866638,0.023666899651288986
1,128,transformer.h.3.mlp.c_proj.weight,transformer.h.3.mlp.c_proj.weight,"(384, 1024)",structural_vq64_int3_k8,0.14360272884368896,0.9897186160087585,0.06343917548656464
1,128,transformer.h.4.attn.c_attn.weight,transformer.h.4.attn.c_attn.weight,"(1152, 384)",direct_scalar_int4,0.19091272354125977,0.9817706942558289,0.030398940667510033
1,128,transformer.h.4.attn.c_attn.weight,transformer.h.4.attn.c_attn.weight,"(1152, 384)",structural_scalar_int3_p98_k8,0.09008263796567917,0.9959369897842407,0.01341289933770895
1,128,transformer.h.4.attn.c_attn.weight,transformer.h.4.attn.c_attn.weight,"(1152, 384)",structural_int4_k8,0.065803661942482,0.9978379607200623,0.008858060464262962
1,128,transformer.h.4.attn.c_attn.weight,transformer.h.4.attn.c_attn.weight,"(1152, 384)",structural_vq64_int3_k8,0.06763797998428345,0.997712254524231,0.012992595322430134
1,128,transformer.h.4.attn.c_proj.weight,transformer.h.4.attn.c_proj.weight,"(384, 384)",direct_scalar_int4,0.1928221732378006,0.9814273118972778,0.030928943306207657
1,128,transformer.h.4.attn.c_proj.weight,transformer.h.4.attn.c_proj.weight,"(384, 384)",structural_scalar_int3_p98_k8,0.09980978816747665,0.9950125813484192,0.015503749251365662
1,128,transformer.h.4.attn.c_proj.weight,transformer.h.4.attn.c_proj.weight,"(384, 384)",structural_int4_k8,0.07305103540420532,0.9973418712615967,0.010523874312639236
1,128,transformer.h.4.attn.c_proj.weight,transformer.h.4.attn.c_proj.weight,"(384, 384)",structural_vq64_int3_k8,0.07543592900037766,0.9971531629562378,0.01402951031923294
1,128,transformer.h.4.mlp.w1.weight,transformer.h.4.mlp.w1.weight,"(1024, 384)",direct_scalar_int4,0.19322475790977478,0.9813529849052429,0.07917047291994095
1,128,transformer.h.4.mlp.w1.weight,transformer.h.4.mlp.w1.weight,"(1024, 384)",structural_scalar_int3_p98_k8,0.12322614341974258,0.992387056350708,0.022312359884381294
1,128,transformer.h.4.mlp.w1.weight,transformer.h.4.mlp.w1.weight,"(1024, 384)",structural_int4_k8,0.09156154096126556,0.9958178997039795,0.013964042998850346
1,128,transformer.h.4.mlp.w1.weight,transformer.h.4.mlp.w1.weight,"(1024, 384)",structural_vq64_int3_k8,0.10321762412786484,0.994681715965271,0.024622123688459396
1,128,transformer.h.4.mlp.w2.weight,transformer.h.4.mlp.w2.weight,"(1024, 384)",direct_scalar_int4,0.19270090758800507,0.9814092516899109,0.07136218249797821
1,128,transformer.h.4.mlp.w2.weight,transformer.h.4.mlp.w2.weight,"(1024, 384)",structural_scalar_int3_p98_k8,0.12751661241054535,0.9918451905250549,0.024158671498298645
1,128,transformer.h.4.mlp.w2.weight,transformer.h.4.mlp.w2.weight,"(1024, 384)",structural_int4_k8,0.09496631473302841,0.9954987168312073,0.015772294253110886
1,128,transformer.h.4.mlp.w2.weight,transformer.h.4.mlp.w2.weight,"(1024, 384)",structural_vq64_int3_k8,0.10827340185642242,0.9941543340682983,0.026954296976327896
1,128,transformer.h.4.mlp.c_proj.weight,transformer.h.4.mlp.c_proj.weight,"(384, 1024)",direct_scalar_int4,0.23007576167583466,0.9732261300086975,0.05235129967331886
1,128,transformer.h.4.mlp.c_proj.weight,transformer.h.4.mlp.c_proj.weight,"(384, 1024)",structural_scalar_int3_p98_k8,0.14945511519908905,0.9887845516204834,0.046705909073352814
1,128,transformer.h.4.mlp.c_proj.weight,transformer.h.4.mlp.c_proj.weight,"(384, 1024)",structural_int4_k8,0.11654852330684662,0.9932079911231995,0.0177721306681633
1,128,transformer.h.4.mlp.c_proj.weight,transformer.h.4.mlp.c_proj.weight,"(384, 1024)",structural_vq64_int3_k8,0.13216428458690643,0.9912861585617065,0.052474524825811386
1,128,transformer.h.5.attn.c_attn.weight,transformer.h.5.attn.c_attn.weight,"(1152, 384)",direct_scalar_int4,0.1957380473613739,0.9808237552642822,0.032871443778276443
1,128,transformer.h.5.attn.c_attn.weight,transformer.h.5.attn.c_attn.weight,"(1152, 384)",structural_scalar_int3_p98_k8,0.07800561934709549,0.9969541430473328,0.010290732607245445
1,128,transformer.h.5.attn.c_attn.weight,transformer.h.5.attn.c_attn.weight,"(1152, 384)",structural_int4_k8,0.056941285729408264,0.9983808398246765,0.006997836288064718
1,128,transformer.h.5.attn.c_attn.weight,transformer.h.5.attn.c_attn.weight,"(1152, 384)",structural_vq64_int3_k8,0.058844443410634995,0.9982699751853943,0.009793691337108612
1,128,transformer.h.5.attn.c_proj.weight,transformer.h.5.attn.c_proj.weight,"(384, 384)",direct_scalar_int4,0.19446933269500732,0.9810958504676819,0.03186511620879173
1,128,transformer.h.5.attn.c_proj.weight,transformer.h.5.attn.c_proj.weight,"(384, 384)",structural_scalar_int3_p98_k8,0.08010896295309067,0.9967873096466064,0.011396161280572414
1,128,transformer.h.5.attn.c_proj.weight,transformer.h.5.attn.c_proj.weight,"(384, 384)",structural_int4_k8,0.05916440859436989,0.9982500672340393,0.007420203182846308
1,128,transformer.h.5.attn.c_proj.weight,transformer.h.5.attn.c_proj.weight,"(384, 384)",structural_vq64_int3_k8,0.060795918107032776,0.9981563687324524,0.011412765830755234
1,128,transformer.h.5.mlp.w1.weight,transformer.h.5.mlp.w1.weight,"(1024, 384)",direct_scalar_int4,0.1881934553384781,0.9823151230812073,0.035308439284563065
1,128,transformer.h.5.mlp.w1.weight,transformer.h.5.mlp.w1.weight,"(1024, 384)",structural_scalar_int3_p98_k8,0.1254408210515976,0.9921077489852905,0.0272113885730505
1,128,transformer.h.5.mlp.w1.weight,transformer.h.5.mlp.w1.weight,"(1024, 384)",structural_int4_k8,0.09325335919857025,0.9956614375114441,0.015107586048543453
1,128,transformer.h.5.mlp.w1.weight,transformer.h.5.mlp.w1.weight,"(1024, 384)",structural_vq64_int3_k8,0.10386867821216583,0.9946151375770569,0.02973971515893936
1,128,transformer.h.5.mlp.w2.weight,transformer.h.5.mlp.w2.weight,"(1024, 384)",direct_scalar_int4,0.18665067851543427,0.9826105833053589,0.05541433393955231
1,128,transformer.h.5.mlp.w2.weight,transformer.h.5.mlp.w2.weight,"(1024, 384)",structural_scalar_int3_p98_k8,0.12472839653491974,0.9921993613243103,0.02519100345671177
1,128,transformer.h.5.mlp.w2.weight,transformer.h.5.mlp.w2.weight,"(1024, 384)",structural_int4_k8,0.09324875473976135,0.9956567883491516,0.01508246548473835
1,128,transformer.h.5.mlp.w2.weight,transformer.h.5.mlp.w2.weight,"(1024, 384)",structural_vq64_int3_k8,0.10390961170196533,0.9946215748786926,0.026840070262551308
1,128,transformer.h.5.mlp.c_proj.weight,transformer.h.5.mlp.c_proj.weight,"(384, 1024)",direct_scalar_int4,0.2277989387512207,0.973820686340332,0.049430809915065765
1,128,transformer.h.5.mlp.c_proj.weight,transformer.h.5.mlp.c_proj.weight,"(384, 1024)",structural_scalar_int3_p98_k8,0.14710772037506104,0.9891273975372314,0.04163268208503723
1,128,transformer.h.5.mlp.c_proj.weight,transformer.h.5.mlp.c_proj.weight,"(384, 1024)",structural_int4_k8,0.11554183065891266,0.9933292269706726,0.017636772245168686
1,128,transformer.h.5.mlp.c_proj.weight,transformer.h.5.mlp.c_proj.weight,"(384, 1024)",structural_vq64_int3_k8,0.12537728250026703,0.992145836353302,0.046543803066015244
1,512,transformer.h.0.attn.c_attn.weight,transformer.h.0.attn.c_attn.weight,"(1152, 384)",direct_scalar_int4,0.17956556379795074,0.983918309211731,0.033981803804636
1,512,transformer.h.0.attn.c_attn.weight,transformer.h.0.attn.c_attn.weight,"(1152, 384)",structural_scalar_int3_p98_k8,0.11979895830154419,0.9928034543991089,0.021928083151578903
1,512,transformer.h.0.attn.c_attn.weight,transformer.h.0.attn.c_attn.weight,"(1152, 384)",structural_int4_k8,0.0866551622748375,0.9962488412857056,0.015019563026726246
1,512,transformer.h.0.attn.c_attn.weight,transformer.h.0.attn.c_attn.weight,"(1152, 384)",structural_vq64_int3_k8,0.08990151435136795,0.9959564208984375,0.020104849711060524
1,512,transformer.h.0.attn.c_proj.weight,transformer.h.0.attn.c_proj.weight,"(384, 384)",direct_scalar_int4,0.19132860004901886,0.9817411303520203,0.03804171830415726
1,512,transformer.h.0.attn.c_proj.weight,transformer.h.0.attn.c_proj.weight,"(384, 384)",structural_scalar_int3_p98_k8,0.12399536371231079,0.9922858476638794,0.02260473556816578
1,512,transformer.h.0.attn.c_proj.weight,transformer.h.0.attn.c_proj.weight,"(384, 384)",structural_int4_k8,0.09106767177581787,0.9958553910255432,0.016080476343631744
1,512,transformer.h.0.attn.c_proj.weight,transformer.h.0.attn.c_proj.weight,"(384, 384)",structural_vq64_int3_k8,0.09286440908908844,0.9956918954849243,0.021580617874860764
1,512,transformer.h.0.mlp.w1.weight,transformer.h.0.mlp.w1.weight,"(1024, 384)",direct_scalar_int4,0.1892600655555725,0.982112467288971,0.040094923228025436
1,512,transformer.h.0.mlp.w1.weight,transformer.h.0.mlp.w1.weight,"(1024, 384)",structural_scalar_int3_p98_k8,0.17357996106147766,0.9848266243934631,0.030598975718021393
1,512,transformer.h.0.mlp.w1.weight,transformer.h.0.mlp.w1.weight,"(1024, 384)",structural_int4_k8,0.13117212057113647,0.9913998246192932,0.02077524922788143
1,512,transformer.h.0.mlp.w1.weight,transformer.h.0.mlp.w1.weight,"(1024, 384)",structural_vq64_int3_k8,0.13985282182693481,0.9902403354644775,0.031529370695352554
1,512,transformer.h.0.mlp.w2.weight,transformer.h.0.mlp.w2.weight,"(1024, 384)",direct_scalar_int4,0.18862417340278625,0.9822388887405396,0.03525678440928459
1,512,transformer.h.0.mlp.w2.weight,transformer.h.0.mlp.w2.weight,"(1024, 384)",structural_scalar_int3_p98_k8,0.17505846917629242,0.9845655560493469,0.030789729207754135
1,512,transformer.h.0.mlp.w2.weight,transformer.h.0.mlp.w2.weight,"(1024, 384)",structural_int4_k8,0.13194306194782257,0.991306483745575,0.021372513845562935
1,512,transformer.h.0.mlp.w2.weight,transformer.h.0.mlp.w2.weight,"(1024, 384)",structural_vq64_int3_k8,0.14134545624256134,0.9900180697441101,0.030884023755788803
1,512,transformer.h.0.mlp.c_proj.weight,transformer.h.0.mlp.c_proj.weight,"(384, 1024)",direct_scalar_int4,0.22803901135921478,0.9737210273742676,0.051034681499004364
1,512,transformer.h.0.mlp.c_proj.weight,transformer.h.0.mlp.c_proj.weight,"(384, 1024)",structural_scalar_int3_p98_k8,0.18619844317436218,0.9825275540351868,0.0504283607006073
1,512,transformer.h.0.mlp.c_proj.weight,transformer.h.0.mlp.c_proj.weight,"(384, 1024)",structural_int4_k8,0.14565102756023407,0.9893825054168701,0.023164430633187294
1,512,transformer.h.0.mlp.c_proj.weight,transformer.h.0.mlp.c_proj.weight,"(384, 1024)",structural_vq64_int3_k8,0.1570342481136322,0.9876914620399475,0.05392886698246002
1,512,transformer.h.1.attn.c_attn.weight,transformer.h.1.attn.c_attn.weight,"(1152, 384)",direct_scalar_int4,0.19093406200408936,0.9817922115325928,0.03501654788851738
1,512,transformer.h.1.attn.c_attn.weight,transformer.h.1.attn.c_attn.weight,"(1152, 384)",structural_scalar_int3_p98_k8,0.1250925362110138,0.9921476244926453,0.022230563685297966
1,512,transformer.h.1.attn.c_attn.weight,transformer.h.1.attn.c_attn.weight,"(1152, 384)",structural_int4_k8,0.08973629027605057,0.9959723353385925,0.014848272316157818
1,512,transformer.h.1.attn.c_attn.weight,transformer.h.1.attn.c_attn.weight,"(1152, 384)",structural_vq64_int3_k8,0.09355143457651138,0.995628833770752,0.02072349563241005
1,512,transformer.h.1.attn.c_proj.weight,transformer.h.1.attn.c_proj.weight,"(384, 384)",direct_scalar_int4,0.19160036742687225,0.9816705584526062,0.0349542461335659
1,512,transformer.h.1.attn.c_proj.weight,transformer.h.1.attn.c_proj.weight,"(384, 384)",structural_scalar_int3_p98_k8,0.1228739321231842,0.9924328327178955,0.020912272855639458
1,512,transformer.h.1.attn.c_proj.weight,transformer.h.1.attn.c_proj.weight,"(384, 384)",structural_int4_k8,0.08952077478170395,0.9960083365440369,0.014699465595185757
1,512,transformer.h.1.attn.c_proj.weight,transformer.h.1.attn.c_proj.weight,"(384, 384)",structural_vq64_int3_k8,0.09193406999111176,0.9957699179649353,0.018531128764152527
1,512,transformer.h.1.mlp.w1.weight,transformer.h.1.mlp.w1.weight,"(1024, 384)",direct_scalar_int4,0.1943044811487198,0.9811458587646484,0.04695367068052292
1,512,transformer.h.1.mlp.w1.weight,transformer.h.1.mlp.w1.weight,"(1024, 384)",structural_scalar_int3_p98_k8,0.1852238029241562,0.9827028512954712,0.047632846981287
1,512,transformer.h.1.mlp.w1.weight,transformer.h.1.mlp.w1.weight,"(1024, 384)",structural_int4_k8,0.13966405391693115,0.9902575016021729,0.031338151544332504
1,512,transformer.h.1.mlp.w1.weight,transformer.h.1.mlp.w1.weight,"(1024, 384)",structural_vq64_int3_k8,0.15296603739261627,0.988321840763092,0.04790106043219566
1,512,transformer.h.1.mlp.w2.weight,transformer.h.1.mlp.w2.weight,"(1024, 384)",direct_scalar_int4,0.19572634994983673,0.9808440804481506,0.04980717971920967
1,512,transformer.h.1.mlp.w2.weight,transformer.h.1.mlp.w2.weight,"(1024, 384)",structural_scalar_int3_p98_k8,0.18306328356266022,0.9831085801124573,0.04917306825518608
1,512,transformer.h.1.mlp.w2.weight,transformer.h.1.mlp.w2.weight,"(1024, 384)",structural_int4_k8,0.13701365888118744,0.9906278848648071,0.028655676171183586
1,512,transformer.h.1.mlp.w2.weight,transformer.h.1.mlp.w2.weight,"(1024, 384)",structural_vq64_int3_k8,0.15326164662837982,0.9882820844650269,0.05109996721148491
1,512,transformer.h.1.mlp.c_proj.weight,transformer.h.1.mlp.c_proj.weight,"(384, 1024)",direct_scalar_int4,0.21772655844688416,0.9761765003204346,0.05644558370113373
1,512,transformer.h.1.mlp.c_proj.weight,transformer.h.1.mlp.c_proj.weight,"(384, 1024)",structural_scalar_int3_p98_k8,0.2055509090423584,0.9786743521690369,0.08236905187368393
1,512,transformer.h.1.mlp.c_proj.weight,transformer.h.1.mlp.c_proj.weight,"(384, 1024)",structural_int4_k8,0.16010034084320068,0.9871668219566345,0.03839937970042229
1,512,transformer.h.1.mlp.c_proj.weight,transformer.h.1.mlp.c_proj.weight,"(384, 1024)",structural_vq64_int3_k8,0.17649997770786285,0.9844734072685242,0.08942336589097977
1,512,transformer.h.2.attn.c_attn.weight,transformer.h.2.attn.c_attn.weight,"(1152, 384)",direct_scalar_int4,0.19725337624549866,0.9805549383163452,0.035120975226163864
1,512,transformer.h.2.attn.c_attn.weight,transformer.h.2.attn.c_attn.weight,"(1152, 384)",structural_scalar_int3_p98_k8,0.12294353544712067,0.9924172163009644,0.021024610847234726
1,512,transformer.h.2.attn.c_attn.weight,transformer.h.2.attn.c_attn.weight,"(1152, 384)",structural_int4_k8,0.08917902410030365,0.9960270524024963,0.014262119308114052
1,512,transformer.h.2.attn.c_attn.weight,transformer.h.2.attn.c_attn.weight,"(1152, 384)",structural_vq64_int3_k8,0.09230033308267593,0.9957430362701416,0.019852925091981888
1,512,transformer.h.2.attn.c_proj.weight,transformer.h.2.attn.c_proj.weight,"(384, 384)",direct_scalar_int4,0.19293111562728882,0.9814099669456482,0.03496313467621803
1,512,transformer.h.2.attn.c_proj.weight,transformer.h.2.attn.c_proj.weight,"(384, 384)",structural_scalar_int3_p98_k8,0.12430976331233978,0.9922478795051575,0.021397780627012253
1,512,transformer.h.2.attn.c_proj.weight,transformer.h.2.attn.c_proj.weight,"(384, 384)",structural_int4_k8,0.09080153703689575,0.9958823323249817,0.014519121497869492
1,512,transformer.h.2.attn.c_proj.weight,transformer.h.2.attn.c_proj.weight,"(384, 384)",structural_vq64_int3_k8,0.09312960505485535,0.9956664443016052,0.02013878896832466
1,512,transformer.h.2.mlp.w1.weight,transformer.h.2.mlp.w1.weight,"(1024, 384)",direct_scalar_int4,0.1930186152458191,0.9813656210899353,0.04449160397052765
1,512,transformer.h.2.mlp.w1.weight,transformer.h.2.mlp.w1.weight,"(1024, 384)",structural_scalar_int3_p98_k8,0.18673373758792877,0.9824177026748657,0.0479300394654274
1,512,transformer.h.2.mlp.w1.weight,transformer.h.2.mlp.w1.weight,"(1024, 384)",structural_int4_k8,0.14060533046722412,0.9901244640350342,0.031235914677381516
1,512,transformer.h.2.mlp.w1.weight,transformer.h.2.mlp.w1.weight,"(1024, 384)",structural_vq64_int3_k8,0.15473592281341553,0.9880405068397522,0.04871556535363197
1,512,transformer.h.2.mlp.w2.weight,transformer.h.2.mlp.w2.weight,"(1024, 384)",direct_scalar_int4,0.19330783188343048,0.9812994599342346,0.053371362388134
1,512,transformer.h.2.mlp.w2.weight,transformer.h.2.mlp.w2.weight,"(1024, 384)",structural_scalar_int3_p98_k8,0.1840100735425949,0.9829313158988953,0.0484406016767025
1,512,transformer.h.2.mlp.w2.weight,transformer.h.2.mlp.w2.weight,"(1024, 384)",structural_int4_k8,0.13898615539073944,0.9903450012207031,0.030491933226585388
1,512,transformer.h.2.mlp.w2.weight,transformer.h.2.mlp.w2.weight,"(1024, 384)",structural_vq64_int3_k8,0.15370380878448486,0.9882217645645142,0.051097169518470764
1,512,transformer.h.2.mlp.c_proj.weight,transformer.h.2.mlp.c_proj.weight,"(384, 1024)",direct_scalar_int4,0.21680140495300293,0.9763748645782471,0.060086365789175034
1,512,transformer.h.2.mlp.c_proj.weight,transformer.h.2.mlp.c_proj.weight,"(384, 1024)",structural_scalar_int3_p98_k8,0.20383518934249878,0.9790289402008057,0.0765424445271492
1,512,transformer.h.2.mlp.c_proj.weight,transformer.h.2.mlp.c_proj.weight,"(384, 1024)",structural_int4_k8,0.15808100998401642,0.9874926209449768,0.039310041815042496
1,512,transformer.h.2.mlp.c_proj.weight,transformer.h.2.mlp.c_proj.weight,"(384, 1024)",structural_vq64_int3_k8,0.17392495274543762,0.9849358797073364,0.08234326541423798
1,512,transformer.h.3.attn.c_attn.weight,transformer.h.3.attn.c_attn.weight,"(1152, 384)",direct_scalar_int4,0.19554303586483002,0.9808925986289978,0.036647990345954895
1,512,transformer.h.3.attn.c_attn.weight,transformer.h.3.attn.c_attn.weight,"(1152, 384)",structural_scalar_int3_p98_k8,0.11859505623579025,0.9929447770118713,0.020709535107016563
1,512,transformer.h.3.attn.c_attn.weight,transformer.h.3.attn.c_attn.weight,"(1152, 384)",structural_int4_k8,0.0862950012087822,0.9962767958641052,0.014072631485760212
1,512,transformer.h.3.attn.c_attn.weight,transformer.h.3.attn.c_attn.weight,"(1152, 384)",structural_vq64_int3_k8,0.08931080251932144,0.9960146546363831,0.018766285851597786
1,512,transformer.h.3.attn.c_proj.weight,transformer.h.3.attn.c_proj.weight,"(384, 384)",direct_scalar_int4,0.1906503438949585,0.981818675994873,0.03510143235325813
1,512,transformer.h.3.attn.c_proj.weight,transformer.h.3.attn.c_proj.weight,"(384, 384)",structural_scalar_int3_p98_k8,0.12312092632055283,0.9923949837684631,0.021192293614149094
1,512,transformer.h.3.attn.c_proj.weight,transformer.h.3.attn.c_proj.weight,"(384, 384)",structural_int4_k8,0.08955259621143341,0.995994508266449,0.014596489258110523
1,512,transformer.h.3.attn.c_proj.weight,transformer.h.3.attn.c_proj.weight,"(384, 384)",structural_vq64_int3_k8,0.09190856665372849,0.9957775473594666,0.019707554951310158
1,512,transformer.h.3.mlp.w1.weight,transformer.h.3.mlp.w1.weight,"(1024, 384)",direct_scalar_int4,0.19422340393066406,0.9811065793037415,0.05351010337471962
1,512,transformer.h.3.mlp.w1.weight,transformer.h.3.mlp.w1.weight,"(1024, 384)",structural_scalar_int3_p98_k8,0.18719197809696198,0.982330322265625,0.053680963814258575
1,512,transformer.h.3.mlp.w1.weight,transformer.h.3.mlp.w1.weight,"(1024, 384)",structural_int4_k8,0.14053525030612946,0.9901303052902222,0.031886518001556396
1,512,transformer.h.3.mlp.w1.weight,transformer.h.3.mlp.w1.weight,"(1024, 384)",structural_vq64_int3_k8,0.15641333162784576,0.9877981543540955,0.05865972116589546
1,512,transformer.h.3.mlp.w2.weight,transformer.h.3.mlp.w2.weight,"(1024, 384)",direct_scalar_int4,0.1928163319826126,0.9814103841781616,0.06210063770413399
1,512,transformer.h.3.mlp.w2.weight,transformer.h.3.mlp.w2.weight,"(1024, 384)",structural_scalar_int3_p98_k8,0.18774569034576416,0.9822273254394531,0.05493845045566559
1,512,transformer.h.3.mlp.w2.weight,transformer.h.3.mlp.w2.weight,"(1024, 384)",structural_int4_k8,0.14059017598628998,0.9901226758956909,0.032976288348436356
1,512,transformer.h.3.mlp.w2.weight,transformer.h.3.mlp.w2.weight,"(1024, 384)",structural_vq64_int3_k8,0.15850010514259338,0.9874798655509949,0.05877583101391792
1,512,transformer.h.3.mlp.c_proj.weight,transformer.h.3.mlp.c_proj.weight,"(384, 1024)",direct_scalar_int4,0.22572341561317444,0.9743056893348694,0.05905342847108841
1,512,transformer.h.3.mlp.c_proj.weight,transformer.h.3.mlp.c_proj.weight,"(384, 1024)",structural_scalar_int3_p98_k8,0.20353838801383972,0.9790946841239929,0.08578937500715256
1,512,transformer.h.3.mlp.c_proj.weight,transformer.h.3.mlp.c_proj.weight,"(384, 1024)",structural_int4_k8,0.15945523977279663,0.987270712852478,0.03600062429904938
1,512,transformer.h.3.mlp.c_proj.weight,transformer.h.3.mlp.c_proj.weight,"(384, 1024)",structural_vq64_int3_k8,0.1756964921951294,0.9846097230911255,0.0931897833943367
1,512,transformer.h.4.attn.c_attn.weight,transformer.h.4.attn.c_attn.weight,"(1152, 384)",direct_scalar_int4,0.19425898790359497,0.9811645746231079,0.057365782558918
1,512,transformer.h.4.attn.c_attn.weight,transformer.h.4.attn.c_attn.weight,"(1152, 384)",structural_scalar_int3_p98_k8,0.1172342523932457,0.9931133985519409,0.023224789649248123
1,512,transformer.h.4.attn.c_attn.weight,transformer.h.4.attn.c_attn.weight,"(1152, 384)",structural_int4_k8,0.0843050628900528,0.9964577555656433,0.013681147247552872
1,512,transformer.h.4.attn.c_attn.weight,transformer.h.4.attn.c_attn.weight,"(1152, 384)",structural_vq64_int3_k8,0.08852902054786682,0.9960818886756897,0.025842292234301567
1,512,transformer.h.4.attn.c_proj.weight,transformer.h.4.attn.c_proj.weight,"(384, 384)",direct_scalar_int4,0.18983758985996246,0.9820276498794556,0.03834747150540352
1,512,transformer.h.4.attn.c_proj.weight,transformer.h.4.attn.c_proj.weight,"(384, 384)",structural_scalar_int3_p98_k8,0.12934039533138275,0.9916045069694519,0.026081278920173645
1,512,transformer.h.4.attn.c_proj.weight,transformer.h.4.attn.c_proj.weight,"(384, 384)",structural_int4_k8,0.09414590895175934,0.9955750703811646,0.017403142526745796
1,512,transformer.h.4.attn.c_proj.weight,transformer.h.4.attn.c_proj.weight,"(384, 384)",structural_vq64_int3_k8,0.09711910039186478,0.9952812194824219,0.024153824895620346
1,512,transformer.h.4.mlp.w1.weight,transformer.h.4.mlp.w1.weight,"(1024, 384)",direct_scalar_int4,0.19249357283115387,0.9815090894699097,0.12779971957206726
1,512,transformer.h.4.mlp.w1.weight,transformer.h.4.mlp.w1.weight,"(1024, 384)",structural_scalar_int3_p98_k8,0.17370735108852386,0.9848040342330933,0.041245248168706894
1,512,transformer.h.4.mlp.w1.weight,transformer.h.4.mlp.w1.weight,"(1024, 384)",structural_int4_k8,0.13074231147766113,0.9914595484733582,0.025905419141054153
1,512,transformer.h.4.mlp.w1.weight,transformer.h.4.mlp.w1.weight,"(1024, 384)",structural_vq64_int3_k8,0.14398357272148132,0.9896516799926758,0.04255422204732895
1,512,transformer.h.4.mlp.w2.weight,transformer.h.4.mlp.w2.weight,"(1024, 384)",direct_scalar_int4,0.19128070771694183,0.9816676378250122,0.11145487427711487
1,512,transformer.h.4.mlp.w2.weight,transformer.h.4.mlp.w2.weight,"(1024, 384)",structural_scalar_int3_p98_k8,0.17307639122009277,0.9849156737327576,0.043971527367830276
1,512,transformer.h.4.mlp.w2.weight,transformer.h.4.mlp.w2.weight,"(1024, 384)",structural_int4_k8,0.13036805391311646,0.991517961025238,0.029080959036946297
1,512,transformer.h.4.mlp.w2.weight,transformer.h.4.mlp.w2.weight,"(1024, 384)",structural_vq64_int3_k8,0.1450326144695282,0.9894933700561523,0.04299772158265114
1,512,transformer.h.4.mlp.c_proj.weight,transformer.h.4.mlp.c_proj.weight,"(384, 1024)",direct_scalar_int4,0.24081826210021973,0.9705869555473328,0.06508483737707138
1,512,transformer.h.4.mlp.c_proj.weight,transformer.h.4.mlp.c_proj.weight,"(384, 1024)",structural_scalar_int3_p98_k8,0.1788472980260849,0.9838905334472656,0.05350852757692337
1,512,transformer.h.4.mlp.c_proj.weight,transformer.h.4.mlp.c_proj.weight,"(384, 1024)",structural_int4_k8,0.14060372114181519,0.9901048541069031,0.02227700501680374
1,512,transformer.h.4.mlp.c_proj.weight,transformer.h.4.mlp.c_proj.weight,"(384, 1024)",structural_vq64_int3_k8,0.15272673964500427,0.9883651733398438,0.05699695274233818
1,512,transformer.h.5.attn.c_attn.weight,transformer.h.5.attn.c_attn.weight,"(1152, 384)",direct_scalar_int4,0.1957325041294098,0.9808460474014282,0.04387485235929489
1,512,transformer.h.5.attn.c_attn.weight,transformer.h.5.attn.c_attn.weight,"(1152, 384)",structural_scalar_int3_p98_k8,0.12122901529073715,0.9926274418830872,0.02967567928135395
1,512,transformer.h.5.attn.c_attn.weight,transformer.h.5.attn.c_attn.weight,"(1152, 384)",structural_int4_k8,0.08856575936079025,0.9960806965827942,0.017740916460752487
1,512,transformer.h.5.attn.c_attn.weight,transformer.h.5.attn.c_attn.weight,"(1152, 384)",structural_vq64_int3_k8,0.09111923724412918,0.9958505034446716,0.030460884794592857
1,512,transformer.h.5.attn.c_proj.weight,transformer.h.5.attn.c_proj.weight,"(384, 384)",direct_scalar_int4,0.18993131816387177,0.9819897413253784,0.037414100021123886
1,512,transformer.h.5.attn.c_proj.weight,transformer.h.5.attn.c_proj.weight,"(384, 384)",structural_scalar_int3_p98_k8,0.11762309074401855,0.9930596351623535,0.023106802254915237
1,512,transformer.h.5.attn.c_proj.weight,transformer.h.5.attn.c_proj.weight,"(384, 384)",structural_int4_k8,0.08625029027462006,0.9962791800498962,0.01573663204908371
1,512,transformer.h.5.attn.c_proj.weight,transformer.h.5.attn.c_proj.weight,"(384, 384)",structural_vq64_int3_k8,0.08915558457374573,0.996027946472168,0.02182117849588394
1,512,transformer.h.5.mlp.w1.weight,transformer.h.5.mlp.w1.weight,"(1024, 384)",direct_scalar_int4,0.1948607712984085,0.9809888005256653,0.09556803852319717
1,512,transformer.h.5.mlp.w1.weight,transformer.h.5.mlp.w1.weight,"(1024, 384)",structural_scalar_int3_p98_k8,0.1657874584197998,0.9861711859703064,0.03947107866406441
1,512,transformer.h.5.mlp.w1.weight,transformer.h.5.mlp.w1.weight,"(1024, 384)",structural_int4_k8,0.12492772936820984,0.9922008514404297,0.02262980490922928
1,512,transformer.h.5.mlp.w1.weight,transformer.h.5.mlp.w1.weight,"(1024, 384)",structural_vq64_int3_k8,0.13693824410438538,0.9906545281410217,0.04248569533228874
1,512,transformer.h.5.mlp.w2.weight,transformer.h.5.mlp.w2.weight,"(1024, 384)",direct_scalar_int4,0.19389505684375763,0.9812076091766357,0.07373092323541641
1,512,transformer.h.5.mlp.w2.weight,transformer.h.5.mlp.w2.weight,"(1024, 384)",structural_scalar_int3_p98_k8,0.17134058475494385,0.9852192401885986,0.039124421775341034
1,512,transformer.h.5.mlp.w2.weight,transformer.h.5.mlp.w2.weight,"(1024, 384)",structural_int4_k8,0.12861861288547516,0.9917362928390503,0.023614678531885147
1,512,transformer.h.5.mlp.w2.weight,transformer.h.5.mlp.w2.weight,"(1024, 384)",structural_vq64_int3_k8,0.14102645218372345,0.9900652170181274,0.04137258976697922
1,512,transformer.h.5.mlp.c_proj.weight,transformer.h.5.mlp.c_proj.weight,"(384, 1024)",direct_scalar_int4,0.23606351017951965,0.9718367457389832,0.057689156383275986
1,512,transformer.h.5.mlp.c_proj.weight,transformer.h.5.mlp.c_proj.weight,"(384, 1024)",structural_scalar_int3_p98_k8,0.16737841069698334,0.9859031438827515,0.038334764540195465
1,512,transformer.h.5.mlp.c_proj.weight,transformer.h.5.mlp.c_proj.weight,"(384, 1024)",structural_int4_k8,0.13086925446987152,0.991441547870636,0.018122024834156036
1,512,transformer.h.5.mlp.c_proj.weight,transformer.h.5.mlp.c_proj.weight,"(384, 1024)",structural_vq64_int3_k8,0.14035522937774658,0.9901598691940308,0.041574668139219284
1,1024,transformer.h.0.attn.c_attn.weight,transformer.h.0.attn.c_attn.weight,"(1152, 384)",direct_scalar_int4,0.18647567927837372,0.9826542735099792,0.03618905693292618
1,1024,transformer.h.0.attn.c_attn.weight,transformer.h.0.attn.c_attn.weight,"(1152, 384)",structural_scalar_int3_p98_k8,0.12810225784778595,0.9917668700218201,0.02306613326072693
1,1024,transformer.h.0.attn.c_attn.weight,transformer.h.0.attn.c_attn.weight,"(1152, 384)",structural_int4_k8,0.09266413003206253,0.9957142472267151,0.01638287864625454
1,1024,transformer.h.0.attn.c_attn.weight,transformer.h.0.attn.c_attn.weight,"(1152, 384)",structural_vq64_int3_k8,0.09585537761449814,0.9954044818878174,0.020776621997356415
1,1024,transformer.h.0.attn.c_proj.weight,transformer.h.0.attn.c_proj.weight,"(384, 384)",direct_scalar_int4,0.1885112076997757,0.9822765588760376,0.042084138840436935
1,1024,transformer.h.0.attn.c_proj.weight,transformer.h.0.attn.c_proj.weight,"(384, 384)",structural_scalar_int3_p98_k8,0.12928710877895355,0.9916139245033264,0.026371918618679047
1,1024,transformer.h.0.attn.c_proj.weight,transformer.h.0.attn.c_proj.weight,"(384, 384)",structural_int4_k8,0.09365518391132355,0.9956294894218445,0.017887506633996964
1,1024,transformer.h.0.attn.c_proj.weight,transformer.h.0.attn.c_proj.weight,"(384, 384)",structural_vq64_int3_k8,0.09686260670423508,0.9953020215034485,0.0230381079018116
1,1024,transformer.h.0.mlp.w1.weight,transformer.h.0.mlp.w1.weight,"(1024, 384)",direct_scalar_int4,0.19269509613513947,0.9814710021018982,0.04395398125052452
1,1024,transformer.h.0.mlp.w1.weight,transformer.h.0.mlp.w1.weight,"(1024, 384)",structural_scalar_int3_p98_k8,0.17415489256381989,0.9847258925437927,0.03187696263194084
1,1024,transformer.h.0.mlp.w1.weight,transformer.h.0.mlp.w1.weight,"(1024, 384)",structural_int4_k8,0.13126428425312042,0.9913850426673889,0.02122098207473755
1,1024,transformer.h.0.mlp.w1.weight,transformer.h.0.mlp.w1.weight,"(1024, 384)",structural_vq64_int3_k8,0.1404898762702942,0.9901503920555115,0.031254250556230545
1,1024,transformer.h.0.mlp.w2.weight,transformer.h.0.mlp.w2.weight,"(1024, 384)",direct_scalar_int4,0.19227734208106995,0.9815473556518555,0.037848640233278275
1,1024,transformer.h.0.mlp.w2.weight,transformer.h.0.mlp.w2.weight,"(1024, 384)",structural_scalar_int3_p98_k8,0.17797434329986572,0.9840410351753235,0.03345956653356552
1,1024,transformer.h.0.mlp.w2.weight,transformer.h.0.mlp.w2.weight,"(1024, 384)",structural_int4_k8,0.13375647366046906,0.9910657405853271,0.022497644647955894
1,1024,transformer.h.0.mlp.w2.weight,transformer.h.0.mlp.w2.weight,"(1024, 384)",structural_vq64_int3_k8,0.14395083487033844,0.9896558523178101,0.03380325809121132
1,1024,transformer.h.0.mlp.c_proj.weight,transformer.h.0.mlp.c_proj.weight,"(384, 1024)",direct_scalar_int4,0.22735007107257843,0.9738937020301819,0.05584317073225975
1,1024,transformer.h.0.mlp.c_proj.weight,transformer.h.0.mlp.c_proj.weight,"(384, 1024)",structural_scalar_int3_p98_k8,0.19450977444648743,0.98091721534729,0.06055734306573868
1,1024,transformer.h.0.mlp.c_proj.weight,transformer.h.0.mlp.c_proj.weight,"(384, 1024)",structural_int4_k8,0.15263758599758148,0.988347589969635,0.02733876369893551
1,1024,transformer.h.0.mlp.c_proj.weight,transformer.h.0.mlp.c_proj.weight,"(384, 1024)",structural_vq64_int3_k8,0.16377374529838562,0.9866195321083069,0.06435243785381317
1,1024,transformer.h.1.attn.c_attn.weight,transformer.h.1.attn.c_attn.weight,"(1152, 384)",direct_scalar_int4,0.19587856531143188,0.9807960987091064,0.035427965223789215
1,1024,transformer.h.1.attn.c_attn.weight,transformer.h.1.attn.c_attn.weight,"(1152, 384)",structural_scalar_int3_p98_k8,0.12829984724521637,0.991741955280304,0.021059857681393623
1,1024,transformer.h.1.attn.c_attn.weight,transformer.h.1.attn.c_attn.weight,"(1152, 384)",structural_int4_k8,0.09292681515216827,0.9956893920898438,0.0143726896494627
1,1024,transformer.h.1.attn.c_attn.weight,transformer.h.1.attn.c_attn.weight,"(1152, 384)",structural_vq64_int3_k8,0.09661730378866196,0.9953307509422302,0.019847754389047623
1,1024,transformer.h.1.attn.c_proj.weight,transformer.h.1.attn.c_proj.weight,"(384, 384)",direct_scalar_int4,0.20037849247455597,0.9799108505249023,0.0369400717318058
1,1024,transformer.h.1.attn.c_proj.weight,transformer.h.1.attn.c_proj.weight,"(384, 384)",structural_scalar_int3_p98_k8,0.11658058315515518,0.9931910634040833,0.01817268133163452
1,1024,transformer.h.1.attn.c_proj.weight,transformer.h.1.attn.c_proj.weight,"(384, 384)",structural_int4_k8,0.08517642319202423,0.9963839650154114,0.011608181521296501
1,1024,transformer.h.1.attn.c_proj.weight,transformer.h.1.attn.c_proj.weight,"(384, 384)",structural_vq64_int3_k8,0.08748780190944672,0.9961670637130737,0.017735343426465988
1,1024,transformer.h.1.mlp.w1.weight,transformer.h.1.mlp.w1.weight,"(1024, 384)",direct_scalar_int4,0.19674864411354065,0.9806459546089172,0.04523021727800369
1,1024,transformer.h.1.mlp.w1.weight,transformer.h.1.mlp.w1.weight,"(1024, 384)",structural_scalar_int3_p98_k8,0.17341361939907074,0.9848576784133911,0.03542931377887726
1,1024,transformer.h.1.mlp.w1.weight,transformer.h.1.mlp.w1.weight,"(1024, 384)",structural_int4_k8,0.13043157756328583,0.9914990663528442,0.022022416815161705
1,1024,transformer.h.1.mlp.w1.weight,transformer.h.1.mlp.w1.weight,"(1024, 384)",structural_vq64_int3_k8,0.14474600553512573,0.9895609617233276,0.03650129213929176
1,1024,transformer.h.1.mlp.w2.weight,transformer.h.1.mlp.w2.weight,"(1024, 384)",direct_scalar_int4,0.19467206299304962,0.9810545444488525,0.04687628895044327
1,1024,transformer.h.1.mlp.w2.weight,transformer.h.1.mlp.w2.weight,"(1024, 384)",structural_scalar_int3_p98_k8,0.1719430536031723,0.9851137399673462,0.03725708648562431
1,1024,transformer.h.1.mlp.w2.weight,transformer.h.1.mlp.w2.weight,"(1024, 384)",structural_int4_k8,0.1287744790315628,0.9917154908180237,0.024031110107898712
1,1024,transformer.h.1.mlp.w2.weight,transformer.h.1.mlp.w2.weight,"(1024, 384)",structural_vq64_int3_k8,0.14440597593784332,0.9895961284637451,0.03947056457400322
1,1024,transformer.h.1.mlp.c_proj.weight,transformer.h.1.mlp.c_proj.weight,"(384, 1024)",direct_scalar_int4,0.22596955299377441,0.9742385149002075,0.0568854995071888
1,1024,transformer.h.1.mlp.c_proj.weight,transformer.h.1.mlp.c_proj.weight,"(384, 1024)",structural_scalar_int3_p98_k8,0.19973576068878174,0.979880690574646,0.07371864467859268
1,1024,transformer.h.1.mlp.c_proj.weight,transformer.h.1.mlp.c_proj.weight,"(384, 1024)",structural_int4_k8,0.15540027618408203,0.9879040718078613,0.0328342504799366
1,1024,transformer.h.1.mlp.c_proj.weight,transformer.h.1.mlp.c_proj.weight,"(384, 1024)",structural_vq64_int3_k8,0.17242302000522614,0.9852036237716675,0.08001870661973953
1,1024,transformer.h.2.attn.c_attn.weight,transformer.h.2.attn.c_attn.weight,"(1152, 384)",direct_scalar_int4,0.1938215047121048,0.9812446236610413,0.04775850102305412
1,1024,transformer.h.2.attn.c_attn.weight,transformer.h.2.attn.c_attn.weight,"(1152, 384)",structural_scalar_int3_p98_k8,0.08104017376899719,0.9967291355133057,0.011982166208326817
1,1024,transformer.h.2.attn.c_attn.weight,transformer.h.2.attn.c_attn.weight,"(1152, 384)",structural_int4_k8,0.058531880378723145,0.9983046054840088,0.008325010538101196
1,1024,transformer.h.2.attn.c_attn.weight,transformer.h.2.attn.c_attn.weight,"(1152, 384)",structural_vq64_int3_k8,0.06082168221473694,0.998171329498291,0.010561313480138779
1,1024,transformer.h.2.attn.c_proj.weight,transformer.h.2.attn.c_proj.weight,"(384, 384)",direct_scalar_int4,0.1941172033548355,0.9811574816703796,0.032995086163282394
1,1024,transformer.h.2.attn.c_proj.weight,transformer.h.2.attn.c_proj.weight,"(384, 384)",structural_scalar_int3_p98_k8,0.11582587659358978,0.9932722449302673,0.022871747612953186
1,1024,transformer.h.2.attn.c_proj.weight,transformer.h.2.attn.c_proj.weight,"(384, 384)",structural_int4_k8,0.08987971395254135,0.9959667325019836,0.012037742882966995
1,1024,transformer.h.2.attn.c_proj.weight,transformer.h.2.attn.c_proj.weight,"(384, 384)",structural_vq64_int3_k8,0.09536328166723251,0.9954509735107422,0.02503904514014721
1,1024,transformer.h.2.mlp.w1.weight,transformer.h.2.mlp.w1.weight,"(1024, 384)",direct_scalar_int4,0.19239799678325653,0.9815071821212769,0.037544962018728256
1,1024,transformer.h.2.mlp.w1.weight,transformer.h.2.mlp.w1.weight,"(1024, 384)",structural_scalar_int3_p98_k8,0.18286967277526855,0.9831446409225464,0.037875182926654816
1,1024,transformer.h.2.mlp.w1.weight,transformer.h.2.mlp.w1.weight,"(1024, 384)",structural_int4_k8,0.13776318728923798,0.9905118942260742,0.024427570402622223
1,1024,transformer.h.2.mlp.w1.weight,transformer.h.2.mlp.w1.weight,"(1024, 384)",structural_vq64_int3_k8,0.15146973729133606,0.9885567426681519,0.039910852909088135
1,1024,transformer.h.2.mlp.w2.weight,transformer.h.2.mlp.w2.weight,"(1024, 384)",direct_scalar_int4,0.19489888846874237,0.9810060858726501,0.03837021440267563
1,1024,transformer.h.2.mlp.w2.weight,transformer.h.2.mlp.w2.weight,"(1024, 384)",structural_scalar_int3_p98_k8,0.18247076869010925,0.9832174181938171,0.03687845170497894
1,1024,transformer.h.2.mlp.w2.weight,transformer.h.2.mlp.w2.weight,"(1024, 384)",structural_int4_k8,0.13737685978412628,0.9905739426612854,0.024627456441521645
1,1024,transformer.h.2.mlp.w2.weight,transformer.h.2.mlp.w2.weight,"(1024, 384)",structural_vq64_int3_k8,0.15274080634117126,0.9883551001548767,0.03840788081288338
1,1024,transformer.h.2.mlp.c_proj.weight,transformer.h.2.mlp.c_proj.weight,"(384, 1024)",direct_scalar_int4,0.21175174415111542,0.9775238633155823,0.06172624230384827
1,1024,transformer.h.2.mlp.c_proj.weight,transformer.h.2.mlp.c_proj.weight,"(384, 1024)",structural_scalar_int3_p98_k8,0.21268311142921448,0.9771372079849243,0.0842316523194313
1,1024,transformer.h.2.mlp.c_proj.weight,transformer.h.2.mlp.c_proj.weight,"(384, 1024)",structural_int4_k8,0.1654316782951355,0.986314058303833,0.045953039079904556
1,1024,transformer.h.2.mlp.c_proj.weight,transformer.h.2.mlp.c_proj.weight,"(384, 1024)",structural_vq64_int3_k8,0.17958082258701324,0.9839197397232056,0.08826445788145065
1,1024,transformer.h.3.attn.c_attn.weight,transformer.h.3.attn.c_attn.weight,"(1152, 384)",direct_scalar_int4,0.19290517270565033,0.9814156889915466,0.031274132430553436
1,1024,transformer.h.3.attn.c_attn.weight,transformer.h.3.attn.c_attn.weight,"(1152, 384)",structural_scalar_int3_p98_k8,0.11694234609603882,0.9931480884552002,0.01807822659611702
1,1024,transformer.h.3.attn.c_attn.weight,transformer.h.3.attn.c_attn.weight,"(1152, 384)",structural_int4_k8,0.08544054627418518,0.9963626861572266,0.01255594938993454
1,1024,transformer.h.3.attn.c_attn.weight,transformer.h.3.attn.c_attn.weight,"(1152, 384)",structural_vq64_int3_k8,0.0878334566950798,0.9961381554603577,0.016179760918021202
1,1024,transformer.h.3.attn.c_proj.weight,transformer.h.3.attn.c_proj.weight,"(384, 384)",direct_scalar_int4,0.18891163170337677,0.98219895362854,0.03125489130616188
1,1024,transformer.h.3.attn.c_proj.weight,transformer.h.3.attn.c_proj.weight,"(384, 384)",structural_scalar_int3_p98_k8,0.11649998277425766,0.9931924939155579,0.016856614500284195
1,1024,transformer.h.3.attn.c_proj.weight,transformer.h.3.attn.c_proj.weight,"(384, 384)",structural_int4_k8,0.08476047217845917,0.9964091777801514,0.0117733683437109
1,1024,transformer.h.3.attn.c_proj.weight,transformer.h.3.attn.c_proj.weight,"(384, 384)",structural_vq64_int3_k8,0.08704313635826111,0.9962141513824463,0.014713756740093231
1,1024,transformer.h.3.mlp.w1.weight,transformer.h.3.mlp.w1.weight,"(1024, 384)",direct_scalar_int4,0.19371533393859863,0.9812631011009216,0.05907820165157318
1,1024,transformer.h.3.mlp.w1.weight,transformer.h.3.mlp.w1.weight,"(1024, 384)",structural_scalar_int3_p98_k8,0.18107515573501587,0.9834762811660767,0.03875374794006348
1,1024,transformer.h.3.mlp.w1.weight,transformer.h.3.mlp.w1.weight,"(1024, 384)",structural_int4_k8,0.13606424629688263,0.9907541275024414,0.024976875633001328
1,1024,transformer.h.3.mlp.w1.weight,transformer.h.3.mlp.w1.weight,"(1024, 384)",structural_vq64_int3_k8,0.15039457380771637,0.9887111186981201,0.03923580050468445
1,1024,transformer.h.3.mlp.w2.weight,transformer.h.3.mlp.w2.weight,"(1024, 384)",direct_scalar_int4,0.1951698660850525,0.9809415340423584,0.06764691323041916
1,1024,transformer.h.3.mlp.w2.weight,transformer.h.3.mlp.w2.weight,"(1024, 384)",structural_scalar_int3_p98_k8,0.1824498325586319,0.9832220077514648,0.03801810368895531
1,1024,transformer.h.3.mlp.w2.weight,transformer.h.3.mlp.w2.weight,"(1024, 384)",structural_int4_k8,0.13672716915607452,0.9906675815582275,0.02469632960855961
1,1024,transformer.h.3.mlp.w2.weight,transformer.h.3.mlp.w2.weight,"(1024, 384)",structural_vq64_int3_k8,0.15327735245227814,0.9882718920707703,0.03872667998075485
1,1024,transformer.h.3.mlp.c_proj.weight,transformer.h.3.mlp.c_proj.weight,"(384, 1024)",direct_scalar_int4,0.22518762946128845,0.9744626879692078,0.06239735335111618
1,1024,transformer.h.3.mlp.c_proj.weight,transformer.h.3.mlp.c_proj.weight,"(384, 1024)",structural_scalar_int3_p98_k8,0.21104812622070312,0.9774991869926453,0.08646512776613235
1,1024,transformer.h.3.mlp.c_proj.weight,transformer.h.3.mlp.c_proj.weight,"(384, 1024)",structural_int4_k8,0.1656591296195984,0.9862615466117859,0.03929903730750084
1,1024,transformer.h.3.mlp.c_proj.weight,transformer.h.3.mlp.c_proj.weight,"(384, 1024)",structural_vq64_int3_k8,0.181547150015831,0.9835653901100159,0.09329216927289963
1,1024,transformer.h.4.attn.c_attn.weight,transformer.h.4.attn.c_attn.weight,"(1152, 384)",direct_scalar_int4,0.19749978184700012,0.9804641604423523,0.04175211116671562
1,1024,transformer.h.4.attn.c_attn.weight,transformer.h.4.attn.c_attn.weight,"(1152, 384)",structural_scalar_int3_p98_k8,0.12198994308710098,0.9925409555435181,0.021175015717744827
1,1024,transformer.h.4.attn.c_attn.weight,transformer.h.4.attn.c_attn.weight,"(1152, 384)",structural_int4_k8,0.08946967124938965,0.996009349822998,0.015191836282610893
1,1024,transformer.h.4.attn.c_attn.weight,transformer.h.4.attn.c_attn.weight,"(1152, 384)",structural_vq64_int3_k8,0.09257956594228745,0.9957166314125061,0.02032933570444584
1,1024,transformer.h.4.attn.c_proj.weight,transformer.h.4.attn.c_proj.weight,"(384, 384)",direct_scalar_int4,0.1973903328180313,0.9805001616477966,0.03342364355921745
1,1024,transformer.h.4.attn.c_proj.weight,transformer.h.4.attn.c_proj.weight,"(384, 384)",structural_scalar_int3_p98_k8,0.12168820947408676,0.992570698261261,0.022244572639465332
1,1024,transformer.h.4.attn.c_proj.weight,transformer.h.4.attn.c_proj.weight,"(384, 384)",structural_int4_k8,0.09460478276014328,0.9955229163169861,0.013234954327344894
1,1024,transformer.h.4.attn.c_proj.weight,transformer.h.4.attn.c_proj.weight,"(384, 384)",structural_vq64_int3_k8,0.10041923075914383,0.9949677586555481,0.024682335555553436
1,1024,transformer.h.4.mlp.w1.weight,transformer.h.4.mlp.w1.weight,"(1024, 384)",direct_scalar_int4,0.19609780609607697,0.9807543754577637,0.14636093378067017
1,1024,transformer.h.4.mlp.w1.weight,transformer.h.4.mlp.w1.weight,"(1024, 384)",structural_scalar_int3_p98_k8,0.18818512558937073,0.9821417331695557,0.05678141489624977
1,1024,transformer.h.4.mlp.w1.weight,transformer.h.4.mlp.w1.weight,"(1024, 384)",structural_int4_k8,0.142169788479805,0.9899024367332458,0.033850692212581635
1,1024,transformer.h.4.mlp.w1.weight,transformer.h.4.mlp.w1.weight,"(1024, 384)",structural_vq64_int3_k8,0.15522202849388123,0.9879809021949768,0.058842454105615616
1,1024,transformer.h.4.mlp.w2.weight,transformer.h.4.mlp.w2.weight,"(1024, 384)",direct_scalar_int4,0.19589488208293915,0.9807952642440796,0.14384247362613678
1,1024,transformer.h.4.mlp.w2.weight,transformer.h.4.mlp.w2.weight,"(1024, 384)",structural_scalar_int3_p98_k8,0.18811127543449402,0.9821563959121704,0.06053866446018219
1,1024,transformer.h.4.mlp.w2.weight,transformer.h.4.mlp.w2.weight,"(1024, 384)",structural_int4_k8,0.14182540774345398,0.9899634718894958,0.037968456745147705
1,1024,transformer.h.4.mlp.w2.weight,transformer.h.4.mlp.w2.weight,"(1024, 384)",structural_vq64_int3_k8,0.15642473101615906,0.9877719283103943,0.06384257227182388
1,1024,transformer.h.4.mlp.c_proj.weight,transformer.h.4.mlp.c_proj.weight,"(384, 1024)",direct_scalar_int4,0.2345990687608719,0.9721730351448059,0.06088673695921898
1,1024,transformer.h.4.mlp.c_proj.weight,transformer.h.4.mlp.c_proj.weight,"(384, 1024)",structural_scalar_int3_p98_k8,0.1882735788822174,0.982132077217102,0.05478660762310028
1,1024,transformer.h.4.mlp.c_proj.weight,transformer.h.4.mlp.c_proj.weight,"(384, 1024)",structural_int4_k8,0.1471109390258789,0.9891799092292786,0.024672791361808777
1,1024,transformer.h.4.mlp.c_proj.weight,transformer.h.4.mlp.c_proj.weight,"(384, 1024)",structural_vq64_int3_k8,0.1594233214855194,0.9873143434524536,0.05866396427154541
1,1024,transformer.h.5.attn.c_attn.weight,transformer.h.5.attn.c_attn.weight,"(1152, 384)",direct_scalar_int4,0.20375260710716248,0.9792135953903198,0.0520167350769043
1,1024,transformer.h.5.attn.c_attn.weight,transformer.h.5.attn.c_attn.weight,"(1152, 384)",structural_scalar_int3_p98_k8,0.1371111124753952,0.9905617237091064,0.032756779342889786
1,1024,transformer.h.5.attn.c_attn.weight,transformer.h.5.attn.c_attn.weight,"(1152, 384)",structural_int4_k8,0.09975399076938629,0.9950386881828308,0.022307196632027626
1,1024,transformer.h.5.attn.c_attn.weight,transformer.h.5.attn.c_attn.weight,"(1152, 384)",structural_vq64_int3_k8,0.10291624814271927,0.9946979284286499,0.031652890145778656
1,1024,transformer.h.5.attn.c_proj.weight,transformer.h.5.attn.c_proj.weight,"(384, 384)",direct_scalar_int4,0.18503451347351074,0.9829390645027161,0.037026453763246536
1,1024,transformer.h.5.attn.c_proj.weight,transformer.h.5.attn.c_proj.weight,"(384, 384)",structural_scalar_int3_p98_k8,0.13559092581272125,0.9907702803611755,0.02751348540186882
1,1024,transformer.h.5.attn.c_proj.weight,transformer.h.5.attn.c_proj.weight,"(384, 384)",structural_int4_k8,0.09944911301136017,0.9950646162033081,0.01855134591460228
1,1024,transformer.h.5.attn.c_proj.weight,transformer.h.5.attn.c_proj.weight,"(384, 384)",structural_vq64_int3_k8,0.1017891988158226,0.9948144555091858,0.02754315175116062
1,1024,transformer.h.5.mlp.w1.weight,transformer.h.5.mlp.w1.weight,"(1024, 384)",direct_scalar_int4,0.20365209877490997,0.9792090058326721,0.12502120435237885
1,1024,transformer.h.5.mlp.w1.weight,transformer.h.5.mlp.w1.weight,"(1024, 384)",structural_scalar_int3_p98_k8,0.18673822283744812,0.9824185371398926,0.06576869636774063
1,1024,transformer.h.5.mlp.w1.weight,transformer.h.5.mlp.w1.weight,"(1024, 384)",structural_int4_k8,0.14029431343078613,0.9901698231697083,0.035090912133455276
1,1024,transformer.h.5.mlp.w1.weight,transformer.h.5.mlp.w1.weight,"(1024, 384)",structural_vq64_int3_k8,0.1578863114118576,0.9875717163085938,0.07247496396303177
1,1024,transformer.h.5.mlp.w2.weight,transformer.h.5.mlp.w2.weight,"(1024, 384)",direct_scalar_int4,0.2024940401315689,0.9794356226921082,0.10986293107271194
1,1024,transformer.h.5.mlp.w2.weight,transformer.h.5.mlp.w2.weight,"(1024, 384)",structural_scalar_int3_p98_k8,0.185699924826622,0.9826138615608215,0.06503013521432877
1,1024,transformer.h.5.mlp.w2.weight,transformer.h.5.mlp.w2.weight,"(1024, 384)",structural_int4_k8,0.13974669575691223,0.9902447462081909,0.037708986550569534
1,1024,transformer.h.5.mlp.w2.weight,transformer.h.5.mlp.w2.weight,"(1024, 384)",structural_vq64_int3_k8,0.155259370803833,0.9879727363586426,0.0690302848815918
1,1024,transformer.h.5.mlp.c_proj.weight,transformer.h.5.mlp.c_proj.weight,"(384, 1024)",direct_scalar_int4,0.22400571405887604,0.9747137427330017,0.04848886653780937
1,1024,transformer.h.5.mlp.c_proj.weight,transformer.h.5.mlp.c_proj.weight,"(384, 1024)",structural_scalar_int3_p98_k8,0.16761496663093567,0.9858699440956116,0.04103931412100792
1,1024,transformer.h.5.mlp.c_proj.weight,transformer.h.5.mlp.c_proj.weight,"(384, 1024)",structural_int4_k8,0.13097341358661652,0.991418719291687,0.017977161332964897
1,1024,transformer.h.5.mlp.c_proj.weight,transformer.h.5.mlp.c_proj.weight,"(384, 1024)",structural_vq64_int3_k8,0.14244860410690308,0.9898772835731506,0.043708790093660355
1,2048,transformer.h.0.attn.c_attn.weight,transformer.h.0.attn.c_attn.weight,"(1152, 384)",direct_scalar_int4,0.20619967579841614,0.9786837697029114,0.04307037219405174
1,2048,transformer.h.0.attn.c_attn.weight,transformer.h.0.attn.c_attn.weight,"(1152, 384)",structural_scalar_int3_p98_k8,0.11077412217855453,0.9938490986824036,0.0187057014554739
1,2048,transformer.h.0.attn.c_attn.weight,transformer.h.0.attn.c_attn.weight,"(1152, 384)",structural_int4_k8,0.08191259205341339,0.9966505765914917,0.012695279903709888
1,2048,transformer.h.0.attn.c_attn.weight,transformer.h.0.attn.c_attn.weight,"(1152, 384)",structural_vq64_int3_k8,0.0833987221121788,0.9965218901634216,0.017183691263198853
1,2048,transformer.h.0.attn.c_proj.weight,transformer.h.0.attn.c_proj.weight,"(384, 384)",direct_scalar_int4,0.19654814898967743,0.9806685447692871,0.037283025681972504
1,2048,transformer.h.0.attn.c_proj.weight,transformer.h.0.attn.c_proj.weight,"(384, 384)",structural_scalar_int3_p98_k8,0.10519872605800629,0.9944553375244141,0.018767884001135826
1,2048,transformer.h.0.attn.c_proj.weight,transformer.h.0.attn.c_proj.weight,"(384, 384)",structural_int4_k8,0.07664356380701065,0.9970670938491821,0.01301798690110445
1,2048,transformer.h.0.attn.c_proj.weight,transformer.h.0.attn.c_proj.weight,"(384, 384)",structural_vq64_int3_k8,0.07891999185085297,0.9968844652175903,0.016676101833581924
1,2048,transformer.h.0.mlp.w1.weight,transformer.h.0.mlp.w1.weight,"(1024, 384)",direct_scalar_int4,0.19789202511310577,0.9804008603096008,0.05518490448594093
1,2048,transformer.h.0.mlp.w1.weight,transformer.h.0.mlp.w1.weight,"(1024, 384)",structural_scalar_int3_p98_k8,0.17028376460075378,0.9854021072387695,0.03069949336349964
1,2048,transformer.h.0.mlp.w1.weight,transformer.h.0.mlp.w1.weight,"(1024, 384)",structural_int4_k8,0.1273476630449295,0.9919027090072632,0.021030759438872337
1,2048,transformer.h.0.mlp.w1.weight,transformer.h.0.mlp.w1.weight,"(1024, 384)",structural_vq64_int3_k8,0.13633517920970917,0.9907146692276001,0.030303264036774635
1,2048,transformer.h.0.mlp.w2.weight,transformer.h.0.mlp.w2.weight,"(1024, 384)",direct_scalar_int4,0.19713948667049408,0.980538010597229,0.03987883776426315
1,2048,transformer.h.0.mlp.w2.weight,transformer.h.0.mlp.w2.weight,"(1024, 384)",structural_scalar_int3_p98_k8,0.17017503082752228,0.9854219555854797,0.027286522090435028
1,2048,transformer.h.0.mlp.w2.weight,transformer.h.0.mlp.w2.weight,"(1024, 384)",structural_int4_k8,0.1282905489206314,0.9917885661125183,0.019183561205863953
1,2048,transformer.h.0.mlp.w2.weight,transformer.h.0.mlp.w2.weight,"(1024, 384)",structural_vq64_int3_k8,0.13637757301330566,0.9907064437866211,0.026189109310507774
1,2048,transformer.h.0.mlp.c_proj.weight,transformer.h.0.mlp.c_proj.weight,"(384, 1024)",direct_scalar_int4,0.23380045592784882,0.9723480939865112,0.059762123972177505
1,2048,transformer.h.0.mlp.c_proj.weight,transformer.h.0.mlp.c_proj.weight,"(384, 1024)",structural_scalar_int3_p98_k8,0.1886221170425415,0.9820641875267029,0.06586246192455292
1,2048,transformer.h.0.mlp.c_proj.weight,transformer.h.0.mlp.c_proj.weight,"(384, 1024)",structural_int4_k8,0.14998409152030945,0.9887384176254272,0.02557976357638836
1,2048,transformer.h.0.mlp.c_proj.weight,transformer.h.0.mlp.c_proj.weight,"(384, 1024)",structural_vq64_int3_k8,0.1582212597131729,0.987507700920105,0.07063335925340652
1,2048,transformer.h.1.attn.c_attn.weight,transformer.h.1.attn.c_attn.weight,"(1152, 384)",direct_scalar_int4,0.20518934726715088,0.9788857698440552,0.03986092656850815
1,2048,transformer.h.1.attn.c_attn.weight,transformer.h.1.attn.c_attn.weight,"(1152, 384)",structural_scalar_int3_p98_k8,0.11820521950721741,0.9929918646812439,0.017736485227942467
1,2048,transformer.h.1.attn.c_attn.weight,transformer.h.1.attn.c_attn.weight,"(1152, 384)",structural_int4_k8,0.08651746064424515,0.996261477470398,0.012654481455683708
1,2048,transformer.h.1.attn.c_attn.weight,transformer.h.1.attn.c_attn.weight,"(1152, 384)",structural_vq64_int3_k8,0.08893506228923798,0.9960486888885498,0.015729906037449837
1,2048,transformer.h.1.attn.c_proj.weight,transformer.h.1.attn.c_proj.weight,"(384, 384)",direct_scalar_int4,0.20967881381511688,0.9779631495475769,0.03738521412014961
1,2048,transformer.h.1.attn.c_proj.weight,transformer.h.1.attn.c_proj.weight,"(384, 384)",structural_scalar_int3_p98_k8,0.10037963837385178,0.9949508309364319,0.013544033281505108
1,2048,transformer.h.1.attn.c_proj.weight,transformer.h.1.attn.c_proj.weight,"(384, 384)",structural_int4_k8,0.07355796545743942,0.9972941875457764,0.009405202232301235
1,2048,transformer.h.1.attn.c_proj.weight,transformer.h.1.attn.c_proj.weight,"(384, 384)",structural_vq64_int3_k8,0.07554778456687927,0.9971492290496826,0.012870787642896175
1,2048,transformer.h.1.mlp.w1.weight,transformer.h.1.mlp.w1.weight,"(1024, 384)",direct_scalar_int4,0.1951194554567337,0.9809682965278625,0.04656476154923439
1,2048,transformer.h.1.mlp.w1.weight,transformer.h.1.mlp.w1.weight,"(1024, 384)",structural_scalar_int3_p98_k8,0.165095254778862,0.9862863421440125,0.03162521868944168
1,2048,transformer.h.1.mlp.w1.weight,transformer.h.1.mlp.w1.weight,"(1024, 384)",structural_int4_k8,0.12494344264268875,0.992218554019928,0.02088053710758686
1,2048,transformer.h.1.mlp.w1.weight,transformer.h.1.mlp.w1.weight,"(1024, 384)",structural_vq64_int3_k8,0.13626112043857574,0.9907172322273254,0.03056163713335991
1,2048,transformer.h.1.mlp.w2.weight,transformer.h.1.mlp.w2.weight,"(1024, 384)",direct_scalar_int4,0.195985347032547,0.9807801246643066,0.05112602189183235
1,2048,transformer.h.1.mlp.w2.weight,transformer.h.1.mlp.w2.weight,"(1024, 384)",structural_scalar_int3_p98_k8,0.16725756227970123,0.9859211444854736,0.033175915479660034
1,2048,transformer.h.1.mlp.w2.weight,transformer.h.1.mlp.w2.weight,"(1024, 384)",structural_int4_k8,0.12612557411193848,0.9920614361763,0.021081240847706795
1,2048,transformer.h.1.mlp.w2.weight,transformer.h.1.mlp.w2.weight,"(1024, 384)",structural_vq64_int3_k8,0.13931486010551453,0.9903016090393066,0.03420785441994667
1,2048,transformer.h.1.mlp.c_proj.weight,transformer.h.1.mlp.c_proj.weight,"(384, 1024)",direct_scalar_int4,0.2225203514099121,0.9750415086746216,0.05580523982644081
1,2048,transformer.h.1.mlp.c_proj.weight,transformer.h.1.mlp.c_proj.weight,"(384, 1024)",structural_scalar_int3_p98_k8,0.19315893948078156,0.9811873435974121,0.05962430313229561
1,2048,transformer.h.1.mlp.c_proj.weight,transformer.h.1.mlp.c_proj.weight,"(384, 1024)",structural_int4_k8,0.15049217641353607,0.9886685609817505,0.029886620119214058
1,2048,transformer.h.1.mlp.c_proj.weight,transformer.h.1.mlp.c_proj.weight,"(384, 1024)",structural_vq64_int3_k8,0.16386720538139343,0.9866021275520325,0.06323135644197464
1,2048,transformer.h.2.attn.c_attn.weight,transformer.h.2.attn.c_attn.weight,"(1152, 384)",direct_scalar_int4,0.20425105094909668,0.9790828227996826,0.04114652797579765
1,2048,transformer.h.2.attn.c_attn.weight,transformer.h.2.attn.c_attn.weight,"(1152, 384)",structural_scalar_int3_p98_k8,0.10614214092493057,0.9943541288375854,0.018999498337507248
1,2048,transformer.h.2.attn.c_attn.weight,transformer.h.2.attn.c_attn.weight,"(1152, 384)",structural_int4_k8,0.07625705748796463,0.9970964789390564,0.012870940379798412
1,2048,transformer.h.2.attn.c_attn.weight,transformer.h.2.attn.c_attn.weight,"(1152, 384)",structural_vq64_int3_k8,0.08029016852378845,0.9967821836471558,0.016258280724287033
1,2048,transformer.h.2.attn.c_proj.weight,transformer.h.2.attn.c_proj.weight,"(384, 384)",direct_scalar_int4,0.19558042287826538,0.9808629155158997,0.039335910230875015
1,2048,transformer.h.2.attn.c_proj.weight,transformer.h.2.attn.c_proj.weight,"(384, 384)",structural_scalar_int3_p98_k8,0.12238213419914246,0.9924957156181335,0.02416151389479637
1,2048,transformer.h.2.attn.c_proj.weight,transformer.h.2.attn.c_proj.weight,"(384, 384)",structural_int4_k8,0.092512346804142,0.9957156777381897,0.012991159223020077
1,2048,transformer.h.2.attn.c_proj.weight,transformer.h.2.attn.c_proj.weight,"(384, 384)",structural_vq64_int3_k8,0.11479318141937256,0.9934310913085938,0.02748318947851658
1,2048,transformer.h.2.mlp.w1.weight,transformer.h.2.mlp.w1.weight,"(1024, 384)",direct_scalar_int4,0.1919236034154892,0.9816283583641052,0.04080282896757126
1,2048,transformer.h.2.mlp.w1.weight,transformer.h.2.mlp.w1.weight,"(1024, 384)",structural_scalar_int3_p98_k8,0.19320210814476013,0.9811663031578064,0.04193777218461037
1,2048,transformer.h.2.mlp.w1.weight,transformer.h.2.mlp.w1.weight,"(1024, 384)",structural_int4_k8,0.14657185971736908,0.9892651438713074,0.028905555605888367
1,2048,transformer.h.2.mlp.w1.weight,transformer.h.2.mlp.w1.weight,"(1024, 384)",structural_vq64_int3_k8,0.15559692680835724,0.9879149198532104,0.04084399715065956
1,2048,transformer.h.2.mlp.w2.weight,transformer.h.2.mlp.w2.weight,"(1024, 384)",direct_scalar_int4,0.1931728720664978,0.9813535809516907,0.043506912887096405
1,2048,transformer.h.2.mlp.w2.weight,transformer.h.2.mlp.w2.weight,"(1024, 384)",structural_scalar_int3_p98_k8,0.1963985413312912,0.9805300235748291,0.046653151512145996
1,2048,transformer.h.2.mlp.w2.weight,transformer.h.2.mlp.w2.weight,"(1024, 384)",structural_int4_k8,0.14740853011608124,0.9891434907913208,0.03237240016460419
1,2048,transformer.h.2.mlp.w2.weight,transformer.h.2.mlp.w2.weight,"(1024, 384)",structural_vq64_int3_k8,0.16127194464206696,0.9870224595069885,0.04560410976409912
1,2048,transformer.h.2.mlp.c_proj.weight,transformer.h.2.mlp.c_proj.weight,"(384, 1024)",direct_scalar_int4,0.2068726271390915,0.9785749912261963,0.06234290823340416
1,2048,transformer.h.2.mlp.c_proj.weight,transformer.h.2.mlp.c_proj.weight,"(384, 1024)",structural_scalar_int3_p98_k8,0.21791626513004303,0.9759761691093445,0.09255014359951019
1,2048,transformer.h.2.mlp.c_proj.weight,transformer.h.2.mlp.c_proj.weight,"(384, 1024)",structural_int4_k8,0.1693299263715744,0.985672116279602,0.049503955990076065
1,2048,transformer.h.2.mlp.c_proj.weight,transformer.h.2.mlp.c_proj.weight,"(384, 1024)",structural_vq64_int3_k8,0.17774920165538788,0.9842270612716675,0.09786584973335266
1,2048,transformer.h.3.attn.c_attn.weight,transformer.h.3.attn.c_attn.weight,"(1152, 384)",direct_scalar_int4,0.1991002857685089,0.9801405072212219,0.055769480764865875
1,2048,transformer.h.3.attn.c_attn.weight,transformer.h.3.attn.c_attn.weight,"(1152, 384)",structural_scalar_int3_p98_k8,0.130629763007164,0.991434633731842,0.0239032544195652
1,2048,transformer.h.3.attn.c_attn.weight,transformer.h.3.attn.c_attn.weight,"(1152, 384)",structural_int4_k8,0.09581293165683746,0.9954094290733337,0.016698237508535385
1,2048,transformer.h.3.attn.c_attn.weight,transformer.h.3.attn.c_attn.weight,"(1152, 384)",structural_vq64_int3_k8,0.09931797534227371,0.9950740337371826,0.024488776922225952
1,2048,transformer.h.3.attn.c_proj.weight,transformer.h.3.attn.c_proj.weight,"(384, 384)",direct_scalar_int4,0.1970626413822174,0.9805873036384583,0.03418074548244476
1,2048,transformer.h.3.attn.c_proj.weight,transformer.h.3.attn.c_proj.weight,"(384, 384)",structural_scalar_int3_p98_k8,0.1369953751564026,0.9905732870101929,0.024617498740553856
1,2048,transformer.h.3.attn.c_proj.weight,transformer.h.3.attn.c_proj.weight,"(384, 384)",structural_int4_k8,0.10639498382806778,0.9943432211875916,0.015593663789331913
1,2048,transformer.h.3.attn.c_proj.weight,transformer.h.3.attn.c_proj.weight,"(384, 384)",structural_vq64_int3_k8,0.11184552311897278,0.9937406778335571,0.02602987550199032
1,2048,transformer.h.3.mlp.w1.weight,transformer.h.3.mlp.w1.weight,"(1024, 384)",direct_scalar_int4,0.19137661159038544,0.9817112684249878,0.044371332973241806
1,2048,transformer.h.3.mlp.w1.weight,transformer.h.3.mlp.w1.weight,"(1024, 384)",structural_scalar_int3_p98_k8,0.2018420398235321,0.9794251322746277,0.060147833079099655
1,2048,transformer.h.3.mlp.w1.weight,transformer.h.3.mlp.w1.weight,"(1024, 384)",structural_int4_k8,0.15264075994491577,0.9883607625961304,0.034110549837350845
1,2048,transformer.h.3.mlp.w1.weight,transformer.h.3.mlp.w1.weight,"(1024, 384)",structural_vq64_int3_k8,0.16390998661518097,0.9865993857383728,0.06487620621919632
1,2048,transformer.h.3.mlp.w2.weight,transformer.h.3.mlp.w2.weight,"(1024, 384)",direct_scalar_int4,0.193728506565094,0.9812602400779724,0.04515640065073967
1,2048,transformer.h.3.mlp.w2.weight,transformer.h.3.mlp.w2.weight,"(1024, 384)",structural_scalar_int3_p98_k8,0.20294088125228882,0.9791961908340454,0.060375016182661057
1,2048,transformer.h.3.mlp.w2.weight,transformer.h.3.mlp.w2.weight,"(1024, 384)",structural_int4_k8,0.1528254598379135,0.9883378744125366,0.03460812196135521
1,2048,transformer.h.3.mlp.w2.weight,transformer.h.3.mlp.w2.weight,"(1024, 384)",structural_vq64_int3_k8,0.16665711998939514,0.9861409068107605,0.06351857632398605
1,2048,transformer.h.3.mlp.c_proj.weight,transformer.h.3.mlp.c_proj.weight,"(384, 1024)",direct_scalar_int4,0.22073321044445038,0.9755036234855652,0.0748765841126442
1,2048,transformer.h.3.mlp.c_proj.weight,transformer.h.3.mlp.c_proj.weight,"(384, 1024)",structural_scalar_int3_p98_k8,0.21764405071735382,0.9760345220565796,0.07863003015518188
1,2048,transformer.h.3.mlp.c_proj.weight,transformer.h.3.mlp.c_proj.weight,"(384, 1024)",structural_int4_k8,0.16898640990257263,0.985735297203064,0.05219403654336929
1,2048,transformer.h.3.mlp.c_proj.weight,transformer.h.3.mlp.c_proj.weight,"(384, 1024)",structural_vq64_int3_k8,0.17730511724948883,0.9842996597290039,0.07794991880655289
1,2048,transformer.h.4.attn.c_attn.weight,transformer.h.4.attn.c_attn.weight,"(1152, 384)",direct_scalar_int4,0.19804620742797852,0.9803332686424255,0.04955606907606125
1,2048,transformer.h.4.attn.c_attn.weight,transformer.h.4.attn.c_attn.weight,"(1152, 384)",structural_scalar_int3_p98_k8,0.14068306982517242,0.9900631904602051,0.030800864100456238
1,2048,transformer.h.4.attn.c_attn.weight,transformer.h.4.attn.c_attn.weight,"(1152, 384)",structural_int4_k8,0.10551504045724869,0.9944443702697754,0.022471953183412552
1,2048,transformer.h.4.attn.c_attn.weight,transformer.h.4.attn.c_attn.weight,"(1152, 384)",structural_vq64_int3_k8,0.10750339925289154,0.9942149519920349,0.02927994914352894
1,2048,transformer.h.4.attn.c_proj.weight,transformer.h.4.attn.c_proj.weight,"(384, 384)",direct_scalar_int4,0.2013292908668518,0.979708731174469,0.03813695162534714
1,2048,transformer.h.4.attn.c_proj.weight,transformer.h.4.attn.c_proj.weight,"(384, 384)",structural_scalar_int3_p98_k8,0.14830665290355682,0.9889570474624634,0.034066371619701385
1,2048,transformer.h.4.attn.c_proj.weight,transformer.h.4.attn.c_proj.weight,"(384, 384)",structural_int4_k8,0.11262001097202301,0.9936590194702148,0.01839691773056984
1,2048,transformer.h.4.attn.c_proj.weight,transformer.h.4.attn.c_proj.weight,"(384, 384)",structural_vq64_int3_k8,0.13628192245960236,0.9907349944114685,0.03807709366083145
1,2048,transformer.h.4.mlp.w1.weight,transformer.h.4.mlp.w1.weight,"(1024, 384)",direct_scalar_int4,0.19672559201717377,0.980640172958374,0.13602150976657867
1,2048,transformer.h.4.mlp.w1.weight,transformer.h.4.mlp.w1.weight,"(1024, 384)",structural_scalar_int3_p98_k8,0.20301365852355957,0.9791820645332336,0.06056058034300804
1,2048,transformer.h.4.mlp.w1.weight,transformer.h.4.mlp.w1.weight,"(1024, 384)",structural_int4_k8,0.15510813891887665,0.9879850745201111,0.04083000496029854
1,2048,transformer.h.4.mlp.w1.weight,transformer.h.4.mlp.w1.weight,"(1024, 384)",structural_vq64_int3_k8,0.1654231995344162,0.9863401055335999,0.05901718512177467
1,2048,transformer.h.4.mlp.w2.weight,transformer.h.4.mlp.w2.weight,"(1024, 384)",direct_scalar_int4,0.1965564489364624,0.9806854724884033,0.13777095079421997
1,2048,transformer.h.4.mlp.w2.weight,transformer.h.4.mlp.w2.weight,"(1024, 384)",structural_scalar_int3_p98_k8,0.2052575647830963,0.9787150621414185,0.0667412281036377
1,2048,transformer.h.4.mlp.w2.weight,transformer.h.4.mlp.w2.weight,"(1024, 384)",structural_int4_k8,0.15580378472805023,0.9878727197647095,0.0440567210316658
1,2048,transformer.h.4.mlp.w2.weight,transformer.h.4.mlp.w2.weight,"(1024, 384)",structural_vq64_int3_k8,0.16802461445331573,0.9859082698822021,0.06547051668167114
1,2048,transformer.h.4.mlp.c_proj.weight,transformer.h.4.mlp.c_proj.weight,"(384, 1024)",direct_scalar_int4,0.2298291176557541,0.9733290076255798,0.06330357491970062
1,2048,transformer.h.4.mlp.c_proj.weight,transformer.h.4.mlp.c_proj.weight,"(384, 1024)",structural_scalar_int3_p98_k8,0.20505626499652863,0.9787607192993164,0.06886472553014755
1,2048,transformer.h.4.mlp.c_proj.weight,transformer.h.4.mlp.c_proj.weight,"(384, 1024)",structural_int4_k8,0.16054528951644897,0.9871146082878113,0.034234728664159775
1,2048,transformer.h.4.mlp.c_proj.weight,transformer.h.4.mlp.c_proj.weight,"(384, 1024)",structural_vq64_int3_k8,0.16965074837207794,0.9856372475624084,0.07335435599088669
1,2048,transformer.h.5.attn.c_attn.weight,transformer.h.5.attn.c_attn.weight,"(1152, 384)",direct_scalar_int4,0.21245114505290985,0.9773328304290771,0.053058743476867676
1,2048,transformer.h.5.attn.c_attn.weight,transformer.h.5.attn.c_attn.weight,"(1152, 384)",structural_scalar_int3_p98_k8,0.15419796109199524,0.9880478978157043,0.041882406920194626
1,2048,transformer.h.5.attn.c_attn.weight,transformer.h.5.attn.c_attn.weight,"(1152, 384)",structural_int4_k8,0.1137479841709137,0.9935380220413208,0.02724226377904415
1,2048,transformer.h.5.attn.c_attn.weight,transformer.h.5.attn.c_attn.weight,"(1152, 384)",structural_vq64_int3_k8,0.11629988253116608,0.9932332038879395,0.04143911600112915
1,2048,transformer.h.5.attn.c_proj.weight,transformer.h.5.attn.c_proj.weight,"(384, 384)",direct_scalar_int4,0.18409059941768646,0.9831041693687439,0.03728146106004715
1,2048,transformer.h.5.attn.c_proj.weight,transformer.h.5.attn.c_proj.weight,"(384, 384)",structural_scalar_int3_p98_k8,0.14930205047130585,0.988801896572113,0.02980843186378479
1,2048,transformer.h.5.attn.c_proj.weight,transformer.h.5.attn.c_proj.weight,"(384, 384)",structural_int4_k8,0.10693515837192535,0.9943001866340637,0.02061386965215206
1,2048,transformer.h.5.attn.c_proj.weight,transformer.h.5.attn.c_proj.weight,"(384, 384)",structural_vq64_int3_k8,0.11167570948600769,0.993757426738739,0.026412751525640488
1,2048,transformer.h.5.mlp.w1.weight,transformer.h.5.mlp.w1.weight,"(1024, 384)",direct_scalar_int4,0.20197908580303192,0.9795881509780884,0.1253528892993927
1,2048,transformer.h.5.mlp.w1.weight,transformer.h.5.mlp.w1.weight,"(1024, 384)",structural_scalar_int3_p98_k8,0.18676425516605377,0.9824129343032837,0.04759462922811508
1,2048,transformer.h.5.mlp.w1.weight,transformer.h.5.mlp.w1.weight,"(1024, 384)",structural_int4_k8,0.1402464359998703,0.9901756644248962,0.028361087664961815
1,2048,transformer.h.5.mlp.w1.weight,transformer.h.5.mlp.w1.weight,"(1024, 384)",structural_vq64_int3_k8,0.15506073832511902,0.9879992008209229,0.04959464818239212
1,2048,transformer.h.5.mlp.w2.weight,transformer.h.5.mlp.w2.weight,"(1024, 384)",direct_scalar_int4,0.2017476111650467,0.9795738458633423,0.11028412729501724
1,2048,transformer.h.5.mlp.w2.weight,transformer.h.5.mlp.w2.weight,"(1024, 384)",structural_scalar_int3_p98_k8,0.19490492343902588,0.9808298945426941,0.060182780027389526
1,2048,transformer.h.5.mlp.w2.weight,transformer.h.5.mlp.w2.weight,"(1024, 384)",structural_int4_k8,0.14786478877067566,0.9890745282173157,0.03429465368390083
1,2048,transformer.h.5.mlp.w2.weight,transformer.h.5.mlp.w2.weight,"(1024, 384)",structural_vq64_int3_k8,0.16128426790237427,0.987015426158905,0.06548906117677689
1,2048,transformer.h.5.mlp.c_proj.weight,transformer.h.5.mlp.c_proj.weight,"(384, 1024)",direct_scalar_int4,0.21862256526947021,0.9759364128112793,0.04752584174275398
1,2048,transformer.h.5.mlp.c_proj.weight,transformer.h.5.mlp.c_proj.weight,"(384, 1024)",structural_scalar_int3_p98_k8,0.17331451177597046,0.9848780632019043,0.04670281335711479
1,2048,transformer.h.5.mlp.c_proj.weight,transformer.h.5.mlp.c_proj.weight,"(384, 1024)",structural_int4_k8,0.13559843599796295,0.9908064007759094,0.018963666632771492
1,2048,transformer.h.5.mlp.c_proj.weight,transformer.h.5.mlp.c_proj.weight,"(384, 1024)",structural_vq64_int3_k8,0.14847373962402344,0.9889912605285645,0.04996422305703163
1,4096,transformer.h.0.attn.c_attn.weight,transformer.h.0.attn.c_attn.weight,"(1152, 384)",direct_scalar_int4,0.2085237205028534,0.9781326651573181,0.04736188426613808
1,4096,transformer.h.0.attn.c_attn.weight,transformer.h.0.attn.c_attn.weight,"(1152, 384)",structural_scalar_int3_p98_k8,0.10710285604000092,0.9942498207092285,0.018743472173810005
1,4096,transformer.h.0.attn.c_attn.weight,transformer.h.0.attn.c_attn.weight,"(1152, 384)",structural_int4_k8,0.07764091342687607,0.9969865083694458,0.013145975768566132
1,4096,transformer.h.0.attn.c_attn.weight,transformer.h.0.attn.c_attn.weight,"(1152, 384)",structural_vq64_int3_k8,0.08068066835403442,0.9967478513717651,0.015572098083794117
1,4096,transformer.h.0.attn.c_proj.weight,transformer.h.0.attn.c_proj.weight,"(384, 384)",direct_scalar_int4,0.19621504843235016,0.9807084202766418,0.03775881603360176
1,4096,transformer.h.0.attn.c_proj.weight,transformer.h.0.attn.c_proj.weight,"(384, 384)",structural_scalar_int3_p98_k8,0.09277541935443878,0.9956910014152527,0.016549203544855118
1,4096,transformer.h.0.attn.c_proj.weight,transformer.h.0.attn.c_proj.weight,"(384, 384)",structural_int4_k8,0.06779912114143372,0.9977089762687683,0.011037677526473999
1,4096,transformer.h.0.attn.c_proj.weight,transformer.h.0.attn.c_proj.weight,"(384, 384)",structural_vq64_int3_k8,0.0704123005270958,0.9975197911262512,0.01584409922361374
1,4096,transformer.h.0.mlp.w1.weight,transformer.h.0.mlp.w1.weight,"(1024, 384)",direct_scalar_int4,0.20058351755142212,0.9798550605773926,0.04034428298473358
1,4096,transformer.h.0.mlp.w1.weight,transformer.h.0.mlp.w1.weight,"(1024, 384)",structural_scalar_int3_p98_k8,0.1696304827928543,0.9855148196220398,0.03222760930657387
1,4096,transformer.h.0.mlp.w1.weight,transformer.h.0.mlp.w1.weight,"(1024, 384)",structural_int4_k8,0.12768234312534332,0.9918587803840637,0.020253952592611313
1,4096,transformer.h.0.mlp.w1.weight,transformer.h.0.mlp.w1.weight,"(1024, 384)",structural_vq64_int3_k8,0.1359766274690628,0.9907662868499756,0.033627599477767944
1,4096,transformer.h.0.mlp.w2.weight,transformer.h.0.mlp.w2.weight,"(1024, 384)",direct_scalar_int4,0.20131917297840118,0.9797046780586243,0.0391676165163517
1,4096,transformer.h.0.mlp.w2.weight,transformer.h.0.mlp.w2.weight,"(1024, 384)",structural_scalar_int3_p98_k8,0.17310850322246552,0.9849098324775696,0.03161407262086868
1,4096,transformer.h.0.mlp.w2.weight,transformer.h.0.mlp.w2.weight,"(1024, 384)",structural_int4_k8,0.1309671849012375,0.9914339780807495,0.021143045276403427
1,4096,transformer.h.0.mlp.w2.weight,transformer.h.0.mlp.w2.weight,"(1024, 384)",structural_vq64_int3_k8,0.13954657316207886,0.9902733564376831,0.029576528817415237
1,4096,transformer.h.0.mlp.c_proj.weight,transformer.h.0.mlp.c_proj.weight,"(384, 1024)",direct_scalar_int4,0.23835010826587677,0.9712099432945251,0.0648464560508728
1,4096,transformer.h.0.mlp.c_proj.weight,transformer.h.0.mlp.c_proj.weight,"(384, 1024)",structural_scalar_int3_p98_k8,0.17407798767089844,0.9847414493560791,0.038710013031959534
1,4096,transformer.h.0.mlp.c_proj.weight,transformer.h.0.mlp.c_proj.weight,"(384, 1024)",structural_int4_k8,0.1366838961839676,0.9906578063964844,0.020302852615714073
1,4096,transformer.h.0.mlp.c_proj.weight,transformer.h.0.mlp.c_proj.weight,"(384, 1024)",structural_vq64_int3_k8,0.1441618949174881,0.9896295070648193,0.04125569015741348
1,4096,transformer.h.1.attn.c_attn.weight,transformer.h.1.attn.c_attn.weight,"(1152, 384)",direct_scalar_int4,0.20224778354167938,0.979486882686615,0.03863037750124931
1,4096,transformer.h.1.attn.c_attn.weight,transformer.h.1.attn.c_attn.weight,"(1152, 384)",structural_scalar_int3_p98_k8,0.10477109253406525,0.9945000410079956,0.014483864419162273
1,4096,transformer.h.1.attn.c_attn.weight,transformer.h.1.attn.c_attn.weight,"(1152, 384)",structural_int4_k8,0.07575452327728271,0.9971354603767395,0.010291028767824173
1,4096,transformer.h.1.attn.c_attn.weight,transformer.h.1.attn.c_attn.weight,"(1152, 384)",structural_vq64_int3_k8,0.07831813395023346,0.9969342350959778,0.012519256211817265
1,4096,transformer.h.1.attn.c_proj.weight,transformer.h.1.attn.c_proj.weight,"(384, 384)",direct_scalar_int4,0.20717193186283112,0.9785119891166687,0.03613155707716942
1,4096,transformer.h.1.attn.c_proj.weight,transformer.h.1.attn.c_proj.weight,"(384, 384)",structural_scalar_int3_p98_k8,0.08692137151956558,0.9962172508239746,0.010623874142765999
1,4096,transformer.h.1.attn.c_proj.weight,transformer.h.1.attn.c_proj.weight,"(384, 384)",structural_int4_k8,0.06325028836727142,0.9980027079582214,0.007578593213111162
1,4096,transformer.h.1.attn.c_proj.weight,transformer.h.1.attn.c_proj.weight,"(384, 384)",structural_vq64_int3_k8,0.06500160694122314,0.9978875517845154,0.009606228210031986
1,4096,transformer.h.1.mlp.w1.weight,transformer.h.1.mlp.w1.weight,"(1024, 384)",direct_scalar_int4,0.19665390253067017,0.9806488156318665,0.05793603137135506
1,4096,transformer.h.1.mlp.w1.weight,transformer.h.1.mlp.w1.weight,"(1024, 384)",structural_scalar_int3_p98_k8,0.16569742560386658,0.9861845970153809,0.03019673004746437
1,4096,transformer.h.1.mlp.w1.weight,transformer.h.1.mlp.w1.weight,"(1024, 384)",structural_int4_k8,0.1253630667924881,0.9921581149101257,0.01889503374695778
1,4096,transformer.h.1.mlp.w1.weight,transformer.h.1.mlp.w1.weight,"(1024, 384)",structural_vq64_int3_k8,0.13655397295951843,0.990682065486908,0.03173939511179924
1,4096,transformer.h.1.mlp.w2.weight,transformer.h.1.mlp.w2.weight,"(1024, 384)",direct_scalar_int4,0.1982518434524536,0.980314314365387,0.06274667382240295
1,4096,transformer.h.1.mlp.w2.weight,transformer.h.1.mlp.w2.weight,"(1024, 384)",structural_scalar_int3_p98_k8,0.16072705388069153,0.9870077967643738,0.02979295328259468
1,4096,transformer.h.1.mlp.w2.weight,transformer.h.1.mlp.w2.weight,"(1024, 384)",structural_int4_k8,0.12112052738666534,0.9926741123199463,0.018045486882328987
1,4096,transformer.h.1.mlp.w2.weight,transformer.h.1.mlp.w2.weight,"(1024, 384)",structural_vq64_int3_k8,0.1327202320098877,0.9912078976631165,0.030478907749056816
1,4096,transformer.h.1.mlp.c_proj.weight,transformer.h.1.mlp.c_proj.weight,"(384, 1024)",direct_scalar_int4,0.22057773172855377,0.9754911661148071,0.04944821447134018
1,4096,transformer.h.1.mlp.c_proj.weight,transformer.h.1.mlp.c_proj.weight,"(384, 1024)",structural_scalar_int3_p98_k8,0.188202366232872,0.98214191198349,0.05263860896229744
1,4096,transformer.h.1.mlp.c_proj.weight,transformer.h.1.mlp.c_proj.weight,"(384, 1024)",structural_int4_k8,0.14789603650569916,0.9890633821487427,0.028134111315011978
1,4096,transformer.h.1.mlp.c_proj.weight,transformer.h.1.mlp.c_proj.weight,"(384, 1024)",structural_vq64_int3_k8,0.15854687988758087,0.9874522686004639,0.05571621656417847
1,4096,transformer.h.2.attn.c_attn.weight,transformer.h.2.attn.c_attn.weight,"(1152, 384)",direct_scalar_int4,0.20536139607429504,0.9788485765457153,0.04125639423727989
1,4096,transformer.h.2.attn.c_attn.weight,transformer.h.2.attn.c_attn.weight,"(1152, 384)",structural_scalar_int3_p98_k8,0.09251098334789276,0.9957218170166016,0.015512539073824883
1,4096,transformer.h.2.attn.c_attn.weight,transformer.h.2.attn.c_attn.weight,"(1152, 384)",structural_int4_k8,0.06734652072191238,0.997742772102356,0.011395346373319626
1,4096,transformer.h.2.attn.c_attn.weight,transformer.h.2.attn.c_attn.weight,"(1152, 384)",structural_vq64_int3_k8,0.06969477981328964,0.9975713491439819,0.012632107362151146
1,4096,transformer.h.2.attn.c_proj.weight,transformer.h.2.attn.c_proj.weight,"(384, 384)",direct_scalar_int4,0.2010619193315506,0.9797705411911011,0.0419355146586895
1,4096,transformer.h.2.attn.c_proj.weight,transformer.h.2.attn.c_proj.weight,"(384, 384)",structural_scalar_int3_p98_k8,0.10609190165996552,0.9943608045578003,0.01950523816049099
1,4096,transformer.h.2.attn.c_proj.weight,transformer.h.2.attn.c_proj.weight,"(384, 384)",structural_int4_k8,0.07810302078723907,0.9969517588615417,0.010604209266602993
1,4096,transformer.h.2.attn.c_proj.weight,transformer.h.2.attn.c_proj.weight,"(384, 384)",structural_vq64_int3_k8,0.10077954828739166,0.9949297904968262,0.021633774042129517
1,4096,transformer.h.2.mlp.w1.weight,transformer.h.2.mlp.w1.weight,"(1024, 384)",direct_scalar_int4,0.18927662074565887,0.9821512699127197,0.04141945019364357
1,4096,transformer.h.2.mlp.w1.weight,transformer.h.2.mlp.w1.weight,"(1024, 384)",structural_scalar_int3_p98_k8,0.1949308216571808,0.9808244109153748,0.04131610319018364
1,4096,transformer.h.2.mlp.w1.weight,transformer.h.2.mlp.w1.weight,"(1024, 384)",structural_int4_k8,0.14596864581108093,0.9893642067909241,0.029468342661857605
1,4096,transformer.h.2.mlp.w1.weight,transformer.h.2.mlp.w1.weight,"(1024, 384)",structural_vq64_int3_k8,0.1546681821346283,0.9880446195602417,0.04022923484444618
1,4096,transformer.h.2.mlp.w2.weight,transformer.h.2.mlp.w2.weight,"(1024, 384)",direct_scalar_int4,0.191025048494339,0.9817812442779541,0.04330926015973091
1,4096,transformer.h.2.mlp.w2.weight,transformer.h.2.mlp.w2.weight,"(1024, 384)",structural_scalar_int3_p98_k8,0.19509120285511017,0.9807920455932617,0.04463204741477966
1,4096,transformer.h.2.mlp.w2.weight,transformer.h.2.mlp.w2.weight,"(1024, 384)",structural_int4_k8,0.14725078642368317,0.9891740679740906,0.030386218801140785
1,4096,transformer.h.2.mlp.w2.weight,transformer.h.2.mlp.w2.weight,"(1024, 384)",structural_vq64_int3_k8,0.15712685883045197,0.9876707196235657,0.044017624109983444
1,4096,transformer.h.2.mlp.c_proj.weight,transformer.h.2.mlp.c_proj.weight,"(384, 1024)",direct_scalar_int4,0.20367836952209473,0.9792453646659851,0.06017965078353882
1,4096,transformer.h.2.mlp.c_proj.weight,transformer.h.2.mlp.c_proj.weight,"(384, 1024)",structural_scalar_int3_p98_k8,0.21667471528053284,0.9762511253356934,0.08703576773405075
1,4096,transformer.h.2.mlp.c_proj.weight,transformer.h.2.mlp.c_proj.weight,"(384, 1024)",structural_int4_k8,0.16705870628356934,0.9860550761222839,0.04752768203616142
1,4096,transformer.h.2.mlp.c_proj.weight,transformer.h.2.mlp.c_proj.weight,"(384, 1024)",structural_vq64_int3_k8,0.1732397973537445,0.985011100769043,0.08897878974676132
1,4096,transformer.h.3.attn.c_attn.weight,transformer.h.3.attn.c_attn.weight,"(1152, 384)",direct_scalar_int4,0.20662225782871246,0.9785746932029724,0.05051262676715851
1,4096,transformer.h.3.attn.c_attn.weight,transformer.h.3.attn.c_attn.weight,"(1152, 384)",structural_scalar_int3_p98_k8,0.12128996849060059,0.992618203163147,0.022768033668398857
1,4096,transformer.h.3.attn.c_attn.weight,transformer.h.3.attn.c_attn.weight,"(1152, 384)",structural_int4_k8,0.08987434953451157,0.995958149433136,0.017387021332979202
1,4096,transformer.h.3.attn.c_attn.weight,transformer.h.3.attn.c_attn.weight,"(1152, 384)",structural_vq64_int3_k8,0.09129994362592697,0.9958383440971375,0.020140312612056732
1,4096,transformer.h.3.attn.c_proj.weight,transformer.h.3.attn.c_proj.weight,"(384, 384)",direct_scalar_int4,0.20182040333747864,0.9795903563499451,0.03566568344831467
1,4096,transformer.h.3.attn.c_proj.weight,transformer.h.3.attn.c_proj.weight,"(384, 384)",structural_scalar_int3_p98_k8,0.14128564298152924,0.9899905920028687,0.030269065871834755
1,4096,transformer.h.3.attn.c_proj.weight,transformer.h.3.attn.c_proj.weight,"(384, 384)",structural_int4_k8,0.10976584255695343,0.9939654469490051,0.01634816639125347
1,4096,transformer.h.3.attn.c_proj.weight,transformer.h.3.attn.c_proj.weight,"(384, 384)",structural_vq64_int3_k8,0.12457092851400375,0.9922715425491333,0.032493215054273605
1,4096,transformer.h.3.mlp.w1.weight,transformer.h.3.mlp.w1.weight,"(1024, 384)",direct_scalar_int4,0.19231726229190826,0.9815453886985779,0.04115753620862961
1,4096,transformer.h.3.mlp.w1.weight,transformer.h.3.mlp.w1.weight,"(1024, 384)",structural_scalar_int3_p98_k8,0.20074407756328583,0.9796515107154846,0.050314050167798996
1,4096,transformer.h.3.mlp.w1.weight,transformer.h.3.mlp.w1.weight,"(1024, 384)",structural_int4_k8,0.1514437049627304,0.9885420799255371,0.03163604438304901
1,4096,transformer.h.3.mlp.w1.weight,transformer.h.3.mlp.w1.weight,"(1024, 384)",structural_vq64_int3_k8,0.1605776846408844,0.9871215224266052,0.05024169757962227
1,4096,transformer.h.3.mlp.w2.weight,transformer.h.3.mlp.w2.weight,"(1024, 384)",direct_scalar_int4,0.19116371870040894,0.9817416071891785,0.0477302223443985
1,4096,transformer.h.3.mlp.w2.weight,transformer.h.3.mlp.w2.weight,"(1024, 384)",structural_scalar_int3_p98_k8,0.200489804148674,0.9797033071517944,0.0492401085793972
1,4096,transformer.h.3.mlp.w2.weight,transformer.h.3.mlp.w2.weight,"(1024, 384)",structural_int4_k8,0.1503787487745285,0.9887102842330933,0.03140198066830635
1,4096,transformer.h.3.mlp.w2.weight,transformer.h.3.mlp.w2.weight,"(1024, 384)",structural_vq64_int3_k8,0.16149230301380157,0.9869696497917175,0.05146079137921333
1,4096,transformer.h.3.mlp.c_proj.weight,transformer.h.3.mlp.c_proj.weight,"(384, 1024)",direct_scalar_int4,0.21497265994548798,0.9768096804618835,0.07080898433923721
1,4096,transformer.h.3.mlp.c_proj.weight,transformer.h.3.mlp.c_proj.weight,"(384, 1024)",structural_scalar_int3_p98_k8,0.21639901399612427,0.9763112664222717,0.07553792744874954
1,4096,transformer.h.3.mlp.c_proj.weight,transformer.h.3.mlp.c_proj.weight,"(384, 1024)",structural_int4_k8,0.16649621725082397,0.9861479997634888,0.04925103485584259
1,4096,transformer.h.3.mlp.c_proj.weight,transformer.h.3.mlp.c_proj.weight,"(384, 1024)",structural_vq64_int3_k8,0.17360657453536987,0.9849449396133423,0.07490833103656769
1,4096,transformer.h.4.attn.c_attn.weight,transformer.h.4.attn.c_attn.weight,"(1152, 384)",direct_scalar_int4,0.2016385793685913,0.979623019695282,0.04756934940814972
1,4096,transformer.h.4.attn.c_attn.weight,transformer.h.4.attn.c_attn.weight,"(1152, 384)",structural_scalar_int3_p98_k8,0.1332087367773056,0.991090714931488,0.028100010007619858
1,4096,transformer.h.4.attn.c_attn.weight,transformer.h.4.attn.c_attn.weight,"(1152, 384)",structural_int4_k8,0.09993142634630203,0.9950008392333984,0.020143259316682816
1,4096,transformer.h.4.attn.c_attn.weight,transformer.h.4.attn.c_attn.weight,"(1152, 384)",structural_vq64_int3_k8,0.10135116428136826,0.9948776960372925,0.026440871879458427
1,4096,transformer.h.4.attn.c_proj.weight,transformer.h.4.attn.c_proj.weight,"(384, 384)",direct_scalar_int4,0.20310422778129578,0.9793674349784851,0.03643537312746048
1,4096,transformer.h.4.attn.c_proj.weight,transformer.h.4.attn.c_proj.weight,"(384, 384)",structural_scalar_int3_p98_k8,0.13953199982643127,0.9902271628379822,0.028631189838051796
1,4096,transformer.h.4.attn.c_proj.weight,transformer.h.4.attn.c_proj.weight,"(384, 384)",structural_int4_k8,0.10461128503084183,0.9945325255393982,0.01604374311864376
1,4096,transformer.h.4.attn.c_proj.weight,transformer.h.4.attn.c_proj.weight,"(384, 384)",structural_vq64_int3_k8,0.13084428012371063,0.9914546012878418,0.03222283720970154
1,4096,transformer.h.4.mlp.w1.weight,transformer.h.4.mlp.w1.weight,"(1024, 384)",direct_scalar_int4,0.2000301480293274,0.9800110459327698,0.16055501997470856
1,4096,transformer.h.4.mlp.w1.weight,transformer.h.4.mlp.w1.weight,"(1024, 384)",structural_scalar_int3_p98_k8,0.2047378122806549,0.9788230657577515,0.0650775209069252
1,4096,transformer.h.4.mlp.w1.weight,transformer.h.4.mlp.w1.weight,"(1024, 384)",structural_int4_k8,0.15558387339115143,0.9879067540168762,0.044263191521167755
1,4096,transformer.h.4.mlp.w1.weight,transformer.h.4.mlp.w1.weight,"(1024, 384)",structural_vq64_int3_k8,0.16323626041412354,0.986695408821106,0.06205856427550316
1,4096,transformer.h.4.mlp.w2.weight,transformer.h.4.mlp.w2.weight,"(1024, 384)",direct_scalar_int4,0.19910097122192383,0.9801807999610901,0.16206969320774078
1,4096,transformer.h.4.mlp.w2.weight,transformer.h.4.mlp.w2.weight,"(1024, 384)",structural_scalar_int3_p98_k8,0.20625445246696472,0.9785035848617554,0.06830188632011414
1,4096,transformer.h.4.mlp.w2.weight,transformer.h.4.mlp.w2.weight,"(1024, 384)",structural_int4_k8,0.1562555730342865,0.9877994656562805,0.04625385254621506
1,4096,transformer.h.4.mlp.w2.weight,transformer.h.4.mlp.w2.weight,"(1024, 384)",structural_vq64_int3_k8,0.16585169732570648,0.9862682819366455,0.06678540259599686
1,4096,transformer.h.4.mlp.c_proj.weight,transformer.h.4.mlp.c_proj.weight,"(384, 1024)",direct_scalar_int4,0.22844664752483368,0.9736846089363098,0.057147469371557236
1,4096,transformer.h.4.mlp.c_proj.weight,transformer.h.4.mlp.c_proj.weight,"(384, 1024)",structural_scalar_int3_p98_k8,0.19707068800926208,0.980396032333374,0.04561961069703102
1,4096,transformer.h.4.mlp.c_proj.weight,transformer.h.4.mlp.c_proj.weight,"(384, 1024)",structural_int4_k8,0.15164147317409515,0.9885000586509705,0.029026564210653305
1,4096,transformer.h.4.mlp.c_proj.weight,transformer.h.4.mlp.c_proj.weight,"(384, 1024)",structural_vq64_int3_k8,0.1587532013654709,0.9874307513237,0.04686193913221359
1,4096,transformer.h.5.attn.c_attn.weight,transformer.h.5.attn.c_attn.weight,"(1152, 384)",direct_scalar_int4,0.21859057247638702,0.9759818911552429,0.05236751586198807
1,4096,transformer.h.5.attn.c_attn.weight,transformer.h.5.attn.c_attn.weight,"(1152, 384)",structural_scalar_int3_p98_k8,0.15481720864772797,0.9879480004310608,0.039988499134778976
1,4096,transformer.h.5.attn.c_attn.weight,transformer.h.5.attn.c_attn.weight,"(1152, 384)",structural_int4_k8,0.1142534539103508,0.9934861063957214,0.025245875120162964
1,4096,transformer.h.5.attn.c_attn.weight,transformer.h.5.attn.c_attn.weight,"(1152, 384)",structural_vq64_int3_k8,0.11750955879688263,0.9930965900421143,0.040472373366355896
1,4096,transformer.h.5.attn.c_proj.weight,transformer.h.5.attn.c_proj.weight,"(384, 384)",direct_scalar_int4,0.18232862651348114,0.9834603071212769,0.040720030665397644
1,4096,transformer.h.5.attn.c_proj.weight,transformer.h.5.attn.c_proj.weight,"(384, 384)",structural_scalar_int3_p98_k8,0.1572306752204895,0.9875715374946594,0.03339628875255585
1,4096,transformer.h.5.attn.c_proj.weight,transformer.h.5.attn.c_proj.weight,"(384, 384)",structural_int4_k8,0.11371337622404099,0.9935485124588013,0.023850195109844208
1,4096,transformer.h.5.attn.c_proj.weight,transformer.h.5.attn.c_proj.weight,"(384, 384)",structural_vq64_int3_k8,0.11657928675413132,0.9931995272636414,0.02782006561756134
1,4096,transformer.h.5.mlp.w1.weight,transformer.h.5.mlp.w1.weight,"(1024, 384)",direct_scalar_int4,0.20695854723453522,0.9785140752792358,0.12679055333137512
1,4096,transformer.h.5.mlp.w1.weight,transformer.h.5.mlp.w1.weight,"(1024, 384)",structural_scalar_int3_p98_k8,0.19273903965950012,0.9812575578689575,0.05770516395568848
1,4096,transformer.h.5.mlp.w1.weight,transformer.h.5.mlp.w1.weight,"(1024, 384)",structural_int4_k8,0.14674004912376404,0.9892368316650391,0.03427624702453613
1,4096,transformer.h.5.mlp.w1.weight,transformer.h.5.mlp.w1.weight,"(1024, 384)",structural_vq64_int3_k8,0.15932783484458923,0.9873380064964294,0.060619279742240906
1,4096,transformer.h.5.mlp.w2.weight,transformer.h.5.mlp.w2.weight,"(1024, 384)",direct_scalar_int4,0.209748774766922,0.9778942465782166,0.12784714996814728
1,4096,transformer.h.5.mlp.w2.weight,transformer.h.5.mlp.w2.weight,"(1024, 384)",structural_scalar_int3_p98_k8,0.19840748608112335,0.9801270961761475,0.06837867945432663
1,4096,transformer.h.5.mlp.w2.weight,transformer.h.5.mlp.w2.weight,"(1024, 384)",structural_int4_k8,0.15207795798778534,0.9884463548660278,0.03742256388068199
1,4096,transformer.h.5.mlp.w2.weight,transformer.h.5.mlp.w2.weight,"(1024, 384)",structural_vq64_int3_k8,0.16315995156764984,0.9867023825645447,0.07442707568407059
1,4096,transformer.h.5.mlp.c_proj.weight,transformer.h.5.mlp.c_proj.weight,"(384, 1024)",direct_scalar_int4,0.21310558915138245,0.9771828055381775,0.050583258271217346
1,4096,transformer.h.5.mlp.c_proj.weight,transformer.h.5.mlp.c_proj.weight,"(384, 1024)",structural_scalar_int3_p98_k8,0.15767711400985718,0.9875031113624573,0.04290178045630455
1,4096,transformer.h.5.mlp.c_proj.weight,transformer.h.5.mlp.c_proj.weight,"(384, 1024)",structural_int4_k8,0.12348061800003052,0.9923819899559021,0.015767844393849373
1,4096,transformer.h.5.mlp.c_proj.weight,transformer.h.5.mlp.c_proj.weight,"(384, 1024)",structural_vq64_int3_k8,0.1362234354019165,0.9907269477844238,0.045906998217105865
