seed,update,parameter_id,method,n_t,monotone_non_decreasing,monotone_step_fraction,minimum_step_change,t1_distortion
0,128,transformer.h.0.attn.c_attn.weight,direct_scalar_int4,9,True,1.0,0.009363162213896437,0.3757391092763802
0,128,transformer.h.0.attn.c_attn.weight,structural_scalar_int3_p98_k8,9,True,1.0,0.004392921404502759,0.2827529090592902
0,128,transformer.h.0.attn.c_attn.weight,structural_int4_k8,9,True,1.0,0.0024768110161766943,0.2024042789661693
0,128,transformer.h.0.attn.c_attn.weight,structural_vq64_int3_k8,9,True,1.0,0.002382507039067394,0.20371752049410508
0,128,transformer.h.0.attn.c_proj.weight,direct_scalar_int4,9,True,1.0,0.014014725688412555,0.4219582681017445
0,128,transformer.h.0.attn.c_proj.weight,structural_scalar_int3_p98_k8,9,True,1.0,0.005645057649859897,0.3206854114989267
0,128,transformer.h.0.attn.c_proj.weight,structural_int4_k8,9,True,1.0,0.0030624357838483496,0.23155468414574942
0,128,transformer.h.0.attn.c_proj.weight,structural_vq64_int3_k8,9,True,1.0,0.0029895664631038876,0.2343460087869319
0,128,transformer.h.0.mlp.w1.weight,direct_scalar_int4,9,True,1.0,0.0007380153380756038,0.08572657667741523
0,128,transformer.h.0.mlp.w1.weight,structural_scalar_int3_p98_k8,9,True,1.0,0.0005093490952643442,0.06551208018013222
0,128,transformer.h.0.mlp.w1.weight,structural_int4_k8,9,True,1.0,0.0003084984677850233,0.03938407671484767
0,128,transformer.h.0.mlp.w1.weight,structural_vq64_int3_k8,9,True,1.0,0.0003036642564112624,0.04093379160209798
0,128,transformer.h.0.mlp.w2.weight,direct_scalar_int4,9,True,1.0,0.0007320070719728511,0.08549206596336356
0,128,transformer.h.0.mlp.w2.weight,structural_scalar_int3_p98_k8,9,True,1.0,0.0005158931970360436,0.06669117680864378
0,128,transformer.h.0.mlp.w2.weight,structural_int4_k8,9,True,1.0,0.0003108666227815693,0.03976217256962522
0,128,transformer.h.0.mlp.w2.weight,structural_vq64_int3_k8,9,True,1.0,0.0003073338609574927,0.041516909450434736
0,128,transformer.h.0.mlp.c_proj.weight,direct_scalar_int4,9,True,1.0,0.0016980591081083851,0.15612005188537614
0,128,transformer.h.0.mlp.c_proj.weight,structural_scalar_int3_p98_k8,9,True,1.0,0.0010022310747976881,0.1112366334913234
0,128,transformer.h.0.mlp.c_proj.weight,structural_int4_k8,9,True,1.0,0.0007494590448869909,0.08330906688398754
0,128,transformer.h.0.mlp.c_proj.weight,structural_vq64_int3_k8,9,True,1.0,0.0006131306725116747,0.07477886943207812
0,128,transformer.h.1.attn.c_attn.weight,direct_scalar_int4,9,True,1.0,0.015082925950636428,0.43113100104030644
0,128,transformer.h.1.attn.c_attn.weight,structural_scalar_int3_p98_k8,9,True,1.0,0.007205626849099089,0.3512306941089871
0,128,transformer.h.1.attn.c_attn.weight,structural_int4_k8,9,True,1.0,0.004081572028663993,0.26869437069967517
0,128,transformer.h.1.attn.c_attn.weight,structural_vq64_int3_k8,9,True,1.0,0.0038946087660852724,0.2687956067719627
0,128,transformer.h.1.attn.c_proj.weight,direct_scalar_int4,9,True,1.0,0.019026648404812607,0.4614451995976738
0,128,transformer.h.1.attn.c_proj.weight,structural_scalar_int3_p98_k8,9,True,1.0,0.007996950331413344,0.3697057940061945
0,128,transformer.h.1.attn.c_proj.weight,structural_int4_k8,9,True,1.0,0.0044400417810540604,0.2833901087849182
0,128,transformer.h.1.attn.c_proj.weight,structural_vq64_int3_k8,9,True,1.0,0.004224172208429633,0.28281018596881424
0,128,transformer.h.1.mlp.w1.weight,direct_scalar_int4,9,True,1.0,0.001229606872194089,0.12389978747183916
0,128,transformer.h.1.mlp.w1.weight,structural_scalar_int3_p98_k8,9,True,1.0,0.0007754366620248421,0.0908171565208783
0,128,transformer.h.1.mlp.w1.weight,structural_int4_k8,9,True,1.0,0.00048256863405260475,0.05775656382159855
0,128,transformer.h.1.mlp.w1.weight,structural_vq64_int3_k8,9,True,1.0,0.0004735334242227385,0.0598447140749202
0,128,transformer.h.1.mlp.w2.weight,direct_scalar_int4,9,True,1.0,0.001258242691296041,0.12500080334129549
0,128,transformer.h.1.mlp.w2.weight,structural_scalar_int3_p98_k8,9,True,1.0,0.0008142527374072062,0.09382177238202694
0,128,transformer.h.1.mlp.w2.weight,structural_int4_k8,9,True,1.0,0.0005049178604878968,0.05975418538081423
0,128,transformer.h.1.mlp.w2.weight,structural_vq64_int3_k8,9,True,1.0,0.0004979079888741689,0.06270054121039403
0,128,transformer.h.1.mlp.c_proj.weight,direct_scalar_int4,9,True,1.0,0.002596245478398096,0.1994849366471887
0,128,transformer.h.1.mlp.c_proj.weight,structural_scalar_int3_p98_k8,9,True,1.0,0.0013889903254031832,0.1359200222001894
0,128,transformer.h.1.mlp.c_proj.weight,structural_int4_k8,9,True,1.0,0.0010583675190266595,0.10671302834868235
0,128,transformer.h.1.mlp.c_proj.weight,structural_vq64_int3_k8,9,True,1.0,0.0008796676710750573,0.09790102005189893
0,128,transformer.h.2.attn.c_attn.weight,direct_scalar_int4,9,True,1.0,0.019673026203189226,0.46922908734246127
0,128,transformer.h.2.attn.c_attn.weight,structural_scalar_int3_p98_k8,9,True,1.0,0.008380997549951141,0.3739460187228454
0,128,transformer.h.2.attn.c_attn.weight,structural_int4_k8,9,True,1.0,0.004665777191734333,0.2888778650070887
0,128,transformer.h.2.attn.c_attn.weight,structural_vq64_int3_k8,9,True,1.0,0.004460647525025396,0.29008155086701026
0,128,transformer.h.2.attn.c_proj.weight,direct_scalar_int4,9,True,1.0,0.02337197955814052,0.4919875449269635
0,128,transformer.h.2.attn.c_proj.weight,structural_scalar_int3_p98_k8,9,True,1.0,0.009304303673196457,0.39070647167714956
0,128,transformer.h.2.attn.c_proj.weight,structural_int4_k8,9,True,1.0,0.005121744316643584,0.3063503384053692
0,128,transformer.h.2.attn.c_proj.weight,structural_vq64_int3_k8,9,True,1.0,0.004924160003733191,0.3026793091322053
0,128,transformer.h.2.mlp.w1.weight,direct_scalar_int4,9,True,1.0,0.0023661059478987667,0.1823572163665954
0,128,transformer.h.2.mlp.w1.weight,structural_scalar_int3_p98_k8,9,True,1.0,0.0013491419910819369,0.13243622893438767
0,128,transformer.h.2.mlp.w1.weight,structural_int4_k8,9,True,1.0,0.000821082377862381,0.0878551134595087
0,128,transformer.h.2.mlp.w1.weight,structural_vq64_int3_k8,9,True,1.0,0.0008293227802663727,0.09297068170159928
0,128,transformer.h.2.mlp.w2.weight,direct_scalar_int4,9,True,1.0,0.002459329265940946,0.1866750308266517
0,128,transformer.h.2.mlp.w2.weight,structural_scalar_int3_p98_k8,9,True,1.0,0.0013483321061971143,0.13357692124756015
0,128,transformer.h.2.mlp.w2.weight,structural_int4_k8,9,True,1.0,0.0008493413888751578,0.0904919928954423
0,128,transformer.h.2.mlp.w2.weight,structural_vq64_int3_k8,9,True,1.0,0.0008417447398832989,0.09406672152318818
0,128,transformer.h.2.mlp.c_proj.weight,direct_scalar_int4,9,True,1.0,0.003134603819430426,0.21798637023759249
0,128,transformer.h.2.mlp.c_proj.weight,structural_scalar_int3_p98_k8,9,True,1.0,0.001576986167807659,0.14845788142700667
0,128,transformer.h.2.mlp.c_proj.weight,structural_int4_k8,9,True,1.0,0.0011750093427231878,0.11536474325919632
0,128,transformer.h.2.mlp.c_proj.weight,structural_vq64_int3_k8,9,True,1.0,0.001020397283039487,0.10872410119035258
0,128,transformer.h.3.attn.c_attn.weight,direct_scalar_int4,9,True,1.0,0.025746690835960262,0.5001678192075061
0,128,transformer.h.3.attn.c_attn.weight,structural_scalar_int3_p98_k8,9,True,1.0,0.008134448777596837,0.3817537796316295
0,128,transformer.h.3.attn.c_attn.weight,structural_int4_k8,9,True,1.0,0.004582940555309389,0.29278244103446693
0,128,transformer.h.3.attn.c_attn.weight,structural_vq64_int3_k8,9,True,1.0,0.004393025842380882,0.2916662622507691
0,128,transformer.h.3.attn.c_proj.weight,direct_scalar_int4,9,True,1.0,0.026253952321492524,0.5081846170367312
0,128,transformer.h.3.attn.c_proj.weight,structural_scalar_int3_p98_k8,9,True,1.0,0.008983848824789753,0.3946930904211081
0,128,transformer.h.3.attn.c_proj.weight,structural_int4_k8,9,True,1.0,0.005045468035999923,0.3081726962859408
0,128,transformer.h.3.attn.c_proj.weight,structural_vq64_int3_k8,9,True,1.0,0.004764003413034401,0.3051980673887752
0,128,transformer.h.3.mlp.w1.weight,direct_scalar_int4,9,True,1.0,0.003408082942230606,0.22670425728134203
0,128,transformer.h.3.mlp.w1.weight,structural_scalar_int3_p98_k8,9,True,1.0,0.001701423260536128,0.1586552344203438
0,128,transformer.h.3.mlp.w1.weight,structural_int4_k8,9,True,1.0,0.0010535582715324177,0.10838019264133614
0,128,transformer.h.3.mlp.w1.weight,structural_vq64_int3_k8,9,True,1.0,0.0010305231171826579,0.1113774441061931
0,128,transformer.h.3.mlp.w2.weight,direct_scalar_int4,9,True,1.0,0.003514201851125387,0.23091819488888243
0,128,transformer.h.3.mlp.w2.weight,structural_scalar_int3_p98_k8,9,True,1.0,0.0018286270709979568,0.16735364320306734
0,128,transformer.h.3.mlp.w2.weight,structural_int4_k8,9,True,1.0,0.001139324426629007,0.1159023041246936
0,128,transformer.h.3.mlp.w2.weight,structural_vq64_int3_k8,9,True,1.0,0.0011347712207855354,0.12118647540438388
0,128,transformer.h.3.mlp.c_proj.weight,direct_scalar_int4,9,True,1.0,0.0035647811352849113,0.2351681118636355
0,128,transformer.h.3.mlp.c_proj.weight,structural_scalar_int3_p98_k8,9,True,1.0,0.0015883070262678878,0.15029459182565263
0,128,transformer.h.3.mlp.c_proj.weight,structural_int4_k8,9,True,1.0,0.0011586226185903437,0.11452225055339482
0,128,transformer.h.3.mlp.c_proj.weight,structural_vq64_int3_k8,9,True,1.0,0.0009948130437705816,0.10747427452322655
0,128,transformer.h.4.attn.c_attn.weight,direct_scalar_int4,9,True,1.0,0.026996082618992445,0.513594097038337
0,128,transformer.h.4.attn.c_attn.weight,structural_scalar_int3_p98_k8,9,True,1.0,0.007176121786271694,0.36802097680680357
0,128,transformer.h.4.attn.c_attn.weight,structural_int4_k8,9,True,1.0,0.00410074721755771,0.2822413156929261
0,128,transformer.h.4.attn.c_attn.weight,structural_vq64_int3_k8,9,True,1.0,0.0038115211713232178,0.2748061392775464
0,128,transformer.h.4.attn.c_proj.weight,direct_scalar_int4,9,True,1.0,0.028630212688341428,0.5242790836983833
0,128,transformer.h.4.attn.c_proj.weight,structural_scalar_int3_p98_k8,9,True,1.0,0.008097258543476538,0.3846532836561173
0,128,transformer.h.4.attn.c_proj.weight,structural_int4_k8,9,True,1.0,0.004700594529647106,0.30017946711698507
0,128,transformer.h.4.attn.c_proj.weight,structural_vq64_int3_k8,9,True,1.0,0.004288931302816379,0.28984132263379203
0,128,transformer.h.4.mlp.w1.weight,direct_scalar_int4,9,True,1.0,0.004620446496664599,0.26606037706850294
0,128,transformer.h.4.mlp.w1.weight,structural_scalar_int3_p98_k8,9,True,1.0,0.0020579504531874626,0.18439111753144477
0,128,transformer.h.4.mlp.w1.weight,structural_int4_k8,9,True,1.0,0.001263670913239423,0.1253815725929598
0,128,transformer.h.4.mlp.w1.weight,structural_vq64_int3_k8,9,True,1.0,0.0012524595722006593,0.13139966475510834
0,128,transformer.h.4.mlp.w2.weight,direct_scalar_int4,9,True,1.0,0.004532779929109387,0.26126598969750126
0,128,transformer.h.4.mlp.w2.weight,structural_scalar_int3_p98_k8,9,True,1.0,0.0020748308371209,0.18266884591809796
0,128,transformer.h.4.mlp.w2.weight,structural_int4_k8,9,True,1.0,0.0012941490975753034,0.12856716158425208
0,128,transformer.h.4.mlp.w2.weight,structural_vq64_int3_k8,9,True,1.0,0.001276294739453454,0.13204134693051928
0,128,transformer.h.4.mlp.c_proj.weight,direct_scalar_int4,9,True,1.0,0.004098809580189933,0.25444256490957284
0,128,transformer.h.4.mlp.c_proj.weight,structural_scalar_int3_p98_k8,9,True,1.0,0.0017014854057184614,0.159626148791282
0,128,transformer.h.4.mlp.c_proj.weight,structural_int4_k8,9,True,1.0,0.0012691949806677982,0.12367363060188907
0,128,transformer.h.4.mlp.c_proj.weight,structural_vq64_int3_k8,9,True,1.0,0.0010678500221075193,0.11510379291270212
0,128,transformer.h.5.attn.c_attn.weight,direct_scalar_int4,9,True,1.0,0.03137396075614607,0.536669166727044
0,128,transformer.h.5.attn.c_attn.weight,structural_scalar_int3_p98_k8,9,True,1.0,0.006406848477740534,0.35806525239482423
0,128,transformer.h.5.attn.c_attn.weight,structural_int4_k8,9,True,1.0,0.003634970079761657,0.26536719886189397
0,128,transformer.h.5.attn.c_attn.weight,structural_vq64_int3_k8,9,True,1.0,0.0034514397428221377,0.26235266024899806
0,128,transformer.h.5.attn.c_proj.weight,direct_scalar_int4,9,True,1.0,0.035238773803072165,0.5589018878285483
0,128,transformer.h.5.attn.c_proj.weight,structural_scalar_int3_p98_k8,9,True,1.0,0.006253799486815592,0.3613094492769495
0,128,transformer.h.5.attn.c_proj.weight,structural_int4_k8,9,True,1.0,0.0036147202108511856,0.2692431833981752
0,128,transformer.h.5.attn.c_proj.weight,structural_vq64_int3_k8,9,True,1.0,0.003374465477185007,0.26395503870440473
0,128,transformer.h.5.mlp.w1.weight,direct_scalar_int4,9,True,1.0,0.00566095330447669,0.2997898181333897
0,128,transformer.h.5.mlp.w1.weight,structural_scalar_int3_p98_k8,9,True,1.0,0.002170370559728907,0.19292538908889412
0,128,transformer.h.5.mlp.w1.weight,structural_int4_k8,9,True,1.0,0.0013261667459166793,0.13300308517467374
0,128,transformer.h.5.mlp.w1.weight,structural_vq64_int3_k8,9,True,1.0,0.0012877029698874498,0.13572359498785758
0,128,transformer.h.5.mlp.w2.weight,direct_scalar_int4,9,True,1.0,0.005616163575141719,0.2967032962304089
0,128,transformer.h.5.mlp.w2.weight,structural_scalar_int3_p98_k8,9,True,1.0,0.002228663419261312,0.19625027409556262
0,128,transformer.h.5.mlp.w2.weight,structural_int4_k8,9,True,1.0,0.0013546994116833133,0.13435516190474261
0,128,transformer.h.5.mlp.w2.weight,structural_vq64_int3_k8,9,True,1.0,0.001332090103916883,0.13910425803627757
0,128,transformer.h.5.mlp.c_proj.weight,direct_scalar_int4,9,True,1.0,0.005128319728455177,0.2848740140079268
0,128,transformer.h.5.mlp.c_proj.weight,structural_scalar_int3_p98_k8,9,True,1.0,0.0017156128577772156,0.16200828956459457
0,128,transformer.h.5.mlp.c_proj.weight,structural_int4_k8,9,True,1.0,0.0012736159845037065,0.1256232688815786
0,128,transformer.h.5.mlp.c_proj.weight,structural_vq64_int3_k8,9,True,1.0,0.0010453969221116965,0.11334303456634753
0,512,transformer.h.0.attn.c_attn.weight,direct_scalar_int4,9,True,1.0,0.012054141153420628,0.4108722183115573
0,512,transformer.h.0.attn.c_attn.weight,structural_scalar_int3_p98_k8,9,True,1.0,0.005292751982515664,0.31188531978425493
0,512,transformer.h.0.attn.c_attn.weight,structural_int4_k8,9,True,1.0,0.002895841235502017,0.22538534325574455
0,512,transformer.h.0.attn.c_attn.weight,structural_vq64_int3_k8,9,True,1.0,0.0028053819538015334,0.22679091752937386
0,512,transformer.h.0.attn.c_proj.weight,direct_scalar_int4,9,True,1.0,0.015263143861647621,0.44084941249699916
0,512,transformer.h.0.attn.c_proj.weight,structural_scalar_int3_p98_k8,9,True,1.0,0.006867784610834926,0.35123955866686074
0,512,transformer.h.0.attn.c_proj.weight,structural_int4_k8,9,True,1.0,0.0037301961495280755,0.26147094042613883
0,512,transformer.h.0.attn.c_proj.weight,structural_vq64_int3_k8,9,True,1.0,0.0036328302381137823,0.2632081480228957
0,512,transformer.h.0.mlp.w1.weight,direct_scalar_int4,9,True,1.0,0.0006529561754844426,0.07689128849923677
0,512,transformer.h.0.mlp.w1.weight,structural_scalar_int3_p98_k8,9,True,1.0,0.0005097646804673728,0.06549512996914342
0,512,transformer.h.0.mlp.w1.weight,structural_int4_k8,9,True,1.0,0.0003048517834632891,0.03897687746186662
0,512,transformer.h.0.mlp.w1.weight,structural_vq64_int3_k8,9,True,1.0,0.00029653558937370317,0.04013441896734993
0,512,transformer.h.0.mlp.w2.weight,direct_scalar_int4,9,True,1.0,0.0006534660687478322,0.07747219258607185
0,512,transformer.h.0.mlp.w2.weight,structural_scalar_int3_p98_k8,9,True,1.0,0.0005256109854560043,0.0676422689004792
0,512,transformer.h.0.mlp.w2.weight,structural_int4_k8,9,True,1.0,0.0003177677352830255,0.04035074513945869
0,512,transformer.h.0.mlp.w2.weight,structural_vq64_int3_k8,9,True,1.0,0.00030985907447544925,0.04184799735935307
0,512,transformer.h.0.mlp.c_proj.weight,direct_scalar_int4,9,True,1.0,0.0010451514101785797,0.11418476097845409
0,512,transformer.h.0.mlp.c_proj.weight,structural_scalar_int3_p98_k8,9,True,1.0,0.0007645351789256072,0.09209999807287628
0,512,transformer.h.0.mlp.c_proj.weight,structural_int4_k8,9,True,1.0,0.0005167494683369078,0.062033702210800845
0,512,transformer.h.0.mlp.c_proj.weight,structural_vq64_int3_k8,9,True,1.0,0.00046230117783985225,0.05970757905771984
0,512,transformer.h.1.attn.c_attn.weight,direct_scalar_int4,9,True,1.0,0.015292280783711587,0.42888919693818095
0,512,transformer.h.1.attn.c_attn.weight,structural_scalar_int3_p98_k8,9,True,1.0,0.007508486203040787,0.35624417682483345
0,512,transformer.h.1.attn.c_attn.weight,structural_int4_k8,9,True,1.0,0.004131771883359003,0.27054747666557233
0,512,transformer.h.1.attn.c_attn.weight,structural_vq64_int3_k8,9,True,1.0,0.004084830777084436,0.27390017435877234
0,512,transformer.h.1.attn.c_proj.weight,direct_scalar_int4,9,True,1.0,0.018064709558436864,0.4487216625613928
0,512,transformer.h.1.attn.c_proj.weight,structural_scalar_int3_p98_k8,9,True,1.0,0.008862942170350885,0.38189918291124825
0,512,transformer.h.1.attn.c_proj.weight,structural_int4_k8,9,True,1.0,0.0048177225807451984,0.29461094858529613
0,512,transformer.h.1.attn.c_proj.weight,structural_vq64_int3_k8,9,True,1.0,0.0047823424765018885,0.2972859181543548
0,512,transformer.h.1.mlp.w1.weight,direct_scalar_int4,9,True,1.0,0.0007809469809242353,0.08832148755575953
0,512,transformer.h.1.mlp.w1.weight,structural_scalar_int3_p98_k8,9,True,1.0,0.0006691012738888613,0.08252545183210724
0,512,transformer.h.1.mlp.w1.weight,structural_int4_k8,9,True,1.0,0.0004132523272079025,0.051220039730953126
0,512,transformer.h.1.mlp.w1.weight,structural_vq64_int3_k8,9,True,1.0,0.00041204623316248856,0.05423770068272993
0,512,transformer.h.1.mlp.w2.weight,direct_scalar_int4,9,True,1.0,0.0008108384583088712,0.09132785857033354
0,512,transformer.h.1.mlp.w2.weight,structural_scalar_int3_p98_k8,9,True,1.0,0.0007023619847472684,0.08540709951777925
0,512,transformer.h.1.mlp.w2.weight,structural_int4_k8,9,True,1.0,0.0004407788133016233,0.053791143929627805
0,512,transformer.h.1.mlp.w2.weight,structural_vq64_int3_k8,9,True,1.0,0.0004337749597136398,0.05654046396015899
0,512,transformer.h.1.mlp.c_proj.weight,direct_scalar_int4,9,True,1.0,0.0011428988163192377,0.12263478755048651
0,512,transformer.h.1.mlp.c_proj.weight,structural_scalar_int3_p98_k8,9,True,1.0,0.0008396861757185015,0.09912372110975987
0,512,transformer.h.1.mlp.c_proj.weight,structural_int4_k8,9,True,1.0,0.0005986619549019911,0.07021528661357568
0,512,transformer.h.1.mlp.c_proj.weight,structural_vq64_int3_k8,9,True,1.0,0.0005304410498083723,0.06758978493348611
0,512,transformer.h.2.attn.c_attn.weight,direct_scalar_int4,9,True,1.0,0.020097511220814712,0.4695950249110379
0,512,transformer.h.2.attn.c_attn.weight,structural_scalar_int3_p98_k8,9,True,1.0,0.008099412166502451,0.3705904912908944
0,512,transformer.h.2.attn.c_attn.weight,structural_int4_k8,9,True,1.0,0.004536553967368073,0.28619411473968925
0,512,transformer.h.2.attn.c_attn.weight,structural_vq64_int3_k8,9,True,1.0,0.004394150162042587,0.2858456282352688
0,512,transformer.h.2.attn.c_proj.weight,direct_scalar_int4,9,True,1.0,0.02185577081419976,0.47867240009565015
0,512,transformer.h.2.attn.c_proj.weight,structural_scalar_int3_p98_k8,9,True,1.0,0.0098955167679452,0.39781584244280155
0,512,transformer.h.2.attn.c_proj.weight,structural_int4_k8,9,True,1.0,0.005448303704115309,0.3159690669111399
0,512,transformer.h.2.attn.c_proj.weight,structural_vq64_int3_k8,9,True,1.0,0.005281042974997541,0.31363449737655524
0,512,transformer.h.2.mlp.w1.weight,direct_scalar_int4,9,True,1.0,0.0009349915767919992,0.09959247917616798
0,512,transformer.h.2.mlp.w1.weight,structural_scalar_int3_p98_k8,9,True,1.0,0.0008766644583231287,0.0996776863937816
0,512,transformer.h.2.mlp.w1.weight,structural_int4_k8,9,True,1.0,0.0005367913770712995,0.06278783512426389
0,512,transformer.h.2.mlp.w1.weight,structural_vq64_int3_k8,9,True,1.0,0.0005271710444926248,0.06542138188180768
0,512,transformer.h.2.mlp.w2.weight,direct_scalar_int4,9,True,1.0,0.0010570401580650701,0.10836859956822675
0,512,transformer.h.2.mlp.w2.weight,structural_scalar_int3_p98_k8,9,True,1.0,0.0009237323480263404,0.10254662851732332
0,512,transformer.h.2.mlp.w2.weight,structural_int4_k8,9,True,1.0,0.0005749615930535912,0.0657667069587774
0,512,transformer.h.2.mlp.w2.weight,structural_vq64_int3_k8,9,True,1.0,0.0005697303710843205,0.06937787489255898
0,512,transformer.h.2.mlp.c_proj.weight,direct_scalar_int4,9,True,1.0,0.0010543458581693255,0.11540252959368558
0,512,transformer.h.2.mlp.c_proj.weight,structural_scalar_int3_p98_k8,9,True,1.0,0.0008154123359997989,0.0978889468308044
0,512,transformer.h.2.mlp.c_proj.weight,structural_int4_k8,9,True,1.0,0.0005781793449319839,0.06892059355035451
0,512,transformer.h.2.mlp.c_proj.weight,structural_vq64_int3_k8,9,True,1.0,0.0005069395767073326,0.0652790529010574
0,512,transformer.h.3.attn.c_attn.weight,direct_scalar_int4,9,True,1.0,0.02114051017082952,0.48167212530052017
0,512,transformer.h.3.attn.c_attn.weight,structural_scalar_int3_p98_k8,9,True,1.0,0.009527299251432142,0.39221881183792195
0,512,transformer.h.3.attn.c_attn.weight,structural_int4_k8,9,True,1.0,0.0053201869866823515,0.3136920424606747
0,512,transformer.h.3.attn.c_attn.weight,structural_vq64_int3_k8,9,True,1.0,0.005131189614613008,0.3100881178143403
0,512,transformer.h.3.attn.c_proj.weight,direct_scalar_int4,9,True,1.0,0.02246095206611931,0.48489106816393834
0,512,transformer.h.3.attn.c_proj.weight,structural_scalar_int3_p98_k8,9,True,1.0,0.010366575937240108,0.401580994402688
0,512,transformer.h.3.attn.c_proj.weight,structural_int4_k8,9,True,1.0,0.005787369714442048,0.3197737107486551
0,512,transformer.h.3.attn.c_proj.weight,structural_vq64_int3_k8,9,True,1.0,0.005477153744540053,0.31854671443833094
0,512,transformer.h.3.mlp.w1.weight,direct_scalar_int4,9,True,1.0,0.00118080950379007,0.11452151861399873
0,512,transformer.h.3.mlp.w1.weight,structural_scalar_int3_p98_k8,9,True,1.0,0.0010579861594659512,0.11176388633484624
0,512,transformer.h.3.mlp.w1.weight,structural_int4_k8,9,True,1.0,0.0006495593003706945,0.07163076822251269
0,512,transformer.h.3.mlp.w1.weight,structural_vq64_int3_k8,9,True,1.0,0.0006313782985778449,0.07443126460165173
0,512,transformer.h.3.mlp.w2.weight,direct_scalar_int4,9,True,1.0,0.001187090210374997,0.11550466119429348
0,512,transformer.h.3.mlp.w2.weight,structural_scalar_int3_p98_k8,9,True,1.0,0.001086989791022508,0.11352970663315765
0,512,transformer.h.3.mlp.w2.weight,structural_int4_k8,9,True,1.0,0.0006766188731014422,0.07400438172507429
0,512,transformer.h.3.mlp.w2.weight,structural_vq64_int3_k8,9,True,1.0,0.0006585698342512769,0.07635952480353836
0,512,transformer.h.3.mlp.c_proj.weight,direct_scalar_int4,9,True,1.0,0.0010915041290641136,0.1174054522590493
0,512,transformer.h.3.mlp.c_proj.weight,structural_scalar_int3_p98_k8,9,True,1.0,0.000785562217527902,0.0948009964153611
0,512,transformer.h.3.mlp.c_proj.weight,structural_int4_k8,9,True,1.0,0.0005580184115986375,0.066787090367599
0,512,transformer.h.3.mlp.c_proj.weight,structural_vq64_int3_k8,9,True,1.0,0.0004836550715832111,0.06279285290298897
0,512,transformer.h.4.attn.c_attn.weight,direct_scalar_int4,9,True,1.0,0.020748300072876202,0.470060909357516
0,512,transformer.h.4.attn.c_attn.weight,structural_scalar_int3_p98_k8,9,True,1.0,0.009938320557513869,0.3947341713220318
0,512,transformer.h.4.attn.c_attn.weight,structural_int4_k8,9,True,1.0,0.005584535325306672,0.3139886828272689
0,512,transformer.h.4.attn.c_attn.weight,structural_vq64_int3_k8,9,True,1.0,0.005304250536422472,0.3114930850522072
0,512,transformer.h.4.attn.c_proj.weight,direct_scalar_int4,9,True,1.0,0.020774615623953663,0.47704350388675976
0,512,transformer.h.4.attn.c_proj.weight,structural_scalar_int3_p98_k8,9,True,1.0,0.010263547721308997,0.40220828169526
0,512,transformer.h.4.attn.c_proj.weight,structural_int4_k8,9,True,1.0,0.005788531534930863,0.323427524342784
0,512,transformer.h.4.attn.c_proj.weight,structural_vq64_int3_k8,9,True,1.0,0.005471129888686033,0.320715654809822
0,512,transformer.h.4.mlp.w1.weight,direct_scalar_int4,9,True,1.0,0.0014084556268560977,0.12870521232599375
0,512,transformer.h.4.mlp.w1.weight,structural_scalar_int3_p98_k8,9,True,1.0,0.001234112820526656,0.12282673809960554
0,512,transformer.h.4.mlp.w1.weight,structural_int4_k8,9,True,1.0,0.0007803487627372485,0.08164972611643162
0,512,transformer.h.4.mlp.w1.weight,structural_vq64_int3_k8,9,True,1.0,0.0007532229239985977,0.08451596838623576
0,512,transformer.h.4.mlp.w2.weight,direct_scalar_int4,9,True,1.0,0.0015337427059735065,0.13519613938995056
0,512,transformer.h.4.mlp.w2.weight,structural_scalar_int3_p98_k8,9,True,1.0,0.001300762244564102,0.12778072085152326
0,512,transformer.h.4.mlp.w2.weight,structural_int4_k8,9,True,1.0,0.0008245981358582233,0.08645265306276995
0,512,transformer.h.4.mlp.w2.weight,structural_vq64_int3_k8,9,True,1.0,0.0007940064665555857,0.08773776707739944
0,512,transformer.h.4.mlp.c_proj.weight,direct_scalar_int4,9,True,1.0,0.0013101325657423057,0.1333474707693798
0,512,transformer.h.4.mlp.c_proj.weight,structural_scalar_int3_p98_k8,9,True,1.0,0.0007923369360454124,0.09448508213429274
0,512,transformer.h.4.mlp.c_proj.weight,structural_int4_k8,9,True,1.0,0.0005767043528712712,0.06829922353370321
0,512,transformer.h.4.mlp.c_proj.weight,structural_vq64_int3_k8,9,True,1.0,0.0004947935723480512,0.06341054093973142
0,512,transformer.h.5.attn.c_attn.weight,direct_scalar_int4,9,True,1.0,0.024451416343588495,0.49326968630582735
0,512,transformer.h.5.attn.c_attn.weight,structural_scalar_int3_p98_k8,9,True,1.0,0.01033575993863356,0.4058141167571805
0,512,transformer.h.5.attn.c_attn.weight,structural_int4_k8,9,True,1.0,0.0059037847848033564,0.3242971612074279
0,512,transformer.h.5.attn.c_attn.weight,structural_vq64_int3_k8,9,True,1.0,0.005613440772331724,0.32397497607236325
0,512,transformer.h.5.attn.c_proj.weight,direct_scalar_int4,9,True,1.0,0.024771161719489898,0.5041655920107461
0,512,transformer.h.5.attn.c_proj.weight,structural_scalar_int3_p98_k8,9,True,1.0,0.009484349634101719,0.4000476989898505
0,512,transformer.h.5.attn.c_proj.weight,structural_int4_k8,9,True,1.0,0.005256587532629142,0.31496402513163557
0,512,transformer.h.5.attn.c_proj.weight,structural_vq64_int3_k8,9,True,1.0,0.005088993567951561,0.3151247442375218
0,512,transformer.h.5.mlp.w1.weight,direct_scalar_int4,9,True,1.0,0.0020516477215254403,0.1624660180699441
0,512,transformer.h.5.mlp.w1.weight,structural_scalar_int3_p98_k8,9,True,1.0,0.001560623337854894,0.14143234377829528
0,512,transformer.h.5.mlp.w1.weight,structural_int4_k8,9,True,1.0,0.0009705731288154329,0.09637022397948325
0,512,transformer.h.5.mlp.w1.weight,structural_vq64_int3_k8,9,True,1.0,0.0009357267240692746,0.09872733521030685
0,512,transformer.h.5.mlp.w2.weight,direct_scalar_int4,9,True,1.0,0.002056615035554543,0.16173823786988262
0,512,transformer.h.5.mlp.w2.weight,structural_scalar_int3_p98_k8,9,True,1.0,0.001596731663586315,0.14253168229161228
0,512,transformer.h.5.mlp.w2.weight,structural_int4_k8,9,True,1.0,0.0010036581641866826,0.09846226936100788
0,512,transformer.h.5.mlp.w2.weight,structural_vq64_int3_k8,9,True,1.0,0.0009631013360166252,0.10063158159507879
0,512,transformer.h.5.mlp.c_proj.weight,direct_scalar_int4,9,True,1.0,0.0017288827378251215,0.15848175695423095
0,512,transformer.h.5.mlp.c_proj.weight,structural_scalar_int3_p98_k8,9,True,1.0,0.0008193477544738981,0.09422354179576697
0,512,transformer.h.5.mlp.c_proj.weight,structural_int4_k8,9,True,1.0,0.0005754129295960642,0.06644089776002338
0,512,transformer.h.5.mlp.c_proj.weight,structural_vq64_int3_k8,9,True,1.0,0.0004887621965864453,0.06126849115873301
0,1024,transformer.h.0.attn.c_attn.weight,direct_scalar_int4,9,True,1.0,0.01211571926814381,0.40784448671685136
0,1024,transformer.h.0.attn.c_attn.weight,structural_scalar_int3_p98_k8,9,True,1.0,0.005445467067528131,0.3150877301807601
0,1024,transformer.h.0.attn.c_attn.weight,structural_int4_k8,9,True,1.0,0.0029908620595848756,0.22843751326380057
0,1024,transformer.h.0.attn.c_attn.weight,structural_vq64_int3_k8,9,True,1.0,0.0029355291393222682,0.23069401785817356
0,1024,transformer.h.0.attn.c_proj.weight,direct_scalar_int4,9,True,1.0,0.016623411951322886,0.446557215576353
0,1024,transformer.h.0.attn.c_proj.weight,structural_scalar_int3_p98_k8,9,True,1.0,0.007066508068764299,0.356606658566358
0,1024,transformer.h.0.attn.c_proj.weight,structural_int4_k8,9,True,1.0,0.003970882508294693,0.26831458033305255
0,1024,transformer.h.0.attn.c_proj.weight,structural_vq64_int3_k8,9,True,1.0,0.0038103730763650034,0.2701536348648036
0,1024,transformer.h.0.mlp.w1.weight,direct_scalar_int4,9,True,1.0,0.0006439542567427958,0.07628758440608241
0,1024,transformer.h.0.mlp.w1.weight,structural_scalar_int3_p98_k8,9,True,1.0,0.0005188032944086762,0.06668563870527144
0,1024,transformer.h.0.mlp.w1.weight,structural_int4_k8,9,True,1.0,0.00031220520004171526,0.03967724256041383
0,1024,transformer.h.0.mlp.w1.weight,structural_vq64_int3_k8,9,True,1.0,0.0003027586195460952,0.041013639932240165
0,1024,transformer.h.0.mlp.w2.weight,direct_scalar_int4,9,True,1.0,0.0006471419995528471,0.07650316979226934
0,1024,transformer.h.0.mlp.w2.weight,structural_scalar_int3_p98_k8,9,True,1.0,0.0005317627600165409,0.06822723406393372
0,1024,transformer.h.0.mlp.w2.weight,structural_int4_k8,9,True,1.0,0.0003238899157163022,0.04108415400857368
0,1024,transformer.h.0.mlp.w2.weight,structural_vq64_int3_k8,9,True,1.0,0.0003182627879025901,0.042900353361688404
0,1024,transformer.h.0.mlp.c_proj.weight,direct_scalar_int4,9,True,1.0,0.0010783816222897924,0.11491475480353575
0,1024,transformer.h.0.mlp.c_proj.weight,structural_scalar_int3_p98_k8,9,True,1.0,0.0008132264513285303,0.09572023946577357
0,1024,transformer.h.0.mlp.c_proj.weight,structural_int4_k8,9,True,1.0,0.0005535498232267511,0.06502787302091939
0,1024,transformer.h.0.mlp.c_proj.weight,structural_vq64_int3_k8,9,True,1.0,0.0004897862646512374,0.06223046243507313
0,1024,transformer.h.1.attn.c_attn.weight,direct_scalar_int4,9,True,1.0,0.015034684194803583,0.42201478049460994
0,1024,transformer.h.1.attn.c_attn.weight,structural_scalar_int3_p98_k8,9,True,1.0,0.007241960830078775,0.34788343832554014
0,1024,transformer.h.1.attn.c_attn.weight,structural_int4_k8,9,True,1.0,0.00406991567491044,0.2626447239758226
0,1024,transformer.h.1.attn.c_attn.weight,structural_vq64_int3_k8,9,True,1.0,0.003919986290568334,0.26363911270482676
0,1024,transformer.h.1.attn.c_proj.weight,direct_scalar_int4,9,True,1.0,0.022598151039772474,0.4876100795902265
0,1024,transformer.h.1.attn.c_proj.weight,structural_scalar_int3_p98_k8,9,True,1.0,0.007449071217825565,0.371510487248616
0,1024,transformer.h.1.attn.c_proj.weight,structural_int4_k8,9,True,1.0,0.004124700773823986,0.28242253018723307
0,1024,transformer.h.1.attn.c_proj.weight,structural_vq64_int3_k8,9,True,1.0,0.004008208539225455,0.2806074302772824
0,1024,transformer.h.1.mlp.w1.weight,direct_scalar_int4,9,True,1.0,0.0011413570324160238,0.11328675359530826
0,1024,transformer.h.1.mlp.w1.weight,structural_scalar_int3_p98_k8,9,True,1.0,0.0007946622966604755,0.09079007762765212
0,1024,transformer.h.1.mlp.w1.weight,structural_int4_k8,9,True,1.0,0.000498413002277931,0.05833384343110615
0,1024,transformer.h.1.mlp.w1.weight,structural_vq64_int3_k8,9,True,1.0,0.0004952976423621136,0.06163980051616502
0,1024,transformer.h.1.mlp.w2.weight,direct_scalar_int4,9,True,1.0,0.0011719679930728422,0.1153569239047535
0,1024,transformer.h.1.mlp.w2.weight,structural_scalar_int3_p98_k8,9,True,1.0,0.0008303379640171027,0.09398728262677292
0,1024,transformer.h.1.mlp.w2.weight,structural_int4_k8,9,True,1.0,0.0005235666421736784,0.06077999913922749
0,1024,transformer.h.1.mlp.w2.weight,structural_vq64_int3_k8,9,True,1.0,0.0005280140461917382,0.0653697918582713
0,1024,transformer.h.1.mlp.c_proj.weight,direct_scalar_int4,9,True,1.0,0.0014245797086017697,0.13859517185008952
0,1024,transformer.h.1.mlp.c_proj.weight,structural_scalar_int3_p98_k8,9,True,1.0,0.0009582884816318193,0.10667231391382681
0,1024,transformer.h.1.mlp.c_proj.weight,structural_int4_k8,9,True,1.0,0.0007069193012516628,0.07808218271919043
0,1024,transformer.h.1.mlp.c_proj.weight,structural_vq64_int3_k8,9,True,1.0,0.0006243832592387477,0.07555896319876032
0,1024,transformer.h.2.attn.c_attn.weight,direct_scalar_int4,9,True,1.0,0.030811768105963644,0.4958048992896342
0,1024,transformer.h.2.attn.c_attn.weight,structural_scalar_int3_p98_k8,9,True,1.0,0.0042501970607168316,0.2982546608995895
0,1024,transformer.h.2.attn.c_attn.weight,structural_int4_k8,9,True,1.0,0.0023836353273161137,0.20688739831866954
0,1024,transformer.h.2.attn.c_attn.weight,structural_vq64_int3_k8,9,True,1.0,0.0022558264927436955,0.20425764367162058
0,1024,transformer.h.2.attn.c_proj.weight,direct_scalar_int4,9,True,1.0,0.024223619979470312,0.4883404908410326
0,1024,transformer.h.2.attn.c_proj.weight,structural_scalar_int3_p98_k8,9,True,1.0,0.006052805953840834,0.3453520961538509
0,1024,transformer.h.2.attn.c_proj.weight,structural_int4_k8,9,True,1.0,0.004371853234126588,0.2920116582258433
0,1024,transformer.h.2.attn.c_proj.weight,structural_vq64_int3_k8,9,True,1.0,0.00344289147196164,0.26232857899215534
0,1024,transformer.h.2.mlp.w1.weight,direct_scalar_int4,9,True,1.0,0.0012332293308742193,0.1185396932078665
0,1024,transformer.h.2.mlp.w1.weight,structural_scalar_int3_p98_k8,9,True,1.0,0.0009799859953191215,0.1049060835308051
0,1024,transformer.h.2.mlp.w1.weight,structural_int4_k8,9,True,1.0,0.0005911832585686616,0.06653011213614168
0,1024,transformer.h.2.mlp.w1.weight,structural_vq64_int3_k8,9,True,1.0,0.0005928402734871607,0.07043154140904995
0,1024,transformer.h.2.mlp.w2.weight,direct_scalar_int4,9,True,1.0,0.0012730880223339458,0.12133033791481407
0,1024,transformer.h.2.mlp.w2.weight,structural_scalar_int3_p98_k8,9,True,1.0,0.001010391435481317,0.10734975595878471
0,1024,transformer.h.2.mlp.w2.weight,structural_int4_k8,9,True,1.0,0.0006327622341423256,0.06988120425907063
0,1024,transformer.h.2.mlp.w2.weight,structural_vq64_int3_k8,9,True,1.0,0.0006199818660890255,0.07351746041552842
0,1024,transformer.h.2.mlp.c_proj.weight,direct_scalar_int4,9,True,1.0,0.000954230341109974,0.10612835723479275
0,1024,transformer.h.2.mlp.c_proj.weight,structural_scalar_int3_p98_k8,9,True,1.0,0.0007967986814049199,0.0960446693712903
0,1024,transformer.h.2.mlp.c_proj.weight,structural_int4_k8,9,True,1.0,0.0005548864762450201,0.06635685439724215
0,1024,transformer.h.2.mlp.c_proj.weight,structural_vq64_int3_k8,9,True,1.0,0.0004959796179272447,0.06396056031968345
0,1024,transformer.h.3.attn.c_attn.weight,direct_scalar_int4,9,True,1.0,0.023323571739115923,0.4879323020368109
0,1024,transformer.h.3.attn.c_attn.weight,structural_scalar_int3_p98_k8,9,True,1.0,0.007373897686672737,0.36489033784908265
0,1024,transformer.h.3.attn.c_attn.weight,structural_int4_k8,9,True,1.0,0.004185207390291157,0.28099263838675903
0,1024,transformer.h.3.attn.c_attn.weight,structural_vq64_int3_k8,9,True,1.0,0.004013666187856257,0.28140281134277767
0,1024,transformer.h.3.attn.c_proj.weight,direct_scalar_int4,9,True,1.0,0.019898913715994837,0.4640476557665377
0,1024,transformer.h.3.attn.c_proj.weight,structural_scalar_int3_p98_k8,9,True,1.0,0.007599376221320453,0.3679282607669967
0,1024,transformer.h.3.attn.c_proj.weight,structural_int4_k8,9,True,1.0,0.00446755493810691,0.2895348902810979
0,1024,transformer.h.3.attn.c_proj.weight,structural_vq64_int3_k8,9,True,1.0,0.0040804555547447885,0.2836377214290208
0,1024,transformer.h.3.mlp.w1.weight,direct_scalar_int4,9,True,1.0,0.0010325199898877369,0.1051116437214592
0,1024,transformer.h.3.mlp.w1.weight,structural_scalar_int3_p98_k8,9,True,1.0,0.0009880272939494228,0.10681183645567027
0,1024,transformer.h.3.mlp.w1.weight,structural_int4_k8,9,True,1.0,0.0006037316111239255,0.06777906358376717
0,1024,transformer.h.3.mlp.w1.weight,structural_vq64_int3_k8,9,True,1.0,0.0005890348140796808,0.07074818799995708
0,1024,transformer.h.3.mlp.w2.weight,direct_scalar_int4,9,True,1.0,0.0011026114872656478,0.10921721280674257
0,1024,transformer.h.3.mlp.w2.weight,structural_scalar_int3_p98_k8,9,True,1.0,0.001036465326088476,0.11029311378728057
0,1024,transformer.h.3.mlp.w2.weight,structural_int4_k8,9,True,1.0,0.0006463139644845572,0.0713303621163448
0,1024,transformer.h.3.mlp.w2.weight,structural_vq64_int3_k8,9,True,1.0,0.0006238495933010846,0.0736264523808603
0,1024,transformer.h.3.mlp.c_proj.weight,direct_scalar_int4,9,True,1.0,0.0008549235039303493,0.09827950176749722
0,1024,transformer.h.3.mlp.c_proj.weight,structural_scalar_int3_p98_k8,9,True,1.0,0.0007125585051828143,0.08818129410378539
0,1024,transformer.h.3.mlp.c_proj.weight,structural_int4_k8,9,True,1.0,0.0004915198985417923,0.06028926825669889
0,1024,transformer.h.3.mlp.c_proj.weight,structural_vq64_int3_k8,9,True,1.0,0.0004336449644676277,0.05715500823825348
0,1024,transformer.h.4.attn.c_attn.weight,direct_scalar_int4,9,True,1.0,0.0191390904257438,0.45609133756824893
0,1024,transformer.h.4.attn.c_attn.weight,structural_scalar_int3_p98_k8,9,True,1.0,0.009980851353274311,0.3867847960875531
0,1024,transformer.h.4.attn.c_attn.weight,structural_int4_k8,9,True,1.0,0.005604783337368802,0.3096395776245996
0,1024,transformer.h.4.attn.c_attn.weight,structural_vq64_int3_k8,9,True,1.0,0.005336213491014874,0.30923290140096893
0,1024,transformer.h.4.attn.c_proj.weight,direct_scalar_int4,9,True,1.0,0.017890083835263026,0.4421183956991135
0,1024,transformer.h.4.attn.c_proj.weight,structural_scalar_int3_p98_k8,9,True,1.0,0.009607150621998795,0.3856092324986935
0,1024,transformer.h.4.attn.c_proj.weight,structural_int4_k8,9,True,1.0,0.005332459526821265,0.30633380914606834
0,1024,transformer.h.4.attn.c_proj.weight,structural_vq64_int3_k8,9,True,1.0,0.005146122637843864,0.3071421466624005
0,1024,transformer.h.4.mlp.w1.weight,direct_scalar_int4,9,True,1.0,0.001115403869842102,0.11156358773122776
0,1024,transformer.h.4.mlp.w1.weight,structural_scalar_int3_p98_k8,9,True,1.0,0.0010501359294908807,0.11185231377680838
0,1024,transformer.h.4.mlp.w1.weight,structural_int4_k8,9,True,1.0,0.0006702203852687605,0.07389508268591027
0,1024,transformer.h.4.mlp.w1.weight,structural_vq64_int3_k8,9,True,1.0,0.0006357763969137009,0.07531414119325441
0,1024,transformer.h.4.mlp.w2.weight,direct_scalar_int4,9,True,1.0,0.0011462214025005357,0.11277754146275043
0,1024,transformer.h.4.mlp.w2.weight,structural_scalar_int3_p98_k8,9,True,1.0,0.0011235716016662067,0.11676944880363926
0,1024,transformer.h.4.mlp.w2.weight,structural_int4_k8,9,True,1.0,0.0007064061780026609,0.07674180455214596
0,1024,transformer.h.4.mlp.w2.weight,structural_vq64_int3_k8,9,True,1.0,0.0006783341500635753,0.07893698080462175
0,1024,transformer.h.4.mlp.c_proj.weight,direct_scalar_int4,9,True,1.0,0.000946356022669792,0.10489937225097601
0,1024,transformer.h.4.mlp.c_proj.weight,structural_scalar_int3_p98_k8,9,True,1.0,0.0007156615476415773,0.08832752972643543
0,1024,transformer.h.4.mlp.c_proj.weight,structural_int4_k8,9,True,1.0,0.0004990158406465994,0.061035379147183155
0,1024,transformer.h.4.mlp.c_proj.weight,structural_vq64_int3_k8,9,True,1.0,0.00044098342767073806,0.05787116958859728
0,1024,transformer.h.5.attn.c_attn.weight,direct_scalar_int4,9,True,1.0,0.026307955021012464,0.4922413390501672
0,1024,transformer.h.5.attn.c_attn.weight,structural_scalar_int3_p98_k8,9,True,1.0,0.012078264727960808,0.4153866097627743
0,1024,transformer.h.5.attn.c_attn.weight,structural_int4_k8,9,True,1.0,0.006765287316865098,0.3368103383097162
0,1024,transformer.h.5.attn.c_attn.weight,structural_vq64_int3_k8,9,True,1.0,0.00651349536700252,0.3355629844777327
0,1024,transformer.h.5.attn.c_proj.weight,direct_scalar_int4,9,True,1.0,0.018887862346289808,0.4622909660054385
0,1024,transformer.h.5.attn.c_proj.weight,structural_scalar_int3_p98_k8,9,True,1.0,0.00988708954985884,0.38916571835744385
0,1024,transformer.h.5.attn.c_proj.weight,structural_int4_k8,9,True,1.0,0.005619126412028219,0.3141654095004539
0,1024,transformer.h.5.attn.c_proj.weight,structural_vq64_int3_k8,9,True,1.0,0.005276365812365902,0.30893726372370023
0,1024,transformer.h.5.mlp.w1.weight,direct_scalar_int4,9,True,1.0,0.0015191335803997896,0.13411998225988597
0,1024,transformer.h.5.mlp.w1.weight,structural_scalar_int3_p98_k8,9,True,1.0,0.0013323361453503324,0.12678263234165277
0,1024,transformer.h.5.mlp.w1.weight,structural_int4_k8,9,True,1.0,0.0008361336055419111,0.0856311875043998
0,1024,transformer.h.5.mlp.w1.weight,structural_vq64_int3_k8,9,True,1.0,0.0007993572038645924,0.087589945599714
0,1024,transformer.h.5.mlp.w2.weight,direct_scalar_int4,9,True,1.0,0.001575804464201802,0.136652084772664
0,1024,transformer.h.5.mlp.w2.weight,structural_scalar_int3_p98_k8,9,True,1.0,0.0013613058762488306,0.12924891842315744
0,1024,transformer.h.5.mlp.w2.weight,structural_int4_k8,9,True,1.0,0.0008561485839206906,0.0871400692010339
0,1024,transformer.h.5.mlp.w2.weight,structural_vq64_int3_k8,9,True,1.0,0.0008193801573934678,0.08860336424521853
0,1024,transformer.h.5.mlp.c_proj.weight,direct_scalar_int4,9,True,1.0,0.0016346908167129692,0.15028681481956063
0,1024,transformer.h.5.mlp.c_proj.weight,structural_scalar_int3_p98_k8,9,True,1.0,0.0007997583653720497,0.09320315488209652
0,1024,transformer.h.5.mlp.c_proj.weight,structural_int4_k8,9,True,1.0,0.0005762116546982332,0.06671355686437941
0,1024,transformer.h.5.mlp.c_proj.weight,structural_vq64_int3_k8,9,True,1.0,0.00048730057146484373,0.06131365234850028
0,2048,transformer.h.0.attn.c_attn.weight,direct_scalar_int4,9,True,1.0,0.016479806635576688,0.45078807613473393
0,2048,transformer.h.0.attn.c_attn.weight,structural_scalar_int3_p98_k8,9,True,1.0,0.004754389376143919,0.30346520353888573
0,2048,transformer.h.0.attn.c_attn.weight,structural_int4_k8,9,True,1.0,0.0026371444848241055,0.21496770818127675
0,2048,transformer.h.0.attn.c_attn.weight,structural_vq64_int3_k8,9,True,1.0,0.0025757213200959805,0.21730968592783406
0,2048,transformer.h.0.attn.c_proj.weight,direct_scalar_int4,9,True,1.0,0.024006116098697072,0.5028435397386648
0,2048,transformer.h.0.attn.c_proj.weight,structural_scalar_int3_p98_k8,9,True,1.0,0.0055650762378570695,0.332612841780238
0,2048,transformer.h.0.attn.c_proj.weight,structural_int4_k8,9,True,1.0,0.003126927907673993,0.2410933622761111
0,2048,transformer.h.0.attn.c_proj.weight,structural_vq64_int3_k8,9,True,1.0,0.0030304919142007947,0.24238130517998235
0,2048,transformer.h.0.mlp.w1.weight,direct_scalar_int4,9,True,1.0,0.0005976838039151167,0.07149179785731907
0,2048,transformer.h.0.mlp.w1.weight,structural_scalar_int3_p98_k8,9,True,1.0,0.0004748867464027251,0.061765556422062384
0,2048,transformer.h.0.mlp.w1.weight,structural_int4_k8,9,True,1.0,0.00028182967825662875,0.03610126817320636
0,2048,transformer.h.0.mlp.w1.weight,structural_vq64_int3_k8,9,True,1.0,0.000277224068344184,0.037723436468810934
0,2048,transformer.h.0.mlp.w2.weight,direct_scalar_int4,9,True,1.0,0.000634327974712412,0.07570990376838171
0,2048,transformer.h.0.mlp.w2.weight,structural_scalar_int3_p98_k8,9,True,1.0,0.0004857063170514708,0.06292711226702297
0,2048,transformer.h.0.mlp.w2.weight,structural_int4_k8,9,True,1.0,0.00029468638230467636,0.037702760468596885
0,2048,transformer.h.0.mlp.w2.weight,structural_vq64_int3_k8,9,True,1.0,0.00028625569643880855,0.03892497862105038
0,2048,transformer.h.0.mlp.c_proj.weight,direct_scalar_int4,9,True,1.0,0.0010025017134843717,0.11009479564874558
0,2048,transformer.h.0.mlp.c_proj.weight,structural_scalar_int3_p98_k8,9,True,1.0,0.0007147552528280476,0.08675298289344424
0,2048,transformer.h.0.mlp.c_proj.weight,structural_int4_k8,9,True,1.0,0.0004822566626122571,0.058447381510523755
0,2048,transformer.h.0.mlp.c_proj.weight,structural_vq64_int3_k8,9,True,1.0,0.00042733749104184593,0.05559320467176132
0,2048,transformer.h.1.attn.c_attn.weight,direct_scalar_int4,9,True,1.0,0.017265606313207837,0.44042875378415636
0,2048,transformer.h.1.attn.c_attn.weight,structural_scalar_int3_p98_k8,9,True,1.0,0.006040785420182937,0.32765854334894096
0,2048,transformer.h.1.attn.c_attn.weight,structural_int4_k8,9,True,1.0,0.0031927516666936384,0.23654223169248323
0,2048,transformer.h.1.attn.c_attn.weight,structural_vq64_int3_k8,9,True,1.0,0.003177220313628548,0.24246930689530388
0,2048,transformer.h.1.attn.c_proj.weight,direct_scalar_int4,9,True,1.0,0.023032983813764396,0.4926791563890882
0,2048,transformer.h.1.attn.c_proj.weight,structural_scalar_int3_p98_k8,9,True,1.0,0.006231630893061113,0.34826607723058134
0,2048,transformer.h.1.attn.c_proj.weight,structural_int4_k8,9,True,1.0,0.003475584462883985,0.2566400026662845
0,2048,transformer.h.1.attn.c_proj.weight,structural_vq64_int3_k8,9,True,1.0,0.003324207776689958,0.2564795388347376
0,2048,transformer.h.1.mlp.w1.weight,direct_scalar_int4,9,True,1.0,0.0009167073830608219,0.09922761063721153
0,2048,transformer.h.1.mlp.w1.weight,structural_scalar_int3_p98_k8,9,True,1.0,0.0006392303999397386,0.07784180861988454
0,2048,transformer.h.1.mlp.w1.weight,structural_int4_k8,9,True,1.0,0.00039093973355441847,0.04805966790276961
0,2048,transformer.h.1.mlp.w1.weight,structural_vq64_int3_k8,9,True,1.0,0.00039286259144966085,0.05125947773774042
0,2048,transformer.h.1.mlp.w2.weight,direct_scalar_int4,9,True,1.0,0.0009485563594043844,0.10132867288614356
0,2048,transformer.h.1.mlp.w2.weight,structural_scalar_int3_p98_k8,9,True,1.0,0.0006480081128131809,0.0788466406619126
0,2048,transformer.h.1.mlp.w2.weight,structural_int4_k8,9,True,1.0,0.00040053774909198925,0.049250570265436666
0,2048,transformer.h.1.mlp.w2.weight,structural_vq64_int3_k8,9,True,1.0,0.000402890602945738,0.05253170722770162
0,2048,transformer.h.1.mlp.c_proj.weight,direct_scalar_int4,9,True,1.0,0.0012248552423477221,0.12557412636693455
0,2048,transformer.h.1.mlp.c_proj.weight,structural_scalar_int3_p98_k8,9,True,1.0,0.0008177357962887433,0.09542972786645976
0,2048,transformer.h.1.mlp.c_proj.weight,structural_int4_k8,9,True,1.0,0.0006020541586946315,0.0697438421343296
0,2048,transformer.h.1.mlp.c_proj.weight,structural_vq64_int3_k8,9,True,1.0,0.0005176039284823242,0.06566086660748138
0,2048,transformer.h.2.attn.c_attn.weight,direct_scalar_int4,9,True,1.0,0.015698218030053335,0.43976645416567894
0,2048,transformer.h.2.attn.c_attn.weight,structural_scalar_int3_p98_k8,9,True,1.0,0.0031778744882430265,0.25761142897866884
0,2048,transformer.h.2.attn.c_attn.weight,structural_int4_k8,9,True,1.0,0.0018236424697807285,0.1745505823799831
0,2048,transformer.h.2.attn.c_attn.weight,structural_vq64_int3_k8,9,True,1.0,0.0017087210427824129,0.17241737122855294
0,2048,transformer.h.2.attn.c_proj.weight,direct_scalar_int4,9,True,1.0,0.019059442455569564,0.44160104141887646
0,2048,transformer.h.2.attn.c_proj.weight,structural_scalar_int3_p98_k8,9,True,1.0,0.004192043872412787,0.29689663833437585
0,2048,transformer.h.2.attn.c_proj.weight,structural_int4_k8,9,True,1.0,0.003293719576775489,0.25274016882436035
0,2048,transformer.h.2.attn.c_proj.weight,structural_vq64_int3_k8,9,True,1.0,0.0027020062766575093,0.2301565198550215
0,2048,transformer.h.2.mlp.w1.weight,direct_scalar_int4,9,True,1.0,0.0008997214520507502,0.09633653129141351
0,2048,transformer.h.2.mlp.w1.weight,structural_scalar_int3_p98_k8,9,True,1.0,0.0008076594411293714,0.09283792586322626
0,2048,transformer.h.2.mlp.w1.weight,structural_int4_k8,9,True,1.0,0.0004914637817520218,0.0578783166931488
0,2048,transformer.h.2.mlp.w1.weight,structural_vq64_int3_k8,9,True,1.0,0.0004832951687092635,0.060333528529737945
0,2048,transformer.h.2.mlp.w2.weight,direct_scalar_int4,9,True,1.0,0.000931306227084816,0.0987135210154777
0,2048,transformer.h.2.mlp.w2.weight,structural_scalar_int3_p98_k8,9,True,1.0,0.0008460930947775669,0.09646269203376301
0,2048,transformer.h.2.mlp.w2.weight,structural_int4_k8,9,True,1.0,0.0005229900478129768,0.06129015588187692
0,2048,transformer.h.2.mlp.w2.weight,structural_vq64_int3_k8,9,True,1.0,0.0005103486063625651,0.06352836506090687
0,2048,transformer.h.2.mlp.c_proj.weight,direct_scalar_int4,9,True,1.0,0.0006982198079956703,0.08288683066622804
0,2048,transformer.h.2.mlp.c_proj.weight,structural_scalar_int3_p98_k8,9,True,1.0,0.0006516119066667381,0.08186778918589299
0,2048,transformer.h.2.mlp.c_proj.weight,structural_int4_k8,9,True,1.0,0.00043838789984407267,0.0544124656311048
0,2048,transformer.h.2.mlp.c_proj.weight,structural_vq64_int3_k8,9,True,1.0,0.00039384745699222456,0.05254110845914617
0,2048,transformer.h.3.attn.c_attn.weight,direct_scalar_int4,9,True,1.0,0.012257798878307802,0.41603263606231755
0,2048,transformer.h.3.attn.c_attn.weight,structural_scalar_int3_p98_k8,9,True,1.0,0.005439257446267165,0.3237852451565161
0,2048,transformer.h.3.attn.c_attn.weight,structural_int4_k8,9,True,1.0,0.0031506719658349613,0.24018370018518265
0,2048,transformer.h.3.attn.c_attn.weight,structural_vq64_int3_k8,9,True,1.0,0.0029381108222852337,0.2380491223679697
0,2048,transformer.h.3.attn.c_proj.weight,direct_scalar_int4,9,True,1.0,0.014072822619180747,0.4190003808332943
0,2048,transformer.h.3.attn.c_proj.weight,structural_scalar_int3_p98_k8,9,True,1.0,0.005022376830438602,0.3134228041755073
0,2048,transformer.h.3.attn.c_proj.weight,structural_int4_k8,9,True,1.0,0.0037316976681176506,0.2630939612930996
0,2048,transformer.h.3.attn.c_proj.weight,structural_vq64_int3_k8,9,True,1.0,0.0028341130261326786,0.23372209257993204
0,2048,transformer.h.3.mlp.w1.weight,direct_scalar_int4,9,True,1.0,0.0007212684721114027,0.08223191831588927
0,2048,transformer.h.3.mlp.w1.weight,structural_scalar_int3_p98_k8,9,True,1.0,0.0007830935359485203,0.09262616965020432
0,2048,transformer.h.3.mlp.w1.weight,structural_int4_k8,9,True,1.0,0.0004746226531848752,0.057130345077274214
0,2048,transformer.h.3.mlp.w1.weight,structural_vq64_int3_k8,9,True,1.0,0.0004573739840764146,0.05868543267907056
0,2048,transformer.h.3.mlp.w2.weight,direct_scalar_int4,9,True,1.0,0.0007168480203931793,0.08153397698724907
0,2048,transformer.h.3.mlp.w2.weight,structural_scalar_int3_p98_k8,9,True,1.0,0.0008065352606232423,0.09482829409206728
0,2048,transformer.h.3.mlp.w2.weight,structural_int4_k8,9,True,1.0,0.0004896367176718819,0.05849256404688141
0,2048,transformer.h.3.mlp.w2.weight,structural_vq64_int3_k8,9,True,1.0,0.00047316506495642674,0.060371220130879366
0,2048,transformer.h.3.mlp.c_proj.weight,direct_scalar_int4,9,True,1.0,0.0006137690642469273,0.07409115143716294
0,2048,transformer.h.3.mlp.c_proj.weight,structural_scalar_int3_p98_k8,9,True,1.0,0.0005894664682065676,0.07518863863680114
0,2048,transformer.h.3.mlp.c_proj.weight,structural_int4_k8,9,True,1.0,0.00038692050720501303,0.0483691991528955
0,2048,transformer.h.3.mlp.c_proj.weight,structural_vq64_int3_k8,9,True,1.0,0.00034603643130215467,0.046624379493751644
0,2048,transformer.h.4.attn.c_attn.weight,direct_scalar_int4,9,True,1.0,0.016971037604357475,0.42983866934517845
0,2048,transformer.h.4.attn.c_attn.weight,structural_scalar_int3_p98_k8,9,True,1.0,0.010276686709308258,0.38560402592220044
0,2048,transformer.h.4.attn.c_attn.weight,structural_int4_k8,9,True,1.0,0.00574397618213407,0.30699535439495507
0,2048,transformer.h.4.attn.c_attn.weight,structural_vq64_int3_k8,9,True,1.0,0.005546198906517752,0.3058866673120073
0,2048,transformer.h.4.attn.c_proj.weight,direct_scalar_int4,9,True,1.0,0.012824377069824311,0.38793969126697825
0,2048,transformer.h.4.attn.c_proj.weight,structural_scalar_int3_p98_k8,9,True,1.0,0.009020322860533447,0.35909456980909127
0,2048,transformer.h.4.attn.c_proj.weight,structural_int4_k8,9,True,1.0,0.004903819031653267,0.2819339932367053
0,2048,transformer.h.4.attn.c_proj.weight,structural_vq64_int3_k8,9,True,1.0,0.0048459461802926596,0.2850305160459091
0,2048,transformer.h.4.mlp.w1.weight,direct_scalar_int4,9,True,1.0,0.0007222326903916221,0.0828486703396829
0,2048,transformer.h.4.mlp.w1.weight,structural_scalar_int3_p98_k8,9,True,1.0,0.0007715724396727408,0.09208574802576763
0,2048,transformer.h.4.mlp.w1.weight,structural_int4_k8,9,True,1.0,0.000473834654335481,0.05725626907603898
0,2048,transformer.h.4.mlp.w1.weight,structural_vq64_int3_k8,9,True,1.0,0.00045722765004285737,0.05888556962779423
0,2048,transformer.h.4.mlp.w2.weight,direct_scalar_int4,9,True,1.0,0.0007505227084083632,0.08536346288181262
0,2048,transformer.h.4.mlp.w2.weight,structural_scalar_int3_p98_k8,9,True,1.0,0.0007811903344563387,0.09282554481398542
0,2048,transformer.h.4.mlp.w2.weight,structural_int4_k8,9,True,1.0,0.00048652182269504074,0.05862174340919146
0,2048,transformer.h.4.mlp.w2.weight,structural_vq64_int3_k8,9,True,1.0,0.0004724239448189449,0.06055803144272176
0,2048,transformer.h.4.mlp.c_proj.weight,direct_scalar_int4,9,True,1.0,0.0007273489147603396,0.08555617984804542
0,2048,transformer.h.4.mlp.c_proj.weight,structural_scalar_int3_p98_k8,9,True,1.0,0.0006094052632356073,0.07751818122217102
0,2048,transformer.h.4.mlp.c_proj.weight,structural_int4_k8,9,True,1.0,0.0004208321734950893,0.052583813862283946
0,2048,transformer.h.4.mlp.c_proj.weight,structural_vq64_int3_k8,9,True,1.0,0.00036758357342903114,0.04963269226626488
0,2048,transformer.h.5.attn.c_attn.weight,direct_scalar_int4,9,True,1.0,0.022619586625473698,0.4612559625945841
0,2048,transformer.h.5.attn.c_attn.weight,structural_scalar_int3_p98_k8,9,True,1.0,0.012958298714664362,0.40545692329362415
0,2048,transformer.h.5.attn.c_attn.weight,structural_int4_k8,9,True,1.0,0.007419513404865907,0.33975953483699806
0,2048,transformer.h.5.attn.c_attn.weight,structural_vq64_int3_k8,9,True,1.0,0.007014132309385079,0.3336561158964648
0,2048,transformer.h.5.attn.c_proj.weight,direct_scalar_int4,9,True,1.0,0.01586360524844488,0.42201253116867654
0,2048,transformer.h.5.attn.c_proj.weight,structural_scalar_int3_p98_k8,9,True,1.0,0.009228426123199296,0.366988003590182
0,2048,transformer.h.5.attn.c_proj.weight,structural_int4_k8,9,True,1.0,0.0051239837379647435,0.2919168047174837
0,2048,transformer.h.5.attn.c_proj.weight,structural_vq64_int3_k8,9,True,1.0,0.004933978014546536,0.292230115199818
0,2048,transformer.h.5.mlp.w1.weight,direct_scalar_int4,9,True,1.0,0.0011564237421571866,0.11440475174082032
0,2048,transformer.h.5.mlp.w1.weight,structural_scalar_int3_p98_k8,9,True,1.0,0.0009539213189990736,0.10262071302070241
0,2048,transformer.h.5.mlp.w1.weight,structural_int4_k8,9,True,1.0,0.0006087372034073724,0.0679283420554514
0,2048,transformer.h.5.mlp.w1.weight,structural_vq64_int3_k8,9,True,1.0,0.0005781104567219586,0.06877052043404264
0,2048,transformer.h.5.mlp.w2.weight,direct_scalar_int4,9,True,1.0,0.0011050134823937796,0.11020140800221823
0,2048,transformer.h.5.mlp.w2.weight,structural_scalar_int3_p98_k8,9,True,1.0,0.000955008244506117,0.10259700220198698
0,2048,transformer.h.5.mlp.w2.weight,structural_int4_k8,9,True,1.0,0.0005942888325475293,0.06662242605389324
0,2048,transformer.h.5.mlp.w2.weight,structural_vq64_int3_k8,9,True,1.0,0.0005748011736735892,0.06818345792779323
0,2048,transformer.h.5.mlp.c_proj.weight,direct_scalar_int4,9,True,1.0,0.00159845968149408,0.1469164066398314
0,2048,transformer.h.5.mlp.c_proj.weight,structural_scalar_int3_p98_k8,9,True,1.0,0.0007370153949772806,0.08778845988411554
0,2048,transformer.h.5.mlp.c_proj.weight,structural_int4_k8,9,True,1.0,0.0005516241464853522,0.06508536615051408
0,2048,transformer.h.5.mlp.c_proj.weight,structural_vq64_int3_k8,9,True,1.0,0.0004560618964583041,0.05864659104626113
0,4096,transformer.h.0.attn.c_attn.weight,direct_scalar_int4,9,True,1.0,0.015949031013199777,0.4478543317073097
0,4096,transformer.h.0.attn.c_attn.weight,structural_scalar_int3_p98_k8,9,True,1.0,0.004196262052653554,0.286772098529945
0,4096,transformer.h.0.attn.c_attn.weight,structural_int4_k8,9,True,1.0,0.0024093714916190168,0.20413519879548392
0,4096,transformer.h.0.attn.c_attn.weight,structural_vq64_int3_k8,9,True,1.0,0.0022565594826243762,0.2013476892905246
0,4096,transformer.h.0.attn.c_proj.weight,direct_scalar_int4,9,True,1.0,0.025635127402381053,0.5177660795758654
0,4096,transformer.h.0.attn.c_proj.weight,structural_scalar_int3_p98_k8,9,True,1.0,0.004570324785086899,0.3079738073449535
0,4096,transformer.h.0.attn.c_proj.weight,structural_int4_k8,9,True,1.0,0.0025763905863808167,0.21555617238258884
0,4096,transformer.h.0.attn.c_proj.weight,structural_vq64_int3_k8,9,True,1.0,0.00245449082643856,0.21517575144269296
0,4096,transformer.h.0.mlp.w1.weight,direct_scalar_int4,9,True,1.0,0.0006734911397295873,0.07932812893686314
0,4096,transformer.h.0.mlp.w1.weight,structural_scalar_int3_p98_k8,9,True,1.0,0.000466852418865904,0.06073246919673381
0,4096,transformer.h.0.mlp.w1.weight,structural_int4_k8,9,True,1.0,0.00028064596394328234,0.035951846520608566
0,4096,transformer.h.0.mlp.w1.weight,structural_vq64_int3_k8,9,True,1.0,0.0002748072090232867,0.037282621367121016
0,4096,transformer.h.0.mlp.w2.weight,direct_scalar_int4,9,True,1.0,0.0007276371700463136,0.08543174975004164
0,4096,transformer.h.0.mlp.w2.weight,structural_scalar_int3_p98_k8,9,True,1.0,0.0004790865423096591,0.062252113348178484
0,4096,transformer.h.0.mlp.w2.weight,structural_int4_k8,9,True,1.0,0.0002910429078474275,0.03728081952710682
0,4096,transformer.h.0.mlp.w2.weight,structural_vq64_int3_k8,9,True,1.0,0.00028409596218648137,0.03856056448283873
0,4096,transformer.h.0.mlp.c_proj.weight,direct_scalar_int4,9,True,1.0,0.0011396802645715631,0.12183937966583136
0,4096,transformer.h.0.mlp.c_proj.weight,structural_scalar_int3_p98_k8,9,True,1.0,0.0006879337799083896,0.08359568319348243
0,4096,transformer.h.0.mlp.c_proj.weight,structural_int4_k8,9,True,1.0,0.0004641591878483675,0.05621103171183639
0,4096,transformer.h.0.mlp.c_proj.weight,structural_vq64_int3_k8,9,True,1.0,0.00041417826211243014,0.05375926076262039
0,4096,transformer.h.1.attn.c_attn.weight,direct_scalar_int4,9,True,1.0,0.017746717636167864,0.4431610875452815
0,4096,transformer.h.1.attn.c_attn.weight,structural_scalar_int3_p98_k8,9,True,1.0,0.004692474467510754,0.295911595515049
0,4096,transformer.h.1.attn.c_attn.weight,structural_int4_k8,9,True,1.0,0.0026138148643344294,0.21036273416927964
0,4096,transformer.h.1.attn.c_attn.weight,structural_vq64_int3_k8,9,True,1.0,0.0025263173185425813,0.21298912648432156
0,4096,transformer.h.1.attn.c_proj.weight,direct_scalar_int4,9,True,1.0,0.024655643374543845,0.5051129672106036
0,4096,transformer.h.1.attn.c_proj.weight,structural_scalar_int3_p98_k8,9,True,1.0,0.0046948212599092765,0.3126106905305077
0,4096,transformer.h.1.attn.c_proj.weight,structural_int4_k8,9,True,1.0,0.002554074739880674,0.2147020054995109
0,4096,transformer.h.1.attn.c_proj.weight,structural_vq64_int3_k8,9,True,1.0,0.0025030988548899735,0.2185733623257594
0,4096,transformer.h.1.mlp.w1.weight,direct_scalar_int4,9,True,1.0,0.0009231016208574028,0.09955910171565518
0,4096,transformer.h.1.mlp.w1.weight,structural_scalar_int3_p98_k8,9,True,1.0,0.0005952985364424679,0.07394736706165128
0,4096,transformer.h.1.mlp.w1.weight,structural_int4_k8,9,True,1.0,0.0003704151332404315,0.045918870879661955
0,4096,transformer.h.1.mlp.w1.weight,structural_vq64_int3_k8,9,True,1.0,0.00036484746122067424,0.048247740532207706
0,4096,transformer.h.1.mlp.w2.weight,direct_scalar_int4,9,True,1.0,0.0009344388661632896,0.10119125788043815
0,4096,transformer.h.1.mlp.w2.weight,structural_scalar_int3_p98_k8,9,True,1.0,0.0006118399923609186,0.07510107543883282
0,4096,transformer.h.1.mlp.w2.weight,structural_int4_k8,9,True,1.0,0.0003807757348657237,0.04713147656272043
0,4096,transformer.h.1.mlp.w2.weight,structural_vq64_int3_k8,9,True,1.0,0.00037774643698795796,0.04977441812715444
0,4096,transformer.h.1.mlp.c_proj.weight,direct_scalar_int4,9,True,1.0,0.0012466028485531577,0.12811978433101867
0,4096,transformer.h.1.mlp.c_proj.weight,structural_scalar_int3_p98_k8,9,True,1.0,0.0007587833344921968,0.0895747103652974
0,4096,transformer.h.1.mlp.c_proj.weight,structural_int4_k8,9,True,1.0,0.0005310619812642914,0.06276024140477887
0,4096,transformer.h.1.mlp.c_proj.weight,structural_vq64_int3_k8,9,True,1.0,0.00047430297585060455,0.06007428758582645
0,4096,transformer.h.2.attn.c_attn.weight,direct_scalar_int4,9,True,1.0,0.014423467347217445,0.43225927831033295
0,4096,transformer.h.2.attn.c_attn.weight,structural_scalar_int3_p98_k8,9,True,1.0,0.002281329969298862,0.21113623143992977
0,4096,transformer.h.2.attn.c_attn.weight,structural_int4_k8,9,True,1.0,0.0012775703309013675,0.13400717760777858
0,4096,transformer.h.2.attn.c_attn.weight,structural_vq64_int3_k8,9,True,1.0,0.0012186078712953519,0.1341134530127135
0,4096,transformer.h.2.attn.c_proj.weight,direct_scalar_int4,9,True,1.0,0.01811563242762948,0.4322542423671587
0,4096,transformer.h.2.attn.c_proj.weight,structural_scalar_int3_p98_k8,9,True,1.0,0.003243227935859516,0.2610005712846659
0,4096,transformer.h.2.attn.c_proj.weight,structural_int4_k8,9,True,1.0,0.002464023774495616,0.21305559329453783
0,4096,transformer.h.2.attn.c_proj.weight,structural_vq64_int3_k8,9,True,1.0,0.002115472119275541,0.19986765553933272
0,4096,transformer.h.2.mlp.w1.weight,direct_scalar_int4,9,True,1.0,0.0007772769942923086,0.08711433782888556
0,4096,transformer.h.2.mlp.w1.weight,structural_scalar_int3_p98_k8,9,True,1.0,0.0007102257213230656,0.08521385571177675
0,4096,transformer.h.2.mlp.w1.weight,structural_int4_k8,9,True,1.0,0.0004295059338932372,0.05220578066058035
0,4096,transformer.h.2.mlp.w1.weight,structural_vq64_int3_k8,9,True,1.0,0.00041479884319606253,0.05392739422858295
0,4096,transformer.h.2.mlp.w2.weight,direct_scalar_int4,9,True,1.0,0.0008016842176036265,0.08909804709617308
0,4096,transformer.h.2.mlp.w2.weight,structural_scalar_int3_p98_k8,9,True,1.0,0.0007261623241513471,0.08663617607289886
0,4096,transformer.h.2.mlp.w2.weight,structural_int4_k8,9,True,1.0,0.0004490531759496763,0.054079567005603346
0,4096,transformer.h.2.mlp.w2.weight,structural_vq64_int3_k8,9,True,1.0,0.0004327139354268761,0.055753732291763836
0,4096,transformer.h.2.mlp.c_proj.weight,direct_scalar_int4,9,True,1.0,0.0006188012246064467,0.07454056898820671
0,4096,transformer.h.2.mlp.c_proj.weight,structural_scalar_int3_p98_k8,9,True,1.0,0.0006007660589567587,0.07587439763512827
0,4096,transformer.h.2.mlp.c_proj.weight,structural_int4_k8,9,True,1.0,0.00039377995227873885,0.04929979604409218
0,4096,transformer.h.2.mlp.c_proj.weight,structural_vq64_int3_k8,9,True,1.0,0.00035718671415052583,0.047920854416559244
0,4096,transformer.h.3.attn.c_attn.weight,direct_scalar_int4,9,True,1.0,0.011444137324369552,0.40850856671617153
0,4096,transformer.h.3.attn.c_attn.weight,structural_scalar_int3_p98_k8,9,True,1.0,0.0035069045272537736,0.26904498067281335
0,4096,transformer.h.3.attn.c_attn.weight,structural_int4_k8,9,True,1.0,0.001999793586386467,0.18422022774246694
0,4096,transformer.h.3.attn.c_attn.weight,structural_vq64_int3_k8,9,True,1.0,0.0018665993905931932,0.18082731783509953
0,4096,transformer.h.3.attn.c_proj.weight,direct_scalar_int4,9,True,1.0,0.0124756184331275,0.39553445147092925
0,4096,transformer.h.3.attn.c_proj.weight,structural_scalar_int3_p98_k8,9,True,1.0,0.003538838675879563,0.27045774303316117
0,4096,transformer.h.3.attn.c_proj.weight,structural_int4_k8,9,True,1.0,0.0026945342511243142,0.21969669408455572
0,4096,transformer.h.3.attn.c_proj.weight,structural_vq64_int3_k8,9,True,1.0,0.0021023342616028895,0.19853561794587493
0,4096,transformer.h.3.mlp.w1.weight,direct_scalar_int4,9,True,1.0,0.0005755335719290766,0.06856282974824979
0,4096,transformer.h.3.mlp.w1.weight,structural_scalar_int3_p98_k8,9,True,1.0,0.0006674987015012901,0.08240905336614679
0,4096,transformer.h.3.mlp.w1.weight,structural_int4_k8,9,True,1.0,0.0003966888022503001,0.04932559311665674
0,4096,transformer.h.3.mlp.w1.weight,structural_vq64_int3_k8,9,True,1.0,0.0003792326940396107,0.05001682127991425
0,4096,transformer.h.3.mlp.w2.weight,direct_scalar_int4,9,True,1.0,0.0006091367892844257,0.07219482813624623
0,4096,transformer.h.3.mlp.w2.weight,structural_scalar_int3_p98_k8,9,True,1.0,0.0006757465825691922,0.08311016379766667
0,4096,transformer.h.3.mlp.w2.weight,structural_int4_k8,9,True,1.0,0.00040824611446754755,0.050469243561712784
0,4096,transformer.h.3.mlp.w2.weight,structural_vq64_int3_k8,9,True,1.0,0.0003915199506694389,0.05176078350973279
0,4096,transformer.h.3.mlp.c_proj.weight,direct_scalar_int4,9,True,1.0,0.0005266104833444585,0.0643274138785378
0,4096,transformer.h.3.mlp.c_proj.weight,structural_scalar_int3_p98_k8,9,True,1.0,0.0005471093896832757,0.06970851546958923
0,4096,transformer.h.3.mlp.c_proj.weight,structural_int4_k8,9,True,1.0,0.00034285957711677195,0.04327573464418477
0,4096,transformer.h.3.mlp.c_proj.weight,structural_vq64_int3_k8,9,True,1.0,0.0003147087891401945,0.04221657318066052
0,4096,transformer.h.4.attn.c_attn.weight,direct_scalar_int4,9,True,1.0,0.014007250860623377,0.40044686103562355
0,4096,transformer.h.4.attn.c_attn.weight,structural_scalar_int3_p98_k8,9,True,1.0,0.008085995176600913,0.3504681492075882
0,4096,transformer.h.4.attn.c_attn.weight,structural_int4_k8,9,True,1.0,0.0046183091431375445,0.27531539408868466
0,4096,transformer.h.4.attn.c_attn.weight,structural_vq64_int3_k8,9,True,1.0,0.00433144928929996,0.2722806497953446
0,4096,transformer.h.4.attn.c_proj.weight,direct_scalar_int4,9,True,1.0,0.010125906779761773,0.35636513656453106
0,4096,transformer.h.4.attn.c_proj.weight,structural_scalar_int3_p98_k8,9,True,1.0,0.007072356368114874,0.3203988963899287
0,4096,transformer.h.4.attn.c_proj.weight,structural_int4_k8,9,True,1.0,0.003972628876038775,0.247143497033681
0,4096,transformer.h.4.attn.c_proj.weight,structural_vq64_int3_k8,9,True,1.0,0.0037340828178865637,0.2511571302371687
0,4096,transformer.h.4.mlp.w1.weight,direct_scalar_int4,9,True,1.0,0.0005974719777604998,0.07105723757791316
0,4096,transformer.h.4.mlp.w1.weight,structural_scalar_int3_p98_k8,9,True,1.0,0.0006385794967841418,0.07944267653280601
0,4096,transformer.h.4.mlp.w1.weight,structural_int4_k8,9,True,1.0,0.0003891711356216465,0.04862325835269665
0,4096,transformer.h.4.mlp.w1.weight,structural_vq64_int3_k8,9,True,1.0,0.0003719450880341757,0.04927253326102343
0,4096,transformer.h.4.mlp.w2.weight,direct_scalar_int4,9,True,1.0,0.0006006470730182123,0.07166419510071553
0,4096,transformer.h.4.mlp.w2.weight,structural_scalar_int3_p98_k8,9,True,1.0,0.000648514788883725,0.08046259217283758
0,4096,transformer.h.4.mlp.w2.weight,structural_int4_k8,9,True,1.0,0.0004020435890665919,0.04970255038262961
0,4096,transformer.h.4.mlp.w2.weight,structural_vq64_int3_k8,9,True,1.0,0.0003815033825618208,0.05066674223146772
0,4096,transformer.h.4.mlp.c_proj.weight,direct_scalar_int4,9,True,1.0,0.0006635386238601493,0.07863175721336357
0,4096,transformer.h.4.mlp.c_proj.weight,structural_scalar_int3_p98_k8,9,True,1.0,0.000564128763920535,0.07196997506627656
0,4096,transformer.h.4.mlp.c_proj.weight,structural_int4_k8,9,True,1.0,0.000375632513186841,0.04728227902612814
0,4096,transformer.h.4.mlp.c_proj.weight,structural_vq64_int3_k8,9,True,1.0,0.00033198973359094275,0.04471947218079264
0,4096,transformer.h.5.attn.c_attn.weight,direct_scalar_int4,9,True,1.0,0.021412943207802626,0.44661812807009393
0,4096,transformer.h.5.attn.c_attn.weight,structural_scalar_int3_p98_k8,9,True,1.0,0.01133598891185883,0.38623268264141064
0,4096,transformer.h.5.attn.c_attn.weight,structural_int4_k8,9,True,1.0,0.006413576025273371,0.31522597815360964
0,4096,transformer.h.5.attn.c_attn.weight,structural_vq64_int3_k8,9,True,1.0,0.006144640018469705,0.3146922015380975
0,4096,transformer.h.5.attn.c_proj.weight,direct_scalar_int4,9,True,1.0,0.012440064237031256,0.37974819433941553
0,4096,transformer.h.5.attn.c_proj.weight,structural_scalar_int3_p98_k8,9,True,1.0,0.00819071901375712,0.33860306147295005
0,4096,transformer.h.5.attn.c_proj.weight,structural_int4_k8,9,True,1.0,0.0044739693016082605,0.2670829554601034
0,4096,transformer.h.5.attn.c_proj.weight,structural_vq64_int3_k8,9,True,1.0,0.00437949486875111,0.2686314247505016
0,4096,transformer.h.5.mlp.w1.weight,direct_scalar_int4,9,True,1.0,0.0008359542746791959,0.09387777399819774
0,4096,transformer.h.5.mlp.w1.weight,structural_scalar_int3_p98_k8,9,True,1.0,0.0007065679466238262,0.0845567827253072
0,4096,transformer.h.5.mlp.w1.weight,structural_int4_k8,9,True,1.0,0.00045970313612941904,0.05523326074301815
0,4096,transformer.h.5.mlp.w1.weight,structural_vq64_int3_k8,9,True,1.0,0.0004249304195739212,0.05485491740142501
0,4096,transformer.h.5.mlp.w2.weight,direct_scalar_int4,9,True,1.0,0.0008585546352557483,0.09576169084076236
0,4096,transformer.h.5.mlp.w2.weight,structural_scalar_int3_p98_k8,9,True,1.0,0.0007192465833032458,0.08583555049953406
0,4096,transformer.h.5.mlp.w2.weight,structural_int4_k8,9,True,1.0,0.00046376321361141226,0.05575453302206623
0,4096,transformer.h.5.mlp.w2.weight,structural_vq64_int3_k8,9,True,1.0,0.0004313682796102114,0.05552806455372439
0,4096,transformer.h.5.mlp.c_proj.weight,direct_scalar_int4,9,True,1.0,0.0018480637914638498,0.1579640039733663
0,4096,transformer.h.5.mlp.c_proj.weight,structural_scalar_int3_p98_k8,9,True,1.0,0.0007274790574957057,0.08716697432999965
0,4096,transformer.h.5.mlp.c_proj.weight,structural_int4_k8,9,True,1.0,0.0005434939454312948,0.06439488465561105
0,4096,transformer.h.5.mlp.c_proj.weight,structural_vq64_int3_k8,9,True,1.0,0.0004490436686508392,0.0579268893895194
1,128,transformer.h.0.attn.c_attn.weight,direct_scalar_int4,9,True,1.0,0.009336214030535639,0.37139510637658546
1,128,transformer.h.0.attn.c_attn.weight,structural_scalar_int3_p98_k8,9,True,1.0,0.004527315341680271,0.2890842762261505
1,128,transformer.h.0.attn.c_attn.weight,structural_int4_k8,9,True,1.0,0.0025456147620853686,0.20607309009784502
1,128,transformer.h.0.attn.c_attn.weight,structural_vq64_int3_k8,9,True,1.0,0.002453007167757093,0.20729907140845505
1,128,transformer.h.0.attn.c_proj.weight,direct_scalar_int4,9,True,1.0,0.013624311654449661,0.4165471865462068
1,128,transformer.h.0.attn.c_proj.weight,structural_scalar_int3_p98_k8,9,True,1.0,0.005944092738044193,0.32196921933090594
1,128,transformer.h.0.attn.c_proj.weight,structural_int4_k8,9,True,1.0,0.003186881297751132,0.2342564506424315
1,128,transformer.h.0.attn.c_proj.weight,structural_vq64_int3_k8,9,True,1.0,0.0031892905586752285,0.24147634335868573
1,128,transformer.h.0.mlp.w1.weight,direct_scalar_int4,9,True,1.0,0.0007839681998267345,0.0904060174110729
1,128,transformer.h.0.mlp.w1.weight,structural_scalar_int3_p98_k8,9,True,1.0,0.0005183805562396504,0.06676649914523725
1,128,transformer.h.0.mlp.w1.weight,structural_int4_k8,9,True,1.0,0.00032149033127881754,0.04093554798484189
1,128,transformer.h.0.mlp.w1.weight,structural_vq64_int3_k8,9,True,1.0,0.0003182447859250148,0.04279301443327965
1,128,transformer.h.0.mlp.w2.weight,direct_scalar_int4,9,True,1.0,0.0007616203211687766,0.08802556251133631
1,128,transformer.h.0.mlp.w2.weight,structural_scalar_int3_p98_k8,9,True,1.0,0.0005323918246964432,0.06824701704539093
1,128,transformer.h.0.mlp.w2.weight,structural_int4_k8,9,True,1.0,0.00032377290048368756,0.0411467608574414
1,128,transformer.h.0.mlp.w2.weight,structural_vq64_int3_k8,9,True,1.0,0.00032543451417221814,0.04377987319059118
1,128,transformer.h.0.mlp.c_proj.weight,direct_scalar_int4,9,True,1.0,0.0019274511725224652,0.1688493926360911
1,128,transformer.h.0.mlp.c_proj.weight,structural_scalar_int3_p98_k8,9,True,1.0,0.001037241992559279,0.11264836534120282
1,128,transformer.h.0.mlp.c_proj.weight,structural_int4_k8,9,True,1.0,0.0007869442219160527,0.0862251228126446
1,128,transformer.h.0.mlp.c_proj.weight,structural_vq64_int3_k8,9,True,1.0,0.0006544501642526956,0.07839885926172374
1,128,transformer.h.1.attn.c_attn.weight,direct_scalar_int4,9,True,1.0,0.016402698430117657,0.43972056842845586
1,128,transformer.h.1.attn.c_attn.weight,structural_scalar_int3_p98_k8,9,True,1.0,0.0074487494768170626,0.35613057809852033
1,128,transformer.h.1.attn.c_attn.weight,structural_int4_k8,9,True,1.0,0.004062674324796789,0.26766930004561484
1,128,transformer.h.1.attn.c_attn.weight,structural_vq64_int3_k8,9,True,1.0,0.0040668126246466985,0.27628630222593786
1,128,transformer.h.1.attn.c_proj.weight,direct_scalar_int4,9,True,1.0,0.019281098448749923,0.4637724648720165
1,128,transformer.h.1.attn.c_proj.weight,structural_scalar_int3_p98_k8,9,True,1.0,0.008249263595364598,0.3733037601925314
1,128,transformer.h.1.attn.c_proj.weight,structural_int4_k8,9,True,1.0,0.004487308442805316,0.2857902133476732
1,128,transformer.h.1.attn.c_proj.weight,structural_vq64_int3_k8,9,True,1.0,0.00443834538666199,0.28900472402525634
1,128,transformer.h.1.mlp.w1.weight,direct_scalar_int4,9,True,1.0,0.0013649633425321106,0.13270553827659204
1,128,transformer.h.1.mlp.w1.weight,structural_scalar_int3_p98_k8,9,True,1.0,0.0008027038088045391,0.09204579272916491
1,128,transformer.h.1.mlp.w1.weight,structural_int4_k8,9,True,1.0,0.0004915447920156302,0.058307541019753995
1,128,transformer.h.1.mlp.w1.weight,structural_vq64_int3_k8,9,True,1.0,0.000496193183173621,0.061462586110686335
1,128,transformer.h.1.mlp.w2.weight,direct_scalar_int4,9,True,1.0,0.0013836699928624352,0.1332222144076245
1,128,transformer.h.1.mlp.w2.weight,structural_scalar_int3_p98_k8,9,True,1.0,0.0008628815165789838,0.09740363024182164
1,128,transformer.h.1.mlp.w2.weight,structural_int4_k8,9,True,1.0,0.0005360795882349834,0.06254743802857254
1,128,transformer.h.1.mlp.w2.weight,structural_vq64_int3_k8,9,True,1.0,0.0005410305513424696,0.06673074262071133
1,128,transformer.h.1.mlp.c_proj.weight,direct_scalar_int4,9,True,1.0,0.0026338552430283935,0.20012662937403902
1,128,transformer.h.1.mlp.c_proj.weight,structural_scalar_int3_p98_k8,9,True,1.0,0.0013748127707707836,0.13624863901180218
1,128,transformer.h.1.mlp.c_proj.weight,structural_int4_k8,9,True,1.0,0.0010639636519182982,0.10747568398479179
1,128,transformer.h.1.mlp.c_proj.weight,structural_vq64_int3_k8,9,True,1.0,0.0008897259874902641,0.09950653287779365
1,128,transformer.h.2.attn.c_attn.weight,direct_scalar_int4,9,True,1.0,0.022371434850359417,0.48459987549319683
1,128,transformer.h.2.attn.c_attn.weight,structural_scalar_int3_p98_k8,9,True,1.0,0.008141896804350846,0.3708163152759423
1,128,transformer.h.2.attn.c_attn.weight,structural_int4_k8,9,True,1.0,0.004397885856850192,0.2829795575224201
1,128,transformer.h.2.attn.c_attn.weight,structural_vq64_int3_k8,9,True,1.0,0.004390026353191301,0.2869101199784331
1,128,transformer.h.2.attn.c_proj.weight,direct_scalar_int4,9,True,1.0,0.023057504203545243,0.48725269338544874
1,128,transformer.h.2.attn.c_proj.weight,structural_scalar_int3_p98_k8,9,True,1.0,0.00876282572660081,0.3876981937707964
1,128,transformer.h.2.attn.c_proj.weight,structural_int4_k8,9,True,1.0,0.004812543883726983,0.2970109678392834
1,128,transformer.h.2.attn.c_proj.weight,structural_vq64_int3_k8,9,True,1.0,0.004658965378509294,0.29918474102087245
1,128,transformer.h.2.mlp.w1.weight,direct_scalar_int4,9,True,1.0,0.0024329255986387244,0.185263391108761
1,128,transformer.h.2.mlp.w1.weight,structural_scalar_int3_p98_k8,9,True,1.0,0.0013524643370783629,0.13368335948413523
1,128,transformer.h.2.mlp.w1.weight,structural_int4_k8,9,True,1.0,0.0008512906578727053,0.0905316234784922
1,128,transformer.h.2.mlp.w1.weight,structural_vq64_int3_k8,9,True,1.0,0.0008453007817798008,0.09464574062082931
1,128,transformer.h.2.mlp.w2.weight,direct_scalar_int4,9,True,1.0,0.0025647881760896274,0.19103344413638523
1,128,transformer.h.2.mlp.w2.weight,structural_scalar_int3_p98_k8,9,True,1.0,0.001388797702431166,0.13603816259973123
1,128,transformer.h.2.mlp.w2.weight,structural_int4_k8,9,True,1.0,0.0008725686290514956,0.0918442851562864
1,128,transformer.h.2.mlp.w2.weight,structural_vq64_int3_k8,9,True,1.0,0.000883665910305087,0.09738385237981584
1,128,transformer.h.2.mlp.c_proj.weight,direct_scalar_int4,9,True,1.0,0.0034322693778334745,0.22972965719328797
1,128,transformer.h.2.mlp.c_proj.weight,structural_scalar_int3_p98_k8,9,True,1.0,0.001713778113242359,0.1568159291919432
1,128,transformer.h.2.mlp.c_proj.weight,structural_int4_k8,9,True,1.0,0.0012554901749198821,0.12033227782657607
1,128,transformer.h.2.mlp.c_proj.weight,structural_vq64_int3_k8,9,True,1.0,0.0011084179339418965,0.11618176046796491
1,128,transformer.h.3.attn.c_attn.weight,direct_scalar_int4,9,True,1.0,0.024632390839021023,0.5000018666255239
1,128,transformer.h.3.attn.c_attn.weight,structural_scalar_int3_p98_k8,9,True,1.0,0.007970626010838866,0.37695262876967073
1,128,transformer.h.3.attn.c_attn.weight,structural_int4_k8,9,True,1.0,0.00440503039449236,0.28680973164885093
1,128,transformer.h.3.attn.c_attn.weight,structural_vq64_int3_k8,9,True,1.0,0.004305062294212347,0.2897094889663695
1,128,transformer.h.3.attn.c_proj.weight,direct_scalar_int4,9,True,1.0,0.026996321949475544,0.5141293757702137
1,128,transformer.h.3.attn.c_proj.weight,structural_scalar_int3_p98_k8,9,True,1.0,0.008759462689667985,0.39454589008165675
1,128,transformer.h.3.attn.c_proj.weight,structural_int4_k8,9,True,1.0,0.004902616139712546,0.3055436937954801
1,128,transformer.h.3.attn.c_proj.weight,structural_vq64_int3_k8,9,True,1.0,0.004772456665309344,0.30549886892321765
1,128,transformer.h.3.mlp.w1.weight,direct_scalar_int4,9,True,1.0,0.003799567137601323,0.2391588720023491
1,128,transformer.h.3.mlp.w1.weight,structural_scalar_int3_p98_k8,9,True,1.0,0.0018479972323084404,0.1675164634044125
1,128,transformer.h.3.mlp.w1.weight,structural_int4_k8,9,True,1.0,0.0011326728585053791,0.11446149342582235
1,128,transformer.h.3.mlp.w1.weight,structural_vq64_int3_k8,9,True,1.0,0.0011600835565453993,0.12197966673755045
1,128,transformer.h.3.mlp.w2.weight,direct_scalar_int4,9,True,1.0,0.0038754832520977445,0.2417549847696503
1,128,transformer.h.3.mlp.w2.weight,structural_scalar_int3_p98_k8,9,True,1.0,0.001923829391700549,0.1721167684760463
1,128,transformer.h.3.mlp.w2.weight,structural_int4_k8,9,True,1.0,0.0012168937607425212,0.12022543911359329
1,128,transformer.h.3.mlp.w2.weight,structural_vq64_int3_k8,9,True,1.0,0.0012162506490008829,0.12581576047217535
1,128,transformer.h.3.mlp.c_proj.weight,direct_scalar_int4,9,True,1.0,0.004011412124615865,0.2517443327237411
1,128,transformer.h.3.mlp.c_proj.weight,structural_scalar_int3_p98_k8,9,True,1.0,0.0018061479277050596,0.1643866897479529
1,128,transformer.h.3.mlp.c_proj.weight,structural_int4_k8,9,True,1.0,0.00135779999862784,0.12894296513912507
1,128,transformer.h.3.mlp.c_proj.weight,structural_vq64_int3_k8,9,True,1.0,0.0011722900631486732,0.12125659377820042
1,128,transformer.h.4.attn.c_attn.weight,direct_scalar_int4,9,True,1.0,0.03010894635968775,0.5296755901434054
1,128,transformer.h.4.attn.c_attn.weight,structural_scalar_int3_p98_k8,9,True,1.0,0.007074420451514185,0.36644888100764683
1,128,transformer.h.4.attn.c_attn.weight,structural_int4_k8,9,True,1.0,0.003969233998745492,0.2780160925948083
1,128,transformer.h.4.attn.c_attn.weight,structural_vq64_int3_k8,9,True,1.0,0.003845198323140342,0.27791674461872085
1,128,transformer.h.4.attn.c_proj.weight,direct_scalar_int4,9,True,1.0,0.029721842564561785,0.5275960393475849
1,128,transformer.h.4.attn.c_proj.weight,structural_scalar_int3_p98_k8,9,True,1.0,0.008333183194741745,0.38746637902870207
1,128,transformer.h.4.attn.c_proj.weight,structural_int4_k8,9,True,1.0,0.004703276295602743,0.3016746493759549
1,128,transformer.h.4.attn.c_proj.weight,structural_vq64_int3_k8,9,True,1.0,0.004604471744443339,0.3026410426142573
1,128,transformer.h.4.mlp.w1.weight,direct_scalar_int4,9,True,1.0,0.005018266718043063,0.2815250934446032
1,128,transformer.h.4.mlp.w1.weight,structural_scalar_int3_p98_k8,9,True,1.0,0.002118379199283149,0.18837963735641916
1,128,transformer.h.4.mlp.w1.weight,structural_int4_k8,9,True,1.0,0.0012921865370695285,0.12944234624337247
1,128,transformer.h.4.mlp.w1.weight,structural_vq64_int3_k8,9,True,1.0,0.0013027916223995462,0.13583064953643742
1,128,transformer.h.4.mlp.w2.weight,direct_scalar_int4,9,True,1.0,0.005009586147834089,0.2806656010776858
1,128,transformer.h.4.mlp.w2.weight,structural_scalar_int3_p98_k8,9,True,1.0,0.002230648030319249,0.19413208996293851
1,128,transformer.h.4.mlp.w2.weight,structural_int4_k8,9,True,1.0,0.0013627134156294352,0.134688106541745
1,128,transformer.h.4.mlp.w2.weight,structural_vq64_int3_k8,9,True,1.0,0.0013817025407230066,0.1413456407660193
1,128,transformer.h.4.mlp.c_proj.weight,direct_scalar_int4,9,True,1.0,0.004967046887995319,0.28285319025206246
1,128,transformer.h.4.mlp.c_proj.weight,structural_scalar_int3_p98_k8,9,True,1.0,0.0018791616533767597,0.17080542543355548
1,128,transformer.h.4.mlp.c_proj.weight,structural_int4_k8,9,True,1.0,0.0014211241178768708,0.13626255719769276
1,128,transformer.h.4.mlp.c_proj.weight,structural_vq64_int3_k8,9,True,1.0,0.0012130642345077325,0.12667682550856374
1,128,transformer.h.5.attn.c_attn.weight,direct_scalar_int4,9,True,1.0,0.03606872606211142,0.5553066622574961
1,128,transformer.h.5.attn.c_attn.weight,structural_scalar_int3_p98_k8,9,True,1.0,0.006308871455180554,0.3588639557856269
1,128,transformer.h.5.attn.c_attn.weight,structural_int4_k8,9,True,1.0,0.0035349100297427105,0.26698600247187365
1,128,transformer.h.5.attn.c_attn.weight,structural_vq64_int3_k8,9,True,1.0,0.0033882979517826373,0.2629468652776351
1,128,transformer.h.5.attn.c_proj.weight,direct_scalar_int4,9,True,1.0,0.03543971105352295,0.5661790843816894
1,128,transformer.h.5.attn.c_proj.weight,structural_scalar_int3_p98_k8,9,True,1.0,0.006676946105038883,0.36776087149251546
1,128,transformer.h.5.attn.c_proj.weight,structural_int4_k8,9,True,1.0,0.0038183147379688975,0.2782903628231932
1,128,transformer.h.5.attn.c_proj.weight,structural_vq64_int3_k8,9,True,1.0,0.003626182765999908,0.2721591738329442
1,128,transformer.h.5.mlp.w1.weight,direct_scalar_int4,9,True,1.0,0.005358956674260784,0.28917895683437067
1,128,transformer.h.5.mlp.w1.weight,structural_scalar_int3_p98_k8,9,True,1.0,0.0023084074614490024,0.19808171791186358
1,128,transformer.h.5.mlp.w1.weight,structural_int4_k8,9,True,1.0,0.0013876649197753776,0.13587685829275253
1,128,transformer.h.5.mlp.w1.weight,structural_vq64_int3_k8,9,True,1.0,0.0013911420896823845,0.1421239370184202
1,128,transformer.h.5.mlp.w2.weight,direct_scalar_int4,9,True,1.0,0.005317298467577336,0.2870270807833186
1,128,transformer.h.5.mlp.w2.weight,structural_scalar_int3_p98_k8,9,True,1.0,0.002305227238353025,0.1969307634298212
1,128,transformer.h.5.mlp.w2.weight,structural_int4_k8,9,True,1.0,0.001419308215603432,0.13820737832189445
1,128,transformer.h.5.mlp.w2.weight,structural_vq64_int3_k8,9,True,1.0,0.0014005097874197903,0.14286978492907298
1,128,transformer.h.5.mlp.c_proj.weight,direct_scalar_int4,9,True,1.0,0.004637326224877669,0.2685544788468711
1,128,transformer.h.5.mlp.c_proj.weight,structural_scalar_int3_p98_k8,9,True,1.0,0.0017598012348362113,0.16274676265456534
1,128,transformer.h.5.mlp.c_proj.weight,structural_int4_k8,9,True,1.0,0.0012728954930271152,0.12420425869609408
1,128,transformer.h.5.mlp.c_proj.weight,structural_vq64_int3_k8,9,True,1.0,0.0010983787289734481,0.11589836514967078
1,512,transformer.h.0.attn.c_attn.weight,direct_scalar_int4,9,True,1.0,0.011921927388720222,0.4088654769529556
1,512,transformer.h.0.attn.c_attn.weight,structural_scalar_int3_p98_k8,9,True,1.0,0.005220199089512434,0.31002738526229323
1,512,transformer.h.0.attn.c_attn.weight,structural_int4_k8,9,True,1.0,0.002889079060634736,0.224362553832401
1,512,transformer.h.0.attn.c_attn.weight,structural_vq64_int3_k8,9,True,1.0,0.002827624869335743,0.22602715911639248
1,512,transformer.h.0.attn.c_proj.weight,direct_scalar_int4,9,True,1.0,0.01641423323814839,0.44957501706675007
1,512,transformer.h.0.attn.c_proj.weight,structural_scalar_int3_p98_k8,9,True,1.0,0.0068084521073171755,0.3506208133456383
1,512,transformer.h.0.attn.c_proj.weight,structural_int4_k8,9,True,1.0,0.003943993104401411,0.2683323230339696
1,512,transformer.h.0.attn.c_proj.weight,structural_vq64_int3_k8,9,True,1.0,0.0037212815084806117,0.2654221334477602
1,512,transformer.h.0.mlp.w1.weight,direct_scalar_int4,9,True,1.0,0.0006481123307137127,0.07672096165539621
1,512,transformer.h.0.mlp.w1.weight,structural_scalar_int3_p98_k8,9,True,1.0,0.0005160608656237242,0.06632806312753259
1,512,transformer.h.0.mlp.w1.weight,structural_int4_k8,9,True,1.0,0.0003139401456146995,0.039940962317030815
1,512,transformer.h.0.mlp.w1.weight,structural_vq64_int3_k8,9,True,1.0,0.0003074754991544415,0.04146064600510602
1,512,transformer.h.0.mlp.w2.weight,direct_scalar_int4,9,True,1.0,0.0006474270062825083,0.07688065963754775
1,512,transformer.h.0.mlp.w2.weight,structural_scalar_int3_p98_k8,9,True,1.0,0.0005262996159849376,0.06756072057366791
1,512,transformer.h.0.mlp.w2.weight,structural_int4_k8,9,True,1.0,0.0003204672172344436,0.04080057017892569
1,512,transformer.h.0.mlp.w2.weight,structural_vq64_int3_k8,9,True,1.0,0.0003177946260460862,0.0426164434542482
1,512,transformer.h.0.mlp.c_proj.weight,direct_scalar_int4,9,True,1.0,0.0012534324111153072,0.13119953370282111
1,512,transformer.h.0.mlp.c_proj.weight,structural_scalar_int3_p98_k8,9,True,1.0,0.0007773251272769066,0.09270290633038913
1,512,transformer.h.0.mlp.c_proj.weight,structural_int4_k8,9,True,1.0,0.0005475104886496496,0.06487739152486427
1,512,transformer.h.0.mlp.c_proj.weight,structural_vq64_int3_k8,9,True,1.0,0.00047808263816606633,0.06128869170849782
1,512,transformer.h.1.attn.c_attn.weight,direct_scalar_int4,9,True,1.0,0.01668847647561067,0.44346662792709823
1,512,transformer.h.1.attn.c_attn.weight,structural_scalar_int3_p98_k8,9,True,1.0,0.0073844487273653225,0.35399907108346385
1,512,transformer.h.1.attn.c_attn.weight,structural_int4_k8,9,True,1.0,0.003993765898823054,0.2656547019264416
1,512,transformer.h.1.attn.c_attn.weight,structural_vq64_int3_k8,9,True,1.0,0.003927665110159073,0.26969504094567387
1,512,transformer.h.1.attn.c_proj.weight,direct_scalar_int4,9,True,1.0,0.020522508442524012,0.4720777992308117
1,512,transformer.h.1.attn.c_proj.weight,structural_scalar_int3_p98_k8,9,True,1.0,0.008458648552057801,0.3809172473078609
1,512,transformer.h.1.attn.c_proj.weight,structural_int4_k8,9,True,1.0,0.004724528632081615,0.29668498547005995
1,512,transformer.h.1.attn.c_proj.weight,structural_vq64_int3_k8,9,True,1.0,0.004541235047931247,0.2941388236784631
1,512,transformer.h.1.mlp.w1.weight,direct_scalar_int4,9,True,1.0,0.0007710155736476709,0.08807549548315097
1,512,transformer.h.1.mlp.w1.weight,structural_scalar_int3_p98_k8,9,True,1.0,0.0006517017010663206,0.08072991924464135
1,512,transformer.h.1.mlp.w1.weight,structural_int4_k8,9,True,1.0,0.0004021164673149169,0.04970876245816602
1,512,transformer.h.1.mlp.w1.weight,structural_vq64_int3_k8,9,True,1.0,0.0003979925504965509,0.052662174583747
1,512,transformer.h.1.mlp.w2.weight,direct_scalar_int4,9,True,1.0,0.0008498118918472963,0.09467765169006426
1,512,transformer.h.1.mlp.w2.weight,structural_scalar_int3_p98_k8,9,True,1.0,0.0006895051132440599,0.0842051592899341
1,512,transformer.h.1.mlp.w2.weight,structural_int4_k8,9,True,1.0,0.0004272276602703684,0.051975768553104595
1,512,transformer.h.1.mlp.w2.weight,structural_vq64_int3_k8,9,True,1.0,0.0004301652118720023,0.05609413016971909
1,512,transformer.h.1.mlp.c_proj.weight,direct_scalar_int4,9,True,1.0,0.0010458097449380643,0.11307070885563997
1,512,transformer.h.1.mlp.c_proj.weight,structural_scalar_int3_p98_k8,9,True,1.0,0.0008238695681729302,0.09796265371221358
1,512,transformer.h.1.mlp.c_proj.weight,structural_int4_k8,9,True,1.0,0.0005858255859961803,0.06941923731049426
1,512,transformer.h.1.mlp.c_proj.weight,structural_vq64_int3_k8,9,True,1.0,0.0005190140023124679,0.06655257763739142
1,512,transformer.h.2.attn.c_attn.weight,direct_scalar_int4,9,True,1.0,0.021076786162543826,0.47963572504650986
1,512,transformer.h.2.attn.c_attn.weight,structural_scalar_int3_p98_k8,9,True,1.0,0.00825877264675734,0.3769368972659449
1,512,transformer.h.2.attn.c_attn.weight,structural_int4_k8,9,True,1.0,0.004607445721606651,0.2881886750172
1,512,transformer.h.2.attn.c_attn.weight,structural_vq64_int3_k8,9,True,1.0,0.004467273485212031,0.2904824511781955
1,512,transformer.h.2.attn.c_proj.weight,direct_scalar_int4,9,True,1.0,0.022461650168885794,0.48520704743467147
1,512,transformer.h.2.attn.c_proj.weight,structural_scalar_int3_p98_k8,9,True,1.0,0.009757359331704185,0.39540424993531553
1,512,transformer.h.2.attn.c_proj.weight,structural_int4_k8,9,True,1.0,0.005431217712517755,0.3189132014991296
1,512,transformer.h.2.attn.c_proj.weight,structural_vq64_int3_k8,9,True,1.0,0.005225762081366492,0.31477639261950574
1,512,transformer.h.2.mlp.w1.weight,direct_scalar_int4,9,True,1.0,0.0009625139045351672,0.10226446444123372
1,512,transformer.h.2.mlp.w1.weight,structural_scalar_int3_p98_k8,9,True,1.0,0.000846060130883064,0.09717126746452842
1,512,transformer.h.2.mlp.w1.weight,structural_int4_k8,9,True,1.0,0.0005192765590958937,0.060976216251509396
1,512,transformer.h.2.mlp.w1.weight,structural_vq64_int3_k8,9,True,1.0,0.0005188254498340594,0.06478550619019574
1,512,transformer.h.2.mlp.w2.weight,direct_scalar_int4,9,True,1.0,0.0010605227423212682,0.10887060609286914
1,512,transformer.h.2.mlp.w2.weight,structural_scalar_int3_p98_k8,9,True,1.0,0.0009113382097969414,0.10154080364757401
1,512,transformer.h.2.mlp.w2.weight,structural_int4_k8,9,True,1.0,0.0005637399196383175,0.06486703281444972
1,512,transformer.h.2.mlp.w2.weight,structural_vq64_int3_k8,9,True,1.0,0.0005684882141160363,0.06913639792659265
1,512,transformer.h.2.mlp.c_proj.weight,direct_scalar_int4,9,True,1.0,0.0010738976901839559,0.11461227193360046
1,512,transformer.h.2.mlp.c_proj.weight,structural_scalar_int3_p98_k8,9,True,1.0,0.0008445220648071183,0.09967647938655344
1,512,transformer.h.2.mlp.c_proj.weight,structural_int4_k8,9,True,1.0,0.0005869768696372679,0.06876687380077229
1,512,transformer.h.2.mlp.c_proj.weight,structural_vq64_int3_k8,9,True,1.0,0.0005410774020109255,0.068316590473666
1,512,transformer.h.3.attn.c_attn.weight,direct_scalar_int4,9,True,1.0,0.022613672748602598,0.4823132993735172
1,512,transformer.h.3.attn.c_attn.weight,structural_scalar_int3_p98_k8,9,True,1.0,0.00853369286987693,0.3789551230115452
1,512,transformer.h.3.attn.c_attn.weight,structural_int4_k8,9,True,1.0,0.004749703903406566,0.29483372755893456
1,512,transformer.h.3.attn.c_attn.weight,structural_vq64_int3_k8,9,True,1.0,0.00465537564077112,0.29584012357254574
1,512,transformer.h.3.attn.c_proj.weight,direct_scalar_int4,9,True,1.0,0.023713641475113567,0.4932152899711668
1,512,transformer.h.3.attn.c_proj.weight,structural_scalar_int3_p98_k8,9,True,1.0,0.0100722448783368,0.40533206199918825
1,512,transformer.h.3.attn.c_proj.weight,structural_int4_k8,9,True,1.0,0.005574083633673399,0.32433054958518015
1,512,transformer.h.3.attn.c_proj.weight,structural_vq64_int3_k8,9,True,1.0,0.0054208770479518,0.3241983915046688
1,512,transformer.h.3.mlp.w1.weight,direct_scalar_int4,9,True,1.0,0.0012525532250252658,0.1199079339616963
1,512,transformer.h.3.mlp.w1.weight,structural_scalar_int3_p98_k8,9,True,1.0,0.0010752124304315158,0.11293946480419192
1,512,transformer.h.3.mlp.w1.weight,structural_int4_k8,9,True,1.0,0.0006680051577950818,0.07344281186798962
1,512,transformer.h.3.mlp.w1.weight,structural_vq64_int3_k8,9,True,1.0,0.0006551166004747921,0.0765420362011574
1,512,transformer.h.3.mlp.w2.weight,direct_scalar_int4,9,True,1.0,0.0012761155087075426,0.12094248285520981
1,512,transformer.h.3.mlp.w2.weight,structural_scalar_int3_p98_k8,9,True,1.0,0.0011145692919444228,0.11583720365361727
1,512,transformer.h.3.mlp.w2.weight,structural_int4_k8,9,True,1.0,0.000699843932980504,0.07558822295114731
1,512,transformer.h.3.mlp.w2.weight,structural_vq64_int3_k8,9,True,1.0,0.0006973185817462646,0.0807077764741011
1,512,transformer.h.3.mlp.c_proj.weight,direct_scalar_int4,9,True,1.0,0.001162545022964645,0.12382016315459621
1,512,transformer.h.3.mlp.c_proj.weight,structural_scalar_int3_p98_k8,9,True,1.0,0.0008282183866221704,0.09875814822590057
1,512,transformer.h.3.mlp.c_proj.weight,structural_int4_k8,9,True,1.0,0.0006034697780693543,0.07108709172016126
1,512,transformer.h.3.mlp.c_proj.weight,structural_vq64_int3_k8,9,True,1.0,0.0005253719486876252,0.06736967713720765
1,512,transformer.h.4.attn.c_attn.weight,direct_scalar_int4,9,True,1.0,0.02646472662066124,0.511102666532449
1,512,transformer.h.4.attn.c_attn.weight,structural_scalar_int3_p98_k8,9,True,1.0,0.009596824218490507,0.40311792695201587
1,512,transformer.h.4.attn.c_attn.weight,structural_int4_k8,9,True,1.0,0.00527160856800879,0.3147776252280843
1,512,transformer.h.4.attn.c_attn.weight,structural_vq64_int3_k8,9,True,1.0,0.005209397707277685,0.3193034776733529
1,512,transformer.h.4.attn.c_proj.weight,direct_scalar_int4,9,True,1.0,0.02269923598807244,0.4888861836968672
1,512,transformer.h.4.attn.c_proj.weight,structural_scalar_int3_p98_k8,9,True,1.0,0.01059955234419474,0.40796986868849583
1,512,transformer.h.4.attn.c_proj.weight,structural_int4_k8,9,True,1.0,0.005939044673596516,0.3271358033912597
1,512,transformer.h.4.attn.c_proj.weight,structural_vq64_int3_k8,9,True,1.0,0.005757512850761426,0.32991926552359974
1,512,transformer.h.4.mlp.w1.weight,direct_scalar_int4,9,True,1.0,0.0015895531550340625,0.1374162030546563
1,512,transformer.h.4.mlp.w1.weight,structural_scalar_int3_p98_k8,9,True,1.0,0.0013618571965897663,0.12956499899508644
1,512,transformer.h.4.mlp.w1.weight,structural_int4_k8,9,True,1.0,0.0008371215992249992,0.0863243994674272
1,512,transformer.h.4.mlp.w1.weight,structural_vq64_int3_k8,9,True,1.0,0.000828715412233727,0.09024712768606491
1,512,transformer.h.4.mlp.w2.weight,direct_scalar_int4,9,True,1.0,0.001731156358284358,0.14554214931473386
1,512,transformer.h.4.mlp.w2.weight,structural_scalar_int3_p98_k8,9,True,1.0,0.0014321731776572033,0.13383694422108938
1,512,transformer.h.4.mlp.w2.weight,structural_int4_k8,9,True,1.0,0.0008919800367691577,0.09069531687826926
1,512,transformer.h.4.mlp.w2.weight,structural_vq64_int3_k8,9,True,1.0,0.0008933242540350994,0.09506808758132601
1,512,transformer.h.4.mlp.c_proj.weight,direct_scalar_int4,9,True,1.0,0.0016436041821870084,0.15769849355361498
1,512,transformer.h.4.mlp.c_proj.weight,structural_scalar_int3_p98_k8,9,True,1.0,0.0008452655276496301,0.09769695196485495
1,512,transformer.h.4.mlp.c_proj.weight,structural_int4_k8,9,True,1.0,0.0006121361283539795,0.07112062179879608
1,512,transformer.h.4.mlp.c_proj.weight,structural_vq64_int3_k8,9,True,1.0,0.0005356744086489895,0.06649279101499739
1,512,transformer.h.5.attn.c_attn.weight,direct_scalar_int4,9,True,1.0,0.027221083179766015,0.5078684175561327
1,512,transformer.h.5.attn.c_attn.weight,structural_scalar_int3_p98_k8,9,True,1.0,0.010771732730843642,0.41194029688565426
1,512,transformer.h.5.attn.c_attn.weight,structural_int4_k8,9,True,1.0,0.006100504585046407,0.3314899264337142
1,512,transformer.h.5.attn.c_attn.weight,structural_vq64_int3_k8,9,True,1.0,0.005842729316284712,0.3293482842089068
1,512,transformer.h.5.attn.c_proj.weight,direct_scalar_int4,9,True,1.0,0.02533898701953441,0.5065505086398326
1,512,transformer.h.5.attn.c_proj.weight,structural_scalar_int3_p98_k8,9,True,1.0,0.009791578563165593,0.40601063665662607
1,512,transformer.h.5.attn.c_proj.weight,structural_int4_k8,9,True,1.0,0.0055475065248765665,0.32049117512868364
1,512,transformer.h.5.attn.c_proj.weight,structural_vq64_int3_k8,9,True,1.0,0.005335982416205365,0.3219955613074571
1,512,transformer.h.5.mlp.w1.weight,direct_scalar_int4,9,True,1.0,0.0021283145796232583,0.16585147549828416
1,512,transformer.h.5.mlp.w1.weight,structural_scalar_int3_p98_k8,9,True,1.0,0.001618556784688585,0.14468556626167894
1,512,transformer.h.5.mlp.w1.weight,structural_int4_k8,9,True,1.0,0.0009980606905052314,0.09958640977637112
1,512,transformer.h.5.mlp.w1.weight,structural_vq64_int3_k8,9,True,1.0,0.0009713473754603408,0.10153863008344388
1,512,transformer.h.5.mlp.w2.weight,direct_scalar_int4,9,True,1.0,0.0021097979153046342,0.1620241497218432
1,512,transformer.h.5.mlp.w2.weight,structural_scalar_int3_p98_k8,9,True,1.0,0.001644007072619802,0.14500073696957738
1,512,transformer.h.5.mlp.w2.weight,structural_int4_k8,9,True,1.0,0.0010145965092849263,0.09941232765777652
1,512,transformer.h.5.mlp.w2.weight,structural_vq64_int3_k8,9,True,1.0,0.0009998890873953448,0.1028734277901886
1,512,transformer.h.5.mlp.c_proj.weight,direct_scalar_int4,9,True,1.0,0.0019022045693896095,0.16791359471807943
1,512,transformer.h.5.mlp.c_proj.weight,structural_scalar_int3_p98_k8,9,True,1.0,0.000878207379110929,0.0994151073609062
1,512,transformer.h.5.mlp.c_proj.weight,structural_int4_k8,9,True,1.0,0.000619251851995184,0.07027889306320345
1,512,transformer.h.5.mlp.c_proj.weight,structural_vq64_int3_k8,9,True,1.0,0.0005422285864431498,0.06659109404042396
1,1024,transformer.h.0.attn.c_attn.weight,direct_scalar_int4,9,True,1.0,0.012409010111037344,0.4094613942492109
1,1024,transformer.h.0.attn.c_attn.weight,structural_scalar_int3_p98_k8,9,True,1.0,0.005687228447725179,0.31909715507634184
1,1024,transformer.h.0.attn.c_attn.weight,structural_int4_k8,9,True,1.0,0.0031196233737399437,0.23142955193699866
1,1024,transformer.h.0.attn.c_attn.weight,structural_vq64_int3_k8,9,True,1.0,0.0030844844981438024,0.23757520066676552
1,1024,transformer.h.0.attn.c_proj.weight,direct_scalar_int4,9,True,1.0,0.015652682923434247,0.44420101446794735
1,1024,transformer.h.0.attn.c_proj.weight,structural_scalar_int3_p98_k8,9,True,1.0,0.0073208199112707595,0.3583489729718926
1,1024,transformer.h.0.attn.c_proj.weight,structural_int4_k8,9,True,1.0,0.004080176172316707,0.2707760753390053
1,1024,transformer.h.0.attn.c_proj.weight,structural_vq64_int3_k8,9,True,1.0,0.003939587079773821,0.2744051766373371
1,1024,transformer.h.0.mlp.w1.weight,direct_scalar_int4,9,True,1.0,0.0006585454127627788,0.07768175849648495
1,1024,transformer.h.0.mlp.w1.weight,structural_scalar_int3_p98_k8,9,True,1.0,0.0005137035588799188,0.06626611200918142
1,1024,transformer.h.0.mlp.w1.weight,structural_int4_k8,9,True,1.0,0.0003122544674838412,0.03976652816594506
1,1024,transformer.h.0.mlp.w1.weight,structural_vq64_int3_k8,9,True,1.0,0.0003083693801441134,0.04162422640775343
1,1024,transformer.h.0.mlp.w2.weight,direct_scalar_int4,9,True,1.0,0.0006444428519012391,0.07645918661650297
1,1024,transformer.h.0.mlp.w2.weight,structural_scalar_int3_p98_k8,9,True,1.0,0.0005219275269896517,0.06732360714226682
1,1024,transformer.h.0.mlp.w2.weight,structural_int4_k8,9,True,1.0,0.00031452651630314854,0.039938161063795996
1,1024,transformer.h.0.mlp.w2.weight,structural_vq64_int3_k8,9,True,1.0,0.0003143432049522721,0.04231727009084374
1,1024,transformer.h.0.mlp.c_proj.weight,direct_scalar_int4,9,True,1.0,0.0011756203872299587,0.1238362689222745
1,1024,transformer.h.0.mlp.c_proj.weight,structural_scalar_int3_p98_k8,9,True,1.0,0.0007955896836926435,0.09463691329746016
1,1024,transformer.h.0.mlp.c_proj.weight,structural_int4_k8,9,True,1.0,0.0005637860981574372,0.0666333933055201
1,1024,transformer.h.0.mlp.c_proj.weight,structural_vq64_int3_k8,9,True,1.0,0.0004928559083894335,0.0627338947539311
1,1024,transformer.h.1.attn.c_attn.weight,direct_scalar_int4,9,True,1.0,0.016870034591240257,0.4419063254286336
1,1024,transformer.h.1.attn.c_attn.weight,structural_scalar_int3_p98_k8,9,True,1.0,0.007383677004075384,0.35201436437591127
1,1024,transformer.h.1.attn.c_attn.weight,structural_int4_k8,9,True,1.0,0.004103570496627129,0.27036816819976206
1,1024,transformer.h.1.attn.c_attn.weight,structural_vq64_int3_k8,9,True,1.0,0.0039794469346242645,0.2720888433336929
1,1024,transformer.h.1.attn.c_proj.weight,direct_scalar_int4,9,True,1.0,0.023224919638466734,0.48703717272773306
1,1024,transformer.h.1.attn.c_proj.weight,structural_scalar_int3_p98_k8,9,True,1.0,0.008128242830491739,0.37716568845946297
1,1024,transformer.h.1.attn.c_proj.weight,structural_int4_k8,9,True,1.0,0.004551401753188911,0.2903946650728728
1,1024,transformer.h.1.attn.c_proj.weight,structural_vq64_int3_k8,9,True,1.0,0.004423769273734446,0.2926226829677875
1,1024,transformer.h.1.mlp.w1.weight,direct_scalar_int4,9,True,1.0,0.0009565527215396052,0.10206845699108102
1,1024,transformer.h.1.mlp.w1.weight,structural_scalar_int3_p98_k8,9,True,1.0,0.0006989524985778761,0.08412323915104503
1,1024,transformer.h.1.mlp.w1.weight,structural_int4_k8,9,True,1.0,0.0004297546071403424,0.05216255144760906
1,1024,transformer.h.1.mlp.w1.weight,structural_vq64_int3_k8,9,True,1.0,0.00043724667689404306,0.0561976660495187
1,1024,transformer.h.1.mlp.w2.weight,direct_scalar_int4,9,True,1.0,0.000976917456611659,0.10399906636498613
1,1024,transformer.h.1.mlp.w2.weight,structural_scalar_int3_p98_k8,9,True,1.0,0.000715265792179065,0.08511739162370635
1,1024,transformer.h.1.mlp.w2.weight,structural_int4_k8,9,True,1.0,0.0004402585786721369,0.05275718675433938
1,1024,transformer.h.1.mlp.w2.weight,structural_vq64_int3_k8,9,True,1.0,0.00044941966852429793,0.05735089239814972
1,1024,transformer.h.1.mlp.c_proj.weight,direct_scalar_int4,9,True,1.0,0.0012158007628002565,0.12594010866185057
1,1024,transformer.h.1.mlp.c_proj.weight,structural_scalar_int3_p98_k8,9,True,1.0,0.0008608369117228953,0.09917162840822757
1,1024,transformer.h.1.mlp.c_proj.weight,structural_int4_k8,9,True,1.0,0.0006154847242069161,0.07128790732855594
1,1024,transformer.h.1.mlp.c_proj.weight,structural_vq64_int3_k8,9,True,1.0,0.0005459523817255008,0.06829418777851826
1,1024,transformer.h.2.attn.c_attn.weight,direct_scalar_int4,9,True,1.0,0.025324832346241832,0.4778979039423734
1,1024,transformer.h.2.attn.c_attn.weight,structural_scalar_int3_p98_k8,9,True,1.0,0.004481415333969729,0.30289744172513533
1,1024,transformer.h.2.attn.c_attn.weight,structural_int4_k8,9,True,1.0,0.002469104154847246,0.21300343538571198
1,1024,transformer.h.2.attn.c_attn.weight,structural_vq64_int3_k8,9,True,1.0,0.0024071830162597507,0.21396402812473703
1,1024,transformer.h.2.attn.c_proj.weight,direct_scalar_int4,9,True,1.0,0.020591178828814116,0.4726839607050183
1,1024,transformer.h.2.attn.c_proj.weight,structural_scalar_int3_p98_k8,9,True,1.0,0.006350609112484085,0.35446844809038336
1,1024,transformer.h.2.attn.c_proj.weight,structural_int4_k8,9,True,1.0,0.0045196271971544855,0.2937208821523205
1,1024,transformer.h.2.attn.c_proj.weight,structural_vq64_int3_k8,9,True,1.0,0.0035374593392762943,0.26771592215524376
1,1024,transformer.h.2.mlp.w1.weight,direct_scalar_int4,9,True,1.0,0.0010538119616697594,0.10666288273819335
1,1024,transformer.h.2.mlp.w1.weight,structural_scalar_int3_p98_k8,9,True,1.0,0.0008775963123135444,0.0985658241262336
1,1024,transformer.h.2.mlp.w1.weight,structural_int4_k8,9,True,1.0,0.0005427758281606465,0.06280248485824702
1,1024,transformer.h.2.mlp.w1.weight,structural_vq64_int3_k8,9,True,1.0,0.000539395897294459,0.06608495375311052
1,1024,transformer.h.2.mlp.w2.weight,direct_scalar_int4,9,True,1.0,0.0011661315199136268,0.11436053994408879
1,1024,transformer.h.2.mlp.w2.weight,structural_scalar_int3_p98_k8,9,True,1.0,0.0009541896582282439,0.10363694199582496
1,1024,transformer.h.2.mlp.w2.weight,structural_int4_k8,9,True,1.0,0.0005872254821236433,0.06666814490538486
1,1024,transformer.h.2.mlp.w2.weight,structural_vq64_int3_k8,9,True,1.0,0.0005979505668147755,0.07159447114728168
1,1024,transformer.h.2.mlp.c_proj.weight,direct_scalar_int4,9,True,1.0,0.000877670664837571,0.0989887714532055
1,1024,transformer.h.2.mlp.c_proj.weight,structural_scalar_int3_p98_k8,9,True,1.0,0.0008001167506168638,0.09620303517458795
1,1024,transformer.h.2.mlp.c_proj.weight,structural_int4_k8,9,True,1.0,0.0005488945825634639,0.06564286510267858
1,1024,transformer.h.2.mlp.c_proj.weight,structural_vq64_int3_k8,9,True,1.0,0.0005097564886844541,0.06545468642473029
1,1024,transformer.h.3.attn.c_attn.weight,direct_scalar_int4,9,True,1.0,0.022483759572068274,0.48055022925155366
1,1024,transformer.h.3.attn.c_attn.weight,structural_scalar_int3_p98_k8,9,True,1.0,0.008316329872248618,0.3715891013531589
1,1024,transformer.h.3.attn.c_attn.weight,structural_int4_k8,9,True,1.0,0.00469738360226335,0.2898828835517063
1,1024,transformer.h.3.attn.c_attn.weight,structural_vq64_int3_k8,9,True,1.0,0.0045351735876342225,0.28822065992330326
1,1024,transformer.h.3.attn.c_proj.weight,direct_scalar_int4,9,True,1.0,0.021619461325689482,0.4751819822640486
1,1024,transformer.h.3.attn.c_proj.weight,structural_scalar_int3_p98_k8,9,True,1.0,0.008374556910176523,0.3813137269448441
1,1024,transformer.h.3.attn.c_proj.weight,structural_int4_k8,9,True,1.0,0.004690221159126984,0.2933322421497526
1,1024,transformer.h.3.attn.c_proj.weight,structural_vq64_int3_k8,9,True,1.0,0.00455615120484687,0.2972818636029302
1,1024,transformer.h.3.mlp.w1.weight,direct_scalar_int4,9,True,1.0,0.0012489851342664116,0.1188527564451356
1,1024,transformer.h.3.mlp.w1.weight,structural_scalar_int3_p98_k8,9,True,1.0,0.0010471617126324162,0.10862850849337935
1,1024,transformer.h.3.mlp.w1.weight,structural_int4_k8,9,True,1.0,0.000640989743514675,0.07059622402253629
1,1024,transformer.h.3.mlp.w1.weight,structural_vq64_int3_k8,9,True,1.0,0.0006443263331159521,0.07505788243904188
1,1024,transformer.h.3.mlp.w2.weight,direct_scalar_int4,9,True,1.0,0.0013204661774791626,0.1223340122029325
1,1024,transformer.h.3.mlp.w2.weight,structural_scalar_int3_p98_k8,9,True,1.0,0.0010849523267064676,0.11161602573403384
1,1024,transformer.h.3.mlp.w2.weight,structural_int4_k8,9,True,1.0,0.0006738526885600171,0.07322240984036299
1,1024,transformer.h.3.mlp.w2.weight,structural_vq64_int3_k8,9,True,1.0,0.0006740127229797332,0.07745729199439921
1,1024,transformer.h.3.mlp.c_proj.weight,direct_scalar_int4,9,True,1.0,0.0009997333657646434,0.11076482429177925
1,1024,transformer.h.3.mlp.c_proj.weight,structural_scalar_int3_p98_k8,9,True,1.0,0.0007807691044987575,0.09470059806293063
1,1024,transformer.h.3.mlp.c_proj.weight,structural_int4_k8,9,True,1.0,0.0005618285443551585,0.06757580132487506
1,1024,transformer.h.3.mlp.c_proj.weight,structural_vq64_int3_k8,9,True,1.0,0.000500405354758704,0.0648667125710628
1,1024,transformer.h.4.attn.c_attn.weight,direct_scalar_int4,9,True,1.0,0.018478309488346945,0.46562843210017035
1,1024,transformer.h.4.attn.c_attn.weight,structural_scalar_int3_p98_k8,9,True,1.0,0.006862132504858565,0.35942826360998237
1,1024,transformer.h.4.attn.c_attn.weight,structural_int4_k8,9,True,1.0,0.003913153749226739,0.2720833293357813
1,1024,transformer.h.4.attn.c_attn.weight,structural_vq64_int3_k8,9,True,1.0,0.003746547258657751,0.2717469015979319
1,1024,transformer.h.4.attn.c_proj.weight,direct_scalar_int4,9,True,1.0,0.01958106614905486,0.46104072319787615
1,1024,transformer.h.4.attn.c_proj.weight,structural_scalar_int3_p98_k8,9,True,1.0,0.006729448505779501,0.3534204575302913
1,1024,transformer.h.4.attn.c_proj.weight,structural_int4_k8,9,True,1.0,0.00471406732180546,0.2985589568001259
1,1024,transformer.h.4.attn.c_proj.weight,structural_vq64_int3_k8,9,True,1.0,0.0036911473668569394,0.27047786832424336
1,1024,transformer.h.4.mlp.w1.weight,direct_scalar_int4,9,True,1.0,0.00121124884294177,0.1153466043477196
1,1024,transformer.h.4.mlp.w1.weight,structural_scalar_int3_p98_k8,9,True,1.0,0.001132858418344762,0.11503992933661233
1,1024,transformer.h.4.mlp.w1.weight,structural_int4_k8,9,True,1.0,0.0007110140134848342,0.07592224977886275
1,1024,transformer.h.4.mlp.w1.weight,structural_vq64_int3_k8,9,True,1.0,0.0006880906330937187,0.0789143211907134
1,1024,transformer.h.4.mlp.w2.weight,direct_scalar_int4,9,True,1.0,0.0013356054995620203,0.1233547747108319
1,1024,transformer.h.4.mlp.w2.weight,structural_scalar_int3_p98_k8,9,True,1.0,0.0012244850548518427,0.12048515610677502
1,1024,transformer.h.4.mlp.w2.weight,structural_int4_k8,9,True,1.0,0.0007611948999890483,0.08024535772097074
1,1024,transformer.h.4.mlp.w2.weight,structural_vq64_int3_k8,9,True,1.0,0.0007585972641197536,0.08399055896279584
1,1024,transformer.h.4.mlp.c_proj.weight,direct_scalar_int4,9,True,1.0,0.0012129907045544952,0.12886711042838306
1,1024,transformer.h.4.mlp.c_proj.weight,structural_scalar_int3_p98_k8,9,True,1.0,0.000725639273885359,0.08811471346394861
1,1024,transformer.h.4.mlp.c_proj.weight,structural_int4_k8,9,True,1.0,0.0005050987142810603,0.06077380104470376
1,1024,transformer.h.4.mlp.c_proj.weight,structural_vq64_int3_k8,9,True,1.0,0.00045371151226680784,0.05891145751501248
1,1024,transformer.h.5.attn.c_attn.weight,direct_scalar_int4,9,True,1.0,0.026015097556845612,0.4929510484086218
1,1024,transformer.h.5.attn.c_attn.weight,structural_scalar_int3_p98_k8,9,True,1.0,0.011949649965199427,0.4144744193317974
1,1024,transformer.h.5.attn.c_attn.weight,structural_int4_k8,9,True,1.0,0.006713713158558732,0.33814662547584295
1,1024,transformer.h.5.attn.c_attn.weight,structural_vq64_int3_k8,9,True,1.0,0.006552191454528455,0.33758963885084514
1,1024,transformer.h.5.attn.c_proj.weight,direct_scalar_int4,9,True,1.0,0.018714531641289,0.4581079238268777
1,1024,transformer.h.5.attn.c_proj.weight,structural_scalar_int3_p98_k8,9,True,1.0,0.009937023788952448,0.3944991875063094
1,1024,transformer.h.5.attn.c_proj.weight,structural_int4_k8,9,True,1.0,0.005671704396007504,0.31844552008847116
1,1024,transformer.h.5.attn.c_proj.weight,structural_vq64_int3_k8,9,True,1.0,0.005382741846094774,0.31595926137501007
1,1024,transformer.h.5.mlp.w1.weight,direct_scalar_int4,9,True,1.0,0.0016612261613093704,0.14201584274568135
1,1024,transformer.h.5.mlp.w1.weight,structural_scalar_int3_p98_k8,9,True,1.0,0.0013969700216559522,0.13053823999028125
1,1024,transformer.h.5.mlp.w1.weight,structural_int4_k8,9,True,1.0,0.0008875932229364114,0.08938669886672346
1,1024,transformer.h.5.mlp.w1.weight,structural_vq64_int3_k8,9,True,1.0,0.0008750740346790131,0.09293440086260041
1,1024,transformer.h.5.mlp.w2.weight,direct_scalar_int4,9,True,1.0,0.0016580212633128255,0.1412449868836232
1,1024,transformer.h.5.mlp.w2.weight,structural_scalar_int3_p98_k8,9,True,1.0,0.001415558301454789,0.13130089818875001
1,1024,transformer.h.5.mlp.w2.weight,structural_int4_k8,9,True,1.0,0.0008877914097658035,0.08933633586072953
1,1024,transformer.h.5.mlp.w2.weight,structural_vq64_int3_k8,9,True,1.0,0.0008719135229674491,0.09290055432249567
1,1024,transformer.h.5.mlp.c_proj.weight,direct_scalar_int4,9,True,1.0,0.001653201044811814,0.1508496946899005
1,1024,transformer.h.5.mlp.c_proj.weight,structural_scalar_int3_p98_k8,9,True,1.0,0.0008135225570563565,0.09439226581632476
1,1024,transformer.h.5.mlp.c_proj.weight,structural_int4_k8,9,True,1.0,0.0005762069260094593,0.06706053591375793
1,1024,transformer.h.5.mlp.c_proj.weight,structural_vq64_int3_k8,9,True,1.0,0.000506965570831075,0.06357233235280157
1,2048,transformer.h.0.attn.c_attn.weight,direct_scalar_int4,9,True,1.0,0.01664395902614224,0.44645420866837593
1,2048,transformer.h.0.attn.c_attn.weight,structural_scalar_int3_p98_k8,9,True,1.0,0.004996902237037415,0.30729894820450754
1,2048,transformer.h.0.attn.c_attn.weight,structural_int4_k8,9,True,1.0,0.0028837770789033046,0.22730526226397618
1,2048,transformer.h.0.attn.c_attn.weight,structural_vq64_int3_k8,9,True,1.0,0.002695133012473372,0.22288568537016962
1,2048,transformer.h.0.attn.c_proj.weight,direct_scalar_int4,9,True,1.0,0.020343874786245553,0.48625750573544935
1,2048,transformer.h.0.attn.c_proj.weight,structural_scalar_int3_p98_k8,9,True,1.0,0.006007023261694222,0.3427742755228236
1,2048,transformer.h.0.attn.c_proj.weight,structural_int4_k8,9,True,1.0,0.0033571445360629504,0.24847722365319513
1,2048,transformer.h.0.attn.c_proj.weight,structural_vq64_int3_k8,9,True,1.0,0.003221944097492102,0.24936083579366974
1,2048,transformer.h.0.mlp.w1.weight,direct_scalar_int4,9,True,1.0,0.0006437542190755874,0.07652532920686705
1,2048,transformer.h.0.mlp.w1.weight,structural_scalar_int3_p98_k8,9,True,1.0,0.0004633421017503636,0.06028541701552714
1,2048,transformer.h.0.mlp.w1.weight,structural_int4_k8,9,True,1.0,0.0002744355192796366,0.03529256158536409
1,2048,transformer.h.0.mlp.w1.weight,structural_vq64_int3_k8,9,True,1.0,0.0002751545707370129,0.03737002936285161
1,2048,transformer.h.0.mlp.w2.weight,direct_scalar_int4,9,True,1.0,0.0006562185837277745,0.07770239690187719
1,2048,transformer.h.0.mlp.w2.weight,structural_scalar_int3_p98_k8,9,True,1.0,0.00047317016677050905,0.06148160179524009
1,2048,transformer.h.0.mlp.w2.weight,structural_int4_k8,9,True,1.0,0.0002867057378737048,0.036556016932326574
1,2048,transformer.h.0.mlp.w2.weight,structural_vq64_int3_k8,9,True,1.0,0.00028316987822241124,0.038344768305278554
1,2048,transformer.h.0.mlp.c_proj.weight,direct_scalar_int4,9,True,1.0,0.0011212036275141113,0.12059742589636169
1,2048,transformer.h.0.mlp.c_proj.weight,structural_scalar_int3_p98_k8,9,True,1.0,0.0006834783187770199,0.08435988071247513
1,2048,transformer.h.0.mlp.c_proj.weight,structural_int4_k8,9,True,1.0,0.0004986084317989414,0.06052440542255477
1,2048,transformer.h.0.mlp.c_proj.weight,structural_vq64_int3_k8,9,True,1.0,0.00042001863016050134,0.05500355582558536
1,2048,transformer.h.1.attn.c_attn.weight,direct_scalar_int4,9,True,1.0,0.0181516415922931,0.44603175578273235
1,2048,transformer.h.1.attn.c_attn.weight,structural_scalar_int3_p98_k8,9,True,1.0,0.006279460072864174,0.3317755896978658
1,2048,transformer.h.1.attn.c_attn.weight,structural_int4_k8,9,True,1.0,0.003579688715901308,0.2507151822236361
1,2048,transformer.h.1.attn.c_attn.weight,structural_vq64_int3_k8,9,True,1.0,0.0034042034474889293,0.250610282397276
1,2048,transformer.h.1.attn.c_proj.weight,direct_scalar_int4,9,True,1.0,0.02587829972719169,0.49805631606403433
1,2048,transformer.h.1.attn.c_proj.weight,structural_scalar_int3_p98_k8,9,True,1.0,0.006190019820260573,0.3453932961939925
1,2048,transformer.h.1.attn.c_proj.weight,structural_int4_k8,9,True,1.0,0.0035186024059908894,0.25975858934954044
1,2048,transformer.h.1.attn.c_proj.weight,structural_vq64_int3_k8,9,True,1.0,0.003360378591394597,0.2562730952270197
1,2048,transformer.h.1.mlp.w1.weight,direct_scalar_int4,9,True,1.0,0.0008923045366980853,0.09734010386608882
1,2048,transformer.h.1.mlp.w1.weight,structural_scalar_int3_p98_k8,9,True,1.0,0.0006074446732592387,0.07493760720172205
1,2048,transformer.h.1.mlp.w1.weight,structural_int4_k8,9,True,1.0,0.00037537968767398233,0.04624463589686745
1,2048,transformer.h.1.mlp.w1.weight,structural_vq64_int3_k8,9,True,1.0,0.00037748970165329965,0.049302717816079755
1,2048,transformer.h.1.mlp.w2.weight,direct_scalar_int4,9,True,1.0,0.0008972862077260002,0.09817156233712143
1,2048,transformer.h.1.mlp.w2.weight,structural_scalar_int3_p98_k8,9,True,1.0,0.0006129491291707589,0.07567750271369389
1,2048,transformer.h.1.mlp.w2.weight,structural_int4_k8,9,True,1.0,0.00037694639985985656,0.04656802500797996
1,2048,transformer.h.1.mlp.w2.weight,structural_vq64_int3_k8,9,True,1.0,0.00038308366726469423,0.049978367606038354
1,2048,transformer.h.1.mlp.c_proj.weight,direct_scalar_int4,9,True,1.0,0.0010536711460669146,0.11445164249856865
1,2048,transformer.h.1.mlp.c_proj.weight,structural_scalar_int3_p98_k8,9,True,1.0,0.0007205025314841462,0.08734929583568574
1,2048,transformer.h.1.mlp.c_proj.weight,structural_int4_k8,9,True,1.0,0.0005056382117564207,0.060782070333254334
1,2048,transformer.h.1.mlp.c_proj.weight,structural_vq64_int3_k8,9,True,1.0,0.00045555766857874325,0.058984223558025795
1,2048,transformer.h.2.attn.c_attn.weight,direct_scalar_int4,9,True,1.0,0.013199474557917146,0.42994898995845454
1,2048,transformer.h.2.attn.c_attn.weight,structural_scalar_int3_p98_k8,9,True,1.0,0.003291315979805143,0.2621050216514069
1,2048,transformer.h.2.attn.c_attn.weight,structural_int4_k8,9,True,1.0,0.0018429369091104153,0.17548017597238286
1,2048,transformer.h.2.attn.c_attn.weight,structural_vq64_int3_k8,9,True,1.0,0.001806200659951851,0.17789764190964674
1,2048,transformer.h.2.attn.c_proj.weight,direct_scalar_int4,9,True,1.0,0.01796854318000629,0.4387079629061391
1,2048,transformer.h.2.attn.c_proj.weight,structural_scalar_int3_p98_k8,9,True,1.0,0.004575887495267383,0.3068559776297186
1,2048,transformer.h.2.attn.c_proj.weight,structural_int4_k8,9,True,1.0,0.003713759126379279,0.266954944881883
1,2048,transformer.h.2.attn.c_proj.weight,structural_vq64_int3_k8,9,True,1.0,0.003097500012489318,0.24882066538562775
1,2048,transformer.h.2.mlp.w1.weight,direct_scalar_int4,9,True,1.0,0.0007882254275664025,0.08785415535228502
1,2048,transformer.h.2.mlp.w1.weight,structural_scalar_int3_p98_k8,9,True,1.0,0.0007490219811397969,0.08880951801444514
1,2048,transformer.h.2.mlp.w1.weight,structural_int4_k8,9,True,1.0,0.0004626231381640311,0.05565194011408625
1,2048,transformer.h.2.mlp.w1.weight,structural_vq64_int3_k8,9,True,1.0,0.00044602852472630516,0.05720386714286585
1,2048,transformer.h.2.mlp.w2.weight,direct_scalar_int4,9,True,1.0,0.0008046794854318362,0.08943576220793492
1,2048,transformer.h.2.mlp.w2.weight,structural_scalar_int3_p98_k8,9,True,1.0,0.0007722754545522736,0.09084936935215515
1,2048,transformer.h.2.mlp.w2.weight,structural_int4_k8,9,True,1.0,0.0004714646771448727,0.056517191567343916
1,2048,transformer.h.2.mlp.w2.weight,structural_vq64_int3_k8,9,True,1.0,0.00047195412119860336,0.060049903270465776
1,2048,transformer.h.2.mlp.c_proj.weight,direct_scalar_int4,9,True,1.0,0.0006240870114290198,0.07453299030676697
1,2048,transformer.h.2.mlp.c_proj.weight,structural_scalar_int3_p98_k8,9,True,1.0,0.0006362921488012319,0.07998723239150918
1,2048,transformer.h.2.mlp.c_proj.weight,structural_int4_k8,9,True,1.0,0.0004198275804433438,0.0521544539921186
1,2048,transformer.h.2.mlp.c_proj.weight,structural_vq64_int3_k8,9,True,1.0,0.0003844789801608073,0.05109417359857271
1,2048,transformer.h.3.attn.c_attn.weight,direct_scalar_int4,9,True,1.0,0.014637984457589015,0.4352088063196551
1,2048,transformer.h.3.attn.c_attn.weight,structural_scalar_int3_p98_k8,9,True,1.0,0.006693569160109103,0.3472472424961457
1,2048,transformer.h.3.attn.c_attn.weight,structural_int4_k8,9,True,1.0,0.0037882445854374724,0.26310932712063884
1,2048,transformer.h.3.attn.c_attn.weight,structural_vq64_int3_k8,9,True,1.0,0.0037036549957675247,0.2659369517298513
1,2048,transformer.h.3.attn.c_proj.weight,direct_scalar_int4,9,True,1.0,0.014930178046560605,0.4210317915599181
1,2048,transformer.h.3.attn.c_proj.weight,structural_scalar_int3_p98_k8,9,True,1.0,0.006422198497205267,0.33812651468281285
1,2048,transformer.h.3.attn.c_proj.weight,structural_int4_k8,9,True,1.0,0.00455855281089923,0.2821317485143646
1,2048,transformer.h.3.attn.c_proj.weight,structural_vq64_int3_k8,9,True,1.0,0.0035371954466447697,0.2602661937469227
1,2048,transformer.h.3.mlp.w1.weight,direct_scalar_int4,9,True,1.0,0.0007259778649123527,0.08293541338292143
1,2048,transformer.h.3.mlp.w1.weight,structural_scalar_int3_p98_k8,9,True,1.0,0.0007507227490375357,0.09048832075504865
1,2048,transformer.h.3.mlp.w1.weight,structural_int4_k8,9,True,1.0,0.0004610405019723762,0.05576021844011114
1,2048,transformer.h.3.mlp.w1.weight,structural_vq64_int3_k8,9,True,1.0,0.00044984323616237276,0.05807843193341189
1,2048,transformer.h.3.mlp.w2.weight,direct_scalar_int4,9,True,1.0,0.0007623104959983973,0.08597765867336515
1,2048,transformer.h.3.mlp.w2.weight,structural_scalar_int3_p98_k8,9,True,1.0,0.000774485774380107,0.09223406546734358
1,2048,transformer.h.3.mlp.w2.weight,structural_int4_k8,9,True,1.0,0.0004764816893756407,0.05729843570779358
1,2048,transformer.h.3.mlp.w2.weight,structural_vq64_int3_k8,9,True,1.0,0.000472614782504599,0.060547164639410456
1,2048,transformer.h.3.mlp.c_proj.weight,direct_scalar_int4,9,True,1.0,0.000686472934132043,0.08206264469343805
1,2048,transformer.h.3.mlp.c_proj.weight,structural_scalar_int3_p98_k8,9,True,1.0,0.0006296413181636762,0.07892250875603435
1,2048,transformer.h.3.mlp.c_proj.weight,structural_int4_k8,9,True,1.0,0.0004129631845564141,0.05142994945637691
1,2048,transformer.h.3.mlp.c_proj.weight,structural_vq64_int3_k8,9,True,1.0,0.00038089523876183584,0.05070385371036934
1,2048,transformer.h.4.attn.c_attn.weight,direct_scalar_int4,9,True,1.0,0.010183379621558908,0.393925987630369
1,2048,transformer.h.4.attn.c_attn.weight,structural_scalar_int3_p98_k8,9,True,1.0,0.005203027762967771,0.31939183234769664
1,2048,transformer.h.4.attn.c_attn.weight,structural_int4_k8,9,True,1.0,0.003031045405073818,0.23852595335574633
1,2048,transformer.h.4.attn.c_attn.weight,structural_vq64_int3_k8,9,True,1.0,0.0028453458101207474,0.23368244865416787
1,2048,transformer.h.4.attn.c_proj.weight,direct_scalar_int4,9,True,1.0,0.014866632564321747,0.41039837046256655
1,2048,transformer.h.4.attn.c_proj.weight,structural_scalar_int3_p98_k8,9,True,1.0,0.005493697469613812,0.3203901543570672
1,2048,transformer.h.4.attn.c_proj.weight,structural_int4_k8,9,True,1.0,0.004400689948479974,0.279323913737647
1,2048,transformer.h.4.attn.c_proj.weight,structural_vq64_int3_k8,9,True,1.0,0.0035511301680306584,0.2640393066788046
1,2048,transformer.h.4.mlp.w1.weight,direct_scalar_int4,9,True,1.0,0.000741543063551009,0.08457316557109273
1,2048,transformer.h.4.mlp.w1.weight,structural_scalar_int3_p98_k8,9,True,1.0,0.000782898250209052,0.09262514227935548
1,2048,transformer.h.4.mlp.w1.weight,structural_int4_k8,9,True,1.0,0.0004930751866454308,0.059083699684837176
1,2048,transformer.h.4.mlp.w1.weight,structural_vq64_int3_k8,9,True,1.0,0.0004701588178253058,0.06036583306442378
1,2048,transformer.h.4.mlp.w2.weight,direct_scalar_int4,9,True,1.0,0.0007636931226447929,0.08636908861230741
1,2048,transformer.h.4.mlp.w2.weight,structural_scalar_int3_p98_k8,9,True,1.0,0.0008172885199411173,0.09572824311104577
1,2048,transformer.h.4.mlp.w2.weight,structural_int4_k8,9,True,1.0,0.0005089951043875107,0.0605621768361464
1,2048,transformer.h.4.mlp.w2.weight,structural_vq64_int3_k8,9,True,1.0,0.0004959591553796994,0.06295511897788197
1,2048,transformer.h.4.mlp.c_proj.weight,direct_scalar_int4,9,True,1.0,0.0008217933076071215,0.09635543851231199
1,2048,transformer.h.4.mlp.c_proj.weight,structural_scalar_int3_p98_k8,9,True,1.0,0.0006098167709102098,0.07746600720606855
1,2048,transformer.h.4.mlp.c_proj.weight,structural_int4_k8,9,True,1.0,0.0004180229662704704,0.052155171458693306
1,2048,transformer.h.4.mlp.c_proj.weight,structural_vq64_int3_k8,9,True,1.0,0.00037534331657662623,0.050029848994027515
1,2048,transformer.h.5.attn.c_attn.weight,direct_scalar_int4,9,True,1.0,0.02386431059430494,0.46867812932075625
1,2048,transformer.h.5.attn.c_attn.weight,structural_scalar_int3_p98_k8,9,True,1.0,0.012706120256588349,0.4061894382164747
1,2048,transformer.h.5.attn.c_attn.weight,structural_int4_k8,9,True,1.0,0.007437626631514482,0.33739079468474853
1,2048,transformer.h.5.attn.c_attn.weight,structural_vq64_int3_k8,9,True,1.0,0.007022368982893545,0.33384362537576895
1,2048,transformer.h.5.attn.c_proj.weight,direct_scalar_int4,9,True,1.0,0.0147572988080803,0.4116025135260577
1,2048,transformer.h.5.attn.c_proj.weight,structural_scalar_int3_p98_k8,9,True,1.0,0.009521942761381852,0.36678488249686725
1,2048,transformer.h.5.attn.c_proj.weight,structural_int4_k8,9,True,1.0,0.005159834349767967,0.29003746643759243
1,2048,transformer.h.5.attn.c_proj.weight,structural_vq64_int3_k8,9,True,1.0,0.005158922425924861,0.2925571432692977
1,2048,transformer.h.5.mlp.w1.weight,direct_scalar_int4,9,True,1.0,0.0009990849919714329,0.10402742371873297
1,2048,transformer.h.5.mlp.w1.weight,structural_scalar_int3_p98_k8,9,True,1.0,0.0008911226510277537,0.09925905173640559
1,2048,transformer.h.5.mlp.w1.weight,structural_int4_k8,9,True,1.0,0.0005554743319449162,0.0638695322202324
1,2048,transformer.h.5.mlp.w1.weight,structural_vq64_int3_k8,9,True,1.0,0.0005507574644293411,0.06677769669820621
1,2048,transformer.h.5.mlp.w2.weight,direct_scalar_int4,9,True,1.0,0.0009574769905501546,0.10164278270438087
1,2048,transformer.h.5.mlp.w2.weight,structural_scalar_int3_p98_k8,9,True,1.0,0.0009052466644818846,0.10069562832834733
1,2048,transformer.h.5.mlp.w2.weight,structural_int4_k8,9,True,1.0,0.000574417062890964,0.06570646966277316
1,2048,transformer.h.5.mlp.w2.weight,structural_vq64_int3_k8,9,True,1.0,0.0005450932424755361,0.06657405503938174
1,2048,transformer.h.5.mlp.c_proj.weight,direct_scalar_int4,9,True,1.0,0.001325801425047901,0.1317502257864186
1,2048,transformer.h.5.mlp.c_proj.weight,structural_scalar_int3_p98_k8,9,True,1.0,0.0007213891939517048,0.08709938639794834
1,2048,transformer.h.5.mlp.c_proj.weight,structural_int4_k8,9,True,1.0,0.0005183482978776688,0.06199651220234581
1,2048,transformer.h.5.mlp.c_proj.weight,structural_vq64_int3_k8,9,True,1.0,0.00045134791052536816,0.05817522482587101
1,4096,transformer.h.0.attn.c_attn.weight,direct_scalar_int4,9,True,1.0,0.015478089368458181,0.4389808573168632
1,4096,transformer.h.0.attn.c_attn.weight,structural_scalar_int3_p98_k8,9,True,1.0,0.004352580015267504,0.2868497656857393
1,4096,transformer.h.0.attn.c_attn.weight,structural_int4_k8,9,True,1.0,0.0024101672598159096,0.20135311873268247
1,4096,transformer.h.0.attn.c_attn.weight,structural_vq64_int3_k8,9,True,1.0,0.0023439786862686773,0.2045076082856313
1,4096,transformer.h.0.attn.c_proj.weight,direct_scalar_int4,9,True,1.0,0.021297683515068444,0.4919797261759652
1,4096,transformer.h.0.attn.c_proj.weight,structural_scalar_int3_p98_k8,9,True,1.0,0.004938089500549525,0.3153094124972594
1,4096,transformer.h.0.attn.c_proj.weight,structural_int4_k8,9,True,1.0,0.002765028055326524,0.226066701493292
1,4096,transformer.h.0.attn.c_proj.weight,structural_vq64_int3_k8,9,True,1.0,0.0026667853528128393,0.22707542007281434
1,4096,transformer.h.0.mlp.w1.weight,direct_scalar_int4,9,True,1.0,0.0006589756404303815,0.07839552573614994
1,4096,transformer.h.0.mlp.w1.weight,structural_scalar_int3_p98_k8,9,True,1.0,0.00045530669450166705,0.05940398284536863
1,4096,transformer.h.0.mlp.w1.weight,structural_int4_k8,9,True,1.0,0.0002744224946498175,0.03521663978127598
1,4096,transformer.h.0.mlp.w1.weight,structural_vq64_int3_k8,9,True,1.0,0.0002699779151383863,0.03670044606829148
1,4096,transformer.h.0.mlp.w2.weight,direct_scalar_int4,9,True,1.0,0.0006607064491273018,0.07844523365022249
1,4096,transformer.h.0.mlp.w2.weight,structural_scalar_int3_p98_k8,9,True,1.0,0.00046712900303913507,0.060905579933623
1,4096,transformer.h.0.mlp.w2.weight,structural_int4_k8,9,True,1.0,0.0002854107467932243,0.036526118438799715
1,4096,transformer.h.0.mlp.w2.weight,structural_vq64_int3_k8,9,True,1.0,0.0002806597577424963,0.0382048787343382
1,4096,transformer.h.0.mlp.c_proj.weight,direct_scalar_int4,9,True,1.0,0.0012384004840170215,0.12943827309434552
1,4096,transformer.h.0.mlp.c_proj.weight,structural_scalar_int3_p98_k8,9,True,1.0,0.0006583755598156271,0.08017679457391269
1,4096,transformer.h.0.mlp.c_proj.weight,structural_int4_k8,9,True,1.0,0.0004520014933576677,0.05496531147403538
1,4096,transformer.h.0.mlp.c_proj.weight,structural_vq64_int3_k8,9,True,1.0,0.0003998353487386641,0.05181007051538855
1,4096,transformer.h.1.attn.c_attn.weight,direct_scalar_int4,9,True,1.0,0.01719474441586344,0.44159244672940423
1,4096,transformer.h.1.attn.c_attn.weight,structural_scalar_int3_p98_k8,9,True,1.0,0.004920642069026315,0.3016519922341041
1,4096,transformer.h.1.attn.c_attn.weight,structural_int4_k8,9,True,1.0,0.0026861896900776117,0.21414439106015404
1,4096,transformer.h.1.attn.c_attn.weight,structural_vq64_int3_k8,9,True,1.0,0.0026572388258629953,0.2200658997746604
1,4096,transformer.h.1.attn.c_proj.weight,direct_scalar_int4,9,True,1.0,0.0260118713027232,0.5044278651641334
1,4096,transformer.h.1.attn.c_proj.weight,structural_scalar_int3_p98_k8,9,True,1.0,0.004853693977795781,0.3145189938613273
1,4096,transformer.h.1.attn.c_proj.weight,structural_int4_k8,9,True,1.0,0.0027244564825676942,0.22155593474758295
1,4096,transformer.h.1.attn.c_proj.weight,structural_vq64_int3_k8,9,True,1.0,0.002596877226761052,0.22398080832250444
1,4096,transformer.h.1.mlp.w1.weight,direct_scalar_int4,9,True,1.0,0.0008384156342592375,0.09337933309439483
1,4096,transformer.h.1.mlp.w1.weight,structural_scalar_int3_p98_k8,9,True,1.0,0.0005661477425598083,0.07107607837580643
1,4096,transformer.h.1.mlp.w1.weight,structural_int4_k8,9,True,1.0,0.00034852955306663436,0.04363218778497702
1,4096,transformer.h.1.mlp.w1.weight,structural_vq64_int3_k8,9,True,1.0,0.0003536198273338398,0.046898047248588814
1,4096,transformer.h.1.mlp.w2.weight,direct_scalar_int4,9,True,1.0,0.0009018078985962852,0.0986981316131802
1,4096,transformer.h.1.mlp.w2.weight,structural_scalar_int3_p98_k8,9,True,1.0,0.0005640190215784324,0.07057311803089683
1,4096,transformer.h.1.mlp.w2.weight,structural_int4_k8,9,True,1.0,0.00034695011608931736,0.043505640711627325
1,4096,transformer.h.1.mlp.w2.weight,structural_vq64_int3_k8,9,True,1.0,0.00035286633281161883,0.0464584732772243
1,4096,transformer.h.1.mlp.c_proj.weight,direct_scalar_int4,9,True,1.0,0.0010253046146420086,0.11213206935774589
1,4096,transformer.h.1.mlp.c_proj.weight,structural_scalar_int3_p98_k8,9,True,1.0,0.0006907954668372573,0.0846501268622406
1,4096,transformer.h.1.mlp.c_proj.weight,structural_int4_k8,9,True,1.0,0.0004804280889433299,0.05826364259118444
1,4096,transformer.h.1.mlp.c_proj.weight,structural_vq64_int3_k8,9,True,1.0,0.00043386669642464515,0.0566498705172237
1,4096,transformer.h.2.attn.c_attn.weight,direct_scalar_int4,9,True,1.0,0.01555386083895105,0.43184765996953123
1,4096,transformer.h.2.attn.c_attn.weight,structural_scalar_int3_p98_k8,9,True,1.0,0.002464337381089088,0.22118821699095126
1,4096,transformer.h.2.attn.c_attn.weight,structural_int4_k8,9,True,1.0,0.001371570656195975,0.14259118262071035
1,4096,transformer.h.2.attn.c_attn.weight,structural_vq64_int3_k8,9,True,1.0,0.0013392017873503637,0.14457694185377856
1,4096,transformer.h.2.attn.c_proj.weight,direct_scalar_int4,9,True,1.0,0.02054289744596416,0.45532205015189275
1,4096,transformer.h.2.attn.c_proj.weight,structural_scalar_int3_p98_k8,9,True,1.0,0.00361766286425369,0.2777061458331571
1,4096,transformer.h.2.attn.c_proj.weight,structural_int4_k8,9,True,1.0,0.0028185074289514,0.23308177084801796
1,4096,transformer.h.2.attn.c_proj.weight,structural_vq64_int3_k8,9,True,1.0,0.0025267878699689605,0.2235971003571997
1,4096,transformer.h.2.mlp.w1.weight,direct_scalar_int4,9,True,1.0,0.0006680336017212962,0.07725274959813933
1,4096,transformer.h.2.mlp.w1.weight,structural_scalar_int3_p98_k8,9,True,1.0,0.0006682536289716046,0.08196049170284958
1,4096,transformer.h.2.mlp.w1.weight,structural_int4_k8,9,True,1.0,0.00039887309062980325,0.049186934476886934
1,4096,transformer.h.2.mlp.w1.weight,structural_vq64_int3_k8,9,True,1.0,0.00039217285129622415,0.05126551996345041
1,4096,transformer.h.2.mlp.w2.weight,direct_scalar_int4,9,True,1.0,0.000698802986576097,0.08044992316111554
1,4096,transformer.h.2.mlp.w2.weight,structural_scalar_int3_p98_k8,9,True,1.0,0.0006844615934004095,0.0836481171189215
1,4096,transformer.h.2.mlp.w2.weight,structural_int4_k8,9,True,1.0,0.000417584345020261,0.05116689445414557
1,4096,transformer.h.2.mlp.w2.weight,structural_vq64_int3_k8,9,True,1.0,0.00040930639317160455,0.053504893186901326
1,4096,transformer.h.2.mlp.c_proj.weight,direct_scalar_int4,9,True,1.0,0.0005496039441390543,0.06666922205389914
1,4096,transformer.h.2.mlp.c_proj.weight,structural_scalar_int3_p98_k8,9,True,1.0,0.0005852200479335989,0.07396248029892172
1,4096,transformer.h.2.mlp.c_proj.weight,structural_int4_k8,9,True,1.0,0.00037479171758980634,0.04690983078944433
1,4096,transformer.h.2.mlp.c_proj.weight,structural_vq64_int3_k8,9,True,1.0,0.0003471438933146942,0.046474886700850315
1,4096,transformer.h.3.attn.c_attn.weight,direct_scalar_int4,9,True,1.0,0.011804128251081236,0.41018352673962233
1,4096,transformer.h.3.attn.c_attn.weight,structural_scalar_int3_p98_k8,9,True,1.0,0.004387098003923562,0.29608760981136517
1,4096,transformer.h.3.attn.c_attn.weight,structural_int4_k8,9,True,1.0,0.0025368370302564225,0.2137450626090015
1,4096,transformer.h.3.attn.c_attn.weight,structural_vq64_int3_k8,9,True,1.0,0.0024190523760448945,0.21118427333698087
1,4096,transformer.h.3.attn.c_proj.weight,direct_scalar_int4,9,True,1.0,0.013555741122374343,0.40082996916797053
1,4096,transformer.h.3.attn.c_proj.weight,structural_scalar_int3_p98_k8,9,True,1.0,0.005071123356712226,0.3088750259019216
1,4096,transformer.h.3.attn.c_proj.weight,structural_int4_k8,9,True,1.0,0.003983619493393875,0.266998081383478
1,4096,transformer.h.3.attn.c_proj.weight,structural_vq64_int3_k8,9,True,1.0,0.0030243157165109613,0.23830594749790013
1,4096,transformer.h.3.mlp.w1.weight,direct_scalar_int4,9,True,1.0,0.0006452050739900184,0.07577855267293554
1,4096,transformer.h.3.mlp.w1.weight,structural_scalar_int3_p98_k8,9,True,1.0,0.0006585484776076012,0.0809934183293467
1,4096,transformer.h.3.mlp.w1.weight,structural_int4_k8,9,True,1.0,0.00040095728484657034,0.049696764181056396
1,4096,transformer.h.3.mlp.w1.weight,structural_vq64_int3_k8,9,True,1.0,0.0003888240532090581,0.051125707394276354
1,4096,transformer.h.3.mlp.w2.weight,direct_scalar_int4,9,True,1.0,0.0006518765932799209,0.07626471120149692
1,4096,transformer.h.3.mlp.w2.weight,structural_scalar_int3_p98_k8,9,True,1.0,0.0006682323375538646,0.08219168431285107
1,4096,transformer.h.3.mlp.w2.weight,structural_int4_k8,9,True,1.0,0.0004049152207920015,0.049997666982783406
1,4096,transformer.h.3.mlp.w2.weight,structural_vq64_int3_k8,9,True,1.0,0.0003982450494335321,0.05227378720793485
1,4096,transformer.h.3.mlp.c_proj.weight,direct_scalar_int4,9,True,1.0,0.0006057703317819962,0.07311636622023332
1,4096,transformer.h.3.mlp.c_proj.weight,structural_scalar_int3_p98_k8,9,True,1.0,0.0005825094042350987,0.07354732918480156
1,4096,transformer.h.3.mlp.c_proj.weight,structural_int4_k8,9,True,1.0,0.0003711360033350486,0.04644507128694786
1,4096,transformer.h.3.mlp.c_proj.weight,structural_vq64_int3_k8,9,True,1.0,0.0003458152774450385,0.04624443416589019
1,4096,transformer.h.4.attn.c_attn.weight,direct_scalar_int4,9,True,1.0,0.008815530901325475,0.3710887712042966
1,4096,transformer.h.4.attn.c_attn.weight,structural_scalar_int3_p98_k8,9,True,1.0,0.003936345605483282,0.2816251101801909
1,4096,transformer.h.4.attn.c_attn.weight,structural_int4_k8,9,True,1.0,0.002340337673515158,0.2031738630085238
1,4096,transformer.h.4.attn.c_attn.weight,structural_vq64_int3_k8,9,True,1.0,0.002172315571699057,0.19842127244386043
1,4096,transformer.h.4.attn.c_proj.weight,direct_scalar_int4,9,True,1.0,0.01399509801622767,0.39910621432246196
1,4096,transformer.h.4.attn.c_proj.weight,structural_scalar_int3_p98_k8,9,True,1.0,0.004328251787888426,0.28918432237183556
1,4096,transformer.h.4.attn.c_proj.weight,structural_int4_k8,9,True,1.0,0.003490238630738385,0.24992941712075978
1,4096,transformer.h.4.attn.c_proj.weight,structural_vq64_int3_k8,9,True,1.0,0.0029878595427276222,0.23827971994149522
1,4096,transformer.h.4.mlp.w1.weight,direct_scalar_int4,9,True,1.0,0.0006203428411537537,0.0734715621969676
1,4096,transformer.h.4.mlp.w1.weight,structural_scalar_int3_p98_k8,9,True,1.0,0.0006546059490364353,0.08080462819592815
1,4096,transformer.h.4.mlp.w1.weight,structural_int4_k8,9,True,1.0,0.000402766806496091,0.04978776473513513
1,4096,transformer.h.4.mlp.w1.weight,structural_vq64_int3_k8,9,True,1.0,0.00038611998290905003,0.050790236071401984
1,4096,transformer.h.4.mlp.w2.weight,direct_scalar_int4,9,True,1.0,0.0006385956028357453,0.07552720197427198
1,4096,transformer.h.4.mlp.w2.weight,structural_scalar_int3_p98_k8,9,True,1.0,0.0006807136980273576,0.0835450511218565
1,4096,transformer.h.4.mlp.w2.weight,structural_int4_k8,9,True,1.0,0.00042118481384634254,0.05195902000290409
1,4096,transformer.h.4.mlp.w2.weight,structural_vq64_int3_k8,9,True,1.0,0.0004080167817672731,0.05342716729799912
1,4096,transformer.h.4.mlp.c_proj.weight,direct_scalar_int4,9,True,1.0,0.0007863426679093344,0.09258065825357131
1,4096,transformer.h.4.mlp.c_proj.weight,structural_scalar_int3_p98_k8,9,True,1.0,0.000557448988811382,0.07110890905124045
1,4096,transformer.h.4.mlp.c_proj.weight,structural_int4_k8,9,True,1.0,0.00035616770284596644,0.04499512385994309
1,4096,transformer.h.4.mlp.c_proj.weight,structural_vq64_int3_k8,9,True,1.0,0.0003313299230129907,0.04456505695431712
1,4096,transformer.h.5.attn.c_attn.weight,direct_scalar_int4,9,True,1.0,0.021840560992367086,0.453505946306076
1,4096,transformer.h.5.attn.c_attn.weight,structural_scalar_int3_p98_k8,9,True,1.0,0.011412292667987045,0.38517619142510107
1,4096,transformer.h.5.attn.c_attn.weight,structural_int4_k8,9,True,1.0,0.0065346580729452874,0.31689314748748243
1,4096,transformer.h.5.attn.c_attn.weight,structural_vq64_int3_k8,9,True,1.0,0.006260637399113311,0.3146582745497807
1,4096,transformer.h.5.attn.c_proj.weight,direct_scalar_int4,9,True,1.0,0.011890535681519876,0.3684644826211041
1,4096,transformer.h.5.attn.c_proj.weight,structural_scalar_int3_p98_k8,9,True,1.0,0.008585820097719687,0.34631992999842687
1,4096,transformer.h.5.attn.c_proj.weight,structural_int4_k8,9,True,1.0,0.00476907445245367,0.27108063546440786
1,4096,transformer.h.5.attn.c_proj.weight,structural_vq64_int3_k8,9,True,1.0,0.004645079647699557,0.2733723061870673
1,4096,transformer.h.5.mlp.w1.weight,direct_scalar_int4,9,True,1.0,0.0007993387557746479,0.09048598045048195
1,4096,transformer.h.5.mlp.w1.weight,structural_scalar_int3_p98_k8,9,True,1.0,0.0007105494832089221,0.08557601306091656
1,4096,transformer.h.5.mlp.w1.weight,structural_int4_k8,9,True,1.0,0.0004568954673930259,0.05533743186004059
1,4096,transformer.h.5.mlp.w1.weight,structural_vq64_int3_k8,9,True,1.0,0.00043063538407051016,0.05541901374816738
1,4096,transformer.h.5.mlp.w2.weight,direct_scalar_int4,9,True,1.0,0.0008041464862251768,0.09142900678490884
1,4096,transformer.h.5.mlp.w2.weight,structural_scalar_int3_p98_k8,9,True,1.0,0.0007225570974195294,0.08735853656231074
1,4096,transformer.h.5.mlp.w2.weight,structural_int4_k8,9,True,1.0,0.0004682311934939287,0.05662897768154729
1,4096,transformer.h.5.mlp.w2.weight,structural_vq64_int3_k8,9,True,1.0,0.00043694504026248193,0.05658636305527909
1,4096,transformer.h.5.mlp.c_proj.weight,direct_scalar_int4,9,True,1.0,0.0015647208242062227,0.14286094829149865
1,4096,transformer.h.5.mlp.c_proj.weight,structural_scalar_int3_p98_k8,9,True,1.0,0.0007140516561914279,0.0855581387798271
1,4096,transformer.h.5.mlp.c_proj.weight,structural_int4_k8,9,True,1.0,0.00053163712511195,0.06308540291063869
1,4096,transformer.h.5.mlp.c_proj.weight,structural_vq64_int3_k8,9,True,1.0,0.0004458948512860994,0.05761389818042917
