Kaggle preflight (physical GPU 0 exposed as cuda:0)...
/usr/local/lib/python3.12/dist-packages/torch/autograd/__init__.py:16: FutureWarning: `isinstance(treespec, LeafSpec)` is deprecated, use `isinstance(treespec, TreeSpec) and treespec.is_leaf()` instead.
  from torch import _vmap_internals
{
  "recipe": "/kaggle/working/benchmark-experiments/recipes/recursive_muon_structural_int4_4096_s0.json",
  "fingerprint": "d9781e9a40120a433fa25f926216d6f8845066a0e65c515d8b2223cb3f04651e",
  "total_updates": 4096,
  "schedule_total_updates": 4096,
  "tokens_per_update": 8192,
  "data_root": "/kaggle/working/benchmark-data",
  "manifest": "/kaggle/input/datasets/siennadai/lowp-benchmark-slimpajama-4x-v1/manifest.json",
  "manifest_exists": true,
  "optimizer": "recursive_muon",
  "compute": "fp32",
  "to_device": "cuda:0",
  "resolved_device": "cuda:0"
}
/usr/local/lib/python3.12/dist-packages/torch/autograd/__init__.py:16: FutureWarning: `isinstance(treespec, LeafSpec)` is deprecated, use `isinstance(treespec, TreeSpec) and treespec.is_leaf()` instead.
  from torch import _vmap_internals
[run] recursive_int4_4096_s0 | recursive_muon | cuda:0 | fp32 | 4096 updates | schedule horizon 4096 | 33554432 tokens
[train] 2049/4096 | 16785408 tok | loss 4.9560 | lr 5.531e-04 | 1665.7 ms/update | 4918 tok/s
[train] 2050/4096 | 16793600 tok | loss 5.3387 | lr 5.528e-04 | 1199.2 ms/update | 6831 tok/s
[train] 2051/4096 | 16801792 tok | loss 5.3215 | lr 5.524e-04 | 1206.0 ms/update | 6793 tok/s
[train] 2052/4096 | 16809984 tok | loss 5.3276 | lr 5.521e-04 | 1206.2 ms/update | 6792 tok/s
[train] 2053/4096 | 16818176 tok | loss 5.1660 | lr 5.517e-04 | 1197.4 ms/update | 6841 tok/s
[train] 2054/4096 | 16826368 tok | loss 5.1590 | lr 5.514e-04 | 1213.9 ms/update | 6748 tok/s
[train] 2055/4096 | 16834560 tok | loss 5.3221 | lr 5.510e-04 | 1216.2 ms/update | 6736 tok/s
[train] 2056/4096 | 16842752 tok | loss 4.8756 | lr 5.507e-04 | 1211.5 ms/update | 6762 tok/s
[train] 2057/4096 | 16850944 tok | loss 5.3747 | lr 5.503e-04 | 1215.7 ms/update | 6738 tok/s
[train] 2058/4096 | 16859136 tok | loss 5.1321 | lr 5.500e-04 | 1221.1 ms/update | 6709 tok/s
[train] 2059/4096 | 16867328 tok | loss 5.1950 | lr 5.497e-04 | 1224.1 ms/update | 6692 tok/s
[train] 2060/4096 | 16875520 tok | loss 4.7575 | lr 5.493e-04 | 1217.3 ms/update | 6730 tok/s
[train] 2061/4096 | 16883712 tok | loss 4.5656 | lr 5.490e-04 | 1228.8 ms/update | 6667 tok/s
[train] 2062/4096 | 16891904 tok | loss 5.3950 | lr 5.486e-04 | 1237.6 ms/update | 6619 tok/s
[train] 2063/4096 | 16900096 tok | loss 5.2619 | lr 5.483e-04 | 1208.6 ms/update | 6778 tok/s
[train] 2064/4096 | 16908288 tok | loss 5.1720 | lr 5.479e-04 | 1233.0 ms/update | 6644 tok/s
[train] 2065/4096 | 16916480 tok | loss 5.2691 | lr 5.476e-04 | 1233.9 ms/update | 6639 tok/s
[train] 2066/4096 | 16924672 tok | loss 5.3491 | lr 5.472e-04 | 1237.5 ms/update | 6620 tok/s
[train] 2067/4096 | 16932864 tok | loss 5.2021 | lr 5.469e-04 | 1237.7 ms/update | 6619 tok/s
[train] 2068/4096 | 16941056 tok | loss 5.1222 | lr 5.465e-04 | 1244.6 ms/update | 6582 tok/s
[train] 2069/4096 | 16949248 tok | loss 5.4233 | lr 5.462e-04 | 1242.1 ms/update | 6595 tok/s
[train] 2070/4096 | 16957440 tok | loss 5.2500 | lr 5.458e-04 | 1266.9 ms/update | 6466 tok/s
[train] 2071/4096 | 16965632 tok | loss 5.4684 | lr 5.455e-04 | 1239.0 ms/update | 6612 tok/s
[train] 2072/4096 | 16973824 tok | loss 5.4757 | lr 5.451e-04 | 1249.0 ms/update | 6559 tok/s
[train] 2073/4096 | 16982016 tok | loss 5.1268 | lr 5.448e-04 | 1249.4 ms/update | 6557 tok/s
[train] 2074/4096 | 16990208 tok | loss 5.2123 | lr 5.445e-04 | 1253.8 ms/update | 6534 tok/s
[train] 2075/4096 | 16998400 tok | loss 5.2486 | lr 5.441e-04 | 1254.6 ms/update | 6530 tok/s
[train] 2076/4096 | 17006592 tok | loss 5.3033 | lr 5.438e-04 | 1238.9 ms/update | 6612 tok/s
[train] 2077/4096 | 17014784 tok | loss 5.3041 | lr 5.434e-04 | 1254.0 ms/update | 6533 tok/s
[train] 2078/4096 | 17022976 tok | loss 5.1483 | lr 5.431e-04 | 1276.1 ms/update | 6420 tok/s
[train] 2079/4096 | 17031168 tok | loss 5.4235 | lr 5.427e-04 | 1272.4 ms/update | 6438 tok/s
[train] 2080/4096 | 17039360 tok | loss 5.2514 | lr 5.424e-04 | 1272.1 ms/update | 6440 tok/s
[train] 2081/4096 | 17047552 tok | loss 5.4585 | lr 5.420e-04 | 1275.6 ms/update | 6422 tok/s
[train] 2082/4096 | 17055744 tok | loss 5.3476 | lr 5.417e-04 | 1274.8 ms/update | 6426 tok/s
[train] 2083/4096 | 17063936 tok | loss 5.1010 | lr 5.413e-04 | 1270.4 ms/update | 6448 tok/s
[train] 2084/4096 | 17072128 tok | loss 5.2506 | lr 5.410e-04 | 1273.7 ms/update | 6432 tok/s
[train] 2085/4096 | 17080320 tok | loss 5.2940 | lr 5.406e-04 | 1274.6 ms/update | 6427 tok/s
[train] 2086/4096 | 17088512 tok | loss 5.2850 | lr 5.403e-04 | 1276.7 ms/update | 6417 tok/s
[train] 2087/4096 | 17096704 tok | loss 5.4534 | lr 5.399e-04 | 1282.5 ms/update | 6388 tok/s
[train] 2088/4096 | 17104896 tok | loss 5.2228 | lr 5.396e-04 | 1287.7 ms/update | 6362 tok/s
[train] 2089/4096 | 17113088 tok | loss 5.2550 | lr 5.392e-04 | 1291.5 ms/update | 6343 tok/s
[train] 2090/4096 | 17121280 tok | loss 5.1537 | lr 5.389e-04 | 1290.7 ms/update | 6347 tok/s
[train] 2091/4096 | 17129472 tok | loss 5.1498 | lr 5.386e-04 | 1300.4 ms/update | 6300 tok/s
[train] 2092/4096 | 17137664 tok | loss 5.1900 | lr 5.382e-04 | 1309.0 ms/update | 6258 tok/s
[train] 2093/4096 | 17145856 tok | loss 5.1105 | lr 5.379e-04 | 1326.0 ms/update | 6178 tok/s
[train] 2094/4096 | 17154048 tok | loss 4.8622 | lr 5.375e-04 | 1312.5 ms/update | 6242 tok/s
[train] 2095/4096 | 17162240 tok | loss 5.4657 | lr 5.372e-04 | 1317.9 ms/update | 6216 tok/s
[train] 2096/4096 | 17170432 tok | loss 5.4155 | lr 5.368e-04 | 1325.1 ms/update | 6182 tok/s
[train] 2097/4096 | 17178624 tok | loss 5.1318 | lr 5.365e-04 | 1329.8 ms/update | 6160 tok/s
[train] 2098/4096 | 17186816 tok | loss 5.0064 | lr 5.361e-04 | 1334.3 ms/update | 6140 tok/s
[train] 2099/4096 | 17195008 tok | loss 5.3090 | lr 5.358e-04 | 1310.6 ms/update | 6251 tok/s
[train] 2100/4096 | 17203200 tok | loss 5.1467 | lr 5.354e-04 | 1349.6 ms/update | 6070 tok/s
[train] 2101/4096 | 17211392 tok | loss 5.4693 | lr 5.351e-04 | 1368.6 ms/update | 5986 tok/s
[train] 2102/4096 | 17219584 tok | loss 5.0784 | lr 5.347e-04 | 1368.1 ms/update | 5988 tok/s
[train] 2103/4096 | 17227776 tok | loss 5.3281 | lr 5.344e-04 | 1352.5 ms/update | 6057 tok/s
[train] 2104/4096 | 17235968 tok | loss 5.5056 | lr 5.340e-04 | 1358.8 ms/update | 6029 tok/s
[train] 2105/4096 | 17244160 tok | loss 5.2636 | lr 5.337e-04 | 1339.1 ms/update | 6117 tok/s
[train] 2106/4096 | 17252352 tok | loss 5.4524 | lr 5.334e-04 | 1376.8 ms/update | 5950 tok/s
[train] 2107/4096 | 17260544 tok | loss 5.4522 | lr 5.330e-04 | 1379.2 ms/update | 5940 tok/s
[train] 2108/4096 | 17268736 tok | loss 4.9318 | lr 5.327e-04 | 1395.9 ms/update | 5868 tok/s
[train] 2109/4096 | 17276928 tok | loss 5.4643 | lr 5.323e-04 | 1394.1 ms/update | 5876 tok/s
[train] 2110/4096 | 17285120 tok | loss 5.2022 | lr 5.320e-04 | 1397.9 ms/update | 5860 tok/s
[train] 2111/4096 | 17293312 tok | loss 5.1717 | lr 5.316e-04 | 1403.6 ms/update | 5836 tok/s
[train] 2112/4096 | 17301504 tok | loss 5.2380 | lr 5.313e-04 | 1411.4 ms/update | 5804 tok/s
[train] 2113/4096 | 17309696 tok | loss 5.2514 | lr 5.309e-04 | 1414.9 ms/update | 5790 tok/s
[train] 2114/4096 | 17317888 tok | loss 5.1186 | lr 5.306e-04 | 1417.1 ms/update | 5781 tok/s
[train] 2115/4096 | 17326080 tok | loss 5.3695 | lr 5.302e-04 | 1413.5 ms/update | 5796 tok/s
[train] 2116/4096 | 17334272 tok | loss 5.2688 | lr 5.299e-04 | 1435.5 ms/update | 5707 tok/s
[train] 2117/4096 | 17342464 tok | loss 5.3390 | lr 5.295e-04 | 1432.3 ms/update | 5720 tok/s
[train] 2118/4096 | 17350656 tok | loss 5.4512 | lr 5.292e-04 | 1436.1 ms/update | 5704 tok/s
[train] 2119/4096 | 17358848 tok | loss 5.2476 | lr 5.289e-04 | 1434.6 ms/update | 5710 tok/s
[train] 2120/4096 | 17367040 tok | loss 5.0199 | lr 5.285e-04 | 1437.1 ms/update | 5701 tok/s
[train] 2121/4096 | 17375232 tok | loss 5.3391 | lr 5.282e-04 | 1431.7 ms/update | 5722 tok/s
[train] 2122/4096 | 17383424 tok | loss 5.4002 | lr 5.278e-04 | 1437.8 ms/update | 5697 tok/s
[train] 2123/4096 | 17391616 tok | loss 5.4016 | lr 5.275e-04 | 1425.3 ms/update | 5748 tok/s
[train] 2124/4096 | 17399808 tok | loss 5.4736 | lr 5.271e-04 | 1418.8 ms/update | 5774 tok/s
[train] 2125/4096 | 17408000 tok | loss 5.0352 | lr 5.268e-04 | 1411.0 ms/update | 5806 tok/s
[train] 2126/4096 | 17416192 tok | loss 5.5219 | lr 5.264e-04 | 1411.1 ms/update | 5805 tok/s
[train] 2127/4096 | 17424384 tok | loss 5.3584 | lr 5.261e-04 | 1394.6 ms/update | 5874 tok/s
[train] 2128/4096 | 17432576 tok | loss 5.2616 | lr 5.257e-04 | 1390.3 ms/update | 5892 tok/s
[train] 2129/4096 | 17440768 tok | loss 5.0375 | lr 5.254e-04 | 1388.7 ms/update | 5899 tok/s
[train] 2130/4096 | 17448960 tok | loss 5.3736 | lr 5.250e-04 | 1369.0 ms/update | 5984 tok/s
[train] 2131/4096 | 17457152 tok | loss 5.0875 | lr 5.247e-04 | 1375.6 ms/update | 5955 tok/s
[train] 2132/4096 | 17465344 tok | loss 5.2216 | lr 5.243e-04 | 1372.3 ms/update | 5969 tok/s
[train] 2133/4096 | 17473536 tok | loss 5.2690 | lr 5.240e-04 | 1375.2 ms/update | 5957 tok/s
[train] 2134/4096 | 17481728 tok | loss 4.8402 | lr 5.237e-04 | 1363.1 ms/update | 6010 tok/s
[train] 2135/4096 | 17489920 tok | loss 5.1902 | lr 5.233e-04 | 1360.7 ms/update | 6021 tok/s
[train] 2136/4096 | 17498112 tok | loss 5.0829 | lr 5.230e-04 | 1349.9 ms/update | 6068 tok/s
[train] 2137/4096 | 17506304 tok | loss 5.0646 | lr 5.226e-04 | 1353.9 ms/update | 6051 tok/s
[train] 2138/4096 | 17514496 tok | loss 5.1054 | lr 5.223e-04 | 1348.1 ms/update | 6077 tok/s
[train] 2139/4096 | 17522688 tok | loss 5.1802 | lr 5.219e-04 | 1350.1 ms/update | 6068 tok/s
[train] 2140/4096 | 17530880 tok | loss 5.1831 | lr 5.216e-04 | 1350.6 ms/update | 6066 tok/s
[train] 2141/4096 | 17539072 tok | loss 5.4739 | lr 5.212e-04 | 1356.9 ms/update | 6037 tok/s
[train] 2142/4096 | 17547264 tok | loss 5.4031 | lr 5.209e-04 | 1339.2 ms/update | 6117 tok/s
[train] 2143/4096 | 17555456 tok | loss 5.0652 | lr 5.205e-04 | 1356.8 ms/update | 6038 tok/s
[train] 2144/4096 | 17563648 tok | loss 5.2096 | lr 5.202e-04 | 1364.2 ms/update | 6005 tok/s
[train] 2145/4096 | 17571840 tok | loss 5.2169 | lr 5.198e-04 | 1349.4 ms/update | 6071 tok/s
[train] 2146/4096 | 17580032 tok | loss 5.5688 | lr 5.195e-04 | 1345.8 ms/update | 6087 tok/s
[train] 2147/4096 | 17588224 tok | loss 5.1855 | lr 5.192e-04 | 1337.6 ms/update | 6124 tok/s
[train] 2148/4096 | 17596416 tok | loss 5.2202 | lr 5.188e-04 | 1339.8 ms/update | 6114 tok/s
[train] 2149/4096 | 17604608 tok | loss 5.3621 | lr 5.185e-04 | 1337.7 ms/update | 6124 tok/s
[train] 2150/4096 | 17612800 tok | loss 5.4986 | lr 5.181e-04 | 1334.9 ms/update | 6137 tok/s
[train] 2151/4096 | 17620992 tok | loss 5.2848 | lr 5.178e-04 | 1344.1 ms/update | 6095 tok/s
[train] 2152/4096 | 17629184 tok | loss 5.2959 | lr 5.174e-04 | 1338.1 ms/update | 6122 tok/s
[train] 2153/4096 | 17637376 tok | loss 5.4795 | lr 5.171e-04 | 1331.6 ms/update | 6152 tok/s
[train] 2154/4096 | 17645568 tok | loss 5.2314 | lr 5.167e-04 | 1337.3 ms/update | 6126 tok/s
[train] 2155/4096 | 17653760 tok | loss 5.3156 | lr 5.164e-04 | 1347.4 ms/update | 6080 tok/s
[train] 2156/4096 | 17661952 tok | loss 5.4321 | lr 5.160e-04 | 1342.5 ms/update | 6102 tok/s
[train] 2157/4096 | 17670144 tok | loss 5.2998 | lr 5.157e-04 | 1348.4 ms/update | 6075 tok/s
[train] 2158/4096 | 17678336 tok | loss 5.4825 | lr 5.154e-04 | 1359.6 ms/update | 6025 tok/s
[train] 2159/4096 | 17686528 tok | loss 5.3712 | lr 5.150e-04 | 1373.3 ms/update | 5965 tok/s
[train] 2160/4096 | 17694720 tok | loss 4.9841 | lr 5.147e-04 | 1362.2 ms/update | 6014 tok/s
[train] 2161/4096 | 17702912 tok | loss 5.0983 | lr 5.143e-04 | 1366.8 ms/update | 5994 tok/s
[train] 2162/4096 | 17711104 tok | loss 5.0721 | lr 5.140e-04 | 1368.7 ms/update | 5985 tok/s
[train] 2163/4096 | 17719296 tok | loss 5.2294 | lr 5.136e-04 | 1360.0 ms/update | 6023 tok/s
[train] 2164/4096 | 17727488 tok | loss 5.3302 | lr 5.133e-04 | 1370.6 ms/update | 5977 tok/s
[train] 2165/4096 | 17735680 tok | loss 5.5304 | lr 5.129e-04 | 1367.4 ms/update | 5991 tok/s
[train] 2166/4096 | 17743872 tok | loss 5.4708 | lr 5.126e-04 | 1381.5 ms/update | 5930 tok/s
[train] 2167/4096 | 17752064 tok | loss 5.1796 | lr 5.122e-04 | 1372.6 ms/update | 5968 tok/s
[train] 2168/4096 | 17760256 tok | loss 5.1267 | lr 5.119e-04 | 1370.6 ms/update | 5977 tok/s
[train] 2169/4096 | 17768448 tok | loss 5.2682 | lr 5.115e-04 | 1374.6 ms/update | 5960 tok/s
[train] 2170/4096 | 17776640 tok | loss 5.3957 | lr 5.112e-04 | 1375.1 ms/update | 5958 tok/s
[train] 2171/4096 | 17784832 tok | loss 5.1707 | lr 5.109e-04 | 1384.9 ms/update | 5915 tok/s
[train] 2172/4096 | 17793024 tok | loss 5.1482 | lr 5.105e-04 | 1382.4 ms/update | 5926 tok/s
[train] 2173/4096 | 17801216 tok | loss 5.0162 | lr 5.102e-04 | 1386.0 ms/update | 5911 tok/s
[train] 2174/4096 | 17809408 tok | loss 5.3050 | lr 5.098e-04 | 1395.4 ms/update | 5871 tok/s
[train] 2175/4096 | 17817600 tok | loss 5.2929 | lr 5.095e-04 | 1394.0 ms/update | 5877 tok/s
[train] 2176/4096 | 17825792 tok | loss 5.1814 | lr 5.091e-04 | 1389.6 ms/update | 5895 tok/s
[eval] step 2176 | val NLL 4.9706 | ppl 144.12 | 65536 tokens
[ckpt] latest.pt @ step 2176
[train] 2177/4096 | 17833984 tok | loss 5.0629 | lr 5.088e-04 | 1393.7 ms/update | 5878 tok/s
[train] 2178/4096 | 17842176 tok | loss 5.3696 | lr 5.084e-04 | 1374.1 ms/update | 5962 tok/s
[train] 2179/4096 | 17850368 tok | loss 5.4727 | lr 5.081e-04 | 1385.0 ms/update | 5915 tok/s
[train] 2180/4096 | 17858560 tok | loss 5.0410 | lr 5.077e-04 | 1375.7 ms/update | 5955 tok/s
[train] 2181/4096 | 17866752 tok | loss 5.1337 | lr 5.074e-04 | 1370.6 ms/update | 5977 tok/s
[train] 2182/4096 | 17874944 tok | loss 5.1579 | lr 5.071e-04 | 1372.2 ms/update | 5970 tok/s
[train] 2183/4096 | 17883136 tok | loss 4.8647 | lr 5.067e-04 | 1367.9 ms/update | 5989 tok/s
[train] 2184/4096 | 17891328 tok | loss 4.8151 | lr 5.064e-04 | 1373.8 ms/update | 5963 tok/s
[train] 2185/4096 | 17899520 tok | loss 5.1269 | lr 5.060e-04 | 1381.4 ms/update | 5930 tok/s
[train] 2186/4096 | 17907712 tok | loss 5.2154 | lr 5.057e-04 | 1367.0 ms/update | 5993 tok/s
[train] 2187/4096 | 17915904 tok | loss 4.7699 | lr 5.053e-04 | 1370.8 ms/update | 5976 tok/s
[train] 2188/4096 | 17924096 tok | loss 5.2151 | lr 5.050e-04 | 1370.0 ms/update | 5980 tok/s
[train] 2189/4096 | 17932288 tok | loss 5.3400 | lr 5.046e-04 | 1358.6 ms/update | 6030 tok/s
[train] 2190/4096 | 17940480 tok | loss 4.9676 | lr 5.043e-04 | 1366.1 ms/update | 5996 tok/s
[train] 2191/4096 | 17948672 tok | loss 5.2948 | lr 5.040e-04 | 1357.8 ms/update | 6033 tok/s
[train] 2192/4096 | 17956864 tok | loss 5.1357 | lr 5.036e-04 | 1352.9 ms/update | 6055 tok/s
[train] 2193/4096 | 17965056 tok | loss 5.2575 | lr 5.033e-04 | 1355.3 ms/update | 6045 tok/s
[train] 2194/4096 | 17973248 tok | loss 5.0674 | lr 5.029e-04 | 1353.5 ms/update | 6053 tok/s
[train] 2195/4096 | 17981440 tok | loss 5.4780 | lr 5.026e-04 | 1358.0 ms/update | 6032 tok/s
[train] 2196/4096 | 17989632 tok | loss 5.3143 | lr 5.022e-04 | 1370.3 ms/update | 5978 tok/s
[train] 2197/4096 | 17997824 tok | loss 5.4841 | lr 5.019e-04 | 1356.1 ms/update | 6041 tok/s
[train] 2198/4096 | 18006016 tok | loss 4.9173 | lr 5.015e-04 | 1366.2 ms/update | 5996 tok/s
[train] 2199/4096 | 18014208 tok | loss 5.1222 | lr 5.012e-04 | 1355.2 ms/update | 6045 tok/s
[train] 2200/4096 | 18022400 tok | loss 5.1281 | lr 5.008e-04 | 1364.0 ms/update | 6006 tok/s
[train] 2201/4096 | 18030592 tok | loss 5.4694 | lr 5.005e-04 | 1369.4 ms/update | 5982 tok/s
[train] 2202/4096 | 18038784 tok | loss 4.9832 | lr 5.002e-04 | 1351.8 ms/update | 6060 tok/s
[train] 2203/4096 | 18046976 tok | loss 5.2060 | lr 4.998e-04 | 1357.4 ms/update | 6035 tok/s
[train] 2204/4096 | 18055168 tok | loss 5.3379 | lr 4.995e-04 | 1354.8 ms/update | 6047 tok/s
[train] 2205/4096 | 18063360 tok | loss 5.3402 | lr 4.991e-04 | 1358.6 ms/update | 6030 tok/s
[train] 2206/4096 | 18071552 tok | loss 5.3773 | lr 4.988e-04 | 1353.7 ms/update | 6051 tok/s
[train] 2207/4096 | 18079744 tok | loss 5.6894 | lr 4.984e-04 | 1357.9 ms/update | 6033 tok/s
[train] 2208/4096 | 18087936 tok | loss 5.0579 | lr 4.981e-04 | 1367.7 ms/update | 5989 tok/s
[train] 2209/4096 | 18096128 tok | loss 5.3169 | lr 4.977e-04 | 1360.6 ms/update | 6021 tok/s
[train] 2210/4096 | 18104320 tok | loss 5.1145 | lr 4.974e-04 | 1356.5 ms/update | 6039 tok/s
[train] 2211/4096 | 18112512 tok | loss 5.1283 | lr 4.971e-04 | 1356.8 ms/update | 6038 tok/s
[train] 2212/4096 | 18120704 tok | loss 5.1865 | lr 4.967e-04 | 1357.3 ms/update | 6035 tok/s
[train] 2213/4096 | 18128896 tok | loss 4.9910 | lr 4.964e-04 | 1354.9 ms/update | 6046 tok/s
[train] 2214/4096 | 18137088 tok | loss 5.3795 | lr 4.960e-04 | 1353.6 ms/update | 6052 tok/s
[train] 2215/4096 | 18145280 tok | loss 5.1041 | lr 4.957e-04 | 1356.3 ms/update | 6040 tok/s
[train] 2216/4096 | 18153472 tok | loss 5.3786 | lr 4.953e-04 | 1364.7 ms/update | 6003 tok/s
[train] 2217/4096 | 18161664 tok | loss 4.8587 | lr 4.950e-04 | 1364.7 ms/update | 6003 tok/s
[train] 2218/4096 | 18169856 tok | loss 5.3080 | lr 4.946e-04 | 1349.3 ms/update | 6071 tok/s
[train] 2219/4096 | 18178048 tok | loss 5.4097 | lr 4.943e-04 | 1359.8 ms/update | 6025 tok/s
[train] 2220/4096 | 18186240 tok | loss 4.8479 | lr 4.940e-04 | 1367.6 ms/update | 5990 tok/s
[train] 2221/4096 | 18194432 tok | loss 5.3068 | lr 4.936e-04 | 1361.0 ms/update | 6019 tok/s
[train] 2222/4096 | 18202624 tok | loss 5.1962 | lr 4.933e-04 | 1384.4 ms/update | 5917 tok/s
[train] 2223/4096 | 18210816 tok | loss 5.2634 | lr 4.929e-04 | 1362.8 ms/update | 6011 tok/s
[train] 2224/4096 | 18219008 tok | loss 5.0214 | lr 4.926e-04 | 1367.8 ms/update | 5989 tok/s
[train] 2225/4096 | 18227200 tok | loss 5.0894 | lr 4.922e-04 | 1363.4 ms/update | 6009 tok/s
[train] 2226/4096 | 18235392 tok | loss 5.4798 | lr 4.919e-04 | 1374.1 ms/update | 5962 tok/s
[train] 2227/4096 | 18243584 tok | loss 5.1583 | lr 4.915e-04 | 1370.0 ms/update | 5980 tok/s
[train] 2228/4096 | 18251776 tok | loss 5.2449 | lr 4.912e-04 | 1367.1 ms/update | 5992 tok/s
[train] 2229/4096 | 18259968 tok | loss 5.3544 | lr 4.909e-04 | 1363.3 ms/update | 6009 tok/s
[train] 2230/4096 | 18268160 tok | loss 5.3931 | lr 4.905e-04 | 1371.6 ms/update | 5972 tok/s
[train] 2231/4096 | 18276352 tok | loss 5.1638 | lr 4.902e-04 | 1373.9 ms/update | 5963 tok/s
[train] 2232/4096 | 18284544 tok | loss 5.1873 | lr 4.898e-04 | 1375.0 ms/update | 5958 tok/s
[train] 2233/4096 | 18292736 tok | loss 5.1853 | lr 4.895e-04 | 1373.1 ms/update | 5966 tok/s
[train] 2234/4096 | 18300928 tok | loss 5.0527 | lr 4.891e-04 | 1373.5 ms/update | 5964 tok/s
[train] 2235/4096 | 18309120 tok | loss 5.0322 | lr 4.888e-04 | 1373.3 ms/update | 5965 tok/s
[train] 2236/4096 | 18317312 tok | loss 5.0160 | lr 4.885e-04 | 1371.2 ms/update | 5974 tok/s
[train] 2237/4096 | 18325504 tok | loss 5.3957 | lr 4.881e-04 | 1373.9 ms/update | 5963 tok/s
[train] 2238/4096 | 18333696 tok | loss 5.5740 | lr 4.878e-04 | 1366.0 ms/update | 5997 tok/s
[train] 2239/4096 | 18341888 tok | loss 5.3290 | lr 4.874e-04 | 1366.4 ms/update | 5995 tok/s
[train] 2240/4096 | 18350080 tok | loss 5.1710 | lr 4.871e-04 | 1375.4 ms/update | 5956 tok/s
[train] 2241/4096 | 18358272 tok | loss 5.0034 | lr 4.867e-04 | 1369.4 ms/update | 5982 tok/s
[train] 2242/4096 | 18366464 tok | loss 5.0548 | lr 4.864e-04 | 1374.5 ms/update | 5960 tok/s
[train] 2243/4096 | 18374656 tok | loss 5.0231 | lr 4.861e-04 | 1376.9 ms/update | 5950 tok/s
[train] 2244/4096 | 18382848 tok | loss 5.4194 | lr 4.857e-04 | 1376.4 ms/update | 5952 tok/s
[train] 2245/4096 | 18391040 tok | loss 5.2761 | lr 4.854e-04 | 1365.1 ms/update | 6001 tok/s
[train] 2246/4096 | 18399232 tok | loss 4.9987 | lr 4.850e-04 | 1372.8 ms/update | 5967 tok/s
[train] 2247/4096 | 18407424 tok | loss 5.0080 | lr 4.847e-04 | 1374.7 ms/update | 5959 tok/s
[train] 2248/4096 | 18415616 tok | loss 5.3039 | lr 4.843e-04 | 1374.6 ms/update | 5960 tok/s
[train] 2249/4096 | 18423808 tok | loss 5.2714 | lr 4.840e-04 | 1371.7 ms/update | 5972 tok/s
[train] 2250/4096 | 18432000 tok | loss 4.9632 | lr 4.836e-04 | 1374.8 ms/update | 5959 tok/s
[train] 2251/4096 | 18440192 tok | loss 5.1877 | lr 4.833e-04 | 1379.6 ms/update | 5938 tok/s
[train] 2252/4096 | 18448384 tok | loss 5.1924 | lr 4.830e-04 | 1371.0 ms/update | 5975 tok/s
[train] 2253/4096 | 18456576 tok | loss 5.0209 | lr 4.826e-04 | 1376.5 ms/update | 5951 tok/s
[train] 2254/4096 | 18464768 tok | loss 5.0224 | lr 4.823e-04 | 1375.9 ms/update | 5954 tok/s
[train] 2255/4096 | 18472960 tok | loss 5.3093 | lr 4.819e-04 | 1375.4 ms/update | 5956 tok/s
[train] 2256/4096 | 18481152 tok | loss 5.2031 | lr 4.816e-04 | 1367.7 ms/update | 5990 tok/s
[train] 2257/4096 | 18489344 tok | loss 5.1453 | lr 4.812e-04 | 1359.0 ms/update | 6028 tok/s
[train] 2258/4096 | 18497536 tok | loss 5.4073 | lr 4.809e-04 | 1362.0 ms/update | 6015 tok/s
[train] 2259/4096 | 18505728 tok | loss 5.2835 | lr 4.806e-04 | 1372.7 ms/update | 5968 tok/s
[train] 2260/4096 | 18513920 tok | loss 4.9755 | lr 4.802e-04 | 1360.6 ms/update | 6021 tok/s
[train] 2261/4096 | 18522112 tok | loss 4.8962 | lr 4.799e-04 | 1373.8 ms/update | 5963 tok/s
[train] 2262/4096 | 18530304 tok | loss 5.4225 | lr 4.795e-04 | 1373.8 ms/update | 5963 tok/s
[train] 2263/4096 | 18538496 tok | loss 5.4353 | lr 4.792e-04 | 1360.4 ms/update | 6022 tok/s
[train] 2264/4096 | 18546688 tok | loss 5.4832 | lr 4.789e-04 | 1374.8 ms/update | 5958 tok/s
[train] 2265/4096 | 18554880 tok | loss 5.2315 | lr 4.785e-04 | 1374.3 ms/update | 5961 tok/s
[train] 2266/4096 | 18563072 tok | loss 5.4790 | lr 4.782e-04 | 1388.4 ms/update | 5901 tok/s
[train] 2267/4096 | 18571264 tok | loss 5.1261 | lr 4.778e-04 | 1375.7 ms/update | 5955 tok/s
[train] 2268/4096 | 18579456 tok | loss 4.4925 | lr 4.775e-04 | 1361.4 ms/update | 6017 tok/s
[train] 2269/4096 | 18587648 tok | loss 5.3210 | lr 4.771e-04 | 1353.9 ms/update | 6051 tok/s
[train] 2270/4096 | 18595840 tok | loss 5.2110 | lr 4.768e-04 | 1364.3 ms/update | 6005 tok/s
[train] 2271/4096 | 18604032 tok | loss 4.8957 | lr 4.765e-04 | 1363.7 ms/update | 6007 tok/s
[train] 2272/4096 | 18612224 tok | loss 5.3679 | lr 4.761e-04 | 1361.4 ms/update | 6017 tok/s
[train] 2273/4096 | 18620416 tok | loss 5.1337 | lr 4.758e-04 | 1374.7 ms/update | 5959 tok/s
[train] 2274/4096 | 18628608 tok | loss 4.9144 | lr 4.754e-04 | 1364.5 ms/update | 6004 tok/s
[train] 2275/4096 | 18636800 tok | loss 5.4377 | lr 4.751e-04 | 1363.2 ms/update | 6009 tok/s
[train] 2276/4096 | 18644992 tok | loss 5.2560 | lr 4.747e-04 | 1365.4 ms/update | 6000 tok/s
[train] 2277/4096 | 18653184 tok | loss 5.2102 | lr 4.744e-04 | 1360.2 ms/update | 6022 tok/s
[train] 2278/4096 | 18661376 tok | loss 4.7589 | lr 4.741e-04 | 1364.4 ms/update | 6004 tok/s
[train] 2279/4096 | 18669568 tok | loss 5.1325 | lr 4.737e-04 | 1356.6 ms/update | 6038 tok/s
[train] 2280/4096 | 18677760 tok | loss 5.2661 | lr 4.734e-04 | 1373.5 ms/update | 5964 tok/s
[train] 2281/4096 | 18685952 tok | loss 5.3500 | lr 4.730e-04 | 1365.3 ms/update | 6000 tok/s
[train] 2282/4096 | 18694144 tok | loss 5.2775 | lr 4.727e-04 | 1359.5 ms/update | 6026 tok/s
[train] 2283/4096 | 18702336 tok | loss 5.2417 | lr 4.724e-04 | 1362.3 ms/update | 6014 tok/s
[train] 2284/4096 | 18710528 tok | loss 5.3213 | lr 4.720e-04 | 1365.6 ms/update | 5999 tok/s
[train] 2285/4096 | 18718720 tok | loss 5.1503 | lr 4.717e-04 | 1363.7 ms/update | 6007 tok/s
[train] 2286/4096 | 18726912 tok | loss 5.0882 | lr 4.713e-04 | 1365.5 ms/update | 5999 tok/s
[train] 2287/4096 | 18735104 tok | loss 5.4217 | lr 4.710e-04 | 1371.1 ms/update | 5975 tok/s
[train] 2288/4096 | 18743296 tok | loss 4.9529 | lr 4.706e-04 | 1355.3 ms/update | 6044 tok/s
[train] 2289/4096 | 18751488 tok | loss 4.9322 | lr 4.703e-04 | 1363.9 ms/update | 6006 tok/s
[train] 2290/4096 | 18759680 tok | loss 4.9547 | lr 4.700e-04 | 1367.8 ms/update | 5989 tok/s
[train] 2291/4096 | 18767872 tok | loss 4.9734 | lr 4.696e-04 | 1369.7 ms/update | 5981 tok/s
[train] 2292/4096 | 18776064 tok | loss 5.2654 | lr 4.693e-04 | 1360.7 ms/update | 6020 tok/s
[train] 2293/4096 | 18784256 tok | loss 4.9056 | lr 4.689e-04 | 1373.5 ms/update | 5964 tok/s
[train] 2294/4096 | 18792448 tok | loss 5.3011 | lr 4.686e-04 | 1373.6 ms/update | 5964 tok/s
[train] 2295/4096 | 18800640 tok | loss 5.2139 | lr 4.683e-04 | 1381.6 ms/update | 5929 tok/s
[train] 2296/4096 | 18808832 tok | loss 5.1679 | lr 4.679e-04 | 1380.4 ms/update | 5935 tok/s
[train] 2297/4096 | 18817024 tok | loss 4.9780 | lr 4.676e-04 | 1374.8 ms/update | 5959 tok/s
[train] 2298/4096 | 18825216 tok | loss 5.1882 | lr 4.672e-04 | 1383.1 ms/update | 5923 tok/s
[train] 2299/4096 | 18833408 tok | loss 5.1723 | lr 4.669e-04 | 1374.2 ms/update | 5961 tok/s
[train] 2300/4096 | 18841600 tok | loss 5.2916 | lr 4.666e-04 | 1364.7 ms/update | 6003 tok/s
[train] 2301/4096 | 18849792 tok | loss 5.2777 | lr 4.662e-04 | 1358.5 ms/update | 6030 tok/s
[train] 2302/4096 | 18857984 tok | loss 5.2372 | lr 4.659e-04 | 1379.0 ms/update | 5941 tok/s
[train] 2303/4096 | 18866176 tok | loss 5.1675 | lr 4.655e-04 | 1368.2 ms/update | 5987 tok/s
[train] 2304/4096 | 18874368 tok | loss 5.3013 | lr 4.652e-04 | 1376.2 ms/update | 5952 tok/s
[eval] step 2304 | val NLL 4.9460 | ppl 140.62 | 65536 tokens
[ckpt] latest.pt @ step 2304
[train] 2305/4096 | 18882560 tok | loss 5.2245 | lr 4.648e-04 | 1363.4 ms/update | 6009 tok/s
[train] 2306/4096 | 18890752 tok | loss 5.3642 | lr 4.645e-04 | 1364.3 ms/update | 6005 tok/s
[train] 2307/4096 | 18898944 tok | loss 5.2154 | lr 4.642e-04 | 1385.0 ms/update | 5915 tok/s
[train] 2308/4096 | 18907136 tok | loss 4.9848 | lr 4.638e-04 | 1378.6 ms/update | 5942 tok/s
[train] 2309/4096 | 18915328 tok | loss 5.1987 | lr 4.635e-04 | 1363.4 ms/update | 6008 tok/s
[train] 2310/4096 | 18923520 tok | loss 4.9810 | lr 4.631e-04 | 1369.7 ms/update | 5981 tok/s
[train] 2311/4096 | 18931712 tok | loss 5.0892 | lr 4.628e-04 | 1359.1 ms/update | 6028 tok/s
[train] 2312/4096 | 18939904 tok | loss 5.1990 | lr 4.625e-04 | 1374.0 ms/update | 5962 tok/s
[train] 2313/4096 | 18948096 tok | loss 5.2220 | lr 4.621e-04 | 1372.9 ms/update | 5967 tok/s
[train] 2314/4096 | 18956288 tok | loss 4.7295 | lr 4.618e-04 | 1378.4 ms/update | 5943 tok/s
[train] 2315/4096 | 18964480 tok | loss 5.1527 | lr 4.614e-04 | 1373.5 ms/update | 5964 tok/s
[train] 2316/4096 | 18972672 tok | loss 5.2215 | lr 4.611e-04 | 1374.0 ms/update | 5962 tok/s
[train] 2317/4096 | 18980864 tok | loss 5.2712 | lr 4.608e-04 | 1372.8 ms/update | 5967 tok/s
[train] 2318/4096 | 18989056 tok | loss 5.0664 | lr 4.604e-04 | 1370.5 ms/update | 5977 tok/s
[train] 2319/4096 | 18997248 tok | loss 5.2084 | lr 4.601e-04 | 1358.7 ms/update | 6029 tok/s
[train] 2320/4096 | 19005440 tok | loss 5.2965 | lr 4.597e-04 | 1375.5 ms/update | 5956 tok/s
[train] 2321/4096 | 19013632 tok | loss 5.1486 | lr 4.594e-04 | 1371.0 ms/update | 5975 tok/s
[train] 2322/4096 | 19021824 tok | loss 5.2325 | lr 4.591e-04 | 1374.4 ms/update | 5960 tok/s
[train] 2323/4096 | 19030016 tok | loss 5.2764 | lr 4.587e-04 | 1375.4 ms/update | 5956 tok/s
[train] 2324/4096 | 19038208 tok | loss 5.3156 | lr 4.584e-04 | 1370.1 ms/update | 5979 tok/s
[train] 2325/4096 | 19046400 tok | loss 5.2043 | lr 4.580e-04 | 1375.1 ms/update | 5957 tok/s
[train] 2326/4096 | 19054592 tok | loss 5.5537 | lr 4.577e-04 | 1376.2 ms/update | 5953 tok/s
[train] 2327/4096 | 19062784 tok | loss 5.4760 | lr 4.574e-04 | 1374.1 ms/update | 5962 tok/s
[train] 2328/4096 | 19070976 tok | loss 4.9825 | lr 4.570e-04 | 1377.1 ms/update | 5949 tok/s
[train] 2329/4096 | 19079168 tok | loss 5.1297 | lr 4.567e-04 | 1390.9 ms/update | 5890 tok/s
[train] 2330/4096 | 19087360 tok | loss 5.2619 | lr 4.563e-04 | 1372.3 ms/update | 5969 tok/s
[train] 2331/4096 | 19095552 tok | loss 4.9729 | lr 4.560e-04 | 1378.6 ms/update | 5942 tok/s
[train] 2332/4096 | 19103744 tok | loss 5.3447 | lr 4.557e-04 | 1372.7 ms/update | 5968 tok/s
[train] 2333/4096 | 19111936 tok | loss 5.2860 | lr 4.553e-04 | 1376.8 ms/update | 5950 tok/s
[train] 2334/4096 | 19120128 tok | loss 4.8753 | lr 4.550e-04 | 1367.1 ms/update | 5992 tok/s
[train] 2335/4096 | 19128320 tok | loss 5.2116 | lr 4.547e-04 | 1372.8 ms/update | 5967 tok/s
[train] 2336/4096 | 19136512 tok | loss 5.3691 | lr 4.543e-04 | 1377.6 ms/update | 5947 tok/s
[train] 2337/4096 | 19144704 tok | loss 5.0067 | lr 4.540e-04 | 1375.3 ms/update | 5957 tok/s
[train] 2338/4096 | 19152896 tok | loss 5.2774 | lr 4.536e-04 | 1373.2 ms/update | 5966 tok/s
[train] 2339/4096 | 19161088 tok | loss 5.3242 | lr 4.533e-04 | 1369.3 ms/update | 5983 tok/s
[train] 2340/4096 | 19169280 tok | loss 5.2666 | lr 4.530e-04 | 1360.3 ms/update | 6022 tok/s
[train] 2341/4096 | 19177472 tok | loss 5.2276 | lr 4.526e-04 | 1372.6 ms/update | 5968 tok/s
[train] 2342/4096 | 19185664 tok | loss 5.0604 | lr 4.523e-04 | 1371.9 ms/update | 5971 tok/s
[train] 2343/4096 | 19193856 tok | loss 4.9609 | lr 4.519e-04 | 1374.9 ms/update | 5958 tok/s
[train] 2344/4096 | 19202048 tok | loss 5.2836 | lr 4.516e-04 | 1373.7 ms/update | 5963 tok/s
[train] 2345/4096 | 19210240 tok | loss 5.2264 | lr 4.513e-04 | 1363.8 ms/update | 6007 tok/s
[train] 2346/4096 | 19218432 tok | loss 5.0541 | lr 4.509e-04 | 1363.3 ms/update | 6009 tok/s
[train] 2347/4096 | 19226624 tok | loss 5.2672 | lr 4.506e-04 | 1357.0 ms/update | 6037 tok/s
[train] 2348/4096 | 19234816 tok | loss 4.9367 | lr 4.503e-04 | 1366.0 ms/update | 5997 tok/s
[train] 2349/4096 | 19243008 tok | loss 5.1234 | lr 4.499e-04 | 1360.7 ms/update | 6020 tok/s
[train] 2350/4096 | 19251200 tok | loss 5.0632 | lr 4.496e-04 | 1356.4 ms/update | 6039 tok/s
[train] 2351/4096 | 19259392 tok | loss 5.3833 | lr 4.492e-04 | 1372.0 ms/update | 5971 tok/s
[train] 2352/4096 | 19267584 tok | loss 5.3191 | lr 4.489e-04 | 1356.7 ms/update | 6038 tok/s
[train] 2353/4096 | 19275776 tok | loss 5.1570 | lr 4.486e-04 | 1358.1 ms/update | 6032 tok/s
[train] 2354/4096 | 19283968 tok | loss 5.2375 | lr 4.482e-04 | 1361.5 ms/update | 6017 tok/s
[train] 2355/4096 | 19292160 tok | loss 5.1595 | lr 4.479e-04 | 1372.7 ms/update | 5968 tok/s
[train] 2356/4096 | 19300352 tok | loss 5.1491 | lr 4.475e-04 | 1373.3 ms/update | 5965 tok/s
[train] 2357/4096 | 19308544 tok | loss 5.1403 | lr 4.472e-04 | 1357.9 ms/update | 6033 tok/s
[train] 2358/4096 | 19316736 tok | loss 4.8897 | lr 4.469e-04 | 1373.7 ms/update | 5964 tok/s
[train] 2359/4096 | 19324928 tok | loss 4.8681 | lr 4.465e-04 | 1357.8 ms/update | 6033 tok/s
[train] 2360/4096 | 19333120 tok | loss 4.8486 | lr 4.462e-04 | 1358.6 ms/update | 6030 tok/s
[train] 2361/4096 | 19341312 tok | loss 5.0491 | lr 4.459e-04 | 1373.0 ms/update | 5966 tok/s
[train] 2362/4096 | 19349504 tok | loss 4.9620 | lr 4.455e-04 | 1357.4 ms/update | 6035 tok/s
[train] 2363/4096 | 19357696 tok | loss 5.1634 | lr 4.452e-04 | 1371.8 ms/update | 5972 tok/s
[train] 2364/4096 | 19365888 tok | loss 5.0386 | lr 4.448e-04 | 1368.4 ms/update | 5987 tok/s
[train] 2365/4096 | 19374080 tok | loss 4.9440 | lr 4.445e-04 | 1365.6 ms/update | 5999 tok/s
[train] 2366/4096 | 19382272 tok | loss 5.3393 | lr 4.442e-04 | 1368.2 ms/update | 5988 tok/s
[train] 2367/4096 | 19390464 tok | loss 5.0480 | lr 4.438e-04 | 1358.4 ms/update | 6031 tok/s
[train] 2368/4096 | 19398656 tok | loss 5.2844 | lr 4.435e-04 | 1369.2 ms/update | 5983 tok/s
[train] 2369/4096 | 19406848 tok | loss 5.2185 | lr 4.432e-04 | 1362.4 ms/update | 6013 tok/s
[train] 2370/4096 | 19415040 tok | loss 5.0683 | lr 4.428e-04 | 1360.9 ms/update | 6019 tok/s
[train] 2371/4096 | 19423232 tok | loss 5.0523 | lr 4.425e-04 | 1357.3 ms/update | 6035 tok/s
[train] 2372/4096 | 19431424 tok | loss 5.1904 | lr 4.422e-04 | 1354.7 ms/update | 6047 tok/s
[train] 2373/4096 | 19439616 tok | loss 5.0253 | lr 4.418e-04 | 1381.4 ms/update | 5930 tok/s
[train] 2374/4096 | 19447808 tok | loss 5.5176 | lr 4.415e-04 | 1369.1 ms/update | 5983 tok/s
[train] 2375/4096 | 19456000 tok | loss 5.1715 | lr 4.411e-04 | 1373.2 ms/update | 5966 tok/s
[train] 2376/4096 | 19464192 tok | loss 5.3264 | lr 4.408e-04 | 1374.1 ms/update | 5962 tok/s
[train] 2377/4096 | 19472384 tok | loss 5.2087 | lr 4.405e-04 | 1370.4 ms/update | 5978 tok/s
[train] 2378/4096 | 19480576 tok | loss 5.3709 | lr 4.401e-04 | 1353.3 ms/update | 6053 tok/s
[train] 2379/4096 | 19488768 tok | loss 4.9141 | lr 4.398e-04 | 1354.0 ms/update | 6050 tok/s
[train] 2380/4096 | 19496960 tok | loss 4.8700 | lr 4.395e-04 | 1367.3 ms/update | 5991 tok/s
[train] 2381/4096 | 19505152 tok | loss 5.2911 | lr 4.391e-04 | 1364.5 ms/update | 6003 tok/s
[train] 2382/4096 | 19513344 tok | loss 5.3179 | lr 4.388e-04 | 1373.0 ms/update | 5966 tok/s
[train] 2383/4096 | 19521536 tok | loss 5.0088 | lr 4.385e-04 | 1375.3 ms/update | 5957 tok/s
[train] 2384/4096 | 19529728 tok | loss 5.2337 | lr 4.381e-04 | 1378.1 ms/update | 5944 tok/s
[train] 2385/4096 | 19537920 tok | loss 5.1735 | lr 4.378e-04 | 1372.0 ms/update | 5971 tok/s
[train] 2386/4096 | 19546112 tok | loss 5.3955 | lr 4.374e-04 | 1367.8 ms/update | 5989 tok/s
[train] 2387/4096 | 19554304 tok | loss 5.2084 | lr 4.371e-04 | 1364.4 ms/update | 6004 tok/s
[train] 2388/4096 | 19562496 tok | loss 5.1628 | lr 4.368e-04 | 1371.4 ms/update | 5973 tok/s
[train] 2389/4096 | 19570688 tok | loss 5.1693 | lr 4.364e-04 | 1363.9 ms/update | 6006 tok/s
[train] 2390/4096 | 19578880 tok | loss 5.4285 | lr 4.361e-04 | 1368.1 ms/update | 5988 tok/s
[train] 2391/4096 | 19587072 tok | loss 5.4891 | lr 4.358e-04 | 1376.2 ms/update | 5953 tok/s
[train] 2392/4096 | 19595264 tok | loss 5.0996 | lr 4.354e-04 | 1373.5 ms/update | 5965 tok/s
[train] 2393/4096 | 19603456 tok | loss 5.1675 | lr 4.351e-04 | 1373.5 ms/update | 5964 tok/s
[train] 2394/4096 | 19611648 tok | loss 5.3903 | lr 4.348e-04 | 1380.0 ms/update | 5936 tok/s
[train] 2395/4096 | 19619840 tok | loss 5.1153 | lr 4.344e-04 | 1375.2 ms/update | 5957 tok/s
[train] 2396/4096 | 19628032 tok | loss 5.2838 | lr 4.341e-04 | 1371.7 ms/update | 5972 tok/s
[train] 2397/4096 | 19636224 tok | loss 4.9942 | lr 4.338e-04 | 1374.6 ms/update | 5960 tok/s
[train] 2398/4096 | 19644416 tok | loss 5.1275 | lr 4.334e-04 | 1374.0 ms/update | 5962 tok/s
[train] 2399/4096 | 19652608 tok | loss 5.0970 | lr 4.331e-04 | 1370.8 ms/update | 5976 tok/s
[train] 2400/4096 | 19660800 tok | loss 5.4868 | lr 4.327e-04 | 1379.7 ms/update | 5938 tok/s
[train] 2401/4096 | 19668992 tok | loss 5.4804 | lr 4.324e-04 | 1376.0 ms/update | 5953 tok/s
[train] 2402/4096 | 19677184 tok | loss 5.3837 | lr 4.321e-04 | 1385.4 ms/update | 5913 tok/s
[train] 2403/4096 | 19685376 tok | loss 5.2247 | lr 4.317e-04 | 1362.6 ms/update | 6012 tok/s
[train] 2404/4096 | 19693568 tok | loss 5.1796 | lr 4.314e-04 | 1377.6 ms/update | 5946 tok/s
[train] 2405/4096 | 19701760 tok | loss 4.9880 | lr 4.311e-04 | 1375.7 ms/update | 5955 tok/s
[train] 2406/4096 | 19709952 tok | loss 5.0834 | lr 4.307e-04 | 1371.0 ms/update | 5975 tok/s
[train] 2407/4096 | 19718144 tok | loss 5.1850 | lr 4.304e-04 | 1376.8 ms/update | 5950 tok/s
[train] 2408/4096 | 19726336 tok | loss 5.0409 | lr 4.301e-04 | 1374.4 ms/update | 5960 tok/s
[train] 2409/4096 | 19734528 tok | loss 5.2287 | lr 4.297e-04 | 1387.0 ms/update | 5906 tok/s
[train] 2410/4096 | 19742720 tok | loss 5.2883 | lr 4.294e-04 | 1363.9 ms/update | 6006 tok/s
[train] 2411/4096 | 19750912 tok | loss 5.1471 | lr 4.291e-04 | 1374.3 ms/update | 5961 tok/s
[train] 2412/4096 | 19759104 tok | loss 5.5749 | lr 4.287e-04 | 1375.1 ms/update | 5957 tok/s
[train] 2413/4096 | 19767296 tok | loss 5.2314 | lr 4.284e-04 | 1371.3 ms/update | 5974 tok/s
[train] 2414/4096 | 19775488 tok | loss 4.9966 | lr 4.281e-04 | 1376.0 ms/update | 5954 tok/s
[train] 2415/4096 | 19783680 tok | loss 5.0182 | lr 4.277e-04 | 1373.7 ms/update | 5963 tok/s
[train] 2416/4096 | 19791872 tok | loss 5.0825 | lr 4.274e-04 | 1377.4 ms/update | 5947 tok/s
[train] 2417/4096 | 19800064 tok | loss 5.1365 | lr 4.271e-04 | 1373.9 ms/update | 5962 tok/s
[train] 2418/4096 | 19808256 tok | loss 5.3048 | lr 4.267e-04 | 1380.4 ms/update | 5934 tok/s
[train] 2419/4096 | 19816448 tok | loss 5.1940 | lr 4.264e-04 | 1388.0 ms/update | 5902 tok/s
[train] 2420/4096 | 19824640 tok | loss 5.3774 | lr 4.261e-04 | 1373.5 ms/update | 5964 tok/s
[train] 2421/4096 | 19832832 tok | loss 4.9793 | lr 4.257e-04 | 1371.9 ms/update | 5971 tok/s
[train] 2422/4096 | 19841024 tok | loss 5.4677 | lr 4.254e-04 | 1378.0 ms/update | 5945 tok/s
[train] 2423/4096 | 19849216 tok | loss 5.4209 | lr 4.251e-04 | 1384.8 ms/update | 5916 tok/s
[train] 2424/4096 | 19857408 tok | loss 5.2932 | lr 4.247e-04 | 1368.9 ms/update | 5985 tok/s
[train] 2425/4096 | 19865600 tok | loss 5.0610 | lr 4.244e-04 | 1367.6 ms/update | 5990 tok/s
[train] 2426/4096 | 19873792 tok | loss 5.0505 | lr 4.241e-04 | 1375.1 ms/update | 5957 tok/s
[train] 2427/4096 | 19881984 tok | loss 5.5405 | lr 4.237e-04 | 1374.5 ms/update | 5960 tok/s
[train] 2428/4096 | 19890176 tok | loss 5.3237 | lr 4.234e-04 | 1374.4 ms/update | 5960 tok/s
[train] 2429/4096 | 19898368 tok | loss 5.3156 | lr 4.231e-04 | 1373.3 ms/update | 5965 tok/s
[train] 2430/4096 | 19906560 tok | loss 5.2858 | lr 4.227e-04 | 1376.7 ms/update | 5950 tok/s
[train] 2431/4096 | 19914752 tok | loss 5.0774 | lr 4.224e-04 | 1378.5 ms/update | 5943 tok/s
[train] 2432/4096 | 19922944 tok | loss 5.0860 | lr 4.221e-04 | 1363.7 ms/update | 6007 tok/s
[eval] step 2432 | val NLL 4.9235 | ppl 137.49 | 65536 tokens
[ckpt] latest.pt @ step 2432
[train] 2433/4096 | 19931136 tok | loss 5.3199 | lr 4.217e-04 | 1376.3 ms/update | 5952 tok/s
[train] 2434/4096 | 19939328 tok | loss 5.2732 | lr 4.214e-04 | 1361.9 ms/update | 6015 tok/s
[train] 2435/4096 | 19947520 tok | loss 5.0078 | lr 4.211e-04 | 1375.2 ms/update | 5957 tok/s
[train] 2436/4096 | 19955712 tok | loss 5.4778 | lr 4.207e-04 | 1393.4 ms/update | 5879 tok/s
[train] 2437/4096 | 19963904 tok | loss 5.1900 | lr 4.204e-04 | 1371.0 ms/update | 5975 tok/s
[train] 2438/4096 | 19972096 tok | loss 4.7099 | lr 4.201e-04 | 1359.5 ms/update | 6026 tok/s
[train] 2439/4096 | 19980288 tok | loss 5.2001 | lr 4.197e-04 | 1370.0 ms/update | 5980 tok/s
[train] 2440/4096 | 19988480 tok | loss 4.9328 | lr 4.194e-04 | 1369.0 ms/update | 5984 tok/s
[train] 2441/4096 | 19996672 tok | loss 5.1748 | lr 4.191e-04 | 1358.0 ms/update | 6032 tok/s
[train] 2442/4096 | 20004864 tok | loss 5.1977 | lr 4.187e-04 | 1371.0 ms/update | 5975 tok/s
[train] 2443/4096 | 20013056 tok | loss 4.5984 | lr 4.184e-04 | 1363.5 ms/update | 6008 tok/s
[train] 2444/4096 | 20021248 tok | loss 4.7411 | lr 4.181e-04 | 1369.2 ms/update | 5983 tok/s
[train] 2445/4096 | 20029440 tok | loss 5.3286 | lr 4.178e-04 | 1371.2 ms/update | 5974 tok/s
[train] 2446/4096 | 20037632 tok | loss 5.3154 | lr 4.174e-04 | 1360.8 ms/update | 6020 tok/s
[train] 2447/4096 | 20045824 tok | loss 5.3502 | lr 4.171e-04 | 1371.4 ms/update | 5974 tok/s
[train] 2448/4096 | 20054016 tok | loss 5.2331 | lr 4.168e-04 | 1356.6 ms/update | 6039 tok/s
[train] 2449/4096 | 20062208 tok | loss 5.3189 | lr 4.164e-04 | 1362.8 ms/update | 6011 tok/s
[train] 2450/4096 | 20070400 tok | loss 4.9959 | lr 4.161e-04 | 1370.7 ms/update | 5976 tok/s
[train] 2451/4096 | 20078592 tok | loss 5.2487 | lr 4.158e-04 | 1367.1 ms/update | 5992 tok/s
[train] 2452/4096 | 20086784 tok | loss 5.1082 | lr 4.154e-04 | 1367.3 ms/update | 5991 tok/s
[train] 2453/4096 | 20094976 tok | loss 4.7915 | lr 4.151e-04 | 1373.9 ms/update | 5963 tok/s
[train] 2454/4096 | 20103168 tok | loss 5.0667 | lr 4.148e-04 | 1377.3 ms/update | 5948 tok/s
[train] 2455/4096 | 20111360 tok | loss 5.4473 | lr 4.144e-04 | 1373.2 ms/update | 5966 tok/s
[train] 2456/4096 | 20119552 tok | loss 4.9454 | lr 4.141e-04 | 1355.2 ms/update | 6045 tok/s
[train] 2457/4096 | 20127744 tok | loss 4.9425 | lr 4.138e-04 | 1365.8 ms/update | 5998 tok/s
[train] 2458/4096 | 20135936 tok | loss 5.3623 | lr 4.135e-04 | 1370.2 ms/update | 5979 tok/s
[train] 2459/4096 | 20144128 tok | loss 5.0573 | lr 4.131e-04 | 1370.7 ms/update | 5977 tok/s
[train] 2460/4096 | 20152320 tok | loss 5.2632 | lr 4.128e-04 | 1374.4 ms/update | 5961 tok/s
[train] 2461/4096 | 20160512 tok | loss 5.2287 | lr 4.125e-04 | 1369.2 ms/update | 5983 tok/s
[train] 2462/4096 | 20168704 tok | loss 5.3169 | lr 4.121e-04 | 1357.9 ms/update | 6033 tok/s
[train] 2463/4096 | 20176896 tok | loss 5.0036 | lr 4.118e-04 | 1372.1 ms/update | 5970 tok/s
[train] 2464/4096 | 20185088 tok | loss 4.7977 | lr 4.115e-04 | 1371.7 ms/update | 5972 tok/s
[train] 2465/4096 | 20193280 tok | loss 5.0585 | lr 4.111e-04 | 1365.0 ms/update | 6001 tok/s
[train] 2466/4096 | 20201472 tok | loss 4.9437 | lr 4.108e-04 | 1367.8 ms/update | 5989 tok/s
[train] 2467/4096 | 20209664 tok | loss 5.0932 | lr 4.105e-04 | 1374.8 ms/update | 5959 tok/s
[train] 2468/4096 | 20217856 tok | loss 5.0574 | lr 4.102e-04 | 1372.4 ms/update | 5969 tok/s
[train] 2469/4096 | 20226048 tok | loss 5.2691 | lr 4.098e-04 | 1376.7 ms/update | 5951 tok/s
[train] 2470/4096 | 20234240 tok | loss 5.3177 | lr 4.095e-04 | 1372.4 ms/update | 5969 tok/s
[train] 2471/4096 | 20242432 tok | loss 5.3368 | lr 4.092e-04 | 1373.8 ms/update | 5963 tok/s
[train] 2472/4096 | 20250624 tok | loss 5.2884 | lr 4.088e-04 | 1381.2 ms/update | 5931 tok/s
[train] 2473/4096 | 20258816 tok | loss 4.9089 | lr 4.085e-04 | 1365.5 ms/update | 5999 tok/s
[train] 2474/4096 | 20267008 tok | loss 5.3208 | lr 4.082e-04 | 1359.8 ms/update | 6024 tok/s
[train] 2475/4096 | 20275200 tok | loss 4.8550 | lr 4.078e-04 | 1368.6 ms/update | 5986 tok/s
[train] 2476/4096 | 20283392 tok | loss 4.6869 | lr 4.075e-04 | 1368.0 ms/update | 5988 tok/s
[train] 2477/4096 | 20291584 tok | loss 5.1478 | lr 4.072e-04 | 1357.0 ms/update | 6037 tok/s
[train] 2478/4096 | 20299776 tok | loss 5.1741 | lr 4.069e-04 | 1359.4 ms/update | 6026 tok/s
[train] 2479/4096 | 20307968 tok | loss 4.8473 | lr 4.065e-04 | 1371.5 ms/update | 5973 tok/s
[train] 2480/4096 | 20316160 tok | loss 5.3475 | lr 4.062e-04 | 1372.7 ms/update | 5968 tok/s
[train] 2481/4096 | 20324352 tok | loss 4.8980 | lr 4.059e-04 | 1373.5 ms/update | 5964 tok/s
[train] 2482/4096 | 20332544 tok | loss 5.1762 | lr 4.055e-04 | 1372.5 ms/update | 5969 tok/s
[train] 2483/4096 | 20340736 tok | loss 5.1066 | lr 4.052e-04 | 1371.4 ms/update | 5974 tok/s
[train] 2484/4096 | 20348928 tok | loss 5.2083 | lr 4.049e-04 | 1361.8 ms/update | 6015 tok/s
[train] 2485/4096 | 20357120 tok | loss 5.3276 | lr 4.046e-04 | 1377.0 ms/update | 5949 tok/s
[train] 2486/4096 | 20365312 tok | loss 5.4824 | lr 4.042e-04 | 1373.1 ms/update | 5966 tok/s
[train] 2487/4096 | 20373504 tok | loss 5.1142 | lr 4.039e-04 | 1384.0 ms/update | 5919 tok/s
[train] 2488/4096 | 20381696 tok | loss 4.9525 | lr 4.036e-04 | 1361.8 ms/update | 6016 tok/s
[train] 2489/4096 | 20389888 tok | loss 5.0888 | lr 4.032e-04 | 1373.6 ms/update | 5964 tok/s
[train] 2490/4096 | 20398080 tok | loss 5.1056 | lr 4.029e-04 | 1371.8 ms/update | 5972 tok/s
[train] 2491/4096 | 20406272 tok | loss 5.2944 | lr 4.026e-04 | 1358.5 ms/update | 6030 tok/s
[train] 2492/4096 | 20414464 tok | loss 4.9900 | lr 4.023e-04 | 1370.5 ms/update | 5977 tok/s
[train] 2493/4096 | 20422656 tok | loss 5.0336 | lr 4.019e-04 | 1375.5 ms/update | 5955 tok/s
[train] 2494/4096 | 20430848 tok | loss 5.2715 | lr 4.016e-04 | 1378.7 ms/update | 5942 tok/s
[train] 2495/4096 | 20439040 tok | loss 5.3224 | lr 4.013e-04 | 1373.3 ms/update | 5965 tok/s
[train] 2496/4096 | 20447232 tok | loss 5.1946 | lr 4.010e-04 | 1366.9 ms/update | 5993 tok/s
[train] 2497/4096 | 20455424 tok | loss 5.4125 | lr 4.006e-04 | 1367.0 ms/update | 5993 tok/s
[train] 2498/4096 | 20463616 tok | loss 5.0113 | lr 4.003e-04 | 1377.6 ms/update | 5947 tok/s
[train] 2499/4096 | 20471808 tok | loss 5.4478 | lr 4.000e-04 | 1372.8 ms/update | 5967 tok/s
[train] 2500/4096 | 20480000 tok | loss 5.0563 | lr 3.996e-04 | 1361.2 ms/update | 6018 tok/s
[train] 2501/4096 | 20488192 tok | loss 5.2838 | lr 3.993e-04 | 1370.7 ms/update | 5976 tok/s
[train] 2502/4096 | 20496384 tok | loss 4.9813 | lr 3.990e-04 | 1360.6 ms/update | 6021 tok/s
[train] 2503/4096 | 20504576 tok | loss 5.5937 | lr 3.987e-04 | 1372.0 ms/update | 5971 tok/s
[train] 2504/4096 | 20512768 tok | loss 5.3193 | lr 3.983e-04 | 1359.6 ms/update | 6025 tok/s
[train] 2505/4096 | 20520960 tok | loss 5.3130 | lr 3.980e-04 | 1370.1 ms/update | 5979 tok/s
[train] 2506/4096 | 20529152 tok | loss 5.0389 | lr 3.977e-04 | 1357.2 ms/update | 6036 tok/s
[train] 2507/4096 | 20537344 tok | loss 5.3043 | lr 3.974e-04 | 1357.8 ms/update | 6033 tok/s
[train] 2508/4096 | 20545536 tok | loss 5.0879 | lr 3.970e-04 | 1369.4 ms/update | 5982 tok/s
[train] 2509/4096 | 20553728 tok | loss 5.0276 | lr 3.967e-04 | 1358.0 ms/update | 6033 tok/s
[train] 2510/4096 | 20561920 tok | loss 4.7580 | lr 3.964e-04 | 1376.3 ms/update | 5952 tok/s
[train] 2511/4096 | 20570112 tok | loss 5.3641 | lr 3.961e-04 | 1370.4 ms/update | 5978 tok/s
[train] 2512/4096 | 20578304 tok | loss 5.1307 | lr 3.957e-04 | 1352.2 ms/update | 6058 tok/s
[train] 2513/4096 | 20586496 tok | loss 5.1857 | lr 3.954e-04 | 1356.6 ms/update | 6038 tok/s
[train] 2514/4096 | 20594688 tok | loss 4.8995 | lr 3.951e-04 | 1358.0 ms/update | 6032 tok/s
[train] 2515/4096 | 20602880 tok | loss 5.3540 | lr 3.948e-04 | 1369.2 ms/update | 5983 tok/s
[train] 2516/4096 | 20611072 tok | loss 5.0715 | lr 3.944e-04 | 1362.7 ms/update | 6012 tok/s
[train] 2517/4096 | 20619264 tok | loss 5.4759 | lr 3.941e-04 | 1362.6 ms/update | 6012 tok/s
[train] 2518/4096 | 20627456 tok | loss 5.2195 | lr 3.938e-04 | 1351.5 ms/update | 6061 tok/s
[train] 2519/4096 | 20635648 tok | loss 4.9033 | lr 3.935e-04 | 1353.7 ms/update | 6051 tok/s
[train] 2520/4096 | 20643840 tok | loss 5.1277 | lr 3.931e-04 | 1354.8 ms/update | 6047 tok/s
[train] 2521/4096 | 20652032 tok | loss 4.9486 | lr 3.928e-04 | 1355.2 ms/update | 6045 tok/s
[train] 2522/4096 | 20660224 tok | loss 5.3523 | lr 3.925e-04 | 1350.7 ms/update | 6065 tok/s
[train] 2523/4096 | 20668416 tok | loss 5.2289 | lr 3.922e-04 | 1360.5 ms/update | 6021 tok/s
[train] 2524/4096 | 20676608 tok | loss 5.1870 | lr 3.918e-04 | 1363.5 ms/update | 6008 tok/s
[train] 2525/4096 | 20684800 tok | loss 5.0462 | lr 3.915e-04 | 1360.0 ms/update | 6024 tok/s
[train] 2526/4096 | 20692992 tok | loss 5.0109 | lr 3.912e-04 | 1354.7 ms/update | 6047 tok/s
[train] 2527/4096 | 20701184 tok | loss 5.3738 | lr 3.909e-04 | 1356.5 ms/update | 6039 tok/s
[train] 2528/4096 | 20709376 tok | loss 5.3409 | lr 3.905e-04 | 1350.1 ms/update | 6068 tok/s
[train] 2529/4096 | 20717568 tok | loss 5.3234 | lr 3.902e-04 | 1356.6 ms/update | 6039 tok/s
[train] 2530/4096 | 20725760 tok | loss 5.1239 | lr 3.899e-04 | 1349.8 ms/update | 6069 tok/s
[train] 2531/4096 | 20733952 tok | loss 4.9520 | lr 3.896e-04 | 1364.1 ms/update | 6005 tok/s
[train] 2532/4096 | 20742144 tok | loss 5.4361 | lr 3.892e-04 | 1366.0 ms/update | 5997 tok/s
[train] 2533/4096 | 20750336 tok | loss 5.0892 | lr 3.889e-04 | 1354.8 ms/update | 6047 tok/s
[train] 2534/4096 | 20758528 tok | loss 5.3571 | lr 3.886e-04 | 1357.3 ms/update | 6036 tok/s
[train] 2535/4096 | 20766720 tok | loss 5.2733 | lr 3.883e-04 | 1369.9 ms/update | 5980 tok/s
[train] 2536/4096 | 20774912 tok | loss 5.1383 | lr 3.879e-04 | 1353.5 ms/update | 6052 tok/s
[train] 2537/4096 | 20783104 tok | loss 4.7866 | lr 3.876e-04 | 1364.2 ms/update | 6005 tok/s
[train] 2538/4096 | 20791296 tok | loss 5.2935 | lr 3.873e-04 | 1372.6 ms/update | 5968 tok/s
[train] 2539/4096 | 20799488 tok | loss 5.4499 | lr 3.870e-04 | 1367.7 ms/update | 5990 tok/s
[train] 2540/4096 | 20807680 tok | loss 5.3026 | lr 3.866e-04 | 1365.0 ms/update | 6002 tok/s
[train] 2541/4096 | 20815872 tok | loss 5.0639 | lr 3.863e-04 | 1373.1 ms/update | 5966 tok/s
[train] 2542/4096 | 20824064 tok | loss 5.0152 | lr 3.860e-04 | 1368.6 ms/update | 5985 tok/s
[train] 2543/4096 | 20832256 tok | loss 4.7573 | lr 3.857e-04 | 1394.4 ms/update | 5875 tok/s
[train] 2544/4096 | 20840448 tok | loss 5.3822 | lr 3.854e-04 | 1376.7 ms/update | 5951 tok/s
[train] 2545/4096 | 20848640 tok | loss 5.0958 | lr 3.850e-04 | 1379.7 ms/update | 5937 tok/s
[train] 2546/4096 | 20856832 tok | loss 4.8329 | lr 3.847e-04 | 1374.8 ms/update | 5959 tok/s
[train] 2547/4096 | 20865024 tok | loss 5.0839 | lr 3.844e-04 | 1372.4 ms/update | 5969 tok/s
[train] 2548/4096 | 20873216 tok | loss 5.3893 | lr 3.841e-04 | 1380.1 ms/update | 5936 tok/s
[train] 2549/4096 | 20881408 tok | loss 5.2772 | lr 3.837e-04 | 1374.6 ms/update | 5959 tok/s
[train] 2550/4096 | 20889600 tok | loss 5.0200 | lr 3.834e-04 | 1374.5 ms/update | 5960 tok/s
[train] 2551/4096 | 20897792 tok | loss 5.2892 | lr 3.831e-04 | 1373.4 ms/update | 5965 tok/s
[train] 2552/4096 | 20905984 tok | loss 5.1379 | lr 3.828e-04 | 1374.4 ms/update | 5961 tok/s
[train] 2553/4096 | 20914176 tok | loss 5.1500 | lr 3.824e-04 | 1372.1 ms/update | 5970 tok/s
[train] 2554/4096 | 20922368 tok | loss 5.0732 | lr 3.821e-04 | 1376.8 ms/update | 5950 tok/s
[train] 2555/4096 | 20930560 tok | loss 4.9254 | lr 3.818e-04 | 1376.3 ms/update | 5952 tok/s
[train] 2556/4096 | 20938752 tok | loss 5.2414 | lr 3.815e-04 | 1373.1 ms/update | 5966 tok/s
[train] 2557/4096 | 20946944 tok | loss 5.1883 | lr 3.812e-04 | 1371.6 ms/update | 5972 tok/s
[train] 2558/4096 | 20955136 tok | loss 5.1375 | lr 3.808e-04 | 1360.9 ms/update | 6019 tok/s
[train] 2559/4096 | 20963328 tok | loss 5.3912 | lr 3.805e-04 | 1372.7 ms/update | 5968 tok/s
[train] 2560/4096 | 20971520 tok | loss 5.2432 | lr 3.802e-04 | 1377.5 ms/update | 5947 tok/s
[eval] step 2560 | val NLL 4.9156 | ppl 136.41 | 65536 tokens
[ckpt] latest.pt @ step 2560
[train] 2561/4096 | 20979712 tok | loss 5.1499 | lr 3.799e-04 | 1365.1 ms/update | 6001 tok/s
[train] 2562/4096 | 20987904 tok | loss 5.2162 | lr 3.796e-04 | 1361.4 ms/update | 6017 tok/s
[train] 2563/4096 | 20996096 tok | loss 5.0785 | lr 3.792e-04 | 1385.9 ms/update | 5911 tok/s
[train] 2564/4096 | 21004288 tok | loss 5.0177 | lr 3.789e-04 | 1368.6 ms/update | 5986 tok/s
[train] 2565/4096 | 21012480 tok | loss 5.3270 | lr 3.786e-04 | 1369.2 ms/update | 5983 tok/s
[train] 2566/4096 | 21020672 tok | loss 5.2834 | lr 3.783e-04 | 1371.7 ms/update | 5972 tok/s
[train] 2567/4096 | 21028864 tok | loss 5.1721 | lr 3.780e-04 | 1372.8 ms/update | 5967 tok/s
[train] 2568/4096 | 21037056 tok | loss 5.1564 | lr 3.776e-04 | 1353.3 ms/update | 6053 tok/s
[train] 2569/4096 | 21045248 tok | loss 5.2753 | lr 3.773e-04 | 1355.0 ms/update | 6046 tok/s
[train] 2570/4096 | 21053440 tok | loss 5.0196 | lr 3.770e-04 | 1370.0 ms/update | 5980 tok/s
[train] 2571/4096 | 21061632 tok | loss 5.3399 | lr 3.767e-04 | 1367.4 ms/update | 5991 tok/s
[train] 2572/4096 | 21069824 tok | loss 5.3102 | lr 3.764e-04 | 1374.3 ms/update | 5961 tok/s
[train] 2573/4096 | 21078016 tok | loss 5.0044 | lr 3.760e-04 | 1359.5 ms/update | 6026 tok/s
[train] 2574/4096 | 21086208 tok | loss 5.4282 | lr 3.757e-04 | 1357.9 ms/update | 6033 tok/s
[train] 2575/4096 | 21094400 tok | loss 4.9491 | lr 3.754e-04 | 1361.0 ms/update | 6019 tok/s
[train] 2576/4096 | 21102592 tok | loss 5.1638 | lr 3.751e-04 | 1365.2 ms/update | 6001 tok/s
[train] 2577/4096 | 21110784 tok | loss 5.4126 | lr 3.748e-04 | 1354.6 ms/update | 6047 tok/s
[train] 2578/4096 | 21118976 tok | loss 4.9979 | lr 3.744e-04 | 1354.8 ms/update | 6046 tok/s
[train] 2579/4096 | 21127168 tok | loss 5.3648 | lr 3.741e-04 | 1353.4 ms/update | 6053 tok/s
[train] 2580/4096 | 21135360 tok | loss 5.2489 | lr 3.738e-04 | 1363.0 ms/update | 6010 tok/s
[train] 2581/4096 | 21143552 tok | loss 5.2016 | lr 3.735e-04 | 1378.0 ms/update | 5945 tok/s
[train] 2582/4096 | 21151744 tok | loss 5.4366 | lr 3.732e-04 | 1377.6 ms/update | 5947 tok/s
[train] 2583/4096 | 21159936 tok | loss 5.1093 | lr 3.728e-04 | 1366.6 ms/update | 5995 tok/s
[train] 2584/4096 | 21168128 tok | loss 5.2233 | lr 3.725e-04 | 1374.7 ms/update | 5959 tok/s
[train] 2585/4096 | 21176320 tok | loss 5.1365 | lr 3.722e-04 | 1371.2 ms/update | 5974 tok/s
[train] 2586/4096 | 21184512 tok | loss 5.1824 | lr 3.719e-04 | 1368.4 ms/update | 5987 tok/s
[train] 2587/4096 | 21192704 tok | loss 5.2981 | lr 3.716e-04 | 1354.2 ms/update | 6049 tok/s
[train] 2588/4096 | 21200896 tok | loss 4.9562 | lr 3.712e-04 | 1358.5 ms/update | 6030 tok/s
[train] 2589/4096 | 21209088 tok | loss 5.3495 | lr 3.709e-04 | 1355.2 ms/update | 6045 tok/s
[train] 2590/4096 | 21217280 tok | loss 5.2781 | lr 3.706e-04 | 1356.9 ms/update | 6037 tok/s
[train] 2591/4096 | 21225472 tok | loss 5.4849 | lr 3.703e-04 | 1358.3 ms/update | 6031 tok/s
[train] 2592/4096 | 21233664 tok | loss 5.2046 | lr 3.700e-04 | 1366.2 ms/update | 5996 tok/s
[train] 2593/4096 | 21241856 tok | loss 4.9190 | lr 3.697e-04 | 1360.7 ms/update | 6021 tok/s
[train] 2594/4096 | 21250048 tok | loss 5.2809 | lr 3.693e-04 | 1361.1 ms/update | 6019 tok/s
[train] 2595/4096 | 21258240 tok | loss 5.0028 | lr 3.690e-04 | 1371.7 ms/update | 5972 tok/s
[train] 2596/4096 | 21266432 tok | loss 5.0747 | lr 3.687e-04 | 1360.8 ms/update | 6020 tok/s
[train] 2597/4096 | 21274624 tok | loss 4.8714 | lr 3.684e-04 | 1369.7 ms/update | 5981 tok/s
[train] 2598/4096 | 21282816 tok | loss 5.1839 | lr 3.681e-04 | 1355.4 ms/update | 6044 tok/s
[train] 2599/4096 | 21291008 tok | loss 5.0183 | lr 3.678e-04 | 1358.0 ms/update | 6032 tok/s
[train] 2600/4096 | 21299200 tok | loss 5.5881 | lr 3.674e-04 | 1373.5 ms/update | 5964 tok/s
[train] 2601/4096 | 21307392 tok | loss 4.9261 | lr 3.671e-04 | 1370.1 ms/update | 5979 tok/s
[train] 2602/4096 | 21315584 tok | loss 5.0543 | lr 3.668e-04 | 1362.9 ms/update | 6011 tok/s
[train] 2603/4096 | 21323776 tok | loss 5.2388 | lr 3.665e-04 | 1370.1 ms/update | 5979 tok/s
[train] 2604/4096 | 21331968 tok | loss 4.9026 | lr 3.662e-04 | 1358.0 ms/update | 6032 tok/s
[train] 2605/4096 | 21340160 tok | loss 5.0216 | lr 3.658e-04 | 1376.3 ms/update | 5952 tok/s
[train] 2606/4096 | 21348352 tok | loss 5.4725 | lr 3.655e-04 | 1374.2 ms/update | 5961 tok/s
[train] 2607/4096 | 21356544 tok | loss 4.9319 | lr 3.652e-04 | 1375.4 ms/update | 5956 tok/s
[train] 2608/4096 | 21364736 tok | loss 5.2353 | lr 3.649e-04 | 1374.4 ms/update | 5960 tok/s
[train] 2609/4096 | 21372928 tok | loss 5.3951 | lr 3.646e-04 | 1373.2 ms/update | 5965 tok/s
[train] 2610/4096 | 21381120 tok | loss 5.3649 | lr 3.643e-04 | 1360.9 ms/update | 6019 tok/s
[train] 2611/4096 | 21389312 tok | loss 5.0829 | lr 3.640e-04 | 1376.2 ms/update | 5953 tok/s
[train] 2612/4096 | 21397504 tok | loss 4.7489 | lr 3.636e-04 | 1370.8 ms/update | 5976 tok/s
[train] 2613/4096 | 21405696 tok | loss 5.1513 | lr 3.633e-04 | 1373.1 ms/update | 5966 tok/s
[train] 2614/4096 | 21413888 tok | loss 5.0848 | lr 3.630e-04 | 1373.5 ms/update | 5964 tok/s
[train] 2615/4096 | 21422080 tok | loss 4.8212 | lr 3.627e-04 | 1369.4 ms/update | 5982 tok/s
[train] 2616/4096 | 21430272 tok | loss 5.2615 | lr 3.624e-04 | 1387.4 ms/update | 5905 tok/s
[train] 2617/4096 | 21438464 tok | loss 5.1165 | lr 3.621e-04 | 1363.7 ms/update | 6007 tok/s
[train] 2618/4096 | 21446656 tok | loss 5.2587 | lr 3.617e-04 | 1371.2 ms/update | 5974 tok/s
[train] 2619/4096 | 21454848 tok | loss 5.1054 | lr 3.614e-04 | 1372.3 ms/update | 5969 tok/s
[train] 2620/4096 | 21463040 tok | loss 5.2967 | lr 3.611e-04 | 1375.4 ms/update | 5956 tok/s
[train] 2621/4096 | 21471232 tok | loss 4.9482 | lr 3.608e-04 | 1375.1 ms/update | 5957 tok/s
[train] 2622/4096 | 21479424 tok | loss 5.0563 | lr 3.605e-04 | 1371.0 ms/update | 5975 tok/s
[train] 2623/4096 | 21487616 tok | loss 5.1034 | lr 3.602e-04 | 1393.5 ms/update | 5879 tok/s
[train] 2624/4096 | 21495808 tok | loss 4.9138 | lr 3.599e-04 | 1362.6 ms/update | 6012 tok/s
[train] 2625/4096 | 21504000 tok | loss 5.0088 | lr 3.595e-04 | 1367.7 ms/update | 5990 tok/s
[train] 2626/4096 | 21512192 tok | loss 5.4722 | lr 3.592e-04 | 1373.2 ms/update | 5966 tok/s
[train] 2627/4096 | 21520384 tok | loss 5.3023 | lr 3.589e-04 | 1366.1 ms/update | 5997 tok/s
[train] 2628/4096 | 21528576 tok | loss 5.4191 | lr 3.586e-04 | 1362.8 ms/update | 6011 tok/s
[train] 2629/4096 | 21536768 tok | loss 5.4225 | lr 3.583e-04 | 1367.5 ms/update | 5990 tok/s
[train] 2630/4096 | 21544960 tok | loss 5.0021 | lr 3.580e-04 | 1356.7 ms/update | 6038 tok/s
[train] 2631/4096 | 21553152 tok | loss 4.9768 | lr 3.577e-04 | 1358.6 ms/update | 6030 tok/s
[train] 2632/4096 | 21561344 tok | loss 5.6106 | lr 3.573e-04 | 1368.8 ms/update | 5985 tok/s
[train] 2633/4096 | 21569536 tok | loss 4.7513 | lr 3.570e-04 | 1354.9 ms/update | 6046 tok/s
[train] 2634/4096 | 21577728 tok | loss 5.1130 | lr 3.567e-04 | 1368.4 ms/update | 5987 tok/s
[train] 2635/4096 | 21585920 tok | loss 4.7971 | lr 3.564e-04 | 1353.6 ms/update | 6052 tok/s
[train] 2636/4096 | 21594112 tok | loss 5.0564 | lr 3.561e-04 | 1353.4 ms/update | 6053 tok/s
[train] 2637/4096 | 21602304 tok | loss 5.1203 | lr 3.558e-04 | 1358.0 ms/update | 6032 tok/s
[train] 2638/4096 | 21610496 tok | loss 5.1318 | lr 3.555e-04 | 1380.3 ms/update | 5935 tok/s
[train] 2639/4096 | 21618688 tok | loss 5.0272 | lr 3.552e-04 | 1361.0 ms/update | 6019 tok/s
[train] 2640/4096 | 21626880 tok | loss 5.1904 | lr 3.548e-04 | 1360.3 ms/update | 6022 tok/s
[train] 2641/4096 | 21635072 tok | loss 5.1098 | lr 3.545e-04 | 1355.3 ms/update | 6044 tok/s
[train] 2642/4096 | 21643264 tok | loss 5.2007 | lr 3.542e-04 | 1356.9 ms/update | 6037 tok/s
[train] 2643/4096 | 21651456 tok | loss 5.2679 | lr 3.539e-04 | 1354.6 ms/update | 6047 tok/s
[train] 2644/4096 | 21659648 tok | loss 4.9775 | lr 3.536e-04 | 1354.9 ms/update | 6046 tok/s
[train] 2645/4096 | 21667840 tok | loss 5.1074 | lr 3.533e-04 | 1364.5 ms/update | 6004 tok/s
[train] 2646/4096 | 21676032 tok | loss 4.9904 | lr 3.530e-04 | 1364.9 ms/update | 6002 tok/s
[train] 2647/4096 | 21684224 tok | loss 4.8093 | lr 3.527e-04 | 1362.5 ms/update | 6013 tok/s
[train] 2648/4096 | 21692416 tok | loss 5.0947 | lr 3.523e-04 | 1355.3 ms/update | 6044 tok/s
[train] 2649/4096 | 21700608 tok | loss 5.1510 | lr 3.520e-04 | 1353.7 ms/update | 6052 tok/s
[train] 2650/4096 | 21708800 tok | loss 5.2534 | lr 3.517e-04 | 1358.7 ms/update | 6029 tok/s
[train] 2651/4096 | 21716992 tok | loss 5.3237 | lr 3.514e-04 | 1359.0 ms/update | 6028 tok/s
[train] 2652/4096 | 21725184 tok | loss 5.3168 | lr 3.511e-04 | 1358.8 ms/update | 6029 tok/s
[train] 2653/4096 | 21733376 tok | loss 5.1592 | lr 3.508e-04 | 1368.3 ms/update | 5987 tok/s
[train] 2654/4096 | 21741568 tok | loss 5.3459 | lr 3.505e-04 | 1355.8 ms/update | 6042 tok/s
[train] 2655/4096 | 21749760 tok | loss 5.1667 | lr 3.502e-04 | 1366.5 ms/update | 5995 tok/s
[train] 2656/4096 | 21757952 tok | loss 4.7384 | lr 3.499e-04 | 1356.9 ms/update | 6037 tok/s
[train] 2657/4096 | 21766144 tok | loss 5.3693 | lr 3.495e-04 | 1355.2 ms/update | 6045 tok/s
[train] 2658/4096 | 21774336 tok | loss 5.0824 | lr 3.492e-04 | 1355.2 ms/update | 6045 tok/s
[train] 2659/4096 | 21782528 tok | loss 5.3914 | lr 3.489e-04 | 1358.9 ms/update | 6028 tok/s
[train] 2660/4096 | 21790720 tok | loss 5.2048 | lr 3.486e-04 | 1370.3 ms/update | 5978 tok/s
[train] 2661/4096 | 21798912 tok | loss 5.1609 | lr 3.483e-04 | 1371.1 ms/update | 5975 tok/s
[train] 2662/4096 | 21807104 tok | loss 5.0189 | lr 3.480e-04 | 1352.5 ms/update | 6057 tok/s
[train] 2663/4096 | 21815296 tok | loss 4.9471 | lr 3.477e-04 | 1353.6 ms/update | 6052 tok/s
[train] 2664/4096 | 21823488 tok | loss 5.0987 | lr 3.474e-04 | 1353.9 ms/update | 6051 tok/s
[train] 2665/4096 | 21831680 tok | loss 5.2681 | lr 3.471e-04 | 1364.8 ms/update | 6002 tok/s
[train] 2666/4096 | 21839872 tok | loss 5.0645 | lr 3.468e-04 | 1360.0 ms/update | 6024 tok/s
[train] 2667/4096 | 21848064 tok | loss 5.2376 | lr 3.464e-04 | 1373.5 ms/update | 5964 tok/s
[train] 2668/4096 | 21856256 tok | loss 4.8633 | lr 3.461e-04 | 1369.3 ms/update | 5983 tok/s
[train] 2669/4096 | 21864448 tok | loss 4.6901 | lr 3.458e-04 | 1361.2 ms/update | 6018 tok/s
[train] 2670/4096 | 21872640 tok | loss 4.8587 | lr 3.455e-04 | 1358.6 ms/update | 6030 tok/s
[train] 2671/4096 | 21880832 tok | loss 4.9245 | lr 3.452e-04 | 1381.5 ms/update | 5930 tok/s
[train] 2672/4096 | 21889024 tok | loss 5.0027 | lr 3.449e-04 | 1374.6 ms/update | 5960 tok/s
[train] 2673/4096 | 21897216 tok | loss 5.1895 | lr 3.446e-04 | 1368.6 ms/update | 5986 tok/s
[train] 2674/4096 | 21905408 tok | loss 5.1779 | lr 3.443e-04 | 1384.1 ms/update | 5919 tok/s
[train] 2675/4096 | 21913600 tok | loss 4.8715 | lr 3.440e-04 | 1352.8 ms/update | 6056 tok/s
[train] 2676/4096 | 21921792 tok | loss 4.7061 | lr 3.437e-04 | 1353.2 ms/update | 6054 tok/s
[train] 2677/4096 | 21929984 tok | loss 5.2455 | lr 3.434e-04 | 1352.4 ms/update | 6057 tok/s
[train] 2678/4096 | 21938176 tok | loss 5.1666 | lr 3.431e-04 | 1359.1 ms/update | 6028 tok/s
[train] 2679/4096 | 21946368 tok | loss 5.2712 | lr 3.427e-04 | 1367.6 ms/update | 5990 tok/s
[train] 2680/4096 | 21954560 tok | loss 5.3611 | lr 3.424e-04 | 1355.8 ms/update | 6042 tok/s
[train] 2681/4096 | 21962752 tok | loss 5.2062 | lr 3.421e-04 | 1356.3 ms/update | 6040 tok/s
[train] 2682/4096 | 21970944 tok | loss 5.4659 | lr 3.418e-04 | 1368.6 ms/update | 5986 tok/s
[train] 2683/4096 | 21979136 tok | loss 4.8177 | lr 3.415e-04 | 1357.8 ms/update | 6033 tok/s
[train] 2684/4096 | 21987328 tok | loss 5.2165 | lr 3.412e-04 | 1367.1 ms/update | 5992 tok/s
[train] 2685/4096 | 21995520 tok | loss 5.2501 | lr 3.409e-04 | 1363.9 ms/update | 6006 tok/s
[train] 2686/4096 | 22003712 tok | loss 5.2035 | lr 3.406e-04 | 1375.4 ms/update | 5956 tok/s
[train] 2687/4096 | 22011904 tok | loss 5.2431 | lr 3.403e-04 | 1365.9 ms/update | 5998 tok/s
[train] 2688/4096 | 22020096 tok | loss 4.9054 | lr 3.400e-04 | 1364.5 ms/update | 6004 tok/s
[eval] step 2688 | val NLL 4.9014 | ppl 134.48 | 65536 tokens
[ckpt] latest.pt @ step 2688
[train] 2689/4096 | 22028288 tok | loss 5.0466 | lr 3.397e-04 | 1351.6 ms/update | 6061 tok/s
[train] 2690/4096 | 22036480 tok | loss 5.1149 | lr 3.394e-04 | 1365.3 ms/update | 6000 tok/s
[train] 2691/4096 | 22044672 tok | loss 5.0185 | lr 3.391e-04 | 1356.6 ms/update | 6038 tok/s
[train] 2692/4096 | 22052864 tok | loss 5.0764 | lr 3.388e-04 | 1359.0 ms/update | 6028 tok/s
[train] 2693/4096 | 22061056 tok | loss 5.0374 | lr 3.384e-04 | 1369.6 ms/update | 5981 tok/s
[train] 2694/4096 | 22069248 tok | loss 4.8037 | lr 3.381e-04 | 1367.2 ms/update | 5992 tok/s
[train] 2695/4096 | 22077440 tok | loss 5.2462 | lr 3.378e-04 | 1363.6 ms/update | 6008 tok/s
[train] 2696/4096 | 22085632 tok | loss 5.1743 | lr 3.375e-04 | 1360.6 ms/update | 6021 tok/s
[train] 2697/4096 | 22093824 tok | loss 5.1988 | lr 3.372e-04 | 1367.8 ms/update | 5989 tok/s
[train] 2698/4096 | 22102016 tok | loss 5.1582 | lr 3.369e-04 | 1358.1 ms/update | 6032 tok/s
[train] 2699/4096 | 22110208 tok | loss 5.0541 | lr 3.366e-04 | 1356.9 ms/update | 6037 tok/s
[train] 2700/4096 | 22118400 tok | loss 5.0480 | lr 3.363e-04 | 1377.5 ms/update | 5947 tok/s
[train] 2701/4096 | 22126592 tok | loss 5.3630 | lr 3.360e-04 | 1368.5 ms/update | 5986 tok/s
[train] 2702/4096 | 22134784 tok | loss 5.1458 | lr 3.357e-04 | 1362.6 ms/update | 6012 tok/s
[train] 2703/4096 | 22142976 tok | loss 5.2287 | lr 3.354e-04 | 1368.3 ms/update | 5987 tok/s
[train] 2704/4096 | 22151168 tok | loss 4.9274 | lr 3.351e-04 | 1374.9 ms/update | 5958 tok/s
[train] 2705/4096 | 22159360 tok | loss 4.9338 | lr 3.348e-04 | 1373.1 ms/update | 5966 tok/s
[train] 2706/4096 | 22167552 tok | loss 5.2561 | lr 3.345e-04 | 1374.7 ms/update | 5959 tok/s
[train] 2707/4096 | 22175744 tok | loss 5.0939 | lr 3.342e-04 | 1373.5 ms/update | 5964 tok/s
[train] 2708/4096 | 22183936 tok | loss 4.7648 | lr 3.339e-04 | 1376.4 ms/update | 5952 tok/s
[train] 2709/4096 | 22192128 tok | loss 5.0186 | lr 3.336e-04 | 1376.9 ms/update | 5949 tok/s
[train] 2710/4096 | 22200320 tok | loss 5.1778 | lr 3.333e-04 | 1371.3 ms/update | 5974 tok/s
[train] 2711/4096 | 22208512 tok | loss 4.8998 | lr 3.330e-04 | 1374.3 ms/update | 5961 tok/s
[train] 2712/4096 | 22216704 tok | loss 5.4069 | lr 3.327e-04 | 1377.0 ms/update | 5949 tok/s
[train] 2713/4096 | 22224896 tok | loss 5.0989 | lr 3.323e-04 | 1373.4 ms/update | 5965 tok/s
[train] 2714/4096 | 22233088 tok | loss 5.2880 | lr 3.320e-04 | 1371.0 ms/update | 5975 tok/s
[train] 2715/4096 | 22241280 tok | loss 4.9351 | lr 3.317e-04 | 1375.4 ms/update | 5956 tok/s
[train] 2716/4096 | 22249472 tok | loss 4.9929 | lr 3.314e-04 | 1382.3 ms/update | 5926 tok/s
[train] 2717/4096 | 22257664 tok | loss 5.3293 | lr 3.311e-04 | 1366.7 ms/update | 5994 tok/s
[train] 2718/4096 | 22265856 tok | loss 5.2781 | lr 3.308e-04 | 1371.6 ms/update | 5973 tok/s
[train] 2719/4096 | 22274048 tok | loss 5.0686 | lr 3.305e-04 | 1375.4 ms/update | 5956 tok/s
[train] 2720/4096 | 22282240 tok | loss 5.1126 | lr 3.302e-04 | 1372.6 ms/update | 5968 tok/s
[train] 2721/4096 | 22290432 tok | loss 4.9503 | lr 3.299e-04 | 1372.3 ms/update | 5970 tok/s
[train] 2722/4096 | 22298624 tok | loss 5.0261 | lr 3.296e-04 | 1375.0 ms/update | 5958 tok/s
[train] 2723/4096 | 22306816 tok | loss 4.8287 | lr 3.293e-04 | 1377.9 ms/update | 5945 tok/s
[train] 2724/4096 | 22315008 tok | loss 5.0941 | lr 3.290e-04 | 1370.2 ms/update | 5979 tok/s
[train] 2725/4096 | 22323200 tok | loss 5.2718 | lr 3.287e-04 | 1363.5 ms/update | 6008 tok/s
[train] 2726/4096 | 22331392 tok | loss 5.3495 | lr 3.284e-04 | 1366.6 ms/update | 5995 tok/s
[train] 2727/4096 | 22339584 tok | loss 5.1242 | lr 3.281e-04 | 1366.4 ms/update | 5995 tok/s
[train] 2728/4096 | 22347776 tok | loss 5.0309 | lr 3.278e-04 | 1368.8 ms/update | 5985 tok/s
[train] 2729/4096 | 22355968 tok | loss 5.0062 | lr 3.275e-04 | 1366.5 ms/update | 5995 tok/s
[train] 2730/4096 | 22364160 tok | loss 5.2709 | lr 3.272e-04 | 1351.1 ms/update | 6063 tok/s
[train] 2731/4096 | 22372352 tok | loss 5.0251 | lr 3.269e-04 | 1359.2 ms/update | 6027 tok/s
[train] 2732/4096 | 22380544 tok | loss 4.9837 | lr 3.266e-04 | 1372.7 ms/update | 5968 tok/s
[train] 2733/4096 | 22388736 tok | loss 5.0605 | lr 3.263e-04 | 1365.2 ms/update | 6001 tok/s
[train] 2734/4096 | 22396928 tok | loss 5.4092 | lr 3.260e-04 | 1361.9 ms/update | 6015 tok/s
[train] 2735/4096 | 22405120 tok | loss 5.1473 | lr 3.257e-04 | 1356.2 ms/update | 6040 tok/s
[train] 2736/4096 | 22413312 tok | loss 5.2964 | lr 3.254e-04 | 1355.3 ms/update | 6045 tok/s
[train] 2737/4096 | 22421504 tok | loss 5.2629 | lr 3.251e-04 | 1364.6 ms/update | 6003 tok/s
[train] 2738/4096 | 22429696 tok | loss 5.0186 | lr 3.248e-04 | 1378.5 ms/update | 5943 tok/s
[train] 2739/4096 | 22437888 tok | loss 5.3222 | lr 3.245e-04 | 1372.1 ms/update | 5970 tok/s
[train] 2740/4096 | 22446080 tok | loss 4.8987 | lr 3.242e-04 | 1370.2 ms/update | 5979 tok/s
[train] 2741/4096 | 22454272 tok | loss 5.1156 | lr 3.239e-04 | 1360.0 ms/update | 6023 tok/s
[train] 2742/4096 | 22462464 tok | loss 5.0851 | lr 3.236e-04 | 1374.2 ms/update | 5961 tok/s
[train] 2743/4096 | 22470656 tok | loss 5.1965 | lr 3.233e-04 | 1376.5 ms/update | 5951 tok/s
[train] 2744/4096 | 22478848 tok | loss 5.2330 | lr 3.230e-04 | 1366.6 ms/update | 5995 tok/s
[train] 2745/4096 | 22487040 tok | loss 5.2999 | lr 3.227e-04 | 1365.8 ms/update | 5998 tok/s
[train] 2746/4096 | 22495232 tok | loss 5.3088 | lr 3.224e-04 | 1372.0 ms/update | 5971 tok/s
[train] 2747/4096 | 22503424 tok | loss 4.8977 | lr 3.221e-04 | 1356.2 ms/update | 6040 tok/s
[train] 2748/4096 | 22511616 tok | loss 5.0327 | lr 3.218e-04 | 1369.7 ms/update | 5981 tok/s
[train] 2749/4096 | 22519808 tok | loss 5.0234 | lr 3.215e-04 | 1361.2 ms/update | 6018 tok/s
[train] 2750/4096 | 22528000 tok | loss 5.1661 | lr 3.212e-04 | 1370.6 ms/update | 5977 tok/s
[train] 2751/4096 | 22536192 tok | loss 5.3068 | lr 3.209e-04 | 1361.3 ms/update | 6018 tok/s
[train] 2752/4096 | 22544384 tok | loss 5.1500 | lr 3.206e-04 | 1364.8 ms/update | 6002 tok/s
[train] 2753/4096 | 22552576 tok | loss 5.1083 | lr 3.203e-04 | 1358.7 ms/update | 6029 tok/s
[train] 2754/4096 | 22560768 tok | loss 5.2526 | lr 3.200e-04 | 1372.3 ms/update | 5970 tok/s
[train] 2755/4096 | 22568960 tok | loss 4.6857 | lr 3.197e-04 | 1372.1 ms/update | 5971 tok/s
[train] 2756/4096 | 22577152 tok | loss 5.0913 | lr 3.194e-04 | 1365.8 ms/update | 5998 tok/s
[train] 2757/4096 | 22585344 tok | loss 4.8143 | lr 3.191e-04 | 1361.5 ms/update | 6017 tok/s
[train] 2758/4096 | 22593536 tok | loss 5.3286 | lr 3.188e-04 | 1361.0 ms/update | 6019 tok/s
[train] 2759/4096 | 22601728 tok | loss 5.1714 | lr 3.185e-04 | 1370.6 ms/update | 5977 tok/s
[train] 2760/4096 | 22609920 tok | loss 5.1901 | lr 3.182e-04 | 1374.0 ms/update | 5962 tok/s
[train] 2761/4096 | 22618112 tok | loss 4.9929 | lr 3.179e-04 | 1369.1 ms/update | 5983 tok/s
[train] 2762/4096 | 22626304 tok | loss 5.0871 | lr 3.176e-04 | 1358.0 ms/update | 6033 tok/s
[train] 2763/4096 | 22634496 tok | loss 5.3345 | lr 3.173e-04 | 1369.4 ms/update | 5982 tok/s
[train] 2764/4096 | 22642688 tok | loss 5.2343 | lr 3.170e-04 | 1366.3 ms/update | 5996 tok/s
[train] 2765/4096 | 22650880 tok | loss 4.8545 | lr 3.167e-04 | 1363.7 ms/update | 6007 tok/s
[train] 2766/4096 | 22659072 tok | loss 4.9765 | lr 3.164e-04 | 1361.7 ms/update | 6016 tok/s
[train] 2767/4096 | 22667264 tok | loss 4.9561 | lr 3.161e-04 | 1369.5 ms/update | 5982 tok/s
[train] 2768/4096 | 22675456 tok | loss 5.1369 | lr 3.159e-04 | 1367.5 ms/update | 5991 tok/s
[train] 2769/4096 | 22683648 tok | loss 5.3063 | lr 3.156e-04 | 1353.6 ms/update | 6052 tok/s
[train] 2770/4096 | 22691840 tok | loss 5.5148 | lr 3.153e-04 | 1359.5 ms/update | 6026 tok/s
[train] 2771/4096 | 22700032 tok | loss 5.0783 | lr 3.150e-04 | 1364.6 ms/update | 6003 tok/s
[train] 2772/4096 | 22708224 tok | loss 5.1767 | lr 3.147e-04 | 1359.6 ms/update | 6025 tok/s
[train] 2773/4096 | 22716416 tok | loss 5.2293 | lr 3.144e-04 | 1358.3 ms/update | 6031 tok/s
[train] 2774/4096 | 22724608 tok | loss 4.9618 | lr 3.141e-04 | 1362.0 ms/update | 6015 tok/s
[train] 2775/4096 | 22732800 tok | loss 4.8905 | lr 3.138e-04 | 1366.3 ms/update | 5996 tok/s
[train] 2776/4096 | 22740992 tok | loss 5.2277 | lr 3.135e-04 | 1365.6 ms/update | 5999 tok/s
[train] 2777/4096 | 22749184 tok | loss 5.4637 | lr 3.132e-04 | 1363.1 ms/update | 6010 tok/s
[train] 2778/4096 | 22757376 tok | loss 5.0734 | lr 3.129e-04 | 1369.2 ms/update | 5983 tok/s
[train] 2779/4096 | 22765568 tok | loss 5.1875 | lr 3.126e-04 | 1355.4 ms/update | 6044 tok/s
[train] 2780/4096 | 22773760 tok | loss 5.2008 | lr 3.123e-04 | 1358.0 ms/update | 6032 tok/s
[train] 2781/4096 | 22781952 tok | loss 5.1112 | lr 3.120e-04 | 1363.9 ms/update | 6007 tok/s
[train] 2782/4096 | 22790144 tok | loss 5.5095 | lr 3.117e-04 | 1367.9 ms/update | 5989 tok/s
[train] 2783/4096 | 22798336 tok | loss 5.2986 | lr 3.114e-04 | 1369.8 ms/update | 5980 tok/s
[train] 2784/4096 | 22806528 tok | loss 5.2012 | lr 3.111e-04 | 1355.7 ms/update | 6042 tok/s
[train] 2785/4096 | 22814720 tok | loss 5.1024 | lr 3.108e-04 | 1352.6 ms/update | 6057 tok/s
[train] 2786/4096 | 22822912 tok | loss 5.4721 | lr 3.105e-04 | 1357.5 ms/update | 6035 tok/s
[train] 2787/4096 | 22831104 tok | loss 5.0786 | lr 3.103e-04 | 1355.9 ms/update | 6042 tok/s
[train] 2788/4096 | 22839296 tok | loss 5.2059 | lr 3.100e-04 | 1383.1 ms/update | 5923 tok/s
[train] 2789/4096 | 22847488 tok | loss 4.9981 | lr 3.097e-04 | 1377.8 ms/update | 5946 tok/s
[train] 2790/4096 | 22855680 tok | loss 5.0954 | lr 3.094e-04 | 1361.5 ms/update | 6017 tok/s
[train] 2791/4096 | 22863872 tok | loss 5.2872 | lr 3.091e-04 | 1372.2 ms/update | 5970 tok/s
[train] 2792/4096 | 22872064 tok | loss 5.1804 | lr 3.088e-04 | 1381.4 ms/update | 5930 tok/s
[train] 2793/4096 | 22880256 tok | loss 4.9428 | lr 3.085e-04 | 1359.9 ms/update | 6024 tok/s
[train] 2794/4096 | 22888448 tok | loss 5.2992 | lr 3.082e-04 | 1353.3 ms/update | 6053 tok/s
[train] 2795/4096 | 22896640 tok | loss 5.3423 | lr 3.079e-04 | 1355.2 ms/update | 6045 tok/s
[train] 2796/4096 | 22904832 tok | loss 5.2897 | lr 3.076e-04 | 1364.6 ms/update | 6003 tok/s
[train] 2797/4096 | 22913024 tok | loss 4.9630 | lr 3.073e-04 | 1364.2 ms/update | 6005 tok/s
[train] 2798/4096 | 22921216 tok | loss 5.1828 | lr 3.070e-04 | 1353.8 ms/update | 6051 tok/s
[train] 2799/4096 | 22929408 tok | loss 5.1154 | lr 3.067e-04 | 1360.1 ms/update | 6023 tok/s
[train] 2800/4096 | 22937600 tok | loss 4.7499 | lr 3.064e-04 | 1371.4 ms/update | 5974 tok/s
[train] 2801/4096 | 22945792 tok | loss 4.9616 | lr 3.062e-04 | 1362.0 ms/update | 6015 tok/s
[train] 2802/4096 | 22953984 tok | loss 5.0513 | lr 3.059e-04 | 1366.8 ms/update | 5994 tok/s
[train] 2803/4096 | 22962176 tok | loss 5.2612 | lr 3.056e-04 | 1361.3 ms/update | 6018 tok/s
[train] 2804/4096 | 22970368 tok | loss 5.1580 | lr 3.053e-04 | 1375.0 ms/update | 5958 tok/s
[train] 2805/4096 | 22978560 tok | loss 4.9798 | lr 3.050e-04 | 1364.9 ms/update | 6002 tok/s
[train] 2806/4096 | 22986752 tok | loss 5.3142 | lr 3.047e-04 | 1352.4 ms/update | 6057 tok/s
[train] 2807/4096 | 22994944 tok | loss 4.9034 | lr 3.044e-04 | 1361.4 ms/update | 6017 tok/s
[train] 2808/4096 | 23003136 tok | loss 5.0159 | lr 3.041e-04 | 1376.5 ms/update | 5951 tok/s
[train] 2809/4096 | 23011328 tok | loss 5.1204 | lr 3.038e-04 | 1374.5 ms/update | 5960 tok/s
[train] 2810/4096 | 23019520 tok | loss 5.2895 | lr 3.035e-04 | 1368.3 ms/update | 5987 tok/s
[train] 2811/4096 | 23027712 tok | loss 5.1623 | lr 3.032e-04 | 1375.5 ms/update | 5956 tok/s
[train] 2812/4096 | 23035904 tok | loss 5.2684 | lr 3.030e-04 | 1365.6 ms/update | 5999 tok/s
[train] 2813/4096 | 23044096 tok | loss 4.9593 | lr 3.027e-04 | 1364.6 ms/update | 6003 tok/s
[train] 2814/4096 | 23052288 tok | loss 4.9216 | lr 3.024e-04 | 1367.9 ms/update | 5989 tok/s
[train] 2815/4096 | 23060480 tok | loss 4.8956 | lr 3.021e-04 | 1357.5 ms/update | 6035 tok/s
[train] 2816/4096 | 23068672 tok | loss 4.9586 | lr 3.018e-04 | 1370.2 ms/update | 5979 tok/s
[eval] step 2816 | val NLL 4.8707 | ppl 130.41 | 65536 tokens
[ckpt] latest.pt @ step 2816
[train] 2817/4096 | 23076864 tok | loss 5.0260 | lr 3.015e-04 | 1359.4 ms/update | 6026 tok/s
[train] 2818/4096 | 23085056 tok | loss 4.6871 | lr 3.012e-04 | 1355.3 ms/update | 6045 tok/s
[train] 2819/4096 | 23093248 tok | loss 5.0992 | lr 3.009e-04 | 1352.1 ms/update | 6059 tok/s
[train] 2820/4096 | 23101440 tok | loss 4.9143 | lr 3.006e-04 | 1363.7 ms/update | 6007 tok/s
[train] 2821/4096 | 23109632 tok | loss 5.1784 | lr 3.004e-04 | 1360.7 ms/update | 6020 tok/s
[train] 2822/4096 | 23117824 tok | loss 5.1439 | lr 3.001e-04 | 1354.4 ms/update | 6048 tok/s
[train] 2823/4096 | 23126016 tok | loss 5.2131 | lr 2.998e-04 | 1366.6 ms/update | 5994 tok/s
[train] 2824/4096 | 23134208 tok | loss 5.0674 | lr 2.995e-04 | 1364.6 ms/update | 6003 tok/s
[train] 2825/4096 | 23142400 tok | loss 4.5627 | lr 2.992e-04 | 1372.0 ms/update | 5971 tok/s
[train] 2826/4096 | 23150592 tok | loss 5.3689 | lr 2.989e-04 | 1357.7 ms/update | 6034 tok/s
[train] 2827/4096 | 23158784 tok | loss 5.0890 | lr 2.986e-04 | 1375.3 ms/update | 5956 tok/s
[train] 2828/4096 | 23166976 tok | loss 5.0283 | lr 2.983e-04 | 1372.2 ms/update | 5970 tok/s
[train] 2829/4096 | 23175168 tok | loss 4.8525 | lr 2.981e-04 | 1372.4 ms/update | 5969 tok/s
[train] 2830/4096 | 23183360 tok | loss 5.0434 | lr 2.978e-04 | 1373.9 ms/update | 5962 tok/s
[train] 2831/4096 | 23191552 tok | loss 5.0278 | lr 2.975e-04 | 1373.6 ms/update | 5964 tok/s
[train] 2832/4096 | 23199744 tok | loss 5.4438 | lr 2.972e-04 | 1359.6 ms/update | 6026 tok/s
[train] 2833/4096 | 23207936 tok | loss 4.9395 | lr 2.969e-04 | 1376.0 ms/update | 5954 tok/s
[train] 2834/4096 | 23216128 tok | loss 5.4235 | lr 2.966e-04 | 1371.5 ms/update | 5973 tok/s
[train] 2835/4096 | 23224320 tok | loss 5.3847 | lr 2.963e-04 | 1360.6 ms/update | 6021 tok/s
[train] 2836/4096 | 23232512 tok | loss 5.1250 | lr 2.960e-04 | 1374.7 ms/update | 5959 tok/s
[train] 2837/4096 | 23240704 tok | loss 5.0436 | lr 2.958e-04 | 1375.7 ms/update | 5955 tok/s
[train] 2838/4096 | 23248896 tok | loss 5.2380 | lr 2.955e-04 | 1379.1 ms/update | 5940 tok/s
[train] 2839/4096 | 23257088 tok | loss 5.3474 | lr 2.952e-04 | 1378.9 ms/update | 5941 tok/s
[train] 2840/4096 | 23265280 tok | loss 5.1384 | lr 2.949e-04 | 1373.1 ms/update | 5966 tok/s
[train] 2841/4096 | 23273472 tok | loss 5.0139 | lr 2.946e-04 | 1372.0 ms/update | 5971 tok/s
[train] 2842/4096 | 23281664 tok | loss 5.3501 | lr 2.943e-04 | 1371.6 ms/update | 5973 tok/s
[train] 2843/4096 | 23289856 tok | loss 5.1100 | lr 2.940e-04 | 1362.3 ms/update | 6014 tok/s
[train] 2844/4096 | 23298048 tok | loss 5.2147 | lr 2.938e-04 | 1374.8 ms/update | 5959 tok/s
[train] 2845/4096 | 23306240 tok | loss 5.2676 | lr 2.935e-04 | 1382.1 ms/update | 5927 tok/s
[train] 2846/4096 | 23314432 tok | loss 5.0900 | lr 2.932e-04 | 1365.8 ms/update | 5998 tok/s
[train] 2847/4096 | 23322624 tok | loss 4.8853 | lr 2.929e-04 | 1376.7 ms/update | 5950 tok/s
[train] 2848/4096 | 23330816 tok | loss 5.0119 | lr 2.926e-04 | 1365.3 ms/update | 6000 tok/s
[train] 2849/4096 | 23339008 tok | loss 4.4924 | lr 2.923e-04 | 1361.2 ms/update | 6018 tok/s
[train] 2850/4096 | 23347200 tok | loss 5.4101 | lr 2.920e-04 | 1367.8 ms/update | 5989 tok/s
[train] 2851/4096 | 23355392 tok | loss 5.3680 | lr 2.918e-04 | 1373.5 ms/update | 5964 tok/s
[train] 2852/4096 | 23363584 tok | loss 5.3282 | lr 2.915e-04 | 1385.4 ms/update | 5913 tok/s
[train] 2853/4096 | 23371776 tok | loss 5.0793 | lr 2.912e-04 | 1370.7 ms/update | 5977 tok/s
[train] 2854/4096 | 23379968 tok | loss 5.2216 | lr 2.909e-04 | 1369.5 ms/update | 5982 tok/s
[train] 2855/4096 | 23388160 tok | loss 4.9724 | lr 2.906e-04 | 1370.4 ms/update | 5978 tok/s
[train] 2856/4096 | 23396352 tok | loss 5.2395 | lr 2.903e-04 | 1376.9 ms/update | 5949 tok/s
[train] 2857/4096 | 23404544 tok | loss 5.2678 | lr 2.901e-04 | 1371.3 ms/update | 5974 tok/s
[train] 2858/4096 | 23412736 tok | loss 5.4011 | lr 2.898e-04 | 1374.3 ms/update | 5961 tok/s
[train] 2859/4096 | 23420928 tok | loss 5.2077 | lr 2.895e-04 | 1373.8 ms/update | 5963 tok/s
[train] 2860/4096 | 23429120 tok | loss 5.2864 | lr 2.892e-04 | 1376.2 ms/update | 5953 tok/s
[train] 2861/4096 | 23437312 tok | loss 4.9008 | lr 2.889e-04 | 1374.4 ms/update | 5960 tok/s
[train] 2862/4096 | 23445504 tok | loss 5.0180 | lr 2.886e-04 | 1370.3 ms/update | 5978 tok/s
[train] 2863/4096 | 23453696 tok | loss 4.8904 | lr 2.884e-04 | 1368.6 ms/update | 5986 tok/s
[train] 2864/4096 | 23461888 tok | loss 5.3479 | lr 2.881e-04 | 1359.9 ms/update | 6024 tok/s
[train] 2865/4096 | 23470080 tok | loss 4.7005 | lr 2.878e-04 | 1370.5 ms/update | 5977 tok/s
[train] 2866/4096 | 23478272 tok | loss 5.1551 | lr 2.875e-04 | 1373.0 ms/update | 5967 tok/s
[train] 2867/4096 | 23486464 tok | loss 5.3566 | lr 2.872e-04 | 1367.8 ms/update | 5989 tok/s
[train] 2868/4096 | 23494656 tok | loss 5.2953 | lr 2.870e-04 | 1356.0 ms/update | 6041 tok/s
[train] 2869/4096 | 23502848 tok | loss 5.3958 | lr 2.867e-04 | 1356.6 ms/update | 6039 tok/s
[train] 2870/4096 | 23511040 tok | loss 5.0205 | lr 2.864e-04 | 1360.7 ms/update | 6020 tok/s
[train] 2871/4096 | 23519232 tok | loss 5.1734 | lr 2.861e-04 | 1373.0 ms/update | 5966 tok/s
[train] 2872/4096 | 23527424 tok | loss 5.2470 | lr 2.858e-04 | 1373.8 ms/update | 5963 tok/s
[train] 2873/4096 | 23535616 tok | loss 5.1236 | lr 2.856e-04 | 1369.5 ms/update | 5982 tok/s
[train] 2874/4096 | 23543808 tok | loss 5.0332 | lr 2.853e-04 | 1379.0 ms/update | 5941 tok/s
[train] 2875/4096 | 23552000 tok | loss 5.1227 | lr 2.850e-04 | 1372.7 ms/update | 5968 tok/s
[train] 2876/4096 | 23560192 tok | loss 5.1213 | lr 2.847e-04 | 1374.4 ms/update | 5961 tok/s
[train] 2877/4096 | 23568384 tok | loss 5.0928 | lr 2.844e-04 | 1372.2 ms/update | 5970 tok/s
[train] 2878/4096 | 23576576 tok | loss 5.0310 | lr 2.842e-04 | 1371.4 ms/update | 5974 tok/s
[train] 2879/4096 | 23584768 tok | loss 5.0871 | lr 2.839e-04 | 1359.1 ms/update | 6028 tok/s
[train] 2880/4096 | 23592960 tok | loss 5.0531 | lr 2.836e-04 | 1372.2 ms/update | 5970 tok/s
[train] 2881/4096 | 23601152 tok | loss 5.5403 | lr 2.833e-04 | 1368.4 ms/update | 5986 tok/s
[train] 2882/4096 | 23609344 tok | loss 5.1014 | lr 2.830e-04 | 1362.9 ms/update | 6011 tok/s
[train] 2883/4096 | 23617536 tok | loss 5.0043 | lr 2.828e-04 | 1367.7 ms/update | 5990 tok/s
[train] 2884/4096 | 23625728 tok | loss 5.2178 | lr 2.825e-04 | 1366.1 ms/update | 5996 tok/s
[train] 2885/4096 | 23633920 tok | loss 5.1905 | lr 2.822e-04 | 1373.2 ms/update | 5966 tok/s
[train] 2886/4096 | 23642112 tok | loss 5.1346 | lr 2.819e-04 | 1362.5 ms/update | 6013 tok/s
[train] 2887/4096 | 23650304 tok | loss 5.5421 | lr 2.816e-04 | 1372.3 ms/update | 5969 tok/s
[train] 2888/4096 | 23658496 tok | loss 4.7942 | lr 2.814e-04 | 1370.0 ms/update | 5980 tok/s
[train] 2889/4096 | 23666688 tok | loss 4.9460 | lr 2.811e-04 | 1369.3 ms/update | 5983 tok/s
[train] 2890/4096 | 23674880 tok | loss 5.3609 | lr 2.808e-04 | 1369.7 ms/update | 5981 tok/s
[train] 2891/4096 | 23683072 tok | loss 5.1296 | lr 2.805e-04 | 1374.0 ms/update | 5962 tok/s
[train] 2892/4096 | 23691264 tok | loss 5.3104 | lr 2.802e-04 | 1367.4 ms/update | 5991 tok/s
[train] 2893/4096 | 23699456 tok | loss 5.0919 | lr 2.800e-04 | 1361.8 ms/update | 6016 tok/s
[train] 2894/4096 | 23707648 tok | loss 4.7636 | lr 2.797e-04 | 1371.7 ms/update | 5972 tok/s
[train] 2895/4096 | 23715840 tok | loss 5.2093 | lr 2.794e-04 | 1358.6 ms/update | 6030 tok/s
[train] 2896/4096 | 23724032 tok | loss 5.1269 | lr 2.791e-04 | 1381.1 ms/update | 5931 tok/s
[train] 2897/4096 | 23732224 tok | loss 5.2660 | lr 2.789e-04 | 1369.9 ms/update | 5980 tok/s
[train] 2898/4096 | 23740416 tok | loss 5.1643 | lr 2.786e-04 | 1373.3 ms/update | 5965 tok/s
[train] 2899/4096 | 23748608 tok | loss 5.1398 | lr 2.783e-04 | 1369.2 ms/update | 5983 tok/s
[train] 2900/4096 | 23756800 tok | loss 4.9674 | lr 2.780e-04 | 1355.6 ms/update | 6043 tok/s
[train] 2901/4096 | 23764992 tok | loss 5.1579 | lr 2.778e-04 | 1355.3 ms/update | 6044 tok/s
[train] 2902/4096 | 23773184 tok | loss 5.1791 | lr 2.775e-04 | 1364.4 ms/update | 6004 tok/s
[train] 2903/4096 | 23781376 tok | loss 5.1094 | lr 2.772e-04 | 1367.3 ms/update | 5991 tok/s
[train] 2904/4096 | 23789568 tok | loss 5.2641 | lr 2.769e-04 | 1368.0 ms/update | 5988 tok/s
[train] 2905/4096 | 23797760 tok | loss 4.9901 | lr 2.767e-04 | 1360.2 ms/update | 6023 tok/s
[train] 2906/4096 | 23805952 tok | loss 5.2981 | lr 2.764e-04 | 1369.5 ms/update | 5982 tok/s
[train] 2907/4096 | 23814144 tok | loss 4.9923 | lr 2.761e-04 | 1366.0 ms/update | 5997 tok/s
[train] 2908/4096 | 23822336 tok | loss 5.3833 | lr 2.758e-04 | 1363.3 ms/update | 6009 tok/s
[train] 2909/4096 | 23830528 tok | loss 4.9890 | lr 2.756e-04 | 1370.3 ms/update | 5978 tok/s
[train] 2910/4096 | 23838720 tok | loss 4.8604 | lr 2.753e-04 | 1354.1 ms/update | 6050 tok/s
[train] 2911/4096 | 23846912 tok | loss 5.1382 | lr 2.750e-04 | 1365.0 ms/update | 6001 tok/s
[train] 2912/4096 | 23855104 tok | loss 4.8605 | lr 2.747e-04 | 1367.1 ms/update | 5992 tok/s
[train] 2913/4096 | 23863296 tok | loss 4.9926 | lr 2.745e-04 | 1379.8 ms/update | 5937 tok/s
[train] 2914/4096 | 23871488 tok | loss 5.2705 | lr 2.742e-04 | 1368.3 ms/update | 5987 tok/s
[train] 2915/4096 | 23879680 tok | loss 5.0880 | lr 2.739e-04 | 1363.7 ms/update | 6007 tok/s
[train] 2916/4096 | 23887872 tok | loss 5.1020 | lr 2.736e-04 | 1371.1 ms/update | 5975 tok/s
[train] 2917/4096 | 23896064 tok | loss 4.8682 | lr 2.734e-04 | 1371.7 ms/update | 5972 tok/s
[train] 2918/4096 | 23904256 tok | loss 4.7867 | lr 2.731e-04 | 1391.9 ms/update | 5886 tok/s
[train] 2919/4096 | 23912448 tok | loss 5.4003 | lr 2.728e-04 | 1370.5 ms/update | 5977 tok/s
[train] 2920/4096 | 23920640 tok | loss 5.3112 | lr 2.725e-04 | 1356.8 ms/update | 6038 tok/s
[train] 2921/4096 | 23928832 tok | loss 5.0340 | lr 2.723e-04 | 1367.2 ms/update | 5992 tok/s
[train] 2922/4096 | 23937024 tok | loss 4.7911 | lr 2.720e-04 | 1361.2 ms/update | 6018 tok/s
[train] 2923/4096 | 23945216 tok | loss 5.1112 | lr 2.717e-04 | 1368.0 ms/update | 5988 tok/s
[train] 2924/4096 | 23953408 tok | loss 4.7927 | lr 2.714e-04 | 1367.6 ms/update | 5990 tok/s
[train] 2925/4096 | 23961600 tok | loss 5.0620 | lr 2.712e-04 | 1371.0 ms/update | 5975 tok/s
[train] 2926/4096 | 23969792 tok | loss 5.1630 | lr 2.709e-04 | 1369.5 ms/update | 5982 tok/s
[train] 2927/4096 | 23977984 tok | loss 4.6383 | lr 2.706e-04 | 1369.1 ms/update | 5984 tok/s
[train] 2928/4096 | 23986176 tok | loss 4.9502 | lr 2.704e-04 | 1357.8 ms/update | 6033 tok/s
[train] 2929/4096 | 23994368 tok | loss 5.4001 | lr 2.701e-04 | 1361.9 ms/update | 6015 tok/s
[train] 2930/4096 | 24002560 tok | loss 5.0862 | lr 2.698e-04 | 1369.7 ms/update | 5981 tok/s
[train] 2931/4096 | 24010752 tok | loss 5.4312 | lr 2.695e-04 | 1362.8 ms/update | 6011 tok/s
[train] 2932/4096 | 24018944 tok | loss 5.0295 | lr 2.693e-04 | 1369.0 ms/update | 5984 tok/s
[train] 2933/4096 | 24027136 tok | loss 5.3155 | lr 2.690e-04 | 1355.9 ms/update | 6042 tok/s
[train] 2934/4096 | 24035328 tok | loss 4.9743 | lr 2.687e-04 | 1362.0 ms/update | 6015 tok/s
[train] 2935/4096 | 24043520 tok | loss 5.0734 | lr 2.685e-04 | 1372.2 ms/update | 5970 tok/s
[train] 2936/4096 | 24051712 tok | loss 5.1226 | lr 2.682e-04 | 1368.6 ms/update | 5986 tok/s
[train] 2937/4096 | 24059904 tok | loss 5.1784 | lr 2.679e-04 | 1365.6 ms/update | 5999 tok/s
[train] 2938/4096 | 24068096 tok | loss 5.1624 | lr 2.677e-04 | 1373.9 ms/update | 5963 tok/s
[train] 2939/4096 | 24076288 tok | loss 5.2672 | lr 2.674e-04 | 1375.6 ms/update | 5955 tok/s
[train] 2940/4096 | 24084480 tok | loss 5.0690 | lr 2.671e-04 | 1382.1 ms/update | 5927 tok/s
[train] 2941/4096 | 24092672 tok | loss 4.3785 | lr 2.668e-04 | 1369.7 ms/update | 5981 tok/s
[train] 2942/4096 | 24100864 tok | loss 4.8881 | lr 2.666e-04 | 1375.0 ms/update | 5958 tok/s
[train] 2943/4096 | 24109056 tok | loss 5.0799 | lr 2.663e-04 | 1374.1 ms/update | 5962 tok/s
[train] 2944/4096 | 24117248 tok | loss 5.2747 | lr 2.660e-04 | 1374.8 ms/update | 5959 tok/s
[eval] step 2944 | val NLL 4.8469 | ppl 127.35 | 65536 tokens
[ckpt] latest.pt @ step 2944
[train] 2945/4096 | 24125440 tok | loss 5.2362 | lr 2.658e-04 | 1398.9 ms/update | 5856 tok/s
[train] 2946/4096 | 24133632 tok | loss 4.8907 | lr 2.655e-04 | 1367.6 ms/update | 5990 tok/s
[train] 2947/4096 | 24141824 tok | loss 5.1769 | lr 2.652e-04 | 1358.3 ms/update | 6031 tok/s
[train] 2948/4096 | 24150016 tok | loss 5.1619 | lr 2.650e-04 | 1363.4 ms/update | 6009 tok/s
[train] 2949/4096 | 24158208 tok | loss 5.1695 | lr 2.647e-04 | 1368.5 ms/update | 5986 tok/s
[train] 2950/4096 | 24166400 tok | loss 5.2993 | lr 2.644e-04 | 1368.9 ms/update | 5984 tok/s
[train] 2951/4096 | 24174592 tok | loss 5.0089 | lr 2.642e-04 | 1359.1 ms/update | 6028 tok/s
[train] 2952/4096 | 24182784 tok | loss 5.3216 | lr 2.639e-04 | 1374.1 ms/update | 5962 tok/s
[train] 2953/4096 | 24190976 tok | loss 5.0685 | lr 2.636e-04 | 1373.6 ms/update | 5964 tok/s
[train] 2954/4096 | 24199168 tok | loss 4.9306 | lr 2.634e-04 | 1370.9 ms/update | 5976 tok/s
[train] 2955/4096 | 24207360 tok | loss 4.9976 | lr 2.631e-04 | 1377.7 ms/update | 5946 tok/s
[train] 2956/4096 | 24215552 tok | loss 5.1073 | lr 2.628e-04 | 1372.3 ms/update | 5970 tok/s
[train] 2957/4096 | 24223744 tok | loss 5.0540 | lr 2.626e-04 | 1377.5 ms/update | 5947 tok/s
[train] 2958/4096 | 24231936 tok | loss 5.1288 | lr 2.623e-04 | 1373.5 ms/update | 5964 tok/s
[train] 2959/4096 | 24240128 tok | loss 5.1734 | lr 2.620e-04 | 1378.8 ms/update | 5942 tok/s
[train] 2960/4096 | 24248320 tok | loss 4.9991 | lr 2.618e-04 | 1371.0 ms/update | 5975 tok/s
[train] 2961/4096 | 24256512 tok | loss 5.1572 | lr 2.615e-04 | 1376.1 ms/update | 5953 tok/s
[train] 2962/4096 | 24264704 tok | loss 5.3352 | lr 2.612e-04 | 1374.1 ms/update | 5962 tok/s
[train] 2963/4096 | 24272896 tok | loss 5.1330 | lr 2.610e-04 | 1375.7 ms/update | 5955 tok/s
[train] 2964/4096 | 24281088 tok | loss 5.1250 | lr 2.607e-04 | 1373.3 ms/update | 5965 tok/s
[train] 2965/4096 | 24289280 tok | loss 5.0211 | lr 2.604e-04 | 1373.2 ms/update | 5966 tok/s
[train] 2966/4096 | 24297472 tok | loss 5.2965 | lr 2.602e-04 | 1379.0 ms/update | 5941 tok/s
[train] 2967/4096 | 24305664 tok | loss 5.3819 | lr 2.599e-04 | 1367.7 ms/update | 5990 tok/s
[train] 2968/4096 | 24313856 tok | loss 5.0852 | lr 2.596e-04 | 1370.3 ms/update | 5978 tok/s
[train] 2969/4096 | 24322048 tok | loss 5.3244 | lr 2.594e-04 | 1359.6 ms/update | 6025 tok/s
[train] 2970/4096 | 24330240 tok | loss 4.7908 | lr 2.591e-04 | 1377.2 ms/update | 5948 tok/s
[train] 2971/4096 | 24338432 tok | loss 5.3453 | lr 2.588e-04 | 1374.2 ms/update | 5961 tok/s
[train] 2972/4096 | 24346624 tok | loss 4.9316 | lr 2.586e-04 | 1369.2 ms/update | 5983 tok/s
[train] 2973/4096 | 24354816 tok | loss 5.3503 | lr 2.583e-04 | 1358.5 ms/update | 6030 tok/s
[train] 2974/4096 | 24363008 tok | loss 4.9938 | lr 2.580e-04 | 1372.2 ms/update | 5970 tok/s
[train] 2975/4096 | 24371200 tok | loss 5.3306 | lr 2.578e-04 | 1363.5 ms/update | 6008 tok/s
[train] 2976/4096 | 24379392 tok | loss 5.0747 | lr 2.575e-04 | 1369.2 ms/update | 5983 tok/s
[train] 2977/4096 | 24387584 tok | loss 4.9867 | lr 2.572e-04 | 1365.5 ms/update | 5999 tok/s
[train] 2978/4096 | 24395776 tok | loss 5.0432 | lr 2.570e-04 | 1362.6 ms/update | 6012 tok/s
[train] 2979/4096 | 24403968 tok | loss 5.0568 | lr 2.567e-04 | 1359.8 ms/update | 6025 tok/s
[train] 2980/4096 | 24412160 tok | loss 5.4219 | lr 2.565e-04 | 1355.8 ms/update | 6042 tok/s
[train] 2981/4096 | 24420352 tok | loss 5.1523 | lr 2.562e-04 | 1377.5 ms/update | 5947 tok/s
[train] 2982/4096 | 24428544 tok | loss 5.1702 | lr 2.559e-04 | 1371.2 ms/update | 5974 tok/s
[train] 2983/4096 | 24436736 tok | loss 5.2289 | lr 2.557e-04 | 1365.2 ms/update | 6001 tok/s
[train] 2984/4096 | 24444928 tok | loss 5.2475 | lr 2.554e-04 | 1368.1 ms/update | 5988 tok/s
[train] 2985/4096 | 24453120 tok | loss 5.3027 | lr 2.551e-04 | 1359.2 ms/update | 6027 tok/s
[train] 2986/4096 | 24461312 tok | loss 5.0919 | lr 2.549e-04 | 1373.2 ms/update | 5966 tok/s
[train] 2987/4096 | 24469504 tok | loss 4.7325 | lr 2.546e-04 | 1366.1 ms/update | 5997 tok/s
[train] 2988/4096 | 24477696 tok | loss 5.2369 | lr 2.544e-04 | 1370.1 ms/update | 5979 tok/s
[train] 2989/4096 | 24485888 tok | loss 4.9196 | lr 2.541e-04 | 1368.7 ms/update | 5985 tok/s
[train] 2990/4096 | 24494080 tok | loss 5.2669 | lr 2.538e-04 | 1356.1 ms/update | 6041 tok/s
[train] 2991/4096 | 24502272 tok | loss 5.0383 | lr 2.536e-04 | 1360.8 ms/update | 6020 tok/s
[train] 2992/4096 | 24510464 tok | loss 5.1258 | lr 2.533e-04 | 1366.9 ms/update | 5993 tok/s
[train] 2993/4096 | 24518656 tok | loss 4.7938 | lr 2.531e-04 | 1355.7 ms/update | 6043 tok/s
[train] 2994/4096 | 24526848 tok | loss 5.1570 | lr 2.528e-04 | 1357.9 ms/update | 6033 tok/s
[train] 2995/4096 | 24535040 tok | loss 5.3730 | lr 2.525e-04 | 1380.7 ms/update | 5933 tok/s
[train] 2996/4096 | 24543232 tok | loss 5.0218 | lr 2.523e-04 | 1361.2 ms/update | 6018 tok/s
[train] 2997/4096 | 24551424 tok | loss 4.7204 | lr 2.520e-04 | 1363.0 ms/update | 6010 tok/s
[train] 2998/4096 | 24559616 tok | loss 5.1137 | lr 2.518e-04 | 1367.1 ms/update | 5992 tok/s
[train] 2999/4096 | 24567808 tok | loss 5.1173 | lr 2.515e-04 | 1352.1 ms/update | 6059 tok/s
[train] 3000/4096 | 24576000 tok | loss 5.3551 | lr 2.512e-04 | 1353.2 ms/update | 6054 tok/s
[train] 3001/4096 | 24584192 tok | loss 4.8236 | lr 2.510e-04 | 1355.4 ms/update | 6044 tok/s
[train] 3002/4096 | 24592384 tok | loss 5.2936 | lr 2.507e-04 | 1364.8 ms/update | 6002 tok/s
[train] 3003/4096 | 24600576 tok | loss 4.9213 | lr 2.505e-04 | 1359.6 ms/update | 6025 tok/s
[train] 3004/4096 | 24608768 tok | loss 5.1496 | lr 2.502e-04 | 1354.1 ms/update | 6050 tok/s
[train] 3005/4096 | 24616960 tok | loss 4.9195 | lr 2.499e-04 | 1356.4 ms/update | 6040 tok/s
[train] 3006/4096 | 24625152 tok | loss 4.8264 | lr 2.497e-04 | 1369.2 ms/update | 5983 tok/s
[train] 3007/4096 | 24633344 tok | loss 4.9638 | lr 2.494e-04 | 1358.0 ms/update | 6033 tok/s
[train] 3008/4096 | 24641536 tok | loss 5.0539 | lr 2.492e-04 | 1372.7 ms/update | 5968 tok/s
[train] 3009/4096 | 24649728 tok | loss 5.3262 | lr 2.489e-04 | 1375.0 ms/update | 5958 tok/s
[train] 3010/4096 | 24657920 tok | loss 4.6714 | lr 2.487e-04 | 1397.2 ms/update | 5863 tok/s
[train] 3011/4096 | 24666112 tok | loss 4.9319 | lr 2.484e-04 | 1375.3 ms/update | 5956 tok/s
[train] 3012/4096 | 24674304 tok | loss 4.9697 | lr 2.481e-04 | 1374.9 ms/update | 5958 tok/s
[train] 3013/4096 | 24682496 tok | loss 5.4567 | lr 2.479e-04 | 1373.6 ms/update | 5964 tok/s
[train] 3014/4096 | 24690688 tok | loss 5.2928 | lr 2.476e-04 | 1357.9 ms/update | 6033 tok/s
[train] 3015/4096 | 24698880 tok | loss 5.1177 | lr 2.474e-04 | 1375.1 ms/update | 5957 tok/s
[train] 3016/4096 | 24707072 tok | loss 5.2215 | lr 2.471e-04 | 1374.5 ms/update | 5960 tok/s
[train] 3017/4096 | 24715264 tok | loss 4.8682 | lr 2.469e-04 | 1376.8 ms/update | 5950 tok/s
[train] 3018/4096 | 24723456 tok | loss 5.0722 | lr 2.466e-04 | 1374.8 ms/update | 5959 tok/s
[train] 3019/4096 | 24731648 tok | loss 4.8307 | lr 2.463e-04 | 1376.1 ms/update | 5953 tok/s
[train] 3020/4096 | 24739840 tok | loss 5.1014 | lr 2.461e-04 | 1363.6 ms/update | 6008 tok/s
[train] 3021/4096 | 24748032 tok | loss 4.8465 | lr 2.458e-04 | 1361.5 ms/update | 6017 tok/s
[train] 3022/4096 | 24756224 tok | loss 5.1312 | lr 2.456e-04 | 1365.4 ms/update | 6000 tok/s
[train] 3023/4096 | 24764416 tok | loss 5.4609 | lr 2.453e-04 | 1365.2 ms/update | 6001 tok/s
[train] 3024/4096 | 24772608 tok | loss 4.9039 | lr 2.451e-04 | 1360.5 ms/update | 6021 tok/s
[train] 3025/4096 | 24780800 tok | loss 4.8484 | lr 2.448e-04 | 1356.7 ms/update | 6038 tok/s
[train] 3026/4096 | 24788992 tok | loss 4.8763 | lr 2.446e-04 | 1358.7 ms/update | 6029 tok/s
[train] 3027/4096 | 24797184 tok | loss 5.1806 | lr 2.443e-04 | 1369.4 ms/update | 5982 tok/s
[train] 3028/4096 | 24805376 tok | loss 4.8871 | lr 2.440e-04 | 1356.9 ms/update | 6037 tok/s
[train] 3029/4096 | 24813568 tok | loss 5.1086 | lr 2.438e-04 | 1355.0 ms/update | 6046 tok/s
[train] 3030/4096 | 24821760 tok | loss 4.8917 | lr 2.435e-04 | 1359.7 ms/update | 6025 tok/s
[train] 3031/4096 | 24829952 tok | loss 5.6319 | lr 2.433e-04 | 1364.4 ms/update | 6004 tok/s
[train] 3032/4096 | 24838144 tok | loss 4.8209 | lr 2.430e-04 | 1374.7 ms/update | 5959 tok/s
[train] 3033/4096 | 24846336 tok | loss 5.2708 | lr 2.428e-04 | 1374.1 ms/update | 5962 tok/s
[train] 3034/4096 | 24854528 tok | loss 5.2796 | lr 2.425e-04 | 1369.5 ms/update | 5982 tok/s
[train] 3035/4096 | 24862720 tok | loss 4.9813 | lr 2.423e-04 | 1355.6 ms/update | 6043 tok/s
[train] 3036/4096 | 24870912 tok | loss 4.9392 | lr 2.420e-04 | 1357.4 ms/update | 6035 tok/s
[train] 3037/4096 | 24879104 tok | loss 4.7422 | lr 2.418e-04 | 1383.0 ms/update | 5923 tok/s
[train] 3038/4096 | 24887296 tok | loss 5.0881 | lr 2.415e-04 | 1367.2 ms/update | 5992 tok/s
[train] 3039/4096 | 24895488 tok | loss 4.9594 | lr 2.413e-04 | 1374.2 ms/update | 5961 tok/s
[train] 3040/4096 | 24903680 tok | loss 5.2219 | lr 2.410e-04 | 1365.1 ms/update | 6001 tok/s
[train] 3041/4096 | 24911872 tok | loss 5.0984 | lr 2.408e-04 | 1360.5 ms/update | 6021 tok/s
[train] 3042/4096 | 24920064 tok | loss 4.9614 | lr 2.405e-04 | 1363.2 ms/update | 6010 tok/s
[train] 3043/4096 | 24928256 tok | loss 5.3059 | lr 2.402e-04 | 1367.1 ms/update | 5992 tok/s
[train] 3044/4096 | 24936448 tok | loss 5.1431 | lr 2.400e-04 | 1369.8 ms/update | 5981 tok/s
[train] 3045/4096 | 24944640 tok | loss 5.3861 | lr 2.397e-04 | 1362.1 ms/update | 6014 tok/s
[train] 3046/4096 | 24952832 tok | loss 5.3108 | lr 2.395e-04 | 1370.7 ms/update | 5976 tok/s
[train] 3047/4096 | 24961024 tok | loss 5.1520 | lr 2.392e-04 | 1371.1 ms/update | 5975 tok/s
[train] 3048/4096 | 24969216 tok | loss 5.2226 | lr 2.390e-04 | 1369.1 ms/update | 5983 tok/s
[train] 3049/4096 | 24977408 tok | loss 5.2919 | lr 2.387e-04 | 1357.7 ms/update | 6034 tok/s
[train] 3050/4096 | 24985600 tok | loss 5.1966 | lr 2.385e-04 | 1365.2 ms/update | 6001 tok/s
[train] 3051/4096 | 24993792 tok | loss 4.8737 | lr 2.382e-04 | 1377.4 ms/update | 5947 tok/s
[train] 3052/4096 | 25001984 tok | loss 4.9558 | lr 2.380e-04 | 1363.0 ms/update | 6010 tok/s
[train] 3053/4096 | 25010176 tok | loss 5.1210 | lr 2.377e-04 | 1374.7 ms/update | 5959 tok/s
[train] 3054/4096 | 25018368 tok | loss 5.1443 | lr 2.375e-04 | 1377.5 ms/update | 5947 tok/s
[train] 3055/4096 | 25026560 tok | loss 5.0742 | lr 2.372e-04 | 1366.9 ms/update | 5993 tok/s
[train] 3056/4096 | 25034752 tok | loss 4.9526 | lr 2.370e-04 | 1358.9 ms/update | 6029 tok/s
[train] 3057/4096 | 25042944 tok | loss 5.2151 | lr 2.367e-04 | 1370.5 ms/update | 5977 tok/s
[train] 3058/4096 | 25051136 tok | loss 5.1010 | lr 2.365e-04 | 1369.4 ms/update | 5982 tok/s
[train] 3059/4096 | 25059328 tok | loss 5.2058 | lr 2.362e-04 | 1362.6 ms/update | 6012 tok/s
[train] 3060/4096 | 25067520 tok | loss 5.0839 | lr 2.360e-04 | 1366.6 ms/update | 5995 tok/s
[train] 3061/4096 | 25075712 tok | loss 5.3527 | lr 2.358e-04 | 1366.6 ms/update | 5995 tok/s
[train] 3062/4096 | 25083904 tok | loss 4.7778 | lr 2.355e-04 | 1362.4 ms/update | 6013 tok/s
[train] 3063/4096 | 25092096 tok | loss 5.0174 | lr 2.353e-04 | 1364.3 ms/update | 6005 tok/s
[train] 3064/4096 | 25100288 tok | loss 5.0735 | lr 2.350e-04 | 1364.4 ms/update | 6004 tok/s
[train] 3065/4096 | 25108480 tok | loss 5.2328 | lr 2.348e-04 | 1375.6 ms/update | 5955 tok/s
[train] 3066/4096 | 25116672 tok | loss 5.1946 | lr 2.345e-04 | 1376.5 ms/update | 5951 tok/s
[train] 3067/4096 | 25124864 tok | loss 5.3538 | lr 2.343e-04 | 1372.4 ms/update | 5969 tok/s
[train] 3068/4096 | 25133056 tok | loss 5.2358 | lr 2.340e-04 | 1363.6 ms/update | 6008 tok/s
[train] 3069/4096 | 25141248 tok | loss 5.0002 | lr 2.338e-04 | 1364.8 ms/update | 6002 tok/s
[train] 3070/4096 | 25149440 tok | loss 5.0152 | lr 2.335e-04 | 1362.4 ms/update | 6013 tok/s
[train] 3071/4096 | 25157632 tok | loss 4.9800 | lr 2.333e-04 | 1366.9 ms/update | 5993 tok/s
[train] 3072/4096 | 25165824 tok | loss 5.1996 | lr 2.330e-04 | 1364.7 ms/update | 6003 tok/s
[eval] step 3072 | val NLL 4.8336 | ppl 125.66 | 65536 tokens
[ckpt] latest.pt @ step 3072
[train] 3073/4096 | 25174016 tok | loss 4.9334 | lr 2.328e-04 | 1376.7 ms/update | 5951 tok/s
[train] 3074/4096 | 25182208 tok | loss 5.1341 | lr 2.325e-04 | 1371.8 ms/update | 5972 tok/s
[train] 3075/4096 | 25190400 tok | loss 5.0435 | lr 2.323e-04 | 1357.2 ms/update | 6036 tok/s
[train] 3076/4096 | 25198592 tok | loss 4.8984 | lr 2.320e-04 | 1358.0 ms/update | 6032 tok/s
[train] 3077/4096 | 25206784 tok | loss 4.7981 | lr 2.318e-04 | 1371.1 ms/update | 5975 tok/s
[train] 3078/4096 | 25214976 tok | loss 4.9834 | lr 2.316e-04 | 1359.3 ms/update | 6027 tok/s
[train] 3079/4096 | 25223168 tok | loss 5.0873 | lr 2.313e-04 | 1355.3 ms/update | 6045 tok/s
[train] 3080/4096 | 25231360 tok | loss 5.1982 | lr 2.311e-04 | 1356.4 ms/update | 6040 tok/s
[train] 3081/4096 | 25239552 tok | loss 5.2662 | lr 2.308e-04 | 1375.4 ms/update | 5956 tok/s
[train] 3082/4096 | 25247744 tok | loss 5.0195 | lr 2.306e-04 | 1371.0 ms/update | 5975 tok/s
[train] 3083/4096 | 25255936 tok | loss 5.0531 | lr 2.303e-04 | 1361.9 ms/update | 6015 tok/s
[train] 3084/4096 | 25264128 tok | loss 5.0800 | lr 2.301e-04 | 1368.7 ms/update | 5985 tok/s
[train] 3085/4096 | 25272320 tok | loss 4.9476 | lr 2.298e-04 | 1356.8 ms/update | 6038 tok/s
[train] 3086/4096 | 25280512 tok | loss 4.9861 | lr 2.296e-04 | 1358.3 ms/update | 6031 tok/s
[train] 3087/4096 | 25288704 tok | loss 4.9942 | lr 2.294e-04 | 1372.8 ms/update | 5968 tok/s
[train] 3088/4096 | 25296896 tok | loss 5.1902 | lr 2.291e-04 | 1389.4 ms/update | 5896 tok/s
[train] 3089/4096 | 25305088 tok | loss 5.1127 | lr 2.289e-04 | 1382.0 ms/update | 5928 tok/s
[train] 3090/4096 | 25313280 tok | loss 4.9545 | lr 2.286e-04 | 1385.8 ms/update | 5911 tok/s
[train] 3091/4096 | 25321472 tok | loss 4.8217 | lr 2.284e-04 | 1383.2 ms/update | 5922 tok/s
[train] 3092/4096 | 25329664 tok | loss 5.2934 | lr 2.281e-04 | 1385.7 ms/update | 5912 tok/s
[train] 3093/4096 | 25337856 tok | loss 4.8426 | lr 2.279e-04 | 1370.6 ms/update | 5977 tok/s
[train] 3094/4096 | 25346048 tok | loss 5.0990 | lr 2.277e-04 | 1370.8 ms/update | 5976 tok/s
[train] 3095/4096 | 25354240 tok | loss 5.2980 | lr 2.274e-04 | 1375.4 ms/update | 5956 tok/s
[train] 3096/4096 | 25362432 tok | loss 4.8578 | lr 2.272e-04 | 1369.4 ms/update | 5982 tok/s
[train] 3097/4096 | 25370624 tok | loss 4.8875 | lr 2.269e-04 | 1375.1 ms/update | 5958 tok/s
[train] 3098/4096 | 25378816 tok | loss 5.3494 | lr 2.267e-04 | 1374.4 ms/update | 5960 tok/s
[train] 3099/4096 | 25387008 tok | loss 5.1765 | lr 2.265e-04 | 1370.8 ms/update | 5976 tok/s
[train] 3100/4096 | 25395200 tok | loss 5.0814 | lr 2.262e-04 | 1360.1 ms/update | 6023 tok/s
[train] 3101/4096 | 25403392 tok | loss 5.0772 | lr 2.260e-04 | 1372.1 ms/update | 5970 tok/s
[train] 3102/4096 | 25411584 tok | loss 5.3091 | lr 2.257e-04 | 1373.5 ms/update | 5964 tok/s
[train] 3103/4096 | 25419776 tok | loss 5.2810 | lr 2.255e-04 | 1370.9 ms/update | 5976 tok/s
[train] 3104/4096 | 25427968 tok | loss 4.8962 | lr 2.252e-04 | 1370.6 ms/update | 5977 tok/s
[train] 3105/4096 | 25436160 tok | loss 5.3039 | lr 2.250e-04 | 1365.7 ms/update | 5999 tok/s
[train] 3106/4096 | 25444352 tok | loss 5.1212 | lr 2.248e-04 | 1367.6 ms/update | 5990 tok/s
[train] 3107/4096 | 25452544 tok | loss 5.0134 | lr 2.245e-04 | 1369.0 ms/update | 5984 tok/s
[train] 3108/4096 | 25460736 tok | loss 4.7987 | lr 2.243e-04 | 1369.6 ms/update | 5981 tok/s
[train] 3109/4096 | 25468928 tok | loss 5.0780 | lr 2.241e-04 | 1362.3 ms/update | 6013 tok/s
[train] 3110/4096 | 25477120 tok | loss 5.2054 | lr 2.238e-04 | 1373.8 ms/update | 5963 tok/s
[train] 3111/4096 | 25485312 tok | loss 4.8741 | lr 2.236e-04 | 1366.4 ms/update | 5996 tok/s
[train] 3112/4096 | 25493504 tok | loss 5.2275 | lr 2.233e-04 | 1363.3 ms/update | 6009 tok/s
[train] 3113/4096 | 25501696 tok | loss 5.1588 | lr 2.231e-04 | 1363.3 ms/update | 6009 tok/s
[train] 3114/4096 | 25509888 tok | loss 5.0748 | lr 2.229e-04 | 1358.0 ms/update | 6033 tok/s
[train] 3115/4096 | 25518080 tok | loss 5.1293 | lr 2.226e-04 | 1372.4 ms/update | 5969 tok/s
[train] 3116/4096 | 25526272 tok | loss 5.3130 | lr 2.224e-04 | 1367.9 ms/update | 5989 tok/s
[train] 3117/4096 | 25534464 tok | loss 4.9006 | lr 2.221e-04 | 1364.8 ms/update | 6003 tok/s
[train] 3118/4096 | 25542656 tok | loss 5.4156 | lr 2.219e-04 | 1371.9 ms/update | 5971 tok/s
[train] 3119/4096 | 25550848 tok | loss 5.2209 | lr 2.217e-04 | 1369.1 ms/update | 5983 tok/s
[train] 3120/4096 | 25559040 tok | loss 5.0884 | lr 2.214e-04 | 1359.9 ms/update | 6024 tok/s
[train] 3121/4096 | 25567232 tok | loss 4.8502 | lr 2.212e-04 | 1370.0 ms/update | 5980 tok/s
[train] 3122/4096 | 25575424 tok | loss 5.2821 | lr 2.210e-04 | 1356.4 ms/update | 6040 tok/s
[train] 3123/4096 | 25583616 tok | loss 5.2157 | lr 2.207e-04 | 1368.9 ms/update | 5984 tok/s
[train] 3124/4096 | 25591808 tok | loss 4.8826 | lr 2.205e-04 | 1365.7 ms/update | 5998 tok/s
[train] 3125/4096 | 25600000 tok | loss 5.1183 | lr 2.203e-04 | 1367.7 ms/update | 5990 tok/s
[train] 3126/4096 | 25608192 tok | loss 4.9329 | lr 2.200e-04 | 1357.1 ms/update | 6037 tok/s
[train] 3127/4096 | 25616384 tok | loss 5.1036 | lr 2.198e-04 | 1358.4 ms/update | 6030 tok/s
[train] 3128/4096 | 25624576 tok | loss 5.1071 | lr 2.195e-04 | 1356.4 ms/update | 6039 tok/s
[train] 3129/4096 | 25632768 tok | loss 5.0967 | lr 2.193e-04 | 1359.3 ms/update | 6026 tok/s
[train] 3130/4096 | 25640960 tok | loss 4.9195 | lr 2.191e-04 | 1372.1 ms/update | 5971 tok/s
[train] 3131/4096 | 25649152 tok | loss 4.8324 | lr 2.188e-04 | 1356.2 ms/update | 6041 tok/s
[train] 3132/4096 | 25657344 tok | loss 5.0816 | lr 2.186e-04 | 1354.5 ms/update | 6048 tok/s
[train] 3133/4096 | 25665536 tok | loss 5.2236 | lr 2.184e-04 | 1367.4 ms/update | 5991 tok/s
[train] 3134/4096 | 25673728 tok | loss 5.3491 | lr 2.181e-04 | 1361.5 ms/update | 6017 tok/s
[train] 3135/4096 | 25681920 tok | loss 5.0932 | lr 2.179e-04 | 1359.7 ms/update | 6025 tok/s
[train] 3136/4096 | 25690112 tok | loss 5.2598 | lr 2.177e-04 | 1371.8 ms/update | 5972 tok/s
[train] 3137/4096 | 25698304 tok | loss 5.1077 | lr 2.174e-04 | 1367.1 ms/update | 5992 tok/s
[train] 3138/4096 | 25706496 tok | loss 5.1491 | lr 2.172e-04 | 1357.4 ms/update | 6035 tok/s
[train] 3139/4096 | 25714688 tok | loss 5.0351 | lr 2.170e-04 | 1370.7 ms/update | 5976 tok/s
[train] 3140/4096 | 25722880 tok | loss 4.9331 | lr 2.167e-04 | 1358.4 ms/update | 6031 tok/s
[train] 3141/4096 | 25731072 tok | loss 5.0067 | lr 2.165e-04 | 1363.6 ms/update | 6008 tok/s
[train] 3142/4096 | 25739264 tok | loss 5.1705 | lr 2.163e-04 | 1364.4 ms/update | 6004 tok/s
[train] 3143/4096 | 25747456 tok | loss 4.7829 | lr 2.160e-04 | 1374.2 ms/update | 5961 tok/s
[train] 3144/4096 | 25755648 tok | loss 4.8159 | lr 2.158e-04 | 1369.1 ms/update | 5984 tok/s
[train] 3145/4096 | 25763840 tok | loss 4.8349 | lr 2.156e-04 | 1360.4 ms/update | 6022 tok/s
[train] 3146/4096 | 25772032 tok | loss 4.8518 | lr 2.153e-04 | 1375.8 ms/update | 5954 tok/s
[train] 3147/4096 | 25780224 tok | loss 5.1800 | lr 2.151e-04 | 1368.6 ms/update | 5986 tok/s
[train] 3148/4096 | 25788416 tok | loss 5.0441 | lr 2.149e-04 | 1355.3 ms/update | 6044 tok/s
[train] 3149/4096 | 25796608 tok | loss 5.0523 | lr 2.146e-04 | 1369.5 ms/update | 5982 tok/s
[train] 3150/4096 | 25804800 tok | loss 4.9296 | lr 2.144e-04 | 1355.8 ms/update | 6042 tok/s
[train] 3151/4096 | 25812992 tok | loss 5.1564 | lr 2.142e-04 | 1363.1 ms/update | 6010 tok/s
[train] 3152/4096 | 25821184 tok | loss 5.3046 | lr 2.139e-04 | 1364.6 ms/update | 6003 tok/s
[train] 3153/4096 | 25829376 tok | loss 4.9171 | lr 2.137e-04 | 1364.3 ms/update | 6005 tok/s
[train] 3154/4096 | 25837568 tok | loss 5.0163 | lr 2.135e-04 | 1368.1 ms/update | 5988 tok/s
[train] 3155/4096 | 25845760 tok | loss 4.9215 | lr 2.133e-04 | 1367.6 ms/update | 5990 tok/s
[train] 3156/4096 | 25853952 tok | loss 4.9509 | lr 2.130e-04 | 1373.6 ms/update | 5964 tok/s
[train] 3157/4096 | 25862144 tok | loss 5.1966 | lr 2.128e-04 | 1374.9 ms/update | 5958 tok/s
[train] 3158/4096 | 25870336 tok | loss 5.3754 | lr 2.126e-04 | 1378.8 ms/update | 5942 tok/s
[train] 3159/4096 | 25878528 tok | loss 4.7950 | lr 2.123e-04 | 1367.6 ms/update | 5990 tok/s
[train] 3160/4096 | 25886720 tok | loss 4.8267 | lr 2.121e-04 | 1369.9 ms/update | 5980 tok/s
[train] 3161/4096 | 25894912 tok | loss 4.9303 | lr 2.119e-04 | 1377.7 ms/update | 5946 tok/s
[train] 3162/4096 | 25903104 tok | loss 5.2404 | lr 2.117e-04 | 1363.0 ms/update | 6010 tok/s
[train] 3163/4096 | 25911296 tok | loss 4.9041 | lr 2.114e-04 | 1369.3 ms/update | 5983 tok/s
[train] 3164/4096 | 25919488 tok | loss 4.9682 | lr 2.112e-04 | 1356.2 ms/update | 6040 tok/s
[train] 3165/4096 | 25927680 tok | loss 5.0843 | lr 2.110e-04 | 1365.5 ms/update | 5999 tok/s
[train] 3166/4096 | 25935872 tok | loss 5.0705 | lr 2.107e-04 | 1364.0 ms/update | 6006 tok/s
[train] 3167/4096 | 25944064 tok | loss 5.0990 | lr 2.105e-04 | 1372.3 ms/update | 5969 tok/s
[train] 3168/4096 | 25952256 tok | loss 4.9322 | lr 2.103e-04 | 1377.4 ms/update | 5948 tok/s
[train] 3169/4096 | 25960448 tok | loss 4.7970 | lr 2.101e-04 | 1372.1 ms/update | 5970 tok/s
[train] 3170/4096 | 25968640 tok | loss 5.1861 | lr 2.098e-04 | 1369.5 ms/update | 5982 tok/s
[train] 3171/4096 | 25976832 tok | loss 5.0208 | lr 2.096e-04 | 1357.8 ms/update | 6033 tok/s
[train] 3172/4096 | 25985024 tok | loss 5.1922 | lr 2.094e-04 | 1358.9 ms/update | 6029 tok/s
[train] 3173/4096 | 25993216 tok | loss 5.1991 | lr 2.091e-04 | 1370.0 ms/update | 5980 tok/s
[train] 3174/4096 | 26001408 tok | loss 5.0721 | lr 2.089e-04 | 1360.5 ms/update | 6021 tok/s
[train] 3175/4096 | 26009600 tok | loss 5.1502 | lr 2.087e-04 | 1363.6 ms/update | 6008 tok/s
[train] 3176/4096 | 26017792 tok | loss 5.3723 | lr 2.085e-04 | 1364.3 ms/update | 6005 tok/s
[train] 3177/4096 | 26025984 tok | loss 5.1224 | lr 2.082e-04 | 1357.0 ms/update | 6037 tok/s
[train] 3178/4096 | 26034176 tok | loss 4.9687 | lr 2.080e-04 | 1362.7 ms/update | 6012 tok/s
[train] 3179/4096 | 26042368 tok | loss 5.1654 | lr 2.078e-04 | 1369.3 ms/update | 5983 tok/s
[train] 3180/4096 | 26050560 tok | loss 4.9313 | lr 2.076e-04 | 1371.4 ms/update | 5974 tok/s
[train] 3181/4096 | 26058752 tok | loss 4.9135 | lr 2.073e-04 | 1357.9 ms/update | 6033 tok/s
[train] 3182/4096 | 26066944 tok | loss 4.9697 | lr 2.071e-04 | 1379.1 ms/update | 5940 tok/s
[train] 3183/4096 | 26075136 tok | loss 5.2935 | lr 2.069e-04 | 1389.4 ms/update | 5896 tok/s
[train] 3184/4096 | 26083328 tok | loss 4.8165 | lr 2.067e-04 | 1362.8 ms/update | 6011 tok/s
[train] 3185/4096 | 26091520 tok | loss 5.0838 | lr 2.064e-04 | 1372.1 ms/update | 5971 tok/s
[train] 3186/4096 | 26099712 tok | loss 5.1420 | lr 2.062e-04 | 1366.7 ms/update | 5994 tok/s
[train] 3187/4096 | 26107904 tok | loss 4.9581 | lr 2.060e-04 | 1356.5 ms/update | 6039 tok/s
[train] 3188/4096 | 26116096 tok | loss 5.0644 | lr 2.058e-04 | 1364.7 ms/update | 6003 tok/s
[train] 3189/4096 | 26124288 tok | loss 5.0366 | lr 2.056e-04 | 1363.3 ms/update | 6009 tok/s
[train] 3190/4096 | 26132480 tok | loss 4.8295 | lr 2.053e-04 | 1366.7 ms/update | 5994 tok/s
[train] 3191/4096 | 26140672 tok | loss 5.3257 | lr 2.051e-04 | 1361.5 ms/update | 6017 tok/s
[train] 3192/4096 | 26148864 tok | loss 5.1436 | lr 2.049e-04 | 1366.2 ms/update | 5996 tok/s
[train] 3193/4096 | 26157056 tok | loss 5.1713 | lr 2.047e-04 | 1365.3 ms/update | 6000 tok/s
[train] 3194/4096 | 26165248 tok | loss 5.4505 | lr 2.044e-04 | 1366.4 ms/update | 5995 tok/s
[train] 3195/4096 | 26173440 tok | loss 4.8347 | lr 2.042e-04 | 1357.6 ms/update | 6034 tok/s
[train] 3196/4096 | 26181632 tok | loss 5.2144 | lr 2.040e-04 | 1356.8 ms/update | 6038 tok/s
[train] 3197/4096 | 26189824 tok | loss 5.0467 | lr 2.038e-04 | 1369.6 ms/update | 5981 tok/s
[train] 3198/4096 | 26198016 tok | loss 5.2538 | lr 2.036e-04 | 1355.8 ms/update | 6042 tok/s
[train] 3199/4096 | 26206208 tok | loss 5.1619 | lr 2.033e-04 | 1368.4 ms/update | 5987 tok/s
[train] 3200/4096 | 26214400 tok | loss 5.0637 | lr 2.031e-04 | 1357.1 ms/update | 6037 tok/s
[eval] step 3200 | val NLL 4.8157 | ppl 123.44 | 65536 tokens
[ckpt] latest.pt @ step 3200
[train] 3201/4096 | 26222592 tok | loss 5.0764 | lr 2.029e-04 | 1364.0 ms/update | 6006 tok/s
[train] 3202/4096 | 26230784 tok | loss 4.9520 | lr 2.027e-04 | 1378.3 ms/update | 5943 tok/s
[train] 3203/4096 | 26238976 tok | loss 4.7391 | lr 2.024e-04 | 1370.8 ms/update | 5976 tok/s
[train] 3204/4096 | 26247168 tok | loss 5.0289 | lr 2.022e-04 | 1367.1 ms/update | 5992 tok/s
[train] 3205/4096 | 26255360 tok | loss 4.5672 | lr 2.020e-04 | 1360.6 ms/update | 6021 tok/s
[train] 3206/4096 | 26263552 tok | loss 4.7443 | lr 2.018e-04 | 1365.5 ms/update | 5999 tok/s
[train] 3207/4096 | 26271744 tok | loss 5.1455 | lr 2.016e-04 | 1363.0 ms/update | 6010 tok/s
[train] 3208/4096 | 26279936 tok | loss 5.0624 | lr 2.013e-04 | 1369.0 ms/update | 5984 tok/s
[train] 3209/4096 | 26288128 tok | loss 5.3777 | lr 2.011e-04 | 1357.3 ms/update | 6036 tok/s
[train] 3210/4096 | 26296320 tok | loss 5.3084 | lr 2.009e-04 | 1366.6 ms/update | 5994 tok/s
[train] 3211/4096 | 26304512 tok | loss 5.3084 | lr 2.007e-04 | 1360.5 ms/update | 6021 tok/s
[train] 3212/4096 | 26312704 tok | loss 5.0997 | lr 2.005e-04 | 1367.3 ms/update | 5991 tok/s
[train] 3213/4096 | 26320896 tok | loss 5.0856 | lr 2.003e-04 | 1359.8 ms/update | 6024 tok/s
[train] 3214/4096 | 26329088 tok | loss 5.1301 | lr 2.000e-04 | 1358.3 ms/update | 6031 tok/s
[train] 3215/4096 | 26337280 tok | loss 5.2969 | lr 1.998e-04 | 1370.0 ms/update | 5979 tok/s
[train] 3216/4096 | 26345472 tok | loss 5.4148 | lr 1.996e-04 | 1358.2 ms/update | 6031 tok/s
[train] 3217/4096 | 26353664 tok | loss 5.0515 | lr 1.994e-04 | 1373.4 ms/update | 5965 tok/s
[train] 3218/4096 | 26361856 tok | loss 4.8913 | lr 1.992e-04 | 1362.7 ms/update | 6012 tok/s
[train] 3219/4096 | 26370048 tok | loss 5.0418 | lr 1.989e-04 | 1368.4 ms/update | 5987 tok/s
[train] 3220/4096 | 26378240 tok | loss 5.0153 | lr 1.987e-04 | 1367.0 ms/update | 5993 tok/s
[train] 3221/4096 | 26386432 tok | loss 5.2254 | lr 1.985e-04 | 1361.7 ms/update | 6016 tok/s
[train] 3222/4096 | 26394624 tok | loss 4.5611 | lr 1.983e-04 | 1350.2 ms/update | 6067 tok/s
[train] 3223/4096 | 26402816 tok | loss 5.1622 | lr 1.981e-04 | 1365.0 ms/update | 6001 tok/s
[train] 3224/4096 | 26411008 tok | loss 5.4237 | lr 1.979e-04 | 1370.4 ms/update | 5978 tok/s
[train] 3225/4096 | 26419200 tok | loss 4.9905 | lr 1.977e-04 | 1359.1 ms/update | 6028 tok/s
[train] 3226/4096 | 26427392 tok | loss 5.1179 | lr 1.974e-04 | 1351.6 ms/update | 6061 tok/s
[train] 3227/4096 | 26435584 tok | loss 5.5197 | lr 1.972e-04 | 1355.5 ms/update | 6043 tok/s
[train] 3228/4096 | 26443776 tok | loss 4.6454 | lr 1.970e-04 | 1358.3 ms/update | 6031 tok/s
[train] 3229/4096 | 26451968 tok | loss 5.0647 | lr 1.968e-04 | 1364.6 ms/update | 6003 tok/s
[train] 3230/4096 | 26460160 tok | loss 4.8259 | lr 1.966e-04 | 1362.1 ms/update | 6014 tok/s
[train] 3231/4096 | 26468352 tok | loss 5.2504 | lr 1.964e-04 | 1360.6 ms/update | 6021 tok/s
[train] 3232/4096 | 26476544 tok | loss 5.1161 | lr 1.961e-04 | 1367.2 ms/update | 5992 tok/s
[train] 3233/4096 | 26484736 tok | loss 5.0306 | lr 1.959e-04 | 1368.9 ms/update | 5984 tok/s
[train] 3234/4096 | 26492928 tok | loss 4.9674 | lr 1.957e-04 | 1364.0 ms/update | 6006 tok/s
[train] 3235/4096 | 26501120 tok | loss 5.0409 | lr 1.955e-04 | 1354.7 ms/update | 6047 tok/s
[train] 3236/4096 | 26509312 tok | loss 5.2874 | lr 1.953e-04 | 1369.2 ms/update | 5983 tok/s
[train] 3237/4096 | 26517504 tok | loss 5.1137 | lr 1.951e-04 | 1361.6 ms/update | 6017 tok/s
[train] 3238/4096 | 26525696 tok | loss 4.8691 | lr 1.949e-04 | 1364.9 ms/update | 6002 tok/s
[train] 3239/4096 | 26533888 tok | loss 4.7590 | lr 1.947e-04 | 1374.2 ms/update | 5961 tok/s
[train] 3240/4096 | 26542080 tok | loss 5.0235 | lr 1.944e-04 | 1361.4 ms/update | 6017 tok/s
[train] 3241/4096 | 26550272 tok | loss 5.0627 | lr 1.942e-04 | 1369.3 ms/update | 5983 tok/s
[train] 3242/4096 | 26558464 tok | loss 5.4249 | lr 1.940e-04 | 1357.4 ms/update | 6035 tok/s
[train] 3243/4096 | 26566656 tok | loss 5.0397 | lr 1.938e-04 | 1367.9 ms/update | 5989 tok/s
[train] 3244/4096 | 26574848 tok | loss 5.2437 | lr 1.936e-04 | 1362.0 ms/update | 6015 tok/s
[train] 3245/4096 | 26583040 tok | loss 5.1952 | lr 1.934e-04 | 1368.2 ms/update | 5988 tok/s
[train] 3246/4096 | 26591232 tok | loss 4.9911 | lr 1.932e-04 | 1364.8 ms/update | 6002 tok/s
[train] 3247/4096 | 26599424 tok | loss 5.1398 | lr 1.930e-04 | 1362.7 ms/update | 6011 tok/s
[train] 3248/4096 | 26607616 tok | loss 5.1194 | lr 1.927e-04 | 1357.9 ms/update | 6033 tok/s
[train] 3249/4096 | 26615808 tok | loss 4.9176 | lr 1.925e-04 | 1370.2 ms/update | 5979 tok/s
[train] 3250/4096 | 26624000 tok | loss 5.1964 | lr 1.923e-04 | 1357.8 ms/update | 6033 tok/s
[train] 3251/4096 | 26632192 tok | loss 4.8220 | lr 1.921e-04 | 1370.1 ms/update | 5979 tok/s
[train] 3252/4096 | 26640384 tok | loss 4.9732 | lr 1.919e-04 | 1356.9 ms/update | 6037 tok/s
[train] 3253/4096 | 26648576 tok | loss 5.1377 | lr 1.917e-04 | 1366.5 ms/update | 5995 tok/s
[train] 3254/4096 | 26656768 tok | loss 5.1114 | lr 1.915e-04 | 1360.8 ms/update | 6020 tok/s
[train] 3255/4096 | 26664960 tok | loss 5.2590 | lr 1.913e-04 | 1359.2 ms/update | 6027 tok/s
[train] 3256/4096 | 26673152 tok | loss 5.0400 | lr 1.911e-04 | 1371.7 ms/update | 5972 tok/s
[train] 3257/4096 | 26681344 tok | loss 5.2712 | lr 1.909e-04 | 1368.6 ms/update | 5986 tok/s
[train] 3258/4096 | 26689536 tok | loss 5.0275 | lr 1.906e-04 | 1359.0 ms/update | 6028 tok/s
[train] 3259/4096 | 26697728 tok | loss 4.9340 | lr 1.904e-04 | 1364.1 ms/update | 6005 tok/s
[train] 3260/4096 | 26705920 tok | loss 4.9717 | lr 1.902e-04 | 1365.4 ms/update | 6000 tok/s
[train] 3261/4096 | 26714112 tok | loss 5.1242 | lr 1.900e-04 | 1375.9 ms/update | 5954 tok/s
[train] 3262/4096 | 26722304 tok | loss 5.4467 | lr 1.898e-04 | 1370.3 ms/update | 5978 tok/s
[train] 3263/4096 | 26730496 tok | loss 5.0371 | lr 1.896e-04 | 1356.3 ms/update | 6040 tok/s
[train] 3264/4096 | 26738688 tok | loss 5.3450 | lr 1.894e-04 | 1357.1 ms/update | 6036 tok/s
[train] 3265/4096 | 26746880 tok | loss 4.7774 | lr 1.892e-04 | 1367.8 ms/update | 5989 tok/s
[train] 3266/4096 | 26755072 tok | loss 5.0612 | lr 1.890e-04 | 1359.4 ms/update | 6026 tok/s
[train] 3267/4096 | 26763264 tok | loss 5.1083 | lr 1.888e-04 | 1363.0 ms/update | 6010 tok/s
[train] 3268/4096 | 26771456 tok | loss 4.8220 | lr 1.886e-04 | 1375.2 ms/update | 5957 tok/s
[train] 3269/4096 | 26779648 tok | loss 5.0885 | lr 1.884e-04 | 1369.8 ms/update | 5980 tok/s
[train] 3270/4096 | 26787840 tok | loss 5.0311 | lr 1.882e-04 | 1353.1 ms/update | 6054 tok/s
[train] 3271/4096 | 26796032 tok | loss 5.2978 | lr 1.880e-04 | 1358.0 ms/update | 6032 tok/s
[train] 3272/4096 | 26804224 tok | loss 5.0508 | lr 1.877e-04 | 1355.6 ms/update | 6043 tok/s
[train] 3273/4096 | 26812416 tok | loss 5.3419 | lr 1.875e-04 | 1356.7 ms/update | 6038 tok/s
[train] 3274/4096 | 26820608 tok | loss 5.1386 | lr 1.873e-04 | 1358.0 ms/update | 6032 tok/s
[train] 3275/4096 | 26828800 tok | loss 4.8221 | lr 1.871e-04 | 1370.6 ms/update | 5977 tok/s
[train] 3276/4096 | 26836992 tok | loss 4.9107 | lr 1.869e-04 | 1357.9 ms/update | 6033 tok/s
[train] 3277/4096 | 26845184 tok | loss 5.2396 | lr 1.867e-04 | 1358.9 ms/update | 6028 tok/s
[train] 3278/4096 | 26853376 tok | loss 5.0565 | lr 1.865e-04 | 1368.0 ms/update | 5988 tok/s
[train] 3279/4096 | 26861568 tok | loss 5.0530 | lr 1.863e-04 | 1356.3 ms/update | 6040 tok/s
[train] 3280/4096 | 26869760 tok | loss 5.0768 | lr 1.861e-04 | 1353.2 ms/update | 6054 tok/s
[train] 3281/4096 | 26877952 tok | loss 4.7743 | lr 1.859e-04 | 1356.3 ms/update | 6040 tok/s
[train] 3282/4096 | 26886144 tok | loss 5.0769 | lr 1.857e-04 | 1359.9 ms/update | 6024 tok/s
[train] 3283/4096 | 26894336 tok | loss 5.3716 | lr 1.855e-04 | 1381.7 ms/update | 5929 tok/s
[train] 3284/4096 | 26902528 tok | loss 4.9597 | lr 1.853e-04 | 1358.5 ms/update | 6030 tok/s
[train] 3285/4096 | 26910720 tok | loss 5.0295 | lr 1.851e-04 | 1355.4 ms/update | 6044 tok/s
[train] 3286/4096 | 26918912 tok | loss 4.6943 | lr 1.849e-04 | 1359.3 ms/update | 6027 tok/s
[train] 3287/4096 | 26927104 tok | loss 5.0505 | lr 1.847e-04 | 1375.0 ms/update | 5958 tok/s
[train] 3288/4096 | 26935296 tok | loss 5.3161 | lr 1.845e-04 | 1369.4 ms/update | 5982 tok/s
[train] 3289/4096 | 26943488 tok | loss 5.1072 | lr 1.843e-04 | 1360.3 ms/update | 6022 tok/s
[train] 3290/4096 | 26951680 tok | loss 5.0962 | lr 1.841e-04 | 1379.3 ms/update | 5939 tok/s
[train] 3291/4096 | 26959872 tok | loss 5.1039 | lr 1.839e-04 | 1365.7 ms/update | 5998 tok/s
[train] 3292/4096 | 26968064 tok | loss 5.1800 | lr 1.837e-04 | 1357.9 ms/update | 6033 tok/s
[train] 3293/4096 | 26976256 tok | loss 4.8680 | lr 1.835e-04 | 1368.6 ms/update | 5986 tok/s
[train] 3294/4096 | 26984448 tok | loss 5.0443 | lr 1.833e-04 | 1360.9 ms/update | 6020 tok/s
[train] 3295/4096 | 26992640 tok | loss 5.2406 | lr 1.831e-04 | 1363.5 ms/update | 6008 tok/s
[train] 3296/4096 | 27000832 tok | loss 4.9635 | lr 1.829e-04 | 1355.9 ms/update | 6042 tok/s
[train] 3297/4096 | 27009024 tok | loss 5.2505 | lr 1.827e-04 | 1357.2 ms/update | 6036 tok/s
[train] 3298/4096 | 27017216 tok | loss 5.0818 | lr 1.825e-04 | 1371.9 ms/update | 5971 tok/s
[train] 3299/4096 | 27025408 tok | loss 5.1026 | lr 1.823e-04 | 1357.2 ms/update | 6036 tok/s
[train] 3300/4096 | 27033600 tok | loss 4.7519 | lr 1.821e-04 | 1371.5 ms/update | 5973 tok/s
[train] 3301/4096 | 27041792 tok | loss 5.3213 | lr 1.819e-04 | 1370.5 ms/update | 5977 tok/s
[train] 3302/4096 | 27049984 tok | loss 5.2788 | lr 1.817e-04 | 1358.9 ms/update | 6028 tok/s
[train] 3303/4096 | 27058176 tok | loss 5.1393 | lr 1.815e-04 | 1370.0 ms/update | 5980 tok/s
[train] 3304/4096 | 27066368 tok | loss 5.0823 | lr 1.813e-04 | 1357.1 ms/update | 6037 tok/s
[train] 3305/4096 | 27074560 tok | loss 5.2752 | lr 1.811e-04 | 1383.0 ms/update | 5923 tok/s
[train] 3306/4096 | 27082752 tok | loss 4.8400 | lr 1.809e-04 | 1368.9 ms/update | 5984 tok/s
[train] 3307/4096 | 27090944 tok | loss 4.8791 | lr 1.807e-04 | 1371.8 ms/update | 5972 tok/s
[train] 3308/4096 | 27099136 tok | loss 5.2206 | lr 1.805e-04 | 1373.4 ms/update | 5965 tok/s
[train] 3309/4096 | 27107328 tok | loss 5.0056 | lr 1.803e-04 | 1369.8 ms/update | 5980 tok/s
[train] 3310/4096 | 27115520 tok | loss 5.0624 | lr 1.801e-04 | 1360.4 ms/update | 6022 tok/s
[train] 3311/4096 | 27123712 tok | loss 5.2453 | lr 1.799e-04 | 1367.7 ms/update | 5990 tok/s
[train] 3312/4096 | 27131904 tok | loss 5.3276 | lr 1.797e-04 | 1370.6 ms/update | 5977 tok/s
[train] 3313/4096 | 27140096 tok | loss 4.9587 | lr 1.795e-04 | 1356.2 ms/update | 6040 tok/s
[train] 3314/4096 | 27148288 tok | loss 5.4265 | lr 1.793e-04 | 1367.8 ms/update | 5989 tok/s
[train] 3315/4096 | 27156480 tok | loss 4.8602 | lr 1.791e-04 | 1363.9 ms/update | 6006 tok/s
[train] 3316/4096 | 27164672 tok | loss 5.1728 | lr 1.789e-04 | 1373.2 ms/update | 5966 tok/s
[train] 3317/4096 | 27172864 tok | loss 4.9573 | lr 1.787e-04 | 1358.9 ms/update | 6028 tok/s
[train] 3318/4096 | 27181056 tok | loss 5.0162 | lr 1.785e-04 | 1370.1 ms/update | 5979 tok/s
[train] 3319/4096 | 27189248 tok | loss 4.5503 | lr 1.783e-04 | 1355.6 ms/update | 6043 tok/s
[train] 3320/4096 | 27197440 tok | loss 5.2632 | lr 1.781e-04 | 1361.0 ms/update | 6019 tok/s
[train] 3321/4096 | 27205632 tok | loss 4.9417 | lr 1.779e-04 | 1373.7 ms/update | 5963 tok/s
[train] 3322/4096 | 27213824 tok | loss 5.1551 | lr 1.777e-04 | 1366.7 ms/update | 5994 tok/s
[train] 3323/4096 | 27222016 tok | loss 5.0633 | lr 1.775e-04 | 1365.9 ms/update | 5998 tok/s
[train] 3324/4096 | 27230208 tok | loss 5.1638 | lr 1.773e-04 | 1360.4 ms/update | 6022 tok/s
[train] 3325/4096 | 27238400 tok | loss 4.8628 | lr 1.771e-04 | 1371.4 ms/update | 5973 tok/s
[train] 3326/4096 | 27246592 tok | loss 4.6100 | lr 1.770e-04 | 1368.9 ms/update | 5984 tok/s
[train] 3327/4096 | 27254784 tok | loss 5.0718 | lr 1.768e-04 | 1367.5 ms/update | 5990 tok/s
[train] 3328/4096 | 27262976 tok | loss 5.0150 | lr 1.766e-04 | 1374.1 ms/update | 5962 tok/s
[eval] step 3328 | val NLL 4.7955 | ppl 120.97 | 65536 tokens
[ckpt] latest.pt @ step 3328
[train] 3329/4096 | 27271168 tok | loss 5.0315 | lr 1.764e-04 | 1352.6 ms/update | 6056 tok/s
[train] 3330/4096 | 27279360 tok | loss 4.8022 | lr 1.762e-04 | 1372.4 ms/update | 5969 tok/s
[train] 3331/4096 | 27287552 tok | loss 5.3453 | lr 1.760e-04 | 1368.9 ms/update | 5984 tok/s
[train] 3332/4096 | 27295744 tok | loss 5.1547 | lr 1.758e-04 | 1357.6 ms/update | 6034 tok/s
[train] 3333/4096 | 27303936 tok | loss 4.7950 | lr 1.756e-04 | 1351.7 ms/update | 6060 tok/s
[train] 3334/4096 | 27312128 tok | loss 5.2827 | lr 1.754e-04 | 1351.6 ms/update | 6061 tok/s
[train] 3335/4096 | 27320320 tok | loss 5.2293 | lr 1.752e-04 | 1356.9 ms/update | 6037 tok/s
[train] 3336/4096 | 27328512 tok | loss 5.2321 | lr 1.750e-04 | 1353.3 ms/update | 6053 tok/s
[train] 3337/4096 | 27336704 tok | loss 5.2956 | lr 1.748e-04 | 1356.6 ms/update | 6039 tok/s
[train] 3338/4096 | 27344896 tok | loss 5.1272 | lr 1.746e-04 | 1357.1 ms/update | 6036 tok/s
[train] 3339/4096 | 27353088 tok | loss 5.2798 | lr 1.744e-04 | 1377.8 ms/update | 5946 tok/s
[train] 3340/4096 | 27361280 tok | loss 4.7515 | lr 1.743e-04 | 1365.8 ms/update | 5998 tok/s
[train] 3341/4096 | 27369472 tok | loss 4.8505 | lr 1.741e-04 | 1356.4 ms/update | 6039 tok/s
[train] 3342/4096 | 27377664 tok | loss 5.1783 | lr 1.739e-04 | 1371.3 ms/update | 5974 tok/s
[train] 3343/4096 | 27385856 tok | loss 4.7901 | lr 1.737e-04 | 1369.1 ms/update | 5984 tok/s
[train] 3344/4096 | 27394048 tok | loss 4.8324 | lr 1.735e-04 | 1353.0 ms/update | 6055 tok/s
[train] 3345/4096 | 27402240 tok | loss 5.2794 | lr 1.733e-04 | 1357.0 ms/update | 6037 tok/s
[train] 3346/4096 | 27410432 tok | loss 5.3236 | lr 1.731e-04 | 1377.6 ms/update | 5947 tok/s
[train] 3347/4096 | 27418624 tok | loss 5.3371 | lr 1.729e-04 | 1374.9 ms/update | 5958 tok/s
[train] 3348/4096 | 27426816 tok | loss 4.9870 | lr 1.727e-04 | 1373.0 ms/update | 5967 tok/s
[train] 3349/4096 | 27435008 tok | loss 5.1841 | lr 1.725e-04 | 1366.8 ms/update | 5994 tok/s
[train] 3350/4096 | 27443200 tok | loss 5.3246 | lr 1.724e-04 | 1355.2 ms/update | 6045 tok/s
[train] 3351/4096 | 27451392 tok | loss 5.0720 | lr 1.722e-04 | 1361.0 ms/update | 6019 tok/s
[train] 3352/4096 | 27459584 tok | loss 4.8775 | lr 1.720e-04 | 1373.9 ms/update | 5963 tok/s
[train] 3353/4096 | 27467776 tok | loss 4.7372 | lr 1.718e-04 | 1368.9 ms/update | 5984 tok/s
[train] 3354/4096 | 27475968 tok | loss 4.9961 | lr 1.716e-04 | 1359.0 ms/update | 6028 tok/s
[train] 3355/4096 | 27484160 tok | loss 5.1305 | lr 1.714e-04 | 1370.5 ms/update | 5978 tok/s
[train] 3356/4096 | 27492352 tok | loss 5.1782 | lr 1.712e-04 | 1356.3 ms/update | 6040 tok/s
[train] 3357/4096 | 27500544 tok | loss 5.0158 | lr 1.710e-04 | 1368.5 ms/update | 5986 tok/s
[train] 3358/4096 | 27508736 tok | loss 5.0175 | lr 1.709e-04 | 1361.0 ms/update | 6019 tok/s
[train] 3359/4096 | 27516928 tok | loss 4.9850 | lr 1.707e-04 | 1368.5 ms/update | 5986 tok/s
[train] 3360/4096 | 27525120 tok | loss 5.3272 | lr 1.705e-04 | 1357.3 ms/update | 6036 tok/s
[train] 3361/4096 | 27533312 tok | loss 5.0661 | lr 1.703e-04 | 1368.3 ms/update | 5987 tok/s
[train] 3362/4096 | 27541504 tok | loss 5.0107 | lr 1.701e-04 | 1360.7 ms/update | 6021 tok/s
[train] 3363/4096 | 27549696 tok | loss 5.0480 | lr 1.699e-04 | 1356.9 ms/update | 6037 tok/s
[train] 3364/4096 | 27557888 tok | loss 4.9091 | lr 1.697e-04 | 1354.7 ms/update | 6047 tok/s
[train] 3365/4096 | 27566080 tok | loss 4.8980 | lr 1.696e-04 | 1351.8 ms/update | 6060 tok/s
[train] 3366/4096 | 27574272 tok | loss 5.2616 | lr 1.694e-04 | 1358.8 ms/update | 6029 tok/s
[train] 3367/4096 | 27582464 tok | loss 5.0148 | lr 1.692e-04 | 1360.5 ms/update | 6021 tok/s
[train] 3368/4096 | 27590656 tok | loss 5.2385 | lr 1.690e-04 | 1378.2 ms/update | 5944 tok/s
[train] 3369/4096 | 27598848 tok | loss 4.7954 | lr 1.688e-04 | 1363.7 ms/update | 6007 tok/s
[train] 3370/4096 | 27607040 tok | loss 5.0174 | lr 1.686e-04 | 1354.5 ms/update | 6048 tok/s
[train] 3371/4096 | 27615232 tok | loss 4.8927 | lr 1.684e-04 | 1358.2 ms/update | 6032 tok/s
[train] 3372/4096 | 27623424 tok | loss 4.9139 | lr 1.683e-04 | 1361.2 ms/update | 6018 tok/s
[train] 3373/4096 | 27631616 tok | loss 4.9994 | lr 1.681e-04 | 1371.5 ms/update | 5973 tok/s
[train] 3374/4096 | 27639808 tok | loss 4.9610 | lr 1.679e-04 | 1369.5 ms/update | 5982 tok/s
[train] 3375/4096 | 27648000 tok | loss 5.1727 | lr 1.677e-04 | 1357.1 ms/update | 6037 tok/s
[train] 3376/4096 | 27656192 tok | loss 5.2690 | lr 1.675e-04 | 1366.9 ms/update | 5993 tok/s
[train] 3377/4096 | 27664384 tok | loss 5.2415 | lr 1.673e-04 | 1360.4 ms/update | 6022 tok/s
[train] 3378/4096 | 27672576 tok | loss 4.9955 | lr 1.672e-04 | 1355.4 ms/update | 6044 tok/s
[train] 3379/4096 | 27680768 tok | loss 5.1033 | lr 1.670e-04 | 1366.3 ms/update | 5996 tok/s
[train] 3380/4096 | 27688960 tok | loss 5.1850 | lr 1.668e-04 | 1358.7 ms/update | 6029 tok/s
[train] 3381/4096 | 27697152 tok | loss 5.1875 | lr 1.666e-04 | 1355.0 ms/update | 6046 tok/s
[train] 3382/4096 | 27705344 tok | loss 5.1459 | lr 1.664e-04 | 1357.4 ms/update | 6035 tok/s
[train] 3383/4096 | 27713536 tok | loss 5.3606 | lr 1.663e-04 | 1379.2 ms/update | 5940 tok/s
[train] 3384/4096 | 27721728 tok | loss 4.7451 | lr 1.661e-04 | 1371.7 ms/update | 5972 tok/s
[train] 3385/4096 | 27729920 tok | loss 5.0574 | lr 1.659e-04 | 1372.9 ms/update | 5967 tok/s
[train] 3386/4096 | 27738112 tok | loss 4.7706 | lr 1.657e-04 | 1365.0 ms/update | 6001 tok/s
[train] 3387/4096 | 27746304 tok | loss 4.9893 | lr 1.655e-04 | 1362.6 ms/update | 6012 tok/s
[train] 3388/4096 | 27754496 tok | loss 5.0423 | lr 1.654e-04 | 1355.6 ms/update | 6043 tok/s
[train] 3389/4096 | 27762688 tok | loss 5.2238 | lr 1.652e-04 | 1368.8 ms/update | 5985 tok/s
[train] 3390/4096 | 27770880 tok | loss 5.2187 | lr 1.650e-04 | 1365.9 ms/update | 5997 tok/s
[train] 3391/4096 | 27779072 tok | loss 4.8268 | lr 1.648e-04 | 1367.8 ms/update | 5989 tok/s
[train] 3392/4096 | 27787264 tok | loss 5.2053 | lr 1.646e-04 | 1368.0 ms/update | 5988 tok/s
[train] 3393/4096 | 27795456 tok | loss 4.9846 | lr 1.645e-04 | 1359.9 ms/update | 6024 tok/s
[train] 3394/4096 | 27803648 tok | loss 4.9793 | lr 1.643e-04 | 1368.8 ms/update | 5985 tok/s
[train] 3395/4096 | 27811840 tok | loss 5.0031 | lr 1.641e-04 | 1357.8 ms/update | 6033 tok/s
[train] 3396/4096 | 27820032 tok | loss 5.0789 | lr 1.639e-04 | 1366.9 ms/update | 5993 tok/s
[train] 3397/4096 | 27828224 tok | loss 5.0258 | lr 1.637e-04 | 1357.7 ms/update | 6034 tok/s
[train] 3398/4096 | 27836416 tok | loss 5.1245 | lr 1.636e-04 | 1357.1 ms/update | 6037 tok/s
[train] 3399/4096 | 27844608 tok | loss 5.0040 | lr 1.634e-04 | 1370.5 ms/update | 5977 tok/s
[train] 3400/4096 | 27852800 tok | loss 5.0269 | lr 1.632e-04 | 1352.6 ms/update | 6057 tok/s
[train] 3401/4096 | 27860992 tok | loss 4.7146 | lr 1.630e-04 | 1355.2 ms/update | 6045 tok/s
[train] 3402/4096 | 27869184 tok | loss 5.1510 | lr 1.629e-04 | 1359.9 ms/update | 6024 tok/s
[train] 3403/4096 | 27877376 tok | loss 5.0274 | lr 1.627e-04 | 1374.5 ms/update | 5960 tok/s
[train] 3404/4096 | 27885568 tok | loss 5.1007 | lr 1.625e-04 | 1382.4 ms/update | 5926 tok/s
[train] 3405/4096 | 27893760 tok | loss 5.2342 | lr 1.623e-04 | 1385.4 ms/update | 5913 tok/s
[train] 3406/4096 | 27901952 tok | loss 5.0958 | lr 1.622e-04 | 1368.1 ms/update | 5988 tok/s
[train] 3407/4096 | 27910144 tok | loss 5.2072 | lr 1.620e-04 | 1365.0 ms/update | 6002 tok/s
[train] 3408/4096 | 27918336 tok | loss 4.9719 | lr 1.618e-04 | 1363.6 ms/update | 6008 tok/s
[train] 3409/4096 | 27926528 tok | loss 5.0879 | lr 1.616e-04 | 1363.8 ms/update | 6007 tok/s
[train] 3410/4096 | 27934720 tok | loss 5.0741 | lr 1.614e-04 | 1369.0 ms/update | 5984 tok/s
[train] 3411/4096 | 27942912 tok | loss 5.1439 | lr 1.613e-04 | 1371.8 ms/update | 5972 tok/s
[train] 3412/4096 | 27951104 tok | loss 4.9936 | lr 1.611e-04 | 1364.2 ms/update | 6005 tok/s
[train] 3413/4096 | 27959296 tok | loss 5.0382 | lr 1.609e-04 | 1366.1 ms/update | 5997 tok/s
[train] 3414/4096 | 27967488 tok | loss 5.0949 | lr 1.608e-04 | 1359.7 ms/update | 6025 tok/s
[train] 3415/4096 | 27975680 tok | loss 5.1290 | lr 1.606e-04 | 1369.2 ms/update | 5983 tok/s
[train] 3416/4096 | 27983872 tok | loss 5.1836 | lr 1.604e-04 | 1359.8 ms/update | 6025 tok/s
[train] 3417/4096 | 27992064 tok | loss 5.1378 | lr 1.602e-04 | 1362.4 ms/update | 6013 tok/s
[train] 3418/4096 | 28000256 tok | loss 4.7907 | lr 1.601e-04 | 1371.2 ms/update | 5975 tok/s
[train] 3419/4096 | 28008448 tok | loss 5.0963 | lr 1.599e-04 | 1372.1 ms/update | 5970 tok/s
[train] 3420/4096 | 28016640 tok | loss 4.9205 | lr 1.597e-04 | 1360.5 ms/update | 6021 tok/s
[train] 3421/4096 | 28024832 tok | loss 5.1554 | lr 1.595e-04 | 1367.4 ms/update | 5991 tok/s
[train] 3422/4096 | 28033024 tok | loss 4.8658 | lr 1.594e-04 | 1359.2 ms/update | 6027 tok/s
[train] 3423/4096 | 28041216 tok | loss 5.1578 | lr 1.592e-04 | 1368.1 ms/update | 5988 tok/s
[train] 3424/4096 | 28049408 tok | loss 5.2678 | lr 1.590e-04 | 1364.8 ms/update | 6002 tok/s
[train] 3425/4096 | 28057600 tok | loss 4.9208 | lr 1.589e-04 | 1374.6 ms/update | 5960 tok/s
[train] 3426/4096 | 28065792 tok | loss 4.8242 | lr 1.587e-04 | 1366.3 ms/update | 5996 tok/s
[train] 3427/4096 | 28073984 tok | loss 4.8470 | lr 1.585e-04 | 1372.5 ms/update | 5969 tok/s
[train] 3428/4096 | 28082176 tok | loss 4.9619 | lr 1.583e-04 | 1361.2 ms/update | 6018 tok/s
[train] 3429/4096 | 28090368 tok | loss 5.1059 | lr 1.582e-04 | 1371.1 ms/update | 5975 tok/s
[train] 3430/4096 | 28098560 tok | loss 4.9197 | lr 1.580e-04 | 1358.0 ms/update | 6032 tok/s
[train] 3431/4096 | 28106752 tok | loss 5.0341 | lr 1.578e-04 | 1375.8 ms/update | 5955 tok/s
[train] 3432/4096 | 28114944 tok | loss 4.8102 | lr 1.577e-04 | 1371.0 ms/update | 5975 tok/s
[train] 3433/4096 | 28123136 tok | loss 5.0657 | lr 1.575e-04 | 1364.8 ms/update | 6002 tok/s
[train] 3434/4096 | 28131328 tok | loss 4.7611 | lr 1.573e-04 | 1371.2 ms/update | 5974 tok/s
[train] 3435/4096 | 28139520 tok | loss 4.9128 | lr 1.571e-04 | 1368.8 ms/update | 5985 tok/s
[train] 3436/4096 | 28147712 tok | loss 4.9605 | lr 1.570e-04 | 1373.3 ms/update | 5965 tok/s
[train] 3437/4096 | 28155904 tok | loss 4.9894 | lr 1.568e-04 | 1373.3 ms/update | 5965 tok/s
[train] 3438/4096 | 28164096 tok | loss 4.8720 | lr 1.566e-04 | 1368.5 ms/update | 5986 tok/s
[train] 3439/4096 | 28172288 tok | loss 5.0661 | lr 1.565e-04 | 1361.4 ms/update | 6017 tok/s
[train] 3440/4096 | 28180480 tok | loss 4.9192 | lr 1.563e-04 | 1373.3 ms/update | 5965 tok/s
[train] 3441/4096 | 28188672 tok | loss 5.2416 | lr 1.561e-04 | 1375.1 ms/update | 5957 tok/s
[train] 3442/4096 | 28196864 tok | loss 4.8651 | lr 1.560e-04 | 1375.1 ms/update | 5957 tok/s
[train] 3443/4096 | 28205056 tok | loss 5.3448 | lr 1.558e-04 | 1367.3 ms/update | 5991 tok/s
[train] 3444/4096 | 28213248 tok | loss 5.1109 | lr 1.556e-04 | 1366.8 ms/update | 5993 tok/s
[train] 3445/4096 | 28221440 tok | loss 5.1070 | lr 1.555e-04 | 1363.5 ms/update | 6008 tok/s
[train] 3446/4096 | 28229632 tok | loss 4.9750 | lr 1.553e-04 | 1376.1 ms/update | 5953 tok/s
[train] 3447/4096 | 28237824 tok | loss 5.0179 | lr 1.551e-04 | 1372.6 ms/update | 5968 tok/s
[train] 3448/4096 | 28246016 tok | loss 5.2600 | lr 1.550e-04 | 1359.7 ms/update | 6025 tok/s
[train] 3449/4096 | 28254208 tok | loss 4.9029 | lr 1.548e-04 | 1375.0 ms/update | 5958 tok/s
[train] 3450/4096 | 28262400 tok | loss 4.4823 | lr 1.546e-04 | 1372.4 ms/update | 5969 tok/s
[train] 3451/4096 | 28270592 tok | loss 5.0477 | lr 1.545e-04 | 1371.1 ms/update | 5975 tok/s
[train] 3452/4096 | 28278784 tok | loss 4.7317 | lr 1.543e-04 | 1371.0 ms/update | 5975 tok/s
[train] 3453/4096 | 28286976 tok | loss 4.9000 | lr 1.541e-04 | 1361.6 ms/update | 6017 tok/s
[train] 3454/4096 | 28295168 tok | loss 4.7542 | lr 1.540e-04 | 1368.7 ms/update | 5985 tok/s
[train] 3455/4096 | 28303360 tok | loss 5.0720 | lr 1.538e-04 | 1371.9 ms/update | 5971 tok/s
[train] 3456/4096 | 28311552 tok | loss 5.0274 | lr 1.536e-04 | 1372.7 ms/update | 5968 tok/s
[eval] step 3456 | val NLL 4.7984 | ppl 121.31 | 65536 tokens
[ckpt] latest.pt @ step 3456
[train] 3457/4096 | 28319744 tok | loss 4.9593 | lr 1.535e-04 | 1360.8 ms/update | 6020 tok/s
[train] 3458/4096 | 28327936 tok | loss 4.8309 | lr 1.533e-04 | 1354.4 ms/update | 6048 tok/s
[train] 3459/4096 | 28336128 tok | loss 5.1147 | lr 1.532e-04 | 1364.5 ms/update | 6004 tok/s
[train] 3460/4096 | 28344320 tok | loss 5.1318 | lr 1.530e-04 | 1392.7 ms/update | 5882 tok/s
[train] 3461/4096 | 28352512 tok | loss 4.9875 | lr 1.528e-04 | 1379.3 ms/update | 5939 tok/s
[train] 3462/4096 | 28360704 tok | loss 5.1727 | lr 1.527e-04 | 1371.8 ms/update | 5972 tok/s
[train] 3463/4096 | 28368896 tok | loss 4.9021 | lr 1.525e-04 | 1372.6 ms/update | 5968 tok/s
[train] 3464/4096 | 28377088 tok | loss 5.2393 | lr 1.523e-04 | 1355.5 ms/update | 6044 tok/s
[train] 3465/4096 | 28385280 tok | loss 5.0729 | lr 1.522e-04 | 1356.1 ms/update | 6041 tok/s
[train] 3466/4096 | 28393472 tok | loss 4.8636 | lr 1.520e-04 | 1356.9 ms/update | 6037 tok/s
[train] 3467/4096 | 28401664 tok | loss 4.9401 | lr 1.519e-04 | 1368.9 ms/update | 5984 tok/s
[train] 3468/4096 | 28409856 tok | loss 5.1020 | lr 1.517e-04 | 1373.5 ms/update | 5964 tok/s
[train] 3469/4096 | 28418048 tok | loss 5.2935 | lr 1.515e-04 | 1368.3 ms/update | 5987 tok/s
[train] 3470/4096 | 28426240 tok | loss 5.0184 | lr 1.514e-04 | 1375.0 ms/update | 5958 tok/s
[train] 3471/4096 | 28434432 tok | loss 5.3079 | lr 1.512e-04 | 1382.9 ms/update | 5924 tok/s
[train] 3472/4096 | 28442624 tok | loss 4.9192 | lr 1.510e-04 | 1374.2 ms/update | 5961 tok/s
[train] 3473/4096 | 28450816 tok | loss 5.0007 | lr 1.509e-04 | 1373.6 ms/update | 5964 tok/s
[train] 3474/4096 | 28459008 tok | loss 4.9046 | lr 1.507e-04 | 1374.3 ms/update | 5961 tok/s
[train] 3475/4096 | 28467200 tok | loss 5.0648 | lr 1.506e-04 | 1376.1 ms/update | 5953 tok/s
[train] 3476/4096 | 28475392 tok | loss 5.2074 | lr 1.504e-04 | 1378.1 ms/update | 5944 tok/s
[train] 3477/4096 | 28483584 tok | loss 5.3022 | lr 1.503e-04 | 1371.1 ms/update | 5975 tok/s
[train] 3478/4096 | 28491776 tok | loss 5.2750 | lr 1.501e-04 | 1375.1 ms/update | 5957 tok/s
[train] 3479/4096 | 28499968 tok | loss 5.1567 | lr 1.499e-04 | 1376.5 ms/update | 5951 tok/s
[train] 3480/4096 | 28508160 tok | loss 4.5364 | lr 1.498e-04 | 1372.1 ms/update | 5970 tok/s
[train] 3481/4096 | 28516352 tok | loss 4.9777 | lr 1.496e-04 | 1372.0 ms/update | 5971 tok/s
[train] 3482/4096 | 28524544 tok | loss 5.1499 | lr 1.495e-04 | 1377.8 ms/update | 5946 tok/s
[train] 3483/4096 | 28532736 tok | loss 4.9624 | lr 1.493e-04 | 1371.3 ms/update | 5974 tok/s
[train] 3484/4096 | 28540928 tok | loss 5.0628 | lr 1.491e-04 | 1371.8 ms/update | 5972 tok/s
[train] 3485/4096 | 28549120 tok | loss 5.1460 | lr 1.490e-04 | 1369.8 ms/update | 5980 tok/s
[train] 3486/4096 | 28557312 tok | loss 5.2380 | lr 1.488e-04 | 1362.8 ms/update | 6011 tok/s
[train] 3487/4096 | 28565504 tok | loss 5.1601 | lr 1.487e-04 | 1374.4 ms/update | 5960 tok/s
[train] 3488/4096 | 28573696 tok | loss 4.5341 | lr 1.485e-04 | 1371.0 ms/update | 5975 tok/s
[train] 3489/4096 | 28581888 tok | loss 5.1672 | lr 1.484e-04 | 1375.8 ms/update | 5955 tok/s
[train] 3490/4096 | 28590080 tok | loss 4.7496 | lr 1.482e-04 | 1384.9 ms/update | 5915 tok/s
[train] 3491/4096 | 28598272 tok | loss 5.2455 | lr 1.480e-04 | 1363.2 ms/update | 6009 tok/s
[train] 3492/4096 | 28606464 tok | loss 4.8947 | lr 1.479e-04 | 1376.9 ms/update | 5950 tok/s
[train] 3493/4096 | 28614656 tok | loss 5.3930 | lr 1.477e-04 | 1368.3 ms/update | 5987 tok/s
[train] 3494/4096 | 28622848 tok | loss 4.7378 | lr 1.476e-04 | 1374.0 ms/update | 5962 tok/s
[train] 3495/4096 | 28631040 tok | loss 4.9021 | lr 1.474e-04 | 1374.5 ms/update | 5960 tok/s
[train] 3496/4096 | 28639232 tok | loss 4.8327 | lr 1.473e-04 | 1370.9 ms/update | 5976 tok/s
[train] 3497/4096 | 28647424 tok | loss 5.0063 | lr 1.471e-04 | 1382.4 ms/update | 5926 tok/s
[train] 3498/4096 | 28655616 tok | loss 5.2131 | lr 1.470e-04 | 1371.7 ms/update | 5972 tok/s
[train] 3499/4096 | 28663808 tok | loss 5.1570 | lr 1.468e-04 | 1366.9 ms/update | 5993 tok/s
[train] 3500/4096 | 28672000 tok | loss 5.0274 | lr 1.467e-04 | 1353.2 ms/update | 6054 tok/s
[train] 3501/4096 | 28680192 tok | loss 5.3867 | lr 1.465e-04 | 1352.7 ms/update | 6056 tok/s
[train] 3502/4096 | 28688384 tok | loss 5.0713 | lr 1.463e-04 | 1359.5 ms/update | 6026 tok/s
[train] 3503/4096 | 28696576 tok | loss 4.6448 | lr 1.462e-04 | 1371.4 ms/update | 5974 tok/s
[train] 3504/4096 | 28704768 tok | loss 5.2601 | lr 1.460e-04 | 1369.3 ms/update | 5983 tok/s
[train] 3505/4096 | 28712960 tok | loss 4.9159 | lr 1.459e-04 | 1358.3 ms/update | 6031 tok/s
[train] 3506/4096 | 28721152 tok | loss 5.3663 | lr 1.457e-04 | 1357.5 ms/update | 6035 tok/s
[train] 3507/4096 | 28729344 tok | loss 4.9582 | lr 1.456e-04 | 1369.8 ms/update | 5980 tok/s
[train] 3508/4096 | 28737536 tok | loss 5.1029 | lr 1.454e-04 | 1354.3 ms/update | 6049 tok/s
[train] 3509/4096 | 28745728 tok | loss 5.1215 | lr 1.453e-04 | 1359.2 ms/update | 6027 tok/s
[train] 3510/4096 | 28753920 tok | loss 4.8924 | lr 1.451e-04 | 1368.1 ms/update | 5988 tok/s
[train] 3511/4096 | 28762112 tok | loss 5.2155 | lr 1.450e-04 | 1361.7 ms/update | 6016 tok/s
[train] 3512/4096 | 28770304 tok | loss 5.0615 | lr 1.448e-04 | 1372.1 ms/update | 5971 tok/s
[train] 3513/4096 | 28778496 tok | loss 4.9830 | lr 1.447e-04 | 1373.4 ms/update | 5965 tok/s
[train] 3514/4096 | 28786688 tok | loss 5.2661 | lr 1.445e-04 | 1367.8 ms/update | 5989 tok/s
[train] 3515/4096 | 28794880 tok | loss 4.9983 | lr 1.444e-04 | 1369.1 ms/update | 5983 tok/s
[train] 3516/4096 | 28803072 tok | loss 4.7346 | lr 1.442e-04 | 1358.7 ms/update | 6029 tok/s
[train] 3517/4096 | 28811264 tok | loss 5.0901 | lr 1.441e-04 | 1359.2 ms/update | 6027 tok/s
[train] 3518/4096 | 28819456 tok | loss 5.2730 | lr 1.439e-04 | 1355.1 ms/update | 6046 tok/s
[train] 3519/4096 | 28827648 tok | loss 4.8546 | lr 1.438e-04 | 1359.5 ms/update | 6026 tok/s
[train] 3520/4096 | 28835840 tok | loss 4.9838 | lr 1.436e-04 | 1367.4 ms/update | 5991 tok/s
[train] 3521/4096 | 28844032 tok | loss 5.2944 | lr 1.435e-04 | 1356.2 ms/update | 6040 tok/s
[train] 3522/4096 | 28852224 tok | loss 4.7907 | lr 1.433e-04 | 1355.0 ms/update | 6046 tok/s
[train] 3523/4096 | 28860416 tok | loss 4.8502 | lr 1.432e-04 | 1357.8 ms/update | 6033 tok/s
[train] 3524/4096 | 28868608 tok | loss 4.8822 | lr 1.430e-04 | 1353.7 ms/update | 6052 tok/s
[train] 3525/4096 | 28876800 tok | loss 5.0760 | lr 1.429e-04 | 1358.7 ms/update | 6029 tok/s
[train] 3526/4096 | 28884992 tok | loss 4.8274 | lr 1.427e-04 | 1378.9 ms/update | 5941 tok/s
[train] 3527/4096 | 28893184 tok | loss 5.2244 | lr 1.426e-04 | 1367.0 ms/update | 5993 tok/s
[train] 3528/4096 | 28901376 tok | loss 4.8812 | lr 1.424e-04 | 1363.7 ms/update | 6007 tok/s
[train] 3529/4096 | 28909568 tok | loss 5.0473 | lr 1.423e-04 | 1369.5 ms/update | 5982 tok/s
[train] 3530/4096 | 28917760 tok | loss 4.6901 | lr 1.421e-04 | 1365.7 ms/update | 5999 tok/s
[train] 3531/4096 | 28925952 tok | loss 5.0512 | lr 1.420e-04 | 1359.9 ms/update | 6024 tok/s
[train] 3532/4096 | 28934144 tok | loss 4.8809 | lr 1.419e-04 | 1367.6 ms/update | 5990 tok/s
[train] 3533/4096 | 28942336 tok | loss 4.8813 | lr 1.417e-04 | 1370.5 ms/update | 5978 tok/s
[train] 3534/4096 | 28950528 tok | loss 4.9089 | lr 1.416e-04 | 1366.7 ms/update | 5994 tok/s
[train] 3535/4096 | 28958720 tok | loss 5.1638 | lr 1.414e-04 | 1366.3 ms/update | 5996 tok/s
[train] 3536/4096 | 28966912 tok | loss 4.9529 | lr 1.413e-04 | 1365.1 ms/update | 6001 tok/s
[train] 3537/4096 | 28975104 tok | loss 5.1763 | lr 1.411e-04 | 1367.0 ms/update | 5993 tok/s
[train] 3538/4096 | 28983296 tok | loss 4.8856 | lr 1.410e-04 | 1369.2 ms/update | 5983 tok/s
[train] 3539/4096 | 28991488 tok | loss 5.1415 | lr 1.408e-04 | 1367.6 ms/update | 5990 tok/s
[train] 3540/4096 | 28999680 tok | loss 4.8502 | lr 1.407e-04 | 1361.8 ms/update | 6016 tok/s
[train] 3541/4096 | 29007872 tok | loss 5.1808 | lr 1.405e-04 | 1376.5 ms/update | 5951 tok/s
[train] 3542/4096 | 29016064 tok | loss 5.0812 | lr 1.404e-04 | 1371.2 ms/update | 5974 tok/s
[train] 3543/4096 | 29024256 tok | loss 5.3420 | lr 1.403e-04 | 1352.9 ms/update | 6055 tok/s
[train] 3544/4096 | 29032448 tok | loss 5.0935 | lr 1.401e-04 | 1357.0 ms/update | 6037 tok/s
[train] 3545/4096 | 29040640 tok | loss 4.9222 | lr 1.400e-04 | 1354.4 ms/update | 6048 tok/s
[train] 3546/4096 | 29048832 tok | loss 5.1419 | lr 1.398e-04 | 1370.7 ms/update | 5977 tok/s
[train] 3547/4096 | 29057024 tok | loss 4.7027 | lr 1.397e-04 | 1366.5 ms/update | 5995 tok/s
[train] 3548/4096 | 29065216 tok | loss 4.9681 | lr 1.395e-04 | 1364.2 ms/update | 6005 tok/s
[train] 3549/4096 | 29073408 tok | loss 5.2969 | lr 1.394e-04 | 1368.8 ms/update | 5985 tok/s
[train] 3550/4096 | 29081600 tok | loss 5.0003 | lr 1.393e-04 | 1354.1 ms/update | 6050 tok/s
[train] 3551/4096 | 29089792 tok | loss 4.7258 | lr 1.391e-04 | 1358.3 ms/update | 6031 tok/s
[train] 3552/4096 | 29097984 tok | loss 4.8697 | lr 1.390e-04 | 1362.4 ms/update | 6013 tok/s
[train] 3553/4096 | 29106176 tok | loss 5.0805 | lr 1.388e-04 | 1365.9 ms/update | 5998 tok/s
[train] 3554/4096 | 29114368 tok | loss 5.2338 | lr 1.387e-04 | 1353.3 ms/update | 6053 tok/s
[train] 3555/4096 | 29122560 tok | loss 5.0835 | lr 1.386e-04 | 1356.8 ms/update | 6038 tok/s
[train] 3556/4096 | 29130752 tok | loss 5.2127 | lr 1.384e-04 | 1378.7 ms/update | 5942 tok/s
[train] 3557/4096 | 29138944 tok | loss 4.7251 | lr 1.383e-04 | 1371.0 ms/update | 5975 tok/s
[train] 3558/4096 | 29147136 tok | loss 5.0684 | lr 1.381e-04 | 1359.9 ms/update | 6024 tok/s
[train] 3559/4096 | 29155328 tok | loss 4.9528 | lr 1.380e-04 | 1371.4 ms/update | 5974 tok/s
[train] 3560/4096 | 29163520 tok | loss 5.2434 | lr 1.379e-04 | 1358.3 ms/update | 6031 tok/s
[train] 3561/4096 | 29171712 tok | loss 5.1723 | lr 1.377e-04 | 1375.4 ms/update | 5956 tok/s
[train] 3562/4096 | 29179904 tok | loss 5.0367 | lr 1.376e-04 | 1370.4 ms/update | 5978 tok/s
[train] 3563/4096 | 29188096 tok | loss 4.9540 | lr 1.374e-04 | 1365.1 ms/update | 6001 tok/s
[train] 3564/4096 | 29196288 tok | loss 4.9429 | lr 1.373e-04 | 1364.8 ms/update | 6002 tok/s
[train] 3565/4096 | 29204480 tok | loss 5.1531 | lr 1.372e-04 | 1358.8 ms/update | 6029 tok/s
[train] 3566/4096 | 29212672 tok | loss 5.0017 | lr 1.370e-04 | 1353.3 ms/update | 6053 tok/s
[train] 3567/4096 | 29220864 tok | loss 4.9700 | lr 1.369e-04 | 1360.6 ms/update | 6021 tok/s
[train] 3568/4096 | 29229056 tok | loss 5.1302 | lr 1.368e-04 | 1372.9 ms/update | 5967 tok/s
[train] 3569/4096 | 29237248 tok | loss 5.4665 | lr 1.366e-04 | 1359.4 ms/update | 6026 tok/s
[train] 3570/4096 | 29245440 tok | loss 5.1470 | lr 1.365e-04 | 1369.7 ms/update | 5981 tok/s
[train] 3571/4096 | 29253632 tok | loss 5.0928 | lr 1.363e-04 | 1359.5 ms/update | 6026 tok/s
[train] 3572/4096 | 29261824 tok | loss 4.7679 | lr 1.362e-04 | 1373.1 ms/update | 5966 tok/s
[train] 3573/4096 | 29270016 tok | loss 5.2054 | lr 1.361e-04 | 1373.9 ms/update | 5963 tok/s
[train] 3574/4096 | 29278208 tok | loss 4.8526 | lr 1.359e-04 | 1369.8 ms/update | 5980 tok/s
[train] 3575/4096 | 29286400 tok | loss 4.6906 | lr 1.358e-04 | 1360.8 ms/update | 6020 tok/s
[train] 3576/4096 | 29294592 tok | loss 4.8707 | lr 1.357e-04 | 1370.7 ms/update | 5976 tok/s
[train] 3577/4096 | 29302784 tok | loss 5.2652 | lr 1.355e-04 | 1374.2 ms/update | 5961 tok/s
[train] 3578/4096 | 29310976 tok | loss 4.9368 | lr 1.354e-04 | 1373.4 ms/update | 5965 tok/s
[train] 3579/4096 | 29319168 tok | loss 5.0464 | lr 1.353e-04 | 1365.2 ms/update | 6000 tok/s
[train] 3580/4096 | 29327360 tok | loss 5.0766 | lr 1.351e-04 | 1365.6 ms/update | 5999 tok/s
[train] 3581/4096 | 29335552 tok | loss 4.8949 | lr 1.350e-04 | 1372.4 ms/update | 5969 tok/s
[train] 3582/4096 | 29343744 tok | loss 4.7621 | lr 1.349e-04 | 1369.9 ms/update | 5980 tok/s
[train] 3583/4096 | 29351936 tok | loss 4.9928 | lr 1.347e-04 | 1362.3 ms/update | 6013 tok/s
[train] 3584/4096 | 29360128 tok | loss 4.9525 | lr 1.346e-04 | 1373.2 ms/update | 5966 tok/s
[eval] step 3584 | val NLL 4.7880 | ppl 120.06 | 65536 tokens
[ckpt] latest.pt @ step 3584
[train] 3585/4096 | 29368320 tok | loss 5.3835 | lr 1.345e-04 | 1368.1 ms/update | 5988 tok/s
[train] 3586/4096 | 29376512 tok | loss 4.8392 | lr 1.343e-04 | 1357.5 ms/update | 6035 tok/s
[train] 3587/4096 | 29384704 tok | loss 4.7909 | lr 1.342e-04 | 1368.9 ms/update | 5984 tok/s
[train] 3588/4096 | 29392896 tok | loss 5.2539 | lr 1.341e-04 | 1373.4 ms/update | 5965 tok/s
[train] 3589/4096 | 29401088 tok | loss 5.0857 | lr 1.339e-04 | 1362.9 ms/update | 6011 tok/s
[train] 3590/4096 | 29409280 tok | loss 4.8589 | lr 1.338e-04 | 1383.1 ms/update | 5923 tok/s
[train] 3591/4096 | 29417472 tok | loss 4.8430 | lr 1.337e-04 | 1363.7 ms/update | 6007 tok/s
[train] 3592/4096 | 29425664 tok | loss 4.6308 | lr 1.335e-04 | 1372.7 ms/update | 5968 tok/s
[train] 3593/4096 | 29433856 tok | loss 4.7958 | lr 1.334e-04 | 1376.1 ms/update | 5953 tok/s
[train] 3594/4096 | 29442048 tok | loss 4.8830 | lr 1.333e-04 | 1373.7 ms/update | 5963 tok/s
[train] 3595/4096 | 29450240 tok | loss 5.1564 | lr 1.331e-04 | 1372.5 ms/update | 5969 tok/s
[train] 3596/4096 | 29458432 tok | loss 5.4514 | lr 1.330e-04 | 1376.5 ms/update | 5951 tok/s
[train] 3597/4096 | 29466624 tok | loss 5.0715 | lr 1.329e-04 | 1385.9 ms/update | 5911 tok/s
[train] 3598/4096 | 29474816 tok | loss 5.2121 | lr 1.327e-04 | 1371.5 ms/update | 5973 tok/s
[train] 3599/4096 | 29483008 tok | loss 5.0300 | lr 1.326e-04 | 1360.7 ms/update | 6020 tok/s
[train] 3600/4096 | 29491200 tok | loss 4.7921 | lr 1.325e-04 | 1377.1 ms/update | 5949 tok/s
[train] 3601/4096 | 29499392 tok | loss 5.2855 | lr 1.324e-04 | 1374.1 ms/update | 5962 tok/s
[train] 3602/4096 | 29507584 tok | loss 4.7212 | lr 1.322e-04 | 1371.6 ms/update | 5973 tok/s
[train] 3603/4096 | 29515776 tok | loss 5.1546 | lr 1.321e-04 | 1372.0 ms/update | 5971 tok/s
[train] 3604/4096 | 29523968 tok | loss 5.1115 | lr 1.320e-04 | 1375.9 ms/update | 5954 tok/s
[train] 3605/4096 | 29532160 tok | loss 4.8191 | lr 1.318e-04 | 1371.3 ms/update | 5974 tok/s
[train] 3606/4096 | 29540352 tok | loss 5.0577 | lr 1.317e-04 | 1379.4 ms/update | 5939 tok/s
[train] 3607/4096 | 29548544 tok | loss 5.0386 | lr 1.316e-04 | 1373.2 ms/update | 5966 tok/s
[train] 3608/4096 | 29556736 tok | loss 4.8653 | lr 1.315e-04 | 1374.3 ms/update | 5961 tok/s
[train] 3609/4096 | 29564928 tok | loss 5.2273 | lr 1.313e-04 | 1373.8 ms/update | 5963 tok/s
[train] 3610/4096 | 29573120 tok | loss 4.9409 | lr 1.312e-04 | 1371.7 ms/update | 5972 tok/s
[train] 3611/4096 | 29581312 tok | loss 4.8107 | lr 1.311e-04 | 1375.3 ms/update | 5957 tok/s
[train] 3612/4096 | 29589504 tok | loss 5.0242 | lr 1.310e-04 | 1376.9 ms/update | 5950 tok/s
[train] 3613/4096 | 29597696 tok | loss 4.8852 | lr 1.308e-04 | 1376.4 ms/update | 5952 tok/s
[train] 3614/4096 | 29605888 tok | loss 5.0073 | lr 1.307e-04 | 1379.1 ms/update | 5940 tok/s
[train] 3615/4096 | 29614080 tok | loss 4.8544 | lr 1.306e-04 | 1373.5 ms/update | 5965 tok/s
[train] 3616/4096 | 29622272 tok | loss 5.0474 | lr 1.304e-04 | 1373.3 ms/update | 5965 tok/s
[train] 3617/4096 | 29630464 tok | loss 4.8394 | lr 1.303e-04 | 1369.7 ms/update | 5981 tok/s
[train] 3618/4096 | 29638656 tok | loss 4.8539 | lr 1.302e-04 | 1364.2 ms/update | 6005 tok/s
[train] 3619/4096 | 29646848 tok | loss 4.9035 | lr 1.301e-04 | 1380.4 ms/update | 5935 tok/s
[train] 3620/4096 | 29655040 tok | loss 5.3720 | lr 1.299e-04 | 1365.6 ms/update | 5999 tok/s
[train] 3621/4096 | 29663232 tok | loss 4.7829 | lr 1.298e-04 | 1373.6 ms/update | 5964 tok/s
[train] 3622/4096 | 29671424 tok | loss 5.0383 | lr 1.297e-04 | 1373.7 ms/update | 5963 tok/s
[train] 3623/4096 | 29679616 tok | loss 4.7740 | lr 1.296e-04 | 1376.1 ms/update | 5953 tok/s
[train] 3624/4096 | 29687808 tok | loss 5.0431 | lr 1.295e-04 | 1373.4 ms/update | 5965 tok/s
[train] 3625/4096 | 29696000 tok | loss 5.0552 | lr 1.293e-04 | 1371.2 ms/update | 5974 tok/s
[train] 3626/4096 | 29704192 tok | loss 5.2067 | lr 1.292e-04 | 1377.0 ms/update | 5949 tok/s
[train] 3627/4096 | 29712384 tok | loss 5.1233 | lr 1.291e-04 | 1379.2 ms/update | 5940 tok/s
[train] 3628/4096 | 29720576 tok | loss 5.1839 | lr 1.290e-04 | 1367.9 ms/update | 5989 tok/s
[train] 3629/4096 | 29728768 tok | loss 4.9144 | lr 1.288e-04 | 1368.4 ms/update | 5986 tok/s
[train] 3630/4096 | 29736960 tok | loss 4.7118 | lr 1.287e-04 | 1358.2 ms/update | 6032 tok/s
[train] 3631/4096 | 29745152 tok | loss 5.2061 | lr 1.286e-04 | 1364.1 ms/update | 6005 tok/s
[train] 3632/4096 | 29753344 tok | loss 5.1699 | lr 1.285e-04 | 1362.4 ms/update | 6013 tok/s
[train] 3633/4096 | 29761536 tok | loss 5.0716 | lr 1.284e-04 | 1356.7 ms/update | 6038 tok/s
[train] 3634/4096 | 29769728 tok | loss 5.1532 | lr 1.282e-04 | 1370.2 ms/update | 5979 tok/s
[train] 3635/4096 | 29777920 tok | loss 5.4326 | lr 1.281e-04 | 1362.3 ms/update | 6013 tok/s
[train] 3636/4096 | 29786112 tok | loss 4.7996 | lr 1.280e-04 | 1364.7 ms/update | 6003 tok/s
[train] 3637/4096 | 29794304 tok | loss 5.4148 | lr 1.279e-04 | 1364.2 ms/update | 6005 tok/s
[train] 3638/4096 | 29802496 tok | loss 4.7839 | lr 1.277e-04 | 1374.6 ms/update | 5960 tok/s
[train] 3639/4096 | 29810688 tok | loss 5.4215 | lr 1.276e-04 | 1368.6 ms/update | 5986 tok/s
[train] 3640/4096 | 29818880 tok | loss 5.1176 | lr 1.275e-04 | 1368.5 ms/update | 5986 tok/s
[train] 3641/4096 | 29827072 tok | loss 5.1799 | lr 1.274e-04 | 1366.7 ms/update | 5994 tok/s
[train] 3642/4096 | 29835264 tok | loss 5.0904 | lr 1.273e-04 | 1368.8 ms/update | 5985 tok/s
[train] 3643/4096 | 29843456 tok | loss 5.0644 | lr 1.272e-04 | 1356.5 ms/update | 6039 tok/s
[train] 3644/4096 | 29851648 tok | loss 5.2459 | lr 1.270e-04 | 1366.8 ms/update | 5993 tok/s
[train] 3645/4096 | 29859840 tok | loss 5.1692 | lr 1.269e-04 | 1355.8 ms/update | 6042 tok/s
[train] 3646/4096 | 29868032 tok | loss 5.1135 | lr 1.268e-04 | 1356.6 ms/update | 6039 tok/s
[train] 3647/4096 | 29876224 tok | loss 4.9050 | lr 1.267e-04 | 1369.3 ms/update | 5983 tok/s
[train] 3648/4096 | 29884416 tok | loss 5.0955 | lr 1.266e-04 | 1375.5 ms/update | 5956 tok/s
[train] 3649/4096 | 29892608 tok | loss 5.1527 | lr 1.264e-04 | 1365.6 ms/update | 5999 tok/s
[train] 3650/4096 | 29900800 tok | loss 5.1828 | lr 1.263e-04 | 1360.3 ms/update | 6022 tok/s
[train] 3651/4096 | 29908992 tok | loss 5.1779 | lr 1.262e-04 | 1360.7 ms/update | 6021 tok/s
[train] 3652/4096 | 29917184 tok | loss 4.8394 | lr 1.261e-04 | 1376.5 ms/update | 5951 tok/s
[train] 3653/4096 | 29925376 tok | loss 4.9671 | lr 1.260e-04 | 1371.3 ms/update | 5974 tok/s
[train] 3654/4096 | 29933568 tok | loss 5.0828 | lr 1.259e-04 | 1368.3 ms/update | 5987 tok/s
[train] 3655/4096 | 29941760 tok | loss 4.8977 | lr 1.257e-04 | 1358.5 ms/update | 6030 tok/s
[train] 3656/4096 | 29949952 tok | loss 5.0077 | lr 1.256e-04 | 1355.1 ms/update | 6045 tok/s
[train] 3657/4096 | 29958144 tok | loss 5.2745 | lr 1.255e-04 | 1355.3 ms/update | 6044 tok/s
[train] 3658/4096 | 29966336 tok | loss 5.4189 | lr 1.254e-04 | 1368.7 ms/update | 5985 tok/s
[train] 3659/4096 | 29974528 tok | loss 4.9202 | lr 1.253e-04 | 1362.5 ms/update | 6012 tok/s
[train] 3660/4096 | 29982720 tok | loss 4.8731 | lr 1.252e-04 | 1367.2 ms/update | 5992 tok/s
[train] 3661/4096 | 29990912 tok | loss 4.8490 | lr 1.251e-04 | 1363.4 ms/update | 6009 tok/s
[train] 3662/4096 | 29999104 tok | loss 4.8818 | lr 1.249e-04 | 1354.0 ms/update | 6050 tok/s
[train] 3663/4096 | 30007296 tok | loss 4.5279 | lr 1.248e-04 | 1361.1 ms/update | 6019 tok/s
[train] 3664/4096 | 30015488 tok | loss 5.0323 | lr 1.247e-04 | 1373.9 ms/update | 5962 tok/s
[train] 3665/4096 | 30023680 tok | loss 5.1148 | lr 1.246e-04 | 1372.0 ms/update | 5971 tok/s
[train] 3666/4096 | 30031872 tok | loss 5.2216 | lr 1.245e-04 | 1355.3 ms/update | 6044 tok/s
[train] 3667/4096 | 30040064 tok | loss 5.0805 | lr 1.244e-04 | 1359.4 ms/update | 6026 tok/s
[train] 3668/4096 | 30048256 tok | loss 5.0453 | lr 1.243e-04 | 1371.7 ms/update | 5972 tok/s
[train] 3669/4096 | 30056448 tok | loss 5.1816 | lr 1.242e-04 | 1365.7 ms/update | 5998 tok/s
[train] 3670/4096 | 30064640 tok | loss 4.8813 | lr 1.240e-04 | 1368.6 ms/update | 5986 tok/s
[train] 3671/4096 | 30072832 tok | loss 4.9054 | lr 1.239e-04 | 1370.9 ms/update | 5976 tok/s
[train] 3672/4096 | 30081024 tok | loss 5.1148 | lr 1.238e-04 | 1364.2 ms/update | 6005 tok/s
[train] 3673/4096 | 30089216 tok | loss 4.9606 | lr 1.237e-04 | 1363.8 ms/update | 6007 tok/s
[train] 3674/4096 | 30097408 tok | loss 4.9881 | lr 1.236e-04 | 1362.4 ms/update | 6013 tok/s
[train] 3675/4096 | 30105600 tok | loss 5.0990 | lr 1.235e-04 | 1365.6 ms/update | 5999 tok/s
[train] 3676/4096 | 30113792 tok | loss 5.0948 | lr 1.234e-04 | 1365.3 ms/update | 6000 tok/s
[train] 3677/4096 | 30121984 tok | loss 5.0300 | lr 1.233e-04 | 1361.1 ms/update | 6019 tok/s
[train] 3678/4096 | 30130176 tok | loss 5.0483 | lr 1.232e-04 | 1356.8 ms/update | 6038 tok/s
[train] 3679/4096 | 30138368 tok | loss 4.9752 | lr 1.230e-04 | 1371.7 ms/update | 5972 tok/s
[train] 3680/4096 | 30146560 tok | loss 4.9997 | lr 1.229e-04 | 1351.3 ms/update | 6062 tok/s
[train] 3681/4096 | 30154752 tok | loss 4.8017 | lr 1.228e-04 | 1357.4 ms/update | 6035 tok/s
[train] 3682/4096 | 30162944 tok | loss 4.7590 | lr 1.227e-04 | 1367.9 ms/update | 5989 tok/s
[train] 3683/4096 | 30171136 tok | loss 5.2854 | lr 1.226e-04 | 1359.5 ms/update | 6026 tok/s
[train] 3684/4096 | 30179328 tok | loss 4.9604 | lr 1.225e-04 | 1371.4 ms/update | 5974 tok/s
[train] 3685/4096 | 30187520 tok | loss 5.3743 | lr 1.224e-04 | 1367.4 ms/update | 5991 tok/s
[train] 3686/4096 | 30195712 tok | loss 4.8076 | lr 1.223e-04 | 1364.3 ms/update | 6005 tok/s
[train] 3687/4096 | 30203904 tok | loss 4.6951 | lr 1.222e-04 | 1373.2 ms/update | 5965 tok/s
[train] 3688/4096 | 30212096 tok | loss 4.5894 | lr 1.221e-04 | 1370.8 ms/update | 5976 tok/s
[train] 3689/4096 | 30220288 tok | loss 5.1921 | lr 1.220e-04 | 1356.6 ms/update | 6039 tok/s
[train] 3690/4096 | 30228480 tok | loss 4.9666 | lr 1.219e-04 | 1368.3 ms/update | 5987 tok/s
[train] 3691/4096 | 30236672 tok | loss 4.8957 | lr 1.217e-04 | 1359.3 ms/update | 6027 tok/s
[train] 3692/4096 | 30244864 tok | loss 5.0400 | lr 1.216e-04 | 1375.7 ms/update | 5955 tok/s
[train] 3693/4096 | 30253056 tok | loss 5.1669 | lr 1.215e-04 | 1369.6 ms/update | 5981 tok/s
[train] 3694/4096 | 30261248 tok | loss 4.8874 | lr 1.214e-04 | 1354.5 ms/update | 6048 tok/s
[train] 3695/4096 | 30269440 tok | loss 4.8912 | lr 1.213e-04 | 1366.5 ms/update | 5995 tok/s
[train] 3696/4096 | 30277632 tok | loss 5.1886 | lr 1.212e-04 | 1367.8 ms/update | 5989 tok/s
[train] 3697/4096 | 30285824 tok | loss 5.1143 | lr 1.211e-04 | 1378.5 ms/update | 5943 tok/s
[train] 3698/4096 | 30294016 tok | loss 5.2546 | lr 1.210e-04 | 1357.0 ms/update | 6037 tok/s
[train] 3699/4096 | 30302208 tok | loss 4.9093 | lr 1.209e-04 | 1359.3 ms/update | 6027 tok/s
[train] 3700/4096 | 30310400 tok | loss 5.1895 | lr 1.208e-04 | 1352.9 ms/update | 6055 tok/s
[train] 3701/4096 | 30318592 tok | loss 4.9112 | lr 1.207e-04 | 1361.5 ms/update | 6017 tok/s
[train] 3702/4096 | 30326784 tok | loss 5.0994 | lr 1.206e-04 | 1364.5 ms/update | 6004 tok/s
[train] 3703/4096 | 30334976 tok | loss 5.0207 | lr 1.205e-04 | 1363.9 ms/update | 6006 tok/s
[train] 3704/4096 | 30343168 tok | loss 4.8351 | lr 1.204e-04 | 1352.0 ms/update | 6059 tok/s
[train] 3705/4096 | 30351360 tok | loss 5.0712 | lr 1.203e-04 | 1358.3 ms/update | 6031 tok/s
[train] 3706/4096 | 30359552 tok | loss 5.1378 | lr 1.202e-04 | 1353.9 ms/update | 6051 tok/s
[train] 3707/4096 | 30367744 tok | loss 4.8579 | lr 1.201e-04 | 1367.7 ms/update | 5990 tok/s
[train] 3708/4096 | 30375936 tok | loss 5.3414 | lr 1.200e-04 | 1365.2 ms/update | 6000 tok/s
[train] 3709/4096 | 30384128 tok | loss 5.0967 | lr 1.199e-04 | 1362.4 ms/update | 6013 tok/s
[train] 3710/4096 | 30392320 tok | loss 4.8714 | lr 1.198e-04 | 1372.7 ms/update | 5968 tok/s
[train] 3711/4096 | 30400512 tok | loss 4.7391 | lr 1.197e-04 | 1352.2 ms/update | 6058 tok/s
[train] 3712/4096 | 30408704 tok | loss 5.2068 | lr 1.196e-04 | 1357.3 ms/update | 6036 tok/s
[eval] step 3712 | val NLL 4.7915 | ppl 120.48 | 65536 tokens
[ckpt] latest.pt @ step 3712
[train] 3713/4096 | 30416896 tok | loss 4.9017 | lr 1.195e-04 | 1351.2 ms/update | 6063 tok/s
[train] 3714/4096 | 30425088 tok | loss 5.1328 | lr 1.194e-04 | 1352.0 ms/update | 6059 tok/s
[train] 3715/4096 | 30433280 tok | loss 4.7129 | lr 1.193e-04 | 1376.1 ms/update | 5953 tok/s
[train] 3716/4096 | 30441472 tok | loss 5.3049 | lr 1.192e-04 | 1364.5 ms/update | 6004 tok/s
[train] 3717/4096 | 30449664 tok | loss 5.0778 | lr 1.191e-04 | 1361.6 ms/update | 6016 tok/s
[train] 3718/4096 | 30457856 tok | loss 4.9087 | lr 1.190e-04 | 1350.5 ms/update | 6066 tok/s
[train] 3719/4096 | 30466048 tok | loss 4.9194 | lr 1.189e-04 | 1372.4 ms/update | 5969 tok/s
[train] 3720/4096 | 30474240 tok | loss 4.8457 | lr 1.188e-04 | 1355.9 ms/update | 6042 tok/s
[train] 3721/4096 | 30482432 tok | loss 5.1614 | lr 1.187e-04 | 1359.4 ms/update | 6026 tok/s
[train] 3722/4096 | 30490624 tok | loss 5.1844 | lr 1.186e-04 | 1372.5 ms/update | 5969 tok/s
[train] 3723/4096 | 30498816 tok | loss 4.9295 | lr 1.185e-04 | 1375.6 ms/update | 5955 tok/s
[train] 3724/4096 | 30507008 tok | loss 4.7318 | lr 1.184e-04 | 1372.3 ms/update | 5969 tok/s
[train] 3725/4096 | 30515200 tok | loss 4.8639 | lr 1.183e-04 | 1371.7 ms/update | 5972 tok/s
[train] 3726/4096 | 30523392 tok | loss 4.9860 | lr 1.182e-04 | 1387.9 ms/update | 5903 tok/s
[train] 3727/4096 | 30531584 tok | loss 4.8378 | lr 1.181e-04 | 1361.9 ms/update | 6015 tok/s
[train] 3728/4096 | 30539776 tok | loss 5.1750 | lr 1.180e-04 | 1367.2 ms/update | 5992 tok/s
[train] 3729/4096 | 30547968 tok | loss 5.4030 | lr 1.179e-04 | 1376.7 ms/update | 5951 tok/s
[train] 3730/4096 | 30556160 tok | loss 5.1920 | lr 1.178e-04 | 1373.4 ms/update | 5965 tok/s
[train] 3731/4096 | 30564352 tok | loss 4.9914 | lr 1.177e-04 | 1386.6 ms/update | 5908 tok/s
[train] 3732/4096 | 30572544 tok | loss 4.9395 | lr 1.176e-04 | 1363.7 ms/update | 6007 tok/s
[train] 3733/4096 | 30580736 tok | loss 4.9688 | lr 1.175e-04 | 1370.5 ms/update | 5978 tok/s
[train] 3734/4096 | 30588928 tok | loss 5.0337 | lr 1.174e-04 | 1385.2 ms/update | 5914 tok/s
[train] 3735/4096 | 30597120 tok | loss 5.1899 | lr 1.173e-04 | 1379.6 ms/update | 5938 tok/s
[train] 3736/4096 | 30605312 tok | loss 5.2118 | lr 1.172e-04 | 1382.7 ms/update | 5925 tok/s
[train] 3737/4096 | 30613504 tok | loss 4.6363 | lr 1.171e-04 | 1381.7 ms/update | 5929 tok/s
[train] 3738/4096 | 30621696 tok | loss 4.7802 | lr 1.170e-04 | 1380.8 ms/update | 5933 tok/s
[train] 3739/4096 | 30629888 tok | loss 4.7621 | lr 1.169e-04 | 1386.2 ms/update | 5910 tok/s
[train] 3740/4096 | 30638080 tok | loss 5.0331 | lr 1.168e-04 | 1359.4 ms/update | 6026 tok/s
[train] 3741/4096 | 30646272 tok | loss 5.0649 | lr 1.167e-04 | 1380.8 ms/update | 5933 tok/s
[train] 3742/4096 | 30654464 tok | loss 4.9281 | lr 1.166e-04 | 1376.4 ms/update | 5952 tok/s
[train] 3743/4096 | 30662656 tok | loss 5.0921 | lr 1.166e-04 | 1366.1 ms/update | 5996 tok/s
[train] 3744/4096 | 30670848 tok | loss 4.7648 | lr 1.165e-04 | 1372.4 ms/update | 5969 tok/s
[train] 3745/4096 | 30679040 tok | loss 5.0801 | lr 1.164e-04 | 1374.7 ms/update | 5959 tok/s
[train] 3746/4096 | 30687232 tok | loss 4.9153 | lr 1.163e-04 | 1372.0 ms/update | 5971 tok/s
[train] 3747/4096 | 30695424 tok | loss 5.1567 | lr 1.162e-04 | 1374.9 ms/update | 5958 tok/s
[train] 3748/4096 | 30703616 tok | loss 4.9171 | lr 1.161e-04 | 1384.3 ms/update | 5918 tok/s
[train] 3749/4096 | 30711808 tok | loss 5.1586 | lr 1.160e-04 | 1371.1 ms/update | 5975 tok/s
[train] 3750/4096 | 30720000 tok | loss 4.9909 | lr 1.159e-04 | 1367.9 ms/update | 5989 tok/s
[train] 3751/4096 | 30728192 tok | loss 5.2048 | lr 1.158e-04 | 1383.7 ms/update | 5920 tok/s
[train] 3752/4096 | 30736384 tok | loss 5.0520 | lr 1.157e-04 | 1358.8 ms/update | 6029 tok/s
[train] 3753/4096 | 30744576 tok | loss 5.1040 | lr 1.156e-04 | 1384.0 ms/update | 5919 tok/s
[train] 3754/4096 | 30752768 tok | loss 5.0613 | lr 1.155e-04 | 1371.2 ms/update | 5974 tok/s
[train] 3755/4096 | 30760960 tok | loss 4.8785 | lr 1.155e-04 | 1385.6 ms/update | 5912 tok/s
[train] 3756/4096 | 30769152 tok | loss 4.9766 | lr 1.154e-04 | 1362.9 ms/update | 6011 tok/s
[train] 3757/4096 | 30777344 tok | loss 4.9030 | lr 1.153e-04 | 1375.1 ms/update | 5957 tok/s
[train] 3758/4096 | 30785536 tok | loss 5.0503 | lr 1.152e-04 | 1375.7 ms/update | 5955 tok/s
[train] 3759/4096 | 30793728 tok | loss 5.1411 | lr 1.151e-04 | 1379.6 ms/update | 5938 tok/s
[train] 3760/4096 | 30801920 tok | loss 5.1228 | lr 1.150e-04 | 1374.6 ms/update | 5960 tok/s
[train] 3761/4096 | 30810112 tok | loss 4.9995 | lr 1.149e-04 | 1369.0 ms/update | 5984 tok/s
[train] 3762/4096 | 30818304 tok | loss 4.8529 | lr 1.148e-04 | 1356.0 ms/update | 6041 tok/s
[train] 3763/4096 | 30826496 tok | loss 5.1343 | lr 1.147e-04 | 1359.6 ms/update | 6025 tok/s
[train] 3764/4096 | 30834688 tok | loss 5.0531 | lr 1.147e-04 | 1368.9 ms/update | 5984 tok/s
[train] 3765/4096 | 30842880 tok | loss 4.8717 | lr 1.146e-04 | 1358.7 ms/update | 6029 tok/s
[train] 3766/4096 | 30851072 tok | loss 4.9072 | lr 1.145e-04 | 1370.0 ms/update | 5979 tok/s
[train] 3767/4096 | 30859264 tok | loss 4.8678 | lr 1.144e-04 | 1355.2 ms/update | 6045 tok/s
[train] 3768/4096 | 30867456 tok | loss 4.8995 | lr 1.143e-04 | 1353.6 ms/update | 6052 tok/s
[train] 3769/4096 | 30875648 tok | loss 4.8255 | lr 1.142e-04 | 1362.0 ms/update | 6015 tok/s
[train] 3770/4096 | 30883840 tok | loss 4.7722 | lr 1.141e-04 | 1378.0 ms/update | 5945 tok/s
[train] 3771/4096 | 30892032 tok | loss 4.9861 | lr 1.140e-04 | 1371.0 ms/update | 5975 tok/s
[train] 3772/4096 | 30900224 tok | loss 4.8353 | lr 1.140e-04 | 1395.4 ms/update | 5871 tok/s
[train] 3773/4096 | 30908416 tok | loss 4.6728 | lr 1.139e-04 | 1389.5 ms/update | 5895 tok/s
[train] 3774/4096 | 30916608 tok | loss 5.1730 | lr 1.138e-04 | 1369.9 ms/update | 5980 tok/s
[train] 3775/4096 | 30924800 tok | loss 5.3783 | lr 1.137e-04 | 1356.2 ms/update | 6041 tok/s
[train] 3776/4096 | 30932992 tok | loss 4.9194 | lr 1.136e-04 | 1369.6 ms/update | 5981 tok/s
[train] 3777/4096 | 30941184 tok | loss 4.8827 | lr 1.135e-04 | 1368.8 ms/update | 5985 tok/s
[train] 3778/4096 | 30949376 tok | loss 4.9067 | lr 1.134e-04 | 1362.2 ms/update | 6014 tok/s
[train] 3779/4096 | 30957568 tok | loss 4.8582 | lr 1.134e-04 | 1359.1 ms/update | 6027 tok/s
[train] 3780/4096 | 30965760 tok | loss 5.0600 | lr 1.133e-04 | 1366.1 ms/update | 5997 tok/s
[train] 3781/4096 | 30973952 tok | loss 5.0057 | lr 1.132e-04 | 1356.8 ms/update | 6038 tok/s
[train] 3782/4096 | 30982144 tok | loss 5.2512 | lr 1.131e-04 | 1372.1 ms/update | 5971 tok/s
[train] 3783/4096 | 30990336 tok | loss 5.1748 | lr 1.130e-04 | 1366.1 ms/update | 5997 tok/s
[train] 3784/4096 | 30998528 tok | loss 5.1854 | lr 1.129e-04 | 1365.1 ms/update | 6001 tok/s
[train] 3785/4096 | 31006720 tok | loss 5.1960 | lr 1.129e-04 | 1371.0 ms/update | 5975 tok/s
[train] 3786/4096 | 31014912 tok | loss 5.0861 | lr 1.128e-04 | 1358.9 ms/update | 6029 tok/s
[train] 3787/4096 | 31023104 tok | loss 4.8300 | lr 1.127e-04 | 1374.8 ms/update | 5959 tok/s
[train] 3788/4096 | 31031296 tok | loss 4.8678 | lr 1.126e-04 | 1369.3 ms/update | 5983 tok/s
[train] 3789/4096 | 31039488 tok | loss 4.9825 | lr 1.125e-04 | 1368.4 ms/update | 5987 tok/s
[train] 3790/4096 | 31047680 tok | loss 5.3180 | lr 1.125e-04 | 1360.6 ms/update | 6021 tok/s
[train] 3791/4096 | 31055872 tok | loss 5.0784 | lr 1.124e-04 | 1372.7 ms/update | 5968 tok/s
[train] 3792/4096 | 31064064 tok | loss 5.0533 | lr 1.123e-04 | 1380.9 ms/update | 5932 tok/s
[train] 3793/4096 | 31072256 tok | loss 5.0112 | lr 1.122e-04 | 1373.3 ms/update | 5965 tok/s
[train] 3794/4096 | 31080448 tok | loss 4.9531 | lr 1.121e-04 | 1369.1 ms/update | 5984 tok/s
[train] 3795/4096 | 31088640 tok | loss 5.0972 | lr 1.121e-04 | 1373.9 ms/update | 5963 tok/s
[train] 3796/4096 | 31096832 tok | loss 4.9797 | lr 1.120e-04 | 1374.3 ms/update | 5961 tok/s
[train] 3797/4096 | 31105024 tok | loss 5.0055 | lr 1.119e-04 | 1373.3 ms/update | 5965 tok/s
[train] 3798/4096 | 31113216 tok | loss 5.2646 | lr 1.118e-04 | 1372.0 ms/update | 5971 tok/s
[train] 3799/4096 | 31121408 tok | loss 4.9700 | lr 1.117e-04 | 1370.1 ms/update | 5979 tok/s
[train] 3800/4096 | 31129600 tok | loss 5.3036 | lr 1.117e-04 | 1364.6 ms/update | 6003 tok/s
[train] 3801/4096 | 31137792 tok | loss 5.1142 | lr 1.116e-04 | 1377.0 ms/update | 5949 tok/s
[train] 3802/4096 | 31145984 tok | loss 5.3334 | lr 1.115e-04 | 1377.4 ms/update | 5947 tok/s
[train] 3803/4096 | 31154176 tok | loss 5.1939 | lr 1.114e-04 | 1374.9 ms/update | 5958 tok/s
[train] 3804/4096 | 31162368 tok | loss 4.8170 | lr 1.113e-04 | 1376.8 ms/update | 5950 tok/s
[train] 3805/4096 | 31170560 tok | loss 4.7572 | lr 1.113e-04 | 1373.1 ms/update | 5966 tok/s
[train] 3806/4096 | 31178752 tok | loss 5.1693 | lr 1.112e-04 | 1360.9 ms/update | 6019 tok/s
[train] 3807/4096 | 31186944 tok | loss 5.2543 | lr 1.111e-04 | 1373.3 ms/update | 5965 tok/s
[train] 3808/4096 | 31195136 tok | loss 5.1967 | lr 1.110e-04 | 1372.8 ms/update | 5967 tok/s
[train] 3809/4096 | 31203328 tok | loss 4.8110 | lr 1.110e-04 | 1358.3 ms/update | 6031 tok/s
[train] 3810/4096 | 31211520 tok | loss 5.2028 | lr 1.109e-04 | 1369.7 ms/update | 5981 tok/s
[train] 3811/4096 | 31219712 tok | loss 4.9834 | lr 1.108e-04 | 1357.6 ms/update | 6034 tok/s
[train] 3812/4096 | 31227904 tok | loss 4.8985 | lr 1.107e-04 | 1359.6 ms/update | 6025 tok/s
[train] 3813/4096 | 31236096 tok | loss 5.0794 | lr 1.107e-04 | 1371.3 ms/update | 5974 tok/s
[train] 3814/4096 | 31244288 tok | loss 5.0773 | lr 1.106e-04 | 1365.9 ms/update | 5998 tok/s
[train] 3815/4096 | 31252480 tok | loss 5.1689 | lr 1.105e-04 | 1366.7 ms/update | 5994 tok/s
[train] 3816/4096 | 31260672 tok | loss 5.1454 | lr 1.104e-04 | 1368.2 ms/update | 5988 tok/s
[train] 3817/4096 | 31268864 tok | loss 5.1102 | lr 1.104e-04 | 1354.3 ms/update | 6049 tok/s
[train] 3818/4096 | 31277056 tok | loss 4.9566 | lr 1.103e-04 | 1351.9 ms/update | 6059 tok/s
[train] 3819/4096 | 31285248 tok | loss 4.9943 | lr 1.102e-04 | 1351.1 ms/update | 6063 tok/s
[train] 3820/4096 | 31293440 tok | loss 4.9201 | lr 1.101e-04 | 1358.8 ms/update | 6029 tok/s
[train] 3821/4096 | 31301632 tok | loss 4.8075 | lr 1.101e-04 | 1381.5 ms/update | 5930 tok/s
[train] 3822/4096 | 31309824 tok | loss 5.0779 | lr 1.100e-04 | 1364.6 ms/update | 6003 tok/s
[train] 3823/4096 | 31318016 tok | loss 4.9156 | lr 1.099e-04 | 1359.7 ms/update | 6025 tok/s
[train] 3824/4096 | 31326208 tok | loss 5.1286 | lr 1.099e-04 | 1372.5 ms/update | 5969 tok/s
[train] 3825/4096 | 31334400 tok | loss 4.9863 | lr 1.098e-04 | 1372.7 ms/update | 5968 tok/s
[train] 3826/4096 | 31342592 tok | loss 5.1717 | lr 1.097e-04 | 1365.7 ms/update | 5998 tok/s
[train] 3827/4096 | 31350784 tok | loss 5.1505 | lr 1.096e-04 | 1355.1 ms/update | 6045 tok/s
[train] 3828/4096 | 31358976 tok | loss 4.9707 | lr 1.096e-04 | 1355.5 ms/update | 6044 tok/s
[train] 3829/4096 | 31367168 tok | loss 5.2557 | lr 1.095e-04 | 1354.8 ms/update | 6046 tok/s
[train] 3830/4096 | 31375360 tok | loss 5.1489 | lr 1.094e-04 | 1360.5 ms/update | 6021 tok/s
[train] 3831/4096 | 31383552 tok | loss 5.2644 | lr 1.094e-04 | 1366.8 ms/update | 5994 tok/s
[train] 3832/4096 | 31391744 tok | loss 4.9915 | lr 1.093e-04 | 1357.4 ms/update | 6035 tok/s
[train] 3833/4096 | 31399936 tok | loss 4.8019 | lr 1.092e-04 | 1371.1 ms/update | 5975 tok/s
[train] 3834/4096 | 31408128 tok | loss 4.9441 | lr 1.091e-04 | 1354.2 ms/update | 6049 tok/s
[train] 3835/4096 | 31416320 tok | loss 5.0766 | lr 1.091e-04 | 1353.6 ms/update | 6052 tok/s
[train] 3836/4096 | 31424512 tok | loss 5.4075 | lr 1.090e-04 | 1355.1 ms/update | 6045 tok/s
[train] 3837/4096 | 31432704 tok | loss 4.9572 | lr 1.089e-04 | 1356.3 ms/update | 6040 tok/s
[train] 3838/4096 | 31440896 tok | loss 4.9804 | lr 1.089e-04 | 1375.1 ms/update | 5957 tok/s
[train] 3839/4096 | 31449088 tok | loss 4.8502 | lr 1.088e-04 | 1369.1 ms/update | 5984 tok/s
[train] 3840/4096 | 31457280 tok | loss 4.8524 | lr 1.087e-04 | 1354.0 ms/update | 6050 tok/s
[eval] step 3840 | val NLL 4.7834 | ppl 119.51 | 65536 tokens
[ckpt] latest.pt @ step 3840
[train] 3841/4096 | 31465472 tok | loss 4.5590 | lr 1.087e-04 | 1352.8 ms/update | 6055 tok/s
[train] 3842/4096 | 31473664 tok | loss 5.0798 | lr 1.086e-04 | 1361.0 ms/update | 6019 tok/s
[train] 3843/4096 | 31481856 tok | loss 5.1124 | lr 1.085e-04 | 1373.4 ms/update | 5965 tok/s
[train] 3844/4096 | 31490048 tok | loss 4.9391 | lr 1.085e-04 | 1368.2 ms/update | 5987 tok/s
[train] 3845/4096 | 31498240 tok | loss 4.9587 | lr 1.084e-04 | 1355.5 ms/update | 6043 tok/s
[train] 3846/4096 | 31506432 tok | loss 4.8480 | lr 1.083e-04 | 1360.0 ms/update | 6023 tok/s
[train] 3847/4096 | 31514624 tok | loss 4.9830 | lr 1.083e-04 | 1367.0 ms/update | 5993 tok/s
[train] 3848/4096 | 31522816 tok | loss 4.8013 | lr 1.082e-04 | 1372.2 ms/update | 5970 tok/s
[train] 3849/4096 | 31531008 tok | loss 5.0703 | lr 1.081e-04 | 1367.7 ms/update | 5990 tok/s
[train] 3850/4096 | 31539200 tok | loss 5.1008 | lr 1.081e-04 | 1357.7 ms/update | 6034 tok/s
[train] 3851/4096 | 31547392 tok | loss 5.0958 | lr 1.080e-04 | 1374.0 ms/update | 5962 tok/s
[train] 3852/4096 | 31555584 tok | loss 4.9058 | lr 1.079e-04 | 1367.1 ms/update | 5992 tok/s
[train] 3853/4096 | 31563776 tok | loss 4.8023 | lr 1.079e-04 | 1366.1 ms/update | 5997 tok/s
[train] 3854/4096 | 31571968 tok | loss 5.1380 | lr 1.078e-04 | 1371.7 ms/update | 5972 tok/s
[train] 3855/4096 | 31580160 tok | loss 4.8555 | lr 1.077e-04 | 1367.5 ms/update | 5990 tok/s
[train] 3856/4096 | 31588352 tok | loss 5.0724 | lr 1.077e-04 | 1368.0 ms/update | 5988 tok/s
[train] 3857/4096 | 31596544 tok | loss 5.2680 | lr 1.076e-04 | 1374.3 ms/update | 5961 tok/s
[train] 3858/4096 | 31604736 tok | loss 4.4622 | lr 1.076e-04 | 1376.4 ms/update | 5952 tok/s
[train] 3859/4096 | 31612928 tok | loss 5.2611 | lr 1.075e-04 | 1363.5 ms/update | 6008 tok/s
[train] 3860/4096 | 31621120 tok | loss 4.9411 | lr 1.074e-04 | 1370.3 ms/update | 5978 tok/s
[train] 3861/4096 | 31629312 tok | loss 5.0124 | lr 1.074e-04 | 1372.0 ms/update | 5971 tok/s
[train] 3862/4096 | 31637504 tok | loss 5.2332 | lr 1.073e-04 | 1370.2 ms/update | 5979 tok/s
[train] 3863/4096 | 31645696 tok | loss 5.0043 | lr 1.072e-04 | 1360.1 ms/update | 6023 tok/s
[train] 3864/4096 | 31653888 tok | loss 5.3380 | lr 1.072e-04 | 1372.1 ms/update | 5971 tok/s
[train] 3865/4096 | 31662080 tok | loss 5.0200 | lr 1.071e-04 | 1364.9 ms/update | 6002 tok/s
[train] 3866/4096 | 31670272 tok | loss 5.0990 | lr 1.071e-04 | 1366.2 ms/update | 5996 tok/s
[train] 3867/4096 | 31678464 tok | loss 4.9738 | lr 1.070e-04 | 1374.0 ms/update | 5962 tok/s
[train] 3868/4096 | 31686656 tok | loss 5.2382 | lr 1.069e-04 | 1370.1 ms/update | 5979 tok/s
[train] 3869/4096 | 31694848 tok | loss 5.2150 | lr 1.069e-04 | 1356.5 ms/update | 6039 tok/s
[train] 3870/4096 | 31703040 tok | loss 5.0559 | lr 1.068e-04 | 1378.2 ms/update | 5944 tok/s
[train] 3871/4096 | 31711232 tok | loss 4.7301 | lr 1.067e-04 | 1373.5 ms/update | 5964 tok/s
[train] 3872/4096 | 31719424 tok | loss 4.9977 | lr 1.067e-04 | 1371.4 ms/update | 5973 tok/s
[train] 3873/4096 | 31727616 tok | loss 4.9161 | lr 1.066e-04 | 1374.4 ms/update | 5960 tok/s
[train] 3874/4096 | 31735808 tok | loss 4.7800 | lr 1.066e-04 | 1371.3 ms/update | 5974 tok/s
[train] 3875/4096 | 31744000 tok | loss 5.0851 | lr 1.065e-04 | 1363.2 ms/update | 6009 tok/s
[train] 3876/4096 | 31752192 tok | loss 5.2068 | lr 1.065e-04 | 1366.0 ms/update | 5997 tok/s
[train] 3877/4096 | 31760384 tok | loss 5.0303 | lr 1.064e-04 | 1376.8 ms/update | 5950 tok/s
[train] 3878/4096 | 31768576 tok | loss 4.9972 | lr 1.063e-04 | 1372.2 ms/update | 5970 tok/s
[train] 3879/4096 | 31776768 tok | loss 4.9854 | lr 1.063e-04 | 1374.0 ms/update | 5962 tok/s
[train] 3880/4096 | 31784960 tok | loss 4.6655 | lr 1.062e-04 | 1372.9 ms/update | 5967 tok/s
[train] 3881/4096 | 31793152 tok | loss 5.0468 | lr 1.062e-04 | 1375.5 ms/update | 5956 tok/s
[train] 3882/4096 | 31801344 tok | loss 5.0498 | lr 1.061e-04 | 1376.3 ms/update | 5952 tok/s
[train] 3883/4096 | 31809536 tok | loss 4.9722 | lr 1.061e-04 | 1373.1 ms/update | 5966 tok/s
[train] 3884/4096 | 31817728 tok | loss 5.1591 | lr 1.060e-04 | 1377.4 ms/update | 5948 tok/s
[train] 3885/4096 | 31825920 tok | loss 5.0862 | lr 1.059e-04 | 1371.7 ms/update | 5972 tok/s
[train] 3886/4096 | 31834112 tok | loss 4.8713 | lr 1.059e-04 | 1374.5 ms/update | 5960 tok/s
[train] 3887/4096 | 31842304 tok | loss 5.0224 | lr 1.058e-04 | 1371.8 ms/update | 5972 tok/s
[train] 3888/4096 | 31850496 tok | loss 5.2338 | lr 1.058e-04 | 1371.2 ms/update | 5974 tok/s
[train] 3889/4096 | 31858688 tok | loss 5.0997 | lr 1.057e-04 | 1364.1 ms/update | 6005 tok/s
[train] 3890/4096 | 31866880 tok | loss 4.9325 | lr 1.057e-04 | 1368.0 ms/update | 5988 tok/s
[train] 3891/4096 | 31875072 tok | loss 5.0298 | lr 1.056e-04 | 1369.8 ms/update | 5980 tok/s
[train] 3892/4096 | 31883264 tok | loss 5.1292 | lr 1.056e-04 | 1360.5 ms/update | 6021 tok/s
[train] 3893/4096 | 31891456 tok | loss 4.9981 | lr 1.055e-04 | 1371.8 ms/update | 5972 tok/s
[train] 3894/4096 | 31899648 tok | loss 4.9451 | lr 1.054e-04 | 1376.0 ms/update | 5953 tok/s
[train] 3895/4096 | 31907840 tok | loss 5.1402 | lr 1.054e-04 | 1373.1 ms/update | 5966 tok/s
[train] 3896/4096 | 31916032 tok | loss 5.0217 | lr 1.053e-04 | 1357.9 ms/update | 6033 tok/s
[train] 3897/4096 | 31924224 tok | loss 4.9645 | lr 1.053e-04 | 1378.5 ms/update | 5943 tok/s
[train] 3898/4096 | 31932416 tok | loss 4.8135 | lr 1.052e-04 | 1371.8 ms/update | 5972 tok/s
[train] 3899/4096 | 31940608 tok | loss 4.9870 | lr 1.052e-04 | 1367.4 ms/update | 5991 tok/s
[train] 3900/4096 | 31948800 tok | loss 4.7121 | lr 1.051e-04 | 1367.1 ms/update | 5992 tok/s
[train] 3901/4096 | 31956992 tok | loss 5.0463 | lr 1.051e-04 | 1363.2 ms/update | 6010 tok/s
[train] 3902/4096 | 31965184 tok | loss 5.2081 | lr 1.050e-04 | 1372.9 ms/update | 5967 tok/s
[train] 3903/4096 | 31973376 tok | loss 5.0953 | lr 1.050e-04 | 1369.7 ms/update | 5981 tok/s
[train] 3904/4096 | 31981568 tok | loss 5.0735 | lr 1.049e-04 | 1362.5 ms/update | 6012 tok/s
[train] 3905/4096 | 31989760 tok | loss 5.1064 | lr 1.049e-04 | 1371.4 ms/update | 5974 tok/s
[train] 3906/4096 | 31997952 tok | loss 4.9897 | lr 1.048e-04 | 1372.0 ms/update | 5971 tok/s
[train] 3907/4096 | 32006144 tok | loss 4.6067 | lr 1.048e-04 | 1376.5 ms/update | 5951 tok/s
[train] 3908/4096 | 32014336 tok | loss 4.8581 | lr 1.047e-04 | 1363.0 ms/update | 6010 tok/s
[train] 3909/4096 | 32022528 tok | loss 5.1770 | lr 1.047e-04 | 1371.4 ms/update | 5973 tok/s
[train] 3910/4096 | 32030720 tok | loss 5.1711 | lr 1.046e-04 | 1378.0 ms/update | 5945 tok/s
[train] 3911/4096 | 32038912 tok | loss 4.8198 | lr 1.046e-04 | 1375.7 ms/update | 5955 tok/s
[train] 3912/4096 | 32047104 tok | loss 5.1084 | lr 1.045e-04 | 1372.0 ms/update | 5971 tok/s
[train] 3913/4096 | 32055296 tok | loss 5.2302 | lr 1.045e-04 | 1372.1 ms/update | 5970 tok/s
[train] 3914/4096 | 32063488 tok | loss 4.8155 | lr 1.044e-04 | 1367.6 ms/update | 5990 tok/s
[train] 3915/4096 | 32071680 tok | loss 4.6408 | lr 1.044e-04 | 1364.2 ms/update | 6005 tok/s
[train] 3916/4096 | 32079872 tok | loss 5.3027 | lr 1.043e-04 | 1371.8 ms/update | 5972 tok/s
[train] 3917/4096 | 32088064 tok | loss 4.7280 | lr 1.043e-04 | 1367.3 ms/update | 5992 tok/s
[train] 3918/4096 | 32096256 tok | loss 5.0205 | lr 1.042e-04 | 1360.5 ms/update | 6021 tok/s
[train] 3919/4096 | 32104448 tok | loss 5.0674 | lr 1.042e-04 | 1358.9 ms/update | 6028 tok/s
[train] 3920/4096 | 32112640 tok | loss 4.9025 | lr 1.041e-04 | 1368.9 ms/update | 5984 tok/s
[train] 3921/4096 | 32120832 tok | loss 5.1782 | lr 1.041e-04 | 1380.6 ms/update | 5934 tok/s
[train] 3922/4096 | 32129024 tok | loss 4.8756 | lr 1.040e-04 | 1374.7 ms/update | 5959 tok/s
[train] 3923/4096 | 32137216 tok | loss 4.8992 | lr 1.040e-04 | 1379.2 ms/update | 5940 tok/s
[train] 3924/4096 | 32145408 tok | loss 4.6821 | lr 1.039e-04 | 1356.8 ms/update | 6038 tok/s
[train] 3925/4096 | 32153600 tok | loss 5.1281 | lr 1.039e-04 | 1361.9 ms/update | 6015 tok/s
[train] 3926/4096 | 32161792 tok | loss 4.4435 | lr 1.039e-04 | 1366.8 ms/update | 5993 tok/s
[train] 3927/4096 | 32169984 tok | loss 5.4097 | lr 1.038e-04 | 1361.4 ms/update | 6017 tok/s
[train] 3928/4096 | 32178176 tok | loss 5.1578 | lr 1.038e-04 | 1371.2 ms/update | 5974 tok/s
[train] 3929/4096 | 32186368 tok | loss 4.8100 | lr 1.037e-04 | 1371.5 ms/update | 5973 tok/s
[train] 3930/4096 | 32194560 tok | loss 4.9861 | lr 1.037e-04 | 1350.7 ms/update | 6065 tok/s
[train] 3931/4096 | 32202752 tok | loss 5.1866 | lr 1.036e-04 | 1357.1 ms/update | 6036 tok/s
[train] 3932/4096 | 32210944 tok | loss 4.9524 | lr 1.036e-04 | 1365.8 ms/update | 5998 tok/s
[train] 3933/4096 | 32219136 tok | loss 4.8732 | lr 1.035e-04 | 1369.5 ms/update | 5982 tok/s
[train] 3934/4096 | 32227328 tok | loss 5.1705 | lr 1.035e-04 | 1370.5 ms/update | 5977 tok/s
[train] 3935/4096 | 32235520 tok | loss 4.9534 | lr 1.035e-04 | 1366.3 ms/update | 5996 tok/s
[train] 3936/4096 | 32243712 tok | loss 5.1421 | lr 1.034e-04 | 1367.2 ms/update | 5992 tok/s
[train] 3937/4096 | 32251904 tok | loss 5.0660 | lr 1.034e-04 | 1371.4 ms/update | 5973 tok/s
[train] 3938/4096 | 32260096 tok | loss 5.2145 | lr 1.033e-04 | 1370.8 ms/update | 5976 tok/s
[train] 3939/4096 | 32268288 tok | loss 5.2410 | lr 1.033e-04 | 1370.4 ms/update | 5978 tok/s
[train] 3940/4096 | 32276480 tok | loss 4.9384 | lr 1.032e-04 | 1366.6 ms/update | 5994 tok/s
[train] 3941/4096 | 32284672 tok | loss 4.8774 | lr 1.032e-04 | 1365.2 ms/update | 6000 tok/s
[train] 3942/4096 | 32292864 tok | loss 4.6844 | lr 1.032e-04 | 1372.2 ms/update | 5970 tok/s
[train] 3943/4096 | 32301056 tok | loss 5.0504 | lr 1.031e-04 | 1370.2 ms/update | 5979 tok/s
[train] 3944/4096 | 32309248 tok | loss 4.9253 | lr 1.031e-04 | 1360.3 ms/update | 6022 tok/s
[train] 3945/4096 | 32317440 tok | loss 4.8296 | lr 1.030e-04 | 1369.0 ms/update | 5984 tok/s
[train] 3946/4096 | 32325632 tok | loss 5.0397 | lr 1.030e-04 | 1367.0 ms/update | 5993 tok/s
[train] 3947/4096 | 32333824 tok | loss 5.3084 | lr 1.030e-04 | 1374.2 ms/update | 5961 tok/s
[train] 3948/4096 | 32342016 tok | loss 4.8055 | lr 1.029e-04 | 1377.2 ms/update | 5948 tok/s
[train] 3949/4096 | 32350208 tok | loss 5.1616 | lr 1.029e-04 | 1376.7 ms/update | 5951 tok/s
[train] 3950/4096 | 32358400 tok | loss 5.2702 | lr 1.028e-04 | 1377.5 ms/update | 5947 tok/s
[train] 3951/4096 | 32366592 tok | loss 4.7962 | lr 1.028e-04 | 1365.6 ms/update | 5999 tok/s
[train] 3952/4096 | 32374784 tok | loss 4.9311 | lr 1.028e-04 | 1369.5 ms/update | 5982 tok/s
[train] 3953/4096 | 32382976 tok | loss 4.9226 | lr 1.027e-04 | 1362.9 ms/update | 6011 tok/s
[train] 3954/4096 | 32391168 tok | loss 5.2323 | lr 1.027e-04 | 1372.8 ms/update | 5967 tok/s
[train] 3955/4096 | 32399360 tok | loss 4.8745 | lr 1.027e-04 | 1379.0 ms/update | 5940 tok/s
[train] 3956/4096 | 32407552 tok | loss 4.8727 | lr 1.026e-04 | 1372.8 ms/update | 5967 tok/s
[train] 3957/4096 | 32415744 tok | loss 5.1685 | lr 1.026e-04 | 1377.9 ms/update | 5945 tok/s
[train] 3958/4096 | 32423936 tok | loss 4.9653 | lr 1.025e-04 | 1377.1 ms/update | 5949 tok/s
[train] 3959/4096 | 32432128 tok | loss 5.3602 | lr 1.025e-04 | 1373.7 ms/update | 5963 tok/s
[train] 3960/4096 | 32440320 tok | loss 5.3196 | lr 1.025e-04 | 1376.8 ms/update | 5950 tok/s
[train] 3961/4096 | 32448512 tok | loss 4.7022 | lr 1.024e-04 | 1372.2 ms/update | 5970 tok/s
[train] 3962/4096 | 32456704 tok | loss 4.8567 | lr 1.024e-04 | 1374.3 ms/update | 5961 tok/s
[train] 3963/4096 | 32464896 tok | loss 5.1257 | lr 1.024e-04 | 1373.3 ms/update | 5965 tok/s
[train] 3964/4096 | 32473088 tok | loss 5.3875 | lr 1.023e-04 | 1375.4 ms/update | 5956 tok/s
[train] 3965/4096 | 32481280 tok | loss 4.8282 | lr 1.023e-04 | 1374.8 ms/update | 5959 tok/s
[train] 3966/4096 | 32489472 tok | loss 4.8888 | lr 1.023e-04 | 1375.6 ms/update | 5955 tok/s
[train] 3967/4096 | 32497664 tok | loss 5.4152 | lr 1.022e-04 | 1372.2 ms/update | 5970 tok/s
[train] 3968/4096 | 32505856 tok | loss 5.1956 | lr 1.022e-04 | 1374.0 ms/update | 5962 tok/s
[eval] step 3968 | val NLL 4.7829 | ppl 119.45 | 65536 tokens
[ckpt] latest.pt @ step 3968
[train] 3969/4096 | 32514048 tok | loss 5.0783 | lr 1.022e-04 | 1364.1 ms/update | 6005 tok/s
[train] 3970/4096 | 32522240 tok | loss 5.1905 | lr 1.021e-04 | 1358.4 ms/update | 6031 tok/s
[train] 3971/4096 | 32530432 tok | loss 4.7964 | lr 1.021e-04 | 1361.9 ms/update | 6015 tok/s
[train] 3972/4096 | 32538624 tok | loss 4.9254 | lr 1.021e-04 | 1373.6 ms/update | 5964 tok/s
[train] 3973/4096 | 32546816 tok | loss 5.1690 | lr 1.020e-04 | 1368.1 ms/update | 5988 tok/s
[train] 3974/4096 | 32555008 tok | loss 5.0406 | lr 1.020e-04 | 1357.1 ms/update | 6036 tok/s
[train] 3975/4096 | 32563200 tok | loss 5.0712 | lr 1.020e-04 | 1377.3 ms/update | 5948 tok/s
[train] 3976/4096 | 32571392 tok | loss 4.8504 | lr 1.019e-04 | 1369.4 ms/update | 5982 tok/s
[train] 3977/4096 | 32579584 tok | loss 5.2758 | lr 1.019e-04 | 1370.3 ms/update | 5978 tok/s
[train] 3978/4096 | 32587776 tok | loss 5.2545 | lr 1.019e-04 | 1359.4 ms/update | 6026 tok/s
[train] 3979/4096 | 32595968 tok | loss 5.2304 | lr 1.018e-04 | 1370.1 ms/update | 5979 tok/s
[train] 3980/4096 | 32604160 tok | loss 4.5788 | lr 1.018e-04 | 1359.1 ms/update | 6028 tok/s
[train] 3981/4096 | 32612352 tok | loss 5.0303 | lr 1.018e-04 | 1366.0 ms/update | 5997 tok/s
[train] 3982/4096 | 32620544 tok | loss 4.8427 | lr 1.017e-04 | 1357.7 ms/update | 6034 tok/s
[train] 3983/4096 | 32628736 tok | loss 4.7305 | lr 1.017e-04 | 1364.2 ms/update | 6005 tok/s
[train] 3984/4096 | 32636928 tok | loss 5.0104 | lr 1.017e-04 | 1375.5 ms/update | 5956 tok/s
[train] 3985/4096 | 32645120 tok | loss 4.7399 | lr 1.016e-04 | 1361.2 ms/update | 6018 tok/s
[train] 3986/4096 | 32653312 tok | loss 5.1795 | lr 1.016e-04 | 1357.0 ms/update | 6037 tok/s
[train] 3987/4096 | 32661504 tok | loss 5.1550 | lr 1.016e-04 | 1372.3 ms/update | 5970 tok/s
[train] 3988/4096 | 32669696 tok | loss 4.8961 | lr 1.016e-04 | 1357.4 ms/update | 6035 tok/s
[train] 3989/4096 | 32677888 tok | loss 4.9870 | lr 1.015e-04 | 1369.5 ms/update | 5982 tok/s
[train] 3990/4096 | 32686080 tok | loss 5.0768 | lr 1.015e-04 | 1358.6 ms/update | 6030 tok/s
[train] 3991/4096 | 32694272 tok | loss 4.7143 | lr 1.015e-04 | 1372.8 ms/update | 5967 tok/s
[train] 3992/4096 | 32702464 tok | loss 5.0896 | lr 1.014e-04 | 1350.5 ms/update | 6066 tok/s
[train] 3993/4096 | 32710656 tok | loss 5.0337 | lr 1.014e-04 | 1359.0 ms/update | 6028 tok/s
[train] 3994/4096 | 32718848 tok | loss 5.0756 | lr 1.014e-04 | 1355.2 ms/update | 6045 tok/s
[train] 3995/4096 | 32727040 tok | loss 4.8389 | lr 1.014e-04 | 1354.8 ms/update | 6047 tok/s
[train] 3996/4096 | 32735232 tok | loss 4.6211 | lr 1.013e-04 | 1355.0 ms/update | 6046 tok/s
[train] 3997/4096 | 32743424 tok | loss 5.2220 | lr 1.013e-04 | 1356.9 ms/update | 6037 tok/s
[train] 3998/4096 | 32751616 tok | loss 5.1943 | lr 1.013e-04 | 1354.0 ms/update | 6050 tok/s
[train] 3999/4096 | 32759808 tok | loss 5.0071 | lr 1.013e-04 | 1365.5 ms/update | 5999 tok/s
[train] 4000/4096 | 32768000 tok | loss 4.8059 | lr 1.012e-04 | 1366.7 ms/update | 5994 tok/s
[train] 4001/4096 | 32776192 tok | loss 5.1051 | lr 1.012e-04 | 1356.6 ms/update | 6039 tok/s
[train] 4002/4096 | 32784384 tok | loss 4.9433 | lr 1.012e-04 | 1355.7 ms/update | 6043 tok/s
[train] 4003/4096 | 32792576 tok | loss 5.1373 | lr 1.012e-04 | 1353.2 ms/update | 6054 tok/s
[train] 4004/4096 | 32800768 tok | loss 5.1946 | lr 1.011e-04 | 1356.9 ms/update | 6037 tok/s
[train] 4005/4096 | 32808960 tok | loss 5.4056 | lr 1.011e-04 | 1357.2 ms/update | 6036 tok/s
[train] 4006/4096 | 32817152 tok | loss 4.7156 | lr 1.011e-04 | 1379.6 ms/update | 5938 tok/s
[train] 4007/4096 | 32825344 tok | loss 5.2362 | lr 1.011e-04 | 1365.0 ms/update | 6002 tok/s
[train] 4008/4096 | 32833536 tok | loss 5.0371 | lr 1.010e-04 | 1357.0 ms/update | 6037 tok/s
[train] 4009/4096 | 32841728 tok | loss 5.1293 | lr 1.010e-04 | 1361.6 ms/update | 6016 tok/s
[train] 4010/4096 | 32849920 tok | loss 4.7535 | lr 1.010e-04 | 1365.4 ms/update | 6000 tok/s
[train] 4011/4096 | 32858112 tok | loss 5.1204 | lr 1.010e-04 | 1367.3 ms/update | 5991 tok/s
[train] 4012/4096 | 32866304 tok | loss 4.7656 | lr 1.009e-04 | 1362.7 ms/update | 6012 tok/s
[train] 4013/4096 | 32874496 tok | loss 4.9496 | lr 1.009e-04 | 1372.6 ms/update | 5968 tok/s
[train] 4014/4096 | 32882688 tok | loss 5.0369 | lr 1.009e-04 | 1370.4 ms/update | 5978 tok/s
[train] 4015/4096 | 32890880 tok | loss 5.0289 | lr 1.009e-04 | 1357.7 ms/update | 6034 tok/s
[train] 4016/4096 | 32899072 tok | loss 5.1056 | lr 1.009e-04 | 1369.2 ms/update | 5983 tok/s
[train] 4017/4096 | 32907264 tok | loss 5.2214 | lr 1.008e-04 | 1364.5 ms/update | 6004 tok/s
[train] 4018/4096 | 32915456 tok | loss 5.2196 | lr 1.008e-04 | 1379.9 ms/update | 5937 tok/s
[train] 4019/4096 | 32923648 tok | loss 5.2007 | lr 1.008e-04 | 1368.7 ms/update | 5985 tok/s
[train] 4020/4096 | 32931840 tok | loss 4.6234 | lr 1.008e-04 | 1370.0 ms/update | 5980 tok/s
[train] 4021/4096 | 32940032 tok | loss 4.8410 | lr 1.008e-04 | 1371.2 ms/update | 5974 tok/s
[train] 4022/4096 | 32948224 tok | loss 4.7450 | lr 1.007e-04 | 1374.7 ms/update | 5959 tok/s
[train] 4023/4096 | 32956416 tok | loss 5.2092 | lr 1.007e-04 | 1377.0 ms/update | 5949 tok/s
[train] 4024/4096 | 32964608 tok | loss 5.2286 | lr 1.007e-04 | 1377.9 ms/update | 5945 tok/s
[train] 4025/4096 | 32972800 tok | loss 4.9971 | lr 1.007e-04 | 1366.4 ms/update | 5995 tok/s
[train] 4026/4096 | 32980992 tok | loss 4.7928 | lr 1.007e-04 | 1356.2 ms/update | 6041 tok/s
[train] 4027/4096 | 32989184 tok | loss 4.8484 | lr 1.006e-04 | 1350.7 ms/update | 6065 tok/s
[train] 4028/4096 | 32997376 tok | loss 4.7273 | lr 1.006e-04 | 1365.5 ms/update | 5999 tok/s
[train] 4029/4096 | 33005568 tok | loss 4.8040 | lr 1.006e-04 | 1368.8 ms/update | 5985 tok/s
[train] 4030/4096 | 33013760 tok | loss 5.1634 | lr 1.006e-04 | 1371.6 ms/update | 5972 tok/s
[train] 4031/4096 | 33021952 tok | loss 4.9638 | lr 1.006e-04 | 1351.0 ms/update | 6064 tok/s
[train] 4032/4096 | 33030144 tok | loss 4.9048 | lr 1.005e-04 | 1355.9 ms/update | 6042 tok/s
[train] 4033/4096 | 33038336 tok | loss 4.9920 | lr 1.005e-04 | 1353.5 ms/update | 6052 tok/s
[train] 4034/4096 | 33046528 tok | loss 5.0603 | lr 1.005e-04 | 1352.4 ms/update | 6057 tok/s
[train] 4035/4096 | 33054720 tok | loss 4.9167 | lr 1.005e-04 | 1368.4 ms/update | 5987 tok/s
[train] 4036/4096 | 33062912 tok | loss 4.6891 | lr 1.005e-04 | 1361.8 ms/update | 6016 tok/s
[train] 4037/4096 | 33071104 tok | loss 4.8297 | lr 1.005e-04 | 1359.5 ms/update | 6026 tok/s
[train] 4038/4096 | 33079296 tok | loss 4.8832 | lr 1.004e-04 | 1369.0 ms/update | 5984 tok/s
[train] 4039/4096 | 33087488 tok | loss 5.2014 | lr 1.004e-04 | 1370.7 ms/update | 5977 tok/s
[train] 4040/4096 | 33095680 tok | loss 5.0249 | lr 1.004e-04 | 1358.5 ms/update | 6030 tok/s
[train] 4041/4096 | 33103872 tok | loss 5.2453 | lr 1.004e-04 | 1360.6 ms/update | 6021 tok/s
[train] 4042/4096 | 33112064 tok | loss 4.9527 | lr 1.004e-04 | 1372.9 ms/update | 5967 tok/s
[train] 4043/4096 | 33120256 tok | loss 5.1506 | lr 1.004e-04 | 1374.9 ms/update | 5958 tok/s
[train] 4044/4096 | 33128448 tok | loss 5.0569 | lr 1.004e-04 | 1368.8 ms/update | 5985 tok/s
[train] 4045/4096 | 33136640 tok | loss 4.8740 | lr 1.003e-04 | 1358.2 ms/update | 6032 tok/s
[train] 4046/4096 | 33144832 tok | loss 5.0039 | lr 1.003e-04 | 1361.3 ms/update | 6018 tok/s
[train] 4047/4096 | 33153024 tok | loss 5.0295 | lr 1.003e-04 | 1373.1 ms/update | 5966 tok/s
[train] 4048/4096 | 33161216 tok | loss 5.0382 | lr 1.003e-04 | 1374.5 ms/update | 5960 tok/s
[train] 4049/4096 | 33169408 tok | loss 4.8314 | lr 1.003e-04 | 1373.8 ms/update | 5963 tok/s
[train] 4050/4096 | 33177600 tok | loss 4.8804 | lr 1.003e-04 | 1366.8 ms/update | 5994 tok/s
[train] 4051/4096 | 33185792 tok | loss 5.1981 | lr 1.003e-04 | 1363.3 ms/update | 6009 tok/s
[train] 4052/4096 | 33193984 tok | loss 5.0464 | lr 1.003e-04 | 1374.4 ms/update | 5960 tok/s
[train] 4053/4096 | 33202176 tok | loss 4.9800 | lr 1.002e-04 | 1368.6 ms/update | 5986 tok/s
[train] 4054/4096 | 33210368 tok | loss 5.0175 | lr 1.002e-04 | 1363.1 ms/update | 6010 tok/s
[train] 4055/4096 | 33218560 tok | loss 4.8291 | lr 1.002e-04 | 1373.8 ms/update | 5963 tok/s
[train] 4056/4096 | 33226752 tok | loss 5.0515 | lr 1.002e-04 | 1373.7 ms/update | 5963 tok/s
[train] 4057/4096 | 33234944 tok | loss 4.9568 | lr 1.002e-04 | 1360.4 ms/update | 6022 tok/s
[train] 4058/4096 | 33243136 tok | loss 4.8810 | lr 1.002e-04 | 1366.8 ms/update | 5993 tok/s
[train] 4059/4096 | 33251328 tok | loss 5.3150 | lr 1.002e-04 | 1361.2 ms/update | 6018 tok/s
[train] 4060/4096 | 33259520 tok | loss 4.9973 | lr 1.002e-04 | 1366.0 ms/update | 5997 tok/s
[train] 4061/4096 | 33267712 tok | loss 5.0921 | lr 1.002e-04 | 1361.8 ms/update | 6016 tok/s
[train] 4062/4096 | 33275904 tok | loss 4.7927 | lr 1.002e-04 | 1365.2 ms/update | 6001 tok/s
[train] 4063/4096 | 33284096 tok | loss 4.8523 | lr 1.001e-04 | 1361.2 ms/update | 6018 tok/s
[train] 4064/4096 | 33292288 tok | loss 5.4349 | lr 1.001e-04 | 1364.3 ms/update | 6005 tok/s
[train] 4065/4096 | 33300480 tok | loss 4.6434 | lr 1.001e-04 | 1359.6 ms/update | 6025 tok/s
[train] 4066/4096 | 33308672 tok | loss 5.1981 | lr 1.001e-04 | 1371.2 ms/update | 5974 tok/s
[train] 4067/4096 | 33316864 tok | loss 5.0315 | lr 1.001e-04 | 1370.1 ms/update | 5979 tok/s
[train] 4068/4096 | 33325056 tok | loss 5.0326 | lr 1.001e-04 | 1352.2 ms/update | 6058 tok/s
[train] 4069/4096 | 33333248 tok | loss 5.1540 | lr 1.001e-04 | 1357.2 ms/update | 6036 tok/s
[train] 4070/4096 | 33341440 tok | loss 4.6813 | lr 1.001e-04 | 1369.7 ms/update | 5981 tok/s
[train] 4071/4096 | 33349632 tok | loss 5.0843 | lr 1.001e-04 | 1354.6 ms/update | 6048 tok/s
[train] 4072/4096 | 33357824 tok | loss 5.0130 | lr 1.001e-04 | 1376.7 ms/update | 5950 tok/s
[train] 4073/4096 | 33366016 tok | loss 5.0499 | lr 1.001e-04 | 1372.7 ms/update | 5968 tok/s
[train] 4074/4096 | 33374208 tok | loss 5.2976 | lr 1.001e-04 | 1368.2 ms/update | 5988 tok/s
[train] 4075/4096 | 33382400 tok | loss 4.8373 | lr 1.001e-04 | 1356.0 ms/update | 6041 tok/s
[train] 4076/4096 | 33390592 tok | loss 4.5913 | lr 1.001e-04 | 1356.6 ms/update | 6039 tok/s
[train] 4077/4096 | 33398784 tok | loss 5.0029 | lr 1.000e-04 | 1371.4 ms/update | 5973 tok/s
[train] 4078/4096 | 33406976 tok | loss 4.7466 | lr 1.000e-04 | 1371.9 ms/update | 5971 tok/s
[train] 4079/4096 | 33415168 tok | loss 5.1330 | lr 1.000e-04 | 1379.4 ms/update | 5939 tok/s
[train] 4080/4096 | 33423360 tok | loss 5.0425 | lr 1.000e-04 | 1370.7 ms/update | 5976 tok/s
[train] 4081/4096 | 33431552 tok | loss 5.0567 | lr 1.000e-04 | 1368.1 ms/update | 5988 tok/s
[train] 4082/4096 | 33439744 tok | loss 4.9098 | lr 1.000e-04 | 1359.2 ms/update | 6027 tok/s
[train] 4083/4096 | 33447936 tok | loss 4.8526 | lr 1.000e-04 | 1364.4 ms/update | 6004 tok/s
[train] 4084/4096 | 33456128 tok | loss 5.0664 | lr 1.000e-04 | 1359.1 ms/update | 6027 tok/s
[train] 4085/4096 | 33464320 tok | loss 5.0669 | lr 1.000e-04 | 1355.5 ms/update | 6044 tok/s
[train] 4086/4096 | 33472512 tok | loss 4.9709 | lr 1.000e-04 | 1357.0 ms/update | 6037 tok/s
[train] 4087/4096 | 33480704 tok | loss 4.9206 | lr 1.000e-04 | 1371.1 ms/update | 5975 tok/s
[train] 4088/4096 | 33488896 tok | loss 4.9258 | lr 1.000e-04 | 1352.1 ms/update | 6059 tok/s
[train] 4089/4096 | 33497088 tok | loss 4.9168 | lr 1.000e-04 | 1352.6 ms/update | 6056 tok/s
[train] 4090/4096 | 33505280 tok | loss 5.0617 | lr 1.000e-04 | 1354.2 ms/update | 6049 tok/s
[train] 4091/4096 | 33513472 tok | loss 5.0756 | lr 1.000e-04 | 1359.9 ms/update | 6024 tok/s
[train] 4092/4096 | 33521664 tok | loss 4.4135 | lr 1.000e-04 | 1353.5 ms/update | 6053 tok/s
[train] 4093/4096 | 33529856 tok | loss 4.8910 | lr 1.000e-04 | 1359.4 ms/update | 6026 tok/s
[train] 4094/4096 | 33538048 tok | loss 4.9443 | lr 1.000e-04 | 1372.6 ms/update | 5968 tok/s
[train] 4095/4096 | 33546240 tok | loss 4.7776 | lr 1.000e-04 | 1355.4 ms/update | 6044 tok/s
[train] 4096/4096 | 33554432 tok | loss 4.6870 | lr 1.000e-04 | 1353.7 ms/update | 6051 tok/s
[eval] step 4096 | val NLL 4.7746 | ppl 118.46 | 65536 tokens
[ckpt] latest.pt @ step 4096
[pause] staged gate reached at update 4096; resume explicitly from checkpoints/latest.pt
[done] paused_staged | 4096/4096 updates | 33554432 tokens | 5704.2s
