seed,update,parameter_id,parameter_name,shape,k,quantizer,raw_residual_relative_l2,raw_residual_cosine,full_state_raw_relative_l2,full_state_raw_cosine,update_cosine,update_relative_l2,update_norm_ratio,exact_polar_cosine,exact_polar_relative_l2,residual_block_absmax_mean,residual_block_absmax_max,effective_condition_number,danger_zone_mode_count,active_mode_count,residual_relative_l2,residual_cosine,mae,median_ae,zero_fraction,small_005_mae,small_001_mae,middle_mae,large_mae,danger_diagonal_fraction_error,danger_cross_fraction_error,danger_associated_fraction_error,local_mixing_fraction_error,medium_mixing_fraction_error,distant_mixing_fraction_error,danger_diagonal_energy,danger_cross_energy,codebook_levels,calibrated_parameter
0,128,transformer.h.0.attn.c_attn.weight,transformer.h.0.attn.c_attn.weight,"(1152, 384)",4,lloyd_global,0.27628588676452637,0.9612694382667542,0.16570599377155304,0.9861983060836792,0.6353712677955627,0.8534464836120605,0.9987776279449463,0.6675930619239807,0.8153635859489441,0.0008541261195205152,0.002744528464972973,465.30328369140625,170,384,0.27628588676452637,0.9612694382667542,4.716296825790778e-05,1.57541326188948e-05,0.3233167827129364,1.9796321794274263e-05,3.974378159909975e-06,4.7735145926708356e-05,0.00014651291712652892,0.0011334759183228016,0.5744388103485107,0.5755723118782043,0.4641217589378357,0.43345242738723755,0.04144654795527458,2.6328580133849755e-06,0.001334316679276526,"-1,-0.4151953,-0.1762106,0,0.1762106,0.4151953,1",
0,128,transformer.h.0.attn.c_attn.weight,transformer.h.0.attn.c_attn.weight,"(1152, 384)",4,lloyd_per_tensor_oracle,0.2761240005493164,0.9613571763038635,0.16560976207256317,0.9862193465232849,0.6343693733215332,0.8546442985534668,0.9988383650779724,,,0.0008541261195205152,0.002744528464972973,465.30328369140625,170,384,0.2761240005493164,0.9613571763038635,4.7381854528794065e-05,1.5888399502728134e-05,0.3273451030254364,1.9796321794274263e-05,3.974378159909975e-06,4.8284640797646716e-05,0.00014234411355573684,0.0011550465133041143,0.577708899974823,0.5788639187812805,0.46486616134643555,0.4369589388370514,0.04173092916607857,2.6779775907925796e-06,0.0013394191628322005,"-1,-0.4208014,-0.1786702,0,0.1786702,0.4208014,1",
0,128,transformer.h.0.attn.c_attn.weight,transformer.h.0.attn.c_attn.weight,"(1152, 384)",8,lloyd_global,0.27237987518310547,0.9624043703079224,0.1356205940246582,0.9907740950584412,0.6857469081878662,0.7956235408782959,1.007087230682373,0.7184449434280396,0.7504093647003174,0.0006951104733161628,0.002396000549197197,465.30328369140625,170,384,0.27237987518310547,0.9624043703079224,3.9228943933267146e-05,1.4182311133481562e-05,0.3208279013633728,1.6050002159317955e-05,3.2371276574849617e-06,3.9102240407373756e-05,0.00012634879385586828,0.0012195724993944168,0.5803048610687256,0.5815244317054749,0.46113818883895874,0.4403765797615051,0.04169324040412903,1.8877080947277136e-06,0.0008982214494608343,"-1,-0.4198408,-0.1791116,0,0.1791116,0.4198408,1",
0,128,transformer.h.0.attn.c_attn.weight,transformer.h.0.attn.c_attn.weight,"(1152, 384)",8,lloyd_per_tensor_oracle,0.2721376121044159,0.9625072479248047,0.1354992538690567,0.9907914996147156,0.686089038848877,0.7951771020889282,1.007055640220642,,,0.0006951104733161628,0.002396000549197197,465.30328369140625,170,384,0.2721376121044159,0.9625072479248047,3.936120992875658e-05,1.4264336641645059e-05,0.32427978515625,1.6050002159317955e-05,3.2371276574849617e-06,3.9458322135033086e-05,0.00012359062384348363,0.0012342751724645495,0.5808653235435486,0.5820995569229126,0.46265581250190735,0.44221895933151245,0.04154236614704132,1.9068738765781745e-06,0.0008973986841738224,"-1,-0.4241275,-0.1811183,0,0.1811183,0.4241275,1",
0,128,transformer.h.0.attn.c_proj.weight,transformer.h.0.attn.c_proj.weight,"(384, 384)",4,lloyd_global,0.2725452184677124,0.962285041809082,0.15957097709178925,0.9872006773948669,0.6125566363334656,0.9021483659744263,1.0474083423614502,0.586104154586792,0.9098314046859741,0.006592662073671818,0.008644099347293377,82621.1015625,143,384,0.2725452184677124,0.962285041809082,0.0003767399175558239,0.00033927918411791325,0.2684394121170044,0.00016616020002402365,3.3590484235901386e-05,0.000363743252819404,0.0010595506755635142,0.0010642331326380372,0.576511025428772,0.5775752663612366,0.3564317524433136,0.45224156975746155,0.14308473467826843,3.496339559205808e-05,0.018940193578600883,"-1,-0.4151953,-0.1762106,0,0.1762106,0.4151953,1",
0,128,transformer.h.0.attn.c_proj.weight,transformer.h.0.attn.c_proj.weight,"(384, 384)",4,lloyd_per_tensor_oracle,0.27148962020874023,0.9628350734710693,0.1589563935995102,0.9873248934745789,0.6123166084289551,0.9023956060409546,1.0473438501358032,,,0.006592662073671818,0.008644099347293377,82621.1015625,143,384,0.27148962020874023,0.9628350734710693,0.00038392277201637626,0.0003561689518392086,0.2946506142616272,0.00016616020002402365,3.3590484235901386e-05,0.00038253681850619614,0.0009398869005963206,0.0010379665764048696,0.5859720706939697,0.5870100259780884,0.36287739872932434,0.4587540328502655,0.14583633840084076,3.383684088476002e-05,0.019102199003100395,"-1,-0.4375604,-0.1942376,0,0.1942376,0.4375604,1",
0,128,transformer.h.0.attn.c_proj.weight,transformer.h.0.attn.c_proj.weight,"(384, 384)",8,lloyd_global,0.2707761526107788,0.9628124833106995,0.13147661089897156,0.9913279414176941,0.6624236702919006,0.8421964049339294,1.0472594499588013,0.629518985748291,0.860792338848114,0.005404511000961065,0.0075425333343446255,82621.1015625,143,384,0.2707761526107788,0.9628124833106995,0.0003115040890406817,0.00028256955556571484,0.2675102949142456,0.00013620311801787466,2.713220783334691e-05,0.0003006037441082299,0.0008543824078515172,0.0010107780108228326,0.5767117738723755,0.5777226090431213,0.3541129231452942,0.45292091369628906,0.14682357013225555,2.2540505597135052e-05,0.01286076195538044,"-1,-0.4198408,-0.1791116,0,0.1791116,0.4198408,1",
0,128,transformer.h.0.attn.c_proj.weight,transformer.h.0.attn.c_proj.weight,"(384, 384)",8,lloyd_per_tensor_oracle,0.26981812715530396,0.9632785320281982,0.13101035356521606,0.9913994669914246,0.6613240838050842,0.8436844348907471,1.0475244522094727,,,0.005404511000961065,0.0075425333343446255,82621.1015625,143,384,0.26981812715530396,0.9632785320281982,0.0003167565446346998,0.0002958283293992281,0.2905544638633728,0.00013620311801787466,2.713220783334691e-05,0.00031463615596294403,0.0007652785279788077,0.0010159964440390468,0.5858126282691956,0.5868286490440369,0.36214780807495117,0.45788097381591797,0.14731764793395996,2.2496837118524127e-05,0.012971434742212296,"-1,-0.4398966,-0.1959182,0,0.1959182,0.4398966,1",
0,128,transformer.h.0.mlp.w1.weight,transformer.h.0.mlp.w1.weight,"(1024, 384)",4,lloyd_global,0.3004165291786194,0.9546675086021423,0.20903432369232178,0.9780974388122559,0.8937198519706726,0.46448105573654175,1.0140150785446167,0.8905553221702576,0.46787047386169434,0.001476771547459066,0.003311352338641882,65.37999725341797,0,384,0.3004165291786194,0.9546675086021423,7.741737499600276e-05,6.852345541119576e-05,0.3462778627872467,3.888784704031423e-05,7.87284443504177e-06,8.033966878429055e-05,0.0002215423883171752,0.0,0.0,0.0,0.744034469127655,0.18730780482292175,0.002504593227058649,0.0,0.0,"-1,-0.4151953,-0.1762106,0,0.1762106,0.4151953,1",
0,128,transformer.h.0.mlp.w1.weight,transformer.h.0.mlp.w1.weight,"(1024, 384)",4,lloyd_per_tensor_oracle,0.2988646924495697,0.9549323320388794,0.20795367658138275,0.978286623954773,0.894672691822052,0.46233484148979187,1.0137532949447632,,,0.001476771547459066,0.003311352338641882,65.37999725341797,0,384,0.2988646924495697,0.9549323320388794,7.637622184120119e-05,6.690638838335872e-05,0.33366140723228455,3.888784704031423e-05,7.87284443504177e-06,7.846693915780634e-05,0.0002311871648998931,0.0,0.0,0.0,0.7357466816902161,0.18493588268756866,0.0024565840139985085,0.0,0.0,"-1,-0.4062358,-0.1690534,0,0.1690534,0.4062358,1",
0,128,transformer.h.0.mlp.w1.weight,transformer.h.0.mlp.w1.weight,"(1024, 384)",8,lloyd_global,0.2944577634334564,0.9563589692115784,0.18532297015190125,0.9827848672866821,0.9125927090644836,0.42027541995048523,1.0097824335098267,0.9095324873924255,0.4253804087638855,0.0012943907640874386,0.0028932325076311827,65.37999725341797,0,384,0.2944577634334564,0.9563589692115784,6.925993511686102e-05,6.221991498023272e-05,0.33612060546875,3.350625411258079e-05,6.795458830310963e-06,7.146343705244362e-05,0.00019298722327221185,0.0,0.0,0.0,0.7535570859909058,0.17396005988121033,0.0023936775978654623,0.0,0.0,"-1,-0.4198408,-0.1791116,0,0.1791116,0.4198408,1",
0,128,transformer.h.0.mlp.w1.weight,transformer.h.0.mlp.w1.weight,"(1024, 384)",8,lloyd_per_tensor_oracle,0.29352396726608276,0.9565234184265137,0.1847340315580368,0.9828788042068481,0.9131325483322144,0.418980211019516,1.009805679321289,,,0.0012943907640874386,0.0028932325076311827,65.37999725341797,0,384,0.29352396726608276,0.9565234184265137,6.854683306301013e-05,6.109551759436727e-05,0.3271280825138092,3.350625411258079e-05,6.795458830310963e-06,7.008417742326856e-05,0.00020111125195398927,0.0,0.0,0.0,0.7457200288772583,0.17353112995624542,0.0022570863366127014,0.0,0.0,"-1,-0.4114659,-0.1738699,0,0.1738699,0.4114659,1",
0,128,transformer.h.0.mlp.w2.weight,transformer.h.0.mlp.w2.weight,"(1024, 384)",4,lloyd_global,0.29770296812057495,0.9554643630981445,0.21125611662864685,0.9776247143745422,0.892742395401001,0.46604496240615845,1.0117968320846558,0.8889710307121277,0.4712393879890442,0.0014317674795165658,0.002989496337249875,63.810787200927734,0,384,0.29770296812057495,0.9554643630981445,7.546053529949859e-05,6.706788553856313e-05,0.34261322021484375,3.7575704482151195e-05,7.565677606180543e-06,7.794034900143743e-05,0.00021904795721638948,0.0,0.0,0.0,0.7468067407608032,0.18563225865364075,0.0016361187444999814,0.0,0.0,"-1,-0.4151953,-0.1762106,0,0.1762106,0.4151953,1",
0,128,transformer.h.0.mlp.w2.weight,transformer.h.0.mlp.w2.weight,"(1024, 384)",4,lloyd_per_tensor_oracle,0.29660695791244507,0.9556483626365662,0.21047787368297577,0.9777528047561646,0.8934128880500793,0.4644944965839386,1.0114558935165405,,,0.0014317674795165658,0.002989496337249875,63.810787200927734,0,384,0.29660695791244507,0.9556483626365662,7.458883192157373e-05,6.559229223057628e-05,0.33190155029296875,3.7575704482151195e-05,7.565677606180543e-06,7.63050265959464e-05,0.00022834316769149154,0.0,0.0,0.0,0.738077700138092,0.18521252274513245,0.0015162293566390872,0.0,0.0,"-1,-0.4064775,-0.1701706,0,0.1701706,0.4064775,1",
0,128,transformer.h.0.mlp.w2.weight,transformer.h.0.mlp.w2.weight,"(1024, 384)",8,lloyd_global,0.2936709225177765,0.9566642045974731,0.18679383397102356,0.98250812292099,0.9119696617126465,0.4216025173664093,1.0090546607971191,0.908668041229248,0.4274049699306488,0.0012550681130960584,0.0024946858175098896,63.810787200927734,0,384,0.2936709225177765,0.9566642045974731,6.73733011353761e-05,6.041140295565128e-05,0.33233895897865295,3.2710402592783794e-05,6.64615663481527e-06,6.940033927094191e-05,0.00018642510985955596,0.0,0.0,0.0,0.7466282248497009,0.18547338247299194,0.0020036804489791393,0.0,0.0,"-1,-0.4198408,-0.1791116,0,0.1791116,0.4198408,1",
0,128,transformer.h.0.mlp.w2.weight,transformer.h.0.mlp.w2.weight,"(1024, 384)",8,lloyd_per_tensor_oracle,0.2926296591758728,0.9568307399749756,0.18612870573997498,0.9826136231422424,0.9126991033554077,0.4197554290294647,1.008635401725769,,,0.0012550681130960584,0.0024946858175098896,63.810787200927734,0,384,0.2926296591758728,0.9568307399749756,6.662239320576191e-05,5.923598655499518e-05,0.3229726254940033,3.2710402592783794e-05,6.64615663481527e-06,6.793377542635426e-05,0.00019519081979524344,0.0,0.0,0.0,0.7375637888908386,0.18531861901283264,0.0019362096209079027,0.0,0.0,"-1,-0.4105253,-0.1736767,0,0.1736767,0.4105253,1",
0,128,transformer.h.0.mlp.c_proj.weight,transformer.h.0.mlp.c_proj.weight,"(384, 1024)",4,lloyd_global,0.3528948426246643,0.939440906047821,0.2722141444683075,0.9635788202285767,0.7917520403862,0.6518309116363525,1.0192244052886963,0.7820724248886108,0.6602023243904114,0.007385001052170992,0.015406075865030289,68.17446899414062,0,384,0.3528948426246643,0.939440906047821,0.0003531126712914556,0.0003301073447801173,0.466461181640625,0.00018827911117114127,3.833734808722511e-05,0.00040478474693372846,0.001058739610016346,0.0,0.0,0.0,0.688382625579834,0.27592504024505615,0.004018109757453203,0.0,0.0,"-1,-0.4151953,-0.1762106,0,0.1762106,0.4151953,1",
0,128,transformer.h.0.mlp.c_proj.weight,transformer.h.0.mlp.c_proj.weight,"(384, 1024)",4,lloyd_per_tensor_oracle,0.32159948348999023,0.9475865364074707,0.24807099997997284,0.9689851999282837,0.8173248171806335,0.6083477735519409,1.0125080347061157,,,0.007385001052170992,0.015406075865030289,68.17446899414062,0,384,0.32159948348999023,0.9475865364074707,0.000301867927191779,0.0002670201938599348,0.36198678612709045,0.00018827911117114127,3.833734808722511e-05,0.0003239783982280642,0.0014634900726377964,0.0,0.0,0.0,0.6237175464630127,0.27371740341186523,0.004996686242520809,0.0,0.0,"-1,-0.3317253,-0.1315991,0,0.1315991,0.3317253,1",
0,128,transformer.h.0.mlp.c_proj.weight,transformer.h.0.mlp.c_proj.weight,"(384, 1024)",8,lloyd_global,0.3458581864833832,0.9416900873184204,0.2334444522857666,0.9730653762817383,0.8292537331581116,0.5881088376045227,1.012345552444458,0.8203846216201782,0.5993683338165283,0.006225913763046265,0.014695403166115284,68.17446899414062,0,384,0.3458581864833832,0.9416900873184204,0.0003034667170140892,0.0002847984142135829,0.4472554624080658,0.0001593508495716378,3.2488478609593585e-05,0.00034446033532731235,0.0008677882142364979,0.0,0.0,0.0,0.6946847438812256,0.2694332003593445,0.003981275949627161,0.0,0.0,"-1,-0.4198408,-0.1791116,0,0.1791116,0.4198408,1",
0,128,transformer.h.0.mlp.c_proj.weight,transformer.h.0.mlp.c_proj.weight,"(384, 1024)",8,lloyd_per_tensor_oracle,0.316728800535202,0.9491261839866638,0.21378342807292938,0.977008581161499,0.8494109511375427,0.5500781536102295,1.0045616626739502,,,0.006225913763046265,0.014695403166115284,68.17446899414062,0,384,0.316728800535202,0.9491261839866638,0.00026185810565948486,0.00023262924514710903,0.3514505922794342,0.0001593508495716378,3.2488478609593585e-05,0.00027933341334573925,0.0012228843988850713,0.0,0.0,0.0,0.6305263638496399,0.2635325789451599,0.003676540683954954,0.0,0.0,"-1,-0.3364689,-0.1361081,0,0.1361081,0.3364689,1",
0,128,transformer.h.1.attn.c_attn.weight,transformer.h.1.attn.c_attn.weight,"(1152, 384)",4,lloyd_global,0.27421632409095764,0.9619259238243103,0.16940416395664215,0.9855790734291077,0.571465253829956,0.945820689201355,1.0417252779006958,0.5834524631500244,0.9127427339553833,0.0006877024425193667,0.0026723206974565983,743.9575805664062,195,384,0.27421632409095764,0.9619259238243103,3.8589823816437274e-05,1.1714373613358475e-05,0.30951154232025146,1.5809013348189183e-05,3.137750809401041e-06,3.842893420369364e-05,0.00012133338896092027,0.0013170393649488688,0.6594633460044861,0.6607803702354431,0.41009780764579773,0.46420758962631226,0.07236123085021973,2.238557726741419e-06,0.0011208828072994947,"-1,-0.4151953,-0.1762106,0,0.1762106,0.4151953,1",
0,128,transformer.h.1.attn.c_attn.weight,transformer.h.1.attn.c_attn.weight,"(1152, 384)",4,lloyd_per_tensor_oracle,0.27387943863868713,0.9620912671089172,0.1691935956478119,0.985626757144928,0.5721521377563477,0.9446144104003906,1.040819525718689,,,0.0006877024425193667,0.0026723206974565983,743.9575805664062,195,384,0.27387943863868713,0.9620912671089172,3.8867296098032966e-05,1.1888147128047422e-05,0.3172810971736908,1.5809013348189183e-05,3.137750809401041e-06,3.914603803423233e-05,0.00011597014963626862,0.0013270569033920765,0.6635387539863586,0.6648657917976379,0.41312968730926514,0.46600592136383057,0.07355363667011261,2.2452954908658285e-06,0.0011226651258766651,"-1,-0.4240819,-0.180877,0,0.180877,0.4240819,1",
0,128,transformer.h.1.attn.c_attn.weight,transformer.h.1.attn.c_attn.weight,"(1152, 384)",8,lloyd_global,0.27359360456466675,0.9620852470397949,0.13877908885478973,0.9903391003608704,0.6194395422935486,0.8939538598060608,1.0470561981201172,0.6338238716125488,0.85577791929245,0.0005765379755757749,0.0019960093777626753,743.9575805664062,195,384,0.27359360456466675,0.9620852470397949,3.2401752832811326e-05,1.0761206794995815e-05,0.31526240706443787,1.3168441910238471e-05,2.6168638669332722e-06,3.254548937547952e-05,9.868521738098934e-05,0.0012535633286461234,0.6598715782165527,0.6611251831054688,0.4118053615093231,0.4624755382537842,0.07166639715433121,1.4177950333760236e-06,0.0007463226211257279,"-1,-0.4198408,-0.1791116,0,0.1791116,0.4198408,1",
0,128,transformer.h.1.attn.c_attn.weight,transformer.h.1.attn.c_attn.weight,"(1152, 384)",8,lloyd_per_tensor_oracle,0.2735356092453003,0.9621483087539673,0.13875052332878113,0.99034583568573,0.6204067468643188,0.8928547501564026,1.047128438949585,,,0.0005765379755757749,0.0019960093777626753,743.9575805664062,195,384,0.2735356092453003,0.9621483087539673,3.2527907023904845e-05,1.0828367521753535e-05,0.31836840510368347,1.3168441910238471e-05,2.6168638669332722e-06,3.286904757260345e-05,9.627977851778269e-05,0.0013124174438416958,0.6610302925109863,0.6623427271842957,0.41364479064941406,0.4635762870311737,0.07192974537611008,1.4813813322689384e-06,0.0007461329805664718,"-1,-0.424567,-0.1810003,0,0.1810003,0.424567,1",
0,128,transformer.h.1.attn.c_proj.weight,transformer.h.1.attn.c_proj.weight,"(384, 384)",4,lloyd_global,0.2739209532737732,0.9619118571281433,0.1639009714126587,0.9865041971206665,0.5634549856185913,0.9720061421394348,1.0755832195281982,0.5196951031684875,0.980107843875885,0.005761271808296442,0.007368425372987986,448630.375,156,384,0.2739209532737732,0.9619118571281433,0.000323701708111912,0.00029467104468494654,0.2740749716758728,0.0001451788266422227,2.8962045689695515e-05,0.00031715480145066977,0.0009126823861151934,0.001269734464585781,0.614986777305603,0.6162565350532532,0.32438990473747253,0.45121145248413086,0.17802906036376953,3.0445751690422185e-05,0.014746182598173618,"-1,-0.4151953,-0.1762106,0,0.1762106,0.4151953,1",
0,128,transformer.h.1.attn.c_proj.weight,transformer.h.1.attn.c_proj.weight,"(384, 384)",4,lloyd_per_tensor_oracle,0.2735268473625183,0.9622093439102173,0.16367021203041077,0.9865707159042358,0.562160849571228,0.9738069772720337,1.0762841701507568,,,0.005761271808296442,0.007368425372987986,448630.375,156,384,0.2735268473625183,0.9622093439102173,0.00032825395464897156,0.0003052427200600505,0.2943047285079956,0.0001451788266422227,2.8962045689695515e-05,0.0003276588104199618,0.0008467999286949635,0.0012987041845917702,0.6207517981529236,0.6220505237579346,0.33020010590553284,0.4559721052646637,0.1785706877708435,3.1050818506628275e-05,0.014841603115200996,"-1,-0.4292248,-0.18968,0,0.18968,0.4292248,1",
0,128,transformer.h.1.attn.c_proj.weight,transformer.h.1.attn.c_proj.weight,"(384, 384)",8,lloyd_global,0.27166321873664856,0.9626022577285767,0.13190360367298126,0.9912799000740051,0.6111493110656738,0.9203973412513733,1.0808663368225098,0.5661661028862,0.9308813214302063,0.004546512849628925,0.006429832894355059,448630.375,156,384,0.27166321873664856,0.9626022577285767,0.0002602497406769544,0.00023701408645138144,0.2688666582107544,0.00011419895599829033,2.2696611267747357e-05,0.0002529187477193773,0.0007190857431851327,0.0010802471078932285,0.6158626079559326,0.616942822933197,0.32954123616218567,0.45036444067955017,0.17794141173362732,1.6771195078035817e-05,0.00956147164106369,"-1,-0.4198408,-0.1791116,0,0.1791116,0.4198408,1",
0,128,transformer.h.1.attn.c_proj.weight,transformer.h.1.attn.c_proj.weight,"(384, 384)",8,lloyd_per_tensor_oracle,0.27114129066467285,0.962912380695343,0.13164864480495453,0.9913243055343628,0.6111022233963013,0.9205867648124695,1.0811270475387573,,,0.004546512849628925,0.006429832894355059,448630.375,156,384,0.27114129066467285,0.962912380695343,0.0002636489225551486,0.0002451527980156243,0.2889268696308136,0.00011419895599829033,2.2696611267747357e-05,0.0002610867959447205,0.0006693452596664429,0.001120047876611352,0.6227567791938782,0.6238768100738525,0.33280259370803833,0.45401710271835327,0.18017227947711945,1.732235796225723e-05,0.009631387889385223,"-1,-0.4331672,-0.192511,0,0.192511,0.4331672,1",
0,128,transformer.h.1.mlp.w1.weight,transformer.h.1.mlp.w1.weight,"(1024, 384)",4,lloyd_global,0.3167652487754822,0.9497296214103699,0.2155858725309372,0.9767383337020874,0.8457918167114258,0.5574026703834534,1.0071947574615479,0.8384843468666077,0.5683690309524536,0.0011736600426957011,0.003466671332716942,87.81570434570312,0,384,0.3167652487754822,0.9497296214103699,5.9864232753170654e-05,5.1520371926017106e-05,0.388427734375,3.1826177291804925e-05,6.510416369565064e-06,6.33724921499379e-05,0.00017278268933296204,0.0,0.0,0.0,0.6695438027381897,0.2637629508972168,0.005463071167469025,0.0,0.0,"-1,-0.4151953,-0.1762106,0,0.1762106,0.4151953,1",
0,128,transformer.h.1.mlp.w1.weight,transformer.h.1.mlp.w1.weight,"(1024, 384)",4,lloyd_per_tensor_oracle,0.31223705410957336,0.9507872462272644,0.2125072479248047,0.9773219227790833,0.8492908477783203,0.5509204268455505,1.0067626237869263,,,0.0011736600426957011,0.003466671332716942,87.81570434570312,0,384,0.31223705410957336,0.9507872462272644,5.81334279559087e-05,4.913538577966392e-05,0.3602854311466217,3.1826177291804925e-05,6.510416369565064e-06,6.045421105227433e-05,0.00018437443941365927,0.0,0.0,0.0,0.6555842161178589,0.2612230181694031,0.00558013329282403,0.0,0.0,"-1,-0.4013132,-0.1614997,0,0.1614997,0.4013132,1",
0,128,transformer.h.1.mlp.w1.weight,transformer.h.1.mlp.w1.weight,"(1024, 384)",8,lloyd_global,0.3114195466041565,0.9514626860618591,0.18664462864398956,0.9825780987739563,0.873571515083313,0.5040006637573242,1.004464030265808,0.867512583732605,0.5147680044174194,0.001012807828374207,0.0024255989119410515,87.81570434570312,0,384,0.3114195466041565,0.9514626860618591,5.2740677347173914e-05,4.630739567801356e-05,0.3760528564453125,2.7108606445835903e-05,5.516556939255679e-06,5.576548210228793e-05,0.0001448229158995673,0.0,0.0,0.0,0.6796260476112366,0.2576427459716797,0.004897292237728834,0.0,0.0,"-1,-0.4198408,-0.1791116,0,0.1791116,0.4198408,1",
0,128,transformer.h.1.mlp.w1.weight,transformer.h.1.mlp.w1.weight,"(1024, 384)",8,lloyd_per_tensor_oracle,0.30680638551712036,0.9525378346443176,0.18388305604457855,0.9830421805381775,0.8766965270042419,0.4974813163280487,1.003486156463623,,,0.001012807828374207,0.0024255989119410515,87.81570434570312,0,384,0.30680638551712036,0.9525378346443176,5.109726043883711e-05,4.398810415295884e-05,0.34763336181640625,2.7108606445835903e-05,5.516556939255679e-06,5.2915725973434746e-05,0.00015779814566485584,0.0,0.0,0.0,0.6624358296394348,0.25586506724357605,0.005374977830797434,0.0,0.0,"-1,-0.4019707,-0.1637248,0,0.1637248,0.4019707,1",
0,128,transformer.h.1.mlp.w2.weight,transformer.h.1.mlp.w2.weight,"(1024, 384)",4,lloyd_global,0.3201087713241577,0.9487841725349426,0.2240246832370758,0.9749187231063843,0.8383924961090088,0.5707579255104065,1.007670521736145,0.830740213394165,0.5818331241607666,0.0011721961200237274,0.003539902623742819,85.42642974853516,0,384,0.3201087713241577,0.9487841725349426,5.950998092885129e-05,5.087190947961062e-05,0.39434561133384705,3.197648038621992e-05,6.676668817817699e-06,6.3123537984211e-05,0.00017355383897665888,0.0,0.0,0.0,0.6604725122451782,0.27776390314102173,0.005273434799164534,0.0,0.0,"-1,-0.4151953,-0.1762106,0,0.1762106,0.4151953,1",
0,128,transformer.h.1.mlp.w2.weight,transformer.h.1.mlp.w2.weight,"(1024, 384)",4,lloyd_per_tensor_oracle,0.31472599506378174,0.9500885605812073,0.2202579528093338,0.9756643176078796,0.8425219655036926,0.5633374452590942,1.0073986053466797,,,0.0011721961200237274,0.003539902623742819,85.42642974853516,0,384,0.31472599506378174,0.9500885605812073,5.752835932071321e-05,4.818528759642504e-05,0.36247506737709045,3.197648038621992e-05,6.676668817817699e-06,5.980769492452964e-05,0.00018643058137968183,0.0,0.0,0.0,0.647133469581604,0.2755603790283203,0.005097453482449055,0.0,0.0,"-1,-0.3994027,-0.1598368,0,0.1598368,0.3994027,1",
0,128,transformer.h.1.mlp.w2.weight,transformer.h.1.mlp.w2.weight,"(1024, 384)",8,lloyd_global,0.3114941120147705,0.9514728784561157,0.19068458676338196,0.9818305373191833,0.8704922795295715,0.509873628616333,1.003602147102356,0.8644026517868042,0.5207759737968445,0.000996388727799058,0.002715801354497671,85.42642974853516,0,384,0.3114941120147705,0.9514728784561157,5.166961273062043e-05,4.5303080696612597e-05,0.376739501953125,2.660049358382821e-05,5.408889137470396e-06,5.4653592087561265e-05,0.00014542283315677196,0.0,0.0,0.0,0.675550103187561,0.2633993625640869,0.004366185981780291,0.0,0.0,"-1,-0.4198408,-0.1791116,0,0.1791116,0.4198408,1",
0,128,transformer.h.1.mlp.w2.weight,transformer.h.1.mlp.w2.weight,"(1024, 384)",8,lloyd_per_tensor_oracle,0.306669145822525,0.9525320529937744,0.1877315640449524,0.9823299646377563,0.8736152052879333,0.5031667947769165,1.0015528202056885,,,0.000996388727799058,0.002715801354497671,85.42642974853516,0,384,0.306669145822525,0.9525320529937744,4.9927111831493676e-05,4.2813364416360855e-05,0.3470052182674408,2.660049358382821e-05,5.408889137470396e-06,5.1627350330818444e-05,0.00015996594447642565,0.0,0.0,0.0,0.658287763595581,0.2603510022163391,0.004870961885899305,0.0,0.0,"-1,-0.3995498,-0.1630043,0,0.1630043,0.3995498,1",
0,128,transformer.h.1.mlp.c_proj.weight,transformer.h.1.mlp.c_proj.weight,"(384, 1024)",4,lloyd_global,0.4083084762096405,0.9201197624206543,0.3115147054195404,0.9527832865715027,0.70802241563797,0.7675852179527283,1.008809208869934,0.7008600831031799,0.7734889984130859,0.006902778055518866,0.013941212557256222,78.48717498779297,0,384,0.4083084762096405,0.9201197624206543,0.0003135811712127179,0.000292941287625581,0.5735015869140625,0.00017563083383720368,3.664508767542429e-05,0.0003836014657281339,0.0009480357985012233,0.0,0.0,0.0,0.6503163576126099,0.30769407749176025,0.008041681721806526,0.0,0.0,"-1,-0.4151953,-0.1762106,0,0.1762106,0.4151953,1",
0,128,transformer.h.1.mlp.c_proj.weight,transformer.h.1.mlp.c_proj.weight,"(384, 1024)",4,lloyd_per_tensor_oracle,0.3440706729888916,0.9397496581077576,0.2625105679035187,0.9652104377746582,0.7654148936271667,0.6829882860183716,0.994157075881958,,,0.006902778055518866,0.013941212557256222,78.48717498779297,0,384,0.3440706729888916,0.9397496581077576,0.00024210818810388446,0.0002097826509270817,0.3980712890625,0.00017563083383720368,3.664508767542429e-05,0.0002635764249134809,0.0014267219230532646,0.0,0.0,0.0,0.5686962604522705,0.3096788823604584,0.009502576664090157,0.0,0.0,"-1,-0.3019912,-0.1117843,0,0.1117843,0.3019912,1",
0,128,transformer.h.1.mlp.c_proj.weight,transformer.h.1.mlp.c_proj.weight,"(384, 1024)",8,lloyd_global,0.36053982377052307,0.9369535446166992,0.23577484488487244,0.9726029634475708,0.7872978448867798,0.6494308114051819,0.9912256598472595,0.7825438380241394,0.6594839692115784,0.004952279385179281,0.009948911145329475,78.48717498779297,0,384,0.36053982377052307,0.9369535446166992,0.0002382367238169536,0.00022553068993147463,0.493682861328125,0.00012533291010186076,2.5568364435457624e-05,0.00027695740573108196,0.0007191434851847589,0.0,0.0,0.0,0.654272198677063,0.30750736594200134,0.007885957136750221,0.0,0.0,"-1,-0.4198408,-0.1791116,0,0.1791116,0.4198408,1",
0,128,transformer.h.1.mlp.c_proj.weight,transformer.h.1.mlp.c_proj.weight,"(384, 1024)",8,lloyd_per_tensor_oracle,0.325176477432251,0.9463081955909729,0.2126549482345581,0.9772443771362305,0.8159520626068115,0.6023950576782227,0.9852030277252197,,,0.004952279385179281,0.009948911145329475,78.48717498779297,0,384,0.325176477432251,0.9463081955909729,0.00019904358487110585,0.00017593600205145776,0.36973318457603455,0.00012533291010186076,2.5568364435457624e-05,0.00021449181076604873,0.0010200979886576533,0.0,0.0,0.0,0.5860874056816101,0.30325230956077576,0.00900233443826437,0.0,0.0,"-1,-0.3293176,-0.1278983,0,0.1278983,0.3293176,1",
0,128,transformer.h.2.attn.c_attn.weight,transformer.h.2.attn.c_attn.weight,"(1152, 384)",4,lloyd_global,0.2725534737110138,0.9623220562934875,0.16414985060691833,0.9864633679389954,0.5552912354469299,0.9764537811279297,1.0669604539871216,0.5533773899078369,0.9451171159744263,0.0005284703802317381,0.0017224675975739956,1171.80810546875,209,384,0.2725534737110138,0.9623220562934875,2.976740688609425e-05,7.400927643175237e-06,0.30968785285949707,1.200990936922608e-05,2.3846953354222933e-06,2.9482298486982472e-05,9.673053864389658e-05,0.0015176339074969292,0.7107093334197998,0.7122269868850708,0.39206916093826294,0.4601571559906006,0.09228374063968658,1.6968776890280424e-06,0.0007946493569761515,"-1,-0.4151953,-0.1762106,0,0.1762106,0.4151953,1",
0,128,transformer.h.2.attn.c_attn.weight,transformer.h.2.attn.c_attn.weight,"(1152, 384)",4,lloyd_per_tensor_oracle,0.27197855710983276,0.9625387787818909,0.16380754113197327,0.9865314960479736,0.5553125143051147,0.9766238331794739,1.0673320293426514,,,0.0005284703802317381,0.0017224675975739956,1171.80810546875,209,384,0.27197855710983276,0.9625387787818909,2.9980101317050867e-05,7.508897397201508e-06,0.3174302875995636,1.200990936922608e-05,2.3846953354222933e-06,3.0055303795961663e-05,9.229473653249443e-05,0.0013401710893958807,0.7168927192687988,0.7182328701019287,0.39414265751838684,0.463282972574234,0.09328090399503708,1.4918771285010735e-06,0.0007980442605912685,"-1,-0.4243701,-0.1811544,0,0.1811544,0.4243701,1",
0,128,transformer.h.2.attn.c_attn.weight,transformer.h.2.attn.c_attn.weight,"(1152, 384)",8,lloyd_global,0.2713349759578705,0.9626653790473938,0.13325592875480652,0.9910947680473328,0.6047763228416443,0.922974705696106,1.0712873935699463,0.6038410663604736,0.8901230692863464,0.00043660536175593734,0.001565727056004107,1171.80810546875,209,384,0.2713349759578705,0.9626653790473938,2.4661285351612605e-05,6.820389899075963e-06,0.31692391633987427,9.775961189006921e-06,1.9625656477728626e-06,2.456737456668634e-05,8.048205199884251e-05,0.0013676134403795004,0.7115952372550964,0.7129628658294678,0.39063623547554016,0.4623531401157379,0.09027855843305588,1.0025619303632993e-06,0.0005216519930399954,"-1,-0.4198408,-0.1791116,0,0.1791116,0.4198408,1",
0,128,transformer.h.2.attn.c_attn.weight,transformer.h.2.attn.c_attn.weight,"(1152, 384)",8,lloyd_per_tensor_oracle,0.27115094661712646,0.9627360105514526,0.1331665962934494,0.9911088347434998,0.6030698418617249,0.9254565238952637,1.0722808837890625,,,0.00043660536175593734,0.001565727056004107,1171.80810546875,209,384,0.27115094661712646,0.9627360105514526,2.473644053679891e-05,6.865815521450713e-06,0.31942862272262573,9.775961189006921e-06,1.9625656477728626e-06,2.4778375518508255e-05,7.874637958593667e-05,0.0014516387600451708,0.7133992910385132,0.714850902557373,0.3924444615840912,0.46390968561172485,0.0900462195277214,1.0621333785820752e-06,0.00052197917830199,"-1,-0.4239963,-0.1806074,0,0.1806074,0.4239963,1",
0,128,transformer.h.2.attn.c_proj.weight,transformer.h.2.attn.c_proj.weight,"(384, 384)",4,lloyd_global,0.2744653522968292,0.9618188142776489,0.1616155356168747,0.9868934750556946,0.5406962037086487,1.0070816278457642,1.0943800210952759,0.49395179748535156,1.0060300827026367,0.0046658581122756,0.00647755665704608,315108.28125,159,384,0.2744653522968292,0.9618188142776489,0.00026294251438230276,0.00023909262381494045,0.2765434980392456,0.00011751584679586813,2.321291685802862e-05,0.00025747952167876065,0.0007460229680873454,0.0012974650599062443,0.6287822723388672,0.6300797462463379,0.31618908047676086,0.44885995984077454,0.1915629804134369,2.056463563349098e-05,0.009966108947992325,"-1,-0.4151953,-0.1762106,0,0.1762106,0.4151953,1",
0,128,transformer.h.2.attn.c_proj.weight,transformer.h.2.attn.c_proj.weight,"(384, 384)",4,lloyd_per_tensor_oracle,0.2741551399230957,0.9620665311813354,0.16143302619457245,0.9869445562362671,0.5420966744422913,1.005765438079834,1.0947554111480713,,,0.0046658581122756,0.00647755665704608,315108.28125,159,384,0.2741551399230957,0.9620665311813354,0.000266380375251174,0.00024683010997250676,0.2955051064491272,0.00011751584679586813,2.321291685802862e-05,0.0002654479176271707,0.000696570728905499,0.0011451119789853692,0.6343415379524231,0.6354866027832031,0.31711655855178833,0.4554084837436676,0.19346509873867035,1.810886533348821e-05,0.010031512938439846,"-1,-0.4283089,-0.1892138,0,0.1892138,0.4283089,1",
0,128,transformer.h.2.attn.c_proj.weight,transformer.h.2.attn.c_proj.weight,"(384, 384)",8,lloyd_global,0.2716224789619446,0.9625828862190247,0.130488321185112,0.9914727807044983,0.5876253843307495,0.9572938680648804,1.099206805229187,0.5377054810523987,0.9615556001663208,0.0037093786522746086,0.004546918906271458,315108.28125,159,384,0.2716224789619446,0.9625828862190247,0.00021245145762804896,0.0001936778426170349,0.2708265483379364,9.292607865063474e-05,1.8438011466059834e-05,0.00020664064504671842,0.0005892068147659302,0.0012029096251353621,0.6305720806121826,0.6317749619483948,0.31510525941848755,0.44725024700164795,0.19382256269454956,1.2423543012118898e-05,0.0065124924294650555,"-1,-0.4198408,-0.1791116,0,0.1791116,0.4198408,1",
0,128,transformer.h.2.attn.c_proj.weight,transformer.h.2.attn.c_proj.weight,"(384, 384)",8,lloyd_per_tensor_oracle,0.2709825932979584,0.9629244208335876,0.13018165528774261,0.9915245175361633,0.5897746682167053,0.9541539549827576,1.0979527235031128,,,0.0037093786522746086,0.004546918906271458,315108.28125,159,384,0.2709825932979584,0.9629244208335876,0.000215503154322505,0.0002007599687203765,0.2923583984375,9.292607865063474e-05,1.8438011466059834e-05,0.00021431237109936774,0.0005400562658905983,0.0014382089721038938,0.6337758898735046,0.63521409034729,0.3191366493701935,0.45144200325012207,0.1950555145740509,1.4783757251279894e-05,0.006514761596918106,"-1,-0.4359766,-0.1935805,0,0.1935805,0.4359766,1",
0,128,transformer.h.2.mlp.w1.weight,transformer.h.2.mlp.w1.weight,"(1024, 384)",4,lloyd_global,0.3179473280906677,0.9493399858474731,0.210279181599617,0.9778796434402466,0.7881684303283691,0.6437103748321533,0.9767532348632812,0.7914080023765564,0.6459063291549683,0.0009502337197773159,0.0026779649779200554,134.67860412597656,28,384,0.3179473280906677,0.9493399858474731,4.806927245226689e-05,4.129945591557771e-05,0.39960479736328125,2.580164982646238e-05,5.33952470505028e-06,5.120583955431357e-05,0.00013922016660217196,0.00024810651666484773,0.11607924848794937,0.11632735282182693,0.6283134818077087,0.30184224247932434,0.007842253893613815,1.7377786321048916e-07,8.1303805927746e-05,"-1,-0.4151953,-0.1762106,0,0.1762106,0.4151953,1",
0,128,transformer.h.2.mlp.w1.weight,transformer.h.2.mlp.w1.weight,"(1024, 384)",4,lloyd_per_tensor_oracle,0.31295058131217957,0.9505709409713745,0.20697663724422455,0.9785034656524658,0.7917731404304504,0.6381285190582275,0.976448655128479,,,0.0009502337197773159,0.0026779649779200554,134.67860412597656,28,384,0.31295058131217957,0.9505709409713745,4.6564364311052486e-05,3.9215898141264915e-05,0.3682962954044342,2.580164982646238e-05,5.33952470505028e-06,4.865914524998516e-05,0.0001491670700488612,0.0002977686235681176,0.11226636171340942,0.11256413906812668,0.6138726472854614,0.2994830012321472,0.00785264652222395,2.0798167099655984e-07,7.84143921919167e-05,"-1,-0.4003911,-0.1600904,0,0.1600904,0.4003911,1",
0,128,transformer.h.2.mlp.w1.weight,transformer.h.2.mlp.w1.weight,"(1024, 384)",8,lloyd_global,0.31095147132873535,0.9516652822494507,0.17711412906646729,0.9843351244926453,0.8253608345985413,0.5843600630760193,0.9759949445724487,0.8306294679641724,0.582024872303009,0.0007923234370537102,0.0019574889447540045,134.67860412597656,28,384,0.31095147132873535,0.9516652822494507,4.108807843294926e-05,3.6012766940984875e-05,0.3858795166015625,2.1105321138747968e-05,4.347260528447805e-06,4.352848918642849e-05,0.00011675566202029586,0.0002845518465619534,0.11783475428819656,0.11811930686235428,0.6404686570167542,0.2966625690460205,0.00824448000639677,1.3846461399680265e-07,5.7339089835295454e-05,"-1,-0.4198408,-0.1791116,0,0.1791116,0.4198408,1",
0,128,transformer.h.2.mlp.w1.weight,transformer.h.2.mlp.w1.weight,"(1024, 384)",8,lloyd_per_tensor_oracle,0.30638712644577026,0.9526388049125671,0.1745174080133438,0.9847416877746582,0.8293858170509338,0.5777338743209839,0.9765191674232483,,,0.0007923234370537102,0.0019574889447540045,134.67860412597656,28,384,0.30638712644577026,0.9526388049125671,3.9753173041390255e-05,3.4108172258129343e-05,0.3548177182674408,2.1105321138747968e-05,4.347260528447805e-06,4.122237442061305e-05,0.00012678399798460305,0.00031701973057352006,0.11473770439624786,0.11505472660064697,0.6212844848632812,0.29625245928764343,0.008782090619206429,1.5502013184232055e-07,5.610582957160659e-05,"-1,-0.4022641,-0.1626298,0,0.1626298,0.4022641,1",
0,128,transformer.h.2.mlp.w2.weight,transformer.h.2.mlp.w2.weight,"(1024, 384)",4,lloyd_global,0.32017311453819275,0.9487884044647217,0.21288460493087769,0.9773690700531006,0.7829458713531494,0.6512427926063538,0.9755958914756775,0.7871508598327637,0.6524630188941956,0.0009116886067204177,0.002443055622279644,134.98654174804688,29,384,0.32017311453819275,0.9487884044647217,4.6215925976866856e-05,3.936197026632726e-05,0.3947499692440033,2.4896804461604916e-05,5.15082092533703e-06,4.914977398584597e-05,0.00013278971891850233,0.0002208233199780807,0.11640365421772003,0.11662448197603226,0.6254369616508484,0.31130850315093994,0.008227807469666004,1.4566955996997422e-07,7.67874953453429e-05,"-1,-0.4151953,-0.1762106,0,0.1762106,0.4151953,1",
0,128,transformer.h.2.mlp.w2.weight,transformer.h.2.mlp.w2.weight,"(1024, 384)",4,lloyd_per_tensor_oracle,0.3145073652267456,0.9501527547836304,0.20911718904972076,0.978080153465271,0.7878201603889465,0.6437938213348389,0.9752284288406372,,,0.0009116886067204177,0.002443055622279644,134.98654174804688,29,384,0.3145073652267456,0.9501527547836304,4.458791227079928e-05,3.7231293390505016e-05,0.3621775209903717,2.4896804461604916e-05,5.15082092533703e-06,4.638966856873594e-05,0.0001443249057047069,0.000198968657059595,0.11402212828397751,0.11422110348939896,0.6103681921958923,0.308011531829834,0.008773240260779858,1.3091465689285542e-07,7.502271182602271e-05,"-1,-0.3969475,-0.159472,0,0.159472,0.3969475,1",
0,128,transformer.h.2.mlp.w2.weight,transformer.h.2.mlp.w2.weight,"(1024, 384)",8,lloyd_global,0.31214264035224915,0.9513006806373596,0.17730097472667694,0.984298586845398,0.8220946788787842,0.5894270539283752,0.9745870232582092,0.8285917639732361,0.5855137705802917,0.0007582420366816223,0.0016817082650959492,134.98654174804688,29,384,0.31214264035224915,0.9513006806373596,3.9173530240077525e-05,3.420438224566169e-05,0.38451895117759705,2.0057101210113615e-05,4.088901278009871e-06,4.162033292232081e-05,0.0001123953697970137,0.00024675627355463803,0.1213943362236023,0.12164109200239182,0.6337358355522156,0.30289238691329956,0.008682208135724068,1.1069499095128776e-07,5.445755959954113e-05,"-1,-0.4198408,-0.1791116,0,0.1791116,0.4198408,1",
0,128,transformer.h.2.mlp.w2.weight,transformer.h.2.mlp.w2.weight,"(1024, 384)",8,lloyd_per_tensor_oracle,0.3071201741695404,0.9524007439613342,0.17444618046283722,0.9847493767738342,0.8260655403137207,0.5828472971916199,0.9746670722961426,,,0.0007582420366816223,0.0016817082650959492,134.98654174804688,29,384,0.3071201741695404,0.9524007439613342,3.7755748053314164e-05,3.227310662623495e-05,0.3519032895565033,2.0057101210113615e-05,4.088901278009871e-06,3.91599751310423e-05,0.00012429793423507363,0.00031574370223097503,0.1169155016541481,0.11723124235868454,0.614867627620697,0.3004554808139801,0.008631883189082146,1.422062041456229e-07,5.2656978368759155e-05,"-1,-0.3982421,-0.1618241,0,0.1618241,0.3982421,1",
0,128,transformer.h.2.mlp.c_proj.weight,transformer.h.2.mlp.c_proj.weight,"(384, 1024)",4,lloyd_global,0.3846016526222229,0.9291380047798157,0.28584590554237366,0.9601523876190186,0.7114251255989075,0.7554339170455933,0.9885550141334534,0.7082468867301941,0.7638812065124512,0.005007954314351082,0.008529633283615112,97.32108306884766,0,384,0.3846016526222229,0.9291380047798157,0.00023205636534839869,0.00021765903511550277,0.5444488525390625,0.0001256093237316236,2.5819663278525695e-05,0.0002793817257042974,0.000724408368114382,0.0,0.0,0.0,0.6496999859809875,0.3132837116718292,0.010843186639249325,0.0,0.0,"-1,-0.4151953,-0.1762106,0,0.1762106,0.4151953,1",
0,128,transformer.h.2.mlp.c_proj.weight,transformer.h.2.mlp.c_proj.weight,"(384, 1024)",4,lloyd_per_tensor_oracle,0.334432452917099,0.9431487321853638,0.2485596090555191,0.9688596129417419,0.754919707775116,0.6938672065734863,0.9815224409103394,,,0.005007954314351082,0.008529633283615112,97.32108306884766,0,384,0.334432452917099,0.9431487321853638,0.00018483959138393402,0.00016096525359898806,0.389373779296875,0.0001256093237316236,2.5819663278525695e-05,0.00020174536621198058,0.0010469101835042238,0.0,0.0,0.0,0.5729144215583801,0.31158775091171265,0.011636430397629738,0.0,0.0,"-1,-0.3129897,-0.1172347,0,0.1172347,0.3129897,1",
0,128,transformer.h.2.mlp.c_proj.weight,transformer.h.2.mlp.c_proj.weight,"(384, 1024)",8,lloyd_global,0.35426875948905945,0.9389989376068115,0.2221030741930008,0.9756366014480591,0.7793671488761902,0.6574347615242004,0.9784280061721802,0.7793747186660767,0.6642737984657288,0.003732505952939391,0.00810696929693222,97.32108306884766,0,384,0.35426875948905945,0.9389989376068115,0.00018029897182714194,0.00017017836216837168,0.48631539940834045,9.423324081581086e-05,1.9089218767476268e-05,0.00020859017968177795,0.0005475484067574143,0.0,0.0,0.0,0.6462384462356567,0.31309759616851807,0.010319572873413563,0.0,0.0,"-1,-0.4198408,-0.1791116,0,0.1791116,0.4198408,1",
0,128,transformer.h.2.mlp.c_proj.weight,transformer.h.2.mlp.c_proj.weight,"(384, 1024)",8,lloyd_per_tensor_oracle,0.32282328605651855,0.947139322757721,0.20239509642124176,0.9794318675994873,0.8036178350448608,0.6198016405105591,0.9766710996627808,,,0.003732505952939391,0.00810696929693222,97.32108306884766,0,384,0.32282328605651855,0.947139322757721,0.00015281439118552953,0.00013494002632796764,0.37029775977134705,9.423324081581086e-05,1.9089218767476268e-05,0.00016444904031232,0.0007602659752592444,0.0,0.0,0.0,0.585045576095581,0.3070288896560669,0.011178715154528618,0.0,0.0,"-1,-0.3360105,-0.1303341,0,0.1303341,0.3360105,1",
0,128,transformer.h.3.attn.c_attn.weight,transformer.h.3.attn.c_attn.weight,"(1152, 384)",4,lloyd_global,0.2740165889263153,0.9619042277336121,0.14908404648303986,0.9888346195220947,0.5483607649803162,0.9973116517066956,1.0917998552322388,0.5350024700164795,0.9643629789352417,0.000444820208940655,0.0015403054421767592,1860.2325439453125,199,384,0.2740165889263153,0.9619042277336121,2.4997587388497777e-05,5.564685125136748e-06,0.32717329263687134,9.63430375122698e-06,1.925320702866884e-06,2.5046854716492817e-05,8.724811050342396e-05,0.0017634026007726789,0.7128086090087891,0.7145720720291138,0.37658408284187317,0.4611285328865051,0.10443012416362762,1.473045585953514e-06,0.0005954395164735615,"-1,-0.4151953,-0.1762106,0,0.1762106,0.4151953,1",
0,128,transformer.h.3.attn.c_attn.weight,transformer.h.3.attn.c_attn.weight,"(1152, 384)",4,lloyd_per_tensor_oracle,0.27386805415153503,0.9619705677032471,0.14900188148021698,0.9888489842414856,0.5486019849777222,0.9978739023208618,1.09331476688385,,,0.000444820208940655,0.0015403054421767592,1860.2325439453125,199,384,0.27386805415153503,0.9619705677032471,2.505920383555349e-05,5.58464671485126e-06,0.32806622982025146,9.63430375122698e-06,1.925320702866884e-06,2.5225410354323685e-05,8.565999451093376e-05,0.0017871244344860315,0.7144804000854492,0.7162675261497498,0.3771747052669525,0.4621093273162842,0.10506529361009598,1.490067347731383e-06,0.0005957189714536071,"-1,-0.4188583,-0.1767325,0,0.1767325,0.4188583,1",
0,128,transformer.h.3.attn.c_attn.weight,transformer.h.3.attn.c_attn.weight,"(1152, 384)",8,lloyd_global,0.2728269696235657,0.9622792601585388,0.11921344697475433,0.992875337600708,0.596733033657074,0.9479855895042419,1.1014747619628906,0.5829867124557495,0.9132521748542786,0.0003649636928457767,0.0012489778455346823,1860.2325439453125,199,384,0.2728269696235657,0.9622792601585388,2.0530555048026145e-05,5.199572115088813e-06,0.3269110918045044,8.044413334573619e-06,1.6068270269897766e-06,2.0774326912942342e-05,6.632847362197936e-05,0.0017599177081137896,0.7216860055923462,0.7234459519386292,0.3747788965702057,0.46985605359077454,0.10312727093696594,9.355627526019816e-07,0.0003836443938780576,"-1,-0.4198408,-0.1791116,0,0.1791116,0.4198408,1",
0,128,transformer.h.3.attn.c_attn.weight,transformer.h.3.attn.c_attn.weight,"(1152, 384)",8,lloyd_per_tensor_oracle,0.27293404936790466,0.9622482061386108,0.11926154047250748,0.9928696751594543,0.5965242385864258,0.9484152793884277,1.1018279790878296,,,0.0003649636928457767,0.0012489778455346823,1860.2325439453125,199,384,0.27293404936790466,0.9622482061386108,2.052396121143829e-05,5.1900096877943724e-06,0.32532867789268494,8.044413334573619e-06,1.6068270269897766e-06,2.0762827261933126e-05,6.637452315771952e-05,0.001771966926753521,0.7210022807121277,0.7227742075920105,0.37456125020980835,0.4696171283721924,0.10291475057601929,9.42846099860617e-07,0.0003836381947621703,"-1,-0.4197067,-0.1781273,0,0.1781273,0.4197067,1",
0,128,transformer.h.3.attn.c_proj.weight,transformer.h.3.attn.c_proj.weight,"(384, 384)",4,lloyd_global,0.2726708650588989,0.9623021483421326,0.15123459696769714,0.9885149598121643,0.5369372963905334,1.0202170610427856,1.1106468439102173,0.48558247089385986,1.0143159627914429,0.003863927908241749,0.005137835629284382,171267.140625,164,384,0.2726708650588989,0.9623021483421326,0.00022034620633348823,0.00019852383411489427,0.2692464292049408,9.737056825542822e-05,1.947328564710915e-05,0.00021260976791381836,0.0006257297936826944,0.001316741807386279,0.6395790576934814,0.6408957839012146,0.31243109703063965,0.4495607316493988,0.1942794919013977,1.4848218597762752e-05,0.007212202996015549,"-1,-0.4151953,-0.1762106,0,0.1762106,0.4151953,1",
0,128,transformer.h.3.attn.c_proj.weight,transformer.h.3.attn.c_proj.weight,"(384, 384)",4,lloyd_per_tensor_oracle,0.2716192603111267,0.9628388285636902,0.15064994990825653,0.9886216521263123,0.53971928358078,1.0161093473434448,1.1087312698364258,,,0.003863927908241749,0.005137835629284382,171267.140625,164,384,0.2716192603111267,0.9628388285636902,0.0002244702191092074,0.0002082425053231418,0.2941148579120636,9.737056825542822e-05,1.947328564710915e-05,0.00022320412972476333,0.0005587967461906374,0.0014378762571141124,0.6478933691978455,0.649331271648407,0.3145984709262848,0.45635631680488586,0.19794420897960663,1.6089352357084863e-05,0.007249709218740463,"-1,-0.4366839,-0.1934581,0,0.1934581,0.4366839,1",
0,128,transformer.h.3.attn.c_proj.weight,transformer.h.3.attn.c_proj.weight,"(384, 384)",8,lloyd_global,0.2722645103931427,0.9623628258705139,0.12194457650184631,0.9925426840782166,0.5832597613334656,0.9705894589424133,1.1145176887512207,0.5270798802375793,0.9725435972213745,0.0031344732269644737,0.003957426641136408,171267.140625,164,384,0.2722645103931427,0.9623628258705139,0.00017918132652994245,0.00016330511425621808,0.2712063193321228,7.871495472500101e-05,1.5875073586357757e-05,0.0001744055625749752,0.0004908610717393458,0.0014665862545371056,0.6394959688186646,0.640962541103363,0.3120165765285492,0.4445606470108032,0.19514605402946472,1.0752361959021073e-05,0.0046885013580322266,"-1,-0.4198408,-0.1791116,0,0.1791116,0.4198408,1",
0,128,transformer.h.3.attn.c_proj.weight,transformer.h.3.attn.c_proj.weight,"(384, 384)",8,lloyd_per_tensor_oracle,0.2716837227344513,0.9626966118812561,0.12168668210506439,0.992581844329834,0.5823342204093933,0.9719157814979553,1.1149979829788208,,,0.0031344732269644737,0.003957426641136408,171267.140625,164,384,0.2716837227344513,0.9626966118812561,0.00018187012756243348,0.00016928563127294183,0.2919786274433136,7.871495472500101e-05,1.5875073586357757e-05,0.0001812757836887613,0.00044684880413115025,0.001318771275691688,0.6482073664665222,0.6495261192321777,0.3181687593460083,0.44883453845977783,0.19815261662006378,9.627436156733893e-06,0.00473211333155632,"-1,-0.4369071,-0.1933134,0,0.1933134,0.4369071,1",
0,128,transformer.h.3.mlp.w1.weight,transformer.h.3.mlp.w1.weight,"(1024, 384)",4,lloyd_global,0.3117481470108032,0.9513233304023743,0.19201655685901642,0.9815382361412048,0.7605944871902466,0.6768383979797363,0.951926052570343,0.7756266593933105,0.6698923110961914,0.0007884428487159312,0.0018085481133311987,169.93829345703125,64,384,0.3117481470108032,0.9513233304023743,4.036972313770093e-05,3.518376615829766e-05,0.38599905371665955,2.0932189727318473e-05,4.341657131590182e-06,4.280234861653298e-05,0.0001184630164061673,0.0005327525432221591,0.2663094997406006,0.266842246055603,0.6216464042663574,0.3061854839324951,0.012105257250368595,2.5178206897180644e-07,0.00012585948570631444,"-1,-0.4151953,-0.1762106,0,0.1762106,0.4151953,1",
0,128,transformer.h.3.mlp.w1.weight,transformer.h.3.mlp.w1.weight,"(1024, 384)",4,lloyd_per_tensor_oracle,0.3074178695678711,0.9523252844810486,0.1893516629934311,0.9820024967193604,0.764554500579834,0.6716762781143188,0.9534595608711243,,,0.0007884428487159312,0.0018085481133311987,169.93829345703125,64,384,0.3074178695678711,0.9523252844810486,3.910606756107882e-05,3.3353389881085604e-05,0.35580697655677795,2.0932189727318473e-05,4.341657131590182e-06,4.062713560415432e-05,0.00012820422125514597,0.0005500518600456417,0.2579312026500702,0.2584812343120575,0.6070759892463684,0.3043168783187866,0.011908569373190403,2.603981954507617e-07,0.0001221063284901902,"-1,-0.3982397,-0.1604922,0,0.1604922,0.3982397,1",
0,128,transformer.h.3.mlp.w1.weight,transformer.h.3.mlp.w1.weight,"(1024, 384)",8,lloyd_global,0.3062094748020172,0.9530206322669983,0.16109251976013184,0.9870071411132812,0.8003084063529968,0.6199266314506531,0.9577720165252686,0.8185107111930847,0.6024845242500305,0.0006546541699208319,0.0018260409124195576,169.93829345703125,64,384,0.3062094748020172,0.9530206322669983,3.4181946830358356e-05,3.029106301255524e-05,0.37280020117759705,1.7289186871494167e-05,3.5342673072591424e-06,3.6087447369936854e-05,9.68531530816108e-05,0.0006906583439558744,0.2618207335472107,0.26251140236854553,0.6253575682640076,0.30461984872817993,0.010258709080517292,2.2624902840107097e-07,8.576844265917316e-05,"-1,-0.4198408,-0.1791116,0,0.1791116,0.4198408,1",
0,128,transformer.h.3.mlp.w1.weight,transformer.h.3.mlp.w1.weight,"(1024, 384)",8,lloyd_per_tensor_oracle,0.3024996519088745,0.9537643790245056,0.15914364159107208,0.987292468547821,0.8035399317741394,0.6154516935348511,0.9599034786224365,,,0.0006546541699208319,0.0018260409124195576,169.93829345703125,64,384,0.3024996519088745,0.9537643790245056,3.3149615774163976e-05,2.877764927688986e-05,0.3455251157283783,1.7289186871494167e-05,3.5342673072591424e-06,3.4239565138705075e-05,0.0001064729003701359,0.0007324860780499876,0.25445878505706787,0.25519126653671265,0.6073328256607056,0.3008778989315033,0.01044506672769785,2.4083340122160735e-07,8.366326073883101e-05,"-1,-0.4001391,-0.1642934,0,0.1642934,0.4001391,1",
0,128,transformer.h.3.mlp.w2.weight,transformer.h.3.mlp.w2.weight,"(1024, 384)",4,lloyd_global,0.318802148103714,0.949202835559845,0.1914999634027481,0.981658935546875,0.7456291317939758,0.694993257522583,0.9430292248725891,0.7644349336624146,0.6863982677459717,0.0007934179739095271,0.0024546526838093996,192.99685668945312,82,384,0.318802148103714,0.949202835559845,4.034219091408886e-05,3.440259024500847e-05,0.3931681215763092,2.1532383470912464e-05,4.390122285258258e-06,4.2814852349692956e-05,0.00011731930135283619,0.0006723119877278805,0.321501225233078,0.322173535823822,0.6062249541282654,0.32126638293266296,0.01623338833451271,3.352923272359476e-07,0.00016033760039135814,"-1,-0.4151953,-0.1762106,0,0.1762106,0.4151953,1",
0,128,transformer.h.3.mlp.w2.weight,transformer.h.3.mlp.w2.weight,"(1024, 384)",4,lloyd_per_tensor_oracle,0.3134731352329254,0.9504656791687012,0.1882961243391037,0.9822192192077637,0.7497854232788086,0.689646303653717,0.9441535472869873,,,0.0007934179739095271,0.0024546526838093996,192.99685668945312,82,384,0.3134731352329254,0.9504656791687012,3.902021489921026e-05,3.269242006354034e-05,0.36144766211509705,2.1532383470912464e-05,4.390122285258258e-06,4.0595568862045184e-05,0.00012609270925167948,0.0006886031478643417,0.3151056170463562,0.3157941997051239,0.5904722809791565,0.3200635015964508,0.016822602599859238,3.415684091123694e-07,0.00015630210691597313,"-1,-0.3993387,-0.1599553,0,0.1599553,0.3993387,1",
0,128,transformer.h.3.mlp.w2.weight,transformer.h.3.mlp.w2.weight,"(1024, 384)",8,lloyd_global,0.31306490302085876,0.951088547706604,0.16027821600437164,0.9871653318405151,0.7861852645874023,0.6392365097999573,0.9495835900306702,0.8075218200683594,0.6204580068588257,0.0006634827586822212,0.00155140261631459,192.99685668945312,82,384,0.31306490302085876,0.951088547706604,3.436598854023032e-05,3.0054565286263824e-05,0.38330331444740295,1.7644691979512572e-05,3.5584600936999777e-06,3.6447356251301244e-05,9.690364822745323e-05,0.0006079350714571774,0.32932424545288086,0.32993218302726746,0.6161403059959412,0.31813329458236694,0.013485911302268505,2.0776546705292276e-07,0.00011254853598074988,"-1,-0.4198408,-0.1791116,0,0.1791116,0.4198408,1",
0,128,transformer.h.3.mlp.w2.weight,transformer.h.3.mlp.w2.weight,"(1024, 384)",8,lloyd_per_tensor_oracle,0.3078283369541168,0.9522623419761658,0.15760201215744019,0.9875560998916626,0.7902072668075562,0.6340529918670654,0.9528013467788696,,,0.0006634827586822212,0.00155140261631459,192.99685668945312,82,384,0.3078283369541168,0.9522623419761658,3.313985143904574e-05,2.8356240363791585e-05,0.3498789370059967,1.7644691979512572e-05,3.5584600936999777e-06,3.4346354368608445e-05,0.0001063077143044211,0.0008584638126194477,0.31866729259490967,0.31952574849128723,0.5998895764350891,0.3142518401145935,0.013466618955135345,2.9417523705888016e-07,0.00010919973283307627,"-1,-0.3999584,-0.161736,0,0.161736,0.3999584,1",
0,128,transformer.h.3.mlp.c_proj.weight,transformer.h.3.mlp.c_proj.weight,"(384, 1024)",4,lloyd_global,0.36834654211997986,0.9343401789665222,0.2576861083507538,0.9673081040382385,0.7240017056465149,0.7348476052284241,0.9773244857788086,0.7259154915809631,0.7403919696807861,0.004002489615231752,0.00790708139538765,122.31312561035156,16,384,0.36834654211997986,0.9343401789665222,0.00018798110249917954,0.0001756726996973157,0.506439208984375,0.00010160006786463782,2.10192065424053e-05,0.00022092521248850971,0.0005589713691733778,0.00010961851512547582,0.07518284767866135,0.07529246807098389,0.652590274810791,0.30575090646743774,0.010492741130292416,9.251377264263283e-07,0.0006345140282064676,"-1,-0.4151953,-0.1762106,0,0.1762106,0.4151953,1",
0,128,transformer.h.3.mlp.c_proj.weight,transformer.h.3.mlp.c_proj.weight,"(384, 1024)",4,lloyd_per_tensor_oracle,0.32859697937965393,0.9451817274093628,0.2298794984817505,0.9733645915985107,0.756895899772644,0.6883838772773743,0.973124623298645,,,0.004002489615231752,0.00790708139538765,122.31312561035156,16,384,0.32859697937965393,0.9451817274093628,0.00015610562695655972,0.00013646137085743248,0.37857308983802795,0.00010160006786463782,2.10192065424053e-05,0.00016958944615907967,0.000794696738012135,0.00011492185876704752,0.06484350562095642,0.06495843082666397,0.5840033888816833,0.3008383810520172,0.010998209938406944,8.930318244892987e-07,0.0005038842791691422,"-1,-0.324545,-0.1245658,0,0.1245658,0.324545,1",
0,128,transformer.h.3.mlp.c_proj.weight,transformer.h.3.mlp.c_proj.weight,"(384, 1024)",8,lloyd_global,0.33347830176353455,0.9454361796379089,0.19805988669395447,0.9805158972740173,0.7895171642303467,0.6395801305770874,0.96949702501297,0.7950077652931213,0.6403088569641113,0.0029286628123372793,0.004590510856360197,122.31312561035156,16,384,0.33347830176353455,0.9454361796379089,0.00014466662833001465,0.00013624259736388922,0.4447479248046875,7.385964272543788e-05,1.4970758456911426e-05,0.00016309332568198442,0.00042932896758429706,9.071101521840319e-05,0.07435425370931625,0.0744449645280838,0.653388261795044,0.302144318819046,0.009413188323378563,4.5603610487887636e-07,0.0003738049417734146,"-1,-0.4198408,-0.1791116,0,0.1791116,0.4198408,1",
0,128,transformer.h.3.mlp.c_proj.weight,transformer.h.3.mlp.c_proj.weight,"(384, 1024)",8,lloyd_per_tensor_oracle,0.31369900703430176,0.9501176476478577,0.18631517887115479,0.982557475566864,0.8048879504203796,0.6160692572593689,0.9703460931777954,,,0.0029286628123372793,0.004590510856360197,122.31312561035156,16,384,0.31369900703430176,0.9501176476478577,0.0001284619647776708,0.000114674330689013,0.35887908935546875,7.385964272543788e-05,1.4970758456911426e-05,0.00013699335977435112,0.0005661437171511352,6.987486995058134e-05,0.06646454334259033,0.06653441488742828,0.6026846766471863,0.2905232608318329,0.010261515155434608,3.462892266270501e-07,0.0003293881600257009,"-1,-0.3538326,-0.1401961,0,0.1401961,0.3538326,1",
0,128,transformer.h.4.attn.c_attn.weight,transformer.h.4.attn.c_attn.weight,"(1152, 384)",4,lloyd_global,0.2720825672149658,0.9624354243278503,0.1291978657245636,0.9916249513626099,0.5537068247795105,1.0029882192611694,1.1127909421920776,0.533281147480011,0.9661470651626587,0.00039082212606444955,0.0013569872826337814,2366.98779296875,197,384,0.2720825672149658,0.9624354243278503,2.217720975750126e-05,4.95002632305841e-06,0.32151511311531067,8.471627552353311e-06,1.6707134591342765e-06,2.1918804122833535e-05,7.978531357366592e-05,0.0019123853417113423,0.723416805267334,0.7253291606903076,0.3751209080219269,0.4640696048736572,0.10485529899597168,1.2604684798134258e-06,0.00047680980060249567,"-1,-0.4151953,-0.1762106,0,0.1762106,0.4151953,1",
0,128,transformer.h.4.attn.c_attn.weight,transformer.h.4.attn.c_attn.weight,"(1152, 384)",4,lloyd_per_tensor_oracle,0.2714569568634033,0.9626579880714417,0.12889912724494934,0.9916655421257019,0.552164614200592,1.0046495199203491,1.1127042770385742,,,0.00039082212606444955,0.0013569872826337814,2366.98779296875,197,384,0.2714569568634033,0.9626579880714417,2.2267822714638896e-05,4.999682460038457e-06,0.32674604654312134,8.471627552353311e-06,1.6707134591342765e-06,2.21986229007598e-05,7.72520579630509e-05,0.0017397472402080894,0.7275736927986145,0.7293134331703186,0.37673047184944153,0.46656790375709534,0.10478396713733673,1.1420358987379586e-06,0.0004776068963110447,"-1,-0.4216213,-0.1793382,0,0.1793382,0.4216213,1",
0,128,transformer.h.4.attn.c_attn.weight,transformer.h.4.attn.c_attn.weight,"(1152, 384)",8,lloyd_global,0.27362802624702454,0.962068498134613,0.10409668833017349,0.9945726990699768,0.6053848266601562,0.9483946561813354,1.1210778951644897,0.5799961090087891,0.9165222644805908,0.0003279773809481412,0.0011360454373061657,2366.98779296875,197,384,0.27362802624702454,0.962068498134613,1.8377120795776136e-05,4.6700151870027184e-06,0.3266194760799408,7.353925411734963e-06,1.4439440292335348e-06,1.8613063730299473e-05,5.8762627304531634e-05,0.0017742491327226162,0.7285853624343872,0.730359673500061,0.3797853887081146,0.4643903374671936,0.10422913730144501,7.557315484518767e-07,0.0003103368799202144,"-1,-0.4198408,-0.1791116,0,0.1791116,0.4198408,1",
0,128,transformer.h.4.attn.c_attn.weight,transformer.h.4.attn.c_attn.weight,"(1152, 384)",8,lloyd_per_tensor_oracle,0.2737465798854828,0.9620038270950317,0.1041402518749237,0.9945674538612366,0.60592120885849,0.9473263025283813,1.1202787160873413,,,0.0003279773809481412,0.0011360454373061657,2366.98779296875,197,384,0.2737465798854828,0.9620038270950317,1.8335218555876054e-05,4.653762516682036e-06,0.3241645097732544,7.353925411734963e-06,1.4439440292335348e-06,1.85079661605414e-05,5.9581590903690085e-05,0.0017756078159436584,0.7267987728118896,0.7285743951797485,0.3792284429073334,0.4636691212654114,0.10334030538797379,7.573231073365605e-07,0.00030999048613011837,"-1,-0.4171593,-0.1776104,0,0.1776104,0.4171593,1",
0,128,transformer.h.4.attn.c_proj.weight,transformer.h.4.attn.c_proj.weight,"(384, 384)",4,lloyd_global,0.2722645103931427,0.9624532461166382,0.13794517517089844,0.9904506206512451,0.5346252918243408,1.0280060768127441,1.1199615001678467,0.4809303283691406,1.0188918113708496,0.0035359684843569994,0.005181613378226757,170854.171875,169,384,0.2722645103931427,0.9624532461166382,0.0002008235896937549,0.00018079037545248866,0.2675238847732544,8.906638686312363e-05,1.7725489669828676e-05,0.00019441652693785727,0.0005701557383872569,0.001536705531179905,0.656684935092926,0.6582216024398804,0.31789278984069824,0.44652438163757324,0.19420373439788818,1.4398900930245873e-05,0.00615312485024333,"-1,-0.4151953,-0.1762106,0,0.1762106,0.4151953,1",
0,128,transformer.h.4.attn.c_proj.weight,transformer.h.4.attn.c_proj.weight,"(384, 384)",4,lloyd_per_tensor_oracle,0.2715255618095398,0.9628305435180664,0.13756956160068512,0.9905101656913757,0.5348168611526489,1.0273363590240479,1.1191504001617432,,,0.0035359684843569994,0.005181613378226757,170854.171875,169,384,0.2715255618095398,0.9628305435180664,0.00020432795281521976,0.00018867803737521172,0.2913411557674408,8.906638686312363e-05,1.7725489669828676e-05,0.00020302701159380376,0.0005162435700185597,0.0016070733545348048,0.661982536315918,0.663589596748352,0.31951597332954407,0.45215898752212524,0.1961292177438736,1.4976620150264353e-05,0.006169140338897705,"-1,-0.4340907,-0.1923655,0,0.1923655,0.4340907,1",
0,128,transformer.h.4.attn.c_proj.weight,transformer.h.4.attn.c_proj.weight,"(384, 384)",8,lloyd_global,0.2747349143028259,0.9617725610733032,0.11030697077512741,0.9939030408859253,0.5895500779151917,0.969390332698822,1.1255390644073486,0.5254538655281067,0.9742142558097839,0.0028965251985937357,0.004645559936761856,170854.171875,169,384,0.2747349143028259,0.9617725610733032,0.00016263060388155282,0.0001484883250668645,0.2797105610370636,7.37402806407772e-05,1.4541703421855345e-05,0.0001610043691471219,0.0004464702506083995,0.0017538443207740784,0.6569533944129944,0.6587072014808655,0.3141497075557709,0.44771936535835266,0.19758203625679016,1.0506420949241146e-05,0.003935485612601042,"-1,-0.4198408,-0.1791116,0,0.1791116,0.4198408,1",
0,128,transformer.h.4.attn.c_proj.weight,transformer.h.4.attn.c_proj.weight,"(384, 384)",8,lloyd_per_tensor_oracle,0.274667888879776,0.961887776851654,0.11028271168470383,0.993907630443573,0.5904431939125061,0.9684857726097107,1.1257812976837158,,,0.0028965251985937357,0.004645559936761856,170854.171875,169,384,0.274667888879776,0.961887776851654,0.0001639443071326241,0.00015143165364861488,0.2941012978553772,7.37402806407772e-05,1.4541703421855345e-05,0.0001636487286305055,0.0004322437453083694,0.001703048823401332,0.6616163849830627,0.6633194088935852,0.31528255343437195,0.4517395794391632,0.19774912297725677,1.0197154551860876e-05,0.003961486276239157,"-1,-0.4258891,-0.1889299,0,0.1889299,0.4258891,1",
0,128,transformer.h.4.mlp.w1.weight,transformer.h.4.mlp.w1.weight,"(1024, 384)",4,lloyd_global,0.3091665804386139,0.9521104097366333,0.1789766252040863,0.9839903116226196,0.7330688834190369,0.7097486257553101,0.9358571767807007,0.7592864632606506,0.6938567757606506,0.0006942293257452548,0.0017676179995760322,206.69015502929688,95,384,0.3091665804386139,0.9521104097366333,3.5739518352784216e-05,3.107270458713174e-05,0.37753042578697205,1.8498185454518534e-05,3.810403086390579e-06,3.7613233871525154e-05,0.00010435672447783872,0.0007806013454683125,0.3717319667339325,0.3725125789642334,0.6015667915344238,0.3233138918876648,0.014837951399385929,2.9146542601665715e-07,0.0001387994270771742,"-1,-0.4151953,-0.1762106,0,0.1762106,0.4151953,1",
0,128,transformer.h.4.mlp.w1.weight,transformer.h.4.mlp.w1.weight,"(1024, 384)",4,lloyd_per_tensor_oracle,0.3060925304889679,0.9527734518051147,0.17719966173171997,0.9842758178710938,0.7354851365089417,0.7067573666572571,0.9365677237510681,,,0.0006942293257452548,0.0017676179995760322,206.69015502929688,95,384,0.3060925304889679,0.9527734518051147,3.492032192298211e-05,2.988867345266044e-05,0.3544718325138092,1.8498185454518534e-05,3.810403086390579e-06,3.622830263338983e-05,0.0001098961365642026,0.0008790435385890305,0.36335378885269165,0.3642328381538391,0.5918214321136475,0.31941771507263184,0.015692126005887985,3.296169666100468e-07,0.00013624760322272778,"-1,-0.4041067,-0.1637257,0,0.1637257,0.4041067,1",
0,128,transformer.h.4.mlp.w1.weight,transformer.h.4.mlp.w1.weight,"(1024, 384)",8,lloyd_global,0.30664095282554626,0.9529057145118713,0.1520022302865982,0.9884558320045471,0.7722441554069519,0.6581093072891235,0.9438835382461548,0.800881028175354,0.6310675740242004,0.0005868818261660635,0.0013807660434395075,206.69015502929688,95,384,0.30664095282554626,0.9529057145118713,3.067943544010632e-05,2.711678098421544e-05,0.3725942075252533,1.545347367937211e-05,3.1623326322005596e-06,3.228455170756206e-05,8.820087532512844e-05,0.0007618303061462939,0.3778650462627411,0.37862688302993774,0.6094769239425659,0.3173167109489441,0.014200684614479542,2.0234500652804854e-07,0.00010036238381871954,"-1,-0.4198408,-0.1791116,0,0.1791116,0.4198408,1",
0,128,transformer.h.4.mlp.w1.weight,transformer.h.4.mlp.w1.weight,"(1024, 384)",8,lloyd_per_tensor_oracle,0.30318352580070496,0.9536414742469788,0.15028491616249084,0.9886941313743591,0.7745181322097778,0.6553950905799866,0.9460129141807556,,,0.0005868818261660635,0.0013807660434395075,206.69015502929688,95,384,0.30318352580070496,0.9536414742469788,2.9824628654750995e-05,2.5879955501295626e-05,0.34605154395103455,1.545347367937211e-05,3.1623326322005596e-06,3.076946813962422e-05,9.571338159730658e-05,0.0010040025226771832,0.3706640899181366,0.37166810035705566,0.5971163511276245,0.31192684173583984,0.014404409565031528,2.67792017893953e-07,9.886517364066094e-05,"-1,-0.4024797,-0.1649133,0,0.1649133,0.4024797,1",
0,128,transformer.h.4.mlp.w2.weight,transformer.h.4.mlp.w2.weight,"(1024, 384)",4,lloyd_global,0.3146040737628937,0.9504613280296326,0.18910616636276245,0.9821161031723022,0.728350043296814,0.7158266305923462,0.9354613423347473,0.7513143420219421,0.7052555084228516,0.0006936226855032146,0.0015246334951370955,195.97865295410156,84,384,0.3146040737628937,0.9504613280296326,3.5416676837485284e-05,3.08385060634464e-05,0.3866526186466217,1.8476239347364753e-05,3.7419986256281845e-06,3.760210529435426e-05,0.00010449616820551455,0.0006680440856143832,0.3385779559612274,0.33924600481987,0.6049164533615112,0.3239676058292389,0.012987884692847729,2.4443968982268416e-07,0.00012388687173370272,"-1,-0.4151953,-0.1762106,0,0.1762106,0.4151953,1",
0,128,transformer.h.4.mlp.w2.weight,transformer.h.4.mlp.w2.weight,"(1024, 384)",4,lloyd_per_tensor_oracle,0.30971574783325195,0.9515773057937622,0.18616755306720734,0.9826122522354126,0.7333492636680603,0.7100088000297546,0.9380573630332947,,,0.0006936226855032146,0.0015246334951370955,195.97865295410156,84,384,0.30971574783325195,0.9515773057937622,3.41881241183728e-05,2.911206684075296e-05,0.35463714599609375,1.8476239347364753e-05,3.7419986256281845e-06,3.54884541593492e-05,0.00011445209383964539,0.0006562613416463137,0.3251973092556,0.325853556394577,0.5903565287590027,0.3184394836425781,0.013065680861473083,2.4125921527229366e-07,0.0001195512231788598,"-1,-0.395257,-0.15976,0,0.15976,0.395257,1",
0,128,transformer.h.4.mlp.w2.weight,transformer.h.4.mlp.w2.weight,"(1024, 384)",8,lloyd_global,0.3112652003765106,0.951547384262085,0.16019876301288605,0.9871718287467957,0.7697077393531799,0.661506175994873,0.9430015087127686,0.7956958413124084,0.6392340064048767,0.000577457481995225,0.001365841249935329,195.97865295410156,84,384,0.3112652003765106,0.951547384262085,3.010137334058527e-05,2.6288253138773143e-05,0.3765360414981842,1.5348781744251028e-05,3.1071913326741196e-06,3.1763032893650234e-05,8.501268166583031e-05,0.0007897265022620559,0.3346942961215973,0.33548402786254883,0.6067894101142883,0.32182955741882324,0.013598551973700523,2.0559865276936762e-07,8.713484567124397e-05,"-1,-0.4198408,-0.1791116,0,0.1791116,0.4198408,1",
0,128,transformer.h.4.mlp.w2.weight,transformer.h.4.mlp.w2.weight,"(1024, 384)",8,lloyd_per_tensor_oracle,0.30704429745674133,0.9525085091590881,0.1580253392457962,0.9874922037124634,0.7730308771133423,0.6575534343719482,0.9460722804069519,,,0.000577457481995225,0.001365841249935329,195.97865295410156,84,384,0.30704429745674133,0.9525085091590881,2.919479265983682e-05,2.5033659767359495e-05,0.34807586669921875,1.5348781744251028e-05,3.1071913326741196e-06,3.0181570764398202e-05,9.240772487828508e-05,0.0009261184022761881,0.3287135064601898,0.32963961362838745,0.5980661511421204,0.31657806038856506,0.013744537718594074,2.419427573840949e-07,8.587438787799329e-05,"-1,-0.4019921,-0.163973,0,0.163973,0.4019921,1",
0,128,transformer.h.4.mlp.c_proj.weight,transformer.h.4.mlp.c_proj.weight,"(384, 1024)",4,lloyd_global,0.35880202054977417,0.9374220371246338,0.23475788533687592,0.9727617502212524,0.7215502262115479,0.7332011461257935,0.9628192186355591,0.7282437682151794,0.7372387647628784,0.0034549254924058914,0.005346647463738918,149.2781219482422,42,384,0.35880202054977417,0.9374220371246338,0.00016380722809117287,0.00015381391858682036,0.49617767333984375,8.693538256920874e-05,1.7753560314304195e-05,0.0001909810525830835,0.000510143581777811,0.00023514100757893175,0.18820030987262726,0.18843545019626617,0.6509424448013306,0.3052562475204468,0.011443746276199818,1.5115639371288125e-06,0.0012098136357963085,"-1,-0.4151953,-0.1762106,0,0.1762106,0.4151953,1",
0,128,transformer.h.4.mlp.c_proj.weight,transformer.h.4.mlp.c_proj.weight,"(384, 1024)",4,lloyd_per_tensor_oracle,0.32521355152130127,0.9462913870811462,0.2127762734889984,0.9772192239761353,0.7513043880462646,0.6926132440567017,0.9614505171775818,,,0.0034549254924058914,0.005346647463738918,149.2781219482422,42,384,0.32521355152130127,0.9462913870811462,0.00013766602205578238,0.00012125150533393025,0.37391915917396545,8.693538256920874e-05,1.7753560314304195e-05,0.00014900877431500703,0.0007119830697774887,0.000260233849985525,0.16200466454029083,0.162264883518219,0.5867998003959656,0.2989572286605835,0.012038406915962696,1.5794578303029994e-06,0.000983267673291266,"-1,-0.3277216,-0.1266759,0,0.1266759,0.3277216,1",
0,128,transformer.h.4.mlp.c_proj.weight,transformer.h.4.mlp.c_proj.weight,"(384, 1024)",8,lloyd_global,0.345544695854187,0.9417608380317688,0.19092068076133728,0.9819127321243286,0.775114119052887,0.6580364108085632,0.9589734673500061,0.7854694724082947,0.6550333499908447,0.0027462132275104523,0.004523839335888624,149.2781219482422,42,384,0.345544695854187,0.9417608380317688,0.00013354529801290482,0.00012617738684639335,0.46713510155677795,6.906943599460647e-05,1.4102138266025577e-05,0.00015317719953600317,0.00039739132625982165,0.0002490827173460275,0.185866579413414,0.18611566722393036,0.6558203101158142,0.30042126774787903,0.011762803420424461,1.0536091394897085e-06,0.0007862076163291931,"-1,-0.4198408,-0.1791116,0,0.1791116,0.4198408,1",
0,128,transformer.h.4.mlp.c_proj.weight,transformer.h.4.mlp.c_proj.weight,"(384, 1024)",8,lloyd_per_tensor_oracle,0.3179892301559448,0.9486790895462036,0.17570102214813232,0.9845002293586731,0.7959510684013367,0.6278550028800964,0.9624780416488647,,,0.0027462132275104523,0.004523839335888624,149.2781219482422,42,384,0.3179892301559448,0.9486790895462036,0.00011484650894999504,0.00010203232523053885,0.3628336489200592,6.906943599460647e-05,1.4102138266025577e-05,0.00012342528498265892,0.0005540163838304579,0.0004301242879591882,0.1655149608850479,0.16594509780406952,0.5921629667282104,0.295464426279068,0.011513286270201206,1.7584487750355038e-06,0.0006766639417037368,"-1,-0.3379006,-0.1337568,0,0.1337568,0.3379006,1",
0,128,transformer.h.5.attn.c_attn.weight,transformer.h.5.attn.c_attn.weight,"(1152, 384)",4,lloyd_global,0.27458974719047546,0.9617674946784973,0.11750849336385727,0.9930848479270935,0.5444245934486389,1.0265672206878662,1.1362322568893433,0.5140395760536194,0.9858624339103699,0.00037812342634424567,0.0013822708278894424,3066.775634765625,194,384,0.27458974719047546,0.9617674946784973,2.120666795235593e-05,4.147033905610442e-06,0.31608298420906067,8.45888462208677e-06,1.664447495386412e-06,2.1153937268536538e-05,7.120181544451043e-05,0.0020733424462378025,0.7298384308815002,0.7319117784500122,0.3768359124660492,0.46305304765701294,0.10795927047729492,1.2967147995368578e-06,0.00045645731734111905,"-1,-0.4151953,-0.1762106,0,0.1762106,0.4151953,1",
0,128,transformer.h.5.attn.c_attn.weight,transformer.h.5.attn.c_attn.weight,"(1152, 384)",4,lloyd_per_tensor_oracle,0.2744506001472473,0.961846113204956,0.11744622886180878,0.9930936098098755,0.5436781048774719,1.0276740789413452,1.1367191076278687,,,0.00037812342634424567,0.0013822708278894424,3066.775634765625,194,384,0.2744506001472473,0.961846113204956,2.126068648067303e-05,4.1696066546137445e-06,0.3183797299861908,8.45888462208677e-06,1.664447495386412e-06,2.1296900740708224e-05,7.00349046383053e-05,0.002012003445997834,0.7327678799629211,0.7347798943519592,0.3774157762527466,0.46467098593711853,0.1079816073179245,1.2557277386804344e-06,0.0004573336918838322,"-1,-0.4184924,-0.1776135,0,0.1776135,0.4184924,1",
0,128,transformer.h.5.attn.c_attn.weight,transformer.h.5.attn.c_attn.weight,"(1152, 384)",8,lloyd_global,0.27384141087532043,0.9620465636253357,0.0902787372469902,0.99592524766922,0.6099594235420227,0.9560621976852417,1.1448453664779663,0.5721863508224487,0.9250032901763916,0.00029769953107461333,0.0010382841574028134,3066.775634765625,194,384,0.27384141087532043,0.9620465636253357,1.669496123213321e-05,3.8021535146981478e-06,0.3158230185508728,6.783918252040166e-06,1.3456619853968732e-06,1.6810921806609258e-05,5.21748406754341e-05,0.0025476841256022453,0.7322334051132202,0.7347810864448547,0.38030341267585754,0.46299099922180176,0.10908585041761398,9.345368425783818e-07,0.0002685965155251324,"-1,-0.4198408,-0.1791116,0,0.1791116,0.4198408,1",
0,128,transformer.h.5.attn.c_attn.weight,transformer.h.5.attn.c_attn.weight,"(1152, 384)",8,lloyd_per_tensor_oracle,0.27382948994636536,0.9620485901832581,0.09027609974145889,0.995926022529602,0.6101863980293274,0.9559903144836426,1.1452027559280396,,,0.00029769953107461333,0.0010382841574028134,3066.775634765625,194,384,0.27382948994636536,0.9620485901832581,1.6678990505170077e-05,3.79649645765312e-06,0.31547942757606506,6.783918252040166e-06,1.3456619853968732e-06,1.676888859947212e-05,5.2514915296342224e-05,0.0025159097276628017,0.7310261130332947,0.7335420250892639,0.37991806864738464,0.46270355582237244,0.10897298157215118,9.229037232216797e-07,0.00026816013269126415,"-1,-0.4185715,-0.1789081,0,0.1789081,0.4185715,1",
0,128,transformer.h.5.attn.c_proj.weight,transformer.h.5.attn.c_proj.weight,"(384, 384)",4,lloyd_global,0.27646857500076294,0.9612561464309692,0.10825512558221817,0.9941388368606567,0.5447308421134949,1.0410219430923462,1.1615420579910278,0.4806704819202423,1.0191469192504883,0.0034412157256156206,0.004663802217692137,778571.6875,175,384,0.27646857500076294,0.9612561464309692,0.0001915377943078056,0.00017394928727298975,0.2837795615196228,8.657135185785592e-05,1.7388900232617743e-05,0.00018974659906234592,0.0005464819842018187,0.0017094422364607453,0.6715329885482788,0.673242449760437,0.31304648518562317,0.4451325535774231,0.19937308132648468,1.436073307559127e-05,0.005641434341669083,"-1,-0.4151953,-0.1762106,0,0.1762106,0.4151953,1",
0,128,transformer.h.5.attn.c_proj.weight,transformer.h.5.attn.c_proj.weight,"(384, 384)",4,lloyd_per_tensor_oracle,0.2763609290122986,0.9613944888114929,0.10820887982845306,0.9941467046737671,0.5437673330307007,1.0415037870407104,1.1605427265167236,,,0.0034412157256156206,0.004663802217692137,778571.6875,175,384,0.2763609290122986,0.9613944888114929,0.00019352154049556702,0.00017856963677331805,0.2995673418045044,8.657135185785592e-05,1.7388900232617743e-05,0.00019398165750317276,0.0005208852817304432,0.0017169791972264647,0.6753320693969727,0.6770490407943726,0.3165247440338135,0.4473866820335388,0.1994621902704239,1.4412820746656507e-05,0.005668933037668467,"-1,-0.4243381,-0.1866416,0,0.1866416,0.4243381,1",
0,128,transformer.h.5.attn.c_proj.weight,transformer.h.5.attn.c_proj.weight,"(384, 384)",8,lloyd_global,0.2757647633552551,0.9614635109901428,0.08497364819049835,0.9963912963867188,0.6065136194229126,0.9707263708114624,1.1634407043457031,0.5227982401847839,0.9769362807273865,0.0026608763728290796,0.005233330652117729,778571.6875,175,384,0.2757647633552551,0.9614635109901428,0.00015072229143697768,0.00013725645840168,0.2796766459941864,6.785149889765307e-05,1.3650123037223238e-05,0.00014843065582681447,0.00041195625090040267,0.002030537696555257,0.6735610961914062,0.6755916476249695,0.3161531686782837,0.4476962089538574,0.19364041090011597,1.0506206308491528e-05,0.003485072636976838,"-1,-0.4198408,-0.1791116,0,0.1791116,0.4198408,1",
0,128,transformer.h.5.attn.c_proj.weight,transformer.h.5.attn.c_proj.weight,"(384, 384)",8,lloyd_per_tensor_oracle,0.2757686376571655,0.9616070985794067,0.08497442305088043,0.9963933825492859,0.6064801812171936,0.9717587828636169,1.1651674509048462,,,0.0026608763728290796,0.005233330652117729,778571.6875,175,384,0.2757686376571655,0.9616070985794067,0.0001525397674413398,0.00014128279872238636,0.2979261577129364,6.785149889765307e-05,1.3650123037223238e-05,0.00015256254118867218,0.0003871029184665531,0.001563324243761599,0.6782224774360657,0.6797857880592346,0.3196084797382355,0.4496680498123169,0.19645461440086365,8.089039511105511e-06,0.0035092965699732304,"-1,-0.4313813,-0.1913119,0,0.1913119,0.4313813,1",
0,128,transformer.h.5.mlp.w1.weight,transformer.h.5.mlp.w1.weight,"(1024, 384)",4,lloyd_global,0.30489030480384827,0.9532978534698486,0.16457223892211914,0.9864480495452881,0.7209629416465759,0.7239163517951965,0.9303333759307861,0.7549046277999878,0.700145959854126,0.0006145975785329938,0.0016160845989361405,236.867431640625,118,384,0.30489030480384827,0.9532978534698486,3.1985255191102624e-05,2.7974789190921e-05,0.3624216616153717,1.6353722458006814e-05,3.345627874296042e-06,3.332991764182225e-05,9.362255514133722e-05,0.0010366231435909867,0.45436373353004456,0.45540037751197815,0.6009483933448792,0.3168012499809265,0.01723325625061989,3.0602021183767647e-07,0.0001341321476502344,"-1,-0.4151953,-0.1762106,0,0.1762106,0.4151953,1",
0,128,transformer.h.5.mlp.w1.weight,transformer.h.5.mlp.w1.weight,"(1024, 384)",4,lloyd_per_tensor_oracle,0.30282777547836304,0.9537484645843506,0.1634572446346283,0.9866119027137756,0.7223515510559082,0.7225022912025452,0.9316205382347107,,,0.0006145975785329938,0.0016160845989361405,236.867431640625,118,384,0.30282777547836304,0.9537484645843506,3.141636625514366e-05,2.7120011509396136e-05,0.34433236718177795,1.6353722458006814e-05,3.345627874296042e-06,3.233461393392645e-05,9.824039443628863e-05,0.0011453675106167793,0.44617199897766113,0.44731736183166504,0.5917608141899109,0.314929336309433,0.016858097165822983,3.4006501437033876e-07,0.0001324705663137138,"-1,-0.4049449,-0.1664078,0,0.1664078,0.4049449,1",
0,128,transformer.h.5.mlp.w1.weight,transformer.h.5.mlp.w1.weight,"(1024, 384)",8,lloyd_global,0.29997745156288147,0.9548553228378296,0.13692985475063324,0.9906259775161743,0.7641773223876953,0.6691859364509583,0.9424138069152832,0.8004185557365417,0.631801962852478,0.0005062369746156037,0.0011441146489232779,236.867431640625,118,384,0.29997745156288147,0.9548553228378296,2.690808287297841e-05,2.38443462876603e-05,0.3533731997013092,1.3234865036793053e-05,2.7051937649957836e-06,2.7931746444664896e-05,7.54313005018048e-05,0.000990243162959814,0.4622369706630707,0.46322721242904663,0.6094998121261597,0.31210997700691223,0.01642313413321972,1.9934633144202962e-07,9.305315325036645e-05,"-1,-0.4198408,-0.1791116,0,0.1791116,0.4198408,1",
0,128,transformer.h.5.mlp.w1.weight,transformer.h.5.mlp.w1.weight,"(1024, 384)",8,lloyd_per_tensor_oracle,0.29807838797569275,0.9552354216575623,0.13606105744838715,0.9907351732254028,0.7652889490127563,0.6680035591125488,0.943867564201355,,,0.0005062369746156037,0.0011441146489232779,236.867431640625,118,384,0.29807838797569275,0.9552354216575623,2.6466508643352427e-05,2.3143635189626366e-05,0.33608755469322205,1.3234865036793053e-05,2.7051937649957836e-06,2.7150117603014223e-05,7.89790865383111e-05,0.0012275326298549771,0.4551806151866913,0.45640814304351807,0.6005368828773499,0.3106423616409302,0.016000797972083092,2.4809531851133215e-07,9.199606574838981e-05,"-1,-0.4103559,-0.1695415,0,0.1695415,0.4103559,1",
0,128,transformer.h.5.mlp.w2.weight,transformer.h.5.mlp.w2.weight,"(1024, 384)",4,lloyd_global,0.304139643907547,0.9535697102546692,0.16942210495471954,0.9856534600257874,0.7175688743591309,0.7275685667991638,0.9279311895370483,0.7508913278579712,0.7058509588241577,0.0005993516533635557,0.0015754586784169078,224.5758514404297,112,384,0.304139643907547,0.9535697102546692,3.130043114651926e-05,2.7320995286572725e-05,0.36308541893959045,1.5815929145901464e-05,3.223711701139109e-06,3.257269781897776e-05,9.236642654286698e-05,0.0008589740027673542,0.43740716576576233,0.4382661283016205,0.5967113375663757,0.324491411447525,0.016683470457792282,2.477621876550984e-07,0.00012616558524314314,"-1,-0.4151953,-0.1762106,0,0.1762106,0.4151953,1",
0,128,transformer.h.5.mlp.w2.weight,transformer.h.5.mlp.w2.weight,"(1024, 384)",4,lloyd_per_tensor_oracle,0.3022397756576538,0.9539770483970642,0.16835936903953552,0.9858139753341675,0.7185634970664978,0.7269520163536072,0.9301888942718506,,,0.0005993516533635557,0.0015754586784169078,224.5758514404297,112,384,0.3022397756576538,0.9539770483970642,3.080749957007356e-05,2.6537727535469458e-05,0.3456064760684967,1.5815929145901464e-05,3.223711701139109e-06,3.1728894100524485e-05,9.58798045758158e-05,0.001001001801341772,0.43019798398017883,0.43119898438453674,0.5890316963195801,0.3230976164340973,0.01646672748029232,2.8974511678825365e-07,0.000124523023259826,"-1,-0.4072275,-0.1667196,0,0.1667196,0.4072275,1",
0,128,transformer.h.5.mlp.w2.weight,transformer.h.5.mlp.w2.weight,"(1024, 384)",8,lloyd_global,0.30113667249679565,0.9545279741287231,0.14065521955490112,0.9901103377342224,0.7620713710784912,0.6723451018333435,0.9431627988815308,0.7977691888809204,0.6359798908233643,0.000495239335577935,0.001289220410399139,224.5758514404297,112,384,0.30113667249679565,0.9545279741287231,2.618754115246702e-05,2.3005733964964747e-05,0.35625967383384705,1.3115338333591353e-05,2.671603851922555e-06,2.722402314248029e-05,7.414437277475372e-05,0.001251916983164847,0.4375803768634796,0.43883228302001953,0.6054871678352356,0.3189277946949005,0.01589333266019821,2.4483807692377013e-07,8.557782712159678e-05,"-1,-0.4198408,-0.1791116,0,0.1791116,0.4198408,1",
0,128,transformer.h.5.mlp.w2.weight,transformer.h.5.mlp.w2.weight,"(1024, 384)",8,lloyd_per_tensor_oracle,0.29883328080177307,0.9549999833106995,0.13957789540290833,0.9902490973472595,0.7642732858657837,0.6697092056274414,0.9448683261871338,,,0.000495239335577935,0.001289220410399139,224.5758514404297,112,384,0.29883328080177307,0.9549999833106995,2.5658102458692156e-05,2.219464658992365e-05,0.3368326723575592,1.3115338333591353e-05,2.671603851922555e-06,2.6277337383362465e-05,7.870634726714343e-05,0.0012921328889206052,0.4291313886642456,0.4304234981536865,0.5961171984672546,0.31500136852264404,0.01582341268658638,2.543621633321891e-07,8.4476443589665e-05,"-1,-0.407331,-0.1683027,0,0.1683027,0.407331,1",
0,128,transformer.h.5.mlp.c_proj.weight,transformer.h.5.mlp.c_proj.weight,"(384, 1024)",4,lloyd_global,0.35654211044311523,0.9383230805397034,0.21925972402095795,0.9762311577796936,0.7164870500564575,0.7355983853340149,0.9498310089111328,0.7304074764251709,0.7342988848686218,0.003049915423616767,0.005404767580330372,177.9794158935547,70,384,0.35654211044311523,0.9383230805397034,0.00014530621410813183,0.00013511735596694052,0.476043701171875,7.778022700222209e-05,1.5847899703658186e-05,0.00016763454186730087,0.00042916653910651803,0.0004500189970713109,0.30771782994270325,0.30816784501075745,0.6597647070884705,0.2979922294616699,0.01201713364571333,2.262305997646763e-06,0.0015469389036297798,"-1,-0.4151953,-0.1762106,0,0.1762106,0.4151953,1",
0,128,transformer.h.5.mlp.c_proj.weight,transformer.h.5.mlp.c_proj.weight,"(384, 1024)",4,lloyd_per_tensor_oracle,0.3225916922092438,0.9472585916519165,0.19838330149650574,0.9802247285842896,0.7441813349723816,0.6994582414627075,0.9516332745552063,,,0.003049915423616767,0.005404767580330372,177.9794158935547,70,384,0.3225916922092438,0.9472585916519165,0.00012305995915085077,0.00010796869173645973,0.3652699887752533,7.778022700222209e-05,1.5847899703658186e-05,0.00013244434376247227,0.0006008331547491252,0.0008128738263621926,0.27087390422821045,0.27168676257133484,0.5971745848655701,0.29019591212272644,0.012677560560405254,3.7598711060127243e-06,0.0012529016239568591,"-1,-0.3288582,-0.1294913,0,0.1294913,0.3288582,1",
0,128,transformer.h.5.mlp.c_proj.weight,transformer.h.5.mlp.c_proj.weight,"(384, 1024)",8,lloyd_global,0.33986884355545044,0.9435230493545532,0.17483898997306824,0.9848068356513977,0.7724519968032837,0.6603278517723083,0.9532992839813232,0.7905316948890686,0.6472623944282532,0.0023727191146463156,0.004284915514290333,177.9794158935547,70,384,0.33986884355545044,0.9435230493545532,0.00011626193736447021,0.00010873115388676524,0.44542694091796875,6.039992513251491e-05,1.2289544429222587e-05,0.00013170464080758393,0.0003304431156720966,0.0006487756036221981,0.305746853351593,0.30639562010765076,0.658366858959198,0.29687759280204773,0.011330067180097103,2.071583367069252e-06,0.0009762698318809271,"-1,-0.4198408,-0.1791116,0,0.1791116,0.4198408,1",
0,128,transformer.h.5.mlp.c_proj.weight,transformer.h.5.mlp.c_proj.weight,"(384, 1024)",8,lloyd_per_tensor_oracle,0.31442391872406006,0.9498940706253052,0.16175594925880432,0.9868790507316589,0.7922950387001038,0.6324782967567444,0.9588808417320251,,,0.0023727191146463156,0.004284915514290333,177.9794158935547,70,384,0.31442391872406006,0.9498940706253052,0.0001013201181194745,8.99844744708389e-05,0.352294921875,6.039992513251491e-05,1.2289544429222587e-05,0.00010809826198965311,0.00045641971519216895,0.0009293872280977666,0.2733069956302643,0.27423638105392456,0.604883074760437,0.28597065806388855,0.011805173940956593,2.8407307581801433e-06,0.0008353801094926894,"-1,-0.3418267,-0.1374027,0,0.1374027,0.3418267,1",
0,512,transformer.h.0.attn.c_attn.weight,transformer.h.0.attn.c_attn.weight,"(1152, 384)",4,lloyd_global,0.276266872882843,0.9612905979156494,0.1621081680059433,0.9867928624153137,0.6135062575340271,0.8843359351158142,1.011547565460205,0.6432956457138062,0.8446377515792847,0.0008736107847653329,0.002731798682361841,484.9102478027344,171,384,0.276266872882843,0.9612905979156494,4.821689071832225e-05,1.7642596503719687e-05,0.33453822135925293,1.9884042558260262e-05,4.059647380927345e-06,4.897030521533452e-05,0.00015697850903961807,0.0011198243591934443,0.5828523635864258,0.583972156047821,0.44770652055740356,0.4424431622028351,0.049279648810625076,2.594075795059325e-06,0.001350178848952055,"-1,-0.4151953,-0.1762106,0,0.1762106,0.4151953,1",
0,512,transformer.h.0.attn.c_attn.weight,transformer.h.0.attn.c_attn.weight,"(1152, 384)",4,lloyd_per_tensor_oracle,0.2762335538864136,0.9613248705863953,0.16208823025226593,0.9867989420890808,0.6138221025466919,0.8842166066169739,1.0120829343795776,,,0.0008736107847653329,0.002731798682361841,484.9102478027344,171,384,0.2762335538864136,0.9613248705863953,4.8339381464757025e-05,1.7700875105219893e-05,0.3352457582950592,1.9884042558260262e-05,4.059647380927345e-06,4.930543582304381e-05,0.00015415051893796772,0.001094455597922206,0.5849448442459106,0.5860393047332764,0.4486890733242035,0.44393467903137207,0.049107663333415985,2.5319923224742524e-06,0.0013532533776015043,"-1,-0.418778,-0.1766354,0,0.1766354,0.418778,1",
0,512,transformer.h.0.attn.c_attn.weight,transformer.h.0.attn.c_attn.weight,"(1152, 384)",8,lloyd_global,0.2728268802165985,0.9622339606285095,0.13324493169784546,0.9910901188850403,0.6608559489250183,0.8321858048439026,1.0203816890716553,0.6919622421264648,0.7849071621894836,0.0007303946185857058,0.002043129177764058,484.9102478027344,171,384,0.2728268802165985,0.9622339606285095,4.0683618863113225e-05,1.6266749298665673e-05,0.33312535285949707,1.6715017409296706e-05,3.370109652678366e-06,4.123514736420475e-05,0.0001300100702792406,0.0008244085474871099,0.5794966816902161,0.5803211331367493,0.44477182626724243,0.4445233941078186,0.048546869307756424,1.2820443089367473e-06,0.0009011799702420831,"-1,-0.4198408,-0.1791116,0,0.1791116,0.4198408,1",
0,512,transformer.h.0.attn.c_attn.weight,transformer.h.0.attn.c_attn.weight,"(1152, 384)",8,lloyd_per_tensor_oracle,0.27291056513786316,0.9622117280960083,0.13328616321086884,0.991085410118103,0.660544216632843,0.8325614333152771,1.0203672647476196,,,0.0007303946185857058,0.002043129177764058,484.9102478027344,171,384,0.27291056513786316,0.9622117280960083,4.068615089636296e-05,1.62537326104939e-05,0.3315904438495636,1.6715017409296706e-05,3.370109652678366e-06,4.1266237531090155e-05,0.00012956431601196527,0.0008358469349332154,0.5794640779495239,0.5802999138832092,0.4446144104003906,0.44464531540870667,0.04846035689115524,1.3003098047192907e-06,0.0009014602983370423,"-1,-0.4204958,-0.178171,0,0.178171,0.4204958,1",
0,512,transformer.h.0.attn.c_proj.weight,transformer.h.0.attn.c_proj.weight,"(384, 384)",4,lloyd_global,0.2751687467098236,0.9615870118141174,0.1712626814842224,0.9852535724639893,0.5809590816497803,0.9375686645507812,1.046305537223816,0.5530828833580017,0.945429265499115,0.0062356493435800076,0.010509917512536049,75645.828125,148,384,0.2751687467098236,0.9615870118141174,0.0003498396254144609,0.0003176282625645399,0.2780626118183136,0.0001584408455528319,3.1497613235842437e-05,0.00034365704050287604,0.0009902742458507419,0.0008528144680894911,0.5946177840232849,0.5954706072807312,0.35502156615257263,0.4517693817615509,0.14796368777751923,2.396808486082591e-05,0.01671154797077179,"-1,-0.4151953,-0.1762106,0,0.1762106,0.4151953,1",
0,512,transformer.h.0.attn.c_proj.weight,transformer.h.0.attn.c_proj.weight,"(384, 384)",4,lloyd_per_tensor_oracle,0.2748856842517853,0.961847722530365,0.17108391225337982,0.9853110313415527,0.5793123841285706,0.9403108954429626,1.0481266975402832,,,0.0062356493435800076,0.010509917512536049,75645.828125,148,384,0.2748856842517853,0.961847722530365,0.0003545589279383421,0.0003279061056673527,0.2973090410232544,0.0001584408455528319,3.1497613235842437e-05,0.0003543317143339664,0.000924368912819773,0.0010263589210808277,0.6021173596382141,0.6031436920166016,0.3577192723751068,0.4562939703464508,0.15068408846855164,2.8786193070118316e-05,0.01688753068447113,"-1,-0.4282553,-0.1890222,0,0.1890222,0.4282553,1",
0,512,transformer.h.0.attn.c_proj.weight,transformer.h.0.attn.c_proj.weight,"(384, 384)",8,lloyd_global,0.2700997292995453,0.9629936814308167,0.1384107917547226,0.9903845191001892,0.633393406867981,0.8779181241989136,1.0480337142944336,0.6017863750457764,0.8924292325973511,0.00484176492318511,0.0064170523546636105,75645.828125,148,384,0.2700997292995453,0.9629936814308167,0.0002815861371345818,0.00025385734625160694,0.2634345293045044,0.00012126899673603475,2.4549544832552783e-05,0.0002698176831472665,0.0007720569265075028,0.0010564462281763554,0.5904472470283508,0.5915036797523499,0.35191693902015686,0.45759886503219604,0.14622750878334045,1.9391205569263548e-05,0.010837734676897526,"-1,-0.4198408,-0.1791116,0,0.1791116,0.4198408,1",
0,512,transformer.h.0.attn.c_proj.weight,transformer.h.0.attn.c_proj.weight,"(384, 384)",8,lloyd_per_tensor_oracle,0.2689017355442047,0.963566243648529,0.13779354095458984,0.9904863238334656,0.6305833458900452,0.8827690482139587,1.051195502281189,,,0.00484176492318511,0.0064170523546636105,75645.828125,148,384,0.2689017355442047,0.963566243648529,0.00028708757599815726,0.00026732590049505234,0.2890557050704956,0.00012126899673603475,2.4549544832552783e-05,0.00028514035511761904,0.0006765146390534937,0.000985405989922583,0.5983397960662842,0.5993251800537109,0.35804283618927,0.46404606103897095,0.14748969674110413,1.7927171938936226e-05,0.01088540256023407,"-1,-0.4441454,-0.1979349,0,0.1979349,0.4441454,1",
0,512,transformer.h.0.mlp.w1.weight,transformer.h.0.mlp.w1.weight,"(1024, 384)",4,lloyd_global,0.2898220419883728,0.9577265381813049,0.20907904207706451,0.978084146976471,0.9043979048728943,0.439669668674469,1.010409951210022,0.901812732219696,0.44315364956855774,0.0016453723656013608,0.002648375229910016,68.55941009521484,0,384,0.2898220419883728,0.9577265381813049,8.7663960584905e-05,7.897459727246314e-05,0.32514190673828125,4.220339542371221e-05,8.494846042594872e-06,8.989778143586591e-05,0.00025488261599093676,0.0,0.0,0.0,0.74851393699646,0.18217889964580536,0.0016723325243219733,0.0,0.0,"-1,-0.4151953,-0.1762106,0,0.1762106,0.4151953,1",
0,512,transformer.h.0.mlp.w1.weight,transformer.h.0.mlp.w1.weight,"(1024, 384)",4,lloyd_per_tensor_oracle,0.2891904413700104,0.9578170776367188,0.20862194895744324,0.978144645690918,0.9050314426422119,0.438141405582428,1.0101103782653809,,,0.0016453723656013608,0.002648375229910016,68.55941009521484,0,384,0.2891904413700104,0.9578170776367188,8.687392255524173e-05,7.784606714267284e-05,0.31878662109375,4.220339542371221e-05,8.494846042594872e-06,8.83082248037681e-05,0.0002653298433870077,0.0,0.0,0.0,0.7419976592063904,0.17987632751464844,0.0017033984186127782,0.0,0.0,"-1,-0.4068147,-0.1723307,0,0.1723307,0.4068147,1",
0,512,transformer.h.0.mlp.w1.weight,transformer.h.0.mlp.w1.weight,"(1024, 384)",8,lloyd_global,0.28761178255081177,0.9583516716957092,0.19345489144325256,0.9812243580818176,0.9158771634101868,0.41224750876426697,1.0095211267471313,0.9134032726287842,0.41618144512176514,0.0015076537383720279,0.002347802510485053,68.55941009521484,0,384,0.28761178255081177,0.9583516716957092,8.14982849988155e-05,7.400284812320024e-05,0.32232919335365295,3.8422516809077933e-05,7.778272447467316e-06,8.347439870703965e-05,0.00022957753390073776,0.0,0.0,0.0,0.7476168870925903,0.1796770542860031,0.0019263600697740912,0.0,0.0,"-1,-0.4198408,-0.1791116,0,0.1791116,0.4198408,1",
0,512,transformer.h.0.mlp.w1.weight,transformer.h.0.mlp.w1.weight,"(1024, 384)",8,lloyd_per_tensor_oracle,0.28707587718963623,0.9584004878997803,0.19309476017951965,0.9812747240066528,0.9162092208862305,0.4113880395889282,1.0093215703964233,,,0.0015076537383720279,0.002347802510485053,68.55941009521484,0,384,0.28707587718963623,0.9584004878997803,8.083568536676466e-05,7.295122486539185e-05,0.3160349428653717,3.8422516809077933e-05,7.778272447467316e-06,8.211159729398787e-05,0.00023853541642893106,0.0,0.0,0.0,0.740618109703064,0.17896826565265656,0.0018266262486577034,0.0,0.0,"-1,-0.4121341,-0.1754161,0,0.1754161,0.4121341,1",
0,512,transformer.h.0.mlp.w2.weight,transformer.h.0.mlp.w2.weight,"(1024, 384)",4,lloyd_global,0.2917086184024811,0.9571686387062073,0.21535030007362366,0.976733922958374,0.9001632332801819,0.44950827956199646,1.0112513303756714,0.8977053761482239,0.4523274898529053,0.0016213267808780074,0.00279341172426939,66.1241226196289,0,384,0.2917086184024811,0.9571686387062073,8.643234468763694e-05,7.81965209171176e-05,0.3338674008846283,4.146788705838844e-05,8.366400834347587e-06,8.88093127286993e-05,0.00025471599656157196,0.0,0.0,0.0,0.7376726865768433,0.1917150914669037,0.0015187108656391501,0.0,0.0,"-1,-0.4151953,-0.1762106,0,0.1762106,0.4151953,1",
0,512,transformer.h.0.mlp.w2.weight,transformer.h.0.mlp.w2.weight,"(1024, 384)",4,lloyd_per_tensor_oracle,0.2911163866519928,0.9572412371635437,0.2149127721786499,0.9767988920211792,0.9006444811820984,0.44849634170532227,1.011549949645996,,,0.0016213267808780074,0.00279341172426939,66.1241226196289,0,384,0.2911163866519928,0.9572412371635437,8.568078192183748e-05,7.695030944887549e-05,0.32575225830078125,4.146788705838844e-05,8.366400834347587e-06,8.734357834327966e-05,0.0002636632416397333,0.0,0.0,0.0,0.7320829629898071,0.1900271624326706,0.0014858938520774245,0.0,0.0,"-1,-0.4079576,-0.1716795,0,0.1716795,0.4079576,1",
0,512,transformer.h.0.mlp.w2.weight,transformer.h.0.mlp.w2.weight,"(1024, 384)",8,lloyd_global,0.29166650772094727,0.9572557806968689,0.19999141991138458,0.9799678921699524,0.9121532440185547,0.421183705329895,1.0091506242752075,0.9092310070991516,0.4260842800140381,0.0015110904350876808,0.0026774476282298565,66.1241226196289,0,384,0.29166650772094727,0.9572557806968689,8.076379162957892e-05,7.354879926424474e-05,0.33749136328697205,3.852580630336888e-05,7.779001862218138e-06,8.354108285857365e-05,0.00023200392024591565,0.0,0.0,0.0,0.745268702507019,0.1888369619846344,0.0015158961759880185,0.0,0.0,"-1,-0.4198408,-0.1791116,0,0.1791116,0.4198408,1",
0,512,transformer.h.0.mlp.w2.weight,transformer.h.0.mlp.w2.weight,"(1024, 384)",8,lloyd_per_tensor_oracle,0.2904092073440552,0.9574376940727234,0.19912868738174438,0.9800950884819031,0.9127939939498901,0.41952085494995117,1.0086042881011963,,,0.0015110904350876808,0.0026774476282298565,66.1241226196289,0,384,0.2904092073440552,0.9574376940727234,7.949860446387902e-05,7.150002056732774e-05,0.3239644467830658,3.852580630336888e-05,7.779001862218138e-06,8.109795453492552e-05,0.00024711256264708936,0.0,0.0,0.0,0.733008861541748,0.187546506524086,0.0016337557462975383,0.0,0.0,"-1,-0.4068568,-0.1715226,0,0.1715226,0.4068568,1",
0,512,transformer.h.0.mlp.c_proj.weight,transformer.h.0.mlp.c_proj.weight,"(384, 1024)",4,lloyd_global,0.320574015378952,0.9491279125213623,0.2632446885108948,0.9655770659446716,0.8491379618644714,0.5554452538490295,1.0210282802581787,0.8418749570846558,0.5623743534088135,0.007017423864454031,0.01176525093615055,64.38312530517578,0,384,0.320574015378952,0.9491279125213623,0.00034912771661765873,0.00032782170455902815,0.40706634521484375,0.00017765304073691368,3.585379454307258e-05,0.00038471477455459535,0.0010662920540198684,0.0,0.0,0.0,0.6898738741874695,0.26507076621055603,0.0012623610673472285,0.0,0.0,"-1,-0.4151953,-0.1762106,0,0.1762106,0.4151953,1",
0,512,transformer.h.0.mlp.c_proj.weight,transformer.h.0.mlp.c_proj.weight,"(384, 1024)",4,lloyd_per_tensor_oracle,0.3078018128871918,0.9519968032836914,0.2527577877044678,0.9677786827087402,0.8577636480331421,0.538524866104126,1.0182545185089111,,,0.007017423864454031,0.01176525093615055,64.38312530517578,0,384,0.3078018128871918,0.9519968032836914,0.00031940595363266766,0.00028707366436719894,0.34521737694740295,0.00017765304073691368,3.585379454307258e-05,0.0003362685674801469,0.0013525416143238544,0.0,0.0,0.0,0.64662766456604,0.2556164264678955,0.0015520614106208086,0.0,0.0,"-1,-0.3592046,-0.1463093,0,0.1463093,0.3592046,1",
0,512,transformer.h.0.mlp.c_proj.weight,transformer.h.0.mlp.c_proj.weight,"(384, 1024)",8,lloyd_global,0.31169798970222473,0.9517261981964111,0.23491565883159637,0.9725216627120972,0.8725375533103943,0.5096059441566467,1.0174872875213623,0.8653590083122253,0.5189375877380371,0.006111711263656616,0.009979923255741596,64.38312530517578,0,384,0.31169798970222473,0.9517261981964111,0.0003115968138445169,0.0002927449531853199,0.38835906982421875,0.00015431776409968734,3.1365445465780795e-05,0.0003391216741874814,0.0009093924891203642,0.0,0.0,0.0,0.6902637481689453,0.2610868215560913,0.001123294117860496,0.0,0.0,"-1,-0.4198408,-0.1791116,0,0.1791116,0.4198408,1",
0,512,transformer.h.0.mlp.c_proj.weight,transformer.h.0.mlp.c_proj.weight,"(384, 1024)",8,lloyd_per_tensor_oracle,0.30199694633483887,0.9538088440895081,0.22760352492332458,0.9739108681678772,0.8790141940116882,0.49581795930862427,1.0150022506713867,,,0.006111711263656616,0.009979923255741596,64.38312530517578,0,384,0.30199694633483887,0.9538088440895081,0.0002896841324400157,0.00026195409009233117,0.33657583594322205,0.00015431776409968734,3.1365445465780795e-05,0.0003024851030204445,0.001133754733018577,0.0,0.0,0.0,0.6507348418235779,0.25343236327171326,0.0013269762275740504,0.0,0.0,"-1,-0.3705017,-0.1529157,0,0.1529157,0.3705017,1",
0,512,transformer.h.1.attn.c_attn.weight,transformer.h.1.attn.c_attn.weight,"(1152, 384)",4,lloyd_global,0.2740299105644226,0.9618741869926453,0.17534139752388,0.9845284223556519,0.5712299346923828,0.9375907182693481,1.0244135856628418,0.5937872529029846,0.9013504385948181,0.0007455545710399747,0.0024187262170016766,626.2000732421875,196,384,0.2740299105644226,0.9618741869926453,4.1776344005484134e-05,1.574645284563303e-05,0.31389251351356506,1.718668863759376e-05,3.4282588785572443e-06,4.16431539633777e-05,0.0001346307253697887,0.0010788494255393744,0.6453139781951904,0.646392822265625,0.4185984134674072,0.4486144483089447,0.06557618826627731,1.7826054090619436e-06,0.0010662657441571355,"-1,-0.4151953,-0.1762106,0,0.1762106,0.4151953,1",
0,512,transformer.h.1.attn.c_attn.weight,transformer.h.1.attn.c_attn.weight,"(1152, 384)",4,lloyd_per_tensor_oracle,0.2735481262207031,0.9620749950408936,0.17503228783607483,0.9845916628837585,0.5716877579689026,0.9371657371520996,1.0245698690414429,,,0.0007455545710399747,0.0024187262170016766,626.2000732421875,196,384,0.2735481262207031,0.9620749950408936,4.204839569865726e-05,1.597178379597608e-05,0.32097935676574707,1.718668863759376e-05,3.4282588785572443e-06,4.235829328536056e-05,0.00012905750190839171,0.0010382707696408033,0.6480793356895447,0.6491175889968872,0.4201893210411072,0.45361942052841187,0.06589803844690323,1.7050472251867177e-06,0.0010642752749845386,"-1,-0.4233778,-0.1805081,0,0.1805081,0.4233778,1",
0,512,transformer.h.1.attn.c_attn.weight,transformer.h.1.attn.c_attn.weight,"(1152, 384)",8,lloyd_global,0.2719106376171112,0.9625262022018433,0.14259755611419678,0.9897971153259277,0.6199098825454712,0.8864572048187256,1.0323302745819092,0.6446014046669006,0.8430923223495483,0.0006164976512081921,0.001774452393874526,626.2000732421875,196,384,0.2719106376171112,0.9625262022018433,3.479482256807387e-05,1.4369477867148817e-05,0.31519007682800293,1.4104470210440923e-05,2.8334418402664596e-06,3.4668573789531365e-05,0.00011118798283860087,0.0010976665653288364,0.6508920192718506,0.6519896984100342,0.4231550097465515,0.44780847430229187,0.06794746220111847,1.1944679272346548e-06,0.0007082930533215404,"-1,-0.4198408,-0.1791116,0,0.1791116,0.4198408,1",
0,512,transformer.h.1.attn.c_attn.weight,transformer.h.1.attn.c_attn.weight,"(1152, 384)",8,lloyd_per_tensor_oracle,0.27170369029045105,0.9625852704048157,0.14249014854431152,0.9898152351379395,0.6194841861724854,0.8873470425605774,1.033176064491272,,,0.0006164976512081921,0.001774452393874526,626.2000732421875,196,384,0.27170369029045105,0.9625852704048157,3.48878966178745e-05,1.445837551727891e-05,0.31803610920906067,1.4104470210440923e-05,2.8334418402664596e-06,3.491681854939088e-05,0.00010922949877567589,0.0010946787660941482,0.6536844372749329,0.6547790765762329,0.4241377115249634,0.44909903407096863,0.06785088777542114,1.189018007607956e-06,0.0007100188522599638,"-1,-0.4232566,-0.1808477,0,0.1808477,0.4232566,1",
0,512,transformer.h.1.attn.c_proj.weight,transformer.h.1.attn.c_proj.weight,"(384, 384)",4,lloyd_global,0.27186909317970276,0.9624757766723633,0.17030857503414154,0.9854156970977783,0.5561544299125671,0.9772095084190369,1.0702018737792969,0.5191143155097961,0.9806999564170837,0.004797721281647682,0.005909884348511696,395964.0,159,384,0.27186909317970276,0.9624757766723633,0.0002735141315497458,0.0002474229549989104,0.2655097246170044,0.0001206141896545887,2.4173739802790806e-05,0.00026433999300934374,0.0007776755373924971,0.0013165121199563146,0.6245200037956238,0.6258364915847778,0.32657918334007263,0.4529751241207123,0.17182433605194092,2.274878897878807e-05,0.010791448876261711,"-1,-0.4151953,-0.1762106,0,0.1762106,0.4151953,1",
0,512,transformer.h.1.attn.c_proj.weight,transformer.h.1.attn.c_proj.weight,"(384, 384)",4,lloyd_per_tensor_oracle,0.2707827091217041,0.9629544019699097,0.16962513327598572,0.9855603575706482,0.5576729774475098,0.9745238423347473,1.0682556629180908,,,0.004797721281647682,0.005909884348511696,395964.0,159,384,0.2707827091217041,0.9629544019699097,0.0002783876843750477,0.00025937589816749096,0.2912868857383728,0.0001206141896545887,2.4173739802790806e-05,0.0002767559781204909,0.000696280796546489,0.001309388899244368,0.6334864497184753,0.6347957849502563,0.33032581210136414,0.45865070819854736,0.1752554178237915,2.244524148409255e-05,0.010859077796339989,"-1,-0.4357457,-0.1936581,0,0.1936581,0.4357457,1",
0,512,transformer.h.1.attn.c_proj.weight,transformer.h.1.attn.c_proj.weight,"(384, 384)",8,lloyd_global,0.27075880765914917,0.9627715349197388,0.14160165190696716,0.9899338483810425,0.5944240689277649,0.9359883069992065,1.0733953714370728,0.5541781783103943,0.9442687630653381,0.003938896581530571,0.005327187478542328,395964.0,159,384,0.27075880765914917,0.9627715349197388,0.00022752968652639538,0.0002055907971225679,0.2661064863204956,9.981314360629767e-05,2.008414958254434e-05,0.0002188692888012156,0.0006197445909492671,0.0012205606326460838,0.6251866221427917,0.6264071464538574,0.3290005624294281,0.45126107335090637,0.1704772561788559,1.4579435628547799e-05,0.007467771414667368,"-1,-0.4198408,-0.1791116,0,0.1791116,0.4198408,1",
0,512,transformer.h.1.attn.c_proj.weight,transformer.h.1.attn.c_proj.weight,"(384, 384)",8,lloyd_per_tensor_oracle,0.26957789063453674,0.9633225798606873,0.14098531007766724,0.9900398254394531,0.5959588885307312,0.9335935711860657,1.072153925895691,,,0.003938896581530571,0.005327187478542328,395964.0,159,384,0.26957789063453674,0.9633225798606873,0.00023194060486275703,0.0002157931448891759,0.2920193076133728,9.981314360629767e-05,2.008414958254434e-05,0.00023106129083316773,0.0005433071055449545,0.0012526493519544601,0.6351925730705261,0.6364452242851257,0.334119588136673,0.45911407470703125,0.1744299679994583,1.4832486158411484e-05,0.007521246559917927,"-1,-0.44365,-0.1975662,0,0.1975662,0.44365,1",
0,512,transformer.h.1.mlp.w1.weight,transformer.h.1.mlp.w1.weight,"(1024, 384)",4,lloyd_global,0.30741065740585327,0.9527085423469543,0.2402532994747162,0.9711005091667175,0.8705219626426697,0.513382613658905,1.016669511795044,0.8640996813774109,0.5213543176651001,0.0013803421752527356,0.003704407950863242,60.80396270751953,0,384,0.30741065740585327,0.9527085423469543,7.182333501987159e-05,6.242218660190701e-05,0.3619842529296875,3.7079433241160586e-05,7.54924485590891e-06,7.483791705453768e-05,0.00020332689746282995,0.0,0.0,0.0,0.6744015216827393,0.26662489771842957,0.0017893122276291251,0.0,0.0,"-1,-0.4151953,-0.1762106,0,0.1762106,0.4151953,1",
0,512,transformer.h.1.mlp.w1.weight,transformer.h.1.mlp.w1.weight,"(1024, 384)",4,lloyd_per_tensor_oracle,0.3047865331172943,0.953292191028595,0.2381986379623413,0.9715226888656616,0.8723222017288208,0.5096837878227234,1.0162417888641357,,,0.0013803421752527356,0.003704407950863242,60.80396270751953,0,384,0.3047865331172943,0.953292191028595,7.050643762340769e-05,6.054295590729453e-05,0.34352365136146545,3.7079433241160586e-05,7.54924485590891e-06,7.256757817231119e-05,0.00021301150263752788,0.0,0.0,0.0,0.6680449843406677,0.2636975049972534,0.0018333084881305695,0.0,0.0,"-1,-0.4051769,-0.1661417,0,0.1661417,0.4051769,1",
0,512,transformer.h.1.mlp.w1.weight,transformer.h.1.mlp.w1.weight,"(1024, 384)",8,lloyd_global,0.3067413866519928,0.952908456325531,0.22118715941905975,0.9755247831344604,0.885814368724823,0.48153918981552124,1.0144044160842896,0.8791940212249756,0.49155110120773315,0.001267836894840002,0.002982957288622856,60.80396270751953,0,384,0.3067413866519928,0.952908456325531,6.661381485173479e-05,5.8465899201110005e-05,0.3633982241153717,3.3808242733357474e-05,6.88046975483303e-06,6.964142812648788e-05,0.0001857615279732272,0.0,0.0,0.0,0.681648313999176,0.26061758399009705,0.0016093985177576542,0.0,0.0,"-1,-0.4198408,-0.1791116,0,0.1791116,0.4198408,1",
0,512,transformer.h.1.mlp.w1.weight,transformer.h.1.mlp.w1.weight,"(1024, 384)",8,lloyd_per_tensor_oracle,0.3034006655216217,0.9536399245262146,0.21877864003181458,0.9759755730628967,0.8879839181900024,0.47673743963241577,1.0136266946792603,,,0.001267836894840002,0.002982957288622856,60.80396270751953,0,384,0.3034006655216217,0.9536399245262146,6.498191942228004e-05,5.612700624624267e-05,0.3404032289981842,3.3808242733357474e-05,6.88046975483303e-06,6.677292549284175e-05,0.0001991315366467461,0.0,0.0,0.0,0.6688164472579956,0.2588449716567993,0.0015984178753569722,0.0,0.0,"-1,-0.40523,-0.1665481,0,0.1665481,0.40523,1",
0,512,transformer.h.1.mlp.w2.weight,transformer.h.1.mlp.w2.weight,"(1024, 384)",4,lloyd_global,0.3137696385383606,0.9507231116294861,0.24744120240211487,0.9693422913551331,0.86263507604599,0.5284503102302551,1.0155584812164307,0.8549960255622864,0.5385350584983826,0.0014115461381152272,0.003433313686400652,62.898033142089844,0,384,0.3137696385383606,0.9507231116294861,7.226435263874009e-05,6.297207437455654e-05,0.3818562924861908,3.782010389841162e-05,7.746188202872872e-06,7.642956916242838e-05,0.00021154458227101713,0.0,0.0,0.0,0.6675295829772949,0.2723390758037567,0.002013207646086812,0.0,0.0,"-1,-0.4151953,-0.1762106,0,0.1762106,0.4151953,1",
0,512,transformer.h.1.mlp.w2.weight,transformer.h.1.mlp.w2.weight,"(1024, 384)",4,lloyd_per_tensor_oracle,0.3093549311161041,0.9516955018043518,0.24395741522312164,0.9700555801391602,0.8659599423408508,0.5216870903968811,1.0143897533416748,,,0.0014115461381152272,0.003433313686400652,62.898033142089844,0,384,0.3093549311161041,0.9516955018043518,7.003211067058146e-05,5.988502380205318e-05,0.35308837890625,3.782010389841162e-05,7.746188202872872e-06,7.26068319636397e-05,0.00022880127653479576,0.0,0.0,0.0,0.6539637446403503,0.26728785037994385,0.001969315577298403,0.0,0.0,"-1,-0.3981639,-0.1611774,0,0.1611774,0.3981639,1",
0,512,transformer.h.1.mlp.w2.weight,transformer.h.1.mlp.w2.weight,"(1024, 384)",8,lloyd_global,0.30841976404190063,0.952457845211029,0.2240666151046753,0.9748973250389099,0.8811501860618591,0.49093931913375854,1.0131906270980835,0.8737966418266296,0.5024135708808899,0.0012726670829579234,0.0028499572072178125,62.898033142089844,0,384,0.30841976404190063,0.952457845211029,6.621956708841026e-05,5.873474583495408e-05,0.3758901059627533,3.336864028824493e-05,6.7529649641073775e-06,7.009058754192665e-05,0.00018919877766165882,0.0,0.0,0.0,0.6736405491828918,0.2708778977394104,0.0018451656214892864,0.0,0.0,"-1,-0.4198408,-0.1791116,0,0.1791116,0.4198408,1",
0,512,transformer.h.1.mlp.w2.weight,transformer.h.1.mlp.w2.weight,"(1024, 384)",8,lloyd_per_tensor_oracle,0.303981751203537,0.9534019231796265,0.22083841264247894,0.9755039215087891,0.8846719861030579,0.48347243666648865,1.0126514434814453,,,0.0012726670829579234,0.0028499572072178125,62.898033142089844,0,384,0.303981751203537,0.9534019231796265,6.390285125235096e-05,5.5346390581689775e-05,0.34501394629478455,3.336864028824493e-05,6.7529649641073775e-06,6.604205555049703e-05,0.00020915057393722236,0.0,0.0,0.0,0.6596195697784424,0.2651749849319458,0.0016882787458598614,0.0,0.0,"-1,-0.3981288,-0.1626206,0,0.1626206,0.3981288,1",
0,512,transformer.h.1.mlp.c_proj.weight,transformer.h.1.mlp.c_proj.weight,"(384, 1024)",4,lloyd_global,0.35128700733184814,0.9398370385169983,0.29229292273521423,0.9580432176589966,0.8173879384994507,0.6125158667564392,1.025448203086853,0.8091179728507996,0.6178762316703796,0.006158203352242708,0.010077659040689468,55.39101028442383,0,384,0.35128700733184814,0.9398370385169983,0.00029477642965503037,0.00027760001830756664,0.47508493065834045,0.0001557283103466034,3.1697247322881594e-05,0.0003389335470274091,0.0009142222697846591,0.0,0.0,0.0,0.6753559112548828,0.28970950841903687,0.001730296527966857,0.0,0.0,"-1,-0.4151953,-0.1762106,0,0.1762106,0.4151953,1",
0,512,transformer.h.1.mlp.c_proj.weight,transformer.h.1.mlp.c_proj.weight,"(384, 1024)",4,lloyd_per_tensor_oracle,0.3228704631328583,0.9471232891082764,0.26864826679229736,0.9635603427886963,0.839802086353302,0.5718847513198853,1.0195480585098267,,,0.006158203352242708,0.010077659040689468,55.39101028442383,0,384,0.3228704631328583,0.9471232891082764,0.00025292939972132444,0.0002236684667877853,0.36819204688072205,0.0001557283103466034,3.1697247322881594e-05,0.0002720596385188401,0.0012448792112991214,0.0,0.0,0.0,0.61354660987854,0.28709930181503296,0.001806640182621777,0.0,0.0,"-1,-0.3357821,-0.1309629,0,0.1309629,0.3357821,1",
0,512,transformer.h.1.mlp.c_proj.weight,transformer.h.1.mlp.c_proj.weight,"(384, 1024)",8,lloyd_global,0.329492449760437,0.9465674757957458,0.2511971890926361,0.9687618017196655,0.8516654968261719,0.550226628780365,1.0192114114761353,0.8437269926071167,0.5590665936470032,0.005099891684949398,0.007285707630217075,55.39101028442383,0,384,0.329492449760437,0.9465674757957458,0.00025303245638497174,0.0002391498419456184,0.43485769629478455,0.00012775951472576708,2.612416574265808e-05,0.00028338716947473586,0.0007636434747837484,0.0,0.0,0.0,0.6702736020088196,0.2903676927089691,0.001554004498757422,0.0,0.0,"-1,-0.4198408,-0.1791116,0,0.1791116,0.4198408,1",
0,512,transformer.h.1.mlp.c_proj.weight,transformer.h.1.mlp.c_proj.weight,"(384, 1024)",8,lloyd_per_tensor_oracle,0.31220003962516785,0.9505788087844849,0.23802302777767181,0.9714494347572327,0.8637617230415344,0.5260710716247559,1.0148342847824097,,,0.005099891684949398,0.007285707630217075,55.39101028442383,0,384,0.31220003962516785,0.9505788087844849,0.00022615137277171016,0.00020240998128429055,0.35446929931640625,0.00012775951472576708,2.612416574265808e-05,0.00023992422211449593,0.0010000914335250854,0.0,0.0,0.0,0.6259883642196655,0.2779456079006195,0.0016725955065339804,0.0,0.0,"-1,-0.3554887,-0.1421161,0,0.1421161,0.3554887,1",
0,512,transformer.h.2.attn.c_attn.weight,transformer.h.2.attn.c_attn.weight,"(1152, 384)",4,lloyd_global,0.2735249400138855,0.961999773979187,0.1634475439786911,0.9865670800209045,0.5577074289321899,0.9680357575416565,1.0558302402496338,0.5699154138565063,0.9274548292160034,0.0006175863090902567,0.0018529165536165237,878.7490844726562,222,384,0.2735249400138855,0.961999773979187,3.4501539630582556e-05,1.4429897419176996e-05,0.31480124592781067,1.4367354197020177e-05,2.8155045583844185e-06,3.440443106228486e-05,0.00011000646190950647,0.0015383735299110413,0.7119216918945312,0.7134600281715393,0.4053013026714325,0.44774511456489563,0.07646279036998749,1.6117264749482274e-06,0.0007458676118403673,"-1,-0.4151953,-0.1762106,0,0.1762106,0.4151953,1",
0,512,transformer.h.2.attn.c_attn.weight,transformer.h.2.attn.c_attn.weight,"(1152, 384)",4,lloyd_per_tensor_oracle,0.2730120122432709,0.9621995687484741,0.16314144432544708,0.9866223335266113,0.5580146312713623,0.9671743512153625,1.054809331893921,,,0.0006175863090902567,0.0018529165536165237,878.7490844726562,222,384,0.2730120122432709,0.9621995687484741,3.473087417660281e-05,1.4632394595537335e-05,0.3217705488204956,1.4367354197020177e-05,2.8155045583844185e-06,3.500876482576132e-05,0.00010535582259763032,0.0015463270246982574,0.7170959711074829,0.7186422944068909,0.40828025341033936,0.45208287239074707,0.07658117264509201,1.6123445902849198e-06,0.0007477110484614968,"-1,-0.4235687,-0.1803797,0,0.1803797,0.4235687,1",
0,512,transformer.h.2.attn.c_attn.weight,transformer.h.2.attn.c_attn.weight,"(1152, 384)",8,lloyd_global,0.2726011574268341,0.9623276591300964,0.13276159763336182,0.991157054901123,0.6021167635917664,0.9237129092216492,1.066649079322815,0.6181026697158813,0.8739565014839172,0.0005139384884387255,0.0014806814724579453,878.7490844726562,222,384,0.2726011574268341,0.9623276591300964,2.8951089916517958e-05,1.3409693565336056e-05,0.31960946321487427,1.182944015454268e-05,2.3731352030154085e-06,2.89185372821521e-05,9.10721646505408e-05,0.001445868401788175,0.7203563451766968,0.7218022346496582,0.40550342202186584,0.45295682549476624,0.07758096605539322,9.803653711060178e-07,0.0004884348018094897,"-1,-0.4198408,-0.1791116,0,0.1791116,0.4198408,1",
0,512,transformer.h.2.attn.c_attn.weight,transformer.h.2.attn.c_attn.weight,"(1152, 384)",8,lloyd_per_tensor_oracle,0.27245011925697327,0.9623997211456299,0.13269229233264923,0.9911659359931946,0.6023514270782471,0.9232125878334045,1.0661897659301758,,,0.0005139384884387255,0.0014806814724579453,878.7490844726562,222,384,0.27245011925697327,0.9623997211456299,2.905980909417849e-05,1.3504912203643471e-05,0.32165074348449707,1.182944015454268e-05,2.3731352030154085e-06,2.9217177143436857e-05,8.87225178303197e-05,0.001500544254668057,0.7234290838241577,0.724929690361023,0.4068722426891327,0.455094575881958,0.07724916934967041,1.0150006346520968e-06,0.0004893431323580444,"-1,-0.4248761,-0.1804455,0,0.1804455,0.4248761,1",
0,512,transformer.h.2.attn.c_proj.weight,transformer.h.2.attn.c_proj.weight,"(384, 384)",4,lloyd_global,0.2745278775691986,0.9617135524749756,0.16803868114948273,0.985812783241272,0.5395164489746094,1.0012712478637695,1.0813838243484497,0.4957653284072876,1.0042263269424438,0.003920294810086489,0.0052979569882154465,73493.0859375,162,384,0.2745278775691986,0.9617135524749756,0.00022274954244494438,0.00020094134379178286,0.2737630307674408,9.88903921097517e-05,1.983776019187644e-05,0.0002161425945814699,0.0006223520613275468,0.0010503149824216962,0.633852481842041,0.6349027752876282,0.3153190314769745,0.4508073031902313,0.18571563065052032,1.20424947454012e-05,0.007267501205205917,"-1,-0.4151953,-0.1762106,0,0.1762106,0.4151953,1",
0,512,transformer.h.2.attn.c_proj.weight,transformer.h.2.attn.c_proj.weight,"(384, 384)",4,lloyd_per_tensor_oracle,0.2736859917640686,0.9622204899787903,0.16751794517040253,0.9859355092048645,0.5408907532691956,1.0001009702682495,1.0819644927978516,,,0.003920294810086489,0.0052979569882154465,73493.0859375,162,384,0.2736859917640686,0.9622204899787903,0.00022702115529682487,0.0002108417102135718,0.2986585795879364,9.88903921097517e-05,1.983776019187644e-05,0.0002271794801345095,0.0005518317339010537,0.001052431296557188,0.6425117254257202,0.6435641050338745,0.3207608759403229,0.4568108320236206,0.18957944214344025,1.199287362396717e-05,0.0073216762393713,"-1,-0.4375902,-0.193323,0,0.193323,0.4375902,1",
0,512,transformer.h.2.attn.c_proj.weight,transformer.h.2.attn.c_proj.weight,"(384, 384)",8,lloyd_global,0.272142618894577,0.9624422192573547,0.14008232951164246,0.99016273021698,0.579282283782959,0.9603034257888794,1.086970329284668,0.5341481566429138,0.9652495980262756,0.003271074965596199,0.004737784154713154,73493.0859375,162,384,0.272142618894577,0.9624422192573547,0.000186467805178836,0.000169413659023121,0.2716606855392456,8.223036275012419e-05,1.665158379182685e-05,0.00018157715385314077,0.0005098117981106043,0.0015400255797430873,0.6368659138679504,0.6384059190750122,0.3174811899662018,0.45406466722488403,0.1845863163471222,1.22711853691726e-05,0.005074655637145042,"-1,-0.4198408,-0.1791116,0,0.1791116,0.4198408,1",
0,512,transformer.h.2.attn.c_proj.weight,transformer.h.2.attn.c_proj.weight,"(384, 384)",8,lloyd_per_tensor_oracle,0.27178558707237244,0.9627434015274048,0.13989891111850739,0.9902034401893616,0.5797938108444214,0.9606015682220459,1.0886306762695312,,,0.003271074965596199,0.004737784154713154,73493.0859375,162,384,0.27178558707237244,0.9627434015274048,0.00018910573271568865,0.00017511832993477583,0.2895236611366272,8.223036275012419e-05,1.665158379182685e-05,0.00018808493041433394,0.00046960817417129874,0.0013127679703757167,0.6459051966667175,0.6472179889678955,0.32293805480003357,0.4585515856742859,0.18624107539653778,1.0432922863401473e-05,0.0051331836730241776,"-1,-0.435042,-0.1918115,0,0.1918115,0.435042,1",
0,512,transformer.h.2.mlp.w1.weight,transformer.h.2.mlp.w1.weight,"(1024, 384)",4,lloyd_global,0.3093138635158539,0.952017605304718,0.25077876448631287,0.9684748649597168,0.8454310894012451,0.560382604598999,1.0150561332702637,0.8368425369262695,0.5712500810623169,0.0011466584401205182,0.003333939705044031,70.298095703125,0,384,0.3093138635158539,0.952017605304718,5.927213351242244e-05,5.19496388733387e-05,0.3701019287109375,3.066661156481132e-05,6.286358257057145e-06,6.21930230408907e-05,0.00016992032760754228,0.0,0.0,0.0,0.6429165005683899,0.29263371229171753,0.0019777098204940557,0.0,0.0,"-1,-0.4151953,-0.1762106,0,0.1762106,0.4151953,1",
0,512,transformer.h.2.mlp.w1.weight,transformer.h.2.mlp.w1.weight,"(1024, 384)",4,lloyd_per_tensor_oracle,0.30627283453941345,0.9526680707931519,0.24831156432628632,0.9689839482307434,0.847862720489502,0.555577278137207,1.0137721300125122,,,0.0011466584401205182,0.003333939705044031,70.298095703125,0,384,0.30627283453941345,0.9526680707931519,5.803318344987929e-05,5.018831870984286e-05,0.34916940331459045,3.066661156481132e-05,6.286358257057145e-06,6.005071190884337e-05,0.00017952921916730702,0.0,0.0,0.0,0.6298779845237732,0.2912345230579376,0.0020288717932999134,0.0,0.0,"-1,-0.4036018,-0.1651014,0,0.1651014,0.4036018,1",
0,512,transformer.h.2.mlp.w1.weight,transformer.h.2.mlp.w1.weight,"(1024, 384)",8,lloyd_global,0.3050698935985565,0.9533107280731201,0.2263929694890976,0.9743287563323975,0.8659024238586426,0.5212638974189758,1.012505292892456,0.8572680950164795,0.5343005061149597,0.0010251489002257586,0.002200850984081626,70.298095703125,0,384,0.3050698935985565,0.9533107280731201,5.393074025050737e-05,4.782939504366368e-05,0.36450448632240295,2.7298676286591217e-05,5.543287443288136e-06,5.641133975586854e-05,0.0001501225051470101,0.0,0.0,0.0,0.6443076133728027,0.29260531067848206,0.0018011123174801469,0.0,0.0,"-1,-0.4198408,-0.1791116,0,0.1791116,0.4198408,1",
0,512,transformer.h.2.mlp.w1.weight,transformer.h.2.mlp.w1.weight,"(1024, 384)",8,lloyd_per_tensor_oracle,0.30233895778656006,0.9539034366607666,0.2243686318397522,0.9747100472450256,0.8681262731552124,0.5168524980545044,1.012242317199707,,,0.0010251489002257586,0.002200850984081626,70.298095703125,0,384,0.30233895778656006,0.9539034366607666,5.283758582663722e-05,4.615396028384566e-05,0.34429931640625,2.7298676286591217e-05,5.543287443288136e-06,5.447960938909091e-05,0.00015904006431810558,0.0,0.0,0.0,0.6333910226821899,0.2899863123893738,0.0018608416430652142,0.0,0.0,"-1,-0.4079687,-0.1680377,0,0.1680377,0.4079687,1",
0,512,transformer.h.2.mlp.w2.weight,transformer.h.2.mlp.w2.weight,"(1024, 384)",4,lloyd_global,0.3088383674621582,0.9521913528442383,0.2446032613515854,0.9700464606285095,0.8413804769515991,0.5664291977882385,1.0109390020370483,0.8327856063842773,0.5783087015151978,0.0011044981656596065,0.0024253246374428272,82.08075714111328,0,384,0.3088383674621582,0.9521913528442383,5.7168275816366076e-05,4.981407255399972e-05,0.37121328711509705,2.9485561753972434e-05,6.013813617755659e-06,5.992654405417852e-05,0.00016508641419932246,0.0,0.0,0.0,0.6379744410514832,0.3001636266708374,0.002445901045575738,0.0,0.0,"-1,-0.4151953,-0.1762106,0,0.1762106,0.4151953,1",
0,512,transformer.h.2.mlp.w2.weight,transformer.h.2.mlp.w2.weight,"(1024, 384)",4,lloyd_per_tensor_oracle,0.30562499165534973,0.9529029130935669,0.24205568432807922,0.9705495834350586,0.843354344367981,0.5625414252281189,1.0097579956054688,,,0.0011044981656596065,0.0024253246374428272,82.08075714111328,0,384,0.30562499165534973,0.9529029130935669,5.58424653718248e-05,4.792198888026178e-05,0.3477986752986908,2.9485561753972434e-05,6.013813617755659e-06,5.767197217210196e-05,0.0001744702021824196,0.0,0.0,0.0,0.6272940039634705,0.29558345675468445,0.0023085600696504116,0.0,0.0,"-1,-0.4033016,-0.1638327,0,0.1638327,0.4033016,1",
0,512,transformer.h.2.mlp.w2.weight,transformer.h.2.mlp.w2.weight,"(1024, 384)",8,lloyd_global,0.30611667037010193,0.9531393647193909,0.2215949445962906,0.9754378795623779,0.8612400889396667,0.5291406512260437,1.0085843801498413,0.8530970215797424,0.5420499444007874,0.000997634488157928,0.0020728842355310917,82.08075714111328,0,384,0.30611667037010193,0.9531393647193909,5.2263581892475486e-05,4.6128174290061e-05,0.36891427636146545,2.6375309971626848e-05,5.411627171270084e-06,5.493723074323498e-05,0.00014658455620519817,0.0,0.0,0.0,0.6423942446708679,0.29971933364868164,0.002378435106948018,0.0,0.0,"-1,-0.4198408,-0.1791116,0,0.1791116,0.4198408,1",
0,512,transformer.h.2.mlp.w2.weight,transformer.h.2.mlp.w2.weight,"(1024, 384)",8,lloyd_per_tensor_oracle,0.3024013340473175,0.953911542892456,0.21890266239643097,0.9759398102760315,0.8642860651016235,0.5230720043182373,1.007747769355774,,,0.000997634488157928,0.0020728842355310917,82.08075714111328,0,384,0.3024013340473175,0.953911542892456,5.078300091554411e-05,4.3965857912553474e-05,0.34287261962890625,2.6375309971626848e-05,5.411627171270084e-06,5.233718911767937e-05,0.00015886903565842658,0.0,0.0,0.0,0.629306435585022,0.29541075229644775,0.002474457724019885,0.0,0.0,"-1,-0.402896,-0.1648835,0,0.1648835,0.402896,1",
0,512,transformer.h.2.mlp.c_proj.weight,transformer.h.2.mlp.c_proj.weight,"(384, 1024)",4,lloyd_global,0.34353697299957275,0.9422770142555237,0.2913285195827484,0.9582622647285461,0.8262892365455627,0.5973758697509766,1.0252896547317505,0.8196805715560913,0.6005409359931946,0.004586160648614168,0.008253015577793121,48.016544342041016,0,384,0.34353697299957275,0.9422770142555237,0.00022137521591503173,0.00020784942898899317,0.45455169677734375,0.00011649479711195454,2.394199873378966e-05,0.0002512267092242837,0.00066879898076877,0.0,0.0,0.0,0.6809598803520203,0.2833295166492462,0.0007996983476914465,0.0,0.0,"-1,-0.4151953,-0.1762106,0,0.1762106,0.4151953,1",
0,512,transformer.h.2.mlp.c_proj.weight,transformer.h.2.mlp.c_proj.weight,"(384, 1024)",4,lloyd_per_tensor_oracle,0.3188859522342682,0.9484626650810242,0.27041956782341003,0.963102400302887,0.8453309535980225,0.5622683167457581,1.0205990076065063,,,0.004586160648614168,0.008253015577793121,48.016544342041016,0,384,0.3188859522342682,0.9484626650810242,0.00019351509399712086,0.0001717529958114028,0.3598480224609375,0.00011649479711195454,2.394199873378966e-05,0.0002068751200567931,0.0008946930756792426,0.0,0.0,0.0,0.6300630569458008,0.27477315068244934,0.0008361609070561826,0.0,0.0,"-1,-0.3420077,-0.1350776,0,0.1350776,0.3420077,1",
0,512,transformer.h.2.mlp.c_proj.weight,transformer.h.2.mlp.c_proj.weight,"(384, 1024)",8,lloyd_global,0.3265269100666046,0.9474103450775146,0.2553024888038635,0.9676796197891235,0.8552751541137695,0.5435178875923157,1.0192773342132568,0.8486997485160828,0.5501011610031128,0.003890388645231724,0.005930018611252308,48.016544342041016,0,384,0.3265269100666046,0.9474103450775146,0.00019420676107984036,0.00018315494526177645,0.4233500063419342,9.790021431399509e-05,2.002949986490421e-05,0.0002162764867534861,0.0005728449323214591,0.0,0.0,0.0,0.6807041764259338,0.2778986990451813,0.0008355159079656005,0.0,0.0,"-1,-0.4198408,-0.1791116,0,0.1791116,0.4198408,1",
0,512,transformer.h.2.mlp.c_proj.weight,transformer.h.2.mlp.c_proj.weight,"(384, 1024)",8,lloyd_per_tensor_oracle,0.30979713797569275,0.9513534307479858,0.2422260344028473,0.9704234004020691,0.8673899173736572,0.5194115042686462,1.0161992311477661,,,0.003890388645231724,0.005930018611252308,48.016544342041016,0,384,0.30979713797569275,0.9513534307479858,0.000174664324731566,0.00015672927838750184,0.34777578711509705,9.790021431399509e-05,2.002949986490421e-05,0.0001846778322942555,0.000750308739952743,0.0,0.0,0.0,0.6336782574653625,0.26898252964019775,0.0011044279672205448,0.0,0.0,"-1,-0.3564633,-0.1438741,0,0.1438741,0.3564633,1",
0,512,transformer.h.3.attn.c_attn.weight,transformer.h.3.attn.c_attn.weight,"(1152, 384)",4,lloyd_global,0.27634114027023315,0.9613107442855835,0.16983748972415924,0.9855073094367981,0.535398006439209,0.9989174604415894,1.0687710046768188,0.5445833206176758,0.9543774724006653,0.0005642042378894985,0.0017442784737795591,995.7538452148438,223,384,0.27634114027023315,0.9613107442855835,3.0903349397704005e-05,1.2708333088085055e-05,0.33832240104675293,1.2700421393674333e-05,2.5567260308889672e-06,3.172090509906411e-05,9.855351527221501e-05,0.0014253663830459118,0.7305116653442383,0.7319369912147522,0.398658812046051,0.456247478723526,0.0866629034280777,1.2190710094728274e-06,0.000624783628154546,"-1,-0.4151953,-0.1762106,0,0.1762106,0.4151953,1",
0,512,transformer.h.3.attn.c_attn.weight,transformer.h.3.attn.c_attn.weight,"(1152, 384)",4,lloyd_per_tensor_oracle,0.27663111686706543,0.961219847202301,0.17001567780971527,0.9854753017425537,0.5348919630050659,0.9994513988494873,1.0687534809112549,,,0.0005642042378894985,0.0017442784737795591,995.7538452148438,223,384,0.27663111686706543,0.961219847202301,3.0873015930410475e-05,1.2642682122532278e-05,0.3332926332950592,1.2700421393674333e-05,2.5567260308889672e-06,3.168450712109916e-05,9.849054185906425e-05,0.0014393605524674058,0.7302621006965637,0.7317014932632446,0.3979134261608124,0.45629748702049255,0.08663761615753174,1.2345162758720107e-06,0.0006263339892029762,"-1,-0.4153214,-0.1733725,0,0.1733725,0.4153214,1",
0,512,transformer.h.3.attn.c_attn.weight,transformer.h.3.attn.c_attn.weight,"(1152, 384)",8,lloyd_global,0.2741627097129822,0.9619323015213013,0.13916335999965668,0.9902867674827576,0.5802260041236877,0.9547981023788452,1.0785207748413086,0.5923683643341064,0.9029211401939392,0.00046428103814832866,0.001471898052841425,995.7538452148438,223,384,0.2741627097129822,0.9619323015213013,2.5909359465003945e-05,1.1785348760895431e-05,0.34453442692756653,1.0296083019056823e-05,2.0592760847648606e-06,2.6363559300079942e-05,8.670172246638685e-05,0.0013734361855313182,0.7306053638458252,0.7319788336753845,0.400738388299942,0.45291101932525635,0.0880543440580368,7.75784201323404e-07,0.00041268180939368904,"-1,-0.4198408,-0.1791116,0,0.1791116,0.4198408,1",
0,512,transformer.h.3.attn.c_attn.weight,transformer.h.3.attn.c_attn.weight,"(1152, 384)",8,lloyd_per_tensor_oracle,0.27460670471191406,0.9617794156074524,0.13938750326633453,0.990252673625946,0.579496443271637,0.9561866521835327,1.0796043872833252,,,0.00046428103814832866,0.001471898052841425,995.7538452148438,223,384,0.27460670471191406,0.9617794156074524,2.5839961381279863e-05,1.1664527846733108e-05,0.33733001351356506,1.0296083019056823e-05,2.0592760847648606e-06,2.6229854483972304e-05,8.73820754350163e-05,0.0014169045025482774,0.7286767363548279,0.7300936579704285,0.39906659722328186,0.45265334844589233,0.0874299481511116,8.043350021580409e-07,0.00041364834760315716,"-1,-0.4182988,-0.1748459,0,0.1748459,0.4182988,1",
0,512,transformer.h.3.attn.c_proj.weight,transformer.h.3.attn.c_proj.weight,"(384, 384)",4,lloyd_global,0.2737756371498108,0.9619790315628052,0.17507010698318481,0.9845861196517944,0.5320797562599182,1.0098122358322144,1.0823781490325928,0.4902055263519287,1.0104061365127563,0.003485951106995344,0.00492895720526576,51808.6953125,158,383,0.2737756371498108,0.9619790315628052,0.00019579885702114552,0.00017804233357310295,0.2743801474571228,8.830657316138968e-05,1.77399688254809e-05,0.00019190936291124672,0.0005590204964391887,0.0010904305381700397,0.6234793663024902,0.6245697736740112,0.31799811124801636,0.44666787981987,0.19043606519699097,9.583365681464784e-06,0.005479515064507723,"-1,-0.4151953,-0.1762106,0,0.1762106,0.4151953,1",
0,512,transformer.h.3.attn.c_proj.weight,transformer.h.3.attn.c_proj.weight,"(384, 384)",4,lloyd_per_tensor_oracle,0.2732791602611542,0.9622856974601746,0.17475461959838867,0.9846681952476501,0.5340579152107239,1.0072746276855469,1.0816138982772827,,,0.003485951106995344,0.00492895720526576,51808.6953125,158,383,0.2732791602611542,0.9622856974601746,0.00019819301087409258,0.00018350253230892122,0.2934977114200592,8.830657316138968e-05,1.77399688254809e-05,0.00019732998043764383,0.0005251670372672379,0.001137293642386794,0.6316481232643127,0.6327853798866272,0.32098695635795593,0.4533957839012146,0.1910414695739746,9.959014278138056e-06,0.005531194619834423,"-1,-0.4270709,-0.1893039,0,0.1893039,0.4270709,1",
0,512,transformer.h.3.attn.c_proj.weight,transformer.h.3.attn.c_proj.weight,"(384, 384)",8,lloyd_global,0.271354079246521,0.9626408815383911,0.14261023700237274,0.9897921085357666,0.574765682220459,0.96568763256073,1.0875109434127808,0.5294119119644165,0.9707762598991394,0.0028079638723284006,0.003580906894057989,51808.6953125,158,383,0.271354079246521,0.9626408815383911,0.0001597673399373889,0.00014546210877597332,0.2718166708946228,7.061538053676486e-05,1.4053188351681456e-05,0.00015588499081786722,0.0004403687780722976,0.0014430041192099452,0.6200881600379944,0.6215311884880066,0.31650930643081665,0.45154693722724915,0.1867399960756302,8.413634532189462e-06,0.00361550971865654,"-1,-0.4198408,-0.1791116,0,0.1791116,0.4198408,1",
0,512,transformer.h.3.attn.c_proj.weight,transformer.h.3.attn.c_proj.weight,"(384, 384)",8,lloyd_per_tensor_oracle,0.2708313465118408,0.9629473090171814,0.14232665300369263,0.9898455142974854,0.5798511505126953,0.9602029919624329,1.0880022048950195,,,0.0028079638723284006,0.003580906894057989,51808.6953125,158,383,0.2708313465118408,0.9629473090171814,0.00016194378258660436,0.00015066697960719466,0.2915378212928772,7.061538053676486e-05,1.4053188351681456e-05,0.00016118092753458768,0.0004071810399182141,0.001238832832314074,0.6285027265548706,0.6297415494918823,0.32140102982521057,0.45683377981185913,0.18716618418693542,7.195395028247731e-06,0.0036504724994301796,"-1,-0.4342077,-0.1926743,0,0.1926743,0.4342077,1",
0,512,transformer.h.3.mlp.w1.weight,transformer.h.3.mlp.w1.weight,"(1024, 384)",4,lloyd_global,0.30026519298553467,0.9547452330589294,0.2400771677494049,0.9711065888404846,0.8350171446800232,0.5765151977539062,1.0071030855178833,0.8264275789260864,0.589195728302002,0.0010008170502260327,0.002057040575891733,75.44353485107422,0,384,0.30026519298553467,0.9547452330589294,5.237831283011474e-05,4.606347647495568e-05,0.3514607846736908,2.6228342903777957e-05,5.337396487448132e-06,5.453549965750426e-05,0.00014984239533077925,0.0,0.0,0.0,0.6286659240722656,0.30457109212875366,0.0031339044217020273,0.0,0.0,"-1,-0.4151953,-0.1762106,0,0.1762106,0.4151953,1",
0,512,transformer.h.3.mlp.w1.weight,transformer.h.3.mlp.w1.weight,"(1024, 384)",4,lloyd_per_tensor_oracle,0.29849839210510254,0.9550389647483826,0.23866449296474457,0.9713694453239441,0.8365042805671692,0.5737212896347046,1.006463885307312,,,0.0010008170502260327,0.002057040575891733,75.44353485107422,0,384,0.29849839210510254,0.9550389647483826,5.1556675316533074e-05,4.481778887566179e-05,0.33625030517578125,2.6228342903777957e-05,5.337396487448132e-06,5.306763341650367e-05,0.00015720711962785572,0.0,0.0,0.0,0.620334267616272,0.30263057351112366,0.0029130750335752964,0.0,0.0,"-1,-0.405102,-0.1678087,0,0.1678087,0.405102,1",
0,512,transformer.h.3.mlp.w1.weight,transformer.h.3.mlp.w1.weight,"(1024, 384)",8,lloyd_global,0.2989802062511444,0.9551737308502197,0.2173500806093216,0.9763507843017578,0.856825590133667,0.5363006591796875,1.004327654838562,0.8487871885299683,0.5499404072761536,0.0009029443026520312,0.0017180049326270819,75.44353485107422,0,384,0.2989802062511444,0.9551737308502197,4.7748191718710586e-05,4.241140413796529e-05,0.3532562255859375,2.3550641344627365e-05,4.766381607623771e-06,4.9840175051940605e-05,0.0001335010601906106,0.0,0.0,0.0,0.6310586929321289,0.30567964911460876,0.003075687913224101,0.0,0.0,"-1,-0.4198408,-0.1791116,0,0.1791116,0.4198408,1",
0,512,transformer.h.3.mlp.w1.weight,transformer.h.3.mlp.w1.weight,"(1024, 384)",8,lloyd_per_tensor_oracle,0.2967950999736786,0.9555937051773071,0.21575763821601868,0.9766342639923096,0.8587191104888916,0.5327088236808777,1.0042003393173218,,,0.0009029443026520312,0.0017180049326270819,75.44353485107422,0,384,0.2967950999736786,0.9555937051773071,4.678838377003558e-05,4.09821659559384e-05,0.33415985107421875,2.3550641344627365e-05,4.766381607623771e-06,4.8078931285999715e-05,0.0001430342672392726,0.0,0.0,0.0,0.6210156679153442,0.3028184771537781,0.003067862708121538,0.0,0.0,"-1,-0.4055251,-0.1686564,0,0.1686564,0.4055251,1",
0,512,transformer.h.3.mlp.w2.weight,transformer.h.3.mlp.w2.weight,"(1024, 384)",4,lloyd_global,0.30414310097694397,0.9536100029945374,0.2444828599691391,0.9700629711151123,0.8298301696777344,0.5849655270576477,1.0053088665008545,0.8214389085769653,0.5976049304008484,0.0009898525895550847,0.0021074232645332813,72.60905456542969,0,384,0.30414310097694397,0.9536100029945374,5.1528051699278876e-05,4.523954703472555e-05,0.3638559877872467,2.6002328013419174e-05,5.284211965772556e-06,5.390537262428552e-05,0.0001518154313089326,0.0,0.0,0.0,0.6242715716362,0.31368595361709595,0.003345642937347293,0.0,0.0,"-1,-0.4151953,-0.1762106,0,0.1762106,0.4151953,1",
0,512,transformer.h.3.mlp.w2.weight,transformer.h.3.mlp.w2.weight,"(1024, 384)",4,lloyd_per_tensor_oracle,0.3017401695251465,0.954067051410675,0.24254782497882843,0.9704232811927795,0.8321129679679871,0.5807452201843262,1.0043439865112305,,,0.0009898525895550847,0.0021074232645332813,72.60905456542969,0,384,0.3017401695251465,0.954067051410675,5.0433878641342744e-05,4.3583320803008974e-05,0.34365591406822205,2.6002328013419174e-05,5.284211965772556e-06,5.196878919377923e-05,0.00016150993178598583,0.0,0.0,0.0,0.6107004284858704,0.31239640712738037,0.0033515107352286577,0.0,0.0,"-1,-0.401832,-0.1652206,0,0.1652206,0.401832,1",
0,512,transformer.h.3.mlp.w2.weight,transformer.h.3.mlp.w2.weight,"(1024, 384)",8,lloyd_global,0.30307361483573914,0.9540044665336609,0.22150544822216034,0.9754499793052673,0.8513108491897583,0.5460107326507568,1.0024583339691162,0.8434944748878479,0.5594812631607056,0.0008940466213971376,0.001738536637276411,72.60905456542969,0,384,0.30307361483573914,0.9540044665336609,4.698868724517524e-05,4.159284435445443e-05,0.36227163672447205,2.328984010091517e-05,4.749967956740875e-06,4.928642374579795e-05,0.00013379318988882005,0.0,0.0,0.0,0.6265015006065369,0.31485047936439514,0.0034535878803581,0.0,0.0,"-1,-0.4198408,-0.1791116,0,0.1791116,0.4198408,1",
0,512,transformer.h.3.mlp.w2.weight,transformer.h.3.mlp.w2.weight,"(1024, 384)",8,lloyd_per_tensor_oracle,0.30004021525382996,0.9546043276786804,0.21928317844867706,0.975847601890564,0.8532003164291382,0.5425537824630737,1.0025429725646973,,,0.0008940466213971376,0.001738536637276411,72.60905456542969,0,384,0.30004021525382996,0.9546043276786804,4.578030711854808e-05,3.983030910603702e-05,0.33916983008384705,2.328984010091517e-05,4.749967956740875e-06,4.714440001407638e-05,0.00014445828855969012,0.0,0.0,0.0,0.6131011843681335,0.3114645779132843,0.0032574771903455257,0.0,0.0,"-1,-0.403678,-0.1661546,0,0.1661546,0.403678,1",
0,512,transformer.h.3.mlp.c_proj.weight,transformer.h.3.mlp.c_proj.weight,"(384, 1024)",4,lloyd_global,0.3304402232170105,0.9462468028068542,0.26970812678337097,0.9640287756919861,0.8397786617279053,0.5723128914833069,1.0207773447036743,0.8319801688194275,0.5796976685523987,0.0037938428577035666,0.005940807517617941,60.989593505859375,0,384,0.3304402232170105,0.9462468028068542,0.0001856623130152002,0.0001752610842231661,0.4304148256778717,9.562316699884832e-05,1.936961416504346e-05,0.00020829644927289337,0.0005650811945088208,0.0,0.0,0.0,0.6821027994155884,0.27736788988113403,0.001590098487213254,0.0,0.0,"-1,-0.4151953,-0.1762106,0,0.1762106,0.4151953,1",
0,512,transformer.h.3.mlp.c_proj.weight,transformer.h.3.mlp.c_proj.weight,"(384, 1024)",4,lloyd_per_tensor_oracle,0.31184816360473633,0.9506564140319824,0.2545381486415863,0.9673183560371399,0.8541776537895203,0.5454437732696533,1.0188546180725098,,,0.0037938428577035666,0.005940807517617941,60.989593505859375,0,384,0.31184816360473633,0.9506564140319824,0.00016543651872780174,0.00014827560517005622,0.34993234276771545,9.562316699884832e-05,1.936961416504346e-05,0.00017593368829693645,0.0007471436401829123,0.0,0.0,0.0,0.6325035095214844,0.26844847202301025,0.0014488594606518745,0.0,0.0,"-1,-0.346845,-0.1395519,0,0.1395519,0.346845,1",
0,512,transformer.h.3.mlp.c_proj.weight,transformer.h.3.mlp.c_proj.weight,"(384, 1024)",8,lloyd_global,0.3258918821811676,0.94764643907547,0.24666039645671844,0.969856321811676,0.8599159717559814,0.5347766876220703,1.0193909406661987,0.8522925972938538,0.5435302257537842,0.0034003311302512884,0.005296261049807072,60.989593505859375,0,384,0.3258918821811676,0.94764643907547,0.00016976648475974798,0.00016018643509596586,0.4188486635684967,8.610714576207101e-05,1.742080166877713e-05,0.00018880440620705485,0.0004977397038601339,0.0,0.0,0.0,0.6848167777061462,0.27442115545272827,0.0016415147110819817,0.0,0.0,"-1,-0.4198408,-0.1791116,0,0.1791116,0.4198408,1",
0,512,transformer.h.3.mlp.c_proj.weight,transformer.h.3.mlp.c_proj.weight,"(384, 1024)",8,lloyd_per_tensor_oracle,0.3086377680301666,0.9517688751220703,0.23360131680965424,0.9725284576416016,0.8720336556434631,0.5100074410438538,1.0153511762619019,,,0.0034003311302512884,0.005296261049807072,60.989593505859375,0,384,0.3086377680301666,0.9517688751220703,0.00015247163537424058,0.00013721299183089286,0.3441976010799408,8.610714576207101e-05,1.742080166877713e-05,0.00016094949387479573,0.0006583422073163092,0.0,0.0,0.0,0.6381787657737732,0.26818060874938965,0.0016047602985054255,0.0,0.0,"-1,-0.3535289,-0.143918,0,0.143918,0.3535289,1",
0,512,transformer.h.4.attn.c_attn.weight,transformer.h.4.attn.c_attn.weight,"(1152, 384)",4,lloyd_global,0.27497056126594543,0.9616149067878723,0.17692291736602783,0.984248697757721,0.5339370369911194,0.9992476105690002,1.0664608478546143,0.5365095734596252,0.9628006219863892,0.0004926277324557304,0.001636627595871687,948.8304443359375,216,384,0.27497056126594543,0.9616149067878723,2.7516138288774528e-05,9.068289728020318e-06,0.31894487142562866,1.1199453183508012e-05,2.2279045879258774e-06,2.7504414902068675e-05,9.215340833179653e-05,0.0011989480117335916,0.7055054306983948,0.7067044377326965,0.3880743682384491,0.45261093974113464,0.09456005692481995,9.54370989347808e-07,0.0005615872796624899,"-1,-0.4151953,-0.1762106,0,0.1762106,0.4151953,1",
0,512,transformer.h.4.attn.c_attn.weight,transformer.h.4.attn.c_attn.weight,"(1152, 384)",4,lloyd_per_tensor_oracle,0.27468249201774597,0.9617350697517395,0.1767379492521286,0.9842886924743652,0.5335066318511963,1.0000627040863037,1.067129373550415,,,0.0004926277324557304,0.001636627595871687,948.8304443359375,216,384,0.27468249201774597,0.9617350697517395,2.7617086743703112e-05,9.150326150120236e-06,0.32258662581443787,1.1199453183508012e-05,2.2279045879258774e-06,2.7768206564360298e-05,9.000836143968627e-05,0.0010876363376155496,0.7075745463371277,0.708662211894989,0.39038774371147156,0.4550130367279053,0.09407274425029755,8.622209293207561e-07,0.000560927961487323,"-1,-0.4198168,-0.1784405,0,0.1784405,0.4198168,1",
0,512,transformer.h.4.attn.c_attn.weight,transformer.h.4.attn.c_attn.weight,"(1152, 384)",8,lloyd_global,0.27274492383003235,0.9622532725334167,0.14108066260814667,0.9900122284889221,0.5804081559181213,0.9543598890304565,1.0780762434005737,0.5862743258476257,0.9096459150314331,0.00040254430496133864,0.001181991072371602,948.8304443359375,216,384,0.27274492383003235,0.9622532725334167,2.260905603179708e-05,8.349139534402639e-06,0.32318115234375,9.035583389049862e-06,1.8271704220751417e-06,2.2681266273139045e-05,7.424063369398937e-05,0.0012555585708469152,0.7086653113365173,0.7099208831787109,0.39291971921920776,0.45383939146995544,0.09308244287967682,6.286966822699469e-07,0.00035485043190419674,"-1,-0.4198408,-0.1791116,0,0.1791116,0.4198408,1",
0,512,transformer.h.4.attn.c_attn.weight,transformer.h.4.attn.c_attn.weight,"(1152, 384)",8,lloyd_per_tensor_oracle,0.27276816964149475,0.9622805118560791,0.1410922110080719,0.9900113940238953,0.5806109309196472,0.9539191722869873,1.0776675939559937,,,0.00040254430496133864,0.001181991072371602,948.8304443359375,216,384,0.27276816964149475,0.9622805118560791,2.2622754840995185e-05,8.35239734442439e-06,0.32268384099006653,9.035583389049862e-06,1.8271704220751417e-06,2.272488927701488e-05,7.382813782896847e-05,0.0012499915901571512,0.7092911005020142,0.7105410695075989,0.39344847202301025,0.45403239130973816,0.09325665235519409,6.256549340832862e-07,0.0003550195833668113,"-1,-0.4209165,-0.1787964,0,0.1787964,0.4209165,1",
0,512,transformer.h.4.attn.c_proj.weight,transformer.h.4.attn.c_proj.weight,"(384, 384)",4,lloyd_global,0.2749064564704895,0.9616533517837524,0.1779354065656662,0.9840781092643738,0.5294612050056458,1.012884259223938,1.082869529724121,0.4863264262676239,1.0135836601257324,0.003177390666678548,0.005068283993750811,155915.25,156,384,0.2749064564704895,0.9616533517837524,0.0001787634682841599,0.00016211028560064733,0.2754787802696228,8.017804066184908e-05,1.6389954907936044e-05,0.00017466019198764116,0.0005055578658357263,0.0011330839479342103,0.6148980259895325,0.6160311102867126,0.31756192445755005,0.4507956802845001,0.18540410697460175,8.329001502715982e-06,0.004519953392446041,"-1,-0.4151953,-0.1762106,0,0.1762106,0.4151953,1",
0,512,transformer.h.4.attn.c_proj.weight,transformer.h.4.attn.c_proj.weight,"(384, 384)",4,lloyd_per_tensor_oracle,0.27450981736183167,0.9619643688201904,0.17767910659313202,0.984163224697113,0.5302150845527649,1.0128874778747559,1.0843530893325806,,,0.003177390666678548,0.005068283993750811,155915.25,156,384,0.27450981736183167,0.9619643688201904,0.00018161522166337818,0.00016847532242536545,0.2959730327129364,8.017804066184908e-05,1.6389954907936044e-05,0.00018142996123060584,0.00046282989205792546,0.001051204977557063,0.6220852732658386,0.6231365203857422,0.3218126893043518,0.45657777786254883,0.1871597319841385,7.704859854129609e-06,0.00455960538238287,"-1,-0.4318895,-0.1899797,0,0.1899797,0.4318895,1",
0,512,transformer.h.4.attn.c_proj.weight,transformer.h.4.attn.c_proj.weight,"(384, 384)",8,lloyd_global,0.2729622423648834,0.9622247219085693,0.14320768415927887,0.9897114634513855,0.5740888714790344,0.9653829336166382,1.0855010747909546,0.5306349992752075,0.9688827991485596,0.0025620004162192345,0.0033099371939897537,155915.25,156,384,0.2729622423648834,0.9622247219085693,0.0001447433023713529,0.00013272970682010055,0.2768079936504364,6.426258914871141e-05,1.2929107469972223e-05,0.0001422700734110549,0.0004005884693469852,0.0014704710338264704,0.6178445219993591,0.619314968585968,0.3202770948410034,0.45000818371772766,0.18564045429229736,7.000121513556223e-06,0.002941225189715624,"-1,-0.4198408,-0.1791116,0,0.1791116,0.4198408,1",
0,512,transformer.h.4.attn.c_proj.weight,transformer.h.4.attn.c_proj.weight,"(384, 384)",8,lloyd_per_tensor_oracle,0.2727143466472626,0.9624241590499878,0.14307665824890137,0.9897406697273254,0.5740141272544861,0.966248631477356,1.086972713470459,,,0.0025620004162192345,0.0033099371939897537,155915.25,156,384,0.2727143466472626,0.9624241590499878,0.00014622150047216564,0.00013607516302727163,0.2916938066482544,6.426258914871141e-05,1.2929107469972223e-05,0.00014562862634193152,0.0003802825522143394,0.001213557436130941,0.623012125492096,0.6242256760597229,0.3230815529823303,0.4539850354194641,0.1866091936826706,5.766605681856163e-06,0.0029604409355670214,"-1,-0.4293732,-0.1891539,0,0.1891539,0.4293732,1",
0,512,transformer.h.4.mlp.w1.weight,transformer.h.4.mlp.w1.weight,"(1024, 384)",4,lloyd_global,0.3023247718811035,0.9541717171669006,0.2429477423429489,0.9704416990280151,0.8195850849151611,0.6010560989379883,1.0011844635009766,0.8119373321533203,0.6132965683937073,0.0009663848322816193,0.0020137911196798086,80.47504425048828,0,384,0.3023247718811035,0.9541717171669006,5.0467602704884484e-05,4.453363362699747e-05,0.35917916893959045,2.541993853810709e-05,5.135679657541914e-06,5.2609233534894884e-05,0.00014887313591316342,0.0,0.0,0.0,0.6122216582298279,0.32443779706954956,0.004153590649366379,0.0,0.0,"-1,-0.4151953,-0.1762106,0,0.1762106,0.4151953,1",
0,512,transformer.h.4.mlp.w1.weight,transformer.h.4.mlp.w1.weight,"(1024, 384)",4,lloyd_per_tensor_oracle,0.300256609916687,0.9545528292655945,0.24128665030002594,0.9707415103912354,0.8204164505004883,0.5996865034103394,1.0012342929840088,,,0.0009663848322816193,0.0020137911196798086,80.47504425048828,0,384,0.300256609916687,0.9545528292655945,4.9497815780341625e-05,4.3051935790572315e-05,0.34097036719322205,2.541993853810709e-05,5.135679657541914e-06,5.087893077870831e-05,0.00015763292321935296,0.0,0.0,0.0,0.6016093492507935,0.3223717212677002,0.00380111625418067,0.0,0.0,"-1,-0.4028748,-0.1661353,0,0.1661353,0.4028748,1",
0,512,transformer.h.4.mlp.w1.weight,transformer.h.4.mlp.w1.weight,"(1024, 384)",8,lloyd_global,0.3019082546234131,0.9543503522872925,0.2198941856622696,0.9757932424545288,0.8405964970588684,0.5641294121742249,0.998192310333252,0.8337152004241943,0.5766962766647339,0.0008765049860812724,0.0018011890351772308,80.47504425048828,0,384,0.3019082546234131,0.9543503522872925,4.606950460583903e-05,4.118966171517968e-05,0.36123910546302795,2.270359436806757e-05,4.57744181403541e-06,4.834753417526372e-05,0.00013331539230421185,0.0,0.0,0.0,0.6165578961372375,0.32232996821403503,0.004273060709238052,0.0,0.0,"-1,-0.4198408,-0.1791116,0,0.1791116,0.4198408,1",
0,512,transformer.h.4.mlp.w1.weight,transformer.h.4.mlp.w1.weight,"(1024, 384)",8,lloyd_per_tensor_oracle,0.29890093207359314,0.9549214243888855,0.2177010178565979,0.9761841297149658,0.8428232669830322,0.5600435137748718,0.9977056384086609,,,0.0008765049860812724,0.0018011890351772308,80.47504425048828,0,384,0.29890093207359314,0.9549214243888855,4.481525320443325e-05,3.9319784264080226e-05,0.3369089663028717,2.270359436806757e-05,4.57744181403541e-06,4.608070230460726e-05,0.00014588779595214874,0.0,0.0,0.0,0.6022242903709412,0.31769806146621704,0.00394542096182704,0.0,0.0,"-1,-0.4006985,-0.1657892,0,0.1657892,0.4006985,1",
0,512,transformer.h.4.mlp.w2.weight,transformer.h.4.mlp.w2.weight,"(1024, 384)",4,lloyd_global,0.30808225274086,0.952496349811554,0.2434908002614975,0.9703596830368042,0.8103708028793335,0.615182101726532,0.9978241920471191,0.802980363368988,0.627732515335083,0.0009594936855137348,0.0020384693052619696,86.98126983642578,0,384,0.30808225274086,0.952496349811554,4.967321365256794e-05,4.3420503061497584e-05,0.3683522641658783,2.543953451095149e-05,5.166512892174069e-06,5.217034413362853e-05,0.0001429026306141168,0.0,0.0,0.0,0.6108164191246033,0.3285904824733734,0.004219321999698877,0.0,0.0,"-1,-0.4151953,-0.1762106,0,0.1762106,0.4151953,1",
0,512,transformer.h.4.mlp.w2.weight,transformer.h.4.mlp.w2.weight,"(1024, 384)",4,lloyd_per_tensor_oracle,0.30492812395095825,0.9531865119934082,0.24099849164485931,0.9708571434020996,0.8131048083305359,0.6105586886405945,0.9972625970840454,,,0.0009594936855137348,0.0020384693052619696,86.98126983642578,0,384,0.30492812395095825,0.9531865119934082,4.854368671658449e-05,4.1736202547326684e-05,0.3461710512638092,2.543953451095149e-05,5.166512892174069e-06,5.023682751925662e-05,0.0001513210590928793,0.0,0.0,0.0,0.5992064476013184,0.32809749245643616,0.004281181842088699,0.0,0.0,"-1,-0.4028927,-0.164311,0,0.164311,0.4028927,1",
0,512,transformer.h.4.mlp.w2.weight,transformer.h.4.mlp.w2.weight,"(1024, 384)",8,lloyd_global,0.3083232343196869,0.9525582790374756,0.22024743258953094,0.975777804851532,0.8337613940238953,0.5755385160446167,0.9962199926376343,0.8276130557060242,0.5871827006340027,0.0008692449773661792,0.00191850948613137,86.98126983642578,0,384,0.3083232343196869,0.9525582790374756,4.530386650003493e-05,3.9932463550940156e-05,0.37080636620521545,2.2970603822614066e-05,4.652650659409119e-06,4.787305442732759e-05,0.00012550581595860422,0.0,0.0,0.0,0.6155508160591125,0.32859137654304504,0.004583608824759722,0.0,0.0,"-1,-0.4198408,-0.1791116,0,0.1791116,0.4198408,1",
0,512,transformer.h.4.mlp.w2.weight,transformer.h.4.mlp.w2.weight,"(1024, 384)",8,lloyd_per_tensor_oracle,0.30372172594070435,0.9535111784934998,0.21696068346500397,0.9763804078102112,0.8373187184333801,0.5688644647598267,0.9944817423820496,,,0.0008692449773661792,0.00191850948613137,86.98126983642578,0,384,0.30372172594070435,0.9535111784934998,4.384826752357185e-05,3.791415656451136e-05,0.34313201904296875,2.2970603822614066e-05,4.652650659409119e-06,4.5339158532442525e-05,0.00013780487643089145,0.0,0.0,0.0,0.6003110408782959,0.32288676500320435,0.004441369790583849,0.0,0.0,"-1,-0.4000848,-0.1640311,0,0.1640311,0.4000848,1",
0,512,transformer.h.4.mlp.c_proj.weight,transformer.h.4.mlp.c_proj.weight,"(384, 1024)",4,lloyd_global,0.34004855155944824,0.9433820247650146,0.2559282183647156,0.9676419496536255,0.8324944376945496,0.5850558876991272,1.0204483270645142,0.8238410949707031,0.5935737490653992,0.003677884116768837,0.005804814398288727,86.59217834472656,0,384,0.34004855155944824,0.9433820247650146,0.00017786170064937323,0.00016812948160804808,0.44913992285728455,9.265850530937314e-05,1.872538086900022e-05,0.0002017113147303462,0.0005563949816860259,0.0,0.0,0.0,0.6907588839530945,0.2712743878364563,0.0028551542200148106,0.0,0.0,"-1,-0.4151953,-0.1762106,0,0.1762106,0.4151953,1",
0,512,transformer.h.4.mlp.c_proj.weight,transformer.h.4.mlp.c_proj.weight,"(384, 1024)",4,lloyd_per_tensor_oracle,0.31686878204345703,0.9490380883216858,0.23848040401935577,0.9713270664215088,0.8510805368423462,0.549609363079071,1.0135464668273926,,,0.003677884116768837,0.005804814398288727,86.59217834472656,0,384,0.31686878204345703,0.9490380883216858,0.00015538760635536164,0.0001388101081829518,0.35561370849609375,9.265850530937314e-05,1.872538086900022e-05,0.00016604873235337436,0.0007551235030405223,0.0,0.0,0.0,0.6313216686248779,0.26587173342704773,0.0025390498340129852,0.0,0.0,"-1,-0.3376984,-0.1352517,0,0.1352517,0.3376984,1",
0,512,transformer.h.4.mlp.c_proj.weight,transformer.h.4.mlp.c_proj.weight,"(384, 1024)",8,lloyd_global,0.3314472734928131,0.946083128452301,0.22887834906578064,0.9740352630615234,0.8576335906982422,0.5381778478622437,1.0162447690963745,0.8496067523956299,0.5484504103660583,0.003225515829399228,0.005162897519767284,86.59217834472656,0,384,0.3314472734928131,0.946083128452301,0.00015942809113766998,0.00015094803529791534,0.43140411376953125,8.138029807014391e-05,1.6370959201594815e-05,0.00017900198872666806,0.0004704456077888608,0.0,0.0,0.0,0.6906397938728333,0.27182134985923767,0.0021137974690645933,0.0,0.0,"-1,-0.4198408,-0.1791116,0,0.1791116,0.4198408,1",
0,512,transformer.h.4.mlp.c_proj.weight,transformer.h.4.mlp.c_proj.weight,"(384, 1024)",8,lloyd_per_tensor_oracle,0.3104023039340973,0.9511348009109497,0.21434414386749268,0.9768763780593872,0.872860848903656,0.5070536136627197,1.0106173753738403,,,0.003225515829399228,0.005162897519767284,86.59217834472656,0,384,0.3104023039340973,0.9511348009109497,0.0001406281953677535,0.00012658917694352567,0.34607696533203125,8.138029807014391e-05,1.6370959201594815e-05,0.00014924645074643195,0.0006409701891243458,0.0,0.0,0.0,0.6333879828453064,0.2665143609046936,0.002302316250279546,0.0,0.0,"-1,-0.3447984,-0.1401142,0,0.1401142,0.3447984,1",
0,512,transformer.h.5.attn.c_attn.weight,transformer.h.5.attn.c_attn.weight,"(1152, 384)",4,lloyd_global,0.27432096004486084,0.9618571996688843,0.16915753483772278,0.9856242537498474,0.517632246017456,1.0273597240447998,1.086321234703064,0.5102779269218445,0.9896695613861084,0.0004755761183332652,0.0016858662711456418,1185.9989013671875,219,384,0.27432096004486084,0.9618571996688843,2.649080488481559e-05,6.411581125576049e-06,0.30685311555862427,1.117172450904036e-05,2.215734184574103e-06,2.634316115290858e-05,8.564480958739296e-05,0.0011953490320593119,0.728030800819397,0.7292261719703674,0.3827386200428009,0.4540061056613922,0.10604935139417648,1.0111760957443039e-06,0.0006158597534522414,"-1,-0.4151953,-0.1762106,0,0.1762106,0.4151953,1",
0,512,transformer.h.5.attn.c_attn.weight,transformer.h.5.attn.c_attn.weight,"(1152, 384)",4,lloyd_per_tensor_oracle,0.2740183472633362,0.9619820713996887,0.1689697951078415,0.9856630563735962,0.5188664197921753,1.0252171754837036,1.0848075151443481,,,0.0004755761183332652,0.0016858662711456418,1185.9989013671875,219,384,0.2740183472633362,0.9619820713996887,2.658612902450841e-05,6.468340870924294e-06,0.31358733773231506,1.117172450904036e-05,2.215734184574103e-06,2.6554818759905174e-05,8.421067468589172e-05,0.0011822185479104519,0.7310155034065247,0.7321977019309998,0.3825545608997345,0.4578542113304138,0.1067657321691513,9.979920605474035e-07,0.0006171005079522729,"-1,-0.4185601,-0.1802921,0,0.1802921,0.4185601,1",
0,512,transformer.h.5.attn.c_attn.weight,transformer.h.5.attn.c_attn.weight,"(1152, 384)",8,lloyd_global,0.274366170167923,0.9618508815765381,0.13305597007274628,0.991122841835022,0.5672972202301025,0.976947009563446,1.0928901433944702,0.5621130466461182,0.9358295798301697,0.0003800794656854123,0.0012882731389254332,1185.9989013671875,219,384,0.274366170167923,0.9618508815765381,2.134607893822249e-05,5.876863724552095e-06,0.31085658073425293,8.853960025589913e-06,1.7472184481448494e-06,2.13723997148918e-05,6.733375630574301e-05,0.0016154932091012597,0.730309784412384,0.7319252490997314,0.38132724165916443,0.4600808620452881,0.1034078598022461,8.455605780000042e-07,0.00038224930176511407,"-1,-0.4198408,-0.1791116,0,0.1791116,0.4198408,1",
0,512,transformer.h.5.attn.c_attn.weight,transformer.h.5.attn.c_attn.weight,"(1152, 384)",8,lloyd_per_tensor_oracle,0.2742181420326233,0.9619066119194031,0.1329840123653412,0.9911327362060547,0.5679225325584412,0.9758605360984802,1.092170000076294,,,0.0003800794656854123,0.0012882731389254332,1185.9989013671875,219,384,0.2742181420326233,0.9619066119194031,2.1347565052565187e-05,5.8855130191659555e-06,0.3134765625,8.853960025589913e-06,1.7472184481448494e-06,2.1362657207646407e-05,6.752215995220467e-05,0.0016293114749714732,0.7306284308433533,0.7322577834129333,0.38244715332984924,0.4595514237880707,0.10316861420869827,8.517272362951189e-07,0.00038193812360987067,"-1,-0.4193001,-0.1808025,0,0.1808025,0.4193001,1",
0,512,transformer.h.5.attn.c_proj.weight,transformer.h.5.attn.c_proj.weight,"(384, 384)",4,lloyd_global,0.2735525667667389,0.9620094895362854,0.16024644672870636,0.9870975017547607,0.5249521732330322,1.0256534814834595,1.0972609519958496,0.4803728759288788,1.0194388628005981,0.0030695991590619087,0.004153675399720669,141732.0,166,384,0.2735525667667389,0.9620094895362854,0.0001735772384563461,0.0001572841574670747,0.2739393413066864,7.72830389905721e-05,1.546727798995562e-05,0.00016911326383706182,0.0004921234212815762,0.0013017035089433193,0.643907368183136,0.645209014415741,0.31355154514312744,0.4509367346763611,0.1882600039243698,9.042875717568677e-06,0.004473195411264896,"-1,-0.4151953,-0.1762106,0,0.1762106,0.4151953,1",
0,512,transformer.h.5.attn.c_proj.weight,transformer.h.5.attn.c_proj.weight,"(384, 384)",4,lloyd_per_tensor_oracle,0.2727970480918884,0.9624342322349548,0.15980415046215057,0.9871914982795715,0.5268913507461548,1.0240718126296997,1.0981485843658447,,,0.0030695991590619087,0.004153675399720669,141732.0,166,384,0.2727970480918884,0.9624342322349548,0.00017641219892539084,0.00016355168190784752,0.2964545488357544,7.72830389905721e-05,1.546727798995562e-05,0.00017618878337088972,0.0004458627081476152,0.0013050433481112123,0.6533153653144836,0.6546204090118408,0.3194383680820465,0.4574359059333801,0.18924055993556976,9.016071089718025e-06,0.004513518884778023,"-1,-0.4337732,-0.1917562,0,0.1917562,0.4337732,1",
0,512,transformer.h.5.attn.c_proj.weight,transformer.h.5.attn.c_proj.weight,"(384, 384)",8,lloyd_global,0.27240365743637085,0.9623924493789673,0.12724798917770386,0.9918838739395142,0.5748878717422485,0.97381991147995,1.1029210090637207,0.5254548192024231,0.9742133021354675,0.002390466630458832,0.003267752705141902,141732.0,166,384,0.27240365743637085,0.9623924493789673,0.00013791352102998644,0.00012502481695264578,0.2705620527267456,6.011270670569502e-05,1.2109169801988173e-05,0.00013325946929398924,0.0003784784930758178,0.0012454143725335598,0.6483202576637268,0.6495656371116638,0.3156704902648926,0.45118388533592224,0.19104799628257751,5.45381863048533e-06,0.002839071908965707,"-1,-0.4198408,-0.1791116,0,0.1791116,0.4198408,1",
0,512,transformer.h.5.attn.c_proj.weight,transformer.h.5.attn.c_proj.weight,"(384, 384)",8,lloyd_per_tensor_oracle,0.27165254950523376,0.9628228545188904,0.12689357995986938,0.9919371008872986,0.5755934119224548,0.9723200798034668,1.1016274690628052,,,0.002390466630458832,0.003267752705141902,141732.0,166,384,0.27165254950523376,0.9628228545188904,0.00014020520029589534,0.00013022171333432198,0.2930162250995636,6.011270670569502e-05,1.2109169801988173e-05,0.00013919906632509083,0.00034197361674159765,0.001086964039131999,0.6558865904808044,0.6569735407829285,0.31986260414123535,0.45663976669311523,0.19252675771713257,4.733734840556281e-06,0.0028563900850713253,"-1,-0.4387144,-0.1945784,0,0.1945784,0.4387144,1",
0,512,transformer.h.5.mlp.w1.weight,transformer.h.5.mlp.w1.weight,"(1024, 384)",4,lloyd_global,0.3033847510814667,0.9537614583969116,0.22510430216789246,0.9745875000953674,0.7966597080230713,0.6322730779647827,0.9822044372558594,0.7952170372009277,0.6399808526039124,0.0009344287100248039,0.002267808886244893,112.54795837402344,8,384,0.3033847510814667,0.9537614583969116,4.898709084955044e-05,4.29309657192789e-05,0.35216012597084045,2.4844935978762805e-05,5.0046874093823135e-06,5.0746326451189816e-05,0.00014151395589578897,5.396952838054858e-05,0.03463205695152283,0.034686025232076645,0.5965293049812317,0.33024466037750244,0.007686993107199669,3.718895413840073e-08,2.3864020477049053e-05,"-1,-0.4151953,-0.1762106,0,0.1762106,0.4151953,1",
0,512,transformer.h.5.mlp.w1.weight,transformer.h.5.mlp.w1.weight,"(1024, 384)",4,lloyd_per_tensor_oracle,0.3017706573009491,0.9541037678718567,0.22390922904014587,0.9748051762580872,0.7979707717895508,0.6299238801002502,0.9811422824859619,,,0.0009344287100248039,0.002267808886244893,112.54795837402344,8,384,0.3017706573009491,0.9541037678718567,4.832184640690684e-05,4.192239430267364e-05,0.33780160546302795,2.4844935978762805e-05,5.0046874093823135e-06,4.958396311849356e-05,0.00014686341455671936,5.756886821473017e-05,0.03401978686451912,0.03407735377550125,0.5895991921424866,0.3278439939022064,0.0074324761517345905,3.973915951860363e-08,2.3483486074837856e-05,"-1,-0.4073535,-0.1684472,0,0.1684472,0.4073535,1",
0,512,transformer.h.5.mlp.w1.weight,transformer.h.5.mlp.w1.weight,"(1024, 384)",8,lloyd_global,0.2997913062572479,0.9548774361610413,0.19938357174396515,0.9800880551338196,0.8230146765708923,0.5892259478569031,0.9796383380889893,0.8229403495788574,0.5950881838798523,0.0008284557261504233,0.0021583682391792536,112.54795837402344,8,384,0.2997913062572479,0.9548774361610413,4.387697845231742e-05,3.905700577888638e-05,0.34949493408203125,2.1698740965803154e-05,4.407668257044861e-06,4.564185655908659e-05,0.0001241007848875597,5.8676876506069675e-05,0.0353153720498085,0.03537404537200928,0.5995808243751526,0.3311017155647278,0.007395112421363592,3.127602710151223e-08,1.8823846403392963e-05,"-1,-0.4198408,-0.1791116,0,0.1791116,0.4198408,1",
0,512,transformer.h.5.mlp.w1.weight,transformer.h.5.mlp.w1.weight,"(1024, 384)",8,lloyd_per_tensor_oracle,0.29761525988578796,0.955280601978302,0.19793938100337982,0.9803209900856018,0.8242270350456238,0.5871909856796265,0.979586124420166,,,0.0008284557261504233,0.0021583682391792536,112.54795837402344,8,384,0.29761525988578796,0.955280601978302,4.298540807212703e-05,3.771730916923843e-05,0.3306172788143158,2.1698740965803154e-05,4.407668257044861e-06,4.4003132643410936e-05,0.00013312482042238116,6.423326703952625e-05,0.033972036093473434,0.034036267548799515,0.5866053104400635,0.3288882076740265,0.006828854791820049,3.4466040688130306e-08,1.822858575906139e-05,"-1,-0.4053209,-0.1688282,0,0.1688282,0.4053209,1",
0,512,transformer.h.5.mlp.w2.weight,transformer.h.5.mlp.w2.weight,"(1024, 384)",4,lloyd_global,0.30242130160331726,0.9541123509407043,0.22666817903518677,0.9742559790611267,0.7950670719146729,0.6341267824172974,0.980097234249115,0.7942219376564026,0.6415331959724426,0.0009051907691173255,0.0023009697906672955,111.37466430664062,7,384,0.30242130160331726,0.9541123509407043,4.747369166580029e-05,4.1570296161808074e-05,0.3534139096736908,2.3907396098366007e-05,4.838383574679028e-06,4.930045179207809e-05,0.00013679084077011794,9.810163464862853e-05,0.030014533549547195,0.03011263534426689,0.5997776985168457,0.33296385407447815,0.006781135220080614,6.387000439644908e-08,1.9541248548193835e-05,"-1,-0.4151953,-0.1762106,0,0.1762106,0.4151953,1",
0,512,transformer.h.5.mlp.w2.weight,transformer.h.5.mlp.w2.weight,"(1024, 384)",4,lloyd_per_tensor_oracle,0.300679087638855,0.9544970393180847,0.2253621518611908,0.9744940996170044,0.7957578301429749,0.6331149339675903,0.980295717716217,,,0.0009051907691173255,0.0023009697906672955,111.37466430664062,7,384,0.300679087638855,0.9544970393180847,4.678737241192721e-05,4.050071584060788e-05,0.3390859067440033,2.3907396098366007e-05,4.838383574679028e-06,4.80985181638971e-05,0.00014232062676455826,5.505024819285609e-05,0.030119994655251503,0.030175045132637024,0.5929155349731445,0.3304712474346161,0.006509045138955116,3.588177932556391e-08,1.9632227122201584e-05,"-1,-0.4067613,-0.1681654,0,0.1681654,0.4067613,1",
0,512,transformer.h.5.mlp.w2.weight,transformer.h.5.mlp.w2.weight,"(1024, 384)",8,lloyd_global,0.30279988050460815,0.9540441632270813,0.20300333201885223,0.9793726205825806,0.8196020126342773,0.5945019125938416,0.9782397747039795,0.8193140625953674,0.6011504530906677,0.0008137005497701466,0.0019983795937150717,111.37466430664062,7,384,0.30279988050460815,0.9540441632270813,4.288336276658811e-05,3.7964258808642626e-05,0.35615286231040955,2.13645507756155e-05,4.334522600402124e-06,4.4839824113296345e-05,0.00011977739632129669,5.6361244787694886e-05,0.03001376800239086,0.03007012978196144,0.6014062166213989,0.33330821990966797,0.006721966899931431,2.8896584680637716e-08,1.5388151950901374e-05,"-1,-0.4198408,-0.1791116,0,0.1791116,0.4198408,1",
0,512,transformer.h.5.mlp.w2.weight,transformer.h.5.mlp.w2.weight,"(1024, 384)",8,lloyd_per_tensor_oracle,0.30010291934013367,0.9546244144439697,0.20119398832321167,0.9796878695487976,0.8213034868240356,0.5917673110961914,0.9785195589065552,,,0.0008137005497701466,0.0019983795937150717,111.37466430664062,7,384,0.30010291934013367,0.9546244144439697,4.195966539555229e-05,3.661079972516745e-05,0.33628082275390625,2.13645507756155e-05,4.334522600402124e-06,4.316874765208922e-05,0.00012854915985371917,8.328797412104905e-05,0.029039693996310234,0.029122982174158096,0.5886887311935425,0.331277996301651,0.007097870111465454,4.2805282873814576e-08,1.4924751667422242e-05,"-1,-0.4051637,-0.1681162,0,0.1681162,0.4051637,1",
0,512,transformer.h.5.mlp.c_proj.weight,transformer.h.5.mlp.c_proj.weight,"(384, 1024)",4,lloyd_global,0.33840861916542053,0.9438436627388,0.2344658374786377,0.9727415442466736,0.8343266844749451,0.5793188810348511,1.0123720169067383,0.8250337243080139,0.591556966304779,0.003217017976567149,0.005570102483034134,110.41080474853516,6,384,0.33840861916542053,0.9438436627388,0.0001561773387948051,0.00014635294792242348,0.432525634765625,8.213453838834539e-05,1.6586676792940125e-05,0.00017594388918951154,0.0004551709571387619,0.00010306888725608587,0.028270358219742775,0.02837342768907547,0.6913185119628906,0.26820001006126404,0.003325042547658086,5.862469834028161e-07,0.0001607993763172999,"-1,-0.4151953,-0.1762106,0,0.1762106,0.4151953,1",
0,512,transformer.h.5.mlp.c_proj.weight,transformer.h.5.mlp.c_proj.weight,"(384, 1024)",4,lloyd_per_tensor_oracle,0.31377726793289185,0.9500687718391418,0.217402845621109,0.9762039184570312,0.8531099557876587,0.5445191264152527,1.0089572668075562,,,0.003217017976567149,0.005570102483034134,110.41080474853516,6,384,0.31377726793289185,0.9500687718391418,0.0001369095261907205,0.00012224039528518915,0.3461863100528717,8.213453838834539e-05,1.6586676792940125e-05,0.00014580704737454653,0.0006239766371436417,0.00010931738506769761,0.025541871786117554,0.02565119042992592,0.6345345973968506,0.26024481654167175,0.003411227837204933,5.961710485280491e-07,0.0001392946287523955,"-1,-0.3383207,-0.1374211,0,0.1374211,0.3383207,1",
0,512,transformer.h.5.mlp.c_proj.weight,transformer.h.5.mlp.c_proj.weight,"(384, 1024)",8,lloyd_global,0.3164309859275818,0.9504369497299194,0.20057706534862518,0.9799602627754211,0.8676935434341431,0.5164999961853027,1.0078898668289185,0.8593729138374329,0.5303409695625305,0.0026411896105855703,0.004193395841866732,110.41080474853516,6,384,0.3164309859275818,0.9504369497299194,0.00013341127487365156,0.00012544810306280851,0.39395394921302795,6.692707393085584e-05,1.3499210581358057e-05,0.00014637011918239295,0.00038067466812208295,6.188440602272749e-05,0.027957046404480934,0.028018930926918983,0.6900218725204468,0.2646840214729309,0.003187836380675435,2.604032545150403e-07,0.00011764039663830772,"-1,-0.4198408,-0.1791116,0,0.1791116,0.4198408,1",
0,512,transformer.h.5.mlp.c_proj.weight,transformer.h.5.mlp.c_proj.weight,"(384, 1024)",8,lloyd_per_tensor_oracle,0.3031672537326813,0.9534100890159607,0.19216860830783844,0.981436014175415,0.8767057657241821,0.49762439727783203,1.0041165351867676,,,0.0026411896105855703,0.004193395841866732,110.41080474853516,6,384,0.3031672537326813,0.9534100890159607,0.00012238170893397182,0.0001106720301322639,0.3350982666015625,6.692707393085584e-05,1.3499210581358057e-05,0.00012841106217820197,0.0004908904084004462,4.246826210874133e-05,0.025327390059828758,0.025369858369231224,0.6462665796279907,0.2551456689834595,0.002683898201212287,1.7726253531691327e-07,0.00010571652819635347,"-1,-0.3621325,-0.1501422,0,0.1501422,0.3621325,1",
0,1024,transformer.h.0.attn.c_attn.weight,transformer.h.0.attn.c_attn.weight,"(1152, 384)",4,lloyd_global,0.2750089764595032,0.9616573452949524,0.16879341006278992,0.9856846928596497,0.6135706305503845,0.8871404528617859,1.017899751663208,0.6377048492431641,0.8512311577796936,0.0007720706053078175,0.002437417395412922,556.9888916015625,169,384,0.2750089764595032,0.9616573452949524,4.310346412239596e-05,1.4428595022764057e-05,0.32970964908599854,1.748740760376677e-05,3.5376563118916238e-06,4.329252624302171e-05,0.00014304163050837815,0.0010920747881755233,0.5856561064720154,0.5867481231689453,0.4337399899959564,0.4547159969806671,0.05383169278502464,2.148727389794658e-06,0.0011523159919306636,"-1,-0.4151953,-0.1762106,0,0.1762106,0.4151953,1",
0,1024,transformer.h.0.attn.c_attn.weight,transformer.h.0.attn.c_attn.weight,"(1152, 384)",4,lloyd_per_tensor_oracle,0.27475234866142273,0.9617655277252197,0.16863630712032318,0.9857190251350403,0.6123411059379578,0.888526976108551,1.0178502798080444,,,0.0007720706053078175,0.002437417395412922,556.9888916015625,169,384,0.27475234866142273,0.9617655277252197,4.330141018726863e-05,1.4548039871442597e-05,0.33306431770324707,1.748740760376677e-05,3.5376563118916238e-06,4.383715713629499e-05,0.00013861828483641148,0.0010871735867112875,0.5894010066986084,0.5904881954193115,0.4353364408016205,0.45683586597442627,0.05437945947051048,2.1314522200555075e-06,0.0011555469827726483,"-1,-0.4214651,-0.1781729,0,0.1781729,0.4214651,1",
0,1024,transformer.h.0.attn.c_attn.weight,transformer.h.0.attn.c_attn.weight,"(1152, 384)",8,lloyd_global,0.272243857383728,0.9623817205429077,0.13794736564159393,0.9904533624649048,0.6569922566413879,0.8405037522315979,1.028582215309143,0.6838188767433167,0.7952151298522949,0.0006448411149904132,0.0018196016317233443,556.9888916015625,169,384,0.272243857383728,0.9623817205429077,3.6279747291700915e-05,1.3584940461441875e-05,0.33125361800193787,1.4581222785636783e-05,2.9257814730954124e-06,3.642643059720285e-05,0.00011696253204718232,0.001144804758951068,0.5789684653282166,0.5801132917404175,0.43179792165756226,0.4532197415828705,0.053129926323890686,1.4873635336698499e-06,0.0007522125961259007,"-1,-0.4198408,-0.1791116,0,0.1791116,0.4198408,1",
0,1024,transformer.h.0.attn.c_attn.weight,transformer.h.0.attn.c_attn.weight,"(1152, 384)",8,lloyd_per_tensor_oracle,0.27206486463546753,0.9624698758125305,0.1378553807735443,0.9904682636260986,0.6576769351959229,0.8390724658966064,1.027241587638855,,,0.0006448411149904132,0.0018196016317233443,556.9888916015625,169,384,0.27206486463546753,0.9624698758125305,3.6405588616617024e-05,1.3648772437591106e-05,0.33272749185562134,1.4581222785636783e-05,2.9257814730954124e-06,3.679810470202938e-05,0.00011390083091100678,0.0011741453781723976,0.5806434750556946,0.581817626953125,0.4341343939304352,0.4538992941379547,0.05350429192185402,1.5212990547297522e-06,0.000752319348976016,"-1,-0.4249367,-0.1799504,0,0.1799504,0.4249367,1",
0,1024,transformer.h.0.attn.c_proj.weight,transformer.h.0.attn.c_proj.weight,"(384, 384)",4,lloyd_global,0.27469325065612793,0.9617239832878113,0.17420737445354462,0.9847326278686523,0.5698181986808777,0.950960099697113,1.0483744144439697,0.5403783917427063,0.9587725400924683,0.005026201717555523,0.006864672526717186,62163.05078125,149,384,0.27469325065612793,0.9617239832878113,0.0002819850342348218,0.000256094615906477,0.2767469584941864,0.00012603923096321523,2.5203285986208357e-05,0.00027684797532856464,0.0008042889530770481,0.0009429626516066492,0.5943576097488403,0.595300555229187,0.34931299090385437,0.45512330532073975,0.15035274624824524,1.7225052943103947e-05,0.010857101529836655,"-1,-0.4151953,-0.1762106,0,0.1762106,0.4151953,1",
0,1024,transformer.h.0.attn.c_proj.weight,transformer.h.0.attn.c_proj.weight,"(384, 384)",4,lloyd_per_tensor_oracle,0.27434077858924866,0.9619439244270325,0.17398273944854736,0.9847895503044128,0.5679348707199097,0.9541480541229248,1.0505818128585815,,,0.005026201717555523,0.006864672526717186,62163.05078125,149,384,0.27434077858924866,0.9619439244270325,0.000285892077954486,0.00026516278740018606,0.2959391176700592,0.00012603923096321523,2.5203285986208357e-05,0.0002857661456800997,0.00074863521149382,0.0008316837484017015,0.5984967947006226,0.5993284583091736,0.3540045917034149,0.4565933346748352,0.15299275517463684,1.5153387721511535e-05,0.010904690250754356,"-1,-0.4287139,-0.1886982,0,0.1886982,0.4287139,1",
0,1024,transformer.h.0.attn.c_proj.weight,transformer.h.0.attn.c_proj.weight,"(384, 384)",8,lloyd_global,0.2725217342376709,0.962353527545929,0.13984017074108124,0.9901854991912842,0.6205762028694153,0.8943654298782349,1.0506938695907593,0.5899592041969299,0.905584990978241,0.003971392754465342,0.005090540740638971,62163.05078125,149,384,0.2725217342376709,0.962353527545929,0.00022724783048033714,0.0002080237027257681,0.2724541425704956,9.963067714124918e-05,1.998731750063598e-05,0.00022182641259860247,0.000627769622951746,0.0009786880109459162,0.5986981987953186,0.5996768474578857,0.35027143359184265,0.457649827003479,0.1496681123971939,1.1517883649503347e-05,0.007045898586511612,"-1,-0.4198408,-0.1791116,0,0.1791116,0.4198408,1",
0,1024,transformer.h.0.attn.c_proj.weight,transformer.h.0.attn.c_proj.weight,"(384, 384)",8,lloyd_per_tensor_oracle,0.2719755172729492,0.9626767635345459,0.1395644098520279,0.9902350306510925,0.622686505317688,0.8926148414611816,1.0522178411483765,,,0.003971392754465342,0.005090540740638971,62163.05078125,149,384,0.2719755172729492,0.9626767635345459,0.00022989322314970195,0.00021424167789518833,0.29205322265625,9.963067714124918e-05,1.998731750063598e-05,0.00022822653409093618,0.0005876115756109357,0.0009304278064519167,0.6038111448287964,0.6047415733337402,0.35419023036956787,0.4605485200881958,0.1523296982049942,1.090607838705182e-05,0.007077616639435291,"-1,-0.4321705,-0.1920773,0,0.1920773,0.4321705,1",
0,1024,transformer.h.0.mlp.w1.weight,transformer.h.0.mlp.w1.weight,"(1024, 384)",4,lloyd_global,0.2913969159126282,0.9572986364364624,0.21361908316612244,0.9770967364311218,0.9043831825256348,0.4398597776889801,1.0110396146774292,0.9014518857002258,0.44396841526031494,0.0015908138593658805,0.003115660510957241,65.51480102539062,0,384,0.2913969159126282,0.9572986364364624,8.460359094897285e-05,7.645890582352877e-05,0.32916513085365295,4.0803053707350045e-05,8.27102212497266e-06,8.698945021023974e-05,0.0002465352008584887,0.0,0.0,0.0,0.7431514263153076,0.18895597755908966,0.001672387239523232,0.0,0.0,"-1,-0.4151953,-0.1762106,0,0.1762106,0.4151953,1",
0,1024,transformer.h.0.mlp.w1.weight,transformer.h.0.mlp.w1.weight,"(1024, 384)",4,lloyd_per_tensor_oracle,0.2906116247177124,0.9573584198951721,0.21304237842559814,0.9771832227706909,0.9048841595649719,0.4387028217315674,1.011031985282898,,,0.0015908138593658805,0.003115660510957241,65.51480102539062,0,384,0.2906116247177124,0.9573584198951721,8.368513226741925e-05,7.504344102926552e-05,0.3210347592830658,4.0803053707350045e-05,8.27102212497266e-06,8.51648292155005e-05,0.000258481566561386,0.0,0.0,0.0,0.7326333522796631,0.188990980386734,0.001825957209803164,0.0,0.0,"-1,-0.4053004,-0.1714728,0,0.1714728,0.4053004,1",
0,1024,transformer.h.0.mlp.w1.weight,transformer.h.0.mlp.w1.weight,"(1024, 384)",8,lloyd_global,0.2896377742290497,0.9578157663345337,0.1993066668510437,0.9800741672515869,0.9147072434425354,0.41506510972976685,1.0093578100204468,0.9117841124534607,0.42005372047424316,0.0014830700820311904,0.0026354999281466007,65.51480102539062,0,384,0.2896377742290497,0.9578157663345337,7.943456876091659e-05,7.238570833578706e-05,0.3303375244140625,3.7833353417227045e-05,7.4838353611994535e-06,8.203827746910974e-05,0.0002265234652440995,0.0,0.0,0.0,0.7432908415794373,0.18941104412078857,0.0015751596074551344,0.0,0.0,"-1,-0.4198408,-0.1791116,0,0.1791116,0.4198408,1",
0,1024,transformer.h.0.mlp.w1.weight,transformer.h.0.mlp.w1.weight,"(1024, 384)",8,lloyd_per_tensor_oracle,0.28851890563964844,0.9579932689666748,0.19853879511356354,0.980193555355072,0.9151319265365601,0.413862407207489,1.008616328239441,,,0.0014830700820311904,0.0026354999281466007,65.51480102539062,0,384,0.28851890563964844,0.9579932689666748,7.821279723430052e-05,7.042403740342706e-05,0.31861114501953125,3.7833353417227045e-05,7.4838353611994535e-06,7.962271047290415e-05,0.0002424280537525192,0.0,0.0,0.0,0.7339619994163513,0.18657241761684418,0.0016070171259343624,0.0,0.0,"-1,-0.4058633,-0.1724403,0,0.1724403,0.4058633,1",
0,1024,transformer.h.0.mlp.w2.weight,transformer.h.0.mlp.w2.weight,"(1024, 384)",4,lloyd_global,0.29477354884147644,0.9562771320343018,0.21908947825431824,0.9758985042572021,0.8991207480430603,0.4517614245414734,1.0109065771102905,0.8957962393760681,0.45652833580970764,0.0015846369788050652,0.002752421423792839,67.67947387695312,0,384,0.29477354884147644,0.9562771320343018,8.388302376260981e-05,7.539632497355342e-05,0.33846282958984375,4.081342194695026e-05,8.243057891377248e-06,8.681933832122013e-05,0.0002460702380631119,0.0,0.0,0.0,0.7315943241119385,0.19634637236595154,0.0017630590591579676,0.0,0.0,"-1,-0.4151953,-0.1762106,0,0.1762106,0.4151953,1",
0,1024,transformer.h.0.mlp.w2.weight,transformer.h.0.mlp.w2.weight,"(1024, 384)",4,lloyd_per_tensor_oracle,0.2937389314174652,0.9563948512077332,0.21832111477851868,0.9760225415229797,0.8998993039131165,0.4500381648540497,1.011004090309143,,,0.0015846369788050652,0.002752421423792839,67.67947387695312,0,384,0.2937389314174652,0.9563948512077332,8.275022264569998e-05,7.364479824900627e-05,0.32721710205078125,4.081342194695026e-05,8.243057891377248e-06,8.46305483719334e-05,0.00025994196766987443,0.0,0.0,0.0,0.7227962017059326,0.19444257020950317,0.00177361024543643,0.0,0.0,"-1,-0.4037092,-0.1697685,0,0.1697685,0.4037092,1",
0,1024,transformer.h.0.mlp.w2.weight,transformer.h.0.mlp.w2.weight,"(1024, 384)",8,lloyd_global,0.2938220798969269,0.9566506147384644,0.20459723472595215,0.9790180921554565,0.9099138379096985,0.4267500638961792,1.0101550817489624,0.9069489240646362,0.43140870332717896,0.0014737901510670781,0.0025244432035833597,67.67947387695312,0,384,0.2938220798969269,0.9566506147384644,7.874689617892727e-05,7.116029155440629e-05,0.33903756737709045,3.799441401497461e-05,7.681282113480847e-06,8.1547477748245e-05,0.00022203497064765543,0.0,0.0,0.0,0.7392027378082275,0.1972992867231369,0.0016359570436179638,0.0,0.0,"-1,-0.4198408,-0.1791116,0,0.1791116,0.4198408,1",
0,1024,transformer.h.0.mlp.w2.weight,transformer.h.0.mlp.w2.weight,"(1024, 384)",8,lloyd_per_tensor_oracle,0.292404443025589,0.9568409323692322,0.20360754430294037,0.9791693091392517,0.9105502963066101,0.425083190202713,1.009467601776123,,,0.0014737901510670781,0.0025244432035833597,67.67947387695312,0,384,0.292404443025589,0.9568409323692322,7.75125008658506e-05,6.923035107320175e-05,0.32572174072265625,3.799441401497461e-05,7.681282113480847e-06,7.919276686152443e-05,0.00023610486823599786,0.0,0.0,0.0,0.7251453995704651,0.19506855309009552,0.001631536171771586,0.0,0.0,"-1,-0.4072328,-0.1714008,0,0.1714008,0.4072328,1",
0,1024,transformer.h.0.mlp.c_proj.weight,transformer.h.0.mlp.c_proj.weight,"(384, 1024)",4,lloyd_global,0.3125748634338379,0.9514294862747192,0.2598285675048828,0.9664217829704285,0.8519447445869446,0.5492798089981079,1.0177924633026123,0.8444655537605286,0.5577464699745178,0.005979950074106455,0.008861688897013664,64.1305160522461,0,384,0.3125748634338379,0.9514294862747192,0.0003010998188983649,0.00028269109316170216,0.3900248110294342,0.00015085481572896242,3.0620660254498944e-05,0.00032754920539446175,0.0009140226757153869,0.0,0.0,0.0,0.6747221946716309,0.2764657437801361,0.001423417590558529,0.0,0.0,"-1,-0.4151953,-0.1762106,0,0.1762106,0.4151953,1",
0,1024,transformer.h.0.mlp.c_proj.weight,transformer.h.0.mlp.c_proj.weight,"(384, 1024)",4,lloyd_per_tensor_oracle,0.3033450245857239,0.9534474015235901,0.25214719772338867,0.9679569005966187,0.8592168092727661,0.5351079702377319,1.0160081386566162,,,0.005979950074106455,0.008861688897013664,64.1305160522461,0,384,0.3033450245857239,0.9534474015235901,0.0002804936084430665,0.00025314599042758346,0.33844247460365295,0.00015085481572896242,3.0620660254498944e-05,0.0002932551724370569,0.0011207228526473045,0.0,0.0,0.0,0.6396922469139099,0.2699196934700012,0.0014399084029719234,0.0,0.0,"-1,-0.3677644,-0.1507817,0,0.1507817,0.3677644,1",
0,1024,transformer.h.0.mlp.c_proj.weight,transformer.h.0.mlp.c_proj.weight,"(384, 1024)",8,lloyd_global,0.30936771631240845,0.952500581741333,0.2393677532672882,0.9715015292167664,0.8692256808280945,0.5156859755516052,1.015764594078064,0.8615833520889282,0.5261593461036682,0.005457693710923195,0.008884553797543049,64.1305160522461,0,384,0.30936771631240845,0.952500581741333,0.0002785906835924834,0.0002620304003357887,0.3843332827091217,0.00013752705126535147,2.768602098512929e-05,0.00030265460372902453,0.0008198361610993743,0.0,0.0,0.0,0.6801355481147766,0.2742755711078644,0.0012201244244351983,0.0,0.0,"-1,-0.4198408,-0.1791116,0,0.1791116,0.4198408,1",
0,1024,transformer.h.0.mlp.c_proj.weight,transformer.h.0.mlp.c_proj.weight,"(384, 1024)",8,lloyd_per_tensor_oracle,0.29971733689308167,0.9544752240180969,0.2318987250328064,0.9729160070419312,0.8755685687065125,0.5025689601898193,1.014072299003601,,,0.005457693710923195,0.008884553797543049,64.1305160522461,0,384,0.29971733689308167,0.9544752240180969,0.0002587157941889018,0.0002344353124499321,0.3325653076171875,0.00013752705126535147,2.768602098512929e-05,0.00026961378171108663,0.0010260059498250484,0.0,0.0,0.0,0.6368969678878784,0.2680650055408478,0.0012997628655284643,0.0,0.0,"-1,-0.3692714,-0.1529983,0,0.1529983,0.3692714,1",
0,1024,transformer.h.1.attn.c_attn.weight,transformer.h.1.attn.c_attn.weight,"(1152, 384)",4,lloyd_global,0.2734363079071045,0.9620532393455505,0.17110273241996765,0.9852689504623413,0.5866841673851013,0.9201394319534302,1.0235499143600464,0.6086401343345642,0.8847170472145081,0.0006713442271575332,0.002153989626094699,665.5748291015625,200,384,0.2734363079071045,0.9620532393455505,3.752326301764697e-05,1.4803947124164551e-05,0.3227267861366272,1.5176086890278384e-05,3.0378985229617683e-06,3.7501828046515584e-05,0.00012759842502418905,0.0013240557163953781,0.6589421033859253,0.6602662205696106,0.41465193033218384,0.45102405548095703,0.06611544638872147,1.734577153911232e-06,0.0008632461540400982,"-1,-0.4151953,-0.1762106,0,0.1762106,0.4151953,1",
0,1024,transformer.h.1.attn.c_attn.weight,transformer.h.1.attn.c_attn.weight,"(1152, 384)",4,lloyd_per_tensor_oracle,0.27313917875289917,0.9621506333351135,0.17091800272464752,0.9853052496910095,0.5864341855049133,0.920299232006073,1.0233025550842285,,,0.0006713442271575332,0.002153989626094699,665.5748291015625,200,384,0.27313917875289917,0.9621506333351135,3.765161818591878e-05,1.4914294297341257e-05,0.3256293535232544,1.5176086890278384e-05,3.0378985229617683e-06,3.7855981645407155e-05,0.0001246063329745084,0.0012893187813460827,0.6627407670021057,0.6640300750732422,0.4164462983608246,0.4537009298801422,0.06640391796827316,1.6835278984217439e-06,0.0008653736440464854,"-1,-0.4198835,-0.1779883,0,0.1779883,0.4198835,1",
0,1024,transformer.h.1.attn.c_attn.weight,transformer.h.1.attn.c_attn.weight,"(1152, 384)",8,lloyd_global,0.27206936478614807,0.9624539017677307,0.14344388246536255,0.9896669387817383,0.6223578453063965,0.8834426403045654,1.031986117362976,0.6479641795158386,0.8390932083129883,0.0005769196432083845,0.0016243474092334509,665.5748291015625,200,384,0.27206936478614807,0.9624539017677307,3.236075644963421e-05,1.4022696632309817e-05,0.32943159341812134,1.296637947234558e-05,2.5945807919924846e-06,3.253766044508666e-05,0.00010807575745275244,0.0016181889222934842,0.6627415418624878,0.6643596887588501,0.4150453805923462,0.4546143710613251,0.06451638042926788,1.4744036889169365e-06,0.0006038532010279596,"-1,-0.4198408,-0.1791116,0,0.1791116,0.4198408,1",
0,1024,transformer.h.1.attn.c_attn.weight,transformer.h.1.attn.c_attn.weight,"(1152, 384)",8,lloyd_per_tensor_oracle,0.2722119688987732,0.9623993039131165,0.14351855218410492,0.989656388759613,0.6224079728126526,0.8834401369094849,1.0321093797683716,,,0.0005769196432083845,0.0016243474092334509,665.5748291015625,200,384,0.2722119688987732,0.9623993039131165,3.233339521102607e-05,1.398372114636004e-05,0.32751238346099854,1.296637947234558e-05,2.5945807919924846e-06,3.247157292207703e-05,0.00010856548033189029,0.001649539452046156,0.6624594926834106,0.6641090512275696,0.4154690206050873,0.4538038671016693,0.06420838087797165,1.5054184814289329e-06,0.0006045801565051079,"-1,-0.4189624,-0.1780291,0,0.1780291,0.4189624,1",
0,1024,transformer.h.1.attn.c_proj.weight,transformer.h.1.attn.c_proj.weight,"(384, 384)",4,lloyd_global,0.27329471707344055,0.9620842337608337,0.13497427105903625,0.9908623099327087,0.565401554107666,0.9804170727729797,1.0953961610794067,0.5189177989959717,0.9802629947662354,0.0037041115574538708,0.005338793620467186,261392.546875,172,384,0.27329471707344055,0.9620842337608337,0.0002118017728207633,0.00019085250096395612,0.2662421464920044,9.427186159882694e-05,1.8797598386299796e-05,0.00020425804541446269,0.0005928564351052046,0.0016223513521254063,0.6645369529724121,0.6661592721939087,0.3226874768733978,0.4547285735607147,0.1769370436668396,1.6847105143824592e-05,0.006900800857692957,"-1,-0.4151953,-0.1762106,0,0.1762106,0.4151953,1",
0,1024,transformer.h.1.attn.c_proj.weight,transformer.h.1.attn.c_proj.weight,"(384, 384)",4,lloyd_per_tensor_oracle,0.27249687910079956,0.9625645875930786,0.134577214717865,0.9909301400184631,0.5662681460380554,0.9802982211112976,1.096968412399292,,,0.0037041115574538708,0.005338793620467186,261392.546875,172,384,0.27249687910079956,0.9625645875930786,0.0002159859868697822,0.00020007876446470618,0.2925957441329956,9.427186159882694e-05,1.8797598386299796e-05,0.00021515521802939475,0.0005239038728177547,0.0012411146890372038,0.6745737195014954,0.6758148670196533,0.3263767659664154,0.4649186432361603,0.17732807993888855,1.2813050489057787e-05,0.006964180618524551,"-1,-0.438435,-0.1943295,0,0.1943295,0.438435,1",
0,1024,transformer.h.1.attn.c_proj.weight,transformer.h.1.attn.c_proj.weight,"(384, 384)",8,lloyd_global,0.27080488204956055,0.9628060460090637,0.11450990289449692,0.9934303760528564,0.6061879396438599,0.9365971684455872,1.100834608078003,0.5522775053977966,0.9462817907333374,0.0031322080176323652,0.004849990364164114,261392.546875,172,384,0.27080488204956055,0.9628060460090637,0.00018016542890109122,0.00016307970508933067,0.2667507529258728,7.859461766202003e-05,1.5828913092263974e-05,0.00017404614482074976,0.0004897956387139857,0.0016835791757330298,0.6596482992172241,0.661331832408905,0.3303302228450775,0.4511500895023346,0.17243708670139313,1.2583757779793814e-05,0.004930480383336544,"-1,-0.4198408,-0.1791116,0,0.1791116,0.4198408,1",
0,1024,transformer.h.1.attn.c_proj.weight,transformer.h.1.attn.c_proj.weight,"(384, 384)",8,lloyd_per_tensor_oracle,0.26999321579933167,0.9632437229156494,0.1141742616891861,0.9934765696525574,0.6063129305839539,0.9363855719566345,1.1007132530212402,,,0.0031322080176323652,0.004849990364164114,261392.546875,172,384,0.26999321579933167,0.9632437229156494,0.00018326287681702524,0.00017051032045856118,0.2894965410232544,7.859461766202003e-05,1.5828913092263974e-05,0.0001822529884520918,0.0004385253123473376,0.001498644589446485,0.6708634495735168,0.6723620891571045,0.3337600529193878,0.45701104402542114,0.17721523344516754,1.1134437045257073e-05,0.00498429499566555,"-1,-0.4400716,-0.1953996,0,0.1953996,0.4400716,1",
0,1024,transformer.h.1.mlp.w1.weight,transformer.h.1.mlp.w1.weight,"(1024, 384)",4,lloyd_global,0.3121584951877594,0.9512738585472107,0.21858520805835724,0.9760969281196594,0.8580788373947144,0.5344312787055969,1.00608491897583,0.8507819771766663,0.5462992191314697,0.0013113393215462565,0.0026567999739199877,106.45686340332031,4,384,0.3121584951877594,0.9512738585472107,6.73331887810491e-05,5.857348151039332e-05,0.38786062598228455,3.472229218459688e-05,7.075028861436294e-06,7.140701200114563e-05,0.0001976191415451467,2.3742470148135908e-05,0.01735507883131504,0.01737882010638714,0.6565647721290588,0.28542283177375793,0.0036348553840070963,3.1928969690397935e-08,2.3339180188486353e-05,"-1,-0.4151953,-0.1762106,0,0.1762106,0.4151953,1",
0,1024,transformer.h.1.mlp.w1.weight,transformer.h.1.mlp.w1.weight,"(1024, 384)",4,lloyd_per_tensor_oracle,0.3079269826412201,0.9522278904914856,0.21562273800373077,0.9766504764556885,0.8614044189453125,0.5278369188308716,1.004996418952942,,,0.0013113393215462565,0.0026567999739199877,106.45686340332031,4,384,0.3079269826412201,0.9522278904914856,6.525476783281192e-05,5.562922160606831e-05,0.35760751366615295,3.472229218459688e-05,7.075028861436294e-06,6.78632059134543e-05,0.00021265624673105776,2.891333497245796e-05,0.01680958829820156,0.016838502138853073,0.6437926292419434,0.2823571264743805,0.003375563770532608,3.920092694897903e-08,2.2790572984376922e-05,"-1,-0.3991825,-0.1605656,0,0.1605656,0.3991825,1",
0,1024,transformer.h.1.mlp.w1.weight,transformer.h.1.mlp.w1.weight,"(1024, 384)",8,lloyd_global,0.3113444447517395,0.9516089558601379,0.20160681009292603,0.9796589016914368,0.8727510571479797,0.5055469870567322,1.004132628440857,0.8657408952713013,0.5181945562362671,0.0012088282965123653,0.0025122861843556166,106.45686340332031,4,384,0.3113444447517395,0.9516089558601379,6.258938083192334e-05,5.4956472013145685e-05,0.387451171875,3.1839259463595226e-05,6.4361638578702696e-06,6.665386172244325e-05,0.0001767456706147641,1.609215723874513e-05,0.018216032534837723,0.018232125788927078,0.6587187051773071,0.28484904766082764,0.0034693870693445206,1.8137622959102373e-08,2.0531464542727917e-05,"-1,-0.4198408,-0.1791116,0,0.1791116,0.4198408,1",
0,1024,transformer.h.1.mlp.w1.weight,transformer.h.1.mlp.w1.weight,"(1024, 384)",8,lloyd_per_tensor_oracle,0.3062509596347809,0.9526621699333191,0.19830647110939026,0.9802427291870117,0.8763659596443176,0.4981529414653778,1.003501296043396,,,0.0012088282965123653,0.0025122861843556166,106.45686340332031,4,384,0.3062509596347809,0.9526621699333191,6.037010462023318e-05,5.181675078347325e-05,0.3546549379825592,3.1839259463595226e-05,6.4361638578702696e-06,6.283242692006752e-05,0.0001939044741448015,4.058282866026275e-05,0.017002010717988014,0.01704259403049946,0.6397643089294434,0.2816295623779297,0.0035452155862003565,4.594273050884112e-08,1.9247519958298653e-05,"-1,-0.400126,-0.1616424,0,0.1616424,0.400126,1",
0,1024,transformer.h.1.mlp.w2.weight,transformer.h.1.mlp.w2.weight,"(1024, 384)",4,lloyd_global,0.3168846368789673,0.9498993158340454,0.22168682515621185,0.9754995703697205,0.8523608446121216,0.5448071360588074,1.0050853490829468,0.8450506329536438,0.5566954016685486,0.0012998153688386083,0.0028525497764348984,105.6141128540039,4,384,0.3168846368789673,0.9498993158340454,6.620167550863698e-05,5.720683839172125e-05,0.39647674560546875,3.465105692157522e-05,7.059487415972399e-06,7.055265450617298e-05,0.000193963322089985,1.743662141961977e-05,0.01731356605887413,0.01733100228011608,0.6526228189468384,0.29250091314315796,0.0035659223794937134,2.2954285583409728e-08,2.279229011037387e-05,"-1,-0.4151953,-0.1762106,0,0.1762106,0.4151953,1",
0,1024,transformer.h.1.mlp.w2.weight,transformer.h.1.mlp.w2.weight,"(1024, 384)",4,lloyd_per_tensor_oracle,0.31113898754119873,0.9512376189231873,0.21766474843025208,0.976253867149353,0.8573352098464966,0.5351197719573975,1.003509759902954,,,0.0012998153688386083,0.0028525497764348984,105.6141128540039,4,384,0.31113898754119873,0.9512376189231873,6.36837721685879e-05,5.375502951210365e-05,0.36058297753334045,3.465105692157522e-05,7.059487415972399e-06,6.631512951571494e-05,0.0002110815403284505,1.1112911124655511e-05,0.017011592164635658,0.01702270470559597,0.6368048787117004,0.28959378600120544,0.003729138057678938,1.4660126446131017e-08,2.2441654436988756e-05,"-1,-0.3964374,-0.1580325,0,0.1580325,0.3964374,1",
0,1024,transformer.h.1.mlp.w2.weight,transformer.h.1.mlp.w2.weight,"(1024, 384)",8,lloyd_global,0.3171951472759247,0.9498777985572815,0.20510154962539673,0.9790456891059875,0.8661589026451111,0.5181271433830261,1.002824306488037,0.8590306043624878,0.5309897661209106,0.0012040329165756702,0.0024108390789479017,105.6141128540039,4,384,0.3171951472759247,0.9498777985572815,6.190474960021675e-05,5.421983951237053e-05,0.398223876953125,3.18519669235684e-05,6.488644430646673e-06,6.6339474869892e-05,0.00017619419668335468,4.6364584704861045e-05,0.01715138740837574,0.017197752371430397,0.6576119661331177,0.2882041335105896,0.003657430177554488,5.1496456876520824e-08,1.904979217215441e-05,"-1,-0.4198408,-0.1791116,0,0.1791116,0.4198408,1",
0,1024,transformer.h.1.mlp.w2.weight,transformer.h.1.mlp.w2.weight,"(1024, 384)",8,lloyd_per_tensor_oracle,0.31010371446609497,0.9515303373336792,0.20050804316997528,0.979861319065094,0.8713673949241638,0.5077047944068909,1.0018887519836426,,,0.0012040329165756702,0.0024108390789479017,105.6141128540039,4,384,0.31010371446609497,0.9515303373336792,5.901858094148338e-05,5.027870065532625e-05,0.3565775454044342,3.18519669235684e-05,6.488644430646673e-06,6.147939711809158e-05,0.00019692724163178355,7.543105311924592e-05,0.01611587405204773,0.016191305592656136,0.6405368447303772,0.2836936116218567,0.0035054052714258432,8.396623485396049e-08,1.79394191945903e-05,"-1,-0.3955576,-0.1579575,0,0.1579575,0.3955576,1",
0,1024,transformer.h.1.mlp.c_proj.weight,transformer.h.1.mlp.c_proj.weight,"(384, 1024)",4,lloyd_global,0.35980600118637085,0.9370686411857605,0.280988484621048,0.9611801505088806,0.8037160634994507,0.6321468949317932,1.0171581506729126,0.7934153079986572,0.6427909731864929,0.0055239275097846985,0.009234492667019367,76.87567138671875,0,384,0.35980600118637085,0.9370686411857605,0.0002618668368086219,0.0002475763321854174,0.5017725825309753,0.0001391904806951061,2.8459608074626885e-05,0.0003059560840483755,0.0008167849737219512,0.0,0.0,0.0,0.6516630053520203,0.3119701147079468,0.003802908817306161,0.0,0.0,"-1,-0.4151953,-0.1762106,0,0.1762106,0.4151953,1",
0,1024,transformer.h.1.mlp.c_proj.weight,transformer.h.1.mlp.c_proj.weight,"(384, 1024)",4,lloyd_per_tensor_oracle,0.32666686177253723,0.9458470940589905,0.2551087737083435,0.9671708345413208,0.8303797841072083,0.5850834250450134,1.0088273286819458,,,0.0055239275097846985,0.009234492667019367,76.87567138671875,0,384,0.32666686177253723,0.9458470940589905,0.0002202457981184125,0.00019453809363767505,0.37717437744140625,0.0001391904806951061,2.8459608074626885e-05,0.00023853429593145847,0.0011303704231977463,0.0,0.0,0.0,0.5918710827827454,0.3073276877403259,0.004071827512234449,0.0,0.0,"-1,-0.3299124,-0.1261186,0,0.1261186,0.3299124,1",
0,1024,transformer.h.1.mlp.c_proj.weight,transformer.h.1.mlp.c_proj.weight,"(384, 1024)",8,lloyd_global,0.3492977023124695,0.9405258893966675,0.2509883940219879,0.968895435333252,0.829914391040802,0.5872297286987305,1.0131791830062866,0.8193510174751282,0.6010884642601013,0.004811798222362995,0.008551486767828465,76.87567138671875,0,384,0.3492977023124695,0.9405258893966675,0.00023365342349279672,0.00022047862876206636,0.47735849022865295,0.00012182139471406117,2.4743359972489998e-05,0.00026855379110202193,0.0007013106369413435,0.0,0.0,0.0,0.6557426452636719,0.3083398938179016,0.0035990590695291758,0.0,0.0,"-1,-0.4198408,-0.1791116,0,0.1791116,0.4198408,1",
0,1024,transformer.h.1.mlp.c_proj.weight,transformer.h.1.mlp.c_proj.weight,"(384, 1024)",8,lloyd_per_tensor_oracle,0.321292519569397,0.9476563930511475,0.23086762428283691,0.9731543064117432,0.8511056900024414,0.5479089617729187,1.0078656673431396,,,0.004811798222362995,0.008551486767828465,76.87567138671875,0,384,0.321292519569397,0.9476563930511475,0.0002009634190471843,0.00017838456551544368,0.368865966796875,0.00012182139471406117,2.4743359972489998e-05,0.0002159345749532804,0.0009603822836652398,0.0,0.0,0.0,0.6004756093025208,0.30112385749816895,0.00372472801245749,0.0,0.0,"-1,-0.3409629,-0.1327532,0,0.1327532,0.3409629,1",
0,1024,transformer.h.2.attn.c_attn.weight,transformer.h.2.attn.c_attn.weight,"(1152, 384)",4,lloyd_global,0.27872583270072937,0.9606152176856995,0.09236693382263184,0.9957839250564575,0.6192497611045837,0.9457117915153503,1.1463483572006226,0.5970447659492493,0.8977294564247131,0.0007678917027078569,0.005165444687008858,2509.684326171875,222,384,0.27872583270072937,0.9606152176856995,4.2430612666066736e-05,1.1864391126437113e-05,0.3162570595741272,1.8127420844393782e-05,3.632282641774509e-06,4.254964733263478e-05,0.00013970438158139586,0.0025217803195118904,0.7562936544418335,0.7588154673576355,0.39064520597457886,0.4621657431125641,0.09051962196826935,5.191775017010514e-06,0.001557037583552301,"-1,-0.4151953,-0.1762106,0,0.1762106,0.4151953,1",
0,1024,transformer.h.2.attn.c_attn.weight,transformer.h.2.attn.c_attn.weight,"(1152, 384)",4,lloyd_per_tensor_oracle,0.27868711948394775,0.9606477618217468,0.0923561155796051,0.9957854747772217,0.6193317770957947,0.9456280469894409,1.1463767290115356,,,0.0007678917027078569,0.005165444687008858,2509.684326171875,222,384,0.27868711948394775,0.9606477618217468,4.244697265676223e-05,1.1880404599651229e-05,0.31805193424224854,1.8127420844393782e-05,3.632282641774509e-06,4.256798274582252e-05,0.00013975368347018957,0.0025089706759899855,0.7563252449035645,0.758834183216095,0.39038094878196716,0.4626108407974243,0.09078190475702286,5.164577942196047e-06,0.001556853880174458,"-1,-0.4151254,-0.1772834,0,0.1772834,0.4151254,1",
0,1024,transformer.h.2.attn.c_attn.weight,transformer.h.2.attn.c_attn.weight,"(1152, 384)",8,lloyd_global,0.27536582946777344,0.9615797400474548,0.07804953306913376,0.9970064759254456,0.6671785116195679,0.8803485035896301,1.1363606452941895,0.6364560723304749,0.8526994585990906,0.0006512908730655909,0.0034588039852678776,2509.684326171875,222,384,0.27536582946777344,0.9615797400474548,3.64278384950012e-05,1.1022473699995317e-05,0.31729915738105774,1.5036242984933779e-05,3.0449014047917444e-06,3.648127676569857e-05,0.00011821620137197897,0.0036067895125597715,0.7543740272521973,0.7579807639122009,0.3900779187679291,0.46377408504486084,0.09111688286066055,5.271541340334807e-06,0.0011025633430108428,"-1,-0.4198408,-0.1791116,0,0.1791116,0.4198408,1",
0,1024,transformer.h.2.attn.c_attn.weight,transformer.h.2.attn.c_attn.weight,"(1152, 384)",8,lloyd_per_tensor_oracle,0.2753811776638031,0.961557149887085,0.07805171608924866,0.997006356716156,0.6673024892807007,0.8800104856491089,1.1360265016555786,,,0.0006512908730655909,0.0034588039852678776,2509.684326171875,222,384,0.2753811776638031,0.961557149887085,3.637611371232197e-05,1.099570727092214e-05,0.31667524576187134,1.5036242984933779e-05,3.0449014047917444e-06,3.6338828067528084e-05,0.00011945145524805412,0.0036373487673699856,0.7534763216972351,0.7571136355400085,0.38916292786598206,0.46370330452919006,0.09085814654827118,5.314373993314803e-06,0.0011008718283846974,"-1,-0.4178233,-0.1787338,0,0.1787338,0.4178233,1",
0,1024,transformer.h.2.attn.c_proj.weight,transformer.h.2.attn.c_proj.weight,"(384, 384)",4,lloyd_global,0.31066420674324036,0.9519602060317993,0.1459531933069229,0.9893414378166199,0.5579015016555786,0.9850853085517883,1.0886030197143555,0.5109025239944458,0.9890378713607788,0.00466826232150197,0.00700857350602746,257911.015625,176,384,0.31066420674324036,0.9519602060317993,0.00023610331118106842,0.000220650399569422,0.3769802451133728,0.00011752657883334905,2.3699269149801694e-05,0.00025551096769049764,0.0007202056585811079,0.0011158899869769812,0.6794814467430115,0.6805973052978516,0.337281733751297,0.4623151421546936,0.17833654582500458,1.3608011613541748e-05,0.00828611385077238,"-1,-0.4151953,-0.1762106,0,0.1762106,0.4151953,1",
0,1024,transformer.h.2.attn.c_proj.weight,transformer.h.2.attn.c_proj.weight,"(384, 384)",4,lloyd_per_tensor_oracle,0.30185502767562866,0.9539186358451843,0.14180836081504822,0.9899119734764099,0.5727044939994812,0.9684476852416992,1.0883359909057617,,,0.00466826232150197,0.00700857350602746,257911.015625,176,384,0.30185502767562866,0.9539186358451843,0.0002199358568759635,0.0001986892893910408,0.3291558027267456,0.00011752657883334905,2.3699269149801694e-05,0.00022848798835184425,0.0008975365781225264,0.0013577679637819529,0.6570306420326233,0.6583883762359619,0.3282586336135864,0.4546538293361664,0.17623181641101837,1.563195837661624e-05,0.007564381696283817,"-1,-0.363237,-0.15222,0,0.15222,0.363237,1",
0,1024,transformer.h.2.attn.c_proj.weight,transformer.h.2.attn.c_proj.weight,"(384, 384)",8,lloyd_global,0.3082965314388275,0.952863335609436,0.12661685049533844,0.9919825196266174,0.5924224853515625,0.9472888112068176,1.0907377004623413,0.5425103902816772,0.9565455317497253,0.00403887964785099,0.005649174097925425,257911.015625,176,384,0.3082965314388275,0.952863335609436,0.00020584792946465313,0.00019364431500434875,0.37652587890625,0.0001010739870253019,2.0760186089319177e-05,0.000223041235585697,0.0006142878555692732,0.0012155835283920169,0.683663547039032,0.6848791241645813,0.3361901640892029,0.4656084179878235,0.17892040312290192,1.1154330422868952e-05,0.006273373030126095,"-1,-0.4198408,-0.1791116,0,0.1791116,0.4198408,1",
0,1024,transformer.h.2.attn.c_proj.weight,transformer.h.2.attn.c_proj.weight,"(384, 384)",8,lloyd_per_tensor_oracle,0.2988288104534149,0.9548123478889465,0.12274297326803207,0.9924452304840088,0.6022114157676697,0.9379605054855347,1.0945768356323242,,,0.00403887964785099,0.005649174097925425,257911.015625,176,384,0.2988288104534149,0.9548123478889465,0.00019111418805550784,0.00017391081200912595,0.3285726010799408,0.0001010739870253019,2.0760186089319177e-05,0.00019855650316458195,0.0007754509570077062,0.001568117062561214,0.6602855324745178,0.6618536114692688,0.3286898732185364,0.4548385441303253,0.1747489869594574,1.3519003005058039e-05,0.005692433100193739,"-1,-0.365254,-0.1544498,0,0.1544498,0.365254,1",
0,1024,transformer.h.2.mlp.w1.weight,transformer.h.2.mlp.w1.weight,"(1024, 384)",4,lloyd_global,0.3056677579879761,0.9530413746833801,0.23047226667404175,0.9733757972717285,0.8431921601295471,0.5608456134796143,1.0029282569885254,0.8352378010749817,0.5740504264831543,0.0011150812497362494,0.0022196376230567694,98.29059600830078,0,384,0.3056677579879761,0.9530413746833801,5.797471749247052e-05,5.134401726536453e-05,0.3736063539981842,2.9190618079155684e-05,5.976892680337187e-06,6.095469871070236e-05,0.00017011913587339222,0.0,0.0,0.0,0.6312976479530334,0.3007358908653259,0.0024916676338762045,0.0,0.0,"-1,-0.4151953,-0.1762106,0,0.1762106,0.4151953,1",
0,1024,transformer.h.2.mlp.w1.weight,transformer.h.2.mlp.w1.weight,"(1024, 384)",4,lloyd_per_tensor_oracle,0.3032768666744232,0.9536008834838867,0.2286670058965683,0.973725438117981,0.8446603417396545,0.5581456422805786,1.002672553062439,,,0.0011150812497362494,0.0022196376230567694,98.29059600830078,0,384,0.3032768666744232,0.9536008834838867,5.6796434364514425e-05,4.954484757035971e-05,0.3524017333984375,2.9190618079155684e-05,5.976892680337187e-06,5.892703848076053e-05,0.00017891221796162426,0.0,0.0,0.0,0.621009886264801,0.2987931966781616,0.0028114882297813892,0.0,0.0,"-1,-0.4044921,-0.1646643,0,0.1646643,0.4044921,1",
0,1024,transformer.h.2.mlp.w1.weight,transformer.h.2.mlp.w1.weight,"(1024, 384)",8,lloyd_global,0.30033206939697266,0.9547484517097473,0.20892712473869324,0.9781503677368164,0.8624477386474609,0.5249844193458557,1.0017859935760498,0.8550466299057007,0.5384396910667419,0.00099936465267092,0.0018858459079638124,98.29059600830078,0,384,0.30033206939697266,0.9547484517097473,5.281281119096093e-05,4.7147346776910126e-05,0.36642202734947205,2.5874405764625408e-05,5.239581241767155e-06,5.532101567951031e-05,0.0001506777771282941,0.0,0.0,0.0,0.6404336094856262,0.29788535833358765,0.002441150601953268,0.0,0.0,"-1,-0.4198408,-0.1791116,0,0.1791116,0.4198408,1",
0,1024,transformer.h.2.mlp.w1.weight,transformer.h.2.mlp.w1.weight,"(1024, 384)",8,lloyd_per_tensor_oracle,0.29803594946861267,0.9551862478256226,0.20732825994491577,0.9784203171730042,0.8644884824752808,0.5208062529563904,1.0007648468017578,,,0.00099936465267092,0.0018858459079638124,98.29059600830078,0,384,0.29803594946861267,0.9551862478256226,5.167406561668031e-05,4.528307181317359e-05,0.34410858154296875,2.5874405764625408e-05,5.239581241767155e-06,5.331436113920063e-05,0.0001597445661900565,0.0,0.0,0.0,0.6285708546638489,0.29528456926345825,0.002603883156552911,0.0,0.0,"-1,-0.4076341,-0.1669493,0,0.1669493,0.4076341,1",
0,1024,transformer.h.2.mlp.w2.weight,transformer.h.2.mlp.w2.weight,"(1024, 384)",4,lloyd_global,0.3125743865966797,0.9510312676429749,0.23944659531116486,0.971319854259491,0.8340275287628174,0.5776758193969727,1.0052064657211304,0.8258402943611145,0.5901946425437927,0.0011199141154065728,0.0027921698056161404,96.75608825683594,0,384,0.3125743865966797,0.9510312676429749,5.733675789088011e-05,5.004025297239423e-05,0.38382211327552795,2.977632357215043e-05,6.042806944606127e-06,6.0781854699598625e-05,0.00016710857744328678,0.0,0.0,0.0,0.6270056962966919,0.3098386526107788,0.002453014487400651,0.0,0.0,"-1,-0.4151953,-0.1762106,0,0.1762106,0.4151953,1",
0,1024,transformer.h.2.mlp.w2.weight,transformer.h.2.mlp.w2.weight,"(1024, 384)",4,lloyd_per_tensor_oracle,0.308440238237381,0.9519249200820923,0.23627381026744843,0.9719387888908386,0.836918830871582,0.572317898273468,1.0041640996932983,,,0.0011199141154065728,0.0027921698056161404,96.75608825683594,0,384,0.308440238237381,0.9519249200820923,5.560784484259784e-05,4.754759356728755e-05,0.35537466406822205,2.977632357215043e-05,6.042806944606127e-06,5.781238724011928e-05,0.0001804640342015773,0.0,0.0,0.0,0.6123977303504944,0.3042356073856354,0.0025180336087942123,0.0,0.0,"-1,-0.3985862,-0.1612049,0,0.1612049,0.3985862,1",
0,1024,transformer.h.2.mlp.w2.weight,transformer.h.2.mlp.w2.weight,"(1024, 384)",8,lloyd_global,0.3086753785610199,0.9522814154624939,0.21718348562717438,0.9764218330383301,0.8535879254341125,0.5422424674034119,1.0040301084518433,0.8457273840904236,0.5554780960083008,0.0010059676133096218,0.0019165410194545984,96.75608825683594,0,384,0.3086753785610199,0.9522814154624939,5.239320671535097e-05,4.631277988664806e-05,0.3798116147518158,2.648444024089258e-05,5.408022389019607e-06,5.537804099731147e-05,0.00014991960779298097,0.0,0.0,0.0,0.632810652256012,0.30577826499938965,0.002774509135633707,0.0,0.0,"-1,-0.4198408,-0.1791116,0,0.1791116,0.4198408,1",
0,1024,transformer.h.2.mlp.w2.weight,transformer.h.2.mlp.w2.weight,"(1024, 384)",8,lloyd_per_tensor_oracle,0.30462512373924255,0.9531354308128357,0.2143348604440689,0.976938784122467,0.8569004535675049,0.5357133746147156,1.0026947259902954,,,0.0010059676133096218,0.0019165410194545984,96.75608825683594,0,384,0.30462512373924255,0.9531354308128357,5.075223452877253e-05,4.390855610836297e-05,0.3495941162109375,2.648444024089258e-05,5.408022389019607e-06,5.2528150263242424e-05,0.0001630706392461434,0.0,0.0,0.0,0.6160330176353455,0.30205604434013367,0.0026413281448185444,0.0,0.0,"-1,-0.4021635,-0.1631671,0,0.1631671,0.4021635,1",
0,1024,transformer.h.2.mlp.c_proj.weight,transformer.h.2.mlp.c_proj.weight,"(384, 1024)",4,lloyd_global,0.3419094681739807,0.9427173733711243,0.2963341474533081,0.9567966461181641,0.8311625123023987,0.5885501503944397,1.0240626335144043,0.8241626024246216,0.5930306315422058,0.004188481252640486,0.007227081805467606,47.693233489990234,0,384,0.3419094681739807,0.9427173733711243,0.00020250503439456224,0.0001903791562654078,0.45404306054115295,0.00010631672193994746,2.1541001842706464e-05,0.00023006624542176723,0.0006090817041695118,0.0,0.0,0.0,0.6821267008781433,0.28054139018058777,0.0009562711929902434,0.0,0.0,"-1,-0.4151953,-0.1762106,0,0.1762106,0.4151953,1",
0,1024,transformer.h.2.mlp.c_proj.weight,transformer.h.2.mlp.c_proj.weight,"(384, 1024)",4,lloyd_per_tensor_oracle,0.31802964210510254,0.948676586151123,0.27563735842704773,0.9616038203239441,0.848548412322998,0.5560543537139893,1.019481897354126,,,0.004188481252640486,0.007227081805467606,47.693233489990234,0,384,0.31802964210510254,0.948676586151123,0.00017738422320690006,0.00015764380805194378,0.36103567481040955,0.00010631672193994746,2.1541001842706464e-05,0.00018993743287865072,0.0008179207798093557,0.0,0.0,0.0,0.6256928443908691,0.2733302116394043,0.0007653352804481983,0.0,0.0,"-1,-0.3429207,-0.1356548,0,0.1356548,0.3429207,1",
0,1024,transformer.h.2.mlp.c_proj.weight,transformer.h.2.mlp.c_proj.weight,"(384, 1024)",8,lloyd_global,0.32173749804496765,0.9488781094551086,0.25834354758262634,0.9668952226638794,0.860601007938385,0.5337074398994446,1.0201774835586548,0.8535803556442261,0.5411568284034729,0.0035043053794652224,0.005880771670490503,47.693233489990234,0,384,0.32173749804496765,0.9488781094551086,0.0001759862498147413,0.00016503880033269525,0.41473388671875,8.891130710253492e-05,1.7822176232584752e-05,0.00019451184198260307,0.0005205931374803185,0.0,0.0,0.0,0.6792383193969727,0.27969491481781006,0.0006555277504958212,0.0,0.0,"-1,-0.4198408,-0.1791116,0,0.1791116,0.4198408,1",
0,1024,transformer.h.2.mlp.c_proj.weight,transformer.h.2.mlp.c_proj.weight,"(384, 1024)",8,lloyd_per_tensor_oracle,0.30779579281806946,0.9519829154014587,0.24715209007263184,0.969208836555481,0.8700438737869263,0.5140914916992188,1.0158185958862305,,,0.0035043053794652224,0.005880771670490503,47.693233489990234,0,384,0.30779579281806946,0.9519829154014587,0.00016015350411180407,0.00014334508159663528,0.3478800356388092,8.891130710253492e-05,1.7822176232584752e-05,0.00016859063180163503,0.000664670136757195,0.0,0.0,0.0,0.6341545581817627,0.2724458575248718,0.0005824063555337489,0.0,0.0,"-1,-0.3629152,-0.1467134,0,0.1467134,0.3629152,1",
0,1024,transformer.h.3.attn.c_attn.weight,transformer.h.3.attn.c_attn.weight,"(1152, 384)",4,lloyd_global,0.278293639421463,0.960762619972229,0.15098236501216888,0.9885591268539429,0.5563676953315735,0.9743024706840515,1.065097451210022,0.5729404091835022,0.9241873025894165,0.0006216791225597262,0.002252726349979639,1160.6517333984375,230,384,0.278293639421463,0.960762619972229,3.438101339270361e-05,1.144026464316994e-05,0.3194376528263092,1.5127138794923667e-05,3.0168798730301205e-06,3.44076324836351e-05,0.00010836064757313579,0.0016488416586071253,0.7557936310768127,0.7574424743652344,0.4085513651371002,0.4539521634578705,0.07741095125675201,1.6893582142074592e-06,0.0007743655587546527,"-1,-0.4151953,-0.1762106,0,0.1762106,0.4151953,1",
0,1024,transformer.h.3.attn.c_attn.weight,transformer.h.3.attn.c_attn.weight,"(1152, 384)",4,lloyd_per_tensor_oracle,0.2781856954097748,0.9608678817749023,0.15092483162879944,0.9885709285736084,0.556492805480957,0.9738394618034363,1.0644733905792236,,,0.0006216791225597262,0.002252726349979639,1160.6517333984375,230,384,0.2781856954097748,0.9608678817749023,3.4525193768786266e-05,1.151684409705922e-05,0.32270869612693787,1.5127138794923667e-05,3.0168798730301205e-06,3.476609708741307e-05,0.00010564880358288065,0.0015845726011320949,0.7591710090637207,0.7607555985450745,0.4117533266544342,0.45447972416877747,0.07775455713272095,1.6188013205464813e-06,0.0007755700498819351,"-1,-0.4202529,-0.1782218,0,0.1782218,0.4202529,1",
0,1024,transformer.h.3.attn.c_attn.weight,transformer.h.3.attn.c_attn.weight,"(1152, 384)",8,lloyd_global,0.2746390700340271,0.9617825746536255,0.124266117811203,0.9922642707824707,0.6024250388145447,0.9274659156799316,1.074764609336853,0.6191914677619934,0.8727096319198608,0.0005118765402585268,0.001687176525592804,1160.6517333984375,230,384,0.2746390700340271,0.9617825746536255,2.8536356694530696e-05,1.0056789506052155e-05,0.31830060482025146,1.223605067934841e-05,2.452697572152829e-06,2.8678166927420534e-05,8.852612518239766e-05,0.0021306490525603294,0.7539399862289429,0.756070613861084,0.4108337163925171,0.45143088698387146,0.07708048820495605,1.4839712321190746e-06,0.0005251100519672036,"-1,-0.4198408,-0.1791116,0,0.1791116,0.4198408,1",
0,1024,transformer.h.3.attn.c_attn.weight,transformer.h.3.attn.c_attn.weight,"(1152, 384)",8,lloyd_per_tensor_oracle,0.2746048867702484,0.9618070721626282,0.12425056844949722,0.9922646880149841,0.6024453639984131,0.9275335669517517,1.0749430656433105,,,0.0005118765402585268,0.001687176525592804,1160.6517333984375,230,384,0.2746048867702484,0.9618070721626282,2.8523538276203908e-05,1.0053860023617744e-05,0.3190578818321228,1.223605067934841e-05,2.452697572152829e-06,2.863508962036576e-05,8.895327482605353e-05,0.002146213548257947,0.7540222406387329,0.7561684846878052,0.4105573296546936,0.45118385553359985,0.07726334035396576,1.4949366686778376e-06,0.0005252112750895321,"-1,-0.418908,-0.1795434,0,0.1795434,0.418908,1",
0,1024,transformer.h.3.attn.c_proj.weight,transformer.h.3.attn.c_proj.weight,"(384, 384)",4,lloyd_global,0.2748556137084961,0.961700975894928,0.15205851197242737,0.9884002208709717,0.5693328380584717,0.9620853662490845,1.0690782070159912,0.530677080154419,0.968208372592926,0.002871566452085972,0.003927044570446014,366745.59375,169,384,0.2748556137084961,0.961700975894928,0.00016056235472206026,0.00014627666678279638,0.2790323793888092,7.208597526187077e-05,1.4570804523827974e-05,0.00015824033471290022,0.00045941921416670084,0.0014534528600052,0.6558821201324463,0.6573355793952942,0.33091244101524353,0.4550397992134094,0.1693830043077469,8.576424079365097e-06,0.003870179411023855,"-1,-0.4151953,-0.1762106,0,0.1762106,0.4151953,1",
0,1024,transformer.h.3.attn.c_proj.weight,transformer.h.3.attn.c_proj.weight,"(384, 384)",4,lloyd_per_tensor_oracle,0.2744542360305786,0.9619131088256836,0.1518329381942749,0.9884487390518188,0.5694394707679749,0.9618764519691467,1.0689042806625366,,,0.002871566452085972,0.003927044570446014,366745.59375,169,384,0.2744542360305786,0.9619131088256836,0.00016249553300440311,0.00015092827379703522,0.2984347939491272,7.208597526187077e-05,1.4570804523827974e-05,0.00016255603986792266,0.0004323738976381719,0.0014084241120144725,0.6611977219581604,0.6626061201095581,0.33354729413986206,0.4577848017215729,0.1722295582294464,8.286475349450484e-06,0.0038901623338460922,"-1,-0.4267208,-0.1888289,0,0.1888289,0.4267208,1",
0,1024,transformer.h.3.attn.c_proj.weight,transformer.h.3.attn.c_proj.weight,"(384, 384)",8,lloyd_global,0.2758849859237671,0.9615345001220703,0.1303975135087967,0.9914848208427429,0.6055437326431274,0.9228693246841431,1.072845697402954,0.5616509914398193,0.9363223314285278,0.0025195826310664415,0.003682695562019944,366745.59375,169,384,0.2758849859237671,0.9615345001220703,0.00013929119450040162,0.00012865226017311215,0.2896050214767456,6.358794053085148e-05,1.274382884730585e-05,0.00014012359315529466,0.0003872739616781473,0.0015370495384559035,0.6558620929718018,0.6573991775512695,0.3352040648460388,0.4607676863670349,0.16740809381008148,6.669338290521409e-06,0.002845820039510727,"-1,-0.4198408,-0.1791116,0,0.1791116,0.4198408,1",
0,1024,transformer.h.3.attn.c_proj.weight,transformer.h.3.attn.c_proj.weight,"(384, 384)",8,lloyd_per_tensor_oracle,0.2755833566188812,0.9615945219993591,0.13025465607643127,0.9915030598640442,0.6060460209846497,0.9221128225326538,1.0725014209747314,,,0.0025195826310664415,0.003682695562019944,366745.59375,169,384,0.2755833566188812,0.9615945219993591,0.0001391682162648067,0.00012904073810204864,0.2970649003982544,6.358794053085148e-05,1.274382884730585e-05,0.0001395020808558911,0.00039491659845225513,0.0015459180576726794,0.6552042365074158,0.6567501425743103,0.33532437682151794,0.4586498737335205,0.1685342788696289,6.693166596960509e-06,0.002836755011230707,"-1,-0.4161337,-0.1836939,0,0.1836939,0.4161337,1",
0,1024,transformer.h.3.mlp.w1.weight,transformer.h.3.mlp.w1.weight,"(1024, 384)",4,lloyd_global,0.300496369600296,0.9546323418617249,0.24785950779914856,0.9691944718360901,0.843008279800415,0.5640984177589417,1.0128982067108154,0.8341723680496216,0.5759038925170898,0.0010942675871774554,0.0025699278339743614,68.0459213256836,0,384,0.300496369600296,0.9546323418617249,5.7411776651861146e-05,5.0996808568015695e-05,0.3520863950252533,2.8654627385549247e-05,5.8054024520970415e-06,5.9658370446413755e-05,0.00016720901476219296,0.0,0.0,0.0,0.6259136199951172,0.3068840205669403,0.002444666577503085,0.0,0.0,"-1,-0.4151953,-0.1762106,0,0.1762106,0.4151953,1",
0,1024,transformer.h.3.mlp.w1.weight,transformer.h.3.mlp.w1.weight,"(1024, 384)",4,lloyd_per_tensor_oracle,0.2987947165966034,0.9549682140350342,0.24645860493183136,0.9694491028785706,0.8438592553138733,0.5625036954879761,1.0126773118972778,,,0.0010942675871774554,0.0025699278339743614,68.0459213256836,0,384,0.2987947165966034,0.9549682140350342,5.649902959703468e-05,4.950157745042816e-05,0.3367513120174408,2.8654627385549247e-05,5.8054024520970415e-06,5.802061059512198e-05,0.00017548013420309871,0.0,0.0,0.0,0.6188814043998718,0.3019951283931732,0.002218114910647273,0.0,0.0,"-1,-0.4050438,-0.1676313,0,0.1676313,0.4050438,1",
0,1024,transformer.h.3.mlp.w1.weight,transformer.h.3.mlp.w1.weight,"(1024, 384)",8,lloyd_global,0.2984682619571686,0.9552770853042603,0.2261994332075119,0.9743712544441223,0.8611924648284912,0.5293260812759399,1.0089408159255981,0.8527388572692871,0.5427085757255554,0.0009926647180691361,0.0019258136162534356,68.0459213256836,0,384,0.2984682619571686,0.9552770853042603,5.269622852210887e-05,4.711803194368258e-05,0.35057830810546875,2.5793362510739826e-05,5.22415302839363e-06,5.4785887186881155e-05,0.00014797017502132803,0.0,0.0,0.0,0.6293212175369263,0.3053794503211975,0.0025127979461103678,0.0,0.0,"-1,-0.4198408,-0.1791116,0,0.1791116,0.4198408,1",
0,1024,transformer.h.3.mlp.w1.weight,transformer.h.3.mlp.w1.weight,"(1024, 384)",8,lloyd_per_tensor_oracle,0.2967013418674469,0.9555907249450684,0.22485916316509247,0.9746015071868896,0.862368106842041,0.5270556807518005,1.0088469982147217,,,0.0009926647180691361,0.0019258136162534356,68.0459213256836,0,384,0.2967013418674469,0.9555907249450684,5.184839028515853e-05,4.5797474740538746e-05,0.334808349609375,2.5793362510739826e-05,5.22415302839363e-06,5.3270519856596366e-05,0.0001553198235342279,0.0,0.0,0.0,0.620119571685791,0.30186232924461365,0.0021457497496157885,0.0,0.0,"-1,-0.4099065,-0.1701081,0,0.1701081,0.4099065,1",
0,1024,transformer.h.3.mlp.w2.weight,transformer.h.3.mlp.w2.weight,"(1024, 384)",4,lloyd_global,0.3067229390144348,0.9528239369392395,0.2540099322795868,0.9676663279533386,0.8339706659317017,0.5794586539268494,1.0107970237731934,0.8255851864814758,0.5906275510787964,0.0011076745577156544,0.002398671582341194,68.4768295288086,0,384,0.3067229390144348,0.9528239369392395,5.7450466556474566e-05,5.040196992922574e-05,0.36671701073646545,2.92725508188596e-05,5.9442390920594335e-06,6.0301848861854523e-05,0.00016515069000888616,0.0,0.0,0.0,0.6198180317878723,0.31745609641075134,0.002406075596809387,0.0,0.0,"-1,-0.4151953,-0.1762106,0,0.1762106,0.4151953,1",
0,1024,transformer.h.3.mlp.w2.weight,transformer.h.3.mlp.w2.weight,"(1024, 384)",4,lloyd_per_tensor_oracle,0.3038802444934845,0.9534302949905396,0.25165456533432007,0.9681386947631836,0.8358386158943176,0.5759926438331604,1.0101473331451416,,,0.0011076745577156544,0.002398671582341194,68.4768295288086,0,384,0.3038802444934845,0.9534302949905396,5.6191911426139995e-05,4.853401333093643e-05,0.34507498145103455,2.92725508188596e-05,5.9442390920594335e-06,5.8109519159188494e-05,0.0001754231780068949,0.0,0.0,0.0,0.6080127954483032,0.31576457619667053,0.0023410858120769262,0.0,0.0,"-1,-0.4023075,-0.1646812,0,0.1646812,0.4023075,1",
0,1024,transformer.h.3.mlp.w2.weight,transformer.h.3.mlp.w2.weight,"(1024, 384)",8,lloyd_global,0.30218783020973206,0.9541407823562622,0.22877533733844757,0.9737548232078552,0.8549375534057617,0.5405449271202087,1.0069109201431274,0.8464349508285522,0.554201602935791,0.000989902880974114,0.0019128754502162337,68.4768295288086,0,384,0.30218783020973206,0.9541407823562622,5.2249597501941025e-05,4.637570236809552e-05,0.36089834570884705,2.5825578632066026e-05,5.247611170489108e-06,5.4721804190194234e-05,0.000145859201438725,0.0,0.0,0.0,0.621159017086029,0.3126961588859558,0.002342608757317066,0.0,0.0,"-1,-0.4198408,-0.1791116,0,0.1791116,0.4198408,1",
0,1024,transformer.h.3.mlp.w2.weight,transformer.h.3.mlp.w2.weight,"(1024, 384)",8,lloyd_per_tensor_oracle,0.29973670840263367,0.9546248912811279,0.2269233912229538,0.9740962982177734,0.8569866418838501,0.5366629362106323,1.0067319869995117,,,0.000989902880974114,0.0019128754502162337,68.4768295288086,0,384,0.29973670840263367,0.9546248912811279,5.116687316331081e-05,4.467129474505782e-05,0.34043630957603455,2.5825578632066026e-05,5.247611170489108e-06,5.279537072055973e-05,0.00015519348380621523,0.0,0.0,0.0,0.6087502837181091,0.3101005256175995,0.0025853817351162434,0.0,0.0,"-1,-0.4071337,-0.1678288,0,0.1678288,0.4071337,1",
0,1024,transformer.h.3.mlp.c_proj.weight,transformer.h.3.mlp.c_proj.weight,"(384, 1024)",4,lloyd_global,0.3213684558868408,0.9488598704338074,0.2773948013782501,0.9618256688117981,0.85692298412323,0.5407335758209229,1.0203182697296143,0.8524051904678345,0.5433250069618225,0.0036551402881741524,0.005554229021072388,43.19563674926758,0,384,0.3213684558868408,0.9488598704338074,0.0001813674607547,0.00017027600551955402,0.409576416015625,9.226555266650394e-05,1.849528052844107e-05,0.0002002945839194581,0.0005546823958866298,0.0,0.0,0.0,0.695752739906311,0.25938355922698975,0.0006427314947359264,0.0,0.0,"-1,-0.4151953,-0.1762106,0,0.1762106,0.4151953,1",
0,1024,transformer.h.3.mlp.c_proj.weight,transformer.h.3.mlp.c_proj.weight,"(384, 1024)",4,lloyd_per_tensor_oracle,0.30824583768844604,0.9518499374389648,0.26606813073158264,0.9642580151557922,0.8654691576957703,0.5235848426818848,1.0176810026168823,,,0.0036551402881741524,0.005554229021072388,43.19563674926758,0,384,0.30824583768844604,0.9518499374389648,0.00016580910596530885,0.000148988445289433,0.3455861508846283,9.226555266650394e-05,1.849528052844107e-05,0.00017502874834463,0.0007028893451206386,0.0,0.0,0.0,0.6541895270347595,0.2494952380657196,0.0006560569745488465,0.0,0.0,"-1,-0.3590227,-0.1458965,0,0.1458965,0.3590227,1",
0,1024,transformer.h.3.mlp.c_proj.weight,transformer.h.3.mlp.c_proj.weight,"(384, 1024)",8,lloyd_global,0.3154798746109009,0.9505947828292847,0.2543007433414459,0.9678342938423157,0.8742322325706482,0.5063363909721375,1.0179237127304077,0.8698501586914062,0.5102088451385498,0.0032893007155507803,0.005504925735294819,43.19563674926758,0,384,0.3154798746109009,0.9505947828292847,0.00016655736544635147,0.00015692313900217414,0.3977762758731842,8.297996828332543e-05,1.6779487850726582e-05,0.00018252719019073993,0.000489559315610677,0.0,0.0,0.0,0.6986449360847473,0.2545704245567322,0.0005647192010655999,0.0,0.0,"-1,-0.4198408,-0.1791116,0,0.1791116,0.4198408,1",
0,1024,transformer.h.3.mlp.c_proj.weight,transformer.h.3.mlp.c_proj.weight,"(384, 1024)",8,lloyd_per_tensor_oracle,0.30390453338623047,0.9532045125961304,0.2449704110622406,0.9697431921958923,0.8818668723106384,0.4901747703552246,1.0158456563949585,,,0.0032893007155507803,0.005504925735294819,43.19563674926758,0,384,0.30390453338623047,0.9532045125961304,0.00015339726815000176,0.0001386349176755175,0.3387552797794342,8.297996828332543e-05,1.6779487850726582e-05,0.0001607633603271097,0.0006246506818570197,0.0,0.0,0.0,0.656246542930603,0.24860084056854248,0.0004167222650721669,0.0,0.0,"-1,-0.3647394,-0.1500761,0,0.1500761,0.3647394,1",
0,1024,transformer.h.4.attn.c_attn.weight,transformer.h.4.attn.c_attn.weight,"(1152, 384)",4,lloyd_global,0.27486228942871094,0.9616764187812805,0.183737114071846,0.9830114245414734,0.5433617234230042,0.9821274280548096,1.0530794858932495,0.5500086545944214,0.9486759901046753,0.0004788930818904191,0.0018119431333616376,820.4058227539062,199,384,0.27486228942871094,0.9616764187812805,2.678705277503468e-05,7.545462722191587e-06,0.31811976432800293,1.0945180292765144e-05,2.207455054303864e-06,2.657109871506691e-05,9.417501860298216e-05,0.0012829112820327282,0.660283625125885,0.6615665555000305,0.3903404176235199,0.45509400963783264,0.09226271510124207,9.9781459539372e-07,0.0005135512328706682,"-1,-0.4151953,-0.1762106,0,0.1762106,0.4151953,1",
0,1024,transformer.h.4.attn.c_attn.weight,transformer.h.4.attn.c_attn.weight,"(1152, 384)",4,lloyd_per_tensor_oracle,0.27470681071281433,0.9617339968681335,0.18363337218761444,0.9830324053764343,0.5428848266601562,0.9829862117767334,1.0537511110305786,,,0.0004788930818904191,0.0018119431333616376,820.4058227539062,199,384,0.27470681071281433,0.9617339968681335,2.681652404135093e-05,7.572834874736145e-06,0.3203667402267456,1.0945180292765144e-05,2.207455054303864e-06,2.664137900865171e-05,9.364254947286099e-05,0.0012812914792448282,0.6610371470451355,0.6623184084892273,0.3909093141555786,0.4555470943450928,0.09228573739528656,9.960045872503542e-07,0.0005138534470461309,"-1,-0.4163287,-0.1775891,0,0.1775891,0.4163287,1",
0,1024,transformer.h.4.attn.c_attn.weight,transformer.h.4.attn.c_attn.weight,"(1152, 384)",8,lloyd_global,0.2728457748889923,0.9622313976287842,0.15113678574562073,0.9885287880897522,0.5868353247642517,0.9377596378326416,1.059873104095459,0.5987014174461365,0.8958799839019775,0.00039962519076652825,0.00159366091247648,820.4058227539062,199,384,0.2728457748889923,0.9622313976287842,2.2578284188057296e-05,7.1754457167116925e-06,0.32134556770324707,9.106920515478123e-06,1.8080439758705324e-06,2.240429057565052e-05,7.872580317780375e-05,0.0011964876903221011,0.663065493106842,0.6642619967460632,0.3871629238128662,0.4566201865673065,0.09363460540771484,6.280883440012985e-07,0.0003480718587525189,"-1,-0.4198408,-0.1791116,0,0.1791116,0.4198408,1",
0,1024,transformer.h.4.attn.c_attn.weight,transformer.h.4.attn.c_attn.weight,"(1152, 384)",8,lloyd_per_tensor_oracle,0.27298498153686523,0.9621795415878296,0.1512129306793213,0.9885172843933105,0.5866050720214844,0.9382124543190002,1.060256838798523,,,0.00039962519076652825,0.00159366091247648,820.4058227539062,199,384,0.27298498153686523,0.9621795415878296,2.2546006221091375e-05,7.1500357989862096e-06,0.31999829411506653,9.106920515478123e-06,1.8080439758705324e-06,2.2315098249237053e-05,7.949657447170466e-05,0.0012243581004440784,0.6623285412788391,0.6635528802871704,0.38667044043540955,0.4554928243160248,0.09393630176782608,6.437451247620629e-07,0.0003482402244117111,"-1,-0.4179257,-0.1782851,0,0.1782851,0.4179257,1",
0,1024,transformer.h.4.attn.c_proj.weight,transformer.h.4.attn.c_proj.weight,"(384, 384)",4,lloyd_global,0.27128681540489197,0.9625877141952515,0.1795281022787094,0.983771026134491,0.5572465062141418,0.975780725479126,1.0697609186172485,0.5195975303649902,0.9802078008651733,0.0023831932339817286,0.0030360084492713213,98182.1015625,148,384,0.27128681540489197,0.9625877141952515,0.00013663239951711148,0.0001230838242918253,0.2651095986366272,6.043274333933368e-05,1.2102108485123608e-05,0.000131224311189726,0.0003878299321513623,0.0010254583321511745,0.5865022540092468,0.5875276923179626,0.31810179352760315,0.4480257034301758,0.1807715743780136,4.443171292223269e-06,0.002541234251111746,"-1,-0.4151953,-0.1762106,0,0.1762106,0.4151953,1",
0,1024,transformer.h.4.attn.c_proj.weight,transformer.h.4.attn.c_proj.weight,"(384, 384)",4,lloyd_per_tensor_oracle,0.26963263750076294,0.9632695317268372,0.17843574285507202,0.9840095639228821,0.5561223030090332,0.9779741168022156,1.0715887546539307,,,0.0023831932339817286,0.0030360084492713213,98182.1015625,148,384,0.26963263750076294,0.9632695317268372,0.00013939123891759664,0.0001298955176025629,0.2930162250995636,6.043274333933368e-05,1.2102108485123608e-05,0.00013883921201340854,0.0003371704078745097,0.0013085551327094436,0.5983291268348694,0.5996376872062683,0.3261866271495819,0.45575374364852905,0.1823658049106598,5.600852546194801e-06,0.002560956869274378,"-1,-0.4407532,-0.1954685,0,0.1954685,0.4407532,1",
0,1024,transformer.h.4.attn.c_proj.weight,transformer.h.4.attn.c_proj.weight,"(384, 384)",8,lloyd_global,0.27107304334640503,0.9627330899238586,0.1518118679523468,0.9884224534034729,0.5940487384796143,0.9349237084388733,1.0704693794250488,0.5560591816902161,0.9422751069068909,0.0020378390327095985,0.002480044960975647,98182.1015625,148,384,0.27107304334640503,0.9627330899238586,0.00011636412818916142,0.00010598887456580997,0.2700534462928772,5.1504459406714886e-05,1.0327100426366087e-05,0.00011331599671393633,0.0003223214589525014,0.0009595617884770036,0.5929336547851562,0.5938932299613953,0.31812798976898193,0.4523676037788391,0.18344485759735107,2.972602942463709e-06,0.0018368347082287073,"-1,-0.4198408,-0.1791116,0,0.1791116,0.4198408,1",
0,1024,transformer.h.4.attn.c_proj.weight,transformer.h.4.attn.c_proj.weight,"(384, 384)",8,lloyd_per_tensor_oracle,0.27043408155441284,0.9630411863327026,0.1514568328857422,0.9884902834892273,0.5936383008956909,0.9368273615837097,1.073273777961731,,,0.0020378390327095985,0.002480044960975647,98182.1015625,148,384,0.27043408155441284,0.9630411863327026,0.00011789943528128788,0.00010954000754281878,0.2908053994178772,5.1504459406714886e-05,1.0327100426366087e-05,0.00011706510849762708,0.00029875454492866993,0.000996437855064869,0.6003158688545227,0.6013123393058777,0.3215281069278717,0.4573151469230652,0.1854495406150818,3.0723012969247065e-06,0.0018509445944800973,"-1,-0.4337867,-0.193082,0,0.193082,0.4337867,1",
0,1024,transformer.h.4.mlp.w1.weight,transformer.h.4.mlp.w1.weight,"(1024, 384)",4,lloyd_global,0.30444106459617615,0.9535824656486511,0.2599753141403198,0.9661960005760193,0.8325149416923523,0.5828828811645508,1.0136834383010864,0.8234474062919617,0.5942375063896179,0.0011332398280501366,0.002613392658531666,54.60821533203125,0,384,0.30444106459617615,0.9535824656486511,5.8795838413061574e-05,5.213379336055368e-05,0.36150869727134705,2.9742184779024683e-05,6.063700311642606e-06,6.163257785374299e-05,0.0001714971149340272,0.0,0.0,0.0,0.6222048401832581,0.3182213008403778,0.001984256785362959,0.0,0.0,"-1,-0.4151953,-0.1762106,0,0.1762106,0.4151953,1",
0,1024,transformer.h.4.mlp.w1.weight,transformer.h.4.mlp.w1.weight,"(1024, 384)",4,lloyd_per_tensor_oracle,0.3016480803489685,0.9541226029396057,0.257589727640152,0.966647207736969,0.8342404365539551,0.5794594883918762,1.0123398303985596,,,0.0011332398280501366,0.002613392658531666,54.60821533203125,0,384,0.3016480803489685,0.9541226029396057,5.7435256167082116e-05,5.0091592129319906e-05,0.340667724609375,2.9742184779024683e-05,6.063700311642606e-06,5.9209833125351e-05,0.00018418574472889304,0.0,0.0,0.0,0.6110495924949646,0.3143164813518524,0.0017410489963367581,0.0,0.0,"-1,-0.3998398,-0.1648396,0,0.1648396,0.3998398,1",
0,1024,transformer.h.4.mlp.w1.weight,transformer.h.4.mlp.w1.weight,"(1024, 384)",8,lloyd_global,0.3033207356929779,0.9539732933044434,0.2372376024723053,0.9718782305717468,0.851377546787262,0.5482209324836731,1.0106844902038574,0.8426253199577332,0.5610369443893433,0.001031944528222084,0.0023372916039079428,54.60821533203125,0,384,0.3033207356929779,0.9539732933044434,5.406345007941127e-05,4.83647600049153e-05,0.36133065819740295,2.6879972210736014e-05,5.495624463947024e-06,5.697897358913906e-05,0.00015337571676354855,0.0,0.0,0.0,0.627365231513977,0.31507328152656555,0.0016461695777252316,0.0,0.0,"-1,-0.4198408,-0.1791116,0,0.1791116,0.4198408,1",
0,1024,transformer.h.4.mlp.w1.weight,transformer.h.4.mlp.w1.weight,"(1024, 384)",8,lloyd_per_tensor_oracle,0.2997790277004242,0.9546231627464294,0.234465092420578,0.9723832607269287,0.8536917567253113,0.5436705350875854,1.009757399559021,,,0.001031944528222084,0.0023372916039079428,54.60821533203125,0,384,0.2997790277004242,0.9546231627464294,5.24450842931401e-05,4.599722524289973e-05,0.33649444580078125,2.6879972210736014e-05,5.495624463947024e-06,5.403218528954312e-05,0.00017048140580300242,0.0,0.0,0.0,0.6120699644088745,0.3097568452358246,0.00150557910092175,0.0,0.0,"-1,-0.3974833,-0.1655459,0,0.1655459,0.3974833,1",
0,1024,transformer.h.4.mlp.w2.weight,transformer.h.4.mlp.w2.weight,"(1024, 384)",4,lloyd_global,0.30815425515174866,0.9524911642074585,0.26559820771217346,0.9647142291069031,0.8241749405860901,0.5973295569419861,1.0140568017959595,0.8159781694412231,0.6066734790802002,0.0011285051004961133,0.0025061785709112883,53.5537109375,0,384,0.30815425515174866,0.9524911642074585,5.807086199638434e-05,5.119773413753137e-05,0.37060293555259705,2.9783939680783078e-05,6.061954536562553e-06,6.132997805252671e-05,0.00016874988796189427,0.0,0.0,0.0,0.6159641742706299,0.3248353898525238,0.0019138673087581992,0.0,0.0,"-1,-0.4151953,-0.1762106,0,0.1762106,0.4151953,1",
0,1024,transformer.h.4.mlp.w2.weight,transformer.h.4.mlp.w2.weight,"(1024, 384)",4,lloyd_per_tensor_oracle,0.3043057918548584,0.9533007740974426,0.2622835636138916,0.9653878808021545,0.8271290063858032,0.592045247554779,1.013276219367981,,,0.0011285051004961133,0.0025061785709112883,53.5537109375,0,384,0.3043057918548584,0.9533007740974426,5.637931826640852e-05,4.880479536950588e-05,0.3444010317325592,2.9783939680783078e-05,6.061954536562553e-06,5.838800279889256e-05,0.0001836244628066197,0.0,0.0,0.0,0.6027424335479736,0.32028549909591675,0.0017092173220589757,0.0,0.0,"-1,-0.396835,-0.1623786,0,0.1623786,0.396835,1",
0,1024,transformer.h.4.mlp.w2.weight,transformer.h.4.mlp.w2.weight,"(1024, 384)",8,lloyd_global,0.30414846539497375,0.9537278413772583,0.2396101951599121,0.9712926149368286,0.8455497622489929,0.5585102438926697,1.0094921588897705,0.837233304977417,0.5705632567405701,0.0010087297996506095,0.0020036755595356226,53.5537109375,0,384,0.30414846539497375,0.9537278413772583,5.2782896091230214e-05,4.697381518781185e-05,0.36494699120521545,2.6213081582682207e-05,5.388095814851113e-06,5.556746691581793e-05,0.0001488326961407438,0.0,0.0,0.0,0.6214838624000549,0.32148802280426025,0.002016139915212989,0.0,0.0,"-1,-0.4198408,-0.1791116,0,0.1791116,0.4198408,1",
0,1024,transformer.h.4.mlp.w2.weight,transformer.h.4.mlp.w2.weight,"(1024, 384)",8,lloyd_per_tensor_oracle,0.3008066415786743,0.9543812274932861,0.23697860538959503,0.971773624420166,0.8484306335449219,0.5529911518096924,1.0085034370422363,,,0.0010087297996506095,0.0020036755595356226,53.5537109375,0,384,0.3008066415786743,0.9543812274932861,5.1345021347515285e-05,4.487270052777603e-05,0.3401082456111908,2.6213081582682207e-05,5.388095814851113e-06,5.303135549183935e-05,0.00016143616812769324,0.0,0.0,0.0,0.6082571148872375,0.3153487741947174,0.0019495409214869142,0.0,0.0,"-1,-0.4027735,-0.1655522,0,0.1655522,0.4027735,1",
0,1024,transformer.h.4.mlp.c_proj.weight,transformer.h.4.mlp.c_proj.weight,"(384, 1024)",4,lloyd_global,0.3306853473186493,0.9461491703987122,0.26517313718795776,0.9651276469230652,0.8505983352661133,0.5521929860115051,1.0191904306411743,0.8437190651893616,0.5590803027153015,0.0037313923239707947,0.005843354854732752,66.01608276367188,0,384,0.3306853473186493,0.9461491703987122,0.0001825302024371922,0.00017173239029943943,0.4295501708984375,9.416216926183552e-05,1.904662531160284e-05,0.00020436060731299222,0.000558079220354557,0.0,0.0,0.0,0.6998410224914551,0.2592788636684418,0.0014974945224821568,0.0,0.0,"-1,-0.4151953,-0.1762106,0,0.1762106,0.4151953,1",
0,1024,transformer.h.4.mlp.c_proj.weight,transformer.h.4.mlp.c_proj.weight,"(384, 1024)",4,lloyd_per_tensor_oracle,0.3125724494457245,0.9504761099815369,0.2506428062915802,0.9683094620704651,0.8637227416038513,0.5265467762947083,1.016226053237915,,,0.0037313923239707947,0.005843354854732752,66.01608276367188,0,384,0.3125724494457245,0.9504761099815369,0.00016309045895468444,0.00014567130710929632,0.35123953223228455,9.416216926183552e-05,1.904662531160284e-05,0.00017318717436864972,0.0007347143837250769,0.0,0.0,0.0,0.6530871987342834,0.251605749130249,0.0013500993372872472,0.0,0.0,"-1,-0.3480558,-0.1402447,0,0.1402447,0.3480558,1",
0,1024,transformer.h.4.mlp.c_proj.weight,transformer.h.4.mlp.c_proj.weight,"(384, 1024)",8,lloyd_global,0.32238319516181946,0.94867342710495,0.24070140719413757,0.9712153673171997,0.8705774545669556,0.5131700038909912,1.0163154602050781,0.863739550113678,0.5220466256141663,0.003301571123301983,0.005663308314979076,66.01608276367188,0,384,0.32238319516181946,0.94867342710495,0.0001655801897868514,0.00015553482808172703,0.4116465151309967,8.330892160302028e-05,1.6974016034509987e-05,0.0001831494882935658,0.0004877104074694216,0.0,0.0,0.0,0.6999237537384033,0.25796061754226685,0.0015898642595857382,0.0,0.0,"-1,-0.4198408,-0.1791116,0,0.1791116,0.4198408,1",
0,1024,transformer.h.4.mlp.c_proj.weight,transformer.h.4.mlp.c_proj.weight,"(384, 1024)",8,lloyd_per_tensor_oracle,0.30750277638435364,0.9520829319953918,0.2296004593372345,0.9734401106834412,0.8807623386383057,0.492220014333725,1.0149668455123901,,,0.003301571123301983,0.005663308314979076,66.01608276367188,0,384,0.30750277638435364,0.9520829319953918,0.00015030584472697228,0.00013478452456183732,0.34392037987709045,8.330892160302028e-05,1.6974016034509987e-05,0.00015832961071282625,0.0006322472472675145,0.0,0.0,0.0,0.6562966108322144,0.24886317551136017,0.0012636833125725389,0.0,0.0,"-1,-0.3590214,-0.1466566,0,0.1466566,0.3590214,1",
0,1024,transformer.h.5.attn.c_attn.weight,transformer.h.5.attn.c_attn.weight,"(1152, 384)",4,lloyd_global,0.2755020558834076,0.9614978432655334,0.18645431101322174,0.9824956655502319,0.5217353105545044,1.0168368816375732,1.0750547647476196,0.5125060081481934,0.9874165654182434,0.0004692844522651285,0.0019632752519100904,1059.9622802734375,207,384,0.2755020558834076,0.9614978432655334,2.6141558919334784e-05,4.916235411656089e-06,0.31264692544937134,1.0840699360414874e-05,2.135487193299923e-06,2.600013067421969e-05,9.354650683235377e-05,0.0012166145024821162,0.6865701675415039,0.6877867579460144,0.36979079246520996,0.45607683062553406,0.11445701122283936,1.076574221769988e-06,0.0006075414712540805,"-1,-0.4151953,-0.1762106,0,0.1762106,0.4151953,1",
0,1024,transformer.h.5.attn.c_attn.weight,transformer.h.5.attn.c_attn.weight,"(1152, 384)",4,lloyd_per_tensor_oracle,0.2756650745868683,0.9614068269729614,0.1865655779838562,0.9824672937393188,0.5221116542816162,1.016575574874878,1.07530677318573,,,0.0004692844522651285,0.0019632752519100904,1059.9622802734375,207,384,0.2756650745868683,0.9614068269729614,2.604302608233411e-05,4.891086064162664e-06,0.3118760883808136,1.0840699360414874e-05,2.135487193299923e-06,2.5729777917149477e-05,9.613345173420385e-05,0.001252820948138833,0.6827239990234375,0.6839767694473267,0.36863765120506287,0.45405927300453186,0.11355171352624893,1.1121999250462977e-06,0.0006060926243662834,"-1,-0.409761,-0.1757456,0,0.1757456,0.409761,1",
0,1024,transformer.h.5.attn.c_attn.weight,transformer.h.5.attn.c_attn.weight,"(1152, 384)",8,lloyd_global,0.2725073993206024,0.9623228311538696,0.14949728548526764,0.9887749552726746,0.5671243667602539,0.9729259610176086,1.0850156545639038,0.559532880783081,0.9385835528373718,0.0003769073518924415,0.0014853617176413536,1059.9622802734375,207,384,0.2725073993206024,0.9623228311538696,2.1353087504394352e-05,4.750599146063905e-06,0.31598126888275146,8.480212272843346e-06,1.7082694512282615e-06,2.111311005137395e-05,7.760713197058067e-05,0.0010910715209320188,0.6886401772499084,0.689731240272522,0.37536942958831787,0.4561544954776764,0.11050232499837875,6.212997050170088e-07,0.00039213921991176903,"-1,-0.4198408,-0.1791116,0,0.1791116,0.4198408,1",
0,1024,transformer.h.5.attn.c_attn.weight,transformer.h.5.attn.c_attn.weight,"(1152, 384)",8,lloyd_per_tensor_oracle,0.27296432852745056,0.9621568322181702,0.14975033700466156,0.988733172416687,0.5677714347839355,0.9721785187721252,1.0849655866622925,,,0.0003769073518924415,0.0014853617176413536,1059.9622802734375,207,384,0.27296432852745056,0.9621568322181702,2.1256950276438147e-05,4.707550033344887e-06,0.31270572543144226,8.480212272843346e-06,1.7082694512282615e-06,2.0838944692513905e-05,8.021413668757305e-05,0.0010820833267644048,0.6863843202590942,0.6874663829803467,0.3716699779033661,0.4542425274848938,0.11165884882211685,6.196480626385892e-07,0.00039305357495322824,"-1,-0.4132955,-0.1771053,0,0.1771053,0.4132955,1",
0,1024,transformer.h.5.attn.c_proj.weight,transformer.h.5.attn.c_proj.weight,"(384, 384)",4,lloyd_global,0.2718324661254883,0.9625091552734375,0.17480546236038208,0.984632670879364,0.5478801131248474,0.9905604124069214,1.0783333778381348,0.5043172240257263,0.9956738948822021,0.0023569511249661446,0.0032505455892533064,65201.2109375,145,384,0.2718324661254883,0.9625091552734375,0.00013423978816717863,0.00012110627721995115,0.2700670063495636,5.932055501034483e-05,1.2006194992864039e-05,0.00012985787179786712,0.00037850969238206744,0.0008911378099583089,0.5842052102088928,0.5850963592529297,0.3168587386608124,0.44756564497947693,0.19011858105659485,3.7183390304562636e-06,0.002437639981508255,"-1,-0.4151953,-0.1762106,0,0.1762106,0.4151953,1",
0,1024,transformer.h.5.attn.c_proj.weight,transformer.h.5.attn.c_proj.weight,"(384, 384)",4,lloyd_per_tensor_oracle,0.27078333497047424,0.9630407691001892,0.17412979900836945,0.9847975373268127,0.5491676330566406,0.9884034991264343,1.0769203901290894,,,0.0023569511249661446,0.0032505455892533064,65201.2109375,145,384,0.27078333497047424,0.9630407691001892,0.00013661889533977956,0.00012686706031672657,0.29486083984375,5.932055501034483e-05,1.2006194992864039e-05,0.00013603994739241898,0.00033886084565892816,0.0008443812839686871,0.5953102707862854,0.5961546301841736,0.3232623040676117,0.4545234441757202,0.1913345754146576,3.4961008168465924e-06,0.002464839955791831,"-1,-0.4360538,-0.1933426,0,0.1933426,0.4360538,1",
0,1024,transformer.h.5.attn.c_proj.weight,transformer.h.5.attn.c_proj.weight,"(384, 384)",8,lloyd_global,0.2726061940193176,0.9623430967330933,0.14692209661006927,0.9891661405563354,0.5869840383529663,0.9471511244773865,1.0785562992095947,0.542836606502533,0.9562051296234131,0.001992312027141452,0.0027372976765036583,65201.2109375,145,384,0.2726061940193176,0.9623430967330933,0.00011375235044397414,0.00010371895041316748,0.27447509765625,5.014619091525674e-05,1.0115203622262925e-05,0.00011117659596493468,0.000311694253468886,0.0007899432093836367,0.5852732062339783,0.5860631465911865,0.3163037896156311,0.4522373378276825,0.18922008574008942,2.328187292732764e-06,0.0017249665688723326,"-1,-0.4198408,-0.1791116,0,0.1791116,0.4198408,1",
0,1024,transformer.h.5.attn.c_proj.weight,transformer.h.5.attn.c_proj.weight,"(384, 384)",8,lloyd_per_tensor_oracle,0.27223658561706543,0.9626098871231079,0.1467188000679016,0.9892116189002991,0.5855193734169006,0.9501298666000366,1.0810762643814087,,,0.001992312027141452,0.0027372976765036583,65201.2109375,145,384,0.27223658561706543,0.9626098871231079,0.00011545856978045776,0.00010754476534202695,0.2954508364200592,5.014619091525674e-05,1.0115203622262925e-05,0.00011523652938194573,0.000287026196019724,0.0009099000017158687,0.5896280407905579,0.5905379056930542,0.32092198729515076,0.457548588514328,0.18850114941596985,2.6744671686174115e-06,0.0017330923583358526,"-1,-0.4350845,-0.1932783,0,0.1932783,0.4350845,1",
0,1024,transformer.h.5.mlp.w1.weight,transformer.h.5.mlp.w1.weight,"(1024, 384)",4,lloyd_global,0.30889415740966797,0.9522462487220764,0.24889083206653595,0.9690337777137756,0.8075459599494934,0.6206978559494019,1.0009052753448486,0.8008460998535156,0.6311225295066833,0.0012028906494379044,0.0033522010780870914,77.64359283447266,0,384,0.30889415740966797,0.9522462487220764,6.202836084412411e-05,5.449431773740798e-05,0.37024179100990295,3.189835115335882e-05,6.463101726694731e-06,6.54188625048846e-05,0.00017768194084055722,0.0,0.0,0.0,0.6038694381713867,0.3325909376144409,0.005805498920381069,0.0,0.0,"-1,-0.4151953,-0.1762106,0,0.1762106,0.4151953,1",
0,1024,transformer.h.5.mlp.w1.weight,transformer.h.5.mlp.w1.weight,"(1024, 384)",4,lloyd_per_tensor_oracle,0.3053971230983734,0.9529728293418884,0.24607139825820923,0.969581663608551,0.8106623291969299,0.6152083277702332,0.9994660019874573,,,0.0012028906494379044,0.0033522010780870914,77.64359283447266,0,384,0.3053971230983734,0.9529728293418884,6.0393689636839554e-05,5.205800698604435e-05,0.34644317626953125,3.189835115335882e-05,6.463101726694731e-06,6.254955951590091e-05,0.00019178722868673503,0.0,0.0,0.0,0.5929229855537415,0.32581597566604614,0.005925801582634449,0.0,0.0,"-1,-0.3987252,-0.1635362,0,0.1635362,0.3987252,1",
0,1024,transformer.h.5.mlp.w1.weight,transformer.h.5.mlp.w1.weight,"(1024, 384)",8,lloyd_global,0.30340489745140076,0.9538944959640503,0.21900609135627747,0.9759950637817383,0.8349441289901733,0.5734773874282837,0.9961828589439392,0.8289490342140198,0.5849007368087769,0.001051585772074759,0.002088651992380619,77.64359283447266,0,384,0.30340489745140076,0.9538944959640503,5.513897122000344e-05,4.8984948080033064e-05,0.3616231381893158,2.7475902243168093e-05,5.588207386608701e-06,5.798927304567769e-05,0.0001532453898107633,0.0,0.0,0.0,0.6076282262802124,0.32908472418785095,0.005304135847836733,0.0,0.0,"-1,-0.4198408,-0.1791116,0,0.1791116,0.4198408,1",
0,1024,transformer.h.5.mlp.w1.weight,transformer.h.5.mlp.w1.weight,"(1024, 384)",8,lloyd_per_tensor_oracle,0.3001655340194702,0.9545305967330933,0.2166701853275299,0.9764218926429749,0.8373568058013916,0.5689384341239929,0.9949944615364075,,,0.001051585772074759,0.002088651992380619,77.64359283447266,0,384,0.3001655340194702,0.9545305967330933,5.370730650611222e-05,4.692873335443437e-05,0.3387908935546875,2.7475902243168093e-05,5.588207386608701e-06,5.543119186768308e-05,0.00016631031758151948,0.0,0.0,0.0,0.5946334004402161,0.3231128454208374,0.005522868596017361,0.0,0.0,"-1,-0.4028291,-0.1663968,0,0.1663968,0.4028291,1",
0,1024,transformer.h.5.mlp.w2.weight,transformer.h.5.mlp.w2.weight,"(1024, 384)",4,lloyd_global,0.3113570809364319,0.9514064192771912,0.24898815155029297,0.9689669609069824,0.8042238354682922,0.6251065135002136,0.9979304671287537,0.7973125576972961,0.6366989612579346,0.0011822021333500743,0.003111637197434902,82.52305603027344,0,384,0.3113570809364319,0.9514064192771912,6.048315481166355e-05,5.335241439752281e-05,0.37745413184165955,3.134171856800094e-05,6.3821162257227115e-06,6.415611278498545e-05,0.00017523769929539412,0.0,0.0,0.0,0.5964524149894714,0.33452484011650085,0.006508818361908197,0.0,0.0,"-1,-0.4151953,-0.1762106,0,0.1762106,0.4151953,1",
0,1024,transformer.h.5.mlp.w2.weight,transformer.h.5.mlp.w2.weight,"(1024, 384)",4,lloyd_per_tensor_oracle,0.3070836067199707,0.9523489475250244,0.24556593596935272,0.9696608781814575,0.8082464933395386,0.6185685396194458,0.9976605772972107,,,0.0011822021333500743,0.003111637197434902,82.52305603027344,0,384,0.3070836067199707,0.9523489475250244,5.861314639332704e-05,5.0707749323919415e-05,0.3498382568359375,3.134171856800094e-05,6.3821162257227115e-06,6.089170710765757e-05,0.00019199264352209866,0.0,0.0,0.0,0.5786585807800293,0.33199596405029297,0.006919069215655327,0.0,0.0,"-1,-0.3957322,-0.161599,0,0.161599,0.3957322,1",
0,1024,transformer.h.5.mlp.w2.weight,transformer.h.5.mlp.w2.weight,"(1024, 384)",8,lloyd_global,0.3018432557582855,0.9543563723564148,0.21683429181575775,0.9764752984046936,0.834080696105957,0.5740376114845276,0.9928237199783325,0.8287496566772461,0.5852460265159607,0.0010080592473968863,0.002184694167226553,82.52305603027344,0,384,0.3018432557582855,0.9543563723564148,5.312879147822969e-05,4.752459062729031e-05,0.36044564843177795,2.6190135031356476e-05,5.309185326041188e-06,5.5720509408274665e-05,0.00015039379650261253,0.0,0.0,0.0,0.6032775640487671,0.3315989077091217,0.005725470837205648,0.0,0.0,"-1,-0.4198408,-0.1791116,0,0.1791116,0.4198408,1",
0,1024,transformer.h.5.mlp.w2.weight,transformer.h.5.mlp.w2.weight,"(1024, 384)",8,lloyd_per_tensor_oracle,0.29900863766670227,0.9548995494842529,0.21480052173137665,0.9768330454826355,0.8367305397987366,0.5691680908203125,0.9918356537818909,,,0.0010080592473968863,0.002184694167226553,82.52305603027344,0,384,0.29900863766670227,0.9548995494842529,5.178988430998288e-05,4.5482211135094985e-05,0.337921142578125,2.6190135031356476e-05,5.309185326041188e-06,5.329852501745336e-05,0.00016322621377184987,0.0,0.0,0.0,0.5917060375213623,0.32640063762664795,0.0059496257454156876,0.0,0.0,"-1,-0.4026657,-0.16669,0,0.16669,0.4026657,1",
0,1024,transformer.h.5.mlp.c_proj.weight,transformer.h.5.mlp.c_proj.weight,"(384, 1024)",4,lloyd_global,0.3467457592487335,0.9414048194885254,0.23550768196582794,0.9726219177246094,0.8347064852714539,0.578772246837616,1.0127577781677246,0.8259562849998474,0.5899983644485474,0.003736721584573388,0.0061294338665902615,110.0797119140625,6,384,0.3467457592487335,0.9414048194885254,0.00017889057926367968,0.0001688507618382573,0.45705923438072205,9.452927042730153e-05,1.918764246511273e-05,0.00020480538660194725,0.0005392087041400373,9.968554877559654e-06,0.0274836216121912,0.027493590489029884,0.6974079608917236,0.26701343059539795,0.003566386876627803,7.436947413452799e-08,0.00020503898849710822,"-1,-0.4151953,-0.1762106,0,0.1762106,0.4151953,1",
0,1024,transformer.h.5.mlp.c_proj.weight,transformer.h.5.mlp.c_proj.weight,"(384, 1024)",4,lloyd_per_tensor_oracle,0.3168175220489502,0.9489970803260803,0.2151806354522705,0.9766902923583984,0.8556128740310669,0.5392173528671265,1.0066684484481812,,,0.003736721584573388,0.0061294338665902615,110.0797119140625,6,384,0.3168175220489502,0.9489970803260803,0.000152900509419851,0.00013638570089824498,0.353668212890625,9.452927042730153e-05,1.918764246511273e-05,0.0001642183488002047,0.0007604701677337289,2.439255331410095e-05,0.02409786731004715,0.02412225864827633,0.6278273463249207,0.260942667722702,0.003571688663214445,1.717038458082243e-07,0.00016962949302978814,"-1,-0.3284549,-0.1317086,0,0.1317086,0.3284549,1",
0,1024,transformer.h.5.mlp.c_proj.weight,transformer.h.5.mlp.c_proj.weight,"(384, 1024)",8,lloyd_global,0.3276674449443817,0.9471614956855774,0.20567335188388824,0.9789891242980957,0.862021267414093,0.5273212790489197,1.007408618927002,0.8538508415222168,0.5406543612480164,0.0031446751672774553,0.004611341282725334,110.0797119140625,6,384,0.3276674449443817,0.9471614956855774,0.00015598979371134192,0.00014739035395905375,0.4224955141544342,7.920300413388759e-05,1.5982128388714045e-05,0.00017429649597033858,0.0004563273105304688,3.890539665007964e-05,0.02721746452152729,0.027256369590759277,0.6957718729972839,0.26297351717948914,0.0032293496187776327,2.23357986328665e-07,0.00015625693777110428,"-1,-0.4198408,-0.1791116,0,0.1791116,0.4198408,1",
0,1024,transformer.h.5.mlp.c_proj.weight,transformer.h.5.mlp.c_proj.weight,"(384, 1024)",8,lloyd_per_tensor_oracle,0.3085417151451111,0.9517233371734619,0.19366882741451263,0.9811521768569946,0.8753702640533447,0.5003879070281982,1.0044087171554565,,,0.0031446751672774553,0.004611341282725334,110.0797119140625,6,384,0.3085417151451111,0.9517233371734619,0.0001389494282193482,0.0001250367349712178,0.3442433774471283,7.920300413388759e-05,1.5982128388714045e-05,0.00014717735757585615,0.000616243458352983,8.367240661755204e-05,0.02571733668446541,0.025801008567214012,0.642132043838501,0.2573755383491516,0.0029429998248815536,4.691488868502347e-07,0.0001441963977413252,"-1,-0.3484437,-0.1424444,0,0.1424444,0.3484437,1",
0,2048,transformer.h.0.attn.c_attn.weight,transformer.h.0.attn.c_attn.weight,"(1152, 384)",4,lloyd_global,0.2758561074733734,0.9614782333374023,0.14086420834064484,0.9900459051132202,0.6245296001434326,0.8883559107780457,1.04786217212677,0.6348407864570618,0.8545887470245361,0.0007489876006729901,0.002233665669336915,943.1287231445312,196,384,0.2758561074733734,0.9614782333374023,4.102938328287564e-05,1.2877291737822816e-05,0.3573269248008728,1.618105306988582e-05,3.2527204893995076e-06,4.260689820512198e-05,0.00013886942178942263,0.001247767242603004,0.676762580871582,0.6780102849006653,0.42165473103523254,0.46567654609680176,0.06294067949056625,2.372946255491115e-06,0.0012870358768850565,"-1,-0.4151953,-0.1762106,0,0.1762106,0.4151953,1",
0,2048,transformer.h.0.attn.c_attn.weight,transformer.h.0.attn.c_attn.weight,"(1152, 384)",4,lloyd_per_tensor_oracle,0.27621710300445557,0.9613569974899292,0.1410505622625351,0.9900191426277161,0.625210165977478,0.8874516487121582,1.0476492643356323,,,0.0007489876006729901,0.002233665669336915,943.1287231445312,196,384,0.27621710300445557,0.9613569974899292,4.093820825801231e-05,1.2803153367713094e-05,0.3511827290058136,1.618105306988582e-05,3.2527204893995076e-06,4.24164863943588e-05,0.00014003552496433258,0.001289266161620617,0.6756799817085266,0.6769692301750183,0.42082679271698,0.4649540185928345,0.06290328502655029,2.4611263143015094e-06,0.001289829728193581,"-1,-0.4135127,-0.1727949,0,0.1727949,0.4135127,1",
0,2048,transformer.h.0.attn.c_attn.weight,transformer.h.0.attn.c_attn.weight,"(1152, 384)",8,lloyd_global,0.2727268934249878,0.9622687697410583,0.11665644496679306,0.9931766390800476,0.6687528491020203,0.8373936414718628,1.0540502071380615,0.6778993606567383,0.8026238679885864,0.000618036778178066,0.0021458968985825777,943.1287231445312,196,384,0.2727268934249878,0.9622687697410583,3.445152105996385e-05,1.1165633623022586e-05,0.3479682207107544,1.3617461263493169e-05,2.8403619580785744e-06,3.5071963793598115e-05,0.00011560698476387188,0.0015187268145382404,0.6716039776802063,0.6731227040290833,0.4231044352054596,0.4589802324771881,0.061052922159433365,1.9689985037985025e-06,0.000870720949023962,"-1,-0.4198408,-0.1791116,0,0.1791116,0.4198408,1",
0,2048,transformer.h.0.attn.c_attn.weight,transformer.h.0.attn.c_attn.weight,"(1152, 384)",8,lloyd_per_tensor_oracle,0.27284541726112366,0.9622366428375244,0.1167072057723999,0.993170976638794,0.6680017113685608,0.8386209607124329,1.0546635389328003,,,0.000618036778178066,0.0021458968985825777,943.1287231445312,196,384,0.27284541726112366,0.9622366428375244,3.447437848080881e-05,1.1153730156365782e-05,0.3457302451133728,1.3617461263493169e-05,2.8403619580785744e-06,3.5169134207535535e-05,0.0001145622882177122,0.0015289923176169395,0.6725845336914062,0.6741135716438293,0.42389872670173645,0.459036260843277,0.06116744875907898,1.9845092538162135e-06,0.0008729607216082513,"-1,-0.4216073,-0.1777093,0,0.1777093,0.4216073,1",
0,2048,transformer.h.0.attn.c_proj.weight,transformer.h.0.attn.c_proj.weight,"(384, 384)",4,lloyd_global,0.2756829857826233,0.9615021347999573,0.13656969368457794,0.9906537532806396,0.5835325121879578,0.9470499157905579,1.070781946182251,0.5425458550453186,0.9565098881721497,0.0043161106295883656,0.006635858677327633,142544.65625,165,384,0.2756829857826233,0.9615021347999573,0.00024170527467504144,0.00021778582595288754,0.2799343466758728,0.00010969795403070748,2.1736375856562518e-05,0.00023727376537863165,0.0006791548221372068,0.0013776511186733842,0.6439546346664429,0.6453323364257812,0.34722578525543213,0.4573688805103302,0.15363283455371857,1.854162837844342e-05,0.008666902780532837,"-1,-0.4151953,-0.1762106,0,0.1762106,0.4151953,1",
0,2048,transformer.h.0.attn.c_proj.weight,transformer.h.0.attn.c_proj.weight,"(384, 384)",4,lloyd_per_tensor_oracle,0.2755293548107147,0.9617006182670593,0.13649046421051025,0.9906749725341797,0.5856848359107971,0.94411301612854,1.069806694984436,,,0.0043161106295883656,0.006635858677327633,142544.65625,165,384,0.2755293548107147,0.9617006182670593,0.00024525541812181473,0.00022569403517991304,0.29876708984375,0.00010969795403070748,2.1736375856562518e-05,0.0002455516951158643,0.0006278648506850004,0.001400249544531107,0.6488513350486755,0.650251567363739,0.351805180311203,0.4592219889163971,0.1561918407678604,1.8824772268999368e-05,0.008723072707653046,"-1,-0.4302514,-0.1891347,0,0.1891347,0.4302514,1",
0,2048,transformer.h.0.attn.c_proj.weight,transformer.h.0.attn.c_proj.weight,"(384, 384)",8,lloyd_global,0.2722819149494171,0.962424635887146,0.10765647888183594,0.9941986203193665,0.6409766674041748,0.8815631866455078,1.0745700597763062,0.5943490266799927,0.9007245898246765,0.003355803433805704,0.0045373630709946156,142544.65625,165,384,0.2722819149494171,0.962424635887146,0.00019126717234030366,0.00017407175619155169,0.2728067934513092,8.444907871307805e-05,1.7055339412763715e-05,0.00018649818957783282,0.0005202838219702244,0.0013733527157455683,0.6426820755004883,0.6440553665161133,0.34998950362205505,0.45588287711143494,0.15166465938091278,1.14820013550343e-05,0.005373183637857437,"-1,-0.4198408,-0.1791116,0,0.1791116,0.4198408,1",
0,2048,transformer.h.0.attn.c_proj.weight,transformer.h.0.attn.c_proj.weight,"(384, 384)",8,lloyd_per_tensor_oracle,0.2719137370586395,0.9627078771591187,0.10750912129878998,0.9942188262939453,0.6420785784721375,0.8808605670928955,1.0758728981018066,,,0.003355803433805704,0.0045373630709946156,142544.65625,165,384,0.2719137370586395,0.9627078771591187,0.00019399503071326762,0.0001799053861759603,0.2915785014629364,8.444907871307805e-05,1.7055339412763715e-05,0.00019312476797495037,0.0004800689348485321,0.001233250368386507,0.6499135494232178,0.6511468291282654,0.35390549898147583,0.460239976644516,0.15358686447143555,1.0282798939442728e-05,0.005418956745415926,"-1,-0.4346423,-0.192187,0,0.192187,0.4346423,1",
0,2048,transformer.h.0.mlp.w1.weight,transformer.h.0.mlp.w1.weight,"(1024, 384)",4,lloyd_global,0.2903473377227783,0.9575525522232056,0.21360783278942108,0.9770887494087219,0.9122269749641418,0.4206167757511139,1.0074479579925537,0.9107793569564819,0.4224378168582916,0.0016398975858464837,0.0033111339434981346,59.234031677246094,0,384,0.2903473377227783,0.9575525522232056,8.772383444011211e-05,7.874747825553641e-05,0.3238271176815033,4.216346860630438e-05,8.54761128721293e-06,8.969117334345356e-05,0.0002524671144783497,0.0,0.0,0.0,0.7534486651420593,0.17447809875011444,0.0015159101458266377,0.0,0.0,"-1,-0.4151953,-0.1762106,0,0.1762106,0.4151953,1",
0,2048,transformer.h.0.mlp.w1.weight,transformer.h.0.mlp.w1.weight,"(1024, 384)",4,lloyd_per_tensor_oracle,0.29002588987350464,0.9575857520103455,0.21336953341960907,0.9771219491958618,0.9124003052711487,0.4201546907424927,1.00723397731781,,,0.0016398975858464837,0.0033111339434981346,59.234031677246094,0,384,0.29002588987350464,0.9575857520103455,8.734528819331899e-05,7.813487900421023e-05,0.32052865624427795,4.216346860630438e-05,8.54761128721293e-06,8.892270852811635e-05,0.00025737102259881794,0.0,0.0,0.0,0.7498498558998108,0.17362788319587708,0.0015931345988065004,0.0,0.0,"-1,-0.4112276,-0.1742605,0,0.1742605,0.4112276,1",
0,2048,transformer.h.0.mlp.w1.weight,transformer.h.0.mlp.w1.weight,"(1024, 384)",8,lloyd_global,0.28853654861450195,0.9581676125526428,0.20046713948249817,0.9798577427864075,0.9209257960319519,0.39916083216667175,1.007086992263794,0.9193407893180847,0.401658833026886,0.0015322283143177629,0.0030770194716751575,59.234031677246094,0,384,0.28853654861450195,0.9581676125526428,8.275476284325123e-05,7.492137956432998e-05,0.323394775390625,3.947344157495536e-05,7.862267011660151e-06,8.470881584798917e-05,0.0002318392798770219,0.0,0.0,0.0,0.7641980051994324,0.17116646468639374,0.0011669764062389731,0.0,0.0,"-1,-0.4198408,-0.1791116,0,0.1791116,0.4198408,1",
0,2048,transformer.h.0.mlp.w1.weight,transformer.h.0.mlp.w1.weight,"(1024, 384)",8,lloyd_per_tensor_oracle,0.2878107726573944,0.958246648311615,0.19996210932731628,0.9799323678016663,0.9213815927505493,0.39788946509361267,1.0065120458602905,,,0.0015322283143177629,0.0030770194716751575,59.234031677246094,0,384,0.2878107726573944,0.958246648311615,8.198452997021377e-05,7.372209802269936e-05,0.3162892758846283,3.947344157495536e-05,7.862267011660151e-06,8.314565639011562e-05,0.00024169879907276481,0.0,0.0,0.0,0.7563151121139526,0.17035254836082458,0.001081034541130066,0.0,0.0,"-1,-0.4113446,-0.1749312,0,0.1749312,0.4113446,1",
0,2048,transformer.h.0.mlp.w2.weight,transformer.h.0.mlp.w2.weight,"(1024, 384)",4,lloyd_global,0.29352739453315735,0.9566087126731873,0.2157789170742035,0.9766390919685364,0.9086704850196838,0.42972078919410706,1.010285496711731,0.9062820076942444,0.4329497814178467,0.0016299877315759659,0.0034917108714580536,60.03253936767578,0,384,0.29352739453315735,0.9566087126731873,8.674690616317093e-05,7.759065920254216e-05,0.3330535888671875,4.2177456634817645e-05,8.525460543751251e-06,8.922336564864963e-05,0.00024758410290814936,0.0,0.0,0.0,0.749384880065918,0.1781752109527588,0.0013624596176669002,0.0,0.0,"-1,-0.4151953,-0.1762106,0,0.1762106,0.4151953,1",
0,2048,transformer.h.0.mlp.w2.weight,transformer.h.0.mlp.w2.weight,"(1024, 384)",4,lloyd_per_tensor_oracle,0.2929219901561737,0.9567243456840515,0.21533407270908356,0.9767130017280579,0.9090090394020081,0.428804486989975,1.00979483127594,,,0.0016299877315759659,0.0034917108714580536,60.03253936767578,0,384,0.2929219901561737,0.9567243456840515,8.614769467385486e-05,7.660790288355201e-05,0.3262227475643158,4.2177456634817645e-05,8.525460543751251e-06,8.809714199742302e-05,0.0002538135158829391,0.0,0.0,0.0,0.7438058853149414,0.1780654489994049,0.0014634252293035388,0.0,0.0,"-1,-0.4100827,-0.1723704,0,0.1723704,0.4100827,1",
0,2048,transformer.h.0.mlp.w2.weight,transformer.h.0.mlp.w2.weight,"(1024, 384)",8,lloyd_global,0.29341593384742737,0.9567760229110718,0.20403188467025757,0.9791563153266907,0.9169496297836304,0.4093233644962311,1.0082131624221802,0.9149656891822815,0.41240495443344116,0.0015430127969011664,0.002556587103754282,60.03253936767578,0,384,0.29341593384742737,0.9567760229110718,8.25202077976428e-05,7.436543819494545e-05,0.33659109473228455,3.981345798820257e-05,8.075683581409976e-06,8.536360837752e-05,0.00022790729417465627,0.0,0.0,0.0,0.7586813569068909,0.17627215385437012,0.0014418500941246748,0.0,0.0,"-1,-0.4198408,-0.1791116,0,0.1791116,0.4198408,1",
0,2048,transformer.h.0.mlp.w2.weight,transformer.h.0.mlp.w2.weight,"(1024, 384)",8,lloyd_per_tensor_oracle,0.29207658767700195,0.956989586353302,0.20310017466545105,0.9793024659156799,0.9175784587860107,0.4076513648033142,1.0076615810394287,,,0.0015430127969011664,0.002556587103754282,60.03253936767578,0,384,0.29207658767700195,0.956989586353302,8.134502422763035e-05,7.256432581925765e-05,0.32415008544921875,3.981345798820257e-05,8.075683581409976e-06,8.31277939141728e-05,0.0002407558640697971,0.0,0.0,0.0,0.750095009803772,0.17349299788475037,0.0014045083662495017,0.0,0.0,"-1,-0.4086333,-0.1720958,0,0.1720958,0.4086333,1",
0,2048,transformer.h.0.mlp.c_proj.weight,transformer.h.0.mlp.c_proj.weight,"(384, 1024)",4,lloyd_global,0.3149455487728119,0.9507676362991333,0.2568342387676239,0.9671964049339294,0.8632414937019348,0.5276979207992554,1.0169954299926758,0.856367826461792,0.5359801054000854,0.0059276726096868515,0.010803228244185448,60.95918655395508,0,384,0.3149455487728119,0.9507676362991333,0.0002966730098705739,0.0002786142867989838,0.3931223452091217,0.00015043036546558142,3.0343158869072795e-05,0.00032464793184772134,0.0008842089446261525,0.0,0.0,0.0,0.6940651535987854,0.2574061155319214,0.0012373104691505432,0.0,0.0,"-1,-0.4151953,-0.1762106,0,0.1762106,0.4151953,1",
0,2048,transformer.h.0.mlp.c_proj.weight,transformer.h.0.mlp.c_proj.weight,"(384, 1024)",4,lloyd_per_tensor_oracle,0.30425721406936646,0.9530652165412903,0.24811826646327972,0.9689558744430542,0.8699570894241333,0.5144591331481934,1.0165290832519531,,,0.0059276726096868515,0.010803228244185448,60.95918655395508,0,384,0.30425721406936646,0.9530652165412903,0.00027513012173585594,0.00024851865600794554,0.3400014340877533,0.00015043036546558142,3.0343158869072795e-05,0.00028919748729094863,0.001105514820665121,0.0,0.0,0.0,0.6489346623420715,0.2503120005130768,0.0013134442269802094,0.0,0.0,"-1,-0.3644018,-0.1499087,0,0.1499087,0.3644018,1",
0,2048,transformer.h.0.mlp.c_proj.weight,transformer.h.0.mlp.c_proj.weight,"(384, 1024)",8,lloyd_global,0.31116440892219543,0.9518235921859741,0.23593558371067047,0.9722597599029541,0.8787733912467957,0.49661755561828613,1.0161052942276,0.8720252513885498,0.505925178527832,0.005340660456568003,0.00976971723139286,60.95918655395508,0,384,0.31116440892219543,0.9518235921859741,0.00027248167316429317,0.0002549123310018331,0.384246826171875,0.0001355896092718467,2.7384632630855776e-05,0.0002959774574264884,0.0007731686346232891,0.0,0.0,0.0,0.690769374370575,0.25759604573249817,0.0012137613957747817,0.0,0.0,"-1,-0.4198408,-0.1791116,0,0.1791116,0.4198408,1",
0,2048,transformer.h.0.mlp.c_proj.weight,transformer.h.0.mlp.c_proj.weight,"(384, 1024)",8,lloyd_per_tensor_oracle,0.3016739785671234,0.953890860080719,0.22874248027801514,0.9736555218696594,0.8852195739746094,0.48284563422203064,1.0146113634109497,,,0.005340660456568003,0.00976971723139286,60.95918655395508,0,384,0.3016739785671234,0.953890860080719,0.0002549054624978453,0.0002308479743078351,0.33589425683021545,0.0001355896092718467,2.7384632630855776e-05,0.000266375980572775,0.0009578351164236665,0.0,0.0,0.0,0.6586007475852966,0.2451615184545517,0.0012957267463207245,0.0,0.0,"-1,-0.3730342,-0.1546985,0,0.1546985,0.3730342,1",
0,2048,transformer.h.1.attn.c_attn.weight,transformer.h.1.attn.c_attn.weight,"(1152, 384)",4,lloyd_global,0.2709888517856598,0.9627179503440857,0.14336414635181427,0.9896835088729858,0.606950581073761,0.9116866588592529,1.0536710023880005,0.615750789642334,0.8766428232192993,0.00060063018463552,0.002093521412461996,1076.80615234375,217,384,0.2709888517856598,0.9627179503440857,3.4437132853781804e-05,1.076570333680138e-05,0.32208251953125,1.2857070032623596e-05,2.612105163279921e-06,3.363961513969116e-05,0.0001300749136134982,0.0017407318810001016,0.719107985496521,0.7208486795425415,0.40167245268821716,0.4636860489845276,0.0707702711224556,2.3674733711231966e-06,0.0009780190885066986,"-1,-0.4151953,-0.1762106,0,0.1762106,0.4151953,1",
0,2048,transformer.h.1.attn.c_attn.weight,transformer.h.1.attn.c_attn.weight,"(1152, 384)",4,lloyd_per_tensor_oracle,0.2702018916606903,0.9629879593849182,0.14294767379760742,0.9897493720054626,0.6073007583618164,0.9117022156715393,1.054527759552002,,,0.00060063018463552,0.002093521412461996,1076.80615234375,217,384,0.2702018916606903,0.9629879593849182,3.4575117751955986e-05,1.0872852726606652e-05,0.3259345293045044,1.2857070032623596e-05,2.612105163279921e-06,3.4093722206307575e-05,0.00012583466013893485,0.0015400205738842487,0.7238419651985168,0.7253819704055786,0.4061274230480194,0.46547773480415344,0.07088523358106613,2.0798981950065354e-06,0.0009775958023965359,"-1,-0.4218841,-0.1785708,0,0.1785708,0.4218841,1",
0,2048,transformer.h.1.attn.c_attn.weight,transformer.h.1.attn.c_attn.weight,"(1152, 384)",8,lloyd_global,0.2713155150413513,0.9626858830451965,0.12056992202997208,0.9927132725715637,0.6484158635139465,0.866752564907074,1.0627843141555786,0.6574947834014893,0.8276556134223938,0.0005192398675717413,0.001730975229293108,1076.80615234375,217,384,0.2713155150413513,0.9626858830451965,2.9764081773464568e-05,1.0228530300082639e-05,0.32146313786506653,1.144692851084983e-05,2.271649691465427e-06,2.9311011530808173e-05,0.00010243130236631259,0.0012160405749455094,0.7213013172149658,0.7225173711776733,0.4081045687198639,0.4646790623664856,0.07046367973089218,1.1591397424126626e-06,0.000687550229486078,"-1,-0.4198408,-0.1791116,0,0.1791116,0.4198408,1",
0,2048,transformer.h.1.attn.c_attn.weight,transformer.h.1.attn.c_attn.weight,"(1152, 384)",8,lloyd_per_tensor_oracle,0.2709491550922394,0.9628214836120605,0.12040498107671738,0.9927361607551575,0.648524820804596,0.8663070201873779,1.0621289014816284,,,0.0005192398675717413,0.001730975229293108,1076.80615234375,217,384,0.2709491550922394,0.9628214836120605,2.9872417144360952e-05,1.0294781532138586e-05,0.32372593879699707,1.144692851084983e-05,2.271649691465427e-06,2.964527448057197e-05,9.956998110283166e-05,0.0013121661031618714,0.7242693901062012,0.7255815267562866,0.41056159138679504,0.46543756127357483,0.07050604373216629,1.2453136832846212e-06,0.0006873692036606371,"-1,-0.4254191,-0.1804973,0,0.1804973,0.4254191,1",
0,2048,transformer.h.1.attn.c_proj.weight,transformer.h.1.attn.c_proj.weight,"(384, 384)",4,lloyd_global,0.2743585705757141,0.9618415832519531,0.12460323423147202,0.9922183156013489,0.5812656879425049,0.9635851979255676,1.0973716974258423,0.5357460379600525,0.9642210602760315,0.0033365068957209587,0.004429003223776817,171813.59375,176,383,0.2743585705757141,0.9618415832519531,0.00018894136883318424,0.0001717960403766483,0.2734171450138092,8.430435264017433e-05,1.681091271166224e-05,0.0001845305523602292,0.0005375939072109759,0.0017266753129661083,0.6729762554168701,0.6747028827667236,0.33421245217323303,0.4561821520328522,0.1655871570110321,1.4172124792821705e-05,0.005523622967302799,"-1,-0.4151953,-0.1762106,0,0.1762106,0.4151953,1",
0,2048,transformer.h.1.attn.c_proj.weight,transformer.h.1.attn.c_proj.weight,"(384, 384)",4,lloyd_per_tensor_oracle,0.2736740708351135,0.962190568447113,0.12429206073284149,0.9922670722007751,0.5817909836769104,0.9626409411430359,1.0967260599136353,,,0.0033365068957209587,0.004429003223776817,171813.59375,176,383,0.2736740708351135,0.962190568447113,0.0001914710010169074,0.00017757961177267134,0.2950778603553772,8.430435264017433e-05,1.681091271166224e-05,0.00019057212921325117,0.0004989305161871016,0.0014012539759278297,0.6813766360282898,0.6827778816223145,0.33809328079223633,0.45954373478889465,0.16848887503147125,1.1443828043411486e-05,0.005564699415117502,"-1,-0.4294366,-0.190871,0,0.190871,0.4294366,1",
0,2048,transformer.h.1.attn.c_proj.weight,transformer.h.1.attn.c_proj.weight,"(384, 384)",8,lloyd_global,0.2722448706626892,0.9624301791191101,0.10447544604539871,0.994535505771637,0.6234392523765564,0.915496289730072,1.0996856689453125,0.5677069425582886,0.9304395318031311,0.00278140464797616,0.0037513684947043657,171813.59375,176,383,0.2722448706626892,0.9624301791191101,0.0001588900195201859,0.0001447458053007722,0.2725830078125,6.982374179642648e-05,1.422100012860028e-05,0.0001550020679133013,0.00043795243254862726,0.0023567492607980967,0.6772602796554565,0.6796169877052307,0.33632364869117737,0.4553649127483368,0.16703563928604126,1.3593240510090254e-05,0.003906296566128731,"-1,-0.4198408,-0.1791116,0,0.1791116,0.4198408,1",
0,2048,transformer.h.1.attn.c_proj.weight,transformer.h.1.attn.c_proj.weight,"(384, 384)",8,lloyd_per_tensor_oracle,0.27186286449432373,0.9627107977867126,0.10432721674442291,0.9945538640022278,0.6247298717498779,0.9141175746917725,1.1000175476074219,,,0.00278140464797616,0.0037513684947043657,171813.59375,176,383,0.27186286449432373,0.9627107977867126,0.0001608915044926107,0.00014948006719350815,0.2908664345741272,6.982374179642648e-05,1.422100012860028e-05,0.00015980970056261867,0.00040840983274392784,0.0020588075276464224,0.6838362812995911,0.6858950853347778,0.3382743000984192,0.46036529541015625,0.16834819316864014,1.1841477316920646e-05,0.003933166153728962,"-1,-0.4328907,-0.1919026,0,0.1919026,0.4328907,1",
0,2048,transformer.h.1.mlp.w1.weight,transformer.h.1.mlp.w1.weight,"(1024, 384)",4,lloyd_global,0.3075399696826935,0.9525647163391113,0.21490143239498138,0.9768782258033752,0.8796794414520264,0.4931333363056183,1.0100852251052856,0.8718783259391785,0.5062137842178345,0.0014309625839814544,0.0030245231464505196,86.26815795898438,0,384,0.3075399696826935,0.9525647163391113,7.421476038871333e-05,6.524763011839241e-05,0.3706919252872467,3.7740759580628946e-05,7.678085239604115e-06,7.788054062984884e-05,0.0002158207935281098,0.0,0.0,0.0,0.6868120431900024,0.24939675629138947,0.0035782933700829744,0.0,0.0,"-1,-0.4151953,-0.1762106,0,0.1762106,0.4151953,1",
0,2048,transformer.h.1.mlp.w1.weight,transformer.h.1.mlp.w1.weight,"(1024, 384)",4,lloyd_per_tensor_oracle,0.3047183156013489,0.953214168548584,0.2129317671060562,0.977241575717926,0.8814623951911926,0.4893777668476105,1.0097272396087646,,,0.0014309625839814544,0.0030245231464505196,86.26815795898438,0,384,0.3047183156013489,0.953214168548584,7.264998566824943e-05,6.28388806944713e-05,0.34890493750572205,3.7740759580628946e-05,7.678085239604115e-06,7.523581007262692e-05,0.00022644185810349882,0.0,0.0,0.0,0.6761549711227417,0.24910803139209747,0.003486327361315489,0.0,0.0,"-1,-0.404817,-0.1643838,0,0.1643838,0.404817,1",
0,2048,transformer.h.1.mlp.w1.weight,transformer.h.1.mlp.w1.weight,"(1024, 384)",8,lloyd_global,0.30560803413391113,0.9533209800720215,0.19995339214801788,0.9800072312355042,0.8924481272697449,0.4658369719982147,1.0084563493728638,0.8849484324455261,0.4797016680240631,0.0013275659875944257,0.002362899947911501,86.26815795898438,0,384,0.30560803413391113,0.9533209800720215,6.966005457798019e-05,6.175116868689656e-05,0.3730112612247467,3.455920523265377e-05,7.0374508140957914e-06,7.339502917602658e-05,0.00019688814063556492,0.0,0.0,0.0,0.6953050494194031,0.248435378074646,0.0029347077943384647,0.0,0.0,"-1,-0.4198408,-0.1791116,0,0.1791116,0.4198408,1",
0,2048,transformer.h.1.mlp.w1.weight,transformer.h.1.mlp.w1.weight,"(1024, 384)",8,lloyd_per_tensor_oracle,0.3020157516002655,0.9540488719940186,0.19760414958000183,0.9804131984710693,0.8944928050041199,0.461296021938324,1.0080657005310059,,,0.0013275659875944257,0.002362899947911501,86.26815795898438,0,384,0.3020157516002655,0.9540488719940186,6.769157334929332e-05,5.884670827072114e-05,0.34587860107421875,3.455920523265377e-05,7.0374508140957914e-06,6.998053868301213e-05,0.00021204535732977092,0.0,0.0,0.0,0.681190550327301,0.24504519999027252,0.0028720442205667496,0.0,0.0,"-1,-0.4039944,-0.1644268,0,0.1644268,0.4039944,1",
0,2048,transformer.h.1.mlp.w2.weight,transformer.h.1.mlp.w2.weight,"(1024, 384)",4,lloyd_global,0.3112264573574066,0.9514560103416443,0.21509069204330444,0.9768452048301697,0.8754757642745972,0.5014380216598511,1.0092134475708008,0.8664734959602356,0.5167824625968933,0.0014218502910807729,0.002908689435571432,89.3460922241211,0,384,0.3112264573574066,0.9514560103416443,7.306737097678706e-05,6.410974310711026e-05,0.3840484619140625,3.755924626602791e-05,7.6798214649898e-06,7.739238208159804e-05,0.0002125603932654485,0.0,0.0,0.0,0.6859675049781799,0.25076279044151306,0.002927282126620412,0.0,0.0,"-1,-0.4151953,-0.1762106,0,0.1762106,0.4151953,1",
0,2048,transformer.h.1.mlp.w2.weight,transformer.h.1.mlp.w2.weight,"(1024, 384)",4,lloyd_per_tensor_oracle,0.30751851201057434,0.952277660369873,0.21252954006195068,0.9773191809654236,0.8782567381858826,0.4956413507461548,1.008587121963501,,,0.0014218502910807729,0.002908689435571432,89.3460922241211,0,384,0.30751851201057434,0.952277660369873,7.110014848876745e-05,6.123125058365986e-05,0.35740914940834045,3.755924626602791e-05,7.6798214649898e-06,7.406692020595074e-05,0.00022588000865653157,0.0,0.0,0.0,0.6723405718803406,0.2492736130952835,0.0028842887841165066,0.0,0.0,"-1,-0.4020345,-0.1620459,0,0.1620459,0.4020345,1",
0,2048,transformer.h.1.mlp.w2.weight,transformer.h.1.mlp.w2.weight,"(1024, 384)",8,lloyd_global,0.30889201164245605,0.9522556662559509,0.19932393729686737,0.9801265001296997,0.8895090818405151,0.4720195233821869,1.0079106092453003,0.8815039992332458,0.48682868480682373,0.0013096379116177559,0.0024942278396338224,89.3460922241211,0,384,0.30889201164245605,0.9522556662559509,6.825998571002856e-05,6.050218507880345e-05,0.3814493715763092,3.429022035561502e-05,6.9610973696399014e-06,7.229957554955035e-05,0.00019387404609005898,0.0,0.0,0.0,0.6917934417724609,0.2491457164287567,0.0029139667749404907,0.0,0.0,"-1,-0.4198408,-0.1791116,0,0.1791116,0.4198408,1",
0,2048,transformer.h.1.mlp.w2.weight,transformer.h.1.mlp.w2.weight,"(1024, 384)",8,lloyd_per_tensor_oracle,0.3047015368938446,0.9531779885292053,0.19661845266819,0.9805999994277954,0.8920121192932129,0.4662224352359772,1.0062073469161987,,,0.0013096379116177559,0.0024942278396338224,89.3460922241211,0,384,0.3047015368938446,0.9531779885292053,6.612122524529696e-05,5.739911284763366e-05,0.3510233461856842,3.429022035561502e-05,6.9610973696399014e-06,6.860012945253402e-05,0.0002103626320604235,0.0,0.0,0.0,0.6738612651824951,0.2486482560634613,0.002993490779772401,0.0,0.0,"-1,-0.402454,-0.1630588,0,0.1630588,0.402454,1",
0,2048,transformer.h.1.mlp.c_proj.weight,transformer.h.1.mlp.c_proj.weight,"(384, 1024)",4,lloyd_global,0.34832507371902466,0.940717339515686,0.2686581015586853,0.964409351348877,0.8294337391853333,0.589744508266449,1.0184974670410156,0.8197382688522339,0.6004446744918823,0.0054811290465295315,0.009411456994712353,71.1153564453125,0,384,0.34832507371902466,0.940717339515686,0.0002622495230752975,0.0002474588400218636,0.4736429750919342,0.00013785484770778567,2.8032698537572287e-05,0.0003016566042788327,0.0008137651020660996,0.0,0.0,0.0,0.6760404706001282,0.2858271896839142,0.003100859234109521,0.0,0.0,"-1,-0.4151953,-0.1762106,0,0.1762106,0.4151953,1",
0,2048,transformer.h.1.mlp.c_proj.weight,transformer.h.1.mlp.c_proj.weight,"(384, 1024)",4,lloyd_per_tensor_oracle,0.3211316764354706,0.9476593136787415,0.2476838082075119,0.9690771698951721,0.8507132530212402,0.5497372150421143,1.0116876363754272,,,0.0054811290465295315,0.009411456994712353,71.1153564453125,0,384,0.3211316764354706,0.9476593136787415,0.00022596116468776017,0.00020064390264451504,0.36895498633384705,0.00013785484770778567,2.8032698537572287e-05,0.00024348234001081437,0.001108747092075646,0.0,0.0,0.0,0.6126098036766052,0.2846885919570923,0.0034945914521813393,0.0,0.0,"-1,-0.3364209,-0.1316876,0,0.1316876,0.3364209,1",
0,2048,transformer.h.1.mlp.c_proj.weight,transformer.h.1.mlp.c_proj.weight,"(384, 1024)",8,lloyd_global,0.346254825592041,0.9414975047111511,0.24780182540416718,0.9697064757347107,0.8467395305633545,0.5582274198532104,1.0157749652862549,0.8370832204818726,0.5708284378051758,0.004964468535035849,0.00942639447748661,71.1153564453125,0,384,0.346254825592041,0.9414975047111511,0.00024205872614402324,0.00022803654428571463,0.46406301856040955,0.00012576329754665494,2.5680150429252535e-05,0.0002764658711384982,0.000710120948497206,0.0,0.0,0.0,0.6787833571434021,0.285412460565567,0.0029638621490448713,0.0,0.0,"-1,-0.4198408,-0.1791116,0,0.1791116,0.4198408,1",
0,2048,transformer.h.1.mlp.c_proj.weight,transformer.h.1.mlp.c_proj.weight,"(384, 1024)",8,lloyd_per_tensor_oracle,0.31916776299476624,0.9483454823493958,0.2284158617258072,0.9737477898597717,0.866165041923523,0.5203987956047058,1.0112274885177612,,,0.004964468535035849,0.00942639447748661,71.1153564453125,0,384,0.31916776299476624,0.9483454823493958,0.00020962687267456204,0.00018646649550646544,0.36337026953697205,0.00012576329754665494,2.5680150429252535e-05,0.0002246975782327354,0.0009711676393635571,0.0,0.0,0.0,0.6211278438568115,0.27884045243263245,0.0032086954452097416,0.0,0.0,"-1,-0.3427665,-0.1350631,0,0.1350631,0.3427665,1",
0,2048,transformer.h.2.attn.c_attn.weight,transformer.h.2.attn.c_attn.weight,"(1152, 384)",4,lloyd_global,0.2763780355453491,0.9613243341445923,0.13498349487781525,0.9908757209777832,0.6731045246124268,0.8387358784675598,1.068756341934204,0.6782025098800659,0.8022470474243164,0.0009516510763205588,0.0058374470099806786,1444.982177734375,216,384,0.2763780355453491,0.9613243341445923,5.2388473704922944e-05,1.204045838676393e-05,0.31724491715431213,2.2312589862849563e-05,4.3249929149169475e-06,5.303993384586647e-05,0.0001662406575633213,0.0011640442535281181,0.6452468037605286,0.6464108228683472,0.3526022732257843,0.5028676986694336,0.09741698950529099,5.041415079176659e-06,0.0027945302426815033,"-1,-0.4151953,-0.1762106,0,0.1762106,0.4151953,1",
0,2048,transformer.h.2.attn.c_attn.weight,transformer.h.2.attn.c_attn.weight,"(1152, 384)",4,lloyd_per_tensor_oracle,0.2762664258480072,0.9613565802574158,0.13492771983146667,0.9908835887908936,0.6731935739517212,0.8386070132255554,1.0687190294265747,,,0.0009516510763205588,0.0058374470099806786,1444.982177734375,216,384,0.2762664258480072,0.9613565802574158,5.2354975196067244e-05,1.2048425560351461e-05,0.31876853108406067,2.2312589862849563e-05,4.3249929149169475e-06,5.2932526159565896e-05,0.00016734095697756857,0.001141105080023408,0.6447661519050598,0.6459072232246399,0.3526284396648407,0.5024138689041138,0.09758641570806503,4.938333404425066e-06,0.00279033905826509,"-1,-0.4138907,-0.177159,0,0.177159,0.4138907,1",
0,2048,transformer.h.2.attn.c_attn.weight,transformer.h.2.attn.c_attn.weight,"(1152, 384)",8,lloyd_global,0.27288123965263367,0.9623502492904663,0.11679701507091522,0.9931806325912476,0.7122551798820496,0.7865371704101562,1.0671370029449463,0.7113734483718872,0.7597760558128357,0.0008202947210520506,0.004550406243652105,1444.982177734375,216,384,0.27288123965263367,0.9623502492904663,4.598175655701198e-05,1.1048105079680681e-05,0.31714320182800293,1.894302840810269e-05,3.7822071590198902e-06,4.613352211890742e-05,0.00014869176084175706,0.0012946323258802295,0.647835373878479,0.6491300463676453,0.3588997423648834,0.49613937735557556,0.10074645280838013,4.178735252935439e-06,0.002091043395921588,"-1,-0.4198408,-0.1791116,0,0.1791116,0.4198408,1",
0,2048,transformer.h.2.attn.c_attn.weight,transformer.h.2.attn.c_attn.weight,"(1152, 384)",8,lloyd_per_tensor_oracle,0.2729017436504364,0.9623137712478638,0.11680813878774643,0.9931782484054565,0.7127825617790222,0.7857040166854858,1.0668705701828003,,,0.0008202947210520506,0.004550406243652105,1444.982177734375,216,384,0.2729017436504364,0.9623137712478638,4.588357114698738e-05,1.1022293620044366e-05,0.3169759213924408,1.894302840810269e-05,3.7822071590198902e-06,4.586529757943936e-05,0.00015100979362614453,0.0013138066278770566,0.6480074524879456,0.6493212580680847,0.3573685586452484,0.4962734878063202,0.1002662256360054,4.242812337906798e-06,0.002092677867040038,"-1,-0.4168175,-0.179022,0,0.179022,0.4168175,1",
0,2048,transformer.h.2.attn.c_proj.weight,transformer.h.2.attn.c_proj.weight,"(384, 384)",4,lloyd_global,0.35125070810317993,0.9393750429153442,0.16508057713508606,0.9864113330841064,0.5611495971679688,0.9771321415901184,1.0804519653320312,0.517252504825592,0.9825968742370605,0.006382273510098457,0.008902614936232567,417586.71875,170,384,0.35125070810317993,0.9393750429153442,0.0003074276028200984,0.00028978061163797975,0.4970703125,0.0001593491469975561,3.235371332266368e-05,0.0003525054198689759,0.001022301148623228,0.0010025898227468133,0.6375020742416382,0.638504683971405,0.33872485160827637,0.4618355631828308,0.17923027276992798,2.0700812456198037e-05,0.013162721879780293,"-1,-0.4151953,-0.1762106,0,0.1762106,0.4151953,1",
0,2048,transformer.h.2.attn.c_proj.weight,transformer.h.2.attn.c_proj.weight,"(384, 384)",4,lloyd_per_tensor_oracle,0.33037763833999634,0.9446117281913757,0.15526555478572845,0.9879055023193359,0.5863262414932251,0.9509720206260681,1.0844477415084839,,,0.006382273510098457,0.008902614936232567,417586.71875,170,384,0.33037763833999634,0.9446117281913757,0.0002713449066504836,0.00023907200375106186,0.3936428427696228,0.0001593491469975561,3.235371332266368e-05,0.0002933703945018351,0.0012301551178097725,0.0011953959474340081,0.5943918824195862,0.5955873131752014,0.3163987994194031,0.4532744586467743,0.1806405782699585,2.183551259804517e-05,0.010857366025447845,"-1,-0.3694969,-0.1339975,0,0.1339975,0.3694969,1",
0,2048,transformer.h.2.attn.c_proj.weight,transformer.h.2.attn.c_proj.weight,"(384, 384)",8,lloyd_global,0.34644946455955505,0.9410150647163391,0.14412616193294525,0.9896259903907776,0.5940366983413696,0.941159725189209,1.082565426826477,0.552155613899231,0.9464088678359985,0.005485148169100285,0.008189362473785877,417586.71875,170,384,0.34644946455955505,0.9410150647163391,0.0002687709347810596,0.0002549384953454137,0.4910481870174408,0.00013659524847753346,2.731401582423132e-05,0.00030623728525824845,0.000882574066054076,0.0009768634336069226,0.6435374617576599,0.6445143818855286,0.33557045459747314,0.4689997136592865,0.17602647840976715,1.5371428162325174e-05,0.010126380249857903,"-1,-0.4198408,-0.1791116,0,0.1791116,0.4198408,1",
0,2048,transformer.h.2.attn.c_proj.weight,transformer.h.2.attn.c_proj.weight,"(384, 384)",8,lloyd_per_tensor_oracle,0.3270888030529022,0.9457682371139526,0.13607332110404968,0.9907161593437195,0.6190866827964783,0.9142699837684631,1.0872246026992798,,,0.005485148169100285,0.008189362473785877,417586.71875,170,384,0.3270888030529022,0.9457682371139526,0.0002381751692155376,0.00021070102229714394,0.38934326171875,0.00013659524847753346,2.731401582423132e-05,0.00025648335576988757,0.0010563198011368513,0.0013175546191632748,0.5977999567985535,0.5991175174713135,0.3255366086959839,0.45130425691604614,0.17564383149147034,1.847995190473739e-05,0.008384710177779198,"-1,-0.3758932,-0.1369382,0,0.1369382,0.3758932,1",
0,2048,transformer.h.2.mlp.w1.weight,transformer.h.2.mlp.w1.weight,"(1024, 384)",4,lloyd_global,0.29837971925735474,0.9552090764045715,0.23987220227718353,0.9711182713508606,0.8611878156661987,0.5305846929550171,1.0133533477783203,0.8525805473327637,0.542998731136322,0.0013708947226405144,0.003240459831431508,74.4095687866211,0,384,0.29837971925735474,0.9552090764045715,7.21703763701953e-05,6.454027607105672e-05,0.3503265380859375,3.5624576412374154e-05,7.200309482868761e-06,7.497632032027468e-05,0.00020873677567578852,0.0,0.0,0.0,0.6544800400733948,0.27520763874053955,0.0016562975943088531,0.0,0.0,"-1,-0.4151953,-0.1762106,0,0.1762106,0.4151953,1",
0,2048,transformer.h.2.mlp.w1.weight,transformer.h.2.mlp.w1.weight,"(1024, 384)",4,lloyd_per_tensor_oracle,0.29709821939468384,0.9554380178451538,0.23884132504463196,0.971306562423706,0.8619064092636108,0.5290994048118591,1.012956142425537,,,0.0013708947226405144,0.003240459831431508,74.4095687866211,0,384,0.29709821939468384,0.9554380178451538,7.126849959604442e-05,6.312709592748433e-05,0.3372243344783783,3.5624576412374154e-05,7.200309482868761e-06,7.334921974688768e-05,0.00021700903016608208,0.0,0.0,0.0,0.6465494632720947,0.2733834981918335,0.001522173173725605,0.0,0.0,"-1,-0.4071307,-0.1690198,0,0.1690198,0.4071307,1",
0,2048,transformer.h.2.mlp.w1.weight,transformer.h.2.mlp.w1.weight,"(1024, 384)",8,lloyd_global,0.29564782977104187,0.9560943245887756,0.21940292418003082,0.9758653044700623,0.8782824277877808,0.496277391910553,1.0111643075942993,0.8700565695762634,0.5098013281822205,0.001242810976691544,0.0035443762317299843,74.4095687866211,0,384,0.29564782977104187,0.9560943245887756,6.627045513596386e-05,5.9661324485205114e-05,0.34646859765052795,3.214380194549449e-05,6.5150088630616665e-06,6.874535756651312e-05,0.00018650031415745616,0.0,0.0,0.0,0.6608295440673828,0.2737382650375366,0.0014706500805914402,0.0,0.0,"-1,-0.4198408,-0.1791116,0,0.1791116,0.4198408,1",
0,2048,transformer.h.2.mlp.w1.weight,transformer.h.2.mlp.w1.weight,"(1024, 384)",8,lloyd_per_tensor_oracle,0.29408159852027893,0.9563407897949219,0.218242809176445,0.9760600924491882,0.879080593585968,0.4944017231464386,1.0102430582046509,,,0.001242810976691544,0.0035443762317299843,74.4095687866211,0,384,0.29408159852027893,0.9563407897949219,6.523997581098229e-05,5.8041419833898544e-05,0.33110299706459045,3.214380194549449e-05,6.5150088630616665e-06,6.683483661618084e-05,0.00019670010078698397,0.0,0.0,0.0,0.6506361961364746,0.26971691846847534,0.001478394609875977,0.0,0.0,"-1,-0.4089926,-0.1704403,0,0.1704403,0.4089926,1",
0,2048,transformer.h.2.mlp.w2.weight,transformer.h.2.mlp.w2.weight,"(1024, 384)",4,lloyd_global,0.3032718002796173,0.9538959264755249,0.24344442784786224,0.9703185558319092,0.855209469795227,0.5420681834220886,1.0139806270599365,0.8465858697891235,0.5539318323135376,0.0013792915269732475,0.0030404669232666492,77.53599548339844,0,384,0.3032718002796173,0.9538959264755249,7.145253766793758e-05,6.403778388630599e-05,0.3660837709903717,3.553798160282895e-05,7.226527486636769e-06,7.526007539127022e-05,0.00021434470545500517,0.0,0.0,0.0,0.653231143951416,0.28454869985580444,0.0017449496081098914,0.0,0.0,"-1,-0.4151953,-0.1762106,0,0.1762106,0.4151953,1",
0,2048,transformer.h.2.mlp.w2.weight,transformer.h.2.mlp.w2.weight,"(1024, 384)",4,lloyd_per_tensor_oracle,0.30050548911094666,0.9544011950492859,0.2412225604057312,0.9707266688346863,0.8572906851768494,0.5378172993659973,1.0128040313720703,,,0.0013792915269732475,0.0030404669232666492,77.53599548339844,0,384,0.30050548911094666,0.9544011950492859,6.950638635316864e-05,6.106449291110039e-05,0.34141793847084045,3.553798160282895e-05,7.226527486636769e-06,7.178908708738163e-05,0.00023342802887782454,0.0,0.0,0.0,0.6401329040527344,0.2795282006263733,0.0018256623297929764,0.0,0.0,"-1,-0.3966303,-0.1630491,0,0.1630491,0.3966303,1",
0,2048,transformer.h.2.mlp.w2.weight,transformer.h.2.mlp.w2.weight,"(1024, 384)",8,lloyd_global,0.3006569743156433,0.9546995162963867,0.2237086296081543,0.9749450087547302,0.8722636103630066,0.5087466835975647,1.0124667882919312,0.8639644384384155,0.521614134311676,0.0012540951138362288,0.002410260494798422,77.53599548339844,0,384,0.3006569743156433,0.9546995162963867,6.598290201509371e-05,5.935373337706551e-05,0.36199188232421875,3.240706791984849e-05,6.537846729770536e-06,6.929077062522992e-05,0.0001893711305456236,0.0,0.0,0.0,0.6539164781570435,0.2852207124233246,0.0016533245798200369,0.0,0.0,"-1,-0.4198408,-0.1791116,0,0.1791116,0.4198408,1",
0,2048,transformer.h.2.mlp.w2.weight,transformer.h.2.mlp.w2.weight,"(1024, 384)",8,lloyd_per_tensor_oracle,0.29780563712120056,0.9552139043807983,0.22158852219581604,0.9753174185752869,0.8744775056838989,0.5041621923446655,1.0118744373321533,,,0.0012540951138362288,0.002410260494798422,77.53599548339844,0,384,0.29780563712120056,0.9552139043807983,6.421886791940778e-05,5.671373219229281e-05,0.33786773681640625,3.240706791984849e-05,6.537846729770536e-06,6.61002122797072e-05,0.0002066844463115558,0.0,0.0,0.0,0.638746440410614,0.2799503207206726,0.0016492007998749614,0.0,0.0,"-1,-0.4015016,-0.1657499,0,0.1657499,0.4015016,1",
0,2048,transformer.h.2.mlp.c_proj.weight,transformer.h.2.mlp.c_proj.weight,"(384, 1024)",4,lloyd_global,0.3171384036540985,0.9500839114189148,0.281557559967041,0.960576593875885,0.8694198131561279,0.5148715376853943,1.0142443180084229,0.8674368262290955,0.5149132609367371,0.004121334757655859,0.006918870843946934,35.33603286743164,0,384,0.3171384036540985,0.9500839114189148,0.0002061120030703023,0.00019337807316333055,0.3977152407169342,0.00010479297634446993,2.108437729475554e-05,0.00022545932733919472,0.0006214266759343445,0.0,0.0,0.0,0.7152982354164124,0.23746700584888458,4.342468673712574e-05,0.0,0.0,"-1,-0.4151953,-0.1762106,0,0.1762106,0.4151953,1",
0,2048,transformer.h.2.mlp.c_proj.weight,transformer.h.2.mlp.c_proj.weight,"(384, 1024)",4,lloyd_per_tensor_oracle,0.30610042810440063,0.9525558948516846,0.27175772190093994,0.9626957178115845,0.877197802066803,0.4991804361343384,1.0137485265731812,,,0.004121334757655859,0.006918870843946934,35.33603286743164,0,384,0.30610042810440063,0.9525558948516846,0.0001906543766381219,0.00017199316062033176,0.3411865234375,0.00010479297634446993,2.108437729475554e-05,0.00019998609786853194,0.0007752146339043975,0.0,0.0,0.0,0.674683153629303,0.23299331963062286,6.010311335558072e-05,0.0,0.0,"-1,-0.3637401,-0.1487192,0,0.1487192,0.3637401,1",
0,2048,transformer.h.2.mlp.c_proj.weight,transformer.h.2.mlp.c_proj.weight,"(384, 1024)",8,lloyd_global,0.3106115162372589,0.9521108269691467,0.25930455327033997,0.966560423374176,0.8850186467170715,0.48298269510269165,1.0135420560836792,0.8830922245979309,0.4835539758205414,0.0037165845278650522,0.005804321262985468,35.33603286743164,0,384,0.3106115162372589,0.9521108269691467,0.00018985722272191197,0.00017811855650506914,0.38471221923828125,9.402236173627898e-05,1.891620922833681e-05,0.0002058829559246078,0.0005523114232346416,0.0,0.0,0.0,0.7175137996673584,0.23763753473758698,7.909633131930605e-05,0.0,0.0,"-1,-0.4198408,-0.1791116,0,0.1791116,0.4198408,1",
0,2048,transformer.h.2.mlp.c_proj.weight,transformer.h.2.mlp.c_proj.weight,"(384, 1024)",8,lloyd_per_tensor_oracle,0.30136749148368835,0.9540516138076782,0.25159090757369995,0.968091607093811,0.8911718726158142,0.4696366786956787,1.012559413909912,,,0.0037165845278650522,0.005804321262985468,35.33603286743164,0,384,0.30136749148368835,0.9540516138076782,0.00017726626538205892,0.00016060227062553167,0.33575439453125,9.402236173627898e-05,1.891620922833681e-05,0.00018468200869392604,0.0006825150921940804,0.0,0.0,0.0,0.679699182510376,0.23172202706336975,5.674011117662303e-05,0.0,0.0,"-1,-0.3720763,-0.1541109,0,0.1541109,0.3720763,1",
0,2048,transformer.h.3.attn.c_attn.weight,transformer.h.3.attn.c_attn.weight,"(1152, 384)",4,lloyd_global,0.278333455324173,0.9607454538345337,0.17042216658592224,0.9853998422622681,0.6074336767196655,0.901421070098877,1.0334973335266113,0.6352478861808777,0.8541120886802673,0.0008017814252525568,0.004049758892506361,885.360595703125,199,384,0.278333455324173,0.9607454538345337,4.406887455843389e-05,1.1511809134390205e-05,0.3223334550857544,1.9242948837927543e-05,3.91337607652531e-06,4.437736060936004e-05,0.00014236362767405808,0.001026881393045187,0.6317530870437622,0.6327800154685974,0.39629027247428894,0.4714025855064392,0.07786029577255249,2.3581819732498843e-06,0.0014507896266877651,"-1,-0.4151953,-0.1762106,0,0.1762106,0.4151953,1",
0,2048,transformer.h.3.attn.c_attn.weight,transformer.h.3.attn.c_attn.weight,"(1152, 384)",4,lloyd_per_tensor_oracle,0.2782830595970154,0.9607441425323486,0.17039215564727783,0.9854058027267456,0.6073837280273438,0.901559054851532,1.0336679220199585,,,0.0008017814252525568,0.004049758892506361,885.360595703125,199,384,0.2782830595970154,0.9607441425323486,4.410182373248972e-05,1.1536991223692894e-05,0.32350441813468933,1.9242948837927543e-05,3.91337607652531e-06,4.444532532943413e-05,0.00014193993411026895,0.001016278867609799,0.6326631903648376,0.6336794495582581,0.3963150680065155,0.47183170914649963,0.07812946289777756,2.3318636976910057e-06,0.0014516530791297555,"-1,-0.4157935,-0.1769573,0,0.1769573,0.4157935,1",
0,2048,transformer.h.3.attn.c_attn.weight,transformer.h.3.attn.c_attn.weight,"(1152, 384)",8,lloyd_global,0.27737897634506226,0.961079478263855,0.1461532562971115,0.9892918467521667,0.6428085565567017,0.863318145275116,1.0409488677978516,0.6699151992797852,0.8125106692314148,0.0006994073046371341,0.0032900087535381317,885.360595703125,199,384,0.27737897634506226,0.961079478263855,3.868792555294931e-05,1.0559044312685728e-05,0.32155582308769226,1.691900433797855e-05,3.379147528903559e-06,3.903149627149105e-05,0.00011845654080389068,0.0012470229994505644,0.6421930193901062,0.6434400081634521,0.3967665135860443,0.4757291078567505,0.07740538567304611,2.074633584925323e-06,0.0010683966102078557,"-1,-0.4198408,-0.1791116,0,0.1791116,0.4198408,1",
0,2048,transformer.h.3.attn.c_attn.weight,transformer.h.3.attn.c_attn.weight,"(1152, 384)",8,lloyd_per_tensor_oracle,0.2773745357990265,0.961043655872345,0.14615117013454437,0.989290714263916,0.6423990726470947,0.8637622594833374,1.0408402681350708,,,0.0006994073046371341,0.0032900087535381317,885.360595703125,199,384,0.2773745357990265,0.961043655872345,3.8618120015598834e-05,1.0530966392252594e-05,0.32062897086143494,1.691900433797855e-05,3.379147528903559e-06,3.885426121996716e-05,0.00011987658217549324,0.0012651243014261127,0.6411898136138916,0.6424549221992493,0.3969946503639221,0.4740126430988312,0.07709529995918274,2.1050241230113897e-06,0.001066867494955659,"-1,-0.4175175,-0.1785192,0,0.1785192,0.4175175,1",
0,2048,transformer.h.3.attn.c_proj.weight,transformer.h.3.attn.c_proj.weight,"(384, 384)",4,lloyd_global,0.3174847960472107,0.9499325752258301,0.1760074943304062,0.9845234751701355,0.5877267122268677,0.930302619934082,1.0469467639923096,0.5585058331489563,0.9396757483482361,0.004002078901976347,0.005253384355455637,82711.359375,162,384,0.3174847960472107,0.9499325752258301,0.00020076711371075362,0.0001892191357910633,0.3963216245174408,0.00010115183249581605,2.0196684999973513e-05,0.00021906360052525997,0.000629705551546067,0.0011282170889899135,0.6265106201171875,0.6276388168334961,0.3582208752632141,0.46747249364852905,0.1523037850856781,9.888703971228097e-06,0.00549129955470562,"-1,-0.4151953,-0.1762106,0,0.1762106,0.4151953,1",
0,2048,transformer.h.3.attn.c_proj.weight,transformer.h.3.attn.c_proj.weight,"(384, 384)",4,lloyd_per_tensor_oracle,0.30682680010795593,0.9523550271987915,0.17010895907878876,0.9854773879051208,0.6038913726806641,0.912697970867157,1.048526406288147,,,0.004002078901976347,0.005253384355455637,82711.359375,162,384,0.30682680010795593,0.9523550271987915,0.0001844010257627815,0.00016665359726175666,0.3359917402267456,0.00010115183249581605,2.0196684999973513e-05,0.00019215140491724014,0.0007959696231409907,0.0010092472657561302,0.5985926389694214,0.5996018648147583,0.34915581345558167,0.46002307534217834,0.14837594330310822,8.262001756520476e-06,0.004900259431451559,"-1,-0.3579894,-0.1470029,0,0.1470029,0.3579894,1",
0,2048,transformer.h.3.attn.c_proj.weight,transformer.h.3.attn.c_proj.weight,"(384, 384)",8,lloyd_global,0.3128158450126648,0.9514423608779907,0.15444859862327576,0.9880915880203247,0.6212291717529297,0.8917468786239624,1.0468300580978394,0.5902004837989807,0.9053183197975159,0.003449111245572567,0.004667282570153475,82711.359375,162,384,0.3128158450126648,0.9514423608779907,0.0001763857144396752,0.0001667682663537562,0.3865085244178772,8.714014256838709e-05,1.7177037079818547e-05,0.0001913826126838103,0.0005413834005594254,0.0008791442960500717,0.6292479634284973,0.6301271319389343,0.3585047423839569,0.47002458572387695,0.1512627899646759,5.932950443821028e-06,0.0042465124279260635,"-1,-0.4198408,-0.1791116,0,0.1791116,0.4198408,1",
0,2048,transformer.h.3.attn.c_proj.weight,transformer.h.3.attn.c_proj.weight,"(384, 384)",8,lloyd_per_tensor_oracle,0.302770733833313,0.9536215662956238,0.14948798716068268,0.9887925982475281,0.6352922916412354,0.8764713406562805,1.0497746467590332,,,0.003449111245572567,0.004667282570153475,82711.359375,162,384,0.302770733833313,0.9536215662956238,0.00016224745195358992,0.00014688873488921672,0.3301052451133728,8.714014256838709e-05,1.7177037079818547e-05,0.0001679241977399215,0.0006904999609105289,0.001068202080205083,0.5990846753120422,0.600152850151062,0.3506411612033844,0.4600768983364105,0.1482481062412262,6.753278285032138e-06,0.0037874719128012657,"-1,-0.3612404,-0.1504323,0,0.1504323,0.3612404,1",
0,2048,transformer.h.3.mlp.w1.weight,transformer.h.3.mlp.w1.weight,"(1024, 384)",4,lloyd_global,0.2926347851753235,0.9568876624107361,0.25557127594947815,0.9671672582626343,0.8678639531135559,0.5188086628913879,1.0173344612121582,0.8618331551551819,0.5256853699684143,0.0013266574824228883,0.0022044810466468334,44.36616134643555,0,384,0.2926347851753235,0.9568876624107361,7.028346590232104e-05,6.325513095362112e-05,0.33507028222084045,3.404835661058314e-05,6.835733529442223e-06,7.257307879626751e-05,0.00020344262884464115,0.0,0.0,0.0,0.6620765924453735,0.2665794789791107,0.0004885719390586019,0.0,0.0,"-1,-0.4151953,-0.1762106,0,0.1762106,0.4151953,1",
0,2048,transformer.h.3.mlp.w1.weight,transformer.h.3.mlp.w1.weight,"(1024, 384)",4,lloyd_per_tensor_oracle,0.29188862442970276,0.9570016860961914,0.25491899251937866,0.9672634601593018,0.8682230710983276,0.5180577635765076,1.0171728134155273,,,0.0013266574824228883,0.0022044810466468334,44.36616134643555,0,384,0.29188862442970276,0.9570016860961914,6.964840576983988e-05,6.233045132830739e-05,0.3272908627986908,3.404835661058314e-05,6.835733529442223e-06,7.134289626264945e-05,0.00021097893477417529,0.0,0.0,0.0,0.6547743082046509,0.2645829916000366,0.0004291520453989506,0.0,0.0,"-1,-0.4076716,-0.17174,0,0.17174,0.4076716,1",
0,2048,transformer.h.3.mlp.w1.weight,transformer.h.3.mlp.w1.weight,"(1024, 384)",8,lloyd_global,0.2906525135040283,0.9574528932571411,0.2367827445268631,0.9718417525291443,0.8810585737228394,0.49168404936790466,1.0152506828308105,0.8746210336685181,0.5007675290107727,0.0012194906594231725,0.00204679649323225,44.36616134643555,0,384,0.2906525135040283,0.9574528932571411,6.544565985677764e-05,5.952450737822801e-05,0.3341318666934967,3.1192532333079726e-05,6.325099548121216e-06,6.754753121640533e-05,0.0001846244849730283,0.0,0.0,0.0,0.6616464853286743,0.2661232352256775,0.0005609533982351422,0.0,0.0,"-1,-0.4198408,-0.1791116,0,0.1791116,0.4198408,1",
0,2048,transformer.h.3.mlp.w1.weight,transformer.h.3.mlp.w1.weight,"(1024, 384)",8,lloyd_per_tensor_oracle,0.28975874185562134,0.9575628042221069,0.23605398833751678,0.9719582200050354,0.8818044066429138,0.4902321994304657,1.0155808925628662,,,0.0012194906594231725,0.00204679649323225,44.36616134643555,0,384,0.28975874185562134,0.9575628042221069,6.468978972407058e-05,5.834823241457343e-05,0.324371337890625,3.1192532333079726e-05,6.325099548121216e-06,6.604880036320537e-05,0.00019415203132666647,0.0,0.0,0.0,0.6530493497848511,0.26415520906448364,0.000467410747660324,0.0,0.0,"-1,-0.4097162,-0.1734439,0,0.1734439,0.4097162,1",
0,2048,transformer.h.3.mlp.w2.weight,transformer.h.3.mlp.w2.weight,"(1024, 384)",4,lloyd_global,0.29485586285591125,0.9562257528305054,0.25873002409935,0.9663644433021545,0.8636067509651184,0.5268516540527344,1.0164945125579834,0.8564337491989136,0.535856306552887,0.001327306847088039,0.0025088652037084103,42.37102127075195,0,384,0.29485586285591125,0.9562257528305054,7.021414785413072e-05,6.293951446423307e-05,0.3404642641544342,3.424510214244947e-05,6.879507964185905e-06,7.257003017002717e-05,0.00020663066243287176,0.0,0.0,0.0,0.649150013923645,0.2800912857055664,0.00041081724339164793,0.0,0.0,"-1,-0.4151953,-0.1762106,0,0.1762106,0.4151953,1",
0,2048,transformer.h.3.mlp.w2.weight,transformer.h.3.mlp.w2.weight,"(1024, 384)",4,lloyd_per_tensor_oracle,0.2939488887786865,0.95635586977005,0.2579324245452881,0.9664832353591919,0.864409863948822,0.5254502296447754,1.017015814781189,,,0.001327306847088039,0.0025088652037084103,42.37102127075195,0,384,0.2939488887786865,0.95635586977005,6.942217441974208e-05,6.172814028104767e-05,0.32998403906822205,3.424510214244947e-05,6.879507964185905e-06,7.107728015398607e-05,0.00021534734696615487,0.0,0.0,0.0,0.642397940158844,0.2766788899898529,0.00034235368366353214,0.0,0.0,"-1,-0.4066097,-0.1702559,0,0.1702559,0.4066097,1",
0,2048,transformer.h.3.mlp.w2.weight,transformer.h.3.mlp.w2.weight,"(1024, 384)",8,lloyd_global,0.29482224583625793,0.9563081860542297,0.24062080681324005,0.9709463715553284,0.8766539692878723,0.5006009340286255,1.0148897171020508,0.8693051338195801,0.5112727284431458,0.0012263620737940073,0.002181526506319642,42.37102127075195,0,384,0.29482224583625793,0.9563081860542297,6.559854227816686e-05,5.902792327105999e-05,0.34151458740234375,3.1580035283695906e-05,6.39746394881513e-06,6.794388900743797e-05,0.00018614614964462817,0.0,0.0,0.0,0.6565237045288086,0.2764950692653656,0.0005286333034746349,0.0,0.0,"-1,-0.4198408,-0.1791116,0,0.1791116,0.4198408,1",
0,2048,transformer.h.3.mlp.w2.weight,transformer.h.3.mlp.w2.weight,"(1024, 384)",8,lloyd_per_tensor_oracle,0.293524831533432,0.9564763307571411,0.23956376314163208,0.9711280465126038,0.8774017095565796,0.49891310930252075,1.0142797231674194,,,0.0012263620737940073,0.002181526506319642,42.37102127075195,0,384,0.293524831533432,0.9564763307571411,6.46229600533843e-05,5.747086834162474e-05,0.3278656005859375,3.1580035283695906e-05,6.39746394881513e-06,6.608583498746157e-05,0.00019696624076459557,0.0,0.0,0.0,0.6459382772445679,0.27522027492523193,0.00041350250830873847,0.0,0.0,"-1,-0.4082164,-0.1713125,0,0.1713125,0.4082164,1",
0,2048,transformer.h.3.mlp.c_proj.weight,transformer.h.3.mlp.c_proj.weight,"(384, 1024)",4,lloyd_global,0.30526548624038696,0.9534826278686523,0.27322086691856384,0.9627425074577332,0.8874827027320862,0.4771593511104584,1.0111523866653442,0.8873030543327332,0.47476866841316223,0.0036757078487426043,0.006263905670493841,30.44707679748535,0,384,0.30526548624038696,0.9534826278686523,0.00018700264627113938,0.00017519807443022728,0.3713124692440033,9.312486508861184e-05,1.867681203293614e-05,0.00020149561169091612,0.0005555897951126099,0.0,0.0,0.0,0.7353069186210632,0.210251584649086,0.0,0.0,0.0,"-1,-0.4151953,-0.1762106,0,0.1762106,0.4151953,1",
0,2048,transformer.h.3.mlp.c_proj.weight,transformer.h.3.mlp.c_proj.weight,"(384, 1024)",4,lloyd_per_tensor_oracle,0.29838624596595764,0.9549054503440857,0.26706424355506897,0.9639895558357239,0.8913500308990479,0.46876588463783264,1.010653018951416,,,0.0036757078487426043,0.006263905670493841,30.44707679748535,0,384,0.29838624596595764,0.9549054503440857,0.0001768418587744236,0.00016048713587224483,0.33226776123046875,9.312486508861184e-05,1.867681203293614e-05,0.00018413660291116685,0.0006706620333716273,0.0,0.0,0.0,0.7008875608444214,0.20495784282684326,0.0,0.0,0.0,"-1,-0.3732535,-0.1561037,0,0.1561037,0.3732535,1",
0,2048,transformer.h.3.mlp.c_proj.weight,transformer.h.3.mlp.c_proj.weight,"(384, 1024)",8,lloyd_global,0.299723356962204,0.9551345705986023,0.2546443045139313,0.9676253795623779,0.8992196917533875,0.45143502950668335,1.0104669332504272,0.8988127112388611,0.44987282156944275,0.0033542681485414505,0.005886286497116089,30.44707679748535,0,384,0.299723356962204,0.9551345705986023,0.00017434281471651047,0.00016327551566064358,0.3591105043888092,8.49573261803016e-05,1.7084661521948874e-05,0.00018608321261126548,0.0004988307482562959,0.0,0.0,0.0,0.7363520860671997,0.21048539876937866,0.0,0.0,0.0,"-1,-0.4198408,-0.1791116,0,0.1791116,0.4198408,1",
0,2048,transformer.h.3.mlp.c_proj.weight,transformer.h.3.mlp.c_proj.weight,"(384, 1024)",8,lloyd_per_tensor_oracle,0.29414117336273193,0.9561830163002014,0.24989859759807587,0.9684955477714539,0.9024831652641296,0.44379228353500366,1.0093199014663696,,,0.0033542681485414505,0.005886286497116089,30.44707679748535,0,384,0.29414117336273193,0.9561830163002014,0.0001660184789216146,0.00015119067393243313,0.32473501563072205,8.49573261803016e-05,1.7084661521948874e-05,0.0001714879326755181,0.0005949418409727514,0.0,0.0,0.0,0.7012534737586975,0.20504973828792572,0.0,0.0,0.0,"-1,-0.382411,-0.1608198,0,0.1608198,0.382411,1",
0,2048,transformer.h.4.attn.c_attn.weight,transformer.h.4.attn.c_attn.weight,"(1152, 384)",4,lloyd_global,0.2733207046985626,0.9621352553367615,0.1984815001487732,0.9801559448242188,0.5538924932479858,0.9663219451904297,1.044373631477356,0.5613574385643005,0.9366366267204285,0.0005105864838697016,0.002008897950872779,692.13232421875,169,384,0.2733207046985626,0.9621352553367615,2.820346344378777e-05,6.6932575464306865e-06,0.33931025862693787,1.1077348972321488e-05,2.2806354991189437e-06,2.8695747460005805e-05,0.00010375627607572824,0.000921502010896802,0.5822266936302185,0.583148181438446,0.3871193528175354,0.4638987183570862,0.09254039078950882,8.556576176488306e-07,0.0005406246636994183,"-1,-0.4151953,-0.1762106,0,0.1762106,0.4151953,1",
0,2048,transformer.h.4.attn.c_attn.weight,transformer.h.4.attn.c_attn.weight,"(1152, 384)",4,lloyd_per_tensor_oracle,0.27395787835121155,0.9618786573410034,0.19894494116306305,0.9800427556037903,0.5553106069564819,0.9653074145317078,1.0453976392745972,,,0.0005105864838697016,0.002008897950872779,692.13232421875,169,384,0.27395787835121155,0.9618786573410034,2.8014686904498376e-05,6.597180799872149e-06,0.33193856477737427,1.1077348972321488e-05,2.2806354991189437e-06,2.8216511054779403e-05,0.00010807770013343543,0.0009052494424395263,0.5775324702262878,0.5784377455711365,0.38252755999565125,0.46173959970474243,0.09200043976306915,8.473919592688617e-07,0.0005406204727478325,"-1,-0.4068957,-0.1719025,0,0.1719025,0.4068957,1",
0,2048,transformer.h.4.attn.c_attn.weight,transformer.h.4.attn.c_attn.weight,"(1152, 384)",8,lloyd_global,0.2727626860141754,0.9623011946678162,0.16680818796157837,0.9860134720802307,0.5942281484603882,0.9248214364051819,1.050734281539917,0.6049351096153259,0.8888950943946838,0.0004310356162022799,0.0018727766582742333,692.13232421875,169,384,0.2727626860141754,0.9623011946678162,2.4181130356737413e-05,6.508520527859218e-06,0.34346291422843933,9.403524018125609e-06,1.8714825955612469e-06,2.4435174054815434e-05,8.850789890857413e-05,0.0007015772862359881,0.5835361480712891,0.5842377543449402,0.38496559858322144,0.4663598835468292,0.09312018007040024,4.586347017720982e-07,0.0003814689116552472,"-1,-0.4198408,-0.1791116,0,0.1791116,0.4198408,1",
0,2048,transformer.h.4.attn.c_attn.weight,transformer.h.4.attn.c_attn.weight,"(1152, 384)",8,lloyd_per_tensor_oracle,0.2736399471759796,0.9620012640953064,0.16734294593334198,0.9859160780906677,0.5917111039161682,0.9273982048034668,1.0501718521118164,,,0.0004310356162022799,0.0018727766582742333,692.13232421875,169,384,0.2736399471759796,0.9620012640953064,2.400530684099067e-05,6.391634087776765e-06,0.33395498991012573,9.403524018125609e-06,1.8714825955612469e-06,2.397425487288274e-05,9.253631287720054e-05,0.0007380432216450572,0.5769842267036438,0.5777223110198975,0.3841437101364136,0.46204322576522827,0.09218275547027588,4.872821364187985e-07,0.00038094533374533057,"-1,-0.4109073,-0.1734392,0,0.1734392,0.4109073,1",
0,2048,transformer.h.4.attn.c_proj.weight,transformer.h.4.attn.c_proj.weight,"(384, 384)",4,lloyd_global,0.27133142948150635,0.9625952839851379,0.19585514068603516,0.9806639552116394,0.5942332148551941,0.9270639419555664,1.0552741289138794,0.5625629425048828,0.9353474378585815,0.0020188752096146345,0.002498229732736945,321715.65625,130,384,0.27133142948150635,0.9625952839851379,0.00011554165394045413,0.00010443845530971885,0.2652113139629364,5.065553341410123e-05,1.0073567864310462e-05,0.00011113521759398282,0.00033033679937943816,0.0006306528230197728,0.5326289534568787,0.5332596302032471,0.32679691910743713,0.4500318169593811,0.17225046455860138,1.9533101749402704e-06,0.0016497024334967136,"-1,-0.4151953,-0.1762106,0,0.1762106,0.4151953,1",
0,2048,transformer.h.4.attn.c_proj.weight,transformer.h.4.attn.c_proj.weight,"(384, 384)",4,lloyd_per_tensor_oracle,0.26991602778434753,0.9632084369659424,0.1948278546333313,0.9809302687644958,0.5964526534080505,0.9234738945960999,1.0531343221664429,,,0.0020188752096146345,0.002498229732736945,321715.65625,130,384,0.26991602778434753,0.9632084369659424,0.00011754087609006092,0.00010921695502474904,0.29010009765625,5.065553341410123e-05,1.0073567864310462e-05,0.0001163997731055133,0.00029599430854432285,0.0007350377272814512,0.5400491952896118,0.5407842397689819,0.3321150243282318,0.4593065679073334,0.17420904338359833,2.2529286525241332e-06,0.0016552787274122238,"-1,-0.4356245,-0.1937159,0,0.1937159,0.4356245,1",
0,2048,transformer.h.4.attn.c_proj.weight,transformer.h.4.attn.c_proj.weight,"(384, 384)",8,lloyd_global,0.27016589045524597,0.9629679322242737,0.1702449768781662,0.9854297637939453,0.6211112141609192,0.8954298496246338,1.0542093515396118,0.5877598524093628,0.9080103039741516,0.0017307696398347616,0.002085833577439189,321715.65625,130,384,0.27016589045524597,0.9629679322242737,0.00010069797281175852,9.140043403021991e-05,0.2617933452129364,4.339876977610402e-05,8.901458386390004e-06,9.637214679969475e-05,0.0002778281341306865,0.0008151177898980677,0.5367198586463928,0.5375349521636963,0.3270174562931061,0.45396992564201355,0.1731836050748825,1.907733803818701e-06,0.0012561603216454387,"-1,-0.4198408,-0.1791116,0,0.1791116,0.4198408,1",
0,2048,transformer.h.4.attn.c_proj.weight,transformer.h.4.attn.c_proj.weight,"(384, 384)",8,lloyd_per_tensor_oracle,0.2688962519168854,0.9635301828384399,0.16945214569568634,0.9855974912643433,0.6235038638114929,0.8927201628684998,1.0544384717941284,,,0.0017307696398347616,0.002085833577439189,321715.65625,130,384,0.2688962519168854,0.9635301828384399,0.00010261753050144762,9.567273082211614e-05,0.2876858115196228,4.339876977610402e-05,8.901458386390004e-06,0.00010155847849091515,0.00024565315106883645,0.0008372770389541984,0.5440773963928223,0.544914722442627,0.3316352665424347,0.4597344994544983,0.17651870846748352,1.9412191250012256e-06,0.00126143847592175,"-1,-0.4424947,-0.1974694,0,0.1974694,0.4424947,1",
0,2048,transformer.h.4.mlp.w1.weight,transformer.h.4.mlp.w1.weight,"(1024, 384)",4,lloyd_global,0.2979300618171692,0.9553734660148621,0.26586827635765076,0.9645134210586548,0.8649799227714539,0.5243614912033081,1.017076849937439,0.8597896099090576,0.5295576453208923,0.0013734964886680245,0.0027139547746628523,36.09908676147461,0,384,0.2979300618171692,0.9553734660148621,7.224608998512849e-05,6.477802526205778e-05,0.34422555565834045,3.5468474379740655e-05,7.257009201566689e-06,7.503222877858207e-05,0.0002115683164447546,0.0,0.0,0.0,0.6603909134864807,0.27172380685806274,8.295183215523139e-05,0.0,0.0,"-1,-0.4151953,-0.1762106,0,0.1762106,0.4151953,1",
0,2048,transformer.h.4.mlp.w1.weight,transformer.h.4.mlp.w1.weight,"(1024, 384)",4,lloyd_per_tensor_oracle,0.2964690923690796,0.9556291103363037,0.2645648121833801,0.9647327661514282,0.8660579919815063,0.522209882736206,1.01688551902771,,,0.0013734964886680245,0.0027139547746628523,36.09908676147461,0,384,0.2964690923690796,0.9556291103363037,7.114522304618731e-05,6.302153633441776e-05,0.33076730370521545,3.5468474379740655e-05,7.257009201566689e-06,7.299496064661071e-05,0.00022332860680762678,0.0,0.0,0.0,0.6499853134155273,0.2690478563308716,9.733775368658826e-05,0.0,0.0,"-1,-0.4038323,-0.1685896,0,0.1685896,0.4038323,1",
0,2048,transformer.h.4.mlp.w1.weight,transformer.h.4.mlp.w1.weight,"(1024, 384)",8,lloyd_global,0.29496297240257263,0.9563364386558533,0.24573040008544922,0.9697301983833313,0.8803146481513977,0.4933185279369354,1.0156126022338867,0.8749297261238098,0.5001514554023743,0.0012551521649584174,0.002457099035382271,36.09908676147461,0,384,0.29496297240257263,0.9563364386558533,6.700437370454893e-05,6.030950680724345e-05,0.34044137597084045,3.2369294785894454e-05,6.536708951898618e-06,6.939156446605921e-05,0.00018883476150222123,0.0,0.0,0.0,0.6651923656463623,0.2727481424808502,0.00011088919563917443,0.0,0.0,"-1,-0.4198408,-0.1791116,0,0.1791116,0.4198408,1",
0,2048,transformer.h.4.mlp.w1.weight,transformer.h.4.mlp.w1.weight,"(1024, 384)",8,lloyd_per_tensor_oracle,0.29348039627075195,0.9565487504005432,0.24449522793293,0.9699289202690125,0.8813485503196716,0.4911493957042694,1.0154790878295898,,,0.0012551521649584174,0.002457099035382271,36.09908676147461,0,384,0.29348039627075195,0.9565487504005432,6.596924504265189e-05,5.870683162356727e-05,0.326812744140625,3.2369294785894454e-05,6.536708951898618e-06,6.744150596205145e-05,0.00019999711366835982,0.0,0.0,0.0,0.6553654670715332,0.2685098946094513,0.00011457708023954183,0.0,0.0,"-1,-0.4080637,-0.1713081,0,0.1713081,0.4080637,1",
0,2048,transformer.h.4.mlp.w2.weight,transformer.h.4.mlp.w2.weight,"(1024, 384)",4,lloyd_global,0.30110055208206177,0.954470694065094,0.2668739855289459,0.9642654657363892,0.8602904081344604,0.5337134003639221,1.0182150602340698,0.854353129863739,0.5397277474403381,0.001360778114758432,0.0029105280991643667,41.16331100463867,0,384,0.30110055208206177,0.954470694065094,7.112875755410641e-05,6.325375579763204e-05,0.35445913672447205,3.553428905433975e-05,7.222608019219479e-06,7.407252269331366e-05,0.00020603676966857165,0.0,0.0,0.0,0.6541370153427124,0.28021401166915894,0.0003848298511002213,0.0,0.0,"-1,-0.4151953,-0.1762106,0,0.1762106,0.4151953,1",
0,2048,transformer.h.4.mlp.w2.weight,transformer.h.4.mlp.w2.weight,"(1024, 384)",4,lloyd_per_tensor_oracle,0.2995357811450958,0.9547635912895203,0.26548588275909424,0.9645249843597412,0.8616957664489746,0.531173586845398,1.0187138319015503,,,0.001360778114758432,0.0029105280991643667,41.16331100463867,0,384,0.2995357811450958,0.9547635912895203,7.01772587490268e-05,6.174614827614278e-05,0.340484619140625,3.553428905433975e-05,7.222608019219479e-06,7.241276034619659e-05,0.0002137628907803446,0.0,0.0,0.0,0.6472576856613159,0.2767302989959717,0.00036029270268045366,0.0,0.0,"-1,-0.4074076,-0.1684571,0,0.1684571,0.4074076,1",
0,2048,transformer.h.4.mlp.w2.weight,transformer.h.4.mlp.w2.weight,"(1024, 384)",8,lloyd_global,0.29913920164108276,0.9551059007644653,0.2464825063943863,0.9695781469345093,0.8761157393455505,0.5022841095924377,1.0170387029647827,0.8699502944946289,0.5100111365318298,0.0012489684158936143,0.002183521632105112,41.16331100463867,0,384,0.29913920164108276,0.9551059007644653,6.613739969907328e-05,5.937633977737278e-05,0.3514150083065033,3.231100708944723e-05,6.588049473066349e-06,6.903785833856091e-05,0.0001868721446953714,0.0,0.0,0.0,0.6608807444572449,0.2784678637981415,0.00019637720833998173,0.0,0.0,"-1,-0.4198408,-0.1791116,0,0.1791116,0.4198408,1",
0,2048,transformer.h.4.mlp.w2.weight,transformer.h.4.mlp.w2.weight,"(1024, 384)",8,lloyd_per_tensor_oracle,0.29690560698509216,0.9555239081382751,0.24464361369609833,0.969897449016571,0.8780096173286438,0.4984409809112549,1.017056941986084,,,0.0012489684158936143,0.002183521632105112,41.16331100463867,0,384,0.29690560698509216,0.9555239081382751,6.476142880273983e-05,5.7358702179044485e-05,0.3326619565486908,3.231100708944723e-05,6.588049473066349e-06,6.651376315858215e-05,0.0002007507864618674,0.0,0.0,0.0,0.6474781632423401,0.2747330069541931,0.00033500196877866983,0.0,0.0,"-1,-0.404897,-0.1685697,0,0.1685697,0.404897,1",
0,2048,transformer.h.4.mlp.c_proj.weight,transformer.h.4.mlp.c_proj.weight,"(384, 1024)",4,lloyd_global,0.31815028190612793,0.9497889876365662,0.2659124732017517,0.9648456573486328,0.8755408525466919,0.5031895041465759,1.0160984992980957,0.8732152581214905,0.5035673975944519,0.003979646135121584,0.0061354804784059525,50.202247619628906,0,384,0.31815028190612793,0.9497889876365662,0.00019839778542518616,0.00018638427718542516,0.40163421630859375,0.0001007865066640079,2.0383475202834234e-05,0.00021802238188683987,0.0005975470412522554,0.0,0.0,0.0,0.7258911728858948,0.22680924832820892,0.0008215399575419724,0.0,0.0,"-1,-0.4151953,-0.1762106,0,0.1762106,0.4151953,1",
0,2048,transformer.h.4.mlp.c_proj.weight,transformer.h.4.mlp.c_proj.weight,"(384, 1024)",4,lloyd_per_tensor_oracle,0.30620136857032776,0.9524416923522949,0.2559289038181305,0.966924250125885,0.883353054523468,0.4865635931491852,1.0139082670211792,,,0.003979646135121584,0.0061354804784059525,50.202247619628906,0,384,0.30620136857032776,0.9524416923522949,0.00018253242888022214,0.00016473402502015233,0.3425852358341217,0.0001007865066640079,2.0383475202834234e-05,0.00019206810975447297,0.0007560888188891113,0.0,0.0,0.0,0.6795271039009094,0.22148370742797852,0.0008049673051573336,0.0,0.0,"-1,-0.3604576,-0.1477103,0,0.1477103,0.3604576,1",
0,2048,transformer.h.4.mlp.c_proj.weight,transformer.h.4.mlp.c_proj.weight,"(384, 1024)",8,lloyd_global,0.31468406319618225,0.9508727192878723,0.2478647083044052,0.9694262146949768,0.888447642326355,0.4758971333503723,1.0141676664352417,0.8857759237289429,0.4779754877090454,0.0036521207075566053,0.005503557156771421,50.202247619628906,0,384,0.31468406319618225,0.9508727192878723,0.00018494011601433158,0.00017344584921374917,0.39256539940834045,9.281721577281132e-05,1.8627917597768828e-05,0.00020212891104165465,0.0005303162033669651,0.0,0.0,0.0,0.7297192811965942,0.22384464740753174,0.0009466305491514504,0.0,0.0,"-1,-0.4198408,-0.1791116,0,0.1791116,0.4198408,1",
0,2048,transformer.h.4.mlp.c_proj.weight,transformer.h.4.mlp.c_proj.weight,"(384, 1024)",8,lloyd_per_tensor_oracle,0.303195059299469,0.9534563422203064,0.23880711197853088,0.9712618589401245,0.8952744007110596,0.46051856875419617,1.0118118524551392,,,0.0036521207075566053,0.005503557156771421,50.202247619628906,0,384,0.303195059299469,0.9534563422203064,0.00017106039740610868,0.00015447894111275673,0.3381703794002533,9.281721577281132e-05,1.8627917597768828e-05,0.00017921481048688293,0.0006681739469058812,0.0,0.0,0.0,0.6883193254470825,0.2190416008234024,0.0007711425423622131,0.0,0.0,"-1,-0.3676368,-0.1516959,0,0.1516959,0.3676368,1",
0,2048,transformer.h.5.attn.c_attn.weight,transformer.h.5.attn.c_attn.weight,"(1152, 384)",4,lloyd_global,0.27924856543540955,0.9605526924133301,0.20738311111927032,0.9783651828765869,0.5377734899520874,0.9963887929916382,1.0687994956970215,0.52347731590271,0.9762421250343323,0.00046396831749007106,0.002040689578279853,938.741455078125,178,384,0.27924856543540955,0.9605526924133301,2.511350976419635e-05,3.580794782465091e-06,0.35406267642974854,9.958162991097197e-06,2.03038166546321e-06,2.6061861717607826e-05,0.00010440542973810807,0.0006711331661790609,0.6076861023902893,0.6083572506904602,0.35767003893852234,0.47125935554504395,0.12350042164325714,5.927734036959009e-07,0.0005367342964746058,"-1,-0.4151953,-0.1762106,0,0.1762106,0.4151953,1",
0,2048,transformer.h.5.attn.c_attn.weight,transformer.h.5.attn.c_attn.weight,"(1152, 384)",4,lloyd_per_tensor_oracle,0.28055253624916077,0.9599251747131348,0.20835109055042267,0.9780797362327576,0.5346481800079346,1.0004247426986694,1.070089340209961,,,0.00046396831749007106,0.002040689578279853,938.741455078125,178,384,0.28055253624916077,0.9599251747131348,2.4535627744626254e-05,3.4040776881738566e-06,0.3307088315486908,9.958162991097197e-06,2.03038166546321e-06,2.4710734578548e-05,0.00011912598711205646,0.00072380033088848,0.5871089696884155,0.5878328084945679,0.35006487369537354,0.45722952485084534,0.12022145092487335,6.492911097666365e-07,0.0005266710068099201,"-1,-0.3874438,-0.1631111,0,0.1631111,0.3874438,1",
0,2048,transformer.h.5.attn.c_attn.weight,transformer.h.5.attn.c_attn.weight,"(1152, 384)",8,lloyd_global,0.2727046608924866,0.9622976183891296,0.17040373384952545,0.9854126572608948,0.5707529783248901,0.9628586769104004,1.0735989809036255,0.5609644055366516,0.937055766582489,0.0003736708022188395,0.001378474524244666,938.741455078125,178,384,0.2727046608924866,0.9622976183891296,2.084893458231818e-05,3.380657290108502e-06,0.3445705771446228,7.833129529899452e-06,1.5689581687183818e-06,2.123221565852873e-05,8.583532326156273e-05,0.001082848059013486,0.6046289801597595,0.6057118773460388,0.35574400424957275,0.4717811346054077,0.11905975639820099,6.454227445829019e-07,0.00036038417601957917,"-1,-0.4198408,-0.1791116,0,0.1791116,0.4198408,1",
0,2048,transformer.h.5.attn.c_attn.weight,transformer.h.5.attn.c_attn.weight,"(1152, 384)",8,lloyd_per_tensor_oracle,0.27502572536468506,0.9614753127098083,0.17185525596141815,0.9851343035697937,0.5709445476531982,0.9625085592269897,1.073337435722351,,,0.0003736708022188395,0.001378474524244666,938.741455078125,178,384,0.27502572536468506,0.9614753127098083,2.048917485808488e-05,3.237093551433645e-06,0.3238660991191864,7.833129529899452e-06,1.5689581687183818e-06,2.0280102035030723e-05,9.637749462854117e-05,0.0009620535420253873,0.5893539786338806,0.5903160572052002,0.34974128007888794,0.4570552408695221,0.11682195216417313,5.874816224604729e-07,0.0003598912444431335,"-1,-0.3963484,-0.1674984,0,0.1674984,0.3963484,1",
0,2048,transformer.h.5.attn.c_proj.weight,transformer.h.5.attn.c_proj.weight,"(384, 384)",4,lloyd_global,0.27289465069770813,0.9621779918670654,0.1815449297428131,0.9834139943122864,0.5789216160774231,0.9513068199157715,1.068954348564148,0.5410909652709961,0.9586537480354309,0.001966592390090227,0.0027173932176083326,68298.7265625,135,383,0.27289465069770813,0.9621779918670654,0.0001122839457821101,0.00010173721238970757,0.2693006694316864,4.9820886488305405e-05,1.0027819371316582e-05,0.00010837326408363879,0.0003192388394381851,0.0009011551737785339,0.5503647327423096,0.5512658953666687,0.3195357024669647,0.445466548204422,0.18680773675441742,2.6290999812772498e-06,0.001605676719918847,"-1,-0.4151953,-0.1762106,0,0.1762106,0.4151953,1",
0,2048,transformer.h.5.attn.c_proj.weight,transformer.h.5.attn.c_proj.weight,"(384, 384)",4,lloyd_per_tensor_oracle,0.2716839611530304,0.9627236723899841,0.18074165284633636,0.9836038947105408,0.579259991645813,0.9509024024009705,1.0689083337783813,,,0.001966592390090227,0.0027173932176083326,68298.7265625,135,383,0.2716839611530304,0.9627236723899841,0.00011430654558353126,0.0001065714459400624,0.2935112714767456,4.9820886488305405e-05,1.0027819371316582e-05,0.00011356605682522058,0.0002858029620256275,0.0010244922013953328,0.556487500667572,0.5575119853019714,0.32354316115379333,0.4507630467414856,0.19105690717697144,2.962468215628178e-06,0.0016091644065454602,"-1,-0.4358617,-0.1934159,0,0.1934159,0.4358617,1",
0,2048,transformer.h.5.attn.c_proj.weight,transformer.h.5.attn.c_proj.weight,"(384, 384)",8,lloyd_global,0.271879643201828,0.9624918699264526,0.1567855328321457,0.9876528978347778,0.6079392433166504,0.9192197322845459,1.071135401725769,0.5690559148788452,0.9289858341217041,0.0016913717845454812,0.0023685633204877377,68298.7265625,135,383,0.271879643201828,0.9624918699264526,9.738570224726573e-05,8.845500997267663e-05,0.2723253071308136,4.255177918821573e-05,8.50442211230984e-06,9.428206249140203e-05,0.00026605086168274283,0.0010574038606137037,0.5496211051940918,0.550678551197052,0.3186945617198944,0.4459740221500397,0.19013646245002747,2.300558662682306e-06,0.0011957925744354725,"-1,-0.4198408,-0.1791116,0,0.1791116,0.4198408,1",
0,2048,transformer.h.5.attn.c_proj.weight,transformer.h.5.attn.c_proj.weight,"(384, 384)",8,lloyd_per_tensor_oracle,0.2711035907268524,0.9629040360450745,0.15633045136928558,0.9877480864524841,0.6080514192581177,0.9192903637886047,1.071536660194397,,,0.0016913717845454812,0.0023685633204877377,68298.7265625,135,383,0.2711035907268524,0.9629040360450745,9.90394182736054e-05,9.246869012713432e-05,0.2946912944316864,4.255177918821573e-05,8.50442211230984e-06,9.863326704362407e-05,0.00023888953728601336,0.0009597173775546253,0.5578426718711853,0.5588023662567139,0.3241196870803833,0.4508913457393646,0.1920480728149414,2.0761251562362304e-06,0.00120676273945719,"-1,-0.4395248,-0.1950394,0,0.1950394,0.4395248,1",
0,2048,transformer.h.5.mlp.w1.weight,transformer.h.5.mlp.w1.weight,"(1024, 384)",4,lloyd_global,0.3164454996585846,0.950171172618866,0.23753418028354645,0.9719129204750061,0.8373363018035889,0.5725513100624084,1.0074409246444702,0.8285895586013794,0.5855185985565186,0.0016027136007323861,0.004138119984418154,97.60693359375,0,384,0.3164454996585846,0.950171172618866,8.106396853690967e-05,7.169911259552464e-05,0.3887380063533783,4.2308263800805435e-05,8.679692655277904e-06,8.708305540494621e-05,0.0002358306519454345,0.0,0.0,0.0,0.6383507251739502,0.3077022433280945,0.004914460238069296,0.0,0.0,"-1,-0.4151953,-0.1762106,0,0.1762106,0.4151953,1",
0,2048,transformer.h.5.mlp.w1.weight,transformer.h.5.mlp.w1.weight,"(1024, 384)",4,lloyd_per_tensor_oracle,0.3090234100818634,0.9518666863441467,0.2319592833518982,0.9730130434036255,0.8433670401573181,0.5615805387496948,1.0065547227859497,,,0.0016027136007323861,0.004138119984418154,97.60693359375,0,384,0.3090234100818634,0.9518666863441467,7.70737897255458e-05,6.633309385506436e-05,0.34889474511146545,4.2308263800805435e-05,8.679692655277904e-06,8.031841571209952e-05,0.00027107191272079945,0.0,0.0,0.0,0.6181756854057312,0.30145063996315,0.004853527992963791,0.0,0.0,"-1,-0.3840038,-0.1560031,0,0.1560031,0.3840038,1",
0,2048,transformer.h.5.mlp.w1.weight,transformer.h.5.mlp.w1.weight,"(1024, 384)",8,lloyd_global,0.3055513799190521,0.953372061252594,0.20972970128059387,0.9780330061912537,0.8625036478042603,0.5255204439163208,1.0041875839233398,0.8546634316444397,0.5391510128974915,0.0013856809819117188,0.003136772196739912,97.60693359375,0,384,0.3055513799190521,0.953372061252594,7.212370110210031e-05,6.466209015343338e-05,0.3669077455997467,3.615432433434762e-05,7.306072802748531e-06,7.638924580533057e-05,0.00020443355606403202,0.0,0.0,0.0,0.6444545984268188,0.29990383982658386,0.0028181683737784624,0.0,0.0,"-1,-0.4198408,-0.1791116,0,0.1791116,0.4198408,1",
0,2048,transformer.h.5.mlp.w1.weight,transformer.h.5.mlp.w1.weight,"(1024, 384)",8,lloyd_per_tensor_oracle,0.30102458596229553,0.9542677998542786,0.20662139356136322,0.9785700440406799,0.8653127551078796,0.5197597742080688,1.0028170347213745,,,0.0013856809819117188,0.003136772196739912,97.60693359375,0,384,0.30102458596229553,0.9542677998542786,6.952042895136401e-05,6.0930313338758424e-05,0.33707427978515625,3.615432433434762e-05,7.306072802748531e-06,7.17805014573969e-05,0.0002300649503013119,0.0,0.0,0.0,0.6243429183959961,0.2948243319988251,0.002804726595059037,0.0,0.0,"-1,-0.3946697,-0.1630565,0,0.1630565,0.3946697,1",
0,2048,transformer.h.5.mlp.w2.weight,transformer.h.5.mlp.w2.weight,"(1024, 384)",4,lloyd_global,0.31532931327819824,0.9504259824752808,0.23685675859451294,0.9720067381858826,0.8383480906486511,0.5704932808876038,1.0065131187438965,0.8300421237945557,0.5830333828926086,0.0015198892215266824,0.004097092431038618,97.29409790039062,0,384,0.31532931327819824,0.9504259824752808,7.718461711192504e-05,6.797048263251781e-05,0.3849588930606842,4.0345676097786054e-05,8.287343007395975e-06,8.24903545435518e-05,0.0002219628368038684,0.0,0.0,0.0,0.6362250447273254,0.3065739870071411,0.004223922733217478,0.0,0.0,"-1,-0.4151953,-0.1762106,0,0.1762106,0.4151953,1",
0,2048,transformer.h.5.mlp.w2.weight,transformer.h.5.mlp.w2.weight,"(1024, 384)",4,lloyd_per_tensor_oracle,0.3090524971485138,0.951837420463562,0.23214153945446014,0.9729435443878174,0.8438376188278198,0.5603347420692444,1.0051684379577637,,,0.0015198892215266824,0.004097092431038618,97.29409790039062,0,384,0.3090524971485138,0.951837420463562,7.391579856630415e-05,6.356652011163533e-05,0.34907278418540955,4.0345676097786054e-05,8.287343007395975e-06,7.692931831115857e-05,0.0002496652596164495,0.0,0.0,0.0,0.616174578666687,0.3033161461353302,0.003856233786791563,0.0,0.0,"-1,-0.3892905,-0.1578119,0,0.1578119,0.3892905,1",
0,2048,transformer.h.5.mlp.w2.weight,transformer.h.5.mlp.w2.weight,"(1024, 384)",8,lloyd_global,0.30314353108406067,0.9539422988891602,0.20870894193649292,0.9782061576843262,0.864378809928894,0.521946370601654,1.004263997077942,0.8567291498184204,0.5353084206581116,0.0013031597482040524,0.003280989360064268,97.29409790039062,0,384,0.30314353108406067,0.9539422988891602,6.837389810243621e-05,6.100889731897041e-05,0.36137136816978455,3.3784675906645134e-05,6.832395683886716e-06,7.189216557890177e-05,0.00019446380611043423,0.0,0.0,0.0,0.6367747783660889,0.30039599537849426,0.0030362389516085386,0.0,0.0,"-1,-0.4198408,-0.1791116,0,0.1791116,0.4198408,1",
0,2048,transformer.h.5.mlp.w2.weight,transformer.h.5.mlp.w2.weight,"(1024, 384)",8,lloyd_per_tensor_oracle,0.3000076711177826,0.9545741677284241,0.2065512239933014,0.9785927534103394,0.8668456077575684,0.5172068476676941,1.0043752193450928,,,0.0013031597482040524,0.003280989360064268,97.29409790039062,0,384,0.3000076711177826,0.9545741677284241,6.652131560258567e-05,5.818615318275988e-05,0.3365325927734375,3.3784675906645134e-05,6.832395683886716e-06,6.857835978735238e-05,0.00021216776804067194,0.0,0.0,0.0,0.622344970703125,0.2976129353046417,0.0032120405230671167,0.0,0.0,"-1,-0.4015465,-0.1657374,0,0.1657374,0.4015465,1",
0,2048,transformer.h.5.mlp.c_proj.weight,transformer.h.5.mlp.c_proj.weight,"(384, 1024)",4,lloyd_global,0.375683456659317,0.9321199059486389,0.2507772743701935,0.9690712690353394,0.8212386965751648,0.6031453609466553,1.016708493232727,0.8113136887550354,0.6143155097961426,0.004961890634149313,0.011167447082698345,112.15509796142578,7,384,0.375683456659317,0.9321199059486389,0.00023197098926175386,0.0002167514176107943,0.5034332275390625,0.00012722877727355808,2.6192643417743966e-05,0.0002720661286730319,0.0006813525105826557,2.6988640456693247e-05,0.032420434057712555,0.03244742006063461,0.7094618678092957,0.2601380944252014,0.0029950090683996677,3.4237444879181567e-07,0.0004112814785912633,"-1,-0.4151953,-0.1762106,0,0.1762106,0.4151953,1",
0,2048,transformer.h.5.mlp.c_proj.weight,transformer.h.5.mlp.c_proj.weight,"(384, 1024)",4,lloyd_per_tensor_oracle,0.3292754888534546,0.9449818134307861,0.2198011577129364,0.975670576095581,0.8539190292358398,0.5427055358886719,1.007867455482483,,,0.004961890634149313,0.011167447082698345,112.15509796142578,7,384,0.3292754888534546,0.9449818134307861,0.00018938304856419563,0.00016631779726594687,0.37160491943359375,0.00012722877727355808,2.6192643417743966e-05,0.00020457924983929843,0.0009912452660501003,4.5326913095777854e-05,0.02920740470290184,0.029252732172608376,0.6332640051841736,0.2612571716308594,0.0029827444814145565,5.044639692641795e-07,0.0003250625741202384,"-1,-0.3147966,-0.1229883,0,0.1229883,0.3147966,1",
0,2048,transformer.h.5.mlp.c_proj.weight,transformer.h.5.mlp.c_proj.weight,"(384, 1024)",8,lloyd_global,0.3472105860710144,0.9413022994995117,0.21267041563987732,0.9775937795639038,0.8585080504417419,0.5343968868255615,1.0088592767715454,0.8497675657272339,0.5481563210487366,0.0040572588331997395,0.006530028767883778,112.15509796142578,7,384,0.3472105860710144,0.9413022994995117,0.0001974625774892047,0.00018619943875819445,0.45804595947265625,0.00010279074194841087,2.0954888896085322e-05,0.0002256712905364111,0.0005703416536562145,1.3516183571482543e-05,0.03246983885765076,0.03248335421085358,0.7080476880073547,0.2581895887851715,0.003021322889253497,1.2335007681940624e-07,0.00029632309451699257,"-1,-0.4198408,-0.1791116,0,0.1791116,0.4198408,1",
0,2048,transformer.h.5.mlp.c_proj.weight,transformer.h.5.mlp.c_proj.weight,"(384, 1024)",8,lloyd_per_tensor_oracle,0.3167226016521454,0.9491219520568848,0.19398197531700134,0.9810803532600403,0.8780959248542786,0.4948108196258545,1.004117727279663,,,0.0040572588331997395,0.006530028767883778,112.15509796142578,7,384,0.3167226016521454,0.9491219520568848,0.00016872787091415375,0.00015012540097814053,0.3544158935546875,0.00010279074194841087,2.0954888896085322e-05,0.00018059113062918186,0.0008053697529248893,7.289247150765732e-05,0.026979107409715652,0.027051998302340508,0.6406621336936951,0.25703877210617065,0.0030991402454674244,6.237310117285233e-07,0.00023085655993781984,"-1,-0.3341123,-0.1338038,0,0.1338038,0.3341123,1",
0,4096,transformer.h.0.attn.c_attn.weight,transformer.h.0.attn.c_attn.weight,"(1152, 384)",4,lloyd_global,0.2802357077598572,0.9603119492530823,0.13549432158470154,0.9908013939857483,0.6368013620376587,0.8758072257041931,1.0521917343139648,0.6457160115242004,0.8417660593986511,0.0007106261909939349,0.0023472532629966736,1077.318115234375,186,384,0.2802357077598572,0.9603119492530823,3.803679646807723e-05,1.0296760592609644e-05,0.3634372353553772,1.5685780454077758e-05,3.201050276402384e-06,4.024575900984928e-05,0.00012465355393942446,0.001260913908481598,0.6621798872947693,0.6634408235549927,0.4237770438194275,0.4685361683368683,0.0638822391629219,2.1155804006411927e-06,0.0011110154446214437,"-1,-0.4151953,-0.1762106,0,0.1762106,0.4151953,1",
0,4096,transformer.h.0.attn.c_attn.weight,transformer.h.0.attn.c_attn.weight,"(1152, 384)",4,lloyd_per_tensor_oracle,0.2801971137523651,0.9602096676826477,0.13547924160957336,0.9907979965209961,0.6361526250839233,0.8768588900566101,1.0527657270431519,,,0.0007106261909939349,0.0023472532629966736,1077.318115234375,186,384,0.2801971137523651,0.9602096676826477,3.758145612664521e-05,1.0084162568091415e-05,0.35057011246681213,1.5685780454077758e-05,3.201050276402384e-06,3.926336648873985e-05,0.00013179716188460588,0.0013667303137481213,0.6551924347877502,0.65655916929245,0.4207589030265808,0.464150607585907,0.06263776868581772,2.2990618617768632e-06,0.0011021398240700364,"-1,-0.4039139,-0.1689167,0,0.1689167,0.4039139,1",
0,4096,transformer.h.0.attn.c_attn.weight,transformer.h.0.attn.c_attn.weight,"(1152, 384)",8,lloyd_global,0.27434203028678894,0.9618950486183167,0.11181513220071793,0.9937390089035034,0.6825463771820068,0.820374608039856,1.055214524269104,0.6884673237800598,0.7893470525741577,0.0005792811862193048,0.0016664350405335426,1077.318115234375,186,384,0.27434203028678894,0.9618950486183167,3.183439184795134e-05,9.19845660973806e-06,0.3549126386642456,1.2899805369670503e-05,2.6191519282292575e-06,3.288636798970401e-05,0.00010542046220507473,0.0015878083650022745,0.6587496995925903,0.6603374481201172,0.4259708821773529,0.46401694416999817,0.060147061944007874,1.7994507288676687e-06,0.0007465558010153472,"-1,-0.4198408,-0.1791116,0,0.1791116,0.4198408,1",
0,4096,transformer.h.0.attn.c_attn.weight,transformer.h.0.attn.c_attn.weight,"(1152, 384)",8,lloyd_per_tensor_oracle,0.274687260389328,0.9617272615432739,0.1119547113776207,0.9937219619750977,0.6829543709754944,0.8195216059684753,1.0544887781143188,,,0.0005792811862193048,0.0016664350405335426,1077.318115234375,186,384,0.274687260389328,0.9617272615432739,3.169662886648439e-05,9.109724487643689e-06,0.3484768271446228,1.2899805369670503e-05,2.6191519282292575e-06,3.255105184507556e-05,0.00010793996625579894,0.0015434512170031667,0.6548293828964233,0.6563728451728821,0.4244336187839508,0.46242234110832214,0.05906655266880989,1.757625000209373e-06,0.0007456954335793853,"-1,-0.4151948,-0.1751922,0,0.1751922,0.4151948,1",
0,4096,transformer.h.0.attn.c_proj.weight,transformer.h.0.attn.c_proj.weight,"(384, 384)",4,lloyd_global,0.2761862576007843,0.9613541960716248,0.11741501092910767,0.9930894374847412,0.6026483178138733,0.9303285479545593,1.0808686017990112,0.5559059381484985,0.9424391388893127,0.0039158896543085575,0.005661560222506523,57644.3203125,177,384,0.2761862576007843,0.9613541960716248,0.00021816257503814995,0.00019802938913926482,0.2808837890625,9.895421680994332e-05,2.0127841708017513e-05,0.00021532447135541588,0.000622037157882005,0.0014833668246865273,0.6757734417915344,0.6772568225860596,0.3531043231487274,0.45386481285095215,0.15142977237701416,1.6191181202884763e-05,0.007376173045486212,"-1,-0.4151953,-0.1762106,0,0.1762106,0.4151953,1",
0,4096,transformer.h.0.attn.c_proj.weight,transformer.h.0.attn.c_proj.weight,"(384, 384)",4,lloyd_per_tensor_oracle,0.2760453224182129,0.9615305066108704,0.1173587515950203,0.9930990934371948,0.6040921211242676,0.9282588362693787,1.08010995388031,,,0.0039158896543085575,0.005661560222506523,57644.3203125,177,384,0.2760453224182129,0.9615305066108704,0.00022050042753107846,0.0002033917116932571,0.2972751259803772,9.895421680994332e-05,2.0127841708017513e-05,0.00022039028408471495,0.0005911005428060889,0.0013901113998144865,0.6797075867652893,0.681097686290741,0.35562676191329956,0.4572868049144745,0.1521274298429489,1.5157799680309836e-05,0.007411543745547533,"-1,-0.4250441,-0.1870543,0,0.1870543,0.4250441,1",
0,4096,transformer.h.0.attn.c_proj.weight,transformer.h.0.attn.c_proj.weight,"(384, 384)",8,lloyd_global,0.27382978796958923,0.9620218873023987,0.09360864013433456,0.9956123232841492,0.6668724417686462,0.8537487387657166,1.0835322141647339,0.6097358465194702,0.8834771513938904,0.0031051046680659056,0.00453066173940897,57644.3203125,177,384,0.27382978796958923,0.9620218873023987,0.0001746471389196813,0.0001590875326655805,0.2785983681678772,7.852140697650611e-05,1.5744490156066604e-05,0.00017225492047145963,0.00048066742601804435,0.002031321171671152,0.680415689945221,0.6824470162391663,0.3533325493335724,0.457057923078537,0.14883987605571747,1.409032029187074e-05,0.004719723481684923,"-1,-0.4198408,-0.1791116,0,0.1791116,0.4198408,1",
0,4096,transformer.h.0.attn.c_proj.weight,transformer.h.0.attn.c_proj.weight,"(384, 384)",8,lloyd_per_tensor_oracle,0.27370524406433105,0.96218341588974,0.09356909245252609,0.9956172108650208,0.6639163494110107,0.8572310209274292,1.0829952955245972,,,0.0031051046680659056,0.00453066173940897,57644.3203125,177,384,0.27370524406433105,0.96218341588974,0.00017613630916457623,0.00016250950284302235,0.2926160991191864,7.852140697650611e-05,1.5744490156066604e-05,0.00017549139738548547,0.00046179461060091853,0.0021411709021776915,0.685460090637207,0.6876012682914734,0.3535413146018982,0.46140438318252563,0.15069705247879028,1.4838795323157683e-05,0.004750392399728298,"-1,-0.4273524,-0.1884235,0,0.1884235,0.4273524,1",
0,4096,transformer.h.0.mlp.w1.weight,transformer.h.0.mlp.w1.weight,"(1024, 384)",4,lloyd_global,0.29263728857040405,0.9569235444068909,0.208637997508049,0.9781808257102966,0.9109846949577332,0.4238708019256592,1.0086835622787476,0.9085245132446289,0.42774033546447754,0.0017298250459134579,0.003972713369876146,63.49238586425781,0,384,0.29263728857040405,0.9569235444068909,9.227792179444805e-05,8.275898289866745e-05,0.32822927832603455,4.4807213271269575e-05,9.083258191822097e-06,9.471269004279748e-05,0.0002657245204318315,0.0,0.0,0.0,0.7574520111083984,0.17298239469528198,0.0012855101376771927,0.0,0.0,"-1,-0.4151953,-0.1762106,0,0.1762106,0.4151953,1",
0,4096,transformer.h.0.mlp.w1.weight,transformer.h.0.mlp.w1.weight,"(1024, 384)",4,lloyd_per_tensor_oracle,0.2920317053794861,0.9570122361183167,0.20820528268814087,0.9782466888427734,0.9112086296081543,0.4232919216156006,1.0084916353225708,,,0.0017298250459134579,0.003972713369876146,63.49238586425781,0,384,0.2920317053794861,0.9570122361183167,9.159051114693284e-05,8.172239176928997e-05,0.3225301206111908,4.4807213271269575e-05,9.083258191822097e-06,9.335407230537385e-05,0.0002742247888818383,0.0,0.0,0.0,0.7522186636924744,0.17201575636863708,0.0012677228078246117,0.0,0.0,"-1,-0.4086579,-0.1728436,0,0.1728436,0.4086579,1",
0,4096,transformer.h.0.mlp.w1.weight,transformer.h.0.mlp.w1.weight,"(1024, 384)",8,lloyd_global,0.28948917984962463,0.9577533602714539,0.19391560554504395,0.9811415672302246,0.921272873878479,0.39815059304237366,1.0064473152160645,0.9189925193786621,0.4025231599807739,0.0016072136349976063,0.003150784410536289,63.49238586425781,0,384,0.28948917984962463,0.9577533602714539,8.6538668256253e-05,7.876259041950107e-05,0.3287557065486908,4.099994839634746e-05,8.210400665120687e-06,8.907291339710355e-05,0.0002460466930642724,0.0,0.0,0.0,0.7537890076637268,0.17031866312026978,0.0013540404615923762,0.0,0.0,"-1,-0.4198408,-0.1791116,0,0.1791116,0.4198408,1",
0,4096,transformer.h.0.mlp.w1.weight,transformer.h.0.mlp.w1.weight,"(1024, 384)",8,lloyd_per_tensor_oracle,0.2887125015258789,0.9578558206558228,0.1933952420949936,0.9812145233154297,0.9217491149902344,0.396893173456192,1.0062048435211182,,,0.0016072136349976063,0.003150784410536289,63.49238586425781,0,384,0.2887125015258789,0.9578558206558228,8.556109241908416e-05,7.722288137301803e-05,0.3202311098575592,4.099994839634746e-05,8.210400665120687e-06,8.709699613973498e-05,0.000259168358752504,0.0,0.0,0.0,0.7434084415435791,0.16946402192115784,0.0014985132729634643,0.0,0.0,"-1,-0.4094087,-0.1740387,0,0.1740387,0.4094087,1",
0,4096,transformer.h.0.mlp.w2.weight,transformer.h.0.mlp.w2.weight,"(1024, 384)",4,lloyd_global,0.2942085862159729,0.9564621448516846,0.20660944283008575,0.9786108732223511,0.9088724255561829,0.42884138226509094,1.0085879564285278,0.9062672257423401,0.43298792839050293,0.0017149561317637563,0.0033793807961046696,69.4767074584961,0,384,0.2942085862159729,0.9564621448516846,9.091128595173359e-05,8.151384827215225e-05,0.33449554443359375,4.437461757333949e-05,8.985884960566182e-06,9.368504106532782e-05,0.00026428233832120895,0.0,0.0,0.0,0.7540073990821838,0.17654605209827423,0.001933213439770043,0.0,0.0,"-1,-0.4151953,-0.1762106,0,0.1762106,0.4151953,1",
0,4096,transformer.h.0.mlp.w2.weight,transformer.h.0.mlp.w2.weight,"(1024, 384)",4,lloyd_per_tensor_oracle,0.2933010756969452,0.9565764665603638,0.205972820520401,0.9787071943283081,0.9093286395072937,0.4277282655239105,1.0084172487258911,,,0.0017149561317637563,0.0033793807961046696,69.4767074584961,0,384,0.2933010756969452,0.9565764665603638,8.996535325422883e-05,8.001914829947054e-05,0.32568106055259705,4.437461757333949e-05,8.985884960566182e-06,9.188215335598215e-05,0.0002750202256720513,0.0,0.0,0.0,0.7460697889328003,0.17482341825962067,0.0019290393684059381,0.0,0.0,"-1,-0.40688,-0.1711098,0,0.1711098,0.40688,1",
0,4096,transformer.h.0.mlp.w2.weight,transformer.h.0.mlp.w2.weight,"(1024, 384)",8,lloyd_global,0.29307594895362854,0.9568682909011841,0.19415800273418427,0.9811275601387024,0.9179220199584961,0.40662848949432373,1.0068868398666382,0.9151511788368225,0.41195428371429443,0.0016102665103971958,0.003116743406280875,69.4767074584961,0,384,0.29307594895362854,0.9568682909011841,8.591468940721825e-05,7.739706779830158e-05,0.33614858984947205,4.173671914031729e-05,8.42482131702127e-06,8.887135481927544e-05,0.00024053490778896958,0.0,0.0,0.0,0.7593150734901428,0.17571847140789032,0.0018180443439632654,0.0,0.0,"-1,-0.4198408,-0.1791116,0,0.1791116,0.4198408,1",
0,4096,transformer.h.0.mlp.w2.weight,transformer.h.0.mlp.w2.weight,"(1024, 384)",8,lloyd_per_tensor_oracle,0.29174089431762695,0.9570432305335999,0.19327479600906372,0.9812585115432739,0.9186501502990723,0.40480709075927734,1.0068175792694092,,,0.0016102665103971958,0.003116743406280875,69.4767074584961,0,384,0.29174089431762695,0.9570432305335999,8.465231076115742e-05,7.545581320300698e-05,0.32415771484375,4.173671914031729e-05,8.42482131702127e-06,8.643418550491333e-05,0.0002553154481574893,0.0,0.0,0.0,0.7478675842285156,0.17372733354568481,0.0019037609454244375,0.0,0.0,"-1,-0.4075683,-0.172159,0,0.172159,0.4075683,1",
0,4096,transformer.h.0.mlp.c_proj.weight,transformer.h.0.mlp.c_proj.weight,"(384, 1024)",4,lloyd_global,0.3174835443496704,0.9499626755714417,0.24143767356872559,0.9709631204605103,0.8654945492744446,0.5229136347770691,1.0155178308486938,0.8578245639801025,0.5332546830177307,0.00617133779451251,0.00940977968275547,75.7977523803711,0,384,0.3174835443496704,0.9499626755714417,0.0003071390965487808,0.00028886046493425965,0.40105947852134705,0.00015533501573372632,3.1426126952283084e-05,0.0003380652633495629,0.0009372169151902199,0.0,0.0,0.0,0.6934372186660767,0.2560396194458008,0.0029156270902603865,0.0,0.0,"-1,-0.4151953,-0.1762106,0,0.1762106,0.4151953,1",
0,4096,transformer.h.0.mlp.c_proj.weight,transformer.h.0.mlp.c_proj.weight,"(384, 1024)",4,lloyd_per_tensor_oracle,0.30535688996315,0.9527394771575928,0.23221608996391296,0.9728140234947205,0.8744586110115051,0.504378616809845,1.0125336647033691,,,0.00617133779451251,0.00940977968275547,75.7977523803711,0,384,0.30535688996315,0.9527394771575928,0.00028173113241791725,0.0002542673028074205,0.341033935546875,0.00015533501573372632,3.1426126952283084e-05,0.0002966314787045121,0.0011911466717720032,0.0,0.0,0.0,0.6503626704216003,0.2489956170320511,0.0028652718756347895,0.0,0.0,"-1,-0.3588897,-0.1470952,0,0.1470952,0.3588897,1",
0,4096,transformer.h.0.mlp.c_proj.weight,transformer.h.0.mlp.c_proj.weight,"(384, 1024)",8,lloyd_global,0.3084108233451843,0.9526894092559814,0.21901848912239075,0.9760545492172241,0.8839653134346008,0.48492828011512756,1.0125656127929688,0.8765339851379395,0.496932715177536,0.0054329209960997105,0.008300812914967537,75.7977523803711,0,384,0.3084108233451843,0.9526894092559814,0.00027810162282548845,0.00026113272178918123,0.3805948793888092,0.00013703113654628396,2.7807624064735137e-05,0.00030125994817353785,0.0008075395016930997,0.0,0.0,0.0,0.6953260898590088,0.25351959466934204,0.002193806227296591,0.0,0.0,"-1,-0.4198408,-0.1791116,0,0.1791116,0.4198408,1",
0,4096,transformer.h.0.mlp.c_proj.weight,transformer.h.0.mlp.c_proj.weight,"(384, 1024)",8,lloyd_per_tensor_oracle,0.29984813928604126,0.9544691443443298,0.21293406188488007,0.9771743416786194,0.8890442848205566,0.47367143630981445,1.0104942321777344,,,0.0054329209960997105,0.008300812914967537,75.7977523803711,0,384,0.29984813928604126,0.9544691443443298,0.00026054828776977956,0.00023593538207933307,0.3347625732421875,0.00013703113654628396,2.7807624064735137e-05,0.0002715522423386574,0.000994280562736094,0.0,0.0,0.0,0.6600671410560608,0.24320074915885925,0.0022020062897354364,0.0,0.0,"-1,-0.3738526,-0.1554356,0,0.1554356,0.3738526,1",
0,4096,transformer.h.1.attn.c_attn.weight,transformer.h.1.attn.c_attn.weight,"(1152, 384)",4,lloyd_global,0.2749912142753601,0.9616420269012451,0.1285473108291626,0.9917163848876953,0.6337214112281799,0.8842371106147766,1.0620609521865845,0.6363788843154907,0.8527870178222656,0.0006003864691592753,0.0021706533152610064,1387.3934326171875,209,384,0.2749912142753601,0.9616420269012451,3.337075759191066e-05,9.276947821490467e-06,0.32884159684181213,1.3341456906346139e-05,2.65940502686135e-06,3.375205415068194e-05,0.00011128927144454792,0.0018008477054536343,0.7195829749107361,0.721383810043335,0.40804070234298706,0.4690471291542053,0.06749563664197922,2.4238777314167237e-06,0.0009685333934612572,"-1,-0.4151953,-0.1762106,0,0.1762106,0.4151953,1",
0,4096,transformer.h.1.attn.c_attn.weight,transformer.h.1.attn.c_attn.weight,"(1152, 384)",4,lloyd_per_tensor_oracle,0.274996280670166,0.9616710543632507,0.12855002284049988,0.9917173981666565,0.6332972645759583,0.8846771121025085,1.0619173049926758,,,0.0006003864691592753,0.0021706533152610064,1387.3934326171875,209,384,0.274996280670166,0.9616710543632507,3.342444688314572e-05,9.296027201344259e-06,0.32901114225387573,1.3341456906346139e-05,2.65940502686135e-06,3.3899646950885653e-05,0.00011001664825016633,0.0017921768594533205,0.7213640213012695,0.723156213760376,0.4088738262653351,0.4698244631290436,0.06766051799058914,2.4105070224322844e-06,0.0009702463867142797,"-1,-0.4174551,-0.1763151,0,0.1763151,0.4174551,1",
0,4096,transformer.h.1.attn.c_attn.weight,transformer.h.1.attn.c_attn.weight,"(1152, 384)",8,lloyd_global,0.27240487933158875,0.9623503088951111,0.10779529809951782,0.9941791296005249,0.6769751310348511,0.8325902819633484,1.0662031173706055,0.6789282560348511,0.8013401031494141,0.0005055427900515497,0.001759933540597558,1387.3934326171875,209,384,0.27240487933158875,0.9623503088951111,2.8538917831610888e-05,8.858317414706107e-06,0.32956045866012573,1.1094982255599461e-05,2.2271340185398003e-06,2.8666159778367728e-05,9.583283826941624e-05,0.0018801653059199452,0.7204343676567078,0.7223145365715027,0.4105825424194336,0.46506038308143616,0.06707797944545746,1.770888388819003e-06,0.000678562093526125,"-1,-0.4198408,-0.1791116,0,0.1791116,0.4198408,1",
0,4096,transformer.h.1.attn.c_attn.weight,transformer.h.1.attn.c_attn.weight,"(1152, 384)",8,lloyd_per_tensor_oracle,0.2724725604057312,0.962352454662323,0.10782432556152344,0.9941763877868652,0.6769435405731201,0.8325624465942383,1.0660561323165894,,,0.0005055427900515497,0.001759933540597558,1387.3934326171875,209,384,0.2724725604057312,0.962352454662323,2.8562904844875447e-05,8.860492016538046e-06,0.3282063901424408,1.1094982255599461e-05,2.2271340185398003e-06,2.8750089768436737e-05,9.500356100033969e-05,0.0018351614708080888,0.7215754389762878,0.7234106063842773,0.4113008677959442,0.46596771478652954,0.06711845099925995,1.7289405604969943e-06,0.0006798099493607879,"-1,-0.4215261,-0.1782581,0,0.1782581,0.4215261,1",
0,4096,transformer.h.1.attn.c_proj.weight,transformer.h.1.attn.c_proj.weight,"(384, 384)",4,lloyd_global,0.27515900135040283,0.9616146087646484,0.1032463014125824,0.9946608543395996,0.6111264824867249,0.9336785674095154,1.1063342094421387,0.5549741983413696,0.9434268474578857,0.0032375429291278124,0.004950054921209812,784906.375,182,384,0.27515900135040283,0.9616146087646484,0.0001808367669582367,0.000164198805578053,0.2788492739200592,8.136631367960945e-05,1.629199141461868e-05,0.00017798873886931688,0.0005131303332746029,0.0023949756287038326,0.6877608299255371,0.6901558041572571,0.3425085246562958,0.4527982175350189,0.15994393825531006,1.7996100723394193e-05,0.005167907569557428,"-1,-0.4151953,-0.1762106,0,0.1762106,0.4151953,1",
0,4096,transformer.h.1.attn.c_proj.weight,transformer.h.1.attn.c_proj.weight,"(384, 384)",4,lloyd_per_tensor_oracle,0.27490589022636414,0.9618284702301025,0.10315269231796265,0.9946730136871338,0.6130241751670837,0.9309775233268738,1.1054823398590088,,,0.0032375429291278124,0.004950054921209812,784906.375,182,384,0.27490589022636414,0.9618284702301025,0.00018309969163965434,0.00016921991482377052,0.2966783344745636,8.136631367960945e-05,1.629199141461868e-05,0.00018304363766219467,0.00048217937001027167,0.0021024728193879128,0.6967467069625854,0.6988492012023926,0.3439493775367737,0.4584501385688782,0.16207589209079742,1.576914291945286e-05,0.005225798115134239,"-1,-0.426927,-0.1882108,0,0.1882108,0.426927,1",
0,4096,transformer.h.1.attn.c_proj.weight,transformer.h.1.attn.c_proj.weight,"(384, 384)",8,lloyd_global,0.27043285965919495,0.9628802537918091,0.08654766529798508,0.9962512254714966,0.6650896072387695,0.8655136227607727,1.1026458740234375,0.5939383506774902,0.901179850101471,0.0026198853738605976,0.0035293546970933676,784906.375,182,384,0.27043285965919495,0.9628802537918091,0.00015133051783777773,0.00013740756548941135,0.2675238847732544,6.619039049837738e-05,1.3414549357548822e-05,0.0001455905003240332,0.0004158959782216698,0.0023155617527663708,0.6879294514656067,0.6902450323104858,0.33828091621398926,0.455111026763916,0.15904474258422852,1.22252731671324e-05,0.0036320025101304054,"-1,-0.4198408,-0.1791116,0,0.1791116,0.4198408,1",
0,4096,transformer.h.1.attn.c_proj.weight,transformer.h.1.attn.c_proj.weight,"(384, 384)",8,lloyd_per_tensor_oracle,0.26920148730278015,0.9634311199188232,0.08615561574697495,0.9962866902351379,0.6655650734901428,0.8655084371566772,1.1038340330123901,,,0.0026198853738605976,0.0035293546970933676,784906.375,182,384,0.26920148730278015,0.9634311199188232,0.000153983011841774,0.00014362175716087222,0.2911376953125,6.619039049837738e-05,1.3414549357548822e-05,0.0001529348810436204,0.00036878217360936105,0.0020667065400630236,0.6997845768928528,0.7018513083457947,0.34475359320640564,0.4614969789981842,0.1606793850660324,1.0812253094627522e-05,0.0036610173992812634,"-1,-0.4417305,-0.1961085,0,0.1961085,0.4417305,1",
0,4096,transformer.h.1.mlp.w1.weight,transformer.h.1.mlp.w1.weight,"(1024, 384)",4,lloyd_global,0.3061200976371765,0.9530348777770996,0.20743851363658905,0.9784451127052307,0.8849470019340515,0.4821177124977112,1.009673833847046,0.8772764205932617,0.495437353849411,0.0015961350873112679,0.004151471424847841,92.34393310546875,0,384,0.3061200976371765,0.9530348777770996,8.252880070358515e-05,7.333233952522278e-05,0.3706766664981842,4.1705203329911456e-05,8.498725946992636e-06,8.701951446710154e-05,0.00024098904395941645,0.0,0.0,0.0,0.7045999765396118,0.23102347552776337,0.0032599575351923704,0.0,0.0,"-1,-0.4151953,-0.1762106,0,0.1762106,0.4151953,1",
0,4096,transformer.h.1.mlp.w1.weight,transformer.h.1.mlp.w1.weight,"(1024, 384)",4,lloyd_per_tensor_oracle,0.30318862199783325,0.9535733461380005,0.20545116066932678,0.9787927269935608,0.8871408104896545,0.4772585332393646,1.0087172985076904,,,0.0015961350873112679,0.004151471424847841,92.34393310546875,0,384,0.30318862199783325,0.9535733461380005,8.053816418396309e-05,7.039763295324519e-05,0.3485209047794342,4.1705203329911456e-05,8.498725946992636e-06,8.350136340595782e-05,0.000258554209722206,0.0,0.0,0.0,0.6910557746887207,0.22784121334552765,0.0031202335376292467,0.0,0.0,"-1,-0.4001442,-0.1639933,0,0.1639933,0.4001442,1",
0,4096,transformer.h.1.mlp.w1.weight,transformer.h.1.mlp.w1.weight,"(1024, 384)",8,lloyd_global,0.3040909469127655,0.9536414742469788,0.19186405837535858,0.981573760509491,0.8976082801818848,0.4542531371116638,1.007312297821045,0.8902334570884705,0.46855592727661133,0.001468092668801546,0.0028488305397331715,92.34393310546875,0,384,0.3040909469127655,0.9536414742469788,7.690864003961906e-05,6.89350999891758e-05,0.37076058983802795,3.8185033190529794e-05,7.753894351480994e-06,8.118208643281832e-05,0.0002167459751944989,0.0,0.0,0.0,0.7053778767585754,0.23155350983142853,0.0029151616618037224,0.0,0.0,"-1,-0.4198408,-0.1791116,0,0.1791116,0.4198408,1",
0,4096,transformer.h.1.mlp.w1.weight,transformer.h.1.mlp.w1.weight,"(1024, 384)",8,lloyd_per_tensor_oracle,0.3007390797138214,0.95430588722229,0.18974946439266205,0.9819232821464539,0.8997900485992432,0.44938838481903076,1.0073086023330688,,,0.001468092668801546,0.0028488305397331715,92.34393310546875,0,384,0.3007390797138214,0.95430588722229,7.473419100278988e-05,6.562363705597818e-05,0.34403228759765625,3.8185033190529794e-05,7.753894351480994e-06,7.730103970970958e-05,0.00023656236589886248,0.0,0.0,0.0,0.6894689798355103,0.22736476361751556,0.0032326721120625734,0.0,0.0,"-1,-0.4015949,-0.1648423,0,0.1648423,0.4015949,1",
0,4096,transformer.h.1.mlp.w2.weight,transformer.h.1.mlp.w2.weight,"(1024, 384)",4,lloyd_global,0.3083510100841522,0.9524024128913879,0.21118932962417603,0.977683961391449,0.8826206922531128,0.48744824528694153,1.0115190744400024,0.8751182556152344,0.49977588653564453,0.0015578287420794368,0.0033024107106029987,90.7436294555664,0,384,0.3083510100841522,0.9524024128913879,8.038434316404164e-05,7.108011050149798e-05,0.37353515625,4.0773731598164886e-05,8.295754923892673e-06,8.489024185109884e-05,0.00023218290880322456,0.0,0.0,0.0,0.702947199344635,0.23641347885131836,0.0034326857421547174,0.0,0.0,"-1,-0.4151953,-0.1762106,0,0.1762106,0.4151953,1",
0,4096,transformer.h.1.mlp.w2.weight,transformer.h.1.mlp.w2.weight,"(1024, 384)",4,lloyd_per_tensor_oracle,0.30459925532341003,0.9532119631767273,0.2086241990327835,0.9781448841094971,0.8846673369407654,0.4829131066799164,1.0104910135269165,,,0.0015578287420794368,0.0033024107106029987,90.7436294555664,0,384,0.30459925532341003,0.9532119631767273,7.813687261659652e-05,6.785543519072235e-05,0.34620413184165955,4.0773731598164886e-05,8.295754923892673e-06,8.10698329587467e-05,0.000248979136813432,0.0,0.0,0.0,0.689426600933075,0.23285521566867828,0.0037481149192899466,0.0,0.0,"-1,-0.4001185,-0.1619429,0,0.1619429,0.4001185,1",
0,4096,transformer.h.1.mlp.w2.weight,transformer.h.1.mlp.w2.weight,"(1024, 384)",8,lloyd_global,0.30853110551834106,0.9524099826812744,0.1965062916278839,0.9806822538375854,0.8950422406196594,0.46045833826065063,1.0095456838607788,0.8880738019943237,0.47314661741256714,0.0014476258074864745,0.002968920161947608,90.7436294555664,0,384,0.30853110551834106,0.9524099826812744,7.530935545219108e-05,6.710356683470309e-05,0.3775177001953125,3.779925100388937e-05,7.731455298198853e-06,7.985360571183264e-05,0.00021228831610642374,0.0,0.0,0.0,0.7053127884864807,0.23589549958705902,0.0033959010615944862,0.0,0.0,"-1,-0.4198408,-0.1791116,0,0.1791116,0.4198408,1",
0,4096,transformer.h.1.mlp.w2.weight,transformer.h.1.mlp.w2.weight,"(1024, 384)",8,lloyd_per_tensor_oracle,0.30393967032432556,0.9533724188804626,0.19358336925506592,0.9811831116676331,0.8972741365432739,0.4552810490131378,1.0084930658340454,,,0.0014476258074864745,0.002968920161947608,90.7436294555664,0,384,0.30393967032432556,0.9533724188804626,7.278502016561106e-05,6.356398807838559e-05,0.34633126854896545,3.779925100388937e-05,7.731455298198853e-06,7.550632290076464e-05,0.00023248442448675632,0.0,0.0,0.0,0.6883175373077393,0.23070178925991058,0.0031258363742381334,0.0,0.0,"-1,-0.4006433,-0.1625702,0,0.1625702,0.4006433,1",
0,4096,transformer.h.1.mlp.c_proj.weight,transformer.h.1.mlp.c_proj.weight,"(384, 1024)",4,lloyd_global,0.3403357267379761,0.9431797862052917,0.2487611472606659,0.9693543910980225,0.8434674143791199,0.5645115971565247,1.0169594287872314,0.8336448669433594,0.5768192410469055,0.005598508287221193,0.011508205905556679,78.93107604980469,0,384,0.3403357267379761,0.9431797862052917,0.00027091754600405693,0.00025509600527584553,0.45279693603515625,0.00014233430556487292,2.8803788154618815e-05,0.00030711613362655044,0.0008293055579997599,0.0,0.0,0.0,0.6909646391868591,0.26863953471183777,0.003252851776778698,0.0,0.0,"-1,-0.4151953,-0.1762106,0,0.1762106,0.4151953,1",
0,4096,transformer.h.1.mlp.c_proj.weight,transformer.h.1.mlp.c_proj.weight,"(384, 1024)",4,lloyd_per_tensor_oracle,0.3176473081111908,0.9488171339035034,0.23218193650245667,0.9728314280509949,0.8603491187095642,0.5318164825439453,1.0120606422424316,,,0.005598508287221193,0.011508205905556679,78.93107604980469,0,384,0.3176473081111908,0.9488171339035034,0.00023830996360629797,0.0002123264130204916,0.3623301088809967,0.00014233430556487292,2.8803788154618815e-05,0.00025496387388557196,0.0011035922216251493,0.0,0.0,0.0,0.6313652396202087,0.2650116980075836,0.003853011876344681,0.0,0.0,"-1,-0.3447332,-0.1363421,0,0.1363421,0.3447332,1",
0,4096,transformer.h.1.mlp.c_proj.weight,transformer.h.1.mlp.c_proj.weight,"(384, 1024)",8,lloyd_global,0.3273885250091553,0.9471702575683594,0.22249868512153625,0.9754061698913574,0.8671466708183289,0.5185819268226624,1.0115678310394287,0.8579870462417603,0.5329486727714539,0.004857175052165985,0.009382663294672966,78.93107604980469,0,384,0.3273885250091553,0.9471702575683594,0.00024212854623328894,0.0002281189663335681,0.4277597963809967,0.0001233891525771469,2.4817321900627576e-05,0.0002697291492950171,0.0007120703812688589,0.0,0.0,0.0,0.6869313716888428,0.27064818143844604,0.00335718784481287,0.0,0.0,"-1,-0.4198408,-0.1791116,0,0.1791116,0.4198408,1",
0,4096,transformer.h.1.mlp.c_proj.weight,transformer.h.1.mlp.c_proj.weight,"(384, 1024)",8,lloyd_per_tensor_oracle,0.3108077943325043,0.9510548114776611,0.21122866868972778,0.9775543808937073,0.8786389827728271,0.4948104918003082,1.0083808898925781,,,0.004857175052165985,0.009382663294672966,78.93107604980469,0,384,0.3108077943325043,0.9510548114776611,0.00021812236809637398,0.0001956431078724563,0.352996826171875,0.0001233891525771469,2.4817321900627576e-05,0.0002306509850313887,0.0009281464735977352,0.0,0.0,0.0,0.6396182179450989,0.2635621130466461,0.003628435777500272,0.0,0.0,"-1,-0.3577289,-0.1439272,0,0.1439272,0.3577289,1",
0,4096,transformer.h.2.attn.c_attn.weight,transformer.h.2.attn.c_attn.weight,"(1152, 384)",4,lloyd_global,0.2740894556045532,0.961961567401886,0.11313332617282867,0.9935992360115051,0.7203500270843506,0.7753922343254089,1.0669429302215576,0.7077784538269043,0.764492928981781,0.0009943486656993628,0.006330857053399086,1785.5726318359375,219,384,0.2740894556045532,0.961961567401886,5.52091260033194e-05,1.064759271685034e-05,0.3123033344745636,2.28160060942173e-05,4.600791726261377e-06,5.568638880504295e-05,0.00017476426728535444,0.0017926912987604737,0.6521174311637878,0.6539101004600525,0.3617709279060364,0.49768081307411194,0.09629829972982407,9.370305633638054e-06,0.003408584278076887,"-1,-0.4151953,-0.1762106,0,0.1762106,0.4151953,1",
0,4096,transformer.h.2.attn.c_attn.weight,transformer.h.2.attn.c_attn.weight,"(1152, 384)",4,lloyd_per_tensor_oracle,0.27393656969070435,0.9620367288589478,0.11307009309530258,0.9936074614524841,0.7209739089012146,0.7745437622070312,1.0669602155685425,,,0.0009943486656993628,0.006330857053399086,1785.5726318359375,219,384,0.27393656969070435,0.9620367288589478,5.52861783944536e-05,1.0681415005819872e-05,0.31596770882606506,2.28160060942173e-05,4.600791726261377e-06,5.583644815487787e-05,0.00017393124289810658,0.001732934731990099,0.652938961982727,0.654671847820282,0.36133140325546265,0.497946560382843,0.09729446470737457,9.041694283951074e-06,0.003406749339774251,"-1,-0.4161374,-0.178435,0,0.178435,0.4161374,1",
0,4096,transformer.h.2.attn.c_attn.weight,transformer.h.2.attn.c_attn.weight,"(1152, 384)",8,lloyd_global,0.2714703381061554,0.9626995921134949,0.09898606687784195,0.9951025247573853,0.7629386782646179,0.7120038866996765,1.0612891912460327,0.7447482943534851,0.7144995331764221,0.0008611530647613108,0.005589211825281382,1785.5726318359375,219,384,0.2714703381061554,0.9626995921134949,4.8363574023824185e-05,9.899260476231575e-06,0.31217220425605774,1.967349999176804e-05,3.972374088334618e-06,4.831613478017971e-05,0.00015468175115529448,0.001629455597139895,0.6505975723266602,0.6522270441055298,0.36205005645751953,0.4971436858177185,0.09595444798469543,6.510776529466966e-06,0.002599577186629176,"-1,-0.4198408,-0.1791116,0,0.1791116,0.4198408,1",
0,4096,transformer.h.2.attn.c_attn.weight,transformer.h.2.attn.c_attn.weight,"(1152, 384)",8,lloyd_per_tensor_oracle,0.2712978720664978,0.9627614617347717,0.09892146289348602,0.9951093196868896,0.7629142999649048,0.7120471596717834,1.0613033771514893,,,0.0008611530647613108,0.005589211825281382,1785.5726318359375,219,384,0.2712978720664978,0.9627614617347717,4.842367707169615e-05,9.947340004146099e-06,0.3153076171875,1.967349999176804e-05,3.972374088334618e-06,4.8448186134919524e-05,0.00015382598212454468,0.0016279862029477954,0.6522455215454102,0.6538735032081604,0.36235421895980835,0.49806591868400574,0.0960908755660057,6.497566573671065e-06,0.0026032214518636465,"-1,-0.4209173,-0.1811031,0,0.1811031,0.4209173,1",
0,4096,transformer.h.2.attn.c_proj.weight,transformer.h.2.attn.c_proj.weight,"(384, 384)",4,lloyd_global,0.35063251852989197,0.939384400844574,0.1465069055557251,0.9893015623092651,0.5866374969482422,0.9502946734428406,1.0838333368301392,0.5419057607650757,0.9571770429611206,0.006783442571759224,0.009356232360005379,161836.953125,173,384,0.35063251852989197,0.939384400844574,0.00032798468600958586,0.000309888826450333,0.5217353105545044,0.0001682978036114946,3.423292946536094e-05,0.00038022591616027057,0.0011119716800749302,0.0010953637538477778,0.6462976336479187,0.6473929286003113,0.3431425392627716,0.4659336507320404,0.16907483339309692,2.584556204965338e-05,0.015249660238623619,"-1,-0.4151953,-0.1762106,0,0.1762106,0.4151953,1",
0,4096,transformer.h.2.attn.c_proj.weight,transformer.h.2.attn.c_proj.weight,"(384, 384)",4,lloyd_per_tensor_oracle,0.32954517006874084,0.9448865056037903,0.1377118080854416,0.9904969930648804,0.6161224842071533,0.9177536368370056,1.0871624946594238,,,0.006783442571759224,0.009356232360005379,161836.953125,173,384,0.32954517006874084,0.9448865056037903,0.0002879153180401772,0.0002512565115466714,0.4088813066482544,0.0001682978036114946,3.423292946536094e-05,0.0003141499182675034,0.0012791359331458807,0.0017513064667582512,0.5998998284339905,0.601651132106781,0.32999786734580994,0.44880667328834534,0.17176453769207,3.650182770797983e-05,0.01250348798930645,"-1,-0.3811152,-0.1316311,0,0.1316311,0.3811152,1",
0,4096,transformer.h.2.attn.c_proj.weight,transformer.h.2.attn.c_proj.weight,"(384, 384)",8,lloyd_global,0.34901559352874756,0.9404053688049316,0.13018515706062317,0.9915561676025391,0.6145155429840088,0.9176244735717773,1.0832011699676514,0.5670149326324463,0.930575430393219,0.005962173920124769,0.009659209288656712,161836.953125,173,384,0.34901559352874756,0.9404053688049316,0.0002923829306382686,0.0002765972167253494,0.5108506679534912,0.0001486460241721943,3.0349421649589203e-05,0.00033726010587997735,0.0009529827511869371,0.0014682714827358723,0.6488311886787415,0.6502994894981384,0.34789347648620605,0.4674292504787445,0.16732372343540192,2.735254201979842e-05,0.012087125331163406,"-1,-0.4198408,-0.1791116,0,0.1791116,0.4198408,1",
0,4096,transformer.h.2.attn.c_proj.weight,transformer.h.2.attn.c_proj.weight,"(384, 384)",8,lloyd_per_tensor_oracle,0.32679012417793274,0.9459807872772217,0.12190287560224533,0.9925611615180969,0.6549747586250305,0.868514895439148,1.0831230878829956,,,0.005962173920124769,0.009659209288656712,161836.953125,173,384,0.32679012417793274,0.9459807872772217,0.0002559797139838338,0.00022419460583478212,0.3985527753829956,0.0001486460241721943,3.0349421649589203e-05,0.0002773649466689676,0.001136699807830155,0.0014228865038603544,0.6040439605712891,0.6054668426513672,0.3294695019721985,0.4581250846385956,0.16925747692584991,2.323853550478816e-05,0.009865226224064827,"-1,-0.3759171,-0.133525,0,0.133525,0.3759171,1",
0,4096,transformer.h.2.mlp.w1.weight,transformer.h.2.mlp.w1.weight,"(1024, 384)",4,lloyd_global,0.29359447956085205,0.9566197991371155,0.23492805659770966,0.9722800850868225,0.8775814175605774,0.4986141324043274,1.0145256519317627,0.8707006573677063,0.508537769317627,0.001546998042613268,0.003272786270827055,70.32318878173828,0,384,0.29359447956085205,0.9566197991371155,8.184546459233388e-05,7.373673724941909e-05,0.33742523193359375,3.976685547968373e-05,8.011457794054877e-06,8.462422556476668e-05,0.00023918773513287306,0.0,0.0,0.0,0.6761593222618103,0.25172626972198486,0.0011915797367691994,0.0,0.0,"-1,-0.4151953,-0.1762106,0,0.1762106,0.4151953,1",
0,4096,transformer.h.2.mlp.w1.weight,transformer.h.2.mlp.w1.weight,"(1024, 384)",4,lloyd_per_tensor_oracle,0.29277944564819336,0.956720769405365,0.2342754453420639,0.9723821878433228,0.878072202205658,0.49750030040740967,1.014113426208496,,,0.001546998042613268,0.003272786270827055,70.32318878173828,0,384,0.29277944564819336,0.956720769405365,8.098895341390744e-05,7.233957876451313e-05,0.3287099301815033,3.976685547968373e-05,8.011457794054877e-06,8.295490988530219e-05,0.00024973758263513446,0.0,0.0,0.0,0.6686421632766724,0.24979911744594574,0.0013570605078712106,0.0,0.0,"-1,-0.4062048,-0.1711351,0,0.1711351,0.4062048,1",
0,4096,transformer.h.2.mlp.w1.weight,transformer.h.2.mlp.w1.weight,"(1024, 384)",8,lloyd_global,0.2921161353588104,0.9570522308349609,0.21836067736148834,0.9760707020759583,0.8903723955154419,0.47132596373558044,1.0124404430389404,0.8836084008216858,0.4824870824813843,0.0014277625596150756,0.002982208039611578,70.32318878173828,0,384,0.2921161353588104,0.9570522308349609,7.639715477125719e-05,6.913876859471202e-05,0.3367207944393158,3.6639292375184596e-05,7.345653102674987e-06,7.893163274275139e-05,0.00021531226229853928,0.0,0.0,0.0,0.6796665191650391,0.25031721591949463,0.001369066652841866,0.0,0.0,"-1,-0.4198408,-0.1791116,0,0.1791116,0.4198408,1",
0,4096,transformer.h.2.mlp.w1.weight,transformer.h.2.mlp.w1.weight,"(1024, 384)",8,lloyd_per_tensor_oracle,0.2911006212234497,0.9572170376777649,0.21760070323944092,0.9761918783187866,0.8909555077552795,0.47008228302001953,1.0124821662902832,,,0.0014277625596150756,0.002982208039611578,70.32318878173828,0,384,0.2911006212234497,0.9572170376777649,7.546559209004045e-05,6.767692684661597e-05,0.32584890723228455,3.6639292375184596e-05,7.345653102674987e-06,7.711577927693725e-05,0.00022632378386333585,0.0,0.0,0.0,0.6742528676986694,0.24483466148376465,0.0014405961846932769,0.0,0.0,"-1,-0.4097857,-0.1728382,0,0.1728382,0.4097857,1",
0,4096,transformer.h.2.mlp.w2.weight,transformer.h.2.mlp.w2.weight,"(1024, 384)",4,lloyd_global,0.2980082631111145,0.9553882479667664,0.2388986200094223,0.9713739156723022,0.8709284663200378,0.5118060111999512,1.013933539390564,0.8633619546890259,0.5227665901184082,0.0015531009994447231,0.0029526124708354473,73.11068725585938,0,384,0.2980082631111145,0.9553882479667664,8.153555245371535e-05,7.324572652578354e-05,0.347259521484375,3.98525116906967e-05,8.060738764470443e-06,8.502137643517926e-05,0.00023890032025519758,0.0,0.0,0.0,0.6752018928527832,0.2597435712814331,0.0013482432113960385,0.0,0.0,"-1,-0.4151953,-0.1762106,0,0.1762106,0.4151953,1",
0,4096,transformer.h.2.mlp.w2.weight,transformer.h.2.mlp.w2.weight,"(1024, 384)",4,lloyd_per_tensor_oracle,0.29626208543777466,0.9556712508201599,0.23749476671218872,0.971615731716156,0.87196284532547,0.5096848011016846,1.013695240020752,,,0.0015531009994447231,0.0029526124708354473,73.11068725585938,0,384,0.29626208543777466,0.9556712508201599,8.002993854461238e-05,7.088163692969829e-05,0.33148446679115295,3.98525116906967e-05,8.060738764470443e-06,8.222302858484909e-05,0.00025563876261003315,0.0,0.0,0.0,0.6629601716995239,0.2563362419605255,0.0012191134737804532,0.0,0.0,"-1,-0.4008056,-0.1673344,0,0.1673344,0.4008056,1",
0,4096,transformer.h.2.mlp.w2.weight,transformer.h.2.mlp.w2.weight,"(1024, 384)",8,lloyd_global,0.29506611824035645,0.9562596082687378,0.21994493901729584,0.9757479429244995,0.8860232830047607,0.48067405819892883,1.0128064155578613,0.8788531422615051,0.49224406480789185,0.0014171524671837687,0.002723217010498047,73.11068725585938,0,384,0.29506611824035645,0.9562596082687378,7.53053609514609e-05,6.792152998968959e-05,0.3451029360294342,3.62966165994294e-05,7.365086275967769e-06,7.835686847101897e-05,0.0002128704363713041,0.0,0.0,0.0,0.6781456470489502,0.25676482915878296,0.001405830029398203,0.0,0.0,"-1,-0.4198408,-0.1791116,0,0.1791116,0.4198408,1",
0,4096,transformer.h.2.mlp.w2.weight,transformer.h.2.mlp.w2.weight,"(1024, 384)",8,lloyd_per_tensor_oracle,0.293384850025177,0.9565297365188599,0.21869303286075592,0.9759499430656433,0.8871407508850098,0.47826218605041504,1.012608528137207,,,0.0014171524671837687,0.002723217010498047,73.11068725585938,0,384,0.293384850025177,0.9565297365188599,7.394580461550504e-05,6.582446803804487e-05,0.3289591372013092,3.62966165994294e-05,7.365086275967769e-06,7.580374949611723e-05,0.000227607466513291,0.0,0.0,0.0,0.6647531390190125,0.2531610131263733,0.001641883049160242,0.0,0.0,"-1,-0.4060793,-0.1700858,0,0.1700858,0.4060793,1",
0,4096,transformer.h.2.mlp.c_proj.weight,transformer.h.2.mlp.c_proj.weight,"(384, 1024)",4,lloyd_global,0.30845046043395996,0.952641487121582,0.27163591980934143,0.9632270336151123,0.8834987878799438,0.48595163226127625,1.0127553939819336,0.88310706615448,0.48352470993995667,0.0043717618100345135,0.006670959759503603,36.69618225097656,0,384,0.30845046043395996,0.952641487121582,0.0002214493724750355,0.0002072654024232179,0.37688446044921875,0.00011083466961281374,2.2454010832007043e-05,0.00023928552400320768,0.0006593282450921834,0.0,0.0,0.0,0.7310295104980469,0.2189217358827591,0.0001504988904343918,0.0,0.0,"-1,-0.4151953,-0.1762106,0,0.1762106,0.4151953,1",
0,4096,transformer.h.2.mlp.c_proj.weight,transformer.h.2.mlp.c_proj.weight,"(384, 1024)",4,lloyd_per_tensor_oracle,0.3005630075931549,0.9542628526687622,0.2646888494491577,0.9646317362785339,0.8880290985107422,0.47617170214653015,1.0118134021759033,,,0.0043717618100345135,0.006670959759503603,36.69618225097656,0,384,0.3005630075931549,0.9542628526687622,0.00020840410434175283,0.0001887345570139587,0.3338724672794342,0.00011083466961281374,2.2454010832007043e-05,0.00021731080778408796,0.0007983557879924774,0.0,0.0,0.0,0.6962287425994873,0.21058613061904907,0.00013882681378163397,0.0,0.0,"-1,-0.3720819,-0.154368,0,0.154368,0.3720819,1",
0,4096,transformer.h.2.mlp.c_proj.weight,transformer.h.2.mlp.c_proj.weight,"(384, 1024)",8,lloyd_global,0.30144965648651123,0.9546772837638855,0.250973105430603,0.9685537815093994,0.8973397612571716,0.4558171033859253,1.0112532377243042,0.8967106938362122,0.4545210897922516,0.0039338963106274605,0.006469796411693096,36.69618225097656,0,384,0.30144965648651123,0.9546772837638855,0.00020444410620257258,0.0001910616410896182,0.362213134765625,9.940521704265848e-05,2.0163030058029108e-05,0.00021827308228239417,0.0005907324375584722,0.0,0.0,0.0,0.7320111989974976,0.21636052429676056,0.00017979348194785416,0.0,0.0,"-1,-0.4198408,-0.1791116,0,0.1791116,0.4198408,1",
0,4096,transformer.h.2.mlp.c_proj.weight,transformer.h.2.mlp.c_proj.weight,"(384, 1024)",8,lloyd_per_tensor_oracle,0.2955479621887207,0.9558134078979492,0.24606578052043915,0.9694823622703552,0.9006344079971313,0.44824618101119995,1.010417103767395,,,0.0039338963106274605,0.006469796411693096,36.69618225097656,0,384,0.2955479621887207,0.9558134078979492,0.00019427759980317205,0.000176466244738549,0.32607269287109375,9.940521704265848e-05,2.0163030058029108e-05,0.00020052633772138506,0.0007052852306514978,0.0,0.0,0.0,0.7026839852333069,0.20943662524223328,0.0001923617091961205,0.0,0.0,"-1,-0.3812403,-0.1600322,0,0.1600322,0.3812403,1",
0,4096,transformer.h.3.attn.c_attn.weight,transformer.h.3.attn.c_attn.weight,"(1152, 384)",4,lloyd_global,0.2753145694732666,0.9615725874900818,0.1328452229499817,0.9911503195762634,0.6675010919570923,0.8388726711273193,1.0538386106491089,0.6827858090400696,0.7965147495269775,0.0008507856400683522,0.005011929199099541,1243.75341796875,219,384,0.2753145694732666,0.9615725874900818,4.7288587666116655e-05,1.0650372132658958e-05,0.31051748991012573,2.0159677660558373e-05,4.074348908034153e-06,4.716989860753529e-05,0.00015289308794308454,0.0014922205591574311,0.6745864152908325,0.6760786175727844,0.39248907566070557,0.48119282722473145,0.07484576851129532,4.627624093700433e-06,0.0020920047536492348,"-1,-0.4151953,-0.1762106,0,0.1762106,0.4151953,1",
0,4096,transformer.h.3.attn.c_attn.weight,transformer.h.3.attn.c_attn.weight,"(1152, 384)",4,lloyd_per_tensor_oracle,0.27513378858566284,0.9616807103157043,0.1327577829360962,0.9911628365516663,0.667235255241394,0.8392263650894165,1.0538824796676636,,,0.0008507856400683522,0.005011929199099541,1243.75341796875,219,384,0.27513378858566284,0.9616807103157043,4.7442346840398386e-05,1.0730776011769194e-05,0.31602874398231506,2.0159677660558373e-05,4.074348908034153e-06,4.751315645989962e-05,0.0001505432155681774,0.0014103017747402191,0.6777803301811218,0.6791906356811523,0.39313095808029175,0.482530802488327,0.07528270035982132,4.361236278782599e-06,0.0020959770772606134,"-1,-0.418252,-0.1795891,0,0.1795891,0.418252,1",
0,4096,transformer.h.3.attn.c_attn.weight,transformer.h.3.attn.c_attn.weight,"(1152, 384)",8,lloyd_global,0.27606484293937683,0.961384654045105,0.11621365696191788,0.9932339191436768,0.6958440542221069,0.8043326139450073,1.0579789876937866,0.7083834409713745,0.7637007236480713,0.000756598892621696,0.004157218150794506,1243.75341796875,219,384,0.27606484293937683,0.961384654045105,4.229050318826921e-05,1.005746889859438e-05,0.31232818961143494,1.7961458070203662e-05,3.586596676541376e-06,4.233631261740811e-05,0.000134447735035792,0.0017770661506801844,0.6855572462081909,0.6873343586921692,0.3944726288318634,0.48179277777671814,0.07332984358072281,4.173570232524071e-06,0.0016100815264508128,"-1,-0.4198408,-0.1791116,0,0.1791116,0.4198408,1",
0,4096,transformer.h.3.attn.c_attn.weight,transformer.h.3.attn.c_attn.weight,"(1152, 384)",8,lloyd_per_tensor_oracle,0.27604803442955017,0.9613834023475647,0.11620697379112244,0.9932342767715454,0.6957340836524963,0.8043847680091858,1.0577723979949951,,,0.000756598892621696,0.004157218150794506,1243.75341796875,219,384,0.27604803442955017,0.9613834023475647,4.221094786771573e-05,1.0047071555163711e-05,0.3128255307674408,1.7961458070203662e-05,3.586596676541376e-06,4.210810220683925e-05,0.000136514674522914,0.001861349563114345,0.6839041113853455,0.6857654452323914,0.394687682390213,0.48157498240470886,0.0722731277346611,4.371539944258984e-06,0.0016062078066170216,"-1,-0.4168843,-0.1794358,0,0.1794358,0.4168843,1",
0,4096,transformer.h.3.attn.c_proj.weight,transformer.h.3.attn.c_proj.weight,"(384, 384)",4,lloyd_global,0.3215457797050476,0.9486417770385742,0.1646803319454193,0.9864704608917236,0.6268305778503418,0.8831000328063965,1.0425000190734863,0.5978535413742065,0.8968255519866943,0.004283277317881584,0.005976814776659012,111615.03125,162,384,0.3215457797050476,0.9486417770385742,0.0002131655055563897,0.00020005920669063926,0.4172770082950592,0.0001077310589607805,2.1650468625011854e-05,0.0002337534970138222,0.0006890289369039237,0.0010738265700638294,0.621472179889679,0.6225460767745972,0.37171778082847595,0.4630832374095917,0.14254385232925415,1.0717899385781493e-05,0.00620293477550149,"-1,-0.4151953,-0.1762106,0,0.1762106,0.4151953,1",
0,4096,transformer.h.3.attn.c_proj.weight,transformer.h.3.attn.c_proj.weight,"(384, 384)",4,lloyd_per_tensor_oracle,0.3120405673980713,0.9507342576980591,0.15981513261795044,0.9871886372566223,0.6440053582191467,0.8628943562507629,1.0431634187698364,,,0.004283277317881584,0.005976814776659012,111615.03125,162,384,0.3120405673980713,0.9507342576980591,0.00019734965462703258,0.00017652439419180155,0.3548787534236908,0.0001077310589607805,2.1650468625011854e-05,0.00020750988915096968,0.0008315677987411618,0.0010272657964378595,0.5919522643089294,0.5929794907569885,0.36351385712623596,0.45604953169822693,0.13775400817394257,9.655946087150369e-06,0.00556414807215333,"-1,-0.3695261,-0.1469555,0,0.1469555,0.3695261,1",
0,4096,transformer.h.3.attn.c_proj.weight,transformer.h.3.attn.c_proj.weight,"(384, 384)",8,lloyd_global,0.3244014382362366,0.9478666186332703,0.14943690598011017,0.9888588786125183,0.6537960171699524,0.849818766117096,1.0406267642974854,0.6247883439064026,0.8662705421447754,0.0038673123344779015,0.005351596046239138,111615.03125,162,384,0.3244014382362366,0.9478666186332703,0.00019436718139331788,0.00018279883079230785,0.4219021201133728,9.771920304046944e-05,1.958275788638275e-05,0.00021401401318144053,0.0005995057290419936,0.0010188862215727568,0.6229583024978638,0.6239772439002991,0.37661322951316833,0.46514514088630676,0.13707180321216583,8.374221579288132e-06,0.005120092071592808,"-1,-0.4198408,-0.1791116,0,0.1791116,0.4198408,1",
0,4096,transformer.h.3.attn.c_proj.weight,transformer.h.3.attn.c_proj.weight,"(384, 384)",8,lloyd_per_tensor_oracle,0.3127425014972687,0.9504342675209045,0.14408059418201447,0.9895955324172974,0.669441282749176,0.8311014175415039,1.0421044826507568,,,0.0038673123344779015,0.005351596046239138,111615.03125,162,384,0.3127425014972687,0.9504342675209045,0.00017832529556471854,0.00016017310554161668,0.3529120683670044,9.771920304046944e-05,1.958275788638275e-05,0.0001874620938906446,0.0007415352156385779,0.0012906846823170781,0.5913917422294617,0.5926824808120728,0.3643757998943329,0.4537574052810669,0.1361202746629715,9.859338206297252e-06,0.004517549183219671,"-1,-0.3698853,-0.1471986,0,0.1471986,0.3698853,1",
0,4096,transformer.h.3.mlp.w1.weight,transformer.h.3.mlp.w1.weight,"(1024, 384)",4,lloyd_global,0.2885077893733978,0.958052396774292,0.25639772415161133,0.9669252038002014,0.8848026394844055,0.48349958658218384,1.0137923955917358,0.882158637046814,0.48548221588134766,0.0014235619455575943,0.0031815622933208942,35.416873931884766,0,384,0.2885077893733978,0.958052396774292,7.657024980289862e-05,6.910820229677483e-05,0.3184712827205658,3.6503908631857485e-05,7.399902642646339e-06,7.794005068717524e-05,0.00022303978039417416,0.0,0.0,0.0,0.6910032629966736,0.2336580455303192,5.944784061284736e-05,0.0,0.0,"-1,-0.4151953,-0.1762106,0,0.1762106,0.4151953,1",
0,4096,transformer.h.3.mlp.w1.weight,transformer.h.3.mlp.w1.weight,"(1024, 384)",4,lloyd_per_tensor_oracle,0.2883594334125519,0.9580321311950684,0.25626492500305176,0.9669346213340759,0.8848114609718323,0.483489990234375,1.013824462890625,,,0.0014235619455575943,0.0031815622933208942,35.416873931884766,0,384,0.2883594334125519,0.9580321311950684,7.635495421709493e-05,6.88487125444226e-05,0.3176523745059967,3.6503908631857485e-05,7.399902642646339e-06,7.743597234366462e-05,0.00022705622541252524,0.0,0.0,0.0,0.6891308426856995,0.23252837359905243,6.225547986105084e-05,0.0,0.0,"-1,-0.4115557,-0.1757696,0,0.1757696,0.4115557,1",
0,4096,transformer.h.3.mlp.w1.weight,transformer.h.3.mlp.w1.weight,"(1024, 384)",8,lloyd_global,0.28559577465057373,0.9589020609855652,0.23787906765937805,0.9715583920478821,0.8975247740745544,0.4560067057609558,1.0136419534683228,0.8948261141777039,0.45865097641944885,0.0013163276016712189,0.0021977578289806843,35.416873931884766,0,384,0.28559577465057373,0.9589020609855652,7.152008765842766e-05,6.517424480989575e-05,0.31825003027915955,3.3476841053925455e-05,6.746942744939588e-06,7.292449299711734e-05,0.00020289927488192916,0.0,0.0,0.0,0.694091260433197,0.2313835620880127,8.238550799433142e-05,0.0,0.0,"-1,-0.4198408,-0.1791116,0,0.1791116,0.4198408,1",
0,4096,transformer.h.3.mlp.w1.weight,transformer.h.3.mlp.w1.weight,"(1024, 384)",8,lloyd_per_tensor_oracle,0.28524914383888245,0.9589207768440247,0.23758946359157562,0.9715886116027832,0.8978143334388733,0.4554232656955719,1.0138815641403198,,,0.0013163276016712189,0.0021977578289806843,35.416873931884766,0,384,0.28524914383888245,0.9589207768440247,7.108226418495178e-05,6.449801730923355e-05,0.31458792090415955,3.3476841053925455e-05,6.746942744939588e-06,7.19626696081832e-05,0.0002097886463161558,0.0,0.0,0.0,0.6880637407302856,0.23056118190288544,7.562275277450681e-05,0.0,0.0,"-1,-0.4132099,-0.1769489,0,0.1769489,0.4132099,1",
0,4096,transformer.h.3.mlp.w2.weight,transformer.h.3.mlp.w2.weight,"(1024, 384)",4,lloyd_global,0.29210615158081055,0.9570015072822571,0.257540762424469,0.9666452407836914,0.8807611465454102,0.4923035502433777,1.0152714252471924,0.8774144053459167,0.49515849351882935,0.0014475699281319976,0.0029812369029968977,39.877315521240234,0,384,0.29210615158081055,0.9570015072822571,7.700635615037754e-05,6.930029485374689e-05,0.33198294043540955,3.7294939829735085e-05,7.4891781878250185e-06,7.916775211924687e-05,0.0002248250530101359,0.0,0.0,0.0,0.6839538812637329,0.2416108250617981,0.0002106968458974734,0.0,0.0,"-1,-0.4151953,-0.1762106,0,0.1762106,0.4151953,1",
0,4096,transformer.h.3.mlp.w2.weight,transformer.h.3.mlp.w2.weight,"(1024, 384)",4,lloyd_per_tensor_oracle,0.29155462980270386,0.9570833444595337,0.25705382227897644,0.9667138457298279,0.8810820579528809,0.49167150259017944,1.0153781175613403,,,0.0014475699281319976,0.0029812369029968977,39.877315521240234,0,384,0.29155462980270386,0.9570833444595337,7.641493721166626e-05,6.84009282849729e-05,0.325347900390625,3.7294939829735085e-05,7.4891781878250185e-06,7.799624290782958e-05,0.00023227087513078004,0.0,0.0,0.0,0.6777692437171936,0.2408997267484665,0.00021156489674467593,0.0,0.0,"-1,-0.4084993,-0.1724772,0,0.1724772,0.4084993,1",
0,4096,transformer.h.3.mlp.w2.weight,transformer.h.3.mlp.w2.weight,"(1024, 384)",8,lloyd_global,0.28989458084106445,0.9576796889305115,0.23967060446739197,0.9711524844169617,0.8930867910385132,0.46575111150741577,1.0135716199874878,0.8891491293907166,0.47086459398269653,0.0013332593953236938,0.0028163492679595947,39.877315521240234,0,384,0.28989458084106445,0.9576796889305115,7.19507152098231e-05,6.517731526400894e-05,0.32910919189453125,3.405563620617613e-05,6.922831744304858e-06,7.38479066058062e-05,0.00020307015802245587,0.0,0.0,0.0,0.6846200823783875,0.2440630942583084,0.0003319561656098813,0.0,0.0,"-1,-0.4198408,-0.1791116,0,0.1791116,0.4198408,1",
0,4096,transformer.h.3.mlp.w2.weight,transformer.h.3.mlp.w2.weight,"(1024, 384)",8,lloyd_per_tensor_oracle,0.28926411271095276,0.957748293876648,0.23915031552314758,0.9712241888046265,0.893420934677124,0.4651116728782654,1.013916015625,,,0.0013332593953236938,0.0028163492679595947,39.877315521240234,0,384,0.28926411271095276,0.957748293876648,7.131945312721655e-05,6.413375376723707e-05,0.32145437598228455,3.405563620617613e-05,6.922831744304858e-06,7.259420090122148e-05,0.00021070944785606116,0.0,0.0,0.0,0.6780685186386108,0.2418844848871231,0.00033103214809671044,0.0,0.0,"-1,-0.4124282,-0.1746655,0,0.1746655,0.4124282,1",
0,4096,transformer.h.3.mlp.c_proj.weight,transformer.h.3.mlp.c_proj.weight,"(384, 1024)",4,lloyd_global,0.29279419779777527,0.9569506645202637,0.2634426951408386,0.9651721119880676,0.901419997215271,0.44588324427604675,1.0080130100250244,0.9028322696685791,0.44084447622299194,0.0036234159488230944,0.005170123651623726,29.08186912536621,0,384,0.29279419779777527,0.9569506645202637,0.0001891422871267423,0.0001757931022439152,0.3371429443359375,9.130996477324516e-05,1.8559754607849754e-05,0.0001987608557101339,0.000553295889403671,0.0,0.0,0.0,0.7525768876075745,0.1823759227991104,0.0,0.0,0.0,"-1,-0.4151953,-0.1762106,0,0.1762106,0.4151953,1",
0,4096,transformer.h.3.mlp.c_proj.weight,transformer.h.3.mlp.c_proj.weight,"(384, 1024)",4,lloyd_per_tensor_oracle,0.2899053990840912,0.9574552178382874,0.26084232330322266,0.9656385183334351,0.9029814004898071,0.4425286650657654,1.0087907314300537,,,0.0036234159488230944,0.005170123651623726,29.08186912536621,0,384,0.2899053990840912,0.9574552178382874,0.00018360702961217612,0.00016774662071838975,0.31907400488853455,9.130996477324516e-05,1.8559754607849754e-05,0.00018855456437449902,0.0006247147102840245,0.0,0.0,0.0,0.7276901602745056,0.18062910437583923,0.0,0.0,0.0,"-1,-0.389623,-0.1658682,0,0.1658682,0.389623,1",
0,4096,transformer.h.3.mlp.c_proj.weight,transformer.h.3.mlp.c_proj.weight,"(384, 1024)",8,lloyd_global,0.28894418478012085,0.9580386281013489,0.24773657321929932,0.9691968560218811,0.9109377264976501,0.4237779676914215,1.0078084468841553,0.9122981429100037,0.41882333159446716,0.0033294260501861572,0.004950942005962133,29.08186912536621,0,384,0.28894418478012085,0.9580386281013489,0.00017789086268749088,0.00016577320639044046,0.3290506899356842,8.394054020754993e-05,1.6704383597243577e-05,0.0001850598637247458,0.0005051004118286073,0.0,0.0,0.0,0.7495192885398865,0.1837509125471115,0.0,0.0,0.0,"-1,-0.4198408,-0.1791116,0,0.1791116,0.4198408,1",
0,4096,transformer.h.3.mlp.c_proj.weight,transformer.h.3.mlp.c_proj.weight,"(384, 1024)",8,lloyd_per_tensor_oracle,0.28711432218551636,0.9582832455635071,0.2461666315793991,0.9694300889968872,0.9119718074798584,0.42129045724868774,1.0077273845672607,,,0.0033294260501861572,0.004950942005962133,29.08186912536621,0,384,0.28711432218551636,0.9582832455635071,0.00017406388360541314,0.00016015066648833454,0.31626638770103455,8.394054020754993e-05,1.6704383597243577e-05,0.00017754502187017351,0.0005588929634541273,0.0,0.0,0.0,0.7298856973648071,0.17942450940608978,0.0,0.0,0.0,"-1,-0.3992779,-0.1716336,0,0.1716336,0.3992779,1",
0,4096,transformer.h.4.attn.c_attn.weight,transformer.h.4.attn.c_attn.weight,"(1152, 384)",4,lloyd_global,0.27481409907341003,0.9617398381233215,0.19261330366134644,0.9813265204429626,0.5932676792144775,0.9164983034133911,1.0313681364059448,0.6095800399780273,0.8836513757705688,0.0005366252735257149,0.0021076190751045942,697.5899658203125,169,384,0.27481409907341003,0.9617398381233215,2.95866029773606e-05,8.342489309143275e-06,0.35045483708381653,1.146902832260821e-05,2.3081718154571718e-06,3.0285738830571063e-05,0.00011427011486375704,0.0009534427081234753,0.5865076780319214,0.5874611735343933,0.40099814534187317,0.4654155373573303,0.07897067070007324,9.313670261690277e-07,0.0005729278782382607,"-1,-0.4151953,-0.1762106,0,0.1762106,0.4151953,1",
0,4096,transformer.h.4.attn.c_attn.weight,transformer.h.4.attn.c_attn.weight,"(1152, 384)",4,lloyd_per_tensor_oracle,0.27596405148506165,0.9613163471221924,0.19342005252838135,0.9811481833457947,0.5945749878883362,0.9154221415519714,1.0321959257125854,,,0.0005366252735257149,0.0021076190751045942,697.5899658203125,169,384,0.27596405148506165,0.9613163471221924,2.928806861746125e-05,8.13855785963824e-06,0.33684399724006653,1.146902832260821e-05,2.3081718154571718e-06,2.9550183171522804e-05,0.00012108447117498145,0.0010002335766330361,0.5773458480834961,0.5783460736274719,0.39581558108329773,0.4592505395412445,0.07847395539283752,9.8900909506483e-07,0.0005708669777959585,"-1,-0.403249,-0.1684711,0,0.1684711,0.403249,1",
0,4096,transformer.h.4.attn.c_attn.weight,transformer.h.4.attn.c_attn.weight,"(1152, 384)",8,lloyd_global,0.2728143334388733,0.9623178243637085,0.1651962697505951,0.9862977862358093,0.6221923828125,0.8856102824211121,1.0362257957458496,0.6411644816398621,0.8471554517745972,0.00046343341819010675,0.0016168439760804176,697.5899658203125,169,384,0.2728143334388733,0.9623178243637085,2.586315167718567e-05,7.83158975536935e-06,0.3492499589920044,9.995937944040634e-06,1.97613803720742e-06,2.6342071578255855e-05,9.637789480620995e-05,0.0007809606031514704,0.5907753109931946,0.5915563106536865,0.39951810240745544,0.4719182848930359,0.0759149119257927,5.564361345022917e-07,0.00042092869989573956,"-1,-0.4198408,-0.1791116,0,0.1791116,0.4198408,1",
0,4096,transformer.h.4.attn.c_attn.weight,transformer.h.4.attn.c_attn.weight,"(1152, 384)",8,lloyd_per_tensor_oracle,0.27420371770858765,0.9618078470230103,0.16603679955005646,0.9861412644386292,0.6215095520019531,0.8861782550811768,1.035731315612793,,,0.00046343341819010675,0.0016168439760804176,697.5899658203125,169,384,0.27420371770858765,0.9618078470230103,2.5590219593141228e-05,7.622019438713323e-06,0.3336859941482544,9.995937944040634e-06,1.97613803720742e-06,2.5643585104262456e-05,0.00010272979852743447,0.0007684180745854974,0.5820265412330627,0.5827950239181519,0.39215102791786194,0.4674811363220215,0.0750913918018341,5.560185059039213e-07,0.00042114773532375693,"-1,-0.4069212,-0.1701116,0,0.1701116,0.4069212,1",
0,4096,transformer.h.4.attn.c_proj.weight,transformer.h.4.attn.c_proj.weight,"(384, 384)",4,lloyd_global,0.27386099100112915,0.9619528651237488,0.19437919557094574,0.9809651970863342,0.6362791061401367,0.8710597157478333,1.0407463312149048,0.6094505190849304,0.8838000297546387,0.0019632475450634956,0.002656391356140375,276478.5,121,384,0.27386099100112915,0.9619528651237488,0.00011089691543020308,0.00010088086128234863,0.2723320722579956,4.934020034852438e-05,9.943363693309948e-06,0.00010842926712939516,0.00031356647377833724,0.000990375760011375,0.5061653852462769,0.5071557760238647,0.3457721769809723,0.45522212982177734,0.15368150174617767,2.7853252504428383e-06,0.0014235356356948614,"-1,-0.4151953,-0.1762106,0,0.1762106,0.4151953,1",
0,4096,transformer.h.4.attn.c_proj.weight,transformer.h.4.attn.c_proj.weight,"(384, 384)",4,lloyd_per_tensor_oracle,0.2732992172241211,0.9622758030891418,0.1939825713634491,0.9810835123062134,0.6350334882736206,0.8727684617042542,1.0412235260009766,,,0.0019632475450634956,0.002656391356140375,276478.5,121,384,0.2732992172241211,0.9622758030891418,0.00011244116467423737,0.00010443903738632798,0.2939724326133728,4.934020034852438e-05,9.943363693309948e-06,0.00011206000635866076,0.0002904241846408695,0.000870817166287452,0.5128979086875916,0.51376873254776,0.3508998155593872,0.46045491099357605,0.15352457761764526,2.4390410544583574e-06,0.0014365576207637787,"-1,-0.4296365,-0.1907754,0,0.1907754,0.4296365,1",
0,4096,transformer.h.4.attn.c_proj.weight,transformer.h.4.attn.c_proj.weight,"(384, 384)",8,lloyd_global,0.27210238575935364,0.9624518752098083,0.17210690677165985,0.9851048588752747,0.6581063270568848,0.845200777053833,1.0421221256256104,0.6315953731536865,0.8583780527114868,0.001721926499158144,0.0022497617173939943,276478.5,121,384,0.27210238575935364,0.9624518752098083,9.837251127464697e-05,8.990312926471233e-05,0.2726711630821228,4.347719004726969e-05,8.61611079017166e-06,9.591149137122557e-05,0.00026920068194158375,0.0006513196276500821,0.5024405717849731,0.5030918717384338,0.34691882133483887,0.4539743959903717,0.15489919483661652,1.4358879525389057e-06,0.0011076717637479305,"-1,-0.4198408,-0.1791116,0,0.1791116,0.4198408,1",
0,4096,transformer.h.4.attn.c_proj.weight,transformer.h.4.attn.c_proj.weight,"(384, 384)",8,lloyd_per_tensor_oracle,0.27169474959373474,0.9627553820610046,0.17184890806674957,0.9851753115653992,0.6594381928443909,0.8433658480644226,1.041696548461914,,,0.001721926499158144,0.0022497617173939943,276478.5,121,384,0.27169474959373474,0.9627553820610046,9.976189176086336e-05,9.294334449805319e-05,0.2925754189491272,4.347719004726969e-05,8.61611079017166e-06,9.930212399922311e-05,0.0002482189447619021,0.0007346214260905981,0.5087093114852905,0.5094439387321472,0.3499038517475128,0.45907852053642273,0.15728549659252167,1.6146831285368535e-06,0.0011181328445672989,"-1,-0.4347301,-0.1926299,0,0.1926299,0.4347301,1",
0,4096,transformer.h.4.mlp.w1.weight,transformer.h.4.mlp.w1.weight,"(1024, 384)",4,lloyd_global,0.29241400957107544,0.9569816589355469,0.2616039514541626,0.9656162858009338,0.8854568004608154,0.48199355602264404,1.0132910013198853,0.8838986158370972,0.4818877875804901,0.0014648957876488566,0.0028556182514876127,31.743558883666992,0,384,0.29241400957107544,0.9569816589355469,7.773930701659992e-05,6.990964175201952e-05,0.33071646094322205,3.774616925511509e-05,7.650586667296011e-06,8.010912279132754e-05,0.00022463031928054988,0.0,0.0,0.0,0.6997228860855103,0.23070664703845978,4.4442790567700285e-06,0.0,0.0,"-1,-0.4151953,-0.1762106,0,0.1762106,0.4151953,1",
0,4096,transformer.h.4.mlp.w1.weight,transformer.h.4.mlp.w1.weight,"(1024, 384)",4,lloyd_per_tensor_oracle,0.29167240858078003,0.9570490121841431,0.2609407901763916,0.9657114148139954,0.885776937007904,0.4814182221889496,1.0136682987213135,,,0.0014648957876488566,0.0028556182514876127,31.743558883666992,0,384,0.29167240858078003,0.9570490121841431,7.701638241996989e-05,6.884424510644749e-05,0.3237711489200592,3.774616925511509e-05,7.650586667296011e-06,7.866540545364842e-05,0.00023414453607983887,0.0,0.0,0.0,0.6924136877059937,0.2287244200706482,1.7668933651293628e-05,0.0,0.0,"-1,-0.4066019,-0.1721577,0,0.1721577,0.4066019,1",
0,4096,transformer.h.4.mlp.w1.weight,transformer.h.4.mlp.w1.weight,"(1024, 384)",8,lloyd_global,0.28987956047058105,0.9577019214630127,0.24289457499980927,0.9703799486160278,0.8980942964553833,0.4543828070163727,1.0122172832489014,0.896240770816803,0.45555612444877625,0.0013509792042896152,0.0025560776703059673,31.743558883666992,0,384,0.28987956047058105,0.9577019214630127,7.260799611685798e-05,6.587826646864414e-05,0.3291219174861908,3.4560845961095765e-05,6.972429673623992e-06,7.486501999665052e-05,0.00020386620599310845,0.0,0.0,0.0,0.7045141458511353,0.22779379785060883,2.370744368818123e-05,0.0,0.0,"-1,-0.4198408,-0.1791116,0,0.1791116,0.4198408,1",
0,4096,transformer.h.4.mlp.w1.weight,transformer.h.4.mlp.w1.weight,"(1024, 384)",8,lloyd_per_tensor_oracle,0.288924902677536,0.9578334093093872,0.24209539592266083,0.9704961180686951,0.8987053036689758,0.45294150710105896,1.0119130611419678,,,0.0013509792042896152,0.0025560776703059673,31.743558883666992,0,384,0.288924902677536,0.9578334093093872,7.17447474016808e-05,6.456917617470026e-05,0.32026419043540955,3.4560845961095765e-05,6.972429673623992e-06,7.311983790714294e-05,0.00021528848446905613,0.0,0.0,0.0,0.6959068775177002,0.22406254708766937,2.555999526521191e-05,0.0,0.0,"-1,-0.4088699,-0.173912,0,0.173912,0.4088699,1",
0,4096,transformer.h.4.mlp.w2.weight,transformer.h.4.mlp.w2.weight,"(1024, 384)",4,lloyd_global,0.29544544219970703,0.9560797214508057,0.2649657726287842,0.9647190570831299,0.8813443183898926,0.4908345341682434,1.0142929553985596,0.8790386915206909,0.49186617136001587,0.0014655903214588761,0.0027431456837803125,32.609474182128906,0,384,0.29544544219970703,0.9560797214508057,7.700997230131179e-05,6.943999323993921e-05,0.34160614013671875,3.7771922507090494e-05,7.584142622363288e-06,8.004748815437779e-05,0.0002235776773886755,0.0,0.0,0.0,0.6961572766304016,0.2329479306936264,1.859806798165664e-05,0.0,0.0,"-1,-0.4151953,-0.1762106,0,0.1762106,0.4151953,1",
0,4096,transformer.h.4.mlp.w2.weight,transformer.h.4.mlp.w2.weight,"(1024, 384)",4,lloyd_per_tensor_oracle,0.29406121373176575,0.9563000798225403,0.2637244164943695,0.9649295210838318,0.8822283744812012,0.48890459537506104,1.0139209032058716,,,0.0014655903214588761,0.0027431456837803125,32.609474182128906,0,384,0.29406121373176575,0.9563000798225403,7.581451063742861e-05,6.75985065754503e-05,0.32874298095703125,3.7771922507090494e-05,7.584142622363288e-06,7.777610153425485e-05,0.00023772226995788515,0.0,0.0,0.0,0.6838284134864807,0.2314673215150833,1.5959140000632033e-05,0.0,0.0,"-1,-0.4024625,-0.1689409,0,0.1689409,0.4024625,1",
0,4096,transformer.h.4.mlp.w2.weight,transformer.h.4.mlp.w2.weight,"(1024, 384)",8,lloyd_global,0.29271936416625977,0.9569147825241089,0.2450570911169052,0.9698518514633179,0.8948768973350525,0.4617558419704437,1.0132349729537964,0.8925848007202148,0.4635111689567566,0.001339565496891737,0.00240246276371181,32.609474182128906,0,384,0.29271936416625977,0.9569147825241089,7.148461736505851e-05,6.481233867816627e-05,0.3370564877986908,3.4429725928930566e-05,6.922611646587029e-06,7.4064897489734e-05,0.00020289310486987233,0.0,0.0,0.0,0.6952182054519653,0.23694735765457153,2.0232124370522797e-05,0.0,0.0,"-1,-0.4198408,-0.1791116,0,0.1791116,0.4198408,1",
0,4096,transformer.h.4.mlp.w2.weight,transformer.h.4.mlp.w2.weight,"(1024, 384)",8,lloyd_per_tensor_oracle,0.2912781238555908,0.957148015499115,0.24384859204292297,0.9700555801391602,0.8955194354057312,0.4602694511413574,1.0129461288452148,,,0.001339565496891737,0.00240246276371181,32.609474182128906,0,384,0.2912781238555908,0.957148015499115,7.027902756817639e-05,6.301099347183481e-05,0.32369741797447205,3.4429725928930566e-05,6.922611646587029e-06,7.17135044396855e-05,0.0002180438896175474,0.0,0.0,0.0,0.6866330504417419,0.23080450296401978,2.121095167240128e-05,0.0,0.0,"-1,-0.4051643,-0.1715097,0,0.1715097,0.4051643,1",
0,4096,transformer.h.4.mlp.c_proj.weight,transformer.h.4.mlp.c_proj.weight,"(384, 1024)",4,lloyd_global,0.3111143112182617,0.9519079923629761,0.2591744065284729,0.9665511846542358,0.8861179351806641,0.4803164601325989,1.01220703125,0.8851733803749084,0.4792366325855255,0.004056280944496393,0.006318367086350918,49.14216232299805,0,384,0.3111143112182617,0.9519079923629761,0.00020383794617373496,0.000190890918020159,0.37997689843177795,0.00010290826321579516,2.080213926092256e-05,0.00022137681662570685,0.0006004272727295756,0.0,0.0,0.0,0.7463481426239014,0.20498034358024597,0.0007415555883198977,0.0,0.0,"-1,-0.4151953,-0.1762106,0,0.1762106,0.4151953,1",
0,4096,transformer.h.4.mlp.c_proj.weight,transformer.h.4.mlp.c_proj.weight,"(384, 1024)",4,lloyd_per_tensor_oracle,0.30150750279426575,0.9539824724197388,0.25117188692092896,0.9681802988052368,0.8917236328125,0.4680158197879791,1.0108882188796997,,,0.004056280944496393,0.006318367086350918,49.14216232299805,0,384,0.30150750279426575,0.9539824724197388,0.0001905910758068785,0.00017272995319217443,0.3346048891544342,0.00010290826321579516,2.080213926092256e-05,0.00019942507788073272,0.0007409338722936809,0.0,0.0,0.0,0.7035796642303467,0.20069529116153717,0.0005615632981061935,0.0,0.0,"-1,-0.3674633,-0.1531017,0,0.1531017,0.3674633,1",
0,4096,transformer.h.4.mlp.c_proj.weight,transformer.h.4.mlp.c_proj.weight,"(384, 1024)",8,lloyd_global,0.3038537800312042,0.9539903402328491,0.2383710891008377,0.9716423749923706,0.9007278084754944,0.4480527639389038,1.0104966163635254,0.8995422720909119,0.4482507109642029,0.003626649035140872,0.005897406954318285,49.14216232299805,0,384,0.3038537800312042,0.9539903402328491,0.00018739585357252508,0.00017545151058584452,0.3640696108341217,9.220542415278032e-05,1.8678661945159547e-05,0.00020094550563953817,0.0005353707238100469,0.0,0.0,0.0,0.7451260685920715,0.20341889560222626,0.0006942739128135145,0.0,0.0,"-1,-0.4198408,-0.1791116,0,0.1791116,0.4198408,1",
0,4096,transformer.h.4.mlp.c_proj.weight,transformer.h.4.mlp.c_proj.weight,"(384, 1024)",8,lloyd_per_tensor_oracle,0.2967725098133087,0.9554612040519714,0.2328168898820877,0.9727002382278442,0.9047170281410217,0.4389112889766693,1.0102866888046265,,,0.003626649035140872,0.005897406954318285,49.14216232299805,0,384,0.2967725098133087,0.9554612040519714,0.0001773060066625476,0.00016132579185068607,0.32668304443359375,9.220542415278032e-05,1.8678661945159547e-05,0.0001836326700868085,0.000647657725494355,0.0,0.0,0.0,0.7110618352890015,0.19663016498088837,0.0007279315614141524,0.0,0.0,"-1,-0.3784917,-0.159357,0,0.159357,0.3784917,1",
0,4096,transformer.h.5.attn.c_attn.weight,transformer.h.5.attn.c_attn.weight,"(1152, 384)",4,lloyd_global,0.27906402945518494,0.9605731964111328,0.20425063371658325,0.9790006279945374,0.555290699005127,0.9770044684410095,1.0680134296417236,0.5426062345504761,0.9564469456672668,0.0004325572226662189,0.0017547948518767953,1055.389404296875,171,384,0.27906402945518494,0.9605731964111328,2.3700957171968184e-05,2.7948972274316475e-06,0.3470187783241272,9.270011105400044e-06,1.810594540074817e-06,2.4365181161556393e-05,9.9687218607869e-05,0.0007018910837359726,0.5917459726333618,0.5924479365348816,0.35761207342147827,0.4753405749797821,0.1190827339887619,5.844361794515862e-07,0.000492722843773663,"-1,-0.4151953,-0.1762106,0,0.1762106,0.4151953,1",
0,4096,transformer.h.5.attn.c_attn.weight,transformer.h.5.attn.c_attn.weight,"(1152, 384)",4,lloyd_per_tensor_oracle,0.28045889735221863,0.9599568247795105,0.20526999235153198,0.978728175163269,0.5556737184524536,0.9773290753364563,1.0694284439086914,,,0.0004325572226662189,0.0017547948518767953,1055.389404296875,171,384,0.28045889735221863,0.9599568247795105,2.317543840035796e-05,2.665319698280655e-06,0.3250190019607544,9.270011105400044e-06,1.810594540074817e-06,2.3113936549634673e-05,0.00011328913387842476,0.0007750130025669932,0.5770493149757385,0.5778242945671082,0.3470483422279358,0.46655648946762085,0.11636742204427719,6.535559577969252e-07,0.0004866163362748921,"-1,-0.388059,-0.1641309,0,0.1641309,0.388059,1",
0,4096,transformer.h.5.attn.c_attn.weight,transformer.h.5.attn.c_attn.weight,"(1152, 384)",8,lloyd_global,0.2728387117385864,0.9622963666915894,0.1692262887954712,0.9856149554252625,0.5909635424613953,0.9404997825622559,1.0744677782058716,0.5812577605247498,0.9151450395584106,0.00034877657890319824,0.001324240118265152,1055.389404296875,171,384,0.2728387117385864,0.9622963666915894,1.96687087736791e-05,2.6143770810449496e-06,0.3340182900428772,7.378846930805594e-06,1.4873604641252314e-06,1.9662797058117576e-05,8.11598074506037e-05,0.0010081883519887924,0.5942094326019287,0.5952176451683044,0.35817280411720276,0.4717259407043457,0.12022000551223755,5.771465794168762e-07,0.0003401605936232954,"-1,-0.4198408,-0.1791116,0,0.1791116,0.4198408,1",
0,4096,transformer.h.5.attn.c_attn.weight,transformer.h.5.attn.c_attn.weight,"(1152, 384)",8,lloyd_per_tensor_oracle,0.2744057774543762,0.9617243409156799,0.170195534825325,0.9854310154914856,0.5892003178596497,0.9418598413467407,1.073199987411499,,,0.00034877657890319824,0.001324240118265152,1055.389404296875,171,384,0.2744057774543762,0.9617243409156799,1.9433955458225682e-05,2.536536612751661e-06,0.3205159604549408,7.378846930805594e-06,1.4873604641252314e-06,1.8996473954757676e-05,8.83955362951383e-05,0.0010484344093129039,0.5838193893432617,0.5848678350448608,0.3511877954006195,0.46800416707992554,0.11875881999731064,6.090925239732314e-07,0.00033917243126779795,"-1,-0.4022757,-0.1711904,0,0.1711904,0.4022757,1",
0,4096,transformer.h.5.attn.c_proj.weight,transformer.h.5.attn.c_proj.weight,"(384, 384)",4,lloyd_global,0.27155187726020813,0.9625372290611267,0.1872057020664215,0.9823472499847412,0.6102641224861145,0.9106928110122681,1.0594632625579834,0.5734351873397827,0.9236528873443604,0.0017564857844263315,0.002447657287120819,48229.3984375,122,384,0.27155187726020813,0.9625372290611267,0.00010213227506028488,9.181600762531161e-05,0.2614067792892456,4.453897781786509e-05,8.845256161293946e-06,9.725611744215712e-05,0.00028366598417051136,0.0007265307358466089,0.5047748684883118,0.505501389503479,0.32268214225769043,0.4450565278530121,0.18200398981571198,1.7615643628232647e-06,0.0012238896451890469,"-1,-0.4151953,-0.1762106,0,0.1762106,0.4151953,1",
0,4096,transformer.h.5.attn.c_proj.weight,transformer.h.5.attn.c_proj.weight,"(384, 384)",4,lloyd_per_tensor_oracle,0.2694654166698456,0.9633970856666565,0.185768261551857,0.9826799035072327,0.6087659597396851,0.9126966595649719,1.05999755859375,,,0.0017564857844263315,0.002447657287120819,48229.3984375,122,384,0.2694654166698456,0.9633970856666565,0.00010434637079015374,9.742999100126326e-05,0.2930704653263092,4.453897781786509e-05,8.845256161293946e-06,0.00010390650277258828,0.00024001773272175342,0.0007432776037603617,0.5144661068916321,0.5152093768119812,0.3318089544773102,0.4523215889930725,0.18457864224910736,1.7745784361977712e-06,0.0012282900279387832,"-1,-0.4457636,-0.1988104,0,0.1988104,0.4457636,1",
0,4096,transformer.h.5.attn.c_proj.weight,transformer.h.5.attn.c_proj.weight,"(384, 384)",8,lloyd_global,0.27203163504600525,0.9624772071838379,0.1639612913131714,0.9864919781684875,0.6385855078697205,0.878612220287323,1.0625550746917725,0.5992708206176758,0.8952443599700928,0.0015623231884092093,0.0023845869582146406,48229.3984375,122,384,0.27203163504600525,0.9624772071838379,9.002481965580955e-05,8.180085569620132e-05,0.2689141035079956,3.9414255297742784e-05,7.862066922825761e-06,8.70304720592685e-05,0.0002482681884430349,0.0009684237302280962,0.5076777338981628,0.5086461305618286,0.3272434175014496,0.4469028413295746,0.18163880705833435,1.800909330995637e-06,0.0009440925205126405,"-1,-0.4198408,-0.1791116,0,0.1791116,0.4198408,1",
0,4096,transformer.h.5.attn.c_proj.weight,transformer.h.5.attn.c_proj.weight,"(384, 384)",8,lloyd_per_tensor_oracle,0.2713460922241211,0.9628719091415405,0.16354799270629883,0.98658686876297,0.6408332586288452,0.8754016160964966,1.0615392923355103,,,0.0015623231884092093,0.0023845869582146406,48229.3984375,122,384,0.2713460922241211,0.9628719091415405,9.148098615696654e-05,8.499287650920451e-05,0.2903645932674408,3.9414255297742784e-05,7.862066922825761e-06,9.072767716133967e-05,0.0002253329730592668,0.0009963198099285364,0.5128271579742432,0.5138234496116638,0.33178067207336426,0.4506261348724365,0.1855061650276184,1.843460609052272e-06,0.0009488686919212341,"-1,-0.4378756,-0.1943913,0,0.1943913,0.4378756,1",
0,4096,transformer.h.5.mlp.w1.weight,transformer.h.5.mlp.w1.weight,"(1024, 384)",4,lloyd_global,0.3250426650047302,0.9474722743034363,0.2537674605846405,0.9679571390151978,0.8553667068481445,0.5425119996070862,1.0164858102798462,0.8472911715507507,0.5526557564735413,0.0018196498276665807,0.00525882001966238,74.65288543701172,0,384,0.3250426650047302,0.9474722743034363,9.059419244294986e-05,8.000027446541935e-05,0.39425405859947205,4.943854219163768e-05,1.0183600352320354e-05,9.79790129349567e-05,0.00025360245490446687,0.0,0.0,0.0,0.6697498559951782,0.27656829357147217,0.0025186839047819376,0.0,0.0,"-1,-0.4151953,-0.1762106,0,0.1762106,0.4151953,1",
0,4096,transformer.h.5.mlp.w1.weight,transformer.h.5.mlp.w1.weight,"(1024, 384)",4,lloyd_per_tensor_oracle,0.3147751986980438,0.9499762654304504,0.2457483857870102,0.9696308970451355,0.8621783256530762,0.5289673209190369,1.0143229961395264,,,0.0018196498276665807,0.00525882001966238,74.65288543701172,0,384,0.3147751986980438,0.9499762654304504,8.548406913178042e-05,7.33913475414738e-05,0.3515370786190033,4.943854219163768e-05,1.0183600352320354e-05,8.937173697631806e-05,0.0003008120693266392,0.0,0.0,0.0,0.6457934379577637,0.26640331745147705,0.0026416138280183077,0.0,0.0,"-1,-0.3774259,-0.1545256,0,0.1545256,0.3774259,1",
0,4096,transformer.h.5.mlp.w1.weight,transformer.h.5.mlp.w1.weight,"(1024, 384)",8,lloyd_global,0.3098360300064087,0.9521417021751404,0.2220613807439804,0.9754143357276917,0.8810106515884399,0.4909491240978241,1.012158989906311,0.8731274604797363,0.5037407875061035,0.0015385266160592437,0.0037344074808061123,74.65288543701172,0,384,0.3098360300064087,0.9521417021751404,7.980029477039352e-05,7.145437848521397e-05,0.36593374609947205,4.086420085513964e-05,8.343501576746348e-06,8.45432878122665e-05,0.00022113836894277483,0.0,0.0,0.0,0.6774058938026428,0.2692899703979492,0.0023146672174334526,0.0,0.0,"-1,-0.4198408,-0.1791116,0,0.1791116,0.4198408,1",
0,4096,transformer.h.5.mlp.w1.weight,transformer.h.5.mlp.w1.weight,"(1024, 384)",8,lloyd_per_tensor_oracle,0.30420899391174316,0.9533177018165588,0.21802715957164764,0.9761484265327454,0.8841202259063721,0.48447275161743164,1.0120670795440674,,,0.0015385266160592437,0.0037344074808061123,74.65288543701172,0,384,0.30420899391174316,0.9533177018165588,7.681507850065827e-05,6.727149593643844e-05,0.33699288964271545,4.086420085513964e-05,8.343501576746348e-06,7.929785351734608e-05,0.0002505165175534785,0.0,0.0,0.0,0.6559596657752991,0.26521092653274536,0.002110598608851433,0.0,0.0,"-1,-0.3932737,-0.1634546,0,0.1634546,0.3932737,1",
0,4096,transformer.h.5.mlp.w2.weight,transformer.h.5.mlp.w2.weight,"(1024, 384)",4,lloyd_global,0.31901609897613525,0.9493916630744934,0.24471032619476318,0.9701400399208069,0.8585382699966431,0.5362794995307922,1.015619158744812,0.8501145839691162,0.5475223660469055,0.0017216079868376255,0.00481510441750288,79.58332824707031,0,384,0.31901609897613525,0.9493916630744934,8.604385220678523e-05,7.681621355004609e-05,0.39144134521484375,4.5858945668442175e-05,9.455188774154522e-06,9.300083183916286e-05,0.0002460998366586864,0.0,0.0,0.0,0.6720475554466248,0.275362491607666,0.00251062773168087,0.0,0.0,"-1,-0.4151953,-0.1762106,0,0.1762106,0.4151953,1",
0,4096,transformer.h.5.mlp.w2.weight,transformer.h.5.mlp.w2.weight,"(1024, 384)",4,lloyd_per_tensor_oracle,0.3100150525569916,0.9514552354812622,0.23780998587608337,0.9715467095375061,0.8660048842430115,0.5214645862579346,1.0139238834381104,,,0.0017216079868376255,0.00481510441750288,79.58332824707031,0,384,0.3100150525569916,0.9514552354812622,8.128688205033541e-05,7.059401832520962e-05,0.34939321875572205,4.5858945668442175e-05,9.455188774154522e-06,8.49640928208828e-05,0.00029122436535544693,0.0,0.0,0.0,0.6439219117164612,0.2680034935474396,0.0027438837569206953,0.0,0.0,"-1,-0.3775927,-0.1547292,0,0.1547292,0.3775927,1",
0,4096,transformer.h.5.mlp.w2.weight,transformer.h.5.mlp.w2.weight,"(1024, 384)",8,lloyd_global,0.3089642822742462,0.9523434042930603,0.21873970329761505,0.9760963916778564,0.8803675174713135,0.4923565089702606,1.012468695640564,0.8723418116569519,0.5052978992462158,0.0014894000487402081,0.004365387372672558,79.58332824707031,0,384,0.3089642822742462,0.9523434042930603,7.693329098401591e-05,6.881110311951488e-05,0.367828369140625,3.9514699892606586e-05,8.068157512752805e-06,8.174920367309824e-05,0.00021149277745280415,0.0,0.0,0.0,0.675201952457428,0.26824793219566345,0.002480912720784545,0.0,0.0,"-1,-0.4198408,-0.1791116,0,0.1791116,0.4198408,1",
0,4096,transformer.h.5.mlp.w2.weight,transformer.h.5.mlp.w2.weight,"(1024, 384)",8,lloyd_per_tensor_oracle,0.30342671275138855,0.9535485506057739,0.21482135355472565,0.976824164390564,0.8839664459228516,0.484732061624527,1.0118451118469238,,,0.0014894000487402081,0.004365387372672558,79.58332824707031,0,384,0.30342671275138855,0.9535485506057739,7.40181640139781e-05,6.488697545137256e-05,0.3372955322265625,3.9514699892606586e-05,8.068157512752805e-06,7.660453411517665e-05,0.00024095861590467393,0.0,0.0,0.0,0.6565551161766052,0.26259636878967285,0.0024011866189539433,0.0,0.0,"-1,-0.3921969,-0.1629295,0,0.1629295,0.3921969,1",
0,4096,transformer.h.5.mlp.c_proj.weight,transformer.h.5.mlp.c_proj.weight,"(384, 1024)",4,lloyd_global,0.3819616436958313,0.9297818541526794,0.23527206480503082,0.9727576375007629,0.8178755044937134,0.6073369383811951,1.0122102499008179,0.809221625328064,0.6177111864089966,0.005525471176952124,0.011616242118179798,123.04444885253906,20,384,0.3819616436958313,0.9297818541526794,0.00025752547662705183,0.00023976783268153667,0.5123698115348816,0.00014225476479623467,2.924873842857778e-05,0.00030335068004205823,0.0007443369831889868,0.00016324431635439396,0.09197604656219482,0.09213928878307343,0.7137438654899597,0.2512308359146118,0.004462583921849728,2.5533718144288287e-06,0.0014386354014277458,"-1,-0.4151953,-0.1762106,0,0.1762106,0.4151953,1",
0,4096,transformer.h.5.mlp.c_proj.weight,transformer.h.5.mlp.c_proj.weight,"(384, 1024)",4,lloyd_per_tensor_oracle,0.33249759674072266,0.9438908100128174,0.20480307936668396,0.9789264798164368,0.8536520004272461,0.5421045422554016,1.00393807888031,,,0.005525471176952124,0.011616242118179798,123.04444885253906,20,384,0.33249759674072266,0.9438908100128174,0.00020862465316895396,0.00018297776114195585,0.37452951073646545,0.00014225476479623467,2.924873842857778e-05,0.0002254993887618184,0.0010927580296993256,0.0001628105528652668,0.08011278510093689,0.08027559518814087,0.6352227926254272,0.2562747001647949,0.00481679430231452,2.2334265850076918e-06,0.0010989829897880554,"-1,-0.3129478,-0.1214961,0,0.1214961,0.3129478,1",
0,4096,transformer.h.5.mlp.c_proj.weight,transformer.h.5.mlp.c_proj.weight,"(384, 1024)",8,lloyd_global,0.34463268518447876,0.9421810507774353,0.19326099753379822,0.9815096855163574,0.8623532056808472,0.5259122848510742,1.0045697689056396,0.8555368781089783,0.5375280380249023,0.00434552226215601,0.007010978646576405,123.04444885253906,20,384,0.34463268518447876,0.9421810507774353,0.0002119663986377418,0.00019893459102604538,0.4495798647403717,0.0001103100657928735,2.2337388145388104e-05,0.0002409044245723635,0.0006102203042246401,6.095413118600845e-05,0.09221705049276352,0.09227800369262695,0.7183243632316589,0.24805939197540283,0.003952506463974714,6.422644673875766e-07,0.0009716770728118718,"-1,-0.4198408,-0.1791116,0,0.1791116,0.4198408,1",
0,4096,transformer.h.5.mlp.c_proj.weight,transformer.h.5.mlp.c_proj.weight,"(384, 1024)",8,lloyd_per_tensor_oracle,0.316230446100235,0.9493352174758911,0.17734014987945557,0.9842309951782227,0.8804497122764587,0.48905661702156067,1.000264048576355,,,0.00434552226215601,0.007010978646576405,123.04444885253906,20,384,0.316230446100235,0.9493352174758911,0.00018317198555450886,0.00016301704454235733,0.3544464111328125,0.0001103100657928735,2.2337388145388104e-05,0.0001957590866368264,0.0008484505233354867,0.00019816725398413837,0.07873133569955826,0.07892950624227524,0.651908278465271,0.24773983657360077,0.004432227928191423,1.980650722543942e-06,0.0007869074470363557,"-1,-0.338304,-0.1363398,0,0.1363398,0.338304,1",
1,128,transformer.h.0.attn.c_attn.weight,transformer.h.0.attn.c_attn.weight,"(1152, 384)",4,lloyd_global,0.2755567133426666,0.9614419341087341,0.1612500548362732,0.986933708190918,0.6406038999557495,0.8484779000282288,1.0015544891357422,0.6714852452278137,0.810576856136322,0.0008256714208982885,0.0035095750354230404,524.8071899414062,181,384,0.2755567133426666,0.9614419341087341,4.5982145820744336e-05,1.5932497262838297e-05,0.3295152485370636,1.890969906526152e-05,3.776491212192923e-06,4.61003219243139e-05,0.00015503329632338136,0.0011544456938281655,0.6069243550300598,0.6080787777900696,0.4569154679775238,0.4389551877975464,0.04027795419096947,2.487693791408674e-06,0.0013078501215204597,"-1,-0.4151953,-0.1762106,0,0.1762106,0.4151953,1",
1,128,transformer.h.0.attn.c_attn.weight,transformer.h.0.attn.c_attn.weight,"(1152, 384)",4,lloyd_per_tensor_oracle,0.27532491087913513,0.9615658521652222,0.16111424565315247,0.9869598150253296,0.6414024233818054,0.8471260666847229,1.0005888938903809,,,0.0008256714208982885,0.0035095750354230404,524.8071899414062,181,384,0.27532491087913513,0.9615658521652222,4.6154858864611015e-05,1.6034295185818337e-05,0.33227765560150146,1.890969906526152e-05,3.776491212192923e-06,4.656992314266972e-05,0.00015115820860955864,0.0010792671237140894,0.6096529364585876,0.6107321977615356,0.4597148597240448,0.44013574719429016,0.04080543667078018,2.3169734504335793e-06,0.0013088044943287969,"-1,-0.4201941,-0.1778857,0,0.1778857,0.4201941,1",
1,128,transformer.h.0.attn.c_attn.weight,transformer.h.0.attn.c_attn.weight,"(1152, 384)",8,lloyd_global,0.2750338017940521,0.9616879820823669,0.13476909697055817,0.9908928871154785,0.6809490919113159,0.802383542060852,1.0088311433792114,0.712620198726654,0.7581333518028259,0.0007113204919733107,0.0025453793350607157,524.8071899414062,181,384,0.2750338017940521,0.9616879820823669,3.9545662730233744e-05,1.4919791283318773e-05,0.3321940004825592,1.6460131519124843e-05,3.295542455816758e-06,4.0172300941776484e-05,0.0001246791798621416,0.0012694776523858309,0.6134042739868164,0.6146737337112427,0.46249887347221375,0.4402022957801819,0.04183082655072212,1.88392550626304e-06,0.0009103019256144762,"-1,-0.4198408,-0.1791116,0,0.1791116,0.4198408,1",
1,128,transformer.h.0.attn.c_attn.weight,transformer.h.0.attn.c_attn.weight,"(1152, 384)",8,lloyd_per_tensor_oracle,0.275145024061203,0.9616401195526123,0.1348230540752411,0.9908842444419861,0.6807783842086792,0.8025897145271301,1.0088090896606445,,,0.0007113204919733107,0.0025453793350607157,524.8071899414062,181,384,0.275145024061203,0.9616401195526123,3.9472171920351684e-05,1.4854631444904953e-05,0.32955819368362427,1.6460131519124843e-05,3.295542455816758e-06,4.000641274615191e-05,0.00012580618204083294,0.0012792720226570964,0.6125608682632446,0.6138401031494141,0.4613584280014038,0.4397645890712738,0.04155433923006058,1.9007150058314437e-06,0.0009101298055611551,"-1,-0.4180956,-0.1774396,0,0.1774396,0.4180956,1",
1,128,transformer.h.0.attn.c_proj.weight,transformer.h.0.attn.c_proj.weight,"(384, 384)",4,lloyd_global,0.2731480598449707,0.9621447920799255,0.16734910011291504,0.9859309792518616,0.6037243604660034,0.9121408462524414,1.0469871759414673,0.5780881643295288,0.9185999035835266,0.006621880456805229,0.008479959331452847,224914.9375,145,384,0.2731480598449707,0.9621447920799255,0.0003734497295226902,0.00033938209526240826,0.2731052041053772,0.00016639093519188464,3.336914232932031e-05,0.0003647535340860486,0.0010615797946229577,0.0011114251101389527,0.5826767086982727,0.5837881565093994,0.35592737793922424,0.4505302906036377,0.14849194884300232,3.5602810385171324e-05,0.018665160983800888,"-1,-0.4151953,-0.1762106,0,0.1762106,0.4151953,1",
1,128,transformer.h.0.attn.c_proj.weight,transformer.h.0.attn.c_proj.weight,"(384, 384)",4,lloyd_per_tensor_oracle,0.2725052833557129,0.9624839425086975,0.16695620119571686,0.9860208034515381,0.606412410736084,0.9091780185699463,1.0472511053085327,,,0.006621880456805229,0.008479959331452847,224914.9375,145,384,0.2725052833557129,0.9624839425086975,0.0003790103073697537,0.00035155611112713814,0.2948811948299408,0.00016639093519188464,3.336914232932031e-05,0.0003779098915401846,0.0009777278173714876,0.0011916193179786205,0.5868505239486694,0.588042140007019,0.3598097264766693,0.45597273111343384,0.14889875054359436,3.7992242141626775e-05,0.018710477277636528,"-1,-0.4307031,-0.1912552,0,0.1912552,0.4307031,1",
1,128,transformer.h.0.attn.c_proj.weight,transformer.h.0.attn.c_proj.weight,"(384, 384)",8,lloyd_global,0.2692473530769348,0.9631801247596741,0.13679644465446472,0.99061119556427,0.6527592539787292,0.8545969724655151,1.0482701063156128,0.6242005228996277,0.8669500946998596,0.005245257634669542,0.007178880739957094,224914.9375,145,384,0.2692473530769348,0.9631801247596741,0.0003043233009520918,0.00027490872889757156,0.2643025815486908,0.0001312545355176553,2.645819040481001e-05,0.00029173961956985295,0.0008339411579072475,0.0013343649916350842,0.5820327997207642,0.5833671689033508,0.35760048031806946,0.44894665479660034,0.14561542868614197,2.855369348253589e-05,0.012454753741621971,"-1,-0.4198408,-0.1791116,0,0.1791116,0.4198408,1",
1,128,transformer.h.0.attn.c_proj.weight,transformer.h.0.attn.c_proj.weight,"(384, 384)",8,lloyd_per_tensor_oracle,0.26769012212753296,0.9638636112213135,0.13600486516952515,0.9907400012016296,0.6549239754676819,0.8523290157318115,1.0491154193878174,,,0.005245257634669542,0.007178880739957094,224914.9375,145,384,0.26769012212753296,0.9638636112213135,0.0003098009910900146,0.0002892850898206234,0.2915242612361908,0.0001312545355176553,2.645819040481001e-05,0.00030782463727518916,0.0007289385539479554,0.001285223988816142,0.5903394818305969,0.5916247367858887,0.36262375116348267,0.4568977355957031,0.14831306040287018,2.718492760322988e-05,0.01248680055141449,"-1,-0.4441133,-0.1982158,0,0.1982158,0.4441133,1",
1,128,transformer.h.0.mlp.w1.weight,transformer.h.0.mlp.w1.weight,"(1024, 384)",4,lloyd_global,0.311250239610672,0.9515149593353271,0.21563789248466492,0.9767611622810364,0.8849531412124634,0.4833511710166931,1.014404535293579,0.880281388759613,0.48933473229408264,0.0015319958329200745,0.004428998101502657,67.18460845947266,0,384,0.311250239610672,0.9515149593353271,7.889753760537133e-05,6.834199302829802e-05,0.3602956235408783,4.199408067506738e-05,8.577416338084731e-06,8.255445573013276e-05,0.00022182358952704817,0.0,0.0,0.0,0.7282121777534485,0.20957955718040466,0.0022228986490517855,0.0,0.0,"-1,-0.4151953,-0.1762106,0,0.1762106,0.4151953,1",
1,128,transformer.h.0.mlp.w1.weight,transformer.h.0.mlp.w1.weight,"(1024, 384)",4,lloyd_per_tensor_oracle,0.3077285587787628,0.9522711634635925,0.2131955772638321,0.9772045612335205,0.8872351050376892,0.47830578684806824,1.0135340690612793,,,0.0015319958329200745,0.004428998101502657,67.18460845947266,0,384,0.3077285587787628,0.9522711634635925,7.702031143708155e-05,6.574283906957135e-05,0.34019723534584045,4.199408067506738e-05,8.577416338084731e-06,7.920607458800077e-05,0.000239450455410406,0.0,0.0,0.0,0.7163296341896057,0.20523762702941895,0.002558432286605239,0.0,0.0,"-1,-0.3988762,-0.165274,0,0.165274,0.3988762,1",
1,128,transformer.h.0.mlp.w1.weight,transformer.h.0.mlp.w1.weight,"(1024, 384)",8,lloyd_global,0.3016098737716675,0.9544559121131897,0.18679694831371307,0.9825593829154968,0.9083754420280457,0.43075716495513916,1.0117489099502563,0.9042574167251587,0.43760207295417786,0.0013201963156461716,0.0030330398585647345,67.18460845947266,0,384,0.3016098737716675,0.9544559121131897,6.978283636271954e-05,6.211661093402654e-05,0.34623971581459045,3.4872482501668856e-05,7.1450735958933365e-06,7.272668881341815e-05,0.0001922321825986728,0.0,0.0,0.0,0.7405486106872559,0.19876953959465027,0.0026012687012553215,0.0,0.0,"-1,-0.4198408,-0.1791116,0,0.1791116,0.4198408,1",
1,128,transformer.h.0.mlp.w1.weight,transformer.h.0.mlp.w1.weight,"(1024, 384)",8,lloyd_per_tensor_oracle,0.298942506313324,0.9549462199211121,0.1851474493741989,0.9828158617019653,0.9098016619682312,0.4271189868450165,1.0105931758880615,,,0.0013201963156461716,0.0030330398585647345,67.18460845947266,0,384,0.298942506313324,0.9549462199211121,6.827294419053942e-05,5.991387297399342e-05,0.32889047265052795,3.4872482501668856e-05,7.1450735958933365e-06,6.99389711371623e-05,0.00020812638103961945,0.0,0.0,0.0,0.7265963554382324,0.19649666547775269,0.0025980358477681875,0.0,0.0,"-1,-0.4033697,-0.1692502,0,0.1692502,0.4033697,1",
1,128,transformer.h.0.mlp.w2.weight,transformer.h.0.mlp.w2.weight,"(1024, 384)",4,lloyd_global,0.31114906072616577,0.9515848159790039,0.22194954752922058,0.9753594994544983,0.8817262053489685,0.4904137849807739,1.0156519412994385,0.8778252601623535,0.4943276047706604,0.0014902424300089478,0.0033272579312324524,67.04936981201172,0,384,0.31114906072616577,0.9515848159790039,7.694552186876535e-05,6.628174014622346e-05,0.363616943359375,4.076477125636302e-05,8.343347872141749e-06,8.042689296416938e-05,0.00021420922712422907,0.0,0.0,0.0,0.7371081113815308,0.20275644958019257,0.0020872154273092747,0.0,0.0,"-1,-0.4151953,-0.1762106,0,0.1762106,0.4151953,1",
1,128,transformer.h.0.mlp.w2.weight,transformer.h.0.mlp.w2.weight,"(1024, 384)",4,lloyd_per_tensor_oracle,0.3081013560295105,0.952218234539032,0.21977640688419342,0.9757617712020874,0.8837307691574097,0.48609453439712524,1.0151076316833496,,,0.0014902424300089478,0.0033272579312324524,67.04936981201172,0,384,0.3081013560295105,0.952218234539032,7.551372982561588e-05,6.431467772927135e-05,0.34591421484947205,4.076477125636302e-05,8.343347872141749e-06,7.798021397320554e-05,0.00022453915153164417,0.0,0.0,0.0,0.7237185835838318,0.20176799595355988,0.0021462109871208668,0.0,0.0,"-1,-0.405249,-0.1665473,0,0.1665473,0.405249,1",
1,128,transformer.h.0.mlp.w2.weight,transformer.h.0.mlp.w2.weight,"(1024, 384)",8,lloyd_global,0.3007754981517792,0.9546298384666443,0.19126003980636597,0.9816884398460388,0.9068894982337952,0.43360817432403564,1.0091253519058228,0.9031432867050171,0.4401417374610901,0.0012686605332419276,0.0035328990779817104,67.04936981201172,0,384,0.3007754981517792,0.9546298384666443,6.720598321408033e-05,5.9256970416754484e-05,0.3461812436580658,3.39548168994952e-05,6.908592695253901e-06,6.967239460209385e-05,0.0001833797141443938,0.0,0.0,0.0,0.7368888854980469,0.19928282499313354,0.0018349157180637121,0.0,0.0,"-1,-0.4198408,-0.1791116,0,0.1791116,0.4198408,1",
1,128,transformer.h.0.mlp.w2.weight,transformer.h.0.mlp.w2.weight,"(1024, 384)",8,lloyd_per_tensor_oracle,0.2990281581878662,0.9549816846847534,0.19014756381511688,0.9818723201751709,0.9078260064125061,0.4312475621700287,1.0083752870559692,,,0.0012686605332419276,0.0035328990779817104,67.04936981201172,0,384,0.2990281581878662,0.9549816846847534,6.62613965687342e-05,5.783546657767147e-05,0.33412933349609375,3.39548168994952e-05,6.908592695253901e-06,6.792337808292359e-05,0.00019257715030107647,0.0,0.0,0.0,0.7269546389579773,0.19879622757434845,0.00200839014723897,0.0,0.0,"-1,-0.409829,-0.1719171,0,0.1719171,0.409829,1",
1,128,transformer.h.0.mlp.c_proj.weight,transformer.h.0.mlp.c_proj.weight,"(384, 1024)",4,lloyd_global,0.3839685320854187,0.9291139841079712,0.2884288728237152,0.9593262672424316,0.7631011605262756,0.6955580115318298,1.0202302932739258,0.7549594640731812,0.7000634670257568,0.008158133365213871,0.01705741509795189,76.99322509765625,0,384,0.3839685320854187,0.9291139841079712,0.0003800655249506235,0.00035448314156383276,0.5175297856330872,0.00020929265883751214,4.284602255211212e-05,0.0004487191908992827,0.0011148741468787193,0.0,0.0,0.0,0.6832084059715271,0.2811833322048187,0.005594910588115454,0.0,0.0,"-1,-0.4151953,-0.1762106,0,0.1762106,0.4151953,1",
1,128,transformer.h.0.mlp.c_proj.weight,transformer.h.0.mlp.c_proj.weight,"(384, 1024)",4,lloyd_per_tensor_oracle,0.3337647616863251,0.9434731006622314,0.250715434551239,0.9683179259300232,0.8042898774147034,0.6284496784210205,1.0087943077087402,,,0.008158133365213871,0.01705741509795189,76.99322509765625,0,384,0.3337647616863251,0.9434731006622314,0.0003062869072891772,0.00026738422457128763,0.37521108984947205,0.00020929265883751214,4.284602255211212e-05,0.0003306050202809274,0.0016352100064978004,0.0,0.0,0.0,0.6047578454017639,0.28390344977378845,0.006766898557543755,0.0,0.0,"-1,-0.3130995,-0.1205467,0,0.1205467,0.3130995,1",
1,128,transformer.h.0.mlp.c_proj.weight,transformer.h.0.mlp.c_proj.weight,"(384, 1024)",8,lloyd_global,0.349975049495697,0.9405866265296936,0.2257431447505951,0.9748789668083191,0.8240439295768738,0.5947969555854797,1.0052101612091064,0.8167217373847961,0.6054462790489197,0.006163090467453003,0.011320685967803001,76.99322509765625,0,384,0.349975049495697,0.9405866265296936,0.0002990731445606798,0.00028140039648860693,0.4568074643611908,0.00015758567315060645,3.182408545399085e-05,0.0003413655504118651,0.0008556970860809088,0.0,0.0,0.0,0.6859340071678162,0.28025388717651367,0.005829348228871822,0.0,0.0,"-1,-0.4198408,-0.1791116,0,0.1791116,0.4198408,1",
1,128,transformer.h.0.mlp.c_proj.weight,transformer.h.0.mlp.c_proj.weight,"(384, 1024)",8,lloyd_per_tensor_oracle,0.3170994520187378,0.9490033388137817,0.20453989505767822,0.9789751172065735,0.8470755815505981,0.5529980659484863,0.9998358488082886,,,0.006163090467453003,0.011320685967803001,76.99322509765625,0,384,0.3170994520187378,0.9490033388137817,0.0002538381377235055,0.00022608047584071755,0.3510030210018158,0.00015758567315060645,3.182408545399085e-05,0.0002708773245103657,0.0012322706170380116,0.0,0.0,0.0,0.6205969452857971,0.27432915568351746,0.005504069849848747,0.0,0.0,"-1,-0.329449,-0.1328327,0,0.1328327,0.329449,1",
1,128,transformer.h.1.attn.c_attn.weight,transformer.h.1.attn.c_attn.weight,"(1152, 384)",4,lloyd_global,0.2713606059551239,0.9626278877258301,0.17115266621112823,0.9852712750434875,0.5736444592475891,0.9415512681007385,1.0379537343978882,0.5873921513557434,0.9084165692329407,0.0006571123958565295,0.0022494036238640547,794.2374877929688,201,384,0.2713606059551239,0.9626278877258301,3.726572685991414e-05,1.0451709385961294e-05,0.3004421591758728,1.521961712569464e-05,3.009449528690311e-06,3.671633385238238e-05,0.00011480996909085661,0.00117078039329499,0.6741734743118286,0.6753442287445068,0.40492939949035645,0.4608232378959656,0.07332997769117355,1.9105341380054597e-06,0.001100147725082934,"-1,-0.4151953,-0.1762106,0,0.1762106,0.4151953,1",
1,128,transformer.h.1.attn.c_attn.weight,transformer.h.1.attn.c_attn.weight,"(1152, 384)",4,lloyd_per_tensor_oracle,0.27046704292297363,0.9629961848258972,0.17058654129505157,0.985387921333313,0.5750601291656494,0.9407333135604858,1.0394635200500488,,,0.0006571123958565295,0.0022494036238640547,794.2374877929688,201,384,0.27046704292297363,0.9629961848258972,3.771167394006625e-05,1.0734032912296243e-05,0.3145209550857544,1.521961712569464e-05,3.009449528690311e-06,3.7919602618785575e-05,0.00010605681745801121,0.0011934483190998435,0.6838967800140381,0.6850902438163757,0.40974292159080505,0.4660560190677643,0.07474738359451294,1.9330855138832703e-06,0.0011077404487878084,"-1,-0.4303052,-0.18528,0,0.18528,0.4303052,1",
1,128,transformer.h.1.attn.c_attn.weight,transformer.h.1.attn.c_attn.weight,"(1152, 384)",8,lloyd_global,0.27096298336982727,0.9627610445022583,0.13949929177761078,0.9902377724647522,0.6222853064537048,0.8898137807846069,1.045373797416687,0.6379339098930359,0.8509624600410461,0.0005401133093982935,0.0017325006192550063,794.2374877929688,201,384,0.27096298336982727,0.9627610445022583,3.09570059471298e-05,9.675632099970244e-06,0.31339290738105774,1.2121952750021592e-05,2.4022269826673437e-06,3.046389429073315e-05,0.00010393682168796659,0.0011473542544990778,0.6727920174598694,0.6739393472671509,0.41011422872543335,0.4568130671977997,0.07517143338918686,1.2328895309110521e-06,0.0007229486363939941,"-1,-0.4198408,-0.1791116,0,0.1791116,0.4198408,1",
1,128,transformer.h.1.attn.c_attn.weight,transformer.h.1.attn.c_attn.weight,"(1152, 384)",8,lloyd_per_tensor_oracle,0.27052709460258484,0.962941586971283,0.13927799463272095,0.9902718663215637,0.6224023103713989,0.8900924324989319,1.0462483167648315,,,0.0005401133093982935,0.0017325006192550063,794.2374877929688,201,384,0.27052709460258484,0.962941586971283,3.1071194825926796e-05,9.759736713021994e-06,0.31789594888687134,1.2121952750021592e-05,2.4022269826673437e-06,3.078686859225854e-05,0.00010133711475646123,0.001126428716816008,0.6738302707672119,0.6749566793441772,0.4112512469291687,0.4595372676849365,0.07531808316707611,1.2069781405443791e-06,0.0007220149273052812,"-1,-0.4247729,-0.1819009,0,0.1819009,0.4247729,1",
1,128,transformer.h.1.attn.c_proj.weight,transformer.h.1.attn.c_proj.weight,"(384, 384)",4,lloyd_global,0.27232086658477783,0.9623066782951355,0.1649157553911209,0.9863221645355225,0.5579079985618591,0.9783884286880493,1.0760799646377563,0.5146578550338745,0.9852335453033447,0.005607848521322012,0.007116345688700676,148921.953125,158,384,0.27232086658477783,0.9623066782951355,0.00031791714718565345,0.00028777692932635546,0.2706298828125,0.00014104534056968987,2.781747934932355e-05,0.00030887738103047013,0.0009067200007848442,0.0009714399930089712,0.6164994835853577,0.617470920085907,0.32087579369544983,0.447363942861557,0.18189400434494019,2.2688342141918838e-05,0.014398574829101562,"-1,-0.4151953,-0.1762106,0,0.1762106,0.4151953,1",
1,128,transformer.h.1.attn.c_proj.weight,transformer.h.1.attn.c_proj.weight,"(384, 384)",4,lloyd_per_tensor_oracle,0.2712608873844147,0.9628081917762756,0.16427674889564514,0.9864503145217896,0.5588431358337402,0.9772869944572449,1.0759457349777222,,,0.005607848521322012,0.007116345688700676,148921.953125,158,384,0.2712608873844147,0.9628081917762756,0.00032297041616402566,0.0002999261487275362,0.2932671308517456,0.00014104534056968987,2.781747934932355e-05,0.00032132284832186997,0.0008263585041277111,0.0009881892474368215,0.6248201131820679,0.6258082985877991,0.32501140236854553,0.45534488558769226,0.1834961622953415,2.2900199837749824e-05,0.014479519799351692,"-1,-0.4325016,-0.1918586,0,0.1918586,0.4325016,1",
1,128,transformer.h.1.attn.c_proj.weight,transformer.h.1.attn.c_proj.weight,"(384, 384)",8,lloyd_global,0.2691775858402252,0.963215708732605,0.13147561252117157,0.9913272261619568,0.6049389839172363,0.9272788763046265,1.0801177024841309,0.560058057308197,0.9380211234092712,0.004372711759060621,0.005440578795969486,148921.953125,158,384,0.2691775858402252,0.963215708732605,0.00025357777485623956,0.0002296775346621871,0.2655775249004364,0.00010995299089699984,2.1891093638259917e-05,0.00024308198771905154,0.0006968998350203037,0.001369710429571569,0.6234726309776306,0.6248423457145691,0.3237282931804657,0.4494467079639435,0.1795920580625534,2.0327497622929513e-05,0.009252786636352539,"-1,-0.4198408,-0.1791116,0,0.1791116,0.4198408,1",
1,128,transformer.h.1.attn.c_proj.weight,transformer.h.1.attn.c_proj.weight,"(384, 384)",8,lloyd_per_tensor_oracle,0.2676946520805359,0.9638797640800476,0.13075125217437744,0.9914360642433167,0.6070771813392639,0.9254704117774963,1.081457257270813,,,0.004372711759060621,0.005440578795969486,148921.953125,158,384,0.2676946520805359,0.9638797640800476,0.00025831026141531765,0.0002414898481220007,0.2919175922870636,0.00010995299089699984,2.1891093638259917e-05,0.00025636694044806063,0.0006128604291006923,0.001094031031243503,0.6334326863288879,0.6345267295837402,0.3287310004234314,0.45887377858161926,0.18089836835861206,1.6057823813753203e-05,0.009297315031290054,"-1,-0.4432045,-0.1978528,0,0.1978528,0.4432045,1",
1,128,transformer.h.1.mlp.w1.weight,transformer.h.1.mlp.w1.weight,"(1024, 384)",4,lloyd_global,0.30921319127082825,0.95208740234375,0.20633487403392792,0.9787091016769409,0.8475083708763123,0.553696870803833,1.0051161050796509,0.8412484526634216,0.5634845495223999,0.0010842676274478436,0.0030800197273492813,93.1130599975586,0,384,0.30921319127082825,0.95208740234375,5.596227492787875e-05,4.898205224890262e-05,0.37313589453697205,2.8949769330210984e-05,5.910336767556146e-06,5.8844296290772036e-05,0.00016106068505905569,0.0,0.0,0.0,0.6768337488174438,0.25718483328819275,0.006208442617207766,0.0,0.0,"-1,-0.4151953,-0.1762106,0,0.1762106,0.4151953,1",
1,128,transformer.h.1.mlp.w1.weight,transformer.h.1.mlp.w1.weight,"(1024, 384)",4,lloyd_per_tensor_oracle,0.3058641254901886,0.9528312683105469,0.20410758256912231,0.9791062474250793,0.849723756313324,0.5493662357330322,1.004076600074768,,,0.0010842676274478436,0.0030800197273492813,93.1130599975586,0,384,0.3058641254901886,0.9528312683105469,5.4599538998445496e-05,4.6925139031372964e-05,0.34921011328697205,2.8949769330210984e-05,5.910336767556146e-06,5.650013918057084e-05,0.00017126947932410985,0.0,0.0,0.0,0.6651965975761414,0.25473761558532715,0.006194118410348892,0.0,0.0,"-1,-0.4020238,-0.1634325,0,0.1634325,0.4020238,1",
1,128,transformer.h.1.mlp.w1.weight,transformer.h.1.mlp.w1.weight,"(1024, 384)",8,lloyd_global,0.3037995398044586,0.9537799954414368,0.17826269567012787,0.9841066598892212,0.875751256942749,0.4987845718860626,1.0011268854141235,0.8701138496398926,0.5096903443336487,0.0009295743075199425,0.0022265827283263206,93.1130599975586,0,384,0.3037995398044586,0.9537799954414368,4.8922651330940425e-05,4.3407453631516546e-05,0.36250558495521545,2.4380648028454743e-05,4.904808520223014e-06,5.122789298184216e-05,0.00013772083912044764,0.0,0.0,0.0,0.6852678060531616,0.2499954104423523,0.006037453655153513,0.0,0.0,"-1,-0.4198408,-0.1791116,0,0.1791116,0.4198408,1",
1,128,transformer.h.1.mlp.w1.weight,transformer.h.1.mlp.w1.weight,"(1024, 384)",8,lloyd_per_tensor_oracle,0.3010237216949463,0.9543054699897766,0.17663633823394775,0.9843608140945435,0.8773030042648315,0.4954533576965332,1.0002782344818115,,,0.0009295743075199425,0.0022265827283263206,93.1130599975586,0,384,0.3010237216949463,0.9543054699897766,4.782571704708971e-05,4.1754028643481433e-05,0.34136199951171875,2.4380648028454743e-05,4.904808520223014e-06,4.928355701849796e-05,0.0001471305004088208,0.0,0.0,0.0,0.6744334697723389,0.24601635336875916,0.005580631550401449,0.0,0.0,"-1,-0.4060266,-0.1673169,0,0.1673169,0.4060266,1",
1,128,transformer.h.1.mlp.w2.weight,transformer.h.1.mlp.w2.weight,"(1024, 384)",4,lloyd_global,0.3165249526500702,0.9498222470283508,0.2165652960538864,0.9765560030937195,0.8354282379150391,0.574286937713623,1.0019699335098267,0.8286448121070862,0.5854219794273376,0.0011079072719439864,0.0032225376926362514,88.96189880371094,0,384,0.3165249526500702,0.9498222470283508,5.6438439060002565e-05,4.8422327381558716e-05,0.38522085547447205,3.0529106879839674e-05,6.274892712099245e-06,5.956029781373218e-05,0.00016235781367868185,0.0,0.0,0.0,0.6571556925773621,0.27688607573509216,0.005527146626263857,0.0,0.0,"-1,-0.4151953,-0.1762106,0,0.1762106,0.4151953,1",
1,128,transformer.h.1.mlp.w2.weight,transformer.h.1.mlp.w2.weight,"(1024, 384)",4,lloyd_per_tensor_oracle,0.3120898902416229,0.9508384466171265,0.21353349089622498,0.9771250486373901,0.8394332528114319,0.5671851634979248,1.0017199516296387,,,0.0011079072719439864,0.0032225376926362514,88.96189880371094,0,384,0.3120898902416229,0.9508384466171265,5.481591506395489e-05,4.62041498394683e-05,0.3582865297794342,3.0529106879839674e-05,6.274892712099245e-06,5.6773031246848404e-05,0.00017451235908083618,0.0,0.0,0.0,0.6428241729736328,0.27260705828666687,0.005521852523088455,0.0,0.0,"-1,-0.3997155,-0.1619914,0,0.1619914,0.3997155,1",
1,128,transformer.h.1.mlp.w2.weight,transformer.h.1.mlp.w2.weight,"(1024, 384)",8,lloyd_global,0.3120100498199463,0.951361894607544,0.18703745305538177,0.9825192093849182,0.86539226770401,0.5190752148628235,1.0007938146591187,0.8601796627044678,0.5288193821907043,0.0009560361504554749,0.0022627264261245728,88.96189880371094,0,384,0.3120100498199463,0.951361894607544,4.957530109095387e-05,4.3364372686482966e-05,0.37890371680259705,2.5642035325290635e-05,5.2034670261491556e-06,5.24596543982625e-05,0.00013914855662733316,0.0,0.0,0.0,0.673649787902832,0.2662341296672821,0.005359327886253595,0.0,0.0,"-1,-0.4198408,-0.1791116,0,0.1791116,0.4198408,1",
1,128,transformer.h.1.mlp.w2.weight,transformer.h.1.mlp.w2.weight,"(1024, 384)",8,lloyd_per_tensor_oracle,0.307269424200058,0.952370285987854,0.18419577181339264,0.9829920530319214,0.8683640360832214,0.5131495594978333,1.0001614093780518,,,0.0009560361504554749,0.0022627264261245728,88.96189880371094,0,384,0.307269424200058,0.952370285987854,4.7943933168426156e-05,4.121634265175089e-05,0.34919485449790955,2.5642035325290635e-05,5.2034670261491556e-06,4.9617927288636565e-05,0.00015278095088433474,0.0,0.0,0.0,0.6552590727806091,0.2643311023712158,0.005196327809244394,0.0,0.0,"-1,-0.3999481,-0.1632363,0,0.1632363,0.3999481,1",
1,128,transformer.h.1.mlp.c_proj.weight,transformer.h.1.mlp.c_proj.weight,"(384, 1024)",4,lloyd_global,0.40159496665000916,0.923274576663971,0.30382850766181946,0.9552637338638306,0.7157157063484192,0.7554114460945129,1.0036171674728394,0.7089864015579224,0.7629122734069824,0.0063932426273822784,0.012885225005447865,86.91142272949219,0,384,0.40159496665000916,0.923274576663971,0.00029280208400450647,0.0002720611519180238,0.5580520629882812,0.00016260416305158287,3.373836079845205e-05,0.00035529842716641724,0.0008703821804374456,0.0,0.0,0.0,0.6576569080352783,0.30861496925354004,0.008025551214814186,0.0,0.0,"-1,-0.4151953,-0.1762106,0,0.1762106,0.4151953,1",
1,128,transformer.h.1.mlp.c_proj.weight,transformer.h.1.mlp.c_proj.weight,"(384, 1024)",4,lloyd_per_tensor_oracle,0.3385106027126312,0.9417988061904907,0.25611022114753723,0.9669729471206665,0.7701268196105957,0.675464391708374,0.9922396540641785,,,0.0063932426273822784,0.012885225005447865,86.91142272949219,0,384,0.3385106027126312,0.9417988061904907,0.00022659781097900122,0.00019592151511460543,0.38922372460365295,0.00016260416305158287,3.373836079845205e-05,0.00024612993001937866,0.0012967400252819061,0.0,0.0,0.0,0.573818027973175,0.31468525528907776,0.0092185502871871,0.0,0.0,"-1,-0.3015943,-0.1132982,0,0.1132982,0.3015943,1",
1,128,transformer.h.1.mlp.c_proj.weight,transformer.h.1.mlp.c_proj.weight,"(384, 1024)",8,lloyd_global,0.361791729927063,0.9368064403533936,0.23426371812820435,0.9729896783828735,0.7869024276733398,0.649482786655426,0.9894680380821228,0.782338559627533,0.6597951650619507,0.0047437772154808044,0.007690942846238613,86.91142272949219,0,384,0.361791729927063,0.9368064403533936,0.00022734755475539714,0.00021485297475010157,0.49328359961509705,0.00011959664698224515,2.4408525860053487e-05,0.0002650362439453602,0.00068311468930915,0.0,0.0,0.0,0.660123348236084,0.30543801188468933,0.007857034914195538,0.0,0.0,"-1,-0.4198408,-0.1791116,0,0.1791116,0.4198408,1",
1,128,transformer.h.1.mlp.c_proj.weight,transformer.h.1.mlp.c_proj.weight,"(384, 1024)",8,lloyd_per_tensor_oracle,0.3233826756477356,0.9469505548477173,0.20940589904785156,0.9779671430587769,0.8165508508682251,0.6013989448547363,0.9851451516151428,,,0.0047437772154808044,0.007690942846238613,86.91142272949219,0,384,0.3233826756477356,0.9469505548477173,0.00018796023505274206,0.00016634853091090918,0.36700186133384705,0.00011959664698224515,2.4408525860053487e-05,0.00020266498904675245,0.0009861794533208013,0.0,0.0,0.0,0.5847722291946411,0.309270977973938,0.008719286881387234,0.0,0.0,"-1,-0.3225313,-0.1266752,0,0.1266752,0.3225313,1",
1,128,transformer.h.2.attn.c_attn.weight,transformer.h.2.attn.c_attn.weight,"(1152, 384)",4,lloyd_global,0.27191394567489624,0.9624491930007935,0.16142618656158447,0.9869080185890198,0.5508618354797363,0.9831452965736389,1.0704978704452515,0.5455828905105591,0.9533297419548035,0.000526935386005789,0.002072894014418125,1276.28466796875,210,384,0.27191394567489624,0.9624491930007935,2.999455864483025e-05,7.172318873926997e-06,0.3166978657245636,1.1453306797193363e-05,2.2651086055702763e-06,2.9486753192031756e-05,0.00010689141345210373,0.0014231406385079026,0.7148193717002869,0.7162424921989441,0.38510626554489136,0.45985662937164307,0.09326730668544769,1.666042635406484e-06,0.0008368249400518835,"-1,-0.4151953,-0.1762106,0,0.1762106,0.4151953,1",
1,128,transformer.h.2.attn.c_attn.weight,transformer.h.2.attn.c_attn.weight,"(1152, 384)",4,lloyd_per_tensor_oracle,0.2711656093597412,0.9627082347869873,0.16097739338874817,0.9869867563247681,0.5517038106918335,0.9820557236671448,1.0701708793640137,,,0.000526935386005789,0.002072894014418125,1276.28466796875,210,384,0.2711656093597412,0.9627082347869873,3.0137609428493306e-05,7.2604989327373914e-06,0.32228824496269226,1.1453306797193363e-05,2.2651086055702763e-06,2.9934320991742425e-05,0.00010286809265380725,0.0013684635050594807,0.7202978730201721,0.7216663360595703,0.3866617977619171,0.46312764286994934,0.09433288127183914,1.5914026789687341e-06,0.0008376430487260222,"-1,-0.4227723,-0.1796509,0,0.1796509,0.4227723,1",
1,128,transformer.h.2.attn.c_attn.weight,transformer.h.2.attn.c_attn.weight,"(1152, 384)",8,lloyd_global,0.2698020339012146,0.9630311131477356,0.1268349587917328,0.9919334650039673,0.6028802394866943,0.9296747446060181,1.0801211595535278,0.6006442308425903,0.8937093615531921,0.00042174968984909356,0.0013890824047848582,1276.28466796875,210,384,0.2698020339012146,0.9630311131477356,2.4171011318685487e-05,6.618189217988402e-06,0.31688323616981506,9.257087185687851e-06,1.815163841456524e-06,2.3778824470355175e-05,8.322807843796909e-05,0.001433611148968339,0.7143040299415588,0.7157377004623413,0.3858933448791504,0.46385863423347473,0.09055891633033752,1.0312362519471208e-06,0.0005138186970725656,"-1,-0.4198408,-0.1791116,0,0.1791116,0.4198408,1",
1,128,transformer.h.2.attn.c_attn.weight,transformer.h.2.attn.c_attn.weight,"(1152, 384)",8,lloyd_per_tensor_oracle,0.2693157196044922,0.9632242918014526,0.12660753726959229,0.9919654726982117,0.6039699912071228,0.9279793500900269,1.0792839527130127,,,0.00042174968984909356,0.0013890824047848582,1276.28466796875,210,384,0.2693157196044922,0.9632242918014526,2.4254290110548027e-05,6.674683390883729e-06,0.32040971517562866,9.257087185687851e-06,1.815163841456524e-06,2.404264705546666e-05,8.090007759165019e-05,0.0012479177676141262,0.7174227237701416,0.7186706066131592,0.39021772146224976,0.46344074606895447,0.09052742272615433,8.937356028582144e-07,0.0005138048436492682,"-1,-0.4252873,-0.1812675,0,0.1812675,0.4252873,1",
1,128,transformer.h.2.attn.c_proj.weight,transformer.h.2.attn.c_proj.weight,"(384, 384)",4,lloyd_global,0.273846834897995,0.9619163274765015,0.1581120640039444,0.9874348640441895,0.5425667762756348,1.0066332817077637,1.0972622632980347,0.4962838292121887,1.0037106275558472,0.0045819091610610485,0.006462674122303724,759055.125,159,384,0.273846834897995,0.9619163274765015,0.0002611538511700928,0.00023647374473512173,0.2704196572303772,0.00011528306640684605,2.312143078597728e-05,0.0002531658683437854,0.0007429387187585235,0.001606795354746282,0.624052882194519,0.625659704208374,0.3148951530456543,0.44442659616470337,0.19172357022762299,2.533384940761607e-05,0.009839250706136227,"-1,-0.4151953,-0.1762106,0,0.1762106,0.4151953,1",
1,128,transformer.h.2.attn.c_proj.weight,transformer.h.2.attn.c_proj.weight,"(384, 384)",4,lloyd_per_tensor_oracle,0.27284613251686096,0.962415874004364,0.15753710269927979,0.987545907497406,0.5436246991157532,1.0059973001480103,1.098203182220459,,,0.0045819091610610485,0.006462674122303724,759055.125,159,384,0.27284613251686096,0.962415874004364,0.0002657100558280945,0.000247059331741184,0.2952202558517456,0.00011528306640684605,2.312143078597728e-05,0.00026494511985220015,0.0006652855663560331,0.0014500970719382167,0.6326102614402771,0.6340603828430176,0.3196110129356384,0.4516427218914032,0.1940353810787201,2.2696434825775214e-05,0.00990140438079834,"-1,-0.4358734,-0.1930763,0,0.1930763,0.4358734,1",
1,128,transformer.h.2.attn.c_proj.weight,transformer.h.2.attn.c_proj.weight,"(384, 384)",8,lloyd_global,0.27049097418785095,0.9628670811653137,0.12508080899715424,0.9921520352363586,0.5939277410507202,0.9501490592956543,1.0994300842285156,0.5422234535217285,0.9568460583686829,0.0036018933169543743,0.0050922539085149765,759055.125,159,384,0.27049097418785095,0.9628670811653137,0.00020703962945844978,0.00018749100854620337,0.2670491635799408,9.053018584381789e-05,1.8082761016557924e-05,0.00019970463472418487,0.0005708765820600092,0.001374551560729742,0.6267195343971252,0.6280940771102905,0.31313779950141907,0.44497501850128174,0.194145068526268,1.3561691048380453e-05,0.00618338119238615,"-1,-0.4198408,-0.1791116,0,0.1791116,0.4198408,1",
1,128,transformer.h.2.attn.c_proj.weight,transformer.h.2.attn.c_proj.weight,"(384, 384)",8,lloyd_per_tensor_oracle,0.2695085108280182,0.9633519649505615,0.12462284415960312,0.9922170639038086,0.592249870300293,0.952982485294342,1.1011079549789429,,,0.0036018933169543743,0.0050922539085149765,759055.125,159,384,0.2695085108280182,0.9633519649505615,0.00021054709213785827,0.00019625818822532892,0.2900729775428772,9.053018584381789e-05,1.8082761016557924e-05,0.00020905239216517657,0.0005110962083563209,0.0012755545321851969,0.6355283260345459,0.636803925037384,0.3185294270515442,0.45165470242500305,0.19664360582828522,1.2493684153014328e-05,0.006224814802408218,"-1,-0.4399372,-0.1954275,0,0.1954275,0.4399372,1",
1,128,transformer.h.2.mlp.w1.weight,transformer.h.2.mlp.w1.weight,"(1024, 384)",4,lloyd_global,0.3160877525806427,0.9499402642250061,0.20905137062072754,0.9781232476234436,0.7866960167884827,0.6457439064979553,0.976078987121582,0.7904064655303955,0.6474553942680359,0.0009510924573987722,0.003921653144061565,136.34786987304688,29,384,0.3160877525806427,0.9499402642250061,4.816720320377499e-05,4.2187588405795395e-05,0.39520263671875,2.5509112674626522e-05,5.329725354386028e-06,5.137248081155121e-05,0.00014173869567457587,0.0003105872019659728,0.12428095936775208,0.12459154427051544,0.6236509680747986,0.3049851953983307,0.010108589194715023,2.1356471791023068e-07,8.545757009414956e-05,"-1,-0.4151953,-0.1762106,0,0.1762106,0.4151953,1",
1,128,transformer.h.2.mlp.w1.weight,transformer.h.2.mlp.w1.weight,"(1024, 384)",4,lloyd_per_tensor_oracle,0.3109620213508606,0.9511286020278931,0.20566169917583466,0.9787469506263733,0.7913522124290466,0.638742983341217,0.9763395190238953,,,0.0009510924573987722,0.003921653144061565,136.34786987304688,29,384,0.3109620213508606,0.9511286020278931,4.6378117986023426e-05,3.9584701880812645e-05,0.3601531982421875,2.5509112674626522e-05,5.329725354386028e-06,4.828770033782348e-05,0.00015619417536072433,0.00024516190751455724,0.11794725805521011,0.11819241940975189,0.606523334980011,0.3014789819717407,0.01012593787163496,1.6942335889780225e-07,8.150948269758373e-05,"-1,-0.3940741,-0.1582311,0,0.1582311,0.3940741,1",
1,128,transformer.h.2.mlp.w1.weight,transformer.h.2.mlp.w1.weight,"(1024, 384)",8,lloyd_global,0.3107787072658539,0.9516533613204956,0.17604602873325348,0.9845038056373596,0.8246703743934631,0.5850409865379333,0.9741486310958862,0.8305581212043762,0.5821466445922852,0.0007968356949277222,0.0017433941829949617,136.34786987304688,29,384,0.3107787072658539,0.9516533613204956,4.12861118093133e-05,3.666384145617485e-05,0.38743337988853455,2.0971388948964886e-05,4.278018877812428e-06,4.398073724587448e-05,0.00011754412844311446,0.00019869186508003622,0.12427453696727753,0.12447322905063629,0.6439365148544312,0.288953572511673,0.008611541241407394,9.43113249718408e-08,5.898830568185076e-05,"-1,-0.4198408,-0.1791116,0,0.1791116,0.4198408,1",
1,128,transformer.h.2.mlp.w1.weight,transformer.h.2.mlp.w1.weight,"(1024, 384)",8,lloyd_per_tensor_oracle,0.3057667016983032,0.9527943134307861,0.17320984601974487,0.9849581718444824,0.8293178081512451,0.5774279236793518,0.9748467206954956,,,0.0007968356949277222,0.0017433941829949617,136.34786987304688,29,384,0.3057667016983032,0.9527943134307861,3.9736947655910626e-05,3.441792796365917e-05,0.3520914614200592,2.0971388948964886e-05,4.278018877812428e-06,4.1271141526522115e-05,0.00013073238369543105,0.0002849008596967906,0.1198124885559082,0.12009739130735397,0.6245134472846985,0.287832647562027,0.007906490005552769,1.3624941175294225e-07,5.7298460887977853e-05,"-1,-0.3973859,-0.160829,0,0.160829,0.3973859,1",
1,128,transformer.h.2.mlp.w2.weight,transformer.h.2.mlp.w2.weight,"(1024, 384)",4,lloyd_global,0.31441766023635864,0.9504408836364746,0.20693956315517426,0.9785621762275696,0.7854247093200684,0.6464419960975647,0.9718877673149109,0.7899848818778992,0.6481031179428101,0.0009021541918627918,0.002900797873735428,137.16954040527344,29,384,0.31441766023635864,0.9504408836364746,4.595690916175954e-05,3.921617826563306e-05,0.38536325097084045,2.4516950361430645e-05,5.087411409476772e-06,4.857106614508666e-05,0.00013232634228188545,0.0001847041567089036,0.12583541870117188,0.1260201334953308,0.6228839159011841,0.30475741624832153,0.010710342787206173,1.1880686656695616e-07,8.094085205812007e-05,"-1,-0.4151953,-0.1762106,0,0.1762106,0.4151953,1",
1,128,transformer.h.2.mlp.w2.weight,transformer.h.2.mlp.w2.weight,"(1024, 384)",4,lloyd_per_tensor_oracle,0.31035569310188293,0.951391875743866,0.20427092909812927,0.9790434837341309,0.7880884408950806,0.6424685120582581,0.9720425605773926,,,0.0009021541918627918,0.002900797873735428,137.16954040527344,29,384,0.31035569310188293,0.951391875743866,4.47092461399734e-05,3.749033930944279e-05,0.3588612973690033,2.4516950361430645e-05,5.087411409476772e-06,4.642860221792944e-05,0.0001417054154444486,0.00023248435172718018,0.12205325812101364,0.12228574603796005,0.6106137633323669,0.3011263906955719,0.010481404140591621,1.496123473998523e-07,7.85458178143017e-05,"-1,-0.4004472,-0.1622563,0,0.1622563,0.4004472,1",
1,128,transformer.h.2.mlp.w2.weight,transformer.h.2.mlp.w2.weight,"(1024, 384)",8,lloyd_global,0.3117070496082306,0.9514493346214294,0.17627063393592834,0.9844659566879272,0.8210546970367432,0.5906718969345093,0.9727660417556763,0.8282363414764404,0.5861189365386963,0.0007674178923480213,0.0017069224268198013,137.16954040527344,29,384,0.3117070496082306,0.9514493346214294,3.969960016547702e-05,3.446234040893614e-05,0.38137054443359375,2.0566165403579362e-05,4.235283995512873e-06,4.206143785268068e-05,0.00011001333768945187,0.000243764094193466,0.12414014339447021,0.12438391149044037,0.6351355314254761,0.30198317766189575,0.008517874404788017,1.1201526461945832e-07,5.704527939087711e-05,"-1,-0.4198408,-0.1791116,0,0.1791116,0.4198408,1",
1,128,transformer.h.2.mlp.w2.weight,transformer.h.2.mlp.w2.weight,"(1024, 384)",8,lloyd_per_tensor_oracle,0.3068139851093292,0.9525401592254639,0.1735057383775711,0.9849064946174622,0.8245684504508972,0.584963321685791,0.9731824398040771,,,0.0007674178923480213,0.0017069224268198013,137.16954040527344,29,384,0.3068139851093292,0.9525401592254639,3.842079240712337e-05,3.2683296012692153e-05,0.3521982729434967,2.0566165403579362e-05,4.235283995512873e-06,3.985709554399364e-05,0.00011985508172074333,0.0002715175214689225,0.12017733603715897,0.12044885754585266,0.6215413808822632,0.296786904335022,0.008658362552523613,1.2462545839753147e-07,5.5160919146146625e-05,"-1,-0.4018428,-0.1632394,0,0.1632394,0.4018428,1",
1,128,transformer.h.2.mlp.c_proj.weight,transformer.h.2.mlp.c_proj.weight,"(384, 1024)",4,lloyd_global,0.3795816898345947,0.9305109977722168,0.2811684310436249,0.9613316059112549,0.7089744806289673,0.7574595808982849,0.9853451251983643,0.7089705467224121,0.7629343867301941,0.004911160562187433,0.010362977162003517,105.40226745605469,1,384,0.3795816898345947,0.9305109977722168,0.0002283796638948843,0.0002109282067976892,0.5239588618278503,0.00012541876640170813,2.5818253561737947e-05,0.000270870077656582,0.0006611671415157616,5.704284262719739e-07,0.004356105346232653,0.004356675781309605,0.6478657722473145,0.3106301426887512,0.010004803538322449,7.171162774710638e-09,5.4762946092523634e-05,"-1,-0.4151953,-0.1762106,0,0.1762106,0.4151953,1",
1,128,transformer.h.2.mlp.c_proj.weight,transformer.h.2.mlp.c_proj.weight,"(384, 1024)",4,lloyd_per_tensor_oracle,0.33472248911857605,0.9430981874465942,0.2479364573955536,0.9690170884132385,0.7462636232376099,0.7057254314422607,0.9806761145591736,,,0.004911160562187433,0.010362977162003517,105.40226745605469,1,384,0.33472248911857605,0.9430981874465942,0.00018820723926182836,0.0001633322681300342,0.39015451073646545,0.00012541876640170813,2.5818253561737947e-05,0.00020530328038148582,0.0009385555749759078,9.560051694279537e-06,0.004197172354906797,0.004206731915473938,0.5814809799194336,0.30243980884552,0.00976691022515297,1.0684491513757166e-07,4.6908375225029886e-05,"-1,-0.3260845,-0.1229554,0,0.1229554,0.3260845,1",
1,128,transformer.h.2.mlp.c_proj.weight,transformer.h.2.mlp.c_proj.weight,"(384, 1024)",8,lloyd_global,0.3422776162624359,0.9426475763320923,0.21725377440452576,0.9766262769699097,0.7772312164306641,0.6596054434776306,0.9751129746437073,0.7797947525978088,0.6636406183242798,0.0036227682139724493,0.006169458385556936,105.40226745605469,1,384,0.3422776162624359,0.9426475763320923,0.00017716031288728118,0.00016619800589978695,0.4632466733455658,9.17163779377006e-05,1.855918344517704e-05,0.00020205161126796156,0.0005209734663367271,1.3399211518105858e-08,0.004715891554951668,0.004715905059129,0.6456790566444397,0.3099921643733978,0.009565993212163448,1.0114338533373513e-10,3.559770993888378e-05,"-1,-0.4198408,-0.1791116,0,0.1791116,0.4198408,1",
1,128,transformer.h.2.mlp.c_proj.weight,transformer.h.2.mlp.c_proj.weight,"(384, 1024)",8,lloyd_per_tensor_oracle,0.3177183270454407,0.9487824440002441,0.20166794955730438,0.979552149772644,0.7956857681274414,0.6312471628189087,0.9733925461769104,,,0.0036227682139724493,0.006169458385556936,105.40226745605469,1,384,0.3177183270454407,0.9487824440002441,0.0001544780534459278,0.00013659420073963702,0.36549124121665955,9.17163779377006e-05,1.855918344517704e-05,0.00016557556227780879,0.0007036291644908488,4.031256040093467e-08,0.004188540391623974,0.00418858090415597,0.5929068326950073,0.29910752177238464,0.009334258735179901,2.9668470458155127e-10,3.0826020520180464e-05,"-1,-0.3472851,-0.1360281,0,0.1360281,0.3472851,1",
1,128,transformer.h.3.attn.c_attn.weight,transformer.h.3.attn.c_attn.weight,"(1152, 384)",4,lloyd_global,0.27312904596328735,0.9621483683586121,0.14584030210971832,0.9893192052841187,0.5442419648170471,1.0040874481201172,1.0959582328796387,0.5283938050270081,0.9711928963661194,0.00045448754099197686,0.0015472392551600933,1822.692138671875,201,384,0.27312904596328735,0.9621483683586121,2.5321205612272024e-05,5.688128112524282e-06,0.33122196793556213,9.741124813444912e-06,2.0205447981425095e-06,2.5630073650972918e-05,8.955514203989878e-05,0.0016092740697786212,0.7217440009117126,0.7233533263206482,0.38063257932662964,0.4617241322994232,0.10186555981636047,1.3672106433659792e-06,0.0006131808622740209,"-1,-0.4151953,-0.1762106,0,0.1762106,0.4151953,1",
1,128,transformer.h.3.attn.c_attn.weight,transformer.h.3.attn.c_attn.weight,"(1152, 384)",4,lloyd_per_tensor_oracle,0.2732734680175781,0.9620984792709351,0.14591683447360992,0.9893079996109009,0.5441402196884155,1.0045669078826904,1.096627950668335,,,0.00045448754099197686,0.0015472392551600933,1822.692138671875,201,384,0.2732734680175781,0.9620984792709351,2.530044730519876e-05,5.667131517839152e-06,0.32932084798812866,9.741124813444912e-06,2.0205447981425095e-06,2.5579696739441715e-05,8.995968528324738e-05,0.0015976150752976537,0.7206894159317017,0.7222870588302612,0.38058292865753174,0.46102654933929443,0.10178005695343018,1.3587618923338596e-06,0.000612941978033632,"-1,-0.4143009,-0.175056,0,0.175056,0.4143009,1",
1,128,transformer.h.3.attn.c_attn.weight,transformer.h.3.attn.c_attn.weight,"(1152, 384)",8,lloyd_global,0.271279901266098,0.9626825451850891,0.1150284856557846,0.9933646321296692,0.5990582704544067,0.9456551671028137,1.1021802425384521,0.5835935473442078,0.9125875234603882,0.00036245299270376563,0.0011707859812304378,1822.692138671875,201,384,0.271279901266098,0.9626825451850891,2.0384790332172997e-05,5.19375316798687e-06,0.3323296308517456,7.871220077504404e-06,1.5711552805441897e-06,2.0567196770571172e-05,6.942637992324308e-05,0.001550382236018777,0.7198113799095154,0.7213618159294128,0.3777278959751129,0.4664909243583679,0.10084649175405502,8.142379215314577e-07,0.0003780343395192176,"-1,-0.4198408,-0.1791116,0,0.1791116,0.4198408,1",
1,128,transformer.h.3.attn.c_attn.weight,transformer.h.3.attn.c_attn.weight,"(1152, 384)",8,lloyd_per_tensor_oracle,0.2715660333633423,0.962575376033783,0.11514804512262344,0.9933506846427917,0.5979853868484497,0.9472085237503052,1.1027508974075317,,,0.00036245299270376563,0.0011707859812304378,1822.692138671875,201,384,0.2715660333633423,0.962575376033783,2.0362480427138507e-05,5.166672053746879e-06,0.32829228043556213,7.871220077504404e-06,1.5711552805441897e-06,2.0518942619673908e-05,6.973982090130448e-05,0.0015866108005866408,0.7193475961685181,0.7209342122077942,0.3761183023452759,0.4668963551521301,0.10096626728773117,8.357320666618762e-07,0.00037890946259722114,"-1,-0.418975,-0.1766865,0,0.1766865,0.418975,1",
1,128,transformer.h.3.attn.c_proj.weight,transformer.h.3.attn.c_proj.weight,"(384, 384)",4,lloyd_global,0.2733444571495056,0.9620632529258728,0.14825467765331268,0.9889580607414246,0.5320605635643005,1.0267971754074097,1.1129213571548462,0.4826630651950836,1.0178534984588623,0.003971453290432692,0.0050119333900511265,63992.20703125,162,383,0.2733444571495056,0.9620632529258728,0.00022569907014258206,0.00020409224089235067,0.2707383930683136,9.923111065290868e-05,1.9945151507272385e-05,0.0002192521933466196,0.0006403559818863869,0.0012409815099090338,0.6317042708396912,0.6329452395439148,0.3104862570762634,0.4455280601978302,0.19609476625919342,1.4608373021474108e-05,0.0074361879378557205,"-1,-0.4151953,-0.1762106,0,0.1762106,0.4151953,1",
1,128,transformer.h.3.attn.c_proj.weight,transformer.h.3.attn.c_proj.weight,"(384, 384)",4,lloyd_per_tensor_oracle,0.2723888158798218,0.9625285267829895,0.14773811399936676,0.9890480041503906,0.5337731242179871,1.0243525505065918,1.1118807792663574,,,0.003971453290432692,0.0050119333900511265,63992.20703125,162,383,0.2723888158798218,0.9625285267829895,0.00022953626466915011,0.00021325546549633145,0.2943522036075592,9.923111065290868e-05,1.9945151507272385e-05,0.00022906452068127692,0.0005756429745815694,0.0011312043061479926,0.6396447420120239,0.6407759189605713,0.31546294689178467,0.44944140315055847,0.20041301846504211,1.3223168025433552e-05,0.007477101869881153,"-1,-0.4350507,-0.192415,0,0.192415,0.4350507,1",
1,128,transformer.h.3.attn.c_proj.weight,transformer.h.3.attn.c_proj.weight,"(384, 384)",8,lloyd_global,0.2711302936077118,0.962683916091919,0.11727327853441238,0.9931022524833679,0.5856472849845886,0.9703640937805176,1.1191141605377197,0.5305208563804626,0.9696317315101624,0.0031185802072286606,0.004095029551535845,63992.20703125,162,383,0.2711302936077118,0.962683916091919,0.00017912084877025336,0.00016281043644994497,0.2685953676700592,7.802074833307415e-05,1.5693858586018905e-05,0.00017342681530863047,0.0004927206318825483,0.0014752857387065887,0.6340028047561646,0.635478138923645,0.3154582679271698,0.445443332195282,0.19312869012355804,1.0863668649108149e-05,0.004668652545660734,"-1,-0.4198408,-0.1791116,0,0.1791116,0.4198408,1",
1,128,transformer.h.3.attn.c_proj.weight,transformer.h.3.attn.c_proj.weight,"(384, 384)",8,lloyd_per_tensor_oracle,0.2702724039554596,0.9631681442260742,0.1168920248746872,0.9931522011756897,0.5851604342460632,0.9718905687332153,1.120867371559143,,,0.0031185802072286606,0.004095029551535845,63992.20703125,162,383,0.2702724039554596,0.9631681442260742,0.00018194188305642456,0.00016952678561210632,0.2909477949142456,7.802074833307415e-05,1.5693858586018905e-05,0.00018077933054883033,0.0004460761556401849,0.001294311718083918,0.6437933444976807,0.6450875997543335,0.3192490041255951,0.45293551683425903,0.1954936683177948,9.47080297919456e-06,0.004710796754807234,"-1,-0.4381905,-0.1948079,0,0.1948079,0.4381905,1",
1,128,transformer.h.3.mlp.w1.weight,transformer.h.3.mlp.w1.weight,"(1024, 384)",4,lloyd_global,0.31503573060035706,0.9503186345100403,0.19624903798103333,0.9807361364364624,0.7480707764625549,0.692775309085846,0.9469143748283386,0.7652702331542969,0.6851792335510254,0.000793853250797838,0.0020166237372905016,177.78822326660156,66,384,0.31503573060035706,0.9503186345100403,4.0490467654308304e-05,3.5003991797566414e-05,0.3899637758731842,2.148445855709724e-05,4.461968728719512e-06,4.2936739191645756e-05,0.00011671369429677725,0.0005133918602950871,0.26752814650535583,0.2680415213108063,0.6098803877830505,0.31836187839508057,0.012842386029660702,2.486974608473247e-07,0.00012959606829099357,"-1,-0.4151953,-0.1762106,0,0.1762106,0.4151953,1",
1,128,transformer.h.3.mlp.w1.weight,transformer.h.3.mlp.w1.weight,"(1024, 384)",4,lloyd_per_tensor_oracle,0.31060919165611267,0.9513291716575623,0.19349586963653564,0.9812174439430237,0.7517907619476318,0.6877541542053223,0.9472085237503052,,,0.000793853250797838,0.0020166237372905016,177.78822326660156,66,384,0.31060919165611267,0.9513291716575623,3.927756552002393e-05,3.3336487831547856e-05,0.3609517514705658,2.148445855709724e-05,4.461968728719512e-06,4.085485124960542e-05,0.00012560986215248704,0.0006426756735891104,0.2597588002681732,0.26040148735046387,0.5958481431007385,0.31649288535118103,0.012196164578199387,3.1200750072457595e-07,0.00012610823614522815,"-1,-0.3992828,-0.161038,0,0.161038,0.3992828,1",
1,128,transformer.h.3.mlp.w1.weight,transformer.h.3.mlp.w1.weight,"(1024, 384)",8,lloyd_global,0.3090464174747467,0.9521928429603577,0.16450180113315582,0.9864717721939087,0.7882120609283447,0.6370959877967834,0.9530164003372192,0.8080008625984192,0.6196848154067993,0.0006596907041966915,0.001503306208178401,177.78822326660156,66,384,0.3090464174747467,0.9521928429603577,3.433410529396497e-05,3.0146518838591874e-05,0.3785807192325592,1.7513080820208415e-05,3.572495643311413e-06,3.62922583008185e-05,9.652835433371365e-05,0.0005662785843014717,0.2717757523059845,0.2723420262336731,0.6208007335662842,0.31115975975990295,0.010556764900684357,1.8942013468858931e-07,9.090895764529705e-05,"-1,-0.4198408,-0.1791116,0,0.1791116,0.4198408,1",
1,128,transformer.h.3.mlp.w1.weight,transformer.h.3.mlp.w1.weight,"(1024, 384)",8,lloyd_per_tensor_oracle,0.3050948977470398,0.9530302882194519,0.16240449249744415,0.9867833256721497,0.7908124923706055,0.6334307789802551,0.9539412260055542,,,0.0006596907041966915,0.001503306208178401,177.78822326660156,66,384,0.3050948977470398,0.9530302882194519,3.334368739160709e-05,2.873764606192708e-05,0.35101318359375,1.7513080820208415e-05,3.572495643311413e-06,3.456254489719868e-05,0.00010442239727126434,0.0007557036587968469,0.26298943161964417,0.26374512910842896,0.6028438210487366,0.30957651138305664,0.010474655777215958,2.5383445745319477e-07,8.833591709844768e-05,"-1,-0.4033057,-0.1642898,0,0.1642898,0.4033057,1",
1,128,transformer.h.3.mlp.w2.weight,transformer.h.3.mlp.w2.weight,"(1024, 384)",4,lloyd_global,0.3174942433834076,0.9494441747665405,0.19913537800312042,0.9801478385925293,0.7405451536178589,0.7025193572044373,0.9453188180923462,0.7577047944068909,0.6961340308189392,0.0007782814209349453,0.0018064999021589756,178.3756103515625,70,384,0.3174942433834076,0.9494441747665405,3.9647085941396654e-05,3.406978794373572e-05,0.39263662695884705,2.103248880302999e-05,4.3301556615915615e-06,4.207728852634318e-05,0.0001139115629484877,0.0005347707774490118,0.28100860118865967,0.28154340386390686,0.6057296991348267,0.3184286952018738,0.012871586717665195,2.542877837186097e-07,0.00013362184108700603,"-1,-0.4151953,-0.1762106,0,0.1762106,0.4151953,1",
1,128,transformer.h.3.mlp.w2.weight,transformer.h.3.mlp.w2.weight,"(1024, 384)",4,lloyd_per_tensor_oracle,0.31284207105636597,0.9505688548088074,0.19621986150741577,0.9806774854660034,0.7445042133331299,0.6971566677093506,0.9452638030052185,,,0.0007782814209349453,0.0018064999021589756,178.3756103515625,70,384,0.31284207105636597,0.9505688548088074,3.85226339858491e-05,3.255665069445968e-05,0.3643290102481842,2.103248880302999e-05,4.3301556615915615e-06,4.0210990846389905e-05,0.00012068408977938816,0.000587480899412185,0.2743748128414154,0.27496227622032166,0.5896079540252686,0.31761905550956726,0.013097228482365608,2.7895777066078153e-07,0.00013028335524722934,"-1,-0.4027499,-0.1613591,0,0.1613591,0.4027499,1",
1,128,transformer.h.3.mlp.w2.weight,transformer.h.3.mlp.w2.weight,"(1024, 384)",8,lloyd_global,0.313508540391922,0.9509074687957764,0.16760829091072083,0.9859580993652344,0.780430257320404,0.6475124359130859,0.9487599730491638,0.8007626533508301,0.6312568187713623,0.00065738515695557,0.0013166435528546572,178.3756103515625,70,384,0.313508540391922,0.9509074687957764,3.3986270864261314e-05,2.982682235597167e-05,0.38611093163490295,1.742803942761384e-05,3.5598927752289455e-06,3.6146313505014405e-05,9.450045763514936e-05,0.0004781848401762545,0.2880513668060303,0.28852954506874084,0.6142204403877258,0.31897109746932983,0.012186681851744652,1.5622693183559022e-07,9.41087564569898e-05,"-1,-0.4198408,-0.1791116,0,0.1791116,0.4198408,1",
1,128,transformer.h.3.mlp.w2.weight,transformer.h.3.mlp.w2.weight,"(1024, 384)",8,lloyd_per_tensor_oracle,0.30818888545036316,0.9520677328109741,0.1647643893957138,0.9863954186439514,0.7839971780776978,0.6426108479499817,0.9500994682312012,,,0.00065738515695557,0.0013166435528546572,178.3756103515625,70,384,0.30818888545036316,0.9520677328109741,3.281017052358948e-05,2.8190421289764345e-05,0.35363516211509705,1.742803942761384e-05,3.5598927752289455e-06,3.4151496947743e-05,0.00010284707968821749,0.0006567551172338426,0.2770938575267792,0.2777506411075592,0.5979231595993042,0.3131985366344452,0.011766062118113041,2.150701448044856e-07,9.074100671568885e-05,"-1,-0.401973,-0.1620039,0,0.1620039,0.401973,1",
1,128,transformer.h.3.mlp.c_proj.weight,transformer.h.3.mlp.c_proj.weight,"(384, 1024)",4,lloyd_global,0.368772953748703,0.9340039491653442,0.2624404728412628,0.9661242961883545,0.7012828588485718,0.760586678981781,0.9663875102996826,0.705238938331604,0.7678109407424927,0.004035109654068947,0.007781753316521645,120.61805725097656,17,384,0.368772953748703,0.9340039491653442,0.00018961179011967033,0.00017638754798099399,0.5150654911994934,0.00010159090743400156,2.0909605154884048e-05,0.00022348720813170075,0.0005834942567162216,0.00010685945744626224,0.07763355225324631,0.07774040848016739,0.6389000415802002,0.31438031792640686,0.01306841615587473,9.371462397211872e-07,0.0006808380712755024,"-1,-0.4151953,-0.1762106,0,0.1762106,0.4151953,1",
1,128,transformer.h.3.mlp.c_proj.weight,transformer.h.3.mlp.c_proj.weight,"(384, 1024)",4,lloyd_per_tensor_oracle,0.33101338148117065,0.9443540573120117,0.23556748032569885,0.9720451235771179,0.7362069487571716,0.7136531472206116,0.9626805186271667,,,0.004035109654068947,0.007781753316521645,120.61805725097656,17,384,0.33101338148117065,0.9443540573120117,0.00015776552027091384,0.0001372692931909114,0.38569894433021545,0.00010159090743400156,2.0909605154884048e-05,0.00017148339247796685,0.0008132804068736732,0.00021224790543783456,0.06590096652507782,0.06611321121454239,0.5711147785186768,0.3107979893684387,0.014375225640833378,1.7366465954182786e-06,0.0005392123712226748,"-1,-0.3284569,-0.1244555,0,0.1244555,0.3284569,1",
1,128,transformer.h.3.mlp.c_proj.weight,transformer.h.3.mlp.c_proj.weight,"(384, 1024)",8,lloyd_global,0.34892746806144714,0.9406238794326782,0.20689848065376282,0.9787694811820984,0.7638675570487976,0.6749247312545776,0.961367666721344,0.7715154886245728,0.6760029196739197,0.0030930463690310717,0.005200875923037529,120.61805725097656,17,384,0.34892746806144714,0.9406238794326782,0.0001503112871432677,0.00014166529581416398,0.47352346777915955,7.799737068125978e-05,1.595740468474105e-05,0.00017255873535759747,0.00045275097363628447,0.0001425392838427797,0.07859867066144943,0.07874121516942978,0.639385461807251,0.31534767150878906,0.012301220558583736,7.693566317357181e-07,0.00042423681588843465,"-1,-0.4198408,-0.1791116,0,0.1791116,0.4198408,1",
1,128,transformer.h.3.mlp.c_proj.weight,transformer.h.3.mlp.c_proj.weight,"(384, 1024)",8,lloyd_per_tensor_oracle,0.3209560215473175,0.9477440714836121,0.19030649960041046,0.9818018674850464,0.7880720496177673,0.6394285559654236,0.961037278175354,,,0.0030930463690310717,0.005200875923037529,120.61805725097656,17,384,0.3209560215473175,0.9477440714836121,0.00012889481149613857,0.00011411833111196756,0.36489614844322205,7.799737068125978e-05,1.595740468474105e-05,0.00013821855827700347,0.000629454618319869,0.00014496293442789465,0.06769971549510956,0.0678446814417839,0.5782029032707214,0.3101764917373657,0.012499412521719933,7.610723287143628e-07,0.0003554314316716045,"-1,-0.3372263,-0.132689,0,0.132689,0.3372263,1",
1,128,transformer.h.4.attn.c_attn.weight,transformer.h.4.attn.c_attn.weight,"(1152, 384)",4,lloyd_global,0.2748763859272003,0.961700975894928,0.12644875049591064,0.9919859766960144,0.542668342590332,1.0231834650039673,1.1269543170928955,0.5183036923408508,0.9815268516540527,0.0004138219519518316,0.0014061706606298685,2603.2822265625,196,384,0.2748763859272003,0.961700975894928,2.307681461388711e-05,5.093852450954728e-06,0.3301798403263092,9.011012480186764e-06,1.7917697050506831e-06,2.337227124371566e-05,7.821712642908096e-05,0.0020181224681437016,0.730459451675415,0.732477605342865,0.3769609332084656,0.4639333188533783,0.10781745612621307,1.4370134522323497e-06,0.0005201270105317235,"-1,-0.4151953,-0.1762106,0,0.1762106,0.4151953,1",
1,128,transformer.h.4.attn.c_attn.weight,transformer.h.4.attn.c_attn.weight,"(1152, 384)",4,lloyd_per_tensor_oracle,0.2749503254890442,0.9616732001304626,0.12648233771324158,0.991982638835907,0.5427479147911072,1.023008108139038,1.1268011331558228,,,0.0004138219519518316,0.0014061706606298685,2603.2822265625,196,384,0.2749503254890442,0.9616732001304626,2.30916357395472e-05,5.092897026770515e-06,0.32926657795906067,9.011012480186764e-06,1.7917697050506831e-06,2.3417072952724993e-05,7.779535371810198e-05,0.001958611886948347,0.7306578159332275,0.7326164245605469,0.37734687328338623,0.4641543924808502,0.10770735144615173,1.395262074765924e-06,0.0005205008201301098,"-1,-0.4162747,-0.1756321,0,0.1756321,0.4162747,1",
1,128,transformer.h.4.attn.c_attn.weight,transformer.h.4.attn.c_attn.weight,"(1152, 384)",8,lloyd_global,0.272046834230423,0.962448239326477,0.09857078641653061,0.9951354265213013,0.6008521914482117,0.9619001746177673,1.135895848274231,0.5697120428085327,0.9276743531227112,0.0003265203267801553,0.0012601304333657026,2603.2822265625,196,384,0.272046834230423,0.962448239326477,1.8433634977554902e-05,4.769890438183211e-06,0.3332044780254364,7.030567758192774e-06,1.384335405418824e-06,1.8562268451205455e-05,6.418997509172186e-05,0.0022397113498300314,0.7284232378005981,0.7306629419326782,0.3737969398498535,0.4648110568523407,0.10657089948654175,9.659070201450959e-07,0.0003141427878290415,"-1,-0.4198408,-0.1791116,0,0.1791116,0.4198408,1",
1,128,transformer.h.4.attn.c_attn.weight,transformer.h.4.attn.c_attn.weight,"(1152, 384)",8,lloyd_per_tensor_oracle,0.2724108099937439,0.9623425006866455,0.09870153665542603,0.9951220750808716,0.5998833179473877,0.9625194668769836,1.1349527835845947,,,0.0003265203267801553,0.0012601304333657026,2603.2822265625,196,384,0.2724108099937439,0.9623425006866455,1.8388180251349695e-05,4.735833499580622e-06,0.32855677604675293,7.030567758192774e-06,1.384335405418824e-06,1.8443830413161777e-05,6.516819121316075e-05,0.0023192167282104492,0.7254058122634888,0.7277250289916992,0.37249067425727844,0.4636807143688202,0.10651610046625137,1.0038589834948652e-06,0.0003139875188935548,"-1,-0.4169141,-0.1762663,0,0.1762663,0.4169141,1",
1,128,transformer.h.4.attn.c_proj.weight,transformer.h.4.attn.c_proj.weight,"(384, 384)",4,lloyd_global,0.2732087969779968,0.9622083902359009,0.13811293244361877,0.9904437065124512,0.5308365821838379,1.0338146686553955,1.1229169368743896,0.4749434292316437,1.0247503519058228,0.0035587192978709936,0.005029626190662384,352898.59375,169,384,0.2732087969779968,0.9622083902359009,0.0002014140336541459,0.00018171151168644428,0.2716335654258728,8.983014413388446e-05,1.7906160792335868e-05,0.00019552760932128876,0.0005709245451726019,0.001364480354823172,0.6565213799476624,0.6578858494758606,0.3148098587989807,0.4462868869304657,0.1986330896615982,1.28248557302868e-05,0.006170694716274738,"-1,-0.4151953,-0.1762106,0,0.1762106,0.4151953,1",
1,128,transformer.h.4.attn.c_proj.weight,transformer.h.4.attn.c_proj.weight,"(384, 384)",4,lloyd_per_tensor_oracle,0.27278587222099304,0.9625319242477417,0.13790439069271088,0.9904899597167969,0.531073272228241,1.034839153289795,1.1251521110534668,,,0.0035587192978709936,0.005029626190662384,352898.59375,169,384,0.27278587222099304,0.9625319242477417,0.0002047203597612679,0.00018864101730287075,0.2934502363204956,8.983014413388446e-05,1.7906160792335868e-05,0.00020347806275822222,0.0005222023464739323,0.00146729766856879,0.6663501262664795,0.6678174138069153,0.3153654932975769,0.4550802707672119,0.19942791759967804,1.3748577657679562e-05,0.006243700161576271,"-1,-0.4324715,-0.1909249,0,0.1909249,0.4324715,1",
1,128,transformer.h.4.attn.c_proj.weight,transformer.h.4.attn.c_proj.weight,"(384, 384)",8,lloyd_global,0.2730240821838379,0.9622049331665039,0.10948677361011505,0.9940016865730286,0.5842399001121521,0.9787799119949341,1.131363868713379,0.5199095606803894,0.9792508482933044,0.0028459979221224785,0.0036018677055835724,352898.59375,169,384,0.2730240821838379,0.9622049331665039,0.00016069678531493992,0.00014648056821897626,0.2779134213924408,7.15993664925918e-05,1.4356102838064544e-05,0.0001577831426402554,0.00044854567386209965,0.0016832189867272973,0.6534895896911621,0.6551728248596191,0.3124006986618042,0.4458822011947632,0.19865183532238007,9.940293239196762e-06,0.003859199583530426,"-1,-0.4198408,-0.1791116,0,0.1791116,0.4198408,1",
1,128,transformer.h.4.attn.c_proj.weight,transformer.h.4.attn.c_proj.weight,"(384, 384)",8,lloyd_per_tensor_oracle,0.2726230323314667,0.9624729752540588,0.1093238890171051,0.9940260052680969,0.5851284265518188,0.9783239960670471,1.1323882341384888,,,0.0028459979221224785,0.0036018677055835724,352898.59375,169,384,0.2726230323314667,0.9624729752540588,0.000162527896463871,0.000150795909576118,0.2952609658241272,7.15993664925918e-05,1.4356102838064544e-05,0.00016207034059334546,0.00042184870108030736,0.0016690753400325775,0.6609189510345459,0.6625880002975464,0.3153190314769745,0.45022112131118774,0.20034824311733246,9.827829671849031e-06,0.0038916151970624924,"-1,-0.4313114,-0.1908688,0,0.1908688,0.4313114,1",
1,128,transformer.h.4.mlp.w1.weight,transformer.h.4.mlp.w1.weight,"(1024, 384)",4,lloyd_global,0.3116353154182434,0.9514984488487244,0.1758948117494583,0.9845406413078308,0.7217544913291931,0.7230463624000549,0.930840790271759,0.7516518831253052,0.7047716975212097,0.0007116969209164381,0.001769323367625475,219.53265380859375,107,384,0.3116353154182434,0.9514984488487244,3.6521345464279875e-05,3.1717136153019965e-05,0.38252004981040955,1.8938453649752773e-05,3.836454652628163e-06,3.863811434712261e-05,0.0001070214930223301,0.0009724675328470767,0.4199860692024231,0.420958548784256,0.6015095710754395,0.3282082676887512,0.016923265531659126,3.774037224957283e-07,0.00016299186972901225,"-1,-0.4151953,-0.1762106,0,0.1762106,0.4151953,1",
1,128,transformer.h.4.mlp.w1.weight,transformer.h.4.mlp.w1.weight,"(1024, 384)",4,lloyd_per_tensor_oracle,0.30723312497138977,0.9524868130683899,0.1734074056148529,0.9849376082420349,0.7259621620178223,0.7181482315063477,0.9327247738838196,,,0.0007116969209164381,0.001769323367625475,219.53265380859375,107,384,0.30723312497138977,0.9524868130683899,3.538475721143186e-05,3.0158138542901725e-05,0.353118896484375,1.8938453649752773e-05,3.836454652628163e-06,3.667809141916223e-05,0.00011588674533413723,0.0010623977286741138,0.40849000215530396,0.4095524251461029,0.5890652537345886,0.32261037826538086,0.017719028517603874,4.121759218378429e-07,0.00015848089242354035,"-1,-0.3976239,-0.1609998,0,0.1609998,0.3976239,1",
1,128,transformer.h.4.mlp.w1.weight,transformer.h.4.mlp.w1.weight,"(1024, 384)",8,lloyd_global,0.30304843187332153,0.954003632068634,0.14532074332237244,0.9894503951072693,0.769095242023468,0.6628032922744751,0.9446057677268982,0.8018271923065186,0.629566490650177,0.0005780804785899818,0.0013771785888820887,219.53265380859375,107,384,0.30304843187332153,0.954003632068634,3.0413075364776887e-05,2.6844703825190663e-05,0.3661702573299408,1.5159558643063065e-05,3.0815911031822907e-06,3.1813218811294064e-05,8.648056245874614e-05,0.0010913934092968702,0.41953355073928833,0.4206249415874481,0.6071471571922302,0.3197934925556183,0.015369958244264126,2.8776651106454665e-07,0.00011061795521527529,"-1,-0.4198408,-0.1791116,0,0.1791116,0.4198408,1",
1,128,transformer.h.4.mlp.w1.weight,transformer.h.4.mlp.w1.weight,"(1024, 384)",8,lloyd_per_tensor_oracle,0.30034708976745605,0.9545590281486511,0.14402823150157928,0.9896249175071716,0.7704607248306274,0.661283552646637,0.9462447166442871,,,0.0005780804785899818,0.0013771785888820887,219.53265380859375,107,384,0.30034708976745605,0.9545590281486511,2.9738745070062578e-05,2.5881832698360085e-05,0.3440043032169342,1.5159558643063065e-05,3.0815911031822907e-06,3.062381438212469e-05,9.18943842407316e-05,0.001129639451391995,0.41096556186676025,0.41209518909454346,0.5986292362213135,0.3161167800426483,0.01537642814218998,2.998418437982764e-07,0.00010908317926805466,"-1,-0.4070243,-0.166911,0,0.166911,0.4070243,1",
1,128,transformer.h.4.mlp.w2.weight,transformer.h.4.mlp.w2.weight,"(1024, 384)",4,lloyd_global,0.31311967968940735,0.9509407877922058,0.1822294443845749,0.98338383436203,0.7167873978614807,0.7288169860839844,0.9287998676300049,0.7451565861701965,0.7139301300048828,0.0006997431046329439,0.0016981229418888688,225.26889038085938,106,384,0.31311967968940735,0.9509407877922058,3.585273589123972e-05,3.108990495093167e-05,0.3876291811466217,1.8703083696891554e-05,3.799718570007826e-06,3.79611155949533e-05,0.00010623465641401708,0.0007853336283005774,0.40722349286079407,0.4080088436603546,0.5865389108657837,0.33866214752197266,0.018283508718013763,3.034732856121991e-07,0.0001573617191752419,"-1,-0.4151953,-0.1762106,0,0.1762106,0.4151953,1",
1,128,transformer.h.4.mlp.w2.weight,transformer.h.4.mlp.w2.weight,"(1024, 384)",4,lloyd_per_tensor_oracle,0.30867329239845276,0.951909601688385,0.1796402931213379,0.9838117957115173,0.7195997834205627,0.7261601090431213,0.9320246577262878,,,0.0006997431046329439,0.0016981229418888688,225.26889038085938,106,384,0.30867329239845276,0.951909601688385,3.469530929578468e-05,2.9472677852027118e-05,0.3568267822265625,1.8703083696891554e-05,3.799718570007826e-06,3.598543116822839e-05,0.00011482330592116341,0.000906823726836592,0.39492878317832947,0.39583560824394226,0.5733879804611206,0.3334326148033142,0.017338789999485016,3.525182137309457e-07,0.00015352442278526723,"-1,-0.3982252,-0.1602822,0,0.1602822,0.3982252,1",
1,128,transformer.h.4.mlp.w2.weight,transformer.h.4.mlp.w2.weight,"(1024, 384)",8,lloyd_global,0.3095811605453491,0.9521435499191284,0.15273091197013855,0.9883459210395813,0.7579125761985779,0.6774716973304749,0.9406402707099915,0.78975510597229,0.6484581232070923,0.0005804519169032574,0.0014244933845475316,225.26889038085938,106,384,0.3095811605453491,0.9521435499191284,3.0263066946645267e-05,2.648483496159315e-05,0.37887826561927795,1.5411633285111748e-05,3.1258757644536672e-06,3.192720396327786e-05,8.708281529834494e-05,0.0009170789271593094,0.4118534028530121,0.41277047991752625,0.5984123349189758,0.332439661026001,0.016536066308617592,2.4650177010698826e-07,0.00011070213804487139,"-1,-0.4198408,-0.1791116,0,0.1791116,0.4198408,1",
1,128,transformer.h.4.mlp.w2.weight,transformer.h.4.mlp.w2.weight,"(1024, 384)",8,lloyd_per_tensor_oracle,0.30544373393058777,0.9529964923858643,0.15068794786930084,0.9886343479156494,0.7619744539260864,0.6725053191184998,0.9432461261749268,,,0.0005804519169032574,0.0014244933845475316,225.26889038085938,106,384,0.30544373393058777,0.9529964923858643,2.9302615075721405e-05,2.5123925297521055e-05,0.34930166602134705,1.5411633285111748e-05,3.1258757644536672e-06,3.0248862458392978e-05,9.504524496151134e-05,0.0010951077565550804,0.3986205458641052,0.3997156620025635,0.5851996541023254,0.3284808397293091,0.01697359047830105,2.9623470254591666e-07,0.00010782979370560497,"-1,-0.4009855,-0.1632999,0,0.1632999,0.4009855,1",
1,128,transformer.h.4.mlp.c_proj.weight,transformer.h.4.mlp.c_proj.weight,"(384, 1024)",4,lloyd_global,0.366021066904068,0.9350340962409973,0.2365509271621704,0.9723678827285767,0.6989133358001709,0.7579342126846313,0.9497882127761841,0.7096705436706543,0.7620153427124023,0.003640406532213092,0.006369761656969786,165.2520294189453,55,384,0.366021066904068,0.9350340962409973,0.00017142105207312852,0.0001609307073522359,0.5125605463981628,9.183240763377398e-05,1.8769818780128844e-05,0.00020203027816023678,0.0005344558740034699,0.0004299269348848611,0.240702286362648,0.2411322146654129,0.6465728878974915,0.30829861760139465,0.012987936846911907,3.0168669127306202e-06,0.0016890468541532755,"-1,-0.4151953,-0.1762106,0,0.1762106,0.4151953,1",
1,128,transformer.h.4.mlp.c_proj.weight,transformer.h.4.mlp.c_proj.weight,"(384, 1024)",4,lloyd_per_tensor_oracle,0.32855167984962463,0.9451271295547485,0.21234525740146637,0.9773067235946655,0.7325485348701477,0.7150661945343018,0.9514964818954468,,,0.003640406532213092,0.006369761656969786,165.2520294189453,55,384,0.32855167984962463,0.9451271295547485,0.00014201046724338084,0.00012462673475965858,0.3808085024356842,9.183240763377398e-05,1.8769818780128844e-05,0.00015419819101225585,0.0007566338172182441,0.0004365895001683384,0.206388458609581,0.20682506263256073,0.5760262608528137,0.30198222398757935,0.01438059937208891,2.8819608814956155e-06,0.0013623861595988274,"-1,-0.3244766,-0.1236567,0,0.1236567,0.3244766,1",
1,128,transformer.h.4.mlp.c_proj.weight,transformer.h.4.mlp.c_proj.weight,"(384, 1024)",8,lloyd_global,0.3534264862537384,0.939269483089447,0.1924179643392563,0.9816599488258362,0.7530689239501953,0.6866310834884644,0.9494546055793762,0.7680714130401611,0.6810774803161621,0.002884317422285676,0.004811829887330532,165.2520294189453,55,384,0.3534264862537384,0.939269483089447,0.00013942520308773965,0.00013066199608147144,0.48153433203697205,7.306405314011499e-05,1.490518025093479e-05,0.00016103993402794003,0.00040757295209914446,0.0003581599157769233,0.2449558526277542,0.24531401693820953,0.6450863480567932,0.3105335831642151,0.013331163674592972,1.6600778280917439e-06,0.0011353748850524426,"-1,-0.4198408,-0.1791116,0,0.1791116,0.4198408,1",
1,128,transformer.h.4.mlp.c_proj.weight,transformer.h.4.mlp.c_proj.weight,"(384, 1024)",8,lloyd_per_tensor_oracle,0.3215528428554535,0.9475032687187195,0.17507202923297882,0.9846145510673523,0.7768591046333313,0.654442548751831,0.9551761150360107,,,0.002884317422285676,0.004811829887330532,165.2520294189453,55,384,0.3215528428554535,0.9475032687187195,0.0001186389199574478,0.00010483695950824767,0.3697255551815033,7.306405314011499e-05,1.490518025093479e-05,0.00012783208512701094,0.0005695089348591864,0.0006855084793642163,0.2122780978679657,0.21296361088752747,0.5836873054504395,0.3005140423774719,0.014367891475558281,3.0101837182883173e-06,0.0009321490651927888,"-1,-0.3369882,-0.131571,0,0.131571,0.3369882,1",
1,128,transformer.h.5.attn.c_attn.weight,transformer.h.5.attn.c_attn.weight,"(1152, 384)",4,lloyd_global,0.2774932384490967,0.9610392451286316,0.11037842929363251,0.9938991665840149,0.5447092652320862,1.0357550382614136,1.1525698900222778,0.5128238797187805,0.9870943427085876,0.000396998249925673,0.0015101453755050898,3566.932861328125,193,384,0.2774932384490967,0.9610392451286316,2.1664262021658942e-05,4.606448783306405e-06,0.3338419497013092,8.902385161491111e-06,1.7640686564845964e-06,2.2296319002634846e-05,6.858486449345946e-05,0.0017965234583243728,0.7347177267074585,0.7365142703056335,0.3756465017795563,0.46643638610839844,0.11033349484205246,1.118194404625683e-06,0.00045730394776910543,"-1,-0.4151953,-0.1762106,0,0.1762106,0.4151953,1",
1,128,transformer.h.5.attn.c_attn.weight,transformer.h.5.attn.c_attn.weight,"(1152, 384)",4,lloyd_per_tensor_oracle,0.277572900056839,0.9609546661376953,0.11040915548801422,0.9938946962356567,0.5446591973304749,1.0358511209487915,1.1526392698287964,,,0.000396998249925673,0.0015101453755050898,3566.932861328125,193,384,0.277572900056839,0.9609546661376953,2.1577727238764055e-05,4.569106749841012e-06,0.32873988151550293,8.902385161491111e-06,1.7640686564845964e-06,2.2105619791545905e-05,6.994417344685644e-05,0.0018984383204951882,0.7314184904098511,0.733316957950592,0.37506628036499023,0.46429476141929626,0.109805628657341,1.1841934792755637e-06,0.00045623868936672807,"-1,-0.4113086,-0.1731981,0,0.1731981,0.4113086,1",
1,128,transformer.h.5.attn.c_attn.weight,transformer.h.5.attn.c_attn.weight,"(1152, 384)",8,lloyd_global,0.27197280526161194,0.9625090956687927,0.08505107462406158,0.9963799715042114,0.612627387046814,0.9599646329879761,1.1574580669403076,0.5694525241851807,0.927953839302063,0.00030293528106994927,0.0010016963351517916,3566.932861328125,193,384,0.27197280526161194,0.9625090956687927,1.7045516869984567e-05,4.2900865082629025e-06,0.33078116178512573,6.544955795106944e-06,1.3202965192249394e-06,1.7247462892555632e-05,5.656388748320751e-05,0.0026197938714176416,0.7329473495483398,0.7355671525001526,0.3746899962425232,0.46666219830513,0.1071043461561203,9.628654424886918e-07,0.00026938365772366524,"-1,-0.4198408,-0.1791116,0,0.1791116,0.4198408,1",
1,128,transformer.h.5.attn.c_attn.weight,transformer.h.5.attn.c_attn.weight,"(1152, 384)",8,lloyd_per_tensor_oracle,0.27220994234085083,0.9624385833740234,0.08512978255748749,0.9963728785514832,0.6118912100791931,0.9613389372825623,1.1583173274993896,,,0.00030293528106994927,0.0010016963351517916,3566.932861328125,193,384,0.27220994234085083,0.9624385833740234,1.7021049643517472e-05,4.2703923099907115e-06,0.3276095986366272,6.544955795106944e-06,1.3202965192249394e-06,1.7187752746394835e-05,5.7012191973626614e-05,0.0027028974145650864,0.7313653826713562,0.7340683341026306,0.37436699867248535,0.46531644463539124,0.1070479080080986,9.963287084246986e-07,0.00026959230308420956,"-1,-0.4183118,-0.1770632,0,0.1770632,0.4183118,1",
1,128,transformer.h.5.attn.c_proj.weight,transformer.h.5.attn.c_proj.weight,"(384, 384)",4,lloyd_global,0.2752606272697449,0.9615432024002075,0.11079255491495132,0.9938462972640991,0.5395706295967102,1.0428410768508911,1.154917597770691,0.47842249274253845,1.0206854343414307,0.0033030302729457617,0.004568989388644695,132795.75,174,384,0.2752606272697449,0.9615432024002075,0.00018605604418553412,0.00016881065675988793,0.2781711220741272,8.272287232102826e-05,1.6682468412909657e-05,0.00018239443306811154,0.0005308788386173546,0.0017492227489128709,0.6685276031494141,0.6702768206596375,0.3136380910873413,0.4456974267959595,0.19439667463302612,1.3917892829340417e-05,0.005319217219948769,"-1,-0.4151953,-0.1762106,0,0.1762106,0.4151953,1",
1,128,transformer.h.5.attn.c_proj.weight,transformer.h.5.attn.c_proj.weight,"(384, 384)",4,lloyd_per_tensor_oracle,0.2748362123966217,0.9618401527404785,0.11063017696142197,0.9938656091690063,0.5362623333930969,1.0468987226486206,1.155595064163208,,,0.0033030302729457617,0.004568989388644695,132795.75,174,384,0.2748362123966217,0.9618401527404785,0.000188856094609946,0.00017531478079035878,0.2983601987361908,8.272287232102826e-05,1.6682468412909657e-05,0.00018889181956183165,0.0004901074571534991,0.0015860303537920117,0.6761766076087952,0.6777626276016235,0.3155444264411926,0.4520307183265686,0.19721215963363647,1.2580532711581327e-05,0.005363492760807276,"-1,-0.4303179,-0.1893261,0,0.1893261,0.4303179,1",
1,128,transformer.h.5.attn.c_proj.weight,transformer.h.5.attn.c_proj.weight,"(384, 384)",8,lloyd_global,0.27461835741996765,0.9618253707885742,0.08828578889369965,0.9960967302322388,0.5959758162498474,0.9799910187721252,1.157728910446167,0.513508141040802,0.9857584834098816,0.002642868785187602,0.0038726814091205597,132795.75,174,384,0.27461835741996765,0.9618253707885742,0.00014899544476065785,0.00013634352944791317,0.2812567949295044,6.643105007242411e-05,1.3286799912748393e-05,0.00014724369975738227,0.00041299493750557303,0.00246066483668983,0.6687042117118835,0.671164870262146,0.31716644763946533,0.4473418593406677,0.1952739804983139,1.2425248314684723e-05,0.0033766545820981264,"-1,-0.4198408,-0.1791116,0,0.1791116,0.4198408,1",
1,128,transformer.h.5.attn.c_proj.weight,transformer.h.5.attn.c_proj.weight,"(384, 384)",8,lloyd_per_tensor_oracle,0.2744919955730438,0.9619889259338379,0.08825335651636124,0.9961000084877014,0.5962082147598267,0.9804903268814087,1.1590791940689087,,,0.002642868785187602,0.0038726814091205597,132795.75,174,384,0.2744919955730438,0.9619889259338379,0.00015037186676636338,0.0001396228326484561,0.2962782084941864,6.643105007242411e-05,1.3286799912748393e-05,0.00015021306171547621,0.00039566942723467946,0.0021976453717797995,0.6732277870178223,0.6754254698753357,0.3168520927429199,0.4530189633369446,0.1960434913635254,1.108690230466891e-05,0.0033963671885430813,"-1,-0.4279368,-0.1889737,0,0.1889737,0.4279368,1",
1,128,transformer.h.5.mlp.w1.weight,transformer.h.5.mlp.w1.weight,"(1024, 384)",4,lloyd_global,0.3048078417778015,0.9533140659332275,0.1762561947107315,0.9844551682472229,0.7162994146347046,0.7294485569000244,0.9288465976715088,0.7472331523895264,0.7110151052474976,0.0006240735528990626,0.0017131211934611201,214.59706115722656,101,384,0.3048078417778015,0.9533140659332275,3.255536648794077e-05,2.8392300009727478e-05,0.3608805239200592,1.6738937119953334e-05,3.405095185371465e-06,3.3868971513584256e-05,9.389405022375286e-05,0.0010536662302911282,0.3978775143623352,0.3989311754703522,0.5919152498245239,0.326872318983078,0.015528915449976921,3.2514827807972324e-07,0.0001227800385095179,"-1,-0.4151953,-0.1762106,0,0.1762106,0.4151953,1",
1,128,transformer.h.5.mlp.w1.weight,transformer.h.5.mlp.w1.weight,"(1024, 384)",4,lloyd_per_tensor_oracle,0.3028319776058197,0.9537641406059265,0.17511439323425293,0.9846405386924744,0.7187386155128479,0.7264677286148071,0.9292996525764465,,,0.0006240735528990626,0.0017131211934611201,214.59706115722656,101,384,0.3028319776058197,0.9537641406059265,3.205198663636111e-05,2.7594091079663485e-05,0.3442637026309967,1.6738937119953334e-05,3.405095185371465e-06,3.300405660411343e-05,9.75268121692352e-05,0.0010025545489042997,0.3924518823623657,0.3934544324874878,0.5877637267112732,0.323552668094635,0.01514981035143137,3.0945969342610624e-07,0.00012113858247175813,"-1,-0.4071638,-0.1671491,0,0.1671491,0.4071638,1",
1,128,transformer.h.5.mlp.w1.weight,transformer.h.5.mlp.w1.weight,"(1024, 384)",8,lloyd_global,0.30072444677352905,0.9545721411705017,0.14742305874824524,0.9891243577003479,0.7603346705436707,0.6741415858268738,0.9408045411109924,0.7939980626106262,0.6418823599815369,0.0005181275773793459,0.0012589151738211513,214.59706115722656,101,384,0.30072444677352905,0.9545721411705017,2.7448899345472455e-05,2.424109698040411e-05,0.35367074608802795,1.3766214578936342e-05,2.8020097033731872e-06,2.8457512598834e-05,7.769351941533387e-05,0.0010733673116192222,0.4026376008987427,0.4037109613418579,0.5969803333282471,0.32256177067756653,0.015365525148808956,2.2890228024152748e-07,8.586498734075576e-05,"-1,-0.4198408,-0.1791116,0,0.1791116,0.4198408,1",
1,128,transformer.h.5.mlp.w1.weight,transformer.h.5.mlp.w1.weight,"(1024, 384)",8,lloyd_per_tensor_oracle,0.2989614009857178,0.9549102187156677,0.14656035602092743,0.9892417788505554,0.761954128742218,0.6722235679626465,0.9420960545539856,,,0.0005181275773793459,0.0012589151738211513,214.59706115722656,101,384,0.2989614009857178,0.9549102187156677,2.7028530894313008e-05,2.357899211347103e-05,0.33782958984375,1.3766214578936342e-05,2.8020097033731872e-06,2.7694133677869104e-05,8.144900493789464e-05,0.0011661932803690434,0.39733439683914185,0.39850059151649475,0.5877854824066162,0.3215658664703369,0.015292397700250149,2.4937551756920584e-07,8.496487862430513e-05,"-1,-0.4101047,-0.17023,0,0.17023,0.4101047,1",
1,128,transformer.h.5.mlp.w2.weight,transformer.h.5.mlp.w2.weight,"(1024, 384)",4,lloyd_global,0.30662083625793457,0.9527999758720398,0.17732977867126465,0.9842507243156433,0.7146804332733154,0.7310898900032043,0.9274047017097473,0.7455154061317444,0.7134284377098083,0.0006071525276638567,0.0020706341601908207,219.9932861328125,101,384,0.30662083625793457,0.9527999758720398,3.148386531393044e-05,2.743659570114687e-05,0.36551666259765625,1.6280140698654577e-05,3.3657336189207854e-06,3.283181649749167e-05,9.108951053349301e-05,0.0007913568988442421,0.3924647271633148,0.3932560980319977,0.5921973586082458,0.32737356424331665,0.01668745093047619,2.2802858268278214e-07,0.00011308825924061239,"-1,-0.4151953,-0.1762106,0,0.1762106,0.4151953,1",
1,128,transformer.h.5.mlp.w2.weight,transformer.h.5.mlp.w2.weight,"(1024, 384)",4,lloyd_per_tensor_oracle,0.3042719066143036,0.953315019607544,0.17596948146820068,0.9844680428504944,0.7148304581642151,0.7311911582946777,0.9284089803695679,,,0.0006071525276638567,0.0020706341601908207,219.9932861328125,101,384,0.3042719066143036,0.953315019607544,3.0926941690267995e-05,2.6592679205350578e-05,0.3468170166015625,1.6280140698654577e-05,3.3657336189207854e-06,3.1873874831944704e-05,9.516494174022228e-05,0.0010564734693616629,0.3858451843261719,0.3869016766548157,0.582019031047821,0.3254207372665405,0.01672624796628952,3.053619650472683e-07,0.00011152427759952843,"-1,-0.4059177,-0.1661323,0,0.1661323,0.4059177,1",
1,128,transformer.h.5.mlp.w2.weight,transformer.h.5.mlp.w2.weight,"(1024, 384)",8,lloyd_global,0.30277013778686523,0.9540368914604187,0.1474718302488327,0.9891139268875122,0.7583704590797424,0.6766675114631653,0.9400136470794678,0.7924849987030029,0.6442353129386902,0.0005010837339796126,0.001226984546519816,219.9932861328125,101,384,0.30277013778686523,0.9540368914604187,2.6429310310049914e-05,2.3340631742030382e-05,0.35958608984947205,1.3238853171060327e-05,2.6890597837336827e-06,2.755464447545819e-05,7.533031748607755e-05,0.000988147919997573,0.3982205390930176,0.3992086946964264,0.5984041094779968,0.325562983751297,0.016292352229356766,1.9565423770018242e-07,7.884804654167965e-05,"-1,-0.4198408,-0.1791116,0,0.1791116,0.4198408,1",
1,128,transformer.h.5.mlp.w2.weight,transformer.h.5.mlp.w2.weight,"(1024, 384)",8,lloyd_per_tensor_oracle,0.3001863360404968,0.9545793533325195,0.14621224999427795,0.9892854690551758,0.75982266664505,0.6752568483352661,0.9422882795333862,,,0.0005010837339796126,0.001226984546519816,219.9932861328125,101,384,0.3001863360404968,0.9545793533325195,2.5860814275802113e-05,2.2503088985104114e-05,0.33905282616615295,1.3238853171060327e-05,2.6890597837336827e-06,2.653756018844433e-05,8.034740312723443e-05,0.0011708912206813693,0.38941672444343567,0.39058759808540344,0.5863579511642456,0.3232857584953308,0.0165158212184906,2.3387369196825603e-07,7.778205326758325e-05,"-1,-0.406382,-0.1676873,0,0.1676873,0.406382,1",
1,128,transformer.h.5.mlp.c_proj.weight,transformer.h.5.mlp.c_proj.weight,"(384, 1024)",4,lloyd_global,0.33520641922950745,0.9448032975196838,0.22050713002681732,0.9759082198143005,0.7313910722732544,0.7185965180397034,0.9578989148139954,0.7400947213172913,0.7209855318069458,0.002850472927093506,0.004486713092774153,144.5958251953125,42,384,0.33520641922950745,0.9448032975196838,0.0001390472025377676,0.00013036036398261786,0.44377389550209045,7.191475015133619e-05,1.4619212379329838e-05,0.00015685691323596984,0.0004315255500841886,0.00038737713475711644,0.18771469593048096,0.18810208141803741,0.6541429758071899,0.29798489809036255,0.010840058326721191,1.805865849746624e-06,0.0008750840788707137,"-1,-0.4151953,-0.1762106,0,0.1762106,0.4151953,1",
1,128,transformer.h.5.mlp.c_proj.weight,transformer.h.5.mlp.c_proj.weight,"(384, 1024)",4,lloyd_per_tensor_oracle,0.31461477279663086,0.9498262405395508,0.20696206390857697,0.978464663028717,0.7512754201889038,0.6916680335998535,0.9581835269927979,,,0.002850472927093506,0.004486713092774153,144.5958251953125,42,384,0.31461477279663086,0.9498262405395508,0.00012259419600013644,0.0001086429983843118,0.3547210693359375,7.191475015133619e-05,1.4619212379329838e-05,0.00013055528688710183,0.0005743791116401553,0.0003009194042533636,0.16855673491954803,0.1688576489686966,0.6010752320289612,0.29155203700065613,0.012244666926562786,1.3716258990825736e-06,0.000768301310017705,"-1,-0.3435093,-0.1369621,0,0.1369621,0.3435093,1",
1,128,transformer.h.5.mlp.c_proj.weight,transformer.h.5.mlp.c_proj.weight,"(384, 1024)",8,lloyd_global,0.32990866899490356,0.9464482069015503,0.1824837327003479,0.9834515452384949,0.7785506248474121,0.6524702310562134,0.9570210576057434,0.7905831336975098,0.6471813917160034,0.00232558767311275,0.0035745773930102587,144.5958251953125,42,384,0.32990866899490356,0.9464482069015503,0.00011535632802406326,0.000108372449176386,0.42773690819740295,5.887879160582088e-05,1.1864715816045646e-05,0.0001291811786359176,0.0003382878203410655,0.00032231645309366286,0.19069311022758484,0.19101543724536896,0.6525560021400452,0.29759514331817627,0.011556181125342846,1.0212468168901978e-06,0.0006042035529389977,"-1,-0.4198408,-0.1791116,0,0.1791116,0.4198408,1",
1,128,transformer.h.5.mlp.c_proj.weight,transformer.h.5.mlp.c_proj.weight,"(384, 1024)",8,lloyd_per_tensor_oracle,0.31038764119148254,0.9511597156524658,0.17168773710727692,0.9852073788642883,0.7950986623764038,0.6285890340805054,0.9603164792060852,,,0.00232558767311275,0.0035745773930102587,144.5958251953125,42,384,0.31038764119148254,0.9511597156524658,0.00010279760317644104,9.200762724503875e-05,0.3481648862361908,5.887879160582088e-05,1.1864715816045646e-05,0.00010913987352978438,0.00045326416147872806,0.00042562614544294775,0.16943113505840302,0.16985675692558289,0.602364182472229,0.2885608971118927,0.011519812978804111,1.3210434417487704e-06,0.0005258743767626584,"-1,-0.3508211,-0.1423334,0,0.1423334,0.3508211,1",
1,512,transformer.h.0.attn.c_attn.weight,transformer.h.0.attn.c_attn.weight,"(1152, 384)",4,lloyd_global,0.2734273076057434,0.9620663523674011,0.16014766693115234,0.9871142506599426,0.6099609136581421,0.8895961046218872,1.0142258405685425,0.6373403072357178,0.8516589403152466,0.0008311374695040286,0.002452488522976637,566.0068969726562,186,384,0.2734273076057434,0.9620663523674011,4.656528471969068e-05,1.5593646821798757e-05,0.31627514958381653,1.912669358716812e-05,3.7807612898177467e-06,4.636860830942169e-05,0.00014951929915696383,0.001138366642408073,0.6252150535583496,0.6263534426689148,0.44651615619659424,0.4395933151245117,0.05156874656677246,2.5416827611479675e-06,0.0013959460193291306,"-1,-0.4151953,-0.1762106,0,0.1762106,0.4151953,1",
1,512,transformer.h.0.attn.c_attn.weight,transformer.h.0.attn.c_attn.weight,"(1152, 384)",4,lloyd_per_tensor_oracle,0.27282214164733887,0.9623281955718994,0.15979216992855072,0.9871808886528015,0.6122287511825562,0.8872281312942505,1.0147138833999634,,,0.0008311374695040286,0.002452488522976637,566.0068969726562,186,384,0.27282214164733887,0.9623281955718994,4.693602750194259e-05,1.584716301294975e-05,0.3245849609375,1.912669358716812e-05,3.7807612898177467e-06,4.7369947424158454e-05,0.00014182360609993339,0.0011075246147811413,0.6294952034950256,0.6306027173995972,0.4504246115684509,0.444413959980011,0.05165570601820946,2.4575324459874537e-06,0.0013968131970614195,"-1,-0.4254715,-0.1813057,0,0.1813057,0.4254715,1",
1,512,transformer.h.0.attn.c_attn.weight,transformer.h.0.attn.c_attn.weight,"(1152, 384)",8,lloyd_global,0.2730045020580292,0.9621923565864563,0.13164909183979034,0.9913066029548645,0.6563841104507446,0.8383448719978333,1.0219799280166626,0.6852239966392517,0.793444812297821,0.0006965362117625773,0.002147824037820101,566.0068969726562,186,384,0.2730045020580292,0.9621923565864563,3.9304348320001736e-05,1.452841388527304e-05,0.3219672441482544,1.6080146451713517e-05,3.2735545119066956e-06,3.914287663064897e-05,0.00012721618986688554,0.0014292317209765315,0.627639889717102,0.6290691494941711,0.44258809089660645,0.445441871881485,0.051037419587373734,2.137430328730261e-06,0.0009386417223140597,"-1,-0.4198408,-0.1791116,0,0.1791116,0.4198408,1",
1,512,transformer.h.0.attn.c_attn.weight,transformer.h.0.attn.c_attn.weight,"(1152, 384)",8,lloyd_per_tensor_oracle,0.272616982460022,0.9623640179634094,0.13146010041236877,0.9913328886032104,0.6560713648796082,0.8389959335327148,1.022598385810852,,,0.0006965362117625773,0.002147824037820101,566.0068969726562,186,384,0.272616982460022,0.9623640179634094,3.94740782212466e-05,1.4648107026005164e-05,0.32593226432800293,1.6080146451713517e-05,3.2735545119066956e-06,3.9632835978409275e-05,0.00012320172390900552,0.0014228445943444967,0.6315182447433472,0.6329411268234253,0.4445115923881531,0.4479636251926422,0.05096505209803581,2.1208477392065106e-06,0.0009413213701918721,"-1,-0.4260361,-0.1815661,0,0.1815661,0.4260361,1",
1,512,transformer.h.0.attn.c_proj.weight,transformer.h.0.attn.c_proj.weight,"(384, 384)",4,lloyd_global,0.27341800928115845,0.9620974063873291,0.16602733731269836,0.986144483089447,0.576546311378479,0.9455502033233643,1.0524338483810425,0.5486417412757874,0.9501147270202637,0.0060044568963348866,0.007637586910277605,252510.75,152,384,0.27341800928115845,0.9620974063873291,0.00034062424674630165,0.00030921446159482,0.2735392153263092,0.000151464031659998,2.9992808777024038e-05,0.000331356655806303,0.0009608276304788888,0.001085979980416596,0.6038913726806641,0.6049773097038269,0.3472917079925537,0.45804840326309204,0.15105164051055908,2.8999977075727656e-05,0.016126297414302826,"-1,-0.4151953,-0.1762106,0,0.1762106,0.4151953,1",
1,512,transformer.h.0.attn.c_proj.weight,transformer.h.0.attn.c_proj.weight,"(384, 384)",4,lloyd_per_tensor_oracle,0.2727634012699127,0.9625043869018555,0.16562767326831818,0.9862368106842041,0.5759842991828918,0.9460740089416504,1.0522327423095703,,,0.0060044568963348866,0.007637586910277605,252510.75,152,384,0.2727634012699127,0.9625043869018555,0.0003460124717094004,0.0003208891721442342,0.2957763671875,0.000151464031659998,2.9992808777024038e-05,0.0003444919711910188,0.0008778687915764749,0.0012024109018966556,0.6117765307426453,0.6129789352416992,0.3511147201061249,0.46416762471199036,0.15318018198013306,3.1955558370100334e-05,0.016258718445897102,"-1,-0.4324723,-0.1911834,0,0.1911834,0.4324723,1",
1,512,transformer.h.0.attn.c_proj.weight,transformer.h.0.attn.c_proj.weight,"(384, 384)",8,lloyd_global,0.2725166976451874,0.9623838663101196,0.13553856313228607,0.9907824993133545,0.6217268705368042,0.896057665348053,1.0569998025894165,0.5923832654953003,0.902904212474823,0.004944689106196165,0.0068896496668457985,252510.75,152,384,0.2725166976451874,0.9623838663101196,0.0002799385692924261,0.0002552926307544112,0.2752685546875,0.00012539251474663615,2.5170575099764392e-05,0.00027478134143166244,0.0007647406309843063,0.001396419946104288,0.6074861884117126,0.6088826060295105,0.35360127687454224,0.45564576983451843,0.14937201142311096,2.484613287379034e-05,0.01080884225666523,"-1,-0.4198408,-0.1791116,0,0.1791116,0.4198408,1",
1,512,transformer.h.0.attn.c_proj.weight,transformer.h.0.attn.c_proj.weight,"(384, 384)",8,lloyd_per_tensor_oracle,0.2722655236721039,0.9626019597053528,0.13541121780872345,0.9908086657524109,0.6242037415504456,0.8922075033187866,1.0550906658172607,,,0.004944689106196165,0.0068896496668457985,252510.75,152,384,0.2722655236721039,0.9626019597053528,0.0002828551223501563,0.0002622819156385958,0.2918701171875,0.00012539251474663615,2.5170575099764392e-05,0.00028137414483353496,0.000725645455531776,0.001325044548138976,0.6117151975631714,0.6130402088165283,0.3543395400047302,0.4604659676551819,0.15191441774368286,2.35327552218223e-05,0.010864045470952988,"-1,-0.429595,-0.1903554,0,0.1903554,0.429595,1",
1,512,transformer.h.0.mlp.w1.weight,transformer.h.0.mlp.w1.weight,"(1024, 384)",4,lloyd_global,0.2936345040798187,0.9565860033035278,0.21588116884231567,0.9765991568565369,0.9014775156974792,0.44644895195961,1.0108766555786133,0.8992204070091248,0.44896918535232544,0.00162485521286726,0.0031421706080436707,67.42796325683594,0,384,0.2936345040798187,0.9565860033035278,8.613106911070645e-05,7.667079626116902e-05,0.33120980858802795,4.224711665301584e-05,8.510861334798392e-06,8.848391007632017e-05,0.0002472807827871293,0.0,0.0,0.0,0.7414005994796753,0.18682044744491577,0.0014821536606177688,0.0,0.0,"-1,-0.4151953,-0.1762106,0,0.1762106,0.4151953,1",
1,512,transformer.h.0.mlp.w1.weight,transformer.h.0.mlp.w1.weight,"(1024, 384)",4,lloyd_per_tensor_oracle,0.2930298447608948,0.9566789865493774,0.21543481945991516,0.9766705632209778,0.9018021821975708,0.44566452503204346,1.0106698274612427,,,0.00162485521286726,0.0031421706080436707,67.42796325683594,0,384,0.2930298447608948,0.9566789865493774,8.555604290449992e-05,7.576498319394886e-05,0.3247629702091217,4.224711665301584e-05,8.510861334798392e-06,8.74089528224431e-05,0.00025316834216937423,0.0,0.0,0.0,0.7346638441085815,0.1866329461336136,0.0015725473640486598,0.0,0.0,"-1,-0.4103557,-0.1725312,0,0.1725312,0.4103557,1",
1,512,transformer.h.0.mlp.w1.weight,transformer.h.0.mlp.w1.weight,"(1024, 384)",8,lloyd_global,0.2924485504627228,0.9569774866104126,0.2005729377269745,0.9798086285591125,0.9125392436981201,0.4203645586967468,1.0096074342727661,0.9101853370666504,0.42384251952171326,0.0015046176267787814,0.00271354871802032,67.42796325683594,0,384,0.2924485504627228,0.9569774866104126,8.055175567278638e-05,7.239330443553627e-05,0.33232370018959045,3.8913130993023515e-05,7.845895197533537e-06,8.30852659419179e-05,0.00022429756063502282,0.0,0.0,0.0,0.7451082468032837,0.18521690368652344,0.001724327215924859,0.0,0.0,"-1,-0.4198408,-0.1791116,0,0.1791116,0.4198408,1",
1,512,transformer.h.0.mlp.w1.weight,transformer.h.0.mlp.w1.weight,"(1024, 384)",8,lloyd_per_tensor_oracle,0.2914346754550934,0.9571363925933838,0.19987669587135315,0.9799190759658813,0.9131383299827576,0.41887012124061584,1.0093811750411987,,,0.0015046176267787814,0.00271354871802032,67.42796325683594,0,384,0.2914346754550934,0.9571363925933838,7.966503471834585e-05,7.096528133843094e-05,0.3229522705078125,3.8913130993023515e-05,7.845895197533537e-06,8.135365351336077e-05,0.00023478288494516164,0.0,0.0,0.0,0.7356731295585632,0.18377870321273804,0.0016607696888968349,0.0,0.0,"-1,-0.4106627,-0.1737162,0,0.1737162,0.4106627,1",
1,512,transformer.h.0.mlp.w2.weight,transformer.h.0.mlp.w2.weight,"(1024, 384)",4,lloyd_global,0.2935774028301239,0.9566395282745361,0.21779638528823853,0.9762117266654968,0.9000654220581055,0.45014142990112305,1.012913703918457,0.8975822925567627,0.4526001214981079,0.0015889611095190048,0.0032315256539732218,66.25566864013672,0,384,0.2935774028301239,0.9566395282745361,8.438403165200725e-05,7.588497828692198e-05,0.33496347069740295,4.069370697834529e-05,8.195533155230805e-06,8.693830750416964e-05,0.00024943178868852556,0.0,0.0,0.0,0.7345473766326904,0.19469328224658966,0.0016574368346482515,0.0,0.0,"-1,-0.4151953,-0.1762106,0,0.1762106,0.4151953,1",
1,512,transformer.h.0.mlp.w2.weight,transformer.h.0.mlp.w2.weight,"(1024, 384)",4,lloyd_per_tensor_oracle,0.29286468029022217,0.9567170739173889,0.21726806461811066,0.976291835308075,0.9006739854812622,0.4485097825527191,1.0118650197982788,,,0.0015889611095190048,0.0032315256539732218,66.25566864013672,0,384,0.29286468029022217,0.9567170739173889,8.356367470696568e-05,7.454425212927163e-05,0.32633209228515625,4.069370697834529e-05,8.195533155230805e-06,8.535619417671114e-05,0.0002592042146716267,0.0,0.0,0.0,0.7286064624786377,0.1922680288553238,0.001677307183854282,0.0,0.0,"-1,-0.407124,-0.1712899,0,0.1712899,0.407124,1",
1,512,transformer.h.0.mlp.w2.weight,transformer.h.0.mlp.w2.weight,"(1024, 384)",8,lloyd_global,0.29232731461524963,0.9570354223251343,0.20207709074020386,0.9795406460762024,0.9115380644798279,0.4228888750076294,1.0101535320281982,0.9089625477790833,0.42671406269073486,0.0014686397043988109,0.002899626735597849,66.25566864013672,0,384,0.29232731461524963,0.9570354223251343,7.874599396018311e-05,7.118970097508281e-05,0.3349609375,3.744600326172076e-05,7.574752544314833e-06,8.140310819726437e-05,0.00022392017126549035,0.0,0.0,0.0,0.7393091917037964,0.1923484355211258,0.001680567511357367,0.0,0.0,"-1,-0.4198408,-0.1791116,0,0.1791116,0.4198408,1",
1,512,transformer.h.0.mlp.w2.weight,transformer.h.0.mlp.w2.weight,"(1024, 384)",8,lloyd_per_tensor_oracle,0.29112932085990906,0.9572287201881409,0.20125199854373932,0.9796726107597351,0.9121257066726685,0.42128968238830566,1.009332537651062,,,0.0014686397043988109,0.002899626735597849,66.25566864013672,0,384,0.29112932085990906,0.9572287201881409,7.758822903269902e-05,6.946289795450866e-05,0.32280731201171875,3.744600326172076e-05,7.574752544314833e-06,7.914578600320965e-05,0.00023805662931408733,0.0,0.0,0.0,0.7317109704017639,0.18923945724964142,0.001626988872885704,0.0,0.0,"-1,-0.4072464,-0.1721808,0,0.1721808,0.4072464,1",
1,512,transformer.h.0.mlp.c_proj.weight,transformer.h.0.mlp.c_proj.weight,"(384, 1024)",4,lloyd_global,0.3301166892051697,0.9464433789253235,0.25187546014785767,0.9686170220375061,0.8433735966682434,0.565227210521698,1.0187263488769531,0.83449786901474,0.5753368735313416,0.007123060990124941,0.010964062064886093,81.21190643310547,0,384,0.3301166892051697,0.9464433789253235,0.00034803757444024086,0.0003273353213444352,0.4260711669921875,0.00018017843831330538,3.6668603570433334e-05,0.0003896374546457082,0.0010439937468618155,0.0,0.0,0.0,0.6858996748924255,0.27509546279907227,0.0026908398140221834,0.0,0.0,"-1,-0.4151953,-0.1762106,0,0.1762106,0.4151953,1",
1,512,transformer.h.0.mlp.c_proj.weight,transformer.h.0.mlp.c_proj.weight,"(384, 1024)",4,lloyd_per_tensor_oracle,0.31100353598594666,0.9509928226470947,0.23728913068771362,0.9716384410858154,0.8573569059371948,0.5384459495544434,1.0153872966766357,,,0.007123060990124941,0.010964062064886093,81.21190643310547,0,384,0.31100353598594666,0.9509928226470947,0.00031088481773622334,0.00027884176233783364,0.3486328125,0.00018017843831330538,3.6668603570433334e-05,0.0003307167498860508,0.0013746388722211123,0.0,0.0,0.0,0.6347241401672363,0.26677846908569336,0.0029142391867935658,0.0,0.0,"-1,-0.3475544,-0.1407881,0,0.1407881,0.3475544,1",
1,512,transformer.h.0.mlp.c_proj.weight,transformer.h.0.mlp.c_proj.weight,"(384, 1024)",8,lloyd_global,0.3225460946559906,0.9487621188163757,0.2271961122751236,0.974423885345459,0.8653005957603455,0.523144543170929,1.0150071382522583,0.8573440313339233,0.53415447473526,0.006272522266954184,0.01058261189609766,81.21190643310547,0,384,0.3225460946559906,0.9487621188163757,0.00031395789119414985,0.0002955117088276893,0.40914663672447205,0.00015947147039696574,3.194945020368323e-05,0.0003474272962193936,0.0009130407706834376,0.0,0.0,0.0,0.6898558139801025,0.27135878801345825,0.0024836582597345114,0.0,0.0,"-1,-0.4198408,-0.1791116,0,0.1791116,0.4198408,1",
1,512,transformer.h.0.mlp.c_proj.weight,transformer.h.0.mlp.c_proj.weight,"(384, 1024)",8,lloyd_per_tensor_oracle,0.30605414509773254,0.9525749087333679,0.21558009088039398,0.9766351580619812,0.8763034343719482,0.5001993775367737,1.0108211040496826,,,0.006272522266954184,0.01058261189609766,81.21190643310547,0,384,0.30605414509773254,0.9525749087333679,0.0002834258193615824,0.00025478447787463665,0.33968862891197205,0.00015947147039696574,3.194945020368323e-05,0.0002983824524562806,0.001200039405375719,0.0,0.0,0.0,0.6435329914093018,0.26225546002388,0.0021623773500323296,0.0,0.0,"-1,-0.3554453,-0.1456155,0,0.1456155,0.3554453,1",
1,512,transformer.h.1.attn.c_attn.weight,transformer.h.1.attn.c_attn.weight,"(1152, 384)",4,lloyd_global,0.27289438247680664,0.9622069001197815,0.16829362511634827,0.9857544898986816,0.5770295262336731,0.9334200024604797,1.028949499130249,0.5957889556884766,0.8991239070892334,0.0007097660563886166,0.0021707997657358646,677.6328125,207,384,0.27289438247680664,0.9622069001197815,3.977990127168596e-05,1.4112305507296696e-05,0.3067762553691864,1.653759136388544e-05,3.3406463444407564e-06,3.927573561668396e-05,0.0001316359412157908,0.001232250826433301,0.6785998940467834,0.6798321008682251,0.41865435242652893,0.4503486454486847,0.06799232214689255,1.927046469063498e-06,0.0010612234473228455,"-1,-0.4151953,-0.1762106,0,0.1762106,0.4151953,1",
1,512,transformer.h.1.attn.c_attn.weight,transformer.h.1.attn.c_attn.weight,"(1152, 384)",4,lloyd_per_tensor_oracle,0.27236106991767883,0.9624345898628235,0.1679658591747284,0.985816478729248,0.5767579674720764,0.93399977684021,1.0295277833938599,,,0.0007097660563886166,0.0021707997657358646,677.6328125,207,384,0.27236106991767883,0.9624345898628235,3.997597377747297e-05,1.4271674444898963e-05,0.31363704800605774,1.653759136388544e-05,3.3406463444407564e-06,3.978630047640763e-05,0.00012762822734657675,0.0012647920520976186,0.684077799320221,0.68534255027771,0.4214824438095093,0.4530197083950043,0.06876200437545776,1.964303919521626e-06,0.001062417053617537,"-1,-0.4213153,-0.1804179,0,0.1804179,0.4213153,1",
1,512,transformer.h.1.attn.c_attn.weight,transformer.h.1.attn.c_attn.weight,"(1152, 384)",8,lloyd_global,0.2696280777454376,0.9630740880966187,0.13526056706905365,0.9908154606819153,0.6238643527030945,0.8852679133415222,1.0396760702133179,0.6450871825218201,0.8425133228302002,0.0005812746821902692,0.0015690955333411694,677.6328125,207,384,0.2696280777454376,0.9630740880966187,3.306845246697776e-05,1.3362410754780285e-05,0.30910465121269226,1.3313265299075283e-05,2.656459855643334e-06,3.256422496633604e-05,0.00010975337499985471,0.0016212626360356808,0.6767460703849792,0.6783673763275146,0.4174199402332306,0.44708868861198425,0.06800825893878937,1.6243313893937739e-06,0.0006780270487070084,"-1,-0.4198408,-0.1791116,0,0.1791116,0.4198408,1",
1,512,transformer.h.1.attn.c_attn.weight,transformer.h.1.attn.c_attn.weight,"(1152, 384)",8,lloyd_per_tensor_oracle,0.26918306946754456,0.9632377028465271,0.13503901660442352,0.9908452033996582,0.6240628361701965,0.8849049806594849,1.0393975973129272,,,0.0005812746821902692,0.0015690955333411694,677.6328125,207,384,0.26918306946754456,0.9632377028465271,3.317129085189663e-05,1.3465035408444237e-05,0.31378173828125,1.3313265299075283e-05,2.656459855643334e-06,3.2844571251189336e-05,0.00010750896763056517,0.0016274233348667622,0.6773425936698914,0.6789700388908386,0.41915708780288696,0.4488743841648102,0.0676136314868927,1.6229625998676056e-06,0.0006754860514774919,"-1,-0.42379,-0.1820054,0,0.1820054,0.42379,1",
1,512,transformer.h.1.attn.c_proj.weight,transformer.h.1.attn.c_proj.weight,"(384, 384)",4,lloyd_global,0.2763487994670868,0.9612875580787659,0.16615648567676544,0.9861443042755127,0.5493699908256531,0.9866017699241638,1.073954701423645,0.5093443989753723,0.9906119108200073,0.004883201327174902,0.007385944481939077,125615.8203125,161,384,0.2763487994670868,0.9612875580787659,0.00027396867517381907,0.00024815555661916733,0.2801717221736908,0.00012399103434290737,2.4837492674123496e-05,0.00026937114307656884,0.0007748747593723238,0.0012174068251624703,0.6331658363342285,0.6343832015991211,0.32927170395851135,0.4534444212913513,0.17478957772254944,2.0971767298760824e-05,0.010907287709414959,"-1,-0.4151953,-0.1762106,0,0.1762106,0.4151953,1",
1,512,transformer.h.1.attn.c_proj.weight,transformer.h.1.attn.c_proj.weight,"(384, 384)",4,lloyd_per_tensor_oracle,0.2761567533016205,0.9614965915679932,0.16604380309581757,0.9861871004104614,0.5492649674415588,0.9868769645690918,1.0742558240890503,,,0.004883201327174902,0.007385944481939077,125615.8203125,161,384,0.2761567533016205,0.9614965915679932,0.0002777340414468199,0.00025635072961449623,0.2993232011795044,0.00012399103434290737,2.4837492674123496e-05,0.0002778844500426203,0.0007221373380161822,0.0011332245776429772,0.6388679146766663,0.640001118183136,0.3329521715641022,0.45532524585723877,0.17701683938503265,1.9494480511639267e-05,0.01099022850394249,"-1,-0.4287399,-0.1889226,0,0.1889226,0.4287399,1",
1,512,transformer.h.1.attn.c_proj.weight,transformer.h.1.attn.c_proj.weight,"(384, 384)",8,lloyd_global,0.27230435609817505,0.962415874004364,0.1347169280052185,0.9909012913703918,0.5980600118637085,0.9337491393089294,1.0771863460540771,0.5545856952667236,0.9438380002975464,0.0038826954551041126,0.005693648476153612,125615.8203125,161,384,0.27230435609817505,0.962415874004364,0.0002225047064712271,0.00020247010979801416,0.2729153037071228,9.854388918029144e-05,1.974840233742725e-05,0.00021624661167152226,0.0006060887826606631,0.0012512466637417674,0.631555438041687,0.632806658744812,0.3285714387893677,0.45095011591911316,0.17759975790977478,1.417102430423256e-05,0.007152696140110493,"-1,-0.4198408,-0.1791116,0,0.1791116,0.4198408,1",
1,512,transformer.h.1.attn.c_proj.weight,transformer.h.1.attn.c_proj.weight,"(384, 384)",8,lloyd_per_tensor_oracle,0.2718723714351654,0.9627364873886108,0.1345091313123703,0.9909456968307495,0.5982943177223206,0.9343452453613281,1.0788730382919312,,,0.0038826954551041126,0.005693648476153612,125615.8203125,161,384,0.2718723714351654,0.9627364873886108,0.0002258213353343308,0.00020943590789102018,0.2945488691329956,9.854388918029144e-05,1.974840233742725e-05,0.00022444449132308364,0.0005564477178268135,0.0010565378470346332,0.6399165987968445,0.6409731507301331,0.3326244056224823,0.45817625522613525,0.17782220244407654,1.192790296045132e-05,0.007224410306662321,"-1,-0.4356808,-0.1934827,0,0.1934827,0.4356808,1",
1,512,transformer.h.1.mlp.w1.weight,transformer.h.1.mlp.w1.weight,"(1024, 384)",4,lloyd_global,0.30226340889930725,0.9541529417037964,0.23783807456493378,0.9716634750366211,0.8749479651451111,0.5043550133705139,1.0160131454467773,0.8684766888618469,0.5128917098045349,0.0012894334504380822,0.0024339042138308287,56.20903396606445,0,384,0.30226340889930725,0.9541529417037964,6.741481774952263e-05,6.005029717925936e-05,0.35651907324790955,3.3788415748858824e-05,6.856879736005794e-06,7.027132232906297e-05,0.0001953722385223955,0.0,0.0,0.0,0.6924164891242981,0.24365398287773132,0.0012734521878883243,0.0,0.0,"-1,-0.4151953,-0.1762106,0,0.1762106,0.4151953,1",
1,512,transformer.h.1.mlp.w1.weight,transformer.h.1.mlp.w1.weight,"(1024, 384)",4,lloyd_per_tensor_oracle,0.30039066076278687,0.9544872045516968,0.23636353015899658,0.9719294905662537,0.876453161239624,0.5010207891464233,1.0149604082107544,,,0.0012894334504380822,0.0024339042138308287,56.20903396606445,0,384,0.30039066076278687,0.9544872045516968,6.633525481447577e-05,5.834252806380391e-05,0.34078726172447205,3.3788415748858824e-05,6.856879736005794e-06,6.837025284767151e-05,0.0002045503497356549,0.0,0.0,0.0,0.6829928159713745,0.2407476305961609,0.0013258398976176977,0.0,0.0,"-1,-0.4054958,-0.1673942,0,0.1673942,0.4054958,1",
1,512,transformer.h.1.mlp.w1.weight,transformer.h.1.mlp.w1.weight,"(1024, 384)",8,lloyd_global,0.30205708742141724,0.9541980624198914,0.2188521921634674,0.9759988188743591,0.8901859521865845,0.4718959331512451,1.0131146907806396,0.8836550116539001,0.482392281293869,0.0011794455349445343,0.00245559005998075,56.20903396606445,0,384,0.30205708742141724,0.9541980624198914,6.225803372217342e-05,5.557978875003755e-05,0.35654449462890625,3.0803064873907715e-05,6.275656687648734e-06,6.506517092930153e-05,0.00017345166997984052,0.0,0.0,0.0,0.6928642988204956,0.24099387228488922,0.0015843019355088472,0.0,0.0,"-1,-0.4198408,-0.1791116,0,0.1791116,0.4198408,1",
1,512,transformer.h.1.mlp.w1.weight,transformer.h.1.mlp.w1.weight,"(1024, 384)",8,lloyd_per_tensor_oracle,0.299755334854126,0.9546542167663574,0.21718214452266693,0.9763017892837524,0.8916516900062561,0.46859559416770935,1.0125508308410645,,,0.0011794455349445343,0.00245559005998075,56.20903396606445,0,384,0.299755334854126,0.9546542167663574,6.110037793405354e-05,5.377113848226145e-05,0.3383840024471283,3.0803064873907715e-05,6.275656687648734e-06,6.301393295871094e-05,0.00018326722783967853,0.0,0.0,0.0,0.6810581088066101,0.2389412671327591,0.0015802569687366486,0.0,0.0,"-1,-0.4085739,-0.1689463,0,0.1689463,0.4085739,1",
1,512,transformer.h.1.mlp.w2.weight,transformer.h.1.mlp.w2.weight,"(1024, 384)",4,lloyd_global,0.30838850140571594,0.9523589611053467,0.23950135707855225,0.9712961912155151,0.8669098615646362,0.5202733278274536,1.015921711921692,0.8594379425048828,0.5302233099937439,0.0012978939339518547,0.0035785639192909002,64.2784194946289,0,384,0.30838850140571594,0.9523589611053467,6.725262937834486e-05,5.881345714442432e-05,0.3677469789981842,3.457041020737961e-05,6.992736871325178e-06,7.048610132187605e-05,0.00019348006753716618,0.0,0.0,0.0,0.6708173751831055,0.26877307891845703,0.001907892874442041,0.0,0.0,"-1,-0.4151953,-0.1762106,0,0.1762106,0.4151953,1",
1,512,transformer.h.1.mlp.w2.weight,transformer.h.1.mlp.w2.weight,"(1024, 384)",4,lloyd_per_tensor_oracle,0.305439829826355,0.9529703259468079,0.23720763623714447,0.9717282652854919,0.8694306015968323,0.5150713324546814,1.015025019645691,,,0.0012978939339518547,0.0035785639192909002,64.2784194946289,0,384,0.305439829826355,0.9529703259468079,6.580618355656043e-05,5.6712175137363374e-05,0.3463948667049408,3.457041020737961e-05,6.992736871325178e-06,6.800198025302961e-05,0.00020428589778020978,0.0,0.0,0.0,0.6589335203170776,0.2658267319202423,0.0019723873119801283,0.0,0.0,"-1,-0.4035695,-0.1648153,0,0.1648153,0.4035695,1",
1,512,transformer.h.1.mlp.w2.weight,transformer.h.1.mlp.w2.weight,"(1024, 384)",8,lloyd_global,0.3031653165817261,0.9539409279823303,0.215989887714386,0.9766532182693481,0.8855474591255188,0.48191046714782715,1.0136886835098267,0.8781322240829468,0.49370962381362915,0.0011719339527189732,0.0021952190436422825,64.2784194946289,0,384,0.3031653165817261,0.9539409279823303,6.152298738015816e-05,5.462765693664551e-05,0.3642527163028717,3.0693438020534813e-05,6.290460987656843e-06,6.45508844172582e-05,0.00017351862334180623,0.0,0.0,0.0,0.6784387230873108,0.25929751992225647,0.0019742297008633614,0.0,0.0,"-1,-0.4198408,-0.1791116,0,0.1791116,0.4198408,1",
1,512,transformer.h.1.mlp.w2.weight,transformer.h.1.mlp.w2.weight,"(1024, 384)",8,lloyd_per_tensor_oracle,0.3002307713031769,0.9544993042945862,0.21390016376972198,0.9770287275314331,0.8873395919799805,0.4778400659561157,1.0126049518585205,,,0.0011719339527189732,0.0021952190436422825,64.2784194946289,0,384,0.3002307713031769,0.9544993042945862,6.004225360811688e-05,5.24404167663306e-05,0.3409271240234375,3.0693438020534813e-05,6.290460987656843e-06,6.195767491590232e-05,0.0001858113391790539,0.0,0.0,0.0,0.6630275249481201,0.25793835520744324,0.001993072684854269,0.0,0.0,"-1,-0.4055139,-0.1664707,0,0.1664707,0.4055139,1",
1,512,transformer.h.1.mlp.c_proj.weight,transformer.h.1.mlp.c_proj.weight,"(384, 1024)",4,lloyd_global,0.33859676122665405,0.9438299536705017,0.28386634588241577,0.960271418094635,0.8293383121490479,0.591485321521759,1.023364543914795,0.8214121460914612,0.597650408744812,0.005425333511084318,0.008726207539439201,53.520111083984375,0,384,0.33859676122665405,0.9438299536705017,0.0002629907103255391,0.0002478693495504558,0.4485575258731842,0.00013701210264116526,2.7653572033159435e-05,0.0002979232813231647,0.000804516370408237,0.0,0.0,0.0,0.6758178472518921,0.2873711585998535,0.001664645504206419,0.0,0.0,"-1,-0.4151953,-0.1762106,0,0.1762106,0.4151953,1",
1,512,transformer.h.1.mlp.c_proj.weight,transformer.h.1.mlp.c_proj.weight,"(384, 1024)",4,lloyd_per_tensor_oracle,0.3161134421825409,0.9492952823638916,0.26501917839050293,0.9645246863365173,0.8463651537895203,0.560215175151825,1.0200496912002563,,,0.005425333511084318,0.008726207539439201,53.520111083984375,0,384,0.3161134421825409,0.9492952823638916,0.0002307609684066847,0.00020561262499541044,0.3575032651424408,0.00013701210264116526,2.7653572033159435e-05,0.00024654684239067137,0.0010799801675602794,0.0,0.0,0.0,0.6241887807846069,0.27697399258613586,0.0014481052057817578,0.0,0.0,"-1,-0.341895,-0.1361348,0,0.1361348,0.341895,1",
1,512,transformer.h.1.mlp.c_proj.weight,transformer.h.1.mlp.c_proj.weight,"(384, 1024)",8,lloyd_global,0.3296686112880707,0.9465555548667908,0.2540907561779022,0.9680565595626831,0.8540297746658325,0.545483410358429,1.0180703401565552,0.8461748361587524,0.5546720623970032,0.00474641565233469,0.008111433126032352,53.520111083984375,0,384,0.3296686112880707,0.9465555548667908,0.00023523329582531005,0.000221629801671952,0.4295654296875,0.00011995472596026957,2.4338805815204978e-05,0.000263124326011166,0.0006942427717149258,0.0,0.0,0.0,0.6764049530029297,0.2851777970790863,0.001647573197260499,0.0,0.0,"-1,-0.4198408,-0.1791116,0,0.1791116,0.4198408,1",
1,512,transformer.h.1.mlp.c_proj.weight,transformer.h.1.mlp.c_proj.weight,"(384, 1024)",8,lloyd_per_tensor_oracle,0.31102874875068665,0.9510558843612671,0.23972290754318237,0.9710633754730225,0.8670490980148315,0.5195616483688354,1.0143853425979614,,,0.00474641565233469,0.008111433126032352,53.520111083984375,0,384,0.31102874875068665,0.9510558843612671,0.0002103524748235941,0.0001887458493001759,0.3512929379940033,0.00011995472596026957,2.4338805815204978e-05,0.00022310964413918555,0.0009189987322315574,0.0,0.0,0.0,0.6315122842788696,0.27688589692115784,0.0016339371213689446,0.0,0.0,"-1,-0.3523682,-0.1426195,0,0.1426195,0.3523682,1",
1,512,transformer.h.2.attn.c_attn.weight,transformer.h.2.attn.c_attn.weight,"(1152, 384)",4,lloyd_global,0.27541249990463257,0.9615583419799805,0.16608789563179016,0.9861429929733276,0.5501295924186707,0.9736176133155823,1.050700068473816,0.5643181204795837,0.9334697127342224,0.0006190004642121494,0.0018906134646385908,843.6369018554688,220,384,0.27541249990463257,0.9615583419799805,3.431771619943902e-05,1.441310450900346e-05,0.33710846304893494,1.4013812688062899e-05,2.8336048671917524e-06,3.469023067736998e-05,0.000116415110824164,0.0014040374662727118,0.715766966342926,0.7171710133552551,0.4101148247718811,0.45060044527053833,0.07841787487268448,1.4484475059362012e-06,0.0007384068449027836,"-1,-0.4151953,-0.1762106,0,0.1762106,0.4151953,1",
1,512,transformer.h.2.attn.c_attn.weight,transformer.h.2.attn.c_attn.weight,"(1152, 384)",4,lloyd_per_tensor_oracle,0.2755362391471863,0.9615433216094971,0.16616351902484894,0.9861314296722412,0.5492187738418579,0.9746825695037842,1.050858736038208,,,0.0006190004642121494,0.0018906134646385908,843.6369018554688,220,384,0.2755362391471863,0.9615433216094971,3.435800681472756e-05,1.4423478205571882e-05,0.33491119742393494,1.4013812688062899e-05,2.8336048671917524e-06,3.483428372419439e-05,0.000114939954073634,0.0014712819829583168,0.7169669270515442,0.7184382081031799,0.41107621788978577,0.45068100094795227,0.07874201238155365,1.5180494301603176e-06,0.0007397570880129933,"-1,-0.4177678,-0.1748806,0,0.1748806,0.4177678,1",
1,512,transformer.h.2.attn.c_attn.weight,transformer.h.2.attn.c_attn.weight,"(1152, 384)",8,lloyd_global,0.2734825313091278,0.9621366262435913,0.1350824236869812,0.9908491373062134,0.5971270799636841,0.9269713759422302,1.061704158782959,0.6142531633377075,0.878348708152771,0.0005105320014990866,0.0014228405198082328,843.6369018554688,220,384,0.2734825313091278,0.9621366262435913,2.866502654796932e-05,1.3312785085872747e-05,0.33115866780281067,1.1589489076868631e-05,2.338623971809284e-06,2.8820168154197745e-05,9.361693082610145e-05,0.0016994756879284978,0.7186242341995239,0.7203237414360046,0.4113551080226898,0.45334339141845703,0.07740364223718643,1.1463448572612833e-06,0.00048473256174474955,"-1,-0.4198408,-0.1791116,0,0.1791116,0.4198408,1",
1,512,transformer.h.2.attn.c_attn.weight,transformer.h.2.attn.c_attn.weight,"(1152, 384)",8,lloyd_per_tensor_oracle,0.27369725704193115,0.962076723575592,0.13518717885017395,0.9908352494239807,0.5969246625900269,0.9271149635314941,1.0615288019180298,,,0.0005105320014990866,0.0014228405198082328,843.6369018554688,220,384,0.27369725704193115,0.962076723575592,2.8642909455811605e-05,1.326656638411805e-05,0.3270263671875,1.1589489076868631e-05,2.338623971809284e-06,2.880299507523887e-05,9.34304334805347e-05,0.0016762337181717157,0.7190089225769043,0.7206851840019226,0.410641074180603,0.4536432921886444,0.0776863768696785,1.1324956403768738e-06,0.000485776225104928,"-1,-0.4202361,-0.1765877,0,0.1765877,0.4202361,1",
1,512,transformer.h.2.attn.c_proj.weight,transformer.h.2.attn.c_proj.weight,"(384, 384)",4,lloyd_global,0.2717301547527313,0.9625336527824402,0.16320493817329407,0.9866112470626831,0.5423114895820618,1.000988245010376,1.086442470550537,0.4973810911178589,1.0026168823242188,0.0038342848420143127,0.004783330950886011,573227.375,163,384,0.2717301547527313,0.9625336527824402,0.00021911345538683236,0.0001980322995223105,0.2689208984375,9.650025458540767e-05,1.9303655790281482e-05,0.00021141927572898567,0.0006259597139433026,0.0013845289358869195,0.6369560360908508,0.6383405327796936,0.32051292061805725,0.44871750473976135,0.18403717875480652,1.5425137462443672e-05,0.007096373476088047,"-1,-0.4151953,-0.1762106,0,0.1762106,0.4151953,1",
1,512,transformer.h.2.attn.c_proj.weight,transformer.h.2.attn.c_proj.weight,"(384, 384)",4,lloyd_per_tensor_oracle,0.27051883935928345,0.9630677700042725,0.16247671842575073,0.9867590069770813,0.5382949113845825,1.0058056116104126,1.0872985124588013,,,0.0038342848420143127,0.004783330950886011,573227.375,163,384,0.27051883935928345,0.9630677700042725,0.0002229316160082817,0.00020705378847196698,0.2927924394607544,9.650025458540767e-05,1.9303655790281482e-05,0.00022142681700643152,0.0005608313367702067,0.0013311519287526608,0.6481212973594666,0.6494525074958801,0.32447853684425354,0.45582255721092224,0.18684525787830353,1.4698533959744964e-05,0.0071565331891179085,"-1,-0.4358422,-0.1933229,0,0.1933229,0.4358422,1",
1,512,transformer.h.2.attn.c_proj.weight,transformer.h.2.attn.c_proj.weight,"(384, 384)",8,lloyd_global,0.2723188102245331,0.9623717069625854,0.13618344068527222,0.9906924962997437,0.5830291509628296,0.9568821787834167,1.0885435342788696,0.5365570187568665,0.9627499580383301,0.0032403571531176567,0.004204920493066311,573227.375,163,384,0.2723188102245331,0.9623717069625854,0.00018468225607648492,0.0001688602496869862,0.2769436240196228,8.130547212203965e-05,1.6270660125883296e-05,0.00018064517644234002,0.0005109827616252005,0.0014727514935657382,0.6375486254692078,0.6390213966369629,0.3209553360939026,0.4464438557624817,0.18638592958450317,1.1422609532019123e-05,0.004944805055856705,"-1,-0.4198408,-0.1791116,0,0.1791116,0.4198408,1",
1,512,transformer.h.2.attn.c_proj.weight,transformer.h.2.attn.c_proj.weight,"(384, 384)",8,lloyd_per_tensor_oracle,0.2716880142688751,0.9626936912536621,0.1358647644519806,0.9907447099685669,0.5833225846290588,0.9565189480781555,1.0884886980056763,,,0.0032403571531176567,0.004204920493066311,573227.375,163,384,0.2716880142688751,0.9626936912536621,0.00018698647909332067,0.00017493771156296134,0.2967393696308136,8.130547212203965e-05,1.6270660125883296e-05,0.00018638177425600588,0.0004732955130748451,0.0011351529974490404,0.6452980041503906,0.6464331746101379,0.32258468866348267,0.45247164368629456,0.18832872807979584,8.7634616647847e-06,0.004981746431440115,"-1,-0.4338469,-0.1927128,0,0.1927128,0.4338469,1",
1,512,transformer.h.2.mlp.w1.weight,transformer.h.2.mlp.w1.weight,"(1024, 384)",4,lloyd_global,0.30674201250076294,0.9527688026428223,0.24416539072990417,0.9701340794563293,0.849591076374054,0.5526803731918335,1.0146691799163818,0.8409116268157959,0.5640804767608643,0.0011045940918847919,0.00346487108618021,71.36660766601562,0,384,0.30674201250076294,0.9527688026428223,5.722396235796623e-05,5.02696493640542e-05,0.3646392822265625,2.9373701181611978e-05,6.006991043250309e-06,5.995964602334425e-05,0.0001632349449209869,0.0,0.0,0.0,0.6498657464981079,0.28533849120140076,0.0017660013400018215,0.0,0.0,"-1,-0.4151953,-0.1762106,0,0.1762106,0.4151953,1",
1,512,transformer.h.2.mlp.w1.weight,transformer.h.2.mlp.w1.weight,"(1024, 384)",4,lloyd_per_tensor_oracle,0.3040640950202942,0.9533305168151855,0.2420380413532257,0.97054523229599,0.8518282771110535,0.5481650829315186,1.0133438110351562,,,0.0011045940918847919,0.00346487108618021,71.36660766601562,0,384,0.3040640950202942,0.9533305168151855,5.609291838482022e-05,4.852858546655625e-05,0.34513092041015625,2.9373701181611978e-05,6.006991043250309e-06,5.801160659757443e-05,0.00017190148355439305,0.0,0.0,0.0,0.6378446221351624,0.2812507152557373,0.00198313407599926,0.0,0.0,"-1,-0.4043019,-0.1655646,0,0.1655646,0.4043019,1",
1,512,transformer.h.2.mlp.w1.weight,transformer.h.2.mlp.w1.weight,"(1024, 384)",8,lloyd_global,0.30231085419654846,0.9542413949966431,0.21982064843177795,0.9758314490318298,0.8705368041992188,0.5117919445037842,1.0110939741134644,0.8623256683349609,0.5247482657432556,0.000995445647276938,0.0021783874835819006,71.36660766601562,0,384,0.30231085419654846,0.9542413949966431,5.215299825067632e-05,4.657359386328608e-05,0.36521658301353455,2.6018673452199437e-05,5.304414571583038e-06,5.490042894962244e-05,0.0001465641107643023,0.0,0.0,0.0,0.6571323871612549,0.2845778465270996,0.0020346364472061396,0.0,0.0,"-1,-0.4198408,-0.1791116,0,0.1791116,0.4198408,1",
1,512,transformer.h.2.mlp.w1.weight,transformer.h.2.mlp.w1.weight,"(1024, 384)",8,lloyd_per_tensor_oracle,0.2992541790008545,0.9548176527023315,0.21760214865207672,0.9762223362922668,0.8726328611373901,0.5073767304420471,1.0101441144943237,,,0.000995445647276938,0.0021783874835819006,71.36660766601562,0,384,0.2992541790008545,0.9548176527023315,5.081742347101681e-05,4.4504980905912817e-05,0.34157052636146545,2.6018673452199437e-05,5.304414571583038e-06,5.2515515562845394e-05,0.00015876263205427676,0.0,0.0,0.0,0.6440837979316711,0.27869728207588196,0.0019603311084210873,0.0,0.0,"-1,-0.4030858,-0.1661311,0,0.1661311,0.4030858,1",
1,512,transformer.h.2.mlp.w2.weight,transformer.h.2.mlp.w2.weight,"(1024, 384)",4,lloyd_global,0.30854013562202454,0.9523910284042358,0.24328771233558655,0.9704031944274902,0.8425779342651367,0.5648600459098816,1.0128612518310547,0.8341432809829712,0.5759567022323608,0.0010927235707640648,0.0023247168865054846,73.93706512451172,0,384,0.30854013562202454,0.9523910284042358,5.649239756166935e-05,4.8941903514787555e-05,0.37330374121665955,2.9127151719876565e-05,5.893388788535958e-06,5.9338664868846536e-05,0.00016219011740759015,0.0,0.0,0.0,0.6453668475151062,0.2975899875164032,0.0027356520295143127,0.0,0.0,"-1,-0.4151953,-0.1762106,0,0.1762106,0.4151953,1",
1,512,transformer.h.2.mlp.w2.weight,transformer.h.2.mlp.w2.weight,"(1024, 384)",4,lloyd_per_tensor_oracle,0.30515584349632263,0.9531428217887878,0.24062126874923706,0.9709326028823853,0.844799816608429,0.5606875419616699,1.0122677087783813,,,0.0010927235707640648,0.0023247168865054846,73.93706512451172,0,384,0.30515584349632263,0.9531428217887878,5.5146272643469274e-05,4.7031440772116184e-05,0.34909820556640625,2.9127151719876565e-05,5.893388788535958e-06,5.7081600971287116e-05,0.00017097790259867907,0.0,0.0,0.0,0.6329582929611206,0.2965688407421112,0.0028012117836624384,0.0,0.0,"-1,-0.4037525,-0.163463,0,0.163463,0.4037525,1",
1,512,transformer.h.2.mlp.w2.weight,transformer.h.2.mlp.w2.weight,"(1024, 384)",8,lloyd_global,0.30714747309684753,0.9527440667152405,0.22037552297115326,0.9756982326507568,0.8624267578125,0.5269222259521484,1.0087708234786987,0.8542425632476807,0.539932906627655,0.0009867226472124457,0.0019968003034591675,73.93706512451172,0,384,0.30714747309684753,0.9527440667152405,5.1633996918099e-05,4.532053571892902e-05,0.3708648681640625,2.6136613087146543e-05,5.304645128489938e-06,5.438954758574255e-05,0.00014548773469869047,0.0,0.0,0.0,0.6414639949798584,0.2959253191947937,0.0027731263544410467,0.0,0.0,"-1,-0.4198408,-0.1791116,0,0.1791116,0.4198408,1",
1,512,transformer.h.2.mlp.w2.weight,transformer.h.2.mlp.w2.weight,"(1024, 384)",8,lloyd_per_tensor_oracle,0.3035620152950287,0.9534552693367004,0.21780632436275482,0.9761692881584167,0.8651999831199646,0.5212180018424988,1.0074372291564941,,,0.0009867226472124457,0.0019968003034591675,73.93706512451172,0,384,0.3035620152950287,0.9534552693367004,5.020790922571905e-05,4.331603122409433e-05,0.34486135840415955,2.6136613087146543e-05,5.304645128489938e-06,5.189294824958779e-05,0.00015744757547508925,0.0,0.0,0.0,0.6288276314735413,0.2898026406764984,0.0030142352916300297,0.0,0.0,"-1,-0.4033594,-0.1650424,0,0.1650424,0.4033594,1",
1,512,transformer.h.2.mlp.c_proj.weight,transformer.h.2.mlp.c_proj.weight,"(384, 1024)",4,lloyd_global,0.33345723152160645,0.9452635645866394,0.27970966696739197,0.9613044857978821,0.8303728699684143,0.5891956686973572,1.0218297243118286,0.823035478591919,0.5949274897575378,0.004338033962994814,0.00820191204547882,52.84431076049805,0,384,0.33345723152160645,0.9452635645866394,0.00021187769016250968,0.00019919291662517935,0.43834176659584045,0.00010951947479043156,2.2352376618073322e-05,0.00023790576960891485,0.0006513445405289531,0.0,0.0,0.0,0.6765725612640381,0.2825656831264496,0.0013794503174722195,0.0,0.0,"-1,-0.4151953,-0.1762106,0,0.1762106,0.4151953,1",
1,512,transformer.h.2.mlp.c_proj.weight,transformer.h.2.mlp.c_proj.weight,"(384, 1024)",4,lloyd_per_tensor_oracle,0.3149336576461792,0.9497359395027161,0.264176607131958,0.9647597670555115,0.8451420068740845,0.5618786215782166,1.018224835395813,,,0.004338033962994814,0.00820191204547882,52.84431076049805,0,384,0.3149336576461792,0.9497359395027161,0.00018940419249702245,0.00016906973905861378,0.3570810854434967,0.00010951947479043156,2.2352376618073322e-05,0.0002017533843172714,0.0008465602877549827,0.0,0.0,0.0,0.6269055008888245,0.27541977167129517,0.0013963255332782865,0.0,0.0,"-1,-0.3510737,-0.1396418,0,0.1396418,0.3510737,1",
1,512,transformer.h.2.mlp.c_proj.weight,transformer.h.2.mlp.c_proj.weight,"(384, 1024)",8,lloyd_global,0.31977975368499756,0.949383556842804,0.24813087284564972,0.9693973064422607,0.8564068675041199,0.5409271121025085,1.0177195072174072,0.8489809632301331,0.5495898127555847,0.003741690656170249,0.006066647358238697,52.84431076049805,0,384,0.31977975368499756,0.949383556842804,0.00018806871958076954,0.00017737527377903461,0.41278076171875,9.421761205885559e-05,1.9015235011465847e-05,0.00020754789875354618,0.0005549239576794207,0.0,0.0,0.0,0.6755701899528503,0.2801573574542999,0.0012671388685703278,0.0,0.0,"-1,-0.4198408,-0.1791116,0,0.1791116,0.4198408,1",
1,512,transformer.h.2.mlp.c_proj.weight,transformer.h.2.mlp.c_proj.weight,"(384, 1024)",8,lloyd_per_tensor_oracle,0.3069387674331665,0.9522605538368225,0.23816584050655365,0.9714054465293884,0.866582453250885,0.5206080675125122,1.0148539543151855,,,0.003741690656170249,0.006066647358238697,52.84431076049805,0,384,0.3069387674331665,0.9522605538368225,0.0001719119754852727,0.00015454506501555443,0.3464304506778717,9.421761205885559e-05,1.9015235011465847e-05,0.00018099654698744416,0.000706799968611449,0.0,0.0,0.0,0.6314899921417236,0.2726812958717346,0.0011959017720073462,0.0,0.0,"-1,-0.3643443,-0.1472847,0,0.1472847,0.3643443,1",
1,512,transformer.h.3.attn.c_attn.weight,transformer.h.3.attn.c_attn.weight,"(1152, 384)",4,lloyd_global,0.27756041288375854,0.9609683156013489,0.16475693881511688,0.986359715461731,0.5405135750770569,0.9942562580108643,1.070320725440979,0.5458250045776367,0.9530739784240723,0.0005273346323519945,0.0019423664780333638,1004.8677368164062,225,384,0.27756041288375854,0.9609683156013489,2.8890735848108307e-05,1.1018471923307516e-05,0.34787100553512573,1.1677167094603647e-05,2.309064484506962e-06,2.968639637401793e-05,0.00010422193008707836,0.001598490052856505,0.7353818416595459,0.7369802594184875,0.39868271350860596,0.4554712474346161,0.08885142207145691,1.2988150501769269e-06,0.0005975170060992241,"-1,-0.4151953,-0.1762106,0,0.1762106,0.4151953,1",
1,512,transformer.h.3.attn.c_attn.weight,transformer.h.3.attn.c_attn.weight,"(1152, 384)",4,lloyd_per_tensor_oracle,0.2781944274902344,0.960704505443573,0.16513338685035706,0.98628830909729,0.541996955871582,0.9915682673454285,1.0682698488235474,,,0.0005273346323519945,0.0019423664780333638,1004.8677368164062,225,384,0.2781944274902344,0.960704505443573,2.8653477784246206e-05,1.0802275937749073e-05,0.3367919921875,1.1677167094603647e-05,2.309064484506962e-06,2.9136575903976336e-05,0.00010879630281124264,0.0015456696273759007,0.728660523891449,0.7302061915397644,0.396644651889801,0.4505178928375244,0.08767847716808319,1.2652127452383866e-06,0.0005964473821222782,"-1,-0.4063747,-0.169908,0,0.169908,0.4063747,1",
1,512,transformer.h.3.attn.c_attn.weight,transformer.h.3.attn.c_attn.weight,"(1152, 384)",8,lloyd_global,0.2737042307853699,0.9620198011398315,0.1306033730506897,0.9914433360099792,0.5947832465171814,0.9378607869148254,1.077841877937317,0.6017619967460632,0.8924553990364075,0.0004147846484556794,0.001239710720255971,1004.8677368164062,225,384,0.2737042307853699,0.9620198011398315,2.3298889573197812e-05,9.573312127031386e-06,0.33027705550193787,9.2082245828351e-06,1.8632731553225312e-06,2.3426169718732126e-05,8.054861245909706e-05,0.0015959913143888116,0.729957103729248,0.7315530776977539,0.39900001883506775,0.4523010551929474,0.08780986070632935,8.102495030470891e-07,0.0003705830895341933,"-1,-0.4198408,-0.1791116,0,0.1791116,0.4198408,1",
1,512,transformer.h.3.attn.c_attn.weight,transformer.h.3.attn.c_attn.weight,"(1152, 384)",8,lloyd_per_tensor_oracle,0.2741912305355072,0.9618332982063293,0.1308353841304779,0.9914116859436035,0.5941129922866821,0.9387350678443909,1.0780431032180786,,,0.0004147846484556794,0.001239710720255971,1004.8677368164062,225,384,0.2741912305355072,0.9618332982063293,2.3204440367408097e-05,9.458695785724558e-06,0.32384350895881653,9.2082245828351e-06,1.8632731553225312e-06,2.319445957255084e-05,8.238161535700783e-05,0.0015825534937903285,0.7260913252830505,0.7276738882064819,0.39825499057769775,0.45094889402389526,0.08646366745233536,8.082781164375774e-07,0.0003708460717462003,"-1,-0.4153812,-0.1752737,0,0.1752737,0.4153812,1",
1,512,transformer.h.3.attn.c_proj.weight,transformer.h.3.attn.c_proj.weight,"(384, 384)",4,lloyd_global,0.2715380787849426,0.9625740647315979,0.1670040637254715,0.9859777092933655,0.5240496397018433,1.02485191822052,1.0940920114517212,0.4798574447631836,1.020609974861145,0.0034179016947746277,0.0046141427010297775,40979.73046875,164,383,0.2715380787849426,0.9625740647315979,0.0001954118488356471,0.00017616344848647714,0.2668728232383728,8.651366806589067e-05,1.7563086657901295e-05,0.00018853094661608338,0.0005532093928195536,0.0010969401337206364,0.6411190032958984,0.6422159075737,0.31609877943992615,0.449510395526886,0.1868567317724228,9.70723522186745e-06,0.005673503037542105,"-1,-0.4151953,-0.1762106,0,0.1762106,0.4151953,1",
1,512,transformer.h.3.attn.c_proj.weight,transformer.h.3.attn.c_proj.weight,"(384, 384)",4,lloyd_per_tensor_oracle,0.2701844573020935,0.9631804823875427,0.16617317497730255,0.9861494898796082,0.5257720947265625,1.0208320617675781,1.0901598930358887,,,0.0034179016947746277,0.0046141427010297775,40979.73046875,164,383,0.2701844573020935,0.9631804823875427,0.00019897193124052137,0.00018484320025891066,0.2944132387638092,8.651366806589067e-05,1.7563086657901295e-05,0.00019799446454271674,0.0004905230016447604,0.0010402303887531161,0.6486266255378723,0.6496668457984924,0.3242800831794739,0.4547688961029053,0.18816767632961273,9.113828127738088e-06,0.005682848393917084,"-1,-0.4376878,-0.1952724,0,0.1952724,0.4376878,1",
1,512,transformer.h.3.attn.c_proj.weight,transformer.h.3.attn.c_proj.weight,"(384, 384)",8,lloyd_global,0.2717362642288208,0.9625505208969116,0.1346425563097,0.9909067153930664,0.5717269778251648,0.9741129279136658,1.0968620777130127,0.5280272960662842,0.9722030758857727,0.0027633681893348694,0.0038857273757457733,40979.73046875,164,383,0.2717362642288208,0.9625505208969116,0.0001583864795975387,0.0001440290652681142,0.2692396342754364,6.935700366739184e-05,1.402918223902816e-05,0.00015388055180665106,0.0004366115899756551,0.001298943068832159,0.6413783431053162,0.6426773071289062,0.31434598565101624,0.4496867060661316,0.19166380167007446,7.469740012311377e-06,0.0036883291322737932,"-1,-0.4198408,-0.1791116,0,0.1791116,0.4198408,1",
1,512,transformer.h.3.attn.c_proj.weight,transformer.h.3.attn.c_proj.weight,"(384, 384)",8,lloyd_per_tensor_oracle,0.27110379934310913,0.9629141688346863,0.13432957231998444,0.9909583926200867,0.5706647634506226,0.9752737879753113,1.0967974662780762,,,0.0027633681893348694,0.0038857273757457733,40979.73046875,164,383,0.27110379934310913,0.9629141688346863,0.00016067000979091972,0.00014957296662032604,0.2906833291053772,6.935700366739184e-05,1.402918223902816e-05,0.00015966480714268982,0.0004002248460892588,0.0011614956893026829,0.6500099897384644,0.6511714458465576,0.32002437114715576,0.4560365378856659,0.19101715087890625,6.648279850196559e-06,0.0037205892149358988,"-1,-0.4359298,-0.1938445,0,0.1938445,0.4359298,1",
1,512,transformer.h.3.mlp.w1.weight,transformer.h.3.mlp.w1.weight,"(1024, 384)",4,lloyd_global,0.3092391788959503,0.952083945274353,0.2478237897157669,0.9692690968513489,0.8278748989105225,0.589119017124176,1.0079463720321655,0.8189524412155151,0.6017533540725708,0.0010002668714150786,0.0034066070802509785,71.88166809082031,0,384,0.3092391788959503,0.952083945274353,5.169968426343985e-05,4.52895910711959e-05,0.36414846777915955,2.686307198018767e-05,5.445944680104731e-06,5.414504266809672e-05,0.0001473533920943737,0.0,0.0,0.0,0.6190198659896851,0.3188752830028534,0.002800247399136424,0.0,0.0,"-1,-0.4151953,-0.1762106,0,0.1762106,0.4151953,1",
1,512,transformer.h.3.mlp.w1.weight,transformer.h.3.mlp.w1.weight,"(1024, 384)",4,lloyd_per_tensor_oracle,0.30589815974235535,0.9528032541275024,0.24514919519424438,0.9698127508163452,0.8297336101531982,0.5855303406715393,1.0066323280334473,,,0.0010002668714150786,0.0034066070802509785,71.88166809082031,0,384,0.30589815974235535,0.9528032541275024,5.04717645526398e-05,4.3510066461749375e-05,0.3420969545841217,2.686307198018767e-05,5.445944680104731e-06,5.2022496674908325e-05,0.00015717610949650407,0.0,0.0,0.0,0.609994113445282,0.31332796812057495,0.0028184354305267334,0.0,0.0,"-1,-0.401493,-0.1644997,0,0.1644997,0.401493,1",
1,512,transformer.h.3.mlp.w1.weight,transformer.h.3.mlp.w1.weight,"(1024, 384)",8,lloyd_global,0.3043399751186371,0.9537010788917542,0.22110779583454132,0.975551962852478,0.850973904132843,0.5472085475921631,1.0045369863510132,0.842505156993866,0.5612488985061646,0.0008863687980920076,0.0018607632955536246,71.88166809082031,0,384,0.3043399751186371,0.9537010788917542,4.6568937250413e-05,4.1218067053705454e-05,0.35926055908203125,2.3315424186876044e-05,4.762915978062665e-06,4.8770565626909956e-05,0.00012966444774065167,0.0,0.0,0.0,0.63355553150177,0.30984407663345337,0.0030615627765655518,0.0,0.0,"-1,-0.4198408,-0.1791116,0,0.1791116,0.4198408,1",
1,512,transformer.h.3.mlp.w1.weight,transformer.h.3.mlp.w1.weight,"(1024, 384)",8,lloyd_per_tensor_oracle,0.30100592970848083,0.9543604254722595,0.21868377923965454,0.9759856462478638,0.8535593748092651,0.5425129532814026,1.0047932863235474,,,0.0008863687980920076,0.0018607632955536246,71.88166809082031,0,384,0.30100592970848083,0.9543604254722595,4.5381690142676234e-05,3.943104820791632e-05,0.33614858984947205,2.3315424186876044e-05,4.762915978062665e-06,4.667565372074023e-05,0.0001399485772708431,0.0,0.0,0.0,0.6200527548789978,0.305276483297348,0.003173832083120942,0.0,0.0,"-1,-0.4037793,-0.1664938,0,0.1664938,0.4037793,1",
1,512,transformer.h.3.mlp.w2.weight,transformer.h.3.mlp.w2.weight,"(1024, 384)",4,lloyd_global,0.31078270077705383,0.9516909718513489,0.2494755983352661,0.9688712954521179,0.8226370215415955,0.5978087782859802,1.007286787033081,0.813937246799469,0.6100284457206726,0.000975112256128341,0.002132146153599024,76.9896011352539,0,384,0.31078270077705383,0.9516909718513489,5.034792047808878e-05,4.40721123595722e-05,0.37278494238853455,2.5996983822551556e-05,5.265319032332627e-06,5.292350397212431e-05,0.0001464019005652517,0.0,0.0,0.0,0.6186137199401855,0.32087403535842896,0.004101577214896679,0.0,0.0,"-1,-0.4151953,-0.1762106,0,0.1762106,0.4151953,1",
1,512,transformer.h.3.mlp.w2.weight,transformer.h.3.mlp.w2.weight,"(1024, 384)",4,lloyd_per_tensor_oracle,0.30703088641166687,0.9524999260902405,0.24646158516407013,0.9694809317588806,0.8257297873497009,0.5920848250389099,1.0056780576705933,,,0.000975112256128341,0.002132146153599024,76.9896011352539,0,384,0.30703088641166687,0.9524999260902405,4.899089617538266e-05,4.2152449168497697e-05,0.3474222719669342,2.5996983822551556e-05,5.265319032332627e-06,5.059661634732038e-05,0.00015669628919567913,0.0,0.0,0.0,0.6056594848632812,0.3180614411830902,0.0042664906941354275,0.0,0.0,"-1,-0.4004202,-0.1627034,0,0.1627034,0.4004202,1",
1,512,transformer.h.3.mlp.w2.weight,transformer.h.3.mlp.w2.weight,"(1024, 384)",8,lloyd_global,0.30721327662467957,0.9527190923690796,0.22351907193660736,0.9750033617019653,0.8459351658821106,0.5554940700531006,1.0014004707336426,0.837994396686554,0.5692316293716431,0.000871001451741904,0.0017289819661527872,76.9896011352539,0,384,0.30721327662467957,0.9527190923690796,4.549343793769367e-05,4.014532169094309e-05,0.36954498291015625,2.3033593606669456e-05,4.665628694056068e-06,4.787258876604028e-05,0.00012763659469783306,0.0,0.0,0.0,0.6233431696891785,0.31449413299560547,0.003341889940202236,0.0,0.0,"-1,-0.4198408,-0.1791116,0,0.1791116,0.4198408,1",
1,512,transformer.h.3.mlp.w2.weight,transformer.h.3.mlp.w2.weight,"(1024, 384)",8,lloyd_per_tensor_oracle,0.30349522829055786,0.9535359144210815,0.22081288695335388,0.9755085706710815,0.8480976819992065,0.5513648986816406,1.0006201267242432,,,0.000871001451741904,0.0017289819661527872,76.9896011352539,0,384,0.30349522829055786,0.9535359144210815,4.423696736921556e-05,3.83331353077665e-05,0.34359994530677795,2.3033593606669456e-05,4.665628694056068e-06,4.567536598187871e-05,0.0001379919413011521,0.0,0.0,0.0,0.6082116961479187,0.3120875954627991,0.0030774648766964674,0.0,0.0,"-1,-0.4034898,-0.1651136,0,0.1651136,0.4034898,1",
1,512,transformer.h.3.mlp.c_proj.weight,transformer.h.3.mlp.c_proj.weight,"(384, 1024)",4,lloyd_global,0.3669965863227844,0.9347426891326904,0.30101072788238525,0.9557016491889954,0.8089391589164734,0.6264207363128662,1.0252166986465454,0.799841046333313,0.6327149271965027,0.0042961519211530685,0.009365224279463291,58.40260696411133,0,384,0.3669965863227844,0.9347426891326904,0.00020261178724467754,0.00018962699687108397,0.48926544189453125,0.00011046284635085613,2.273933932883665e-05,0.00023504394630435854,0.0006025384063832462,0.0,0.0,0.0,0.678834080696106,0.2874869406223297,0.0019126045517623425,0.0,0.0,"-1,-0.4151953,-0.1762106,0,0.1762106,0.4151953,1",
1,512,transformer.h.3.mlp.c_proj.weight,transformer.h.3.mlp.c_proj.weight,"(384, 1024)",4,lloyd_per_tensor_oracle,0.32795286178588867,0.9454417824745178,0.2689885199069977,0.9634830951690674,0.8400669097900391,0.5707859396934509,1.0175472497940063,,,0.0042961519211530685,0.009365224279463291,58.40260696411133,0,384,0.32795286178588867,0.9454417824745178,0.00016933227016124874,0.00014934263890609145,0.3684183657169342,0.00011046284635085613,2.273933932883665e-05,0.00018233043374493718,0.0008582209702581167,0.0,0.0,0.0,0.6164311170578003,0.2806418836116791,0.002011543372645974,0.0,0.0,"-1,-0.3230757,-0.1265879,0,0.1265879,0.3230757,1",
1,512,transformer.h.3.mlp.c_proj.weight,transformer.h.3.mlp.c_proj.weight,"(384, 1024)",8,lloyd_global,0.334739089012146,0.9450631737709045,0.2534721791744232,0.9682486057281494,0.8499703407287598,0.5527684688568115,1.0172779560089111,0.8414849638938904,0.5630648732185364,0.003472724696621299,0.005795762408524752,58.40260696411133,0,384,0.334739089012146,0.9450631737709045,0.00017135933740064502,0.00016207183944061399,0.4384256899356842,8.755677117733285e-05,1.7868367649498396e-05,0.00019309709023218602,0.0005061646807007492,0.0,0.0,0.0,0.6765040159225464,0.28739824891090393,0.0015269441064447165,0.0,0.0,"-1,-0.4198408,-0.1791116,0,0.1791116,0.4198408,1",
1,512,transformer.h.3.mlp.c_proj.weight,transformer.h.3.mlp.c_proj.weight,"(384, 1024)",8,lloyd_per_tensor_oracle,0.3125051259994507,0.9504446387290955,0.23663508892059326,0.9717767834663391,0.8661051392555237,0.5216099619865417,1.015121340751648,,,0.003472724696621299,0.005795762408524752,58.40260696411133,0,384,0.3125051259994507,0.9504446387290955,0.00015041400911286473,0.00013460381887853146,0.34992218017578125,8.755677117733285e-05,1.7868367649498396e-05,0.00015982789045665413,0.0006915378617122769,0.0,0.0,0.0,0.6247098445892334,0.2744479477405548,0.0020792812574654818,0.0,0.0,"-1,-0.3447535,-0.1389771,0,0.1389771,0.3447535,1",
1,512,transformer.h.4.attn.c_attn.weight,transformer.h.4.attn.c_attn.weight,"(1152, 384)",4,lloyd_global,0.28065988421440125,0.9601203799247742,0.16903504729270935,0.9856658577919006,0.5081867575645447,1.0366811752319336,1.0852127075195312,0.5101383924484253,0.9898114204406738,0.0005828081630170345,0.0019495609449222684,1142.850830078125,227,384,0.28065988421440125,0.9601203799247742,3.185378955095075e-05,8.509707186021842e-06,0.32702410221099854,1.4509529137285426e-05,2.9912180252722465e-06,3.205130633432418e-05,0.00010129607835551724,0.0012682097731158137,0.7495401501655579,0.7508082985877991,0.39375701546669006,0.45096588134765625,0.09808126837015152,1.2306475127843441e-06,0.0007273399969562888,"-1,-0.4151953,-0.1762106,0,0.1762106,0.4151953,1",
1,512,transformer.h.4.attn.c_attn.weight,transformer.h.4.attn.c_attn.weight,"(1152, 384)",4,lloyd_per_tensor_oracle,0.2806445360183716,0.960136353969574,0.16902635991573334,0.9856711626052856,0.5090891718864441,1.0354993343353271,1.0847866535186768,,,0.0005828081630170345,0.0019495609449222684,1142.850830078125,227,384,0.2806445360183716,0.960136353969574,3.190515053574927e-05,8.529694241588004e-06,0.32813629508018494,1.4509529137285426e-05,2.9912180252722465e-06,3.2179279514821246e-05,0.00010029527038568631,0.0012828995240852237,0.7505021691322327,0.7517850995063782,0.39583322405815125,0.45076197385787964,0.09758924692869186,1.2449011137505295e-06,0.0007282729493454099,"-1,-0.4171856,-0.1768192,0,0.1768192,0.4171856,1",
1,512,transformer.h.4.attn.c_attn.weight,transformer.h.4.attn.c_attn.weight,"(1152, 384)",8,lloyd_global,0.2738843262195587,0.9619314074516296,0.12894272804260254,0.9916685223579407,0.5665813684463501,0.9806879162788391,1.0983322858810425,0.5723549127578735,0.9248217344284058,0.00043393787927925587,0.0012971628457307816,1142.850830078125,227,384,0.2738843262195587,0.9619314074516296,2.4485976609867066e-05,7.3333794716745615e-06,0.31429940462112427,1.0567751814960502e-05,2.136034026989364e-06,2.4092010789900087e-05,7.844172068871558e-05,0.0017883653054013848,0.7445971369743347,0.7463854551315308,0.38871076703071594,0.45011377334594727,0.09641386568546295,1.0109907861988177e-06,0.0004209323669783771,"-1,-0.4198408,-0.1791116,0,0.1791116,0.4198408,1",
1,512,transformer.h.4.attn.c_attn.weight,transformer.h.4.attn.c_attn.weight,"(1152, 384)",8,lloyd_per_tensor_oracle,0.2734481692314148,0.9621279835700989,0.12873859703540802,0.991697371006012,0.5667423605918884,0.9807822108268738,1.0988402366638184,,,0.00043393787927925587,0.0012971628457307816,1142.850830078125,227,384,0.2734481692314148,0.9621279835700989,2.4607088562333956e-05,7.402086339425296e-06,0.31951451301574707,1.0567751814960502e-05,2.136034026989364e-06,2.4424749426543713e-05,7.589046435896307e-05,0.001769712776876986,0.7488194108009338,0.75058913230896,0.39141732454299927,0.45287129282951355,0.09641170501708984,9.950097137334524e-07,0.0004210189508739859,"-1,-0.4262353,-0.1823856,0,0.1823856,0.4262353,1",
1,512,transformer.h.4.attn.c_proj.weight,transformer.h.4.attn.c_proj.weight,"(384, 384)",4,lloyd_global,0.2735779583454132,0.9620293378829956,0.17581728100776672,0.9844479560852051,0.5225751996040344,1.0221779346466064,1.086429238319397,0.48046040534973145,1.0193536281585693,0.003251326270401478,0.004156525246798992,46522.55078125,159,384,0.2735779583454132,0.9620293378829956,0.00018384313443675637,0.00016693188808858395,0.27490234375,8.177691779565066e-05,1.648374200158287e-05,0.0001790598762454465,0.0005239530000835657,0.0014394409954547882,0.622292697429657,0.6237321496009827,0.31762006878852844,0.4502299427986145,0.1860419362783432,1.1218980944249779e-05,0.0048501393757760525,"-1,-0.4151953,-0.1762106,0,0.1762106,0.4151953,1",
1,512,transformer.h.4.attn.c_proj.weight,transformer.h.4.attn.c_proj.weight,"(384, 384)",4,lloyd_per_tensor_oracle,0.27294042706489563,0.9623978137969971,0.17540167272090912,0.9845520257949829,0.5222979187965393,1.0234167575836182,1.0881390571594238,,,0.003251326270401478,0.004156525246798992,46522.55078125,159,384,0.27294042706489563,0.9623978137969971,0.00018686972907744348,0.00017360044876113534,0.2964070737361908,8.177691779565066e-05,1.648374200158287e-05,0.00018653100414667279,0.00047582644037902355,0.001416252227500081,0.6312834620475769,0.632699728012085,0.3193354308605194,0.4574558734893799,0.1892787218093872,1.0986866982420906e-05,0.0048973108641803265,"-1,-0.4333459,-0.1911413,0,0.1911413,0.4333459,1",
1,512,transformer.h.4.attn.c_proj.weight,transformer.h.4.attn.c_proj.weight,"(384, 384)",8,lloyd_global,0.2730525732040405,0.9622426629066467,0.1421111673116684,0.9898673892021179,0.5673505067825317,0.975698709487915,1.0906788110733032,0.5217663645744324,0.9779929518699646,0.0026134143117815256,0.003515993244946003,46522.55078125,159,384,0.2730525732040405,0.9622426629066467,0.00014908035518601537,0.00013548508286476135,0.2765842080116272,6.566964293597266e-05,1.3031028174737003e-05,0.00014544125588145107,0.00041042163502424955,0.0012393039651215076,0.6301432847976685,0.6313826441764832,0.3219369947910309,0.45207273960113525,0.18561594188213348,6.3104052969720215e-06,0.0032086235005408525,"-1,-0.4198408,-0.1791116,0,0.1791116,0.4198408,1",
1,512,transformer.h.4.attn.c_proj.weight,transformer.h.4.attn.c_proj.weight,"(384, 384)",8,lloyd_per_tensor_oracle,0.27270743250846863,0.9625423550605774,0.14193126559257507,0.9899065494537354,0.5660791397094727,0.9781584739685059,1.092614769935608,,,0.0026134143117815256,0.003515993244946003,46522.55078125,159,384,0.27270743250846863,0.9625423550605774,0.00015116381109692156,0.00014000502415001392,0.29632568359375,6.566964293597266e-05,1.3031028174737003e-05,0.00015055407129693776,0.0003791583585552871,0.001208167988806963,0.6379472613334656,0.639155387878418,0.32545915246009827,0.45551690459251404,0.18863514065742493,6.136325282568578e-06,0.003240155288949609,"-1,-0.4348059,-0.1924072,0,0.1924072,0.4348059,1",
1,512,transformer.h.4.mlp.w1.weight,transformer.h.4.mlp.w1.weight,"(1024, 384)",4,lloyd_global,0.30512332916259766,0.9531803131103516,0.22921644151210785,0.9736453890800476,0.8100027441978455,0.6139757037162781,0.9918275475502014,0.8058817386627197,0.6230936050415039,0.0009493363904766738,0.0022411069367080927,106.59610748291016,2,384,0.30512332916259766,0.9531803131103516,4.946750414092094e-05,4.3621395889203995e-05,0.3583780825138092,2.5229861421394162e-05,5.135073024575831e-06,5.163033711141907e-05,0.00014114099030848593,8.90922819962725e-07,0.008847422897815704,0.008848313242197037,0.6056045293807983,0.3195980489253998,0.006186328362673521,6.167975019621963e-10,6.125186246208614e-06,"-1,-0.4151953,-0.1762106,0,0.1762106,0.4151953,1",
1,512,transformer.h.4.mlp.w1.weight,transformer.h.4.mlp.w1.weight,"(1024, 384)",4,lloyd_per_tensor_oracle,0.30283233523368835,0.9536904692649841,0.22749415040016174,0.9739821553230286,0.8120429515838623,0.6104227304458618,0.9909847378730774,,,0.0009493363904766738,0.0022411069367080927,106.59610748291016,2,384,0.30283233523368835,0.9536904692649841,4.857649400946684e-05,4.2285646486561745e-05,0.3405202329158783,2.5229861421394162e-05,5.135073024575831e-06,5.006908395444043e-05,0.00014854052278678864,3.6831431771133794e-07,0.008635797537863255,0.008636165410280228,0.5976595878601074,0.31753310561180115,0.005515209399163723,2.5542684634061175e-10,5.988945758872433e-06,"-1,-0.4045542,-0.1665567,0,0.1665567,0.4045542,1",
1,512,transformer.h.4.mlp.w1.weight,transformer.h.4.mlp.w1.weight,"(1024, 384)",8,lloyd_global,0.30298271775245667,0.9539677500724792,0.20536953210830688,0.9789069890975952,0.8345264196395874,0.5719559192657471,0.9880257248878479,0.8312106132507324,0.5810227394104004,0.0008441107929684222,0.0019512909930199385,106.59610748291016,2,384,0.30298271775245667,0.9539677500724792,4.456076931091957e-05,3.9581726014148444e-05,0.35685476660728455,2.2378140783985145e-05,4.559249646263197e-06,4.652121788240038e-05,0.00012388649338390678,6.772203960281331e-06,0.008943207561969757,0.00894998013973236,0.6114695072174072,0.3230192959308624,0.005546025466173887,3.732488540464374e-09,4.929033366352087e-06,"-1,-0.4198408,-0.1791116,0,0.1791116,0.4198408,1",
1,512,transformer.h.4.mlp.w1.weight,transformer.h.4.mlp.w1.weight,"(1024, 384)",8,lloyd_per_tensor_oracle,0.3002699017524719,0.954517126083374,0.2035299390554428,0.9792239665985107,0.8364506959915161,0.5684840083122253,0.9874894022941589,,,0.0008441107929684222,0.0019512909930199385,106.59610748291016,2,384,0.3002699017524719,0.954517126083374,4.359190643299371e-05,3.812887007370591e-05,0.33709970116615295,2.2378140783985145e-05,4.559249646263197e-06,4.4778280425816774e-05,0.00013269482587929815,1.4921356523700524e-05,0.008959128521382809,0.008974050171673298,0.6002880334854126,0.3175078332424164,0.005288428161293268,8.27766477584646e-09,4.970102054357994e-06,"-1,-0.4057189,-0.1680886,0,0.1680886,0.4057189,1",
1,512,transformer.h.4.mlp.w2.weight,transformer.h.4.mlp.w2.weight,"(1024, 384)",4,lloyd_global,0.3062640130519867,0.9529719948768616,0.22943015396595,0.9736794829368591,0.8032954335212708,0.6233651638031006,0.9873021841049194,0.8003759384155273,0.6318711638450623,0.0009333034977316856,0.002041864674538374,105.61543273925781,5,384,0.3062640130519867,0.9529719948768616,4.8363475798396394e-05,4.2459636460989714e-05,0.36790719628334045,2.4749031581450254e-05,5.001783847546903e-06,5.074768705526367e-05,0.00013959768693894148,2.627329195092898e-05,0.02170754037797451,0.021733814850449562,0.6002782583236694,0.33251768350601196,0.007520075421780348,1.777518932044586e-08,1.4686231224914081e-05,"-1,-0.4151953,-0.1762106,0,0.1762106,0.4151953,1",
1,512,transformer.h.4.mlp.w2.weight,transformer.h.4.mlp.w2.weight,"(1024, 384)",4,lloyd_per_tensor_oracle,0.30334633588790894,0.9535846710205078,0.22723989188671112,0.9740849137306213,0.8057072162628174,0.6192702651023865,0.9863959550857544,,,0.0009333034977316856,0.002041864674538374,105.61543273925781,5,384,0.30334633588790894,0.9535846710205078,4.7280482249334455e-05,4.08959858759772e-05,0.345550537109375,2.4749031581450254e-05,5.001783847546903e-06,4.887571412837133e-05,0.0001480340724810958,8.569440069550183e-06,0.02087847888469696,0.020887048915028572,0.5895408391952515,0.3284713923931122,0.00772384786978364,5.825468996079053e-09,1.4193101378623396e-05,"-1,-0.4027151,-0.1644629,0,0.1644629,0.4027151,1",
1,512,transformer.h.4.mlp.w2.weight,transformer.h.4.mlp.w2.weight,"(1024, 384)",8,lloyd_global,0.30602461099624634,0.9530775547027588,0.20625437796115875,0.9787340760231018,0.8260207772254944,0.5856398344039917,0.9849980473518372,0.8237543702125549,0.5937193632125854,0.0008386909030377865,0.0020260727033019066,105.61543273925781,5,384,0.30602461099624634,0.9530775547027588,4.3846957851201296e-05,3.873379318974912e-05,0.36859130859375,2.2126550902612507e-05,4.550120593194151e-06,4.620157415047288e-05,0.00012153871648479253,5.74535115447361e-05,0.021308384835720062,0.021365836262702942,0.6063039898872375,0.3289308249950409,0.006770499981939793,3.120970504255638e-08,1.1575069038372021e-05,"-1,-0.4198408,-0.1791116,0,0.1791116,0.4198408,1",
1,512,transformer.h.4.mlp.w2.weight,transformer.h.4.mlp.w2.weight,"(1024, 384)",8,lloyd_per_tensor_oracle,0.3025217056274414,0.953818678855896,0.20389226078987122,0.9791515469551086,0.8283395767211914,0.5816549062728882,0.9847316145896912,,,0.0008386909030377865,0.0020260727033019066,105.61543273925781,5,384,0.3025217056274414,0.953818678855896,4.272636942914687e-05,3.715220373123884e-05,0.3444875180721283,2.2126550902612507e-05,4.550120593194151e-06,4.423679274623282e-05,0.00013083984958939254,5.265917206997983e-05,0.02090318314731121,0.02095584198832512,0.5935535430908203,0.32444384694099426,0.00630970811471343,2.8646347516314563e-08,1.1371235814294778e-05,"-1,-0.4045991,-0.1659553,0,0.1659553,0.4045991,1",
1,512,transformer.h.4.mlp.c_proj.weight,transformer.h.4.mlp.c_proj.weight,"(384, 1024)",4,lloyd_global,0.3413100242614746,0.9428707957267761,0.24969562888145447,0.969153106212616,0.8281039595603943,0.5909870266914368,1.0152233839035034,0.8193245530128479,0.6011316776275635,0.003560404060408473,0.006221811752766371,94.83712005615234,0,384,0.3413100242614746,0.9428707957267761,0.0001719308056635782,0.0001616494555491954,0.45069631934165955,9.060904994839802e-05,1.857907227531541e-05,0.00019489707483444363,0.0005176453851163387,0.0,0.0,0.0,0.6775904893875122,0.28205326199531555,0.0032226410694420338,0.0,0.0,"-1,-0.4151953,-0.1762106,0,0.1762106,0.4151953,1",
1,512,transformer.h.4.mlp.c_proj.weight,transformer.h.4.mlp.c_proj.weight,"(384, 1024)",4,lloyd_per_tensor_oracle,0.31747329235076904,0.948903501033783,0.23224462568759918,0.9728509783744812,0.8463701605796814,0.5570582747459412,1.0096099376678467,,,0.003560404060408473,0.006221811752766371,94.83712005615234,0,384,0.31747329235076904,0.948903501033783,0.0001508053537691012,0.0001342624018434435,0.35916391015052795,9.060904994839802e-05,1.857907227531541e-05,0.00016122052329592407,0.0006975670694373548,0.0,0.0,0.0,0.6281249523162842,0.2710709273815155,0.0032114225905388594,0.0,0.0,"-1,-0.3410889,-0.1359386,0,0.1359386,0.3410889,1",
1,512,transformer.h.4.mlp.c_proj.weight,transformer.h.4.mlp.c_proj.weight,"(384, 1024)",8,lloyd_global,0.33092644810676575,0.9461120367050171,0.22289936244487762,0.9753623008728027,0.8529058694839478,0.545444667339325,1.0108575820922852,0.8442812561988831,0.558073878288269,0.0030981001909822226,0.00511592160910368,94.83712005615234,0,384,0.33092644810676575,0.9461120367050171,0.0001535358460387215,0.00014415364421438426,0.4280649721622467,7.887060928624123e-05,1.6069730918388814e-05,0.0001715794060146436,0.0004408662498462945,0.0,0.0,0.0,0.6799197196960449,0.27728596329689026,0.004025239497423172,0.0,0.0,"-1,-0.4198408,-0.1791116,0,0.1791116,0.4198408,1",
1,512,transformer.h.4.mlp.c_proj.weight,transformer.h.4.mlp.c_proj.weight,"(384, 1024)",8,lloyd_per_tensor_oracle,0.31168973445892334,0.9507617354393005,0.20993977785110474,0.9778417348861694,0.8669131398200989,0.5180094838142395,1.0078456401824951,,,0.0030981001909822226,0.00511592160910368,94.83712005615234,0,384,0.31168973445892334,0.9507617354393005,0.00013750174548476934,0.00012319962843321264,0.35131072998046875,7.887060928624123e-05,1.6069730918388814e-05,0.00014582875883206725,0.0005835809861309826,0.0,0.0,0.0,0.6313053965568542,0.26823723316192627,0.003928354009985924,0.0,0.0,"-1,-0.3543952,-0.1433817,0,0.1433817,0.3543952,1",
1,512,transformer.h.5.attn.c_attn.weight,transformer.h.5.attn.c_attn.weight,"(1152, 384)",4,lloyd_global,0.27671167254447937,0.961191713809967,0.17467665672302246,0.9846615195274353,0.5030106902122498,1.04445219039917,1.0894397497177124,0.49491769075393677,1.005070447921753,0.0004924784880131483,0.0018206924432888627,1102.2030029296875,217,384,0.27671167254447937,0.961191713809967,2.7441628844826482e-05,6.511447281809524e-06,0.3205905556678772,1.1144684322061948e-05,2.184582399422652e-06,2.7426794986240566e-05,9.930552187142894e-05,0.0013881941558793187,0.7211225628852844,0.7225107550621033,0.3797183632850647,0.45439061522483826,0.10911266505718231,1.261074885405833e-06,0.0006550881662406027,"-1,-0.4151953,-0.1762106,0,0.1762106,0.4151953,1",
1,512,transformer.h.5.attn.c_attn.weight,transformer.h.5.attn.c_attn.weight,"(1152, 384)",4,lloyd_per_tensor_oracle,0.27691882848739624,0.9610838294029236,0.174808070063591,0.9846305847167969,0.5048478245735168,1.0417042970657349,1.087957501411438,,,0.0004924784880131483,0.0018206924432888627,1102.2030029296875,217,384,0.27691882848739624,0.9610838294029236,2.7338939617038704e-05,6.472100722021423e-06,0.31828024983406067,1.1144684322061948e-05,2.184582399422652e-06,2.7155616407981142e-05,0.00010180357639910653,0.0013247777242213488,0.7165541648864746,0.7178789377212524,0.37856248021125793,0.45174407958984375,0.10900984704494476,1.2060988865414402e-06,0.0006523624178953469,"-1,-0.4101315,-0.17483,0,0.17483,0.4101315,1",
1,512,transformer.h.5.attn.c_attn.weight,transformer.h.5.attn.c_attn.weight,"(1152, 384)",8,lloyd_global,0.27354350686073303,0.962090015411377,0.13298477232456207,0.9911285042762756,0.5655486583709717,0.9821155071258545,1.0988355875015259,0.5603505969047546,0.9377120137214661,0.00038217331166379154,0.0013087514089420438,1102.2030029296875,217,384,0.27354350686073303,0.962090015411377,2.1502199160750024e-05,5.9757730923593044e-06,0.31821468472480774,8.604661161371041e-06,1.7191000551974867e-06,2.153952664230019e-05,7.264385931193829e-05,0.0014536023372784257,0.7192054390907288,0.720659077167511,0.3846975564956665,0.454622745513916,0.10584097355604172,7.61294415951852e-07,0.0003766691079363227,"-1,-0.4198408,-0.1791116,0,0.1791116,0.4198408,1",
1,512,transformer.h.5.attn.c_attn.weight,transformer.h.5.attn.c_attn.weight,"(1152, 384)",8,lloyd_per_tensor_oracle,0.27375179529190063,0.9619888067245483,0.13308309018611908,0.991112232208252,0.5651198029518127,0.981829047203064,1.09742271900177,,,0.00038217331166379154,0.0013087514089420438,1102.2030029296875,217,384,0.27375179529190063,0.9619888067245483,2.1419999029603787e-05,5.934020009590313e-06,0.31503409147262573,8.604661161371041e-06,1.7191000551974867e-06,2.132451299985405e-05,7.449577969964594e-05,0.0013977867783978581,0.7157648801803589,0.7171626687049866,0.3827981948852539,0.45293521881103516,0.1051485612988472,7.347256882894726e-07,0.00037623109528794885,"-1,-0.4148557,-0.177254,0,0.177254,0.4148557,1",
1,512,transformer.h.5.attn.c_proj.weight,transformer.h.5.attn.c_proj.weight,"(384, 384)",4,lloyd_global,0.27412936091423035,0.961871862411499,0.16530367732048035,0.9862635731697083,0.5180147290229797,1.032960057258606,1.097103476524353,0.4705193042755127,1.0290594100952148,0.0030606919899582863,0.004012857098132372,74788.1875,162,384,0.27412936091423035,0.961871862411499,0.00017488611047156155,0.00015778274973854423,0.2697889506816864,7.724048191448674e-05,1.56466612679651e-05,0.00016870225954335183,0.0004939131904393435,0.0013725085882470012,0.6359052062034607,0.6372777223587036,0.31445813179016113,0.4507370889186859,0.18949216604232788,9.766139555722475e-06,0.004524808842688799,"-1,-0.4151953,-0.1762106,0,0.1762106,0.4151953,1",
1,512,transformer.h.5.attn.c_proj.weight,transformer.h.5.attn.c_proj.weight,"(384, 384)",4,lloyd_per_tensor_oracle,0.2731667757034302,0.9623998403549194,0.16472609341144562,0.9863854646682739,0.5193010568618774,1.032436728477478,1.0986084938049316,,,0.0030606919899582863,0.004012857098132372,74788.1875,162,384,0.2731667757034302,0.9623998403549194,0.0001783728803275153,0.00016560382209718227,0.294677734375,7.724048191448674e-05,1.56466612679651e-05,0.00017775203741621226,0.00043659942457452416,0.0012048110365867615,0.6423471570014954,0.6435519456863403,0.320148229598999,0.4557405412197113,0.19294491410255432,8.51276854518801e-06,0.004538597539067268,"-1,-0.4386036,-0.1933804,0,0.1933804,0.4386036,1",
1,512,transformer.h.5.attn.c_proj.weight,transformer.h.5.attn.c_proj.weight,"(384, 384)",8,lloyd_global,0.27290061116218567,0.9622713327407837,0.12942640483379364,0.9916016459465027,0.5680220127105713,0.9836875200271606,1.106805682182312,0.5179915428161621,0.9818443059921265,0.002416953444480896,0.0035115107893943787,74788.1875,162,384,0.27290061116218567,0.9622713327407837,0.00013809480878990144,0.00012529554078355432,0.2735324501991272,6.124356150394306e-05,1.2250186955498066e-05,0.00013465658412314951,0.00037783297011628747,0.0010773808462545276,0.6407333612442017,0.6418107748031616,0.3168938457965851,0.45097553730010986,0.19163797795772552,4.699166765931295e-06,0.002794659696519375,"-1,-0.4198408,-0.1791116,0,0.1791116,0.4198408,1",
1,512,transformer.h.5.attn.c_proj.weight,transformer.h.5.attn.c_proj.weight,"(384, 384)",8,lloyd_per_tensor_oracle,0.2724055051803589,0.9626043438911438,0.12919045984745026,0.9916393160820007,0.5711616277694702,0.97816401720047,1.1031663417816162,,,0.002416953444480896,0.0035115107893943787,74788.1875,162,384,0.2724055051803589,0.9626043438911438,0.0001401906629325822,0.0001303411554545164,0.2953626811504364,6.124356150394306e-05,1.2250186955498066e-05,0.00013984310498926789,0.0003456008271314204,0.0010631305631250143,0.6473328471183777,0.6483959555625916,0.32001790404319763,0.4549205005168915,0.19393587112426758,4.620196250471054e-06,0.0028132053557783365,"-1,-0.4364464,-0.1943717,0,0.1943717,0.4364464,1",
1,512,transformer.h.5.mlp.w1.weight,transformer.h.5.mlp.w1.weight,"(1024, 384)",4,lloyd_global,0.30755379796028137,0.952534019947052,0.22300076484680176,0.9750795960426331,0.7894127368927002,0.6419185996055603,0.9770855903625488,0.7891815304756165,0.6493412256240845,0.0009431812795810401,0.0021819069515913725,118.60741424560547,17,384,0.30755379796028137,0.952534019947052,4.892360811936669e-05,4.303653258830309e-05,0.3641357421875,2.5211747924913652e-05,5.158469321031589e-06,5.1166731282137334e-05,0.00014028292207513005,0.00018471572548151016,0.07207886129617691,0.07226357609033585,0.5912026166915894,0.3342723846435547,0.010536447167396545,1.2582299291352683e-07,4.9098027375293896e-05,"-1,-0.4151953,-0.1762106,0,0.1762106,0.4151953,1",
1,512,transformer.h.5.mlp.w1.weight,transformer.h.5.mlp.w1.weight,"(1024, 384)",4,lloyd_per_tensor_oracle,0.3049123287200928,0.9530920386314392,0.2210887223482132,0.9754356145858765,0.7908735275268555,0.6396640539169312,0.9769917130470276,,,0.0009431812795810401,0.0021819069515913725,118.60741424560547,17,384,0.3049123287200928,0.9530920386314392,4.798873487743549e-05,4.168658051639795e-05,0.34488677978515625,2.5211747924913652e-05,5.158469321031589e-06,4.9532776756677777e-05,0.00014792305591981858,0.00022756910766474903,0.0714908093214035,0.07171837985515594,0.5826828479766846,0.3299456834793091,0.010408472269773483,1.5506827821809566e-07,4.871468263445422e-05,"-1,-0.4040412,-0.1659454,0,0.1659454,0.4040412,1",
1,512,transformer.h.5.mlp.w1.weight,transformer.h.5.mlp.w1.weight,"(1024, 384)",8,lloyd_global,0.3020058572292328,0.9542914032936096,0.19598448276519775,0.980755090713501,0.817366898059845,0.5978943109512329,0.977228581905365,0.8185397982597351,0.6024359464645386,0.000820676505099982,0.0018359845271334052,118.60741424560547,17,384,0.3020058572292328,0.9542914032936096,4.340161103755236e-05,3.8702040910720825e-05,0.35526275634765625,2.1493051463039592e-05,4.3796817408292554e-06,4.525739132077433e-05,0.00012153988791396841,0.00013335829135030508,0.07391701638698578,0.07405037432909012,0.6003256440162659,0.33148422837257385,0.00798871647566557,6.90360195676476e-08,3.8264864997472614e-05,"-1,-0.4198408,-0.1791116,0,0.1791116,0.4198408,1",
1,512,transformer.h.5.mlp.w1.weight,transformer.h.5.mlp.w1.weight,"(1024, 384)",8,lloyd_per_tensor_oracle,0.2996101677417755,0.9547649025917053,0.19443222880363464,0.9810192584991455,0.818699061870575,0.5956990122795105,0.9771767854690552,,,0.000820676505099982,0.0018359845271334052,118.60741424560547,17,384,0.2996101677417755,0.9547649025917053,4.253130828146823e-05,3.738139639608562e-05,0.33621978759765625,2.1493051463039592e-05,4.3796817408292554e-06,4.368556255940348e-05,0.0001294714311370626,0.0001462001382606104,0.07149016112089157,0.07163636386394501,0.5874541401863098,0.33055925369262695,0.00822959654033184,7.610624663811905e-08,3.721506436704658e-05,"-1,-0.4067443,-0.1685603,0,0.1685603,0.4067443,1",
1,512,transformer.h.5.mlp.w2.weight,transformer.h.5.mlp.w2.weight,"(1024, 384)",4,lloyd_global,0.301054984331131,0.9544797539710999,0.22508546710014343,0.9746107459068298,0.7922822833061218,0.6375721096992493,0.9772151112556458,0.7908886075019836,0.6467092037200928,0.0008805958204902709,0.0019018029561266303,112.05546569824219,7,384,0.301054984331131,0.9544797539710999,4.608054950949736e-05,4.057104524690658e-05,0.35380807518959045,2.331950054212939e-05,4.7147545956249814e-06,4.787031139130704e-05,0.00013242468412499875,5.20274588780012e-05,0.03194396570324898,0.0319959931075573,0.5923731923103333,0.33641675114631653,0.0075194197706878185,3.115072999548829e-08,1.9126013285131194e-05,"-1,-0.4151953,-0.1762106,0,0.1762106,0.4151953,1",
1,512,transformer.h.5.mlp.w2.weight,transformer.h.5.mlp.w2.weight,"(1024, 384)",4,lloyd_per_tensor_oracle,0.29939472675323486,0.954828679561615,0.2238442450761795,0.9748407006263733,0.79399573802948,0.6347713470458984,0.9766321182250977,,,0.0008805958204902709,0.0019018029561266303,112.05546569824219,7,384,0.29939472675323486,0.954828679561615,4.544854527921416e-05,3.966067743021995e-05,0.34003958106040955,2.331950054212939e-05,4.7147545956249814e-06,4.675632590078749e-05,0.0001376064756186679,4.3910193198826164e-05,0.030986521393060684,0.031030431389808655,0.5861188173294067,0.3318462371826172,0.007759093306958675,2.6233488270577254e-08,1.851243359851651e-05,"-1,-0.4071492,-0.1684458,0,0.1684458,0.4071492,1",
1,512,transformer.h.5.mlp.w2.weight,transformer.h.5.mlp.w2.weight,"(1024, 384)",8,lloyd_global,0.2988887131214142,0.9552056193351746,0.20047347247600555,0.9798886179924011,0.8182152509689331,0.5962508916854858,0.9762731790542603,0.8182808756828308,0.6028677225112915,0.0007811497780494392,0.0014280382310971618,112.05546569824219,7,384,0.2988887131214142,0.9552056193351746,4.138026270084083e-05,3.6957586416974664e-05,0.3518015444278717,2.03597064682981e-05,4.103380888409447e-06,4.305098991608247e-05,0.00011793311568908393,6.457505514845252e-05,0.03133426606655121,0.031398843973875046,0.5972992777824402,0.33604487776756287,0.007346389815211296,3.0355767677292533e-08,1.4729771464772057e-05,"-1,-0.4198408,-0.1791116,0,0.1791116,0.4198408,1",
1,512,transformer.h.5.mlp.w2.weight,transformer.h.5.mlp.w2.weight,"(1024, 384)",8,lloyd_per_tensor_oracle,0.29673731327056885,0.9555749893188477,0.19902761280536652,0.9801244735717773,0.8199394345283508,0.5931800007820129,0.9753519296646118,,,0.0007811497780494392,0.0014280382310971618,112.05546569824219,7,384,0.29673731327056885,0.9555749893188477,4.055134559166618e-05,3.56694363290444e-05,0.33368682861328125,2.03597064682981e-05,4.103380888409447e-06,4.1545525164110586e-05,0.00012584315845742822,6.511277751997113e-05,0.029844023287296295,0.02990913577377796,0.5861919522285461,0.3320046663284302,0.007435793988406658,3.089834876845998e-08,1.4162059414957184e-05,"-1,-0.4063019,-0.1687552,0,0.1687552,0.4063019,1",
1,512,transformer.h.5.mlp.c_proj.weight,transformer.h.5.mlp.c_proj.weight,"(384, 1024)",4,lloyd_global,0.33421531319618225,0.9451232552528381,0.23181341588497162,0.973385751247406,0.8316909670829773,0.5833277702331543,1.010492205619812,0.8225436210632324,0.5957527160644531,0.0031901102047413588,0.005198311060667038,108.00564575195312,6,384,0.33421531319618225,0.9451232552528381,0.0001555021881358698,0.00014637404819950461,0.43108367919921875,8.12095677247271e-05,1.6455484001198784e-05,0.00017465974087826908,0.0004679785342887044,4.7210833145072684e-05,0.027868907898664474,0.027916116639971733,0.6839293241500854,0.2742545008659363,0.0036809754092246294,2.6886576165452425e-07,0.0001587134611327201,"-1,-0.4151953,-0.1762106,0,0.1762106,0.4151953,1",
1,512,transformer.h.5.mlp.c_proj.weight,transformer.h.5.mlp.c_proj.weight,"(384, 1024)",4,lloyd_per_tensor_oracle,0.3124547600746155,0.9504944682121277,0.21671722829341888,0.9763754606246948,0.8474381566047668,0.5541154146194458,1.0061384439468384,,,0.0031901102047413588,0.005198311060667038,108.00564575195312,6,384,0.3124547600746155,0.9504944682121277,0.0001372602564515546,0.00012303405674174428,0.3480173647403717,8.12095677247271e-05,1.6455484001198784e-05,0.00014594454842153937,0.0006311084143817425,7.936733163660392e-05,0.026139041408896446,0.026218408718705177,0.6280503273010254,0.26839083433151245,0.0036058779805898666,4.3755235878961685e-07,0.0001441046188119799,"-1,-0.3417189,-0.1384902,0,0.1384902,0.3417189,1",
1,512,transformer.h.5.mlp.c_proj.weight,transformer.h.5.mlp.c_proj.weight,"(384, 1024)",8,lloyd_global,0.3175215423107147,0.950214684009552,0.20202767848968506,0.9797164797782898,0.8605691194534302,0.5297684669494629,1.0062483549118042,0.8525769114494324,0.5430059432983398,0.002685721730813384,0.004362705163657665,108.00564575195312,6,384,0.3175215423107147,0.950214684009552,0.00013535530888475478,0.00012754485942423344,0.39898681640625,6.796946399845183e-05,1.3602169019577559e-05,0.00014887646830175072,0.00039072352228686213,7.181493856478482e-05,0.028512468561530113,0.028584282845258713,0.6827336549758911,0.2746380865573883,0.0037866472266614437,3.1243601483765815e-07,0.0001240455312654376,"-1,-0.4198408,-0.1791116,0,0.1791116,0.4198408,1",
1,512,transformer.h.5.mlp.c_proj.weight,transformer.h.5.mlp.c_proj.weight,"(384, 1024)",8,lloyd_per_tensor_oracle,0.30361470580101013,0.9533361792564392,0.1931920051574707,0.981253445148468,0.8698129057884216,0.5110330581665039,1.0029253959655762,,,0.002685721730813384,0.004362705163657665,108.00564575195312,6,384,0.30361470580101013,0.9533361792564392,0.00012349568714853376,0.00011140992864966393,0.33768972754478455,6.796946399845183e-05,1.3602169019577559e-05,0.00012963262270204723,0.0005059887189418077,5.62800451007206e-05,0.026966383680701256,0.02702266536653042,0.6353421211242676,0.2673068940639496,0.003441897686570883,2.413627271380392e-07,0.00011564809392439201,"-1,-0.3602372,-0.1486928,0,0.1486928,0.3602372,1",
1,1024,transformer.h.0.attn.c_attn.weight,transformer.h.0.attn.c_attn.weight,"(1152, 384)",4,lloyd_global,0.27541598677635193,0.9615468382835388,0.1693616509437561,0.9855902194976807,0.6090056896209717,0.8919501900672913,1.0169981718063354,0.6336211562156677,0.8560155034065247,0.0007818348240107298,0.0024900431744754314,574.4498901367188,177,384,0.27541598677635193,0.9615468382835388,4.341939347796142e-05,1.3831444448442198e-05,0.32782435417175293,1.7802549336920492e-05,3.611101647038595e-06,4.394360075821169e-05,0.0001416698651155457,0.0011126998579129577,0.6100665330886841,0.6111792325973511,0.43258950114250183,0.45607879757881165,0.05466336011886597,2.2301915123534855e-06,0.0012227603001520038,"-1,-0.4151953,-0.1762106,0,0.1762106,0.4151953,1",
1,1024,transformer.h.0.attn.c_attn.weight,transformer.h.0.attn.c_attn.weight,"(1152, 384)",4,lloyd_per_tensor_oracle,0.2753937840461731,0.9615666270256042,0.1693493127822876,0.9855948686599731,0.6094166040420532,0.8913810849189758,1.0167802572250366,,,0.0007818348240107298,0.0024900431744754314,574.4498901367188,177,384,0.2753937840461731,0.9615666270256042,4.348816946730949e-05,1.3869168469682336e-05,0.3286336362361908,1.7802549336920492e-05,3.611101647038595e-06,4.412590351421386e-05,0.0001401582412654534,0.001111282384954393,0.6107615232467651,0.6118727922439575,0.43316301703453064,0.45638224482536316,0.054863326251506805,2.2274998627835885e-06,0.0012242353986948729,"-1,-0.4173137,-0.1766926,0,0.1766926,0.4173137,1",
1,1024,transformer.h.0.attn.c_attn.weight,transformer.h.0.attn.c_attn.weight,"(1152, 384)",8,lloyd_global,0.27273210883140564,0.962260365486145,0.14010563492774963,0.9901505708694458,0.6510633826255798,0.8460360169410706,1.02476966381073,0.6777336001396179,0.802830159664154,0.000653805851470679,0.0021566227078437805,574.4498901367188,177,384,0.27273210883140564,0.962260365486145,3.66546846635174e-05,1.279019852518104e-05,0.32671666145324707,1.502301347500179e-05,3.0454257284873165e-06,3.679306246340275e-05,0.00011819173232652247,0.0012618699111044407,0.6088907122612,0.6101526021957397,0.43188509345054626,0.45275530219078064,0.053590208292007446,1.7162560652650427e-06,0.0008281458867713809,"-1,-0.4198408,-0.1791116,0,0.1791116,0.4198408,1",
1,1024,transformer.h.0.attn.c_attn.weight,transformer.h.0.attn.c_attn.weight,"(1152, 384)",8,lloyd_per_tensor_oracle,0.2726692855358124,0.9623030424118042,0.14007368683815002,0.9901565909385681,0.6518363356590271,0.8451685905456543,1.0249272584915161,,,0.000653805851470679,0.0021566227078437805,574.4498901367188,177,384,0.2726692855358124,0.9623030424118042,3.671590093290433e-05,1.2823726137867197e-05,0.32712581753730774,1.502301347500179e-05,3.0454257284873165e-06,3.697315332829021e-05,0.00011664944759104401,0.0012460980797186494,0.6107587814331055,0.612004816532135,0.4329111576080322,0.45421525835990906,0.053813688457012177,1.6926400121519691e-06,0.0008296254673041403,"-1,-0.4223653,-0.1793728,0,0.1793728,0.4223653,1",
1,1024,transformer.h.0.attn.c_proj.weight,transformer.h.0.attn.c_proj.weight,"(384, 384)",4,lloyd_global,0.27301567792892456,0.9621867537498474,0.17586280405521393,0.9844518303871155,0.5679091811180115,0.9530996084213257,1.0484474897384644,0.5414025783538818,0.9577032923698425,0.004932651296257973,0.006190193351358175,83044.9921875,149,384,0.27301567792892456,0.9621867537498474,0.0002798491914290935,0.0002526371390558779,0.2717149555683136,0.00012364973372314125,2.48787400778383e-05,0.00027162142214365304,0.0007990248268470168,0.0010985725093632936,0.5945776104927063,0.5956761837005615,0.349995881319046,0.45298370718955994,0.15179258584976196,1.9874414647347294e-05,0.010756579227745533,"-1,-0.4151953,-0.1762106,0,0.1762106,0.4151953,1",
1,1024,transformer.h.0.attn.c_proj.weight,transformer.h.0.attn.c_proj.weight,"(384, 384)",4,lloyd_per_tensor_oracle,0.27235284447669983,0.9625762104988098,0.17543727159500122,0.9845677614212036,0.5694893002510071,0.9509413838386536,1.0476186275482178,,,0.004932651296257973,0.006190193351358175,83044.9921875,149,384,0.27235284447669983,0.9625762104988098,0.0002841523091774434,0.00026315951254218817,0.2927178144454956,0.00012364973372314125,2.48787400778383e-05,0.0002821467933245003,0.0007322790334001184,0.0009572840062901378,0.6014441847801208,0.6024014353752136,0.3527161777019501,0.46094468235969543,0.15336450934410095,1.723434979794547e-05,0.010828029364347458,"-1,-0.431818,-0.1904676,0,0.1904676,0.431818,1",
1,1024,transformer.h.0.attn.c_proj.weight,transformer.h.0.attn.c_proj.weight,"(384, 384)",8,lloyd_global,0.2709835171699524,0.962748110294342,0.14123480021953583,0.9899994134902954,0.6173928380012512,0.8984189033508301,1.0513622760772705,0.5885117053985596,0.9071806073188782,0.003908077254891396,0.005268946290016174,83044.9921875,149,384,0.2709835171699524,0.962748110294342,0.00022501252533402294,0.00020446226699277759,0.26800537109375,9.832558134803548e-05,1.9803510440397076e-05,0.0002171129744965583,0.0006215829052962363,0.0014013078762218356,0.5937854051589966,0.595186710357666,0.34868723154067993,0.4545634686946869,0.15211637318134308,1.634702130104415e-05,0.006926830857992172,"-1,-0.4198408,-0.1791116,0,0.1791116,0.4198408,1",
1,1024,transformer.h.0.attn.c_proj.weight,transformer.h.0.attn.c_proj.weight,"(384, 384)",8,lloyd_per_tensor_oracle,0.2701548933982849,0.9631731510162354,0.1408029943704605,0.9900769591331482,0.620523989200592,0.8957298398017883,1.0533994436264038,,,0.003908077254891396,0.005268946290016174,83044.9921875,149,384,0.2701548933982849,0.9631731510162354,0.00022876884031575173,0.0002125122700817883,0.2912326455116272,9.832558134803548e-05,1.9803510440397076e-05,0.0002267898671561852,0.0005615129484795034,0.001194572658278048,0.601879894733429,0.6030744910240173,0.3499712646007538,0.4636874794960022,0.15362334251403809,1.385024643241195e-05,0.006978382356464863,"-1,-0.4385583,-0.1951576,0,0.1951576,0.4385583,1",
1,1024,transformer.h.0.mlp.w1.weight,transformer.h.0.mlp.w1.weight,"(1024, 384)",4,lloyd_global,0.2929978668689728,0.9568074345588684,0.21462056040763855,0.9768810272216797,0.9033126831054688,0.4424811005592346,1.011711835861206,0.9006375074386597,0.44579511880874634,0.0016120824730023742,0.0035647607874125242,67.2748031616211,0,384,0.2929978668689728,0.9568074345588684,8.583388989791274e-05,7.669204933336005e-05,0.330047607421875,4.166206417721696e-05,8.441035788564477e-06,8.820291986921802e-05,0.0002472045598551631,0.0,0.0,0.0,0.7367580533027649,0.19269931316375732,0.0016675268998369575,0.0,0.0,"-1,-0.4151953,-0.1762106,0,0.1762106,0.4151953,1",
1,1024,transformer.h.0.mlp.w1.weight,transformer.h.0.mlp.w1.weight,"(1024, 384)",4,lloyd_per_tensor_oracle,0.2924821376800537,0.9568789005279541,0.21424315869808197,0.9769417643547058,0.9034655094146729,0.4420759081840515,1.0114872455596924,,,0.0016120824730023742,0.0035647607874125242,67.2748031616211,0,384,0.2924821376800537,0.9568789005279541,8.529201295459643e-05,7.591466419398785e-05,0.3248647153377533,4.166206417721696e-05,8.441035788564477e-06,8.713251736480743e-05,0.00025382026797160506,0.0,0.0,0.0,0.7321227788925171,0.1920909285545349,0.0017619921127334237,0.0,0.0,"-1,-0.4097389,-0.1732323,0,0.1732323,0.4097389,1",
1,1024,transformer.h.0.mlp.w1.weight,transformer.h.0.mlp.w1.weight,"(1024, 384)",8,lloyd_global,0.2931006848812103,0.9568532705307007,0.2012469619512558,0.9796994924545288,0.9130222201347351,0.4194004535675049,1.0104773044586182,0.9100532531738281,0.4241484999656677,0.0015067001804709435,0.002834081184118986,67.2748031616211,0,384,0.2931006848812103,0.9568532705307007,8.092438656603917e-05,7.27584701962769e-05,0.33151498436927795,3.89760680263862e-05,7.82542883825954e-06,8.337367762578651e-05,0.00022481675841845572,0.0,0.0,0.0,0.7411389946937561,0.19338126480579376,0.0016562903765588999,0.0,0.0,"-1,-0.4198408,-0.1791116,0,0.1791116,0.4198408,1",
1,1024,transformer.h.0.mlp.w1.weight,transformer.h.0.mlp.w1.weight,"(1024, 384)",8,lloyd_per_tensor_oracle,0.29203569889068604,0.9570077657699585,0.200519397854805,0.9798115491867065,0.9137669205665588,0.4174354076385498,1.009747862815857,,,0.0015067001804709435,0.002834081184118986,67.2748031616211,0,384,0.29203569889068604,0.9570077657699585,7.99800327513367e-05,7.13068584445864e-05,0.32209014892578125,3.89760680263862e-05,7.82542883825954e-06,8.153548697009683e-05,0.00023581681307405233,0.0,0.0,0.0,0.7339900732040405,0.19049881398677826,0.001598100527189672,0.0,0.0,"-1,-0.4101305,-0.1734722,0,0.1734722,0.4101305,1",
1,1024,transformer.h.0.mlp.w2.weight,transformer.h.0.mlp.w2.weight,"(1024, 384)",4,lloyd_global,0.29471078515052795,0.9562495350837708,0.22031378746032715,0.9756239056587219,0.9011147618293762,0.447589248418808,1.0121532678604126,0.8984565734863281,0.45066264271736145,0.0015803682617843151,0.0030830949544906616,63.05606460571289,0,384,0.29471078515052795,0.9562495350837708,8.38631167425774e-05,7.486040703952312e-05,0.33447012305259705,4.108141001779586e-05,8.248495760199148e-06,8.62748347572051e-05,0.00024144875351339579,0.0,0.0,0.0,0.7306737899780273,0.1934017688035965,0.0015365240396931767,0.0,0.0,"-1,-0.4151953,-0.1762106,0,0.1762106,0.4151953,1",
1,1024,transformer.h.0.mlp.w2.weight,transformer.h.0.mlp.w2.weight,"(1024, 384)",4,lloyd_per_tensor_oracle,0.29408013820648193,0.9562970995903015,0.2198428511619568,0.9756946563720703,0.9015683531761169,0.4465997517108917,1.0123130083084106,,,0.0015803682617843151,0.0030830949544906616,63.05606460571289,0,384,0.29408013820648193,0.9562970995903015,8.325596718350425e-05,7.386738434433937e-05,0.32708740234375,4.108141001779586e-05,8.248495760199148e-06,8.515454101143405e-05,0.00024740275694057345,0.0,0.0,0.0,0.7235500812530518,0.1923718899488449,0.0014900303212925792,0.0,0.0,"-1,-0.4102176,-0.1720237,0,0.1720237,0.4102176,1",
1,1024,transformer.h.0.mlp.w2.weight,transformer.h.0.mlp.w2.weight,"(1024, 384)",8,lloyd_global,0.293148010969162,0.9568173289299011,0.2058689147233963,0.9787586331367493,0.9116083979606628,0.4228949546813965,1.0108883380889893,0.9093120098114014,0.4258935749530792,0.0014652450336143374,0.002776564098894596,63.05606460571289,0,384,0.293148010969162,0.9568173289299011,7.870301487855613e-05,7.042608922347426e-05,0.33315786719322205,3.81089594156947e-05,7.675200322410092e-06,8.089338371064514e-05,0.0002183426113333553,0.0,0.0,0.0,0.7416766285896301,0.19227425754070282,0.0011956187663599849,0.0,0.0,"-1,-0.4198408,-0.1791116,0,0.1791116,0.4198408,1",
1,1024,transformer.h.0.mlp.w2.weight,transformer.h.0.mlp.w2.weight,"(1024, 384)",8,lloyd_per_tensor_oracle,0.2922284007072449,0.9569663405418396,0.2052231878042221,0.978863537311554,0.9120209217071533,0.421860933303833,1.0107027292251587,,,0.0014652450336143374,0.002776564098894596,63.05606460571289,0,384,0.2922284007072449,0.9569663405418396,7.794528937665746e-05,6.920617306604981e-05,0.32398223876953125,3.81089594156947e-05,7.675200322410092e-06,7.945488323457539e-05,0.0002261385670863092,0.0,0.0,0.0,0.7360352277755737,0.1901509314775467,0.0011834960896521807,0.0,0.0,"-1,-0.4126882,-0.1738288,0,0.1738288,0.4126882,1",
1,1024,transformer.h.0.mlp.c_proj.weight,transformer.h.0.mlp.c_proj.weight,"(384, 1024)",4,lloyd_global,0.3467511236667633,0.9412158727645874,0.27621176838874817,0.9624500274658203,0.831002414226532,0.588107168674469,1.0218485593795776,0.822536051273346,0.5957658290863037,0.0071230544708669186,0.013721275143325329,73.14700317382812,0,384,0.3467511236667633,0.9412158727645874,0.00034324676380492747,0.0003218585334252566,0.45054879784584045,0.00018239376368001103,3.7112960853846744e-05,0.00038993224734440446,0.0010127437999472022,0.0,0.0,0.0,0.6861536502838135,0.2762233018875122,0.0022512373980134726,0.0,0.0,"-1,-0.4151953,-0.1762106,0,0.1762106,0.4151953,1",
1,1024,transformer.h.0.mlp.c_proj.weight,transformer.h.0.mlp.c_proj.weight,"(384, 1024)",4,lloyd_per_tensor_oracle,0.3188364803791046,0.9484806060791016,0.25397250056266785,0.9674891829490662,0.8514497876167297,0.5499112606048584,1.0168596506118774,,,0.0071230544708669186,0.013721275143325329,73.14700317382812,0,384,0.3188364803791046,0.9484806060791016,0.0002974998496938497,0.00026495911879464984,0.3548838198184967,0.00018239376368001103,3.7112960853846744e-05,0.00031809587380848825,0.0013879184843972325,0.0,0.0,0.0,0.6282522678375244,0.2714838981628418,0.002276612678542733,0.0,0.0,"-1,-0.3361891,-0.1344431,0,0.1344431,0.3361891,1",
1,1024,transformer.h.0.mlp.c_proj.weight,transformer.h.0.mlp.c_proj.weight,"(384, 1024)",8,lloyd_global,0.3225542902946472,0.9485825896263123,0.23843683302402496,0.9717631340026855,0.8626818656921387,0.5286422371864319,1.0165393352508545,0.8548327684402466,0.5388354659080505,0.005904270801693201,0.009901871904730797,73.14700317382812,0,384,0.3225542902946472,0.9485825896263123,0.0002959361590910703,0.00027826963923871517,0.4090474545955658,0.0001499022910138592,3.0250286727095954e-05,0.00032724443008191884,0.0008545696618966758,0.0,0.0,0.0,0.6796264052391052,0.2767799198627472,0.002040890045464039,0.0,0.0,"-1,-0.4198408,-0.1791116,0,0.1791116,0.4198408,1",
1,1024,transformer.h.0.mlp.c_proj.weight,transformer.h.0.mlp.c_proj.weight,"(384, 1024)",8,lloyd_per_tensor_oracle,0.3075249195098877,0.952066957950592,0.22732742130756378,0.9739855527877808,0.8729699850082397,0.5075780153274536,1.0133247375488281,,,0.005904270801693201,0.009901871904730797,73.14700317382812,0,384,0.3075249195098877,0.952066957950592,0.00026909454027190804,0.0002421347890049219,0.34321340918540955,0.0001499022910138592,3.0250286727095954e-05,0.000283679342828691,0.0011094307992607355,0.0,0.0,0.0,0.6363663673400879,0.2652592658996582,0.0020414458122104406,0.0,0.0,"-1,-0.360027,-0.1472453,0,0.1472453,0.360027,1",
1,1024,transformer.h.1.attn.c_attn.weight,transformer.h.1.attn.c_attn.weight,"(1152, 384)",4,lloyd_global,0.275982528924942,0.9613524079322815,0.1682554930448532,0.9857773184776306,0.5810918211936951,0.9289935827255249,1.0290794372558594,0.601512610912323,0.8927361369132996,0.0006980995531193912,0.0022277876269072294,709.1956787109375,206,384,0.275982528924942,0.9613524079322815,3.8909191061975434e-05,1.5549303498119116e-05,0.32450130581855774,1.6198564480873756e-05,3.275759581811144e-06,3.8809968827990815e-05,0.00013231132470536977,0.001347364392131567,0.6781039237976074,0.6794512867927551,0.4192490875720978,0.448346883058548,0.0672856941819191,1.8604412161948858e-06,0.0009363261633552611,"-1,-0.4151953,-0.1762106,0,0.1762106,0.4151953,1",
1,1024,transformer.h.1.attn.c_attn.weight,transformer.h.1.attn.c_attn.weight,"(1152, 384)",4,lloyd_per_tensor_oracle,0.27579399943351746,0.9614468812942505,0.16814197599887848,0.9858017563819885,0.5806030631065369,0.9297069907188416,1.0294333696365356,,,0.0006980995531193912,0.0022277876269072294,709.1956787109375,206,384,0.27579399943351746,0.9614468812942505,3.903261313098483e-05,1.5645509847672656e-05,0.3266194760799408,1.6198564480873756e-05,3.275759581811144e-06,3.914898115908727e-05,0.00012944072659593076,0.0013348147040233016,0.6807729601860046,0.6821077466011047,0.41999444365501404,0.4506497085094452,0.0675618052482605,1.8395139704807661e-06,0.0009381761192344129,"-1,-0.4195638,-0.1774497,0,0.1774497,0.4195638,1",
1,1024,transformer.h.1.attn.c_attn.weight,transformer.h.1.attn.c_attn.weight,"(1152, 384)",8,lloyd_global,0.27461862564086914,0.9617716073989868,0.14196942746639252,0.9898895621299744,0.6177191138267517,0.8912975192070007,1.0372223854064941,0.6408988237380981,0.8474708795547485,0.0005975776584818959,0.001749361283145845,709.1956787109375,206,384,0.27461862564086914,0.9617716073989868,3.3649001125013456e-05,1.4649594959337264e-05,0.32791250944137573,1.3970827239973005e-05,2.8058905172656523e-06,3.347617530380376e-05,0.00011612461821641773,0.0013670987682417035,0.6816380023956299,0.6830050945281982,0.41845208406448364,0.45191431045532227,0.06805147230625153,1.324589561590983e-06,0.0006604428053833544,"-1,-0.4198408,-0.1791116,0,0.1791116,0.4198408,1",
1,1024,transformer.h.1.attn.c_attn.weight,transformer.h.1.attn.c_attn.weight,"(1152, 384)",8,lloyd_per_tensor_oracle,0.27478358149528503,0.9617289900779724,0.142053484916687,0.9898778796195984,0.6175565123558044,0.8914943337440491,1.0372393131256104,,,0.0005975776584818959,0.001749361283145845,709.1956787109375,206,384,0.27478358149528503,0.9617289900779724,3.360483606229536e-05,1.459389204683248e-05,0.3255886435508728,1.3970827239973005e-05,2.8058905172656523e-06,3.336928057251498e-05,0.00011692694533849135,0.001387549564242363,0.6804484128952026,0.681835949420929,0.4176923334598541,0.45178452134132385,0.06774239242076874,1.34717754463054e-06,0.0006606501410715282,"-1,-0.418471,-0.1777416,0,0.1777416,0.418471,1",
1,1024,transformer.h.1.attn.c_proj.weight,transformer.h.1.attn.c_proj.weight,"(384, 384)",4,lloyd_global,0.2723161280155182,0.9623956084251404,0.14960572123527527,0.9887763261795044,0.5653930902481079,0.9713901877403259,1.0784882307052612,0.5232449769973755,0.9764794111251831,0.0037138217594474554,0.004800157155841589,190647.671875,168,384,0.2723161280155182,0.9623956084251404,0.00021316955098882318,0.00019189738668501377,0.2664930522441864,9.352825145469978e-05,1.8813665519701317e-05,0.00020450277952477336,0.0006015427643433213,0.001564820995554328,0.6500610709190369,0.6516258716583252,0.3268760144710541,0.45517945289611816,0.17309045791625977,1.655820415180642e-05,0.006878642365336418,"-1,-0.4151953,-0.1762106,0,0.1762106,0.4151953,1",
1,1024,transformer.h.1.attn.c_proj.weight,transformer.h.1.attn.c_proj.weight,"(384, 384)",4,lloyd_per_tensor_oracle,0.27114295959472656,0.9629367589950562,0.14896158874034882,0.9888954758644104,0.5639816522598267,0.9739282131195068,1.0803247690200806,,,0.0037138217594474554,0.004800157155841589,190647.671875,168,384,0.27114295959472656,0.9629367589950562,0.00021742690296377987,0.00020180403953418136,0.2924465537071228,9.352825145469978e-05,1.8813665519701317e-05,0.00021598782041110098,0.0005289718392305076,0.0013819907326251268,0.6597381234169006,0.6611201167106628,0.33293837308883667,0.46200838685035706,0.1737196147441864,1.4497857591777574e-05,0.00692102313041687,"-1,-0.439319,-0.194219,0,0.194219,0.439319,1",
1,1024,transformer.h.1.attn.c_proj.weight,transformer.h.1.attn.c_proj.weight,"(384, 384)",8,lloyd_global,0.2727368175983429,0.9622517228126526,0.12782146036624908,0.9918142557144165,0.596709132194519,0.9390677213668823,1.0844674110412598,0.550979733467102,0.9476510286331177,0.003240251448005438,0.004482685122638941,190647.671875,168,384,0.2727368175983429,0.9622517228126526,0.0001839364122133702,0.00016753096133470535,0.2755601704120636,8.159926073858514e-05,1.6421894542872906e-05,0.00018000896670855582,0.0005081646959297359,0.001447343616746366,0.6530939340591431,0.6545413136482239,0.32802242040634155,0.4528658390045166,0.17378416657447815,1.1179011380590964e-05,0.005044375546276569,"-1,-0.4198408,-0.1791116,0,0.1791116,0.4198408,1",
1,1024,transformer.h.1.attn.c_proj.weight,transformer.h.1.attn.c_proj.weight,"(384, 384)",8,lloyd_per_tensor_oracle,0.27233678102493286,0.9625503420829773,0.12763820588588715,0.9918489456176758,0.5966637134552002,0.9388298988342285,1.0839099884033203,,,0.003240251448005438,0.004482685122638941,190647.671875,168,384,0.27233678102493286,0.9625503420829773,0.00018625457596499473,0.00017301784828305244,0.2930704653263092,8.159926073858514e-05,1.6421894542872906e-05,0.000185606608283706,0.0004728111671283841,0.0015629127155989408,0.6591529250144958,0.6607158780097961,0.33044859766960144,0.459054559469223,0.1755484789609909,1.2036247426294722e-05,0.005076244939118624,"-1,-0.4331373,-0.1910419,0,0.1910419,0.4331373,1",
1,1024,transformer.h.1.mlp.w1.weight,transformer.h.1.mlp.w1.weight,"(1024, 384)",4,lloyd_global,0.3090204894542694,0.9522562623023987,0.22498415410518646,0.9746841192245483,0.8690926432609558,0.5149483680725098,1.0122182369232178,0.8607417941093445,0.5277565717697144,0.0013084247475489974,0.0027577339205890894,86.80338287353516,0,384,0.3090204894542694,0.9522562623023987,6.751497130608186e-05,5.9230485931038857e-05,0.37397003173828125,3.4558357583591715e-05,7.0669057095074095e-06,7.116772030713037e-05,0.00019590870942920446,0.0,0.0,0.0,0.6740764379501343,0.2672680914402008,0.002599607454612851,0.0,0.0,"-1,-0.4151953,-0.1762106,0,0.1762106,0.4151953,1",
1,1024,transformer.h.1.mlp.w1.weight,transformer.h.1.mlp.w1.weight,"(1024, 384)",4,lloyd_per_tensor_oracle,0.30544114112854004,0.9529769420623779,0.22237884998321533,0.9751682281494141,0.8714941740036011,0.5099100470542908,1.0111379623413086,,,0.0013084247475489974,0.0027577339205890894,86.80338287353516,0,384,0.30544114112854004,0.9529769420623779,6.572241545654833e-05,5.6696837418712676e-05,0.34843698143959045,3.4558357583591715e-05,7.0669057095074095e-06,6.808427133364603e-05,0.00020993307407479733,0.0,0.0,0.0,0.6607803106307983,0.26370590925216675,0.0024990055244416,0.0,0.0,"-1,-0.400221,-0.1627285,0,0.1627285,0.400221,1",
1,1024,transformer.h.1.mlp.w1.weight,transformer.h.1.mlp.w1.weight,"(1024, 384)",8,lloyd_global,0.30599504709243774,0.9530771374702454,0.20659232139587402,0.9786369800567627,0.8847067952156067,0.48238977789878845,1.0087860822677612,0.876575767993927,0.4968494474887848,0.0011956956004723907,0.0024723042733967304,86.80338287353516,0,384,0.30599504709243774,0.9530771374702454,6.248807767406106e-05,5.537085235118866e-05,0.37125906348228455,3.1374325772048905e-05,6.345093879644992e-06,6.585713708773255e-05,0.00017640572332311422,0.0,0.0,0.0,0.6756635308265686,0.2615993022918701,0.002715221606194973,0.0,0.0,"-1,-0.4198408,-0.1791116,0,0.1791116,0.4198408,1",
1,1024,transformer.h.1.mlp.w1.weight,transformer.h.1.mlp.w1.weight,"(1024, 384)",8,lloyd_per_tensor_oracle,0.30250900983810425,0.9537956714630127,0.2042422592639923,0.9790489673614502,0.8870081305503845,0.4772741198539734,1.0076850652694702,,,0.0011956956004723907,0.0024723042733967304,86.80338287353516,0,384,0.30250900983810425,0.9537956714630127,6.079768718336709e-05,5.290670378599316e-05,0.3455098569393158,3.1374325772048905e-05,6.345093879644992e-06,6.29019777989015e-05,0.00019015479483641684,0.0,0.0,0.0,0.6611167192459106,0.2571749985218048,0.0026302870828658342,0.0,0.0,"-1,-0.4042389,-0.1650832,0,0.1650832,0.4042389,1",
1,1024,transformer.h.1.mlp.w2.weight,transformer.h.1.mlp.w2.weight,"(1024, 384)",4,lloyd_global,0.3078721761703491,0.9524942636489868,0.22315533459186554,0.9750641584396362,0.8676064014434814,0.5170751810073853,1.009368658065796,0.8583242297172546,0.5323193669319153,0.0012601034250110388,0.002726876176893711,87.78522491455078,0,384,0.3078721761703491,0.9524942636489868,6.51533409836702e-05,5.720612534787506e-05,0.37230172753334045,3.330133404233493e-05,6.810882041463628e-06,6.842291622888297e-05,0.00019305336172692478,0.0,0.0,0.0,0.6636399030685425,0.27399328351020813,0.0031038906890898943,0.0,0.0,"-1,-0.4151953,-0.1762106,0,0.1762106,0.4151953,1",
1,1024,transformer.h.1.mlp.w2.weight,transformer.h.1.mlp.w2.weight,"(1024, 384)",4,lloyd_per_tensor_oracle,0.304808109998703,0.9530967473983765,0.22093519568443298,0.9754692912101746,0.8698830604553223,0.5123662948608398,1.0084547996520996,,,0.0012601034250110388,0.002726876176893711,87.78522491455078,0,384,0.304808109998703,0.9530967473983765,6.358352402457967e-05,5.496793892234564e-05,0.34833526611328125,3.330133404233493e-05,6.810882041463628e-06,6.573406426468864e-05,0.0002050036273431033,0.0,0.0,0.0,0.6490992903709412,0.2711515724658966,0.0031759762205183506,0.0,0.0,"-1,-0.4022161,-0.1634666,0,0.1634666,0.4022161,1",
1,1024,transformer.h.1.mlp.w2.weight,transformer.h.1.mlp.w2.weight,"(1024, 384)",8,lloyd_global,0.30488842725753784,0.9534361958503723,0.20431208610534668,0.9791128635406494,0.8836740255355835,0.4843870997428894,1.0081640481948853,0.8751096725463867,0.4997940957546234,0.0011451585451141,0.0023775927256792784,87.78522491455078,0,384,0.30488842725753784,0.9534361958503723,6.008584750816226e-05,5.319191041053273e-05,0.3700510561466217,3.0043593142181635e-05,6.049752300896216e-06,6.308653973974288e-05,0.00017287061200477183,0.0,0.0,0.0,0.6673537492752075,0.2720036208629608,0.0030324794352054596,0.0,0.0,"-1,-0.4198408,-0.1791116,0,0.1791116,0.4198408,1",
1,1024,transformer.h.1.mlp.w2.weight,transformer.h.1.mlp.w2.weight,"(1024, 384)",8,lloyd_per_tensor_oracle,0.3018583655357361,0.9540128707885742,0.20228248834609985,0.9794577956199646,0.8857724070549011,0.4799697995185852,1.0080492496490479,,,0.0011451585451141,0.0023775927256792784,87.78522491455078,0,384,0.3018583655357361,0.9540128707885742,5.85239140491467e-05,5.0904040108434856e-05,0.3450266420841217,3.0043593142181635e-05,6.049752300896216e-06,6.0322323406580836e-05,0.00018642173381522298,0.0,0.0,0.0,0.6526826024055481,0.2685624063014984,0.0029567077290266752,0.0,0.0,"-1,-0.4038356,-0.1656086,0,0.1656086,0.4038356,1",
1,1024,transformer.h.1.mlp.c_proj.weight,transformer.h.1.mlp.c_proj.weight,"(384, 1024)",4,lloyd_global,0.34219008684158325,0.942779541015625,0.2761705219745636,0.9624470472335815,0.826961100101471,0.5946179628372192,1.0204142332077026,0.8175430297851562,0.6040892004966736,0.005089874844998121,0.008337031118571758,65.6740493774414,0,384,0.34219008684158325,0.942779541015625,0.0002448514860589057,0.0002308715193066746,0.4595693051815033,0.00012826239981222898,2.5994357201852836e-05,0.0002792779996525496,0.0007586674182675779,0.0,0.0,0.0,0.6672276258468628,0.29764237999916077,0.0025066237431019545,0.0,0.0,"-1,-0.4151953,-0.1762106,0,0.1762106,0.4151953,1",
1,1024,transformer.h.1.mlp.c_proj.weight,transformer.h.1.mlp.c_proj.weight,"(384, 1024)",4,lloyd_per_tensor_oracle,0.31757596135139465,0.9488357901573181,0.2563031315803528,0.9668459296226501,0.8466806411743164,0.5581879615783691,1.015295386314392,,,0.005089874844998121,0.008337031118571758,65.6740493774414,0,384,0.31757596135139465,0.9488357901573181,0.0002128950582118705,0.0001894598244689405,0.36221060156822205,0.00012826239981222898,2.5994357201852836e-05,0.00022822360915597528,0.0010237157111987472,0.0,0.0,0.0,0.6105517148971558,0.2907491624355316,0.0026632703375071287,0.0,0.0,"-1,-0.3394586,-0.1339516,0,0.1339516,0.3394586,1",
1,1024,transformer.h.1.mlp.c_proj.weight,transformer.h.1.mlp.c_proj.weight,"(384, 1024)",8,lloyd_global,0.33240175247192383,0.9457631707191467,0.24828530848026276,0.9694768190383911,0.8505621552467346,0.5515473484992981,1.0168386697769165,0.8412762880325317,0.5634369254112244,0.004450626205652952,0.007436354644596577,65.6740493774414,0,384,0.33240175247192383,0.9457631707191467,0.00022005352366250008,0.00020738522289320827,0.43807220458984375,0.00011239764717174694,2.2863207050249912e-05,0.00024725738330744207,0.0006531163235194981,0.0,0.0,0.0,0.6710835695266724,0.2916651964187622,0.002139237942174077,0.0,0.0,"-1,-0.4198408,-0.1791116,0,0.1791116,0.4198408,1",
1,1024,transformer.h.1.mlp.c_proj.weight,transformer.h.1.mlp.c_proj.weight,"(384, 1024)",8,lloyd_per_tensor_oracle,0.31285616755485535,0.9503873586654663,0.23368869721889496,0.9724817872047424,0.8648650050163269,0.5230377912521362,1.011664867401123,,,0.004450626205652952,0.007436354644596577,65.6740493774414,0,384,0.31285616755485535,0.9503873586654663,0.00019552058074623346,0.00017481902614235878,0.3543599545955658,0.00011239764717174694,2.2863207050249912e-05,0.00020779277838300914,0.0008689884562045336,0.0,0.0,0.0,0.6145082712173462,0.2882384657859802,0.00223165238276124,0.0,0.0,"-1,-0.3510264,-0.1407199,0,0.1407199,0.3510264,1",
1,1024,transformer.h.2.attn.c_attn.weight,transformer.h.2.attn.c_attn.weight,"(1152, 384)",4,lloyd_global,0.27496466040611267,0.9616328477859497,0.1036941334605217,0.99462890625,0.6197834610939026,0.9278126955032349,1.1147218942642212,0.615980863571167,0.87637859582901,0.0007441701018251479,0.003191872965544462,1863.06005859375,230,384,0.27496466040611267,0.9616328477859497,4.131724563194439e-05,1.2798402167391032e-05,0.31415247917175293,1.748456634231843e-05,3.5601406125351787e-06,4.12382505601272e-05,0.00013610580936074257,0.002454269677400589,0.753351628780365,0.7558059096336365,0.39928263425827026,0.4592459797859192,0.08145381510257721,4.448431809578324e-06,0.0013654706999659538,"-1,-0.4151953,-0.1762106,0,0.1762106,0.4151953,1",
1,1024,transformer.h.2.attn.c_attn.weight,transformer.h.2.attn.c_attn.weight,"(1152, 384)",4,lloyd_per_tensor_oracle,0.2748467028141022,0.9616833925247192,0.10365024954080582,0.9946341514587402,0.6202929615974426,0.9271687269210815,1.1146636009216309,,,0.0007441701018251479,0.003191872965544462,1863.06005859375,230,384,0.2748467028141022,0.9616833925247192,4.1365357901668176e-05,1.2811684428015724e-05,0.31622767448425293,1.748456634231843e-05,3.5601406125351787e-06,4.134370828978717e-05,0.00013539496285375208,0.0024071766529232264,0.7540563941001892,0.7564635872840881,0.3998735547065735,0.4601232409477234,0.0812389925122261,4.357683337730123e-06,0.0013650592882186174,"-1,-0.416238,-0.1774724,0,0.1774724,0.416238,1",
1,1024,transformer.h.2.attn.c_attn.weight,transformer.h.2.attn.c_attn.weight,"(1152, 384)",8,lloyd_global,0.27275320887565613,0.9622829556465149,0.08862600475549698,0.9960840344429016,0.6642152070999146,0.8720555901527405,1.1132789850234985,0.6522952914237976,0.8339138031005859,0.0006286003044806421,0.0030100136063992977,1863.06005859375,230,384,0.27275320887565613,0.9622829556465149,3.551612826413475e-05,1.1444193660281599e-05,0.30772343277931213,1.4684390407637693e-05,3.0025039450265467e-06,3.512363036861643e-05,0.00011320016346871853,0.0029197842814028263,0.7549760341644287,0.757895827293396,0.3951135575771332,0.4677879512310028,0.07969701290130615,3.878732968587428e-06,0.0010029338300228119,"-1,-0.4198408,-0.1791116,0,0.1791116,0.4198408,1",
1,1024,transformer.h.2.attn.c_attn.weight,transformer.h.2.attn.c_attn.weight,"(1152, 384)",8,lloyd_per_tensor_oracle,0.27239593863487244,0.9624239206314087,0.08850601315498352,0.9960954785346985,0.6640219688415527,0.872660756111145,1.1139774322509766,,,0.0006286003044806421,0.0030100136063992977,1863.06005859375,230,384,0.27239593863487244,0.9624239206314087,3.565241058822721e-05,1.1538166290847585e-05,0.3124525249004364,1.4684390407637693e-05,3.0025039450265467e-06,3.54697294824291e-05,0.00011062685371143743,0.0027368098963052034,0.7595310211181641,0.7622678279876709,0.3972385823726654,0.46904802322387695,0.08011841028928757,3.61920183422626e-06,0.0010044161463156343,"-1,-0.4242776,-0.1821827,0,0.1821827,0.4242776,1",
1,1024,transformer.h.2.attn.c_proj.weight,transformer.h.2.attn.c_proj.weight,"(384, 384)",4,lloyd_global,0.30791938304901123,0.9528241753578186,0.15882478654384613,0.9874213337898254,0.5556881427764893,0.9815940260887146,1.0775256156921387,0.5199751257896423,0.9798229336738586,0.004580134991556406,0.006498822011053562,366202.625,172,384,0.30791938304901123,0.9528241753578186,0.00023275557032320648,0.00021817965898662806,0.3656073808670044,0.0001169565730378963,2.396748459432274e-05,0.00025047469534911215,0.0006877378327772021,0.0013506998075172305,0.6724327802658081,0.6737834811210632,0.3395760953426361,0.46816620230674744,0.17064936459064484,1.591990439919755e-05,0.007925570011138916,"-1,-0.4151953,-0.1762106,0,0.1762106,0.4151953,1",
1,1024,transformer.h.2.attn.c_proj.weight,transformer.h.2.attn.c_proj.weight,"(384, 384)",4,lloyd_per_tensor_oracle,0.299018919467926,0.9547635316848755,0.1542384922504425,0.9880797863006592,0.5646703839302063,0.971959114074707,1.0780482292175293,,,0.004580134991556406,0.006498822011053562,366202.625,172,384,0.299018919467926,0.9547635316848755,0.00021798386296723038,0.00019825957133434713,0.3238932192325592,0.0001169565730378963,2.396748459432274e-05,0.0002260153996758163,0.0008479802636429667,0.0012502800673246384,0.6512286067008972,0.6524788737297058,0.33367207646369934,0.4568888545036316,0.16889427602291107,1.3896737073082477e-05,0.007238340098410845,"-1,-0.3668642,-0.1549837,0,0.1549837,0.3668642,1",
1,1024,transformer.h.2.attn.c_proj.weight,transformer.h.2.attn.c_proj.weight,"(384, 384)",8,lloyd_global,0.3010794222354889,0.9548535346984863,0.1344808042049408,0.9909673929214478,0.5952602028846741,0.9376435875892639,1.0784873962402344,0.5553825497627258,0.9429934024810791,0.003818720579147339,0.005073382053524256,366202.625,172,384,0.3010794222354889,0.9548535346984863,0.00019725477613974363,0.00018551351968199015,0.3548583984375,9.648998093325645e-05,1.9390536181163043e-05,0.000211112987017259,0.0005702633643522859,0.001476019388064742,0.6705396175384521,0.6720156073570251,0.3432956039905548,0.462291419506073,0.1725146472454071,1.2472367416194174e-05,0.00566606130450964,"-1,-0.4198408,-0.1791116,0,0.1791116,0.4198408,1",
1,1024,transformer.h.2.attn.c_proj.weight,transformer.h.2.attn.c_proj.weight,"(384, 384)",8,lloyd_per_tensor_oracle,0.2934530973434448,0.95641028881073,0.13107016682624817,0.9913923740386963,0.6043606400489807,0.9278568625450134,1.0799307823181152,,,0.003818720579147339,0.005073382053524256,366202.625,172,384,0.2934530973434448,0.95641028881073,0.00018545897910371423,0.00016947143012657762,0.3175320029258728,9.648998093325645e-05,1.9390536181163043e-05,0.00019108438573312014,0.0007070864085108042,0.001532879308797419,0.6529716849327087,0.6545045971870422,0.33442264795303345,0.456247478723526,0.16818825900554657,1.2304964002396446e-05,0.005241634324193001,"-1,-0.372117,-0.1589866,0,0.1589866,0.372117,1",
1,1024,transformer.h.2.mlp.w1.weight,transformer.h.2.mlp.w1.weight,"(1024, 384)",4,lloyd_global,0.30279481410980225,0.9539986848831177,0.23359139263629913,0.9726688265800476,0.853056013584137,0.5447313189506531,1.0093508958816528,0.8440552949905396,0.5584797859191895,0.001119970460422337,0.0023366138339042664,85.52155303955078,0,384,0.30279481410980225,0.9539986848831177,5.807777415611781e-05,5.1555158279370517e-05,0.3687082827091217,2.9050881494185887e-05,5.874423550267238e-06,6.108003435656428e-05,0.00017151195788756013,0.0,0.0,0.0,0.6479337215423584,0.2875577211380005,0.0022826306521892548,0.0,0.0,"-1,-0.4151953,-0.1762106,0,0.1762106,0.4151953,1",
1,1024,transformer.h.2.mlp.w1.weight,transformer.h.2.mlp.w1.weight,"(1024, 384)",4,lloyd_per_tensor_oracle,0.3004052937030792,0.9544367790222168,0.2317468672990799,0.9730036854743958,0.8547452688217163,0.5414000749588013,1.0086723566055298,,,0.001119970460422337,0.0023366138339042664,85.52155303955078,0,384,0.3004052937030792,0.9544367790222168,5.6806853535817936e-05,4.959458965458907e-05,0.3472391664981842,2.9050881494185887e-05,5.874423550267238e-06,5.883401172468439e-05,0.0001826866646297276,0.0,0.0,0.0,0.6368111371994019,0.2834431231021881,0.002186852740123868,0.0,0.0,"-1,-0.4016857,-0.1646172,0,0.1646172,0.4016857,1",
1,1024,transformer.h.2.mlp.w1.weight,transformer.h.2.mlp.w1.weight,"(1024, 384)",8,lloyd_global,0.3034363389015198,0.9539549946784973,0.21587863564491272,0.9767077565193176,0.8690322637557983,0.5140262246131897,1.0084235668182373,0.8602983951568604,0.5285941362380981,0.0010289773344993591,0.0019053180003538728,85.52155303955078,0,384,0.3034363389015198,0.9539549946784973,5.3982959798304364e-05,4.8063797294162214e-05,0.3685811460018158,2.6694746338762343e-05,5.413177404989256e-06,5.68768082302995e-05,0.00015095912385731936,0.0,0.0,0.0,0.6574375629425049,0.2853398621082306,0.002377494005486369,0.0,0.0,"-1,-0.4198408,-0.1791116,0,0.1791116,0.4198408,1",
1,1024,transformer.h.2.mlp.w1.weight,transformer.h.2.mlp.w1.weight,"(1024, 384)",8,lloyd_per_tensor_oracle,0.3001612722873688,0.954620897769928,0.21354950964450836,0.9771254062652588,0.8709006905555725,0.5100387930870056,1.0072684288024902,,,0.0010289773344993591,0.0019053180003538728,85.52155303955078,0,384,0.3001612722873688,0.954620897769928,5.2588718972401693e-05,4.602852277457714e-05,0.343597412109375,2.6694746338762343e-05,5.413177404989256e-06,5.4425203416030854e-05,0.00016255637456197292,0.0,0.0,0.0,0.6458569169044495,0.2800973653793335,0.0023429235443472862,0.0,0.0,"-1,-0.4042296,-0.165736,0,0.165736,0.4042296,1",
1,1024,transformer.h.2.mlp.w2.weight,transformer.h.2.mlp.w2.weight,"(1024, 384)",4,lloyd_global,0.3078692555427551,0.952455997467041,0.2360168695449829,0.972093939781189,0.8442660570144653,0.5599989295005798,1.006661295890808,0.8359013199806213,0.5728946924209595,0.0011294203577563167,0.002440303796902299,93.10755920410156,0,384,0.3078692555427551,0.952455997467041,5.817755663883872e-05,5.095111555419862e-05,0.37765249609947205,2.9739989258814603e-05,6.0960765040363185e-06,6.152224523248151e-05,0.00016919084009714425,0.0,0.0,0.0,0.6387094259262085,0.29676902294158936,0.002484404481947422,0.0,0.0,"-1,-0.4151953,-0.1762106,0,0.1762106,0.4151953,1",
1,1024,transformer.h.2.mlp.w2.weight,transformer.h.2.mlp.w2.weight,"(1024, 384)",4,lloyd_per_tensor_oracle,0.30444008111953735,0.9532021284103394,0.23338820040225983,0.9726050496101379,0.8467301726341248,0.5551429986953735,1.0052342414855957,,,0.0011294203577563167,0.002440303796902299,93.10755920410156,0,384,0.30444008111953735,0.9532021284103394,5.665420394507237e-05,4.876943421550095e-05,0.35155487060546875,2.9739989258814603e-05,6.0960765040363185e-06,5.890021930099465e-05,0.0001810647372622043,0.0,0.0,0.0,0.6250482201576233,0.2941663861274719,0.0025087588001042604,0.0,0.0,"-1,-0.4007443,-0.1625714,0,0.1625714,0.4007443,1",
1,1024,transformer.h.2.mlp.w2.weight,transformer.h.2.mlp.w2.weight,"(1024, 384)",8,lloyd_global,0.3061160445213318,0.9531307220458984,0.21656212210655212,0.9765430092811584,0.8617870211601257,0.5270126461982727,1.004642367362976,0.8540194034576416,0.5403472781181335,0.0010373328113928437,0.001967774471268058,93.10755920410156,0,384,0.3061160445213318,0.9531307220458984,5.3882948122918606e-05,4.784693010151386e-05,0.3794046938419342,2.6965051802108064e-05,5.4983265727059916e-06,5.725264054490253e-05,0.00015401517157442868,0.0,0.0,0.0,0.6428703665733337,0.2993669807910919,0.0021657822653651237,0.0,0.0,"-1,-0.4198408,-0.1791116,0,0.1791116,0.4198408,1",
1,1024,transformer.h.2.mlp.w2.weight,transformer.h.2.mlp.w2.weight,"(1024, 384)",8,lloyd_per_tensor_oracle,0.3020147383213043,0.9539496302604675,0.21365991234779358,0.9770625829696655,0.8651551604270935,0.5203796029090881,1.0039926767349243,,,0.0010373328113928437,0.001967774471268058,93.10755920410156,0,384,0.3020147383213043,0.9539496302604675,5.2079514716751873e-05,4.5236083678901196e-05,0.3486531674861908,2.6965051802108064e-05,5.4983265727059916e-06,5.409283403423615e-05,0.00016981278895400465,0.0,0.0,0.0,0.6277208924293518,0.2932882010936737,0.002220430877059698,0.0,0.0,"-1,-0.3992445,-0.1627937,0,0.1627937,0.3992445,1",
1,1024,transformer.h.2.mlp.c_proj.weight,transformer.h.2.mlp.c_proj.weight,"(384, 1024)",4,lloyd_global,0.32694700360298157,0.9471375942230225,0.28592321276664734,0.9594895839691162,0.8410861492156982,0.5703065991401672,1.021814227104187,0.8344186544418335,0.5754736661911011,0.004003764595836401,0.006009875796735287,43.01017761230469,0,384,0.32694700360298157,0.9471375942230225,0.00019762049487326294,0.00018526837811805308,0.4266916811466217,0.00010101895168190822,2.0516121367109008e-05,0.00022004649508744478,0.0006045758491382003,0.0,0.0,0.0,0.6736730337142944,0.28119903802871704,0.00043370691128075123,0.0,0.0,"-1,-0.4151953,-0.1762106,0,0.1762106,0.4151953,1",
1,1024,transformer.h.2.mlp.c_proj.weight,transformer.h.2.mlp.c_proj.weight,"(384, 1024)",4,lloyd_per_tensor_oracle,0.312083899974823,0.9506023526191711,0.27292004227638245,0.9623674154281616,0.8520559072494507,0.549639880657196,1.0196624994277954,,,0.004003764595836401,0.006009875796735287,43.01017761230469,0,384,0.312083899974823,0.9506023526191711,0.00017910187307279557,0.00016026075172703713,0.3544107973575592,0.00010101895168190822,2.0516121367109008e-05,0.00018997446750290692,0.0007679355330765247,0.0,0.0,0.0,0.632125973701477,0.26897838711738586,0.00047420072951354086,0.0,0.0,"-1,-0.3585404,-0.1429734,0,0.1429734,0.3585404,1",
1,1024,transformer.h.2.mlp.c_proj.weight,transformer.h.2.mlp.c_proj.weight,"(384, 1024)",8,lloyd_global,0.31832584738731384,0.9497981667518616,0.2593211233615875,0.9666057825088501,0.8621876239776611,0.5301201343536377,1.018349051475525,0.8556904196739197,0.5372387170791626,0.0035581886768341064,0.005786212161183357,43.01017761230469,0,384,0.31832584738731384,0.9497981667518616,0.00017923740961123258,0.00016896205488592386,0.4105377197265625,8.960385457612574e-05,1.8088676370098256e-05,0.00019738376431632787,0.000536908395588398,0.0,0.0,0.0,0.6767957210540771,0.2781343162059784,0.00036296425969339907,0.0,0.0,"-1,-0.4198408,-0.1791116,0,0.1791116,0.4198408,1",
1,1024,transformer.h.2.mlp.c_proj.weight,transformer.h.2.mlp.c_proj.weight,"(384, 1024)",8,lloyd_per_tensor_oracle,0.3065474331378937,0.9524070620536804,0.2497234046459198,0.9685658812522888,0.8703120946884155,0.5137945413589478,1.0166617631912231,,,0.0035581886768341064,0.005786212161183357,43.01017761230469,0,384,0.3065474331378937,0.9524070620536804,0.00016484048683196306,0.00014846003614366055,0.34756723046302795,8.960385457612574e-05,1.8088676370098256e-05,0.00017364656378049403,0.0006748902960680425,0.0,0.0,0.0,0.6367137432098389,0.26910436153411865,0.00035705542541109025,0.0,0.0,"-1,-0.367107,-0.1487783,0,0.1487783,0.367107,1",
1,1024,transformer.h.3.attn.c_attn.weight,transformer.h.3.attn.c_attn.weight,"(1152, 384)",4,lloyd_global,0.27324536442756653,0.9621087312698364,0.15389589965343475,0.9881146550178528,0.5632364749908447,0.9703148603439331,1.0719059705734253,0.5640706419944763,0.9337344765663147,0.0004677700635511428,0.0016110328724607825,1211.9100341796875,224,384,0.27324536442756653,0.9621087312698364,2.6650277504813857e-05,7.470298442058265e-06,0.3056369423866272,1.0697217476263177e-05,2.1870509954169393e-06,2.598938408482354e-05,9.340800170321018e-05,0.0016782766906544566,0.7342970967292786,0.7359753251075745,0.3907085061073303,0.45686623454093933,0.08946924656629562,1.3064839095022762e-06,0.0005716264131478965,"-1,-0.4151953,-0.1762106,0,0.1762106,0.4151953,1",
1,1024,transformer.h.3.attn.c_attn.weight,transformer.h.3.attn.c_attn.weight,"(1152, 384)",4,lloyd_per_tensor_oracle,0.2723342776298523,0.9624261856079102,0.15338297188282013,0.9881992340087891,0.5632766485214233,0.9707997441291809,1.072914958000183,,,0.0004677700635511428,0.0016110328724607825,1211.9100341796875,224,384,0.2723342776298523,0.9624261856079102,2.681464138731826e-05,7.581627869512886e-06,0.31478315591812134,1.0697217476263177e-05,2.1870509954169393e-06,2.6449532015249133e-05,8.958919352153316e-05,0.001584950601682067,0.7402755618095398,0.7418604493141174,0.3938804566860199,0.4595271646976471,0.08939730376005173,1.2223134717714856e-06,0.000570900272578001,"-1,-0.4235151,-0.1818028,0,0.1818028,0.4235151,1",
1,1024,transformer.h.3.attn.c_attn.weight,transformer.h.3.attn.c_attn.weight,"(1152, 384)",8,lloyd_global,0.2737210690975189,0.9620473980903625,0.12848065793514252,0.9917320013046265,0.6040049195289612,0.9297886490821838,1.0828866958618164,0.6079044342041016,0.885547399520874,0.00040642503881826997,0.0014603465097025037,1211.9100341796875,224,384,0.2737210690975189,0.9620473980903625,2.2881085897097364e-05,7.097176421666518e-06,0.31316912174224854,9.405942364537623e-06,1.867748665063118e-06,2.2751301003154367e-05,7.510805880883709e-05,0.001678238157182932,0.7398768663406372,0.7415550947189331,0.39457961916923523,0.46009722352027893,0.0882669985294342,9.043078534887172e-07,0.000398677890188992,"-1,-0.4198408,-0.1791116,0,0.1791116,0.4198408,1",
1,1024,transformer.h.3.attn.c_attn.weight,transformer.h.3.attn.c_attn.weight,"(1152, 384)",8,lloyd_per_tensor_oracle,0.27368250489234924,0.9620426893234253,0.12846145033836365,0.9917344450950623,0.6042900681495667,0.9295188784599304,1.0830078125,,,0.00040642503881826997,0.0014603465097025037,1211.9100341796875,224,384,0.27368250489234924,0.9620426893234253,2.2875437934999354e-05,7.098333298927173e-06,0.31434687972068787,9.405942364537623e-06,1.867748665063118e-06,2.272585334139876e-05,7.539999933214858e-05,0.0016388017684221268,0.7395668625831604,0.7412056922912598,0.39381173253059387,0.4603520929813385,0.08848106861114502,8.828748150335741e-07,0.0003984282957389951,"-1,-0.4190838,-0.1798182,0,0.1798182,0.4190838,1",
1,1024,transformer.h.3.attn.c_proj.weight,transformer.h.3.attn.c_proj.weight,"(384, 384)",4,lloyd_global,0.27281370759010315,0.9622147083282471,0.15285927057266235,0.9882572889328003,0.5560864210128784,0.9861246347427368,1.0868141651153564,0.5126890540122986,0.9872297048568726,0.0026693809777498245,0.0037366431206464767,167016.671875,167,384,0.27281370759010315,0.9622147083282471,0.00015195817104540765,0.00013738818233832717,0.2686699628829956,6.762000703020021e-05,1.3532164302887395e-05,0.00014679247396998107,0.0004248937766533345,0.0014675691490992904,0.6474467515945435,0.6489143371582031,0.32077693939208984,0.45225757360458374,0.17914728820323944,7.817970981705002e-06,0.0034490504767745733,"-1,-0.4151953,-0.1762106,0,0.1762106,0.4151953,1",
1,1024,transformer.h.3.attn.c_proj.weight,transformer.h.3.attn.c_proj.weight,"(384, 384)",4,lloyd_per_tensor_oracle,0.27185434103012085,0.9627034664154053,0.15232829749584198,0.9883548021316528,0.5577054619789124,0.9838401675224304,1.0858850479125977,,,0.0026693809777498245,0.0037366431206464767,167016.671875,167,384,0.27185434103012085,0.9627034664154053,0.00015472299128305167,0.0001440271153114736,0.2932196855545044,6.762000703020021e-05,1.3532164302887395e-05,0.00015402783174067736,0.00037800444988533854,0.0015674448804929852,0.657892107963562,0.6594595313072205,0.32529744505882263,0.45853281021118164,0.18248812854290009,8.291409358207602e-06,0.003480092156678438,"-1,-0.4367844,-0.1932058,0,0.1932058,0.4367844,1",
1,1024,transformer.h.3.attn.c_proj.weight,transformer.h.3.attn.c_proj.weight,"(384, 384)",8,lloyd_global,0.2713383436203003,0.9626837968826294,0.1275402009487152,0.9918402433395386,0.5943388938903809,0.9441994428634644,1.0890592336654663,0.5437122583389282,0.9552878737449646,0.002202548086643219,0.003035044763237238,167016.671875,167,384,0.2713383436203003,0.9626837968826294,0.00012722541578114033,0.00011555317905731499,0.2667643129825592,5.593848982243799e-05,1.1148603334731888e-05,0.00012275103654246777,0.00034883958869613707,0.0015694350004196167,0.6483840346336365,0.6499534845352173,0.3254595398902893,0.45159676671028137,0.17913413047790527,5.819616944791051e-06,0.002404270926490426,"-1,-0.4198408,-0.1791116,0,0.1791116,0.4198408,1",
1,1024,transformer.h.3.attn.c_proj.weight,transformer.h.3.attn.c_proj.weight,"(384, 384)",8,lloyd_per_tensor_oracle,0.27050817012786865,0.9631181955337524,0.12714944779872894,0.9918984770774841,0.5946944355964661,0.9441506862640381,1.0897502899169922,,,0.002202548086643219,0.003035044763237238,167016.671875,167,384,0.27050817012786865,0.9631181955337524,0.00012927765783388168,0.0001203609281219542,0.2900661826133728,5.593848982243799e-05,1.1148603334731888e-05,0.00012804257858078927,0.00031606925767846406,0.0014138487167656422,0.657279372215271,0.658693253993988,0.3294724225997925,0.4570980370044708,0.18221816420555115,5.21065612701932e-06,0.002422364428639412,"-1,-0.438067,-0.1952666,0,0.1952666,0.438067,1",
1,1024,transformer.h.3.mlp.w1.weight,transformer.h.3.mlp.w1.weight,"(1024, 384)",4,lloyd_global,0.3048897385597229,0.9533306956291199,0.23314829170703888,0.9727581739425659,0.8393861651420593,0.5680796504020691,1.00452721118927,0.8315111994743347,0.5805095434188843,0.001062113093212247,0.0023162527941167355,97.37327575683594,0,384,0.3048897385597229,0.9533306956291199,5.4899504903005436e-05,4.860226181335747e-05,0.36826834082603455,2.783511627058033e-05,5.646829777106177e-06,5.770991265308112e-05,0.00016209209570661187,0.0,0.0,0.0,0.6234233975410461,0.309829443693161,0.0029849763959646225,0.0,0.0,"-1,-0.4151953,-0.1762106,0,0.1762106,0.4151953,1",
1,1024,transformer.h.3.mlp.w1.weight,transformer.h.3.mlp.w1.weight,"(1024, 384)",4,lloyd_per_tensor_oracle,0.3022235035896301,0.9538581371307373,0.23110993206501007,0.9731311798095703,0.8418002724647522,0.5635257363319397,1.0035972595214844,,,0.001062113093212247,0.0023162527941167355,97.37327575683594,0,384,0.3022235035896301,0.9538581371307373,5.366325785871595e-05,4.680086931330152e-05,0.3467356264591217,2.783511627058033e-05,5.646829777106177e-06,5.554817107622512e-05,0.0001727002381812781,0.0,0.0,0.0,0.6102123260498047,0.30622777342796326,0.0028397811111062765,0.0,0.0,"-1,-0.4017577,-0.1645082,0,0.1645082,0.4017577,1",
1,1024,transformer.h.3.mlp.w1.weight,transformer.h.3.mlp.w1.weight,"(1024, 384)",8,lloyd_global,0.30189424753189087,0.9542489647865295,0.21327288448810577,0.9772242903709412,0.8572816848754883,0.5348055362701416,1.0019817352294922,0.8498166799545288,0.5480692386627197,0.0009641181095503271,0.0021184992510825396,97.37327575683594,0,384,0.30189424753189087,0.9542489647865295,5.060321927885525e-05,4.521619121078402e-05,0.36478424072265625,2.5168272259179503e-05,5.110870006319601e-06,5.3133371693547815e-05,0.0001429747644579038,0.0,0.0,0.0,0.624434769153595,0.3089821934700012,0.002870920579880476,0.0,0.0,"-1,-0.4198408,-0.1791116,0,0.1791116,0.4198408,1",
1,1024,transformer.h.3.mlp.w1.weight,transformer.h.3.mlp.w1.weight,"(1024, 384)",8,lloyd_per_tensor_oracle,0.2992341220378876,0.9547705054283142,0.21139544248580933,0.9775568842887878,0.8596442937850952,0.5302473902702332,1.0015554428100586,,,0.0009641181095503271,0.0021184992510825396,97.37327575683594,0,384,0.2992341220378876,0.9547705054283142,4.942833402310498e-05,4.342116881161928e-05,0.3424479067325592,2.5168272259179503e-05,5.110870006319601e-06,5.103191506350413e-05,0.00015357292431872338,0.0,0.0,0.0,0.6133630871772766,0.30494311451911926,0.00286754104308784,0.0,0.0,"-1,-0.4050897,-0.166702,0,0.166702,0.4050897,1",
1,1024,transformer.h.3.mlp.w2.weight,transformer.h.3.mlp.w2.weight,"(1024, 384)",4,lloyd_global,0.30528122186660767,0.9533476233482361,0.2346590757369995,0.9724553227424622,0.8342881798744202,0.5763015747070312,1.0020753145217896,0.8269856572151184,0.5882517695426941,0.0010260004783049226,0.002299100626260042,96.17485809326172,0,384,0.30528122186660767,0.9533476233482361,5.3234543884173036e-05,4.680518031818792e-05,0.36959585547447205,2.7204316211282276e-05,5.587060968537116e-06,5.5740310926921666e-05,0.00015634173178113997,0.0,0.0,0.0,0.6194114089012146,0.3208778202533722,0.0030261464416980743,0.0,0.0,"-1,-0.4151953,-0.1762106,0,0.1762106,0.4151953,1",
1,1024,transformer.h.3.mlp.w2.weight,transformer.h.3.mlp.w2.weight,"(1024, 384)",4,lloyd_per_tensor_oracle,0.30233240127563477,0.9539710283279419,0.2323915660381317,0.9728956818580627,0.8366649746894836,0.5720822215080261,1.0018209218978882,,,0.0010260004783049226,0.002299100626260042,96.17485809326172,0,384,0.30233240127563477,0.9539710283279419,5.193321339902468e-05,4.484525561565533e-05,0.34542593359947205,2.7204316211282276e-05,5.587060968537116e-06,5.3497169574256986e-05,0.00016615656204521656,0.0,0.0,0.0,0.6062264442443848,0.3217753767967224,0.0029225994367152452,0.0,0.0,"-1,-0.4019516,-0.1633051,0,0.1633051,0.4019516,1",
1,1024,transformer.h.3.mlp.w2.weight,transformer.h.3.mlp.w2.weight,"(1024, 384)",8,lloyd_global,0.3056084215641022,0.9533067345619202,0.2166617065668106,0.976565957069397,0.8513926267623901,0.5453516840934753,1.0006237030029297,0.8443570137023926,0.5579394102096558,0.0009468672797083855,0.0019187771249562502,96.17485809326172,0,384,0.3056084215641022,0.9533067345619202,4.9557773309061304e-05,4.3999505578540266e-05,0.37237295508384705,2.4823673811624758e-05,5.0577659749251325e-06,5.2246447012294084e-05,0.00014091480989009142,0.0,0.0,0.0,0.6234733462333679,0.31971871852874756,0.0029756396543234587,0.0,0.0,"-1,-0.4198408,-0.1791116,0,0.1791116,0.4198408,1",
1,1024,transformer.h.3.mlp.w2.weight,transformer.h.3.mlp.w2.weight,"(1024, 384)",8,lloyd_per_tensor_oracle,0.30186766386032104,0.9540563225746155,0.2140108346939087,0.977033793926239,0.8537816405296326,0.5410540699958801,1.001004695892334,,,0.0009468672797083855,0.0019187771249562502,96.17485809326172,0,384,0.30186766386032104,0.9540563225746155,4.804956915904768e-05,4.174696368863806e-05,0.34430184960365295,2.4823673811624758e-05,5.0577659749251325e-06,4.9580587074160576e-05,0.00015392823843285441,0.0,0.0,0.0,0.6112715005874634,0.3119613826274872,0.003118012333288789,0.0,0.0,"-1,-0.4010157,-0.1639942,0,0.1639942,0.4010157,1",
1,1024,transformer.h.3.mlp.c_proj.weight,transformer.h.3.mlp.c_proj.weight,"(384, 1024)",4,lloyd_global,0.34815624356269836,0.9407945275306702,0.29671624302864075,0.9567636251449585,0.8301072716712952,0.5901021361351013,1.0232023000717163,0.8241648077964783,0.5930280685424805,0.004055396653711796,0.007278094533830881,49.60921096801758,0,384,0.34815624356269836,0.9407945275306702,0.0001947410055436194,0.00018325132259633392,0.4644826352596283,0.00010308928176527843,2.1112275135237724e-05,0.0002225902717327699,0.0005922771524637938,0.0,0.0,0.0,0.6847714185714722,0.28019818663597107,0.0008590525831095874,0.0,0.0,"-1,-0.4151953,-0.1762106,0,0.1762106,0.4151953,1",
1,1024,transformer.h.3.mlp.c_proj.weight,transformer.h.3.mlp.c_proj.weight,"(384, 1024)",4,lloyd_per_tensor_oracle,0.3208104968070984,0.9478033781051636,0.27341264486312866,0.9622552394866943,0.8490121960639954,0.5549972653388977,1.0188180208206177,,,0.004055396653711796,0.007278094533830881,49.60921096801758,0,384,0.3208104968070984,0.9478033781051636,0.0001686989126028493,0.00014992745127528906,0.3636932373046875,0.00010308928176527843,2.1112275135237724e-05,0.00018125503265764564,0.0008021616959013045,0.0,0.0,0.0,0.6297987699508667,0.27124881744384766,0.0010451049311086535,0.0,0.0,"-1,-0.3381103,-0.1330703,0,0.1330703,0.3381103,1",
1,1024,transformer.h.3.mlp.c_proj.weight,transformer.h.3.mlp.c_proj.weight,"(384, 1024)",8,lloyd_global,0.33448904752731323,0.9450830817222595,0.2649104595184326,0.9653186798095703,0.8548029661178589,0.5443453788757324,1.0190894603729248,0.8481099605560303,0.551173746585846,0.0035128339659422636,0.006860567256808281,49.60921096801758,0,384,0.33448904752731323,0.9450830817222595,0.00017386772378813475,0.00016347490600310266,0.43745169043540955,8.950679330155253e-05,1.811715992516838e-05,0.00019517593318596482,0.0005039179814048111,0.0,0.0,0.0,0.6844301819801331,0.278033047914505,0.000978045747615397,0.0,0.0,"-1,-0.4198408,-0.1791116,0,0.1791116,0.4198408,1",
1,1024,transformer.h.3.mlp.c_proj.weight,transformer.h.3.mlp.c_proj.weight,"(384, 1024)",8,lloyd_per_tensor_oracle,0.3138572871685028,0.9500992298126221,0.24856847524642944,0.9688563942909241,0.8691415190696716,0.5160506367683411,1.0164653062820435,,,0.0035128339659422636,0.006860567256808281,49.60921096801758,0,384,0.3138572871685028,0.9500992298126221,0.00015438477566931397,0.00013783565373159945,0.35460153222084045,8.950679330155253e-05,1.811715992516838e-05,0.00016387627692893147,0.00066906533902511,0.0,0.0,0.0,0.6317362189292908,0.27433595061302185,0.0013147511053830385,0.0,0.0,"-1,-0.3527321,-0.1409513,0,0.1409513,0.3527321,1",
1,1024,transformer.h.4.attn.c_attn.weight,transformer.h.4.attn.c_attn.weight,"(1152, 384)",4,lloyd_global,0.2792585790157318,0.9604893326759338,0.15958787500858307,0.9872211217880249,0.5664036870002747,0.9661581516265869,1.0706567764282227,0.5794218182563782,0.9171479940414429,0.0006655578035861254,0.0029936805367469788,1294.294921875,212,384,0.2792585790157318,0.9604893326759338,3.661654409370385e-05,7.1508211476611905e-06,0.31610560417175293,1.6211884940275922e-05,3.348213340359507e-06,3.67666689271573e-05,0.00011825343244709074,0.0014181340811774135,0.694730818271637,0.6961489915847778,0.3832302689552307,0.46797627210617065,0.09561102092266083,2.3005486582405865e-06,0.0011270175455138087,"-1,-0.4151953,-0.1762106,0,0.1762106,0.4151953,1",
1,1024,transformer.h.4.attn.c_attn.weight,transformer.h.4.attn.c_attn.weight,"(1152, 384)",4,lloyd_per_tensor_oracle,0.27919572591781616,0.9605021476745605,0.1595516949892044,0.9872273206710815,0.5664255023002625,0.9660127758979797,1.0704237222671509,,,0.0006655578035861254,0.0029936805367469788,1294.294921875,212,384,0.27919572591781616,0.9605021476745605,3.661992013803683e-05,7.151393219828606e-06,0.31822147965431213,1.6211884940275922e-05,3.348213340359507e-06,3.6746921978192404e-05,0.00011866993736475706,0.0014210083754733205,0.6946641206741333,0.6960850954055786,0.38308820128440857,0.4677574336528778,0.09587500244379044,2.30283330893144e-06,0.0011257468722760677,"-1,-0.4144941,-0.1775341,0,0.1775341,0.4144941,1",
1,1024,transformer.h.4.attn.c_attn.weight,transformer.h.4.attn.c_attn.weight,"(1152, 384)",8,lloyd_global,0.2764216959476471,0.9613059759140015,0.1351345032453537,0.9908519983291626,0.6062842011451721,0.9248824119567871,1.0784962177276611,0.6192027926445007,0.8726965188980103,0.0005653893458656967,0.0026698894798755646,1294.294921875,212,384,0.2764216959476471,0.9613059759140015,3.138323882012628e-05,6.676270459138323e-06,0.3148057758808136,1.3677074093720876e-05,2.721215651035891e-06,3.1479903555009514e-05,9.883539314614609e-05,0.0015116508584469557,0.699639081954956,0.7011507749557495,0.37949076294898987,0.47109463810920715,0.0970468819141388,1.7603001651878003e-06,0.0008147217449732125,"-1,-0.4198408,-0.1791116,0,0.1791116,0.4198408,1",
1,1024,transformer.h.4.attn.c_attn.weight,transformer.h.4.attn.c_attn.weight,"(1152, 384)",8,lloyd_per_tensor_oracle,0.2764420509338379,0.9612807035446167,0.13514269888401031,0.9908504486083984,0.6060894727706909,0.9249811172485352,1.0782432556152344,,,0.0005653893458656967,0.0026698894798755646,1294.294921875,212,384,0.2764420509338379,0.9612807035446167,3.133066275040619e-05,6.654147000517696e-06,0.3148871660232544,1.3677074093720876e-05,2.721215651035891e-06,3.133151403744705e-05,0.0001001689161057584,0.0015541715547442436,0.6977800130844116,0.6993342041969299,0.3785630762577057,0.47010537981987,0.09700824320316315,1.8113444184564287e-06,0.0008132435032166541,"-1,-0.417222,-0.1791492,0,0.1791492,0.417222,1",
1,1024,transformer.h.4.attn.c_proj.weight,transformer.h.4.attn.c_proj.weight,"(384, 384)",4,lloyd_global,0.308882474899292,0.95255446434021,0.16988936066627502,0.9855803847312927,0.5547963380813599,0.9819290637969971,1.076316475868225,0.5158928632736206,0.9839792847633362,0.004047676920890808,0.005264232400804758,167017.15625,162,384,0.308882474899292,0.95255446434021,0.00020434583711903542,0.0001917806948767975,0.3759290874004364,0.00010225609730696306,2.0580311684170738e-05,0.00022080997587181628,0.0006257292698137462,0.0008172456873580813,0.6342319250106812,0.6350492238998413,0.33851537108421326,0.4626910388469696,0.17793036997318268,7.430880032188725e-06,0.005766810849308968,"-1,-0.4151953,-0.1762106,0,0.1762106,0.4151953,1",
1,1024,transformer.h.4.attn.c_proj.weight,transformer.h.4.attn.c_proj.weight,"(384, 384)",4,lloyd_per_tensor_oracle,0.3003474175930023,0.9543614983558655,0.16519984602928162,0.986297070980072,0.5681768655776978,0.9676942229270935,1.0773475170135498,,,0.004047676920890808,0.005264232400804758,167017.15625,162,384,0.3003474175930023,0.9543614983558655,0.00019059293845202774,0.0001729528303258121,0.3288981020450592,0.00010225609730696306,2.0580311684170738e-05,0.00019795332627836615,0.0007762003224343061,0.0010666240705177188,0.6107785701751709,0.6118451952934265,0.3281005024909973,0.45324862003326416,0.17755553126335144,9.169800250674598e-06,0.0052508823573589325,"-1,-0.3642263,-0.1525138,0,0.1525138,0.3642263,1",
1,1024,transformer.h.4.attn.c_proj.weight,transformer.h.4.attn.c_proj.weight,"(384, 384)",8,lloyd_global,0.300570011138916,0.9549123048782349,0.14187635481357574,0.9899361729621887,0.5987547039985657,0.9344595074653625,1.080125331878662,0.5586771368980408,0.9394930601119995,0.0033004169818013906,0.004421542398631573,167017.15625,162,384,0.300570011138916,0.9549123048782349,0.00017086991283576936,0.00016057558241300285,0.3540310263633728,8.292371057905257e-05,1.6705142115824856e-05,0.0001825061917770654,0.0004934914177283645,0.0010529451537877321,0.6355097889900208,0.6365627646446228,0.3345884382724762,0.46288537979125977,0.179448664188385,6.6769321165338624e-06,0.004029892385005951,"-1,-0.4198408,-0.1791116,0,0.1791116,0.4198408,1",
1,1024,transformer.h.4.attn.c_proj.weight,transformer.h.4.attn.c_proj.weight,"(384, 384)",8,lloyd_per_tensor_oracle,0.29402172565460205,0.9562302231788635,0.13879930973052979,0.9903377890586853,0.6053749322891235,0.9266369938850403,1.079856038093567,,,0.0033004169818013906,0.004421542398631573,167017.15625,162,384,0.29402172565460205,0.9562302231788635,0.00016157474601641297,0.00014778680633753538,0.3187934160232544,8.292371057905257e-05,1.6705142115824856e-05,0.00016649295866955072,0.0006029012729413807,0.0012902412563562393,0.6158985495567322,0.6171888113021851,0.32688334584236145,0.45380041003227234,0.17731183767318726,7.82906045060372e-06,0.0037372135557234287,"-1,-0.3762784,-0.1599711,0,0.1599711,0.3762784,1",
1,1024,transformer.h.4.mlp.w1.weight,transformer.h.4.mlp.w1.weight,"(1024, 384)",4,lloyd_global,0.3013794422149658,0.9544094800949097,0.24296186864376068,0.9704052209854126,0.8313695788383484,0.58181232213974,1.0036171674728394,0.8223477602005005,0.5960822701454163,0.0011433286126703024,0.0026921776589006186,74.57405090332031,0,384,0.3013794422149658,0.9544094800949097,5.948204852757044e-05,5.349586717784405e-05,0.3607126772403717,2.978163138322998e-05,6.0537522585946135e-06,6.240862421691418e-05,0.00017527145973872393,0.0,0.0,0.0,0.6164155602455139,0.3166208267211914,0.0036710493732243776,0.0,0.0,"-1,-0.4151953,-0.1762106,0,0.1762106,0.4151953,1",
1,1024,transformer.h.4.mlp.w1.weight,transformer.h.4.mlp.w1.weight,"(1024, 384)",4,lloyd_per_tensor_oracle,0.29903680086135864,0.9548324346542358,0.24107158184051514,0.9707585573196411,0.8336096405982971,0.5777304172515869,1.0029199123382568,,,0.0011433286126703024,0.0026921776589006186,74.57405090332031,0,384,0.29903680086135864,0.9548324346542358,5.814611722598784e-05,5.148310447111726e-05,0.3400370180606842,2.978163138322998e-05,6.0537522585946135e-06,5.9997866628691554e-05,0.00018873145745601505,0.0,0.0,0.0,0.6041989922523499,0.313274085521698,0.0034396681003272533,0.0,0.0,"-1,-0.3994201,-0.1651385,0,0.1651385,0.3994201,1",
1,1024,transformer.h.4.mlp.w1.weight,transformer.h.4.mlp.w1.weight,"(1024, 384)",8,lloyd_global,0.3003692924976349,0.9547715783119202,0.22128137946128845,0.9754721522331238,0.8505366444587708,0.5471501350402832,1.001451015472412,0.8419346213340759,0.5622639060020447,0.001028789090923965,0.002124177059158683,74.57405090332031,0,384,0.3003692924976349,0.9547715783119202,5.4356565669877455e-05,4.911510768579319e-05,0.3559112548828125,2.672009759407956e-05,5.4203314903134014e-06,5.690284524462186e-05,0.00015522207831963897,0.0,0.0,0.0,0.6273775696754456,0.30986571311950684,0.0027230139821767807,0.0,0.0,"-1,-0.4198408,-0.1791116,0,0.1791116,0.4198408,1",
1,1024,transformer.h.4.mlp.w1.weight,transformer.h.4.mlp.w1.weight,"(1024, 384)",8,lloyd_per_tensor_oracle,0.29782596230506897,0.9552077651023865,0.21940739452838898,0.9757993221282959,0.8525421023368835,0.5433080792427063,1.0008639097213745,,,0.001028789090923965,0.002124177059158683,74.57405090332031,0,384,0.29782596230506897,0.9552077651023865,5.301026612869464e-05,4.702433943748474e-05,0.3343251645565033,2.672009759407956e-05,5.4203314903134014e-06,5.443826739792712e-05,0.00016916092135943472,0.0,0.0,0.0,0.6110754609107971,0.3071107268333435,0.002652124036103487,0.0,0.0,"-1,-0.4017713,-0.1671832,0,0.1671832,0.4017713,1",
1,1024,transformer.h.4.mlp.w2.weight,transformer.h.4.mlp.w2.weight,"(1024, 384)",4,lloyd_global,0.3072478771209717,0.9527004957199097,0.24754180014133453,0.9693545699119568,0.8203670382499695,0.6001299023628235,1.0024313926696777,0.8126031756401062,0.6122136116027832,0.0011538666440173984,0.002537492197006941,73.31083679199219,0,384,0.3072478771209717,0.9527004957199097,5.9601781686069444e-05,5.282548227114603e-05,0.3689931333065033,3.0364335543708876e-05,6.220493105502101e-06,6.275442865444347e-05,0.00017488084267824888,0.0,0.0,0.0,0.6099863648414612,0.3272606432437897,0.0036476203240454197,0.0,0.0,"-1,-0.4151953,-0.1762106,0,0.1762106,0.4151953,1",
1,1024,transformer.h.4.mlp.w2.weight,transformer.h.4.mlp.w2.weight,"(1024, 384)",4,lloyd_per_tensor_oracle,0.3039509057998657,0.9533995389938354,0.24488981068134308,0.9698658585548401,0.8226684331893921,0.5961132645606995,1.0018963813781738,,,0.0011538666440173984,0.002537492197006941,73.31083679199219,0,384,0.3039509057998657,0.9533995389938354,5.802406303700991e-05,5.046815931564197e-05,0.34500375390052795,3.0364335543708876e-05,6.220493105502101e-06,5.998847700539045e-05,0.00018866168102249503,0.0,0.0,0.0,0.6005887389183044,0.31984907388687134,0.0034402997698634863,0.0,0.0,"-1,-0.3987694,-0.1632516,0,0.1632516,0.3987694,1",
1,1024,transformer.h.4.mlp.w2.weight,transformer.h.4.mlp.w2.weight,"(1024, 384)",8,lloyd_global,0.3030027449131012,0.9539440274238586,0.22259362041950226,0.9752023816108704,0.8416541218757629,0.562561571598053,0.9992793798446655,0.8336893320083618,0.5767441987991333,0.0010295020183548331,0.0023915963247418404,73.31083679199219,0,384,0.3030027449131012,0.9539440274238586,5.390787191572599e-05,4.8170797526836395e-05,0.36530813574790955,2.6932641048915684e-05,5.447044713946525e-06,5.664848868036643e-05,0.00015396678645629436,0.0,0.0,0.0,0.6112014651298523,0.3237159550189972,0.003249311586841941,0.0,0.0,"-1,-0.4198408,-0.1791116,0,0.1791116,0.4198408,1",
1,1024,transformer.h.4.mlp.w2.weight,transformer.h.4.mlp.w2.weight,"(1024, 384)",8,lloyd_per_tensor_oracle,0.30020901560783386,0.9544869661331177,0.22054308652877808,0.9755653738975525,0.8441084027290344,0.5578010082244873,0.9978896975517273,,,0.0010295020183548331,0.0023915963247418404,73.31083679199219,0,384,0.30020901560783386,0.9544869661331177,5.2578925533453e-05,4.620887921191752e-05,0.34264883399009705,2.6932641048915684e-05,5.447044713946525e-06,5.4244934290181845e-05,0.00016675979713909328,0.0,0.0,0.0,0.5985746383666992,0.31753695011138916,0.003191813128069043,0.0,0.0,"-1,-0.4032719,-0.166614,0,0.166614,0.4032719,1",
1,1024,transformer.h.4.mlp.c_proj.weight,transformer.h.4.mlp.c_proj.weight,"(384, 1024)",4,lloyd_global,0.33618801832199097,0.9445229172706604,0.2594471573829651,0.966748833656311,0.8462622165679932,0.5603593587875366,1.0198991298675537,0.8385553359985352,0.5682399272918701,0.003930925857275724,0.007603840436786413,75.91942596435547,0,384,0.33618801832199097,0.9445229172706604,0.00019077566685155034,0.00017929542809724808,0.44210052490234375,9.979218157241121e-05,2.0348194084363058e-05,0.0002150536165572703,0.0005834368057549,0.0,0.0,0.0,0.6980503797531128,0.26285320520401,0.0022343003656715155,0.0,0.0,"-1,-0.4151953,-0.1762106,0,0.1762106,0.4151953,1",
1,1024,transformer.h.4.mlp.c_proj.weight,transformer.h.4.mlp.c_proj.weight,"(384, 1024)",4,lloyd_per_tensor_oracle,0.31519514322280884,0.9496097564697266,0.24324481189250946,0.9701854586601257,0.8607516288757324,0.5320835709571838,1.0156493186950684,,,0.003930925857275724,0.007603840436786413,75.91942596435547,0,384,0.31519514322280884,0.9496097564697266,0.00016903859796002507,0.00015102946781553328,0.35686492919921875,9.979218157241121e-05,2.0348194084363058e-05,0.00018040143186226487,0.0007722820737399161,0.0,0.0,0.0,0.6456567049026489,0.253807008266449,0.002625772263854742,0.0,0.0,"-1,-0.3458928,-0.1382891,0,0.1382891,0.3458928,1",
1,1024,transformer.h.4.mlp.c_proj.weight,transformer.h.4.mlp.c_proj.weight,"(384, 1024)",8,lloyd_global,0.3233565092086792,0.9484172463417053,0.23089808225631714,0.9735395908355713,0.869712233543396,0.514876663684845,1.0162900686264038,0.8622405529022217,0.5249086618423462,0.003395156003534794,0.006244998425245285,75.91942596435547,0,384,0.3233565092086792,0.9484172463417053,0.00016978550411295146,0.0001597158843651414,0.41538238525390625,8.595512190368026e-05,1.753443939378485e-05,0.00018820482364390045,0.0004972215392626822,0.0,0.0,0.0,0.6981221437454224,0.2597922384738922,0.0022755078971385956,0.0,0.0,"-1,-0.4198408,-0.1791116,0,0.1791116,0.4198408,1",
1,1024,transformer.h.4.mlp.c_proj.weight,transformer.h.4.mlp.c_proj.weight,"(384, 1024)",8,lloyd_per_tensor_oracle,0.3078162968158722,0.9519817233085632,0.21980342268943787,0.9756917953491211,0.8800618648529053,0.4928942918777466,1.0121331214904785,,,0.003395156003534794,0.006244998425245285,75.91942596435547,0,384,0.3078162968158722,0.9519817233085632,0.00015363427519332618,0.0001377342559862882,0.34457144141197205,8.595512190368026e-05,1.753443939378485e-05,0.00016209653404075652,0.0006469142972491682,0.0,0.0,0.0,0.6504979729652405,0.2519264817237854,0.0024694660678505898,0.0,0.0,"-1,-0.3581848,-0.1454992,0,0.1454992,0.3581848,1",
1,1024,transformer.h.5.attn.c_attn.weight,transformer.h.5.attn.c_attn.weight,"(1152, 384)",4,lloyd_global,0.275448203086853,0.9615891575813293,0.18897821009159088,0.9820519685745239,0.5188604593276978,1.0199742317199707,1.075241208076477,0.5100838541984558,0.9898656606674194,0.0004781882744282484,0.0017586080357432365,951.4446411132812,201,384,0.275448203086853,0.9615891575813293,2.6704110496211797e-05,4.887445356871467e-06,0.31311938166618347,1.094167964765802e-05,2.140931428584736e-06,2.6637959308573045e-05,9.401999705005437e-05,0.0009378198301419616,0.6780537366867065,0.6789916157722473,0.36916112899780273,0.46283119916915894,0.11593681573867798,8.746746402721328e-07,0.0006323991110548377,"-1,-0.4151953,-0.1762106,0,0.1762106,0.4151953,1",
1,1024,transformer.h.5.attn.c_attn.weight,transformer.h.5.attn.c_attn.weight,"(1152, 384)",4,lloyd_per_tensor_oracle,0.2754320800304413,0.9615697860717773,0.18896642327308655,0.9820469617843628,0.518690824508667,1.0201152563095093,1.0751720666885376,,,0.0004781882744282484,0.0017586080357432365,951.4446411132812,201,384,0.2754320800304413,0.9615697860717773,2.6629755666363053e-05,4.873776560998522e-06,0.31382015347480774,1.094167964765802e-05,2.140931428584736e-06,2.64305344899185e-05,9.599868644727394e-05,0.0009966670768335462,0.676460325717926,0.6774569749832153,0.36848872900009155,0.46177220344543457,0.11581037193536758,9.305290404881816e-07,0.0006315709324553609,"-1,-0.4109313,-0.1766783,0,0.1766783,0.4109313,1",
1,1024,transformer.h.5.attn.c_attn.weight,transformer.h.5.attn.c_attn.weight,"(1152, 384)",8,lloyd_global,0.2726435661315918,0.9623542428016663,0.15003596246242523,0.9887072443962097,0.5639205574989319,0.9733518362045288,1.0791077613830566,0.5581235885620117,0.9400830864906311,0.0003810565685853362,0.0013056998141109943,951.4446411132812,201,384,0.2726435661315918,0.9623542428016663,2.1602960259770043e-05,4.555309715215117e-06,0.3095431923866272,8.710992005944718e-06,1.709546609163226e-06,2.139737807738129e-05,7.381079194601625e-05,0.0012489606160670519,0.6731497645378113,0.6743987202644348,0.3743918538093567,0.4593833088874817,0.11188854277133942,7.352916213676508e-07,0.0003962986229453236,"-1,-0.4198408,-0.1791116,0,0.1791116,0.4198408,1",
1,1024,transformer.h.5.attn.c_attn.weight,transformer.h.5.attn.c_attn.weight,"(1152, 384)",8,lloyd_per_tensor_oracle,0.27266591787338257,0.9622995257377625,0.15004953742027283,0.9887027144432068,0.5641114115715027,0.9734768867492676,1.079742431640625,,,0.0003810565685853362,0.0013056998141109943,951.4446411132812,201,384,0.27266591787338257,0.9622995257377625,2.155078254872933e-05,4.544462171907071e-06,0.31048810482025146,8.710992005944718e-06,1.709546609163226e-06,2.124368620570749e-05,7.524869579356164e-05,0.0011931841727346182,0.6696644425392151,0.6708576679229736,0.37291499972343445,0.4591391980648041,0.1113349199295044,7.034091140667442e-07,0.0003947823715861887,"-1,-0.4160116,-0.179735,0,0.179735,0.4160116,1",
1,1024,transformer.h.5.attn.c_proj.weight,transformer.h.5.attn.c_proj.weight,"(384, 384)",4,lloyd_global,0.2734563946723938,0.962048351764679,0.17817257344722748,0.9840326905250549,0.54707932472229,0.9901970028877258,1.076026201248169,0.5067113637924194,0.9932680130004883,0.002466827165335417,0.0030086860060691833,69559.9609375,149,384,0.2734563946723938,0.962048351764679,0.00014003185788169503,0.0001273962261620909,0.2749430239200592,6.222740921657532e-05,1.2334916391409934e-05,0.0001364440395263955,0.0003996967279817909,0.0010036514140665531,0.5952222347259521,0.596225917339325,0.31919369101524353,0.4502682685852051,0.18380236625671387,4.528495537670096e-06,0.0026856549084186554,"-1,-0.4151953,-0.1762106,0,0.1762106,0.4151953,1",
1,1024,transformer.h.5.attn.c_proj.weight,transformer.h.5.attn.c_proj.weight,"(384, 384)",4,lloyd_per_tensor_oracle,0.2724257707595825,0.9625100493431091,0.1774984896183014,0.9841872453689575,0.5461004376411438,0.9908846616744995,1.0753231048583984,,,0.002466827165335417,0.0030086860060691833,69559.9609375,149,384,0.2724257707595825,0.9625100493431091,0.00014219021250028163,0.0001325194607488811,0.29888916015625,6.222740921657532e-05,1.2334916391409934e-05,0.00014193945389706641,0.0003629057318903506,0.0011401883093640208,0.6035919785499573,0.604732096195221,0.32245343923568726,0.4536063075065613,0.18860885500907898,5.105855962028727e-06,0.0027029337361454964,"-1,-0.4333796,-0.192515,0,0.192515,0.4333796,1",
1,1024,transformer.h.5.attn.c_proj.weight,transformer.h.5.attn.c_proj.weight,"(384, 384)",8,lloyd_global,0.2731213867664337,0.962226927280426,0.1484672576189041,0.9889448285102844,0.5813666582107544,0.952387809753418,1.0763682126998901,0.5403528809547424,0.9588001370429993,0.002063208259642124,0.002506603254005313,69559.9609375,149,384,0.2731213867664337,0.962226927280426,0.00011732045095413923,0.00010710919741541147,0.2775336503982544,5.1898270612582564e-05,1.0360948181187268e-05,0.0001152702679974027,0.0003243628307245672,0.0009900215081870556,0.6007950901985168,0.6017851233482361,0.32160136103630066,0.4523807764053345,0.18517829477787018,3.101767788393772e-06,0.0018823094433173537,"-1,-0.4198408,-0.1791116,0,0.1791116,0.4198408,1",
1,1024,transformer.h.5.attn.c_proj.weight,transformer.h.5.attn.c_proj.weight,"(384, 384)",8,lloyd_per_tensor_oracle,0.2727619707584381,0.9624298810958862,0.14828293025493622,0.9889832735061646,0.5836169719696045,0.9506193995475769,1.0778656005859375,,,0.002063208259642124,0.002506603254005313,69559.9609375,149,384,0.2727619707584381,0.9624298810958862,0.00011856927449116483,0.00011038844240829349,0.2948133647441864,5.1898270612582564e-05,1.0360948181187268e-05,0.00011811401054728776,0.00030728045385330915,0.0009610213455744088,0.6022651791572571,0.6032261848449707,0.3233412802219391,0.45484641194343567,0.18773497641086578,3.002989387823618e-06,0.0018819519318640232,"-1,-0.4299567,-0.1910746,0,0.1910746,0.4299567,1",
1,1024,transformer.h.5.mlp.w1.weight,transformer.h.5.mlp.w1.weight,"(1024, 384)",4,lloyd_global,0.3202440142631531,0.948958694934845,0.2570153772830963,0.9670904874801636,0.7955087423324585,0.6389147043228149,0.9980763792991638,0.7884741425514221,0.6504319310188293,0.0013437704183161259,0.0031466465443372726,82.3887939453125,0,384,0.3202440142631531,0.948958694934845,6.801424751756713e-05,5.9255282394587994e-05,0.39182281494140625,3.640742943389341e-05,7.393356099782977e-06,7.268215995281935e-05,0.00019415160932112485,0.0,0.0,0.0,0.5997053980827332,0.3415834903717041,0.008063755929470062,0.0,0.0,"-1,-0.4151953,-0.1762106,0,0.1762106,0.4151953,1",
1,1024,transformer.h.5.mlp.w1.weight,transformer.h.5.mlp.w1.weight,"(1024, 384)",4,lloyd_per_tensor_oracle,0.31328248977661133,0.9506081342697144,0.25141990184783936,0.9682595729827881,0.8006789684295654,0.6304971575737,0.997154176235199,,,0.0013437704183161259,0.0031466465443372726,82.3887939453125,0,384,0.31328248977661133,0.9506081342697144,6.513393600471318e-05,5.5371281632687896e-05,0.3558400571346283,3.640742943389341e-05,7.393356099782977e-06,6.776041846023872e-05,0.0002175198751501739,0.0,0.0,0.0,0.5823882222175598,0.3384382128715515,0.008585397154092789,0.0,0.0,"-1,-0.3898496,-0.1577741,0,0.1577741,0.3898496,1",
1,1024,transformer.h.5.mlp.w1.weight,transformer.h.5.mlp.w1.weight,"(1024, 384)",8,lloyd_global,0.30916863679885864,0.9522390365600586,0.22241148352622986,0.975295901298523,0.8276374340057373,0.5849179029464722,0.9922600388526917,0.8220939636230469,0.5965081453323364,0.0011434572516009212,0.0023511105682700872,82.3887939453125,0,384,0.30916863679885864,0.9522390365600586,5.9363283071434125e-05,5.2648611017502844e-05,0.37339019775390625,3.0171277103363536e-05,6.223541276995093e-06,6.285655399551615e-05,0.00016923552902881056,0.0,0.0,0.0,0.5982798933982849,0.3404489755630493,0.006693162489682436,0.0,0.0,"-1,-0.4198408,-0.1791116,0,0.1791116,0.4198408,1",
1,1024,transformer.h.5.mlp.w1.weight,transformer.h.5.mlp.w1.weight,"(1024, 384)",8,lloyd_per_tensor_oracle,0.30445218086242676,0.9532513618469238,0.21902097761631012,0.9759273529052734,0.8308968544006348,0.5790948271751404,0.9913023710250854,,,0.0011434572516009212,0.0023511105682700872,82.3887939453125,0,384,0.30445218086242676,0.9532513618469238,5.728837277274579e-05,4.9671041779220104e-05,0.3434956967830658,3.0171277103363536e-05,6.223541276995093e-06,5.919965769862756e-05,0.0001884126104414463,0.0,0.0,0.0,0.5810030102729797,0.3367197811603546,0.006934125907719135,0.0,0.0,"-1,-0.3969128,-0.1630608,0,0.1630608,0.3969128,1",
1,1024,transformer.h.5.mlp.w2.weight,transformer.h.5.mlp.w2.weight,"(1024, 384)",4,lloyd_global,0.31583699584007263,0.9501846432685852,0.25297877192497253,0.968059241771698,0.7981745600700378,0.6336359977722168,0.9945564866065979,0.7917410135269165,0.6453897356987,0.0012678136117756367,0.0029802669305354357,83.38069152832031,0,384,0.31583699584007263,0.9501846432685852,6.447945634135976e-05,5.6606950238347054e-05,0.38307443261146545,3.388883487787098e-05,6.940327693882864e-06,6.872925587231293e-05,0.0001843741920311004,0.0,0.0,0.0,0.5974894762039185,0.3400707542896271,0.006876805331557989,0.0,0.0,"-1,-0.4151953,-0.1762106,0,0.1762106,0.4151953,1",
1,1024,transformer.h.5.mlp.w2.weight,transformer.h.5.mlp.w2.weight,"(1024, 384)",4,lloyd_per_tensor_oracle,0.3097792863845825,0.9515897035598755,0.24813255667686462,0.9690654873847961,0.8030728697776794,0.6254744529724121,0.9931637048721313,,,0.0012678136117756367,0.0029802669305354357,83.38069152832031,0,384,0.3097792863845825,0.9515897035598755,6.198103073984385e-05,5.316576789482497e-05,0.349334716796875,3.388883487787098e-05,6.940327693882864e-06,6.445631152018905e-05,0.00020504023996181786,0.0,0.0,0.0,0.5802599787712097,0.33386409282684326,0.007018694654107094,0.0,0.0,"-1,-0.3921441,-0.1588376,0,0.1588376,0.3921441,1",
1,1024,transformer.h.5.mlp.w2.weight,transformer.h.5.mlp.w2.weight,"(1024, 384)",8,lloyd_global,0.3084022104740143,0.9523294568061829,0.22169429063796997,0.9754303693771362,0.8271695375442505,0.5854299664497375,0.9912665486335754,0.8219426274299622,0.5967614054679871,0.0010821145260706544,0.002661195583641529,83.38069152832031,0,384,0.3084022104740143,0.9523294568061829,5.655960922013037e-05,4.9843147280626e-05,0.36618295311927795,2.8869231755379587e-05,5.850617981195683e-06,5.9511716244742274e-05,0.0001562700781505555,0.0,0.0,0.0,0.5906349420547485,0.34213224053382874,0.006308440119028091,0.0,0.0,"-1,-0.4198408,-0.1791116,0,0.1791116,0.4198408,1",
1,1024,transformer.h.5.mlp.w2.weight,transformer.h.5.mlp.w2.weight,"(1024, 384)",8,lloyd_per_tensor_oracle,0.30494722723960876,0.9531035423278809,0.21920908987522125,0.9758919477462769,0.8297417163848877,0.5807422399520874,0.9901216626167297,,,0.0010821145260706544,0.002661195583641529,83.38069152832031,0,384,0.30494722723960876,0.9531035423278809,5.520195918506943e-05,4.783763870364055e-05,0.34427133202552795,2.8869231755379587e-05,5.850617981195683e-06,5.7090070185950026e-05,0.000168566606589593,0.0,0.0,0.0,0.5812446475028992,0.3367050588130951,0.006404528394341469,0.0,0.0,"-1,-0.404164,-0.1670711,0,0.1670711,0.404164,1",
1,1024,transformer.h.5.mlp.c_proj.weight,transformer.h.5.mlp.c_proj.weight,"(384, 1024)",4,lloyd_global,0.33993521332740784,0.9434337615966797,0.23460780084133148,0.972751259803772,0.8348115682601929,0.5783864259719849,1.0120949745178223,0.8263265490531921,0.5893694758415222,0.0038580421824008226,0.007686164230108261,106.96566009521484,4,384,0.33993521332740784,0.9434337615966797,0.00018660443311091512,0.00017544598085805774,0.44675445556640625,9.809264884097502e-05,1.9965900719398633e-05,0.0002113759401254356,0.000559026375412941,2.5370909497723915e-05,0.01864337921142578,0.018668750301003456,0.6920334100723267,0.2696359157562256,0.003138400847092271,2.0973328673790093e-07,0.0001541189121780917,"-1,-0.4151953,-0.1762106,0,0.1762106,0.4151953,1",
1,1024,transformer.h.5.mlp.c_proj.weight,transformer.h.5.mlp.c_proj.weight,"(384, 1024)",4,lloyd_per_tensor_oracle,0.3160764276981354,0.9493595361709595,0.2181444615125656,0.9760550856590271,0.851405143737793,0.5471903085708618,1.007287621498108,,,0.0038580421824008226,0.007686164230108261,106.96566009521484,4,384,0.3160764276981354,0.9493595361709595,0.0001636044034967199,0.00014579546405002475,0.3558197021484375,9.809264884097502e-05,1.9965900719398633e-05,0.00017496396321803331,0.000757291738409549,5.4839315453136805e-06,0.016651568934321404,0.01665705442428589,0.6353541612625122,0.26352667808532715,0.0032238352578133345,4.3562423002185824e-08,0.0001322742027696222,"-1,-0.3395159,-0.1359965,0,0.1359965,0.3395159,1",
1,1024,transformer.h.5.mlp.c_proj.weight,transformer.h.5.mlp.c_proj.weight,"(384, 1024)",8,lloyd_global,0.32624945044517517,0.9474265575408936,0.20597252249717712,0.9788969159126282,0.8616948127746582,0.5282072424888611,1.0083527565002441,0.8537450432777405,0.5408508777618408,0.003294119844213128,0.005625630263239145,106.96566009521484,4,384,0.32624945044517517,0.9474265575408936,0.0001640450645936653,0.00015488678764086217,0.41988882422447205,8.320594497490674e-05,1.6976373444776982e-05,0.00018275152251590043,0.0004790714883711189,2.6692239771364257e-05,0.018878614529967308,0.018905306234955788,0.6889336705207825,0.26625505089759827,0.002842974616214633,1.713740687137033e-07,0.00012120770406909287,"-1,-0.4198408,-0.1791116,0,0.1791116,0.4198408,1",
1,1024,transformer.h.5.mlp.c_proj.weight,transformer.h.5.mlp.c_proj.weight,"(384, 1024)",8,lloyd_per_tensor_oracle,0.3093307912349701,0.9514548182487488,0.19529443979263306,0.9808276295661926,0.8732537627220154,0.5047582983970642,1.0049386024475098,,,0.003294119844213128,0.005625630263239145,106.96566009521484,4,384,0.3093307912349701,0.9514548182487488,0.00014748814282938838,0.00013236392987892032,0.34638723731040955,8.320594497490674e-05,1.6976373444776982e-05,0.0001561539393151179,0.0006361306295730174,4.198241003905423e-05,0.016980549320578575,0.01702253147959709,0.6368974447250366,0.25979456305503845,0.0028384316246956587,2.652444095474493e-07,0.00010728291817940772,"-1,-0.3536582,-0.1443679,0,0.1443679,0.3536582,1",
1,2048,transformer.h.0.attn.c_attn.weight,transformer.h.0.attn.c_attn.weight,"(1152, 384)",4,lloyd_global,0.27365976572036743,0.9619874358177185,0.14208969473838806,0.9898656010627747,0.6231423020362854,0.8893665671348572,1.0465538501739502,0.6352533102035522,0.8541050553321838,0.0007171827019192278,0.00242209923453629,977.7269897460938,197,384,0.27365976572036743,0.9619874358177185,4.0054688724922016e-05,1.181078187073581e-05,0.33494511246681213,1.5885429093032144e-05,3.2171967632166343e-06,4.0253133192891255e-05,0.00014130825002212077,0.0016841614851728082,0.674632728099823,0.6763169169425964,0.4248904883861542,0.45537739992141724,0.06181979179382324,3.1640463475923752e-06,0.001267437357455492,"-1,-0.4151953,-0.1762106,0,0.1762106,0.4151953,1",
1,2048,transformer.h.0.attn.c_attn.weight,transformer.h.0.attn.c_attn.weight,"(1152, 384)",4,lloyd_per_tensor_oracle,0.2736266553401947,0.9620208740234375,0.1420706957578659,0.9898691177368164,0.6231793761253357,0.8893623352050781,1.0466352701187134,,,0.0007171827019192278,0.00242209923453629,977.7269897460938,197,384,0.2736266553401947,0.9620208740234375,4.0112507122103125e-05,1.1827898561023176e-05,0.33464673161506653,1.5885429093032144e-05,3.2171967632166343e-06,4.043390435981564e-05,0.00013959722127765417,0.0016626255819573998,0.6763516068458557,0.6780142188072205,0.4256473481655121,0.4566102623939514,0.06175781041383743,3.121516783721745e-06,0.0012698245700448751,"-1,-0.417612,-0.1760383,0,0.1760383,0.417612,1",
1,2048,transformer.h.0.attn.c_attn.weight,transformer.h.0.attn.c_attn.weight,"(1152, 384)",8,lloyd_global,0.27466288208961487,0.9617782831192017,0.12184559553861618,0.9925610423088074,0.660312294960022,0.8475499749183655,1.0531891584396362,0.6710271239280701,0.8111407160758972,0.000638528959825635,0.002126196399331093,977.7269897460938,197,384,0.27466288208961487,0.9617782831192017,3.5209777706768364e-05,1.0995627235388383e-05,0.34356689453125,1.4178340279613622e-05,2.878604163925047e-06,3.621311770984903e-05,0.00011443642142694443,0.0016793475951999426,0.6795879602432251,0.6812673211097717,0.42178961634635925,0.4628954231739044,0.06316127628087997,2.2999429347692057e-06,0.0009307266445830464,"-1,-0.4198408,-0.1791116,0,0.1791116,0.4198408,1",
1,2048,transformer.h.0.attn.c_attn.weight,transformer.h.0.attn.c_attn.weight,"(1152, 384)",8,lloyd_per_tensor_oracle,0.2749572992324829,0.9616389870643616,0.12197675555944443,0.9925417900085449,0.658820629119873,0.849098801612854,1.0525362491607666,,,0.000638528959825635,0.002126196399331093,977.7269897460938,197,384,0.2749572992324829,0.9616389870643616,3.5003839002456516e-05,1.084977702703327e-05,0.3359578549861908,1.4178340279613622e-05,2.878604163925047e-06,3.572978312149644e-05,0.00011804227688116953,0.0018476704135537148,0.6764684319496155,0.6783161163330078,0.41929036378860474,0.46140921115875244,0.06199494004249573,2.5375782115588663e-06,0.0009290572488680482,"-1,-0.4138573,-0.1745513,0,0.1745513,0.4138573,1",
1,2048,transformer.h.0.attn.c_proj.weight,transformer.h.0.attn.c_proj.weight,"(384, 384)",4,lloyd_global,0.27331551909446716,0.962078869342804,0.13955146074295044,0.9902263879776001,0.5885697603225708,0.9380449056625366,1.064323902130127,0.5508315563201904,0.9478067755699158,0.0040993597358465195,0.0053391773253679276,167768.609375,165,384,0.27331551909446716,0.962078869342804,0.00023399427300319076,0.00021051793009974062,0.2715522050857544,0.00010293041850673035,2.0541112462524325e-05,0.00022590892331209034,0.0006606098613701761,0.001294047455303371,0.6436735391616821,0.6449676156044006,0.34556087851524353,0.4541935622692108,0.15342997014522552,1.6451698684250005e-05,0.008183257654309273,"-1,-0.4151953,-0.1762106,0,0.1762106,0.4151953,1",
1,2048,transformer.h.0.attn.c_proj.weight,transformer.h.0.attn.c_proj.weight,"(384, 384)",4,lloyd_per_tensor_oracle,0.27218106389045715,0.962649405002594,0.1389712691307068,0.9903244376182556,0.5873146653175354,0.9403427243232727,1.0660427808761597,,,0.0040993597358465195,0.0053391773253679276,167768.609375,165,384,0.27218106389045715,0.962649405002594,0.00023862349917180836,0.000221837661229074,0.2983669638633728,0.00010293041850673035,2.0541112462524325e-05,0.00023853125458117574,0.0005778514314442873,0.001204055268317461,0.654895007610321,0.6560990214347839,0.3479628264904022,0.46393799781799316,0.15609809756278992,1.5180803529801778e-05,0.008256956934928894,"-1,-0.4400489,-0.1944102,0,0.1944102,0.4400489,1",
1,2048,transformer.h.0.attn.c_proj.weight,transformer.h.0.attn.c_proj.weight,"(384, 384)",8,lloyd_global,0.27267134189605713,0.962289571762085,0.11576934903860092,0.9932823181152344,0.6316817402839661,0.8902421593666077,1.0693466663360596,0.5887966752052307,0.9068668484687805,0.0034053921699523926,0.004401917103677988,167768.609375,165,384,0.27267134189605713,0.962289571762085,0.00019475982117000967,0.0001768280053511262,0.2722574770450592,8.547859761165455e-05,1.715349753794726e-05,0.00018920669390354306,0.0005437263753265142,0.0012049744836986065,0.6441697478294373,0.6453747153282166,0.3468035161495209,0.4550766050815582,0.15315379202365875,1.0538667993387207e-05,0.005633887369185686,"-1,-0.4198408,-0.1791116,0,0.1791116,0.4198408,1",
1,2048,transformer.h.0.attn.c_proj.weight,transformer.h.0.attn.c_proj.weight,"(384, 384)",8,lloyd_per_tensor_oracle,0.27204182744026184,0.9626408219337463,0.11549665778875351,0.9933198094367981,0.633708655834198,0.8881055116653442,1.0699620246887207,,,0.0034053921699523926,0.004401917103677988,167768.609375,165,384,0.27204182744026184,0.9626408219337463,0.0001977672945940867,0.00018301911768503487,0.2926906943321228,8.547859761165455e-05,1.715349753794726e-05,0.00019679710385389626,0.0004956688499078155,0.0011248146183788776,0.650955319404602,0.6520801186561584,0.3499247133731842,0.460715651512146,0.15574300289154053,9.792225682758726e-06,0.005666979588568211,"-1,-0.4370202,-0.1933787,0,0.1933787,0.4370202,1",
1,2048,transformer.h.0.mlp.w1.weight,transformer.h.0.mlp.w1.weight,"(1024, 384)",4,lloyd_global,0.292955219745636,0.9567557573318481,0.21016226708889008,0.9778317213058472,0.9115759134292603,0.4223673641681671,1.0082876682281494,0.9093824028968811,0.42573079466819763,0.0016733907395973802,0.004216310568153858,65.4177017211914,0,384,0.292955219745636,0.9567557573318481,8.954272925620899e-05,8.007220458239317e-05,0.3277536928653717,4.3630727304844186e-05,8.848542165651452e-06,9.140762995230034e-05,0.00025901387562043965,0.0,0.0,0.0,0.7507941722869873,0.1730143129825592,0.0017335033044219017,0.0,0.0,"-1,-0.4151953,-0.1762106,0,0.1762106,0.4151953,1",
1,2048,transformer.h.0.mlp.w1.weight,transformer.h.0.mlp.w1.weight,"(1024, 384)",4,lloyd_per_tensor_oracle,0.29266318678855896,0.9568045735359192,0.2099529206752777,0.9778635501861572,0.911803126335144,0.4218456447124481,1.008381962776184,,,0.0016733907395973802,0.004216310568153858,65.4177017211914,0,384,0.29266318678855896,0.9568045735359192,8.922388224164024e-05,7.95783125795424e-05,0.32382455468177795,4.3630727304844186e-05,8.848542165651452e-06,9.080331801669672e-05,0.0002623125910758972,0.0,0.0,0.0,0.7474271059036255,0.1736890971660614,0.001725027454085648,0.0,0.0,"-1,-0.4126087,-0.1739889,0,0.1739889,0.4126087,1",
1,2048,transformer.h.0.mlp.w1.weight,transformer.h.0.mlp.w1.weight,"(1024, 384)",8,lloyd_global,0.2895534038543701,0.9577667713165283,0.19527532160282135,0.9808759689331055,0.9216777682304382,0.39756882190704346,1.0084989070892334,0.9194211959838867,0.40145739912986755,0.0015501094749197364,0.0032648607157170773,65.4177017211914,0,384,0.2895534038543701,0.9577667713165283,8.376123878406361e-05,7.563534018117934e-05,0.32571157813072205,3.9937829569680616e-05,8.056996193772648e-06,8.552539657102898e-05,0.0002341818471904844,0.0,0.0,0.0,0.7578884959220886,0.16941410303115845,0.0017990515334531665,0.0,0.0,"-1,-0.4198408,-0.1791116,0,0.1791116,0.4198408,1",
1,2048,transformer.h.0.mlp.w1.weight,transformer.h.0.mlp.w1.weight,"(1024, 384)",8,lloyd_per_tensor_oracle,0.28907230496406555,0.9578238129615784,0.19494937360286713,0.9809218049049377,0.9218118786811829,0.39712366461753845,1.008034110069275,,,0.0015501094749197364,0.0032648607157170773,65.4177017211914,0,384,0.28907230496406555,0.9578238129615784,8.323320798808709e-05,7.478470797650516e-05,0.31981658935546875,3.9937829569680616e-05,8.056996193772648e-06,8.448470907751471e-05,0.00024019586271606386,0.0,0.0,0.0,0.7526870369911194,0.16801947355270386,0.0018416461534798145,0.0,0.0,"-1,-0.4147779,-0.1755449,0,0.1755449,0.4147779,1",
1,2048,transformer.h.0.mlp.w2.weight,transformer.h.0.mlp.w2.weight,"(1024, 384)",4,lloyd_global,0.2926403880119324,0.9569159150123596,0.20894241333007812,0.9781097769737244,0.9103932976722717,0.4252157211303711,1.008439064025879,0.9077692627906799,0.4295039474964142,0.0016613946063444018,0.0030925695318728685,68.44015502929688,0,384,0.2926403880119324,0.9569159150123596,8.799609349807724e-05,7.948523852974176e-05,0.3345743715763092,4.2420193494763225e-05,8.512562089890707e-06,9.099533781409264e-05,0.0002557517436798662,0.0,0.0,0.0,0.7533869743347168,0.17513373494148254,0.001914998865686357,0.0,0.0,"-1,-0.4151953,-0.1762106,0,0.1762106,0.4151953,1",
1,2048,transformer.h.0.mlp.w2.weight,transformer.h.0.mlp.w2.weight,"(1024, 384)",4,lloyd_per_tensor_oracle,0.29167014360427856,0.9570527076721191,0.20824801921844482,0.9782188534736633,0.9111354947090149,0.42343229055404663,1.00834059715271,,,0.0016613946063444018,0.0030925695318728685,68.44015502929688,0,384,0.29167014360427856,0.9570527076721191,8.68880670168437e-05,7.772362732794136e-05,0.3236846923828125,4.2420193494763225e-05,8.512562089890707e-06,8.886506839189678e-05,0.0002690318797249347,0.0,0.0,0.0,0.7450041174888611,0.17358365654945374,0.0017773122526705265,0.0,0.0,"-1,-0.4046553,-0.1701944,0,0.1701944,0.4046553,1",
1,2048,transformer.h.0.mlp.w2.weight,transformer.h.0.mlp.w2.weight,"(1024, 384)",8,lloyd_global,0.2909095883369446,0.9574466347694397,0.19554400444030762,0.980839192867279,0.9197906255722046,0.4022114872932434,1.0079877376556396,0.9174469113349915,0.4063466489315033,0.0015430491184815764,0.0029511419124901295,68.44015502929688,0,384,0.2909095883369446,0.9574466347694397,8.258971502073109e-05,7.477725739590824e-05,0.33316802978515625,3.939627276849933e-05,7.911730790510774e-06,8.527110185241327e-05,0.00023435140610672534,0.0,0.0,0.0,0.7577489614486694,0.17422010004520416,0.0017549220938235521,0.0,0.0,"-1,-0.4198408,-0.1791116,0,0.1791116,0.4198408,1",
1,2048,transformer.h.0.mlp.w2.weight,transformer.h.0.mlp.w2.weight,"(1024, 384)",8,lloyd_per_tensor_oracle,0.28984853625297546,0.9576115012168884,0.19482870399951935,0.9809421896934509,0.9201772809028625,0.4010585844516754,1.0071327686309814,,,0.0015430491184815764,0.0029511419124901295,68.44015502929688,0,384,0.28984853625297546,0.9576115012168884,8.14785817055963e-05,7.303027086891234e-05,0.32196298241615295,3.939627276849933e-05,7.911730790510774e-06,8.31032230053097e-05,0.00024789824965409935,0.0,0.0,0.0,0.746334969997406,0.17274276912212372,0.0017268292140215635,0.0,0.0,"-1,-0.4083531,-0.1726413,0,0.1726413,0.4083531,1",
1,2048,transformer.h.0.mlp.c_proj.weight,transformer.h.0.mlp.c_proj.weight,"(384, 1024)",4,lloyd_global,0.3393417298793793,0.9437609910964966,0.26143357157707214,0.9663019180297852,0.8513168096542358,0.5506643652915955,1.0185225009918213,0.8435621857643127,0.5593637824058533,0.006716748233884573,0.011407040059566498,74.03558349609375,0,384,0.3393417298793793,0.9437609910964966,0.0003248859429731965,0.00030414864886552095,0.4358978271484375,0.0001713841047603637,3.490842573228292e-05,0.00036676900344900787,0.0009511333773843944,0.0,0.0,0.0,0.7078682780265808,0.2570497691631317,0.002738900249823928,0.0,0.0,"-1,-0.4151953,-0.1762106,0,0.1762106,0.4151953,1",
1,2048,transformer.h.0.mlp.c_proj.weight,transformer.h.0.mlp.c_proj.weight,"(384, 1024)",4,lloyd_per_tensor_oracle,0.31418317556381226,0.9499739408493042,0.24205218255519867,0.9704919457435608,0.8678825497627258,0.5183156132698059,1.0157301425933838,,,0.006716748233884573,0.011407040059566498,74.03558349609375,0,384,0.31418317556381226,0.9499739408493042,0.000285154499579221,0.00025447492953389883,0.35098519921302795,0.0001713841047603637,3.490842573228292e-05,0.0003045270568691194,0.001287881750613451,0.0,0.0,0.0,0.6481216549873352,0.25204402208328247,0.00308070401661098,0.0,0.0,"-1,-0.3406495,-0.1378047,0,0.1378047,0.3406495,1",
1,2048,transformer.h.0.mlp.c_proj.weight,transformer.h.0.mlp.c_proj.weight,"(384, 1024)",8,lloyd_global,0.3266742527484894,0.9475415349006653,0.2333638221025467,0.9730362892150879,0.8741171360015869,0.5060763359069824,1.016180157661438,0.8667858242988586,0.5161795616149902,0.005846051499247551,0.010099895298480988,74.03558349609375,0,384,0.3266742527484894,0.9475415349006653,0.00029052546597085893,0.0002730435226112604,0.41293588280677795,0.000148633451317437,3.01283216685988e-05,0.0003235650947317481,0.000821121851913631,0.0,0.0,0.0,0.7058644890785217,0.2561761140823364,0.002087952336296439,0.0,0.0,"-1,-0.4198408,-0.1791116,0,0.1791116,0.4198408,1",
1,2048,transformer.h.0.mlp.c_proj.weight,transformer.h.0.mlp.c_proj.weight,"(384, 1024)",8,lloyd_per_tensor_oracle,0.3071659505367279,0.9521821141242981,0.21943020820617676,0.9757651686668396,0.8850588202476501,0.4826532006263733,1.0126227140426636,,,0.005846051499247551,0.010099895298480988,74.03558349609375,0,384,0.3071659505367279,0.9521821141242981,0.00026029229047708213,0.00023436859191861004,0.34220123291015625,0.000148633451317437,3.01283216685988e-05,0.0002756559115368873,0.0010993767064064741,0.0,0.0,0.0,0.6534907221794128,0.24659252166748047,0.0022448068484663963,0.0,0.0,"-1,-0.3524112,-0.1449746,0,0.1449746,0.3524112,1",
1,2048,transformer.h.1.attn.c_attn.weight,transformer.h.1.attn.c_attn.weight,"(1152, 384)",4,lloyd_global,0.2753179669380188,0.9615720510482788,0.15483561158180237,0.9879600405693054,0.600424587726593,0.9179964661598206,1.051228642463684,0.6113613247871399,0.881635308265686,0.0006599673652090132,0.00277812615968287,1028.8828125,211,384,0.2753179669380188,0.9615720510482788,3.6471523344516754e-05,1.2207252439111471e-05,0.33856427669525146,1.457241341995541e-05,2.9881568934797542e-06,3.708517397171818e-05,0.00012578362657222897,0.0015473889652639627,0.7038478255271912,0.7053952813148499,0.4081536531448364,0.4605894684791565,0.07350817322731018,2.2465333131549414e-06,0.0010218617971986532,"-1,-0.4151953,-0.1762106,0,0.1762106,0.4151953,1",
1,2048,transformer.h.1.attn.c_attn.weight,transformer.h.1.attn.c_attn.weight,"(1152, 384)",4,lloyd_per_tensor_oracle,0.2754870057106018,0.9615025520324707,0.15492947399616241,0.9879452586174011,0.6001918911933899,0.918001651763916,1.0506958961486816,,,0.0006599673652090132,0.00277812615968287,1028.8828125,211,384,0.2754870057106018,0.9615025520324707,3.644942626124248e-05,1.2146167136961594e-05,0.33558031916618347,1.457241341995541e-05,2.9881568934797542e-06,3.705374911078252e-05,0.00012582105409819633,0.0014731447445228696,0.7034799456596375,0.7049530744552612,0.40867406129837036,0.45970961451530457,0.0734570324420929,2.1428256786748534e-06,0.0010232768254354596,"-1,-0.4151362,-0.1745047,0,0.1745047,0.4151362,1",
1,2048,transformer.h.1.attn.c_attn.weight,transformer.h.1.attn.c_attn.weight,"(1152, 384)",8,lloyd_global,0.27423834800720215,0.9618933796882629,0.13040558993816376,0.99146968126297,0.637963056564331,0.8768126964569092,1.0572420358657837,0.6494849324226379,0.8372772336006165,0.0005568903870880604,0.0022583710961043835,1028.8828125,211,384,0.27423834800720215,0.9618933796882629,3.125767398159951e-05,1.1063876627304126e-05,0.33259639143943787,1.2601706657733303e-05,2.4961584585980745e-06,3.1557683541905135e-05,0.00010276952525600791,0.0014174645766615868,0.7063036561012268,0.7077211141586304,0.41128775477409363,0.46283483505249023,0.06968054175376892,1.4490777857645298e-06,0.000722056080121547,"-1,-0.4198408,-0.1791116,0,0.1791116,0.4198408,1",
1,2048,transformer.h.1.attn.c_attn.weight,transformer.h.1.attn.c_attn.weight,"(1152, 384)",8,lloyd_per_tensor_oracle,0.27439188957214355,0.9618356227874756,0.13047833740711212,0.9914604425430298,0.638547420501709,0.8759652376174927,1.0569418668746948,,,0.0005568903870880604,0.0022583710961043835,1028.8828125,211,384,0.27439188957214355,0.9618356227874756,3.1238778319675475e-05,1.1026130778191146e-05,0.3299356997013092,1.2601706657733303e-05,2.4961584585980745e-06,3.152879799017683e-05,0.00010283404844813049,0.0014105589361861348,0.7052567601203918,0.7066673040390015,0.4113835096359253,0.4620690941810608,0.06979644298553467,1.445543148292927e-06,0.0007227482856251299,"-1,-0.4197185,-0.1774955,0,0.1774955,0.4197185,1",
1,2048,transformer.h.1.attn.c_proj.weight,transformer.h.1.attn.c_proj.weight,"(384, 384)",4,lloyd_global,0.27342087030410767,0.9620621204376221,0.12950186431407928,0.9915845394134521,0.5885388255119324,0.9484630227088928,1.0844827890396118,0.543070912361145,0.9559619426727295,0.0032866469118744135,0.004474068991839886,229018.703125,174,384,0.27342087030410767,0.9620621204376221,0.000186103890882805,0.00016912975115701556,0.2731187641620636,8.236580470111221e-05,1.679777960816864e-05,0.0001815272553358227,0.000530663353856653,0.001364002819173038,0.6708804368972778,0.6722444295883179,0.33504632115364075,0.4568844139575958,0.16320322453975677,1.086636711988831e-05,0.0053445883095264435,"-1,-0.4151953,-0.1762106,0,0.1762106,0.4151953,1",
1,2048,transformer.h.1.attn.c_proj.weight,transformer.h.1.attn.c_proj.weight,"(384, 384)",4,lloyd_per_tensor_oracle,0.2727864980697632,0.9624504446983337,0.12920624017715454,0.9916303157806396,0.5872315764427185,0.9510915875434875,1.0866459608078003,,,0.0032866469118744135,0.004474068991839886,229018.703125,174,384,0.2727864980697632,0.9624504446983337,0.00018874314264394343,0.00017552232020534575,0.2946912944316864,8.236580470111221e-05,1.679777960816864e-05,0.00018792381160892546,0.0004893116420134902,0.001424520625732839,0.6772090196609497,0.6786335110664368,0.3372625410556793,0.4645824730396271,0.16460837423801422,1.129587326431647e-05,0.005369993858039379,"-1,-0.4306958,-0.1906888,0,0.1906888,0.4306958,1",
1,2048,transformer.h.1.attn.c_proj.weight,transformer.h.1.attn.c_proj.weight,"(384, 384)",8,lloyd_global,0.27272364497184753,0.9623242616653442,0.10978642106056213,0.9939591884613037,0.625658392906189,0.9078060984611511,1.0899428129196167,0.5739755630493164,0.9230661392211914,0.0028011510148644447,0.0037010223604738712,229018.703125,174,384,0.27272364497184753,0.9623242616653442,0.00015865628665778786,0.0001453713048249483,0.2776760458946228,7.019063923507929e-05,1.4166327673592605e-05,0.00015583715867251158,0.00043894373811781406,0.0015098049771040678,0.6700323820114136,0.6715421676635742,0.3358429968357086,0.45910152792930603,0.16527493298053741,8.64109279063996e-06,0.0038348077796399593,"-1,-0.4198408,-0.1791116,0,0.1791116,0.4198408,1",
1,2048,transformer.h.1.attn.c_proj.weight,transformer.h.1.attn.c_proj.weight,"(384, 384)",8,lloyd_per_tensor_oracle,0.27245116233825684,0.9625602960586548,0.10967788100242615,0.9939730763435364,0.6275631785392761,0.9059737920761108,1.0908387899398804,,,0.0028011510148644447,0.0037010223604738712,229018.703125,174,384,0.27245116233825684,0.9625602960586548,0.0001604026765562594,0.00014940788969397545,0.2939181923866272,7.019063923507929e-05,1.4166327673592605e-05,0.00015984517813194543,0.0004144959675613791,0.0012649253476411104,0.6759529113769531,0.6772179007530212,0.3401987552642822,0.4620773494243622,0.16510432958602905,7.2250918492500205e-06,0.0038609567563980818,"-1,-0.4305322,-0.1902491,0,0.1902491,0.4305322,1",
1,2048,transformer.h.1.mlp.w1.weight,transformer.h.1.mlp.w1.weight,"(1024, 384)",4,lloyd_global,0.30234605073928833,0.9540896415710449,0.2084030658006668,0.9782691597938538,0.8871036171913147,0.4773465692996979,1.0087529420852661,0.8796268701553345,0.4906714856624603,0.001418235362507403,0.0027527257334440947,86.09526062011719,0,384,0.30234605073928833,0.9540896415710449,7.372015534201637e-05,6.574932194780558e-05,0.3639017641544342,3.664453106466681e-05,7.4933641371899284e-06,7.738927524769679e-05,0.00021787923469673842,0.0,0.0,0.0,0.6944577097892761,0.23767751455307007,0.003246883861720562,0.0,0.0,"-1,-0.4151953,-0.1762106,0,0.1762106,0.4151953,1",
1,2048,transformer.h.1.mlp.w1.weight,transformer.h.1.mlp.w1.weight,"(1024, 384)",4,lloyd_per_tensor_oracle,0.300131231546402,0.9544839262962341,0.2068793773651123,0.9785258769989014,0.8882369995117188,0.47472602128982544,1.0078856945037842,,,0.001418235362507403,0.0027527257334440947,86.09526062011719,0,384,0.300131231546402,0.9544839262962341,7.224061846500263e-05,6.339704123092815e-05,0.34422555565834045,3.664453106466681e-05,7.4933641371899284e-06,7.475991151295602e-05,0.0002314348384970799,0.0,0.0,0.0,0.6830872893333435,0.2332809567451477,0.003385276533663273,0.0,0.0,"-1,-0.4023928,-0.1654595,0,0.1654595,0.4023928,1",
1,2048,transformer.h.1.mlp.w1.weight,transformer.h.1.mlp.w1.weight,"(1024, 384)",8,lloyd_global,0.3013201653957367,0.954500675201416,0.1947629600763321,0.9810411334037781,0.8986640572547913,0.4520566761493683,1.0079277753829956,0.8914080262184143,0.4660433232784271,0.0013173514744266868,0.002608634065836668,86.09526062011719,0,384,0.3013201653957367,0.954500675201416,6.922416650922969e-05,6.22475054115057e-05,0.3639627993106842,3.4102515201084316e-05,6.920760824868921e-06,7.27357910363935e-05,0.00020023973775096238,0.0,0.0,0.0,0.6988033056259155,0.23815180361270905,0.002945187035948038,0.0,0.0,"-1,-0.4198408,-0.1791116,0,0.1791116,0.4198408,1",
1,2048,transformer.h.1.mlp.w1.weight,transformer.h.1.mlp.w1.weight,"(1024, 384)",8,lloyd_per_tensor_oracle,0.2984257936477661,0.954983115196228,0.19288988411426544,0.9813352823257446,0.9004248976707458,0.44800105690956116,1.0074632167816162,,,0.0013173514744266868,0.002608634065836668,86.09526062011719,0,384,0.2984257936477661,0.954983115196228,6.733607733622193e-05,5.928783502895385e-05,0.33959707617759705,3.4102515201084316e-05,6.920760824868921e-06,6.932619726285338e-05,0.00021841978013981134,0.0,0.0,0.0,0.6820829510688782,0.23455847799777985,0.0026255811098963022,0.0,0.0,"-1,-0.4017273,-0.1654955,0,0.1654955,0.4017273,1",
1,2048,transformer.h.1.mlp.w2.weight,transformer.h.1.mlp.w2.weight,"(1024, 384)",4,lloyd_global,0.30431583523750305,0.9535491466522217,0.21202093362808228,0.9775083065032959,0.8844970464706421,0.48342448472976685,1.0110810995101929,0.8770809769630432,0.4958290457725525,0.0013781747547909617,0.0025444189086556435,83.360595703125,0,384,0.30431583523750305,0.9535491466522217,7.168742740759626e-05,6.337652303045616e-05,0.36462655663490295,3.5979031963506714e-05,7.339357125601964e-06,7.5217591074761e-05,0.00020929097081534564,0.0,0.0,0.0,0.6925103068351746,0.2433018982410431,0.002849017968401313,0.0,0.0,"-1,-0.4151953,-0.1762106,0,0.1762106,0.4151953,1",
1,2048,transformer.h.1.mlp.w2.weight,transformer.h.1.mlp.w2.weight,"(1024, 384)",4,lloyd_per_tensor_oracle,0.30167654156684875,0.9540695548057556,0.2101844847202301,0.9778302311897278,0.8858993649482727,0.4802835285663605,1.0103135108947754,,,0.0013781747547909617,0.0025444189086556435,83.360595703125,0,384,0.30167654156684875,0.9540695548057556,7.006663508946076e-05,6.0997699620202184e-05,0.34233346581459045,3.5979031963506714e-05,7.339357125601964e-06,7.24034762242809e-05,0.00022254798386711627,0.0,0.0,0.0,0.6789311170578003,0.24197034537792206,0.0029531032778322697,0.0,0.0,"-1,-0.4019725,-0.1644471,0,0.1644471,0.4019725,1",
1,2048,transformer.h.1.mlp.w2.weight,transformer.h.1.mlp.w2.weight,"(1024, 384)",8,lloyd_global,0.3046547472476959,0.9535627961158752,0.1987329125404358,0.9802694916725159,0.8951026797294617,0.46026942133903503,1.0093202590942383,0.887874960899353,0.4735613465309143,0.0012830838095396757,0.002335925353690982,83.360595703125,0,384,0.3046547472476959,0.9535627961158752,6.742508412571624e-05,5.9846279327757657e-05,0.3649444580078125,3.355136141180992e-05,6.839757588750217e-06,7.075928442645818e-05,0.00018960199668072164,0.0,0.0,0.0,0.6994133591651917,0.24146339297294617,0.00327972206287086,0.0,0.0,"-1,-0.4198408,-0.1791116,0,0.1791116,0.4198408,1",
1,2048,transformer.h.1.mlp.w2.weight,transformer.h.1.mlp.w2.weight,"(1024, 384)",8,lloyd_per_tensor_oracle,0.30143508315086365,0.9541711807250977,0.19662877917289734,0.9806188941001892,0.8968174457550049,0.4562443196773529,1.0083128213882446,,,0.0012830838095396757,0.002335925353690982,83.360595703125,0,384,0.30143508315086365,0.9541711807250977,6.570332334376872e-05,5.728274118155241e-05,0.3404134213924408,3.355136141180992e-05,6.839757588750217e-06,6.773376662749797e-05,0.00020400466746650636,0.0,0.0,0.0,0.6821619868278503,0.24027352035045624,0.0035901584196835756,0.0,0.0,"-1,-0.4044813,-0.1659432,0,0.1659432,0.4044813,1",
1,2048,transformer.h.1.mlp.c_proj.weight,transformer.h.1.mlp.c_proj.weight,"(384, 1024)",4,lloyd_global,0.3277299106121063,0.9469811916351318,0.25792568922042847,0.9669958353042603,0.8525990843772888,0.5489630103111267,1.0207408666610718,0.8442802429199219,0.558076798915863,0.004868851508945227,0.007675244472920895,64.11005401611328,0,384,0.3277299106121063,0.9469811916351318,0.00023902440443634987,0.0002252443809993565,0.428985595703125,0.0001227079628733918,2.4823029889375903e-05,0.00026697167777456343,0.0007303274469450116,0.0,0.0,0.0,0.6881418228149414,0.26813507080078125,0.002158968010917306,0.0,0.0,"-1,-0.4151953,-0.1762106,0,0.1762106,0.4151953,1",
1,2048,transformer.h.1.mlp.c_proj.weight,transformer.h.1.mlp.c_proj.weight,"(384, 1024)",4,lloyd_per_tensor_oracle,0.31191977858543396,0.9506596326828003,0.24548985064029694,0.9696202874183655,0.8646429181098938,0.5246500968933105,1.0158125162124634,,,0.004868851508945227,0.007675244472920895,64.11005401611328,0,384,0.31191977858543396,0.9506596326828003,0.0002161044831154868,0.00019405479542911053,0.3557586669921875,0.0001227079628733918,2.4823029889375903e-05,0.0002297793107572943,0.0009391935309395194,0.0,0.0,0.0,0.6414616107940674,0.25794777274131775,0.0022626996506005526,0.0,0.0,"-1,-0.355007,-0.1426016,0,0.1426016,0.355007,1",
1,2048,transformer.h.1.mlp.c_proj.weight,transformer.h.1.mlp.c_proj.weight,"(384, 1024)",8,lloyd_global,0.3229663670063019,0.9484463930130005,0.23673640191555023,0.9721574783325195,0.8704386949539185,0.5137465596199036,1.0173600912094116,0.8620676398277283,0.5252373814582825,0.004381757695227861,0.00725942337885499,64.11005401611328,0,384,0.3229663670063019,0.9484463930130005,0.00021962074970360845,0.00020709651289507747,0.41641998291015625,0.00011067434388678521,2.2405620256904513e-05,0.00024341617245227098,0.0006413215887732804,0.0,0.0,0.0,0.6876314878463745,0.26759329438209534,0.00201112381182611,0.0,0.0,"-1,-0.4198408,-0.1791116,0,0.1791116,0.4198408,1",
1,2048,transformer.h.1.mlp.c_proj.weight,transformer.h.1.mlp.c_proj.weight,"(384, 1024)",8,lloyd_per_tensor_oracle,0.3081461787223816,0.9518768787384033,0.22587551176548004,0.9743204712867737,0.8804910778999329,0.49244508147239685,1.0137362480163574,,,0.004381757695227861,0.00725942337885499,64.11005401611328,0,384,0.3081461787223816,0.9518768787384033,0.00019925239030271769,0.00017909012967720628,0.34684500098228455,0.00011067434388678521,2.2405620256904513e-05,0.00021023706358391792,0.0008296480518765748,0.0,0.0,0.0,0.6465184688568115,0.25801345705986023,0.0018898393027484417,0.0,0.0,"-1,-0.3600738,-0.1459675,0,0.1459675,0.3600738,1",
1,2048,transformer.h.2.attn.c_attn.weight,transformer.h.2.attn.c_attn.weight,"(1152, 384)",4,lloyd_global,0.27569258213043213,0.9614691734313965,0.13314411044120789,0.9911078810691833,0.6702341437339783,0.8479069471359253,1.0803003311157227,0.6762765049934387,0.8046444654464722,0.0009168374235741794,0.005579971708357334,1562.486572265625,216,384,0.27569258213043213,0.9614691734313965,5.081663402961567e-05,1.318443173659034e-05,0.31794342398643494,2.1427789761219174e-05,4.264931249053916e-06,5.092841456644237e-05,0.00016669253818690777,0.001262794598005712,0.6411435604095459,0.6424063444137573,0.341176301240921,0.49830424785614014,0.11030992120504379,5.022449386160588e-06,0.002549988217651844,"-1,-0.4151953,-0.1762106,0,0.1762106,0.4151953,1",
1,2048,transformer.h.2.attn.c_attn.weight,transformer.h.2.attn.c_attn.weight,"(1152, 384)",4,lloyd_per_tensor_oracle,0.27549582719802856,0.9615479707717896,0.1330479383468628,0.9911208748817444,0.669644296169281,0.8486366868019104,1.0802574157714844,,,0.0009168374235741794,0.005579971708357334,1562.486572265625,216,384,0.27549582719802856,0.9615479707717896,5.0931997975567356e-05,1.3245160516817123e-05,0.3214653730392456,2.1427789761219174e-05,4.264931249053916e-06,5.1202292524976656e-05,0.00016466186207253486,0.0012757470831274986,0.6409657001495361,0.6422414183616638,0.34207475185394287,0.4996817111968994,0.10922446846961975,5.064405740995426e-06,0.0025444780476391315,"-1,-0.4176528,-0.1782667,0,0.1782667,0.4176528,1",
1,2048,transformer.h.2.attn.c_attn.weight,transformer.h.2.attn.c_attn.weight,"(1152, 384)",8,lloyd_global,0.27092012763023376,0.9628429412841797,0.11530181765556335,0.9933384656906128,0.705065906047821,0.8012871742248535,1.078126072883606,0.704414963722229,0.7688810229301453,0.0007940459181554615,0.004905068315565586,1562.486572265625,216,384,0.27092012763023376,0.9628429412841797,4.478464325075038e-05,1.2037358828820288e-05,0.3143106997013092,1.8205882952315733e-05,3.7541087749559665e-06,4.4436670577852055e-05,0.00014628932694904506,0.0016011034604161978,0.6435975432395935,0.6451987028121948,0.34632232785224915,0.5028958916664124,0.10503608733415604,4.732704383059172e-06,0.0019024111097678542,"-1,-0.4198408,-0.1791116,0,0.1791116,0.4198408,1",
1,2048,transformer.h.2.attn.c_attn.weight,transformer.h.2.attn.c_attn.weight,"(1152, 384)",8,lloyd_per_tensor_oracle,0.2706546485424042,0.9629637598991394,0.11518745124340057,0.9933518171310425,0.7054587602615356,0.8010649085044861,1.078783392906189,,,0.0007940459181554615,0.004905068315565586,1562.486572265625,216,384,0.2706546485424042,0.9629637598991394,4.488659760681912e-05,1.2095850252080709e-05,0.31809261441230774,1.8205882952315733e-05,3.7541087749559665e-06,4.4693370000459254e-05,0.00014438525249715894,0.0015747972065582871,0.6448264122009277,0.6464012265205383,0.34743332862854004,0.5039534568786621,0.10564311593770981,4.64081131212879e-06,0.0019002559129148722,"-1,-0.4224258,-0.1814703,0,0.1814703,0.4224258,1",
1,2048,transformer.h.2.attn.c_proj.weight,transformer.h.2.attn.c_proj.weight,"(384, 384)",4,lloyd_global,0.35147878527641296,0.939490795135498,0.17752967774868011,0.9843116402626038,0.5582356452941895,0.9788222312927246,1.077579379081726,0.5188908576965332,0.9809288382530212,0.0063102999702095985,0.009791092947125435,138334.0625,166,384,0.35147878527641296,0.939490795135498,0.0003040606970898807,0.00028708355966955423,0.5039130449295044,0.00015751633327454329,3.193313386873342e-05,0.00034879203303717077,0.0010344033362343907,0.0009776779916137457,0.625849723815918,0.6268274188041687,0.3329777121543884,0.4675898551940918,0.181657075881958,1.9841112589347176e-05,0.012701069004833698,"-1,-0.4151953,-0.1762106,0,0.1762106,0.4151953,1",
1,2048,transformer.h.2.attn.c_proj.weight,transformer.h.2.attn.c_proj.weight,"(384, 384)",4,lloyd_per_tensor_oracle,0.33021801710128784,0.9448626637458801,0.16678331792354584,0.9860371351242065,0.5824958682060242,0.9512525796890259,1.0766414403915405,,,0.0063102999702095985,0.009791092947125435,138334.0625,166,384,0.33021801710128784,0.9448626637458801,0.0002676933363545686,0.00023495685309171677,0.3971828818321228,0.00015751633327454329,3.193313386873342e-05,0.00028926756931468844,0.0012218165211379528,0.0011704888893291354,0.5837955474853516,0.5849660634994507,0.31826546788215637,0.4549461901187897,0.1823878139257431,2.0967203454347327e-05,0.01045764796435833,"-1,-0.3722899,-0.1332728,0,0.1332728,0.3722899,1",
1,2048,transformer.h.2.attn.c_proj.weight,transformer.h.2.attn.c_proj.weight,"(384, 384)",8,lloyd_global,0.3531376123428345,0.9388619661331177,0.15906526148319244,0.9873921275138855,0.5836747288703918,0.9486351609230042,1.0741654634475708,0.5394659042358398,0.9597229957580566,0.005624773446470499,0.00872808787971735,138334.0625,166,384,0.3531376123428345,0.9388619661331177,0.0002739994088187814,0.00025964988162741065,0.5015597939491272,0.0001403615897288546,2.836950443452224e-05,0.0003147622337564826,0.0008878919179551303,0.0009138894965872169,0.6299691200256348,0.630882978439331,0.33529311418533325,0.4667905569076538,0.17936500906944275,1.4891338651068509e-05,0.010265008546411991,"-1,-0.4198408,-0.1791116,0,0.1791116,0.4198408,1",
1,2048,transformer.h.2.attn.c_proj.weight,transformer.h.2.attn.c_proj.weight,"(384, 384)",8,lloyd_per_tensor_oracle,0.33102452754974365,0.9443260431289673,0.14911779761314392,0.9888412952423096,0.6060076355934143,0.9254320859909058,1.0789421796798706,,,0.005624773446470499,0.00872808787971735,138334.0625,166,384,0.33102452754974365,0.9443260431289673,0.0002406658313702792,0.00021213339641690254,0.3946058452129364,0.0001403615897288546,2.836950443452224e-05,0.00026027412968687713,0.0010794897098094225,0.001093524508178234,0.5780670046806335,0.5791605114936829,0.3194088339805603,0.4461912512779236,0.18187512457370758,1.5656740288250148e-05,0.008276581764221191,"-1,-0.3726623,-0.1352958,0,0.1352958,0.3726623,1",
1,2048,transformer.h.2.mlp.w1.weight,transformer.h.2.mlp.w1.weight,"(1024, 384)",4,lloyd_global,0.29331105947494507,0.9567442536354065,0.23927710950374603,0.9712643623352051,0.8718546032905579,0.5108011364936829,1.0168969631195068,0.8647546768188477,0.5200981497764587,0.0013644626596942544,0.0023590705823153257,64.4627456665039,0,384,0.29331105947494507,0.9567442536354065,7.196829392341897e-05,6.49887733743526e-05,0.34196725487709045,3.504556298139505e-05,7.1209333327715285e-06,7.453814032487571e-05,0.00021070791990496218,0.0,0.0,0.0,0.67166668176651,0.2583219110965729,0.0015581324696540833,0.0,0.0,"-1,-0.4151953,-0.1762106,0,0.1762106,0.4151953,1",
1,2048,transformer.h.2.mlp.w1.weight,transformer.h.2.mlp.w1.weight,"(1024, 384)",4,lloyd_per_tensor_oracle,0.29237449169158936,0.9568518996238708,0.23851345479488373,0.9713773131370544,0.8726818561553955,0.5087906718254089,1.0156164169311523,,,0.0013644626596942544,0.0023590705823153257,64.4627456665039,0,384,0.29237449169158936,0.9568518996238708,7.113468018360436e-05,6.360502447932959e-05,0.3308563232421875,3.504556298139505e-05,7.1209333327715285e-06,7.297803676920012e-05,0.0002196532004745677,0.0,0.0,0.0,0.6629846096038818,0.25577184557914734,0.0015293166507035494,0.0,0.0,"-1,-0.4065868,-0.1698706,0,0.1698706,0.4065868,1",
1,2048,transformer.h.2.mlp.w1.weight,transformer.h.2.mlp.w1.weight,"(1024, 384)",8,lloyd_global,0.2949259281158447,0.9563102126121521,0.2241302728652954,0.974814236164093,0.8848379850387573,0.4832468330860138,1.0131086111068726,0.8776569366455078,0.4946701228618622,0.0012821649434044957,0.0021687529515475035,64.4627456665039,0,384,0.2949259281158447,0.9563102126121521,6.785400910302997e-05,6.175859016366303e-05,0.3486328125,3.277811629232019e-05,6.635776117036585e-06,7.092929445207119e-05,0.00019260335830040276,0.0,0.0,0.0,0.6737204194068909,0.2597450613975525,0.0012551069958135486,0.0,0.0,"-1,-0.4198408,-0.1791116,0,0.1791116,0.4198408,1",
1,2048,transformer.h.2.mlp.w1.weight,transformer.h.2.mlp.w1.weight,"(1024, 384)",8,lloyd_per_tensor_oracle,0.29284554719924927,0.9566322565078735,0.22254815697669983,0.9750754237174988,0.886133074760437,0.480529248714447,1.0131303071975708,,,0.0012821649434044957,0.0021687529515475035,64.4627456665039,0,384,0.29284554719924927,0.9566322565078735,6.635237514274195e-05,5.945241719018668e-05,0.32983651757240295,3.277811629232019e-05,6.635776117036585e-06,6.811891944380477e-05,0.00020951493934262544,0.0,0.0,0.0,0.6609535813331604,0.25364020466804504,0.0012556328438222408,0.0,0.0,"-1,-0.4027324,-0.1685628,0,0.1685628,0.4027324,1",
1,2048,transformer.h.2.mlp.w2.weight,transformer.h.2.mlp.w2.weight,"(1024, 384)",4,lloyd_global,0.2974696457386017,0.9555354118347168,0.2466682493686676,0.9694699048995972,0.8652260899543762,0.5234079360961914,1.0154342651367188,0.8575355410575867,0.5337992310523987,0.0013589415466412902,0.002683504717424512,63.516273498535156,0,384,0.2974696457386017,0.9555354118347168,7.164186536101624e-05,6.38423953205347e-05,0.34931182861328125,3.508430745569058e-05,7.085960078256903e-06,7.42655829526484e-05,0.00021001337154302746,0.0,0.0,0.0,0.6613714694976807,0.27116143703460693,0.0010864485520869493,0.0,0.0,"-1,-0.4151953,-0.1762106,0,0.1762106,0.4151953,1",
1,2048,transformer.h.2.mlp.w2.weight,transformer.h.2.mlp.w2.weight,"(1024, 384)",4,lloyd_per_tensor_oracle,0.29623547196388245,0.955703616142273,0.24564319849014282,0.9696450233459473,0.866157591342926,0.5213177800178528,1.0144542455673218,,,0.0013589415466412902,0.002683504717424512,63.516273498535156,0,384,0.29623547196388245,0.955703616142273,7.070643914630637e-05,6.235075125005096e-05,0.33529409766197205,3.508430745569058e-05,7.085960078256903e-06,7.26030848454684e-05,0.00021804298739880323,0.0,0.0,0.0,0.6538082957267761,0.26842114329338074,0.000994387548416853,0.0,0.0,"-1,-0.4073138,-0.1685494,0,0.1685494,0.4073138,1",
1,2048,transformer.h.2.mlp.w2.weight,transformer.h.2.mlp.w2.weight,"(1024, 384)",8,lloyd_global,0.29677852988243103,0.9557436108589172,0.22918105125427246,0.9736640453338623,0.880071222782135,0.4935629367828369,1.014687418937683,0.8728476762771606,0.504296064376831,0.0012623068178072572,0.002418510615825653,63.516273498535156,0,384,0.29677852988243103,0.9557436108589172,6.695733463857323e-05,6.007446791045368e-05,0.3511454164981842,3.251175076002255e-05,6.594146725547034e-06,6.970688991714269e-05,0.0001922253577504307,0.0,0.0,0.0,0.6624088883399963,0.2714611887931824,0.0014925699215382338,0.0,0.0,"-1,-0.4198408,-0.1791116,0,0.1791116,0.4198408,1",
1,2048,transformer.h.2.mlp.w2.weight,transformer.h.2.mlp.w2.weight,"(1024, 384)",8,lloyd_per_tensor_oracle,0.2951071560382843,0.9560127854347229,0.2278885394334793,0.973884105682373,0.8816271424293518,0.4902230203151703,1.014195203781128,,,0.0012623068178072572,0.002418510615825653,63.516273498535156,0,384,0.2951071560382843,0.9560127854347229,6.576022860826924e-05,5.821630475111306e-05,0.334014892578125,3.251175076002255e-05,6.594146725547034e-06,6.750284956069663e-05,0.00020421278895810246,0.0,0.0,0.0,0.6513146758079529,0.26835769414901733,0.0013386707287281752,0.0,0.0,"-1,-0.4072846,-0.1693592,0,0.1693592,0.4072846,1",
1,2048,transformer.h.2.mlp.c_proj.weight,transformer.h.2.mlp.c_proj.weight,"(384, 1024)",4,lloyd_global,0.307699590921402,0.9528526067733765,0.27718082070350647,0.961750864982605,0.8777410984039307,0.4980257749557495,1.0135624408721924,0.8766257762908936,0.4967464208602905,0.004020203836262226,0.006383081898093224,32.40563201904297,0,384,0.307699590921402,0.9528526067733765,0.0002035260695265606,0.00019085421808995306,0.37770333886146545,0.00010125529661308974,2.0524450519587845e-05,0.0002203303447458893,0.0006028535426594317,0.0,0.0,0.0,0.7237138152122498,0.22664164006710052,2.33797309192596e-05,0.0,0.0,"-1,-0.4151953,-0.1762106,0,0.1762106,0.4151953,1",
1,2048,transformer.h.2.mlp.c_proj.weight,transformer.h.2.mlp.c_proj.weight,"(384, 1024)",4,lloyd_per_tensor_oracle,0.29987117648124695,0.9544673562049866,0.2701285183429718,0.9631538391113281,0.8825972080230713,0.4878727197647095,1.0129302740097046,,,0.004020203836262226,0.006383081898093224,32.40563201904297,0,384,0.29987117648124695,0.9544673562049866,0.00019165599951520562,0.0001738716964609921,0.3355153501033783,0.00010125529661308974,2.0524450519587845e-05,0.00020029812003485858,0.0007293934468179941,0.0,0.0,0.0,0.6891934275627136,0.21831859648227692,7.325353362830356e-05,0.0,0.0,"-1,-0.3724466,-0.1544551,0,0.1544551,0.3724466,1",
1,2048,transformer.h.2.mlp.c_proj.weight,transformer.h.2.mlp.c_proj.weight,"(384, 1024)",8,lloyd_global,0.3038424551486969,0.9539686441421509,0.2581409811973572,0.9667513966560364,0.8913487195968628,0.4693237841129303,1.0128154754638672,0.8901191353797913,0.4687953293323517,0.003666418371722102,0.005831039510667324,32.40563201904297,0,384,0.3038424551486969,0.9539686441421509,0.0001894439774332568,0.0001772115210769698,0.3695271909236908,9.288734872825444e-05,1.852467903518118e-05,0.000203371251700446,0.0005391757003962994,0.0,0.0,0.0,0.7214785814285278,0.22682909667491913,5.192833123146556e-05,0.0,0.0,"-1,-0.4198408,-0.1791116,0,0.1791116,0.4198408,1",
1,2048,transformer.h.2.mlp.c_proj.weight,transformer.h.2.mlp.c_proj.weight,"(384, 1024)",8,lloyd_per_tensor_oracle,0.2973032295703888,0.9552794098854065,0.25258868932724,0.9678389430046082,0.8952144980430603,0.46056556701660156,1.0114808082580566,,,0.003666418371722102,0.005831039510667324,32.40563201904297,0,384,0.2973032295703888,0.9552794098854065,0.00017985964950639755,0.00016328057972714305,0.3322194516658783,9.288734872825444e-05,1.852467903518118e-05,0.00018674218154046685,0.0006433680537156761,0.0,0.0,0.0,0.6880102753639221,0.22255611419677734,6.0315680457279086e-05,0.0,0.0,"-1,-0.3816241,-0.1593223,0,0.1593223,0.3816241,1",
1,2048,transformer.h.3.attn.c_attn.weight,transformer.h.3.attn.c_attn.weight,"(1152, 384)",4,lloyd_global,0.2773413360118866,0.9610285758972168,0.16686224937438965,0.986006498336792,0.5902268290519714,0.929299533367157,1.0506216287612915,0.6075096726417542,0.8859929442405701,0.0006285569397732615,0.0034694159403443336,1129.3817138671875,205,384,0.2773413360118866,0.9610285758972168,3.4651424357434735e-05,7.440079571097158e-06,0.31957104802131653,1.4885110431350768e-05,2.9871134756831452e-06,3.4936118026962504e-05,0.0001120700835599564,0.0013765305047854781,0.6659291386604309,0.6673056483268738,0.3849262595176697,0.4732832610607147,0.08906128257513046,2.0909342310915235e-06,0.0010115387849509716,"-1,-0.4151953,-0.1762106,0,0.1762106,0.4151953,1",
1,2048,transformer.h.3.attn.c_attn.weight,transformer.h.3.attn.c_attn.weight,"(1152, 384)",4,lloyd_per_tensor_oracle,0.2772900462150574,0.961045503616333,0.16683122515678406,0.9860112071037292,0.5903992652893066,0.9290607571601868,1.0505311489105225,,,0.0006285569397732615,0.0034694159403443336,1129.3817138671875,205,384,0.2772900462150574,0.961045503616333,3.464649853412993e-05,7.4394683906575665e-06,0.32064029574394226,1.4885110431350768e-05,2.9871134756831452e-06,3.4910284739453346e-05,0.00011240322783123702,0.0013976310146972537,0.6651777625083923,0.6665753722190857,0.38519588112831116,0.4728105068206787,0.0891345962882042,2.122053501807386e-06,0.0010099537903442979,"-1,-0.4146125,-0.1768636,0,0.1768636,0.4146125,1",
1,2048,transformer.h.3.attn.c_attn.weight,transformer.h.3.attn.c_attn.weight,"(1152, 384)",8,lloyd_global,0.2768193483352661,0.9612330794334412,0.14489319920539856,0.989465057849884,0.6182063817977905,0.9000433087348938,1.0566734075546265,0.6357240080833435,0.8535543084144592,0.0005482053384184837,0.002525732386857271,1129.3817138671875,205,384,0.2768193483352661,0.9612330794334412,3.064492193516344e-05,6.98690018907655e-06,0.31885668635368347,1.2988546586711891e-05,2.606325324450154e-06,3.068564546993002e-05,9.879017306957394e-05,0.00153227592818439,0.6686946153640747,0.6702269315719604,0.3905802071094513,0.47191742062568665,0.0890030786395073,1.7314272326984792e-06,0.0007556054624728858,"-1,-0.4198408,-0.1791116,0,0.1791116,0.4198408,1",
1,2048,transformer.h.3.attn.c_attn.weight,transformer.h.3.attn.c_attn.weight,"(1152, 384)",8,lloyd_per_tensor_oracle,0.276839941740036,0.9612060189247131,0.14490115642547607,0.9894626140594482,0.6178013682365417,0.9003421068191528,1.056309461593628,,,0.0005482053384184837,0.002525732386857271,1129.3817138671875,205,384,0.276839941740036,0.9612060189247131,3.0577375582652166e-05,6.9596990215359256e-06,0.31792759895324707,1.2988546586711891e-05,2.606325324450154e-06,3.0508674171869643e-05,0.00010025258961832151,0.0015319595113396645,0.6671490669250488,0.6686810255050659,0.3895450234413147,0.471366822719574,0.0884975716471672,1.7324434793408727e-06,0.0007544573163613677,"-1,-0.4169291,-0.178529,0,0.178529,0.4169291,1",
1,2048,transformer.h.3.attn.c_proj.weight,transformer.h.3.attn.c_proj.weight,"(384, 384)",4,lloyd_global,0.2968088984489441,0.9560067057609558,0.18022410571575165,0.9837747812271118,0.5907109379768372,0.929226815700531,1.0515809059143066,0.5585724115371704,0.9396052956581116,0.003145612310618162,0.004692930728197098,121362.171875,152,384,0.2968088984489441,0.9560067057609558,0.00016247903113253415,0.00015192758291959763,0.3433702290058136,7.959928188938648e-05,1.5981446267687716e-05,0.00017244178161490709,0.00048297655303031206,0.001112614176236093,0.6044944524765015,0.6056070327758789,0.3458569645881653,0.46829184889793396,0.16227766871452332,6.432722784666112e-06,0.0034949625842273235,"-1,-0.4151953,-0.1762106,0,0.1762106,0.4151953,1",
1,2048,transformer.h.3.attn.c_proj.weight,transformer.h.3.attn.c_proj.weight,"(384, 384)",4,lloyd_per_tensor_oracle,0.2912810742855072,0.9570374488830566,0.1768718957901001,0.9842989444732666,0.5973001718521118,0.9215608835220337,1.0512170791625977,,,0.003145612310618162,0.004692930728197098,121362.171875,152,384,0.2912810742855072,0.9570374488830566,0.0001546397979836911,0.00014103867579251528,0.31451416015625,7.959928188938648e-05,1.5981446267687716e-05,0.00015887954214122146,0.00057749985717237,0.000986541504971683,0.5869671702384949,0.5879536867141724,0.3404034376144409,0.46091610193252563,0.15763942897319794,5.49333935850882e-06,0.0032683974131941795,"-1,-0.3756007,-0.1604223,0,0.1604223,0.3756007,1",
1,2048,transformer.h.3.attn.c_proj.weight,transformer.h.3.attn.c_proj.weight,"(384, 384)",8,lloyd_global,0.29719704389572144,0.955862820148468,0.1587487906217575,0.9874141216278076,0.6211371421813965,0.8952592611312866,1.0539172887802124,0.5892574787139893,0.9063580632209778,0.0027626280207186937,0.0034545972011983395,121362.171875,152,384,0.29719704389572144,0.955862820148468,0.0001436290331184864,0.00013497326290234923,0.3473714292049408,6.925303023308516e-05,1.4041457689017989e-05,0.0001529547880636528,0.0004192497581243515,0.0010803138138726354,0.6074216365814209,0.6085019111633301,0.34772542119026184,0.4647185802459717,0.16322128474712372,4.845289822696941e-06,0.002724332269281149,"-1,-0.4198408,-0.1791116,0,0.1791116,0.4198408,1",
1,2048,transformer.h.3.attn.c_proj.weight,transformer.h.3.attn.c_proj.weight,"(384, 384)",8,lloyd_per_tensor_oracle,0.2915058434009552,0.956962525844574,0.15570783615112305,0.9878416657447815,0.6259558796882629,0.8901339173316956,1.0550894737243652,,,0.0027626280207186937,0.0034545972011983395,121362.171875,152,384,0.2915058434009552,0.956962525844574,0.00013645489525515586,0.00012503014295361936,0.3162367045879364,6.925303023308516e-05,1.4041457689017989e-05,0.0001404864597134292,0.0005085229640826583,0.0011432712199166417,0.5886016488075256,0.5897449254989624,0.3430021107196808,0.45681270956993103,0.1576654613018036,4.93315428684582e-06,0.002539784647524357,"-1,-0.3780257,-0.162345,0,0.162345,0.3780257,1",
1,2048,transformer.h.3.mlp.w1.weight,transformer.h.3.mlp.w1.weight,"(1024, 384)",4,lloyd_global,0.29497939348220825,0.9562574028968811,0.24983486533164978,0.9686679840087891,0.8717182278633118,0.5109878182411194,1.0166066884994507,0.8660611510276794,0.5175794363021851,0.0013045581290498376,0.0023174781817942858,56.48988723754883,0,384,0.29497939348220825,0.9562574028968811,6.895621481817216e-05,6.226389086805284e-05,0.3432871401309967,3.338241731398739e-05,6.7114333432982676e-06,7.148653821786866e-05,0.00020319658506195992,0.0,0.0,0.0,0.6697916984558105,0.2622542381286621,0.0008817187626846135,0.0,0.0,"-1,-0.4151953,-0.1762106,0,0.1762106,0.4151953,1",
1,2048,transformer.h.3.mlp.w1.weight,transformer.h.3.mlp.w1.weight,"(1024, 384)",4,lloyd_per_tensor_oracle,0.29396045207977295,0.9563887715339661,0.24897216260433197,0.9688008427619934,0.8724247217178345,0.5095146894454956,1.0163710117340088,,,0.0013045581290498376,0.0023174781817942858,56.48988723754883,0,384,0.29396045207977295,0.9563887715339661,6.808689795434475e-05,6.086481153033674e-05,0.3318074643611908,3.338241731398739e-05,6.7114333432982676e-06,6.983365165069699e-05,0.00021308442228473723,0.0,0.0,0.0,0.6606056094169617,0.26084697246551514,0.0009181124623864889,0.0,0.0,"-1,-0.4051973,-0.1697948,0,0.1697948,0.4051973,1",
1,2048,transformer.h.3.mlp.w1.weight,transformer.h.3.mlp.w1.weight,"(1024, 384)",8,lloyd_global,0.2946045398712158,0.9564567804336548,0.23391973972320557,0.9725726842880249,0.8839265704154968,0.4854404330253601,1.0142003297805786,0.8776555061340332,0.49467065930366516,0.0012217313051223755,0.0020823196973651648,56.48988723754883,0,384,0.2946045398712158,0.9564567804336548,6.494728586403653e-05,5.915589281357825e-05,0.34573110938072205,3.122044290648773e-05,6.2985254771774635e-06,6.764906720491126e-05,0.00018543595797382295,0.0,0.0,0.0,0.6768883466720581,0.2618476450443268,0.0008960605482570827,0.0,0.0,"-1,-0.4198408,-0.1791116,0,0.1791116,0.4198408,1",
1,2048,transformer.h.3.mlp.w1.weight,transformer.h.3.mlp.w1.weight,"(1024, 384)",8,lloyd_per_tensor_oracle,0.2926376760005951,0.9567849040031433,0.23235464096069336,0.9728353023529053,0.8851702809333801,0.482748419046402,1.013867974281311,,,0.0012217313051223755,0.0020823196973651648,56.48988723754883,0,384,0.2926376760005951,0.9567849040031433,6.355880032060668e-05,5.690992111340165e-05,0.32695260643959045,3.122044290648773e-05,6.2985254771774635e-06,6.504491466330364e-05,0.0002009197196457535,0.0,0.0,0.0,0.6621948480606079,0.25908082723617554,0.0008765544625930488,0.0,0.0,"-1,-0.4032072,-0.1688389,0,0.1688389,0.4032072,1",
1,2048,transformer.h.3.mlp.w2.weight,transformer.h.3.mlp.w2.weight,"(1024, 384)",4,lloyd_global,0.30152520537376404,0.9543645977973938,0.2545427680015564,0.9675368666648865,0.8648532032966614,0.5245034098625183,1.016724944114685,0.8582165837287903,0.5325173735618591,0.001309400424361229,0.0034704208374023438,59.857582092285156,0,384,0.30152520537376404,0.9543645977973938,6.833702354924753e-05,6.119493627920747e-05,0.35487112402915955,3.4211592719657347e-05,6.949983799131587e-06,7.13825793354772e-05,0.00019850740500260144,0.0,0.0,0.0,0.6648644208908081,0.271912157535553,0.0009481855668127537,0.0,0.0,"-1,-0.4151953,-0.1762106,0,0.1762106,0.4151953,1",
1,2048,transformer.h.3.mlp.w2.weight,transformer.h.3.mlp.w2.weight,"(1024, 384)",4,lloyd_per_tensor_oracle,0.29945260286331177,0.9547697305679321,0.25279346108436584,0.9678478837013245,0.8663091659545898,0.5212786197662354,1.0153489112854004,,,0.001309400424361229,0.0034704208374023438,59.857582092285156,0,384,0.29945260286331177,0.9547697305679321,6.70672525302507e-05,5.925648656557314e-05,0.33766937255859375,3.4211592719657347e-05,6.949983799131587e-06,6.909771036589518e-05,0.0002107699547195807,0.0,0.0,0.0,0.6516629457473755,0.2701944410800934,0.000992569257505238,0.0,0.0,"-1,-0.4025053,-0.1666968,0,0.1666968,0.4025053,1",
1,2048,transformer.h.3.mlp.w2.weight,transformer.h.3.mlp.w2.weight,"(1024, 384)",8,lloyd_global,0.29902949929237366,0.9551374912261963,0.237507164478302,0.9717465043067932,0.8778133392333984,0.49841612577438354,1.0155205726623535,0.8708035945892334,0.5083339214324951,0.0012135702418163419,0.002920684404671192,59.857582092285156,0,384,0.29902949929237366,0.9551374912261963,6.403393490472808e-05,5.767925176769495e-05,0.35307058691978455,3.158509935019538e-05,6.358289283525664e-06,6.688463327009231e-05,0.00018130012904293835,0.0,0.0,0.0,0.6631255745887756,0.27349722385406494,0.00106272310949862,0.0,0.0,"-1,-0.4198408,-0.1791116,0,0.1791116,0.4198408,1",
1,2048,transformer.h.3.mlp.w2.weight,transformer.h.3.mlp.w2.weight,"(1024, 384)",8,lloyd_per_tensor_oracle,0.2968190610408783,0.9554982781410217,0.23575188219547272,0.9720436334609985,0.8790811896324158,0.49572840332984924,1.0151662826538086,,,0.0012135702418163419,0.002920684404671192,59.857582092285156,0,384,0.2968190610408783,0.9554982781410217,6.272524478845298e-05,5.5669584980932996e-05,0.33443960547447205,3.158509935019538e-05,6.358289283525664e-06,6.448436761274934e-05,0.0001945644908118993,0.0,0.0,0.0,0.6492570042610168,0.26980337500572205,0.0013251927448436618,0.0,0.0,"-1,-0.4053526,-0.1686276,0,0.1686276,0.4053526,1",
1,2048,transformer.h.3.mlp.c_proj.weight,transformer.h.3.mlp.c_proj.weight,"(384, 1024)",4,lloyd_global,0.307449072599411,0.9528610706329346,0.2762587070465088,0.9619323015213013,0.8803394436836243,0.4926573634147644,1.0133752822875977,0.8801212310791016,0.48966184258461,0.003761712461709976,0.005482838489115238,29.204782485961914,0,384,0.307449072599411,0.9528610706329346,0.0001910712308017537,0.00017838767962530255,0.37533822655677795,9.530498209642246e-05,1.9292529032099992e-05,0.00020604408928193152,0.0005691464175470173,0.0,0.0,0.0,0.7228149771690369,0.2241966873407364,0.0,0.0,0.0,"-1,-0.4151953,-0.1762106,0,0.1762106,0.4151953,1",
1,2048,transformer.h.3.mlp.c_proj.weight,transformer.h.3.mlp.c_proj.weight,"(384, 1024)",4,lloyd_per_tensor_oracle,0.3006533682346344,0.9542516469955444,0.2701552212238312,0.9631523489952087,0.8845044374465942,0.4836037755012512,1.0118212699890137,,,0.003761712461709976,0.005482838489115238,29.204782485961914,0,384,0.3006533682346344,0.9542516469955444,0.00018092681420966983,0.00016351585509255528,0.33609771728515625,9.530498209642246e-05,1.9292529032099992e-05,0.00018874176021199673,0.0006784761208109558,0.0,0.0,0.0,0.6881306767463684,0.22034309804439545,0.0,0.0,0.0,"-1,-0.3758484,-0.1559913,0,0.1559913,0.3758484,1",
1,2048,transformer.h.3.mlp.c_proj.weight,transformer.h.3.mlp.c_proj.weight,"(384, 1024)",8,lloyd_global,0.3020881116390228,0.9544626474380493,0.2562573552131653,0.9672175049781799,0.8929731249809265,0.4654310941696167,1.011370062828064,0.892314612865448,0.46409329771995544,0.0034294358920305967,0.005191722419112921,29.204782485961914,0,384,0.3020881116390228,0.9544626474380493,0.00017760957416612655,0.000166107842233032,0.3646596372127533,8.684049680596218e-05,1.7352667782688513e-05,0.00019012684060726315,0.0005109707126393914,0.0,0.0,0.0,0.7227456569671631,0.2235945761203766,0.0,0.0,0.0,"-1,-0.4198408,-0.1791116,0,0.1791116,0.4198408,1",
1,2048,transformer.h.3.mlp.c_proj.weight,transformer.h.3.mlp.c_proj.weight,"(384, 1024)",8,lloyd_per_tensor_oracle,0.29591670632362366,0.9556586742401123,0.2510213553905487,0.9682188034057617,0.8967721462249756,0.4571797847747803,1.011667251586914,,,0.0034294358920305967,0.005191722419112921,29.204782485961914,0,384,0.29591670632362366,0.9556586742401123,0.00016854617570061237,0.00015313387848436832,0.3274434506893158,8.684049680596218e-05,1.7352667782688513e-05,0.0001743872562656179,0.000611533469054848,0.0,0.0,0.0,0.6915739178657532,0.2156921774148941,0.0,0.0,0.0,"-1,-0.381191,-0.1594348,0,0.1594348,0.381191,1",
1,2048,transformer.h.4.attn.c_attn.weight,transformer.h.4.attn.c_attn.weight,"(1152, 384)",4,lloyd_global,0.28028133511543274,0.9602363109588623,0.18195579946041107,0.9833722114562988,0.6125547289848328,0.9011226296424866,1.045269250869751,0.6318532824516296,0.8580788373947144,0.0007890358101576567,0.004422653000801802,1075.312744140625,187,384,0.28028133511543274,0.9602363109588623,4.3228352296864614e-05,5.495662662724499e-06,0.31585919857025146,1.9739447452593595e-05,3.965137238992611e-06,4.329783405410126e-05,0.00014298615860752761,0.0006825304008089006,0.5749468207359314,0.5756293535232544,0.3603307902812958,0.48521918058395386,0.1079150140285492,1.933865632963716e-06,0.0016290409257635474,"-1,-0.4151953,-0.1762106,0,0.1762106,0.4151953,1",
1,2048,transformer.h.4.attn.c_attn.weight,transformer.h.4.attn.c_attn.weight,"(1152, 384)",4,lloyd_per_tensor_oracle,0.2803279459476471,0.9601755142211914,0.1819877326488495,0.9833585619926453,0.6128751039505005,0.9005340337753296,1.0448187589645386,,,0.0007890358101576567,0.004422653000801802,1075.312744140625,187,384,0.2803279459476471,0.9601755142211914,4.309562427806668e-05,5.462788976728916e-06,0.31592926383018494,1.9739447452593595e-05,3.965137238992611e-06,4.293577148928307e-05,0.00014641761663369834,0.0007070954306982458,0.5734483599662781,0.5741555094718933,0.35834214091300964,0.4834671914577484,0.10841406881809235,2.0049662907695165e-06,0.0016260106349363923,"-1,-0.4103523,-0.1762476,0,0.1762476,0.4103523,1",
1,2048,transformer.h.4.attn.c_attn.weight,transformer.h.4.attn.c_attn.weight,"(1152, 384)",8,lloyd_global,0.2806206941604614,0.9602126479148865,0.1577211618423462,0.9875394701957703,0.646524965763092,0.8637979030609131,1.0516630411148071,0.6647868156433105,0.8187990188598633,0.0006969479145482183,0.004010394215583801,1075.312744140625,187,384,0.2806206941604614,0.9602126479148865,3.8162615965120494e-05,5.268646418699063e-06,0.31547263264656067,1.7445745470467955e-05,3.515325033731642e-06,3.8663063605781645e-05,0.00011468311276985332,0.0007191773038357496,0.5877523422241211,0.588471531867981,0.3612689673900604,0.4885413646697998,0.10760147124528885,1.5278158116416307e-06,0.001248617423698306,"-1,-0.4198408,-0.1791116,0,0.1791116,0.4198408,1",
1,2048,transformer.h.4.attn.c_attn.weight,transformer.h.4.attn.c_attn.weight,"(1152, 384)",8,lloyd_per_tensor_oracle,0.2803373634815216,0.9602087140083313,0.15756699442863464,0.9875543117523193,0.6468272805213928,0.8635255694389343,1.0518698692321777,,,0.0006969479145482183,0.004010394215583801,1075.312744140625,187,384,0.2803373634815216,0.9602087140083313,3.789820766542107e-05,5.2139253057248425e-06,0.31244799494743347,1.7445745470467955e-05,3.515325033731642e-06,3.803326762863435e-05,0.00011981576244579628,0.0007201546104624867,0.5820184350013733,0.5827385783195496,0.35957565903663635,0.485148161649704,0.10775087773799896,1.528721099930408e-06,0.0012354900827631354,"-1,-0.4113513,-0.1773214,0,0.1773214,0.4113513,1",
1,2048,transformer.h.4.attn.c_proj.weight,transformer.h.4.attn.c_proj.weight,"(384, 384)",4,lloyd_global,0.34681394696235657,0.9408298134803772,0.21505166590213776,0.9770357608795166,0.5597062110900879,0.9650967121124268,1.054357886314392,0.5243030190467834,0.9753955006599426,0.00483144773170352,0.006623729132115841,68777.5859375,150,384,0.34681394696235657,0.9408298134803772,0.0002340110659133643,0.00021978525910526514,0.4797295331954956,0.0001207662426168099,2.454009336361196e-05,0.00026551043265499175,0.0007813876145519316,0.0010940582724288106,0.5786738991737366,0.5797679424285889,0.33412444591522217,0.46738705039024353,0.17837762832641602,1.3105230209475849e-05,0.006931672804057598,"-1,-0.4151953,-0.1762106,0,0.1762106,0.4151953,1",
1,2048,transformer.h.4.attn.c_proj.weight,transformer.h.4.attn.c_proj.weight,"(384, 384)",4,lloyd_per_tensor_oracle,0.32823288440704346,0.9454278349876404,0.20352625846862793,0.9792002439498901,0.5806059837341309,0.9438616037368774,1.058073878288269,,,0.00483144773170352,0.006623729132115841,68777.5859375,150,384,0.32823288440704346,0.9454278349876404,0.00020850016153417528,0.0001844401704147458,0.3828125,0.0001207662426168099,2.454009336361196e-05,0.00022395237465389073,0.0009454888640902936,0.0008635185658931732,0.5392844080924988,0.5401479601860046,0.32565414905548096,0.4501287639141083,0.177529975771904,9.265038897865452e-06,0.005786200053989887,"-1,-0.3670315,-0.1364582,0,0.1364582,0.3670315,1",
1,2048,transformer.h.4.attn.c_proj.weight,transformer.h.4.attn.c_proj.weight,"(384, 384)",8,lloyd_global,0.34232956171035767,0.942399263381958,0.18791350722312927,0.9824451804161072,0.5888180732727051,0.9340385794639587,1.0569355487823486,0.5529677867889404,0.9455507397651672,0.0041716694831848145,0.005834605544805527,68777.5859375,150,384,0.34232956171035767,0.942399263381958,0.00020524251158349216,0.0001943386159837246,0.4661322832107544,0.00010451600974192843,2.147252598660998e-05,0.00023141640122048557,0.0006570423138327897,0.0008288936805911362,0.5835081934928894,0.5843371152877808,0.3378998041152954,0.4656331241130829,0.17773310840129852,7.580882083857432e-06,0.0053366394713521,"-1,-0.4198408,-0.1791116,0,0.1791116,0.4198408,1",
1,2048,transformer.h.4.attn.c_proj.weight,transformer.h.4.attn.c_proj.weight,"(384, 384)",8,lloyd_per_tensor_oracle,0.3242241442203522,0.9467658400535583,0.1779821664094925,0.9841123223304749,0.6122104525566101,0.9081425666809082,1.0588911771774292,,,0.0041716694831848145,0.005834605544805527,68777.5859375,150,384,0.3242241442203522,0.9467658400535583,0.00018225586973130703,0.00016174089978449047,0.3712632954120636,0.00010451600974192843,2.147252598660998e-05,0.00019382663595024496,0.0008334694430232048,0.0008805965189822018,0.5390510559082031,0.5399316549301147,0.3244060277938843,0.45171287655830383,0.17790766060352325,7.224350156320725e-06,0.004422335885465145,"-1,-0.360073,-0.1383129,0,0.1383129,0.360073,1",
1,2048,transformer.h.4.mlp.w1.weight,transformer.h.4.mlp.w1.weight,"(1024, 384)",4,lloyd_global,0.2982881963253021,0.9554064273834229,0.2546279728412628,0.9675433039665222,0.8640819787979126,0.5263296961784363,1.0178743600845337,0.8572853207588196,0.534265398979187,0.0014284580247476697,0.0027334217447787523,50.465919494628906,0,384,0.2982881963253021,0.9554064273834229,7.464646478183568e-05,6.780707917641848e-05,0.3490498960018158,3.6846067814622074e-05,7.3943724601122085e-06,7.820095925126225e-05,0.0002158831339329481,0.0,0.0,0.0,0.667141854763031,0.27136752009391785,0.0008548666955903172,0.0,0.0,"-1,-0.4151953,-0.1762106,0,0.1762106,0.4151953,1",
1,2048,transformer.h.4.mlp.w1.weight,transformer.h.4.mlp.w1.weight,"(1024, 384)",4,lloyd_per_tensor_oracle,0.2958463430404663,0.9557927846908569,0.2525458037853241,0.9679017663002014,0.865760862827301,0.5229924321174622,1.0175886154174805,,,0.0014284580247476697,0.0027334217447787523,50.465919494628906,0,384,0.2958463430404663,0.9557927846908569,7.291397923836485e-05,6.514175038319081e-05,0.3303934633731842,3.6846067814622074e-05,7.3943724601122085e-06,7.501694926759228e-05,0.00023503275588154793,0.0,0.0,0.0,0.6496824026107788,0.26937776803970337,0.0008353341254405677,0.0,0.0,"-1,-0.3971924,-0.1658097,0,0.1658097,0.3971924,1",
1,2048,transformer.h.4.mlp.w1.weight,transformer.h.4.mlp.w1.weight,"(1024, 384)",8,lloyd_global,0.29931923747062683,0.9550841450691223,0.23854129016399384,0.9715218544006348,0.876177966594696,0.5019720196723938,1.016378402709961,0.8696516752243042,0.5105952620506287,0.0013310484355315566,0.0027828137390315533,50.465919494628906,0,384,0.29931923747062683,0.9550841450691223,7.007329259067774e-05,6.35333126410842e-05,0.35006460547447205,3.460312291281298e-05,6.996921456448035e-06,7.35502180759795e-05,0.00019455958681646734,0.0,0.0,0.0,0.6666626334190369,0.2701948285102844,0.000604710599873215,0.0,0.0,"-1,-0.4198408,-0.1791116,0,0.1791116,0.4198408,1",
1,2048,transformer.h.4.mlp.w1.weight,transformer.h.4.mlp.w1.weight,"(1024, 384)",8,lloyd_per_tensor_oracle,0.2964194416999817,0.9555945992469788,0.2362293004989624,0.9719316363334656,0.8781266808509827,0.4975162148475647,1.014567494392395,,,0.0013310484355315566,0.0027828137390315533,50.465919494628906,0,384,0.2964194416999817,0.9555945992469788,6.830794154666364e-05,6.0937542002648115e-05,0.3291676938533783,3.460312291281298e-05,6.996921456448035e-06,7.031182030914351e-05,0.00021383308921940625,0.0,0.0,0.0,0.6496551036834717,0.26578208804130554,0.0006753885536454618,0.0,0.0,"-1,-0.4005364,-0.1675795,0,0.1675795,0.4005364,1",
1,2048,transformer.h.4.mlp.w2.weight,transformer.h.4.mlp.w2.weight,"(1024, 384)",4,lloyd_global,0.30168741941452026,0.9542554616928101,0.260532945394516,0.9659302234649658,0.8580700755119324,0.5379394888877869,1.0182373523712158,0.8514202237129211,0.5451342463493347,0.0014289728133007884,0.002771450439468026,46.56679916381836,0,384,0.30168741941452026,0.9542554616928101,7.432757411152124e-05,6.66006380924955e-05,0.3576151430606842,3.71037567674648e-05,7.519632617913885e-06,7.807241490809247e-05,0.00021588828531093895,0.0,0.0,0.0,0.6534503698348999,0.2791253924369812,0.0004671869392041117,0.0,0.0,"-1,-0.4151953,-0.1762106,0,0.1762106,0.4151953,1",
1,2048,transformer.h.4.mlp.w2.weight,transformer.h.4.mlp.w2.weight,"(1024, 384)",4,lloyd_per_tensor_oracle,0.29951027035713196,0.9546213746070862,0.25865134596824646,0.9662663340568542,0.8595271706581116,0.5350030660629272,1.017647385597229,,,0.0014289728133007884,0.002771450439468026,46.56679916381836,0,384,0.29951027035713196,0.9546213746070862,7.27895530872047e-05,6.431154906749725e-05,0.3395843505859375,3.71037567674648e-05,7.519632617913885e-06,7.525659020757303e-05,0.00023232183593790978,0.0,0.0,0.0,0.639495313167572,0.27457141876220703,0.0004805480130016804,0.0,0.0,"-1,-0.3997626,-0.1663097,0,0.1663097,0.3997626,1",
1,2048,transformer.h.4.mlp.w2.weight,transformer.h.4.mlp.w2.weight,"(1024, 384)",8,lloyd_global,0.2982295751571655,0.9553642868995667,0.2401740849018097,0.9710979461669922,0.8739452958106995,0.5062500238418579,1.0155689716339111,0.8667569160461426,0.5162331461906433,0.0013047169195488095,0.0026756185106933117,46.56679916381836,0,384,0.2982295751571655,0.9553642868995667,6.881346780573949e-05,6.222109368536621e-05,0.35341644287109375,3.358175672474317e-05,6.805402790632797e-06,7.211462070699781e-05,0.00019611052994150668,0.0,0.0,0.0,0.6571096777915955,0.28048962354660034,0.0006572459824383259,0.0,0.0,"-1,-0.4198408,-0.1791116,0,0.1791116,0.4198408,1",
1,2048,transformer.h.4.mlp.w2.weight,transformer.h.4.mlp.w2.weight,"(1024, 384)",8,lloyd_per_tensor_oracle,0.2957034409046173,0.9558167457580566,0.23814024031162262,0.9714516997337341,0.8759862184524536,0.502095103263855,1.0154224634170532,,,0.0013047169195488095,0.0026756185106933117,46.56679916381836,0,384,0.2957034409046173,0.9558167457580566,6.708934961352497e-05,5.951488856226206e-05,0.332275390625,3.358175672474317e-05,6.805402790632797e-06,6.892666715430096e-05,0.00021504791220650077,0.0,0.0,0.0,0.6419344544410706,0.2753151059150696,0.0004747023922391236,0.0,0.0,"-1,-0.4006561,-0.1673488,0,0.1673488,0.4006561,1",
1,2048,transformer.h.4.mlp.c_proj.weight,transformer.h.4.mlp.c_proj.weight,"(384, 1024)",4,lloyd_global,0.3198058009147644,0.9493001699447632,0.2692626416683197,0.9639924168586731,0.8739441633224487,0.5062516331672668,1.0155673027038574,0.8720343708992004,0.5059064626693726,0.0041262004524469376,0.006492123939096928,46.76729965209961,0,384,0.3198058009147644,0.9493001699447632,0.000205021642614156,0.00019203251576982439,0.4057718813419342,0.00010437751916470006,2.1131523681106046e-05,0.00022615774651058018,0.0006121891783550382,0.0,0.0,0.0,0.7259793281555176,0.22783824801445007,0.0005914908251725137,0.0,0.0,"-1,-0.4151953,-0.1762106,0,0.1762106,0.4151953,1",
1,2048,transformer.h.4.mlp.c_proj.weight,transformer.h.4.mlp.c_proj.weight,"(384, 1024)",4,lloyd_per_tensor_oracle,0.3068394660949707,0.952263355255127,0.25834184885025024,0.9662982821464539,0.8824843168258667,0.48843052983283997,1.0141273736953735,,,0.0041262004524469376,0.006492123939096928,46.76729965209961,0,384,0.3068394660949707,0.952263355255127,0.00018822633137460798,0.0001692440710030496,0.34447479248046875,0.00010437751916470006,2.1131523681106046e-05,0.0001987487485166639,0.000775656255427748,0.0,0.0,0.0,0.6794927716255188,0.22093544900417328,0.0003956677101086825,0.0,0.0,"-1,-0.3607785,-0.1470015,0,0.1470015,0.3607785,1",
1,2048,transformer.h.4.mlp.c_proj.weight,transformer.h.4.mlp.c_proj.weight,"(384, 1024)",8,lloyd_global,0.310569167137146,0.9521252512931824,0.2458040863275528,0.969928503036499,0.8904756903648376,0.47156447172164917,1.0141983032226562,0.8885757923126221,0.4720790386199951,0.003690344048663974,0.005457203835248947,46.76729965209961,0,384,0.310569167137146,0.9521252512931824,0.00018739573715720326,0.00017619259597267956,0.389556884765625,9.299196972278878e-05,1.904507735162042e-05,0.00020431471057236195,0.0005462856497615576,0.0,0.0,0.0,0.731309711933136,0.22281254827976227,0.0004854376311413944,0.0,0.0,"-1,-0.4198408,-0.1791116,0,0.1791116,0.4198408,1",
1,2048,transformer.h.4.mlp.c_proj.weight,transformer.h.4.mlp.c_proj.weight,"(384, 1024)",8,lloyd_per_tensor_oracle,0.30058544874191284,0.9541752338409424,0.23789916932582855,0.971469521522522,0.8966692090034485,0.45762041211128235,1.0125077962875366,,,0.003690344048663974,0.005457203835248947,46.76729965209961,0,384,0.30058544874191284,0.9541752338409424,0.00017402299272362143,0.00015723536489531398,0.33796438574790955,9.299196972278878e-05,1.904507735162042e-05,0.00018195444135926664,0.0006856825202703476,0.0,0.0,0.0,0.6835383176803589,0.21895401179790497,0.00037987696123309433,0.0,0.0,"-1,-0.369454,-0.1528491,0,0.1528491,0.369454,1",
1,2048,transformer.h.5.attn.c_attn.weight,transformer.h.5.attn.c_attn.weight,"(1152, 384)",4,lloyd_global,0.28127071261405945,0.9600592851638794,0.20817211270332336,0.9782077074050903,0.5296681523323059,1.003890872001648,1.0666449069976807,0.5158175826072693,0.9840566515922546,0.0004868950345553458,0.002105003222823143,971.0003051757812,184,384,0.28127071261405945,0.9600592851638794,2.6329529646318406e-05,3.430042852414772e-06,0.32825610041618347,1.122240792028606e-05,2.2578929019800853e-06,2.7089232389698736e-05,9.15162599994801e-05,0.0008584241149947047,0.6264692544937134,0.6273276805877686,0.36056074500083923,0.47589564323425293,0.1196715384721756,8.377894573641242e-07,0.0006114103016443551,"-1,-0.4151953,-0.1762106,0,0.1762106,0.4151953,1",
1,2048,transformer.h.5.attn.c_attn.weight,transformer.h.5.attn.c_attn.weight,"(1152, 384)",4,lloyd_per_tensor_oracle,0.28092360496520996,0.9599267840385437,0.20791250467300415,0.9782024621963501,0.5290616154670715,1.0049817562103271,1.0674792528152466,,,0.0004868950345553458,0.002105003222823143,971.0003051757812,184,384,0.28092360496520996,0.9599267840385437,2.5883431590045802e-05,3.3285868994425982e-06,0.31703469157218933,1.122240792028606e-05,2.2578929019800853e-06,2.6105040888069198e-05,0.00010043050860986114,0.000801459769718349,0.6169321537017822,0.6177335977554321,0.3521295487880707,0.46765443682670593,0.12046319991350174,7.82442839408759e-07,0.000602293701376766,"-1,-0.3959626,-0.169618,0,0.169618,0.3959626,1",
1,2048,transformer.h.5.attn.c_attn.weight,transformer.h.5.attn.c_attn.weight,"(1152, 384)",8,lloyd_global,0.27629706263542175,0.9613173604011536,0.17145811021327972,0.9852265119552612,0.5704624056816101,0.9629461765289307,1.0731450319290161,0.5605703592300415,0.9374765753746033,0.0003867564373649657,0.0019631520844995975,971.0003051757812,184,384,0.27629706263542175,0.9613173604011536,2.1805653886985965e-05,3.2514881240786053e-06,0.31970441341400146,8.673088814248331e-06,1.7559300431457814e-06,2.1755293346359394e-05,8.008081204025075e-05,0.0009996577864512801,0.6258143782615662,0.626814067363739,0.3546912372112274,0.47099068760871887,0.12144801765680313,6.632916438320535e-07,0.00041523954132571816,"-1,-0.4198408,-0.1791116,0,0.1791116,0.4198408,1",
1,2048,transformer.h.5.attn.c_attn.weight,transformer.h.5.attn.c_attn.weight,"(1152, 384)",8,lloyd_per_tensor_oracle,0.2769077718257904,0.9610621929168701,0.17183591425418854,0.9851504564285278,0.5713555812835693,0.9615404009819031,1.072358250617981,,,0.0003867564373649657,0.0019631520844995975,971.0003051757812,184,384,0.2769077718257904,0.9610621929168701,2.161192605854012e-05,3.195274985046126e-06,0.3124728798866272,8.673088814248331e-06,1.7559300431457814e-06,2.123608283000067e-05,8.507100574206561e-05,0.0008542371215298772,0.6224331259727478,0.6232873797416687,0.3513043224811554,0.4677836000919342,0.12073212116956711,5.710704158445878e-07,0.00041610593325458467,"-1,-0.407718,-0.1748857,0,0.1748857,0.407718,1",
1,2048,transformer.h.5.attn.c_proj.weight,transformer.h.5.attn.c_proj.weight,"(384, 384)",4,lloyd_global,0.27271369099617004,0.962216854095459,0.19006898999214172,0.9818017482757568,0.577057957649231,0.9525810480117798,1.0673682689666748,0.540523111820221,0.9579982161521912,0.002015445614233613,0.0025702109560370445,394084.21875,130,384,0.27271369099617004,0.962216854095459,0.00011524726141942665,0.00010469532571732998,0.2677476704120636,5.0578943046275526e-05,1.020976560539566e-05,0.00011135327804367989,0.0003278847725596279,0.0010296071413904428,0.5319544076919556,0.5329840183258057,0.31606778502464294,0.44774940609931946,0.18555215001106262,3.158878826070577e-06,0.001632058760151267,"-1,-0.4151953,-0.1762106,0,0.1762106,0.4151953,1",
1,2048,transformer.h.5.attn.c_proj.weight,transformer.h.5.attn.c_proj.weight,"(384, 384)",4,lloyd_per_tensor_oracle,0.2714601457118988,0.9627665877342224,0.18919490277767181,0.9820189476013184,0.5758560299873352,0.9534414410591125,1.0664259195327759,,,0.002015445614233613,0.0025702109560370445,394084.21875,130,384,0.2714601457118988,0.9627665877342224,0.00011731583072105423,0.00010945563553832471,0.2934773862361908,5.0578943046275526e-05,1.020976560539566e-05,0.0001167355731013231,0.00029239471768960357,0.0010721036233007908,0.5416941046714783,0.5427662134170532,0.32255831360816956,0.45169347524642944,0.19023588299751282,3.2590917271591024e-06,0.001646697986871004,"-1,-0.4365329,-0.1933769,0,0.1933769,0.4365329,1",
1,2048,transformer.h.5.attn.c_proj.weight,transformer.h.5.attn.c_proj.weight,"(384, 384)",8,lloyd_global,0.2701520025730133,0.9629635214805603,0.16298426687717438,0.986655056476593,0.6094080805778503,0.9166707992553711,1.0694751739501953,0.5717018842697144,0.925525426864624,0.0016879007453098893,0.002175644738599658,394084.21875,130,384,0.2701520025730133,0.9629635214805603,9.841625433182344e-05,8.85486660990864e-05,0.2628105878829956,4.2511870560701936e-05,8.51883760333294e-06,9.365690493723378e-05,0.0002704473736230284,0.0007952390005812049,0.5341975092887878,0.5349927544593811,0.3190017640590668,0.44667479395866394,0.18755879998207092,1.7936314407052123e-06,0.0012048622593283653,"-1,-0.4198408,-0.1791116,0,0.1791116,0.4198408,1",
1,2048,transformer.h.5.attn.c_proj.weight,transformer.h.5.attn.c_proj.weight,"(384, 384)",8,lloyd_per_tensor_oracle,0.2683789134025574,0.9636950492858887,0.16191649436950684,0.9868652820587158,0.6102104187011719,0.9147267937660217,1.0674633979797363,,,0.0016879007453098893,0.002175644738599658,394084.21875,130,384,0.2683789134025574,0.9636950492858887,0.0001004611694952473,9.348112507723272e-05,0.2900119423866272,4.2511870560701936e-05,8.51883760333294e-06,9.968128870241344e-05,0.00023256358690559864,0.0008733529248274863,0.5454119443893433,0.5462853312492371,0.3240308463573456,0.45713284611701965,0.1881590336561203,1.944045379786985e-06,0.0012140631442889571,"-1,-0.44745,-0.1990622,0,0.1990622,0.44745,1",
1,2048,transformer.h.5.mlp.w1.weight,transformer.h.5.mlp.w1.weight,"(1024, 384)",4,lloyd_global,0.3138452470302582,0.9507570862770081,0.2485150396823883,0.9691208004951477,0.843591570854187,0.562720775604248,1.0117888450622559,0.8341708183288574,0.5759062170982361,0.0016549654537811875,0.00459289038553834,78.87346649169922,0,384,0.3138452470302582,0.9507570862770081,8.388319838559255e-05,7.388621452264488e-05,0.38183847069740295,4.4552067265613005e-05,9.092569598578848e-06,8.944667206378654e-05,0.0002439449744997546,0.0,0.0,0.0,0.6280397176742554,0.3100859522819519,0.00431167334318161,0.0,0.0,"-1,-0.4151953,-0.1762106,0,0.1762106,0.4151953,1",
1,2048,transformer.h.5.mlp.w1.weight,transformer.h.5.mlp.w1.weight,"(1024, 384)",4,lloyd_per_tensor_oracle,0.30813127756118774,0.9520263075828552,0.24398812651634216,0.9700477719306946,0.8483978509902954,0.5535943508148193,1.0103657245635986,,,0.0016549654537811875,0.00459289038553834,78.87346649169922,0,384,0.30813127756118774,0.9520263075828552,8.049049210967496e-05,6.934357224963605e-05,0.3491414487361908,4.4552067265613005e-05,9.092569598578848e-06,8.353681187145412e-05,0.00027673738077282906,0.0,0.0,0.0,0.6083284616470337,0.3053114712238312,0.004775898065418005,0.0,0.0,"-1,-0.3876692,-0.1589602,0,0.1589602,0.3876692,1",
1,2048,transformer.h.5.mlp.w1.weight,transformer.h.5.mlp.w1.weight,"(1024, 384)",8,lloyd_global,0.300147145986557,0.9548822045326233,0.2182074934244156,0.9761992692947388,0.8693925738334656,0.5134324431419373,1.0088398456573486,0.8605074882507324,0.5282009840011597,0.0014096259837970138,0.0027200374752283096,78.87346649169922,0,384,0.300147145986557,0.9548822045326233,7.434777216985822e-05,6.630604912061244e-05,0.35685983300209045,3.6786172131542116e-05,7.398742582154227e-06,7.792744872858748e-05,0.0002090458874590695,0.0,0.0,0.0,0.6409759521484375,0.298496812582016,0.003272924805060029,0.0,0.0,"-1,-0.4198408,-0.1791116,0,0.1791116,0.4198408,1",
1,2048,transformer.h.5.mlp.w1.weight,transformer.h.5.mlp.w1.weight,"(1024, 384)",8,lloyd_per_tensor_oracle,0.29736974835395813,0.9554110169410706,0.21619054675102234,0.9765503406524658,0.8714812397956848,0.5090101957321167,1.007716178894043,,,0.0014096259837970138,0.0027200374752283096,78.87346649169922,0,384,0.29736974835395813,0.9554110169410706,7.248506153700873e-05,6.355473306030035e-05,0.3351643979549408,3.6786172131542116e-05,7.398742582154227e-06,7.449644908774644e-05,0.00022832506510894746,0.0,0.0,0.0,0.6265767216682434,0.2960437834262848,0.0034059432800859213,0.0,0.0,"-1,-0.4014412,-0.1669984,0,0.1669984,0.4014412,1",
1,2048,transformer.h.5.mlp.w2.weight,transformer.h.5.mlp.w2.weight,"(1024, 384)",4,lloyd_global,0.3168047070503235,0.949965238571167,0.26122161746025085,0.9659811854362488,0.8398241996765137,0.5703592896461487,1.0147671699523926,0.8306828737258911,0.5819323658943176,0.0016123129753395915,0.00461393129080534,64.87860870361328,0,384,0.3168047070503235,0.949965238571167,8.153884118655697e-05,7.150530291255563e-05,0.38440194725990295,4.3489315430633724e-05,8.979160156741273e-06,8.712103590369225e-05,0.00023401474754791707,0.0,0.0,0.0,0.634749710559845,0.31042560935020447,0.0028701969422399998,0.0,0.0,"-1,-0.4151953,-0.1762106,0,0.1762106,0.4151953,1",
1,2048,transformer.h.5.mlp.w2.weight,transformer.h.5.mlp.w2.weight,"(1024, 384)",4,lloyd_per_tensor_oracle,0.3102923333644867,0.9514146447181702,0.2558485269546509,0.9670746922492981,0.8443618416786194,0.5616741180419922,1.012929916381836,,,0.0016123129753395915,0.00461393129080534,64.87860870361328,0,384,0.3102923333644867,0.9514146447181702,7.811250543454662e-05,6.69668079353869e-05,0.3514200747013092,4.3489315430633724e-05,8.979160156741273e-06,8.121266728267074e-05,0.00026514646015129983,0.0,0.0,0.0,0.6103708148002625,0.30715131759643555,0.0029732570983469486,0.0,0.0,"-1,-0.3875982,-0.15873,0,0.15873,0.3875982,1",
1,2048,transformer.h.5.mlp.w2.weight,transformer.h.5.mlp.w2.weight,"(1024, 384)",8,lloyd_global,0.30504873394966125,0.95345538854599,0.23094965517520905,0.9733352661132812,0.8639665842056274,0.5248502492904663,1.011942744255066,0.8553712964057922,0.5378366708755493,0.0013983644312247634,0.002511904574930668,64.87860870361328,0,384,0.30504873394966125,0.95345538854599,7.29444800526835e-05,6.475082773249596e-05,0.3653157651424408,3.658039349829778e-05,7.4149074862361886e-06,7.707207259954885e-05,0.00020274224516469985,0.0,0.0,0.0,0.6398019194602966,0.30273792147636414,0.0024814195930957794,0.0,0.0,"-1,-0.4198408,-0.1791116,0,0.1791116,0.4198408,1",
1,2048,transformer.h.5.mlp.w2.weight,transformer.h.5.mlp.w2.weight,"(1024, 384)",8,lloyd_per_tensor_oracle,0.3009512424468994,0.9543496966362,0.22784745693206787,0.9739245176315308,0.8666832447052002,0.5192404985427856,1.0107003450393677,,,0.0013983644312247634,0.002511904574930668,64.87860870361328,0,384,0.3009512424468994,0.9543496966362,7.069474668242037e-05,6.164646038087085e-05,0.3390146791934967,3.658039349829778e-05,7.4149074862361886e-06,7.309557258849964e-05,0.00022368521604221314,0.0,0.0,0.0,0.623611330986023,0.298892080783844,0.0029507216531783342,0.0,0.0,"-1,-0.3990969,-0.1648501,0,0.1648501,0.3990969,1",
1,2048,transformer.h.5.mlp.c_proj.weight,transformer.h.5.mlp.c_proj.weight,"(384, 1024)",4,lloyd_global,0.3599608540534973,0.9372586011886597,0.25436103343963623,0.9682181477546692,0.8317911624908447,0.5856866836547852,1.0185904502868652,0.8228746056556702,0.5951966643333435,0.005059089045971632,0.00886274129152298,98.78575134277344,0,384,0.3599608540534973,0.9372586011886597,0.0002400010562269017,0.00022608425933867693,0.48424020409584045,0.00012793306086678058,2.6194549718638882e-05,0.00027860398404300213,0.0007191678741946816,0.0,0.0,0.0,0.7079772353172302,0.26077553629875183,0.002540051471441984,0.0,0.0,"-1,-0.4151953,-0.1762106,0,0.1762106,0.4151953,1",
1,2048,transformer.h.5.mlp.c_proj.weight,transformer.h.5.mlp.c_proj.weight,"(384, 1024)",4,lloyd_per_tensor_oracle,0.32333457469940186,0.9469489455223083,0.22848939895629883,0.9737319946289062,0.857954204082489,0.5362457036972046,1.0116932392120361,,,0.005059089045971632,0.00886274129152298,98.78575134277344,0,384,0.32333457469940186,0.9469489455223083,0.00020023132674396038,0.00017664747429080307,0.36402130126953125,0.00012793306086678058,2.6194549718638882e-05,0.00021579410531558096,0.0010283238952979445,0.0,0.0,0.0,0.6393754482269287,0.2547041177749634,0.0029803412035107613,0.0,0.0,"-1,-0.3221963,-0.1266303,0,0.1266303,0.3221963,1",
1,2048,transformer.h.5.mlp.c_proj.weight,transformer.h.5.mlp.c_proj.weight,"(384, 1024)",8,lloyd_global,0.3325650990009308,0.9457278251647949,0.21499809622764587,0.9770989418029785,0.8671385645866394,0.5185102224349976,1.0112661123275757,0.8586077094078064,0.5317816138267517,0.004099652636796236,0.006831415928900242,98.78575134277344,0,384,0.3325650990009308,0.9457278251647949,0.0002025250141741708,0.00019149138825014234,0.43391165137290955,0.00010356104030506685,2.1097101125633344e-05,0.00022779835853725672,0.0005908890161663294,0.0,0.0,0.0,0.7058945894241333,0.25591787695884705,0.0026983097195625305,0.0,0.0,"-1,-0.4198408,-0.1791116,0,0.1791116,0.4198408,1",
1,2048,transformer.h.5.mlp.c_proj.weight,transformer.h.5.mlp.c_proj.weight,"(384, 1024)",8,lloyd_per_tensor_oracle,0.3113182783126831,0.9508598446846008,0.20126482844352722,0.9796368479728699,0.8811848759651184,0.48917996883392334,1.0067793130874634,,,0.004099652636796236,0.006831415928900242,98.78575134277344,0,384,0.3113182783126831,0.9508598446846008,0.0001788849476724863,0.00015987380174919963,0.34936776757240295,0.00010356104030506685,2.1097101125633344e-05,0.00019016617443412542,0.0008018937660381198,0.0,0.0,0.0,0.6480700969696045,0.2511102557182312,0.0022386645432561636,0.0,0.0,"-1,-0.3472944,-0.1402778,0,0.1402778,0.3472944,1",
1,4096,transformer.h.0.attn.c_attn.weight,transformer.h.0.attn.c_attn.weight,"(1152, 384)",4,lloyd_global,0.2743840515613556,0.9618359208106995,0.13896290957927704,0.9903075695037842,0.6416433453559875,0.8682072758674622,1.0484471321105957,0.6519090533256531,0.8343771696090698,0.0006397776305675507,0.0019290486816316843,963.426513671875,183,384,0.2743840515613556,0.9618359208106995,3.5502936952980235e-05,9.740370842337143e-06,0.34428122639656067,1.392537888023071e-05,2.8250562991161132e-06,3.61234306183178e-05,0.00012166204396635294,0.0012123744236305356,0.6411639451980591,0.6423763036727905,0.41976267099380493,0.46748894453048706,0.060163892805576324,1.8480709513823967e-06,0.0009773519122973084,"-1,-0.4151953,-0.1762106,0,0.1762106,0.4151953,1",
1,4096,transformer.h.0.attn.c_attn.weight,transformer.h.0.attn.c_attn.weight,"(1152, 384)",4,lloyd_per_tensor_oracle,0.27434223890304565,0.9618424773216248,0.138943150639534,0.9903110265731812,0.641856849193573,0.867951512336731,1.0484482049942017,,,0.0006397776305675507,0.0019290486816316843,963.426513671875,183,384,0.27434223890304565,0.9618424773216248,3.5602482967078686e-05,9.765219147084281e-06,0.34467005729675293,1.392537888023071e-05,2.8250562991161132e-06,3.641390867414884e-05,0.00011915386858163401,0.0012532310793176293,0.642245352268219,0.6434985995292664,0.42113372683525085,0.4681001901626587,0.05995010957121849,1.9093404262093827e-06,0.0009784827707335353,"-1,-0.4193476,-0.1764337,0,0.1764337,0.4193476,1",
1,4096,transformer.h.0.attn.c_attn.weight,transformer.h.0.attn.c_attn.weight,"(1152, 384)",8,lloyd_global,0.27273157238960266,0.9622905850410461,0.11710069328546524,0.9931268095970154,0.6848902702331543,0.8165861964225769,1.0535155534744263,0.6929420828819275,0.7836570739746094,0.0005493868957273662,0.0017652492970228195,963.426513671875,183,384,0.27273157238960266,0.9622905850410461,3.06377187371254e-05,9.39692290558014e-06,0.3521796464920044,1.1954074579989538e-05,2.4384071366512217e-06,3.1249648600351065e-05,0.0001063957970472984,0.0012923786416649818,0.6386470198631287,0.6399394273757935,0.4233821630477905,0.462615430355072,0.061460599303245544,1.3873130910724285e-06,0.0006855602259747684,"-1,-0.4198408,-0.1791116,0,0.1791116,0.4198408,1",
1,4096,transformer.h.0.attn.c_attn.weight,transformer.h.0.attn.c_attn.weight,"(1152, 384)",8,lloyd_per_tensor_oracle,0.2732144892215729,0.9621390104293823,0.11730848252773285,0.9931012392044067,0.6841403841972351,0.8172532916069031,1.0528525114059448,,,0.0005493868957273662,0.0017652492970228195,963.426513671875,183,384,0.2732144892215729,0.9621390104293823,3.0563092877855524e-05,9.309041161031928e-06,0.34529849886894226,1.1954074579989538e-05,2.4384071366512217e-06,3.107982411165722e-05,0.00010753393144113943,0.0013044143561273813,0.6376503705978394,0.6389548182487488,0.4212607741355896,0.462809294462204,0.06140374392271042,1.4074553291720804e-06,0.0006880209548398852,"-1,-0.4177493,-0.1750846,0,0.1750846,0.4177493,1",
1,4096,transformer.h.0.attn.c_proj.weight,transformer.h.0.attn.c_proj.weight,"(384, 384)",4,lloyd_global,0.28057530522346497,0.9602020978927612,0.1265309751033783,0.9919904470443726,0.598137617111206,0.93017578125,1.0703582763671875,0.5591647624969482,0.9389745593070984,0.003931648563593626,0.0059072948060929775,145677.90625,172,384,0.28057530522346497,0.9602020978927612,0.0002154004032490775,0.00019604770932346582,0.2934095561504364,0.00010031040437752381,2.0033314285683446e-05,0.00021598486637230963,0.0006176041788421571,0.0015923395985737443,0.6682018041610718,0.6697941422462463,0.35169392824172974,0.4612407088279724,0.14936155080795288,1.6794350813142955e-05,0.007047501392662525,"-1,-0.4151953,-0.1762106,0,0.1762106,0.4151953,1",
1,4096,transformer.h.0.attn.c_proj.weight,transformer.h.0.attn.c_proj.weight,"(384, 384)",4,lloyd_per_tensor_oracle,0.28063663840293884,0.9602397084236145,0.1265583336353302,0.9919904470443726,0.599814772605896,0.9271404147148132,1.0681780576705933,,,0.003931648563593626,0.0059072948060929775,145677.90625,172,384,0.28063663840293884,0.9602397084236145,0.00021623686188831925,0.00019849580712616444,0.3015204668045044,0.00010031040437752381,2.0033314285683446e-05,0.00021736604685429484,0.0006124468054622412,0.001515015377663076,0.6708458662033081,0.672360897064209,0.3528376817703247,0.4619345963001251,0.1502404510974884,1.59857991093304e-05,0.0070784809067845345,"-1,-0.416854,-0.1814908,0,0.1814908,0.416854,1",
1,4096,transformer.h.0.attn.c_proj.weight,transformer.h.0.attn.c_proj.weight,"(384, 384)",8,lloyd_global,0.27382758259773254,0.9620398283004761,0.10197282582521439,0.994799017906189,0.6568006277084351,0.8619127869606018,1.0742684602737427,0.6050928831100464,0.8887166976928711,0.0030471396166831255,0.0043543484061956406,145677.90625,172,384,0.27382758259773254,0.9620398283004761,0.00017322588246315718,0.00015792844351381063,0.2764621376991272,7.74981890572235e-05,1.544850783830043e-05,0.00016959109052550048,0.0004739474388770759,0.0015343865379691124,0.6664236783981323,0.6679580807685852,0.3550088107585907,0.4573892652988434,0.1468176692724228,1.0509391358937137e-05,0.004564499948173761,"-1,-0.4198408,-0.1791116,0,0.1791116,0.4198408,1",
1,4096,transformer.h.0.attn.c_proj.weight,transformer.h.0.attn.c_proj.weight,"(384, 384)",8,lloyd_per_tensor_oracle,0.27354785799980164,0.9622827172279358,0.10187290608882904,0.9948154091835022,0.658053457736969,0.8592509627342224,1.0719901323318481,,,0.0030471396166831255,0.0043543484061956406,145677.90625,172,384,0.27354785799980164,0.9622827172279358,0.00017538212705403566,0.00016269076149910688,0.2949964702129364,7.74981890572235e-05,1.544850783830043e-05,0.00017476589709986,0.0004417330492287874,0.001394364284351468,0.6751446723937988,0.6765390038490295,0.3573230504989624,0.46300843358039856,0.14821958541870117,9.530832357995678e-06,0.004614784382283688,"-1,-0.4330097,-0.1916659,0,0.1916659,0.4330097,1",
1,4096,transformer.h.0.mlp.w1.weight,transformer.h.0.mlp.w1.weight,"(1024, 384)",4,lloyd_global,0.2934074103832245,0.9566611051559448,0.20904682576656342,0.9780831336975098,0.9132751822471619,0.4183329641819,1.0084730386734009,0.9113625288009644,0.4210551381111145,0.0017046574503183365,0.0035397063475102186,63.96316146850586,0,384,0.2934074103832245,0.9566611051559448,9.04789412743412e-05,8.087529568001628e-05,0.33213552832603455,4.4332908146316186e-05,8.954029908636585e-06,9.294964547734708e-05,0.00025827184435911477,0.0,0.0,0.0,0.7577070593833923,0.17004647850990295,0.0014944446738809347,0.0,0.0,"-1,-0.4151953,-0.1762106,0,0.1762106,0.4151953,1",
1,4096,transformer.h.0.mlp.w1.weight,transformer.h.0.mlp.w1.weight,"(1024, 384)",4,lloyd_per_tensor_oracle,0.2927684187889099,0.9567568302154541,0.20859399437904358,0.9781574010848999,0.9135896563529968,0.4175148904323578,1.008216381072998,,,0.0017046574503183365,0.0035397063475102186,63.96316146850586,0,384,0.2927684187889099,0.9567568302154541,8.982037979876623e-05,7.984411786310375e-05,0.32577767968177795,4.4332908146316186e-05,8.954029908636585e-06,9.167940879706293e-05,0.0002656542928889394,0.0,0.0,0.0,0.7521712183952332,0.16902267932891846,0.0015655994648113847,0.0,0.0,"-1,-0.4094114,-0.1724918,0,0.1724918,0.4094114,1",
1,4096,transformer.h.0.mlp.w1.weight,transformer.h.0.mlp.w1.weight,"(1024, 384)",8,lloyd_global,0.29110217094421387,0.9574437141418457,0.19556257128715515,0.9808478951454163,0.9221029281616211,0.3961573541164398,1.0069708824157715,0.9202279448509216,0.3994433283805847,0.0015775865176692605,0.0029654260724782944,63.96316146850586,0,384,0.29110217094421387,0.9574437141418457,8.517940295860171e-05,7.670512422919273e-05,0.3283945620059967,4.058391641592607e-05,8.238012014771812e-06,8.739234181120992e-05,0.00023649806098546833,0.0,0.0,0.0,0.765856921672821,0.16841401159763336,0.0017997786635532975,0.0,0.0,"-1,-0.4198408,-0.1791116,0,0.1791116,0.4198408,1",
1,4096,transformer.h.0.mlp.w1.weight,transformer.h.0.mlp.w1.weight,"(1024, 384)",8,lloyd_per_tensor_oracle,0.2904239892959595,0.9575018286705017,0.19510717689990997,0.9809147715568542,0.9225274920463562,0.3950182795524597,1.0066909790039062,,,0.0015775865176692605,0.0029654260724782944,63.96316146850586,0,384,0.2904239892959595,0.9575018286705017,8.449293090961874e-05,7.567525608465075e-05,0.3216044008731842,4.058391641592607e-05,8.238012014771812e-06,8.602422167314216e-05,0.00024461434804834425,0.0,0.0,0.0,0.7603025436401367,0.1667976826429367,0.0018843512516468763,0.0,0.0,"-1,-0.4130056,-0.1750373,0,0.1750373,0.4130056,1",
1,4096,transformer.h.0.mlp.w2.weight,transformer.h.0.mlp.w2.weight,"(1024, 384)",4,lloyd_global,0.29611650109291077,0.9559286832809448,0.21405091881752014,0.9770383834838867,0.9100658297538757,0.4261064827442169,1.0089449882507324,0.9079313278198242,0.42912599444389343,0.0017120996490120888,0.0034047907683998346,62.60692596435547,0,384,0.29611650109291077,0.9559286832809448,8.991905633592978e-05,8.069790783338249e-05,0.34173837304115295,4.404709397931583e-05,8.888625416147988e-06,9.347640298074111e-05,0.0002586704504210502,0.0,0.0,0.0,0.761432409286499,0.1713220179080963,0.001463671331293881,0.0,0.0,"-1,-0.4151953,-0.1762106,0,0.1762106,0.4151953,1",
1,4096,transformer.h.0.mlp.w2.weight,transformer.h.0.mlp.w2.weight,"(1024, 384)",4,lloyd_per_tensor_oracle,0.29471081495285034,0.9561525583267212,0.21303701400756836,0.977209210395813,0.9105846881866455,0.42468979954719543,1.008136510848999,,,0.0017120996490120888,0.0034047907683998346,62.60692596435547,0,384,0.29471081495285034,0.9561525583267212,8.862408139975742e-05,7.868831744417548e-05,0.32928720116615295,4.404709397931583e-05,8.888625416147988e-06,9.106197830988094e-05,0.0002728215476963669,0.0,0.0,0.0,0.7511807084083557,0.16961556673049927,0.0015325879212468863,0.0,0.0,"-1,-0.4040355,-0.1691895,0,0.1691895,0.4040355,1",
1,4096,transformer.h.0.mlp.w2.weight,transformer.h.0.mlp.w2.weight,"(1024, 384)",8,lloyd_global,0.29331570863723755,0.9568320512771606,0.1998130828142166,0.9800065159797668,0.919920027256012,0.4018469750881195,1.007807731628418,0.9177948236465454,0.4054890275001526,0.001588025246746838,0.0028973626904189587,62.60692596435547,0,384,0.29331570863723755,0.9568320512771606,8.452744805254042e-05,7.65852746553719e-05,0.33928170800209045,4.060212813783437e-05,8.180458280548919e-06,8.781864016782492e-05,0.000239800734561868,0.0,0.0,0.0,0.7638633847236633,0.1718417853116989,0.0013839578023180366,0.0,0.0,"-1,-0.4198408,-0.1791116,0,0.1791116,0.4198408,1",
1,4096,transformer.h.0.mlp.w2.weight,transformer.h.0.mlp.w2.weight,"(1024, 384)",8,lloyd_per_tensor_oracle,0.2915685772895813,0.9570737481117249,0.19862143695354462,0.98018878698349,0.92072993516922,0.39961710572242737,1.006913185119629,,,0.001588025246746838,0.0028973626904189587,62.60692596435547,0,384,0.2915685772895813,0.9570737481117249,8.28932024887763e-05,7.406286022160202e-05,0.3238627016544342,4.060212813783437e-05,8.180458280548919e-06,8.470370812574401e-05,0.0002591035154182464,0.0,0.0,0.0,0.7491428256034851,0.1696716994047165,0.0013139243237674236,0.0,0.0,"-1,-0.4038453,-0.1701849,0,0.1701849,0.4038453,1",
1,4096,transformer.h.0.mlp.c_proj.weight,transformer.h.0.mlp.c_proj.weight,"(384, 1024)",4,lloyd_global,0.3361000120639801,0.9445447325706482,0.24138925969600677,0.9711371064186096,0.8596804738044739,0.5342934131622314,1.0162273645401,0.8510547876358032,0.545803427696228,0.00649522477760911,0.011929001659154892,86.6471939086914,0,384,0.3361000120639801,0.9445447325706482,0.00031607976416125894,0.00029603560687974095,0.43121591210365295,0.0001661971618887037,3.398686385480687e-05,0.0003549017128534615,0.0009169357363134623,0.0,0.0,0.0,0.7124409675598145,0.2468942105770111,0.0028173704631626606,0.0,0.0,"-1,-0.4151953,-0.1762106,0,0.1762106,0.4151953,1",
1,4096,transformer.h.0.mlp.c_proj.weight,transformer.h.0.mlp.c_proj.weight,"(384, 1024)",4,lloyd_per_tensor_oracle,0.314235657453537,0.9499254822731018,0.22568754851818085,0.9743510484695435,0.8740154504776001,0.5049539804458618,1.011387825012207,,,0.00649522477760911,0.011929001659154892,86.6471939086914,0,384,0.314235657453537,0.9499254822731018,0.00028092219145037234,0.0002511398633942008,0.35188546776771545,0.0001661971618887037,3.398686385480687e-05,0.00029921671375632286,0.0012205041712149978,0.0,0.0,0.0,0.6534125804901123,0.24330534040927887,0.0030592463444918394,0.0,0.0,"-1,-0.3470364,-0.139956,0,0.139956,0.3470364,1",
1,4096,transformer.h.0.mlp.c_proj.weight,transformer.h.0.mlp.c_proj.weight,"(384, 1024)",8,lloyd_global,0.3128749132156372,0.9515430927276611,0.20968875288963318,0.9781143069267273,0.8862053751945496,0.47954750061035156,1.0099503993988037,0.8781014084815979,0.49376818537712097,0.005397237837314606,0.008715099655091763,86.6471939086914,0,384,0.3128749132156372,0.9515430927276611,0.00027399626560509205,0.00025765213649719954,0.38797760009765625,0.00013657944509759545,2.772518746496644e-05,0.00029891281155869365,0.0007840297766961157,0.0,0.0,0.0,0.7107783555984497,0.24530114233493805,0.002634429605677724,0.0,0.0,"-1,-0.4198408,-0.1791116,0,0.1791116,0.4198408,1",
1,4096,transformer.h.0.mlp.c_proj.weight,transformer.h.0.mlp.c_proj.weight,"(384, 1024)",8,lloyd_per_tensor_oracle,0.3015441298484802,0.9539880752563477,0.20209629833698273,0.9794660210609436,0.8934383392333984,0.4637712836265564,1.0087792873382568,,,0.005397237837314606,0.008715099655091763,86.6471939086914,0,384,0.3015441298484802,0.9539880752563477,0.0002536523388698697,0.0002296088496223092,0.3355865478515625,0.00013657944509759545,2.772518746496644e-05,0.00026540301041677594,0.0009870092617347836,0.0,0.0,0.0,0.6688240766525269,0.23672914505004883,0.003250808920711279,0.0,0.0,"-1,-0.3680906,-0.1526095,0,0.1526095,0.3680906,1",
1,4096,transformer.h.1.attn.c_attn.weight,transformer.h.1.attn.c_attn.weight,"(1152, 384)",4,lloyd_global,0.27533331513404846,0.9614983797073364,0.1358201950788498,0.9907441735267639,0.6263731122016907,0.8928881287574768,1.0617952346801758,0.6317583322525024,0.8581882119178772,0.0006190163549035788,0.0022734564263373613,1347.49658203125,204,384,0.27533331513404846,0.9614983797073364,3.407761687412858e-05,9.984329153667204e-06,0.3617350161075592,1.3139395377947949e-05,2.6008078748418484e-06,3.5013083106605336e-05,0.00013831969408784062,0.001480723381973803,0.6993728876113892,0.7008535861968994,0.4075188636779785,0.46544647216796875,0.06812234967947006,2.062775820377283e-06,0.0009742869297042489,"-1,-0.4151953,-0.1762106,0,0.1762106,0.4151953,1",
1,4096,transformer.h.1.attn.c_attn.weight,transformer.h.1.attn.c_attn.weight,"(1152, 384)",4,lloyd_per_tensor_oracle,0.276934415102005,0.9609706997871399,0.13660550117492676,0.9906315207481384,0.6254268884658813,0.8932338953018188,1.0601924657821655,,,0.0006190163549035788,0.0022734564263373613,1347.49658203125,204,384,0.276934415102005,0.9609706997871399,3.37409001076594e-05,9.695850167190656e-06,0.3462185263633728,1.3139395377947949e-05,2.6008078748418484e-06,3.414994353079237e-05,0.00014668442599941045,0.0016547184204682708,0.6902411580085754,0.6918959617614746,0.40261155366897583,0.45803895592689514,0.06842931360006332,2.3407831122312928e-06,0.0009764228598214686,"-1,-0.4032179,-0.1676367,0,0.1676367,0.4032179,1",
1,4096,transformer.h.1.attn.c_attn.weight,transformer.h.1.attn.c_attn.weight,"(1152, 384)",8,lloyd_global,0.27195191383361816,0.9624836444854736,0.1146855503320694,0.9934107065200806,0.6707748174667358,0.8386123180389404,1.0621912479400635,0.6736775636672974,0.807866632938385,0.0005076038651168346,0.0017905414570122957,1347.49658203125,204,384,0.27195191383361816,0.9624836444854736,2.865128953999374e-05,8.317296305904165e-06,0.32806169986724854,1.1151883882121183e-05,2.2762494609196438e-06,2.862303881556727e-05,9.84108992270194e-05,0.0017281483160331845,0.7063093781471252,0.7080374956130981,0.40680721402168274,0.4702509045600891,0.06932904571294785,1.7192480754602002e-06,0.0007026717648841441,"-1,-0.4198408,-0.1791116,0,0.1791116,0.4198408,1",
1,4096,transformer.h.1.attn.c_attn.weight,transformer.h.1.attn.c_attn.weight,"(1152, 384)",8,lloyd_per_tensor_oracle,0.27190911769866943,0.9625259637832642,0.1146678701043129,0.9934125542640686,0.6712576150894165,0.8379530906677246,1.0620852708816528,,,0.0005076038651168346,0.0017905414570122957,1347.49658203125,204,384,0.27190911769866943,0.9625259637832642,2.8670589017565362e-05,8.327982868649997e-06,0.32832393050193787,1.1151883882121183e-05,2.2762494609196438e-06,2.8680571631412022e-05,9.79000105871819e-05,0.0017077686497941613,0.7066698670387268,0.7083776593208313,0.40640097856521606,0.4709416627883911,0.06958478689193726,1.6979703332253848e-06,0.0007026153616607189,"-1,-0.4208621,-0.179262,0,0.179262,0.4208621,1",
1,4096,transformer.h.1.attn.c_proj.weight,transformer.h.1.attn.c_proj.weight,"(384, 384)",4,lloyd_global,0.27473828196525574,0.9617522954940796,0.1130467876791954,0.9935970306396484,0.6139389276504517,0.9219290018081665,1.0902513265609741,0.5634510517120361,0.9343979358673096,0.0031917227897793055,0.004292336292564869,114207.0625,181,384,0.27473828196525574,0.9617522954940796,0.00017890626622829586,0.00016256666276603937,0.2783677875995636,7.981650560395792e-05,1.6253150533884764e-05,0.0001759851147653535,0.00051240308675915,0.0016450219554826617,0.6861408352851868,0.6877858638763428,0.3490140736103058,0.45319125056266785,0.15552762150764465,1.2100213098165113e-05,0.00504701491445303,"-1,-0.4151953,-0.1762106,0,0.1762106,0.4151953,1",
1,4096,transformer.h.1.attn.c_proj.weight,transformer.h.1.attn.c_proj.weight,"(384, 384)",4,lloyd_per_tensor_oracle,0.27431005239486694,0.9620307683944702,0.11287127435207367,0.9936223030090332,0.6139690279960632,0.9228101968765259,1.0920206308364868,,,0.0031917227897793055,0.004292336292564869,114207.0625,181,384,0.27431005239486694,0.9620307683944702,0.0001810312387533486,0.00016778119606897235,0.2971462607383728,7.981650560395792e-05,1.6253150533884764e-05,0.00018076888227369636,0.00048274139408022165,0.0016108903801068664,0.689520537853241,0.6911314129829407,0.3503563404083252,0.45986852049827576,0.15621547400951385,1.1812231605290435e-05,0.0050560710951685905,"-1,-0.4267562,-0.188702,0,0.188702,0.4267562,1",
1,4096,transformer.h.1.attn.c_proj.weight,transformer.h.1.attn.c_proj.weight,"(384, 384)",8,lloyd_global,0.27135083079338074,0.9626659154891968,0.09464167058467865,0.9955152273178101,0.6613548398017883,0.8641887903213501,1.0905539989471436,0.5990144610404968,0.8955296277999878,0.0026301294565200806,0.003573005786165595,114207.0625,181,384,0.27135083079338074,0.9626659154891968,0.0001503269886597991,0.00013686734018847346,0.2718912661075592,6.66666601318866e-05,1.3383197256189305e-05,0.0001464971137465909,0.00041518549551256,0.0022523815277963877,0.6848795413970947,0.687131941318512,0.3418985903263092,0.4576365649700165,0.15639883279800415,1.1609965440584347e-05,0.0035302313044667244,"-1,-0.4198408,-0.1791116,0,0.1791116,0.4198408,1",
1,4096,transformer.h.1.attn.c_proj.weight,transformer.h.1.attn.c_proj.weight,"(384, 384)",8,lloyd_per_tensor_oracle,0.2707825005054474,0.9629631042480469,0.09444592148065567,0.9955364465713501,0.6610050201416016,0.8651223182678223,1.0915447473526,,,0.0026301294565200806,0.003573005786165595,114207.0625,181,384,0.2707825005054474,0.9629631042480469,0.00015231526049319655,0.00014166272012516856,0.2924397885799408,6.66666601318866e-05,1.3383197256189305e-05,0.00015135950525291264,0.00038459792267531157,0.0020914722699671984,0.6950003504753113,0.697091817855835,0.3452503979206085,0.46347570419311523,0.15631580352783203,1.073544171958929e-05,0.003567408537492156,"-1,-0.4338893,-0.1930772,0,0.1930772,0.4338893,1",
1,4096,transformer.h.1.mlp.w1.weight,transformer.h.1.mlp.w1.weight,"(1024, 384)",4,lloyd_global,0.3002508282661438,0.9546840786933899,0.20845040678977966,0.9782472252845764,0.8929159641265869,0.46568024158477783,1.0118485689163208,0.8855815529823303,0.47837913036346436,0.0015038485871627927,0.003225115593522787,85.440673828125,0,384,0.3002508282661438,0.9546840786933899,7.863083010306582e-05,7.017813913989812e-05,0.3588053286075592,3.8856502214912325e-05,7.880496923462488e-06,8.21656794869341e-05,0.00023183267330750823,0.0,0.0,0.0,0.7128962874412537,0.21864740550518036,0.0022744976449757814,0.0,0.0,"-1,-0.4151953,-0.1762106,0,0.1762106,0.4151953,1",
1,4096,transformer.h.1.mlp.w1.weight,transformer.h.1.mlp.w1.weight,"(1024, 384)",4,lloyd_per_tensor_oracle,0.2984359562397003,0.9550294876098633,0.207189679145813,0.9784551858901978,0.8941795229911804,0.4628259539604187,1.0114552974700928,,,0.0015038485871627927,0.003225115593522787,85.440673828125,0,384,0.2984359562397003,0.9550294876098633,7.724765600869432e-05,6.803061114624143e-05,0.34110769629478455,3.8856502214912325e-05,7.880496923462488e-06,7.97017928562127e-05,0.00024413947539869696,0.0,0.0,0.0,0.7034519910812378,0.21468277275562286,0.002450068248435855,0.0,0.0,"-1,-0.4042428,-0.1665815,0,0.1665815,0.4042428,1",
1,4096,transformer.h.1.mlp.w1.weight,transformer.h.1.mlp.w1.weight,"(1024, 384)",8,lloyd_global,0.3008769452571869,0.9546219706535339,0.19519725441932678,0.9809601902961731,0.9033563137054443,0.4418071508407593,1.0093519687652588,0.8965514898300171,0.4548722207546234,0.0014131736243143678,0.0024449655320495367,85.440673828125,0,384,0.3008769452571869,0.9546219706535339,7.432213897118345e-05,6.703559483867139e-05,0.3640187680721283,3.6512828955892473e-05,7.342750450334279e-06,7.822144107194617e-05,0.0002138365525752306,0.0,0.0,0.0,0.7192623019218445,0.21670806407928467,0.0029962824191898108,0.0,0.0,"-1,-0.4198408,-0.1791116,0,0.1791116,0.4198408,1",
1,4096,transformer.h.1.mlp.w1.weight,transformer.h.1.mlp.w1.weight,"(1024, 384)",8,lloyd_per_tensor_oracle,0.2979899048805237,0.9551613330841064,0.19332490861415863,0.9812625050544739,0.9052122235298157,0.4375125765800476,1.0091986656188965,,,0.0014131736243143678,0.0024449655320495367,85.440673828125,0,384,0.2979899048805237,0.9551613330841064,7.226879824884236e-05,6.4032559748739e-05,0.33922067284584045,3.6512828955892473e-05,7.342750450334279e-06,7.448465476045385e-05,0.00023464180412702262,0.0,0.0,0.0,0.7021307945251465,0.21506138145923615,0.0027043307200074196,0.0,0.0,"-1,-0.4003221,-0.1656021,0,0.1656021,0.4003221,1",
1,4096,transformer.h.1.mlp.w2.weight,transformer.h.1.mlp.w2.weight,"(1024, 384)",4,lloyd_global,0.30294129252433777,0.9538726210594177,0.2043789029121399,0.9790842533111572,0.8907033801078796,0.46959084272384644,1.008414626121521,0.8825337886810303,0.48470932245254517,0.001467113965190947,0.0028089983388781548,88.95576477050781,0,384,0.30294129252433777,0.9538726210594177,7.663596625206992e-05,6.793200736865401e-05,0.35861968994140625,3.838523116428405e-05,7.763781468383968e-06,8.016561332624406e-05,0.00022043207718525082,0.0,0.0,0.0,0.7074138522148132,0.2237883061170578,0.0032154014334082603,0.0,0.0,"-1,-0.4151953,-0.1762106,0,0.1762106,0.4151953,1",
1,4096,transformer.h.1.mlp.w2.weight,transformer.h.1.mlp.w2.weight,"(1024, 384)",4,lloyd_per_tensor_oracle,0.30087345838546753,0.9543214440345764,0.20298168063163757,0.9793272614479065,0.8920183777809143,0.4667142331600189,1.0082449913024902,,,0.001467113965190947,0.0028089983388781548,88.95576477050781,0,384,0.30087345838546753,0.9543214440345764,7.52322594053112e-05,6.577317253686488e-05,0.3410237729549408,3.838523116428405e-05,7.763781468383968e-06,7.767129864078015e-05,0.00023287179647013545,0.0,0.0,0.0,0.6961215138435364,0.2234124094247818,0.003184298751875758,0.0,0.0,"-1,-0.4036252,-0.1666055,0,0.1666055,0.4036252,1",
1,4096,transformer.h.1.mlp.w2.weight,transformer.h.1.mlp.w2.weight,"(1024, 384)",8,lloyd_global,0.3013363480567932,0.9544184803962708,0.18945495784282684,0.9820356965065002,0.903544008731842,0.4408598244190216,1.0071674585342407,0.8962280750274658,0.4555821716785431,0.0013518143678084016,0.0026641851291060448,88.95576477050781,0,384,0.3013363480567932,0.9544184803962708,7.13282497599721e-05,6.362983549479395e-05,0.35798391699790955,3.5385775845497847e-05,7.187338269432075e-06,7.461701170541346e-05,0.0001993717742152512,0.0,0.0,0.0,0.7083868980407715,0.22617517411708832,0.002938911085948348,0.0,0.0,"-1,-0.4198408,-0.1791116,0,0.1791116,0.4198408,1",
1,4096,transformer.h.1.mlp.w2.weight,transformer.h.1.mlp.w2.weight,"(1024, 384)",8,lloyd_per_tensor_oracle,0.29902714490890503,0.9548439979553223,0.18800050020217896,0.9822694063186646,0.9047651886940002,0.43787845969200134,1.0063817501068115,,,0.0013518143678084016,0.0026641851291060448,88.95576477050781,0,384,0.29902714490890503,0.9548439979553223,6.99135780450888e-05,6.139490869827569e-05,0.3396962583065033,3.5385775845497847e-05,7.187338269432075e-06,7.208390161395073e-05,0.00021186214871704578,0.0,0.0,0.0,0.6958222985267639,0.22298181056976318,0.0030096068512648344,0.0,0.0,"-1,-0.4073921,-0.1686891,0,0.1686891,0.4073921,1",
1,4096,transformer.h.1.mlp.c_proj.weight,transformer.h.1.mlp.c_proj.weight,"(384, 1024)",4,lloyd_global,0.32454249262809753,0.9480254650115967,0.2499512881040573,0.9690383672714233,0.8602383136749268,0.5335138440132141,1.0171993970870972,0.8520023226737976,0.544062614440918,0.005027393344789743,0.008460135199129581,64.74011993408203,0,384,0.32454249262809753,0.9480254650115967,0.0002472150372341275,0.00023281160974875093,0.42138925194740295,0.0001271287037525326,2.5623632609494962e-05,0.00027503198361955583,0.0007523276144638658,0.0,0.0,0.0,0.6997411847114563,0.2584260404109955,0.0022531282156705856,0.0,0.0,"-1,-0.4151953,-0.1762106,0,0.1762106,0.4151953,1",
1,4096,transformer.h.1.mlp.c_proj.weight,transformer.h.1.mlp.c_proj.weight,"(384, 1024)",4,lloyd_per_tensor_oracle,0.30931031703948975,0.9514597654342651,0.23822301626205444,0.9713971018791199,0.8712349534034729,0.5112695097923279,1.0141900777816772,,,0.005027393344789743,0.008460135199129581,64.74011993408203,0,384,0.30931031703948975,0.9514597654342651,0.00022381357848644257,0.00020112213678658009,0.3506571352481842,0.0001271287037525326,2.5623632609494962e-05,0.00023718693410046399,0.000968565815128386,0.0,0.0,0.0,0.6469009518623352,0.25216391682624817,0.0020476130302995443,0.0,0.0,"-1,-0.355251,-0.1433459,0,0.1433459,0.355251,1",
1,4096,transformer.h.1.mlp.c_proj.weight,transformer.h.1.mlp.c_proj.weight,"(384, 1024)",8,lloyd_global,0.3196742534637451,0.9494349956512451,0.22963778674602509,0.973803699016571,0.8770166039466858,0.4999047517776489,1.0150527954101562,0.8691728115081787,0.5115305781364441,0.004543588496744633,0.007517646066844463,64.74011993408203,0,384,0.3196742534637451,0.9494349956512451,0.00022759496641810983,0.00021477407426573336,0.4099527895450592,0.00011464489944046363,2.3169408450485207e-05,0.000251916004344821,0.0006700556259602308,0.0,0.0,0.0,0.7000840306282043,0.2551523745059967,0.00241567543707788,0.0,0.0,"-1,-0.4198408,-0.1791116,0,0.1791116,0.4198408,1",
1,4096,transformer.h.1.mlp.c_proj.weight,transformer.h.1.mlp.c_proj.weight,"(384, 1024)",8,lloyd_per_tensor_oracle,0.3051896095275879,0.9527393579483032,0.21923863887786865,0.9758059978485107,0.8864762783050537,0.47970324754714966,1.0127507448196411,,,0.004543588496744633,0.007517646066844463,64.74011993408203,0,384,0.3051896095275879,0.9527393579483032,0.00020677875727415085,0.00018676102627068758,0.3438161313533783,0.00011464489944046363,2.3169408450485207e-05,0.00021811490296386182,0.0008733018767088652,0.0,0.0,0.0,0.6502110362052917,0.24637097120285034,0.002306037349626422,0.0,0.0,"-1,-0.3596218,-0.1468758,0,0.1468758,0.3596218,1",
1,4096,transformer.h.2.attn.c_attn.weight,transformer.h.2.attn.c_attn.weight,"(1152, 384)",4,lloyd_global,0.2769468128681183,0.961071252822876,0.11697950959205627,0.9931496977806091,0.706760048866272,0.8032673597335815,1.087208867073059,0.6956068873405457,0.780250072479248,0.000952744041569531,0.006335929036140442,1823.25732421875,219,384,0.2769468128681183,0.961071252822876,5.285234146867879e-05,1.1586278560571373e-05,0.3226996660232544,2.1858280888409354e-05,4.331419404479675e-06,5.3152474720263854e-05,0.0001762748579494655,0.001621893374249339,0.6319011449813843,0.6335230469703674,0.33214622735977173,0.4991142451763153,0.11610991507768631,7.777584869472776e-06,0.0030302023515105247,"-1,-0.4151953,-0.1762106,0,0.1762106,0.4151953,1",
1,4096,transformer.h.2.attn.c_attn.weight,transformer.h.2.attn.c_attn.weight,"(1152, 384)",4,lloyd_per_tensor_oracle,0.2768949866294861,0.9611004590988159,0.11695923656225204,0.9931532144546509,0.7066729068756104,0.8032053709030151,1.086830973625183,,,0.000952744041569531,0.006335929036140442,1823.25732421875,219,384,0.2768949866294861,0.9611004590988159,5.2908297220710665e-05,1.161293766926974e-05,0.32394295930862427,2.1858280888409354e-05,4.331419404479675e-06,5.3290674259187654e-05,0.00017518579261377454,0.001583582372404635,0.6324049234390259,0.6339885592460632,0.3326430022716522,0.4997778534889221,0.11607158929109573,7.590018867631443e-06,0.0030310803558677435,"-1,-0.4164215,-0.1769716,0,0.1769716,0.4164215,1",
1,4096,transformer.h.2.attn.c_attn.weight,transformer.h.2.attn.c_attn.weight,"(1152, 384)",8,lloyd_global,0.27315178513526917,0.9622001051902771,0.10127418488264084,0.9948737621307373,0.7489715814590454,0.7396427989006042,1.0776418447494507,0.7307510375976562,0.7338264584541321,0.0008159155840985477,0.005416112951934338,1823.25732421875,219,384,0.27315178513526917,0.9622001051902771,4.611213080352172e-05,1.0357587598264217e-05,0.3183254599571228,1.8219734556623735e-05,3.723043846548535e-06,4.608671588357538e-05,0.00015256179904099554,0.0017780869966372848,0.6398445963859558,0.6416227221488953,0.332179456949234,0.5051342844963074,0.11496531218290329,6.388381279975874e-06,0.0022988589480519295,"-1,-0.4198408,-0.1791116,0,0.1791116,0.4198408,1",
1,4096,transformer.h.2.attn.c_attn.weight,transformer.h.2.attn.c_attn.weight,"(1152, 384)",8,lloyd_per_tensor_oracle,0.27304548025131226,0.9622517228126526,0.10123410075902939,0.9948780536651611,0.7489023804664612,0.7399306297302246,1.0780658721923828,,,0.0008159155840985477,0.005416112951934338,1823.25732421875,219,384,0.27304548025131226,0.9622517228126526,4.616125443135388e-05,1.0379946616012603e-05,0.31994402408599854,1.8219734556623735e-05,3.723043846548535e-06,4.6214350732043386e-05,0.00015154886932577938,0.001737413927912712,0.6417446136474609,0.6434820294380188,0.3324086666107178,0.5063889622688293,0.11494771391153336,6.236117769731209e-06,0.002303420566022396,"-1,-0.4211417,-0.1801582,0,0.1801582,0.4211417,1",
1,4096,transformer.h.2.attn.c_proj.weight,transformer.h.2.attn.c_proj.weight,"(384, 384)",4,lloyd_global,0.36730170249938965,0.9340873956680298,0.1590629667043686,0.9874106645584106,0.5598316192626953,0.9805743098258972,1.084174394607544,0.5192794799804688,0.9805312156677246,0.007134892046451569,0.012771416455507278,327347.78125,172,384,0.36730170249938965,0.9340873956680298,0.00033927755430340767,0.0003208131529390812,0.5486246943473816,0.00017753610154613853,3.630248465924524e-05,0.00040096082375384867,0.0011592373484745622,0.001228060107678175,0.6429620385169983,0.6441900730133057,0.33939728140830994,0.4664660096168518,0.17490579187870026,3.0843857530271634e-05,0.016148582100868225,"-1,-0.4151953,-0.1762106,0,0.1762106,0.4151953,1",
1,4096,transformer.h.2.attn.c_proj.weight,transformer.h.2.attn.c_proj.weight,"(384, 384)",4,lloyd_per_tensor_oracle,0.33715900778770447,0.9422901272773743,0.14601047337055206,0.9893113970756531,0.5965815186500549,0.940509021282196,1.0869536399841309,,,0.007134892046451569,0.012771416455507278,327347.78125,172,384,0.33715900778770447,0.9422901272773743,0.00028896552976220846,0.00025072498829104006,0.4171956479549408,0.00017753610154613853,3.630248465924524e-05,0.0003174609155394137,0.0013444325886666775,0.0015191276324912906,0.5872436761856079,0.5887628197669983,0.31844380497932434,0.44928792119026184,0.1805841028690338,3.214896423742175e-05,0.012427709065377712,"-1,-0.3788996,-0.1265469,0,0.1265469,0.3788996,1",
1,4096,transformer.h.2.attn.c_proj.weight,transformer.h.2.attn.c_proj.weight,"(384, 384)",8,lloyd_global,0.35751432180404663,0.9376214146614075,0.13764432072639465,0.9905678033828735,0.5965142250061035,0.9408657550811768,1.087487816810608,0.5473088622093201,0.9515167474746704,0.006083381827920675,0.007998830638825893,327347.78125,172,384,0.35751432180404663,0.9376214146614075,0.000294242228846997,0.00027896370738744736,0.52911376953125,0.00015014644304756075,3.081797331105918e-05,0.00034380052238702774,0.0009731664904393256,0.001340622315183282,0.6462997198104858,0.6476402878761292,0.33809757232666016,0.4667939245700836,0.17782844603061676,2.5206656573573127e-05,0.012151859700679779,"-1,-0.4198408,-0.1791116,0,0.1791116,0.4198408,1",
1,4096,transformer.h.2.attn.c_proj.weight,transformer.h.2.attn.c_proj.weight,"(384, 384)",8,lloyd_per_tensor_oracle,0.3313291668891907,0.9443223476409912,0.1275612711906433,0.9918521642684937,0.6320273876190186,0.9001092910766602,1.0899075269699097,,,0.006083381827920675,0.007998830638825893,327347.78125,172,384,0.3313291668891907,0.9443223476409912,0.0002542819711379707,0.00022233044728636742,0.4069349467754364,0.00015014644304756075,3.081797331105918e-05,0.00027840951224789023,0.001142689143307507,0.0019763631280511618,0.5935314297676086,0.595507800579071,0.3189224898815155,0.45139703154563904,0.17994675040245056,3.19159371429123e-05,0.00958483386784792,"-1,-0.3808328,-0.1312055,0,0.1312055,0.3808328,1",
1,4096,transformer.h.2.mlp.w1.weight,transformer.h.2.mlp.w1.weight,"(1024, 384)",4,lloyd_global,0.2864159941673279,0.958588182926178,0.23827803134918213,0.9714310169219971,0.8842281699180603,0.4846644997596741,1.0136374235153198,0.8783708214759827,0.4932251274585724,0.0014798628399148583,0.002725785132497549,55.18642044067383,0,384,0.2864159941673279,0.958588182926178,7.977859786478803e-05,7.210808689706028e-05,0.3196156919002533,3.748248491319828e-05,7.626505521329818e-06,8.10540295788087e-05,0.00023456828785128891,0.0,0.0,0.0,0.6852068901062012,0.23485836386680603,0.0010747249471023679,0.0,0.0,"-1,-0.4151953,-0.1762106,0,0.1762106,0.4151953,1",
1,4096,transformer.h.2.mlp.w1.weight,transformer.h.2.mlp.w1.weight,"(1024, 384)",4,lloyd_per_tensor_oracle,0.2863996624946594,0.9585834741592407,0.23826438188552856,0.9714337587356567,0.8843241930007935,0.48445752263069153,1.0136077404022217,,,0.0014798628399148583,0.002725785132497549,55.18642044067383,0,384,0.2863996624946594,0.9585834741592407,7.974553591338918e-05,7.20708048902452e-05,0.3194173276424408,3.748248491319828e-05,7.626505521329818e-06,8.09783668955788e-05,0.00023513223277404904,0.0,0.0,0.0,0.6845504641532898,0.2354469746351242,0.0010649759788066149,0.0,0.0,"-1,-0.4147038,-0.1760897,0,0.1760897,0.4147038,1",
1,4096,transformer.h.2.mlp.w1.weight,transformer.h.2.mlp.w1.weight,"(1024, 384)",8,lloyd_global,0.2862171232700348,0.9587128162384033,0.22204309701919556,0.9752388596534729,0.8962866067886353,0.45858675241470337,1.0129903554916382,0.8906043171882629,0.46776312589645386,0.0013769349316135049,0.0021262054797261953,55.18642044067383,0,384,0.2862171232700348,0.9587128162384033,7.474606536561623e-05,6.788447353756055e-05,0.3225250244140625,3.4941371268359944e-05,6.998437584115891e-06,7.629113679286093e-05,0.00021330192976165563,0.0,0.0,0.0,0.6877027153968811,0.23892101645469666,0.0011700314935296774,0.0,0.0,"-1,-0.4198408,-0.1791116,0,0.1791116,0.4198408,1",
1,4096,transformer.h.2.mlp.w1.weight,transformer.h.2.mlp.w1.weight,"(1024, 384)",8,lloyd_per_tensor_oracle,0.28589412569999695,0.9587326049804688,0.221793532371521,0.9752699136734009,0.896518886089325,0.4581213891506195,1.0131806135177612,,,0.0013769349316135049,0.0021262054797261953,55.18642044067383,0,384,0.28589412569999695,0.9587326049804688,7.428464596159756e-05,6.709058652631938e-05,0.317535400390625,3.4941371268359944e-05,6.998437584115891e-06,7.531989103881642e-05,0.00021966718486510217,0.0,0.0,0.0,0.6837998628616333,0.23709648847579956,0.0009856350952759385,0.0,0.0,"-1,-0.4139169,-0.1762093,0,0.1762093,0.4139169,1",
1,4096,transformer.h.2.mlp.w2.weight,transformer.h.2.mlp.w2.weight,"(1024, 384)",4,lloyd_global,0.29427164793014526,0.9563751220703125,0.24368980526924133,0.9701638221740723,0.8779231905937195,0.49784210324287415,1.014262318611145,0.8722729086875916,0.5054337978363037,0.0015305416891351342,0.002859241794794798,58.87607192993164,0,384,0.29427164793014526,0.9563751220703125,8.094168151728809e-05,7.267440378200263e-05,0.34037017822265625,3.935946733690798e-05,7.927336810098495e-06,8.374339086003602e-05,0.00023605434398632497,0.0,0.0,0.0,0.6801843643188477,0.2463611215353012,0.000923838815651834,0.0,0.0,"-1,-0.4151953,-0.1762106,0,0.1762106,0.4151953,1",
1,4096,transformer.h.2.mlp.w2.weight,transformer.h.2.mlp.w2.weight,"(1024, 384)",4,lloyd_per_tensor_oracle,0.29345932602882385,0.9564912915229797,0.24301564693450928,0.9702698588371277,0.8785811066627502,0.49648210406303406,1.0141851902008057,,,0.0015305416891351342,0.002859241794794798,58.87607192993164,0,384,0.29345932602882385,0.9564912915229797,8.010434248717502e-05,7.1388014475815e-05,0.33114370703697205,3.935946733690798e-05,7.927336810098495e-06,8.21358262328431e-05,0.00024580108583904803,0.0,0.0,0.0,0.6734551787376404,0.24379712343215942,0.0008647735812701285,0.0,0.0,"-1,-0.4068338,-0.1708866,0,0.1708866,0.4068338,1",
1,4096,transformer.h.2.mlp.w2.weight,transformer.h.2.mlp.w2.weight,"(1024, 384)",8,lloyd_global,0.2930087745189667,0.9568217992782593,0.22594980895519257,0.9743781685829163,0.8919273614883423,0.4682554602622986,1.013528823852539,0.886319100856781,0.47683411836624146,0.001408736570738256,0.0027844123542308807,58.87607192993164,0,384,0.2930087745189667,0.9568217992782593,7.537016790593043e-05,6.80328521411866e-05,0.3388163149356842,3.6378380173118785e-05,7.322335932258284e-06,7.794515113346279e-05,0.00021168631792534143,0.0,0.0,0.0,0.6848278045654297,0.2453983724117279,0.0010896576568484306,0.0,0.0,"-1,-0.4198408,-0.1791116,0,0.1791116,0.4198408,1",
1,4096,transformer.h.2.mlp.w2.weight,transformer.h.2.mlp.w2.weight,"(1024, 384)",8,lloyd_per_tensor_oracle,0.2918643057346344,0.9569562077522278,0.22506652772426605,0.9745200872421265,0.8927463293075562,0.4664267897605896,1.013321876525879,,,0.001408736570738256,0.0027844123542308807,58.87607192993164,0,384,0.2918643057346344,0.9569562077522278,7.438598549924791e-05,6.642358493991196e-05,0.3265279233455658,3.6378380173118785e-05,7.322335932258284e-06,7.607139559695497e-05,0.0002224871568614617,0.0,0.0,0.0,0.6769135594367981,0.2413279414176941,0.0011389466235414147,0.0,0.0,"-1,-0.4097365,-0.1722412,0,0.1722412,0.4097365,1",
1,4096,transformer.h.2.mlp.c_proj.weight,transformer.h.2.mlp.c_proj.weight,"(384, 1024)",4,lloyd_global,0.2977180480957031,0.9555112719535828,0.2674780786037445,0.9641389846801758,0.892800509929657,0.46547931432724,1.0100739002227783,0.8933128714561462,0.46193727850914,0.004048697184771299,0.006796516943722963,30.556320190429688,0,384,0.2977180480957031,0.9555112719535828,0.00021035259123891592,0.0001951361191459,0.34817251563072205,0.0001023507138597779,2.0627057892852463e-05,0.00022188751609064639,0.000622855790425092,0.0,0.0,0.0,0.7285518646240234,0.20631465315818787,0.0,0.0,0.0,"-1,-0.4151953,-0.1762106,0,0.1762106,0.4151953,1",
1,4096,transformer.h.2.mlp.c_proj.weight,transformer.h.2.mlp.c_proj.weight,"(384, 1024)",4,lloyd_per_tensor_oracle,0.2946327328681946,0.9560880661010742,0.26470544934272766,0.9646509289741516,0.8945666551589966,0.46147143840789795,1.009433627128601,,,0.004048697184771299,0.006796516943722963,30.556320190429688,0,384,0.2946327328681946,0.9560880661010742,0.00020379746274556965,0.00018574262503534555,0.32624563574790955,0.0001023507138597779,2.0627057892852463e-05,0.00020994935766793787,0.0007040440104901791,0.0,0.0,0.0,0.70957350730896,0.20030485093593597,0.0,0.0,0.0,"-1,-0.3887273,-0.1641394,0,0.1641394,0.3887273,1",
1,4096,transformer.h.2.mlp.c_proj.weight,transformer.h.2.mlp.c_proj.weight,"(384, 1024)",8,lloyd_global,0.29540595412254333,0.9562633037567139,0.2519558072090149,0.968208909034729,0.9025337100028992,0.44377774000167847,1.0097384452819824,0.9026544690132141,0.4412505328655243,0.003779676044359803,0.006001456640660763,30.556320190429688,0,384,0.29540595412254333,0.9562633037567139,0.0001988960284506902,0.00018525077030062675,0.34581756591796875,9.600694465916604e-05,1.9222983610234223e-05,0.00020966101146768779,0.0005679754540324211,0.0,0.0,0.0,0.7346329092979431,0.2037511020898819,0.0,0.0,0.0,"-1,-0.4198408,-0.1791116,0,0.1791116,0.4198408,1",
1,4096,transformer.h.2.mlp.c_proj.weight,transformer.h.2.mlp.c_proj.weight,"(384, 1024)",8,lloyd_per_tensor_oracle,0.29191574454307556,0.956885814666748,0.24898166954517365,0.9687413573265076,0.9041370749473572,0.4402207136154175,1.0101871490478516,,,0.003779676044359803,0.006001456640660763,30.556320190429688,0,384,0.29191574454307556,0.956885814666748,0.00019208881712984294,0.0001753827091306448,0.32126107811927795,9.600694465916604e-05,1.9222983610234223e-05,0.0001971244055312127,0.0006534468266181648,0.0,0.0,0.0,0.7106432914733887,0.19859981536865234,0.0,0.0,0.0,"-1,-0.3904853,-0.1655753,0,0.1655753,0.3904853,1",
1,4096,transformer.h.3.attn.c_attn.weight,transformer.h.3.attn.c_attn.weight,"(1152, 384)",4,lloyd_global,0.27524611353874207,0.961539626121521,0.15725557506084442,0.9875664114952087,0.6344138383865356,0.8798331022262573,1.054632544517517,0.6496042609214783,0.8371344804763794,0.0007309960783459246,0.005038673989474773,1213.813720703125,205,384,0.27524611353874207,0.961539626121521,4.1150455217575654e-05,8.944931323640049e-06,0.3205430805683136,1.656390850257594e-05,3.296479690106935e-06,4.075839387951419e-05,0.00014623970491811633,0.0010515757603570819,0.6280233860015869,0.6290749311447144,0.3690231740474701,0.4786182641983032,0.09692699462175369,2.637068973854184e-06,0.001574913621880114,"-1,-0.4151953,-0.1762106,0,0.1762106,0.4151953,1",
1,4096,transformer.h.3.attn.c_attn.weight,transformer.h.3.attn.c_attn.weight,"(1152, 384)",4,lloyd_per_tensor_oracle,0.27504897117614746,0.961620569229126,0.15713946521282196,0.9875863790512085,0.6346068382263184,0.8797626495361328,1.054971694946289,,,0.0007309960783459246,0.005038673989474773,1213.813720703125,205,384,0.27504897117614746,0.961620569229126,4.1227649489883333e-05,8.971346687758341e-06,0.3224962055683136,1.656390850257594e-05,3.296479690106935e-06,4.097079727216624e-05,0.00014440622180700302,0.0010770419612526894,0.6296390891075134,0.6307161450386047,0.368309885263443,0.4797567129135132,0.09781444072723389,2.695908960959059e-06,0.0015760292299091816,"-1,-0.4177176,-0.1774352,0,0.1774352,0.4177176,1",
1,4096,transformer.h.3.attn.c_attn.weight,transformer.h.3.attn.c_attn.weight,"(1152, 384)",8,lloyd_global,0.27642831206321716,0.9613092541694641,0.1345078945159912,0.9909188151359558,0.6719863414764404,0.8353567123413086,1.058487892150879,0.6853987574577332,0.7932242751121521,0.0006488391081802547,0.00453757680952549,1213.813720703125,205,384,0.27642831206321716,0.9613092541694641,3.618311893660575e-05,8.35049468150828e-06,0.3230929970741272,1.4958382962504402e-05,2.9517184430005727e-06,3.648836354841478e-05,0.00011688113590935245,0.0011522304266691208,0.6391574144363403,0.6403096914291382,0.371744841337204,0.48733747005462646,0.09312418848276138,2.0903289623674937e-06,0.0011595330433920026,"-1,-0.4198408,-0.1791116,0,0.1791116,0.4198408,1",
1,4096,transformer.h.3.attn.c_attn.weight,transformer.h.3.attn.c_attn.weight,"(1152, 384)",8,lloyd_per_tensor_oracle,0.2764730751514435,0.9612584114074707,0.1345239281654358,0.9909160733222961,0.6723999977111816,0.8349390029907227,1.0587167739868164,,,0.0006488391081802547,0.00453757680952549,1213.813720703125,205,384,0.2764730751514435,0.9612584114074707,3.606923564802855e-05,8.316486855619587e-06,0.32037806510925293,1.4958382962504402e-05,2.9517184430005727e-06,3.6201403418090194e-05,0.00011918548261746764,0.0011890878668054938,0.6372807621955872,0.6384698152542114,0.3698989748954773,0.48596006631851196,0.09320460259914398,2.1586006369034294e-06,0.0011568822665140033,"-1,-0.4160452,-0.1775296,0,0.1775296,0.4160452,1",
1,4096,transformer.h.3.attn.c_proj.weight,transformer.h.3.attn.c_proj.weight,"(384, 384)",4,lloyd_global,0.3332362473011017,0.9452918171882629,0.19835004210472107,0.9804114699363708,0.5886569619178772,0.9301194548606873,1.0486969947814941,0.5585036277770996,0.9396765828132629,0.004199946764856577,0.00614113500341773,835444.6875,148,384,0.3332362473011017,0.9452918171882629,0.00020627380581572652,0.00019408727530390024,0.4295925498008728,0.00010673070937627926,2.1446590835694224e-05,0.0002297135506523773,0.0006487408536486328,0.0009645841782912612,0.5821558833122253,0.5831204652786255,0.3535658121109009,0.46479853987693787,0.16296620666980743,8.89090370037593e-06,0.005365930497646332,"-1,-0.4151953,-0.1762106,0,0.1762106,0.4151953,1",
1,4096,transformer.h.3.attn.c_proj.weight,transformer.h.3.attn.c_proj.weight,"(384, 384)",4,lloyd_per_tensor_oracle,0.3155580759048462,0.9495852589607239,0.18784046173095703,0.982265830039978,0.6140461564064026,0.9031745195388794,1.0531070232391357,,,0.004199946764856577,0.00614113500341773,835444.6875,148,384,0.3155580759048462,0.9495852589607239,0.00018316296336706728,0.00016313971718773246,0.3461032509803772,0.00010673070937627926,2.1446590835694224e-05,0.0001924872340168804,0.0008525492739863694,0.0008984482265077531,0.5416872501373291,0.5425856709480286,0.34314659237861633,0.4505982995033264,0.16227300465106964,7.425965577567695e-06,0.0044772205874323845,"-1,-0.3450482,-0.1387817,0,0.1387817,0.3450482,1",
1,4096,transformer.h.3.attn.c_proj.weight,transformer.h.3.attn.c_proj.weight,"(384, 384)",8,lloyd_global,0.33027803897857666,0.9462816119194031,0.17499138414859772,0.9847369194030762,0.6149826645851135,0.9005886316299438,1.0500260591506958,0.5825204849243164,0.9137611389160156,0.003655095584690571,0.005786653142422438,835444.6875,148,384,0.33027803897857666,0.9462816119194031,0.00018219785124529153,0.00017131591448560357,0.4245266318321228,9.270222653867677e-05,1.8556855138740502e-05,0.00020221048907842487,0.0005578594282269478,0.000950189190916717,0.5880988836288452,0.5890490412712097,0.3541433811187744,0.46696048974990845,0.16089379787445068,6.816542736487463e-06,0.004218950401991606,"-1,-0.4198408,-0.1791116,0,0.1791116,0.4198408,1",
1,4096,transformer.h.3.attn.c_proj.weight,transformer.h.3.attn.c_proj.weight,"(384, 384)",8,lloyd_per_tensor_oracle,0.31325313448905945,0.9503523707389832,0.16597600281238556,0.9861695766448975,0.6421867609024048,0.8689799308776855,1.051488995552063,,,0.003655095584690571,0.005786653142422438,835444.6875,148,384,0.31325313448905945,0.9503523707389832,0.0001625290751690045,0.00014550838386639953,0.3445095419883728,9.270222653867677e-05,1.8556855138740502e-05,0.00017042340186890215,0.0007378830341622233,0.0009107623482123017,0.5446986556053162,0.5456094145774841,0.34563058614730835,0.4511631727218628,0.16047440469264984,5.8774744502443355e-06,0.0035151345655322075,"-1,-0.3501866,-0.1421862,0,0.1421862,0.3501866,1",
1,4096,transformer.h.3.mlp.w1.weight,transformer.h.3.mlp.w1.weight,"(1024, 384)",4,lloyd_global,0.2906647324562073,0.9574840068817139,0.24596133828163147,0.9696218371391296,0.8841330409049988,0.4854094386100769,1.0156809091567993,0.8803819417953491,0.4891272783279419,0.001456869300454855,0.0024993927218019962,52.840545654296875,0,384,0.2906647324562073,0.9574840068817139,7.731097139185295e-05,7.018973701633513e-05,0.3317209780216217,3.6977911804569885e-05,7.466233455488691e-06,7.980973896337673e-05,0.00022672672639600933,0.0,0.0,0.0,0.6951302886009216,0.23464278876781464,0.0007486527902074158,0.0,0.0,"-1,-0.4151953,-0.1762106,0,0.1762106,0.4151953,1",
1,4096,transformer.h.3.mlp.w1.weight,transformer.h.3.mlp.w1.weight,"(1024, 384)",4,lloyd_per_tensor_oracle,0.28982672095298767,0.9575777649879456,0.24525371193885803,0.9697188138961792,0.8846955895423889,0.48427221179008484,1.0158342123031616,,,0.001456869300454855,0.0024993927218019962,52.840545654296875,0,384,0.28982672095298767,0.9575777649879456,7.642045966349542e-05,6.882215529913083e-05,0.32285308837890625,3.6977911804569885e-05,7.466233455488691e-06,7.805851782904938e-05,0.0002381552039878443,0.0,0.0,0.0,0.6852832436561584,0.2331334501504898,0.0006990309339016676,0.0,0.0,"-1,-0.4049707,-0.1710563,0,0.1710563,0.4049707,1",
1,4096,transformer.h.3.mlp.w1.weight,transformer.h.3.mlp.w1.weight,"(1024, 384)",8,lloyd_global,0.2901168763637543,0.9577180743217468,0.2303929477930069,0.9733765721321106,0.8956934809684753,0.45990365743637085,1.0130317211151123,0.8916043043136597,0.46561717987060547,0.0013517738552764058,0.0024367785081267357,52.840545654296875,0,384,0.2901168763637543,0.9577180743217468,7.272496441146359e-05,6.629148265346885e-05,0.330902099609375,3.4558706829557195e-05,7.0006294663471635e-06,7.498808554373682e-05,0.00020463322289288044,0.0,0.0,0.0,0.6996495723724365,0.23382771015167236,0.0008458525990135968,0.0,0.0,"-1,-0.4198408,-0.1791116,0,0.1791116,0.4198408,1",
1,4096,transformer.h.3.mlp.w1.weight,transformer.h.3.mlp.w1.weight,"(1024, 384)",8,lloyd_per_tensor_oracle,0.2890867590904236,0.957841157913208,0.22957609593868256,0.9735009670257568,0.8962019681930542,0.45889973640441895,1.0134847164154053,,,0.0013517738552764058,0.0024367785081267357,52.840545654296875,0,384,0.2890867590904236,0.957841157913208,7.176420331234112e-05,6.474871770478785e-05,0.3203277587890625,3.4558706829557195e-05,7.0006294663471635e-06,7.308342173928395e-05,0.00021663750521838665,0.0,0.0,0.0,0.6893571019172668,0.23202845454216003,0.0008154729730449617,0.0,0.0,"-1,-0.4082398,-0.1729116,0,0.1729116,0.4082398,1",
1,4096,transformer.h.3.mlp.w2.weight,transformer.h.3.mlp.w2.weight,"(1024, 384)",4,lloyd_global,0.2934972047805786,0.9567117094993591,0.24694713950157166,0.9694209694862366,0.8819833397865295,0.4895668029785156,1.0144999027252197,0.8775357604026794,0.4949108958244324,0.0014405051479116082,0.0030460339039564133,55.47452926635742,0,384,0.2934972047805786,0.9567117094993591,7.618594827363268e-05,6.860960274934769e-05,0.3388570249080658,3.702541289385408e-05,7.518479378632037e-06,7.874840230215341e-05,0.00022186219575814903,0.0,0.0,0.0,0.6949086785316467,0.24001120030879974,0.0006264731637202203,0.0,0.0,"-1,-0.4151953,-0.1762106,0,0.1762106,0.4151953,1",
1,4096,transformer.h.3.mlp.w2.weight,transformer.h.3.mlp.w2.weight,"(1024, 384)",4,lloyd_per_tensor_oracle,0.29250258207321167,0.9568719863891602,0.24611210823059082,0.9695541858673096,0.8824194669723511,0.48847469687461853,1.013799786567688,,,0.0014405051479116082,0.0030460339039564133,55.47452926635742,0,384,0.29250258207321167,0.9568719863891602,7.529481081292033e-05,6.717014184687287e-05,0.3283945620059967,3.702541289385408e-05,7.518479378632037e-06,7.705047755734995e-05,0.00023199766292236745,0.0,0.0,0.0,0.6889288425445557,0.23654569685459137,0.0005784600507467985,0.0,0.0,"-1,-0.4058385,-0.1703904,0,0.1703904,0.4058385,1",
1,4096,transformer.h.3.mlp.w2.weight,transformer.h.3.mlp.w2.weight,"(1024, 384)",8,lloyd_global,0.2924455404281616,0.9569499492645264,0.23089328408241272,0.973263680934906,0.8936619162559509,0.46440595388412476,1.0132125616073608,0.8887431621551514,0.4717232584953308,0.001340485643595457,0.0025630982127040625,55.47452926635742,0,384,0.2924455404281616,0.9569499492645264,7.16283029760234e-05,6.494241824839264e-05,0.34065499901771545,3.44043000950478e-05,6.922047305124579e-06,7.41598050808534e-05,0.00020257648429833353,0.0,0.0,0.0,0.6922875642776489,0.23842039704322815,0.0008704044739715755,0.0,0.0,"-1,-0.4198408,-0.1791116,0,0.1791116,0.4198408,1",
1,4096,transformer.h.3.mlp.w2.weight,transformer.h.3.mlp.w2.weight,"(1024, 384)",8,lloyd_per_tensor_oracle,0.2914189100265503,0.957127571105957,0.2300795018672943,0.9733927845954895,0.8944208025932312,0.46280109882354736,1.013425588607788,,,0.001340485643595457,0.0025630982127040625,55.47452926635742,0,384,0.2914189100265503,0.957127571105957,7.070232823025435e-05,6.347423186525702e-05,0.3290659487247467,3.44043000950478e-05,6.922047305124579e-06,7.23773191566579e-05,0.0002131796209141612,0.0,0.0,0.0,0.6826769113540649,0.23741625249385834,0.0007534091710112989,0.0,0.0,"-1,-0.4094566,-0.1724684,0,0.1724684,0.4094566,1",
1,4096,transformer.h.3.mlp.c_proj.weight,transformer.h.3.mlp.c_proj.weight,"(384, 1024)",4,lloyd_global,0.30645471811294556,0.9530928134918213,0.2742884159088135,0.9624243378639221,0.8886179327964783,0.4743587374687195,1.009635090827942,0.8897032141685486,0.46968552470207214,0.003995703067630529,0.007866919972002506,28.712738037109375,0,384,0.30645471811294556,0.9530928134918213,0.00020352262072265148,0.0001891661959234625,0.36687469482421875,0.00010180452954955399,2.0645604308811016e-05,0.0002185733028454706,0.0005887965671718121,0.0,0.0,0.0,0.7424191236495972,0.2010888010263443,0.0,0.0,0.0,"-1,-0.4151953,-0.1762106,0,0.1762106,0.4151953,1",
1,4096,transformer.h.3.mlp.c_proj.weight,transformer.h.3.mlp.c_proj.weight,"(384, 1024)",4,lloyd_per_tensor_oracle,0.2997424304485321,0.9545301795005798,0.2682824730873108,0.9636675119400024,0.8922604322433472,0.4664863646030426,1.0094285011291504,,,0.003995703067630529,0.007866919972002506,28.712738037109375,0,384,0.2997424304485321,0.9545301795005798,0.0001935132750077173,0.00017518742242828012,0.3321431577205658,0.00010180452954955399,2.0645604308811016e-05,0.00020138418767601252,0.0006991303525865078,0.0,0.0,0.0,0.7121471166610718,0.1949142962694168,0.0,0.0,0.0,"-1,-0.377676,-0.1579212,0,0.1579212,0.377676,1",
1,4096,transformer.h.3.mlp.c_proj.weight,transformer.h.3.mlp.c_proj.weight,"(384, 1024)",8,lloyd_global,0.2948998510837555,0.9563966989517212,0.25088250637054443,0.9684698581695557,0.9029991030693054,0.4425338804721832,1.0089824199676514,0.9034540057182312,0.4394359290599823,0.0035426237154752016,0.005714877508580685,28.712738037109375,0,384,0.2948998510837555,0.9563966989517212,0.00018605914374347776,0.0001738852879498154,0.3469797670841217,8.9360008132644e-05,1.8053890016744845e-05,0.00019629942835308611,0.0005338746123015881,0.0,0.0,0.0,0.7351096868515015,0.20215176045894623,0.0,0.0,0.0,"-1,-0.4198408,-0.1791116,0,0.1791116,0.4198408,1",
1,4096,transformer.h.3.mlp.c_proj.weight,transformer.h.3.mlp.c_proj.weight,"(384, 1024)",8,lloyd_per_tensor_oracle,0.2915615439414978,0.9569804668426514,0.2480425089597702,0.96896892786026,0.9050607681274414,0.4379318654537201,1.0095082521438599,,,0.0035426237154752016,0.005714877508580685,28.712738037109375,0,384,0.2915615439414978,0.9569804668426514,0.00017983706493396312,0.00016431149560958147,0.32305908203125,8.9360008132644e-05,1.8053890016744845e-05,0.0001848131651058793,0.0006128688110038638,0.0,0.0,0.0,0.709733784198761,0.19925397634506226,0.0,0.0,0.0,"-1,-0.3911788,-0.1659014,0,0.1659014,0.3911788,1",
1,4096,transformer.h.4.attn.c_attn.weight,transformer.h.4.attn.c_attn.weight,"(1152, 384)",4,lloyd_global,0.28106871247291565,0.9600052833557129,0.17088375985622406,0.9853191375732422,0.6461184024810791,0.862979531288147,1.048851490020752,0.6647900342941284,0.8187939524650574,0.0008156806579791009,0.005618885159492493,1179.4605712890625,193,384,0.28106871247291565,0.9600052833557129,4.391968832351267e-05,4.683596671384294e-06,0.3189018964767456,2.0532905182335526e-05,4.145180355408229e-06,4.469636041903868e-05,0.00013488889089785516,0.0007600917597301304,0.5841308236122131,0.5848909020423889,0.3445204496383667,0.49656158685684204,0.11295634508132935,2.4805008251860272e-06,0.0019062658539041877,"-1,-0.4151953,-0.1762106,0,0.1762106,0.4151953,1",
1,4096,transformer.h.4.attn.c_attn.weight,transformer.h.4.attn.c_attn.weight,"(1152, 384)",4,lloyd_per_tensor_oracle,0.2808592617511749,0.9599770307540894,0.17076124250888824,0.9853311777114868,0.6465722918510437,0.8624473214149475,1.0488948822021484,,,0.0008156806579791009,0.005618885159492493,1179.4605712890625,193,384,0.2808592617511749,0.9599770307540894,4.362679101177491e-05,4.631622687156778e-06,0.31655317544937134,2.0532905182335526e-05,4.145180355408229e-06,4.399968383950181e-05,0.00014085012662690133,0.0008181263110600412,0.5801118612289429,0.5809299945831299,0.3410414159297943,0.49281176924705505,0.1138739362359047,2.6694506232161075e-06,0.0018928373465314507,"-1,-0.406668,-0.1747718,0,0.1747718,0.406668,1",
1,4096,transformer.h.4.attn.c_attn.weight,transformer.h.4.attn.c_attn.weight,"(1152, 384)",8,lloyd_global,0.2816292941570282,0.9598659873008728,0.14925937354564667,0.9888140559196472,0.6788401007652283,0.8223839402198792,1.0491527318954468,0.6938096880912781,0.7825496196746826,0.0007081681396812201,0.004823063500225544,1179.4605712890625,193,384,0.2816292941570282,0.9598659873008728,3.8963342376518995e-05,4.387755780044245e-06,0.3091362714767456,1.7854070392786525e-05,3.5996747556055197e-06,3.937555811717175e-05,0.00011260685278102756,0.0008165519102476537,0.5822059512138367,0.5830224752426147,0.35125961899757385,0.49650999903678894,0.10657805949449539,2.0214440610288875e-06,0.0014413006138056517,"-1,-0.4198408,-0.1791116,0,0.1791116,0.4198408,1",
1,4096,transformer.h.4.attn.c_attn.weight,transformer.h.4.attn.c_attn.weight,"(1152, 384)",8,lloyd_per_tensor_oracle,0.2814601957798004,0.9598947167396545,0.14917007088661194,0.988824725151062,0.6789796352386475,0.8226420879364014,1.0501234531402588,,,0.0007081681396812201,0.004823063500225544,1179.4605712890625,193,384,0.2814601957798004,0.9598947167396545,3.8884096284164116e-05,4.372688636067323e-06,0.31104418635368347,1.7854070392786525e-05,3.5996747556055197e-06,3.913816181011498e-05,0.00011488544987514615,0.0008412708411924541,0.5811828374862671,0.5820241570472717,0.3518937826156616,0.49440106749534607,0.10665902495384216,2.080752665278851e-06,0.0014374654274433851,"-1,-0.4160066,-0.1802671,0,0.1802671,0.4160066,1",
1,4096,transformer.h.4.attn.c_proj.weight,transformer.h.4.attn.c_proj.weight,"(384, 384)",4,lloyd_global,0.35741734504699707,0.9374181628227234,0.20744293928146362,0.978671133518219,0.5768203139305115,0.9454247355461121,1.0527921915054321,0.5465815663337708,0.9529018998146057,0.004963366314768791,0.006936203222721815,28812.564453125,148,383,0.35741734504699707,0.9374181628227234,0.00023799699556548148,0.0002244965871796012,0.5136854648590088,0.00012354512000456452,2.5210296371369623e-05,0.0002756332396529615,0.0007878829492256045,0.0009588562534190714,0.5691573023796082,0.5701161026954651,0.34348371624946594,0.46102413535118103,0.17620573937892914,1.1831637493742164e-05,0.00702301599085331,"-1,-0.4151953,-0.1762106,0,0.1762106,0.4151953,1",
1,4096,transformer.h.4.attn.c_proj.weight,transformer.h.4.attn.c_proj.weight,"(384, 384)",4,lloyd_per_tensor_oracle,0.33237627148628235,0.9439315795898438,0.1929226517677307,0.9813247323036194,0.6032485961914062,0.9164080023765564,1.0545912981033325,,,0.004963366314768791,0.006936203222721815,28812.564453125,148,383,0.33237627148628235,0.9439315795898438,0.0002066372544504702,0.00018047567573376,0.3982340395450592,0.00012354512000456452,2.5210296371369623e-05,0.0002245150099042803,0.0009313542395830154,0.001117903389967978,0.5232862830162048,0.5244041681289673,0.3287231922149658,0.44503194093704224,0.17589524388313293,1.1928993444598746e-05,0.005583915859460831,"-1,-0.3744515,-0.130946,0,0.130946,0.3744515,1",
1,4096,transformer.h.4.attn.c_proj.weight,transformer.h.4.attn.c_proj.weight,"(384, 384)",8,lloyd_global,0.3434655964374542,0.9422619342803955,0.1780136525630951,0.9842901229858398,0.611386239528656,0.908239483833313,1.057133436203003,0.5801751613616943,0.9169228672981262,0.004144174978137016,0.005575906950980425,28812.564453125,148,383,0.3434655964374542,0.9422619342803955,0.00020407253759913146,0.00019339952268637717,0.4811876118183136,0.00010314599057892337,2.0891142412438057e-05,0.00023091191542334855,0.0006639278144575655,0.0008476289222016931,0.5700398683547974,0.5708875060081482,0.34573060274124146,0.46235835552215576,0.17531505227088928,7.700739843130577e-06,0.00517883338034153,"-1,-0.4198408,-0.1791116,0,0.1791116,0.4198408,1",
1,4096,transformer.h.4.attn.c_proj.weight,transformer.h.4.attn.c_proj.weight,"(384, 384)",8,lloyd_per_tensor_oracle,0.32526516914367676,0.9464882016181946,0.16858012974262238,0.9857687950134277,0.6333388686180115,0.8839455842971802,1.060511589050293,,,0.004144174978137016,0.005575906950980425,28812.564453125,148,383,0.32526516914367676,0.9464882016181946,0.00018194584117736667,0.00016130506992340088,0.3857150673866272,0.00010314599057892337,2.0891142412438057e-05,0.0001950116566149518,0.0007900740019977093,0.000963291444350034,0.5301434993743896,0.5311067700386047,0.3324795663356781,0.4468381404876709,0.17646005749702454,7.84862095315475e-06,0.004319456405937672,"-1,-0.3761382,-0.1385815,0,0.1385815,0.3761382,1",
1,4096,transformer.h.4.mlp.w1.weight,transformer.h.4.mlp.w1.weight,"(1024, 384)",4,lloyd_global,0.2911222577095032,0.9573153853416443,0.252542644739151,0.9679363369941711,0.8836890459060669,0.48616141080856323,1.0150164365768433,0.8803071975708008,0.4892827272415161,0.0014887666329741478,0.002505848417058587,37.14126968383789,0,384,0.2911222577095032,0.9573153853416443,7.884245860623196e-05,7.155358616728336e-05,0.33087411522865295,3.804223160841502e-05,7.709604687988758e-06,8.153460657922551e-05,0.0002287435781909153,0.0,0.0,0.0,0.695404589176178,0.23415961861610413,0.0001988864241866395,0.0,0.0,"-1,-0.4151953,-0.1762106,0,0.1762106,0.4151953,1",
1,4096,transformer.h.4.mlp.w1.weight,transformer.h.4.mlp.w1.weight,"(1024, 384)",4,lloyd_per_tensor_oracle,0.2901666760444641,0.9574606418609619,0.25171443819999695,0.968062698841095,0.8844869136810303,0.4843190908432007,1.0143767595291138,,,0.0014887666329741478,0.002505848417058587,37.14126968383789,0,384,0.2901666760444641,0.9574606418609619,7.782671309541911e-05,7.001083577051759e-05,0.3218485414981842,3.804223160841502e-05,7.709604687988758e-06,7.952199666760862e-05,0.00024233260774053633,0.0,0.0,0.0,0.6845125555992126,0.2328406572341919,0.0001921293296618387,0.0,0.0,"-1,-0.4032572,-0.1709284,0,0.1709284,0.4032572,1",
1,4096,transformer.h.4.mlp.w1.weight,transformer.h.4.mlp.w1.weight,"(1024, 384)",8,lloyd_global,0.29024550318717957,0.957594633102417,0.23544467985630035,0.972159206867218,0.896081268787384,0.45939427614212036,1.0143886804580688,0.8926204442977905,0.46343374252319336,0.0013751970836892724,0.0027060960419476032,37.14126968383789,0,384,0.29024550318717957,0.957594633102417,7.373260450549424e-05,6.732952897436917e-05,0.32878875732421875,3.510764508973807e-05,7.075109351717401e-06,7.613175694132224e-05,0.00020801993377972394,0.0,0.0,0.0,0.6996971368789673,0.23031161725521088,0.00017771907732822,0.0,0.0,"-1,-0.4198408,-0.1791116,0,0.1791116,0.4198408,1",
1,4096,transformer.h.4.mlp.w1.weight,transformer.h.4.mlp.w1.weight,"(1024, 384)",8,lloyd_per_tensor_oracle,0.289102703332901,0.957739531993866,0.2345171868801117,0.9723063111305237,0.8970105648040771,0.4574342370033264,1.0147546529769897,,,0.0013751970836892724,0.0027060960419476032,37.14126968383789,0,384,0.289102703332901,0.957739531993866,7.267108594533056e-05,6.562517228303477e-05,0.31809744238853455,3.510764508973807e-05,7.075109351717401e-06,7.400858885375783e-05,0.00022239070676732808,0.0,0.0,0.0,0.6872509717941284,0.22910450398921967,0.00017239304725080729,0.0,0.0,"-1,-0.4063802,-0.1728283,0,0.1728283,0.4063802,1",
1,4096,transformer.h.4.mlp.w2.weight,transformer.h.4.mlp.w2.weight,"(1024, 384)",4,lloyd_global,0.29531803727149963,0.9562149047851562,0.25799813866615295,0.9666053056716919,0.8768709897994995,0.5004656314849854,1.0160030126571655,0.8732975721359253,0.5034050941467285,0.0015302569372579455,0.002792088780552149,37.29508972167969,0,384,0.29531803727149963,0.9562149047851562,8.003001130418852e-05,7.285097672138363e-05,0.3443196713924408,3.917573849321343e-05,7.907226972747594e-06,8.366257679881528e-05,0.00023345435329247266,0.0,0.0,0.0,0.689606785774231,0.24551606178283691,0.00019125039398204535,0.0,0.0,"-1,-0.4151953,-0.1762106,0,0.1762106,0.4151953,1",
1,4096,transformer.h.4.mlp.w2.weight,transformer.h.4.mlp.w2.weight,"(1024, 384)",4,lloyd_per_tensor_oracle,0.29330798983573914,0.9565337300300598,0.25624221563339233,0.9668959975242615,0.878524661064148,0.4972832202911377,1.0166741609573364,,,0.0015302569372579455,0.002792088780552149,37.29508972167969,0,384,0.29330798983573914,0.9565337300300598,7.829969399608672e-05,7.021185592748225e-05,0.32758331298828125,3.917573849321343e-05,7.907226972747594e-06,8.042676199693233e-05,0.00025406747590750456,0.0,0.0,0.0,0.6742488741874695,0.2415512204170227,0.000266494374955073,0.0,0.0,"-1,-0.3974288,-0.1667515,0,0.1667515,0.3974288,1",
1,4096,transformer.h.4.mlp.w2.weight,transformer.h.4.mlp.w2.weight,"(1024, 384)",8,lloyd_global,0.29178306460380554,0.9571563005447388,0.23703570663928986,0.9717943668365479,0.8919385671615601,0.4683186411857605,1.013867735862732,0.8880465030670166,0.4731992185115814,0.0013854835415259004,0.002503658179193735,37.29508972167969,0,384,0.29178306460380554,0.9571563005447388,7.377949805231765e-05,6.734851194778457e-05,0.33807626366615295,3.5298027796670794e-05,7.103572897904087e-06,7.67597375670448e-05,0.00020863887039013207,0.0,0.0,0.0,0.687328040599823,0.2439696490764618,0.00023689758381806314,0.0,0.0,"-1,-0.4198408,-0.1791116,0,0.1791116,0.4198408,1",
1,4096,transformer.h.4.mlp.w2.weight,transformer.h.4.mlp.w2.weight,"(1024, 384)",8,lloyd_per_tensor_oracle,0.2901819348335266,0.9574210047721863,0.2357327789068222,0.972003698348999,0.8927528858184814,0.4664229154586792,1.013365387916565,,,0.0013854835415259004,0.002503658179193735,37.29508972167969,0,384,0.2901819348335266,0.9574210047721863,7.238219404825941e-05,6.518285954371095e-05,0.32302603125572205,3.5298027796670794e-05,7.103572897904087e-06,7.406411168631166e-05,0.00022617846843786538,0.0,0.0,0.0,0.6743668913841248,0.23892800509929657,0.00021167052909731865,0.0,0.0,"-1,-0.4035181,-0.1706101,0,0.1706101,0.4035181,1",
1,4096,transformer.h.4.mlp.c_proj.weight,transformer.h.4.mlp.c_proj.weight,"(384, 1024)",4,lloyd_global,0.3023538291454315,0.9542539119720459,0.24777904152870178,0.9692763090133667,0.8930099010467529,0.4657244086265564,1.0128146409988403,0.8913717865943909,0.4661196768283844,0.0038433417212218046,0.005785242188721895,48.06398010253906,0,384,0.3023538291454315,0.9542539119720459,0.00019731496286112815,0.00018391688354313374,0.36211395263671875,9.721815877128392e-05,1.9502262148307636e-05,0.00021048443159088492,0.0005909690517000854,0.0,0.0,0.0,0.738280713558197,0.20196588337421417,0.0006344242137856781,0.0,0.0,"-1,-0.4151953,-0.1762106,0,0.1762106,0.4151953,1",
1,4096,transformer.h.4.mlp.c_proj.weight,transformer.h.4.mlp.c_proj.weight,"(384, 1024)",4,lloyd_per_tensor_oracle,0.2974260151386261,0.9552287459373474,0.24374432861804962,0.9700406789779663,0.8957545161247253,0.4594932496547699,1.0119301080703735,,,0.0038433417212218046,0.005785242188721895,48.06398010253906,0,384,0.2974260151386261,0.9552287459373474,0.00018859207921195775,0.00017112307250499725,0.32959237694740295,9.721815877128392e-05,1.9502262148307636e-05,0.00019524616072885692,0.0006912627723067999,0.0,0.0,0.0,0.7089544534683228,0.19734983146190643,0.0006933514378033578,0.0,0.0,"-1,-0.380866,-0.1590557,0,0.1590557,0.380866,1",
1,4096,transformer.h.4.mlp.c_proj.weight,transformer.h.4.mlp.c_proj.weight,"(384, 1024)",8,lloyd_global,0.2959970235824585,0.9560852646827698,0.22927381098270416,0.9736618399620056,0.905379056930542,0.43736037611961365,1.01018488407135,0.9037187099456787,0.438831627368927,0.003472349839285016,0.004850440192967653,48.06398010253906,0,384,0.2959970235824585,0.9560852646827698,0.0001825879589887336,0.000170388026162982,0.34904733300209045,8.753123984206468e-05,1.766149580362253e-05,0.0001925353572005406,0.0005298476899042726,0.0,0.0,0.0,0.7383714914321899,0.19917675852775574,0.0005797141930088401,0.0,0.0,"-1,-0.4198408,-0.1791116,0,0.1791116,0.4198408,1",
1,4096,transformer.h.4.mlp.c_proj.weight,transformer.h.4.mlp.c_proj.weight,"(384, 1024)",8,lloyd_per_tensor_oracle,0.2926548421382904,0.9566377997398376,0.22668218612670898,0.9741132855415344,0.9069575667381287,0.4337310492992401,1.0103076696395874,,,0.003472349839285016,0.004850440192967653,48.06398010253906,0,384,0.2926548421382904,0.9566377997398376,0.00017624907195568085,0.00016069237608462572,0.32339730858802795,8.753123984206468e-05,1.766149580362253e-05,0.0001809570094337687,0.0006074080592952669,0.0,0.0,0.0,0.711536169052124,0.19554880261421204,0.0006532795960083604,0.0,0.0,"-1,-0.3909612,-0.1649,0,0.1649,0.3909612,1",
1,4096,transformer.h.5.attn.c_attn.weight,transformer.h.5.attn.c_attn.weight,"(1152, 384)",4,lloyd_global,0.2824924886226654,0.9597275853157043,0.20389877259731293,0.9791163802146912,0.5504027605056763,0.9839800000190735,1.0711331367492676,0.53769850730896,0.9615658521652222,0.0004749085637740791,0.0020611360669136047,1080.3116455078125,172,384,0.2824924886226654,0.9597275853157043,2.5298566470155492e-05,3.356476099725114e-06,0.3736775815486908,1.0075648788188118e-05,2.036867272181553e-06,2.6919396987068467e-05,0.00010207502054981887,0.0010432499693706632,0.6043281555175781,0.6053714752197266,0.3618311583995819,0.47889792919158936,0.11742512136697769,9.186047691400745e-07,0.000532124366145581,"-1,-0.4151953,-0.1762106,0,0.1762106,0.4151953,1",
1,4096,transformer.h.5.attn.c_attn.weight,transformer.h.5.attn.c_attn.weight,"(1152, 384)",4,lloyd_per_tensor_oracle,0.28261908888816833,0.9593611359596252,0.20399649441242218,0.9790106415748596,0.5533884763717651,0.981074869632721,1.071794867515564,,,0.0004749085637740791,0.0020611360669136047,1080.3116455078125,172,384,0.28261908888816833,0.9593611359596252,2.4568576918682083e-05,3.1944571219355566e-06,0.34625470638275146,1.0075648788188118e-05,2.036867272181553e-06,2.5320456188637763e-05,0.00011797056504292414,0.0008858461515046656,0.5874307155609131,0.5883165001869202,0.3484570384025574,0.46782025694847107,0.1165386438369751,7.862270194891607e-07,0.0005213703261688352,"-1,-0.3843387,-0.1610769,0,0.1610769,0.3843387,1",
1,4096,transformer.h.5.attn.c_attn.weight,transformer.h.5.attn.c_attn.weight,"(1152, 384)",8,lloyd_global,0.2756694257259369,0.9615879058837891,0.17009881138801575,0.9854708909988403,0.5857682824134827,0.9473854899406433,1.0763404369354248,0.5759563446044922,0.9209184050559998,0.00038907365524210036,0.0014419988729059696,1080.3116455078125,172,384,0.2756694257259369,0.9615879058837891,2.130913890141528e-05,3.222988198103849e-06,0.36708125472068787,8.248443009506445e-06,1.6604686834398308e-06,2.2196747522684745e-05,8.668789087096229e-05,0.0010891665006056428,0.6023632884025574,0.6034524440765381,0.359965980052948,0.4763741195201874,0.1182841882109642,6.672474910374149e-07,0.0003690210869535804,"-1,-0.4198408,-0.1791116,0,0.1791116,0.4198408,1",
1,4096,transformer.h.5.attn.c_attn.weight,transformer.h.5.attn.c_attn.weight,"(1152, 384)",8,lloyd_per_tensor_oracle,0.27739211916923523,0.9608451128005981,0.17115621268749237,0.9852567911148071,0.5868198871612549,0.9462009072303772,1.076361894607544,,,0.00038907365524210036,0.0014419988729059696,1080.3116455078125,172,384,0.27739211916923523,0.9608451128005981,2.084626248688437e-05,3.070396360271843e-06,0.34235072135925293,8.248443009506445e-06,1.6604686834398308e-06,2.104560553561896e-05,9.870187932392582e-05,0.001078778295777738,0.5891166925430298,0.5901954174041748,0.35011041164398193,0.46511906385421753,0.11665583401918411,6.732345241289295e-07,0.00036765076220035553,"-1,-0.3929057,-0.1652723,0,0.1652723,0.3929057,1",
1,4096,transformer.h.5.attn.c_proj.weight,transformer.h.5.attn.c_proj.weight,"(384, 384)",4,lloyd_global,0.27160197496414185,0.9625217318534851,0.19576111435890198,0.9806835651397705,0.6091310977935791,0.911490797996521,1.0584118366241455,0.5762811899185181,0.921164870262146,0.001800794736482203,0.002341153332963586,30126.458984375,117,383,0.27160197496414185,0.9625217318534851,0.00010382149775978178,9.389081969857216e-05,0.2637600302696228,4.543531758827157e-05,9.006363143271301e-06,9.94875153992325e-05,0.00029118795646354556,0.0008518240065313876,0.488095223903656,0.4889470338821411,0.32219839096069336,0.4472001791000366,0.18045181035995483,2.129410859197378e-06,0.0012201525969430804,"-1,-0.4151953,-0.1762106,0,0.1762106,0.4151953,1",
1,4096,transformer.h.5.attn.c_proj.weight,transformer.h.5.attn.c_proj.weight,"(384, 384)",4,lloyd_per_tensor_oracle,0.26995158195495605,0.9632201790809631,0.19457510113716125,0.9809868931770325,0.61252361536026,0.9095587134361267,1.0624998807907104,,,0.001800794736482203,0.002341153332963586,30126.458984375,117,383,0.26995158195495605,0.9632201790809631,0.00010605881834635511,9.893428068608046e-05,0.2949015200138092,4.543531758827157e-05,9.006363143271301e-06,0.00010579014633549377,0.00025011759134940803,0.0008945987792685628,0.49401310086250305,0.4949076771736145,0.32858023047447205,0.4559797942638397,0.18186913430690765,2.209243803008576e-06,0.0012199830962345004,"-1,-0.4431052,-0.197622,0,0.197622,0.4431052,1",
1,4096,transformer.h.5.attn.c_proj.weight,transformer.h.5.attn.c_proj.weight,"(384, 384)",8,lloyd_global,0.2707332968711853,0.9627894163131714,0.17183628678321838,0.9851475358009338,0.6370829939842224,0.8798350095748901,1.0613257884979248,0.6004307866096497,0.8945302367210388,0.001579169649630785,0.002025758381932974,30126.458984375,117,383,0.2707332968711853,0.9627894163131714,9.143337956629694e-05,8.25303141027689e-05,0.2653672993183136,3.985232251579873e-05,7.95348114479566e-06,8.785349928075448e-05,0.00025104344240389764,0.000611055875197053,0.4859151542186737,0.4865261912345886,0.328048974275589,0.4423380494117737,0.1815611571073532,1.1769652701332234e-06,0.0009359295945614576,"-1,-0.4198408,-0.1791116,0,0.1791116,0.4198408,1",
1,4096,transformer.h.5.attn.c_proj.weight,transformer.h.5.attn.c_proj.weight,"(384, 384)",8,lloyd_per_tensor_oracle,0.26971057057380676,0.9632686376571655,0.17119358479976654,0.9852918386459351,0.6360066533088684,0.8820229768753052,1.0631687641143799,,,0.001579169649630785,0.002025758381932974,30126.458984375,117,383,0.26971057057380676,0.9632686376571655,9.316539944848046e-05,8.70218500494957e-05,0.2898763120174408,3.985232251579873e-05,7.95348114479566e-06,9.24737032619305e-05,0.00022242957493290305,0.0007457873434759676,0.49724453687667847,0.49799031019210815,0.3302238881587982,0.4488721191883087,0.18682633340358734,1.4256421536629205e-06,0.0009505293564870954,"-1,-0.4418591,-0.1965861,0,0.1965861,0.4418591,1",
1,4096,transformer.h.5.mlp.w1.weight,transformer.h.5.mlp.w1.weight,"(1024, 384)",4,lloyd_global,0.3248240351676941,0.9475787878036499,0.2650372087955475,0.9650274515151978,0.8532100319862366,0.546815812587738,1.0174224376678467,0.8450914621353149,0.5566202998161316,0.0018897652626037598,0.0061561898328363895,60.48165512084961,0,384,0.3248240351676941,0.9475787878036499,9.46031286730431e-05,8.338084444403648e-05,0.3913218080997467,5.130603676661849e-05,1.0520315299800131e-05,0.00010210481559624895,0.0002646329521667212,0.0,0.0,0.0,0.6702748537063599,0.27744260430336,0.0024191371630877256,0.0,0.0,"-1,-0.4151953,-0.1762106,0,0.1762106,0.4151953,1",
1,4096,transformer.h.5.mlp.w1.weight,transformer.h.5.mlp.w1.weight,"(1024, 384)",4,lloyd_per_tensor_oracle,0.31453272700309753,0.9500489830970764,0.2566399574279785,0.966873288154602,0.8612041473388672,0.5313360095024109,1.0160712003707886,,,0.0018897652626037598,0.0061561898328363895,60.48165512084961,0,384,0.31453272700309753,0.9500489830970764,8.929567411541939e-05,7.667019963264465e-05,0.3490549623966217,5.130603676661849e-05,1.0520315299800131e-05,9.316693467553705e-05,0.00031367549672722816,0.0,0.0,0.0,0.6439720988273621,0.2718352675437927,0.0027579728048294783,0.0,0.0,"-1,-0.3774416,-0.1547165,0,0.1547165,0.3774416,1",
1,4096,transformer.h.5.mlp.w1.weight,transformer.h.5.mlp.w1.weight,"(1024, 384)",8,lloyd_global,0.3049760162830353,0.9534851312637329,0.22866319119930267,0.9738572239875793,0.8817129135131836,0.48983725905418396,1.0134249925613403,0.8739812970161438,0.5020430088043213,0.0015788668533787131,0.003430854296311736,60.48165512084961,0,384,0.3049760162830353,0.9534851312637329,8.25075912871398e-05,7.389203528873622e-05,0.36104074120521545,4.142868783674203e-05,8.379336577490903e-06,8.712871931493282e-05,0.00023043237160891294,0.0,0.0,0.0,0.6714788675308228,0.2697596848011017,0.002370350295677781,0.0,0.0,"-1,-0.4198408,-0.1791116,0,0.1791116,0.4198408,1",
1,4096,transformer.h.5.mlp.w1.weight,transformer.h.5.mlp.w1.weight,"(1024, 384)",8,lloyd_per_tensor_oracle,0.3007454574108124,0.9543319940567017,0.22549496591091156,0.9744385480880737,0.8839862942695618,0.48490190505981445,1.012640357017517,,,0.0015788668533787131,0.003430854296311736,60.48165512084961,0,384,0.3007454574108124,0.9543319940567017,7.980355439940467e-05,7.004138024058193e-05,0.3343912661075592,4.142868783674203e-05,8.379336577490903e-06,8.227096986956894e-05,0.00025855511194095016,0.0,0.0,0.0,0.6517717838287354,0.26666924357414246,0.002215819898992777,0.0,0.0,"-1,-0.3956659,-0.1646449,0,0.1646449,0.3956659,1",
1,4096,transformer.h.5.mlp.w2.weight,transformer.h.5.mlp.w2.weight,"(1024, 384)",4,lloyd_global,0.3204326927661896,0.9488336443901062,0.2688678205013275,0.9639650583267212,0.854112982749939,0.5454122424125671,1.018344759941101,0.8469553589820862,0.5532644391059875,0.001809817273169756,0.0047693816013634205,51.593177795410156,0,384,0.3204326927661896,0.9488336443901062,9.074356785276905e-05,8.059863466769457e-05,0.39135488867759705,4.848877142649144e-05,9.94422680378193e-06,9.787577437236905e-05,0.00025623480905778706,0.0,0.0,0.0,0.664446234703064,0.2793298065662384,0.0017778788460418582,0.0,0.0,"-1,-0.4151953,-0.1762106,0,0.1762106,0.4151953,1",
1,4096,transformer.h.5.mlp.w2.weight,transformer.h.5.mlp.w2.weight,"(1024, 384)",4,lloyd_per_tensor_oracle,0.3118513226509094,0.9508813619613647,0.2616724371910095,0.9655346274375916,0.8606363534927368,0.5327155590057373,1.017059087753296,,,0.001809817273169756,0.0047693816013634205,51.593177795410156,0,384,0.3118513226509094,0.9508813619613647,8.619971777079627e-05,7.459829794242978e-05,0.35163116455078125,4.848877142649144e-05,9.94422680378193e-06,9.014464012579992e-05,0.00029821161297149956,0.0,0.0,0.0,0.6400554776191711,0.2738816738128662,0.0019104290986433625,0.0,0.0,"-1,-0.3822508,-0.1560421,0,0.1560421,0.3822508,1",
1,4096,transformer.h.5.mlp.w2.weight,transformer.h.5.mlp.w2.weight,"(1024, 384)",8,lloyd_global,0.30405211448669434,0.9537644386291504,0.2350022792816162,0.9723846912384033,0.8804302215576172,0.49312156438827515,1.0157643556594849,0.8739138245582581,0.502178966999054,0.001535043935291469,0.003033555345609784,51.593177795410156,0,384,0.30405211448669434,0.9537644386291504,8.009033626876771e-05,7.217226084321737e-05,0.362884521484375,3.9864153222879395e-05,8.063462701102253e-06,8.482790872221813e-05,0.00022286982857622206,0.0,0.0,0.0,0.6724563241004944,0.26899775862693787,0.001681825378909707,0.0,0.0,"-1,-0.4198408,-0.1791116,0,0.1791116,0.4198408,1",
1,4096,transformer.h.5.mlp.w2.weight,transformer.h.5.mlp.w2.weight,"(1024, 384)",8,lloyd_per_tensor_oracle,0.2995845377445221,0.9546486735343933,0.23154844343662262,0.9730358123779297,0.883197009563446,0.48708388209342957,1.0146386623382568,,,0.001535043935291469,0.003033555345609784,51.593177795410156,0,384,0.2995845377445221,0.9546486735343933,7.732562517048791e-05,6.821795250289142e-05,0.3348287045955658,3.9864153222879395e-05,8.063462701102253e-06,7.988860306795686e-05,0.00025140162324532866,0.0,0.0,0.0,0.651344358921051,0.26491254568099976,0.0016165804117918015,0.0,0.0,"-1,-0.3948393,-0.1639281,0,0.1639281,0.3948393,1",
1,4096,transformer.h.5.mlp.c_proj.weight,transformer.h.5.mlp.c_proj.weight,"(384, 1024)",4,lloyd_global,0.3598969578742981,0.9372917413711548,0.22736427187919617,0.9745269417762756,0.8355384469032288,0.5766994953155518,1.0107345581054688,0.8265543580055237,0.5889847278594971,0.005318013485521078,0.008471842855215073,118.9083251953125,13,384,0.3598969578742981,0.9372917413711548,0.00025183812249451876,0.00023763603530824184,0.48256173729896545,0.00013472640421241522,2.7502332159201615e-05,0.00029263534815981984,0.0007540449150837958,0.00010595833009574562,0.06149379163980484,0.06159975379705429,0.7197681665420532,0.24746906757354736,0.004031246993690729,1.5648286080249818e-06,0.0009081612224690616,"-1,-0.4151953,-0.1762106,0,0.1762106,0.4151953,1",
1,4096,transformer.h.5.mlp.c_proj.weight,transformer.h.5.mlp.c_proj.weight,"(384, 1024)",4,lloyd_per_tensor_oracle,0.321432888507843,0.947528064250946,0.2030765414237976,0.9792853593826294,0.8623371720314026,0.5259019136428833,1.004422664642334,,,0.005318013485521078,0.008471842855215073,118.9083251953125,13,384,0.321432888507843,0.947528064250946,0.00020928808953613043,0.0001857588649727404,0.36238861083984375,0.00013472640421241522,2.7502332159201615e-05,0.0002260210894746706,0.0010866639204323292,0.00012554790009744465,0.051133401691913605,0.05125895142555237,0.6444823741912842,0.24719862639904022,0.00364533718675375,1.6790498875707272e-06,0.0006838468252681196,"-1,-0.3185228,-0.1262672,0,0.1262672,0.3185228,1",
1,4096,transformer.h.5.mlp.c_proj.weight,transformer.h.5.mlp.c_proj.weight,"(384, 1024)",8,lloyd_global,0.342926561832428,0.9427505135536194,0.19853940606117249,0.9805219769477844,0.8647822737693787,0.5218306183815002,1.0067169666290283,0.8572216629981995,0.5343862175941467,0.004488272592425346,0.008238682523369789,118.9083251953125,13,384,0.342926561832428,0.9427505135536194,0.00021910622308496386,0.0002054343931376934,0.44754791259765625,0.00011435423220973462,2.3218830392579548e-05,0.000249053438892588,0.0006157366442494094,0.0001297841517953202,0.06300006806850433,0.06312984973192215,0.7182878255844116,0.24888551235198975,0.0035486766137182713,1.4563580634785467e-06,0.0007069481071084738,"-1,-0.4198408,-0.1791116,0,0.1791116,0.4198408,1",
1,4096,transformer.h.5.mlp.c_proj.weight,transformer.h.5.mlp.c_proj.weight,"(384, 1024)",8,lloyd_per_tensor_oracle,0.3144354820251465,0.9498960375785828,0.1820487231016159,0.9833818078041077,0.8826509714126587,0.48480141162872314,1.0013582706451416,,,0.004488272592425346,0.008238682523369789,118.9083251953125,13,384,0.3144354820251465,0.9498960375785828,0.00018948671640828252,0.00016861705807968974,0.3530324399471283,0.00011435423220973462,2.3218830392579548e-05,0.00020257808500900865,0.0008583319722674787,0.00012938327563460916,0.0527496375143528,0.05287901684641838,0.6549127697944641,0.24486307799816132,0.0032483497634530067,1.363135083920497e-06,0.0005557509721256793,"-1,-0.3387569,-0.1363252,0,0.1363252,0.3387569,1",
