seed,update,parameter_id,parameter_name,shape,quantizer,diagonal_error_energy,off_diagonal_error_energy,total_error_energy,projected_error_energy,unresolved_error_energy,top_relative_mode_perturbation_mean,top_relative_mode_perturbation_max,top_error_energy_fraction,top_diagonal_error_energy_fraction,middle_relative_mode_perturbation_mean,middle_relative_mode_perturbation_max,middle_error_energy_fraction,middle_diagonal_error_energy_fraction,tail_relative_mode_perturbation_mean,tail_relative_mode_perturbation_max,tail_error_energy_fraction,tail_diagonal_error_energy_fraction
0,128,transformer.h.0.attn.c_attn.weight,transformer.h.0.attn.c_attn.weight,"[1152, 384]",int8-linear-b2048,1.5961479249426702e-08,6.156701601867098e-06,8.528302714694291e-06,6.172663233883213e-06,2.355639480811078e-06,0.00028412012034095824,0.0007817025762051344,0.09659423679113388,0.00034982478246092796,0.002421135315671563,0.006665127817541361,0.08526545763015747,0.00024177685554604977,0.005820375867187977,0.014712367206811905,0.027513807639479637,6.232743908185512e-05
0,128,transformer.h.0.attn.c_attn.weight,transformer.h.0.attn.c_attn.weight,"[1152, 384]",int4-linear-b2048,5.690641046385281e-06,0.0020278224255889654,0.0028092816937714815,0.0020335130393505096,0.0007757686544209719,0.0036461418494582176,0.01348631177097559,0.09809939563274384,0.00018443992303218693,0.03940718248486519,0.10731454193592072,0.08541470766067505,0.0001962243695743382,0.09991724044084549,0.3426035940647125,0.02716182731091976,6.605351518373936e-05
0,128,transformer.h.0.attn.c_attn.weight,transformer.h.0.attn.c_attn.weight,"[1152, 384]",int4-dynamic-b2048,2.480590410414152e-05,0.0026282239705324173,0.0036366689018905163,0.0026530299801379442,0.000983638921752572,0.013871257193386555,0.02919057570397854,0.10277841240167618,0.004896532278507948,0.04845550283789635,0.15284591913223267,0.08444628119468689,0.00024271319853141904,0.10448402166366577,0.41777303814888,0.02720317430794239,6.27159170107916e-05
0,128,transformer.h.0.attn.c_proj.weight,transformer.h.0.attn.c_proj.weight,"[384, 384]",int8-linear-b2048,3.427232400099456e-07,0.00013024425425101072,0.0001305869809584692,0.0001305869809584692,0.0,0.00023977503587957472,0.0010785117046907544,0.10457030683755875,0.0002321216743439436,0.0034475033171474934,0.01286163367331028,0.1009829044342041,0.0003079680318478495,0.12440381944179535,0.8653263449668884,0.09785126149654388,0.00021860630658920854
0,128,transformer.h.0.attn.c_proj.weight,transformer.h.0.attn.c_proj.weight,"[384, 384]",int4-linear-b2048,0.00012369538308121264,0.04285266250371933,0.04297635704278946,0.04297635704278946,0.0,0.004952405113726854,0.01760248653590679,0.10273198038339615,0.000279807805782184,0.05649516358971596,0.1396288126707077,0.09966767579317093,0.00021588386152870953,4.858055591583252,87.25797271728516,0.1013277918100357,0.00037628295831382275
0,128,transformer.h.0.attn.c_proj.weight,transformer.h.0.attn.c_proj.weight,"[384, 384]",int4-dynamic-b2048,0.0004867873794864863,0.046104516834020615,0.04659130051732063,0.04659130424261093,0.0,0.020340513437986374,0.04560722038149834,0.1124122366309166,0.007811272982507944,0.05608203634619713,0.18713624775409698,0.101532943546772,0.00022630684543401003,2.654513120651245,45.607547760009766,0.10093283653259277,0.0001715230173431337
0,128,transformer.h.0.mlp.w1.weight,transformer.h.0.mlp.w1.weight,"[1024, 384]",int8-linear-b2048,9.10665143294409e-09,3.5506491258274764e-06,9.107454388868064e-06,3.5597556689026533e-06,5.547698492591735e-06,0.0001777309225872159,0.0005737585015594959,0.04532429948449135,0.00011006589920725673,0.0006476481212303042,0.0017084927530959249,0.0383586585521698,0.0001085555340978317,0.0013223453424870968,0.004055559169501066,0.03816581889986992,9.644079545978457e-05
0,128,transformer.h.0.mlp.w1.weight,transformer.h.0.mlp.w1.weight,"[1024, 384]",int4-linear-b2048,3.161242148053134e-06,0.0011747701792046428,0.0030049378983676434,0.0011779314372688532,0.0018270064610987902,0.0034597807098180056,0.014416034333407879,0.04535495117306709,0.0001235383388120681,0.011166589334607124,0.029170623049139977,0.03883132338523865,0.00010173544433200732,0.02780001610517502,0.06948501616716385,0.03820853680372238,0.00011697213631123304
0,128,transformer.h.0.mlp.w1.weight,transformer.h.0.mlp.w1.weight,"[1024, 384]",int4-dynamic-b2048,2.758716800599359e-05,0.0012567886151373386,0.0030042477883398533,0.001284375786781311,0.0017198720015585423,0.017220083624124527,0.027730539441108704,0.06443154811859131,0.005732627119868994,0.02211024798452854,0.04770825430750847,0.04050512611865997,0.00033354965853504837,0.027853064239025116,0.09242075681686401,0.03616459667682648,0.00013087864499539137
0,128,transformer.h.0.mlp.w2.weight,transformer.h.0.mlp.w2.weight,"[1024, 384]",int8-linear-b2048,8.35511837493641e-09,3.2923273920459906e-06,8.457922376692295e-06,3.3006824651238276e-06,5.157239684194792e-06,0.0001820072066038847,0.0008277352899312973,0.046050962060689926,0.00010973220923915505,0.000583605607971549,0.0018157593440264463,0.03857624530792236,9.832347859628499e-05,0.0011248005321249366,0.004187398124486208,0.037543050944805145,7.813986303517595e-05
0,128,transformer.h.0.mlp.w2.weight,transformer.h.0.mlp.w2.weight,"[1024, 384]",int4-linear-b2048,3.2357836516894167e-06,0.0010891783749684691,0.0027960375882685184,0.0010924141388386488,0.0017036234494298697,0.003530563088133931,0.010854437947273254,0.04579642787575722,0.00015403183351736516,0.012028180062770844,0.03181377798318863,0.03878047317266464,0.00011679605086101219,0.026584092527627945,0.07152389734983444,0.03736220300197601,0.00012113601405872032
0,128,transformer.h.0.mlp.w2.weight,transformer.h.0.mlp.w2.weight,"[1024, 384]",int4-dynamic-b2048,2.4475924874423072e-05,0.0011760428315028548,0.0027920505963265896,0.0012005188036710024,0.0015915317926555872,0.01565789431333542,0.030585842207074165,0.06406186521053314,0.00539017328992486,0.02291545271873474,0.053565286099910736,0.04060114175081253,0.0003804459411185235,0.028738636523485184,0.0818415954709053,0.036109741777181625,0.00012510830129031092
0,128,transformer.h.0.mlp.c_proj.weight,transformer.h.0.mlp.c_proj.weight,"[384, 1024]",int8-linear-b2048,2.388050290846877e-07,9.466128540225327e-05,0.0002542847360018641,9.490008960710838e-05,0.0001593846536707133,0.00025245765573345125,0.001143528730608523,0.037829719483852386,0.00011547629401320592,0.0010721321450546384,0.004163840785622597,0.03788289800286293,9.333869820693508e-05,0.0028157199267297983,0.007947392761707306,0.0380915142595768,8.341831562574953e-05
0,128,transformer.h.0.mlp.c_proj.weight,transformer.h.0.mlp.c_proj.weight,"[384, 1024]",int4-linear-b2048,8.441148384008557e-05,0.031168408691883087,0.0829547643661499,0.031252820044755936,0.05170194432139397,0.004121994134038687,0.010624127462506294,0.03851446136832237,0.00010825182107510045,0.021367819979786873,0.04728936776518822,0.038396626710891724,9.157513704849407e-05,0.05165870487689972,0.1811574250459671,0.03849165141582489,0.00010123191896127537
0,128,transformer.h.0.mlp.c_proj.weight,transformer.h.0.mlp.c_proj.weight,"[384, 1024]",int4-dynamic-b2048,0.0010580962989479303,0.019884347915649414,0.047371625900268555,0.0209424439817667,0.026429181918501854,0.033159662038087845,0.04746580123901367,0.060679078102111816,0.015852972865104675,0.04473569616675377,0.08802314847707748,0.04270380362868309,0.0005892934277653694,0.04891583323478699,0.13016600906848907,0.0418960265815258,0.00013679992116522044
0,128,transformer.h.1.attn.c_attn.weight,transformer.h.1.attn.c_attn.weight,"[1152, 384]",int8-linear-b2048,1.253426162861615e-08,5.0137314246967435e-06,6.695887350360863e-06,5.026265625929227e-06,1.6696217244316358e-06,0.0002825099800247699,0.0012476668925955892,0.0989735797047615,0.000285923044430092,0.003318802220746875,0.012056498788297176,0.08612654358148575,0.00023426988627761602,0.010078382678329945,0.03487592563033104,0.029037388041615486,7.260336860781536e-05
0,128,transformer.h.1.attn.c_attn.weight,transformer.h.1.attn.c_attn.weight,"[1152, 384]",int4-linear-b2048,4.035435267724097e-06,0.001646007876843214,0.002204174641519785,0.001650043297559023,0.000554131343960762,0.003500747261568904,0.015246761031448841,0.09822379797697067,0.0001807415101211518,0.06643973290920258,0.2944476008415222,0.08574991673231125,0.0002846310962922871,0.19158074259757996,0.5765992403030396,0.028112461790442467,8.047272422118112e-05
0,128,transformer.h.1.attn.c_attn.weight,transformer.h.1.attn.c_attn.weight,"[1152, 384]",int4-dynamic-b2048,2.312468313903082e-05,0.001971674617379904,0.0026343169156461954,0.001994799356907606,0.0006395175587385893,0.01685822755098343,0.03449311479926109,0.10790270566940308,0.006670230533927679,0.06040779873728752,0.21195682883262634,0.08459070324897766,0.00019201201212126762,0.2097283899784088,0.6246892809867859,0.02779870294034481,8.066090958891436e-05
0,128,transformer.h.1.attn.c_proj.weight,transformer.h.1.attn.c_proj.weight,"[384, 384]",int8-linear-b2048,2.387756694588461e-07,8.320257620653138e-05,8.344134403159842e-05,8.344135130755603e-05,0.0,0.00024583336198702455,0.0008745403029024601,0.0993102416396141,0.000297603226499632,0.003897740738466382,0.01552631612867117,0.10164127498865128,0.00028238544473424554,0.6497363448143005,17.891307830810547,0.10118771344423294,0.00027214043075218797
0,128,transformer.h.1.attn.c_proj.weight,transformer.h.1.attn.c_proj.weight,"[384, 384]",int4-linear-b2048,7.429531251545995e-05,0.027267003431916237,0.027341298758983612,0.027341298758983612,0.0,0.0049590980634093285,0.021896200254559517,0.10416840016841888,0.000289203628199175,0.10046978294849396,0.26783227920532227,0.10105763375759125,0.00042623255285434425,6.324580669403076,136.75674438476562,0.10107612609863281,0.00018487720808479935
0,128,transformer.h.1.attn.c_proj.weight,transformer.h.1.attn.c_proj.weight,"[384, 384]",int4-dynamic-b2048,0.0003163402434438467,0.030862366780638695,0.031178709119558334,0.031178707256913185,1.862645149230957e-09,0.01703711226582527,0.02682701125741005,0.110899418592453,0.006662593223154545,0.08371599018573761,0.21696053445339203,0.10008445382118225,0.0002917702659033239,9.745512008666992,236.79156494140625,0.10016635060310364,0.0003205300308763981
0,128,transformer.h.1.mlp.w1.weight,transformer.h.1.mlp.w1.weight,"[1024, 384]",int8-linear-b2048,7.581439476211926e-09,2.9237971830298193e-06,7.297005140571855e-06,2.9313787308637984e-06,4.365626409708057e-06,0.00021442794241011143,0.0005992715014144778,0.055770836770534515,0.00012503947073128074,0.000916621123906225,0.0031901129987090826,0.038711752742528915,0.0001201853810925968,0.0023003763053566217,0.008925267495214939,0.03700906038284302,0.00011343479854986072
0,128,transformer.h.1.mlp.w1.weight,transformer.h.1.mlp.w1.weight,"[1024, 384]",int4-linear-b2048,2.676571284609963e-06,0.0009265518165193498,0.002305305562913418,0.0009292283793911338,0.001376077183522284,0.005063601303845644,0.015367143787443638,0.055999040603637695,0.0002560253778938204,0.015317583456635475,0.04031211882829666,0.03977290913462639,9.484681504545733e-05,0.04111262038350105,0.11601828783750534,0.036296822130680084,0.00011123766307719052
0,128,transformer.h.1.mlp.w1.weight,transformer.h.1.mlp.w1.weight,"[1024, 384]",int4-dynamic-b2048,1.932204577315133e-05,0.0008580388384871185,0.001818448887206614,0.000877360871527344,0.00094108801567927,0.018766304478049278,0.03122572973370552,0.09638409316539764,0.007275209296494722,0.029097480699419975,0.07268229871988297,0.041842591017484665,0.0003337087109684944,0.04657061770558357,0.15019285678863525,0.03373629227280617,0.00018536957213655114
0,128,transformer.h.1.mlp.w2.weight,transformer.h.1.mlp.w2.weight,"[1024, 384]",int8-linear-b2048,7.314267413960351e-09,2.622213287395425e-06,6.587002644664608e-06,2.629527443787083e-06,3.957475200877525e-06,0.00021812636987306178,0.0009146080701611936,0.05592520162463188,0.0001690333738224581,0.0010520690120756626,0.0033754357136785984,0.03782467171549797,0.00015274326142389327,0.002269583521410823,0.007766957860440016,0.037217166274785995,0.0001165231951745227
0,128,transformer.h.1.mlp.w2.weight,transformer.h.1.mlp.w2.weight,"[1024, 384]",int4-linear-b2048,2.1306591406755615e-06,0.0008507164311595261,0.0021200990304350853,0.0008528470643796027,0.0012672520242631435,0.003725577611476183,0.011161036789417267,0.056408271193504333,0.0001725674665067345,0.016392387449741364,0.05180556699633598,0.03837316483259201,0.00010997920617228374,0.03885568305850029,0.15264767408370972,0.03650569170713425,9.67997548286803e-05
0,128,transformer.h.1.mlp.w2.weight,transformer.h.1.mlp.w2.weight,"[1024, 384]",int4-dynamic-b2048,1.828202402975876e-05,0.0007868462707847357,0.001685125520452857,0.0008051283075474203,0.0008799972129054368,0.017571981996297836,0.02937326952815056,0.09630181640386581,0.007158595137298107,0.027294965460896492,0.04867919161915779,0.04159753397107124,0.00030441689887084067,0.040518224239349365,0.14650918543338776,0.03485216572880745,0.00015404274745378643
0,128,transformer.h.1.mlp.c_proj.weight,transformer.h.1.mlp.c_proj.weight,"[384, 1024]",int8-linear-b2048,2.89657180019276e-07,0.00010827429650817066,0.0002897144586313516,0.0001085639523807913,0.00018115050625056028,0.0002814776380546391,0.0012321403482928872,0.03752616420388222,7.481993816327304e-05,0.001845094608142972,0.005292564630508423,0.03922543302178383,0.00010588151053525507,0.004577403422445059,0.01574467122554779,0.0385320782661438,0.00010389950330136344
0,128,transformer.h.1.mlp.c_proj.weight,transformer.h.1.mlp.c_proj.weight,"[384, 1024]",int4-linear-b2048,0.000443288212409243,0.03440071642398834,0.08664745092391968,0.03484400361776352,0.05180344730615616,0.026128120720386505,0.048645712435245514,0.047053854912519455,0.0023925963323563337,0.05838847905397415,0.16368117928504944,0.040207382291555405,0.0003028637729585171,0.12377714365720749,0.4381254017353058,0.03988167643547058,0.0002055995719274506
0,128,transformer.h.1.mlp.c_proj.weight,transformer.h.1.mlp.c_proj.weight,"[384, 1024]",int4-dynamic-b2048,0.00102510885335505,0.014333548955619335,0.030715610831975937,0.015358657576143742,0.015356953255832195,0.042383596301078796,0.06523767113685608,0.07632104307413101,0.024432456120848656,0.05915425345301628,0.10248101502656937,0.04876159876585007,0.0007605199352838099,0.06935407221317291,0.1989240050315857,0.04712782800197601,0.0001658625405980274
0,128,transformer.h.2.attn.c_attn.weight,transformer.h.2.attn.c_attn.weight,"[1152, 384]",int8-linear-b2048,1.0080641210663543e-08,3.94666403735755e-06,5.081999916001223e-06,3.956744876632001e-06,1.1252550393692218e-06,0.0002589345967862755,0.0010078797349706292,0.10020741075277328,0.0002900120452977717,0.003868740750476718,0.012652724981307983,0.08781005442142487,0.00021711878071073443,0.014609172008931637,0.055927202105522156,0.03234342113137245,8.135871757986024e-05
0,128,transformer.h.2.attn.c_attn.weight,transformer.h.2.attn.c_attn.weight,"[1152, 384]",int4-linear-b2048,3.170675654473598e-06,0.0013012505369260907,0.0016726558096706867,0.0013044212246313691,0.0003682345850393176,0.004251910373568535,0.01887746900320053,0.10050220787525177,0.00024033374211285263,0.06880850344896317,0.21396532654762268,0.08890358358621597,0.00017860907246358693,0.26850610971450806,1.0450596809387207,0.03149005025625229,7.175845530582592e-05
0,128,transformer.h.2.attn.c_attn.weight,transformer.h.2.attn.c_attn.weight,"[1152, 384]",int4-dynamic-b2048,1.8084188923239708e-05,0.0014410753501579165,0.0018664991948753595,0.0014591595390811563,0.0004073396557942033,0.020226022228598595,0.03179486095905304,0.10956616699695587,0.007288276217877865,0.09078802168369293,0.2898872196674347,0.08899935334920883,0.00029349004034884274,0.3293437063694,0.8616018891334534,0.03196319565176964,8.53293458931148e-05
0,128,transformer.h.2.attn.c_proj.weight,transformer.h.2.attn.c_proj.weight,"[384, 384]",int8-linear-b2048,1.7775175820133882e-07,6.59015349810943e-05,6.607927934965119e-05,6.60792866256088e-05,0.0,0.0002865379210561514,0.0010345171904191375,0.1018756628036499,0.00024415546795353293,0.004615921061486006,0.011288551613688469,0.09912949800491333,0.00021550917881540954,1.1550428867340088,34.51240158081055,0.10312310606241226,0.00040123643702827394
0,128,transformer.h.2.attn.c_proj.weight,transformer.h.2.attn.c_proj.weight,"[384, 384]",int4-linear-b2048,6.007236515870318e-05,0.02157549001276493,0.02163556031882763,0.02163556218147278,0.0,0.0058292122557759285,0.01575951837003231,0.10259809345006943,0.00031543103978037834,0.091243214905262,0.3443116545677185,0.10184058547019958,0.0002492395287845284,14.64528751373291,299.41412353515625,0.10223100334405899,0.00022260747209656984
0,128,transformer.h.2.attn.c_proj.weight,transformer.h.2.attn.c_proj.weight,"[384, 384]",int4-dynamic-b2048,0.00024839307297952473,0.02223070152103901,0.022479094564914703,0.022479094564914703,0.0,0.019396338611841202,0.03756066784262657,0.1128249540925026,0.007928145118057728,0.08717458695173264,0.3025346100330353,0.09781871736049652,0.00028261850820854306,10.714835166931152,219.61166381835938,0.10019730031490326,0.0002796196495182812
0,128,transformer.h.2.mlp.w1.weight,transformer.h.2.mlp.w1.weight,"[1024, 384]",int8-linear-b2048,4.636311778938307e-09,1.9240842448198237e-06,4.845102921535727e-06,1.9287206214357866e-06,2.91638230009994e-06,0.00022743221779819578,0.0007514726021327078,0.05219344422221184,0.00012116369907744229,0.0010209768079221249,0.0035305849742144346,0.03768087923526764,0.00010224019933957607,0.0024926820769906044,0.008997862227261066,0.03548179939389229,8.376043115276843e-05
0,128,transformer.h.2.mlp.w1.weight,transformer.h.2.mlp.w1.weight,"[1024, 384]",int4-linear-b2048,1.8981691027875058e-06,0.0006262582028284669,0.0015597798628732562,0.0006281563546508551,0.0009316235082224011,0.004793595522642136,0.019590361043810844,0.052594032138586044,0.0002562804729677737,0.019722068682312965,0.05291979759931564,0.038611602038145065,9.881753794616088e-05,0.05423417314887047,0.14402462542057037,0.03667465224862099,0.00011314119910821319
0,128,transformer.h.2.mlp.w1.weight,transformer.h.2.mlp.w1.weight,"[1024, 384]",int4-dynamic-b2048,1.3580129234469496e-05,0.0005860077799297869,0.0012361218687146902,0.0005995879182592034,0.0006365339504554868,0.019806737080216408,0.030199510976672173,0.08654503524303436,0.008007662370800972,0.031522996723651886,0.07217191159725189,0.04409823194146156,0.00031579594360664487,0.047461334615945816,0.15290091931819916,0.03504486382007599,0.00011006462591467425
0,128,transformer.h.2.mlp.w2.weight,transformer.h.2.mlp.w2.weight,"[1024, 384]",int8-linear-b2048,4.6328176850352065e-09,1.781344963092124e-06,4.465554411581252e-06,1.7859778154161177e-06,2.6795764824782964e-06,0.00021227463730610907,0.0009630187996663153,0.05137397348880768,0.0001140444801421836,0.0010833552805706859,0.004113046918064356,0.03874172270298004,0.00010626332368701696,0.002484692959114909,0.00680558942258358,0.03676776960492134,7.286325126187876e-05
0,128,transformer.h.2.mlp.w2.weight,transformer.h.2.mlp.w2.weight,"[1024, 384]",int4-linear-b2048,1.6472935158162727e-06,0.0005792065057903528,0.0014523114077746868,0.000580853782594204,0.0008714576251804829,0.004375621676445007,0.014134138822555542,0.05182277783751488,0.00014490855392068624,0.02090831659734249,0.0545504167675972,0.0382441021502018,0.00010396147990832105,0.061427947133779526,0.17097289860248566,0.037393711507320404,0.00012185930972918868
0,128,transformer.h.2.mlp.w2.weight,transformer.h.2.mlp.w2.weight,"[1024, 384]",int4-dynamic-b2048,1.1026084393961355e-05,0.0005350306164473295,0.001133061945438385,0.0005460567190311849,0.0005870052264072001,0.01982831582427025,0.03586701303720474,0.08764190971851349,0.007054636720567942,0.025371180847287178,0.05954676866531372,0.0429551936686039,0.00018021663709077984,0.049584805965423584,0.14920870959758759,0.03455209732055664,0.00011671891843434423
0,128,transformer.h.2.mlp.c_proj.weight,transformer.h.2.mlp.c_proj.weight,"[384, 1024]",int8-linear-b2048,1.5363784200417285e-07,5.421013702289201e-05,0.00014517449017148465,5.436377614387311e-05,9.081071766559035e-05,0.0002971832000184804,0.0011689952807500958,0.03898264467716217,0.0001112789468606934,0.0020058979280292988,0.004620411898940802,0.0372774675488472,0.00013092653534840792,0.004932548850774765,0.014982884749770164,0.03770012408494949,0.00011215682025067508
0,128,transformer.h.2.mlp.c_proj.weight,transformer.h.2.mlp.c_proj.weight,"[384, 1024]",int4-linear-b2048,0.00011044403072446585,0.017613084986805916,0.04612844064831734,0.017723528668284416,0.02840491198003292,0.014590377919375896,0.03807581961154938,0.04195388779044151,0.0008489105384796858,0.040618401020765305,0.12880654633045197,0.039424944669008255,0.00018834431830327958,0.09779819846153259,0.24646586179733276,0.03850603476166725,0.00012923475878778845
0,128,transformer.h.2.mlp.c_proj.weight,transformer.h.2.mlp.c_proj.weight,"[384, 1024]",int4-dynamic-b2048,0.0005355631001293659,0.008921416476368904,0.01916300691664219,0.009456980042159557,0.009706026874482632,0.039165593683719635,0.05121320113539696,0.07337122410535812,0.020966442301869392,0.05404898524284363,0.13561958074569702,0.04679078236222267,0.0006076570716686547,0.07053348422050476,0.16238562762737274,0.04632996395230293,0.00015524144691880792
0,128,transformer.h.3.attn.c_attn.weight,transformer.h.3.attn.c_attn.weight,"[1152, 384]",int8-linear-b2048,1.1434217128680757e-08,4.82915083921398e-06,6.051496256986866e-06,4.84058500660467e-06,1.2109112503821962e-06,0.00030254467856138945,0.0013690312625840306,0.10074517875909805,0.00022173364413902164,0.004951802548021078,0.016545850783586502,0.09114232659339905,0.00017996403039433062,0.025314252823591232,0.0592074915766716,0.03346576169133186,7.809620728949085e-05
0,128,transformer.h.3.attn.c_attn.weight,transformer.h.3.attn.c_attn.weight,"[1152, 384]",int4-linear-b2048,3.965096311731031e-06,0.0015988399973139167,0.0020021842792630196,0.001602805103175342,0.0003993791760876775,0.007528184913098812,0.031906239688396454,0.09883394837379456,0.00032957777148112655,0.11489402502775192,0.2868066430091858,0.09136983752250671,0.0002829812001436949,0.5845131874084473,1.860999584197998,0.03331465274095535,0.0001223902654601261
0,128,transformer.h.3.attn.c_attn.weight,transformer.h.3.attn.c_attn.weight,"[1152, 384]",int4-dynamic-b2048,2.51002475124551e-05,0.0014627686468884349,0.001847169711254537,0.0014878688380122185,0.00035930087324231863,0.02616026997566223,0.052024222910404205,0.11647671461105347,0.011222250759601593,0.09297753125429153,0.21029877662658691,0.08949976414442062,0.0001766738569131121,0.3953230082988739,1.1063607931137085,0.032886240631341934,6.15174722042866e-05
0,128,transformer.h.3.attn.c_proj.weight,transformer.h.3.attn.c_proj.weight,"[384, 384]",int8-linear-b2048,1.4032541173492064e-07,5.4574935347773135e-05,5.471525219036266e-05,5.4715259466320276e-05,0.0,0.0002238585875602439,0.0011942359851673245,0.09952807426452637,0.0001895548775792122,0.0056898645125329494,0.017785441130399704,0.10196156799793243,0.0002306250826222822,0.3983685076236725,4.297857284545898,0.10095518827438354,0.00030148515361361206
0,128,transformer.h.3.attn.c_proj.weight,transformer.h.3.attn.c_proj.weight,"[384, 384]",int4-linear-b2048,4.224441363476217e-05,0.017902664840221405,0.017944909632205963,0.017944909632205963,0.0,0.00626365328207612,0.022445227950811386,0.10092317312955856,0.0003023089957423508,0.0901593565940857,0.45062100887298584,0.10108885169029236,0.00020488325390033424,5.264625549316406,68.3575668334961,0.10150906443595886,0.0002529482590034604
0,128,transformer.h.3.attn.c_proj.weight,transformer.h.3.attn.c_proj.weight,"[384, 384]",int4-dynamic-b2048,0.00021532195387408137,0.018130410462617874,0.018345732241868973,0.018345732241868973,0.0,0.02199244499206543,0.03531019389629364,0.1133628785610199,0.008927355520427227,0.11055177450180054,0.4017464518547058,0.09969504922628403,0.00026066371356137097,4.671123504638672,34.44214630126953,0.10209771245718002,0.0002312849392183125
0,128,transformer.h.3.mlp.w1.weight,transformer.h.3.mlp.w1.weight,"[1024, 384]",int8-linear-b2048,4.240527484711265e-09,1.625025561224902e-06,4.044178695039591e-06,1.6292660802719183e-06,2.4149126147676725e-06,0.00021205973462201655,0.0007129515870474279,0.05346320569515228,0.00010706792090786621,0.0013543454697355628,0.004075522068887949,0.039174094796180725,0.00011739050387404859,0.0038553609047085047,0.010816104710102081,0.03731045499444008,0.00012118193990318105
0,128,transformer.h.3.mlp.w1.weight,transformer.h.3.mlp.w1.weight,"[1024, 384]",int4-linear-b2048,1.73174953488342e-06,0.000507655437104404,0.0012482143938541412,0.0005093871732242405,0.0007388272206299007,0.00490126758813858,0.021507417783141136,0.054956164211034775,0.00035941050737164915,0.0214556772261858,0.08193335682153702,0.0396556630730629,0.0001129230295191519,0.05664415284991264,0.17389309406280518,0.037739161401987076,0.0001017009126371704
0,128,transformer.h.3.mlp.w1.weight,transformer.h.3.mlp.w1.weight,"[1024, 384]",int4-dynamic-b2048,9.507272807240952e-06,0.00046702302643097937,0.0009969008387997746,0.0004765302874147892,0.0005203705513849854,0.01991896517574787,0.041977908462285995,0.0852363109588623,0.006828891579061747,0.032927870750427246,0.07977976649999619,0.04339668154716492,0.0002484064898453653,0.06508365273475647,0.15574395656585693,0.035595688968896866,0.00013578528887592256
0,128,transformer.h.3.mlp.w2.weight,transformer.h.3.mlp.w2.weight,"[1024, 384]",int8-linear-b2048,6.459410339942906e-09,2.27458554036275e-06,5.515083103091456e-06,2.281044999108417e-06,3.234038103983039e-06,0.00030432987841777503,0.0010944748064503074,0.06712256371974945,0.00025824710610322654,0.0015698042698204517,0.004913396202027798,0.038106948137283325,0.0001202725907205604,0.0035435068421065807,0.0076544396579265594,0.035956691950559616,6.713590119034052e-05
0,128,transformer.h.3.mlp.w2.weight,transformer.h.3.mlp.w2.weight,"[1024, 384]",int4-linear-b2048,3.534969437168911e-06,0.0006130069959908724,0.0014156480319797993,0.0006165419472381473,0.000799106084741652,0.010227026417851448,0.03144034370779991,0.0822690948843956,0.0012153040152043104,0.028722591698169708,0.08920515328645706,0.038388825953006744,0.00013480485358741134,0.06078780069947243,0.15319868922233582,0.035600319504737854,8.437701035290956e-05
0,128,transformer.h.3.mlp.w2.weight,transformer.h.3.mlp.w2.weight,"[1024, 384]",int4-dynamic-b2048,8.828803402138874e-06,0.0005237849545665085,0.0010089102433994412,0.0005326137761585414,0.0004762964672408998,0.01716356910765171,0.031764205545186996,0.1444808691740036,0.006388587411493063,0.032996244728565216,0.08969447761774063,0.04020179435610771,0.00023206108016893268,0.06230957806110382,0.17677801847457886,0.032164089381694794,0.0001233812654390931
0,128,transformer.h.3.mlp.c_proj.weight,transformer.h.3.mlp.c_proj.weight,"[384, 1024]",int8-linear-b2048,1.0964599539420306e-07,4.065983011969365e-05,0.0001091156154870987,4.076947516296059e-05,6.83461403241381e-05,0.00024199247127398849,0.0008707645465619862,0.038484495133161545,8.200574666261673e-05,0.0019229656318202615,0.004000323358923197,0.037524085491895676,0.00012405673624016345,0.004290570039302111,0.010216847993433475,0.038297541439533234,8.461072866339236e-05
0,128,transformer.h.3.mlp.c_proj.weight,transformer.h.3.mlp.c_proj.weight,"[384, 1024]",int4-linear-b2048,6.744329584762454e-05,0.01316823996603489,0.03458530455827713,0.013235683552920818,0.021349620074033737,0.01056939922273159,0.028078818693757057,0.041434064507484436,0.0006746921571902931,0.03362647816538811,0.08859933912754059,0.03870519995689392,0.00011987137258984149,0.08972244709730148,0.24797317385673523,0.039441872388124466,0.00012295776105020195
0,128,transformer.h.3.mlp.c_proj.weight,transformer.h.3.mlp.c_proj.weight,"[384, 1024]",int4-dynamic-b2048,0.0004320949665270746,0.00703339371830225,0.015478847548365593,0.007465488743036985,0.00801335833966732,0.03832047060132027,0.0525706522166729,0.07201644778251648,0.02228948287665844,0.05345478281378746,0.11814098805189133,0.046174805611371994,0.0005633403197862208,0.07127273082733154,0.21871306002140045,0.047183047980070114,0.00015716116467956454
0,128,transformer.h.4.attn.c_attn.weight,transformer.h.4.attn.c_attn.weight,"[1152, 384]",int8-linear-b2048,1.0503313774279377e-08,4.22133416577708e-06,5.275813236949034e-06,4.231837465340504e-06,1.0439757716085296e-06,0.0003170711570419371,0.0015912798698991537,0.09954458475112915,0.00022181792883202434,0.005828970577567816,0.015690045431256294,0.0930350050330162,0.00019870323012582958,0.03443579003214836,0.09824538230895996,0.033865489065647125,0.00011006665590684861
0,128,transformer.h.4.attn.c_attn.weight,transformer.h.4.attn.c_attn.weight,"[1152, 384]",int4-linear-b2048,3.418006599531509e-06,0.0013869160320609808,0.0017301549669355154,0.0013903339859098196,0.0003398209810256958,0.004244547802954912,0.018617762252688408,0.10054849088191986,0.00021765450946986675,0.10305915772914886,0.26108014583587646,0.09280030429363251,0.00020304818463046104,0.5524247288703918,1.6338846683502197,0.03306340426206589,0.00010983218817273155
0,128,transformer.h.4.attn.c_attn.weight,transformer.h.4.attn.c_attn.weight,"[1152, 384]",int4-dynamic-b2048,1.825573963287752e-05,0.0013811883982270956,0.0017370852874591947,0.0013994441833347082,0.00033764110412448645,0.025344206020236015,0.07000274211168289,0.11198915541172028,0.008061164990067482,0.12295900285243988,0.5974838733673096,0.09081526845693588,0.00034328203764744103,0.4264824092388153,1.6766910552978516,0.032600875943899155,6.552949344040826e-05
0,128,transformer.h.4.attn.c_proj.weight,transformer.h.4.attn.c_proj.weight,"[384, 384]",int8-linear-b2048,1.3692343259208428e-07,5.6539523939136416e-05,5.667644290952012e-05,5.6676446547498927e-05,0.0,0.0002823378308676183,0.00108649383764714,0.10354561358690262,0.00022175237245392054,0.007053156848996878,0.022199951112270355,0.1020532175898552,0.000277158513199538,0.6246674656867981,9.124709129333496,0.1013723760843277,0.00025407204520888627
0,128,transformer.h.4.attn.c_proj.weight,transformer.h.4.attn.c_proj.weight,"[384, 384]",int4-linear-b2048,5.513975702342577e-05,0.01856176182627678,0.018616899847984314,0.018616901710629463,0.0,0.008037259802222252,0.03768995776772499,0.10243856906890869,0.00043792242649942636,0.1376398652791977,0.8244645595550537,0.10175789892673492,0.0003914469853043556,10.870927810668945,168.8225860595703,0.10403171926736832,0.00024881167337298393
0,128,transformer.h.4.attn.c_proj.weight,transformer.h.4.attn.c_proj.weight,"[384, 384]",int4-dynamic-b2048,0.0002229036472272128,0.018141256645321846,0.018364157527685165,0.018364159390330315,0.0,0.025412775576114655,0.05045810714364052,0.11500295996665955,0.009716644883155823,0.1417933702468872,0.4289678931236267,0.10250752419233322,0.0003347633464727551,4.673957347869873,30.39122200012207,0.1006636917591095,0.00015344929124694318
0,128,transformer.h.4.mlp.w1.weight,transformer.h.4.mlp.w1.weight,"[1024, 384]",int8-linear-b2048,3.6190570540384215e-09,1.448051079933066e-06,3.5925959309679456e-06,1.4516701867250958e-06,2.1409257442428498e-06,0.0002200784074375406,0.001291970955207944,0.056434500962495804,0.00011035393254132941,0.001490349997766316,0.0036856557708233595,0.03818407654762268,0.00011117610847577453,0.004233946558088064,0.01319795660674572,0.03689491003751755,0.00012650211283471435
0,128,transformer.h.4.mlp.w1.weight,transformer.h.4.mlp.w1.weight,"[1024, 384]",int4-linear-b2048,1.3216877050581388e-06,0.00045975676039233804,0.0011218542931601405,0.0004610784526448697,0.0006607758114114404,0.006318110041320324,0.02124098502099514,0.05789261683821678,0.0002592741511762142,0.020744260400533676,0.057730335742235184,0.038301412016153336,7.127078424673527e-05,0.07116463780403137,0.2974224388599396,0.03675104305148125,0.00011649950465653092
0,128,transformer.h.4.mlp.w1.weight,transformer.h.4.mlp.w1.weight,"[1024, 384]",int4-dynamic-b2048,9.184696864394937e-06,0.00042862605187110603,0.0009082297328859568,0.0004378107551019639,0.0004704189777839929,0.021204566583037376,0.034633439034223557,0.09175974875688553,0.007991381920874119,0.036595698446035385,0.08782526850700378,0.04328747093677521,0.00024839621619321406,0.050964295864105225,0.10529006272554398,0.03433207422494888,5.625557241728529e-05
0,128,transformer.h.4.mlp.w2.weight,transformer.h.4.mlp.w2.weight,"[1024, 384]",int8-linear-b2048,2.957450284668539e-09,1.1846464076370467e-06,2.9718730729655363e-06,1.1876038570335368e-06,1.7842692159319995e-06,0.00015353337221313268,0.0006619744817726314,0.04885492101311684,8.030214667087421e-05,0.0011423190589994192,0.004083757754415274,0.038777533918619156,8.249918028013781e-05,0.003440732369199395,0.01829591579735279,0.037703417241573334,9.736031643114984e-05
0,128,transformer.h.4.mlp.w2.weight,transformer.h.4.mlp.w2.weight,"[1024, 384]",int4-linear-b2048,1.141135271609528e-06,0.00038763912743888795,0.0009681786759756505,0.000388780259527266,0.0005793984164483845,0.004948089364916086,0.01949521154165268,0.049898549914360046,0.0001698915148153901,0.01683896593749523,0.06438391655683517,0.039907798171043396,5.821106969960965e-05,0.048256102949380875,0.17825815081596375,0.036448054015636444,6.967767694732174e-05
0,128,transformer.h.4.mlp.w2.weight,transformer.h.4.mlp.w2.weight,"[1024, 384]",int4-dynamic-b2048,7.983463547134306e-06,0.00036991105298511684,0.0008018612279556692,0.00037789452471770346,0.0004239667032379657,0.01979093812406063,0.03252972289919853,0.07965413480997086,0.007600368466228247,0.031147807836532593,0.09608238935470581,0.04309399798512459,0.0001901858631754294,0.062188100069761276,0.20153257250785828,0.03476381301879883,0.00011116086534457281
0,128,transformer.h.4.mlp.c_proj.weight,transformer.h.4.mlp.c_proj.weight,"[384, 1024]",int8-linear-b2048,7.919742017747922e-08,3.147259485558607e-05,8.392056042794138e-05,3.1551793654216453e-05,5.236876677372493e-05,0.00030476314714178443,0.00110177684109658,0.038554150611162186,0.00013187856529839337,0.001454961602576077,0.004730514250695705,0.037797100841999054,7.50417893868871e-05,0.005655170418322086,0.017935344949364662,0.03833770379424095,0.0001591790933161974
0,128,transformer.h.4.mlp.c_proj.weight,transformer.h.4.mlp.c_proj.weight,"[384, 1024]",int4-linear-b2048,3.441869921516627e-05,0.010199197567999363,0.027009520679712296,0.010233616456389427,0.01677590422332287,0.006667157169431448,0.020847570151090622,0.03985430672764778,0.0002259336761198938,0.02878032624721527,0.07920338213443756,0.038073305040597916,8.69727082317695e-05,0.08677821606397629,0.23951128125190735,0.038979142904281616,0.00010915894381469116
0,128,transformer.h.4.mlp.c_proj.weight,transformer.h.4.mlp.c_proj.weight,"[384, 1024]",int4-dynamic-b2048,0.000327496905811131,0.006032992620021105,0.013335203751921654,0.006360489409416914,0.00697471434250474,0.036225829273462296,0.051641713827848434,0.0697036162018776,0.019506245851516724,0.05333266407251358,0.12395782768726349,0.046012621372938156,0.0004546333511825651,0.08448275178670883,0.243698850274086,0.045555710792541504,0.0002059365506283939
0,128,transformer.h.5.attn.c_attn.weight,transformer.h.5.attn.c_attn.weight,"[1152, 384]",int8-linear-b2048,1.4289427419100775e-08,4.7174139581329655e-06,5.834454896103125e-06,4.731703484139871e-06,1.1027514119632542e-06,0.0004859156033489853,0.002156560542061925,0.09924320131540298,0.00032786090741865337,0.007966642268002033,0.024526486173272133,0.09282033890485764,0.0002860829990822822,0.03685513511300087,0.09002818167209625,0.036253754049539566,9.628437692299485e-05
0,128,transformer.h.5.attn.c_attn.weight,transformer.h.5.attn.c_attn.weight,"[1152, 384]",int4-linear-b2048,3.860411197820213e-06,0.0015455875545740128,0.0019080687779933214,0.0015494480030611157,0.0003586207749322057,0.006826603319495916,0.02996777929365635,0.09943579137325287,0.0001838800817495212,0.12572874128818512,0.3757714033126831,0.09400956332683563,0.00023721790057606995,0.4225428104400635,1.2162162065505981,0.035720814019441605,4.6733337512705475e-05
0,128,transformer.h.5.attn.c_attn.weight,transformer.h.5.attn.c_attn.weight,"[1152, 384]",int4-dynamic-b2048,2.200825656473171e-05,0.0015771291218698025,0.001953811850398779,0.0015991373220458627,0.00035467452835291624,0.026416072621941566,0.0488261915743351,0.11370514333248138,0.009270965121686459,0.12252765148878098,0.33663371205329895,0.09175054728984833,0.00019118479394819587,0.7116006016731262,2.481443166732788,0.03449522331357002,0.0001034327142406255
0,128,transformer.h.5.attn.c_proj.weight,transformer.h.5.attn.c_proj.weight,"[384, 384]",int8-linear-b2048,2.2280943312580348e-07,8.304457151098177e-05,8.326738316100091e-05,8.326738316100091e-05,0.0,0.000454671768238768,0.002179801696911454,0.10142633318901062,0.0002364642859902233,0.008527911268174648,0.02887265756726265,0.1024087592959404,0.0002996150578837842,1.0496262311935425,24.335405349731445,0.10058639198541641,0.0003315216745249927
0,128,transformer.h.5.attn.c_proj.weight,transformer.h.5.attn.c_proj.weight,"[384, 384]",int4-linear-b2048,7.516355981351808e-05,0.02718515694141388,0.027260322123765945,0.027260320261120796,1.862645149230957e-09,0.009383007884025574,0.03421859070658684,0.10191953927278519,0.00029026000993326306,0.15193501114845276,0.6171972155570984,0.09959717094898224,0.00026567408349364996,10.713543891906738,105.07847595214844,0.10254132747650146,0.0002688053355086595
0,128,transformer.h.5.attn.c_proj.weight,transformer.h.5.attn.c_proj.weight,"[384, 384]",int4-dynamic-b2048,0.0002926290617324412,0.025077205151319504,0.025369836017489433,0.025369834154844284,1.862645149230957e-09,0.025650305673480034,0.05679287016391754,0.1147167906165123,0.009257101453840733,0.12535618245601654,0.4811433255672455,0.0998186394572258,0.00018439443374518305,18.366924285888672,285.9068908691406,0.10100530833005905,0.00024225858214776963
0,128,transformer.h.5.mlp.w1.weight,transformer.h.5.mlp.w1.weight,"[1024, 384]",int8-linear-b2048,2.983263192035679e-09,1.3232306628196966e-06,3.309523663119762e-06,1.3262139191283495e-06,1.983309630304575e-06,0.00028611341258510947,0.000954211805947125,0.05208606272935867,0.0001549302542116493,0.001177384052425623,0.0026589741464704275,0.03941090404987335,6.031826706021093e-05,0.002984193619340658,0.009973161853849888,0.03721606358885765,5.3744948672829196e-05
0,128,transformer.h.5.mlp.w1.weight,transformer.h.5.mlp.w1.weight,"[1024, 384]",int4-linear-b2048,1.3486763918990619e-06,0.0004260091227479279,0.0010584930423647165,0.00042735779425129294,0.0006311352481134236,0.005990124307572842,0.023830734193325043,0.05080327019095421,0.000276815117103979,0.029475564137101173,0.09671510756015778,0.039364054799079895,0.00012697531201411039,0.0739293247461319,0.25185102224349976,0.03848586231470108,0.00010066925460705534
0,128,transformer.h.5.mlp.w1.weight,transformer.h.5.mlp.w1.weight,"[1024, 384]",int4-dynamic-b2048,8.660144885652699e-06,0.0003886959748342633,0.0008442535763606429,0.000397356110624969,0.0004468974657356739,0.021344849839806557,0.0401897169649601,0.08356345444917679,0.008001402951776981,0.03563812002539635,0.10780411213636398,0.04279520735144615,0.00021869453485123813,0.07239795476198196,0.1692836433649063,0.03575875982642174,0.00011347612598910928
0,128,transformer.h.5.mlp.w2.weight,transformer.h.5.mlp.w2.weight,"[1024, 384]",int8-linear-b2048,3.296227291116338e-09,1.2087663208149024e-06,2.9972657102916855e-06,1.212062556987803e-06,1.7852031533038826e-06,0.0002485309378243983,0.0010392925469204783,0.05041465535759926,0.00015890847134869546,0.0015605712542310357,0.004193324130028486,0.03943690285086632,9.971449617296457e-05,0.0048738992772996426,0.014169294387102127,0.03712943568825722,0.00012544971832539886
0,128,transformer.h.5.mlp.w2.weight,transformer.h.5.mlp.w2.weight,"[1024, 384]",int4-linear-b2048,9.94824063127453e-07,0.0003887008351739496,0.000958270626142621,0.00038969566230662167,0.0005685749929398298,0.0052244337275624275,0.016613522544503212,0.051596853882074356,0.00018109734810423106,0.021404152736067772,0.07213009893894196,0.03913472220301628,7.239177648443729e-05,0.0718039721250534,0.21028520166873932,0.03649042174220085,8.548200275981799e-05
0,128,transformer.h.5.mlp.w2.weight,transformer.h.5.mlp.w2.weight,"[1024, 384]",int4-dynamic-b2048,7.86278997111367e-06,0.00036036621895618737,0.0007730642100796103,0.0003682289971038699,0.00040483521297574043,0.021201184019446373,0.04126034304499626,0.081260547041893,0.008216515183448792,0.03806064650416374,0.12175465375185013,0.042831551283597946,0.0002736915193963796,0.05450830236077309,0.14942584931850433,0.03455139324069023,7.039993215585127e-05
0,128,transformer.h.5.mlp.c_proj.weight,transformer.h.5.mlp.c_proj.weight,"[384, 1024]",int8-linear-b2048,1.1545790812306223e-07,4.677426113630645e-05,0.00012539231101982296,4.688971966970712e-05,7.850259135011584e-05,0.00037461650208570063,0.0010845044162124395,0.03816527500748634,9.276186756324023e-05,0.0021256941836327314,0.006464209873229265,0.037434954196214676,8.056913065956905e-05,0.006050317548215389,0.016751041635870934,0.03830515220761299,8.761673234403133e-05
0,128,transformer.h.5.mlp.c_proj.weight,transformer.h.5.mlp.c_proj.weight,"[384, 1024]",int4-linear-b2048,0.00017080939142033458,0.014681711792945862,0.03723748028278351,0.014852521009743214,0.02238496020436287,0.026990003883838654,0.06362040340900421,0.04991966113448143,0.0025990542490035295,0.06504928320646286,0.15825633704662323,0.03868551179766655,0.00021941764862276614,0.1551837921142578,0.416142076253891,0.03986174613237381,0.00020155672973487526
0,128,transformer.h.5.mlp.c_proj.weight,transformer.h.5.mlp.c_proj.weight,"[384, 1024]",int4-dynamic-b2048,0.0004472570726647973,0.006004374008625746,0.013233575969934464,0.006451630964875221,0.006781945005059242,0.04401679337024689,0.06202767789363861,0.07962395250797272,0.028252899646759033,0.055357418954372406,0.11343184113502502,0.04570954665541649,0.00044080562656745315,0.07846397906541824,0.20028524100780487,0.0455498993396759,0.00014998578990343958
0,512,transformer.h.0.attn.c_attn.weight,transformer.h.0.attn.c_attn.weight,"[1152, 384]",int8-linear-b2048,1.8029487236503883e-08,7.137577540561324e-06,1.0146768545382656e-05,7.15560690878192e-06,2.9911616366007365e-06,0.00026054418412968516,0.001181739498861134,0.09323159605264664,0.0002766658435575664,0.0024915914982557297,0.006705274805426598,0.08238603919744492,0.0001888838887680322,0.00790743064135313,0.021271254867315292,0.02971041388809681,8.098273247014731e-05
0,512,transformer.h.0.attn.c_attn.weight,transformer.h.0.attn.c_attn.weight,"[1152, 384]",int4-linear-b2048,6.831402970419731e-06,0.002355278702452779,0.003335876390337944,0.002362110186368227,0.000973766203969717,0.00464185094460845,0.026650050655007362,0.09317006915807724,0.0002484898141119629,0.05154246464371681,0.1365433782339096,0.08355458080768585,0.00021773239132016897,0.11609111726284027,0.3159472644329071,0.029001183807849884,5.771478026872501e-05
0,512,transformer.h.0.attn.c_attn.weight,transformer.h.0.attn.c_attn.weight,"[1152, 384]",int4-dynamic-b2048,3.198338163201697e-05,0.002862044610083103,0.004042144864797592,0.002894028089940548,0.0011481167748570442,0.01323186419904232,0.03293095901608467,0.10313478857278824,0.005670555867254734,0.0617913156747818,0.20765437185764313,0.0818127691745758,0.00032122936681844294,0.14139913022518158,0.3405311703681946,0.029423128813505173,7.020272460067645e-05
0,512,transformer.h.0.attn.c_proj.weight,transformer.h.0.attn.c_proj.weight,"[384, 384]",int8-linear-b2048,2.5054049501704867e-07,9.764015703694895e-05,9.789068280952051e-05,9.789069736143574e-05,0.0,0.0002674087299965322,0.0010706197936087847,0.10284541547298431,0.0002585127658676356,0.003975738305598497,0.01296923216432333,0.10176393389701843,0.0003231619775760919,0.12258820980787277,0.9145880937576294,0.10263849049806595,0.00021497455600183457
0,512,transformer.h.0.attn.c_proj.weight,transformer.h.0.attn.c_proj.weight,"[384, 384]",int4-linear-b2048,9.13038820726797e-05,0.03210601210594177,0.03219731152057648,0.032197315245866776,0.0,0.00573375541716814,0.01875547133386135,0.10209906101226807,0.00035287844366393983,0.07870364934206009,0.23880839347839355,0.10193590819835663,0.0003658281057141721,2.7899017333984375,33.14336395263672,0.10009767860174179,0.0002258431923110038
0,512,transformer.h.0.attn.c_proj.weight,transformer.h.0.attn.c_proj.weight,"[384, 384]",int4-dynamic-b2048,0.00038303324254229665,0.03475421667098999,0.03513723984360695,0.035137251019477844,0.0,0.020147424191236496,0.04025872424244881,0.11183761060237885,0.007625460624694824,0.07497479021549225,0.22708310186862946,0.09940892457962036,0.0003390265628695488,3.6342456340789795,49.85139083862305,0.0992702841758728,0.0002135506656486541
0,512,transformer.h.0.mlp.w1.weight,transformer.h.0.mlp.w1.weight,"[1024, 384]",int8-linear-b2048,1.3854294600434969e-08,4.439379154064227e-06,1.1641114724625368e-05,4.453233486856334e-06,7.187881237769034e-06,0.00022056807938497514,0.0006488417275249958,0.042608730494976044,0.000166231780895032,0.000615851953625679,0.002750252839177847,0.038710817694664,0.00012501222954597324,0.00135225139092654,0.004346818663179874,0.037471793591976166,0.00011183889728272334
0,512,transformer.h.0.mlp.w1.weight,transformer.h.0.mlp.w1.weight,"[1024, 384]",int4-linear-b2048,4.301200533518568e-06,0.0014722658088430762,0.0038411584682762623,0.001476567005738616,0.0023645914625376463,0.003199114929884672,0.014781988225877285,0.04282350838184357,0.0001718251296551898,0.010038647800683975,0.026494279503822327,0.03918280825018883,9.221794607583433e-05,0.025944294407963753,0.07661400735378265,0.03764468804001808,0.0001146922804764472
0,512,transformer.h.0.mlp.w1.weight,transformer.h.0.mlp.w1.weight,"[1024, 384]",int4-dynamic-b2048,3.171098433085717e-05,0.0015628583496436477,0.0037775980308651924,0.0015945693012326956,0.002183028729632497,0.015596268698573112,0.026694705709815025,0.05833638459444046,0.00454046530649066,0.025276413187384605,0.05007104203104973,0.04116000235080719,0.0005144505412317812,0.029977239668369293,0.09778565168380737,0.03571540117263794,0.00018553364498075098
0,512,transformer.h.0.mlp.w2.weight,transformer.h.0.mlp.w2.weight,"[1024, 384]",int8-linear-b2048,1.1277026423783809e-08,4.410501333040884e-06,1.127430732594803e-05,4.421778157848166e-06,6.8525291680998635e-06,0.00013831607066094875,0.00044539899681694806,0.04603855684399605,7.943777018226683e-05,0.0006447553168982267,0.001889776554889977,0.039201635867357254,0.00011434448970248923,0.001595263835042715,0.003892152337357402,0.03751474246382713,0.0001253088703379035
0,512,transformer.h.0.mlp.w2.weight,transformer.h.0.mlp.w2.weight,"[1024, 384]",int4-linear-b2048,4.604075911629479e-06,0.0014374603051692247,0.003682284615933895,0.0014420644147321582,0.002240220084786415,0.0026162839494645596,0.007906348444521427,0.04553651437163353,0.00013224319263827056,0.009047329425811768,0.03870110586285591,0.03877779468894005,9.822448919294402e-05,0.03236059099435806,0.07873959839344025,0.0377611443400383,0.00014739777543582022
0,512,transformer.h.0.mlp.w2.weight,transformer.h.0.mlp.w2.weight,"[1024, 384]",int4-dynamic-b2048,3.629575076047331e-05,0.0014951105695217848,0.0035389980766922235,0.0015314063057303429,0.0020075917709618807,0.018339108675718307,0.027833329513669014,0.06339064240455627,0.005884342826902866,0.021624958142638206,0.047803040593862534,0.04126880317926407,0.00040981717756949365,0.03462008759379387,0.08670872449874878,0.03639956936240196,0.00019029703980777413
0,512,transformer.h.0.mlp.c_proj.weight,transformer.h.0.mlp.c_proj.weight,"[384, 1024]",int8-linear-b2048,2.485631398485566e-07,9.593839786248282e-05,0.00025605002883821726,9.618695912649855e-05,0.0001598630624357611,0.0002510463527869433,0.0006561969639733434,0.03961639851331711,0.00012194209557492286,0.0007880819612182677,0.0024124635383486748,0.03782770782709122,7.980250666150823e-05,0.002180721377953887,0.006073495373129845,0.03721228986978531,9.150618279818445e-05
0,512,transformer.h.0.mlp.c_proj.weight,transformer.h.0.mlp.c_proj.weight,"[384, 1024]",int4-linear-b2048,8.458947559120134e-05,0.03152308240532875,0.08394040167331696,0.031607672572135925,0.05233272910118103,0.0037925385404378176,0.01631208509206772,0.039169780910015106,0.00012915287516079843,0.01391130406409502,0.03776140883564949,0.038472771644592285,6.906547787366435e-05,0.03849916532635689,0.11306500434875488,0.03852808475494385,8.238275768235326e-05
0,512,transformer.h.0.mlp.c_proj.weight,transformer.h.0.mlp.c_proj.weight,"[384, 1024]",int4-dynamic-b2048,0.0010947453556582332,0.0209452323615551,0.049578141421079636,0.022039977833628654,0.02753816358745098,0.032004330307245255,0.0432257354259491,0.05900799110531807,0.01322134304791689,0.04018772020936012,0.07439886033535004,0.04224959760904312,0.0007586809224449098,0.0484972782433033,0.14501196146011353,0.04268123582005501,0.00021611167176160961
0,512,transformer.h.1.attn.c_attn.weight,transformer.h.1.attn.c_attn.weight,"[1152, 384]",int8-linear-b2048,1.2937567461790422e-08,4.910197276331019e-06,7.178655323514249e-06,4.9231348384637386e-06,2.2555204850505106e-06,0.00023948554007802159,0.0011273655109107494,0.09638023376464844,0.000296605663606897,0.003158664098009467,0.011656970717012882,0.07628832757472992,0.00022078838082961738,0.009449408389627934,0.032034192234277725,0.03024524636566639,9.406688332092017e-05
0,512,transformer.h.1.attn.c_attn.weight,transformer.h.1.attn.c_attn.weight,"[1152, 384]",int4-linear-b2048,3.721849680005107e-06,0.0016086201649159193,0.002359411446377635,0.0016123419627547264,0.0007470694836229086,0.0038653607480227947,0.014419184066355228,0.09534269571304321,0.00018327546422369778,0.061592768877744675,0.18656018376350403,0.0761842280626297,0.00022193609038367867,0.12574982643127441,0.4577701687812805,0.030870139598846436,6.0143382142996415e-05
0,512,transformer.h.1.attn.c_attn.weight,transformer.h.1.attn.c_attn.weight,"[1152, 384]",int4-dynamic-b2048,2.5007111617014743e-05,0.001844752230681479,0.0027035525999963284,0.001869759289547801,0.0008337933104485273,0.01867740973830223,0.030586881563067436,0.10603433847427368,0.007079286966472864,0.06310689449310303,0.18543082475662231,0.07543619722127914,0.0001977843785425648,0.1722072809934616,0.6387466788291931,0.029737550765275955,7.649009785382077e-05
0,512,transformer.h.1.attn.c_proj.weight,transformer.h.1.attn.c_proj.weight,"[384, 384]",int8-linear-b2048,1.4227009614842245e-07,5.186107591725886e-05,5.200334271648899e-05,5.2003346354467794e-05,0.0,0.00023451722518075258,0.0005992255173623562,0.10234830528497696,0.0002694439608603716,0.004759259521961212,0.015114858746528625,0.10190089046955109,0.000393633235944435,0.3104175329208374,4.286222457885742,0.10388340055942535,0.0002415242197457701
0,512,transformer.h.1.attn.c_proj.weight,transformer.h.1.attn.c_proj.weight,"[384, 384]",int4-linear-b2048,4.5619435695698485e-05,0.01704290695488453,0.017088524997234344,0.017088526859879494,0.0,0.004148965235799551,0.02087586000561714,0.10144740343093872,0.00025396322598680854,0.0717160776257515,0.20663350820541382,0.10224750638008118,0.00024866327294148505,13.93451976776123,344.0238342285156,0.10030905902385712,0.0002753050357569009
0,512,transformer.h.1.attn.c_proj.weight,transformer.h.1.attn.c_proj.weight,"[384, 384]",int4-dynamic-b2048,0.0001787993824109435,0.0200881976634264,0.020266994833946228,0.020266996696591377,0.0,0.017436331138014793,0.027655605226755142,0.10732929408550262,0.005912921391427517,0.09234952181577682,0.31231456995010376,0.10376400500535965,0.00037139884079806507,9.454973220825195,174.50498962402344,0.10002338886260986,0.00027598420274443924
0,512,transformer.h.1.mlp.w1.weight,transformer.h.1.mlp.w1.weight,"[1024, 384]",int8-linear-b2048,6.8429302224615185e-09,2.894506906159222e-06,7.211827778519364e-06,2.9013499442953616e-06,4.3104778342240024e-06,0.00014011719031259418,0.0004291192744858563,0.05254782363772392,9.105503704631701e-05,0.0006051355740055442,0.0015839363913983107,0.039166588336229324,8.590126526542008e-05,0.0018258539494127035,0.005138521548360586,0.037212274968624115,0.0001136409118771553
0,512,transformer.h.1.mlp.w1.weight,transformer.h.1.mlp.w1.weight,"[1024, 384]",int4-linear-b2048,2.6193565645371564e-06,0.0009586920496076345,0.002367295790463686,0.0009613113943487406,0.0014059843961149454,0.003811550559476018,0.011931035667657852,0.05369437485933304,0.0001877454633358866,0.012231586501002312,0.03032558038830757,0.03904486075043678,0.00010546232078922912,0.026280757039785385,0.07854516059160233,0.038103751838207245,7.747847121208906e-05
0,512,transformer.h.1.mlp.w1.weight,transformer.h.1.mlp.w1.weight,"[1024, 384]",int4-dynamic-b2048,2.096828211506363e-05,0.0009661794174462557,0.0021297503262758255,0.0009871476795524359,0.0011426026467233896,0.016877278685569763,0.02727622166275978,0.07846306264400482,0.005648727994412184,0.025095757097005844,0.05002342164516449,0.042319055646657944,0.0004491732979658991,0.03352263569831848,0.08737916499376297,0.03538820892572403,0.00013566210691351444
0,512,transformer.h.1.mlp.w2.weight,transformer.h.1.mlp.w2.weight,"[1024, 384]",int8-linear-b2048,8.058170131164388e-09,2.892349129979266e-06,7.240030754473992e-06,2.900407253036974e-06,4.339623501437018e-06,0.00020369292178656906,0.0005925674340687692,0.051959794014692307,0.0001755203993525356,0.0006083162734284997,0.0021260876674205065,0.03905538469552994,8.848645666148514e-05,0.0015690750442445278,0.005100819282233715,0.036856863647699356,8.4487626736518e-05
0,512,transformer.h.1.mlp.w2.weight,transformer.h.1.mlp.w2.weight,"[1024, 384]",int4-linear-b2048,2.4930645849963184e-06,0.0009548990055918694,0.0023746502120047808,0.0009573920979164541,0.0014172580558806658,0.002850175369530916,0.01094529777765274,0.053010109812021255,0.00012349788448773324,0.011097963899374008,0.024624591693282127,0.03947431966662407,7.39607639843598e-05,0.03514498099684715,0.09134946763515472,0.03710240125656128,0.00012421388237271458
0,512,transformer.h.1.mlp.w2.weight,transformer.h.1.mlp.w2.weight,"[1024, 384]",int4-dynamic-b2048,2.2860347598907538e-05,0.0009380498086102307,0.002042633481323719,0.000960910168942064,0.001081723254173994,0.018296603113412857,0.03257923200726509,0.08245999366044998,0.0060793752782046795,0.02455747313797474,0.05619406700134277,0.043635305017232895,0.0003868977655656636,0.039950817823410034,0.12889555096626282,0.035596493631601334,0.00019830759265460074
0,512,transformer.h.1.mlp.c_proj.weight,transformer.h.1.mlp.c_proj.weight,"[384, 1024]",int8-linear-b2048,1.9831098541089887e-07,7.621922850375995e-05,0.00020385631069075316,7.641754200449213e-05,0.00012743877596221864,0.0002650667156558484,0.0009520303574390709,0.03902452439069748,0.00011755344894481823,0.0011144251329824328,0.0034868172369897366,0.03753284737467766,0.00010915011080214754,0.002596004167571664,0.007320919539779425,0.038133975118398666,7.427646778523922e-05
0,512,transformer.h.1.mlp.c_proj.weight,transformer.h.1.mlp.c_proj.weight,"[384, 1024]",int4-linear-b2048,0.00010459857003297657,0.02492784895002842,0.06528124213218689,0.025032447651028633,0.040248796343803406,0.007205932401120663,0.024940630421042442,0.04053731635212898,0.00032562416163273156,0.023482540622353554,0.07292424142360687,0.039604805409908295,0.00014278831076808274,0.06203044205904007,0.20694595575332642,0.03962178900837898,0.0001344984193565324
0,512,transformer.h.1.mlp.c_proj.weight,transformer.h.1.mlp.c_proj.weight,"[384, 1024]",int4-dynamic-b2048,0.0008818082860670984,0.013410868123173714,0.029599880799651146,0.014292676001787186,0.01530720479786396,0.03731965273618698,0.05217026546597481,0.06669950485229492,0.016588859260082245,0.05133688822388649,0.0887981727719307,0.046304017305374146,0.0010380519088357687,0.05113214626908302,0.14848266541957855,0.045640379190444946,0.00018733786419034004
0,512,transformer.h.2.attn.c_attn.weight,transformer.h.2.attn.c_attn.weight,"[1152, 384]",int8-linear-b2048,1.1697147250799844e-08,4.008261839771876e-06,6.104540261731017e-06,4.019958851131378e-06,2.0845814105996396e-06,0.0003084882046096027,0.0009977247100323439,0.09265099465847015,0.00032285513589158654,0.004170533735305071,0.012727410532534122,0.07153663039207458,0.00021327279682736844,0.013118944130837917,0.03614604100584984,0.03104386478662491,8.561186405131593e-05
0,512,transformer.h.2.attn.c_attn.weight,transformer.h.2.attn.c_attn.weight,"[1152, 384]",int4-linear-b2048,3.4534261885710293e-06,0.001320692477747798,0.0020053668413311243,0.001324145938269794,0.0006812209030613303,0.003751589683815837,0.01885451190173626,0.09332622587680817,0.0002566004986874759,0.067055344581604,0.23689256608486176,0.07152937352657318,0.00018422360881231725,0.20789313316345215,0.735637366771698,0.030298631638288498,6.76006093272008e-05
0,512,transformer.h.2.attn.c_attn.weight,transformer.h.2.attn.c_attn.weight,"[1152, 384]",int4-dynamic-b2048,2.4501005100319162e-05,0.0014030849561095238,0.002125190570950508,0.0014275859575718641,0.000697604613378644,0.021093515679240227,0.043916020542383194,0.10513018071651459,0.00942353717982769,0.06048661470413208,0.22844670712947845,0.07071558386087418,0.0001423713838448748,0.28643888235092163,0.6723561882972717,0.031085485592484474,0.00011704245116561651
0,512,transformer.h.2.attn.c_proj.weight,transformer.h.2.attn.c_proj.weight,"[384, 384]",int8-linear-b2048,1.114619365694125e-07,4.126326530240476e-05,4.137472569709644e-05,4.137472569709644e-05,0.0,0.0002632048272062093,0.0009780722903087735,0.10230626910924911,0.00021543864568229765,0.004794624168425798,0.0167523380368948,0.102362260222435,0.0002578161656856537,0.3333817720413208,3.6080496311187744,0.10044071078300476,0.0003012773231603205
0,512,transformer.h.2.attn.c_proj.weight,transformer.h.2.attn.c_proj.weight,"[384, 384]",int4-linear-b2048,3.333149288664572e-05,0.01351496484130621,0.013548296876251698,0.013548295944929123,9.313225746154785e-10,0.0042855385690927505,0.014742979779839516,0.10283762216567993,0.00018915256077889353,0.06523667275905609,0.3142615556716919,0.10014835000038147,0.00016925987438298762,6.2032952308654785,82.59487915039062,0.1018485501408577,0.0002769344428088516
0,512,transformer.h.2.attn.c_proj.weight,transformer.h.2.attn.c_proj.weight,"[384, 384]",int4-dynamic-b2048,0.00015741778770461679,0.014807924628257751,0.014965342357754707,0.014965342357754707,0.0,0.020031731575727463,0.04057591035962105,0.11231805384159088,0.007716488558799028,0.07299673557281494,0.24399910867214203,0.10021787136793137,0.00018684817769099027,5.4834699630737305,38.89997482299805,0.10056766122579575,0.00035314372507855296
0,512,transformer.h.2.mlp.w1.weight,transformer.h.2.mlp.w1.weight,"[1024, 384]",int8-linear-b2048,4.472123116272542e-09,1.6963990674412344e-06,4.314858870202443e-06,1.7008711665766896e-06,2.6139878173125908e-06,0.00015381905541289598,0.000572632416151464,0.05013713240623474,0.00013010950351599604,0.0008448776206932962,0.002196074230596423,0.0381467379629612,0.00015669199638068676,0.0018586168298497796,0.0040235756896436214,0.03745337948203087,0.00010067113908007741
0,512,transformer.h.2.mlp.w1.weight,transformer.h.2.mlp.w1.weight,"[1024, 384]",int4-linear-b2048,1.4704776276630582e-06,0.0005557971890084445,0.001414002268575132,0.0005572676891461015,0.0008567345794290304,0.0022093618754297495,0.008149535395205021,0.05000976473093033,8.749851258471608e-05,0.013385893777012825,0.04421163350343704,0.03867466375231743,0.00012393986980896443,0.0345587357878685,0.11901699751615524,0.037219416350126266,0.0001102273163269274
0,512,transformer.h.2.mlp.w1.weight,transformer.h.2.mlp.w1.weight,"[1024, 384]",int4-dynamic-b2048,1.2518186849774793e-05,0.0005715354927815497,0.0012764271814376116,0.0005840536905452609,0.0006923734908923507,0.017382187768816948,0.02716151997447014,0.07360102981328964,0.005766782443970442,0.022426676005125046,0.048736266791820526,0.042134787887334824,0.0003215614124201238,0.044756073504686356,0.13015113770961761,0.036565035581588745,0.00018233712762594223
0,512,transformer.h.2.mlp.w2.weight,transformer.h.2.mlp.w2.weight,"[1024, 384]",int8-linear-b2048,5.173856010287636e-09,1.871022732302663e-06,4.7197172534652054e-06,1.8761966202873737e-06,2.8435206331778318e-06,0.00014321101480163634,0.0005147485062479973,0.05104559287428856,0.00010263059084536508,0.000688933243509382,0.001654661726206541,0.0382927805185318,8.79724248079583e-05,0.002425046870484948,0.0065582566894590855,0.037030261009931564,0.00013957922055851668
0,512,transformer.h.2.mlp.w2.weight,transformer.h.2.mlp.w2.weight,"[1024, 384]",int4-linear-b2048,1.6454234810225898e-06,0.0006122129270806909,0.0015329391462728381,0.0006138583412393928,0.0009190808050334454,0.003312764223664999,0.009767058305442333,0.05054463818669319,0.00014206695777829736,0.014996123500168324,0.03816574066877365,0.039260849356651306,0.00012102416803827509,0.036255594342947006,0.08331732451915741,0.03689734637737274,9.469682845519856e-05
0,512,transformer.h.2.mlp.w2.weight,transformer.h.2.mlp.w2.weight,"[1024, 384]",int4-dynamic-b2048,1.5978588635334745e-05,0.0005879885284230113,0.0012807291932404041,0.0006039671134203672,0.0006767620798200369,0.02031319960951805,0.03106089122593403,0.08187869936227798,0.007589349523186684,0.027979787439107895,0.06971780955791473,0.042182814329862595,0.00045161100570112467,0.04428250342607498,0.10491856187582016,0.03572971373796463,0.00016174561460502446
0,512,transformer.h.2.mlp.c_proj.weight,transformer.h.2.mlp.c_proj.weight,"[384, 1024]",int8-linear-b2048,8.574628651558669e-08,3.41400082106702e-05,9.15612981771119e-05,3.4225755371153355e-05,5.733554280595854e-05,0.0002058157988358289,0.000752272258978337,0.03925517201423645,9.659484203439206e-05,0.0010164414998143911,0.0029398705810308456,0.037065498530864716,0.00010201366239925846,0.00243326835334301,0.007517499849200249,0.03845319524407387,9.30319438339211e-05
0,512,transformer.h.2.mlp.c_proj.weight,transformer.h.2.mlp.c_proj.weight,"[384, 1024]",int4-linear-b2048,2.6928066290565766e-05,0.011239806190133095,0.02989744208753109,0.011266734451055527,0.018630707636475563,0.003405884373933077,0.013758774846792221,0.03966442868113518,8.526407327735797e-05,0.015591980889439583,0.05584521219134331,0.038303740322589874,8.263575000455603e-05,0.04402533173561096,0.13074305653572083,0.03847022354602814,9.770737233338878e-05
0,512,transformer.h.2.mlp.c_proj.weight,transformer.h.2.mlp.c_proj.weight,"[384, 1024]",int4-dynamic-b2048,0.00041554466588422656,0.0071411291137337685,0.016427654772996902,0.007556673604995012,0.008870981633663177,0.033459845930337906,0.04371298849582672,0.06157258525490761,0.014426296576857567,0.041202157735824585,0.0708962231874466,0.044741205871105194,0.000798570632468909,0.054110221564769745,0.14515818655490875,0.04449308663606644,0.00024765776470303535
0,512,transformer.h.3.attn.c_attn.weight,transformer.h.3.attn.c_attn.weight,"[1152, 384]",int8-linear-b2048,8.184836808311502e-09,2.9487644042092143e-06,4.3550089685595594e-06,2.9569491744041443e-06,1.3980597941554151e-06,0.00024018384283408523,0.0009497510618530214,0.09231436997652054,0.00021290885342750698,0.004522169474512339,0.012073013000190258,0.07500068098306656,0.00024095812113955617,0.015416545793414116,0.04700537398457527,0.032538946717977524,9.819057595450431e-05
0,512,transformer.h.3.attn.c_attn.weight,transformer.h.3.attn.c_attn.weight,"[1152, 384]",int4-linear-b2048,2.5087783797062002e-06,0.0009704594849608839,0.0014325549127534032,0.0009729682351462543,0.0004595866776071489,0.004168815445154905,0.015916334465146065,0.0935957208275795,0.0002336755715077743,0.07668448984622955,0.35393255949020386,0.07571803033351898,0.00022804825857747346,0.24671496450901031,0.697662889957428,0.032586950808763504,8.257033914560452e-05
0,512,transformer.h.3.attn.c_attn.weight,transformer.h.3.attn.c_attn.weight,"[1152, 384]",int4-dynamic-b2048,1.4550052583217621e-05,0.001060698414221406,0.001548168482258916,0.0010752484668046236,0.0004729200154542923,0.020738614723086357,0.03889220580458641,0.10330638289451599,0.007345505990087986,0.07629182934761047,0.25536853075027466,0.07483897358179092,0.00020975532243028283,0.30155298113822937,0.7655447125434875,0.03194135054945946,0.00010044995724456385
0,512,transformer.h.3.attn.c_proj.weight,transformer.h.3.attn.c_proj.weight,"[384, 384]",int8-linear-b2048,8.75566854574572e-08,3.144204310956411e-05,3.152959106955677e-05,3.152959834551439e-05,0.0,0.00023872192832641304,0.0009011325309984386,0.10314849764108658,0.00019392934336792678,0.0050537362694740295,0.01362468209117651,0.10152686387300491,0.000254118989687413,0.36763930320739746,4.5557732582092285,0.1013045459985733,0.0003686508862301707
0,512,transformer.h.3.attn.c_proj.weight,transformer.h.3.attn.c_proj.weight,"[384, 384]",int4-linear-b2048,2.904721441154834e-05,0.01033081766217947,0.010359864681959152,0.010359864681959152,0.0,0.004716544412076473,0.01957656256854534,0.10141269117593765,0.0002742870419751853,0.07923456281423569,0.21731461584568024,0.10198459029197693,0.00022081509814597666,4.366313934326172,32.821311950683594,0.10164333134889603,0.0002240595786133781
0,512,transformer.h.3.attn.c_proj.weight,transformer.h.3.attn.c_proj.weight,"[384, 384]",int4-dynamic-b2048,0.00012623969814740121,0.010705948807299137,0.010832186788320541,0.01083218865096569,0.0,0.020712492987513542,0.032929930835962296,0.11300846189260483,0.00844910740852356,0.09358738362789154,0.2930985987186432,0.09875477105379105,0.0002909792819991708,5.661617279052734,37.840633392333984,0.10024353861808777,0.00024205830413848162
0,512,transformer.h.3.mlp.w1.weight,transformer.h.3.mlp.w1.weight,"[1024, 384]",int8-linear-b2048,4.6524073482601125e-09,1.7870873989522806e-06,4.384414296509931e-06,1.7917398054123623e-06,2.5926744910975685e-06,0.00017177559493575245,0.0005338688497431576,0.06151493638753891,0.00013721732830163091,0.0007409742102026939,0.0020747443195432425,0.03787408024072647,9.359035175293684e-05,0.0023936096113175154,0.005859809927642345,0.035264380276203156,0.00011266121146036312
0,512,transformer.h.3.mlp.w1.weight,transformer.h.3.mlp.w1.weight,"[1024, 384]",int4-linear-b2048,1.7358048580717877e-06,0.0005554356030188501,0.0013468221295624971,0.0005571714136749506,0.0007896507158875465,0.0035123603884130716,0.01028383057564497,0.06300968676805496,0.0003795982338488102,0.012911820784211159,0.034555207937955856,0.037924665957689285,8.209997758967802e-05,0.03424258902668953,0.0859207734465599,0.03641815111041069,7.257680408656597e-05
0,512,transformer.h.3.mlp.w1.weight,transformer.h.3.mlp.w1.weight,"[1024, 384]",int4-dynamic-b2048,1.152194818132557e-05,0.0005086492164991796,0.0011100975098088384,0.0005201711901463568,0.0005899263196624815,0.01912807673215866,0.03062068670988083,0.09286476671695709,0.006568466313183308,0.02436770498752594,0.053371820598840714,0.04149278625845909,0.0002953740768134594,0.03437185660004616,0.1281737983226776,0.03424684330821037,0.00011274206190137193
0,512,transformer.h.3.mlp.w2.weight,transformer.h.3.mlp.w2.weight,"[1024, 384]",int8-linear-b2048,4.023090305338428e-09,1.5913310562609695e-06,3.933918833354255e-06,1.5953540923874243e-06,2.338564627279993e-06,0.00016957198386080563,0.000733937427867204,0.05743446946144104,0.0001455902383895591,0.000841103377752006,0.002759096911177039,0.0379631333053112,0.00011260565952397883,0.0018958315486088395,0.0062011959962546825,0.03779285401105881,7.606408325955272e-05
0,512,transformer.h.3.mlp.w2.weight,transformer.h.3.mlp.w2.weight,"[1024, 384]",int4-linear-b2048,1.6617381106698303e-06,0.0005090296035632491,0.00125332351308316,0.0005106913158670068,0.0007426321972161531,0.0039355638436973095,0.012949214316904545,0.05950193479657173,0.0003336431400384754,0.014896216802299023,0.037482403218746185,0.03892567753791809,0.00011193150567123666,0.04044365510344505,0.123133085668087,0.03755498677492142,0.00010064080561278388
0,512,transformer.h.3.mlp.w2.weight,transformer.h.3.mlp.w2.weight,"[1024, 384]",int4-dynamic-b2048,1.1408767932152841e-05,0.00047736772103235126,0.001029221573844552,0.0004887764807790518,0.0005404450930655003,0.01926111802458763,0.029784483835101128,0.09457701444625854,0.00662129744887352,0.02724974974989891,0.07205617427825928,0.04285884648561478,0.0004165158898103982,0.03880734741687775,0.0862630158662796,0.034985557198524475,0.00010304884926881641
0,512,transformer.h.3.mlp.c_proj.weight,transformer.h.3.mlp.c_proj.weight,"[384, 1024]",int8-linear-b2048,7.441255434059713e-08,2.7311865778756328e-05,7.326469494728372e-05,2.7386278816265985e-05,4.587841613101773e-05,0.00018647890829015523,0.0009379695984534919,0.03920567035675049,0.0001023268123390153,0.0010368955554440618,0.0024207851383835077,0.03727339953184128,0.00011212034587515518,0.0029233433306217194,0.008593863807618618,0.03782728314399719,0.00014854451001156121
0,512,transformer.h.3.mlp.c_proj.weight,transformer.h.3.mlp.c_proj.weight,"[384, 1024]",int4-linear-b2048,2.7037598556489684e-05,0.00899327639490366,0.023836493492126465,0.009020313620567322,0.014816179871559143,0.003337463131174445,0.010867566801607609,0.0395931676030159,0.00010406142246210948,0.018752876669168472,0.0499645471572876,0.03866952657699585,0.00011070338223362342,0.048665840178728104,0.13769587874412537,0.0382407121360302,0.00010180866229347885
0,512,transformer.h.3.mlp.c_proj.weight,transformer.h.3.mlp.c_proj.weight,"[384, 1024]",int4-dynamic-b2048,0.00031983983353711665,0.0057793473824858665,0.013433137908577919,0.0060991873033344746,0.0073339506052434444,0.03268029913306236,0.04369474574923515,0.060897428542375565,0.014489240944385529,0.04020266234874725,0.07412217557430267,0.04451059550046921,0.0007320839213207364,0.045705072581768036,0.1391230821609497,0.043796658515930176,0.00017435928748454899
0,512,transformer.h.4.attn.c_attn.weight,transformer.h.4.attn.c_attn.weight,"[1152, 384]",int8-linear-b2048,6.1630478498386765e-09,2.2799761154601583e-06,3.2266127618640894e-06,2.286139078933047e-06,9.404736829310423e-07,0.00026157184038311243,0.0009192881407216191,0.09628221392631531,0.000259233929682523,0.0036019354593008757,0.008806574158370495,0.07908164709806442,0.00013745036267209798,0.014923946931958199,0.032713837921619415,0.032016776502132416,8.71142910909839e-05
0,512,transformer.h.4.attn.c_attn.weight,transformer.h.4.attn.c_attn.weight,"[1152, 384]",int4-linear-b2048,2.0191037037875503e-06,0.0007501186337321997,0.001062560360878706,0.000752137741073966,0.00031042261980473995,0.0043173483572900295,0.018575791269540787,0.09627250581979752,0.0002699450415093452,0.0829572081565857,0.2401983141899109,0.07946263253688812,0.00029715371783822775,0.2602899968624115,0.7634233832359314,0.03186686709523201,8.246619836427271e-05
0,512,transformer.h.4.attn.c_attn.weight,transformer.h.4.attn.c_attn.weight,"[1152, 384]",int4-dynamic-b2048,1.096460528060561e-05,0.0008724380750209093,0.001236355397850275,0.0008834026521071792,0.0003529527457430959,0.016288552433252335,0.028166214004158974,0.10578310489654541,0.006581880152225494,0.08140286058187485,0.2321418672800064,0.07864472270011902,0.00023248334764502943,0.23964862525463104,0.6507110595703125,0.03169082850217819,6.331656186375767e-05
0,512,transformer.h.4.attn.c_proj.weight,transformer.h.4.attn.c_proj.weight,"[384, 384]",int8-linear-b2048,5.7097221173307844e-08,2.0760598999913782e-05,2.0817697077291086e-05,2.0817697077291086e-05,0.0,0.0002970762725453824,0.001445372006855905,0.10117513686418533,0.00034018527367152274,0.0043792626820504665,0.014389077201485634,0.09991419315338135,0.0002275999722769484,0.24903348088264465,1.4652670621871948,0.10095291584730148,0.00026729851379059255
0,512,transformer.h.4.attn.c_proj.weight,transformer.h.4.attn.c_proj.weight,"[384, 384]",int4-linear-b2048,2.0052644686074927e-05,0.0068414597772061825,0.006861513014882803,0.006861512549221516,4.656612873077393e-10,0.00403812387958169,0.013023626059293747,0.10026078671216965,0.0002736371534410864,0.10877527296543121,0.2824237048625946,0.10341235250234604,0.00047007331158965826,7.615102767944336,84.41242218017578,0.0995253324508667,0.00027893553487956524
0,512,transformer.h.4.attn.c_proj.weight,transformer.h.4.attn.c_proj.weight,"[384, 384]",int4-dynamic-b2048,7.296440890058875e-05,0.008017979562282562,0.008090943098068237,0.008090944029390812,0.0,0.017449263483285904,0.03818843141198158,0.11151419579982758,0.006262766197323799,0.0673089548945427,0.25980380177497864,0.09869500249624252,0.00015526587958447635,4.370330333709717,39.873374938964844,0.10021782666444778,0.00022042672208044678
0,512,transformer.h.4.mlp.w1.weight,transformer.h.4.mlp.w1.weight,"[1024, 384]",int8-linear-b2048,4.0525534039659306e-09,1.4934051932868897e-06,3.6931342037860304e-06,1.4974577879911521e-06,2.1956764157948783e-06,0.00014698180893901736,0.0006633755983784795,0.05094563215970993,0.00012092466204194352,0.0009800959378480911,0.002875740174204111,0.03927559033036232,0.00014061699039302766,0.0025617890059947968,0.012200948782265186,0.03728961944580078,0.00013144046533852816
0,512,transformer.h.4.mlp.w1.weight,transformer.h.4.mlp.w1.weight,"[1024, 384]",int4-linear-b2048,1.1192425972694764e-06,0.0004905117093585432,0.0012084434274584055,0.0004916309262625873,0.0007168125011958182,0.0026352922432124615,0.009571967646479607,0.0514218732714653,9.163125650957227e-05,0.013886881060898304,0.03565317764878273,0.04027259349822998,8.724573126528412e-05,0.04141804575920105,0.14727897942066193,0.03792727738618851,0.00010191142791882157
0,512,transformer.h.4.mlp.w1.weight,transformer.h.4.mlp.w1.weight,"[1024, 384]",int4-dynamic-b2048,1.2382194654492196e-05,0.00046598498011007905,0.0010175788775086403,0.00047836717567406595,0.0005392116727307439,0.02084030769765377,0.030875325202941895,0.07998210936784744,0.007695422507822514,0.028430575504899025,0.05449531599879265,0.042972736060619354,0.0003691827005241066,0.041277118027210236,0.1148768961429596,0.03630813583731651,0.00012975532445125282
0,512,transformer.h.4.mlp.w2.weight,transformer.h.4.mlp.w2.weight,"[1024, 384]",int8-linear-b2048,3.5624894145769304e-09,1.5329167126765242e-06,3.822694452537689e-06,1.5364792034233687e-06,2.2862152491143206e-06,0.00018639663176145405,0.0005828705034218729,0.050565533339977264,0.0001465958630433306,0.0008073915378190577,0.0026520565152168274,0.03873002901673317,8.84506807778962e-05,0.002457269234582782,0.008277847431600094,0.036471981555223465,9.720570233184844e-05
0,512,transformer.h.4.mlp.w2.weight,transformer.h.4.mlp.w2.weight,"[1024, 384]",int4-linear-b2048,1.1830359198938822e-06,0.0005012017209082842,0.0012509939260780811,0.0005023847334086895,0.0007486091926693916,0.003204355714842677,0.010331313125789165,0.05079777166247368,0.00012148352107033134,0.012340839020907879,0.0441560372710228,0.03909438103437424,6.100792234065011e-05,0.043217916041612625,0.12408217042684555,0.037216849625110626,9.355060319649056e-05
0,512,transformer.h.4.mlp.w2.weight,transformer.h.4.mlp.w2.weight,"[1024, 384]",int4-dynamic-b2048,1.1751171768992208e-05,0.00045421975664794445,0.0009898124262690544,0.00046597092295996845,0.0005238414742052555,0.02065744809806347,0.030790340155363083,0.08157599717378616,0.007997903041541576,0.025737494230270386,0.0656985267996788,0.04297008737921715,0.00030280870851129293,0.04331324249505997,0.12192067503929138,0.034637607634067535,0.0001258220727322623
0,512,transformer.h.4.mlp.c_proj.weight,transformer.h.4.mlp.c_proj.weight,"[384, 1024]",int8-linear-b2048,6.842387989536292e-08,2.8020976969855838e-05,7.471822027582675e-05,2.808940007525962e-05,4.662881838157773e-05,0.00025430021923966706,0.000892243639100343,0.03854386508464813,0.00010379149171058089,0.0009234872413799167,0.0032533323392271996,0.038207653909921646,8.768802945269272e-05,0.002708978019654751,0.0068288203328847885,0.038443367928266525,9.491766104474664e-05
0,512,transformer.h.4.mlp.c_proj.weight,transformer.h.4.mlp.c_proj.weight,"[384, 1024]",int4-linear-b2048,2.5513931177556515e-05,0.009237929247319698,0.024482090026140213,0.00926344282925129,0.015218647196888924,0.004271532408893108,0.014748796820640564,0.03925864398479462,0.00011186785559402779,0.02030322141945362,0.05725252628326416,0.038501523435115814,0.00012101123866159469,0.04617222398519516,0.14733844995498657,0.03787166252732277,8.870157762430608e-05
0,512,transformer.h.4.mlp.c_proj.weight,transformer.h.4.mlp.c_proj.weight,"[384, 1024]",int4-dynamic-b2048,0.00032504883711226285,0.005823901854455471,0.01350465789437294,0.006148950662463903,0.007355707231909037,0.03368294984102249,0.053092487156391144,0.06129983440041542,0.015244641341269016,0.04187436029314995,0.07844777405261993,0.044530753046274185,0.0006988910608924925,0.057153671979904175,0.20871466398239136,0.04491783678531647,0.000254159007454291
0,512,transformer.h.5.attn.c_attn.weight,transformer.h.5.attn.c_attn.weight,"[1152, 384]",int8-linear-b2048,6.4970828717036966e-09,2.7402313662605593e-06,3.725031774592935e-06,2.746728341662674e-06,9.78303432930261e-07,0.0003000959404744208,0.0012361141853034496,0.10143604129552841,0.00033285506651736796,0.004808833356946707,0.012737849727272987,0.08229760825634003,0.00021410983754321933,0.017323361709713936,0.04992499202489853,0.03212105482816696,7.82203278504312e-05
0,512,transformer.h.5.attn.c_attn.weight,transformer.h.5.attn.c_attn.weight,"[1152, 384]",int4-linear-b2048,2.1960711364954477e-06,0.0008999871206469834,0.0012234665919095278,0.0009021831792779267,0.0003212834126316011,0.00428385054692626,0.020291566848754883,0.0998426154255867,0.0002341814833926037,0.09871687740087509,0.3079056441783905,0.08277173340320587,0.0002451036707498133,0.3413929045200348,0.8521415591239929,0.032877981662750244,9.226489055436105e-05
0,512,transformer.h.5.attn.c_attn.weight,transformer.h.5.attn.c_attn.weight,"[1152, 384]",int4-dynamic-b2048,1.266437720914837e-05,0.0010194577043876052,0.0013901321217417717,0.0010321220615878701,0.0003580100601539016,0.020166344940662384,0.03379041701555252,0.10876206308603287,0.007135618943721056,0.09092676639556885,0.2728206217288971,0.08125580102205276,0.00017077931261155754,0.37229910492897034,1.7151292562484741,0.03145676851272583,0.00010027220560004935
0,512,transformer.h.5.attn.c_proj.weight,transformer.h.5.attn.c_proj.weight,"[384, 384]",int8-linear-b2048,7.19166166618379e-08,2.5124551029875875e-05,2.519646477594506e-05,2.5196468413923867e-05,0.0,0.00023410819994751364,0.0007858267053961754,0.10203064978122711,0.00016636816144455224,0.006276919040828943,0.01734093204140663,0.10363292694091797,0.00035875424509868026,0.3065660297870636,2.530695915222168,0.10117413103580475,0.0002692874404601753
0,512,transformer.h.5.attn.c_proj.weight,transformer.h.5.attn.c_proj.weight,"[384, 384]",int4-linear-b2048,2.2874068235978484e-05,0.008245852775871754,0.00826872605830431,0.008268726989626884,0.0,0.004979132674634457,0.02262135036289692,0.10317085683345795,0.00024060449504759163,0.1058153584599495,0.3332659602165222,0.10015259683132172,0.0003244105610065162,7.966395378112793,132.4298858642578,0.10131719708442688,0.0002926396846305579
0,512,transformer.h.5.attn.c_proj.weight,transformer.h.5.attn.c_proj.weight,"[384, 384]",int4-dynamic-b2048,9.275839693145826e-05,0.009442889131605625,0.009535647928714752,0.009535647928714752,0.0,0.01862931251525879,0.04219554364681244,0.10775967687368393,0.006706119980663061,0.11367790400981903,0.27378666400909424,0.10262106359004974,0.0002826534619089216,9.727008819580078,212.37681579589844,0.10243464261293411,0.000401556579163298
0,512,transformer.h.5.mlp.w1.weight,transformer.h.5.mlp.w1.weight,"[1024, 384]",int8-linear-b2048,4.991595137227023e-09,1.879505589386099e-06,4.703188096755184e-06,1.884497237369942e-06,2.81869097307208e-06,0.0002065976441372186,0.0009713823674246669,0.05957312881946564,0.00017150281928479671,0.0008668778464198112,0.002727940445765853,0.03793929144740105,7.546099368482828e-05,0.0029488615691661835,0.00974239781498909,0.0359058603644371,0.00010424025822430849
0,512,transformer.h.5.mlp.w1.weight,transformer.h.5.mlp.w1.weight,"[1024, 384]",int4-linear-b2048,1.8573953184386482e-06,0.0005944620352238417,0.0014550280757248402,0.0005963194416835904,0.0008587086340412498,0.003088666358962655,0.009404050186276436,0.06233428791165352,0.00035939266672357917,0.014161689206957817,0.036775052547454834,0.038809746503829956,6.540791218867525e-05,0.04903827980160713,0.18339328467845917,0.03571872413158417,9.056761336978525e-05
0,512,transformer.h.5.mlp.w1.weight,transformer.h.5.mlp.w1.weight,"[1024, 384]",int4-dynamic-b2048,1.352756044070702e-05,0.0005377576453611255,0.0011362540535628796,0.0005512852221727371,0.0005849688313901424,0.022797202691435814,0.03417711332440376,0.10585186630487442,0.007793132681399584,0.036356355994939804,0.07838167995214462,0.04189813882112503,0.00043790892232209444,0.055137988179922104,0.208004429936409,0.03407379612326622,0.0001493068120907992
0,512,transformer.h.5.mlp.w2.weight,transformer.h.5.mlp.w2.weight,"[1024, 384]",int8-linear-b2048,4.167349132444542e-09,1.6828970501592266e-06,4.157571311225183e-06,1.6870643548827502e-06,2.4705068426555954e-06,0.00014559589908458292,0.0007039399934001267,0.057189442217350006,0.00010116571502294391,0.0011348794214427471,0.002405514707788825,0.038028787821531296,0.00013184608542360365,0.0024747084826231003,0.007087294943630695,0.03676338121294975,8.28727861517109e-05
0,512,transformer.h.5.mlp.w2.weight,transformer.h.5.mlp.w2.weight,"[1024, 384]",int4-linear-b2048,1.3981300526211271e-06,0.0005388431600295007,0.0013153502950444818,0.0005402413080446422,0.0007751089869998395,0.003335777670145035,0.011856351979076862,0.060551274567842484,0.00012894539395347238,0.0150642991065979,0.05220337584614754,0.03842597454786301,8.571519720135257e-05,0.04658060893416405,0.15938398241996765,0.036486104130744934,9.0666078904178e-05
0,512,transformer.h.5.mlp.w2.weight,transformer.h.5.mlp.w2.weight,"[1024, 384]",int4-dynamic-b2048,1.192946729133837e-05,0.0004899036721326411,0.0010407996596768498,0.0005018331576138735,0.0005389665020629764,0.019942743703722954,0.026799622923135757,0.09622465819120407,0.007605588994920254,0.02522369846701622,0.0837295725941658,0.04146366938948631,0.00026725305360741913,0.053846266120672226,0.17363904416561127,0.03456956520676613,0.00013758825662080199
0,512,transformer.h.5.mlp.c_proj.weight,transformer.h.5.mlp.c_proj.weight,"[384, 1024]",int8-linear-b2048,8.00143311607826e-08,3.023632598342374e-05,8.096038800431415e-05,3.0316339689306915e-05,5.064404831500724e-05,0.00023890077136456966,0.00070993258850649,0.03800119459629059,8.510420593665913e-05,0.001145105343312025,0.003411849495023489,0.03827616572380066,7.750904478598386e-05,0.0032698370050638914,0.011581494472920895,0.03889472410082817,9.70928740571253e-05
0,512,transformer.h.5.mlp.c_proj.weight,transformer.h.5.mlp.c_proj.weight,"[384, 1024]",int4-linear-b2048,2.6574707590043545e-05,0.009913532063364983,0.02631869725883007,0.00994010642170906,0.01637859083712101,0.004384365864098072,0.01720157265663147,0.03898372873663902,0.00012109020462958142,0.021986326202750206,0.06835680454969406,0.03851092979311943,0.00011640283628366888,0.04813992604613304,0.2093924880027771,0.0392950177192688,7.862773054512218e-05
0,512,transformer.h.5.mlp.c_proj.weight,transformer.h.5.mlp.c_proj.weight,"[384, 1024]",int4-dynamic-b2048,0.00038390306872315705,0.005593569483608007,0.01349857822060585,0.005977472756057978,0.0075211054645478725,0.038838837295770645,0.052266787737607956,0.06534659117460251,0.020451996475458145,0.04723992571234703,0.09863085299730301,0.04287485033273697,0.00071291986387223,0.06423094868659973,0.19457454979419708,0.04160744696855545,0.00023742007033433765
0,1024,transformer.h.0.attn.c_attn.weight,transformer.h.0.attn.c_attn.weight,"[1152, 384]",int8-linear-b2048,1.5246277129676855e-08,6.107662102294853e-06,8.528479156666435e-06,6.1229084167280234e-06,2.405570739938412e-06,0.0002308419643668458,0.0006647753180004656,0.09041880071163177,0.00016385830531362444,0.0028252131305634975,0.0086485855281353,0.08317277580499649,0.0002007276052609086,0.009715395979583263,0.03503178805112839,0.03159039840102196,0.00011760807683458552
0,1024,transformer.h.0.attn.c_attn.weight,transformer.h.0.attn.c_attn.weight,"[1152, 384]",int4-linear-b2048,5.001023509976221e-06,0.002012224169448018,0.002802823903039098,0.0020172251388430595,0.0007855987641960382,0.0046621402725577354,0.020114796236157417,0.09176011383533478,0.0002949383342638612,0.046383086591959,0.14064480364322662,0.0828017070889473,0.00018625969823915511,0.15032443404197693,0.4213535189628601,0.031233638525009155,7.695097156101838e-05
0,1024,transformer.h.0.attn.c_attn.weight,transformer.h.0.attn.c_attn.weight,"[1152, 384]",int4-dynamic-b2048,2.4510158254997805e-05,0.00233557540923357,0.0032065538689494133,0.002360085491091013,0.0008464683778584003,0.016590680927038193,0.027933785691857338,0.10242795944213867,0.005492724943906069,0.04743245244026184,0.20002718269824982,0.08367324620485306,0.0001891266438178718,0.1567302793264389,0.44609105587005615,0.030304627493023872,6.906335329404101e-05
0,1024,transformer.h.0.attn.c_proj.weight,transformer.h.0.attn.c_proj.weight,"[384, 384]",int8-linear-b2048,1.9304231102523772e-07,6.718005170114338e-05,6.73730974085629e-05,6.73730974085629e-05,0.0,0.00025158500648103654,0.0010861795162782073,0.10449711233377457,0.00025620474480092525,0.0038794458378106356,0.015363332815468311,0.10236980020999908,0.0002922510902862996,0.19781190156936646,2.4924979209899902,0.10105843842029572,0.00021117381402291358
0,1024,transformer.h.0.attn.c_proj.weight,transformer.h.0.attn.c_proj.weight,"[384, 384]",int4-linear-b2048,5.791839066660032e-05,0.022060949355363846,0.022118866443634033,0.022118868306279182,0.0,0.004475906025618315,0.019555125385522842,0.10110452771186829,0.0002231921098427847,0.0606595054268837,0.20577996969223022,0.10195326805114746,0.00022592575987800956,3.000575542449951,36.127845764160156,0.10120566934347153,0.0002043309505097568
0,1024,transformer.h.0.attn.c_proj.weight,transformer.h.0.attn.c_proj.weight,"[384, 384]",int4-dynamic-b2048,0.0003088247904088348,0.02262023091316223,0.022929053753614426,0.022929055616259575,0.0,0.022411001846194267,0.04292351379990578,0.11451087892055511,0.009696639142930508,0.08315248787403107,0.2522215247154236,0.09937721490859985,0.00037210507434792817,4.679798126220703,82.86152648925781,0.09894772619009018,0.0003213400486856699
0,1024,transformer.h.0.mlp.w1.weight,transformer.h.0.mlp.w1.weight,"[1024, 384]",int8-linear-b2048,1.1377744080220964e-08,4.343924956629053e-06,1.1210584489163011e-05,4.355302735348232e-06,6.855281753814779e-06,0.00017499398381914943,0.0006835576496087015,0.04498757794499397,0.00012674755998887122,0.0006479252479039133,0.00154513877350837,0.03934537246823311,0.00012201158824609593,0.0015541570028290153,0.004243404604494572,0.03740813955664635,0.00012096111458959058
0,1024,transformer.h.0.mlp.w1.weight,transformer.h.0.mlp.w1.weight,"[1024, 384]",int4-linear-b2048,3.682433998619672e-06,0.001425557304173708,0.003670570207759738,0.0014292397536337376,0.0022413304541260004,0.0028597123455256224,0.009987924247980118,0.04446092247962952,0.00011176247062394395,0.009298581629991531,0.024784762412309647,0.03884812444448471,8.270241960417479e-05,0.024390071630477905,0.06578786671161652,0.037230394780635834,9.20075544854626e-05
0,1024,transformer.h.0.mlp.w1.weight,transformer.h.0.mlp.w1.weight,"[1024, 384]",int4-dynamic-b2048,3.509014277369715e-05,0.0014666813658550382,0.003487130394205451,0.0015017715049907565,0.0019853590056300163,0.0192047581076622,0.03283892944455147,0.0627652034163475,0.005465068854391575,0.024422377347946167,0.06345705687999725,0.04167957976460457,0.0005651287501677871,0.03514895588159561,0.09737607091665268,0.037334684282541275,0.00018849193293135613
0,1024,transformer.h.0.mlp.w2.weight,transformer.h.0.mlp.w2.weight,"[1024, 384]",int8-linear-b2048,1.1568580760012992e-08,4.1710686673468444e-06,1.0605694114929065e-05,4.182637439953396e-06,6.423056674975669e-06,0.0001797812874428928,0.0008887451258487999,0.04821086302399635,0.00012236874317750335,0.0006642267107963562,0.0017744343494996428,0.03866608813405037,0.00013008812675252557,0.0012311574537307024,0.004969976842403412,0.03783723711967468,9.339584357803687e-05
0,1024,transformer.h.0.mlp.w2.weight,transformer.h.0.mlp.w2.weight,"[1024, 384]",int4-linear-b2048,3.885616933985148e-06,0.00136462168302387,0.0034790777135640383,0.0013685072772204876,0.0021105704363435507,0.0036249069962650537,0.013426966033875942,0.047074928879737854,0.00015881317085586488,0.011692343279719353,0.025586165487766266,0.03878885135054588,0.00011349208216415718,0.029126299545168877,0.06838364899158478,0.03635700047016144,0.0001354912674287334
0,1024,transformer.h.0.mlp.w2.weight,transformer.h.0.mlp.w2.weight,"[1024, 384]",int4-dynamic-b2048,3.1222116376738995e-05,0.0013955244794487953,0.0032615826930850744,0.001426746603101492,0.0018348360899835825,0.017849653959274292,0.02610086463391781,0.06484091281890869,0.005268344189971685,0.021004850044846535,0.056311000138521194,0.04192719608545303,0.0003992608981207013,0.032758500427007675,0.08177515119314194,0.0357908271253109,0.00016325723845511675
0,1024,transformer.h.0.mlp.c_proj.weight,transformer.h.0.mlp.c_proj.weight,"[384, 1024]",int8-linear-b2048,2.1445215736548562e-07,7.833126437617466e-05,0.00020916646462865174,7.85457159508951e-05,0.00013062075595371425,0.00021627149544656277,0.00041521701496094465,0.03887701407074928,9.938823495758697e-05,0.0007862615748308599,0.0032353485003113747,0.03745822235941887,8.421260281465948e-05,0.0027164353523403406,0.006684070453047752,0.03756432607769966,0.00011015417840098962
0,1024,transformer.h.0.mlp.c_proj.weight,transformer.h.0.mlp.c_proj.weight,"[384, 1024]",int4-linear-b2048,7.326745253521949e-05,0.025589199736714363,0.06801030039787292,0.025662466883659363,0.04234783351421356,0.003921194933354855,0.012292889878153801,0.039095647633075714,0.00013002363266423345,0.020192032679915428,0.06454669684171677,0.03832368552684784,0.00014965514128562063,0.036181531846523285,0.10968918353319168,0.03766739368438721,6.436720286728814e-05
0,1024,transformer.h.0.mlp.c_proj.weight,transformer.h.0.mlp.c_proj.weight,"[384, 1024]",int4-dynamic-b2048,0.0009019282879307866,0.016249697655439377,0.0386291965842247,0.01715162582695484,0.02147757075726986,0.03267956152558327,0.03939196839928627,0.05864744260907173,0.013206364586949348,0.044510163366794586,0.07378875464200974,0.04279009997844696,0.0009325784631073475,0.045919306576251984,0.1210416778922081,0.0424516461789608,0.00017419291543774307
0,1024,transformer.h.1.attn.c_attn.weight,transformer.h.1.attn.c_attn.weight,"[1152, 384]",int8-linear-b2048,1.0151420148929446e-08,4.34798630521982e-06,6.469623258453794e-06,4.358137630333658e-06,2.1114856281201355e-06,0.00022718821128364652,0.0013519329950213432,0.09574088454246521,0.00023937923833727837,0.0027922112494707108,0.007450357545167208,0.0731830820441246,0.00014902540715411305,0.009082901291549206,0.03108544833958149,0.03099561296403408,7.732481753919274e-05
0,1024,transformer.h.1.attn.c_attn.weight,transformer.h.1.attn.c_attn.weight,"[1152, 384]",int4-linear-b2048,3.80481196771143e-06,0.0014346868265420198,0.0021314946934580803,0.0014384916285052896,0.0006930030649527907,0.0055389925837516785,0.021799519658088684,0.09539464861154556,0.000307469250401482,0.053733136504888535,0.18290077149868011,0.0721670612692833,0.00017957542149815708,0.1812313348054886,0.6300042867660522,0.03073451668024063,9.225279063684866e-05
0,1024,transformer.h.1.attn.c_attn.weight,transformer.h.1.attn.c_attn.weight,"[1152, 384]",int4-dynamic-b2048,2.4531600502086803e-05,0.0015753678744658828,0.002336697420105338,0.0015998994931578636,0.0007367979269474745,0.020596377551555634,0.039095908403396606,0.10634402185678482,0.00817218329757452,0.0648178681731224,0.16437049210071564,0.0731780007481575,0.00019873898418154567,0.17727524042129517,0.5228814482688904,0.030300185084342957,6.943064363440499e-05
0,1024,transformer.h.1.attn.c_proj.weight,transformer.h.1.attn.c_proj.weight,"[384, 384]",int8-linear-b2048,1.4844009399439528e-07,5.7576922699809074e-05,5.7725352235138416e-05,5.772536314907484e-05,0.0,0.00028495528385974467,0.0011331891873851418,0.10186513513326645,0.00022131609148345888,0.006497051566839218,0.020090581849217415,0.10230425745248795,0.0004262230359017849,0.5441063046455383,8.173517227172852,0.0996161624789238,0.00032004929380491376
0,1024,transformer.h.1.attn.c_proj.weight,transformer.h.1.attn.c_proj.weight,"[384, 384]",int4-linear-b2048,4.787856596522033e-05,0.01886197365820408,0.018909849226474762,0.01890985295176506,0.0,0.0050597405061125755,0.017158053815364838,0.1038084626197815,0.00022716427338309586,0.09646698087453842,0.25219106674194336,0.09980940818786621,0.0002645071072038263,12.0614013671875,292.3111572265625,0.10035107284784317,0.00028219440719112754
0,1024,transformer.h.1.attn.c_proj.weight,transformer.h.1.attn.c_proj.weight,"[384, 384]",int4-dynamic-b2048,0.00020002949167974293,0.019290927797555923,0.01949094980955124,0.019490957260131836,0.0,0.022037144750356674,0.037852849811315536,0.11451120674610138,0.007519463077187538,0.08658696711063385,0.23472470045089722,0.10193855315446854,0.00022516546596307307,6.961301326751709,102.7800521850586,0.10213129222393036,0.0002947588509414345
0,1024,transformer.h.1.mlp.w1.weight,transformer.h.1.mlp.w1.weight,"[1024, 384]",int8-linear-b2048,8.036556309320986e-09,3.220982534912764e-06,8.12954476714367e-06,3.229019057471305e-06,4.900525709672365e-06,0.00018017759430222213,0.0006331898621283472,0.0496448315680027,0.00010419566388009116,0.00071202393155545,0.0017772853607311845,0.03836024925112724,8.745474769966677e-05,0.0024544603656977415,0.00630410248413682,0.036758992820978165,0.00012957784929312766
0,1024,transformer.h.1.mlp.w1.weight,transformer.h.1.mlp.w1.weight,"[1024, 384]",int4-linear-b2048,2.808715407809359e-06,0.0010517982300370932,0.0026602870784699917,0.0010546069825068116,0.00160568009596318,0.0029620330315083265,0.010592261329293251,0.05000338330864906,0.00010539288632571697,0.012574170716106892,0.036441635340452194,0.038067545741796494,7.905965321697295e-05,0.029327940195798874,0.11069737374782562,0.03685566410422325,6.495447451015934e-05
0,1024,transformer.h.1.mlp.w1.weight,transformer.h.1.mlp.w1.weight,"[1024, 384]",int4-dynamic-b2048,2.4605560611234978e-05,0.0010342756286263466,0.002216234803199768,0.0010588811710476875,0.0011573536321520805,0.019586192443966866,0.029498932883143425,0.08389174193143845,0.006679292768239975,0.025123154744505882,0.06197398528456688,0.04367060586810112,0.0003497408179100603,0.04055478051304817,0.12200190126895905,0.03599213436245918,0.00015131499094422907
0,1024,transformer.h.1.mlp.w2.weight,transformer.h.1.mlp.w2.weight,"[1024, 384]",int8-linear-b2048,8.11992162397246e-09,3.223407475161366e-06,8.185208571376279e-06,3.231527443858795e-06,4.953681127517484e-06,0.0001712879166007042,0.0006387933390215039,0.05154012143611908,0.00011502517008921131,0.0008666326175443828,0.0025658304803073406,0.03785182163119316,0.00011934080976061523,0.0020528363529592752,0.0068985894322395325,0.037035077810287476,8.089513721643016e-05
0,1024,transformer.h.1.mlp.w2.weight,transformer.h.1.mlp.w2.weight,"[1024, 384]",int4-linear-b2048,3.0864468953950563e-06,0.00105286855250597,0.0026534302160143852,0.0010559549555182457,0.0015974752604961395,0.004525122232735157,0.01847454532980919,0.0517304502427578,0.00019396928837522864,0.014125499874353409,0.05324135348200798,0.038681693375110626,0.00012004915333818644,0.0399843230843544,0.1460060030221939,0.03762122616171837,0.00010946690599666908
0,1024,transformer.h.1.mlp.w2.weight,transformer.h.1.mlp.w2.weight,"[1024, 384]",int4-dynamic-b2048,2.3800826966180466e-05,0.0009775804355740547,0.002077363431453705,0.0010013813152909279,0.001075982116162777,0.020235488191246986,0.037785641849040985,0.08727911859750748,0.007202082313597202,0.03237264230847359,0.07969746738672256,0.042344558984041214,0.0005157466512173414,0.04626008868217468,0.12128613144159317,0.035603977739810944,0.0001627012388780713
0,1024,transformer.h.1.mlp.c_proj.weight,transformer.h.1.mlp.c_proj.weight,"[384, 1024]",int8-linear-b2048,2.049787610758358e-07,7.97162065282464e-05,0.00021238275803625584,7.992118480615318e-05,0.00013246157323010266,0.00024916836991906166,0.0008165336912497878,0.038595762103796005,8.494396752212197e-05,0.001199401100166142,0.003802442690357566,0.03828946873545647,8.127521869027987e-05,0.003421030705794692,0.011702332645654678,0.037699513137340546,8.914284262573346e-05
0,1024,transformer.h.1.mlp.c_proj.weight,transformer.h.1.mlp.c_proj.weight,"[384, 1024]",int4-linear-b2048,0.0002220849273726344,0.02533576264977455,0.06535231322050095,0.025557847693562508,0.03979446738958359,0.014617149718105793,0.029785379767417908,0.042418185621500015,0.0008386380504816771,0.03816625848412514,0.0892777144908905,0.039388518780469894,0.0002408564614597708,0.08630646765232086,0.19735388457775116,0.03911846876144409,0.0001646544988034293
0,1024,transformer.h.1.mlp.c_proj.weight,transformer.h.1.mlp.c_proj.weight,"[384, 1024]",int4-dynamic-b2048,0.0007936854381114244,0.011953945271670818,0.025009363889694214,0.012747630476951599,0.012261733412742615,0.040330834686756134,0.052510444074869156,0.07109278440475464,0.018787721171975136,0.05270837992429733,0.09009155631065369,0.04846571013331413,0.0009618534240871668,0.07271440327167511,0.1760983169078827,0.04781623184680939,0.00028447978547774255
0,1024,transformer.h.2.attn.c_attn.weight,transformer.h.2.attn.c_attn.weight,"[1152, 384]",int8-linear-b2048,1.157018658659581e-07,4.065151370014064e-05,5.9617130318656564e-05,4.0767215978121385e-05,1.884991434053518e-05,0.0006214433815330267,0.0022207333240658045,0.09394226968288422,0.0005258935852907598,0.009369706735014915,0.031421709805727005,0.07726041227579117,0.00026393841835670173,0.030032405629754066,0.10885781049728394,0.04728403314948082,8.148434426402673e-05
0,1024,transformer.h.2.attn.c_attn.weight,transformer.h.2.attn.c_attn.weight,"[1152, 384]",int4-linear-b2048,3.689400909934193e-05,0.013247636146843433,0.018888477236032486,0.013284530490636826,0.00560394674539566,0.009731211699545383,0.03438979387283325,0.12948569655418396,0.00038058648351579905,0.1349440962076187,0.44199150800704956,0.07136940956115723,0.00018852717767003924,0.5290905833244324,1.6568479537963867,0.04358464851975441,7.818378799129277e-05
0,1024,transformer.h.2.attn.c_attn.weight,transformer.h.2.attn.c_attn.weight,"[1152, 384]",int4-dynamic-b2048,0.0002583032182883471,0.009236417710781097,0.013464334420859814,0.009494720958173275,0.003969613462686539,0.03287363052368164,0.06809086352586746,0.15173014998435974,0.017272649332880974,0.12119535356760025,0.3520013093948364,0.06939547508955002,0.00016463390784338117,0.4200079143047333,1.155477523803711,0.04257374629378319,6.528675294248387e-05
0,1024,transformer.h.2.attn.c_proj.weight,transformer.h.2.attn.c_proj.weight,"[384, 384]",int8-linear-b2048,2.1587206333606446e-07,8.685679495101795e-05,8.707266533747315e-05,8.707266533747315e-05,0.0,0.00036479250411503017,0.0011633624089881778,0.10258529335260391,0.0002763255324680358,0.006340865045785904,0.018223443999886513,0.10180246084928513,0.00025604618713259697,0.7979501485824585,12.196284294128418,0.10100673139095306,0.0003162212669849396
0,1024,transformer.h.2.attn.c_proj.weight,transformer.h.2.attn.c_proj.weight,"[384, 384]",int4-linear-b2048,8.168492058757693e-05,0.02837355062365532,0.028455238789319992,0.028455235064029694,3.725290298461914e-09,0.007257696241140366,0.03027496114373207,0.10239057242870331,0.0002689264656510204,0.11878301948308945,0.3782235085964203,0.09959740191698074,0.0003075276908930391,7.024681568145752,60.497215270996094,0.10153361409902573,0.00035327617661096156
0,1024,transformer.h.2.attn.c_proj.weight,transformer.h.2.attn.c_proj.weight,"[384, 384]",int4-dynamic-b2048,0.00035551367909647524,0.022952675819396973,0.02330818958580494,0.02330818958580494,0.0,0.02922230213880539,0.04709133133292198,0.12227945774793625,0.011934369802474976,0.10077865421772003,0.3923856317996979,0.098447784781456,0.00028908360400237143,5.581920146942139,36.8880729675293,0.09743915498256683,0.00018205598462373018
0,1024,transformer.h.2.mlp.w1.weight,transformer.h.2.mlp.w1.weight,"[1024, 384]",int8-linear-b2048,4.940595932367842e-09,2.2423857899411814e-06,5.545768090087222e-06,2.2473263925348874e-06,3.2984416975523345e-06,0.00013893719005864114,0.0004073456220794469,0.05019437521696091,7.677785470150411e-05,0.000765788892749697,0.0017454838380217552,0.03947484865784645,8.99570295587182e-05,0.0021361231338232756,0.007413311395794153,0.036885157227516174,9.761469846125692e-05
0,1024,transformer.h.2.mlp.w1.weight,transformer.h.2.mlp.w1.weight,"[1024, 384]",int4-linear-b2048,1.865665126388194e-06,0.0007292026421055198,0.0018036423716694117,0.0007310683140531182,0.0010725740576162934,0.0028695273213088512,0.00889052264392376,0.04986128211021423,0.0001573732151882723,0.014255755580961704,0.04092783480882645,0.04044768586754799,0.00011601414007600397,0.040821731090545654,0.11793313175439835,0.03696414828300476,0.00010324156028218567
0,1024,transformer.h.2.mlp.w1.weight,transformer.h.2.mlp.w1.weight,"[1024, 384]",int4-dynamic-b2048,1.7813754311646335e-05,0.0006771805346943438,0.0014935907674953341,0.0006949942908249795,0.0007985964766703546,0.020134085789322853,0.037114884704351425,0.07506489753723145,0.007395636290311813,0.024416126310825348,0.05388501286506653,0.04372764006257057,0.0003382986760698259,0.046337563544511795,0.11846241354942322,0.03652818500995636,0.00014128097973298281
0,1024,transformer.h.2.mlp.w2.weight,transformer.h.2.mlp.w2.weight,"[1024, 384]",int8-linear-b2048,5.309753525750693e-09,2.0840236629737774e-06,5.216161298449151e-06,2.089333520416403e-06,3.126827778032748e-06,0.00017081911209970713,0.00047610115143470466,0.04938469082117081,0.00013267590838950127,0.0008044458809308708,0.002257087966427207,0.038979422301054,9.834937372943386e-05,0.0021910907234996557,0.0065749757923185825,0.03716647997498512,9.264267282560468e-05
0,1024,transformer.h.2.mlp.w2.weight,transformer.h.2.mlp.w2.weight,"[1024, 384]",int4-linear-b2048,1.8628009001986356e-06,0.0006770343170501292,0.0016966455150395632,0.0006788971368223429,0.0010177483782172203,0.0036070244386792183,0.010401870124042034,0.04989060014486313,0.00014355209714267403,0.014481808990240097,0.02895868569612503,0.03846658766269684,8.692918345332146e-05,0.049727730453014374,0.17546023428440094,0.03693480044603348,0.0001341220922768116
0,1024,transformer.h.2.mlp.w2.weight,transformer.h.2.mlp.w2.weight,"[1024, 384]",int4-dynamic-b2048,1.6610791135462932e-05,0.0006377105601131916,0.0013958604540675879,0.0006543213385157287,0.0007415391155518591,0.019399480894207954,0.028261737897992134,0.07699447870254517,0.007491322234272957,0.02901831641793251,0.06478225439786911,0.04335925355553627,0.00039785163244232535,0.044672735035419464,0.1608521044254303,0.03556390479207039,0.00014102594286669046
0,1024,transformer.h.2.mlp.c_proj.weight,transformer.h.2.mlp.c_proj.weight,"[384, 1024]",int8-linear-b2048,6.350884262928957e-08,2.5074223231058568e-05,6.689889414701611e-05,2.5137731427093968e-05,4.176116271992214e-05,0.00017609841597732157,0.000709906336851418,0.039361242204904556,9.012797090690583e-05,0.0008951101917773485,0.003059778595343232,0.03801847994327545,0.0001212692804983817,0.0030293280724436045,0.009520846419036388,0.038427647203207016,0.00015249912394210696
0,1024,transformer.h.2.mlp.c_proj.weight,transformer.h.2.mlp.c_proj.weight,"[384, 1024]",int4-linear-b2048,2.3766595404595137e-05,0.008213894441723824,0.021879805251955986,0.008237660862505436,0.01364214438945055,0.003430390264838934,0.01126865204423666,0.03924214094877243,9.448764467379078e-05,0.016546983271837234,0.05183114483952522,0.039211470633745193,0.0001127302530221641,0.04277569055557251,0.13753817975521088,0.037746135145425797,9.220288484357297e-05
0,1024,transformer.h.2.mlp.c_proj.weight,transformer.h.2.mlp.c_proj.weight,"[384, 1024]",int4-dynamic-b2048,0.00028050667606294155,0.005624913610517979,0.012885438278317451,0.0059054200537502766,0.006980018224567175,0.029522757977247238,0.03755536675453186,0.05823395773768425,0.011469822376966476,0.03770335763692856,0.06997840851545334,0.04476383328437805,0.0007281139260157943,0.042387932538986206,0.09593425691127777,0.0437852144241333,0.00016932016296777874
0,1024,transformer.h.3.attn.c_attn.weight,transformer.h.3.attn.c_attn.weight,"[1152, 384]",int8-linear-b2048,1.4123562763757036e-08,5.8688310673460364e-06,9.568535460857674e-06,5.882954610569868e-06,3.6855808502878062e-06,0.00028645878774113953,0.0014272266998887062,0.08016667515039444,0.0002239118912257254,0.004004194401204586,0.016023917123675346,0.06476045399904251,0.0001411807897966355,0.018721928820014,0.052719343453645706,0.04210280999541283,0.000123915437143296
0,1024,transformer.h.3.attn.c_attn.weight,transformer.h.3.attn.c_attn.weight,"[1152, 384]",int4-linear-b2048,4.994996743334923e-06,0.0019481139024719596,0.003130483441054821,0.0019531089346855879,0.0011773745063692331,0.006264196243137121,0.019209252670407295,0.08405070751905441,0.00022248087043408304,0.0700276717543602,0.18997496366500854,0.06555633991956711,0.0001242689322680235,0.32963934540748596,1.0730071067810059,0.040664561092853546,0.00011357095354469493
0,1024,transformer.h.3.attn.c_attn.weight,transformer.h.3.attn.c_attn.weight,"[1152, 384]",int4-dynamic-b2048,4.05926548410207e-05,0.001697409083135426,0.0026820499915629625,0.0017380017088726163,0.0009440482826903462,0.027858996763825417,0.05908188223838806,0.10557610541582108,0.01286696270108223,0.07552120834589005,0.2466343641281128,0.06636179238557816,0.0001752170646796003,0.3122604191303253,0.8672443628311157,0.03948630765080452,0.00012145604705438018
0,1024,transformer.h.3.attn.c_proj.weight,transformer.h.3.attn.c_proj.weight,"[384, 384]",int8-linear-b2048,7.591606987489286e-08,2.8668308004853316e-05,2.87442217086209e-05,2.8744223527610302e-05,0.0,0.0002899827959481627,0.0008349033305421472,0.10112649947404861,0.00033417606027796865,0.004993343260139227,0.014162873849272728,0.10204678028821945,0.0002981353900395334,0.3269459903240204,7.124163627624512,0.10370412468910217,0.0002347087429370731
0,1024,transformer.h.3.attn.c_proj.weight,transformer.h.3.attn.c_proj.weight,"[384, 384]",int4-linear-b2048,2.466844489390496e-05,0.00940624624490738,0.009430913254618645,0.009430915117263794,0.0,0.004165288992226124,0.02223505824804306,0.10030706226825714,0.00016698072431609035,0.07585351169109344,0.25037726759910583,0.10011130571365356,0.00020000846416223794,8.509062767028809,163.1536407470703,0.09966525435447693,0.000277703715255484
0,1024,transformer.h.3.attn.c_proj.weight,transformer.h.3.attn.c_proj.weight,"[384, 384]",int4-dynamic-b2048,0.00010480731725692749,0.009288199245929718,0.009393006563186646,0.009393006563186646,0.0,0.02318808063864708,0.03892984613776207,0.11541756242513657,0.008325527422130108,0.07318174839019775,0.253733366727829,0.10080328583717346,0.00022992066806182265,10.0773344039917,235.4400634765625,0.09859354794025421,0.00028396505513228476
0,1024,transformer.h.3.mlp.w1.weight,transformer.h.3.mlp.w1.weight,"[1024, 384]",int8-linear-b2048,4.723611279899842e-09,1.7121324162872043e-06,4.333880042395322e-06,1.7168559907076997e-06,2.6170241653744597e-06,0.00014534853107761592,0.0006874073296785355,0.052773866802453995,0.00012215637252666056,0.0007110664155334234,0.00216550100594759,0.0389472171664238,0.00012079884618287906,0.0018722099484875798,0.004658637102693319,0.03717711195349693,8.380821236642078e-05
0,1024,transformer.h.3.mlp.w1.weight,transformer.h.3.mlp.w1.weight,"[1024, 384]",int4-linear-b2048,1.5586887229801505e-06,0.0005519200931303203,0.001395711675286293,0.0005534787778742611,0.0008422328974120319,0.0030061062425374985,0.012175171636044979,0.05371987447142601,0.00017220849986188114,0.01428939402103424,0.05893213674426079,0.038819219917058945,0.00013300502905622125,0.0310787633061409,0.09499475359916687,0.03726314753293991,8.347434049937874e-05
0,1024,transformer.h.3.mlp.w1.weight,transformer.h.3.mlp.w1.weight,"[1024, 384]",int4-dynamic-b2048,1.2534280358522665e-05,0.0005479095852933824,0.0012391130439937115,0.0005604438483715057,0.0006786691956222057,0.017873615026474,0.026015376672148705,0.07789886742830276,0.006115600001066923,0.021179240196943283,0.045175302773714066,0.04174250736832619,0.0002811781596392393,0.04089659824967384,0.09809963405132294,0.03602871298789978,0.00013861162005923688
0,1024,transformer.h.3.mlp.w2.weight,transformer.h.3.mlp.w2.weight,"[1024, 384]",int8-linear-b2048,3.806648329884865e-09,1.7604888853384182e-06,4.4063608584110625e-06,1.7642955754126888e-06,2.6420652829983737e-06,0.00014778462355025113,0.0005017798393964767,0.05429353192448616,9.511393727734685e-05,0.0006746756262145936,0.002074524527415633,0.038496606051921844,8.356699254363775e-05,0.0020784426014870405,0.006936495658010244,0.03771403431892395,0.00011011023889295757
0,1024,transformer.h.3.mlp.w2.weight,transformer.h.3.mlp.w2.weight,"[1024, 384]",int4-linear-b2048,1.5814650851098122e-06,0.0005694943247362971,0.0014290626859292388,0.0005710757686756551,0.0008579869172535837,0.002991148503497243,0.012466606684029102,0.05402294918894768,0.00014758948236703873,0.015497324988245964,0.051840730011463165,0.03952796384692192,0.0001407096569892019,0.03084591031074524,0.07801848649978638,0.036882076412439346,6.2558836361859e-05
0,1024,transformer.h.3.mlp.w2.weight,transformer.h.3.mlp.w2.weight,"[1024, 384]",int4-dynamic-b2048,1.2874413187091704e-05,0.0005498878890648484,0.0012087896466255188,0.0005627623177133501,0.0006460273289121687,0.018146971240639687,0.02742847613990307,0.08445563912391663,0.006213787477463484,0.021320199593901634,0.050686419010162354,0.04262571036815643,0.0002835956693161279,0.03636559098958969,0.1081831306219101,0.035820186138153076,0.00011183472815901041
0,1024,transformer.h.3.mlp.c_proj.weight,transformer.h.3.mlp.c_proj.weight,"[384, 1024]",int8-linear-b2048,5.207188991107614e-08,2.2153630197863095e-05,5.920787589275278e-05,2.2205702407518402e-05,3.700217348523438e-05,0.00018852580979000777,0.0005435406346805394,0.03923007473349571,8.568119665142149e-05,0.0007476581959053874,0.002825347473844886,0.03799252584576607,9.621035860618576e-05,0.0018635982414707541,0.005001053214073181,0.037727802991867065,6.705794658046216e-05
0,1024,transformer.h.3.mlp.c_proj.weight,transformer.h.3.mlp.c_proj.weight,"[384, 1024]",int4-linear-b2048,1.952222373802215e-05,0.007264201529324055,0.019439518451690674,0.007283723913133144,0.01215579453855753,0.00403441209346056,0.01544018555432558,0.03918571397662163,0.00012110921670682728,0.009626592509448528,0.030105801299214363,0.03823859617114067,4.869216354563832e-05,0.042156003415584564,0.14460894465446472,0.03772563487291336,0.00015282318054232746
0,1024,transformer.h.3.mlp.c_proj.weight,transformer.h.3.mlp.c_proj.weight,"[384, 1024]",int4-dynamic-b2048,0.00027663118089549243,0.005054167006164789,0.011962981894612312,0.005330798216164112,0.0066321836784482,0.030896883457899094,0.041148971766233444,0.05902397260069847,0.012808756902813911,0.04047331586480141,0.07472274452447891,0.043515607714653015,0.0009854637319222093,0.0477227084338665,0.11113014817237854,0.04241551458835602,0.00024770325399003923
0,1024,transformer.h.4.attn.c_attn.weight,transformer.h.4.attn.c_attn.weight,"[1152, 384]",int8-linear-b2048,5.220336163347383e-09,2.249673570986488e-06,3.2063198887044564e-06,2.254893843200989e-06,9.514260455034673e-07,0.00021249603014439344,0.0009604698279872537,0.09961748868227005,0.00020639739523176104,0.003015422262251377,0.01117295864969492,0.0778319388628006,0.00014385402027983218,0.010920923203229904,0.02870827540755272,0.03177336975932121,5.7632594689494e-05
0,1024,transformer.h.4.attn.c_attn.weight,transformer.h.4.attn.c_attn.weight,"[1152, 384]",int4-linear-b2048,1.854290871960984e-06,0.0007367826765403152,0.0010537146590650082,0.0007386369397863746,0.0003150777192786336,0.003792750183492899,0.010579927824437618,0.09948571771383286,0.00019779667491093278,0.057734448462724686,0.19086569547653198,0.07601349800825119,0.00016621108807157725,0.2591867744922638,0.6662104725837708,0.03198022022843361,8.286481170216575e-05
0,1024,transformer.h.4.attn.c_attn.weight,transformer.h.4.attn.c_attn.weight,"[1152, 384]",int4-dynamic-b2048,1.0961449333990458e-05,0.0008322800858877599,0.0011833757162094116,0.0008432415197603405,0.00034013419644907117,0.01760762184858322,0.03210935741662979,0.10875286906957626,0.00721248472109437,0.0757015272974968,0.2248648852109909,0.07696154713630676,0.0002344630629522726,0.1915310174226761,0.5387277007102966,0.031430501490831375,4.446256934897974e-05
0,1024,transformer.h.4.attn.c_proj.weight,transformer.h.4.attn.c_proj.weight,"[384, 384]",int8-linear-b2048,3.270125148446823e-08,1.3067132385913283e-05,1.3099831448926125e-05,1.3099833267915528e-05,0.0,0.00023360125487670302,0.0010192599147558212,0.10412587225437164,0.00020791612041648477,0.004188074730336666,0.012642175890505314,0.10041500627994537,0.0002635291311889887,0.3347896635532379,5.268360137939453,0.10039080679416656,0.00029372464632615447
0,1024,transformer.h.4.attn.c_proj.weight,transformer.h.4.attn.c_proj.weight,"[384, 384]",int4-linear-b2048,1.136414266511565e-05,0.004303410183638334,0.004314774181693792,0.004314774181693792,0.0,0.004550234880298376,0.018212556838989258,0.10169678181409836,0.00025619642110541463,0.06498392671346664,0.2521798610687256,0.09977263957262039,0.00023423312813974917,4.767488479614258,50.176090240478516,0.10115012526512146,0.00030815170612186193
0,1024,transformer.h.4.attn.c_proj.weight,transformer.h.4.attn.c_proj.weight,"[384, 384]",int4-dynamic-b2048,5.119755951454863e-05,0.004778881557285786,0.004830078687518835,0.004830079153180122,0.0,0.019604269415140152,0.036934416741132736,0.11310863494873047,0.007604504935443401,0.06701260805130005,0.25814586877822876,0.1004486158490181,0.00021988303342368454,4.97307014465332,99.75404357910156,0.09935504198074341,0.00016285310266539454
0,1024,transformer.h.4.mlp.w1.weight,transformer.h.4.mlp.w1.weight,"[1024, 384]",int8-linear-b2048,4.415004362101627e-09,1.794152694856166e-06,4.5883307393523864e-06,1.7985677231990849e-06,2.7897631298401393e-06,0.00013877128367312253,0.0005028769373893738,0.0466153547167778,0.00011236695718253031,0.0007244283333420753,0.002228719647973776,0.038153696805238724,0.00011998991976724938,0.0021851337514817715,0.005125635303556919,0.03790578246116638,9.433912055101246e-05
0,1024,transformer.h.4.mlp.w1.weight,transformer.h.4.mlp.w1.weight,"[1024, 384]",int4-linear-b2048,1.4673947816845612e-06,0.0005910241743549705,0.0015055048279464245,0.000592491589486599,0.0009130132384598255,0.003200359409675002,0.014511493034660816,0.04805569350719452,0.00013934887829236686,0.012868965044617653,0.041193846613168716,0.03886353224515915,9.262537787435576e-05,0.04152268171310425,0.1441410481929779,0.03725137189030647,0.0001285316830035299
0,1024,transformer.h.4.mlp.w1.weight,transformer.h.4.mlp.w1.weight,"[1024, 384]",int4-dynamic-b2048,1.564034573675599e-05,0.0005575247923843563,0.0012651588767766953,0.000573165132664144,0.0006919937441125512,0.0206956434994936,0.032698143273591995,0.07182692736387253,0.007373741362243891,0.026201339438557625,0.06226987764239311,0.04292735829949379,0.00039533936069346964,0.040895089507102966,0.12922410666942596,0.03563706576824188,0.0001419946929672733
0,1024,transformer.h.4.mlp.w2.weight,transformer.h.4.mlp.w2.weight,"[1024, 384]",int8-linear-b2048,5.231188815457699e-09,1.767395133356331e-06,4.383817213238217e-06,1.7726263195072534e-06,2.6111908937309636e-06,0.00018144201021641493,0.0006751304608769715,0.051925476640462875,0.00013694996596314013,0.0006467097555287182,0.0023830141872167587,0.03940963000059128,9.530126408208162e-05,0.0020354227162897587,0.005651945248246193,0.037006132304668427,9.361826960230246e-05
0,1024,transformer.h.4.mlp.w2.weight,transformer.h.4.mlp.w2.weight,"[1024, 384]",int4-linear-b2048,1.6949475138972048e-06,0.0005727667012251914,0.001422087661921978,0.0005744616501033306,0.0008476260118186474,0.0031186556443572044,0.013078704476356506,0.05252492427825928,0.00016429839888587594,0.01826159842312336,0.05119266360998154,0.03958868980407715,0.0001810679241316393,0.04241932928562164,0.10397540777921677,0.03734925016760826,0.00010975621989928186
0,1024,transformer.h.4.mlp.w2.weight,transformer.h.4.mlp.w2.weight,"[1024, 384]",int4-dynamic-b2048,1.4439752703765407e-05,0.00052755291108042,0.001173271331936121,0.0005419926601462066,0.0006312786717899144,0.020539380609989166,0.02958717569708824,0.07607804238796234,0.007128572557121515,0.02075207605957985,0.044932883232831955,0.0435311421751976,0.0002728617109823972,0.044260960072278976,0.11648745089769363,0.03624755144119263,0.00015437955153174698
0,1024,transformer.h.4.mlp.c_proj.weight,transformer.h.4.mlp.c_proj.weight,"[384, 1024]",int8-linear-b2048,5.328293539719198e-08,1.9636532670119777e-05,5.22843656654004e-05,1.9689816326717846e-05,3.259455115767196e-05,0.00016357426648028195,0.0007746530463919044,0.03873824328184128,8.002521644812077e-05,0.0007296724361367524,0.001989362295717001,0.03785788640379906,9.331237379228696e-05,0.0016910830745473504,0.00411648815497756,0.03768208622932434,6.340585241559893e-05
0,1024,transformer.h.4.mlp.c_proj.weight,transformer.h.4.mlp.c_proj.weight,"[384, 1024]",int4-linear-b2048,1.930611688294448e-05,0.006422755774110556,0.017194371670484543,0.0064420620910823345,0.010752309113740921,0.0028805832844227552,0.008070265874266624,0.03925852105021477,6.69304936309345e-05,0.016291484236717224,0.041080914437770844,0.038324493914842606,0.00012788137246388942,0.04566338285803795,0.10638427734375,0.0374797098338604,0.0001407725503668189
0,1024,transformer.h.4.mlp.c_proj.weight,transformer.h.4.mlp.c_proj.weight,"[384, 1024]",int4-dynamic-b2048,0.00022092042490839958,0.005235725548118353,0.012405981309711933,0.0054566459730267525,0.006949335336685181,0.027005702257156372,0.045602425932884216,0.055301301181316376,0.010322967544198036,0.03578491508960724,0.07996558398008347,0.04266570881009102,0.0007516132900491357,0.04403145983815193,0.12255098670721054,0.04259135574102402,0.0001855164155131206
0,1024,transformer.h.5.attn.c_attn.weight,transformer.h.5.attn.c_attn.weight,"[1152, 384]",int8-linear-b2048,7.652650069189804e-09,3.2114246550918324e-06,4.329423518356634e-06,3.2190773708862253e-06,1.110346147470409e-06,0.00024119540466926992,0.0013594498159363866,0.09932427853345871,0.00021477267728187144,0.006005133502185345,0.018364684656262398,0.08223027735948563,0.0002778798225335777,0.019592728465795517,0.06086181476712227,0.03079935722053051,7.145640847738832e-05
0,1024,transformer.h.5.attn.c_attn.weight,transformer.h.5.attn.c_attn.weight,"[1152, 384]",int4-linear-b2048,2.833547796399216e-06,0.0010590956080704927,0.0014237102586776018,0.0010619291570037603,0.0003617811016738415,0.005311382934451103,0.020196320489048958,0.10256852209568024,0.00031079878681339324,0.09818153083324432,0.24513119459152222,0.08328423649072647,0.00021627872774843127,0.4132099747657776,1.111254096031189,0.030443428084254265,0.00010691285569919273
0,1024,transformer.h.5.attn.c_attn.weight,transformer.h.5.attn.c_attn.weight,"[1152, 384]",int4-dynamic-b2048,2.1071093215141445e-05,0.0010287214536219835,0.0013995675835758448,0.001049792510457337,0.00034977507311850786,0.02722097374498844,0.04334353655576706,0.11596446484327316,0.01279593538492918,0.09963421523571014,0.390267014503479,0.07977379858493805,0.00023397391487378627,0.37106022238731384,0.7393479347229004,0.03001442551612854,6.874572136439383e-05
0,1024,transformer.h.5.attn.c_proj.weight,transformer.h.5.attn.c_proj.weight,"[384, 384]",int8-linear-b2048,3.1355348539818806e-08,1.1627371350186877e-05,1.16587270895252e-05,1.16587270895252e-05,0.0,0.00026010756846517324,0.0008389697759412229,0.10356689989566803,0.0003425175091251731,0.0036503905430436134,0.010779699310660362,0.10021951794624329,0.0002308671100763604,0.1842712014913559,1.2290012836456299,0.10123787820339203,0.0001524942636024207
0,1024,transformer.h.5.attn.c_proj.weight,transformer.h.5.attn.c_proj.weight,"[384, 384]",int4-linear-b2048,1.0480440323590301e-05,0.0038246551994234324,0.0038351351395249367,0.003835135605186224,0.0,0.0037138676270842552,0.016021762043237686,0.10260840505361557,0.0002577140985522419,0.06849335879087448,0.26946598291397095,0.1012054979801178,0.0002363431703997776,4.1523356437683105,44.40174865722656,0.10311165452003479,0.0002244170755147934
0,1024,transformer.h.5.attn.c_proj.weight,transformer.h.5.attn.c_proj.weight,"[384, 384]",int4-dynamic-b2048,4.4858035835204646e-05,0.004641937091946602,0.004686794709414244,0.004686795175075531,0.0,0.015626827254891396,0.027396880090236664,0.11149568855762482,0.006624932400882244,0.08733582496643066,0.2451622039079666,0.10040510445833206,0.00031065696384757757,3.9809563159942627,26.73324966430664,0.10074498504400253,0.0002921132545452565
0,1024,transformer.h.5.mlp.w1.weight,transformer.h.5.mlp.w1.weight,"[1024, 384]",int8-linear-b2048,8.8250740049034e-09,2.744354105743696e-06,6.861079782538582e-06,2.753179160208674e-06,4.1079006223299075e-06,0.00019956380128860474,0.0005781253566965461,0.06677448004484177,0.00027488902560435236,0.0011198371648788452,0.0027274941094219685,0.037253156304359436,0.00013501181092578918,0.002901084255427122,0.007051934953778982,0.03585221245884895,0.0001054699532687664
0,1024,transformer.h.5.mlp.w1.weight,transformer.h.5.mlp.w1.weight,"[1024, 384]",int4-linear-b2048,2.6824011456483277e-06,0.0008469946915283799,0.0020610971841961145,0.0008496770751662552,0.0012114201672375202,0.00494009256362915,0.015221372246742249,0.07169900089502335,0.0004439324256964028,0.015484955161809921,0.041242070496082306,0.03699897974729538,8.583079761592671e-05,0.04553019255399704,0.1326800435781479,0.03578495234251022,9.455118561163545e-05
0,1024,transformer.h.5.mlp.w1.weight,transformer.h.5.mlp.w1.weight,"[1024, 384]",int4-dynamic-b2048,2.2141730369185098e-05,0.0007308166241273284,0.0015326563734561205,0.0007529583526775241,0.0007796980207785964,0.024366876110434532,0.03899529203772545,0.12296485900878906,0.008763058111071587,0.030483242124319077,0.0612507089972496,0.040840473026037216,0.0004034852026961744,0.05037698894739151,0.13135650753974915,0.03293514996767044,0.00015307540888898075
0,1024,transformer.h.5.mlp.w2.weight,transformer.h.5.mlp.w2.weight,"[1024, 384]",int8-linear-b2048,6.064209134848397e-09,2.8622641821129946e-06,7.033712790871505e-06,2.868328465410741e-06,4.165384325460764e-06,0.0002155829279217869,0.0006848719785921276,0.07341459393501282,0.0001436829916201532,0.0006807870813645422,0.0023705794010311365,0.03702756389975548,5.917805901844986e-05,0.002353720599785447,0.007470486685633659,0.03608694300055504,6.078397927922197e-05
0,1024,transformer.h.5.mlp.w2.weight,transformer.h.5.mlp.w2.weight,"[1024, 384]",int4-linear-b2048,2.9429729693219997e-06,0.0008537630783393979,0.0020167722832411528,0.0008567060576751828,0.00116006622556597,0.005570919252932072,0.022280195727944374,0.08383451402187347,0.00038987735752016306,0.0165580864995718,0.042420461773872375,0.036812953650951385,9.41436446737498e-05,0.04739704355597496,0.12151633948087692,0.03593089431524277,9.34232011786662e-05
0,1024,transformer.h.5.mlp.w2.weight,transformer.h.5.mlp.w2.weight,"[1024, 384]",int4-dynamic-b2048,2.0461251551751047e-05,0.0007374411216005683,0.0014881222741678357,0.0007579023949801922,0.0007302198791876435,0.02346075512468815,0.04042254015803337,0.1397850215435028,0.008243444375693798,0.030698813498020172,0.08821269124746323,0.04036957770586014,0.0004165436839684844,0.05102400854229927,0.15503260493278503,0.03279554098844528,0.0001308364880969748
0,1024,transformer.h.5.mlp.c_proj.weight,transformer.h.5.mlp.c_proj.weight,"[384, 1024]",int8-linear-b2048,8.740629908743358e-08,3.290535823907703e-05,8.814358443487436e-05,3.299276431789622e-05,5.515082011697814e-05,0.000266338320216164,0.0014584761811420321,0.03840421885251999,0.00012850909843109548,0.0010432464769110084,0.0054396698251366615,0.037150830030441284,0.00010881075286306441,0.0027743179816752672,0.010488239116966724,0.038901735097169876,9.887202031677589e-05
0,1024,transformer.h.5.mlp.c_proj.weight,transformer.h.5.mlp.c_proj.weight,"[384, 1024]",int4-linear-b2048,3.0473647711914964e-05,0.010771767236292362,0.028685640543699265,0.010802241042256355,0.01788339950144291,0.004087200853973627,0.012201868928968906,0.03889972344040871,9.256620251107961e-05,0.018534330651164055,0.057432904839515686,0.03805481642484665,9.166597010334954e-05,0.05082867667078972,0.15844173729419708,0.038646288216114044,0.00010383809421909973
0,1024,transformer.h.5.mlp.c_proj.weight,transformer.h.5.mlp.c_proj.weight,"[384, 1024]",int4-dynamic-b2048,0.0003971577971242368,0.006889967247843742,0.016438893973827362,0.00728712510317564,0.009151768870651722,0.03357396274805069,0.047813452780246735,0.06144150346517563,0.016874810680747032,0.044691793620586395,0.07743281871080399,0.043023061007261276,0.000628339359536767,0.05679544433951378,0.22175753116607666,0.042665157467126846,0.00021397799719125032
0,2048,transformer.h.0.attn.c_attn.weight,transformer.h.0.attn.c_attn.weight,"[1152, 384]",int8-linear-b2048,3.560423067483498e-08,1.4026203643879853e-05,1.7926437067217194e-05,1.4061807632970158e-05,3.8646294342470355e-06,0.00031991308787837625,0.0011915474897250533,0.09780452400445938,0.0001932150626089424,0.0042326794937253,0.01531621441245079,0.09158133715391159,0.00026353864814154804,0.017798053100705147,0.037790119647979736,0.032852623611688614,9.189239790430292e-05
0,2048,transformer.h.0.attn.c_attn.weight,transformer.h.0.attn.c_attn.weight,"[1152, 384]",int4-linear-b2048,1.1781557986978441e-05,0.004603804089128971,0.005866835825145245,0.004615585785359144,0.0012512500397861004,0.0077718221582472324,0.018823152408003807,0.09636062383651733,0.0002886677102651447,0.07016061246395111,0.17191049456596375,0.09147276729345322,0.00020914523338433355,0.3063892424106598,1.0159449577331543,0.0330757312476635,9.965105709852651e-05
0,2048,transformer.h.0.attn.c_attn.weight,transformer.h.0.attn.c_attn.weight,"[1152, 384]",int4-dynamic-b2048,7.414603896904737e-05,0.0038675761315971613,0.004959972575306892,0.003941722214221954,0.001018250361084938,0.02770994044840336,0.06514611840248108,0.11383339762687683,0.01198162417858839,0.06464896351099014,0.24908308684825897,0.08906729519367218,0.0002482736308593303,0.22757941484451294,0.5508865714073181,0.033306606113910675,6.0138754633953795e-05
0,2048,transformer.h.0.attn.c_proj.weight,transformer.h.0.attn.c_proj.weight,"[384, 384]",int8-linear-b2048,2.9391011935331335e-07,0.000122897865367122,0.00012319177039898932,0.00012319177039898932,0.0,0.0005119601846672595,0.002007268136367202,0.10572786629199982,0.00031374747049994767,0.005505213979631662,0.014020172879099846,0.10176699608564377,0.00022558268392458558,0.4669394791126251,6.0917229652404785,0.10095261037349701,0.0003027463098987937
0,2048,transformer.h.0.attn.c_proj.weight,transformer.h.0.attn.c_proj.weight,"[384, 384]",int4-linear-b2048,0.00010768649372039363,0.040243785828351974,0.040351465344429016,0.04035147279500961,0.0,0.006732816807925701,0.031097562983632088,0.10434804111719131,0.00030694284942001104,0.09560917317867279,0.47321805357933044,0.09935960173606873,0.00025743863079696894,10.945971488952637,204.0475616455078,0.10048762708902359,0.00027038826374337077
0,2048,transformer.h.0.attn.c_proj.weight,transformer.h.0.attn.c_proj.weight,"[384, 384]",int4-dynamic-b2048,0.0005603904137387872,0.030944472178816795,0.03150486201047897,0.03150486201047897,0.0,0.03280008211731911,0.052743010222911835,0.12275195866823196,0.014597158879041672,0.097976915538311,0.2698451578617096,0.09892742335796356,0.0002641585888341069,4.332127094268799,50.4429817199707,0.09788648039102554,0.00023302424233406782
0,2048,transformer.h.0.mlp.w1.weight,transformer.h.0.mlp.w1.weight,"[1024, 384]",int8-linear-b2048,1.2703992524620844e-08,5.207446520216763e-06,1.3300148566486314e-05,5.220150342211127e-06,8.079998224275187e-06,0.0001700814173091203,0.0005815658951178193,0.04857538267970085,9.504386980552226e-05,0.000549039279576391,0.0013064508093521,0.03894539922475815,9.486087947152555e-05,0.0008522835560142994,0.0034503883216530085,0.037595320492982864,4.8409230657853186e-05
0,2048,transformer.h.0.mlp.w1.weight,transformer.h.0.mlp.w1.weight,"[1024, 384]",int4-linear-b2048,4.747609636979178e-06,0.0017024107510223985,0.004334945231676102,0.0017071584006771445,0.0026277867145836353,0.0032329815439879894,0.010044220834970474,0.04955078661441803,0.00014906522119417787,0.010494536720216274,0.027056634426116943,0.038912300020456314,0.00011134439409943298,0.029024118557572365,0.08854223787784576,0.03788935765624046,0.00013154951739124954
0,2048,transformer.h.0.mlp.w1.weight,transformer.h.0.mlp.w1.weight,"[1024, 384]",int4-dynamic-b2048,4.119375807931647e-05,0.0016478461911901832,0.003896631533280015,0.0016890399856492877,0.002207591664046049,0.020107179880142212,0.029597781598567963,0.06852303445339203,0.005870614666491747,0.021732386201620102,0.05421266332268715,0.03971143066883087,0.000471776002086699,0.02856561541557312,0.07571908086538315,0.03617586940526962,0.00017438091163057834
0,2048,transformer.h.0.mlp.w2.weight,transformer.h.0.mlp.w2.weight,"[1024, 384]",int8-linear-b2048,1.362060331189241e-08,5.413479811977595e-06,1.3978853530716151e-05,5.4271004046313465e-06,8.551753126084805e-06,0.0001662455906625837,0.0007898809271864593,0.04454692825675011,8.15218809293583e-05,0.0005759675404988229,0.0018558359006419778,0.03835618123412132,9.120770846493542e-05,0.0015301973326131701,0.0045349788852036,0.03698030114173889,0.00011211519449716434
0,2048,transformer.h.0.mlp.w2.weight,transformer.h.0.mlp.w2.weight,"[1024, 384]",int4-linear-b2048,4.6984687287476845e-06,0.0017979280091822147,0.004589734598994255,0.0018026265315711498,0.0027871080674231052,0.0032392030116170645,0.011621234007179737,0.04534512758255005,0.00011236911814194173,0.010237133130431175,0.03125143423676491,0.0389791838824749,9.365324513055384e-05,0.02453763410449028,0.06980199366807938,0.03748583793640137,9.578550816513598e-05
0,2048,transformer.h.0.mlp.w2.weight,transformer.h.0.mlp.w2.weight,"[1024, 384]",int4-dynamic-b2048,4.685999738285318e-05,0.0016659635584801435,0.0038834132719784975,0.0017128235194832087,0.002170589752495289,0.021204952150583267,0.030959751456975937,0.06503000855445862,0.006412525195628405,0.029485097154974937,0.057773858308792114,0.04174397140741348,0.0006840337882749736,0.035320382565259933,0.07881426811218262,0.035757750272750854,0.0002096911339322105
0,2048,transformer.h.0.mlp.c_proj.weight,transformer.h.0.mlp.c_proj.weight,"[384, 1024]",int8-linear-b2048,2.260548939148066e-07,8.671733667142689e-05,0.00023220834555104375,8.694339339854196e-05,0.0001452649594284594,0.0001823265483835712,0.0007035407470539212,0.04005325958132744,8.205173071473837e-05,0.0009114050772041082,0.0032451588194817305,0.03783204406499863,0.00010654408106347546,0.0022106082178652287,0.009605524130165577,0.03733208402991295,8.849398727761582e-05
0,2048,transformer.h.0.mlp.c_proj.weight,transformer.h.0.mlp.c_proj.weight,"[384, 1024]",int4-linear-b2048,9.160066838376224e-05,0.028261616826057434,0.07508568465709686,0.028353217989206314,0.04673246666789055,0.005852800328284502,0.01530342735350132,0.040080200880765915,0.000210397265618667,0.017100390046834946,0.05481335148215294,0.03856697306036949,0.00010792418470373377,0.041521623730659485,0.105860635638237,0.037829793989658356,8.05466843303293e-05
0,2048,transformer.h.0.mlp.c_proj.weight,transformer.h.0.mlp.c_proj.weight,"[384, 1024]",int4-dynamic-b2048,0.000991706270724535,0.016598325222730637,0.03933718800544739,0.017590031027793884,0.021747156977653503,0.034411657601594925,0.04444105550646782,0.06047574430704117,0.013933067210018635,0.04946541786193848,0.08813584595918655,0.044148288667201996,0.0012330814497545362,0.046068400144577026,0.10338049381971359,0.042651060968637466,0.00018256275507155806
0,2048,transformer.h.1.attn.c_attn.weight,transformer.h.1.attn.c_attn.weight,"[1152, 384]",int8-linear-b2048,1.9122582628483542e-08,7.078369890223257e-06,9.578512617736124e-06,7.097492471075384e-06,2.4810201466607396e-06,0.0003311705368105322,0.001004575053229928,0.098390132188797,0.00027372618205845356,0.0044022416695952415,0.010138573125004768,0.0828641876578331,0.00024918626877479255,0.011204896494746208,0.03854448348283768,0.03245324641466141,5.8419514971319586e-05
0,2048,transformer.h.1.attn.c_attn.weight,transformer.h.1.attn.c_attn.weight,"[1152, 384]",int4-linear-b2048,6.680382284685038e-06,0.002337872516363859,0.0031619046349078417,0.002344552893191576,0.0008173517417162657,0.004617604427039623,0.01367450412362814,0.09926296025514603,0.0001746223570080474,0.07966063916683197,0.21268215775489807,0.08422130346298218,0.0002863387926481664,0.29639750719070435,0.9152960777282715,0.03270692750811577,0.00011317565804347396
0,2048,transformer.h.1.attn.c_attn.weight,transformer.h.1.attn.c_attn.weight,"[1152, 384]",int4-dynamic-b2048,2.5531173378112726e-05,0.002361321821808815,0.003183063818141818,0.0023868530988693237,0.0007962107192724943,0.018006233498454094,0.04257556051015854,0.10975135117769241,0.005835697054862976,0.07425718009471893,0.26319023966789246,0.0838436633348465,0.00022882242046762258,0.25295713543891907,0.6445227265357971,0.03170198202133179,8.808725397102535e-05
0,2048,transformer.h.1.attn.c_proj.weight,transformer.h.1.attn.c_proj.weight,"[384, 384]",int8-linear-b2048,1.2775159063949104e-07,5.3681353165302426e-05,5.3809097153134644e-05,5.380910442909226e-05,0.0,0.00036998194991610944,0.001427666051313281,0.10044524073600769,0.0002935629163403064,0.004414964001625776,0.014386444352567196,0.1018996611237526,0.00017992270295508206,0.23730626702308655,2.0942859649658203,0.10164482891559601,0.00036176719004288316
0,2048,transformer.h.1.attn.c_proj.weight,transformer.h.1.attn.c_proj.weight,"[384, 384]",int4-linear-b2048,4.867577808909118e-05,0.01771264150738716,0.017761318013072014,0.017761318013072014,0.0,0.0076037063263356686,0.02336672879755497,0.10137539356946945,0.0003458212304394692,0.08595618605613708,0.2294331043958664,0.10075853765010834,0.00020065403077751398,4.40707540512085,50.55797576904297,0.10142474621534348,0.00021524638577830046
0,2048,transformer.h.1.attn.c_proj.weight,transformer.h.1.attn.c_proj.weight,"[384, 384]",int4-dynamic-b2048,0.00018329653539694846,0.01800043322145939,0.01818372868001461,0.01818373054265976,0.0,0.023019103333353996,0.037065815180540085,0.11280221492052078,0.007306880783289671,0.10981052368879318,0.40709251165390015,0.0997249186038971,0.00031389028299599886,3.781407356262207,39.988319396972656,0.1011151522397995,0.0002084539009956643
0,2048,transformer.h.1.mlp.w1.weight,transformer.h.1.mlp.w1.weight,"[1024, 384]",int8-linear-b2048,1.1223669105220324e-08,3.988707703683758e-06,1.017435897665564e-05,3.999931323050987e-06,6.174427653604653e-06,0.00020875751215498894,0.0007661690469831228,0.0477106012403965,0.0001511400332674384,0.0008123766165226698,0.0023161768913269043,0.038402117788791656,0.00012343062553554773,0.00194603914860636,0.005646287929266691,0.037537090480327606,0.0001123796755564399
0,2048,transformer.h.1.mlp.w1.weight,transformer.h.1.mlp.w1.weight,"[1024, 384]",int4-linear-b2048,3.560523964551976e-06,0.0013056730385869741,0.0032991040498018265,0.001309233601205051,0.0019898703321814537,0.003432092722505331,0.010088637471199036,0.04852810502052307,0.00010620694956742227,0.013336637057363987,0.043598778545856476,0.03891788050532341,0.0001057382978615351,0.04054822400212288,0.1496821939945221,0.037551794201135635,0.0001421659835614264
0,2048,transformer.h.1.mlp.w1.weight,transformer.h.1.mlp.w1.weight,"[1024, 384]",int4-dynamic-b2048,3.1865631171967834e-05,0.0012720709200948477,0.0028293109498918056,0.0013039365876466036,0.001525374362245202,0.01862507127225399,0.03217668831348419,0.07453989237546921,0.006778859067708254,0.026441918686032295,0.06534918397665024,0.04257325828075409,0.0004023274523206055,0.04072379320859909,0.10758543759584427,0.035756099969148636,0.00016293370572384447
0,2048,transformer.h.1.mlp.w2.weight,transformer.h.1.mlp.w2.weight,"[1024, 384]",int8-linear-b2048,9.483623664152674e-09,3.926907083950937e-06,1.0098075108544435e-05,3.936390839953674e-06,6.161684268590761e-06,0.00020001965458504856,0.0005380150396376848,0.045797184109687805,0.00011432990140747279,0.0006272191531024873,0.001917323679663241,0.03937797248363495,8.72444870765321e-05,0.001864297897554934,0.006977657787501812,0.03708621487021446,9.032519301399589e-05
0,2048,transformer.h.1.mlp.w2.weight,transformer.h.1.mlp.w2.weight,"[1024, 384]",int4-linear-b2048,3.438996600380051e-06,0.0013000206090509892,0.003317320952191949,0.0013034596340730786,0.0020138612017035484,0.00407588854432106,0.01100254151970148,0.04631641507148743,0.00012006731412839144,0.011538811959326267,0.02980635315179825,0.03956973925232887,6.802559801144525e-05,0.04200956970453262,0.13235986232757568,0.03764917701482773,0.00014079231186769903
0,2048,transformer.h.1.mlp.w2.weight,transformer.h.1.mlp.w2.weight,"[1024, 384]",int4-dynamic-b2048,3.0322556995088235e-05,0.0012337948428466916,0.002711045555770397,0.0012641174253076315,0.0014469281304627657,0.020554112270474434,0.03451577574014664,0.07339636981487274,0.006826517637819052,0.026641182601451874,0.058906033635139465,0.043592993170022964,0.00044790591346099973,0.045255713164806366,0.1490832269191742,0.0363452173769474,0.000210082798730582
0,2048,transformer.h.1.mlp.c_proj.weight,transformer.h.1.mlp.c_proj.weight,"[384, 1024]",int8-linear-b2048,2.064287514258467e-07,7.392311817966402e-05,0.00019771346705965698,7.412954437313601e-05,0.00012358391541056335,0.0002454516652505845,0.0011290446855127811,0.038605786859989166,8.84424225660041e-05,0.0012022805167362094,0.0034355379175394773,0.03787575289607048,0.00010983207175740972,0.0035633868537843227,0.010605428367853165,0.03760624676942825,0.00012502285244408995
0,2048,transformer.h.1.mlp.c_proj.weight,transformer.h.1.mlp.c_proj.weight,"[384, 1024]",int4-linear-b2048,0.00012136978330090642,0.023880625143647194,0.06299267709255219,0.024001995101571083,0.03899068385362625,0.009065678343176842,0.02376103401184082,0.03980419412255287,0.00042706687236204743,0.02697720006108284,0.07238485664129257,0.03842146694660187,0.00015721845556981862,0.06436601281166077,0.17208942770957947,0.03862034156918526,0.00012658879859372973
0,2048,transformer.h.1.mlp.c_proj.weight,transformer.h.1.mlp.c_proj.weight,"[384, 1024]",int4-dynamic-b2048,0.0007834180141799152,0.012556638568639755,0.027182910591363907,0.013340056873857975,0.013842853717505932,0.03785655274987221,0.05059855431318283,0.0671556144952774,0.016072871163487434,0.049521554261446,0.09644397348165512,0.04802139848470688,0.0009717749198898673,0.06211009994149208,0.12922877073287964,0.04731859266757965,0.0002515201922506094
0,2048,transformer.h.2.attn.c_attn.weight,transformer.h.2.attn.c_attn.weight,"[1152, 384]",int8-linear-b2048,1.3877394167138846e-07,5.3730051149614155e-05,7.062498480081558e-05,5.3868825489189476e-05,1.6756159311626107e-05,0.0005392381572164595,0.0018287507118657231,0.14570645987987518,0.00026023550890386105,0.005537420976907015,0.018114225938916206,0.0643002912402153,0.00019985302060376853,0.02787143737077713,0.09427455812692642,0.04024722799658775,0.00011061834811698645
0,2048,transformer.h.2.attn.c_attn.weight,transformer.h.2.attn.c_attn.weight,"[1152, 384]",int4-linear-b2048,6.850117642898113e-05,0.017166992649435997,0.022200357168912888,0.017235493287444115,0.004964863881468773,0.01804962009191513,0.05559157207608223,0.15766482055187225,0.001017831964418292,0.08773311227560043,0.28128230571746826,0.06408534944057465,0.0001639718539081514,0.39184486865997314,0.9639954566955566,0.03841337189078331,7.477947656298056e-05
0,2048,transformer.h.2.attn.c_attn.weight,transformer.h.2.attn.c_attn.weight,"[1152, 384]",int4-dynamic-b2048,0.0002558735723141581,0.01020966749638319,0.012930678203701973,0.010465540923178196,0.002465137280523777,0.03747614845633507,0.059091851115226746,0.20820805430412292,0.01665271259844303,0.0801747515797615,0.204535573720932,0.056961845606565475,0.0002240510657429695,0.32034048438072205,1.0655471086502075,0.03304021805524826,9.041176963364705e-05
0,2048,transformer.h.2.attn.c_proj.weight,transformer.h.2.attn.c_proj.weight,"[384, 384]",int8-linear-b2048,2.9780835575365927e-07,0.00011666731006698683,0.00011696510046022013,0.00011696511501213536,0.0,0.0004269565106369555,0.0012983675114810467,0.10316702723503113,0.0002676279691513628,0.00523852463811636,0.015245813876390457,0.10310164093971252,0.00023326963128056377,0.7445393204689026,18.802017211914062,0.09911947697401047,0.00032602433930151165
0,2048,transformer.h.2.attn.c_proj.weight,transformer.h.2.attn.c_proj.weight,"[384, 384]",int4-linear-b2048,0.00011193877435289323,0.03777959942817688,0.037891536951065063,0.037891536951065063,0.0,0.008737536147236824,0.024789640679955482,0.10422710329294205,0.00038032454904168844,0.10958978533744812,0.25610464811325073,0.10083048045635223,0.0002818011853378266,11.395477294921875,298.07049560546875,0.09931447356939316,0.00022171107411850244
0,2048,transformer.h.2.attn.c_proj.weight,transformer.h.2.attn.c_proj.weight,"[384, 384]",int4-dynamic-b2048,0.000378167605958879,0.028892025351524353,0.029270190745592117,0.029270192608237267,0.0,0.025985965505242348,0.053453147411346436,0.1182076707482338,0.009749697521328926,0.08103924989700317,0.28419116139411926,0.09769945591688156,0.00019320148567203432,9.361064910888672,185.7808380126953,0.09863726049661636,0.0002569325442891568
0,2048,transformer.h.2.mlp.w1.weight,transformer.h.2.mlp.w1.weight,"[1024, 384]",int8-linear-b2048,6.695479726204212e-09,2.5652504973550094e-06,6.589685654034838e-06,2.5719459699757863e-06,4.017739684059052e-06,0.00014455904602073133,0.0006158315809443593,0.04457677900791168,0.00012974296987522393,0.0005983494920656085,0.0020257169380784035,0.03877580165863037,9.168707765638828e-05,0.0018764487467706203,0.0051162163726985455,0.037330206483602524,0.00010263166768709198
0,2048,transformer.h.2.mlp.w1.weight,transformer.h.2.mlp.w1.weight,"[1024, 384]",int4-linear-b2048,2.4348591978196055e-06,0.000845080881845206,0.0021673659794032574,0.0008475157665088773,0.00131985021289438,0.0031394718680530787,0.015466481447219849,0.044343847781419754,0.00015181156049948186,0.011579890735447407,0.0291854590177536,0.03913154453039169,0.00010922612273134291,0.04006225988268852,0.17775847017765045,0.03795101121068001,0.00016955962928477675
0,2048,transformer.h.2.mlp.w1.weight,transformer.h.2.mlp.w1.weight,"[1024, 384]",int4-dynamic-b2048,2.188546204706654e-05,0.0008928941679187119,0.002072547096759081,0.0009147796081379056,0.0011577674886211753,0.018712682649493217,0.033423006534576416,0.06264559179544449,0.006003114394843578,0.02377733401954174,0.04336143657565117,0.043073102831840515,0.0003701571258716285,0.037382837384939194,0.11903546750545502,0.03652465343475342,0.00014582221047021449
0,2048,transformer.h.2.mlp.w2.weight,transformer.h.2.mlp.w2.weight,"[1024, 384]",int8-linear-b2048,6.626487358829536e-09,2.5519564132991945e-06,6.563303941220511e-06,2.558582991696312e-06,4.004720722150523e-06,0.00012789035099558532,0.0005129037890583277,0.045749593526124954,8.061136759351939e-05,0.0007642987184226513,0.0019651646725833416,0.037877123802900314,0.0001253219961654395,0.0018475031247362494,0.004747229162603617,0.037996161729097366,9.44971470744349e-05
0,2048,transformer.h.2.mlp.w2.weight,transformer.h.2.mlp.w2.weight,"[1024, 384]",int4-linear-b2048,2.0025445337523706e-06,0.0008415305055677891,0.002157379873096943,0.0008435330237261951,0.0013138467911630869,0.0026662717573344707,0.008166776970028877,0.04669754579663277,0.00011693166015902534,0.010476791299879551,0.029170947149395943,0.03885110095143318,8.235636778408661e-05,0.032658644020557404,0.09128907322883606,0.03789472207427025,9.808891627471894e-05
0,2048,transformer.h.2.mlp.w2.weight,transformer.h.2.mlp.w2.weight,"[1024, 384]",int4-dynamic-b2048,2.1305679183569737e-05,0.0008638635044917464,0.0019688266329467297,0.000885169196408242,0.0010836573783308268,0.017753243446350098,0.022914065048098564,0.06619306653738022,0.00622384250164032,0.02291053533554077,0.05818917974829674,0.04383384436368942,0.00036545892362482846,0.04059291258454323,0.1387185901403427,0.036898598074913025,0.00016555142065044492
0,2048,transformer.h.2.mlp.c_proj.weight,transformer.h.2.mlp.c_proj.weight,"[384, 1024]",int8-linear-b2048,5.726182905618771e-08,2.373565803281963e-05,6.358352402457967e-05,2.3792919819243252e-05,3.979060420533642e-05,0.00018908765923697501,0.00056364486226812,0.038398437201976776,0.00011095654190285131,0.0006050087395124137,0.001536414958536625,0.038224972784519196,7.776859274599701e-05,0.0015600590268149972,0.005123615730553865,0.03780379891395569,8.303981303470209e-05
0,2048,transformer.h.2.mlp.c_proj.weight,transformer.h.2.mlp.c_proj.weight,"[384, 1024]",int4-linear-b2048,1.7734702851157635e-05,0.007866831496357918,0.021001845598220825,0.007884565740823746,0.01311727985739708,0.0025643669068813324,0.01206700038164854,0.03857064247131348,7.227178139146417e-05,0.010297038592398167,0.03688233345746994,0.03779853507876396,8.443320984952152e-05,0.03106682188808918,0.09844149649143219,0.03828364610671997,0.00010096609912579879
0,2048,transformer.h.2.mlp.c_proj.weight,transformer.h.2.mlp.c_proj.weight,"[384, 1024]",int4-dynamic-b2048,0.00027649648836813867,0.0060808113776147366,0.014433297328650951,0.0063573080115020275,0.008075989782810211,0.027823615819215775,0.037046365439891815,0.052167780697345734,0.009170331060886383,0.037879787385463715,0.061026379466056824,0.04447038099169731,0.0010219018440693617,0.04529641196131706,0.11041311919689178,0.0431472510099411,0.00028029156965203583
0,2048,transformer.h.3.attn.c_attn.weight,transformer.h.3.attn.c_attn.weight,"[1152, 384]",int8-linear-b2048,2.901584750247821e-08,1.1029314919142053e-05,1.4552025277225766e-05,1.1058330528612714e-05,3.493694748613052e-06,0.0003674425242934376,0.0010729414643719792,0.13678209483623505,0.0003879903524648398,0.0033201605547219515,0.00821488257497549,0.06912588328123093,0.00017063504492398351,0.014349053613841534,0.03866888955235481,0.03749499097466469,9.692859748611227e-05
0,2048,transformer.h.3.attn.c_attn.weight,transformer.h.3.attn.c_attn.weight,"[1152, 384]",int4-linear-b2048,9.355342626804486e-06,0.0036232811398804188,0.0047711217775940895,0.003632636507973075,0.0011384852696210146,0.006260482128709555,0.023158792406320572,0.13805831968784332,0.00039322779048234224,0.05106630548834801,0.1709756851196289,0.06961622089147568,0.0001353725529043004,0.25284457206726074,0.6685453653335571,0.03716086223721504,0.00010151259630220011
0,2048,transformer.h.3.attn.c_attn.weight,transformer.h.3.attn.c_attn.weight,"[1152, 384]",int4-dynamic-b2048,6.229313294170424e-05,0.003067715559154749,0.004030222538858652,0.0031300086993724108,0.0009002138394862413,0.029278920963406563,0.044480327516794205,0.16099269688129425,0.012097498401999474,0.06221148744225502,0.19351789355278015,0.068377286195755,0.00023940078972373158,0.2075931280851364,0.7681912779808044,0.03478744626045227,9.779323590919375e-05
0,2048,transformer.h.3.attn.c_proj.weight,transformer.h.3.attn.c_proj.weight,"[384, 384]",int8-linear-b2048,1.0076622913857136e-07,3.7123678339412436e-05,3.722444307641126e-05,3.722444307641126e-05,0.0,0.0003746221773326397,0.0011219135485589504,0.10341683775186539,0.0003819776466116309,0.004794024396687746,0.013190526515245438,0.10077077150344849,0.0003540705656632781,0.2217109352350235,2.0532283782958984,0.09902216494083405,0.0002810333971865475
0,2048,transformer.h.3.attn.c_proj.weight,transformer.h.3.attn.c_proj.weight,"[384, 384]",int4-linear-b2048,3.058371294173412e-05,0.012186584062874317,0.012217165902256966,0.012217167764902115,0.0,0.0055464524775743484,0.02168332226574421,0.10395079106092453,0.00024176696024369448,0.06422101706266403,0.17922425270080566,0.10168582201004028,0.00022204476408660412,3.305664539337158,32.68271255493164,0.10212106257677078,0.00020173123630229384
0,2048,transformer.h.3.attn.c_proj.weight,transformer.h.3.attn.c_proj.weight,"[384, 384]",int4-dynamic-b2048,0.00015227544645313174,0.010656873695552349,0.010809147730469704,0.010809149593114853,0.0,0.025021063163876534,0.04305119812488556,0.11977744847536087,0.010514337569475174,0.06788425892591476,0.18901382386684418,0.09845656901597977,0.0002750460698734969,2.6129543781280518,19.97413444519043,0.0978643149137497,0.00022710443590767682
0,2048,transformer.h.3.mlp.w1.weight,transformer.h.3.mlp.w1.weight,"[1024, 384]",int8-linear-b2048,5.816642278944073e-09,2.190849045291543e-06,5.5989603424677625e-06,2.1966657186567318e-06,3.4022946238110308e-06,0.00014896455104462802,0.0004373186093289405,0.05020413547754288,0.00013439285976346582,0.0005319103947840631,0.002431169617921114,0.03881485387682915,9.449564095120877e-05,0.001665963209234178,0.004314416088163853,0.0374424010515213,0.00010754164395621046
0,2048,transformer.h.3.mlp.w1.weight,transformer.h.3.mlp.w1.weight,"[1024, 384]",int4-linear-b2048,2.0141851564403623e-06,0.0007084464305080473,0.0018179819453507662,0.0007104605901986361,0.0011075213551521301,0.00289813126437366,0.007975802756845951,0.048583049327135086,0.00016705725283827633,0.011924469843506813,0.032450828701257706,0.037734318524599075,0.00013453834981191903,0.026418808847665787,0.08314645290374756,0.038195010274648666,8.186715422198176e-05
0,2048,transformer.h.3.mlp.w1.weight,transformer.h.3.mlp.w1.weight,"[1024, 384]",int4-dynamic-b2048,1.845137740019709e-05,0.0007270603673532605,0.0017227174248546362,0.0007455117302015424,0.0009772056946530938,0.019060466438531876,0.03511710837483406,0.06854534149169922,0.0061689806170761585,0.024340493604540825,0.046737708151340485,0.04051893949508667,0.00046724145067855716,0.034929994493722916,0.11388055980205536,0.03686004877090454,0.00017479706730227917
0,2048,transformer.h.3.mlp.w2.weight,transformer.h.3.mlp.w2.weight,"[1024, 384]",int8-linear-b2048,5.994443608159372e-09,2.2486949546873802e-06,5.780922947451472e-06,2.2546894342667656e-06,3.5262335131847067e-06,0.00015218084445223212,0.0004163233970757574,0.05296507105231285,0.00014876207569614053,0.0005802299128845334,0.002122356556355953,0.03879750892519951,0.00010509022104088217,0.001673733233474195,0.00474582938477397,0.03798586130142212,9.555232827551663e-05
0,2048,transformer.h.3.mlp.w2.weight,transformer.h.3.mlp.w2.weight,"[1024, 384]",int4-linear-b2048,2.0340173705335474e-06,0.0007173239137046039,0.0018225503154098988,0.0007193579222075641,0.0011031923349946737,0.0030221114866435528,0.009943013079464436,0.05296153947710991,0.00019549658463802189,0.010644451715052128,0.03259001672267914,0.038727931678295135,0.00010284002200933173,0.027353720739483833,0.0821414664387703,0.037955764681100845,7.848806853871793e-05
0,2048,transformer.h.3.mlp.w2.weight,transformer.h.3.mlp.w2.weight,"[1024, 384]",int4-dynamic-b2048,1.5905996406218037e-05,0.0007162070833146572,0.0016542916418984532,0.0007321130833588541,0.0009221785585395992,0.017711235210299492,0.030527403578162193,0.07348398864269257,0.005073614418506622,0.018575051799416542,0.03879045695066452,0.041178397834300995,0.00028786828625015914,0.0376533605158329,0.08402077853679657,0.03607894107699394,0.0001569810847286135
0,2048,transformer.h.3.mlp.c_proj.weight,transformer.h.3.mlp.c_proj.weight,"[384, 1024]",int8-linear-b2048,4.9906809351796255e-08,1.9101031284662895e-05,5.133889862918295e-05,1.9150938896927983e-05,3.218795973225497e-05,0.0001359876769129187,0.0005172444507479668,0.039138313382864,6.912732351338491e-05,0.0006551494006998837,0.0018954466795548797,0.037849631160497665,0.00012154036085121334,0.0015317313373088837,0.004367843735963106,0.03767414018511772,0.00010690974886529148
0,2048,transformer.h.3.mlp.c_proj.weight,transformer.h.3.mlp.c_proj.weight,"[384, 1024]",int4-linear-b2048,1.6351568774553016e-05,0.006284091155976057,0.01681884191930294,0.006300442852079868,0.010518399067223072,0.0029572532512247562,0.008333370089530945,0.03942275047302246,0.000114740505523514,0.011451303958892822,0.03521120175719261,0.03782476484775543,0.00011298261233605444,0.02315422333776951,0.07325167208909988,0.03750436753034592,7.919144991319627e-05
0,2048,transformer.h.3.mlp.c_proj.weight,transformer.h.3.mlp.c_proj.weight,"[384, 1024]",int4-dynamic-b2048,0.00022425447241403162,0.00505240960046649,0.012467528693377972,0.005276664160192013,0.007190864533185959,0.026270674541592598,0.037402454763650894,0.051013845950365067,0.008496648631989956,0.031316712498664856,0.05858445540070534,0.041675105690956116,0.000822518952190876,0.04265982657670975,0.10692592710256577,0.040822796523571014,0.0003032747481483966
0,2048,transformer.h.4.attn.c_attn.weight,transformer.h.4.attn.c_attn.weight,"[1152, 384]",int8-linear-b2048,7.072207708347378e-09,2.493374267942272e-06,3.37665505867335e-06,2.5004464987432584e-06,8.762085599300917e-07,0.0002637408033479005,0.0008455899078398943,0.10200951248407364,0.0003256418276578188,0.0029550413601100445,0.010949748568236828,0.08432374149560928,0.00016810772649478167,0.014555399306118488,0.046682510524988174,0.03302942216396332,8.778865594649687e-05
0,2048,transformer.h.4.attn.c_attn.weight,transformer.h.4.attn.c_attn.weight,"[1152, 384]",int4-linear-b2048,2.178184786316706e-06,0.0008187367930077016,0.001106513082049787,0.0008209149818867445,0.00028559810016304255,0.004240987356752157,0.020467279478907585,0.10316789150238037,0.00025813785032369196,0.062144555151462555,0.2069203108549118,0.08535339683294296,0.00022242152772378176,0.23892436921596527,0.6383929252624512,0.03298377990722656,7.833124254830182e-05
0,2048,transformer.h.4.attn.c_attn.weight,transformer.h.4.attn.c_attn.weight,"[1152, 384]",int4-dynamic-b2048,1.2288649486436043e-05,0.0008859794470481575,0.0012015774846076965,0.000898268073797226,0.0003033094108104706,0.0191693976521492,0.03142073377966881,0.1113889068365097,0.007791290991008282,0.06237230449914932,0.1584920734167099,0.08285851031541824,0.00018161193293053657,0.2668002247810364,0.856106698513031,0.032424092292785645,8.309404802275822e-05
0,2048,transformer.h.4.attn.c_proj.weight,transformer.h.4.attn.c_proj.weight,"[384, 384]",int8-linear-b2048,1.747145716990417e-08,6.879452030261746e-06,6.896922968735453e-06,6.896923423482804e-06,0.0,0.00017338858742732555,0.0005519796395674348,0.10421637445688248,0.0002586146292742342,0.0025029454845935106,0.009799552150070667,0.10064366459846497,0.00024274058523587883,0.5484662652015686,14.284445762634277,0.10070450603961945,0.00030922185396775603
0,2048,transformer.h.4.attn.c_proj.weight,transformer.h.4.attn.c_proj.weight,"[384, 384]",int4-linear-b2048,5.430447799881222e-06,0.0022582150995731354,0.0022636456415057182,0.0022636456415057182,0.0,0.003968164324760437,0.011282035149633884,0.10195277631282806,0.00030908576445654035,0.04919001832604408,0.13958331942558289,0.10419736802577972,0.00024949730141088367,15.2103853225708,496.0736389160156,0.10164361447095871,0.00022068821999710053
0,2048,transformer.h.4.attn.c_proj.weight,transformer.h.4.attn.c_proj.weight,"[384, 384]",int4-dynamic-b2048,2.6568366592982784e-05,0.002745145931839943,0.0027717137709259987,0.002771714236587286,0.0,0.016767865046858788,0.031540703028440475,0.11013205349445343,0.006338285747915506,0.044311802834272385,0.20142263174057007,0.10152806341648102,0.00020906997087877244,3.462592601776123,35.93294906616211,0.10059071332216263,0.00026389298727735877
0,2048,transformer.h.4.mlp.w1.weight,transformer.h.4.mlp.w1.weight,"[1024, 384]",int8-linear-b2048,6.4198473204157835e-09,2.2462902506958926e-06,5.773124030383769e-06,2.2527101464220323e-06,3.520413883961737e-06,0.00012995874567423016,0.00042277967440895736,0.04391012340784073,0.00010566768469288945,0.0007056770264171064,0.002508673584088683,0.03859297186136246,0.0001597066002432257,0.001834453665651381,0.004913922864943743,0.036647554486989975,0.00012764397251885384
0,2048,transformer.h.4.mlp.w1.weight,transformer.h.4.mlp.w1.weight,"[1024, 384]",int4-linear-b2048,1.9084773157374e-06,0.0007352382526732981,0.0018975199200212955,0.000737146707251668,0.0011603732127696276,0.002445681719109416,0.006803610827773809,0.04440636932849884,8.476472430629656e-05,0.00951851811259985,0.031067831441760063,0.03866276517510414,9.129043610300869e-05,0.03558170795440674,0.07540896534919739,0.03744729608297348,0.0001260844146599993
0,2048,transformer.h.4.mlp.w1.weight,transformer.h.4.mlp.w1.weight,"[1024, 384]",int4-dynamic-b2048,2.078582656395156e-05,0.0007514734170399606,0.0017806333489716053,0.000772259256336838,0.0010083741508424282,0.019330641254782677,0.026212820783257484,0.05977332219481468,0.006137469317764044,0.024353062734007835,0.04576687142252922,0.04219219088554382,0.0004806220531463623,0.04584726691246033,0.10734368860721588,0.03680712729692459,0.00025224348064512014
0,2048,transformer.h.4.mlp.w2.weight,transformer.h.4.mlp.w2.weight,"[1024, 384]",int8-linear-b2048,6.83741685492123e-09,2.4767427930783015e-06,6.28595535090426e-06,2.483580146872555e-06,3.802375204031705e-06,0.00014021032257005572,0.0004695549141615629,0.04625071585178375,9.809460607357323e-05,0.0007020930643193424,0.001674027182161808,0.03932402655482292,0.00012105948553653434,0.0020969270262867212,0.0066068717278540134,0.03761114925146103,0.00014099063992034644
0,2048,transformer.h.4.mlp.w2.weight,transformer.h.4.mlp.w2.weight,"[1024, 384]",int4-linear-b2048,2.1303098947100807e-06,0.0008058195817284286,0.0020564107690006495,0.0008079498657025397,0.0012484609615057707,0.0028971130959689617,0.01357111893594265,0.04727916792035103,0.00011204531620023772,0.01462200190871954,0.04757809638977051,0.03923552855849266,0.000155854198965244,0.025660013779997826,0.08076377958059311,0.037833500653505325,7.802668551448733e-05
0,2048,transformer.h.4.mlp.w2.weight,transformer.h.4.mlp.w2.weight,"[1024, 384]",int4-dynamic-b2048,2.204061092925258e-05,0.0007622084231115878,0.0017480810638517141,0.0007842490449547768,0.0009638320188969374,0.0203965213149786,0.025685453787446022,0.0659528374671936,0.006593845784664154,0.02423791028559208,0.05504300817847252,0.04388361796736717,0.0005122096044942737,0.03431042283773422,0.12503139674663544,0.03608107939362526,0.0001378597953589633
0,2048,transformer.h.4.mlp.c_proj.weight,transformer.h.4.mlp.c_proj.weight,"[384, 1024]",int8-linear-b2048,5.3164470159572375e-08,2.194343505834695e-05,5.8818492107093334e-05,2.1996598661644384e-05,3.682189344544895e-05,0.00019765972683671862,0.0006000018329359591,0.03885335847735405,0.00011414790787966922,0.0005583403981290758,0.0015496424166485667,0.037922684103250504,6.836567627033219e-05,0.00154465576633811,0.0044580851681530476,0.03857076168060303,8.444935519946739e-05
0,2048,transformer.h.4.mlp.c_proj.weight,transformer.h.4.mlp.c_proj.weight,"[384, 1024]",int4-linear-b2048,1.8788359739119187e-05,0.007259270641952753,0.019391048699617386,0.007278059143573046,0.012112990021705627,0.0032544005662202835,0.016630548983812332,0.038366254419088364,0.0001031577485264279,0.010189130902290344,0.03772733360528946,0.03825707733631134,7.891464338172227e-05,0.03596439212560654,0.11548320204019547,0.03861228749155998,0.00014588923659175634
0,2048,transformer.h.4.mlp.c_proj.weight,transformer.h.4.mlp.c_proj.weight,"[384, 1024]",int4-dynamic-b2048,0.00025905316579155624,0.006020803470164537,0.014562729746103287,0.0062798564322292805,0.008282873779535294,0.025718480348587036,0.037050504237413406,0.052854981273412704,0.009099811315536499,0.031064577400684357,0.06338903307914734,0.0420394204556942,0.0007031346904113889,0.040129296481609344,0.10765731334686279,0.04188048839569092,0.0002156932168873027
0,2048,transformer.h.5.attn.c_attn.weight,transformer.h.5.attn.c_attn.weight,"[1152, 384]",int8-linear-b2048,6.647367989387476e-09,2.8767765343218343e-06,3.6916849239787553e-06,2.8834238037234172e-06,8.08261120255338e-07,0.00026213895762339234,0.0007381853647530079,0.10233424603939056,0.0002587835188023746,0.0044103628024458885,0.014844072051346302,0.09141722321510315,0.00023517713998444378,0.02102818712592125,0.04995245486497879,0.028218572959303856,6.19693091721274e-05
0,2048,transformer.h.5.attn.c_attn.weight,transformer.h.5.attn.c_attn.weight,"[1152, 384]",int4-linear-b2048,2.3455629616364604e-06,0.0009551161783747375,0.0012205009115859866,0.0009574617142789066,0.00026303919730708003,0.004586844705045223,0.01889636367559433,0.10292127728462219,0.0002400237717665732,0.09001893550157547,0.23346684873104095,0.09322717040777206,0.00025978294434025884,0.42631372809410095,1.1660444736480713,0.028009653091430664,7.601817924296483e-05
0,2048,transformer.h.5.attn.c_attn.weight,transformer.h.5.attn.c_attn.weight,"[1152, 384]",int4-dynamic-b2048,1.638768480916042e-05,0.0008573238737881184,0.0011085453443229198,0.0008737115422263741,0.0002348338020965457,0.024767346680164337,0.039795566350221634,0.11696911603212357,0.01151457242667675,0.07910928875207901,0.3116284906864166,0.09143460541963577,0.00020701959147118032,0.3872854709625244,1.4473004341125488,0.02726474404335022,8.698562305653468e-05
0,2048,transformer.h.5.attn.c_proj.weight,transformer.h.5.attn.c_proj.weight,"[384, 384]",int8-linear-b2048,1.983153019580186e-08,7.95140840637032e-06,7.971239938342478e-06,7.971239938342478e-06,0.0,0.00019416709255892783,0.0009059517178684473,0.10198681801557541,0.00019648426678031683,0.0034594291355460882,0.01270583737641573,0.10015084594488144,0.00028636824572458863,0.20964430272579193,2.1886649131774902,0.1023465171456337,0.00034345185849815607
0,2048,transformer.h.5.attn.c_proj.weight,transformer.h.5.attn.c_proj.weight,"[384, 384]",int4-linear-b2048,7.445144547091331e-06,0.002616610610857606,0.0026240560691803694,0.0026240558363497257,2.3283064365386963e-10,0.004821002017706633,0.017185794189572334,0.10509055852890015,0.0003463683824520558,0.05387847125530243,0.17317092418670654,0.10425998270511627,0.00024507168564014137,2.859320878982544,21.336719512939453,0.09915689378976822,0.00028981713694520295
0,2048,transformer.h.5.attn.c_proj.weight,transformer.h.5.attn.c_proj.weight,"[384, 384]",int4-dynamic-b2048,2.8320080673438497e-05,0.0030469377525150776,0.003075257409363985,0.0030752578750252724,0.0,0.016508866101503372,0.02844941057264805,0.10854392498731613,0.006348494440317154,0.06299839913845062,0.25838884711265564,0.10054735839366913,0.0002697869495023042,3.3026764392852783,30.328693389892578,0.10140538215637207,0.0002735946327447891
0,2048,transformer.h.5.mlp.w1.weight,transformer.h.5.mlp.w1.weight,"[1024, 384]",int8-linear-b2048,2.444932079015416e-08,9.785972906684037e-06,2.373591996729374e-05,9.810421943257097e-06,1.3925498024036642e-05,0.00029245769837871194,0.000872343429364264,0.10416357219219208,0.0001898820191854611,0.001131369499489665,0.00335436942987144,0.03464851155877113,8.803514356259257e-05,0.00333780818618834,0.013604190200567245,0.03608335927128792,0.00011072297638747841
0,2048,transformer.h.5.mlp.w1.weight,transformer.h.5.mlp.w1.weight,"[1024, 384]",int4-linear-b2048,1.4293717867985833e-05,0.002445259829983115,0.005310644395649433,0.00245955353602767,0.0028510908596217632,0.011497127823531628,0.022690538316965103,0.13603876531124115,0.0008613474201411009,0.024627411738038063,0.0753527283668518,0.036585066467523575,0.00019304733723402023,0.04555707797408104,0.12474626302719116,0.03425705432891846,7.77665845816955e-05
0,2048,transformer.h.5.mlp.w1.weight,transformer.h.5.mlp.w1.weight,"[1024, 384]",int4-dynamic-b2048,6.838700937805697e-05,0.001785956439562142,0.0032291796524077654,0.0018543434562161565,0.001374836196191609,0.03047490119934082,0.04259110614657402,0.23920761048793793,0.01347952987998724,0.04028821364045143,0.07441091537475586,0.03563740849494934,0.0006398473051376641,0.047935716807842255,0.11541228741407394,0.029145115986466408,0.00014952151104807854
0,2048,transformer.h.5.mlp.w2.weight,transformer.h.5.mlp.w2.weight,"[1024, 384]",int8-linear-b2048,1.7406758701099534e-08,8.161757250491064e-06,1.960830377356615e-05,8.179164069588296e-06,1.1429139703977853e-05,0.00023552827769890428,0.0008257273002527654,0.10313408076763153,0.00011858624202432111,0.0007871728739701211,0.001827480853535235,0.03441327065229416,4.833659477299079e-05,0.00284783192910254,0.008543224073946476,0.03671673312783241,7.110254227882251e-05
0,2048,transformer.h.5.mlp.w2.weight,transformer.h.5.mlp.w2.weight,"[1024, 384]",int4-linear-b2048,1.1517367966007441e-05,0.0021007664036005735,0.004451928660273552,0.0021122838370501995,0.0023396448232233524,0.009474927559494972,0.022714536637067795,0.1467657834291458,0.00080436299322173,0.02349948324263096,0.06273945420980453,0.03642664849758148,0.00020051181490998715,0.052646368741989136,0.1720055490732193,0.03398095443844795,0.00013482569193001837
0,2048,transformer.h.5.mlp.w2.weight,transformer.h.5.mlp.w2.weight,"[1024, 384]",int4-dynamic-b2048,4.7704412281746045e-05,0.0015778555534780025,0.0028374309185892344,0.0016255599912256002,0.0012118709273636341,0.029944462701678276,0.04785094037652016,0.24125829339027405,0.009164812974631786,0.03968101739883423,0.06494154036045074,0.035987488925457,0.000638440134935081,0.04816053807735443,0.14976629614830017,0.02827891707420349,0.00013671218766830862
0,2048,transformer.h.5.mlp.c_proj.weight,transformer.h.5.mlp.c_proj.weight,"[384, 1024]",int8-linear-b2048,1.243569158759783e-07,5.3401276090880856e-05,0.00014255152200348675,5.352563312044367e-05,8.902588888304308e-05,0.00020197055710013956,0.0005697963060811162,0.038785602897405624,6.854751700302586e-05,0.0010777778225019574,0.0030903820879757404,0.03891701251268387,9.554312418913469e-05,0.002749889623373747,0.0092133404687047,0.03784489259123802,9.845629392657429e-05
0,2048,transformer.h.5.mlp.c_proj.weight,transformer.h.5.mlp.c_proj.weight,"[384, 1024]",int4-linear-b2048,5.0888542318716645e-05,0.01740044727921486,0.04603802412748337,0.017451336607336998,0.02858668752014637,0.0058823381550610065,0.01591966673731804,0.039657216519117355,0.00014974297664593905,0.020749730989336967,0.0763278603553772,0.03848465159535408,9.889714419841766e-05,0.05312996730208397,0.15444183349609375,0.03926016017794609,9.702289389679208e-05
0,2048,transformer.h.5.mlp.c_proj.weight,transformer.h.5.mlp.c_proj.weight,"[384, 1024]",int4-dynamic-b2048,0.0006393705843947828,0.010421223007142544,0.024710094556212425,0.011060593649744987,0.013649500906467438,0.035888366401195526,0.04944388195872307,0.06426575779914856,0.017776768654584885,0.048712920397520065,0.0902169793844223,0.043223876506090164,0.0007838528254069388,0.05586365610361099,0.16117854416370392,0.044622235000133514,0.000212079772609286
0,4096,transformer.h.0.attn.c_attn.weight,transformer.h.0.attn.c_attn.weight,"[1152, 384]",int8-linear-b2048,3.8700754600995424e-08,1.4821469449088909e-05,1.834341492212843e-05,1.486017026763875e-05,3.483244654489681e-06,0.0003657322085928172,0.0016440210165455937,0.09706292301416397,0.0002604509354569018,0.0044251917861402035,0.010784457437694073,0.09245795011520386,0.00028349884087219834,0.018300095573067665,0.05923723056912422,0.0351908840239048,8.339079795405269e-05
0,4096,transformer.h.0.attn.c_attn.weight,transformer.h.0.attn.c_attn.weight,"[1152, 384]",int4-linear-b2048,1.2656822946155444e-05,0.004875072278082371,0.005991879850625992,0.004887728951871395,0.0011041508987545967,0.008259834721684456,0.039077360183000565,0.09888492524623871,0.0003186287358403206,0.0709320679306984,0.21285299956798553,0.0931520015001297,0.00022010010434314609,0.37106019258499146,1.117290735244751,0.03451996296644211,0.0001027755715767853
0,4096,transformer.h.0.attn.c_attn.weight,transformer.h.0.attn.c_attn.weight,"[1152, 384]",int4-dynamic-b2048,7.928597187856212e-05,0.0038286123890429735,0.004739904776215553,0.003907898440957069,0.0008320063352584839,0.028429733589291573,0.04111658036708832,0.11693774908781052,0.013582049869000912,0.06171223893761635,0.2808130979537964,0.09293648600578308,0.00023129610053729266,0.25753504037857056,0.7571365833282471,0.0337379164993763,6.552486593136564e-05
0,4096,transformer.h.0.attn.c_proj.weight,transformer.h.0.attn.c_proj.weight,"[384, 384]",int8-linear-b2048,3.4923925795737887e-07,0.0001436994061805308,0.0001440486521460116,0.0001440486521460116,0.0,0.0005271284026093781,0.003012700006365776,0.10392367839813232,0.0002928427420556545,0.00560838682577014,0.01773175224661827,0.0986643135547638,0.0001976331986952573,0.24364623427391052,1.232750415802002,0.09859659522771835,0.00022245357104111463
0,4096,transformer.h.0.attn.c_proj.weight,transformer.h.0.attn.c_proj.weight,"[384, 384]",int4-linear-b2048,0.00010721258877310902,0.0470072478055954,0.04711445793509483,0.04711446166038513,0.0,0.009221235290169716,0.04136642813682556,0.1023915484547615,0.0002584100002422929,0.11709083616733551,0.35571053624153137,0.10281293094158173,0.00024518254213035107,4.465573310852051,53.96427536010742,0.09849867969751358,0.00017981369455810636
0,4096,transformer.h.0.attn.c_proj.weight,transformer.h.0.attn.c_proj.weight,"[384, 384]",int4-dynamic-b2048,0.000698261137586087,0.034204043447971344,0.03490230441093445,0.03490230441093445,0.0,0.03685541823506355,0.06304655969142914,0.12719660997390747,0.016887983307242393,0.11236537992954254,0.3252228796482086,0.09882715344429016,0.0002729698026087135,3.9616479873657227,48.549888610839844,0.09667205810546875,0.00020935441716574132
0,4096,transformer.h.0.mlp.w1.weight,transformer.h.0.mlp.w1.weight,"[1024, 384]",int8-linear-b2048,1.9271102047468958e-08,7.2931743488879874e-06,1.8486503904568963e-05,7.312445632123854e-06,1.1174058272445109e-05,0.00021363931591622531,0.0005040248506702483,0.04659515991806984,0.00011341053323121741,0.0007057009497657418,0.002087218454107642,0.039045147597789764,0.0001278625859413296,0.0013147515710443258,0.003784454194828868,0.0374089777469635,6.965935608604923e-05
0,4096,transformer.h.0.mlp.w1.weight,transformer.h.0.mlp.w1.weight,"[1024, 384]",int4-linear-b2048,6.353194294206332e-06,0.002370135160163045,0.006032769568264484,0.002376488409936428,0.0036562811583280563,0.00389328645542264,0.010198206640779972,0.045790381729602814,0.00011217557766940445,0.010017869994044304,0.03633875399827957,0.03930575028061867,8.74709221534431e-05,0.023540092632174492,0.07366486638784409,0.036980584263801575,7.743769674561918e-05
0,4096,transformer.h.0.mlp.w1.weight,transformer.h.0.mlp.w1.weight,"[1024, 384]",int4-dynamic-b2048,6.496304558822885e-05,0.002029241295531392,0.004833321552723646,0.002094204304739833,0.0027391172479838133,0.022602777928113937,0.033194538205862045,0.06550833582878113,0.007602862548083067,0.030269350856542587,0.0583043247461319,0.041885145008563995,0.0006637320038862526,0.03932047635316849,0.0879046693444252,0.036207620054483414,0.00023491324100177735
0,4096,transformer.h.0.mlp.w2.weight,transformer.h.0.mlp.w2.weight,"[1024, 384]",int8-linear-b2048,2.3049102182426395e-08,8.367460395675153e-06,2.126778599631507e-05,8.390509719902184e-06,1.2877276276412886e-05,0.00026709906524047256,0.0011642861645668745,0.04690907895565033,0.00016364737530238926,0.0005684917559847236,0.0018761239480227232,0.03853235021233559,7.357898721238598e-05,0.0016315510729327798,0.004428772255778313,0.03647524118423462,9.667871199781075e-05
0,4096,transformer.h.0.mlp.w2.weight,transformer.h.0.mlp.w2.weight,"[1024, 384]",int4-linear-b2048,7.81616381573258e-06,0.002708014100790024,0.006882859859615564,0.002715830225497484,0.00416702963411808,0.0053154537454247475,0.015928488224744797,0.047216277569532394,0.00018788466695696115,0.010167954489588737,0.04712086170911789,0.039344754070043564,8.054148929659277e-05,0.03122619539499283,0.0952301025390625,0.037930626422166824,0.00010440460027894005
0,4096,transformer.h.0.mlp.w2.weight,transformer.h.0.mlp.w2.weight,"[1024, 384]",int4-dynamic-b2048,7.516112964367494e-05,0.0021484969183802605,0.004952726420015097,0.0022236581426113844,0.0027290682774037123,0.02501993626356125,0.03300509601831436,0.07044051587581635,0.008821205236017704,0.03257822245359421,0.056420158594846725,0.04260064661502838,0.0006751184700988233,0.03816012293100357,0.08073946088552475,0.03545115143060684,0.00019920030899811536
0,4096,transformer.h.0.mlp.c_proj.weight,transformer.h.0.mlp.c_proj.weight,"[384, 1024]",int8-linear-b2048,3.850975360819575e-07,0.000143587269121781,0.00038241056608967483,0.0001439723710063845,0.00023843819508329034,0.0003350081096868962,0.0011562453582882881,0.03780384734272957,0.00013055626186542213,0.0009586757514625788,0.0025912479031831026,0.03734273090958595,6.512874097097665e-05,0.002841189969331026,0.007790522649884224,0.03810209035873413,8.49519346957095e-05
0,4096,transformer.h.0.mlp.c_proj.weight,transformer.h.0.mlp.c_proj.weight,"[384, 1024]",int4-linear-b2048,0.0002800665097311139,0.046153414994478226,0.12013984471559525,0.04643348231911659,0.07370635867118835,0.011220843531191349,0.02865723893046379,0.040475521236658096,0.0004810319223906845,0.03030240535736084,0.08060033619403839,0.03850704804062843,0.0002151189837604761,0.05377225950360298,0.1446555107831955,0.0386066772043705,9.765317372512072e-05
0,4096,transformer.h.0.mlp.c_proj.weight,transformer.h.0.mlp.c_proj.weight,"[384, 1024]",int4-dynamic-b2048,0.0016871029511094093,0.021483372896909714,0.050033386796712875,0.02317047491669655,0.026862911880016327,0.04219939559698105,0.057209040969610214,0.06750636547803879,0.02054159715771675,0.05057787895202637,0.08967972546815872,0.04382205754518509,0.0011013231705874205,0.06482736766338348,0.17129909992218018,0.04292268678545952,0.0003194727178197354
0,4096,transformer.h.1.attn.c_attn.weight,transformer.h.1.attn.c_attn.weight,"[1152, 384]",int8-linear-b2048,2.7008749015067224e-08,1.0905743693001568e-05,1.3977849448565394e-05,1.0932752047665417e-05,3.0450974008999765e-06,0.00033364849514327943,0.0012089889496564865,0.10148846358060837,0.00017409760039299726,0.004246093798428774,0.012664641253650188,0.08741104602813721,0.00021158935851417482,0.01585054025053978,0.0627008005976677,0.03363524749875069,7.485412061214447e-05
0,4096,transformer.h.1.attn.c_attn.weight,transformer.h.1.attn.c_attn.weight,"[1152, 384]",int4-linear-b2048,9.831844181462657e-06,0.003592399414628744,0.004606008529663086,0.003602231154218316,0.0010037773754447699,0.007582705933600664,0.04021625220775604,0.10038736462593079,0.00030024012085050344,0.07381008565425873,0.2349240630865097,0.08812399953603745,0.00019836619321722537,0.3558410704135895,1.0906624794006348,0.03372048959136009,0.00011683579214150086
0,4096,transformer.h.1.attn.c_attn.weight,transformer.h.1.attn.c_attn.weight,"[1152, 384]",int4-dynamic-b2048,5.885092105017975e-05,0.003105545649304986,0.004000829998403788,0.003164396621286869,0.0008364333771169186,0.029308587312698364,0.04748351871967316,0.11870276927947998,0.0118679478764534,0.06567967683076859,0.14372307062149048,0.08607865869998932,0.00018762510444503278,0.2987080216407776,0.7319337725639343,0.03199626877903938,8.18224943941459e-05
0,4096,transformer.h.1.attn.c_proj.weight,transformer.h.1.attn.c_proj.weight,"[384, 384]",int8-linear-b2048,2.2226990381568612e-07,7.989684672793373e-05,8.01191054051742e-05,8.011911995708942e-05,0.0,0.0004900845815427601,0.0021195015870034695,0.103069968521595,0.00029317234293557703,0.006750812288373709,0.018369782716035843,0.10332008451223373,0.00034876048448495567,0.446674108505249,5.433587551116943,0.10047432780265808,0.0003021962766069919
0,4096,transformer.h.1.attn.c_proj.weight,transformer.h.1.attn.c_proj.weight,"[384, 384]",int4-linear-b2048,7.263090810738504e-05,0.026203880086541176,0.02627650834619999,0.02627651020884514,0.0,0.009416854940354824,0.03536359220743179,0.10206333547830582,0.00029108987655490637,0.12169846147298813,0.36952412128448486,0.10032215714454651,0.00031529736588709056,14.270026206970215,307.4266662597656,0.09985770285129547,0.0002624260087031871
0,4096,transformer.h.1.attn.c_proj.weight,transformer.h.1.attn.c_proj.weight,"[384, 384]",int4-dynamic-b2048,0.0002845391572918743,0.02448761835694313,0.02477215602993965,0.0247721578925848,0.0,0.028984054923057556,0.047131482511758804,0.1176004484295845,0.008714905939996243,0.1146991178393364,0.5442534685134888,0.101994089782238,0.00030861495179124177,11.999091148376465,306.4918212890625,0.09794020652770996,0.00023110782785806805
0,4096,transformer.h.1.mlp.w1.weight,transformer.h.1.mlp.w1.weight,"[1024, 384]",int8-linear-b2048,1.4275780557682083e-08,5.65030404686695e-06,1.440080814063549e-05,5.664579930453328e-06,8.736227755434811e-06,0.0001784509513527155,0.0007134664338082075,0.047900132834911346,7.741963054286316e-05,0.0006864735623821616,0.0019970855209976435,0.03839842602610588,9.275134652853012e-05,0.0018680206267163157,0.006962197367101908,0.037342626601457596,0.0001221226848429069
0,4096,transformer.h.1.mlp.w1.weight,transformer.h.1.mlp.w1.weight,"[1024, 384]",int4-linear-b2048,5.9448839238029905e-06,0.001834788592532277,0.004638988524675369,0.0018407334573566914,0.002798255067318678,0.004501780029386282,0.014780493453145027,0.047991592437028885,0.00016384841001126915,0.01554031204432249,0.05404657870531082,0.03887278959155083,0.00014477872173301876,0.03378276899456978,0.10952258855104446,0.037569403648376465,9.722879622131586e-05
0,4096,transformer.h.1.mlp.w1.weight,transformer.h.1.mlp.w1.weight,"[1024, 384]",int4-dynamic-b2048,4.3623360397759825e-05,0.0016795805422589183,0.0037311632186174393,0.001723203924484551,0.00200795941054821,0.01943827047944069,0.03283464163541794,0.0743546113371849,0.006950943730771542,0.02553729899227619,0.06110081821680069,0.04374702274799347,0.0004319763684179634,0.03904283046722412,0.1218588724732399,0.0361369252204895,0.00016775161202531308
0,4096,transformer.h.1.mlp.w2.weight,transformer.h.1.mlp.w2.weight,"[1024, 384]",int8-linear-b2048,1.1982746350724938e-08,5.379218691814458e-06,1.3732621482631657e-05,5.391201284510316e-06,8.34141974337399e-06,0.00018879084382206202,0.000500233902130276,0.0456525981426239,9.396060340804979e-05,0.0007861923659220338,0.0022814858239144087,0.038380950689315796,0.00011626109335338697,0.0015300859231501818,0.004735155496746302,0.03827869892120361,6.425556784961373e-05
0,4096,transformer.h.1.mlp.w2.weight,transformer.h.1.mlp.w2.weight,"[1024, 384]",int4-linear-b2048,5.320264335750835e-06,0.0017469722079113126,0.00445398548617959,0.0017522925045341253,0.002701692981645465,0.004819813650101423,0.015378978103399277,0.0460464209318161,0.0001564706617500633,0.014692236669361591,0.041255708783864975,0.03898702561855316,0.00011832302698167041,0.03729107230901718,0.11379222571849823,0.038103919476270676,0.00011745656229322776
0,4096,transformer.h.1.mlp.w2.weight,transformer.h.1.mlp.w2.weight,"[1024, 384]",int4-dynamic-b2048,4.5786691771354526e-05,0.0015761671820655465,0.0034704389981925488,0.0016219539102166891,0.0018484850879758596,0.022179124876856804,0.03434089198708534,0.07638704031705856,0.008154081180691719,0.025753669440746307,0.06413286179304123,0.04224720224738121,0.0004144769045524299,0.05119613930583,0.146442249417305,0.034957583993673325,0.0002627955109346658
0,4096,transformer.h.1.mlp.c_proj.weight,transformer.h.1.mlp.c_proj.weight,"[384, 1024]",int8-linear-b2048,2.3793776904312836e-07,9.570850670570508e-05,0.00025610742159187794,9.59464450716041e-05,0.00016016096924431622,0.00024240303901024163,0.0007189749157987535,0.038625773042440414,7.706370524829254e-05,0.0011440010275691748,0.003334243316203356,0.03750064596533775,8.796369365882128e-05,0.00300042936578393,0.008763927035033703,0.03689597547054291,8.551221253583208e-05
0,4096,transformer.h.1.mlp.c_proj.weight,transformer.h.1.mlp.c_proj.weight,"[384, 1024]",int4-linear-b2048,0.00020650352234952152,0.03077857755124569,0.0801166221499443,0.03098508156836033,0.049131542444229126,0.012889097444713116,0.040209654718637466,0.041462015360593796,0.0006537925219163299,0.03053888864815235,0.06656607240438461,0.03918031230568886,0.00019591038289945573,0.06251601874828339,0.2289499044418335,0.03819709271192551,0.00011865339911310002
0,4096,transformer.h.1.mlp.c_proj.weight,transformer.h.1.mlp.c_proj.weight,"[384, 1024]",int4-dynamic-b2048,0.001075126463547349,0.015578631311655045,0.0340905636548996,0.01665375754237175,0.017436806112527847,0.04004591703414917,0.05423612520098686,0.06921762228012085,0.018426956608891487,0.050371669232845306,0.08641320466995239,0.04748663306236267,0.001013375585898757,0.06264407932758331,0.13903272151947021,0.04625413566827774,0.0002471201296430081
0,4096,transformer.h.2.attn.c_attn.weight,transformer.h.2.attn.c_attn.weight,"[1152, 384]",int8-linear-b2048,2.751403087586368e-07,0.00011126983008580282,0.00013316719559952617,0.00011154497042298317,2.1622225176542997e-05,0.000908138114027679,0.003329438855871558,0.20888181030750275,0.0005658920854330063,0.006603390909731388,0.018916290253400803,0.05560004338622093,0.00019129250722471625,0.025212693959474564,0.07839511334896088,0.031137684360146523,6.701842357870191e-05
0,4096,transformer.h.2.attn.c_attn.weight,transformer.h.2.attn.c_attn.weight,"[1152, 384]",int4-linear-b2048,0.00017455685883760452,0.03511958569288254,0.04159798473119736,0.03529414162039757,0.006303843110799789,0.03335815668106079,0.07502114027738571,0.22581815719604492,0.0021066933404654264,0.09918013960123062,0.3266313076019287,0.05451755225658417,0.00015116966096684337,0.49075812101364136,1.5821313858032227,0.02933792769908905,9.289603622164577e-05
0,4096,transformer.h.2.attn.c_attn.weight,transformer.h.2.attn.c_attn.weight,"[1152, 384]",int4-dynamic-b2048,0.00047235365491360426,0.018401987850666046,0.022075239568948746,0.018874341621994972,0.0032008979469537735,0.04280700534582138,0.07934960722923279,0.24752093851566315,0.01793198101222515,0.08111599832773209,0.2547861337661743,0.05270847678184509,0.00019795031403191388,0.32387804985046387,1.1523754596710205,0.027558326721191406,7.41148178349249e-05
0,4096,transformer.h.2.attn.c_proj.weight,transformer.h.2.attn.c_proj.weight,"[384, 384]",int8-linear-b2048,4.225945531288744e-07,0.0001696079852990806,0.00017003054381348193,0.00017003057291731238,0.0,0.00047809904208406806,0.002010413445532322,0.10487259179353714,0.0003223974781576544,0.004845780786126852,0.012667546048760414,0.10110671073198318,0.00018875386740546674,0.5131545066833496,7.9896769523620605,0.1007036417722702,0.000347381632309407
0,4096,transformer.h.2.attn.c_proj.weight,transformer.h.2.attn.c_proj.weight,"[384, 384]",int4-linear-b2048,0.0001515054318588227,0.05505172535777092,0.05520322918891907,0.05520322918891907,0.0,0.009292014874517918,0.040116291493177414,0.10756519436836243,0.00039209818351082504,0.09065348654985428,0.2467230260372162,0.10080712288618088,0.00018533965339884162,8.21071720123291,128.89764404296875,0.10096970945596695,0.0002518592809792608
0,4096,transformer.h.2.attn.c_proj.weight,transformer.h.2.attn.c_proj.weight,"[384, 384]",int4-dynamic-b2048,0.0006082370528019965,0.041332460939884186,0.04194069281220436,0.04194069653749466,0.0,0.024180758744478226,0.048570699989795685,0.1273101419210434,0.011155927553772926,0.08119191974401474,0.2256411910057068,0.0984114557504654,0.00022839888697490096,5.181800842285156,62.18935012817383,0.10062059015035629,0.00021350063616409898
0,4096,transformer.h.2.mlp.w1.weight,transformer.h.2.mlp.w1.weight,"[1024, 384]",int8-linear-b2048,8.543290519469338e-09,3.276292090959032e-06,8.446964784525335e-06,3.284835429440136e-06,5.162129127711523e-06,0.00018445358728058636,0.0005805157124996185,0.044603049755096436,0.0001458996848668903,0.0006337302038446069,0.0015408431645482779,0.038198091089725494,0.00011451934551587328,0.0012652549194172025,0.004654762335121632,0.03666766360402107,6.495699926745147e-05
0,4096,transformer.h.2.mlp.w1.weight,transformer.h.2.mlp.w1.weight,"[1024, 384]",int4-linear-b2048,2.6992902348865755e-06,0.0010834838030859828,0.0027829757891595364,0.001086183125153184,0.0016967926640063524,0.002985461615025997,0.01108646672219038,0.0446520633995533,0.0001364674826618284,0.009356497786939144,0.029368821531534195,0.039416030049324036,8.22999791125767e-05,0.02715260162949562,0.08336518704891205,0.037271104753017426,9.145943477051333e-05
0,4096,transformer.h.2.mlp.w1.weight,transformer.h.2.mlp.w1.weight,"[1024, 384]",int4-dynamic-b2048,2.7939280698774382e-05,0.0011578327976167202,0.0027600592002272606,0.001185772125609219,0.0015742870746180415,0.0185832679271698,0.029069002717733383,0.057774197310209274,0.005876947194337845,0.0266414787620306,0.05463545024394989,0.041388556361198425,0.000530601420905441,0.03764442726969719,0.10781191289424896,0.03715484216809273,0.000156944923219271
0,4096,transformer.h.2.mlp.w2.weight,transformer.h.2.mlp.w2.weight,"[1024, 384]",int8-linear-b2048,8.570692600073926e-09,3.248300799896242e-06,8.31378019938711e-06,3.2568714232183993e-06,5.0569087761687115e-06,0.00016470116679556668,0.0004434754082467407,0.04617452621459961,0.00011845524568343535,0.0005325549282133579,0.0014547962928190827,0.038583509624004364,7.464156806236133e-05,0.0018296748166903853,0.004945160821080208,0.03803543001413345,0.00013661263801623136
0,4096,transformer.h.2.mlp.w2.weight,transformer.h.2.mlp.w2.weight,"[1024, 384]",int4-linear-b2048,2.82837368104083e-06,0.0010656126542016864,0.0027287269476801157,0.0010684410808607936,0.0016602858668193221,0.002706049010157585,0.008508999831974506,0.045430611819028854,0.000108012231066823,0.01112528145313263,0.03401158004999161,0.03884829208254814,0.00010390488750999793,0.028919437900185585,0.11977776139974594,0.038146551698446274,9.653774031903595e-05
0,4096,transformer.h.2.mlp.w2.weight,transformer.h.2.mlp.w2.weight,"[1024, 384]",int4-dynamic-b2048,2.7881715141120367e-05,0.001131380908191204,0.002643932355567813,0.0011592626105993986,0.0014846697449684143,0.018537530675530434,0.02615300565958023,0.05956355854868889,0.005995521321892738,0.02432543970644474,0.04469975829124451,0.0421740747988224,0.00041712354868650436,0.029177460819482803,0.09689031541347504,0.037632375955581665,0.00010166136780753732
0,4096,transformer.h.2.mlp.c_proj.weight,transformer.h.2.mlp.c_proj.weight,"[384, 1024]",int8-linear-b2048,5.165438921039822e-08,2.410693014098797e-05,6.441297591663897e-05,2.415858398308046e-05,4.025439193355851e-05,0.00014645176997873932,0.000514813931658864,0.038487207144498825,8.02883441792801e-05,0.00042362004751339555,0.0015472868690267205,0.03744659945368767,5.778765262220986e-05,0.0014206839259713888,0.004137481562793255,0.03865985572338104,8.698205783730373e-05
0,4096,transformer.h.2.mlp.c_proj.weight,transformer.h.2.mlp.c_proj.weight,"[384, 1024]",int4-linear-b2048,2.140127071470488e-05,0.00787663459777832,0.0211060531437397,0.00789803545922041,0.013208017684519291,0.0029769486282020807,0.008698702789843082,0.038795389235019684,9.225325629813597e-05,0.007625550962984562,0.020738566294312477,0.03702534735202789,5.581774894380942e-05,0.029163146391510963,0.07454176992177963,0.038871508091688156,0.00011941531556658447
0,4096,transformer.h.2.mlp.c_proj.weight,transformer.h.2.mlp.c_proj.weight,"[384, 1024]",int4-dynamic-b2048,0.00028219036175869405,0.006913816090673208,0.016906356438994408,0.007196006365120411,0.009710350073873997,0.02555515430867672,0.03623614460229874,0.05135064944624901,0.008097879588603973,0.034150779247283936,0.05961811542510986,0.04103036969900131,0.0009856328833848238,0.03967834264039993,0.137184739112854,0.0409819558262825,0.00026604661252349615
0,4096,transformer.h.3.attn.c_attn.weight,transformer.h.3.attn.c_attn.weight,"[1152, 384]",int8-linear-b2048,8.129587314442688e-08,3.0488956326735206e-05,3.707276118802838e-05,3.057025242014788e-05,6.502508767880499e-06,0.000594320532400161,0.0021768268197774887,0.18624934554100037,0.0005014108610339463,0.0037110631819814444,0.01157095655798912,0.06804552674293518,0.0001549087028251961,0.019316717982292175,0.04689530283212662,0.032031938433647156,9.675561159383506e-05
0,4096,transformer.h.3.attn.c_attn.weight,transformer.h.3.attn.c_attn.weight,"[1152, 384]",int4-linear-b2048,2.6896392228081822e-05,0.00991723220795393,0.012060845270752907,0.009944128803908825,0.002116716466844082,0.010422619059681892,0.038285333663225174,0.18637879192829132,0.0006338561652228236,0.06979372352361679,0.235446497797966,0.06700733304023743,0.00017731850675772876,0.2754569947719574,0.7767797112464905,0.031186236068606377,8.671169052831829e-05
0,4096,transformer.h.3.attn.c_attn.weight,transformer.h.3.attn.c_attn.weight,"[1152, 384]",int4-dynamic-b2048,0.0001521613448858261,0.006866244599223137,0.00841096043586731,0.007018405944108963,0.0013925544917583466,0.03717842325568199,0.066446952521801,0.20446647703647614,0.014733160845935345,0.049514446407556534,0.15551123023033142,0.0667208582162857,0.00012351729674264789,0.19966667890548706,0.6539818644523621,0.02965734712779522,5.226627763477154e-05
0,4096,transformer.h.3.attn.c_proj.weight,transformer.h.3.attn.c_proj.weight,"[384, 384]",int8-linear-b2048,1.1376599928780706e-07,4.981412348570302e-05,4.992789035895839e-05,4.992789035895839e-05,0.0,0.0003028699429705739,0.0010634493082761765,0.10372254997491837,0.00022621139942202717,0.003074976382777095,0.010929036885499954,0.09940611571073532,0.00020869768923148513,0.13704407215118408,1.9100186824798584,0.09950639307498932,0.00025221158284693956
0,4096,transformer.h.3.attn.c_proj.weight,transformer.h.3.attn.c_proj.weight,"[384, 384]",int4-linear-b2048,4.184457066003233e-05,0.016358671709895134,0.016400517895817757,0.016400516033172607,1.862645149230957e-09,0.004864629358053207,0.022724751383066177,0.10183750838041306,0.0001849720283644274,0.048964787274599075,0.1283639520406723,0.10175903141498566,0.00016321749717462808,1.9586663246154785,9.71829605102539,0.09897685050964355,0.00022922099742572755
0,4096,transformer.h.3.attn.c_proj.weight,transformer.h.3.attn.c_proj.weight,"[384, 384]",int4-dynamic-b2048,0.0001784668565960601,0.013852162286639214,0.014030626974999905,0.014030628837645054,0.0,0.022017674520611763,0.038270432502031326,0.11700829863548279,0.009019272401928902,0.05578719079494476,0.19429729878902435,0.10072661191225052,0.00023272188263945282,4.001657962799072,56.304691314697266,0.09845651686191559,0.00022407129290513694
0,4096,transformer.h.3.mlp.w1.weight,transformer.h.3.mlp.w1.weight,"[1024, 384]",int8-linear-b2048,5.315773154990211e-09,2.1627604382956633e-06,5.61495926376665e-06,2.1680762074538507e-06,3.4468830563127995e-06,0.00013908556138630956,0.00042630848474800587,0.04353054612874985,0.00013338139979168773,0.00043439448927529156,0.0011784384259954095,0.03821076080203056,7.143241236917675e-05,0.0011351874563843012,0.00394444027915597,0.037969451397657394,8.047421579249203e-05
0,4096,transformer.h.3.mlp.w1.weight,transformer.h.3.mlp.w1.weight,"[1024, 384]",int4-linear-b2048,1.7206434677063953e-06,0.000712008448317647,0.0018394764047116041,0.0007137290667742491,0.001125747337937355,0.001979164080694318,0.006896999664604664,0.04280359670519829,8.195847476599738e-05,0.007668207865208387,0.024947460740804672,0.03910781815648079,8.387365960516036e-05,0.021249743178486824,0.09985041618347168,0.03698601573705673,9.131883416557685e-05
0,4096,transformer.h.3.mlp.w1.weight,transformer.h.3.mlp.w1.weight,"[1024, 384]",int4-dynamic-b2048,1.7364744053338654e-05,0.0008014128543436527,0.0019708969630301,0.000818777596578002,0.001152119366452098,0.015971660614013672,0.023398596793413162,0.05305769294500351,0.004346194211393595,0.01853695511817932,0.04610135406255722,0.04102432355284691,0.0004295076651033014,0.03145473077893257,0.07172874361276627,0.03770172968506813,0.00016166541900020093
0,4096,transformer.h.3.mlp.w2.weight,transformer.h.3.mlp.w2.weight,"[1024, 384]",int8-linear-b2048,5.750145692928754e-09,2.3857917312852805e-06,6.135458988865139e-06,2.3915417841635644e-06,3.7439172047015745e-06,0.00011858344078063965,0.00039821697282604873,0.04472539946436882,8.55421822052449e-05,0.0005483580171130598,0.001318889087997377,0.038555413484573364,0.00010381342144683003,0.0013285053428262472,0.00395468482747674,0.03781519830226898,9.405586024513468e-05
0,4096,transformer.h.3.mlp.w2.weight,transformer.h.3.mlp.w2.weight,"[1024, 384]",int4-linear-b2048,2.0604898054443765e-06,0.0007842032355256379,0.0020176772959530354,0.0007862637285143137,0.0012314135674387217,0.002634796779602766,0.006983919069170952,0.04521750286221504,0.00011640840239124373,0.0068891230039298534,0.025873936712741852,0.03866930305957794,7.091442967066541e-05,0.01992427557706833,0.061392396688461304,0.037395790219306946,7.107968121999875e-05
0,4096,transformer.h.3.mlp.w2.weight,transformer.h.3.mlp.w2.weight,"[1024, 384]",int4-dynamic-b2048,1.979615080927033e-05,0.0008444626000709832,0.0020359340123832226,0.0008642587345093489,0.0011716752778738737,0.0171620175242424,0.024443725124001503,0.057891733944416046,0.0050169359892606735,0.018142087385058403,0.03945831581950188,0.041726209223270416,0.00033058857661671937,0.02776460535824299,0.08018195629119873,0.03687532991170883,0.000144903504406102
0,4096,transformer.h.3.mlp.c_proj.weight,transformer.h.3.mlp.c_proj.weight,"[384, 1024]",int8-linear-b2048,4.3518113557183824e-08,1.699127460597083e-05,4.551458187052049e-05,1.703479210846126e-05,2.8479789762059227e-05,0.00013592683535534889,0.00045958254486322403,0.038277991116046906,7.7017059084028e-05,0.00041189684998244047,0.0017611999064683914,0.037873655557632446,7.622689008712769e-05,0.0012832912616431713,0.003052737098187208,0.0385647751390934,9.51415131567046e-05
0,4096,transformer.h.3.mlp.c_proj.weight,transformer.h.3.mlp.c_proj.weight,"[384, 1024]",int4-linear-b2048,1.3450890037347563e-05,0.0055944835767149925,0.014967639930546284,0.005607934668660164,0.00935970526188612,0.0025488506071269512,0.007567245978862047,0.03901241347193718,8.980144775705412e-05,0.00874793715775013,0.0265338271856308,0.037158917635679245,0.00010775548435049132,0.020045267418026924,0.0485469326376915,0.03839229792356491,7.55528817535378e-05
0,4096,transformer.h.3.mlp.c_proj.weight,transformer.h.3.mlp.c_proj.weight,"[384, 1024]",int4-dynamic-b2048,0.0001903876691358164,0.005176367238163948,0.013016117736697197,0.0053667547181248665,0.0076493630185723305,0.023120155557990074,0.030803438276052475,0.0484265461564064,0.006825999356806278,0.026971939951181412,0.05398711934685707,0.041149940341711044,0.0007584823179058731,0.03661274164915085,0.10312239080667496,0.040530405938625336,0.00025718266260810196
0,4096,transformer.h.4.attn.c_attn.weight,transformer.h.4.attn.c_attn.weight,"[1152, 384]",int8-linear-b2048,9.769490105782097e-09,3.4101037726941286e-06,4.567102678265655e-06,3.419873337406898e-06,1.1472293408587575e-06,0.00029868705314584076,0.001141748740337789,0.10068860650062561,0.0003302228869870305,0.0021908653434365988,0.005775159224867821,0.08473005145788193,0.0001217813478433527,0.014122330583631992,0.04289078339934349,0.03610362857580185,8.835148037178442e-05
0,4096,transformer.h.4.attn.c_attn.weight,transformer.h.4.attn.c_attn.weight,"[1152, 384]",int4-linear-b2048,3.185132754879305e-06,0.0011371001601219177,0.0015155661385506392,0.0011402852833271027,0.0003752808552235365,0.005344838835299015,0.0171758234500885,0.10294902324676514,0.0003756810328923166,0.06721044331789017,0.21041454374790192,0.08365662395954132,0.00030888832407072186,0.2503081262111664,1.1163384914398193,0.03599265217781067,0.0001225522719323635
0,4096,transformer.h.4.attn.c_attn.weight,transformer.h.4.attn.c_attn.weight,"[1152, 384]",int4-dynamic-b2048,1.8293034372618422e-05,0.001052703126333654,0.0014103362336754799,0.0010709961643442512,0.00033934006933122873,0.022458596155047417,0.03809431195259094,0.11435212939977646,0.009746761992573738,0.06598387658596039,0.2363828718662262,0.08303117007017136,0.000319180398946628,0.26549041271209717,0.753126323223114,0.035442277789115906,0.00012011296348646283
0,4096,transformer.h.4.attn.c_proj.weight,transformer.h.4.attn.c_proj.weight,"[384, 384]",int8-linear-b2048,1.671141980352786e-08,6.745397058693925e-06,6.76210765959695e-06,6.762108569091652e-06,0.0,0.00024918807321228087,0.001119372551329434,0.10305801033973694,0.00035135113284923136,0.001977914711460471,0.0073448545299470425,0.10182138532400131,0.00021879267296753824,0.2633891701698303,5.218015193939209,0.10181088000535965,0.0002520793059375137
0,4096,transformer.h.4.attn.c_proj.weight,transformer.h.4.attn.c_proj.weight,"[384, 384]",int4-linear-b2048,5.775063073087949e-06,0.00221662363037467,0.0022223987616598606,0.0022223987616598606,0.0,0.004004172049462795,0.012022735550999641,0.10392741858959198,0.00029506318969652057,0.04046386480331421,0.11713629215955734,0.10267166048288345,0.0002523588773328811,7.330765247344971,200.27735900878906,0.10287182778120041,0.00030161053291521966
0,4096,transformer.h.4.attn.c_proj.weight,transformer.h.4.attn.c_proj.weight,"[384, 384]",int4-dynamic-b2048,2.3941602194099687e-05,0.0026013734750449657,0.0026253145188093185,0.002625314984470606,0.0,0.01653635874390602,0.032836850732564926,0.11133021861314774,0.005514480639249086,0.04706303030252457,0.2043987214565277,0.10254967957735062,0.0003347812162246555,2.659679412841797,23.878942489624023,0.09836071729660034,0.0003057188878301531
0,4096,transformer.h.4.mlp.w1.weight,transformer.h.4.mlp.w1.weight,"[1024, 384]",int8-linear-b2048,6.931643703467216e-09,2.6688571779232007e-06,6.898975698277354e-06,2.675788891792763e-06,4.223186806484591e-06,0.00012878543930128217,0.0005042371340095997,0.04312291368842125,9.048036736203358e-05,0.0005975083913654089,0.001605176250450313,0.03869037702679634,0.00013670111366081983,0.0011904779821634293,0.0031266282312572002,0.03722986951470375,6.89499283907935e-05
0,4096,transformer.h.4.mlp.w1.weight,transformer.h.4.mlp.w1.weight,"[1024, 384]",int4-linear-b2048,2.538416765673901e-06,0.0008782233344390988,0.0022582856472581625,0.0008807617705315351,0.0013775238767266273,0.00236107618547976,0.012582382187247276,0.04411781579256058,9.895172843243927e-05,0.010634329169988632,0.04385456442832947,0.03933890908956528,0.00015954251284711063,0.027577705681324005,0.06968916952610016,0.03848249092698097,0.0001252921938430518
0,4096,transformer.h.4.mlp.w1.weight,transformer.h.4.mlp.w1.weight,"[1024, 384]",int4-dynamic-b2048,2.406430576229468e-05,0.0008827586425468326,0.002137127099558711,0.0009068229701370001,0.001230304129421711,0.0191202275454998,0.027392759919166565,0.05743135139346123,0.005452850367873907,0.019388191401958466,0.03695448487997055,0.041621722280979156,0.0003747596056200564,0.03224630653858185,0.08253289759159088,0.03744584694504738,0.0001880583877209574
0,4096,transformer.h.4.mlp.w2.weight,transformer.h.4.mlp.w2.weight,"[1024, 384]",int8-linear-b2048,7.509769694991064e-09,2.6830434762814548e-06,6.877435225760564e-06,2.690553174033994e-06,4.18688205172657e-06,0.0001712584198685363,0.0004931232542730868,0.04629462584853172,0.0001275472459383309,0.0006608703406527638,0.002050993964076042,0.03862061724066734,0.0001486751134507358,0.0015928704524412751,0.005125675816088915,0.03729276731610298,0.000124434576719068
0,4096,transformer.h.4.mlp.w2.weight,transformer.h.4.mlp.w2.weight,"[1024, 384]",int4-linear-b2048,2.360671260248637e-06,0.0008771857246756554,0.0022501046769320965,0.000879546394571662,0.0013705582823604345,0.002932131290435791,0.009025195613503456,0.04555334150791168,0.00013482202484738082,0.009307785890996456,0.025932366028428078,0.03904775530099869,9.886675252346322e-05,0.025034984573721886,0.10747024416923523,0.036932751536369324,8.974096999736503e-05
0,4096,transformer.h.4.mlp.w2.weight,transformer.h.4.mlp.w2.weight,"[1024, 384]",int4-dynamic-b2048,2.500931623217184e-05,0.0008527549798600376,0.0020385992247611284,0.0008777643088251352,0.0011608349159359932,0.020642880350351334,0.032139040529727936,0.06081787124276161,0.006499418988823891,0.02136063016951084,0.039868202060461044,0.04191961511969566,0.0004329573712311685,0.03392038121819496,0.14466021955013275,0.0365777425467968,0.0001847111852839589
0,4096,transformer.h.4.mlp.c_proj.weight,transformer.h.4.mlp.c_proj.weight,"[384, 1024]",int8-linear-b2048,5.70297089552696e-08,2.2987187549006194e-05,6.118139572208747e-05,2.3044216504786164e-05,3.813717921730131e-05,0.00020252540707588196,0.000697827897965908,0.03883964940905571,0.00014121585991233587,0.0005592088564299047,0.0016048462130129337,0.03872842714190483,8.762653305893764e-05,0.0012753651244565845,0.005136068444699049,0.03832235932350159,7.869346154620871e-05
0,4096,transformer.h.4.mlp.c_proj.weight,transformer.h.4.mlp.c_proj.weight,"[384, 1024]",int4-linear-b2048,2.1405763618531637e-05,0.0075847734697163105,0.020227065309882164,0.00760617945343256,0.012620885856449604,0.0035501725506037474,0.012306331656873226,0.03925548866391182,0.00011608430213527754,0.010930661112070084,0.033508703112602234,0.03875378146767616,9.331203909823671e-05,0.03174876421689987,0.11367923021316528,0.03788314387202263,0.00012065298506058753
0,4096,transformer.h.4.mlp.c_proj.weight,transformer.h.4.mlp.c_proj.weight,"[384, 1024]",int4-dynamic-b2048,0.00024354300694540143,0.006383994128555059,0.015793297439813614,0.006627537310123444,0.00916576012969017,0.0242063757032156,0.03483857214450836,0.05129942670464516,0.008058151230216026,0.030181698501110077,0.0474361814558506,0.04226680472493172,0.0006791359628550708,0.039394278079271317,0.08702809363603592,0.041332826018333435,0.00022677444212604314
0,4096,transformer.h.5.attn.c_attn.weight,transformer.h.5.attn.c_attn.weight,"[1152, 384]",int8-linear-b2048,8.395057093935065e-09,3.4046552173094824e-06,4.233342224324588e-06,3.4130503081541974e-06,8.202919161703903e-07,0.00023449990840163082,0.0009104271302931011,0.10197524726390839,0.00018397870007902384,0.004160103388130665,0.01624898426234722,0.09562771022319794,0.00020438713545445353,0.029369937255978584,0.0928581953048706,0.029062259942293167,9.754434722708538e-05
0,4096,transformer.h.5.attn.c_attn.weight,transformer.h.5.attn.c_attn.weight,"[1152, 384]",int4-linear-b2048,2.7295909603708424e-06,0.0011243218323215842,0.0013933610171079636,0.0011270514223724604,0.0002663095947355032,0.004981658421456814,0.02782037854194641,0.10136754810810089,0.0002472960331942886,0.07768557965755463,0.20786000788211823,0.09622909873723984,0.00022750940115656704,0.48713240027427673,1.3945401906967163,0.02909923531115055,8.501947741024196e-05
0,4096,transformer.h.5.attn.c_attn.weight,transformer.h.5.attn.c_attn.weight,"[1152, 384]",int4-dynamic-b2048,2.1539028239203617e-05,0.0009005239116959274,0.0011316360905766487,0.000922062958125025,0.00020957313245162368,0.03025365248322487,0.04323933646082878,0.11934077739715576,0.015429390594363213,0.08243619650602341,0.2882784605026245,0.09335075318813324,0.0003111512924078852,0.3918920159339905,1.4158202409744263,0.028284264728426933,7.695551175856963e-05
0,4096,transformer.h.5.attn.c_proj.weight,transformer.h.5.attn.c_proj.weight,"[384, 384]",int8-linear-b2048,1.514129088775462e-08,5.698788299923763e-06,5.7139291129715275e-06,5.713929567718878e-06,0.0,0.00021969087538309395,0.0006413888768292964,0.10328631848096848,0.0003453735262155533,0.002287522191181779,0.00680182920768857,0.10208885371685028,0.00022380803420674056,0.25747227668762207,2.067497968673706,0.09984142333269119,0.00021926462068222463
0,4096,transformer.h.5.attn.c_proj.weight,transformer.h.5.attn.c_proj.weight,"[384, 384]",int4-linear-b2048,5.400370810093591e-06,0.0018716711783781648,0.0018770713359117508,0.0018770715687423944,0.0,0.003254532814025879,0.016125347465276718,0.1039881706237793,0.00029848722624592483,0.054239243268966675,0.18535441160202026,0.10008195787668228,0.00037058041198179126,2.3250181674957275,25.95298194885254,0.10133594274520874,0.00022247187735047191
0,4096,transformer.h.5.attn.c_proj.weight,transformer.h.5.attn.c_proj.weight,"[384, 384]",int4-dynamic-b2048,2.046994268312119e-05,0.0023077945224940777,0.0023282645270228386,0.0023282645270228386,0.0,0.017659299075603485,0.028800027444958687,0.11048515141010284,0.006168569438159466,0.04788833484053612,0.16123086214065552,0.09996829926967621,0.00022525042004417628,4.307299613952637,69.30518341064453,0.10154980421066284,0.00027967605274170637
0,4096,transformer.h.5.mlp.w1.weight,transformer.h.5.mlp.w1.weight,"[1024, 384]",int8-linear-b2048,4.91752771836218e-08,1.3162476534489542e-05,3.2409272535005584e-05,1.3211652003519703e-05,1.9197621440980583e-05,0.00029707717476412654,0.0010235834633931518,0.11069411784410477,0.0007326395716518164,0.0009913233807310462,0.004873064812272787,0.033978529274463654,8.611769590061158e-05,0.003364918287843466,0.009027387015521526,0.03335404023528099,0.00011206022463738918
0,4096,transformer.h.5.mlp.w1.weight,transformer.h.5.mlp.w1.weight,"[1024, 384]",int4-linear-b2048,1.59992905537365e-05,0.0032004297245293856,0.006587640848010778,0.003216428915038705,0.0033712119329720736,0.010021422058343887,0.025361834093928337,0.180434912443161,0.0006146198138594627,0.024448975920677185,0.07868330925703049,0.03473407402634621,0.00020748069800902158,0.042551133781671524,0.11537712067365646,0.031758565455675125,0.00010393073898740113
0,4096,transformer.h.5.mlp.w1.weight,transformer.h.5.mlp.w1.weight,"[1024, 384]",int4-dynamic-b2048,0.00011219117732252926,0.002079976489767432,0.0038306042551994324,0.002192167565226555,0.0016384366899728775,0.03306778892874718,0.04555176571011543,0.2526041269302368,0.019975202158093452,0.036865364760160446,0.06757620722055435,0.034039098769426346,0.0006484180339612067,0.04623410850763321,0.11881018429994583,0.028052445501089096,0.0001570425374666229
0,4096,transformer.h.5.mlp.w2.weight,transformer.h.5.mlp.w2.weight,"[1024, 384]",int8-linear-b2048,3.112884527922688e-08,1.4124912013357971e-05,3.46496126439888e-05,1.4156041288515553e-05,2.049357135547325e-05,0.000319387560011819,0.0011685150675475597,0.11651662737131119,0.00016968206909950823,0.0010652539785951376,0.004410047549754381,0.033792950212955475,0.00010201232362305745,0.0029367967508733273,0.010665901936590672,0.037292324006557465,8.259555761469528e-05
0,4096,transformer.h.5.mlp.w2.weight,transformer.h.5.mlp.w2.weight,"[1024, 384]",int4-linear-b2048,1.3602148101199418e-05,0.0031961065251380205,0.00638778880238533,0.0032097087241709232,0.003178080078214407,0.009887376800179482,0.028607333078980446,0.20410583913326263,0.0006380604463629425,0.023420238867402077,0.07094365358352661,0.0335032194852829,0.00019875816360581666,0.03427097201347351,0.11782049387693405,0.03132317587733269,6.132505222922191e-05
0,4096,transformer.h.5.mlp.w2.weight,transformer.h.5.mlp.w2.weight,"[1024, 384]",int4-dynamic-b2048,8.348882693098858e-05,0.002000038279220462,0.003640421899035573,0.0020835271570831537,0.0015568947419524193,0.03067277930676937,0.05088357999920845,0.256588339805603,0.014042897149920464,0.04019973799586296,0.07169393450021744,0.034164659678936005,0.0007825930952094495,0.048795733600854874,0.10910171270370483,0.0284715685993433,0.00016476916789542884
0,4096,transformer.h.5.mlp.c_proj.weight,transformer.h.5.mlp.c_proj.weight,"[384, 1024]",int8-linear-b2048,2.1012303363932006e-07,8.848569268593565e-05,0.00023819897614885122,8.869581506587565e-05,0.00014950316108297557,0.0003338323440402746,0.0011884295381605625,0.038741372525691986,9.854306699708104e-05,0.0013923236401751637,0.004449323285371065,0.037686824798583984,0.00011324670776957646,0.003239499405026436,0.011389201506972313,0.03821171447634697,8.809420978650451e-05
0,4096,transformer.h.5.mlp.c_proj.weight,transformer.h.5.mlp.c_proj.weight,"[384, 1024]",int4-linear-b2048,0.00014881262904964387,0.02888224646449089,0.07423102110624313,0.0290310587733984,0.045199960470199585,0.012103540822863579,0.032902613282203674,0.043936315923929214,0.0005237974692136049,0.03016972914338112,0.061938729137182236,0.03916740417480469,0.00013721076538786292,0.06722956150770187,0.22596071660518646,0.039342526346445084,0.00011760730558307841
0,4096,transformer.h.5.mlp.c_proj.weight,transformer.h.5.mlp.c_proj.weight,"[384, 1024]",int4-dynamic-b2048,0.0009019449353218079,0.015128038823604584,0.035013362765312195,0.01602998375892639,0.018983379006385803,0.03568921238183975,0.052423037588596344,0.06980571150779724,0.018546225503087044,0.05042942240834236,0.10007068514823914,0.04372932016849518,0.0007287291809916496,0.05434655398130417,0.14717788994312286,0.04317949339747429,0.00015882927982602268
1,128,transformer.h.0.attn.c_attn.weight,transformer.h.0.attn.c_attn.weight,"[1152, 384]",int8-linear-b2048,1.5550137177910983e-08,5.612463155557634e-06,7.88142187957419e-06,5.628013241221197e-06,2.253408638352994e-06,0.0002823173417709768,0.0010824445635080338,0.09386279433965683,0.0003319254901725799,0.0023772914428263903,0.009406144730746746,0.08370264619588852,0.00027942407177761197,0.006805759388953447,0.02421175129711628,0.028378719463944435,9.673085151007399e-05
1,128,transformer.h.0.attn.c_attn.weight,transformer.h.0.attn.c_attn.weight,"[1152, 384]",int4-linear-b2048,4.208254722470883e-06,0.001841147430241108,0.002584515605121851,0.0018453557277098298,0.0007391598774120212,0.0028563542291522026,0.008520550094544888,0.09554146230220795,0.00015961039753165096,0.039986882358789444,0.12335251271724701,0.08435626327991486,0.00023224558390211314,0.111589714884758,0.4590458273887634,0.027709852904081345,8.740562770981342e-05
1,128,transformer.h.0.attn.c_attn.weight,transformer.h.0.attn.c_attn.weight,"[1152, 384]",int4-dynamic-b2048,2.1467885744641535e-05,0.0024807490408420563,0.003466322086751461,0.0025022169575095177,0.0009641051292419434,0.012750864960253239,0.02438141591846943,0.10148219764232635,0.004104028455913067,0.05047904700040817,0.15361978113651276,0.08412358164787292,0.0002833643229678273,0.12112617492675781,0.27525147795677185,0.027635665610432625,6.464155012508854e-05
1,128,transformer.h.0.attn.c_proj.weight,transformer.h.0.attn.c_proj.weight,"[384, 384]",int8-linear-b2048,3.2508333447367477e-07,0.000114945083623752,0.00011527015158208087,0.0001152701661339961,0.0,0.0002356745389988646,0.0008086884627118707,0.10153144598007202,0.00023273052647709846,0.0034664790146052837,0.015528283081948757,0.10185737162828445,0.0003780848637688905,0.2956399917602539,6.029308319091797,0.10268310457468033,0.00022474632714875042
1,128,transformer.h.0.attn.c_proj.weight,transformer.h.0.attn.c_proj.weight,"[384, 384]",int4-linear-b2048,8.92148309503682e-05,0.03789261728525162,0.03798183053731918,0.03798183053731918,0.0,0.005277761723846197,0.017887990921735764,0.10186770558357239,0.0003491729439701885,0.05264601856470108,0.12657731771469116,0.10114364326000214,0.00019832319230772555,7.671701908111572,173.6181182861328,0.10294868052005768,0.0003412191872484982
1,128,transformer.h.0.attn.c_proj.weight,transformer.h.0.attn.c_proj.weight,"[384, 384]",int4-dynamic-b2048,0.0004036372120026499,0.04118228703737259,0.04158591851592064,0.041585925966501236,0.0,0.018152663484215736,0.04054144769906998,0.11183637380599976,0.006768765859305859,0.05850488692522049,0.17983579635620117,0.09988529235124588,0.0002647491346579045,11.75318431854248,311.0444030761719,0.10171104222536087,0.0003080724272876978
1,128,transformer.h.0.mlp.w1.weight,transformer.h.0.mlp.w1.weight,"[1024, 384]",int8-linear-b2048,1.0443064191179019e-08,4.0074310163618065e-06,1.004863588605076e-05,4.017874289274914e-06,6.0307615967758466e-06,0.00022193859331309795,0.0005403441027738154,0.05343525856733322,0.00020213446987327188,0.0005169594660401344,0.0015181124908849597,0.039451513439416885,6.30626964266412e-05,0.001362500130198896,0.00395345501601696,0.03736960142850876,9.237692574970424e-05
1,128,transformer.h.0.mlp.w1.weight,transformer.h.0.mlp.w1.weight,"[1024, 384]",int4-linear-b2048,3.770418516069185e-06,0.001309029757976532,0.003295173170045018,0.0013128002174198627,0.0019823729526251554,0.003621586598455906,0.013280108571052551,0.05417301505804062,0.0001455027813790366,0.011713573709130287,0.03980208560824394,0.038138970732688904,0.00010515454050619155,0.02850552648305893,0.12162388116121292,0.037946917116642,0.00011936054943362251
1,128,transformer.h.0.mlp.w1.weight,transformer.h.0.mlp.w1.weight,"[1024, 384]",int4-dynamic-b2048,2.8221262255101465e-05,0.0013616984942927957,0.003110621590167284,0.0013899197801947594,0.0017207018099725246,0.016752028837800026,0.026047680526971817,0.07985132187604904,0.005776956677436829,0.019904600456357002,0.0577116534113884,0.03971129283308983,0.000280296168057248,0.03116530366241932,0.08987593650817871,0.03502386435866356,0.000130400454509072
1,128,transformer.h.0.mlp.w2.weight,transformer.h.0.mlp.w2.weight,"[1024, 384]",int8-linear-b2048,7.966463932973511e-09,3.4639924706425518e-06,8.782998520473484e-06,3.4719589621090563e-06,5.311039785738103e-06,0.00021608374663628638,0.0008204758050851524,0.04954811558127403,0.00014289110549725592,0.00067414331715554,0.00220812251791358,0.039136696606874466,0.00010879471665248275,0.0011616540141403675,0.004073014482855797,0.03673046827316284,6.0117203247500584e-05
1,128,transformer.h.0.mlp.w2.weight,transformer.h.0.mlp.w2.weight,"[1024, 384]",int4-linear-b2048,2.7356099963071756e-06,0.0011379997013136744,0.0028871074318885803,0.0011407353449612856,0.0017463720869272947,0.002901442814618349,0.00855456106364727,0.04967282712459564,0.00010151450987905264,0.013336515054106712,0.03820909187197685,0.038190118968486786,0.00012336143117863685,0.02424934320151806,0.060121480375528336,0.037230171263217926,7.895654562162235e-05
1,128,transformer.h.0.mlp.w2.weight,transformer.h.0.mlp.w2.weight,"[1024, 384]",int4-dynamic-b2048,2.3163231162470765e-05,0.0011883035767823458,0.0027377542573958635,0.0012114668497815728,0.0015262874076142907,0.015369294211268425,0.026793094351887703,0.07414910197257996,0.005292958579957485,0.0211449284106493,0.055787600576877594,0.04012872278690338,0.00032293019467033446,0.03375527635216713,0.0831150934100151,0.03523269668221474,0.0001662473368924111
1,128,transformer.h.0.mlp.c_proj.weight,transformer.h.0.mlp.c_proj.weight,"[384, 1024]",int8-linear-b2048,3.5390485209063627e-07,0.00011987510515609756,0.0003199587226845324,0.00012022900773445144,0.00019972972222603858,0.0002971641079057008,0.0007606124272570014,0.03908233717083931,0.00015412774519063532,0.001314074732363224,0.003897177753970027,0.037150561809539795,8.886396244633943e-05,0.003228334244340658,0.00823592022061348,0.03784552961587906,8.149321365635842e-05
1,128,transformer.h.0.mlp.c_proj.weight,transformer.h.0.mlp.c_proj.weight,"[384, 1024]",int4-linear-b2048,0.00012501786113716662,0.03890884295105934,0.10310453176498413,0.039033859968185425,0.0640706717967987,0.005504377651959658,0.015655675902962685,0.039388470351696014,0.00017305690562352538,0.02271808311343193,0.06462697684764862,0.03784366697072983,8.121112477965653e-05,0.07274994254112244,0.24349883198738098,0.038278114050626755,0.00014753948198631406
1,128,transformer.h.0.mlp.c_proj.weight,transformer.h.0.mlp.c_proj.weight,"[384, 1024]",int4-dynamic-b2048,0.001363663119263947,0.021428531035780907,0.04954152554273605,0.022792194038629532,0.02674933150410652,0.03762976825237274,0.04832083359360695,0.06644781678915024,0.019470762461423874,0.05239877477288246,0.10523373633623123,0.04382311552762985,0.0008142773876897991,0.04289022460579872,0.11005987226963043,0.04325156286358833,9.673899330664426e-05
1,128,transformer.h.1.attn.c_attn.weight,transformer.h.1.attn.c_attn.weight,"[1152, 384]",int8-linear-b2048,1.3962165645864388e-08,5.499256531038554e-06,7.295203431567643e-06,5.5132186389528215e-06,1.7819847926148213e-06,0.0002849505399353802,0.0012437148252502084,0.10016871243715286,0.0002662138140294701,0.0035417675971984863,0.008859774097800255,0.0857594683766365,0.00020649013458751142,0.012908397242426872,0.041883282363414764,0.02861868031322956,9.522611071588472e-05
1,128,transformer.h.1.attn.c_attn.weight,transformer.h.1.attn.c_attn.weight,"[1152, 384]",int4-linear-b2048,4.767574864672497e-06,0.0018194819567725062,0.0024128949735313654,0.0018242495134472847,0.0005886454600840807,0.004189338069409132,0.016127465292811394,0.09874046593904495,0.00021237271721474826,0.06810559332370758,0.2060476690530777,0.08675022423267365,0.0002613864780869335,0.19377174973487854,0.5312604308128357,0.02888006903231144,6.975739233894274e-05
1,128,transformer.h.1.attn.c_attn.weight,transformer.h.1.attn.c_attn.weight,"[1152, 384]",int4-dynamic-b2048,2.5040440959855914e-05,0.0019884915091097355,0.0026636426337063313,0.002013531979173422,0.0006501106545329094,0.017996734008193016,0.03590137138962746,0.10828528553247452,0.0071767596527934074,0.05939823389053345,0.1394525021314621,0.08612483739852905,0.00015213718870654702,0.20922806859016418,0.7498964667320251,0.027751002460718155,6.950490933377296e-05
1,128,transformer.h.1.attn.c_proj.weight,transformer.h.1.attn.c_proj.weight,"[384, 384]",int8-linear-b2048,1.92798594866872e-07,7.787419599480927e-05,7.80669943196699e-05,7.80669943196699e-05,0.0,0.00023454039182979614,0.0007740447763353586,0.10356473922729492,0.00021285824186634272,0.004694483708590269,0.009856845252215862,0.1019095927476883,0.00033167513902299106,0.48101112246513367,9.66399097442627,0.10245741158723831,0.00024900445714592934
1,128,transformer.h.1.attn.c_proj.weight,transformer.h.1.attn.c_proj.weight,"[384, 384]",int4-linear-b2048,6.971450056880713e-05,0.025530364364385605,0.02560007944703102,0.02560007944703102,0.0,0.006490516476333141,0.020513935014605522,0.10152038186788559,0.0004453574656508863,0.07984517514705658,0.20129907131195068,0.10406544059515,0.0002730866544879973,3.1819660663604736,32.446449279785156,0.10170932859182358,0.00019969949789810926
1,128,transformer.h.1.attn.c_proj.weight,transformer.h.1.attn.c_proj.weight,"[384, 384]",int4-dynamic-b2048,0.0002977525000460446,0.029302114620804787,0.0295998677611351,0.0295998677611351,0.0,0.01848352514207363,0.038428883999586105,0.11186666786670685,0.00723052816465497,0.07004957646131516,0.34899774193763733,0.10283736884593964,0.000222988091991283,4.887813568115234,36.28947067260742,0.10019809007644653,0.0003924667544197291
1,128,transformer.h.1.mlp.w1.weight,transformer.h.1.mlp.w1.weight,"[1024, 384]",int8-linear-b2048,6.995524604036518e-09,2.6225006877211854e-06,6.646357178397011e-06,2.6294962935935473e-06,4.016860657429788e-06,0.00020606585894711316,0.0007179933018051088,0.051176343113183975,0.00012613476428668946,0.0010039611952379346,0.0025361261796206236,0.03827577456831932,0.00012151496048318222,0.00215807743370533,0.008748351596295834,0.036793556064367294,8.740260818740353e-05
1,128,transformer.h.1.mlp.w1.weight,transformer.h.1.mlp.w1.weight,"[1024, 384]",int4-linear-b2048,2.4970422600745223e-06,0.000855028338264674,0.0021521446760743856,0.0008575253887102008,0.0012946192873641849,0.0036271177232265472,0.012421718798577785,0.051140669733285904,0.00015663710655644536,0.016984237357974052,0.045217931270599365,0.03879790008068085,0.0001100427471101284,0.0354803167283535,0.11782857030630112,0.0371820293366909,7.504177483497187e-05
1,128,transformer.h.1.mlp.w1.weight,transformer.h.1.mlp.w1.weight,"[1024, 384]",int4-dynamic-b2048,1.8502345483284444e-05,0.0007842491613700986,0.0017228082288056612,0.0008027515141293406,0.0009200567146763206,0.01949491910636425,0.03313933312892914,0.08305586129426956,0.007310874294489622,0.02870095707476139,0.07049068808555603,0.042164403945207596,0.0003561099583748728,0.0423414446413517,0.12550486624240875,0.03557150438427925,0.00014377775369212031
1,128,transformer.h.1.mlp.w2.weight,transformer.h.1.mlp.w2.weight,"[1024, 384]",int8-linear-b2048,6.3593934562788945e-09,2.4015891995077254e-06,6.03618582317722e-06,2.407948613836197e-06,3.628237209341023e-06,0.00019352165691088885,0.0008100605919025838,0.05390907824039459,0.00014808482956141233,0.0008248392841778696,0.0025790377985686064,0.03716276213526726,8.02385839051567e-05,0.0025588818825781345,0.007671549450606108,0.036113474518060684,0.00012242744560353458
1,128,transformer.h.1.mlp.w2.weight,transformer.h.1.mlp.w2.weight,"[1024, 384]",int4-linear-b2048,2.1859000298718456e-06,0.0007872256683185697,0.0019675276707857847,0.0007894115406088531,0.0011781160719692707,0.005158266983926296,0.014809507876634598,0.05360827222466469,0.0002480289258528501,0.01314784586429596,0.036056745797395706,0.038344983011484146,6.867014599265531e-05,0.03404344990849495,0.1668318808078766,0.036373335868120193,8.028978481888771e-05
1,128,transformer.h.1.mlp.w2.weight,transformer.h.1.mlp.w2.weight,"[1024, 384]",int4-dynamic-b2048,1.696619983704295e-05,0.0007481059874407947,0.0016183063853532076,0.0007650721818208694,0.0008532342035323381,0.019515765830874443,0.029532404616475105,0.08768094331026077,0.007228791248053312,0.029384708032011986,0.06530874222517014,0.04127727076411247,0.0003436520346440375,0.04087775573134422,0.10291963815689087,0.034219544380903244,0.0001238613622263074
1,128,transformer.h.1.mlp.c_proj.weight,transformer.h.1.mlp.c_proj.weight,"[384, 1024]",int8-linear-b2048,2.203333622219361e-07,8.036772487685084e-05,0.00021588797972071916,8.058805542532355e-05,0.0001352999242953956,0.0002604167384561151,0.0011837742058560252,0.03858346864581108,9.668744314694777e-05,0.0017066368600353599,0.005221063736826181,0.03809051588177681,0.0001132492907345295,0.004196852445602417,0.012973670847713947,0.03730040043592453,9.803181455936283e-05
1,128,transformer.h.1.mlp.c_proj.weight,transformer.h.1.mlp.c_proj.weight,"[384, 1024]",int4-linear-b2048,0.00016234206850640476,0.02606344409286976,0.06772725284099579,0.02622578665614128,0.04150146618485451,0.014975085854530334,0.035915300250053406,0.041968293488025665,0.0008641876629553735,0.031676650047302246,0.0927947387099266,0.0380074605345726,0.00011289896065136418,0.08282969892024994,0.26467445492744446,0.03972968831658363,0.00012484077888075262
1,128,transformer.h.1.mlp.c_proj.weight,transformer.h.1.mlp.c_proj.weight,"[384, 1024]",int4-dynamic-b2048,0.0008687335066497326,0.012659300118684769,0.02776167169213295,0.013528034090995789,0.014233637601137161,0.0400683656334877,0.06442811340093613,0.07429622113704681,0.023483728989958763,0.05091981217265129,0.11780477315187454,0.045678988099098206,0.0006107495282776654,0.060191843658685684,0.18281866610050201,0.04488623887300491,0.00014430990268010646
1,128,transformer.h.2.attn.c_attn.weight,transformer.h.2.attn.c_attn.weight,"[1152, 384]",int8-linear-b2048,1.3514912744483354e-08,5.0395856305840425e-06,6.4777991610753816e-06,5.053100721852388e-06,1.4246984392229933e-06,0.0002982050646096468,0.001277094124816358,0.10082315653562546,0.00027140360907651484,0.004629789851605892,0.014073717407882214,0.0889517068862915,0.0002083052386296913,0.01655462011694908,0.047211904078722,0.03182363510131836,7.592015754198655e-05
1,128,transformer.h.2.attn.c_attn.weight,transformer.h.2.attn.c_attn.weight,"[1152, 384]",int4-linear-b2048,3.930755610781489e-06,0.0016456367447972298,0.0021236399188637733,0.0016495675081387162,0.0004740724107250571,0.00548592209815979,0.022015271708369255,0.10080645978450775,0.00025267055025324225,0.07927736639976501,0.22763414680957794,0.0889325812458992,0.00019655257347039878,0.34136995673179626,1.0737388134002686,0.031941939145326614,9.216577018378302e-05
1,128,transformer.h.2.attn.c_attn.weight,transformer.h.2.attn.c_attn.weight,"[1152, 384]",int4-dynamic-b2048,2.554676575527992e-05,0.0016934553859755397,0.002188972197473049,0.0017190021462738514,0.00046997005119919777,0.020600417628884315,0.03340910002589226,0.11132670938968658,0.00921581219881773,0.08189722895622253,0.23493659496307373,0.0870773196220398,0.0002303370856679976,0.35263001918792725,0.9260046482086182,0.030961928889155388,7.511582953156903e-05
1,128,transformer.h.2.attn.c_proj.weight,transformer.h.2.attn.c_proj.weight,"[384, 384]",int8-linear-b2048,1.781529590516584e-07,6.036793638486415e-05,6.0546084569068626e-05,6.054608820704743e-05,0.0,0.00026843074010685086,0.0013075463939458132,0.10204142332077026,0.00021770698367618024,0.006441800389438868,0.020824646577239037,0.103780098259449,0.00042877226951532066,1.4885231256484985,45.50336837768555,0.10009592026472092,0.00035746811772696674
1,128,transformer.h.2.attn.c_proj.weight,transformer.h.2.attn.c_proj.weight,"[384, 384]",int4-linear-b2048,5.2122592023806646e-05,0.019834885373711586,0.019887007772922516,0.019887007772922516,0.0,0.0069615948013961315,0.02550618164241314,0.10441403090953827,0.00046660873340442777,0.07295160740613937,0.20296064019203186,0.10241564363241196,0.0001635637745494023,11.190345764160156,256.0411376953125,0.0989810973405838,0.00020528206368908286
1,128,transformer.h.2.attn.c_proj.weight,transformer.h.2.attn.c_proj.weight,"[384, 384]",int4-dynamic-b2048,0.0002445334102958441,0.022140201181173325,0.022384732961654663,0.022384734824299812,0.0,0.019882215186953545,0.03681185096502304,0.11403972655534744,0.00775273097679019,0.11256496608257294,0.31558912992477417,0.10263337939977646,0.00034063204657286406,28.216259002685547,899.9140625,0.10034608840942383,0.0003092533734161407
1,128,transformer.h.2.mlp.w1.weight,transformer.h.2.mlp.w1.weight,"[1024, 384]",int8-linear-b2048,5.289737980973541e-09,1.9382766822673148e-06,4.827009888686007e-06,1.9435665308265015e-06,2.8834433578595053e-06,0.0002003318804781884,0.0007666753372177482,0.055223509669303894,0.00014674593694508076,0.0009381028939969838,0.002716489601880312,0.03811322897672653,7.061552605591714e-05,0.0027238582260906696,0.007231906056404114,0.036954592913389206,8.8809261796996e-05
1,128,transformer.h.2.mlp.w1.weight,transformer.h.2.mlp.w1.weight,"[1024, 384]",int4-linear-b2048,1.9794497347902507e-06,0.0006255228654481471,0.0015377386007457972,0.0006275023333728313,0.0009102362673729658,0.004146736580878496,0.012379130348563194,0.056078363209962845,0.00019374855037312955,0.019765280187129974,0.049493174999952316,0.03849441558122635,0.00010528303391765803,0.05782231315970421,0.14794228971004486,0.03742301091551781,0.00012923480244353414
1,128,transformer.h.2.mlp.w1.weight,transformer.h.2.mlp.w1.weight,"[1024, 384]",int4-dynamic-b2048,1.370624522678554e-05,0.0005807032575830817,0.0012468222994357347,0.0005944095319136977,0.000652412767522037,0.021192586049437523,0.04015723988413811,0.08943011611700058,0.008184147998690605,0.03229694440960884,0.090079165995121,0.0427686832845211,0.00032916030613705516,0.05147329345345497,0.1661287546157837,0.034855470061302185,0.00013481389032676816
1,128,transformer.h.2.mlp.w2.weight,transformer.h.2.mlp.w2.weight,"[1024, 384]",int8-linear-b2048,5.825468551989843e-09,1.9175322449882515e-06,4.745462774735643e-06,1.9233577859267825e-06,2.82210498880886e-06,0.00023295696882996708,0.0007995669730007648,0.05620153248310089,0.00012728404544759542,0.0011544051812961698,0.0033800152596086264,0.038607943803071976,0.0001126578135881573,0.00319471163675189,0.01182770635932684,0.03636765852570534,0.00011563011503312737
1,128,transformer.h.2.mlp.w2.weight,transformer.h.2.mlp.w2.weight,"[1024, 384]",int4-linear-b2048,1.6922881513892207e-06,0.0006241850787773728,0.0015233595622703433,0.0006258773501031101,0.0008974822121672332,0.0038738991133868694,0.014736471697688103,0.056680869311094284,0.00016544002573937178,0.01777598261833191,0.04704862833023071,0.03889475762844086,8.373283344553784e-05,0.04957819730043411,0.1751750409603119,0.03717941418290138,0.00010055882012238726
1,128,transformer.h.2.mlp.w2.weight,transformer.h.2.mlp.w2.weight,"[1024, 384]",int4-dynamic-b2048,1.4026090866536833e-05,0.0005652818363159895,0.0012008341727778316,0.0005793079035356641,0.0006215262692421675,0.020330099388957024,0.03258531913161278,0.09017278999090195,0.008938207291066647,0.03693525865674019,0.07037531584501266,0.04367636889219284,0.00035658193519338965,0.06021297350525856,0.19050246477127075,0.03444080799818039,0.00015158922178670764
1,128,transformer.h.2.mlp.c_proj.weight,transformer.h.2.mlp.c_proj.weight,"[384, 1024]",int8-linear-b2048,1.414287140732995e-07,6.323251727735624e-05,0.00016821581812109798,6.337394734146073e-05,0.00010484187077963725,0.00025899469619616866,0.001004713587462902,0.03867582231760025,8.250222890637815e-05,0.001711351564154029,0.005530500318855047,0.03866573050618172,8.646429341752082e-05,0.005307232029736042,0.017902499064803123,0.03825170546770096,0.00011989090853603557
1,128,transformer.h.2.mlp.c_proj.weight,transformer.h.2.mlp.c_proj.weight,"[384, 1024]",int4-linear-b2048,0.0001988159492611885,0.01995062083005905,0.051024142652750015,0.020149435847997665,0.03087470680475235,0.022188670933246613,0.0435759499669075,0.04690495878458023,0.0018619231414049864,0.05944014713168144,0.14682459831237793,0.039864879101514816,0.00028659289819188416,0.08403831720352173,0.3816109597682953,0.03970823436975479,0.0001184344946523197
1,128,transformer.h.2.mlp.c_proj.weight,transformer.h.2.mlp.c_proj.weight,"[384, 1024]",int4-dynamic-b2048,0.0006223217351362109,0.009129595942795277,0.019978733733296394,0.00975191779434681,0.010226815938949585,0.04134921357035637,0.0633532926440239,0.0731530487537384,0.02384655363857746,0.05120418220758438,0.1008385494351387,0.04699249565601349,0.0005161768640391529,0.08825341612100601,0.2573194205760956,0.04638969898223877,0.00023229971702676266
1,128,transformer.h.3.attn.c_attn.weight,transformer.h.3.attn.c_attn.weight,"[1152, 384]",int8-linear-b2048,1.0897217350702704e-08,4.050634288432775e-06,5.098795554658864e-06,4.061531399202067e-06,1.0372641554567963e-06,0.0003373834188096225,0.0011316477321088314,0.10049629211425781,0.00026847299886867404,0.005718359723687172,0.014853197149932384,0.08957608789205551,0.0002504911972209811,0.02368590608239174,0.062978595495224,0.03564581647515297,7.920457574073225e-05
1,128,transformer.h.3.attn.c_attn.weight,transformer.h.3.attn.c_attn.weight,"[1152, 384]",int4-linear-b2048,3.429547405175981e-06,0.0013428152306005359,0.0016843497287482023,0.0013462448259815574,0.00033810490276664495,0.005433967802673578,0.01847931370139122,0.10139927268028259,0.0002584839821793139,0.10033739358186722,0.2608722746372223,0.09202161431312561,0.00023620188585482538,0.43831437826156616,1.3693560361862183,0.0340600349009037,9.487148781772703e-05
1,128,transformer.h.3.attn.c_attn.weight,transformer.h.3.attn.c_attn.weight,"[1152, 384]",int4-dynamic-b2048,1.903801239677705e-05,0.0014066967414692044,0.0017748477403074503,0.0014257347211241722,0.0003491130191832781,0.022853942587971687,0.04095881059765816,0.11213357746601105,0.008622136898338795,0.08922019600868225,0.2377261519432068,0.08912204951047897,0.00019542794325388968,0.41876837611198425,1.1915173530578613,0.03322264552116394,8.118911500787362e-05
1,128,transformer.h.3.attn.c_proj.weight,transformer.h.3.attn.c_proj.weight,"[384, 384]",int8-linear-b2048,1.606757251693125e-07,5.5949851230252534e-05,5.611051892628893e-05,5.611052620224655e-05,0.0,0.0002975294191855937,0.0012309221783652902,0.10091187059879303,0.0002749515697360039,0.00585393188521266,0.018525095656514168,0.10147209465503693,0.00024163484340533614,0.2268058806657791,0.7941317558288574,0.10295925289392471,0.0002466769947204739
1,128,transformer.h.3.attn.c_proj.weight,transformer.h.3.attn.c_proj.weight,"[384, 384]",int4-linear-b2048,4.290034485165961e-05,0.018472302705049515,0.018515203148126602,0.018515203148126602,0.0,0.006117245648056269,0.016981646418571472,0.10372801870107651,0.00029164375155232847,0.07785370200872421,0.2709514796733856,0.10232950747013092,0.0001352318504359573,9.098596572875977,139.44876098632812,0.10045517235994339,0.00033603914198465645
1,128,transformer.h.3.attn.c_proj.weight,transformer.h.3.attn.c_proj.weight,"[384, 384]",int4-dynamic-b2048,0.0002116091054631397,0.019354287534952164,0.019565897062420845,0.019565897062420845,0.0,0.02218133583664894,0.0391986183822155,0.11220642179250717,0.007866325788199902,0.12115516513586044,0.36301782727241516,0.09863974899053574,0.0003176994214300066,7.299437522888184,95.643798828125,0.10147179663181305,0.0003475146077107638
1,128,transformer.h.3.mlp.w1.weight,transformer.h.3.mlp.w1.weight,"[1024, 384]",int8-linear-b2048,3.4035074758520523e-09,1.6217173879340407e-06,4.049620656587649e-06,1.6251209444817505e-06,2.424499598419061e-06,0.000191289305803366,0.0005494869546964765,0.04902873560786247,8.44897294882685e-05,0.0015817225212231278,0.003966653719544411,0.03871307894587517,0.00014074031787458807,0.0029115250799804926,0.009647676721215248,0.036909833550453186,7.299901335500181e-05
1,128,transformer.h.3.mlp.w1.weight,transformer.h.3.mlp.w1.weight,"[1024, 384]",int4-linear-b2048,1.541977098895586e-06,0.0005223529296927154,0.0013003450585529208,0.0005238949088379741,0.0007764501497149467,0.004259989131242037,0.016299650073051453,0.05057428404688835,0.00014002439274918288,0.023313935846090317,0.08208421617746353,0.03914836049079895,0.00011888574954355136,0.06653968244791031,0.24181120097637177,0.037106435745954514,0.0001166265647043474
1,128,transformer.h.3.mlp.w1.weight,transformer.h.3.mlp.w1.weight,"[1024, 384]",int4-dynamic-b2048,1.1656030437734444e-05,0.00047486019320786,0.001013193977996707,0.00048651621909812093,0.000526677758898586,0.02243131771683693,0.03767023980617523,0.08351663500070572,0.008685324341058731,0.03146719932556152,0.08218126744031906,0.04370252415537834,0.00022865024220664054,0.06610510498285294,0.19464746117591858,0.035066232085227966,0.00013483988004736602
1,128,transformer.h.3.mlp.w2.weight,transformer.h.3.mlp.w2.weight,"[1024, 384]",int8-linear-b2048,4.0377829968463175e-09,1.5706294789197273e-06,3.943779574910877e-06,1.574667294335086e-06,2.3691122805757914e-06,0.00024154300626832992,0.0008308636024594307,0.04843904450535774,0.00011971893400186673,0.0013217289233580232,0.0037460308521986008,0.03949335217475891,0.00010623045091051608,0.003468691138550639,0.01109776645898819,0.03686456009745598,9.139356552623212e-05
1,128,transformer.h.3.mlp.w2.weight,transformer.h.3.mlp.w2.weight,"[1024, 384]",int4-linear-b2048,1.3394861753113219e-06,0.000510902376845479,0.0012697357451543212,0.0005122418515384197,0.0007574938936159015,0.004808024037629366,0.017476500943303108,0.050016533583402634,0.00016635790234431624,0.022923855111002922,0.07202469557523727,0.04004089534282684,9.020818106364459e-05,0.05961179733276367,0.19143736362457275,0.03691402077674866,8.048531890381128e-05
1,128,transformer.h.3.mlp.w2.weight,transformer.h.3.mlp.w2.weight,"[1024, 384]",int4-dynamic-b2048,1.1655172784230672e-05,0.00043992503196932375,0.0009422451839782298,0.00045158021384850144,0.0004906649701297283,0.020769162103533745,0.03249224275350571,0.08640983700752258,0.009353606030344963,0.034111279994249344,0.09395656734704971,0.04317132383584976,0.0002538641565479338,0.053019359707832336,0.15825843811035156,0.0347798615694046,9.627718827687204e-05
1,128,transformer.h.3.mlp.c_proj.weight,transformer.h.3.mlp.c_proj.weight,"[384, 1024]",int8-linear-b2048,1.2791058168204472e-07,4.548194556264207e-05,0.00012161557970102876,4.560985689749941e-05,7.600572280352935e-05,0.0003171125426888466,0.001060991082340479,0.03819252550601959,8.853444887790829e-05,0.0018131553661078215,0.004576728213578463,0.03856949880719185,7.930570427561179e-05,0.006184156518429518,0.019219042733311653,0.03835369646549225,0.00014808395644649863
1,128,transformer.h.3.mlp.c_proj.weight,transformer.h.3.mlp.c_proj.weight,"[384, 1024]",int4-linear-b2048,9.473811223870143e-05,0.014590108767151833,0.03812370076775551,0.014684846624732018,0.02343885414302349,0.015066197142004967,0.03249590843915939,0.043501175940036774,0.000993322697468102,0.04459315538406372,0.10791470855474472,0.03882904723286629,0.00015501011512242258,0.10918547213077545,0.23663033545017242,0.037869710475206375,0.0001247673062607646
1,128,transformer.h.3.mlp.c_proj.weight,transformer.h.3.mlp.c_proj.weight,"[384, 1024]",int4-dynamic-b2048,0.0004437688330654055,0.007098214700818062,0.015380587428808212,0.007541983388364315,0.007838604040443897,0.04209817945957184,0.0686793178319931,0.07495720684528351,0.02234656922519207,0.05604971945285797,0.10397300124168396,0.047129277139902115,0.000525756215211004,0.07718127220869064,0.23609355092048645,0.04502564296126366,0.00015973801782820374
1,128,transformer.h.4.attn.c_attn.weight,transformer.h.4.attn.c_attn.weight,"[1152, 384]",int8-linear-b2048,1.3904813300769092e-08,5.0485014071455225e-06,6.278669843595708e-06,5.062406216893578e-06,1.2162636267021298e-06,0.0004157375660724938,0.002257853513583541,0.10099537670612335,0.00025096023455262184,0.006477685179561377,0.02121763303875923,0.09113286435604095,0.0002320399071322754,0.03175022825598717,0.09249120205640793,0.036055512726306915,9.060424781637266e-05
1,128,transformer.h.4.attn.c_attn.weight,transformer.h.4.attn.c_attn.weight,"[1152, 384]",int4-linear-b2048,4.9221575864066835e-06,0.0016648267628625035,0.002071782946586609,0.0016697489190846682,0.00040203402750194073,0.008986836299300194,0.024203501641750336,0.1007089763879776,0.00041107780998572707,0.10966736078262329,0.38831669092178345,0.09077169746160507,0.00019836727005895227,0.76240473985672,1.888696312904358,0.03581111505627632,0.0001462881627958268
1,128,transformer.h.4.attn.c_attn.weight,transformer.h.4.attn.c_attn.weight,"[1152, 384]",int4-dynamic-b2048,2.429462256259285e-05,0.0015955119160935283,0.002000759355723858,0.0016198065131902695,0.0003809528425335884,0.024513427168130875,0.04002069681882858,0.11740417033433914,0.009970291517674923,0.13281911611557007,0.59805828332901,0.09049878269433975,0.0002907827729359269,0.6140809059143066,1.719988226890564,0.035239726305007935,0.00010124278924195096
1,128,transformer.h.4.attn.c_proj.weight,transformer.h.4.attn.c_proj.weight,"[384, 384]",int8-linear-b2048,1.4279225979407784e-07,5.1608509238576517e-05,5.1751288992818445e-05,5.1751299906754866e-05,0.0,0.0004250439815223217,0.0015076572308316827,0.10289113968610764,0.00032604901934973896,0.005925324745476246,0.023243211209774017,0.10214395076036453,0.00021774285414721817,0.7044663429260254,18.58146095275879,0.10052444785833359,0.00024080667935777456
1,128,transformer.h.4.attn.c_proj.weight,transformer.h.4.attn.c_proj.weight,"[384, 384]",int4-linear-b2048,4.5277374738361686e-05,0.016970179975032806,0.017015455290675163,0.017015457153320312,0.0,0.0048840963281691074,0.021624548360705376,0.10072846710681915,0.0002135215327143669,0.09910251200199127,0.2793612778186798,0.10167136788368225,0.00018967960204463452,16.192110061645508,249.83193969726562,0.10047440230846405,0.0003561331541277468
1,128,transformer.h.4.attn.c_proj.weight,transformer.h.4.attn.c_proj.weight,"[384, 384]",int4-dynamic-b2048,0.00021492200903594494,0.018113600090146065,0.01832852140069008,0.01832852140069008,0.0,0.02127528004348278,0.04536687582731247,0.11214634031057358,0.009040139615535736,0.10652471333742142,0.3925863206386566,0.10123994946479797,0.0001993248297367245,12.391231536865234,279.39654541015625,0.09795153886079788,0.0002529484045226127
1,128,transformer.h.4.mlp.w1.weight,transformer.h.4.mlp.w1.weight,"[1024, 384]",int8-linear-b2048,4.725284608042557e-09,1.9947192413383164e-06,4.853111022384837e-06,1.9994445210613776e-06,2.8536665013234597e-06,0.000302047876175493,0.0010724394815042615,0.06676989048719406,0.000142660501296632,0.0014192966045811772,0.0052691674791276455,0.03868810832500458,9.018353011924773e-05,0.003922732081264257,0.009686756879091263,0.037403371185064316,7.83662180765532e-05
1,128,transformer.h.4.mlp.w1.weight,transformer.h.4.mlp.w1.weight,"[1024, 384]",int4-linear-b2048,2.034679482676438e-06,0.0005881619872525334,0.0013829495292156935,0.0005901966942474246,0.0007927528349682689,0.00657376553863287,0.016293752938508987,0.0742950588464737,0.00045690295519307256,0.025654340162873268,0.07613295316696167,0.03841479495167732,9.086202044272795e-05,0.08610276132822037,0.21749667823314667,0.03661779686808586,0.00012768045417033136
1,128,transformer.h.4.mlp.w1.weight,transformer.h.4.mlp.w1.weight,"[1024, 384]",int4-dynamic-b2048,1.1629292202997021e-05,0.000516482163220644,0.001029559993185103,0.0005281114717945457,0.0005014485213905573,0.023996049538254738,0.045076292008161545,0.12475289404392242,0.008817305788397789,0.032203979790210724,0.06555355340242386,0.04208128899335861,0.00016516151663381606,0.0724087581038475,0.1945369392633438,0.03345112130045891,0.00011853320756927133
1,128,transformer.h.4.mlp.w2.weight,transformer.h.4.mlp.w2.weight,"[1024, 384]",int8-linear-b2048,4.3391077397814115e-09,1.7913137071445817e-06,4.354558768682182e-06,1.7956527926799026e-06,2.558906089689117e-06,0.0002434247435303405,0.0007169310702010989,0.06360039114952087,0.00012173329741926864,0.001645140117034316,0.004122841637581587,0.03801437094807625,9.659074567025527e-05,0.004230988211929798,0.01086993608623743,0.03626371547579765,7.807704241713509e-05
1,128,transformer.h.4.mlp.w2.weight,transformer.h.4.mlp.w2.weight,"[1024, 384]",int4-linear-b2048,1.7735557094056276e-06,0.0005400020163506269,0.0012593847932294011,0.0005417755455709994,0.0007176092476584017,0.008163027465343475,0.025106796994805336,0.07110924273729324,0.00042755930917337537,0.027241719886660576,0.08025925606489182,0.0389850027859211,0.00010852528794202954,0.0847446396946907,0.27512508630752563,0.03673190996050835,0.00012906773190479726
1,128,transformer.h.4.mlp.w2.weight,transformer.h.4.mlp.w2.weight,"[1024, 384]",int4-dynamic-b2048,1.2216966752021108e-05,0.00046547953388653696,0.0009246295085176826,0.000477696507005021,0.0004469330015126616,0.022947387769818306,0.04039071500301361,0.1198059543967247,0.010837347246706486,0.03229106217622757,0.1003979817032814,0.04268597438931465,0.0001914083695737645,0.06837815791368484,0.1684914529323578,0.03259270265698433,9.34301788220182e-05
1,128,transformer.h.4.mlp.c_proj.weight,transformer.h.4.mlp.c_proj.weight,"[384, 1024]",int8-linear-b2048,1.6800339608380455e-07,6.469144864240661e-05,0.00017324404325336218,6.485945050371811e-05,0.00010838459274964407,0.000316071294946596,0.0009239198989234865,0.038273271173238754,8.467242150800303e-05,0.003079222748056054,0.0075493319891393185,0.03850780799984932,0.00013427586236502975,0.006561282556504011,0.02020290680229664,0.03756793588399887,9.369117469759658e-05
1,128,transformer.h.4.mlp.c_proj.weight,transformer.h.4.mlp.c_proj.weight,"[384, 1024]",int4-linear-b2048,0.00041346962098032236,0.02012939564883709,0.05052664503455162,0.020542865619063377,0.029983779415488243,0.04299993813037872,0.07496503740549088,0.05651552975177765,0.004697395488619804,0.0975542664527893,0.21806170046329498,0.0390394851565361,0.0004070452996529639,0.15979211032390594,0.3436674475669861,0.0390140525996685,0.0001795688585843891
1,128,transformer.h.4.mlp.c_proj.weight,transformer.h.4.mlp.c_proj.weight,"[384, 1024]",int4-dynamic-b2048,0.0005813458701595664,0.007541043218225241,0.015907688066363335,0.008122389204800129,0.007785298861563206,0.04903481900691986,0.07386955618858337,0.08303731679916382,0.029991911724209785,0.06129107624292374,0.12801484763622284,0.04826394468545914,0.0005196227575652301,0.0763978436589241,0.19571632146835327,0.04730750992894173,0.00014239099982660264
1,128,transformer.h.5.attn.c_attn.weight,transformer.h.5.attn.c_attn.weight,"[1152, 384]",int8-linear-b2048,1.6603113550672788e-08,6.806345481891185e-06,8.415908268943895e-06,6.822948762419401e-06,1.592959506524494e-06,0.00041947513818740845,0.0016917474567890167,0.09932580590248108,0.0002173212415073067,0.008722610771656036,0.028220411390066147,0.09284037351608276,0.0002333494194317609,0.04486129805445671,0.09956303983926773,0.03535766527056694,9.059484727913514e-05
1,128,transformer.h.5.attn.c_attn.weight,transformer.h.5.attn.c_attn.weight,"[1152, 384]",int4-linear-b2048,6.156342351459898e-06,0.002240494592115283,0.002772547770291567,0.002246650867164135,0.0005258969031274319,0.009637302719056606,0.06917277723550797,0.09833076596260071,0.00030414064531214535,0.15119482576847076,0.5192731618881226,0.09212538599967957,0.0002485023869667202,0.7246236205101013,2.2212865352630615,0.035101938992738724,7.594463386340067e-05
1,128,transformer.h.5.attn.c_attn.weight,transformer.h.5.attn.c_attn.weight,"[1152, 384]",int4-dynamic-b2048,3.431727600400336e-05,0.0019233407219871879,0.002409770153462887,0.001957657979801297,0.0004521121736615896,0.02812313474714756,0.06619587540626526,0.11753765493631363,0.01213083229959011,0.13128778338432312,0.3595737814903259,0.09006979316473007,0.00019464817887637764,0.7457848787307739,2.5055224895477295,0.0342758372426033,9.562460763845593e-05
1,128,transformer.h.5.attn.c_proj.weight,transformer.h.5.attn.c_proj.weight,"[384, 384]",int8-linear-b2048,2.1414295758859225e-07,8.157548290910199e-05,8.178962889360264e-05,8.178962889360264e-05,0.0,0.0004539927758742124,0.0012021003058180213,0.10085384547710419,0.0002839560038410127,0.010642475448548794,0.02826264500617981,0.10129810869693756,0.00033938782871700823,0.377490371465683,2.001187562942505,0.10001199692487717,0.00020126534218434244
1,128,transformer.h.5.attn.c_proj.weight,transformer.h.5.attn.c_proj.weight,"[384, 384]",int4-linear-b2048,6.682334787910804e-05,0.026763783767819405,0.026830606162548065,0.026830608025193214,0.0,0.007423102855682373,0.023884892463684082,0.10149016231298447,0.00017529615433886647,0.1405249536037445,0.6328675746917725,0.10128612071275711,0.00020917391520924866,8.477436065673828,76.76307678222656,0.10237663239240646,0.0002907841408159584
1,128,transformer.h.5.attn.c_proj.weight,transformer.h.5.attn.c_proj.weight,"[384, 384]",int4-dynamic-b2048,0.00030336761847138405,0.024223661050200462,0.02452702634036541,0.02452702820301056,0.0,0.027592850849032402,0.04987087845802307,0.11290092021226883,0.009518610313534737,0.11759163439273834,0.44825729727745056,0.10055988281965256,0.00018635652668308467,9.266410827636719,78.30440521240234,0.10032112896442413,0.00035453002783469856
1,128,transformer.h.5.mlp.w1.weight,transformer.h.5.mlp.w1.weight,"[1024, 384]",int8-linear-b2048,2.8865994039506404e-09,1.1439135505497688e-06,2.9057114261377137e-06,1.1468001730463584e-06,1.7589112530913553e-06,0.0001682851871009916,0.0005798892816528678,0.047907646745443344,6.752020271960646e-05,0.0014157411642372608,0.005049543920904398,0.039023514837026596,0.00011046956205973402,0.005170557182282209,0.015831101685762405,0.03710310533642769,0.00014270300744101405
1,128,transformer.h.5.mlp.w1.weight,transformer.h.5.mlp.w1.weight,"[1024, 384]",int4-linear-b2048,9.599000350135611e-07,0.00037293086643330753,0.0009377720998600125,0.0003738907689694315,0.0005638813599944115,0.004051724914461374,0.012549915350973606,0.04876917600631714,0.0001164027489721775,0.02896394394338131,0.08625289797782898,0.03908820450305939,0.00013159794616512954,0.07961710542440414,0.23018184304237366,0.03744567558169365,0.00011321119382046163
1,128,transformer.h.5.mlp.w1.weight,transformer.h.5.mlp.w1.weight,"[1024, 384]",int4-dynamic-b2048,8.322216672240756e-06,0.0003513287228997797,0.0007749625365249813,0.0003596509341150522,0.00041531160240992904,0.022068660706281662,0.04138806462287903,0.07807143032550812,0.008631618693470955,0.03138664364814758,0.10000266879796982,0.044384002685546875,0.00020303599012549967,0.07640568166971207,0.1949709802865982,0.03508167713880539,0.00012497467105276883
1,128,transformer.h.5.mlp.w2.weight,transformer.h.5.mlp.w2.weight,"[1024, 384]",int8-linear-b2048,2.5870898756608085e-09,1.0891706097027054e-06,2.7293212951917667e-06,1.0917576673818985e-06,1.6375636278098682e-06,0.0002260671171825379,0.0007397601730190217,0.053638361394405365,0.00013878644676879048,0.0013216042425483465,0.003970079589635134,0.03856679052114487,8.413870091317222e-05,0.003670059610158205,0.01149879302829504,0.036420635879039764,7.728514901828021e-05
1,128,transformer.h.5.mlp.w2.weight,transformer.h.5.mlp.w2.weight,"[1024, 384]",int4-linear-b2048,9.963376896848786e-07,0.00034820608561858535,0.000858465617056936,0.00034920242615044117,0.0005092631909064949,0.004868953954428434,0.015897221863269806,0.05586491525173187,0.00022299159900285304,0.030663734301924706,0.11049379408359528,0.03852960467338562,0.00015456692199222744,0.06295810639858246,0.23218372464179993,0.036762163043022156,8.097488898783922e-05
1,128,transformer.h.5.mlp.w2.weight,transformer.h.5.mlp.w2.weight,"[1024, 384]",int4-dynamic-b2048,6.374276381393429e-06,0.0003280422242823988,0.0007044103695079684,0.0003344164870213717,0.0003699938824865967,0.01778130978345871,0.031440552324056625,0.08934330195188522,0.006987528409808874,0.0298935379832983,0.06774011999368668,0.041786253452301025,0.0001595701032783836,0.06463552266359329,0.19518019258975983,0.034281257539987564,9.478287392994389e-05
1,128,transformer.h.5.mlp.c_proj.weight,transformer.h.5.mlp.c_proj.weight,"[384, 1024]",int8-linear-b2048,7.902723808683731e-08,3.1879939342616126e-05,8.554087253287435e-05,3.195896715624258e-05,5.3581905376631767e-05,0.0003513447882141918,0.0011696632718667388,0.038204338401556015,0.00011060815450036898,0.0018335833447054029,0.00508392509073019,0.037578657269477844,9.04226690181531e-05,0.004664781969040632,0.020178429782390594,0.037863582372665405,9.151089034276083e-05
1,128,transformer.h.5.mlp.c_proj.weight,transformer.h.5.mlp.c_proj.weight,"[384, 1024]",int4-linear-b2048,5.0295377150177956e-05,0.010349806398153305,0.027088165283203125,0.01040010154247284,0.016688063740730286,0.011278703808784485,0.032485634088516235,0.042420804500579834,0.0006242874078452587,0.04276326298713684,0.12429312616586685,0.038281407207250595,0.00014362674846779555,0.08782406151294708,0.21688123047351837,0.0381346121430397,9.292396134696901e-05
1,128,transformer.h.5.mlp.c_proj.weight,transformer.h.5.mlp.c_proj.weight,"[384, 1024]",int4-dynamic-b2048,0.00033691851422190666,0.00521714985370636,0.011920962482690811,0.0055540683679282665,0.006366894114762545,0.042479902505874634,0.05997298285365105,0.07218475639820099,0.023474572226405144,0.04973466321825981,0.10113973170518875,0.04378337413072586,0.00039151051896624267,0.06494704633951187,0.16285844147205353,0.04447130486369133,0.00010966007539536804
1,512,transformer.h.0.attn.c_attn.weight,transformer.h.0.attn.c_attn.weight,"[1152, 384]",int8-linear-b2048,1.7264232710090255e-08,6.7567257246992085e-06,9.489467629464343e-06,6.773989753128262e-06,2.715477876336081e-06,0.0002566322800703347,0.0007542560342699289,0.09361419826745987,0.00031566820689477026,0.002369082998484373,0.007951703853905201,0.08257711678743362,0.00016807361680548638,0.006804045755416155,0.01647733524441719,0.029675783589482307,5.8101388276554644e-05
1,512,transformer.h.0.attn.c_attn.weight,transformer.h.0.attn.c_attn.weight,"[1152, 384]",int4-linear-b2048,6.102215593273286e-06,0.0022304696030914783,0.00313350441865623,0.0022365718614310026,0.0008969325572252274,0.004599760286509991,0.026434898376464844,0.09462923556566238,0.000285086571238935,0.06186673417687416,0.17278937995433807,0.08241412043571472,0.00034772325307130814,0.13218508660793304,0.397591769695282,0.029669513925909996,7.11338288965635e-05
1,512,transformer.h.0.attn.c_attn.weight,transformer.h.0.attn.c_attn.weight,"[1152, 384]",int4-dynamic-b2048,2.909056820499245e-05,0.002761312061920762,0.0038514030165970325,0.0027904026210308075,0.001061000395566225,0.01600482687354088,0.034867435693740845,0.1050463542342186,0.0054186186753213406,0.07508987188339233,0.19290542602539062,0.07969263195991516,0.0003602874930948019,0.1478273868560791,0.515723466873169,0.02984284982085228,7.775732228765264e-05
1,512,transformer.h.0.attn.c_proj.weight,transformer.h.0.attn.c_proj.weight,"[384, 384]",int8-linear-b2048,2.6272451236764027e-07,9.912876703310758e-05,9.939148731064051e-05,9.939149458659813e-05,0.0,0.0003622638760134578,0.001033937674947083,0.10379373282194138,0.00037412127130664885,0.004622890148311853,0.017450526356697083,0.1034550741314888,0.00041195264202542603,0.2532990276813507,4.075699806213379,0.1021592989563942,0.00027022470021620393
1,512,transformer.h.0.attn.c_proj.weight,transformer.h.0.attn.c_proj.weight,"[384, 384]",int4-linear-b2048,8.450227323919535e-05,0.03273564204573631,0.03282013535499573,0.032820142805576324,0.0,0.004227937199175358,0.022669857367873192,0.10332269966602325,0.00023643394524697214,0.05797366052865982,0.20493215322494507,0.10181093215942383,0.0001904262026073411,10.456144332885742,282.1744079589844,0.10184050351381302,0.00024023330479394644
1,512,transformer.h.0.attn.c_proj.weight,transformer.h.0.attn.c_proj.weight,"[384, 384]",int4-dynamic-b2048,0.00036604618071578443,0.03510477393865585,0.03547081723809242,0.03547082096338272,0.0,0.018760640174150467,0.03794680908322334,0.11238265782594681,0.006986482068896294,0.078670434653759,0.24684785306453705,0.09995577484369278,0.00038066410343162715,5.041760444641113,104.5037612915039,0.10041224211454391,0.0002293632278451696
1,512,transformer.h.0.mlp.w1.weight,transformer.h.0.mlp.w1.weight,"[1024, 384]",int8-linear-b2048,1.1349897910406526e-08,4.301379249227466e-06,1.1047527550545055e-05,4.312729288358241e-06,6.734798262186814e-06,0.0001669275079621002,0.0005913553177379072,0.0452798455953598,0.00011623286263784394,0.0004756406706292182,0.0018609336111694574,0.038503341376781464,7.579248631373048e-05,0.0011297763558104634,0.0032488983124494553,0.03819228708744049,7.554849435109645e-05
1,512,transformer.h.0.mlp.w1.weight,transformer.h.0.mlp.w1.weight,"[1024, 384]",int4-linear-b2048,3.8047869566071313e-06,0.001414344529621303,0.0036313021555542946,0.0014181493315845728,0.002213152823969722,0.0030856553930789232,0.012606554664671421,0.04643794521689415,0.0001250734057975933,0.00828351080417633,0.019444793462753296,0.03906244412064552,6.23131199972704e-05,0.02161947824060917,0.081673264503479,0.036997877061367035,9.39238743740134e-05
1,512,transformer.h.0.mlp.w1.weight,transformer.h.0.mlp.w1.weight,"[1024, 384]",int4-dynamic-b2048,3.231741357012652e-05,0.0014890861930325627,0.003539901925250888,0.0015214035520330071,0.002018498256802559,0.016931353136897087,0.02515985630452633,0.06342653185129166,0.004887457471340895,0.020878789946436882,0.06715768575668335,0.041412901133298874,0.0003889075596816838,0.03394949808716774,0.09241606295108795,0.03673780709505081,0.00019753523520193994
1,512,transformer.h.0.mlp.w2.weight,transformer.h.0.mlp.w2.weight,"[1024, 384]",int8-linear-b2048,9.965341440931752e-09,3.869138708978426e-06,9.912168934533838e-06,3.879104042425752e-06,6.0330648921080865e-06,0.0001511883019702509,0.00039513976662419736,0.044796500355005264,0.00010502457735128701,0.0005221019382588565,0.0015958930598571897,0.03925926238298416,8.414719923166558e-05,0.0014163703890517354,0.003541124751791358,0.037119872868061066,0.00011437870125519112
1,512,transformer.h.0.mlp.w2.weight,transformer.h.0.mlp.w2.weight,"[1024, 384]",int4-linear-b2048,3.3058529425034067e-06,0.001266864943318069,0.0032677538692951202,0.0012701707892119884,0.001997583080083132,0.003684464143589139,0.011028056964278221,0.044090334326028824,0.0001522152015240863,0.009885531850159168,0.03405056893825531,0.038300830870866776,0.00011124007141916081,0.022547174245119095,0.060177456587553024,0.037590716034173965,8.605131733929738e-05
1,512,transformer.h.0.mlp.w2.weight,transformer.h.0.mlp.w2.weight,"[1024, 384]",int4-dynamic-b2048,3.0493865779135376e-05,0.0013845979701727629,0.0032978253439068794,0.0014150917995721102,0.0018827335443347692,0.016965227201581,0.025056201964616776,0.05995839461684227,0.005258537363260984,0.021422645077109337,0.045442741364240646,0.04065638780593872,0.00037717598024755716,0.033714134246110916,0.07881788164377213,0.03721385821700096,0.00018000548880081624
1,512,transformer.h.0.mlp.c_proj.weight,transformer.h.0.mlp.c_proj.weight,"[384, 1024]",int8-linear-b2048,4.3966716134491435e-07,0.00016648188466206193,0.0004444566438905895,0.0001669215562287718,0.00027753508766181767,0.0002928857284132391,0.0008481009281240404,0.03893740102648735,0.00010882764036068693,0.001192934112623334,0.005184948910027742,0.03873872756958008,0.00011932573397643864,0.0034717493690550327,0.010352134704589844,0.03793006017804146,0.00011379949864931405
1,512,transformer.h.0.mlp.c_proj.weight,transformer.h.0.mlp.c_proj.weight,"[384, 1024]",int4-linear-b2048,0.0002993491943925619,0.053756847977638245,0.14026032388210297,0.05405619740486145,0.08620412647724152,0.01195712760090828,0.02571793645620346,0.04150771349668503,0.0005380084039643407,0.027723954990506172,0.06914246827363968,0.037939634174108505,0.0001509591529611498,0.05794330686330795,0.1933044046163559,0.03922523558139801,0.00010226373706245795
1,512,transformer.h.0.mlp.c_proj.weight,transformer.h.0.mlp.c_proj.weight,"[384, 1024]",int4-dynamic-b2048,0.0019897373858839273,0.024714328348636627,0.05699288845062256,0.02670406550168991,0.030288822948932648,0.044356610625982285,0.056139759719371796,0.06959035247564316,0.021071163937449455,0.05547459423542023,0.09281186759471893,0.04420803114771843,0.0011249020462855697,0.0718260407447815,0.159216046333313,0.0440705344080925,0.00033735419856384397
1,512,transformer.h.1.attn.c_attn.weight,transformer.h.1.attn.c_attn.weight,"[1152, 384]",int8-linear-b2048,1.590553289076979e-08,5.45823559150449e-06,7.942134288896341e-06,5.474141289596446e-06,2.467992999299895e-06,0.0002763779484666884,0.0010483535006642342,0.10076575726270676,0.0002604436594992876,0.003758711274713278,0.010698303580284119,0.07668410986661911,0.00023551507911179215,0.0112526323646307,0.03429626673460007,0.030054587870836258,9.555576252751052e-05
1,512,transformer.h.1.attn.c_attn.weight,transformer.h.1.attn.c_attn.weight,"[1152, 384]",int4-linear-b2048,5.143488579051336e-06,0.0017993991496041417,0.0026197577826678753,0.0018045426113530993,0.0008152151713147759,0.005872759502381086,0.020060215145349503,0.0988554134964943,0.0003153950092382729,0.07346358895301819,0.19042594730854034,0.07614652812480927,0.00024205872614402324,0.18378432095050812,0.6504647135734558,0.029233397915959358,7.619089592481032e-05
1,512,transformer.h.1.attn.c_attn.weight,transformer.h.1.attn.c_attn.weight,"[1152, 384]",int4-dynamic-b2048,3.003323399752844e-05,0.0019772984087467194,0.0028783525340259075,0.0020073316991329193,0.0008710208348929882,0.020715486258268356,0.034912966191768646,0.1080346554517746,0.008011340163648129,0.06477512419223785,0.1777876764535904,0.07598208636045456,0.00019396062998566777,0.21863457560539246,0.6901797652244568,0.029489893466234207,0.00010547809506533667
1,512,transformer.h.1.attn.c_proj.weight,transformer.h.1.attn.c_proj.weight,"[384, 384]",int8-linear-b2048,1.736884343017664e-07,6.284895061980933e-05,6.302264227997512e-05,6.302264227997512e-05,0.0,0.0003024199395440519,0.0012252269079908729,0.10210814327001572,0.00037049484672024846,0.004614582285284996,0.01748078130185604,0.10315591096878052,0.0002956849930342287,0.4205515384674072,7.153039932250977,0.10253685712814331,0.0002920589759014547
1,512,transformer.h.1.attn.c_proj.weight,transformer.h.1.attn.c_proj.weight,"[384, 384]",int4-linear-b2048,5.110297570354305e-05,0.02080872282385826,0.020859822630882263,0.02085982635617256,0.0,0.0050028166733682156,0.02236870490014553,0.10307859629392624,0.00029511397588066757,0.08607219159603119,0.2616376578807831,0.10378790646791458,0.0003016965347342193,6.754436016082764,135.70054626464844,0.10199392586946487,0.00022039473697077483
1,512,transformer.h.1.attn.c_proj.weight,transformer.h.1.attn.c_proj.weight,"[384, 384]",int4-dynamic-b2048,0.0002453745109960437,0.022668693214654922,0.022914065048098564,0.022914066910743713,0.0,0.019205845892429352,0.03280042111873627,0.11420222371816635,0.007903685793280602,0.09690047055482864,0.32863014936447144,0.10101727396249771,0.00036257339525036514,4.201256275177002,30.416147232055664,0.09973649680614471,0.00031587190460413694
1,512,transformer.h.1.mlp.w1.weight,transformer.h.1.mlp.w1.weight,"[1024, 384]",int8-linear-b2048,6.617363990102376e-09,2.4664323063916527e-06,6.362664862535894e-06,2.473049562468077e-06,3.889615072694141e-06,0.00016112921002786607,0.0005394375184550881,0.04417894035577774,0.00011510938929859549,0.0006357732345350087,0.001725426991470158,0.038171928375959396,9.324416168965399e-05,0.0016698547406122088,0.005092510022222996,0.03864942491054535,9.117858280660585e-05
1,512,transformer.h.1.mlp.w1.weight,transformer.h.1.mlp.w1.weight,"[1024, 384]",int4-linear-b2048,2.292901854161755e-06,0.0008089682087302208,0.0020872552413493395,0.0008112611249089241,0.0012759941164404154,0.002750903833657503,0.011601442471146584,0.04549384489655495,0.00013486335228662938,0.012463143095374107,0.038513362407684326,0.039036985486745834,0.00011431868188083172,0.029569225385785103,0.09154289215803146,0.03750734031200409,9.128598321694881e-05
1,512,transformer.h.1.mlp.w1.weight,transformer.h.1.mlp.w1.weight,"[1024, 384]",int4-dynamic-b2048,2.0121477064094506e-05,0.0008189685177057981,0.0018799157114699483,0.0008390899747610092,0.001040825736708939,0.01921739988029003,0.028601525351405144,0.06641148030757904,0.005884130485355854,0.026346782222390175,0.06090142950415611,0.04319282993674278,0.00048425994464196265,0.03019568882882595,0.09998028725385666,0.036721501499414444,0.00012937479186803102
1,512,transformer.h.1.mlp.w2.weight,transformer.h.1.mlp.w2.weight,"[1024, 384]",int8-linear-b2048,6.704711008609365e-09,2.721563532759319e-06,6.923693945282139e-06,2.728268327700789e-06,4.195425390207674e-06,0.0001761463936418295,0.0006332987104542553,0.04993133991956711,0.00013396564463619143,0.0007917676703073084,0.0020506829023361206,0.03877857327461243,0.0001239377452293411,0.0017322624335065484,0.006075227167457342,0.03760320693254471,0.00010098369239130989
1,512,transformer.h.1.mlp.w2.weight,transformer.h.1.mlp.w2.weight,"[1024, 384]",int4-linear-b2048,2.54596238846716e-06,0.000895983015652746,0.0022650333121418953,0.0008985289605334401,0.0013665043516084552,0.0037549822591245174,0.016500364989042282,0.050772618502378464,0.00014640536392107606,0.013459303416311741,0.03384435549378395,0.037865735590457916,0.00010088618728332222,0.030610203742980957,0.09162125736474991,0.03746742755174637,0.00010152214235858992
1,512,transformer.h.1.mlp.w2.weight,transformer.h.1.mlp.w2.weight,"[1024, 384]",int4-dynamic-b2048,2.2360469301929697e-05,0.0008609139476902783,0.0019224608549848199,0.0008832744206301868,0.001039186492562294,0.019673790782690048,0.028491780161857605,0.07791310548782349,0.006732626352459192,0.030772767961025238,0.06413120031356812,0.04252459108829498,0.0005543117877095938,0.04119834676384926,0.11202961206436157,0.035803522914648056,0.00020021355885546654
1,512,transformer.h.1.mlp.c_proj.weight,transformer.h.1.mlp.c_proj.weight,"[384, 1024]",int8-linear-b2048,9.94945565935268e-08,4.415911098476499e-05,0.00011820756481029093,4.4258606067160144e-05,7.39489623811096e-05,0.00015864905435591936,0.000476009794510901,0.03891579061746597,9.746661817189306e-05,0.0007758064311929047,0.0025610015727579594,0.03882121294736862,7.835809083189815e-05,0.002021957654505968,0.007677258923649788,0.03767257556319237,8.5385050624609e-05
1,512,transformer.h.1.mlp.c_proj.weight,transformer.h.1.mlp.c_proj.weight,"[384, 1024]",int4-linear-b2048,3.672993625514209e-05,0.014497870579361916,0.0386524461209774,0.0145346000790596,0.0241178460419178,0.0028169634751975536,0.011346256360411644,0.03950788825750351,7.161423127399758e-05,0.015548192895948887,0.04871228337287903,0.03788924217224121,9.116859291680157e-05,0.04764775559306145,0.12447218596935272,0.03868979960680008,0.0001216996752191335
1,512,transformer.h.1.mlp.c_proj.weight,transformer.h.1.mlp.c_proj.weight,"[384, 1024]",int4-dynamic-b2048,0.00048266269732266665,0.010167386382818222,0.02333240956068039,0.010650048963725567,0.012682360596954823,0.029881764203310013,0.04267134517431259,0.05803008750081062,0.011011488735675812,0.04144134372472763,0.06935830414295197,0.043910443782806396,0.0008318996406160295,0.047400448471307755,0.13356821238994598,0.04472118988633156,0.0001948726421687752
1,512,transformer.h.2.attn.c_attn.weight,transformer.h.2.attn.c_attn.weight,"[1152, 384]",int8-linear-b2048,1.17773648611319e-08,4.33214017903083e-06,6.671383744105697e-06,4.3439176806714386e-06,2.327466063434258e-06,0.00031431345269083977,0.0011440805392339826,0.08825098723173141,0.000323574582580477,0.0033068875782191753,0.01116261724382639,0.0719064474105835,0.00014370321878232062,0.015414398163557053,0.040164172649383545,0.03190885856747627,0.00010762567399069667
1,512,transformer.h.2.attn.c_attn.weight,transformer.h.2.attn.c_attn.weight,"[1152, 384]",int4-linear-b2048,4.128565706196241e-06,0.001421867753379047,0.0021813749335706234,0.0014259963063523173,0.0007553786272183061,0.0062751565128564835,0.01865869201719761,0.09074599295854568,0.0002877086808439344,0.08082856982946396,0.2625848948955536,0.07208716124296188,0.00024204533838201314,0.21179066598415375,0.5096945762634277,0.03213486820459366,5.63822832191363e-05
1,512,transformer.h.2.attn.c_attn.weight,transformer.h.2.attn.c_attn.weight,"[1152, 384]",int4-dynamic-b2048,2.326904359506443e-05,0.001411261036992073,0.0021331897005438805,0.0014345301315188408,0.0006986595690250397,0.023043423891067505,0.04329027980566025,0.1042451336979866,0.008623414672911167,0.08606676012277603,0.299247682094574,0.07310865074396133,0.00028873159317299724,0.19562813639640808,0.744217574596405,0.030604587867856026,7.313342939596623e-05
1,512,transformer.h.2.attn.c_proj.weight,transformer.h.2.attn.c_proj.weight,"[384, 384]",int8-linear-b2048,1.0077848600076322e-07,4.368431473267265e-05,4.378509765956551e-05,4.37850940215867e-05,3.637978807091713e-12,0.00021456654940266162,0.0008487511076964438,0.10405237227678299,0.00017564046720508486,0.004097568336874247,0.013436994515359402,0.1027403399348259,0.00018112295947503299,0.6523045897483826,10.63564682006836,0.1003011092543602,0.0002490447659511119
1,512,transformer.h.2.attn.c_proj.weight,transformer.h.2.attn.c_proj.weight,"[384, 384]",int4-linear-b2048,3.804819061770104e-05,0.01431300025433302,0.01435104850679636,0.01435104850679636,0.0,0.005978524684906006,0.029316222295165062,0.10196305066347122,0.0003651680890470743,0.09066463261842728,0.25279951095581055,0.10178519040346146,0.0002514126244932413,25.67694091796875,917.47998046875,0.10264597088098526,0.00017205080075655133
1,512,transformer.h.2.attn.c_proj.weight,transformer.h.2.attn.c_proj.weight,"[384, 384]",int4-dynamic-b2048,0.00017906127322930843,0.015391569584608078,0.015570631250739098,0.015570631250739098,0.0,0.020982865244150162,0.03483705595135689,0.11451408267021179,0.008616977371275425,0.09513425827026367,0.2873728573322296,0.10016345232725143,0.00025902927154675126,12.845462799072266,294.23565673828125,0.09896431118249893,0.0003143806243315339
1,512,transformer.h.2.mlp.w1.weight,transformer.h.2.mlp.w1.weight,"[1024, 384]",int8-linear-b2048,4.674526987713534e-09,1.7705913251120364e-06,4.4899757085659076e-06,1.7752659005054738e-06,2.7147098080604337e-06,0.00011503057612571865,0.00040137721225619316,0.0459357425570488,5.68298164580483e-05,0.0006916542770341039,0.002067842520773411,0.03834426403045654,9.775900980457664e-05,0.0020340231712907553,0.006441883742809296,0.03716164454817772,0.00010560619557509199
1,512,transformer.h.2.mlp.w1.weight,transformer.h.2.mlp.w1.weight,"[1024, 384]",int4-linear-b2048,1.3870904922441696e-06,0.0005774868186563253,0.0014684415655210614,0.0005788739072158933,0.0008895676583051682,0.003233774797990918,0.012214690446853638,0.0466543585062027,0.00013113552995491773,0.01230856217443943,0.047568053007125854,0.038058992475271225,0.000108493106381502,0.02184629999101162,0.08111646771430969,0.037020500749349594,4.5923003199277446e-05
1,512,transformer.h.2.mlp.w1.weight,transformer.h.2.mlp.w1.weight,"[1024, 384]",int4-dynamic-b2048,1.5701736629125662e-05,0.0005742828361690044,0.0012910269433632493,0.0005899845855310559,0.0007010423578321934,0.021194688975811005,0.03083324059844017,0.06964758783578873,0.007422939874231815,0.029141463339328766,0.06588872522115707,0.04346928745508194,0.000483032752526924,0.03951545059680939,0.11214485764503479,0.036133356392383575,0.00015923919272609055
1,512,transformer.h.2.mlp.w2.weight,transformer.h.2.mlp.w2.weight,"[1024, 384]",int8-linear-b2048,4.403388764728788e-09,1.887782673293259e-06,4.706748313765274e-06,1.8921861055787303e-06,2.8145623218733817e-06,0.0001562229881528765,0.0005209657829254866,0.05184481665492058,9.376763773616403e-05,0.0007539372891187668,0.002957421587780118,0.038634177297353745,0.00010068087431136519,0.0020337202586233616,0.0058938791044056416,0.03732813894748688,9.195896564051509e-05
1,512,transformer.h.2.mlp.w2.weight,transformer.h.2.mlp.w2.weight,"[1024, 384]",int4-linear-b2048,1.7130796550191008e-06,0.0006203908706083894,0.0015399641124531627,0.0006221039220690727,0.00091786019038409,0.002864403882995248,0.010660807602107525,0.050711069256067276,0.00011552771320566535,0.013391661457717419,0.03557484596967697,0.039130911231040955,0.0001005551457637921,0.038765329867601395,0.1146731898188591,0.037042248994112015,0.00010020657646236941
1,512,transformer.h.2.mlp.w2.weight,transformer.h.2.mlp.w2.weight,"[1024, 384]",int4-dynamic-b2048,1.4027390534465667e-05,0.0005954601801931858,0.0012813988141715527,0.0006094875861890614,0.0006719112279824913,0.019128097221255302,0.030141841620206833,0.08013607561588287,0.006528978701680899,0.027577029541134834,0.05939869210124016,0.042808473110198975,0.0004136270144954324,0.045616112649440765,0.09801515191793442,0.03616917133331299,0.0001776071876520291
1,512,transformer.h.2.mlp.c_proj.weight,transformer.h.2.mlp.c_proj.weight,"[384, 1024]",int8-linear-b2048,7.888858277738109e-08,2.8890046451124363e-05,7.721476868027821e-05,2.8968934202566743e-05,4.824583447771147e-05,0.00021691597066819668,0.0007005062652751803,0.03882812336087227,0.00012797335512004793,0.0009273153264075518,0.002639654790982604,0.03837497904896736,0.00010593848855933174,0.0023916317149996758,0.007335787173360586,0.0379537008702755,9.376632806379348e-05
1,512,transformer.h.2.mlp.c_proj.weight,transformer.h.2.mlp.c_proj.weight,"[384, 1024]",int4-linear-b2048,2.3993201466510072e-05,0.009465619921684265,0.02528039552271366,0.009489613585174084,0.015790782868862152,0.003873738693073392,0.016743453219532967,0.03931194543838501,0.00018121169705409557,0.014453890733420849,0.042455583810806274,0.03792734071612358,8.46678449306637e-05,0.035430438816547394,0.13601675629615784,0.03851517289876938,7.370844105025753e-05
1,512,transformer.h.2.mlp.c_proj.weight,transformer.h.2.mlp.c_proj.weight,"[384, 1024]",int4-dynamic-b2048,0.0003070452075917274,0.0067996736615896225,0.015568874776363373,0.007106719072908163,0.008462155237793922,0.028371138498187065,0.040718331933021545,0.05775965750217438,0.011178815737366676,0.03712475299835205,0.07820494472980499,0.04516027867794037,0.0007130944286473095,0.05068457871675491,0.11622866243124008,0.04467920586466789,0.0002051108021987602
1,512,transformer.h.3.attn.c_attn.weight,transformer.h.3.attn.c_attn.weight,"[1152, 384]",int8-linear-b2048,8.911216653473275e-09,3.315630237921141e-06,4.854434337175917e-06,3.3245414670091122e-06,1.5298928701668046e-06,0.00032817525789141655,0.0014272708212956786,0.09357842057943344,0.0003492014075163752,0.005315015092492104,0.01438166480511427,0.07488011568784714,0.0002479841932654381,0.018266133964061737,0.04758918657898903,0.031775109469890594,0.00010675777593860403
1,512,transformer.h.3.attn.c_attn.weight,transformer.h.3.attn.c_attn.weight,"[1152, 384]",int4-linear-b2048,2.7990740818495397e-06,0.0010893652215600014,0.0015925883781164885,0.0010921643115580082,0.0005004240665584803,0.005045375321060419,0.015968082472682,0.09338811039924622,0.0002447719743940979,0.07703033089637756,0.2927483916282654,0.07510016858577728,0.00019146985141560435,0.26315364241600037,0.9653050899505615,0.03256126865744591,7.665751763852313e-05
1,512,transformer.h.3.attn.c_attn.weight,transformer.h.3.attn.c_attn.weight,"[1152, 384]",int4-dynamic-b2048,1.939209869306069e-05,0.0011072334600612521,0.001607753336429596,0.0011266255751252174,0.0004811277613043785,0.023103119805455208,0.03964544087648392,0.10866335779428482,0.009566345252096653,0.07923392951488495,0.21425104141235352,0.0748409852385521,0.0001786419452400878,0.29991912841796875,1.0464444160461426,0.031297653913497925,0.0001043022348312661
1,512,transformer.h.3.attn.c_proj.weight,transformer.h.3.attn.c_proj.weight,"[384, 384]",int8-linear-b2048,7.736403517810686e-08,3.194293094566092e-05,3.2020292564993724e-05,3.202029620297253e-05,0.0,0.000214901112485677,0.0007666117744520307,0.10117878764867783,0.0001452567958040163,0.004746913909912109,0.01590077206492424,0.10054172575473785,0.00023881992092356086,0.24251416325569153,1.0673655271530151,0.10081066936254501,0.0003801935235969722
1,512,transformer.h.3.attn.c_proj.weight,transformer.h.3.attn.c_proj.weight,"[384, 384]",int4-linear-b2048,2.9409076887532137e-05,0.010473021306097507,0.010502428747713566,0.010502430610358715,0.0,0.005193399731069803,0.019922489300370216,0.10319024324417114,0.0003159553452860564,0.0942697674036026,0.2733203172683716,0.1002630889415741,0.000246678275289014,4.187706470489502,33.00177001953125,0.09935714304447174,0.000333675357978791
1,512,transformer.h.3.attn.c_proj.weight,transformer.h.3.attn.c_proj.weight,"[384, 384]",int4-dynamic-b2048,0.00013581001257989556,0.011399016715586185,0.011534825898706913,0.011534826830029488,0.0,0.020957544445991516,0.03719034045934677,0.11008815467357635,0.008996858261525631,0.09180166572332382,0.26896804571151733,0.09897977858781815,0.0002262515772599727,3.821460008621216,17.035703659057617,0.10022294521331787,0.00023678597062826157
1,512,transformer.h.3.mlp.w1.weight,transformer.h.3.mlp.w1.weight,"[1024, 384]",int8-linear-b2048,3.992042252320971e-09,1.4424799701373558e-06,3.618321670728619e-06,1.4464719697571127e-06,2.1718497009715065e-06,0.0001429541880497709,0.0005142137524671853,0.04969824478030205,0.00011112835636595264,0.0007499589119106531,0.002504067961126566,0.03931752219796181,0.00010451324487803504,0.0021690749563276768,0.005334950052201748,0.03738660365343094,9.108395170187578e-05
1,512,transformer.h.3.mlp.w1.weight,transformer.h.3.mlp.w1.weight,"[1024, 384]",int4-linear-b2048,1.1795289083238458e-06,0.00047209678450599313,0.0011901311809197068,0.00047327630454674363,0.0007168548763729632,0.003338179085403681,0.012699462473392487,0.04810861870646477,0.00014133800868876278,0.011961560696363449,0.030552614480257034,0.03837324678897858,7.085900142556056e-05,0.033412039279937744,0.0927259773015976,0.03662078082561493,7.632185588590801e-05
1,512,transformer.h.3.mlp.w1.weight,transformer.h.3.mlp.w1.weight,"[1024, 384]",int4-dynamic-b2048,1.2898671229777392e-05,0.00046264909906312823,0.0010427694069221616,0.0004755477712024003,0.0005672216648235917,0.02094145677983761,0.030839188024401665,0.07350444793701172,0.007824616506695747,0.03165841102600098,0.06491395831108093,0.04245036467909813,0.00047519750660285354,0.03290499746799469,0.09706255793571472,0.03580496460199356,9.079073061002418e-05
1,512,transformer.h.3.mlp.w2.weight,transformer.h.3.mlp.w2.weight,"[1024, 384]",int8-linear-b2048,3.732337106043815e-09,1.4064742117625428e-06,3.5299403862154577e-06,1.4102065506449435e-06,2.119733835570514e-06,0.00016029116522986442,0.0005514849908649921,0.051840510219335556,0.00011836767225759104,0.0009027477935887873,0.0022296018432825804,0.03929824382066727,0.0001264153834199533,0.002080608857795596,0.005436897277832031,0.03629829362034798,8.942432759795338e-05
1,512,transformer.h.3.mlp.w2.weight,transformer.h.3.mlp.w2.weight,"[1024, 384]",int4-linear-b2048,1.1632574796749395e-06,0.0004565001290757209,0.0011453947518020868,0.0004576633800752461,0.0006877313717268407,0.0030866365414112806,0.011518548242747784,0.0534856878221035,0.0001361827744403854,0.01604210026562214,0.04634850472211838,0.038574688136577606,0.00012173441791674122,0.03717615827918053,0.14548705518245697,0.03671000152826309,9.531391697237268e-05
1,512,transformer.h.3.mlp.w2.weight,transformer.h.3.mlp.w2.weight,"[1024, 384]",int4-dynamic-b2048,1.1761040696001146e-05,0.0004355493001639843,0.0009607006213627756,0.00044731033267453313,0.0005133902886882424,0.02004018984735012,0.03580114617943764,0.08236615359783173,0.007728345226496458,0.026976481080055237,0.05240056291222572,0.04307808354496956,0.0003339660761412233,0.04192101210355759,0.11489707976579666,0.03550421819090843,0.00012188364780740812
1,512,transformer.h.3.mlp.c_proj.weight,transformer.h.3.mlp.c_proj.weight,"[384, 1024]",int8-linear-b2048,8.324650480062701e-08,3.1001956813270226e-05,8.313278522109613e-05,3.1085204682312906e-05,5.204758053878322e-05,0.00022887650993652642,0.0007888064137659967,0.039132773876190186,0.0001044354066834785,0.0009991765255108476,0.0028121608775109053,0.03808869048953056,8.708663517609239e-05,0.0031574417371302843,0.008028222247958183,0.037842389196157455,0.00012206346582388505
1,512,transformer.h.3.mlp.c_proj.weight,transformer.h.3.mlp.c_proj.weight,"[384, 1024]",int4-linear-b2048,3.6151941458228976e-05,0.010236233472824097,0.02703665755689144,0.01027238555252552,0.01676427200436592,0.0066423574462533,0.02361350506544113,0.039450615644454956,0.00023559735564049333,0.017967887222766876,0.05586659908294678,0.03883762285113335,9.456586121814325e-05,0.054004423320293427,0.17095188796520233,0.03851281851530075,0.00013216382649261504
1,512,transformer.h.3.mlp.c_proj.weight,transformer.h.3.mlp.c_proj.weight,"[384, 1024]",int4-dynamic-b2048,0.00035978059167973697,0.005802783649414778,0.013280186802148819,0.006162564270198345,0.007117622531950474,0.03547123447060585,0.047276776283979416,0.06521645933389664,0.016610104590654373,0.04760783538222313,0.08091221004724503,0.045042987912893295,0.0009375138324685395,0.062468674033880234,0.13398270308971405,0.043329060077667236,0.0002924419241026044
1,512,transformer.h.4.attn.c_attn.weight,transformer.h.4.attn.c_attn.weight,"[1152, 384]",int8-linear-b2048,1.190226406322381e-08,4.019051175419008e-06,6.8380859374883585e-06,4.03095327783376e-06,2.8071326596545987e-06,0.00032363401260226965,0.0009478636784479022,0.07074035704135895,0.0002662650658749044,0.004644185304641724,0.015099450014531612,0.06285855919122696,0.00015183529467321932,0.019620256498456,0.048902254551649094,0.042850561439991,9.164552466245368e-05
1,512,transformer.h.4.attn.c_attn.weight,transformer.h.4.attn.c_attn.weight,"[1152, 384]",int4-linear-b2048,3.59939281224797e-06,0.0012939941370859742,0.0020923526026308537,0.0012975935824215412,0.0007947590202093124,0.00534707261249423,0.02136847749352455,0.08939075469970703,0.00028536588069982827,0.08491278439760208,0.2116483449935913,0.06464413553476334,0.00014668110816273838,0.4111693799495697,1.5190593004226685,0.040824711322784424,0.00014275369176175445
1,512,transformer.h.4.attn.c_attn.weight,transformer.h.4.attn.c_attn.weight,"[1152, 384]",int4-dynamic-b2048,1.8399621694698e-05,0.0012186612002551556,0.0018577352166175842,0.0012370608747005463,0.000620674341917038,0.021938834339380264,0.04630837216973305,0.10969853401184082,0.008294306695461273,0.07523255795240402,0.22750216722488403,0.06670254468917847,0.00013370224041864276,0.345368355512619,0.934188961982727,0.036659713834524155,0.0001141038301284425
1,512,transformer.h.4.attn.c_proj.weight,transformer.h.4.attn.c_proj.weight,"[384, 384]",int8-linear-b2048,5.8508675238044816e-08,2.4022458092076704e-05,2.4080964067252353e-05,2.4080965886241756e-05,0.0,0.00022811007511336356,0.0009511126554571092,0.1004834920167923,0.00025008252123370767,0.003764002351090312,0.011101111769676208,0.10266940295696259,0.00017120987467933446,0.20613083243370056,2.0722644329071045,0.10211946070194244,0.00021209742408245802
1,512,transformer.h.4.attn.c_proj.weight,transformer.h.4.attn.c_proj.weight,"[384, 384]",int4-linear-b2048,1.8458435079082847e-05,0.00792047567665577,0.007938934490084648,0.007938934490084648,0.0,0.004447538405656815,0.014765391126275063,0.10106609761714935,0.00029569733305834234,0.0846320241689682,0.22982905805110931,0.09933629631996155,0.00022515772434417158,4.378372669219971,66.24541473388672,0.10170037299394608,0.00022419483866542578
1,512,transformer.h.4.attn.c_proj.weight,transformer.h.4.attn.c_proj.weight,"[384, 384]",int4-dynamic-b2048,8.57963677844964e-05,0.009002559818327427,0.009088356047868729,0.009088356047868729,0.0,0.017423352226614952,0.03654421493411064,0.10916474461555481,0.006420699413865805,0.0805777981877327,0.2512833774089813,0.10367973893880844,0.00022050479310564697,4.540670394897461,31.522306442260742,0.10228671133518219,0.00033038086257874966
1,512,transformer.h.4.mlp.w1.weight,transformer.h.4.mlp.w1.weight,"[1024, 384]",int8-linear-b2048,4.698759603627423e-09,1.8876917238230817e-06,4.599637122737477e-06,1.8923905145129538e-06,2.707246494537685e-06,0.00014913211634848267,0.0004123389080632478,0.08586906641721725,9.219355706591159e-05,0.0009094903944060206,0.0023043479304760695,0.03756792098283768,8.870371675584465e-05,0.002356767887249589,0.007511137519031763,0.03589211404323578,7.329060463234782e-05
1,512,transformer.h.4.mlp.w1.weight,transformer.h.4.mlp.w1.weight,"[1024, 384]",int4-linear-b2048,1.3993847005622229e-06,0.0005325584206730127,0.001232412992976606,0.0005339577910490334,0.0006984552019275725,0.003531540045514703,0.010106764733791351,0.10241029411554337,0.0002471303741913289,0.01389496773481369,0.049955256283283234,0.03703870251774788,9.827106259763241e-05,0.04461375251412392,0.13401786983013153,0.034296635538339615,9.624598897062242e-05
1,512,transformer.h.4.mlp.w1.weight,transformer.h.4.mlp.w1.weight,"[1024, 384]",int4-dynamic-b2048,1.1875668860739097e-05,0.0005406909622251987,0.001085146563127637,0.0005525666056200862,0.0005325799575075507,0.020986197516322136,0.03966652229428291,0.15915553271770477,0.007359557319432497,0.027469009160995483,0.06736370176076889,0.03970865532755852,0.00035208655754104257,0.03785537928342819,0.1067591980099678,0.03253117948770523,8.495996735291556e-05
1,512,transformer.h.4.mlp.w2.weight,transformer.h.4.mlp.w2.weight,"[1024, 384]",int8-linear-b2048,4.4734238535681925e-09,1.7555101976540755e-06,4.335852736403467e-06,1.7599836610315833e-06,2.575869075371884e-06,0.00019308987248223275,0.0007952878368087113,0.07114554941654205,0.0002298204053658992,0.0012044546892866492,0.002873583696782589,0.03719397261738777,0.00014566084428224713,0.002566517563536763,0.008165105246007442,0.036140330135822296,9.100807801587507e-05
1,512,transformer.h.4.mlp.w2.weight,transformer.h.4.mlp.w2.weight,"[1024, 384]",int4-linear-b2048,1.8683296048038756e-06,0.0005282369675114751,0.0012609238037839532,0.0005301053170114756,0.0007308184867724776,0.005631177686154842,0.015763040632009506,0.07930289953947067,0.0005351623403839767,0.017748769372701645,0.04619792476296425,0.038161106407642365,0.00011100150732090697,0.040447503328323364,0.11852022260427475,0.035177458077669144,6.733437476214021e-05
1,512,transformer.h.4.mlp.w2.weight,transformer.h.4.mlp.w2.weight,"[1024, 384]",int4-dynamic-b2048,1.3829236195306294e-05,0.0005079993861727417,0.0010286933975294232,0.0005218285950832069,0.0005068648024462163,0.02071434259414673,0.034551460295915604,0.14056266844272614,0.009230620227754116,0.030152827501296997,0.0815812274813652,0.04067433625459671,0.00038498317007906735,0.03895031660795212,0.10804768651723862,0.032650358974933624,7.69406178733334e-05
1,512,transformer.h.4.mlp.c_proj.weight,transformer.h.4.mlp.c_proj.weight,"[384, 1024]",int8-linear-b2048,1.942159428836021e-07,7.461706263711676e-05,0.0001988269796129316,7.481127977371216e-05,0.00012401569983921945,0.0003855171089526266,0.0009776513325050473,0.037935107946395874,0.00010624308924889192,0.0018564355559647083,0.005855747498571873,0.03860768675804138,0.00010492485307622701,0.00505785271525383,0.015931766480207443,0.038257498294115067,0.00011669334344333038
1,512,transformer.h.4.mlp.c_proj.weight,transformer.h.4.mlp.c_proj.weight,"[384, 1024]",int4-linear-b2048,0.0006044430774636567,0.023063216358423233,0.05674953758716583,0.023667659610509872,0.03308187797665596,0.04079302027821541,0.08242429047822952,0.05410248786211014,0.0051650782115757465,0.08355772495269775,0.15002231299877167,0.04050149768590927,0.0005459469393827021,0.11948458105325699,0.28979960083961487,0.040167830884456635,0.0001910127466544509
1,512,transformer.h.4.mlp.c_proj.weight,transformer.h.4.mlp.c_proj.weight,"[384, 1024]",int4-dynamic-b2048,0.0007548658759333193,0.007067606784403324,0.01581639051437378,0.007822472602128983,0.007993917912244797,0.05178248509764671,0.06903858482837677,0.08152864128351212,0.03399156779050827,0.06394191831350327,0.11140642315149307,0.046880293637514114,0.0011456036008894444,0.059282999485731125,0.18546977639198303,0.046610571444034576,0.00019900829647667706
1,512,transformer.h.5.attn.c_attn.weight,transformer.h.5.attn.c_attn.weight,"[1152, 384]",int8-linear-b2048,8.835988829503094e-09,3.308262648715754e-06,4.530360456556082e-06,3.3170986171171535e-06,1.2132618394389283e-06,0.0002183211618103087,0.0005750956479460001,0.10008059442043304,0.00019518521730788052,0.006765120197087526,0.02264968305826187,0.08284350484609604,0.0002912005002144724,0.015348744578659534,0.04459066689014435,0.033441413193941116,5.2335872169351205e-05
1,512,transformer.h.5.attn.c_attn.weight,transformer.h.5.attn.c_attn.weight,"[1152, 384]",int4-linear-b2048,2.6623365556588396e-06,0.001091663958504796,0.0014842527452856302,0.0010943262604996562,0.000389926484785974,0.004573104437440634,0.016849974170327187,0.10079742968082428,0.00020610321371350437,0.0894569382071495,0.2491270899772644,0.08228184282779694,0.00015437474939972162,0.37793612480163574,1.3331153392791748,0.03322815150022507,9.019784192787483e-05
1,512,transformer.h.5.attn.c_attn.weight,transformer.h.5.attn.c_attn.weight,"[1152, 384]",int4-dynamic-b2048,1.8005608581006527e-05,0.0011147892801091075,0.0015327369328588247,0.001132794888690114,0.0003999420441687107,0.02345745451748371,0.04364227503538132,0.11385832726955414,0.009495202451944351,0.0938538983464241,0.3034438192844391,0.08102525770664215,0.00020080400281585753,0.36573582887649536,1.2265714406967163,0.03190324082970619,7.905538950581104e-05
1,512,transformer.h.5.attn.c_proj.weight,transformer.h.5.attn.c_proj.weight,"[384, 384]",int8-linear-b2048,5.937056357652182e-08,2.562055306043476e-05,2.5679924874566495e-05,2.5679923055577092e-05,1.8189894035458565e-12,0.00025911262491717935,0.001416809973306954,0.10125748813152313,0.00022559396165888757,0.0048599145375192165,0.012694355100393295,0.10267911851406097,0.0002220870228484273,0.3493027985095978,6.1872382164001465,0.10237663984298706,0.000245123403146863
1,512,transformer.h.5.attn.c_proj.weight,transformer.h.5.attn.c_proj.weight,"[384, 384]",int4-linear-b2048,2.051277806458529e-05,0.008456558920443058,0.00847707036882639,0.008477071300148964,0.0,0.0050588371232151985,0.02160434052348137,0.10192588716745377,0.00024462456349283457,0.0994776114821434,0.32471513748168945,0.09979803115129471,0.0002621598541736603,3.9109034538269043,32.08958053588867,0.1014498844742775,0.00019216966757085174
1,512,transformer.h.5.attn.c_proj.weight,transformer.h.5.attn.c_proj.weight,"[384, 384]",int4-dynamic-b2048,9.788534953258932e-05,0.009297494776546955,0.00939538050442934,0.00939538050442934,0.0,0.019451666623353958,0.03315518796443939,0.11041217297315598,0.0075073265470564365,0.11765161901712418,0.4312964379787445,0.10069551318883896,0.0003920883755199611,4.447273254394531,24.321250915527344,0.10046489536762238,0.00018670815916266292
1,512,transformer.h.5.mlp.w1.weight,transformer.h.5.mlp.w1.weight,"[1024, 384]",int8-linear-b2048,6.2750196150318516e-09,2.5179620024573524e-06,6.18299327470595e-06,2.5242370611522347e-06,3.6587562135537155e-06,0.00024730851873755455,0.0010428059613332152,0.06856115162372589,0.0001717452541925013,0.0012426794273778796,0.0032879954669624567,0.03826235234737396,0.00011226141941733658,0.0034297078382223845,0.012297543697059155,0.03707297518849373,0.00010569072765065357
1,512,transformer.h.5.mlp.w1.weight,transformer.h.5.mlp.w1.weight,"[1024, 384]",int4-linear-b2048,4.233972958900267e-06,0.0007156600477173924,0.0016800293233245611,0.0007198940147645772,0.000960135308559984,0.008556289598345757,0.02259686030447483,0.08027534931898117,0.0008542402647435665,0.025883249938488007,0.07328741252422333,0.0392015241086483,0.00017242756439372897,0.04566670581698418,0.2351207286119461,0.03614624962210655,7.534468750236556e-05
1,512,transformer.h.5.mlp.w1.weight,transformer.h.5.mlp.w1.weight,"[1024, 384]",int4-dynamic-b2048,1.4704344721394591e-05,0.000576423539314419,0.0011536919046193361,0.0005911279004067183,0.0005625640042126179,0.02357497625052929,0.03355790302157402,0.1368979811668396,0.008607864379882812,0.033276479691267014,0.0634632259607315,0.04152139648795128,0.00034130868152715266,0.050444114953279495,0.11653485149145126,0.03262479975819588,0.00010211613698629662
1,512,transformer.h.5.mlp.w2.weight,transformer.h.5.mlp.w2.weight,"[1024, 384]",int8-linear-b2048,4.598314173875906e-09,1.8194186850450933e-06,4.469967279874254e-06,1.8240169765704195e-06,2.645950189616997e-06,0.0002492746280040592,0.0007653702632524073,0.05984316021203995,0.00020342953212093562,0.0010566151468083262,0.003240883583202958,0.03922446072101593,9.523517655907199e-05,0.003230665810406208,0.007774997036904097,0.03757748007774353,0.00010971225856337696
1,512,transformer.h.5.mlp.w2.weight,transformer.h.5.mlp.w2.weight,"[1024, 384]",int4-linear-b2048,2.133400357706705e-06,0.0005723790382035077,0.001385794603265822,0.0005745124653913081,0.0008112821378745139,0.006094814743846655,0.018522389233112335,0.06201944872736931,0.0004625546280294657,0.021748904138803482,0.07728440314531326,0.039253950119018555,0.0001491111033828929,0.04709174856543541,0.16021285951137543,0.03610539063811302,8.5336112533696e-05
1,512,transformer.h.5.mlp.w2.weight,transformer.h.5.mlp.w2.weight,"[1024, 384]",int4-dynamic-b2048,1.2091866665286943e-05,0.00046868211938999593,0.0009904498001560569,0.00048077397514134645,0.0005096758250147104,0.02291068434715271,0.03760407492518425,0.10308016091585159,0.008045507594943047,0.030593905597925186,0.07717680186033249,0.04217128828167915,0.000332816707668826,0.04826430231332779,0.12334959208965302,0.03343093395233154,0.00010433374700369313
1,512,transformer.h.5.mlp.c_proj.weight,transformer.h.5.mlp.c_proj.weight,"[384, 1024]",int8-linear-b2048,1.252548855745772e-07,4.3051259126514196e-05,0.00011505169095471501,4.3176514736842364e-05,7.187517621787265e-05,0.00032254160032607615,0.0014456076314672828,0.03709893301129341,0.0001382971095154062,0.0016302460571750998,0.00391289871186018,0.037548474967479706,0.00012000986316706985,0.003998541738837957,0.012305239215493202,0.04018697142601013,0.00012042276648571715
1,512,transformer.h.5.mlp.c_proj.weight,transformer.h.5.mlp.c_proj.weight,"[384, 1024]",int4-linear-b2048,7.293945964192972e-05,0.014004898257553577,0.0364946685731411,0.014077837578952312,0.02241683006286621,0.012248912826180458,0.031515829265117645,0.04204421862959862,0.0006825607270002365,0.028361588716506958,0.0771276131272316,0.03814924135804176,0.00011315496522001922,0.08306293189525604,0.24186407029628754,0.04040975496172905,0.00012978893937543035
1,512,transformer.h.5.mlp.c_proj.weight,transformer.h.5.mlp.c_proj.weight,"[384, 1024]",int4-dynamic-b2048,0.0005080713890492916,0.00610126368701458,0.014353848062455654,0.006609335076063871,0.007744512986391783,0.04247216135263443,0.05132143944501877,0.07250681519508362,0.025586100295186043,0.048660628497600555,0.10108745843172073,0.042765915393829346,0.0006547061493620276,0.06086697801947594,0.160800039768219,0.04290921613574028,0.0001952672319021076
1,1024,transformer.h.0.attn.c_attn.weight,transformer.h.0.attn.c_attn.weight,"[1152, 384]",int8-linear-b2048,1.780780323201725e-08,6.111450602475088e-06,8.487904779030941e-06,6.129258508735802e-06,2.3586462702951394e-06,0.00033070138306356966,0.0010182568803429604,0.09466341882944107,0.00044319580774754286,0.0028748626355081797,0.008046532049775124,0.08282040059566498,0.0002380373189225793,0.008906775154173374,0.043686989694833755,0.0306115560233593,0.00010173540067626163
1,1024,transformer.h.0.attn.c_attn.weight,transformer.h.0.attn.c_attn.weight,"[1152, 384]",int4-linear-b2048,5.663207957695704e-06,0.002016423735767603,0.0027842316776514053,0.002022086875513196,0.0007621448021382093,0.004558625165373087,0.02056981809437275,0.09383988380432129,0.00029804802034050226,0.042109180241823196,0.09478151053190231,0.08330205827951431,0.00015423000149894506,0.1697821319103241,0.47913825511932373,0.030397048220038414,8.941759006120265e-05
1,1024,transformer.h.0.attn.c_attn.weight,transformer.h.0.attn.c_attn.weight,"[1152, 384]",int4-dynamic-b2048,2.885397225327324e-05,0.002373339841142297,0.0032477087806910276,0.00240219384431839,0.0008455149363726377,0.01890966296195984,0.03413895517587662,0.10219091922044754,0.006435570772737265,0.06159988418221474,0.14744780957698822,0.08462030440568924,0.0002845379349309951,0.16640923917293549,0.46810901165008545,0.029710110276937485,7.289352652151138e-05
1,1024,transformer.h.0.attn.c_proj.weight,transformer.h.0.attn.c_proj.weight,"[384, 384]",int8-linear-b2048,1.4518630564452906e-07,5.597777999355458e-05,5.612296445178799e-05,5.61229680897668e-05,0.0,0.0002905624860431999,0.0012789445463567972,0.10314757376909256,0.000295458099571988,0.003273402340710163,0.012498429045081139,0.10115647315979004,0.00022530679416377097,0.2313174158334732,3.159597396850586,0.10062197595834732,0.00020929492893628776
1,1024,transformer.h.0.attn.c_proj.weight,transformer.h.0.attn.c_proj.weight,"[384, 384]",int4-linear-b2048,4.629401155398227e-05,0.018398433923721313,0.01844472624361515,0.0184447281062603,0.0,0.003452098462730646,0.014245428144931793,0.10347765684127808,0.00020378771296236664,0.06974416226148605,0.2303488701581955,0.1000044196844101,0.0003033843240700662,2.7025997638702393,14.824575424194336,0.1003386452794075,0.00029921563691459596
1,1024,transformer.h.0.attn.c_proj.weight,transformer.h.0.attn.c_proj.weight,"[384, 384]",int4-dynamic-b2048,0.0002066789020318538,0.02058425545692444,0.020790934562683105,0.020790934562683105,0.0,0.01974540203809738,0.033617641776800156,0.11199022084474564,0.006917598191648722,0.08610226213932037,0.21827585995197296,0.0986667200922966,0.00038058997597545385,3.7162249088287354,40.541717529296875,0.09956347942352295,0.0001842517958721146
1,1024,transformer.h.0.mlp.w1.weight,transformer.h.0.mlp.w1.weight,"[1024, 384]",int8-linear-b2048,1.2583116770770175e-08,4.77201911053271e-06,1.2314191735640634e-05,4.78460242447909e-06,7.529589311161544e-06,0.0001869032421382144,0.0007301836740225554,0.0472068190574646,0.0001264859311049804,0.0006299640517681837,0.0015382517594844103,0.03844733163714409,0.00011117665417259559,0.0011776123428717256,0.0041101728565990925,0.037155795842409134,8.679305028636009e-05
1,1024,transformer.h.0.mlp.w1.weight,transformer.h.0.mlp.w1.weight,"[1024, 384]",int4-linear-b2048,4.238829205860384e-06,0.0015795937506482005,0.004041784442961216,0.001583832548931241,0.002457951894029975,0.0026544390711933374,0.011186297051608562,0.047649774700403214,9.879838762572035e-05,0.010956689715385437,0.03984462469816208,0.03881332650780678,0.00011159168934682384,0.022848721593618393,0.08512219786643982,0.037649352103471756,9.069113002624363e-05
1,1024,transformer.h.0.mlp.w1.weight,transformer.h.0.mlp.w1.weight,"[1024, 384]",int4-dynamic-b2048,3.8017362385289744e-05,0.0015660455683246255,0.0036775930784642696,0.0016040629707276821,0.0020735301077365875,0.018464598804712296,0.028909338638186455,0.06802330911159515,0.0056402599439024925,0.021200744435191154,0.045408204197883606,0.041019923985004425,0.0003766580193769187,0.02596253529191017,0.07944418489933014,0.0363539382815361,0.00012791043263860047
1,1024,transformer.h.0.mlp.w2.weight,transformer.h.0.mlp.w2.weight,"[1024, 384]",int8-linear-b2048,1.1238884489728207e-08,4.1542821236362215e-06,1.0717606528487522e-05,4.1655212044133805e-06,6.552085324074142e-06,0.00020281858451198786,0.0005805413820780814,0.045949630439281464,0.0001635946537135169,0.00043863803148269653,0.001563256955705583,0.03899664431810379,8.175683615263551e-05,0.0012495842529460788,0.004650035873055458,0.03707947954535484,8.940931729739532e-05
1,1024,transformer.h.0.mlp.w2.weight,transformer.h.0.mlp.w2.weight,"[1024, 384]",int4-linear-b2048,3.673129867820535e-06,0.0013714157976210117,0.0035362939815968275,0.0013750889338552952,0.0021612050477415323,0.003612938104197383,0.013255259022116661,0.045649316161870956,0.00017135054804384708,0.010318966582417488,0.023702604696154594,0.03883121535181999,8.739348413655534e-05,0.01823280192911625,0.051590368151664734,0.037121303379535675,5.3602383559336886e-05
1,1024,transformer.h.0.mlp.w2.weight,transformer.h.0.mlp.w2.weight,"[1024, 384]",int4-dynamic-b2048,3.316730726510286e-05,0.0014045481802895665,0.0033243922516703606,0.0014377154875546694,0.0018866767641156912,0.01838597282767296,0.038824714720249176,0.06407803297042847,0.00514241261407733,0.02458178997039795,0.04783185198903084,0.04209375008940697,0.0005186779890209436,0.035118818283081055,0.07024776935577393,0.036671318113803864,0.0002015811624005437
1,1024,transformer.h.0.mlp.c_proj.weight,transformer.h.0.mlp.c_proj.weight,"[384, 1024]",int8-linear-b2048,3.2498826385563007e-07,0.00013447881792671978,0.00035986173315905035,0.0001348038058495149,0.00022505792730953544,0.000261058215983212,0.0007785297930240631,0.03831757977604866,9.369914914714172e-05,0.001154074096120894,0.004734704736620188,0.03839907795190811,0.00010267042671330273,0.0024056227412074804,0.007364183198660612,0.03777588903903961,6.303544068941846e-05
1,1024,transformer.h.0.mlp.c_proj.weight,transformer.h.0.mlp.c_proj.weight,"[384, 1024]",int4-linear-b2048,0.0003008217317983508,0.04336845502257347,0.11205048114061356,0.04366927593946457,0.06838120520114899,0.013320401310920715,0.03168449550867081,0.04183946177363396,0.0006765853613615036,0.03308522701263428,0.08837858587503433,0.039417851716279984,0.00024830413167364895,0.06181005388498306,0.16178591549396515,0.03830192610621452,0.00011900236131623387
1,1024,transformer.h.0.mlp.c_proj.weight,transformer.h.0.mlp.c_proj.weight,"[384, 1024]",int4-dynamic-b2048,0.0014795041643083096,0.019861377775669098,0.045802973210811615,0.021340882405638695,0.02446209080517292,0.040914542973041534,0.05381081998348236,0.06653499603271484,0.019271576777100563,0.05066310986876488,0.08559666574001312,0.04611198604106903,0.0010811358224600554,0.053373176604509354,0.13674229383468628,0.04310569912195206,0.00019880550098605454
1,1024,transformer.h.1.attn.c_attn.weight,transformer.h.1.attn.c_attn.weight,"[1152, 384]",int8-linear-b2048,1.5393915475669928e-08,5.736962521041278e-06,8.563594747101888e-06,5.752356628363486e-06,2.8112381187384017e-06,0.0002677261072676629,0.0013621561229228973,0.0930991917848587,0.00028888529050163925,0.003031302709132433,0.009930424392223358,0.07136138528585434,0.0001439286716049537,0.011798822320997715,0.05129069834947586,0.032335445284843445,0.00011553431249922141
1,1024,transformer.h.1.attn.c_attn.weight,transformer.h.1.attn.c_attn.weight,"[1152, 384]",int4-linear-b2048,5.290125955070835e-06,0.0018850169144570827,0.002806868404150009,0.0018903070595115423,0.0009165613446384668,0.005418429616838694,0.02038692869246006,0.09363801777362823,0.00030984627665020525,0.06118478998541832,0.18179237842559814,0.07432520389556885,0.00018340304086450487,0.19975295662879944,0.7608800530433655,0.032307274639606476,8.701601473148912e-05
1,1024,transformer.h.1.attn.c_attn.weight,transformer.h.1.attn.c_attn.weight,"[1152, 384]",int4-dynamic-b2048,3.535580981406383e-05,0.0018320513190701604,0.00272652180865407,0.0018674071179702878,0.0008591146906837821,0.02639288455247879,0.03702650964260101,0.10706572234630585,0.010631779208779335,0.06105520948767662,0.19905702769756317,0.07407980412244797,0.00017255191050935537,0.16302677989006042,0.5890361070632935,0.031360507011413574,6.64821345708333e-05
1,1024,transformer.h.1.attn.c_proj.weight,transformer.h.1.attn.c_proj.weight,"[384, 384]",int8-linear-b2048,1.7975696664507268e-07,6.260498776100576e-05,6.278474756982177e-05,6.278474756982177e-05,0.0,0.0003530865360517055,0.0011950726620852947,0.10349518060684204,0.0003108396485913545,0.006607451476156712,0.027431070804595947,0.10027039051055908,0.00040749102481640875,0.2630588412284851,1.3696799278259277,0.10070301592350006,0.0002599477011244744
1,1024,transformer.h.1.attn.c_proj.weight,transformer.h.1.attn.c_proj.weight,"[384, 384]",int4-linear-b2048,5.735345621360466e-05,0.02057931013405323,0.02063666097819805,0.0206366628408432,0.0,0.0051840487867593765,0.019394101575016975,0.10400767624378204,0.00019643032283056527,0.10649406164884567,0.33093613386154175,0.10152263939380646,0.0003122977796010673,10.874728202819824,274.47137451171875,0.10130047053098679,0.000332704366883263
1,1024,transformer.h.1.attn.c_proj.weight,transformer.h.1.attn.c_proj.weight,"[384, 384]",int4-dynamic-b2048,0.000264205620624125,0.01872638799250126,0.018990594893693924,0.018990593031048775,1.862645149230957e-09,0.02515244111418724,0.04289549961686134,0.11756223440170288,0.010863627307116985,0.0921911671757698,0.3305482566356659,0.09929831326007843,0.00027009527548216283,5.193576335906982,59.55633544921875,0.09851871430873871,0.00018419123080093414
1,1024,transformer.h.1.mlp.w1.weight,transformer.h.1.mlp.w1.weight,"[1024, 384]",int8-linear-b2048,8.796537720456854e-09,3.371317234268645e-06,8.58196108310949e-06,3.3801138670241926e-06,5.201847216085298e-06,0.00019589981820899993,0.000555050210095942,0.048371776938438416,0.00012548320228233933,0.0008751402492634952,0.002119677374139428,0.03867054358124733,0.00012814061483368278,0.0018218588083982468,0.006182260345667601,0.037370238453149796,8.501706906827167e-05
1,1024,transformer.h.1.mlp.w1.weight,transformer.h.1.mlp.w1.weight,"[1024, 384]",int4-linear-b2048,3.2158040994545445e-06,0.0011037061922252178,0.0027719237841665745,0.001106922049075365,0.0016650017350912094,0.0040824837051332,0.012729779817163944,0.05125444754958153,0.00017505518917459995,0.015392591245472431,0.05136057734489441,0.03869640827178955,0.0001414318394381553,0.03538447618484497,0.16505350172519684,0.03733991086483002,0.00011266463116044179
1,1024,transformer.h.1.mlp.w1.weight,transformer.h.1.mlp.w1.weight,"[1024, 384]",int4-dynamic-b2048,2.4340373784070835e-05,0.0010026604868471622,0.0021942348685115576,0.0010270008351653814,0.0011672340333461761,0.019393403083086014,0.029299302026629448,0.0788327157497406,0.006715661380439997,0.02712078019976616,0.06057772785425186,0.04306430369615555,0.00043982546776533127,0.03858914226293564,0.11258199065923691,0.035438232123851776,0.0001613032800378278
1,1024,transformer.h.1.mlp.w2.weight,transformer.h.1.mlp.w2.weight,"[1024, 384]",int8-linear-b2048,7.858467654386914e-09,3.13939449370082e-06,7.891591849329416e-06,3.147252982671489e-06,4.744339094031602e-06,0.00021329577430151403,0.000625973625574261,0.054532844573259354,0.00014664806076325476,0.0005852201720699668,0.0018003792501986027,0.03748096153140068,6.046895214240067e-05,0.0018850016640499234,0.006291272584348917,0.03635137900710106,8.792131120571867e-05
1,1024,transformer.h.1.mlp.w2.weight,transformer.h.1.mlp.w2.weight,"[1024, 384]",int4-linear-b2048,3.073139851039741e-06,0.0010111595038324594,0.002523879986256361,0.0010142326354980469,0.0015096473507583141,0.004134249407798052,0.016675401479005814,0.052929047495126724,0.00017843877139966935,0.011965770274400711,0.05283503979444504,0.038763951510190964,8.392018207814544e-05,0.0329345278441906,0.10227230191230774,0.03647639974951744,8.817511843517423e-05
1,1024,transformer.h.1.mlp.w2.weight,transformer.h.1.mlp.w2.weight,"[1024, 384]",int4-dynamic-b2048,2.4709879653528333e-05,0.0009442402515560389,0.002047192072495818,0.0009689501021057367,0.0010782419703900814,0.019327104091644287,0.03264029324054718,0.08404751121997833,0.0070062847808003426,0.027892660349607468,0.08363517373800278,0.04327189549803734,0.0004575052298605442,0.03880936652421951,0.1053316742181778,0.034674301743507385,0.0001359064772259444
1,1024,transformer.h.1.mlp.c_proj.weight,transformer.h.1.mlp.c_proj.weight,"[384, 1024]",int8-linear-b2048,1.6584890261128749e-07,6.028758070897311e-05,0.00016150019655469805,6.045342888683081e-05,0.00010104676766786724,0.0002371113805565983,0.000861471111420542,0.0395895279943943,0.00010382512846263126,0.0011087879538536072,0.004060506820678711,0.03811104968190193,0.00010301505244569853,0.0029057825449854136,0.009017025120556355,0.03773682191967964,8.477696246700361e-05
1,1024,transformer.h.1.mlp.c_proj.weight,transformer.h.1.mlp.c_proj.weight,"[384, 1024]",int4-linear-b2048,8.224609337048605e-05,0.019529733806848526,0.05129631236195564,0.019611980766057968,0.031684331595897675,0.009884823113679886,0.02292099967598915,0.04035179689526558,0.0004527895653154701,0.022995416074991226,0.06802939623594284,0.038636378943920135,0.00012868295016232878,0.0510062575340271,0.14668838679790497,0.03776865452528,8.263400377472863e-05
1,1024,transformer.h.1.mlp.c_proj.weight,transformer.h.1.mlp.c_proj.weight,"[384, 1024]",int4-dynamic-b2048,0.0006536985747516155,0.010377835482358932,0.023014424368739128,0.011031534522771835,0.011982889845967293,0.03597857803106308,0.04948752745985985,0.06490916013717651,0.016124481335282326,0.04826498031616211,0.092405766248703,0.04569222033023834,0.0009342789417132735,0.05504055693745613,0.13384442031383514,0.04422849416732788,0.00022061965137254447
1,1024,transformer.h.2.attn.c_attn.weight,transformer.h.2.attn.c_attn.weight,"[1152, 384]",int8-linear-b2048,6.598583013328607e-08,2.4676321118022315e-05,3.834197559626773e-05,2.4742306777625345e-05,1.3599668818642385e-05,0.0004917859332635999,0.001140329404734075,0.07734068483114243,0.00024181015032809228,0.0065915510058403015,0.016613483428955078,0.06912960112094879,0.00020293409761507064,0.030879158526659012,0.08405805379152298,0.052896298468112946,0.00015242560766637325
1,1024,transformer.h.2.attn.c_attn.weight,transformer.h.2.attn.c_attn.weight,"[1152, 384]",int4-linear-b2048,2.356977347517386e-05,0.007759076543152332,0.011685707606375217,0.007782646454870701,0.0039030611515045166,0.010673265904188156,0.027865681797266006,0.1014585942029953,0.0006797403329983354,0.08146800845861435,0.2944229543209076,0.06781818717718124,0.00010416648001410067,0.4699970781803131,1.3638371229171753,0.04911021515727043,0.00010852067498490214
1,1024,transformer.h.2.attn.c_attn.weight,transformer.h.2.attn.c_attn.weight,"[1152, 384]",int4-dynamic-b2048,9.698631038190797e-05,0.0057265497744083405,0.008515553548932076,0.0058235363103449345,0.002692017238587141,0.027898898348212242,0.05110941082239151,0.12441491335630417,0.009380212053656578,0.10105828195810318,0.2325463593006134,0.0686531513929367,0.00019099909695796669,0.4585828483104706,1.0572668313980103,0.04602665826678276,0.00012603224604390562
1,1024,transformer.h.2.attn.c_proj.weight,transformer.h.2.attn.c_proj.weight,"[384, 384]",int8-linear-b2048,1.3148790856121195e-07,5.6385102652711794e-05,5.65165864827577e-05,5.651659012073651e-05,0.0,0.0003245163825340569,0.001214154763147235,0.10273202508687973,0.0002464353747200221,0.004409980494529009,0.018823744729161263,0.1020648255944252,0.00022057202295400202,0.3782959282398224,5.15833854675293,0.10158545523881912,0.00025816226843744516
1,1024,transformer.h.2.attn.c_proj.weight,transformer.h.2.attn.c_proj.weight,"[384, 384]",int4-linear-b2048,4.994911068934016e-05,0.018583297729492188,0.018633246421813965,0.018633246421813965,0.0,0.007512611337006092,0.033213309943675995,0.10171399265527725,0.0003461842716205865,0.09350372850894928,0.304515540599823,0.10184654593467712,0.00027279468486085534,6.801490783691406,73.09942626953125,0.10345873236656189,0.0002475363144185394
1,1024,transformer.h.2.attn.c_proj.weight,transformer.h.2.attn.c_proj.weight,"[384, 384]",int4-dynamic-b2048,0.00022737968538422137,0.01738296076655388,0.017610343173146248,0.0176103413105011,1.862645149230957e-09,0.024898728355765343,0.044463180005550385,0.1156260073184967,0.009654555469751358,0.08559668809175491,0.3565739095211029,0.10012224316596985,0.00026921654352918267,9.913039207458496,219.41357421875,0.10194539278745651,0.00025979490601457655
1,1024,transformer.h.2.mlp.w1.weight,transformer.h.2.mlp.w1.weight,"[1024, 384]",int8-linear-b2048,5.034709982254526e-09,1.8484872725821333e-06,4.7035637180670165e-06,1.8535220078774728e-06,2.8500417101895437e-06,0.00013599343947134912,0.0004339629376772791,0.04417402297258377,8.155849354807287e-05,0.0007880243356339633,0.001815873896703124,0.0398002453148365,0.00012536361464299262,0.0018328743753954768,0.0057839807122945786,0.03719059005379677,9.237447375198826e-05
1,1024,transformer.h.2.mlp.w1.weight,transformer.h.2.mlp.w1.weight,"[1024, 384]",int4-linear-b2048,1.454703578929184e-06,0.0006097113946452737,0.00154804193880409,0.0006111661205068231,0.000936875818297267,0.0030015227384865284,0.008553351275622845,0.04612330347299576,0.00011138079571537673,0.011785238049924374,0.028736794367432594,0.03923310339450836,8.858377259457484e-05,0.03336668387055397,0.07847893983125687,0.03661971911787987,8.822012023301795e-05
1,1024,transformer.h.2.mlp.w1.weight,transformer.h.2.mlp.w1.weight,"[1024, 384]",int4-dynamic-b2048,1.4512843335978687e-05,0.0006296069477684796,0.0014240691671147943,0.0006441198056563735,0.0007799493614584208,0.018705738708376884,0.026064233854413033,0.06489500403404236,0.0063710599206388,0.0235661119222641,0.0528089702129364,0.04287777841091156,0.0003285591665189713,0.03704285994172096,0.11056970059871674,0.03688162565231323,0.00012559298193082213
1,1024,transformer.h.2.mlp.w2.weight,transformer.h.2.mlp.w2.weight,"[1024, 384]",int8-linear-b2048,5.881032105747863e-09,2.018948180193547e-06,5.071685336588416e-06,2.0248292003088864e-06,3.04685613627953e-06,0.00021705246763303876,0.0008712016278877854,0.049354612827301025,0.00016744401364121586,0.0008629284566268325,0.0018982504261657596,0.03933526948094368,0.00012816794333048165,0.002159652765840292,0.006429353263229132,0.03757913410663605,0.00010939944331767038
1,1024,transformer.h.2.mlp.w2.weight,transformer.h.2.mlp.w2.weight,"[1024, 384]",int4-linear-b2048,2.0068819139851257e-06,0.0006657912163063884,0.0016652303747832775,0.0006677981000393629,0.0009974322747439146,0.003303145058453083,0.0135923121124506,0.04848172515630722,0.00014532556815538555,0.01559437531977892,0.07953561097383499,0.03979372978210449,0.0001574318448547274,0.042697615921497345,0.09498177468776703,0.036967866122722626,0.00011006817658198997
1,1024,transformer.h.2.mlp.w2.weight,transformer.h.2.mlp.w2.weight,"[1024, 384]",int4-dynamic-b2048,1.675114435784053e-05,0.0006652949377894402,0.0014529044274240732,0.0006820460548624396,0.0007708583725616336,0.02040265128016472,0.03892962634563446,0.07454536855220795,0.007393933366984129,0.022554801777005196,0.05722774937748909,0.04495572671294212,0.0003240177175030112,0.03913532942533493,0.1253451406955719,0.035982996225357056,0.00011855569027829915
1,1024,transformer.h.2.mlp.c_proj.weight,transformer.h.2.mlp.c_proj.weight,"[384, 1024]",int8-linear-b2048,5.141777137396275e-08,1.9902812709915452e-05,5.306087405188009e-05,1.9954230083385482e-05,3.310664396849461e-05,0.00015713994798716158,0.0004713647940661758,0.039431244134902954,9.90315165836364e-05,0.0007157399086281657,0.0025325727183371782,0.03835087642073631,9.195270831696689e-05,0.0019610505551099777,0.0042962548322975636,0.03793641924858093,8.275152504211292e-05
1,1024,transformer.h.2.mlp.c_proj.weight,transformer.h.2.mlp.c_proj.weight,"[384, 1024]",int4-linear-b2048,1.822232297854498e-05,0.0065413243137300014,0.017408408224582672,0.006559546571224928,0.010848861187696457,0.002802058821544051,0.00811032298952341,0.03880912438035011,0.00010113053576787934,0.01655932143330574,0.04980355128645897,0.03784608095884323,0.00013995358312968165,0.04002780094742775,0.12607993185520172,0.038757335394620895,0.00011685112986015156
1,1024,transformer.h.2.mlp.c_proj.weight,transformer.h.2.mlp.c_proj.weight,"[384, 1024]",int4-dynamic-b2048,0.0002099940465996042,0.005331456195563078,0.012371109798550606,0.005541450344026089,0.006829659454524517,0.025844154879450798,0.032811980694532394,0.054756149649620056,0.008852982893586159,0.030851265415549278,0.0662292093038559,0.04392576962709427,0.0005866845021955669,0.04740157350897789,0.1193883866071701,0.04370478168129921,0.0002442409750074148
1,1024,transformer.h.3.attn.c_attn.weight,transformer.h.3.attn.c_attn.weight,"[1152, 384]",int8-linear-b2048,9.454367955186171e-09,3.6186117995384848e-06,5.258202691038605e-06,3.62806622433709e-06,1.630136466701515e-06,0.0002672944392543286,0.0008656864520162344,0.09333072602748871,0.00023886605049483478,0.004679016303271055,0.010505481623113155,0.0768183022737503,0.0001955484040081501,0.01517595537006855,0.046830467879772186,0.03378630056977272,7.11045868229121e-05
1,1024,transformer.h.3.attn.c_attn.weight,transformer.h.3.attn.c_attn.weight,"[1152, 384]",int4-linear-b2048,3.044891855097376e-06,0.001190217793919146,0.0017221457092091441,0.0011932626366615295,0.0005288830725476146,0.004072267096489668,0.012225423939526081,0.09624431282281876,0.0001627995225135237,0.08634185791015625,0.31353500485420227,0.07544035464525223,0.00022101771901361644,0.3066747784614563,1.1681592464447021,0.03415932506322861,9.402487194165587e-05
1,1024,transformer.h.3.attn.c_attn.weight,transformer.h.3.attn.c_attn.weight,"[1152, 384]",int4-dynamic-b2048,1.9244074792368338e-05,0.0011810684809461236,0.0016962636727839708,0.001200312515720725,0.0004959511570632458,0.023046912625432014,0.046879786998033524,0.11000099778175354,0.008998404256999493,0.0821838527917862,0.25901374220848083,0.07599174231290817,0.00020264789054635912,0.24296574294567108,0.7501985430717468,0.03369424492120743,5.8873505622614175e-05
1,1024,transformer.h.3.attn.c_proj.weight,transformer.h.3.attn.c_proj.weight,"[384, 384]",int8-linear-b2048,5.7717429058357084e-08,2.318051156180445e-05,2.3238226276589558e-05,2.323822809557896e-05,0.0,0.00029352554702199996,0.0010714468080550432,0.10185451060533524,0.00024624241632409394,0.005353339947760105,0.013978847302496433,0.10059788078069687,0.00034418710856698453,0.3863845765590668,7.804732799530029,0.10306979715824127,0.0002200666640419513
1,1024,transformer.h.3.attn.c_proj.weight,transformer.h.3.attn.c_proj.weight,"[384, 384]",int4-linear-b2048,1.8582348275231197e-05,0.007636873051524162,0.007655453868210316,0.007655455265194178,0.0,0.00418356666341424,0.015183182433247566,0.10229579359292984,0.00016494210285600275,0.1034156009554863,0.3312348425388336,0.10004676878452301,0.00035352891427464783,4.607614040374756,32.55288314819336,0.10161026567220688,0.00026848126435652375
1,1024,transformer.h.3.attn.c_proj.weight,transformer.h.3.attn.c_proj.weight,"[384, 384]",int4-dynamic-b2048,8.52421871968545e-05,0.008053561672568321,0.008138802833855152,0.008138803765177727,0.0,0.02304009534418583,0.04328814148902893,0.11379195749759674,0.007412387058138847,0.08735591173171997,0.25772446393966675,0.09971443563699722,0.00025989877758547664,4.922173500061035,26.196453094482422,0.09928038716316223,0.0002455588255543262
1,1024,transformer.h.3.mlp.w1.weight,transformer.h.3.mlp.w1.weight,"[1024, 384]",int8-linear-b2048,5.3917394993163725e-09,2.0443926587176975e-06,5.094007974548731e-06,2.049784370683483e-06,3.044223603865248e-06,0.00017750838014762849,0.0007515876204706728,0.05566054955124855,0.00014152498624753207,0.0008142906008288264,0.0023152311332523823,0.03908722847700119,0.0001066955373971723,0.0024633731227368116,0.006198767572641373,0.03664916753768921,0.00010728716006269678
1,1024,transformer.h.3.mlp.w1.weight,transformer.h.3.mlp.w1.weight,"[1024, 384]",int4-linear-b2048,1.821346813812852e-06,0.0006610893178731203,0.0016302485018968582,0.0006629106937907636,0.0009673378081060946,0.002946969121694565,0.00992510188370943,0.05618014559149742,0.00010663512512110174,0.011036613024771214,0.03105119615793228,0.03922606632113457,7.029042899375781e-05,0.03963571414351463,0.13574443757534027,0.036415647715330124,0.00010423171625006944
1,1024,transformer.h.3.mlp.w1.weight,transformer.h.3.mlp.w1.weight,"[1024, 384]",int4-dynamic-b2048,1.4111231394053902e-05,0.0006018429412506521,0.001302337390370667,0.0006159541662782431,0.0006863832240924239,0.0195449311286211,0.028058595955371857,0.08336785435676575,0.006488329730927944,0.026715541258454323,0.055745840072631836,0.04438667371869087,0.0003924765042029321,0.04548824205994606,0.10537192970514297,0.03514834865927696,0.00013783744361717254
1,1024,transformer.h.3.mlp.w2.weight,transformer.h.3.mlp.w2.weight,"[1024, 384]",int8-linear-b2048,5.304680694706576e-09,2.0016072994621936e-06,5.02067041452392e-06,2.0069119273102842e-06,3.013758487213636e-06,0.0001511796290287748,0.0003870785585604608,0.055750101804733276,9.358546230942011e-05,0.0008545313612557948,0.0032807306852191687,0.03850407898426056,0.00012430749484337866,0.0026141044218093157,0.008250772953033447,0.036275316029787064,0.00012249509745743126
1,1024,transformer.h.3.mlp.w2.weight,transformer.h.3.mlp.w2.weight,"[1024, 384]",int4-linear-b2048,2.263437181682093e-06,0.0006481698947027326,0.001595101784914732,0.0006504333578050137,0.0009446684271097183,0.005779333412647247,0.011878377757966518,0.057744406163692474,0.0003372519859112799,0.01460595615208149,0.04464109614491463,0.03878681734204292,9.875920659396797e-05,0.02984081394970417,0.082555390894413,0.036632418632507324,5.242022962193005e-05
1,1024,transformer.h.3.mlp.w2.weight,transformer.h.3.mlp.w2.weight,"[1024, 384]",int4-dynamic-b2048,1.51380309034721e-05,0.0005736845196224749,0.0012352517805993557,0.0005888225277885795,0.0006464292528107762,0.01970147155225277,0.028963174670934677,0.09186729788780212,0.007779642473906279,0.02930382266640663,0.06342922151088715,0.04227674379944801,0.0004302765300963074,0.042453229427337646,0.10368013381958008,0.03526916727423668,0.00011145210009999573
1,1024,transformer.h.3.mlp.c_proj.weight,transformer.h.3.mlp.c_proj.weight,"[384, 1024]",int8-linear-b2048,8.811322516066866e-08,2.956494063255377e-05,7.919674681033939e-05,2.9653054298250936e-05,4.954369069309905e-05,0.00023060254170559347,0.0010820996249094605,0.03900742158293724,0.00014074357750359923,0.0010876592714339495,0.004181636031717062,0.036988139152526855,0.00012110228271922097,0.0026687760837376118,0.008052011951804161,0.03827348351478577,9.956614667316899e-05
1,1024,transformer.h.3.mlp.c_proj.weight,transformer.h.3.mlp.c_proj.weight,"[384, 1024]",int4-linear-b2048,3.0940725991968066e-05,0.009600650519132614,0.02550273761153221,0.00963159091770649,0.015871146693825722,0.004830742720514536,0.01804519072175026,0.039102472364902496,0.00014962366549298167,0.02176394872367382,0.0652896910905838,0.038666993379592896,0.00016325294564012438,0.044942162930965424,0.1630432903766632,0.038557201623916626,0.00010483824007678777
1,1024,transformer.h.3.mlp.c_proj.weight,transformer.h.3.mlp.c_proj.weight,"[384, 1024]",int4-dynamic-b2048,0.00032140829716809094,0.005495933350175619,0.012532146647572517,0.00581734161823988,0.006714805029332638,0.03305443376302719,0.04857945442199707,0.06151013821363449,0.014189505949616432,0.04025743156671524,0.08285951614379883,0.045629553496837616,0.0009212570148520172,0.05004732683300972,0.1565352827310562,0.043946005403995514,0.00023014534963294864
1,1024,transformer.h.4.attn.c_attn.weight,transformer.h.4.attn.c_attn.weight,"[1152, 384]",int8-linear-b2048,1.8685119229644442e-08,8.419160621997435e-06,1.1702550182235427e-05,8.43784619064536e-06,3.2647039915900677e-06,0.0003093878331128508,0.0015193765284493566,0.11095484346151352,0.00022131978766992688,0.0033543722238391638,0.007870299741625786,0.07067739963531494,0.00011191248631803319,0.020259758457541466,0.06965015828609467,0.0454276017844677,0.00010966817353619263
1,1024,transformer.h.4.attn.c_attn.weight,transformer.h.4.attn.c_attn.weight,"[1152, 384]",int4-linear-b2048,6.634009878325742e-06,0.0027462374418973923,0.003783193416893482,0.002752871485427022,0.0010303219314664602,0.005062759853899479,0.03181884065270424,0.11404584348201752,0.00018538028234615922,0.09075777977705002,0.3099377453327179,0.07187190651893616,0.00027568708173930645,0.34949252009391785,1.0928163528442383,0.044832322746515274,9.817840327741578e-05
1,1024,transformer.h.4.attn.c_attn.weight,transformer.h.4.attn.c_attn.weight,"[1152, 384]",int4-dynamic-b2048,4.427116073202342e-05,0.0023710576351732016,0.0031925207003951073,0.0024153287522494793,0.000777191948145628,0.02588556706905365,0.04110175743699074,0.148647740483284,0.011283664032816887,0.06869421154260635,0.23136959969997406,0.07237853109836578,0.000221984475501813,0.36410313844680786,1.3419731855392456,0.038179829716682434,0.0001170322357211262
1,1024,transformer.h.4.attn.c_proj.weight,transformer.h.4.attn.c_proj.weight,"[384, 384]",int8-linear-b2048,1.0057116384132314e-07,3.9796355849830434e-05,3.9896927773952484e-05,3.9896927773952484e-05,0.0,0.00033102830639109015,0.001053462503477931,0.10053164511919022,0.0002582680026534945,0.005378637462854385,0.0126577103510499,0.10202064365148544,0.00031692968332208693,0.4635775685310364,7.453222751617432,0.09999264776706696,0.00026418856577947736
1,1024,transformer.h.4.attn.c_proj.weight,transformer.h.4.attn.c_proj.weight,"[384, 384]",int4-linear-b2048,3.2240786822512746e-05,0.013135655783116817,0.013167894445359707,0.013167896308004856,0.0,0.004116123076528311,0.01831080950796604,0.1027337908744812,0.00019570344011299312,0.0744902566075325,0.238087996840477,0.10307969152927399,0.0001843688078224659,9.11544132232666,202.090576171875,0.10145553201436996,0.00030245003290474415
1,1024,transformer.h.4.attn.c_proj.weight,transformer.h.4.attn.c_proj.weight,"[384, 384]",int4-dynamic-b2048,0.00016169330046977848,0.012114805169403553,0.01227649673819542,0.012276498600840569,0.0,0.0253654383122921,0.050130922347307205,0.11758346110582352,0.010219167917966843,0.10013129562139511,0.2933941185474396,0.09960688650608063,0.00039703838410787284,6.919327735900879,121.61518096923828,0.10022413730621338,0.0002288383839186281
1,1024,transformer.h.4.mlp.w1.weight,transformer.h.4.mlp.w1.weight,"[1024, 384]",int8-linear-b2048,5.091103982834966e-09,2.387777158219251e-06,5.897423307033023e-06,2.3928682821861003e-06,3.5045550248469226e-06,0.00014108822506386787,0.0004343031032476574,0.0782216414809227,8.407258428633213e-05,0.0008140600984916091,0.00189414422493428,0.03535330668091774,9.309604502050206e-05,0.0017846203409135342,0.00503492308780551,0.036081232130527496,5.92192227486521e-05
1,1024,transformer.h.4.mlp.w1.weight,transformer.h.4.mlp.w1.weight,"[1024, 384]",int4-linear-b2048,1.8967982668982586e-06,0.0006900277803651989,0.0016470201080664992,0.000691924593411386,0.0009550955146551132,0.004104976542294025,0.01963823102414608,0.08783872425556183,0.00034566482645459473,0.012279731221497059,0.03729994222521782,0.036238934844732285,7.833306153770536e-05,0.03651587665081024,0.08378099650144577,0.035716213285923004,7.69652979215607e-05
1,1024,transformer.h.4.mlp.w1.weight,transformer.h.4.mlp.w1.weight,"[1024, 384]",int4-dynamic-b2048,1.7393174857716076e-05,0.0006725013954564929,0.0014181488659232855,0.0006898945430293679,0.0007282543228939176,0.021178292110562325,0.02810606360435486,0.13181878626346588,0.0072495113126933575,0.0260956808924675,0.05211692303419113,0.03935946524143219,0.0003392305225133896,0.04355158656835556,0.11809135228395462,0.033723704516887665,0.00014433744945563376
1,1024,transformer.h.4.mlp.w2.weight,transformer.h.4.mlp.w2.weight,"[1024, 384]",int8-linear-b2048,5.46650413824068e-09,2.338756303288392e-06,5.867448180651991e-06,2.344222821193398e-06,3.5232253594585927e-06,0.00015969679225236177,0.000538586697075516,0.0733269453048706,0.00010635951184667647,0.0008655953570269048,0.0026599059347063303,0.03673649579286575,0.00010665930312825367,0.0023394969757646322,0.006360391154885292,0.03622797876596451,9.053982648765668e-05
1,1024,transformer.h.4.mlp.w2.weight,transformer.h.4.mlp.w2.weight,"[1024, 384]",int4-linear-b2048,2.8663650937232887e-06,0.0007032851572148502,0.0016860862961038947,0.000706151535268873,0.0009799348190426826,0.004543142858892679,0.012347518466413021,0.08310498297214508,0.0007266240427270532,0.014317098073661327,0.033005282282829285,0.0381208099424839,9.162261267192662e-05,0.041380591690540314,0.1667780727148056,0.03591114655137062,0.00010111870506079867
1,1024,transformer.h.4.mlp.w2.weight,transformer.h.4.mlp.w2.weight,"[1024, 384]",int4-dynamic-b2048,1.770874223439023e-05,0.0006697596400044858,0.001392322825267911,0.0006874683895148337,0.0007048544357530773,0.021294377744197845,0.02988462708890438,0.1300889551639557,0.007904406636953354,0.028963280841708183,0.06800176203250885,0.041181780397892,0.00048015068750828505,0.04612401872873306,0.1524452120065689,0.03308195248246193,0.00014248533989302814
1,1024,transformer.h.4.mlp.c_proj.weight,transformer.h.4.mlp.c_proj.weight,"[384, 1024]",int8-linear-b2048,1.6533923030692677e-07,5.912451524636708e-05,0.00015918788267299533,5.9289854107191786e-05,9.989802492782474e-05,0.00027341156965121627,0.0011194832623004913,0.03839591145515442,8.632829849375412e-05,0.0012623369693756104,0.004479538649320602,0.03732341155409813,9.691739251138642e-05,0.0038965691346675158,0.0161434393376112,0.03817025572061539,0.00013364387268666178
1,1024,transformer.h.4.mlp.c_proj.weight,transformer.h.4.mlp.c_proj.weight,"[384, 1024]",int4-linear-b2048,0.00021118982112966478,0.018966617062687874,0.048108991235494614,0.019177807494997978,0.028931183740496635,0.02127336710691452,0.039294350892305374,0.045476820319890976,0.001816731528379023,0.04512317106127739,0.1171310767531395,0.039644572883844376,0.00037771742790937424,0.07357554137706757,0.330714613199234,0.04068232327699661,0.00014276013826020062
1,1024,transformer.h.4.mlp.c_proj.weight,transformer.h.4.mlp.c_proj.weight,"[384, 1024]",int4-dynamic-b2048,0.0006090188981033862,0.007576116360723972,0.01712454855442047,0.008185135200619698,0.008939413353800774,0.04220927506685257,0.0583832748234272,0.07143988460302353,0.02320200204849243,0.05032362788915634,0.08086270838975906,0.045254092663526535,0.0009625167585909367,0.06451627612113953,0.18913447856903076,0.04434123635292053,0.00027462150319479406
1,1024,transformer.h.5.attn.c_attn.weight,transformer.h.5.attn.c_attn.weight,"[1152, 384]",int8-linear-b2048,8.143118179759767e-09,3.4386550851195352e-06,4.586847808241146e-06,3.446798245931859e-06,1.1400495623092866e-06,0.0002053732459899038,0.0008332828874699771,0.09951124340295792,0.00019394610717426986,0.0054825977422297,0.016123292967677116,0.08466444164514542,0.00022816324781160802,0.02242192253470421,0.04790224879980087,0.03150021657347679,6.90581655362621e-05
1,1024,transformer.h.5.attn.c_attn.weight,transformer.h.5.attn.c_attn.weight,"[1152, 384]",int4-linear-b2048,2.88846786133945e-06,0.001135201659053564,0.0015170443803071976,0.001138090156018734,0.0003789542242884636,0.0047316052950918674,0.018066897988319397,0.10017123818397522,0.00023841527581680566,0.09789779782295227,0.25227874517440796,0.0848025307059288,0.00020817799668293446,0.3921307921409607,0.9236839413642883,0.03233300521969795,9.313935152022168e-05
1,1024,transformer.h.5.attn.c_attn.weight,transformer.h.5.attn.c_attn.weight,"[1152, 384]",int4-dynamic-b2048,1.946220982063096e-05,0.0010592339094728231,0.00143031170591712,0.0010786961065605283,0.0003516155993565917,0.025288447737693787,0.04153602570295334,0.1135062500834465,0.011019203811883926,0.12389399111270905,0.32295021414756775,0.08328110724687576,0.00033142598113045096,0.3658559322357178,1.1749659776687622,0.03132627531886101,7.87135140853934e-05
1,1024,transformer.h.5.attn.c_proj.weight,transformer.h.5.attn.c_proj.weight,"[384, 384]",int8-linear-b2048,3.214530863715481e-08,1.2365839211270213e-05,1.2397982573020272e-05,1.2397984392009676e-05,0.0,0.00023657943529542536,0.0006413220544345677,0.10114649683237076,0.0003168319817632437,0.004627683199942112,0.013020231388509274,0.10252086073160172,0.0003437568375375122,0.2537979185581207,2.860358953475952,0.10277914255857468,0.000198817637283355
1,1024,transformer.h.5.attn.c_proj.weight,transformer.h.5.attn.c_proj.weight,"[384, 384]",int4-linear-b2048,1.072361737897154e-05,0.004081110004335642,0.004091833718121052,0.004091833718121052,0.0,0.004264802671968937,0.013538066297769547,0.10218452662229538,0.0002736143651418388,0.06586985290050507,0.20913375914096832,0.10087449103593826,0.00025060155894607306,3.349937915802002,19.43796157836914,0.10291755944490433,0.0002429486921755597
1,1024,transformer.h.5.attn.c_proj.weight,transformer.h.5.attn.c_proj.weight,"[384, 384]",int4-dynamic-b2048,4.1688967030495405e-05,0.0048253461718559265,0.004867034498602152,0.004867034964263439,0.0,0.016861567273736,0.03517219424247742,0.11004651337862015,0.006103213876485825,0.06156613305211067,0.1894288957118988,0.10158731788396835,0.00016549871361348778,3.7891852855682373,32.56913375854492,0.10124493390321732,0.00024622754426673055
1,1024,transformer.h.5.mlp.w1.weight,transformer.h.5.mlp.w1.weight,"[1024, 384]",int8-linear-b2048,1.0318648158147425e-08,4.049910785397515e-06,1.0033386388386134e-05,4.0602294575364795e-06,5.973156930849655e-06,0.00023777116439305246,0.0008415677584707737,0.06953531503677368,0.0001729733048705384,0.0011716079898178577,0.0034500914625823498,0.03717770427465439,0.00012326969590503722,0.002891789423301816,0.007855203002691269,0.0360872708261013,7.95466621639207e-05
1,1024,transformer.h.5.mlp.w1.weight,transformer.h.5.mlp.w1.weight,"[1024, 384]",int4-linear-b2048,5.475134912558133e-06,0.001196997589431703,0.002850355114787817,0.0012024727184325457,0.0016478823963552713,0.00814057607203722,0.017062904313206673,0.07831185311079025,0.000591436808463186,0.018850546330213547,0.051189348101615906,0.037894729524850845,0.00010634923091856763,0.04392099007964134,0.11548763513565063,0.036206476390361786,6.392415525624529e-05
1,1024,transformer.h.5.mlp.w1.weight,transformer.h.5.mlp.w1.weight,"[1024, 384]",int4-dynamic-b2048,2.859803134924732e-05,0.0009117820300161839,0.0018425924936309457,0.0009403800358995795,0.0009022124577313662,0.025866786018013954,0.04338931292295456,0.1377541720867157,0.00941463652998209,0.03281940892338753,0.07663249969482422,0.040930356830358505,0.00038565704016946256,0.05328768864274025,0.17627154290676117,0.03228473290801048,0.00014882312098052353
1,1024,transformer.h.5.mlp.w2.weight,transformer.h.5.mlp.w2.weight,"[1024, 384]",int8-linear-b2048,9.05878838608487e-09,3.967749307776103e-06,9.823770596995018e-06,3.976807875005761e-06,5.846962721989257e-06,0.00024701646179892123,0.0011086869053542614,0.06797423213720322,0.0001956535706995055,0.0010573089821264148,0.0032693473622202873,0.03663521632552147,0.00011035645002266392,0.0028511856216937304,0.007712387479841709,0.0365033894777298,6.659119389951229e-05
1,1024,transformer.h.5.mlp.w2.weight,transformer.h.5.mlp.w2.weight,"[1024, 384]",int4-linear-b2048,6.242805739020696e-06,0.0011328660184517503,0.0026640885043889284,0.0011391087900847197,0.0015249797143042088,0.009474208578467369,0.019940849393606186,0.07702768594026566,0.0008080513216555119,0.024377604946494102,0.0842302069067955,0.03853565454483032,0.000188429796253331,0.04284334555268288,0.15495918691158295,0.035356320440769196,6.352882337523624e-05
1,1024,transformer.h.5.mlp.w2.weight,transformer.h.5.mlp.w2.weight,"[1024, 384]",int4-dynamic-b2048,2.7522555683390237e-05,0.0008272979175671935,0.0016747332410886884,0.000854820478707552,0.0008199127623811364,0.025273902341723442,0.03954915329813957,0.13275593519210815,0.010412339121103287,0.02909090183675289,0.07038094848394394,0.040194716304540634,0.00035021157236769795,0.04958825930953026,0.19254350662231445,0.033069174736738205,0.0001291334192501381
1,1024,transformer.h.5.mlp.c_proj.weight,transformer.h.5.mlp.c_proj.weight,"[384, 1024]",int8-linear-b2048,1.0292739460737721e-07,3.8778020098106936e-05,0.00010323585593141615,3.8880945794517174e-05,6.435491377487779e-05,0.0002848014992196113,0.001115764258429408,0.03881648927927017,0.00010267541074426845,0.0012733039911836386,0.005334885325282812,0.0383644700050354,0.00013421288167592138,0.0027932508382946253,0.007828139699995518,0.03856757655739784,8.082056592684239e-05
1,1024,transformer.h.5.mlp.c_proj.weight,transformer.h.5.mlp.c_proj.weight,"[384, 1024]",int4-linear-b2048,3.394192026462406e-05,0.012691774405539036,0.03352786973118782,0.012725716456770897,0.020802153274416924,0.005645181052386761,0.016531988978385925,0.040402159094810486,0.0001336155692115426,0.018525877967476845,0.07104507088661194,0.038238439708948135,8.221167809097096e-05,0.047684065997600555,0.14554041624069214,0.03860245645046234,7.697507680859417e-05
1,1024,transformer.h.5.mlp.c_proj.weight,transformer.h.5.mlp.c_proj.weight,"[384, 1024]",int4-dynamic-b2048,0.00045249442337080836,0.007715373300015926,0.018224691972136497,0.008167867548763752,0.010056824423372746,0.03487110882997513,0.049012478440999985,0.062386758625507355,0.01723785512149334,0.036303188651800156,0.07515538483858109,0.04400334134697914,0.00047827689559198916,0.06576509773731232,0.17499464750289917,0.043354954570531845,0.00023757007147651166
1,2048,transformer.h.0.attn.c_attn.weight,transformer.h.0.attn.c_attn.weight,"[1152, 384]",int8-linear-b2048,4.2447418024949e-08,1.4597494555346202e-05,1.8519598597777076e-05,1.4639941582572646e-05,3.87965701520443e-06,0.0003211161820217967,0.0013928227126598358,0.09933817386627197,0.00022499298211187124,0.004257241729646921,0.01604332961142063,0.0916801244020462,0.0002995364193338901,0.018567897379398346,0.05992089584469795,0.032762907445430756,0.00011141244613099843
1,2048,transformer.h.0.attn.c_attn.weight,transformer.h.0.attn.c_attn.weight,"[1152, 384]",int4-linear-b2048,1.215743577631656e-05,0.0047735474072396755,0.00603658240288496,0.004785704892128706,0.0012508775107562542,0.007740234490483999,0.02535099722445011,0.09863679111003876,0.0003019663563463837,0.07272152602672577,0.2179618775844574,0.09083356708288193,0.00022252567578107119,0.3573392927646637,0.8434330821037292,0.032407939434051514,0.00010941673099296167
1,2048,transformer.h.0.attn.c_attn.weight,transformer.h.0.attn.c_attn.weight,"[1152, 384]",int4-dynamic-b2048,7.781687600072473e-05,0.0038946692366153,0.004963293671607971,0.00397248612716794,0.000990807544440031,0.027796683833003044,0.04426834359765053,0.11414943635463715,0.0123281953856349,0.057466182857751846,0.18930895626544952,0.08708559721708298,0.000164730881806463,0.19633643329143524,0.5794122815132141,0.0318475179374218,5.2191444410709664e-05
1,2048,transformer.h.0.attn.c_proj.weight,transformer.h.0.attn.c_proj.weight,"[384, 384]",int8-linear-b2048,2.0009400714116055e-07,7.954116881592199e-05,7.974126492626965e-05,7.974126492626965e-05,0.0,0.0003379496047273278,0.0014047840377315879,0.10167618840932846,0.0002531228237785399,0.004410993307828903,0.015191568993031979,0.103470578789711,0.00024133767874445766,0.29890796542167664,3.741612672805786,0.10057305544614792,0.000297852122457698
1,2048,transformer.h.0.attn.c_proj.weight,transformer.h.0.attn.c_proj.weight,"[384, 384]",int4-linear-b2048,7.18833107384853e-05,0.02621501125395298,0.026286892592906952,0.0262868944555521,0.0,0.0048783873207867146,0.01937445066869259,0.10262434184551239,0.00017616749391891062,0.0891890749335289,0.28149163722991943,0.10179241001605988,0.0003115746658295393,7.55136251449585,144.79685974121094,0.10197652131319046,0.0002583839523140341
1,2048,transformer.h.0.attn.c_proj.weight,transformer.h.0.attn.c_proj.weight,"[384, 384]",int4-dynamic-b2048,0.00034780395799316466,0.024875178933143616,0.025222981348633766,0.025222983211278915,0.0,0.024826331064105034,0.05190514773130417,0.11728782951831818,0.010264868848025799,0.10719547420740128,0.23937460780143738,0.09964890033006668,0.00035255358670838177,9.114891052246094,178.94383239746094,0.09876562654972076,0.0002164760371670127
1,2048,transformer.h.0.mlp.w1.weight,transformer.h.0.mlp.w1.weight,"[1024, 384]",int8-linear-b2048,1.7257473672316337e-08,6.891489647387061e-06,1.71667525137309e-05,6.908747309353203e-06,1.0258005204377696e-05,0.00022497144527733326,0.0009827479952946305,0.05352788046002388,0.00016660561959724873,0.0006540348986163735,0.001894875429570675,0.03865313529968262,0.00010554230539128184,0.0015349832829087973,0.004369805566966534,0.0365062914788723,9.743337432155386e-05
1,2048,transformer.h.0.mlp.w1.weight,transformer.h.0.mlp.w1.weight,"[1024, 384]",int4-linear-b2048,6.478999694081722e-06,0.0022123639937490225,0.005522380582988262,0.0022188429720699787,0.0033035376109182835,0.004130558110773563,0.015532834455370903,0.0536835603415966,0.00016034362488426268,0.01307303924113512,0.039312101900577545,0.03902089223265648,0.00013764307368546724,0.02592182718217373,0.08906755596399307,0.037053052335977554,0.00010915844177361578
1,2048,transformer.h.0.mlp.w1.weight,transformer.h.0.mlp.w1.weight,"[1024, 384]",int4-dynamic-b2048,5.449061427498236e-05,0.0019170591840520501,0.004422169644385576,0.0019715498201549053,0.002450619824230671,0.021400345489382744,0.03287290409207344,0.077430859208107,0.006629852578043938,0.02446170151233673,0.05471029877662659,0.041037220507860184,0.0005146779003553092,0.035111162811517715,0.088126540184021,0.0351051427423954,0.00021047248446848243
1,2048,transformer.h.0.mlp.w2.weight,transformer.h.0.mlp.w2.weight,"[1024, 384]",int8-linear-b2048,1.6004770841959726e-08,6.252091225178447e-06,1.573357621964533e-05,6.268096058192896e-06,9.465480616199784e-06,0.00020556777599267662,0.0007711246144026518,0.04898267611861229,0.0001553886104375124,0.0006677210330963135,0.001590494066476822,0.03861803561449051,0.00011208695650566369,0.0013369576772674918,0.005397979170084,0.03713520988821983,8.863254333846271e-05
1,2048,transformer.h.0.mlp.w2.weight,transformer.h.0.mlp.w2.weight,"[1024, 384]",int4-linear-b2048,5.552838047151454e-06,0.002042266307398677,0.0051479521207511425,0.002047819085419178,0.0031001330353319645,0.004044745117425919,0.014066730625927448,0.0494336374104023,0.00014665826165582985,0.012038260698318481,0.036842990666627884,0.03867388516664505,0.00011692586122080684,0.024999110028147697,0.07253327965736389,0.036506351083517075,7.714601815678179e-05
1,2048,transformer.h.0.mlp.w2.weight,transformer.h.0.mlp.w2.weight,"[1024, 384]",int4-dynamic-b2048,5.876895011169836e-05,0.0018126999493688345,0.0042152320966124535,0.0018714688485488296,0.002343763131648302,0.0241845715790987,0.03173245117068291,0.06842190772294998,0.007767568342387676,0.029339633882045746,0.057316314429044724,0.041811954230070114,0.0006491886451840401,0.03742356598377228,0.08796931058168411,0.03643057867884636,0.00022572229499928653
1,2048,transformer.h.0.mlp.c_proj.weight,transformer.h.0.mlp.c_proj.weight,"[384, 1024]",int8-linear-b2048,4.619690514573449e-07,0.00017699497402645648,0.0004726357292383909,0.0001774569391272962,0.0002951787901110947,0.000284487206954509,0.00173074915073812,0.0386606827378273,8.937947131926194e-05,0.001094173756428063,0.005388765130192041,0.03786756470799446,8.196254930226132e-05,0.003556730691343546,0.01137611735612154,0.03858458250761032,0.00010190142347710207
1,2048,transformer.h.0.mlp.c_proj.weight,transformer.h.0.mlp.c_proj.weight,"[384, 1024]",int4-linear-b2048,0.0008736168383620679,0.05575478821992874,0.13978102803230286,0.056628406047821045,0.08315262198448181,0.025713549926877022,0.0436575710773468,0.04557337984442711,0.001805451582185924,0.050563421100378036,0.10277309268712997,0.041529372334480286,0.0004319881845731288,0.09877319633960724,0.20576557517051697,0.03998453542590141,0.00022562251251656562
1,2048,transformer.h.0.mlp.c_proj.weight,transformer.h.0.mlp.c_proj.weight,"[384, 1024]",int4-dynamic-b2048,0.0017454973421990871,0.02105499990284443,0.04847047105431557,0.022800497710704803,0.025669973343610764,0.04385867342352867,0.057920005172491074,0.0694638043642044,0.021487029269337654,0.05358317121863365,0.08948609977960587,0.04526672139763832,0.0011930713662877679,0.05575435608625412,0.10690769553184509,0.04369170963764191,0.00022131711011752486
1,2048,transformer.h.1.attn.c_attn.weight,transformer.h.1.attn.c_attn.weight,"[1152, 384]",int8-linear-b2048,2.1008409234468672e-08,9.08360379980877e-06,1.2172575225122273e-05,9.104612217925023e-06,3.0679630071972497e-06,0.00035018796916119754,0.0013318363344296813,0.10135340690612793,0.00025678036035969853,0.003385987365618348,0.0077997236512601376,0.08362151682376862,0.00013573495380114764,0.015877075493335724,0.044027917087078094,0.0336194708943367,9.043034515343606e-05
1,2048,transformer.h.1.attn.c_attn.weight,transformer.h.1.attn.c_attn.weight,"[1152, 384]",int4-linear-b2048,8.02351496531628e-06,0.0029878681525588036,0.003990153316408396,0.0029958917293697596,0.0009942615870386362,0.007294428534805775,0.03734919801354408,0.09965665638446808,0.0003417388943489641,0.07567942142486572,0.21559235453605652,0.08380252122879028,0.0002069304755423218,0.2999946177005768,0.856597363948822,0.033929284662008286,9.657881309976801e-05
1,2048,transformer.h.1.attn.c_attn.weight,transformer.h.1.attn.c_attn.weight,"[1152, 384]",int4-dynamic-b2048,5.3949857829138637e-05,0.0025031932163983583,0.00336838630028069,0.0025571431033313274,0.0008112431969493628,0.02992774359881878,0.04234272241592407,0.11924460530281067,0.013238449580967426,0.08110114932060242,0.20635533332824707,0.08176174014806747,0.00029412010917440057,0.2301579713821411,0.7105398178100586,0.03289923071861267,7.95920641394332e-05
1,2048,transformer.h.1.attn.c_proj.weight,transformer.h.1.attn.c_proj.weight,"[384, 384]",int8-linear-b2048,2.460272980897571e-07,8.43859015731141e-05,8.46319308038801e-05,8.46319308038801e-05,0.0,0.0003744272980839014,0.0012244851095601916,0.10175897926092148,0.0002231338294222951,0.00678402092307806,0.01569555699825287,0.10136283189058304,0.00026814398006536067,0.4017939567565918,5.177499771118164,0.1025528758764267,0.00035611807834357023
1,2048,transformer.h.1.attn.c_proj.weight,transformer.h.1.attn.c_proj.weight,"[384, 384]",int4-linear-b2048,6.742104596924037e-05,0.027587439864873886,0.02765486016869545,0.02765486016869545,0.0,0.006042378954589367,0.016804320737719536,0.10361339896917343,0.00015584872744511813,0.10150136798620224,0.3528055250644684,0.10260515660047531,0.0002259754837723449,8.59536075592041,91.36201477050781,0.10185639560222626,0.0003277321520727128
1,2048,transformer.h.1.attn.c_proj.weight,transformer.h.1.attn.c_proj.weight,"[384, 384]",int4-dynamic-b2048,0.0003584004007279873,0.020532315596938133,0.020890716463327408,0.020890716463327408,0.0,0.03369969502091408,0.06341838836669922,0.12204840034246445,0.013882596045732498,0.09278159588575363,0.23028776049613953,0.09954704344272614,0.00020041284733451903,8.016935348510742,178.27565002441406,0.09908360242843628,0.00018571560212876648
1,2048,transformer.h.1.mlp.w1.weight,transformer.h.1.mlp.w1.weight,"[1024, 384]",int8-linear-b2048,1.2066307952807165e-08,4.330920091888402e-06,1.1050739885831717e-05,4.342986358096823e-06,6.707753527734894e-06,0.0001997742656385526,0.0005671787075698376,0.04771272465586662,0.00011590601206989959,0.0006769253523088992,0.002496736589819193,0.03830551728606224,0.00010068115079775453,0.0014771985588595271,0.004348077345639467,0.037926021963357925,7.148470467654988e-05
1,2048,transformer.h.1.mlp.w1.weight,transformer.h.1.mlp.w1.weight,"[1024, 384]",int4-linear-b2048,4.565416929835919e-06,0.001409235643222928,0.0035747094079852104,0.001413801102899015,0.0021609081886708736,0.004347024951130152,0.013013496063649654,0.048437245190143585,0.00014789954002480954,0.01357702724635601,0.03320934996008873,0.03800142556428909,0.00010746653424575925,0.03214810788631439,0.10146661847829819,0.03724031150341034,9.438692359253764e-05
1,2048,transformer.h.1.mlp.w1.weight,transformer.h.1.mlp.w1.weight,"[1024, 384]",int4-dynamic-b2048,3.726500290213153e-05,0.0013273701770231128,0.0029495786875486374,0.001364635187201202,0.0015849435003474355,0.02126312255859375,0.034261465072631836,0.07524199038743973,0.00749070243909955,0.02626260183751583,0.053923651576042175,0.042910315096378326,0.0004229206242598593,0.03546638786792755,0.09381484985351562,0.036174871027469635,0.00012266935664229095
1,2048,transformer.h.1.mlp.w2.weight,transformer.h.1.mlp.w2.weight,"[1024, 384]",int8-linear-b2048,1.0586838072867977e-08,4.137020823691273e-06,1.0359015504946001e-05,4.147607796767261e-06,6.21140770817874e-06,0.0001516933843959123,0.0004917869227938354,0.051747024059295654,6.983635103097185e-05,0.0008359436760656536,0.001777330762706697,0.03897547721862793,0.0001151676187873818,0.0014816859038546681,0.005089512560516596,0.03761153295636177,6.687574204988778e-05
1,2048,transformer.h.1.mlp.w2.weight,transformer.h.1.mlp.w2.weight,"[1024, 384]",int4-linear-b2048,3.750151790882228e-06,0.0013409240636974573,0.0033336998894810677,0.0013446742668747902,0.0019890256226062775,0.00454341247677803,0.016332224011421204,0.051436327397823334,0.0001622525742277503,0.014339742250740528,0.03792009875178337,0.0396038182079792,0.00011702525080181658,0.03142401948571205,0.09087070822715759,0.038093071430921555,8.214623085223138e-05
1,2048,transformer.h.1.mlp.w2.weight,transformer.h.1.mlp.w2.weight,"[1024, 384]",int4-dynamic-b2048,3.395311068743467e-05,0.0012472516391426325,0.0027432225178927183,0.0012812047498300672,0.0014620177680626512,0.021399449557065964,0.03041054867208004,0.07926183938980103,0.007594148628413677,0.028515329584479332,0.05867765098810196,0.04189281910657883,0.0004653714713640511,0.03787997364997864,0.09571218490600586,0.035656969994306564,0.00015659607015550137
1,2048,transformer.h.1.mlp.c_proj.weight,transformer.h.1.mlp.c_proj.weight,"[384, 1024]",int8-linear-b2048,1.5736505076802132e-07,5.5160231568152085e-05,0.00014783376536797732,5.5317595979431644e-05,9.251617302652448e-05,0.00028057306190021336,0.000854348880238831,0.0391942597925663,0.00015366754087153822,0.0010367200011387467,0.002767025027424097,0.03696739673614502,0.00010592878970783204,0.002507186960428953,0.007794342003762722,0.037819065153598785,9.298221266362816e-05
1,2048,transformer.h.1.mlp.c_proj.weight,transformer.h.1.mlp.c_proj.weight,"[384, 1024]",int4-linear-b2048,5.742547000409104e-05,0.018011771142482758,0.047646619379520416,0.018069196492433548,0.02957742288708687,0.004929524380713701,0.016806822270154953,0.04061885550618172,0.0001653174840612337,0.019134821370244026,0.04555648937821388,0.03816762939095497,0.00010639584070304409,0.05750111863017082,0.13930852711200714,0.038257647305727005,0.0001414278376614675
1,2048,transformer.h.1.mlp.c_proj.weight,transformer.h.1.mlp.c_proj.weight,"[384, 1024]",int4-dynamic-b2048,0.0006328629096969962,0.010813702829182148,0.024501461535692215,0.011446565389633179,0.013054896146059036,0.03392115980386734,0.04457445070147514,0.06253132224082947,0.014796310104429722,0.04782333970069885,0.08720250427722931,0.0452127531170845,0.0010727697517722845,0.0525662787258625,0.17557282745838165,0.044230710715055466,0.00022478903701994568
1,2048,transformer.h.2.attn.c_attn.weight,transformer.h.2.attn.c_attn.weight,"[1152, 384]",int8-linear-b2048,9.263828104622007e-08,3.884852776536718e-05,4.7961872041923925e-05,3.8941165257710963e-05,9.020706784212962e-06,0.0006316442159004509,0.002829235512763262,0.21020357310771942,0.0005640186718665063,0.0036445660516619682,0.01168154552578926,0.05062345042824745,0.00011742951755877584,0.022827068343758583,0.08826694637537003,0.031163616105914116,9.934480476658791e-05
1,2048,transformer.h.2.attn.c_attn.weight,transformer.h.2.attn.c_attn.weight,"[1152, 384]",int4-linear-b2048,3.399533670744859e-05,0.012792016379535198,0.015699118375778198,0.012826011516153812,0.002873106859624386,0.013002172112464905,0.06745655089616776,0.21273860335350037,0.000837384897749871,0.058596402406692505,0.2144901156425476,0.051305294036865234,0.00010321909212507308,0.31958651542663574,1.1382482051849365,0.030540095642209053,7.570255547761917e-05
1,2048,transformer.h.2.attn.c_attn.weight,transformer.h.2.attn.c_attn.weight,"[1152, 384]",int4-dynamic-b2048,0.0001924568205140531,0.008845748379826546,0.01090451143682003,0.00903820525854826,0.0018663061782717705,0.037267208099365234,0.05877779796719551,0.2379499077796936,0.014417773112654686,0.05397147312760353,0.18167394399642944,0.04980505257844925,0.00011395761976018548,0.29867103695869446,0.733498752117157,0.02889702469110489,7.355189154623076e-05
1,2048,transformer.h.2.attn.c_proj.weight,transformer.h.2.attn.c_proj.weight,"[384, 384]",int8-linear-b2048,2.3344051669482724e-07,9.353692439617589e-05,9.377036622026935e-05,9.377036622026935e-05,0.0,0.00031148502603173256,0.0011579295387491584,0.10174469649791718,0.00021053955424576998,0.00486046401783824,0.02011721394956112,0.10204874724149704,0.0002535773965064436,0.32683202624320984,6.587790012359619,0.10148286074399948,0.00019540928769856691
1,2048,transformer.h.2.attn.c_proj.weight,transformer.h.2.attn.c_proj.weight,"[384, 384]",int4-linear-b2048,8.550751226721331e-05,0.03046347014605999,0.030548978596925735,0.030548976734280586,1.862645149230957e-09,0.005959142930805683,0.014357496984302998,0.1036621630191803,0.00026928522856906056,0.08463805913925171,0.2841309905052185,0.10149265080690384,0.00022569720749743283,5.056105613708496,40.51926040649414,0.10085707157850266,0.00037229055305942893
1,2048,transformer.h.2.attn.c_proj.weight,transformer.h.2.attn.c_proj.weight,"[384, 384]",int4-dynamic-b2048,0.00031875097192823887,0.024318577721714973,0.02463732846081257,0.02463732846081257,0.0,0.021154774352908134,0.04080798849463463,0.11916471272706985,0.009324749931693077,0.07393980026245117,0.2646629512310028,0.09900790452957153,0.00020582271099556237,5.0634236335754395,75.00865173339844,0.09965724498033524,0.00020205223700031638
1,2048,transformer.h.2.mlp.w1.weight,transformer.h.2.mlp.w1.weight,"[1024, 384]",int8-linear-b2048,5.545247816485244e-09,2.3898526251286967e-06,6.180799573485274e-06,2.3953978143254062e-06,3.7854017591598677e-06,0.00012821618292946368,0.0005570957437157631,0.04295632988214493,0.00010186367580899969,0.0006024977774359286,0.0016141240485012531,0.03889366611838341,0.00011026485299225897,0.0014144295128062367,0.006312792655080557,0.037762824445962906,9.162204514723271e-05
1,2048,transformer.h.2.mlp.w1.weight,transformer.h.2.mlp.w1.weight,"[1024, 384]",int4-linear-b2048,1.9260032786405645e-06,0.0007899796473793685,0.0020315463189035654,0.0007919056224636734,0.0012396406382322311,0.0025073785800486803,0.00813294667750597,0.04309401288628578,0.0001178512247861363,0.009849460795521736,0.029792821034789085,0.03908061981201172,8.66894843056798e-05,0.025369782000780106,0.08319122344255447,0.038395240902900696,8.566088217776269e-05
1,2048,transformer.h.2.mlp.w1.weight,transformer.h.2.mlp.w1.weight,"[1024, 384]",int4-dynamic-b2048,1.9103508748230524e-05,0.0008570397039875388,0.002036705147475004,0.0008761432254686952,0.001160561922006309,0.016941431909799576,0.025480713695287704,0.055657271295785904,0.005020999349653721,0.02279883436858654,0.04932951554656029,0.04274534434080124,0.0004095593758393079,0.0376456044614315,0.09433645009994507,0.037459492683410645,0.00015744302072562277
1,2048,transformer.h.2.mlp.w2.weight,transformer.h.2.mlp.w2.weight,"[1024, 384]",int8-linear-b2048,6.040068001311738e-09,2.4357113943551667e-06,6.24808672000654e-06,2.4417513486696407e-06,3.8063353713368997e-06,0.00013946891704108566,0.0003224666288588196,0.04394849017262459,8.98568396223709e-05,0.0006675555487163365,0.002275231294333935,0.040108710527420044,0.00012454001989681274,0.0014641276793554425,0.004472584463655949,0.038202013820409775,8.242757758125663e-05
1,2048,transformer.h.2.mlp.w2.weight,transformer.h.2.mlp.w2.weight,"[1024, 384]",int4-linear-b2048,1.931492988660466e-06,0.0008035808568820357,0.0020544047001749277,0.0008055123616941273,0.0012488923966884613,0.0026634368114173412,0.01078648492693901,0.044544730335474014,0.00011606454063439742,0.009361756034195423,0.02855236455798149,0.0383932888507843,7.346910570049658e-05,0.03114054538309574,0.09023226052522659,0.03801388293504715,9.984040661947802e-05
1,2048,transformer.h.2.mlp.w2.weight,transformer.h.2.mlp.w2.weight,"[1024, 384]",int4-dynamic-b2048,2.0066492652404122e-05,0.0008451045723631978,0.0019552193116396666,0.0008651710813865066,0.00109004823025316,0.01783861219882965,0.025737909600138664,0.061174310743808746,0.005560128018260002,0.021910136565566063,0.05228399857878685,0.042920321226119995,0.00037857555435039103,0.04193508252501488,0.13168781995773315,0.036443572491407394,0.00022332878143060952
1,2048,transformer.h.2.mlp.c_proj.weight,transformer.h.2.mlp.c_proj.weight,"[384, 1024]",int8-linear-b2048,4.744045511984041e-08,1.8491373339202255e-05,4.938363053952344e-05,1.8538814401836134e-05,3.08448143186979e-05,0.0001857808092609048,0.0005317038157954812,0.0389736145734787,0.00015134560817386955,0.0004942077794112265,0.0011767911491915584,0.03857709839940071,6.993659917498007e-05,0.0016953819431364536,0.004243915900588036,0.0372554287314415,0.00013168816803954542
1,2048,transformer.h.2.mlp.c_proj.weight,transformer.h.2.mlp.c_proj.weight,"[384, 1024]",int4-linear-b2048,1.4733939678990282e-05,0.0060693263076245785,0.016249101608991623,0.006084060296416283,0.01016504131257534,0.002184463432058692,0.00882384367287159,0.03877965733408928,6.811071216361597e-05,0.00948143471032381,0.03604511171579361,0.03750036284327507,9.313065675087273e-05,0.02326948195695877,0.09266329556703568,0.037314608693122864,8.843838440952823e-05
1,2048,transformer.h.2.mlp.c_proj.weight,transformer.h.2.mlp.c_proj.weight,"[384, 1024]",int4-dynamic-b2048,0.00020346351084299386,0.005514236632734537,0.013417474925518036,0.005717700347304344,0.007699774578213692,0.023269901052117348,0.03262198716402054,0.04907365143299103,0.0067508770152926445,0.030671576038002968,0.05293929949402809,0.0417141318321228,0.0008150898502208292,0.03212449699640274,0.08946827799081802,0.04178488999605179,0.0001839519536588341
1,2048,transformer.h.3.attn.c_attn.weight,transformer.h.3.attn.c_attn.weight,"[1152, 384]",int8-linear-b2048,1.959432260889571e-08,8.187246749002952e-06,1.0386442227172665e-05,8.206840902857948e-06,2.179601324314717e-06,0.000334081967594102,0.0010208414169028401,0.15293507277965546,0.0003168164403177798,0.0032415813766419888,0.01172434538602829,0.07813730835914612,0.0001405418006470427,0.01706426776945591,0.052276384085416794,0.032872166484594345,0.00010668014147086069
1,2048,transformer.h.3.attn.c_attn.weight,transformer.h.3.attn.c_attn.weight,"[1152, 384]",int4-linear-b2048,7.011389243416488e-06,0.0026678559370338917,0.0033784944098442793,0.0026748673990368843,0.000703627010807395,0.005904762540012598,0.030639855191111565,0.15074460208415985,0.00024942902382463217,0.07081907987594604,0.16514457762241364,0.07754334807395935,0.00018756213830783963,0.3162911534309387,1.330619215965271,0.03328094258904457,0.0001181686602649279
1,2048,transformer.h.3.attn.c_attn.weight,transformer.h.3.attn.c_attn.weight,"[1152, 384]",int4-dynamic-b2048,4.063124652020633e-05,0.0021189190447330475,0.002731872955337167,0.0021595503203570843,0.0005723226349800825,0.02438787743449211,0.054212819784879684,0.1600012481212616,0.011694144457578659,0.06585828214883804,0.24518050253391266,0.0751495435833931,0.0002191077364841476,0.27328944206237793,0.7899070978164673,0.03306782990694046,8.565749885747209e-05
1,2048,transformer.h.3.attn.c_proj.weight,transformer.h.3.attn.c_proj.weight,"[384, 384]",int8-linear-b2048,5.681515347077948e-08,2.2027823433745652e-05,2.2084634110797197e-05,2.2084637748776004e-05,0.0,0.0003229599678888917,0.0013053619768470526,0.10216072201728821,0.00036825588904321194,0.003194797784090042,0.009106210432946682,0.10199127346277237,0.00020292641420383006,0.26860788464546204,5.407169818878174,0.10199606418609619,0.00020146711904089898
1,2048,transformer.h.3.attn.c_proj.weight,transformer.h.3.attn.c_proj.weight,"[384, 384]",int4-linear-b2048,2.1557365471380763e-05,0.007261589169502258,0.0072831460274755955,0.007283146493136883,0.0,0.005222332663834095,0.017300045117735863,0.10472040623426437,0.00027062493609264493,0.06117638573050499,0.17243541777133942,0.0984802097082138,0.00023160870478022844,3.505239248275757,28.67596435546875,0.10168156027793884,0.0002941363491117954
1,2048,transformer.h.3.attn.c_proj.weight,transformer.h.3.attn.c_proj.weight,"[384, 384]",int4-dynamic-b2048,9.039785072673112e-05,0.006822508759796619,0.006912906188517809,0.006912906654179096,0.0,0.024943755939602852,0.043586473912000656,0.1167171373963356,0.009451528079807758,0.06213724985718727,0.17740002274513245,0.09909701347351074,0.00024502622545696795,3.062028408050537,40.14929962158203,0.09974490106105804,0.00019491996499709785
1,2048,transformer.h.3.mlp.w1.weight,transformer.h.3.mlp.w1.weight,"[1024, 384]",int8-linear-b2048,4.8621018322592136e-09,1.966626086868928e-06,5.113137376611121e-06,1.971488245544606e-06,3.141649131066515e-06,0.00011461143003543839,0.0004418715834617615,0.04172147437930107,8.251825056504458e-05,0.0005312219145707786,0.0013502278598025441,0.03887500241398811,9.276139462599531e-05,0.0013414387358352542,0.0034272833727300167,0.03797140717506409,7.262596773216501e-05
1,2048,transformer.h.3.mlp.w1.weight,transformer.h.3.mlp.w1.weight,"[1024, 384]",int4-linear-b2048,1.570111749060743e-06,0.0006498318398371339,0.0016811181558296084,0.0006514019332826138,0.0010297162225469947,0.002269240329042077,0.006465614307671785,0.04229353368282318,9.622275683796033e-05,0.008593939244747162,0.028175460174679756,0.038168758153915405,7.547920540673658e-05,0.027928577736020088,0.08732032775878906,0.03829687833786011,0.0001052899970090948
1,2048,transformer.h.3.mlp.w1.weight,transformer.h.3.mlp.w1.weight,"[1024, 384]",int4-dynamic-b2048,1.7067788576241583e-05,0.0007178407395258546,0.0017080535180866718,0.0007349085062742233,0.0009731450118124485,0.016809439286589622,0.02682405896484852,0.05686287581920624,0.004741601180285215,0.024333251640200615,0.05748748034238815,0.042085472494363785,0.000514873827341944,0.03834078088402748,0.09424322098493576,0.0379277728497982,0.00017567345639690757
1,2048,transformer.h.3.mlp.w2.weight,transformer.h.3.mlp.w2.weight,"[1024, 384]",int8-linear-b2048,4.9556247994075875e-09,2.091612714139046e-06,5.378177320380928e-06,2.0965683233953314e-06,3.2816089969855966e-06,0.00014602560258936137,0.0006883895839564502,0.046034570783376694,0.00010866494267247617,0.0006027336930856109,0.0015018805861473083,0.038052383810281754,9.286253043683246e-05,0.001298310118727386,0.0031548363622277975,0.03806709498167038,6.231618317542598e-05
1,2048,transformer.h.3.mlp.w2.weight,transformer.h.3.mlp.w2.weight,"[1024, 384]",int4-linear-b2048,1.80552524398081e-06,0.0006898927385918796,0.001768625807017088,0.0006916982820257545,0.0010769275249913335,0.0021812347695231438,0.007076375186443329,0.04551399126648903,9.281454549636692e-05,0.010537836700677872,0.03506803140044212,0.038944654166698456,0.00011702415213221684,0.021501919254660606,0.04762472212314606,0.03755154833197594,4.9484529881738126e-05
1,2048,transformer.h.3.mlp.w2.weight,transformer.h.3.mlp.w2.weight,"[1024, 384]",int4-dynamic-b2048,1.652482387726195e-05,0.0007213441422209144,0.001671791193075478,0.0007378689479082823,0.0009339222451671958,0.01654975861310959,0.027326667681336403,0.06257205456495285,0.005144092720001936,0.022810379043221474,0.04455185309052467,0.0429871641099453,0.0003810270573012531,0.03681188076734543,0.13641953468322754,0.03653965890407562,0.0001794050622265786
1,2048,transformer.h.3.mlp.c_proj.weight,transformer.h.3.mlp.c_proj.weight,"[384, 1024]",int8-linear-b2048,7.132512536145441e-08,2.4886539904400706e-05,6.695048068650067e-05,2.4957864297903143e-05,4.199261456960812e-05,0.00019815303676296026,0.0006836367538198829,0.03858759254217148,0.00012420356506481767,0.0006706663407385349,0.0015524616464972496,0.03763477876782417,8.74215766089037e-05,0.0020548717584460974,0.006545438896864653,0.03698946163058281,0.00012086883361916989
1,2048,transformer.h.3.mlp.c_proj.weight,transformer.h.3.mlp.c_proj.weight,"[384, 1024]",int4-linear-b2048,2.27413656830322e-05,0.008179510943591595,0.02178075537085533,0.008202251978218555,0.013578503392636776,0.003219379810616374,0.010291002690792084,0.03912625461816788,9.081685857381672e-05,0.010449950583279133,0.03095140866935253,0.038375142961740494,7.32292392058298e-05,0.03309260308742523,0.10756026208400726,0.038576819002628326,0.00010771267261588946
1,2048,transformer.h.3.mlp.c_proj.weight,transformer.h.3.mlp.c_proj.weight,"[384, 1024]",int4-dynamic-b2048,0.0002903741551563144,0.005638838745653629,0.01362671423703432,0.0059292130172252655,0.007697501219809055,0.029908232390880585,0.037112850695848465,0.05434563010931015,0.010422109626233578,0.03556936979293823,0.060348398983478546,0.04358121380209923,0.0009453314123675227,0.050211165100336075,0.1070154532790184,0.04212132841348648,0.00034472657716833055
1,2048,transformer.h.4.attn.c_attn.weight,transformer.h.4.attn.c_attn.weight,"[1152, 384]",int8-linear-b2048,3.051335539794309e-08,1.1142747098347172e-05,1.356753273284994e-05,1.1173260645591654e-05,2.3942720872582868e-06,0.00038831314304843545,0.0013561755185946822,0.19861620664596558,0.0006280632806010544,0.002961524995043874,0.009102807380259037,0.05867348611354828,0.00018829604960046709,0.015068613924086094,0.04762198403477669,0.03478493541479111,9.35052230488509e-05
1,2048,transformer.h.4.attn.c_attn.weight,transformer.h.4.attn.c_attn.weight,"[1152, 384]",int4-linear-b2048,8.934254765335936e-06,0.003696611151099205,0.00450504943728447,0.0037055453285574913,0.0007995041087269783,0.006969095673412085,0.023814648389816284,0.20173391699790955,0.0005202047759667039,0.04535936564207077,0.12620021402835846,0.05954522639513016,0.00011753624130506068,0.24662917852401733,0.9600704908370972,0.03474433347582817,7.68094978411682e-05
1,2048,transformer.h.4.attn.c_attn.weight,transformer.h.4.attn.c_attn.weight,"[1152, 384]",int4-dynamic-b2048,6.624657544307411e-05,0.0032786314841359854,0.003975587897002697,0.00334487808868289,0.000630709808319807,0.028856435790657997,0.05698229745030403,0.23241710662841797,0.01363097969442606,0.04478472098708153,0.1949046552181244,0.055943574756383896,0.00014327808457892388,0.2800842225551605,0.8207338452339172,0.0307345949113369,9.313425834989175e-05
1,2048,transformer.h.4.attn.c_proj.weight,transformer.h.4.attn.c_proj.weight,"[384, 384]",int8-linear-b2048,8.85267681383084e-08,3.910626037395559e-05,3.919477967428975e-05,3.919478695024736e-05,0.0,0.00027046259492635727,0.0008180727600120008,0.10190112888813019,0.0001707009505480528,0.003819783218204975,0.011184095405042171,0.10132841020822525,0.00025543334777466953,0.24003002047538757,2.612290859222412,0.10045918077230453,0.00018894100503530353
1,2048,transformer.h.4.attn.c_proj.weight,transformer.h.4.attn.c_proj.weight,"[384, 384]",int4-linear-b2048,3.2199583074543625e-05,0.012824645265936852,0.012856842949986458,0.012856844812631607,0.0,0.004409453831613064,0.013337209820747375,0.1028110608458519,0.00018608197569847107,0.07837745547294617,0.2061871439218521,0.10126616805791855,0.00029602766153402627,6.139737129211426,80.143310546875,0.10276336967945099,0.00024182265042327344
1,2048,transformer.h.4.attn.c_proj.weight,transformer.h.4.attn.c_proj.weight,"[384, 384]",int4-dynamic-b2048,0.00015013536904007196,0.010349728167057037,0.0104998629540205,0.010499863885343075,0.0,0.02330298162996769,0.03620601072907448,0.11624881625175476,0.010216543450951576,0.06501039117574692,0.16005904972553253,0.10093945264816284,0.00022809088113717735,6.655871391296387,119.49444580078125,0.1010688915848732,0.00033645506482571363
1,2048,transformer.h.4.mlp.w1.weight,transformer.h.4.mlp.w1.weight,"[1024, 384]",int8-linear-b2048,7.469298957119008e-09,2.9892034945078194e-06,7.59154090701486e-06,2.9966727197461296e-06,4.59486818726873e-06,0.00015575623547192663,0.0005006620776839554,0.0648903101682663,0.0002123829472111538,0.0006107353838160634,0.0020466912537813187,0.036564428359270096,9.613372822059318e-05,0.0016732257790863514,0.0038112991023808718,0.03633325919508934,7.707966142334044e-05
1,2048,transformer.h.4.mlp.w1.weight,transformer.h.4.mlp.w1.weight,"[1024, 384]",int4-linear-b2048,2.3695113213761942e-06,0.0009329817839898169,0.002306806156411767,0.0009353513014502823,0.0013714549131691456,0.0031345286406576633,0.007438571657985449,0.07088043540716171,0.00017105505685321987,0.010442999191582203,0.03247268125414848,0.03775300830602646,8.62708329805173e-05,0.02766108140349388,0.07594291865825653,0.03616262227296829,8.605700713815168e-05
1,2048,transformer.h.4.mlp.w1.weight,transformer.h.4.mlp.w1.weight,"[1024, 384]",int4-dynamic-b2048,2.3263011826202273e-05,0.0009085818892344832,0.002015197416767478,0.0009318448719568551,0.0010833526030182838,0.020072873681783676,0.02911383844912052,0.10718399286270142,0.006018010433763266,0.026711860671639442,0.04670088738203049,0.039926961064338684,0.0004880827327724546,0.03882525861263275,0.1035904660820961,0.03574485704302788,0.00016717029211577028
1,2048,transformer.h.4.mlp.w2.weight,transformer.h.4.mlp.w2.weight,"[1024, 384]",int8-linear-b2048,7.426137038635261e-09,2.829273398674559e-06,7.195074431365356e-06,2.836699422914535e-06,4.358375008450821e-06,0.00014966065646149218,0.0005028772284276783,0.06381627917289734,0.00013412319822236896,0.0004599429666996002,0.0016364501789212227,0.03710547462105751,5.1417260692687705e-05,0.001784239080734551,0.0046079461462795734,0.03649254888296127,9.178103937301785e-05
1,2048,transformer.h.4.mlp.w2.weight,transformer.h.4.mlp.w2.weight,"[1024, 384]",int4-linear-b2048,2.5176495910272934e-06,0.0008865751442499459,0.002200198359787464,0.0008890928002074361,0.001311105559580028,0.0033255349844694138,0.009111850522458553,0.06731397658586502,0.0001840734767029062,0.012067638337612152,0.033519864082336426,0.0376555398106575,0.00012220611097291112,0.031244425103068352,0.10035654157400131,0.03632636368274689,0.00010298306733602658
1,2048,transformer.h.4.mlp.w2.weight,transformer.h.4.mlp.w2.weight,"[1024, 384]",int4-dynamic-b2048,2.2786691260989755e-05,0.0008736781310290098,0.0019286710303276777,0.0008964648004621267,0.001032206229865551,0.02000410668551922,0.026823945343494415,0.0980924516916275,0.006204958073794842,0.026170939207077026,0.055488597601652145,0.04149356856942177,0.0005207896465435624,0.038164980709552765,0.12062951922416687,0.035410478711128235,0.00017106739687733352
1,2048,transformer.h.4.mlp.c_proj.weight,transformer.h.4.mlp.c_proj.weight,"[384, 1024]",int8-linear-b2048,1.07690993900178e-07,4.2991454392904416e-05,0.00011567357432795689,4.3099145841551945e-05,7.257443212438375e-05,0.00024217937607318163,0.000928454683162272,0.0391334593296051,0.00010724990715971217,0.0007531489245593548,0.0023830397985875607,0.03836637735366821,7.231874042190611e-05,0.0027300468645989895,0.006176943890750408,0.0377810038626194,0.000136994945933111
1,2048,transformer.h.4.mlp.c_proj.weight,transformer.h.4.mlp.c_proj.weight,"[384, 1024]",int4-linear-b2048,5.2475672418950126e-05,0.013932847417891026,0.036980196833610535,0.013985322788357735,0.0229948740452528,0.0064131212420761585,0.017693810164928436,0.039589643478393555,0.0002954105439130217,0.015312225557863712,0.05556940659880638,0.03871587663888931,0.00010176818614127114,0.042816851288080215,0.1404513716697693,0.03856084123253822,0.00011200441076653078
1,2048,transformer.h.4.mlp.c_proj.weight,transformer.h.4.mlp.c_proj.weight,"[384, 1024]",int4-dynamic-b2048,0.0005386025295592844,0.007496566511690617,0.017735525965690613,0.00803516898304224,0.009700356982648373,0.03800730034708977,0.052868567407131195,0.062136199325323105,0.01706075109541416,0.04543460160493851,0.07730994373559952,0.044389281421899796,0.0011784742819145322,0.04976767674088478,0.11206462979316711,0.043095652014017105,0.0002986209001392126
1,2048,transformer.h.5.attn.c_attn.weight,transformer.h.5.attn.c_attn.weight,"[1152, 384]",int8-linear-b2048,9.246973853294094e-09,3.5852124256052775e-06,4.587618150253547e-06,3.5944594856118783e-06,9.93158664641669e-07,0.00022887674276717007,0.0007612105109728873,0.10146266967058182,0.0002377113705733791,0.00530626717954874,0.017166348174214363,0.0928819477558136,0.00024958333233371377,0.026005858555436134,0.06971165537834167,0.028688549995422363,8.209192310459912e-05
1,2048,transformer.h.5.attn.c_attn.weight,transformer.h.5.attn.c_attn.weight,"[1152, 384]",int4-linear-b2048,2.850144483090844e-06,0.0011799756903201342,0.0015112267574295402,0.001182825886644423,0.00032840087078511715,0.004472655244171619,0.015302378684282303,0.10095260292291641,0.00026913409237749875,0.08334606140851974,0.27116847038269043,0.09094202518463135,0.00019007186347153038,0.3987767696380615,1.0884627103805542,0.029306335374712944,6.382478750310838e-05
1,2048,transformer.h.5.attn.c_attn.weight,transformer.h.5.attn.c_attn.weight,"[1152, 384]",int4-dynamic-b2048,2.3818718545953743e-05,0.0009909324580803514,0.001287069171667099,0.001014751149341464,0.00027231802232563496,0.03009156696498394,0.04708348959684372,0.11668628454208374,0.014900634065270424,0.10165350884199142,0.2586140036582947,0.09083571285009384,0.00031456100987270474,0.3593944311141968,0.9204685091972351,0.028003906831145287,6.566342926817015e-05
1,2048,transformer.h.5.attn.c_proj.weight,transformer.h.5.attn.c_proj.weight,"[384, 384]",int8-linear-b2048,2.003020860286142e-08,7.139171430026181e-06,7.159201686590677e-06,7.159201686590677e-06,0.0,0.00020043604308739305,0.000703858386259526,0.10290449857711792,0.00022859458113089204,0.003307474311441183,0.0076471175998449326,0.10050522536039352,0.00027731043519452214,0.28061991930007935,2.270983934402466,0.10000548511743546,0.0003163256624247879
1,2048,transformer.h.5.attn.c_proj.weight,transformer.h.5.attn.c_proj.weight,"[384, 384]",int4-linear-b2048,6.850210866105044e-06,0.002345138229429722,0.0023519881069660187,0.0023519883397966623,0.0,0.004438743926584721,0.012186406180262566,0.1024831086397171,0.00033197907032445073,0.06191616132855415,0.19518029689788818,0.09922509640455246,0.00036052457289770246,4.06853723526001,32.21547317504883,0.10230609029531479,0.0002883078996092081
1,2048,transformer.h.5.attn.c_proj.weight,transformer.h.5.attn.c_proj.weight,"[384, 384]",int4-dynamic-b2048,2.5667453883215785e-05,0.0028526957612484694,0.002878363011404872,0.0028783632442355156,0.0,0.015782814472913742,0.02478315681219101,0.1084972694516182,0.005761762615293264,0.06325327605009079,0.22928935289382935,0.09904361516237259,0.00032403235672973096,6.939174652099609,103.10295867919922,0.1011766642332077,0.00034904273343272507
1,2048,transformer.h.5.mlp.w1.weight,transformer.h.5.mlp.w1.weight,"[1024, 384]",int8-linear-b2048,1.6205500941168793e-08,6.390658654709114e-06,1.5998906746972352e-05,6.406864031305304e-06,9.592042260919698e-06,0.00021019783162046224,0.0005796452751383185,0.07188836485147476,0.00014540144184138626,0.00083405792247504,0.0024041084107011557,0.03735886141657829,8.167341002263129e-05,0.002491842256858945,0.007297316566109657,0.036049678921699524,9.21128666959703e-05
1,2048,transformer.h.5.mlp.w1.weight,transformer.h.5.mlp.w1.weight,"[1024, 384]",int4-linear-b2048,8.909344614949077e-06,0.0019033286953344941,0.0045546493493020535,0.0019122380763292313,0.002642411272972822,0.00805122684687376,0.025218931958079338,0.08103688806295395,0.000569249561522156,0.018480995669960976,0.04842395335435867,0.038300156593322754,0.0001419488835381344,0.04594406485557556,0.18876901268959045,0.03608774021267891,0.0001072838349500671
1,2048,transformer.h.5.mlp.w1.weight,transformer.h.5.mlp.w1.weight,"[1024, 384]",int4-dynamic-b2048,4.4668839109363034e-05,0.0014658616855740547,0.0029185940511524677,0.0015105304773896933,0.0014080635737627745,0.02556561306118965,0.03659774363040924,0.1568131446838379,0.007573589216917753,0.03683524578809738,0.0697643905878067,0.03908030688762665,0.0006565773510374129,0.04660063982009888,0.13227440416812897,0.0325414277613163,0.00018362740229349583
1,2048,transformer.h.5.mlp.w2.weight,transformer.h.5.mlp.w2.weight,"[1024, 384]",int8-linear-b2048,1.3082137151343431e-08,5.170449639990693e-06,1.2719783626380377e-05,5.183531811780995e-06,7.536251814599382e-06,0.0001256068208022043,0.0004205941513646394,0.06701749563217163,7.455868035322055e-05,0.0009041561279445887,0.0027272936422377825,0.0376456156373024,0.00011347608233336359,0.00253292522393167,0.007806118112057447,0.03635624423623085,0.00011415928020142019
1,2048,transformer.h.5.mlp.w2.weight,transformer.h.5.mlp.w2.weight,"[1024, 384]",int4-linear-b2048,6.275127816479653e-06,0.0015896953409537673,0.003826251020655036,0.0015959704760462046,0.0022302805446088314,0.005797221790999174,0.017506573349237442,0.07390055805444717,0.000337641395162791,0.016423607245087624,0.05667828768491745,0.038287483155727386,0.0001226915483130142,0.038849737495183945,0.1671113818883896,0.036328189074993134,0.00010226375161437318
1,2048,transformer.h.5.mlp.w2.weight,transformer.h.5.mlp.w2.weight,"[1024, 384]",int4-dynamic-b2048,4.346217974671163e-05,0.001195486867800355,0.0025003659538924694,0.0012389490148052573,0.001261416939087212,0.026059648022055626,0.044481996446847916,0.12367616593837738,0.00932369939982891,0.03875300660729408,0.06957574188709259,0.04100510850548744,0.0007987943827174604,0.04224211722612381,0.11866911500692368,0.03352532163262367,0.00014639181608799845
1,2048,transformer.h.5.mlp.c_proj.weight,transformer.h.5.mlp.c_proj.weight,"[384, 1024]",int8-linear-b2048,1.3087110062315332e-07,4.550390440272167e-05,0.00012147474626544863,4.563477705232799e-05,7.583996921312064e-05,0.00021309367730282247,0.0007793742115609348,0.038680847734212875,8.509564941050485e-05,0.0010869571706280112,0.003775716759264469,0.037810374051332474,0.00012693744793068618,0.002628972055390477,0.0060454318299889565,0.039345625787973404,9.200644126394764e-05
1,2048,transformer.h.5.mlp.c_proj.weight,transformer.h.5.mlp.c_proj.weight,"[384, 1024]",int4-linear-b2048,4.024726877105422e-05,0.014868143945932388,0.03975449502468109,0.014908391050994396,0.02484610304236412,0.003482020925730467,0.009099178947508335,0.0391496904194355,6.78000069456175e-05,0.01934846304357052,0.06439866125583649,0.037388354539871216,0.00011768189870053902,0.045071955770254135,0.13074499368667603,0.037765372544527054,9.938403673004359e-05
1,2048,transformer.h.5.mlp.c_proj.weight,transformer.h.5.mlp.c_proj.weight,"[384, 1024]",int4-dynamic-b2048,0.0005490232724696398,0.010256667621433735,0.02423347719013691,0.010805690661072731,0.013427786529064178,0.032433751970529556,0.05182192847132683,0.061586420983076096,0.015509613789618015,0.04436502978205681,0.07723700255155563,0.04317067563533783,0.0007656001253053546,0.050163839012384415,0.1302834302186966,0.042945489287376404,0.0001734063116600737
1,4096,transformer.h.0.attn.c_attn.weight,transformer.h.0.attn.c_attn.weight,"[1152, 384]",int8-linear-b2048,3.5421944488689405e-08,1.336430068477057e-05,1.653758590691723e-05,1.339972277492052e-05,3.13786313199671e-06,0.000500356953125447,0.0022236353252083063,0.09924910962581635,0.00037296448135748506,0.004130386281758547,0.014894993044435978,0.09416087716817856,0.0002595895202830434,0.01797943189740181,0.051479876041412354,0.034188758581876755,8.820447692414746e-05
1,4096,transformer.h.0.attn.c_attn.weight,transformer.h.0.attn.c_attn.weight,"[1152, 384]",int4-linear-b2048,1.1379245734133292e-05,0.004403822589665651,0.005421126261353493,0.0044152019545435905,0.0010059243068099022,0.006056974176317453,0.02288413979113102,0.1001053974032402,0.00018079497385770082,0.08734199404716492,0.22023580968379974,0.0933816060423851,0.00037242312100715935,0.2761949300765991,0.822002649307251,0.03466951102018356,6.355708319460973e-05
1,4096,transformer.h.0.attn.c_attn.weight,transformer.h.0.attn.c_attn.weight,"[1152, 384]",int4-dynamic-b2048,8.437647920800373e-05,0.003385045100003481,0.004207753576338291,0.0034694215282797813,0.0007383320480585098,0.03222385421395302,0.054753512144088745,0.11653957515954971,0.016607092693448067,0.06358181685209274,0.19382701814174652,0.0935073047876358,0.0002496501838322729,0.28154119849205017,1.1582103967666626,0.035081252455711365,0.00010487494728295133
1,4096,transformer.h.0.attn.c_proj.weight,transformer.h.0.attn.c_proj.weight,"[384, 384]",int8-linear-b2048,2.1759996116088587e-07,8.549721678718925e-05,8.57148042996414e-05,8.571481885155663e-05,0.0,0.0003564290818758309,0.0010410654358565807,0.10507750511169434,0.00020902442338410765,0.005388123914599419,0.012817147187888622,0.10074421018362045,0.00026475280174054205,0.3975915014743805,4.692499160766602,0.10149161517620087,0.0002891797630582005
1,4096,transformer.h.0.attn.c_proj.weight,transformer.h.0.attn.c_proj.weight,"[384, 384]",int4-linear-b2048,8.322358189616352e-05,0.02814449369907379,0.028227709233760834,0.02822771668434143,0.0,0.007831541821360588,0.02710919827222824,0.10537194460630417,0.00037925149081274867,0.12077324092388153,0.5193026065826416,0.10084731131792068,0.0004169344319961965,5.995198726654053,90.52069854736328,0.10130520164966583,0.0002699133474379778
1,4096,transformer.h.0.attn.c_proj.weight,transformer.h.0.attn.c_proj.weight,"[384, 384]",int4-dynamic-b2048,0.0003762010601349175,0.025005318224430084,0.02538151666522026,0.02538151852786541,0.0,0.027019940316677094,0.04727819934487343,0.11917071044445038,0.011573613621294498,0.1029452309012413,0.27301639318466187,0.09907127916812897,0.0003281131503172219,3.5731372833251953,30.55059814453125,0.09838415682315826,0.00015951207024045289
1,4096,transformer.h.0.mlp.w1.weight,transformer.h.0.mlp.w1.weight,"[1024, 384]",int8-linear-b2048,1.9283048047213924e-08,7.193774763436522e-06,1.8659844499779865e-05,7.213057870103512e-06,1.1446786629676353e-05,0.000232937847613357,0.00076202122727409,0.045109111815690994,0.00012949459778610617,0.0007331255474127829,0.002002907916903496,0.03822062537074089,0.00013774204126093537,0.0014522644923999906,0.004745186306536198,0.037924136966466904,9.592459537088871e-05
1,4096,transformer.h.0.mlp.w1.weight,transformer.h.0.mlp.w1.weight,"[1024, 384]",int4-linear-b2048,6.6514617174107116e-06,0.0023450483568012714,0.0060633583925664425,0.002351699862629175,0.0037116585299372673,0.0044083078391849995,0.012068936601281166,0.046600908041000366,0.0001655361702432856,0.01235090009868145,0.03282734379172325,0.03766895830631256,0.00011763502698158845,0.03245255723595619,0.10072822868824005,0.0379805713891983,0.00013515281898435205
1,4096,transformer.h.0.mlp.w1.weight,transformer.h.0.mlp.w1.weight,"[1024, 384]",int4-dynamic-b2048,6.9452915340662e-05,0.0019680513069033623,0.004673975519835949,0.0020375042222440243,0.0026364712975919247,0.02375665120780468,0.03897007927298546,0.07065275311470032,0.008310898207128048,0.032557085156440735,0.05096473917365074,0.04066018760204315,0.0007272413931787014,0.03487211838364601,0.08471736311912537,0.03566111996769905,0.00019105647515971214
1,4096,transformer.h.0.mlp.w2.weight,transformer.h.0.mlp.w2.weight,"[1024, 384]",int8-linear-b2048,1.7077248060104466e-08,6.607205705222441e-06,1.703956695564557e-05,6.62428283249028e-06,1.0415284123155288e-05,0.00019730135682038963,0.0006699677323922515,0.04335373640060425,9.82346900855191e-05,0.0006623640074394643,0.0019154634792357683,0.038567885756492615,0.00011253294360358268,0.0013303603045642376,0.0035400879569351673,0.037743180990219116,7.420308975270018e-05
1,4096,transformer.h.0.mlp.w2.weight,transformer.h.0.mlp.w2.weight,"[1024, 384]",int4-linear-b2048,6.261978796828771e-06,0.0021720577497035265,0.005564221180975437,0.0021783197298645973,0.00338590145111084,0.004007329232990742,0.014391743578016758,0.04480252042412758,0.00013138206850271672,0.010998713783919811,0.02988911233842373,0.03951387107372284,8.788088598521426e-05,0.027825670316815376,0.09647940844297409,0.03781898319721222,0.00010216256487183273
1,4096,transformer.h.0.mlp.w2.weight,transformer.h.0.mlp.w2.weight,"[1024, 384]",int4-dynamic-b2048,5.779588536825031e-05,0.001873115892522037,0.004396992735564709,0.0019309117924422026,0.002466080943122506,0.023582318797707558,0.03994889557361603,0.06510825455188751,0.007102856412529945,0.026924610137939453,0.052992235869169235,0.0427078939974308,0.0005575517425313592,0.033897630870342255,0.08298002928495407,0.036649420857429504,0.00018492517119739205
1,4096,transformer.h.0.mlp.c_proj.weight,transformer.h.0.mlp.c_proj.weight,"[384, 1024]",int8-linear-b2048,9.860133332040277e-07,0.0003670141741167754,0.0009804650908336043,0.0003680001827888191,0.0006124649080447853,0.0004883904475718737,0.0014061531983315945,0.039315782487392426,9.550191316520795e-05,0.0019414237467572093,0.005377625580877066,0.03899398446083069,0.00010793021647259593,0.004910869989544153,0.013325544074177742,0.03801121562719345,9.999704343499616e-05
1,4096,transformer.h.0.mlp.c_proj.weight,transformer.h.0.mlp.c_proj.weight,"[384, 1024]",int4-linear-b2048,0.008843986317515373,0.10252915322780609,0.24137818813323975,0.11137314140796661,0.13000504672527313,0.09448006004095078,0.14619070291519165,0.06762830168008804,0.012188936583697796,0.18011854588985443,0.28992360830307007,0.04484745115041733,0.0027122541796416044,0.22036567330360413,0.39927586913108826,0.041614651679992676,0.0006074345437809825
1,4096,transformer.h.0.mlp.c_proj.weight,transformer.h.0.mlp.c_proj.weight,"[384, 1024]",int4-dynamic-b2048,0.0025941268540918827,0.024819832295179367,0.05592451989650726,0.027413958683609962,0.0285105612128973,0.052864160388708115,0.0671369656920433,0.08017820119857788,0.030362499877810478,0.056882355362176895,0.10138353705406189,0.045452237129211426,0.0012428549816831946,0.060641106218099594,0.18082021176815033,0.04522911459207535,0.0002676219737622887
1,4096,transformer.h.1.attn.c_attn.weight,transformer.h.1.attn.c_attn.weight,"[1152, 384]",int8-linear-b2048,3.161200368140271e-08,1.1996557077509351e-05,1.5139140487008262e-05,1.2028169294353575e-05,3.110971192654688e-06,0.00041656283428892493,0.0012596675660461187,0.10345859825611115,0.00028780943830497563,0.0044341557659208775,0.013347537256777287,0.08778612315654755,0.00025145808467641473,0.01778428442776203,0.045835185796022415,0.03428501635789871,7.425520743709058e-05
1,4096,transformer.h.1.attn.c_attn.weight,transformer.h.1.attn.c_attn.weight,"[1152, 384]",int4-linear-b2048,1.048599551722873e-05,0.003923449665307999,0.004942378029227257,0.003933935891836882,0.0010084421373903751,0.0046844324097037315,0.020832927897572517,0.10407012701034546,0.0001525317202322185,0.06872829049825668,0.2071983516216278,0.0902320072054863,0.0001802242040866986,0.3592687249183655,1.4782373905181885,0.03434797748923302,9.754036727827042e-05
1,4096,transformer.h.1.attn.c_attn.weight,transformer.h.1.attn.c_attn.weight,"[1152, 384]",int4-dynamic-b2048,6.82158351992257e-05,0.0030450462363660336,0.0038716779090464115,0.0031132621224969625,0.000758415786549449,0.03292488306760788,0.050166480243206024,0.12230105698108673,0.014462982304394245,0.09519561380147934,0.2572636902332306,0.08835751563310623,0.000389285123674199,0.2575847804546356,0.8257943391799927,0.03304975479841232,6.119899626355618e-05
1,4096,transformer.h.1.attn.c_proj.weight,transformer.h.1.attn.c_proj.weight,"[384, 384]",int8-linear-b2048,2.802508447530272e-07,9.808294998947531e-05,9.83631907729432e-05,9.836319804890081e-05,0.0,0.0004578955995384604,0.0017268680967390537,0.10291578620672226,0.0002062494750134647,0.006080788094550371,0.020800933241844177,0.10188215225934982,0.00025732125504873693,0.4478793442249298,6.761651039123535,0.09740885347127914,0.00026258802972733974
1,4096,transformer.h.1.attn.c_proj.weight,transformer.h.1.attn.c_proj.weight,"[384, 384]",int4-linear-b2048,8.746919775148854e-05,0.03204261511564255,0.03213008493185043,0.03213008493185043,0.0,0.008558716624975204,0.026054736226797104,0.1010308787226677,0.00024704885436221957,0.13399676978588104,0.35479456186294556,0.10009495168924332,0.0002938381221611053,3.878596305847168,18.372459411621094,0.09845244884490967,0.00017489615129306912
1,4096,transformer.h.1.attn.c_proj.weight,transformer.h.1.attn.c_proj.weight,"[384, 384]",int4-dynamic-b2048,0.0003954691637773067,0.024316610768437386,0.024712078273296356,0.024712080135941505,0.0,0.03577254340052605,0.0518011599779129,0.11963565647602081,0.013051607646048069,0.12124013900756836,0.4752047061920166,0.10049426555633545,0.00035872418084181845,4.23494291305542,34.17394256591797,0.10038772225379944,0.0002033625787589699
1,4096,transformer.h.1.mlp.w1.weight,transformer.h.1.mlp.w1.weight,"[1024, 384]",int8-linear-b2048,1.4419187621683704e-08,5.066280664323131e-06,1.2733911717077717e-05,5.080699793325039e-06,7.65321237850003e-06,0.00022605498088523746,0.0005248491652309895,0.05138293281197548,0.00012770442117471248,0.0006341252010315657,0.0025916702579706907,0.04026639834046364,0.00011155394895467907,0.0018862971337512136,0.005831139627844095,0.03720177710056305,0.00010727334301918745
1,4096,transformer.h.1.mlp.w1.weight,transformer.h.1.mlp.w1.weight,"[1024, 384]",int4-linear-b2048,4.534651907306397e-06,0.0016524909297004342,0.004095698241144419,0.001657025539316237,0.0024386728182435036,0.003232824383303523,0.00901930220425129,0.053109366446733475,0.00014506149454973638,0.010818541049957275,0.02556474879384041,0.03979986906051636,6.725855928380042e-05,0.02598639391362667,0.10474247485399246,0.03706163913011551,7.455568993464112e-05
1,4096,transformer.h.1.mlp.w1.weight,transformer.h.1.mlp.w1.weight,"[1024, 384]",int4-dynamic-b2048,3.9901191485114396e-05,0.0015230978606268764,0.0034136581234633923,0.0015629990957677364,0.0018506590276956558,0.020574063062667847,0.031181341037154198,0.0764136090874672,0.006801574490964413,0.025666575878858566,0.05480661988258362,0.04249134659767151,0.0004280439461581409,0.036725129932165146,0.08487283438444138,0.037216994911432266,0.00013399658200796694
1,4096,transformer.h.1.mlp.w2.weight,transformer.h.1.mlp.w2.weight,"[1024, 384]",int8-linear-b2048,1.4646299284493125e-08,5.586010047409218e-06,1.3616598153021187e-05,5.600656550086569e-06,8.015941602934618e-06,0.00024787290021777153,0.000880502862855792,0.05811653286218643,0.00015978146984707564,0.0007916311733424664,0.002260725712403655,0.03892477601766586,0.00012127943045925349,0.0016005951911211014,0.004954298492521048,0.037423618137836456,7.484065281460062e-05
1,4096,transformer.h.1.mlp.w2.weight,transformer.h.1.mlp.w2.weight,"[1024, 384]",int4-linear-b2048,4.914062628813554e-06,0.0018071891972795129,0.004382785875350237,0.0018121032044291496,0.0025706826709210873,0.0041800737380981445,0.024365874007344246,0.05882133170962334,0.0001676364045124501,0.0119493268430233,0.030478747561573982,0.03923316299915314,7.906912651378661e-05,0.040851395577192307,0.10720521211624146,0.03635738417506218,0.00012362281267996877
1,4096,transformer.h.1.mlp.w2.weight,transformer.h.1.mlp.w2.weight,"[1024, 384]",int4-dynamic-b2048,4.571852696244605e-05,0.0015717826317995787,0.003438791027292609,0.0016175011405721307,0.0018212898867204785,0.022023050114512444,0.038176655769348145,0.08226659893989563,0.008153378963470459,0.02824717015028,0.06179317831993103,0.04249386489391327,0.0004434625734575093,0.04235408082604408,0.11961787939071655,0.03592739254236221,0.00018237241602037102
1,4096,transformer.h.1.mlp.c_proj.weight,transformer.h.1.mlp.c_proj.weight,"[384, 1024]",int8-linear-b2048,1.620019247638993e-07,5.745091038988903e-05,0.0001539152581244707,5.761291322414763e-05,9.630234853830189e-05,0.0002462735283188522,0.0009811321506276727,0.038039498031139374,0.00011232173710595816,0.0010209332685917616,0.003131323726847768,0.037645548582077026,0.0001354389387415722,0.0024902892764657736,0.009294882416725159,0.03845750167965889,9.970594692276791e-05
1,4096,transformer.h.1.mlp.c_proj.weight,transformer.h.1.mlp.c_proj.weight,"[384, 1024]",int4-linear-b2048,5.381261871661991e-05,0.01883549615740776,0.05016312748193741,0.018889307975769043,0.031273819506168365,0.0038719475269317627,0.012741128914058208,0.03898579254746437,0.00011354649905115366,0.020695049315690994,0.08529340475797653,0.03844169154763222,0.00015174067812040448,0.047103483229875565,0.14060340821743011,0.037008874118328094,0.00010457749158376828
1,4096,transformer.h.1.mlp.c_proj.weight,transformer.h.1.mlp.c_proj.weight,"[384, 1024]",int4-dynamic-b2048,0.000627483706921339,0.012028362601995468,0.027395477518439293,0.012655846774578094,0.014739630743861198,0.03333667665719986,0.04800206050276756,0.0616091750562191,0.012870724312961102,0.03854299336671829,0.06598924100399017,0.04545450955629349,0.0007513317395932972,0.059447336941957474,0.13503456115722656,0.04461197555065155,0.00026426685508340597
1,4096,transformer.h.2.attn.c_attn.weight,transformer.h.2.attn.c_attn.weight,"[1152, 384]",int8-linear-b2048,1.6997940122109867e-07,6.732822657795623e-05,8.587838237872347e-05,6.749820749973878e-05,1.838017487898469e-05,0.0006028433563187718,0.0019105569226667285,0.1733468621969223,0.00035011436557397246,0.00502892816439271,0.01302647776901722,0.05882813036441803,0.00014665986236650497,0.024882124736905098,0.07544898241758347,0.040137238800525665,9.79740361799486e-05
1,4096,transformer.h.2.attn.c_attn.weight,transformer.h.2.attn.c_attn.weight,"[1152, 384]",int4-linear-b2048,8.352040458703414e-05,0.021397452801465988,0.027051005512475967,0.021480973809957504,0.005570031702518463,0.019505346193909645,0.058355145156383514,0.18418452143669128,0.0011250736424699426,0.0971757099032402,0.4805137515068054,0.058805402368307114,0.00020521458645816892,0.4437030851840973,1.738240122795105,0.03840327262878418,8.55698817758821e-05
1,4096,transformer.h.2.attn.c_attn.weight,transformer.h.2.attn.c_attn.weight,"[1152, 384]",int4-dynamic-b2048,0.0003083732444792986,0.013427811674773693,0.01678764633834362,0.013736184686422348,0.0030514616519212723,0.039901793003082275,0.06638261675834656,0.22567841410636902,0.014766562730073929,0.059953782707452774,0.18798670172691345,0.04946353659033775,0.00011822764645330608,0.3298640251159668,1.1582367420196533,0.03391877934336662,8.493439963785931e-05
1,4096,transformer.h.2.attn.c_proj.weight,transformer.h.2.attn.c_proj.weight,"[384, 384]",int8-linear-b2048,4.1555497887202364e-07,0.00016799701552372426,0.00016841254546307027,0.00016841257456690073,0.0,0.0004883765359409153,0.0017782463692128658,0.10438214242458344,0.0002869142626877874,0.006158526986837387,0.021107029169797897,0.10210313647985458,0.0002758922928478569,0.734059751033783,21.92485237121582,0.10270661860704422,0.00021628082322422415
1,4096,transformer.h.2.attn.c_proj.weight,transformer.h.2.attn.c_proj.weight,"[384, 384]",int4-linear-b2048,0.00017392313748132437,0.053852636367082596,0.05402655899524689,0.05402655899524689,0.0,0.013004709966480732,0.04160146787762642,0.10719669610261917,0.0006814122316427529,0.11513272672891617,0.37913674116134644,0.1002541333436966,0.00026184137095697224,6.962358474731445,62.51509475708008,0.10160840302705765,0.0002912413328886032
1,4096,transformer.h.2.attn.c_proj.weight,transformer.h.2.attn.c_proj.weight,"[384, 384]",int4-dynamic-b2048,0.0005646626814268529,0.03957170620560646,0.04013635963201523,0.040136367082595825,0.0,0.026421943679451942,0.044740259647369385,0.12679795920848846,0.010607646778225899,0.10419658571481705,0.3284434974193573,0.09885966032743454,0.00030292454175651073,9.763936042785645,220.51861572265625,0.0986412987112999,0.00022436838480643928
1,4096,transformer.h.2.mlp.w1.weight,transformer.h.2.mlp.w1.weight,"[1024, 384]",int8-linear-b2048,7.393861523041778e-09,2.6943184820993338e-06,6.971552920731483e-06,2.7017124466510722e-06,4.269840246706735e-06,0.00011942783021368086,0.0004348226066213101,0.04179203137755394,9.02782121556811e-05,0.0004399205790832639,0.0013090771390125155,0.03859812766313553,8.219921437557787e-05,0.0014158115955069661,0.003199023427441716,0.0388604998588562,9.758162195794284e-05
1,4096,transformer.h.2.mlp.w1.weight,transformer.h.2.mlp.w1.weight,"[1024, 384]",int4-linear-b2048,2.1655105229001492e-06,0.0008869001758284867,0.0022926300298422575,0.0008890656754374504,0.001403564354404807,0.0023713873233646154,0.009169493801891804,0.04168495163321495,9.31148388190195e-05,0.009629668667912483,0.035546526312828064,0.03938194736838341,0.0001150189564214088,0.022038284689188004,0.061948440968990326,0.03737349435687065,8.280462498078123e-05
1,4096,transformer.h.2.mlp.w1.weight,transformer.h.2.mlp.w1.weight,"[1024, 384]",int4-dynamic-b2048,1.9950302885263227e-05,0.0010115313343703747,0.002468452323228121,0.0010314816609025002,0.0014369706623256207,0.015395204536616802,0.023818379268050194,0.05249578878283501,0.004471704829484224,0.018705245107412338,0.04422321543097496,0.04078587517142296,0.0003186921530868858,0.027765873819589615,0.09040910005569458,0.036320265382528305,0.00010563029354671016
1,4096,transformer.h.2.mlp.w2.weight,transformer.h.2.mlp.w2.weight,"[1024, 384]",int8-linear-b2048,7.624685771645545e-09,2.937583076345618e-06,7.559953701274935e-06,2.9452078251779312e-06,4.614746103470679e-06,0.0001584179262863472,0.0004733382957056165,0.04268050566315651,0.00014054289204068482,0.0005149431526660919,0.0015666960971429944,0.03884561359882355,0.00010379541345173493,0.001524780411273241,0.005362078547477722,0.03779643028974533,0.00011234082921873778
1,4096,transformer.h.2.mlp.w2.weight,transformer.h.2.mlp.w2.weight,"[1024, 384]",int4-linear-b2048,2.5480544536549132e-06,0.0009666467667557299,0.0024856599047780037,0.000969194807112217,0.0015164650976657867,0.0022698063403367996,0.009649409912526608,0.04320529103279114,9.144515206571668e-05,0.010222955606877804,0.030736159533262253,0.03859958052635193,0.00011057910887757316,0.026993852108716965,0.09741541743278503,0.03751308470964432,0.00010360132000641897
1,4096,transformer.h.2.mlp.w2.weight,transformer.h.2.mlp.w2.weight,"[1024, 384]",int4-dynamic-b2048,2.4088112695608288e-05,0.0010377612197771668,0.0024689356796443462,0.001061849296092987,0.0014070863835513592,0.017267920076847076,0.024200735613703728,0.05849699303507805,0.0054189530201256275,0.026546670123934746,0.05917389318346977,0.042664166539907455,0.0005496873054653406,0.027175422757864,0.06568155437707901,0.037343673408031464,9.610427514417097e-05
1,4096,transformer.h.2.mlp.c_proj.weight,transformer.h.2.mlp.c_proj.weight,"[384, 1024]",int8-linear-b2048,4.415449694761264e-08,1.9001854525413364e-05,5.0752307288348675e-05,1.9046008674195036e-05,3.170629861415364e-05,0.00014240584278013557,0.0004763810138683766,0.038377005606889725,8.132518269121647e-05,0.000462425930891186,0.0017357728211209178,0.037994325160980225,9.295775089412928e-05,0.0010778732830658555,0.0037385530304163694,0.03838936984539032,7.790169183863327e-05
1,4096,transformer.h.2.mlp.c_proj.weight,transformer.h.2.mlp.c_proj.weight,"[384, 1024]",int4-linear-b2048,1.6110447177197784e-05,0.006193020846694708,0.01661735400557518,0.006209131330251694,0.010408222675323486,0.002882108325138688,0.01010847371071577,0.03912533074617386,0.00011466467549325898,0.009954029694199562,0.026392780244350433,0.03782800957560539,0.00011965027078986168,0.02327718771994114,0.06641672551631927,0.037626247853040695,9.406872413819656e-05
1,4096,transformer.h.2.mlp.c_proj.weight,transformer.h.2.mlp.c_proj.weight,"[384, 1024]",int4-dynamic-b2048,0.000216283107874915,0.006094351410865784,0.015144784934818745,0.0063106343150138855,0.00883415061980486,0.022087713703513145,0.03262811899185181,0.04927252233028412,0.0063192639499902725,0.026427067816257477,0.058250993490219116,0.04169837757945061,0.000744153861887753,0.031023746356368065,0.06631558388471603,0.040741968899965286,0.00018731402815319598
1,4096,transformer.h.3.attn.c_attn.weight,transformer.h.3.attn.c_attn.weight,"[1152, 384]",int8-linear-b2048,4.5328643949460456e-08,1.707616502244491e-05,2.0374845917103812e-05,1.7121494238381274e-05,3.253351678722538e-06,0.0004544967960100621,0.0013976892223581672,0.2101297676563263,0.00048583545139990747,0.003484319429844618,0.011429567821323872,0.06632523983716965,0.0001840823533711955,0.015301981009542942,0.0361279733479023,0.026573967188596725,6.577337626367807e-05
1,4096,transformer.h.3.attn.c_attn.weight,transformer.h.3.attn.c_attn.weight,"[1152, 384]",int4-linear-b2048,1.359175621473696e-05,0.005585560109466314,0.006678127683699131,0.005599151831120253,0.0010789758525788784,0.009051324799656868,0.041080914437770844,0.20825287699699402,0.0005272881244309247,0.07275310158729553,0.16399307548999786,0.0654730498790741,0.00019208980666007847,0.2821081280708313,0.8268110156059265,0.02797810360789299,7.573558832518756e-05
1,4096,transformer.h.3.attn.c_attn.weight,transformer.h.3.attn.c_attn.weight,"[1152, 384]",int4-dynamic-b2048,9.392443462274969e-05,0.00426818709820509,0.0051592313684523106,0.004362111445516348,0.0007971199229359627,0.031213756650686264,0.06024579703807831,0.22451530396938324,0.014831425622105598,0.06709904968738556,0.20442385971546173,0.06472127139568329,0.0002457407535985112,0.22646693885326385,0.934087872505188,0.026936126872897148,6.1011833167867735e-05
1,4096,transformer.h.3.attn.c_proj.weight,transformer.h.3.attn.c_proj.weight,"[384, 384]",int8-linear-b2048,1.007920147344521e-07,3.42755374731496e-05,3.4376324038021266e-05,3.4376327676000074e-05,0.0,0.00027263088850304484,0.0010980924125760794,0.10197766870260239,0.00021217968605924398,0.0038280754815787077,0.008117038756608963,0.10306491702795029,0.0002747319231275469,0.5126636028289795,12.69015884399414,0.1024215966463089,0.0003416374383959919
1,4096,transformer.h.3.attn.c_proj.weight,transformer.h.3.attn.c_proj.weight,"[384, 384]",int4-linear-b2048,2.6949370294460095e-05,0.011272963136434555,0.011299913749098778,0.011299912817776203,9.313225746154785e-10,0.004902378655970097,0.01498563215136528,0.10304520279169083,0.00019513446022756398,0.06874576210975647,0.20116661489009857,0.10153939574956894,0.00028988407575525343,21.60539436340332,759.5084838867188,0.10086161643266678,0.00014229609223548323
1,4096,transformer.h.3.attn.c_proj.weight,transformer.h.3.attn.c_proj.weight,"[384, 384]",int4-dynamic-b2048,0.00014362632646225393,0.009400028735399246,0.009543655440211296,0.009543655440211296,0.0,0.023695997893810272,0.0479455292224884,0.11958546936511993,0.010797333903610706,0.059493742883205414,0.22504526376724243,0.09874279052019119,0.00027251901337876916,9.236926078796387,269.9344482421875,0.09849870949983597,0.00020882590615656227
1,4096,transformer.h.3.mlp.w1.weight,transformer.h.3.mlp.w1.weight,"[1024, 384]",int8-linear-b2048,5.730350416399688e-09,2.5224662749678828e-06,6.61345347907627e-06,2.528196546336403e-06,4.085256932739867e-06,0.00013750611105933785,0.0004948501591570675,0.04106217995285988,0.0001274511159863323,0.0005075457156635821,0.0013764906907454133,0.039268188178539276,9.626319661037996e-05,0.001426819828338921,0.005371505860239267,0.03762597218155861,0.00012260819494258612
1,4096,transformer.h.3.mlp.w1.weight,transformer.h.3.mlp.w1.weight,"[1024, 384]",int4-linear-b2048,2.2989731860434404e-06,0.0008308280375786126,0.0021760761737823486,0.0008331270073540509,0.0013429492246359587,0.0020750106777995825,0.007872738875448704,0.0418187752366066,7.781160820741206e-05,0.011694042943418026,0.029073981568217278,0.03860841318964958,0.00014600045687984675,0.02302486076951027,0.0772877112030983,0.038151707500219345,9.886069892672822e-05
1,4096,transformer.h.3.mlp.w1.weight,transformer.h.3.mlp.w1.weight,"[1024, 384]",int4-dynamic-b2048,2.1746927814092487e-05,0.000912901887204498,0.0022239566314965487,0.0009346487931907177,0.001289307838305831,0.017342345789074898,0.02394934929907322,0.053218942135572433,0.0052074226550757885,0.020883364602923393,0.0410194993019104,0.04161747545003891,0.0004129183944314718,0.0318443700671196,0.1206241026520729,0.03757854551076889,0.00015067003550939262
1,4096,transformer.h.3.mlp.w2.weight,transformer.h.3.mlp.w2.weight,"[1024, 384]",int8-linear-b2048,6.877202807231697e-09,2.529664243411389e-06,6.556086191267241e-06,2.536541387598845e-06,4.01954457629472e-06,0.000176525441929698,0.0005460685933940113,0.04352448135614395,0.00014803139492869377,0.0005580621655099094,0.0013111350126564503,0.0392405241727829,0.00010717901022871956,0.0015504772309213877,0.005542261991649866,0.03820721432566643,0.00013300313730724156
1,4096,transformer.h.3.mlp.w2.weight,transformer.h.3.mlp.w2.weight,"[1024, 384]",int4-linear-b2048,2.1284877220750786e-06,0.0008279551984742284,0.0021521663293242455,0.0008300836780108511,0.0013220827095210552,0.002528200624510646,0.008019883185625076,0.04398183524608612,8.345793321495876e-05,0.009969618171453476,0.030105149373412132,0.03811630606651306,0.00010629231110215187,0.022136598825454712,0.06365944445133209,0.03790229931473732,6.452210800489411e-05
1,4096,transformer.h.3.mlp.w2.weight,transformer.h.3.mlp.w2.weight,"[1024, 384]",int4-dynamic-b2048,2.198936272179708e-05,0.0008943717111833394,0.002135316841304302,0.0009163610520772636,0.0012189557310193777,0.0175351370126009,0.024068286642432213,0.05699114874005318,0.00502944877371192,0.021282214671373367,0.04277179017663002,0.042378075420856476,0.00040324879228137434,0.03478409722447395,0.06794282048940659,0.03796960040926933,0.00015825650189071894
1,4096,transformer.h.3.mlp.c_proj.weight,transformer.h.3.mlp.c_proj.weight,"[384, 1024]",int8-linear-b2048,5.53467387476303e-08,2.2806929337093607e-05,6.112628034316003e-05,2.2862275727675296e-05,3.826400643447414e-05,0.00016309882630594075,0.00040973626892082393,0.03904416412115097,8.436301868641749e-05,0.0005531437345780432,0.002058198908343911,0.03773457184433937,0.00010021365596912801,0.001212002127431333,0.003986552357673645,0.03837967291474342,6.91086461301893e-05
1,4096,transformer.h.3.mlp.c_proj.weight,transformer.h.3.mlp.c_proj.weight,"[384, 1024]",int4-linear-b2048,1.9048722606385127e-05,0.007485566660761833,0.02000756561756134,0.007504615467041731,0.012502949684858322,0.003166574751958251,0.010186407715082169,0.03956193849444389,0.00011692626867443323,0.011230714619159698,0.02927013672888279,0.03804244473576546,0.00010705009481171146,0.021927328780293465,0.0759267657995224,0.03810269385576248,7.318397547351196e-05
1,4096,transformer.h.3.mlp.c_proj.weight,transformer.h.3.mlp.c_proj.weight,"[384, 1024]",int4-dynamic-b2048,0.00026810969575308263,0.00600505480542779,0.01488867960870266,0.006273164413869381,0.008615515194833279,0.026853160932660103,0.03347665071487427,0.05111510306596756,0.008434397168457508,0.02991165779531002,0.06762601435184479,0.04148784652352333,0.0008383740787394345,0.04062768071889877,0.13714346289634705,0.04164021462202072,0.0002896856749430299
1,4096,transformer.h.4.attn.c_attn.weight,transformer.h.4.attn.c_attn.weight,"[1152, 384]",int8-linear-b2048,4.0266016299028706e-08,1.680778404988814e-05,1.986291135835927e-05,1.6848049199325033e-05,3.0148621590342373e-06,0.0005051523330621421,0.0015409084735438228,0.24260452389717102,0.0006646430119872093,0.002241936046630144,0.007372037973254919,0.05234065651893616,7.852657290641218e-05,0.015339476987719536,0.05320625752210617,0.03206675499677658,7.363254553638399e-05
1,4096,transformer.h.4.attn.c_attn.weight,transformer.h.4.attn.c_attn.weight,"[1152, 384]",int4-linear-b2048,1.5928628272376955e-05,0.005516764707863331,0.006514151580631733,0.005532693117856979,0.0009814584627747536,0.009990107268095016,0.02477319724857807,0.24279242753982544,0.0008232605177909136,0.0453544445335865,0.14613626897335052,0.051742859184741974,0.00010729573114076629,0.3344317078590393,1.0582671165466309,0.03126164898276329,0.00011408119462430477
1,4096,transformer.h.4.attn.c_attn.weight,transformer.h.4.attn.c_attn.weight,"[1152, 384]",int4-dynamic-b2048,8.549688936909661e-05,0.004426268395036459,0.0052126264199614525,0.004511765204370022,0.0007008612155914307,0.03067338839173317,0.05928023159503937,0.26953086256980896,0.01246317196637392,0.05256202444434166,0.1536116600036621,0.04880313575267792,0.0001903145166579634,0.21245914697647095,0.5158858299255371,0.027943408116698265,4.8338417400373146e-05
1,4096,transformer.h.4.attn.c_proj.weight,transformer.h.4.attn.c_proj.weight,"[384, 384]",int8-linear-b2048,1.246394987219901e-07,4.449298285180703e-05,4.461762000573799e-05,4.46176236437168e-05,0.0,0.00026465029804967344,0.0010308786295354366,0.10360917448997498,0.00022614239424001426,0.004208138212561607,0.01180088147521019,0.10212568938732147,0.00028250046307221055,0.17764031887054443,1.291410207748413,0.10186678171157837,0.00027202125056646764
1,4096,transformer.h.4.attn.c_proj.weight,transformer.h.4.attn.c_proj.weight,"[384, 384]",int4-linear-b2048,3.693171311169863e-05,0.014595194719731808,0.01463212352246046,0.014632126316428185,0.0,0.0051995147950947285,0.02575073577463627,0.10236595571041107,0.0002456841175444424,0.06686433404684067,0.2511868476867676,0.10175244510173798,0.0002712031127884984,3.8247640132904053,27.306814193725586,0.10357340425252914,0.00018339282542001456
1,4096,transformer.h.4.attn.c_proj.weight,transformer.h.4.attn.c_proj.weight,"[384, 384]",int4-dynamic-b2048,0.00016062043141573668,0.011670294217765331,0.01183091290295124,0.01183091476559639,0.0,0.021034039556980133,0.03972785919904709,0.11632169783115387,0.009532950818538666,0.05543641373515129,0.16133226454257965,0.10050658881664276,0.00021169721730984747,3.0256166458129883,18.301982879638672,0.10098497569561005,0.0002575608959887177
1,4096,transformer.h.4.mlp.w1.weight,transformer.h.4.mlp.w1.weight,"[1024, 384]",int8-linear-b2048,9.883923901554681e-09,3.7048939702799544e-06,9.214485544362105e-06,3.7147779039514717e-06,5.499707640410634e-06,0.00016906228847801685,0.00048438209341838956,0.07187386602163315,0.00011667118087643757,0.000780052796471864,0.002913323463872075,0.03825138136744499,0.00018034623644780368,0.0014277970185503364,0.004563766997307539,0.03627042844891548,0.00010058106272481382
1,4096,transformer.h.4.mlp.w1.weight,transformer.h.4.mlp.w1.weight,"[1024, 384]",int4-linear-b2048,3.6129383715888252e-06,0.0011214395053684711,0.0027111705858260393,0.00112505245488137,0.0015861181309446692,0.003371568862348795,0.010601448826491833,0.08248507976531982,0.0002514476946089417,0.010388707742094994,0.02864125184714794,0.03823263198137283,0.00011470984463812783,0.020174091681838036,0.05907659977674484,0.03572417050600052,5.537306788028218e-05
1,4096,transformer.h.4.mlp.w1.weight,transformer.h.4.mlp.w1.weight,"[1024, 384]",int4-dynamic-b2048,2.478071655787062e-05,0.0010489189298823476,0.0023648866917937994,0.001073699677363038,0.0012911870144307613,0.018489385023713112,0.02582578733563423,0.103825643658638,0.005109250545501709,0.022775109857320786,0.04280694201588631,0.03958427906036377,0.00043995692976750433,0.023967977613210678,0.08367886394262314,0.036651115864515305,9.434409003006294e-05
1,4096,transformer.h.4.mlp.w2.weight,transformer.h.4.mlp.w2.weight,"[1024, 384]",int8-linear-b2048,1.0161251395857107e-08,3.4872450669354293e-06,8.783757039054763e-06,3.4974063964909874e-06,5.286350642563775e-06,0.0001766637433320284,0.00041036659968085587,0.06758937984704971,0.00020390884310472757,0.0005795747274532914,0.0015624493826180696,0.03638428449630737,8.654741395730525e-05,0.001548158354125917,0.006557992193847895,0.03569063916802406,0.00012092873657820746
1,4096,transformer.h.4.mlp.w2.weight,transformer.h.4.mlp.w2.weight,"[1024, 384]",int4-linear-b2048,3.5688094612851273e-06,0.0010606375290080905,0.0026287706568837166,0.001064206357114017,0.0015645642997696996,0.00439740065485239,0.012888631783425808,0.06939727067947388,0.0002942191204056144,0.012816742062568665,0.04341067373752594,0.03731398284435272,0.00015109821106307209,0.029505949467420578,0.10242011398077011,0.03691885992884636,0.00010605095303617418
1,4096,transformer.h.4.mlp.w2.weight,transformer.h.4.mlp.w2.weight,"[1024, 384]",int4-dynamic-b2048,2.8430127713363618e-05,0.0010230762418359518,0.002309258095920086,0.001051506376825273,0.0012577517190948129,0.02063285931944847,0.03077033907175064,0.10043441504240036,0.006601428613066673,0.025688352063298225,0.0610993392765522,0.03950001299381256,0.0005684823263436556,0.024919018149375916,0.05723102018237114,0.035283248871564865,9.452132508158684e-05
1,4096,transformer.h.4.mlp.c_proj.weight,transformer.h.4.mlp.c_proj.weight,"[384, 1024]",int8-linear-b2048,1.3483779071066238e-07,4.681449354393408e-05,0.0001252812216989696,4.6949331590440124e-05,7.833189010852948e-05,0.00020593858789652586,0.0005936548113822937,0.03896281495690346,8.118042023852468e-05,0.0008849980076774955,0.0026690217200666666,0.03737059235572815,0.000100850680610165,0.0029861764051020145,0.0076141213066875935,0.03736830875277519,0.00019046814122702926
1,4096,transformer.h.4.mlp.c_proj.weight,transformer.h.4.mlp.c_proj.weight,"[384, 1024]",int4-linear-b2048,5.1520648412406445e-05,0.015223954804241657,0.0399102121591568,0.015275475569069386,0.02463473752140999,0.00646448228508234,0.020846612751483917,0.03989919647574425,0.00022057161550037563,0.017999844625592232,0.06258665770292282,0.03853869438171387,0.00014770722191315144,0.04091053083539009,0.12403620034456253,0.03907580301165581,0.00011323161015752703
1,4096,transformer.h.4.mlp.c_proj.weight,transformer.h.4.mlp.c_proj.weight,"[384, 1024]",int4-dynamic-b2048,0.0005541903665289283,0.007975371554493904,0.019438641145825386,0.008529561571776867,0.01090907957404852,0.0366540253162384,0.04529154300689697,0.05867387354373932,0.015744298696517944,0.0453401543200016,0.08629246056079865,0.04328042268753052,0.0012554294662550092,0.05183739587664604,0.11891128867864609,0.042568787932395935,0.0003399746201466769
1,4096,transformer.h.5.attn.c_attn.weight,transformer.h.5.attn.c_attn.weight,"[1152, 384]",int8-linear-b2048,1.1310929082242183e-08,4.118236120120855e-06,5.148336185811786e-06,4.129547050979454e-06,1.018789134832332e-06,0.00032098861993290484,0.0009157327585853636,0.10080443322658539,0.00042331605800427496,0.004660249222069979,0.015330175869166851,0.09431061148643494,0.00022172047465573996,0.02520073764026165,0.06649945676326752,0.02905908413231373,8.060006803134456e-05
1,4096,transformer.h.5.attn.c_attn.weight,transformer.h.5.attn.c_attn.weight,"[1152, 384]",int4-linear-b2048,3.7965171486575855e-06,0.0013668988831341267,0.0017060328973457217,0.0013706954196095467,0.00033533747773617506,0.005111596081405878,0.02442234382033348,0.10157127678394318,0.0002526130701880902,0.09869708865880966,0.2385665774345398,0.0945286899805069,0.0002759462222456932,0.4734445810317993,1.2696362733840942,0.02800121158361435,6.719382508890703e-05
1,4096,transformer.h.5.attn.c_attn.weight,transformer.h.5.attn.c_attn.weight,"[1152, 384]",int4-dynamic-b2048,2.743428194662556e-05,0.0009896372212097049,0.0012541640317067504,0.0010170715395361185,0.00023709249217063189,0.034756310284137726,0.052861232310533524,0.11994913965463638,0.017493057996034622,0.08562938123941422,0.20934684574604034,0.09324143826961517,0.00026286899810656905,0.36356261372566223,1.236515760421753,0.027268506586551666,5.053891072748229e-05
1,4096,transformer.h.5.attn.c_proj.weight,transformer.h.5.attn.c_proj.weight,"[384, 384]",int8-linear-b2048,1.3721783709286228e-08,5.345757926988881e-06,5.359479473554529e-06,5.35947992830188e-06,0.0,0.00019867766241077334,0.0006954362615942955,0.10167163610458374,0.00029955734498798847,0.0021903025917708874,0.006416682153940201,0.10216376930475235,0.00023355118173640221,0.11668309569358826,0.5376022458076477,0.10214195400476456,0.00022334649111144245
1,4096,transformer.h.5.attn.c_proj.weight,transformer.h.5.attn.c_proj.weight,"[384, 384]",int4-linear-b2048,4.527635155682219e-06,0.0017528198659420013,0.001757347141392529,0.0017573474906384945,0.0,0.0035316157154738903,0.010877463035285473,0.10084889829158783,0.00027089635841548443,0.039275575429201126,0.12357500940561295,0.10187561064958572,0.00020013721950817853,3.516415596008301,36.135684967041016,0.10098811239004135,0.00041061374940909445
1,4096,transformer.h.5.attn.c_proj.weight,transformer.h.5.attn.c_proj.weight,"[384, 384]",int4-dynamic-b2048,1.6629393940092996e-05,0.002151989145204425,0.0021686183754354715,0.002168618608266115,0.0,0.013884327374398708,0.03355741873383522,0.10883907973766327,0.004189102910459042,0.05704715475440025,0.20883072912693024,0.10053376853466034,0.00037998222978785634,2.4586353302001953,17.660232543945312,0.10116004943847656,0.00028875176212750375
1,4096,transformer.h.5.mlp.w1.weight,transformer.h.5.mlp.w1.weight,"[1024, 384]",int8-linear-b2048,2.1320055054729892e-08,8.14992017694749e-06,1.9897182937711477e-05,8.17124055174645e-06,1.1725942385965027e-05,0.0002403252146905288,0.0006749394815415144,0.07462987303733826,0.0001704237365629524,0.0009300307719968259,0.0028893565759062767,0.037894487380981445,0.00010703840962378308,0.0019760376308113337,0.006347883027046919,0.03571870177984238,8.06359457783401e-05
1,4096,transformer.h.5.mlp.w1.weight,transformer.h.5.mlp.w1.weight,"[1024, 384]",int4-linear-b2048,1.3273139302327763e-05,0.0023894410114735365,0.005664646625518799,0.0024027142208069563,0.0032619324047118425,0.009513495489954948,0.020920684561133385,0.08094572275876999,0.0006544908392243087,0.01913786679506302,0.05485866963863373,0.038209181278944016,0.00018869951600208879,0.033563826233148575,0.09877190738916397,0.035782016813755035,7.445788651239127e-05
1,4096,transformer.h.5.mlp.w1.weight,transformer.h.5.mlp.w1.weight,"[1024, 384]",int4-dynamic-b2048,6.04001252213493e-05,0.001655830885283649,0.0034156194888055325,0.001716230995953083,0.0016993884928524494,0.026598287746310234,0.038952846080064774,0.14586953818798065,0.008549835532903671,0.03246627375483513,0.07546709477901459,0.03950388729572296,0.0006633552256971598,0.04548153653740883,0.10602471232414246,0.03295239806175232,0.0001949290744960308
1,4096,transformer.h.5.mlp.w2.weight,transformer.h.5.mlp.w2.weight,"[1024, 384]",int8-linear-b2048,1.7410080488389212e-08,6.802776624681428e-06,1.6666537703713402e-05,6.820186627010116e-06,9.846351531450637e-06,0.000223176772124134,0.0007236406672745943,0.06845113635063171,0.000145933183375746,0.0006167038227431476,0.002191433683037758,0.03755434602499008,6.207441037986428e-05,0.002241814276203513,0.006800399627536535,0.037119634449481964,0.00010587564611341804
1,4096,transformer.h.5.mlp.w2.weight,transformer.h.5.mlp.w2.weight,"[1024, 384]",int4-linear-b2048,8.93858668860048e-06,0.0020753059070557356,0.0049672676250338554,0.0020842445082962513,0.002883023116737604,0.005253741052001715,0.014041205868124962,0.07243320345878601,0.00027134420815855265,0.01803278736770153,0.04497517645359039,0.0388009138405323,0.00014839750656392425,0.037256237119436264,0.12335218489170074,0.03707471862435341,0.0001050565333571285
1,4096,transformer.h.5.mlp.w2.weight,transformer.h.5.mlp.w2.weight,"[1024, 384]",int4-dynamic-b2048,6.128348468337208e-05,0.001448616967536509,0.0030992242973297834,0.0015099004376679659,0.0015893238596618176,0.0288306325674057,0.042130179703235626,0.12224122136831284,0.011142606846988201,0.03472968935966492,0.05847020447254181,0.04001287370920181,0.0006954692071303725,0.040602073073387146,0.09764822572469711,0.03385454788804054,0.0001639428228372708
1,4096,transformer.h.5.mlp.c_proj.weight,transformer.h.5.mlp.c_proj.weight,"[384, 1024]",int8-linear-b2048,1.3352280348044587e-07,5.7116263633361086e-05,0.00015276781050488353,5.7249784731538966e-05,9.551802941132337e-05,0.00017963664140552282,0.0006865801406092942,0.03943772614002228,7.643871504114941e-05,0.0008762718643993139,0.002013395307585597,0.03766429424285889,6.661576480837539e-05,0.002089060377329588,0.007764542941004038,0.03834446519613266,6.438171840272844e-05
1,4096,transformer.h.5.mlp.c_proj.weight,transformer.h.5.mlp.c_proj.weight,"[384, 1024]",int4-linear-b2048,5.024901474826038e-05,0.01871705986559391,0.049496591091156006,0.018767308443784714,0.030729282647371292,0.005733349826186895,0.01761946640908718,0.041817862540483475,0.00014238135190680623,0.019284598529338837,0.06160580366849899,0.03811373561620712,0.00010499431664356962,0.04927278310060501,0.15628765523433685,0.03807079792022705,0.00010664293222362176
1,4096,transformer.h.5.mlp.c_proj.weight,transformer.h.5.mlp.c_proj.weight,"[384, 1024]",int4-dynamic-b2048,0.0005889521562494338,0.01329847238957882,0.031591277569532394,0.01388742495328188,0.01770385354757309,0.030062738806009293,0.041521549224853516,0.060870688408613205,0.012798437848687172,0.035253506153821945,0.08294418454170227,0.04306608811020851,0.00043569382978603244,0.05463636294007301,0.13678450882434845,0.0434676893055439,0.00017998152179643512
