Kaggle preflight (physical GPU 1 exposed as cuda:0)...
/usr/local/lib/python3.12/dist-packages/torch/autograd/__init__.py:16: FutureWarning: `isinstance(treespec, LeafSpec)` is deprecated, use `isinstance(treespec, TreeSpec) and treespec.is_leaf()` instead.
  from torch import _vmap_internals
{
  "recipe": "/kaggle/working/benchmark-experiments/recipes/recursive_muon_structural_vq_int3_4096_s1.json",
  "fingerprint": "c2b89e71ac438904e6cb8cf51605ea3308055a089c3db14072a05bd354e7fab1",
  "total_updates": 4096,
  "schedule_total_updates": 4096,
  "tokens_per_update": 8192,
  "data_root": "/kaggle/working/benchmark-data",
  "manifest": "/kaggle/input/datasets/siennadai/lowp-benchmark-slimpajama-4x-v1/manifest.json",
  "manifest_exists": true,
  "optimizer": "recursive_muon",
  "compute": "fp32",
  "to_device": "cuda:0",
  "resolved_device": "cuda:0",
  "recursive_codebook": "/kaggle/working/benchmark-experiments/reports/muon_vector_int3_robustness/calibration_codebooks.pt",
  "recursive_codebook_exists": true
}
/usr/local/lib/python3.12/dist-packages/torch/autograd/__init__.py:16: FutureWarning: `isinstance(treespec, LeafSpec)` is deprecated, use `isinstance(treespec, TreeSpec) and treespec.is_leaf()` instead.
  from torch import _vmap_internals
[run] recursive_vq_int3_4096_s1 | recursive_muon | cuda:0 | fp32 | 4096 updates | schedule horizon 4096 | 33554432 tokens
[eval] step 0 | val NLL 10.8639 | ppl 52255.50 | 65536 tokens
[train] 1/4096 | 8192 tok | loss 10.8866 | lr 5.000e-05 | 1799.2 ms/update | 4553 tok/s
[train] 2/4096 | 16384 tok | loss 10.8524 | lr 1.000e-04 | 1282.4 ms/update | 6388 tok/s
[train] 3/4096 | 24576 tok | loss 10.8646 | lr 1.500e-04 | 1254.6 ms/update | 6530 tok/s
[train] 4/4096 | 32768 tok | loss 10.8523 | lr 2.000e-04 | 1257.1 ms/update | 6517 tok/s
[train] 5/4096 | 40960 tok | loss 10.7866 | lr 2.500e-04 | 1253.4 ms/update | 6536 tok/s
[train] 6/4096 | 49152 tok | loss 10.7679 | lr 3.000e-04 | 1246.9 ms/update | 6570 tok/s
[train] 7/4096 | 57344 tok | loss 10.6275 | lr 3.500e-04 | 1247.6 ms/update | 6566 tok/s
[train] 8/4096 | 65536 tok | loss 10.5461 | lr 4.000e-04 | 1241.4 ms/update | 6599 tok/s
[train] 9/4096 | 73728 tok | loss 10.6105 | lr 4.500e-04 | 1228.0 ms/update | 6671 tok/s
[train] 10/4096 | 81920 tok | loss 10.4824 | lr 5.000e-04 | 1240.6 ms/update | 6603 tok/s
[train] 11/4096 | 90112 tok | loss 10.3682 | lr 5.500e-04 | 1243.4 ms/update | 6589 tok/s
[train] 12/4096 | 98304 tok | loss 10.3612 | lr 6.000e-04 | 1240.2 ms/update | 6605 tok/s
[train] 13/4096 | 106496 tok | loss 10.2199 | lr 6.500e-04 | 1252.3 ms/update | 6542 tok/s
[train] 14/4096 | 114688 tok | loss 9.9953 | lr 7.000e-04 | 1245.3 ms/update | 6578 tok/s
[train] 15/4096 | 122880 tok | loss 9.7555 | lr 7.500e-04 | 1239.0 ms/update | 6612 tok/s
[train] 16/4096 | 131072 tok | loss 9.7234 | lr 8.000e-04 | 1249.6 ms/update | 6556 tok/s
[train] 17/4096 | 139264 tok | loss 9.4768 | lr 8.500e-04 | 1246.5 ms/update | 6572 tok/s
[train] 18/4096 | 147456 tok | loss 9.3013 | lr 9.000e-04 | 1249.2 ms/update | 6558 tok/s
[train] 19/4096 | 155648 tok | loss 9.0199 | lr 9.500e-04 | 1253.6 ms/update | 6535 tok/s
[train] 20/4096 | 163840 tok | loss 8.9474 | lr 1.000e-03 | 1255.9 ms/update | 6523 tok/s
[train] 21/4096 | 172032 tok | loss 8.9057 | lr 1.000e-03 | 1255.3 ms/update | 6526 tok/s
[train] 22/4096 | 180224 tok | loss 8.6820 | lr 1.000e-03 | 1255.7 ms/update | 6524 tok/s
[train] 23/4096 | 188416 tok | loss 8.4473 | lr 1.000e-03 | 1254.6 ms/update | 6529 tok/s
[train] 24/4096 | 196608 tok | loss 8.3903 | lr 1.000e-03 | 1259.5 ms/update | 6504 tok/s
[train] 25/4096 | 204800 tok | loss 8.2264 | lr 1.000e-03 | 1258.5 ms/update | 6509 tok/s
[train] 26/4096 | 212992 tok | loss 7.9320 | lr 1.000e-03 | 1253.6 ms/update | 6535 tok/s
[train] 27/4096 | 221184 tok | loss 8.0200 | lr 1.000e-03 | 1254.7 ms/update | 6529 tok/s
[train] 28/4096 | 229376 tok | loss 7.8864 | lr 1.000e-03 | 1267.7 ms/update | 6462 tok/s
[train] 29/4096 | 237568 tok | loss 7.7282 | lr 1.000e-03 | 1268.4 ms/update | 6458 tok/s
[train] 30/4096 | 245760 tok | loss 8.1219 | lr 1.000e-03 | 1261.9 ms/update | 6492 tok/s
[train] 31/4096 | 253952 tok | loss 7.7742 | lr 1.000e-03 | 1269.3 ms/update | 6454 tok/s
[train] 32/4096 | 262144 tok | loss 7.8700 | lr 1.000e-03 | 1267.9 ms/update | 6461 tok/s
[train] 33/4096 | 270336 tok | loss 7.7572 | lr 1.000e-03 | 1263.6 ms/update | 6483 tok/s
[train] 34/4096 | 278528 tok | loss 8.0444 | lr 1.000e-03 | 1264.6 ms/update | 6478 tok/s
[train] 35/4096 | 286720 tok | loss 7.6595 | lr 1.000e-03 | 1266.5 ms/update | 6468 tok/s
[train] 36/4096 | 294912 tok | loss 7.8047 | lr 1.000e-03 | 1270.1 ms/update | 6450 tok/s
[train] 37/4096 | 303104 tok | loss 8.1444 | lr 1.000e-03 | 1269.6 ms/update | 6452 tok/s
[train] 38/4096 | 311296 tok | loss 7.7489 | lr 1.000e-03 | 1267.3 ms/update | 6464 tok/s
[train] 39/4096 | 319488 tok | loss 7.7601 | lr 1.000e-03 | 1278.9 ms/update | 6406 tok/s
[train] 40/4096 | 327680 tok | loss 7.7042 | lr 9.999e-04 | 1289.1 ms/update | 6355 tok/s
[train] 41/4096 | 335872 tok | loss 8.0187 | lr 9.999e-04 | 1274.7 ms/update | 6427 tok/s
[train] 42/4096 | 344064 tok | loss 7.6348 | lr 9.999e-04 | 1265.4 ms/update | 6474 tok/s
[train] 43/4096 | 352256 tok | loss 7.9421 | lr 9.999e-04 | 1274.5 ms/update | 6428 tok/s
[train] 44/4096 | 360448 tok | loss 7.8890 | lr 9.999e-04 | 1281.1 ms/update | 6394 tok/s
[train] 45/4096 | 368640 tok | loss 7.8420 | lr 9.999e-04 | 1283.2 ms/update | 6384 tok/s
[train] 46/4096 | 376832 tok | loss 7.7242 | lr 9.999e-04 | 1282.0 ms/update | 6390 tok/s
[train] 47/4096 | 385024 tok | loss 7.6023 | lr 9.999e-04 | 1299.6 ms/update | 6304 tok/s
[train] 48/4096 | 393216 tok | loss 7.6631 | lr 9.999e-04 | 1285.2 ms/update | 6374 tok/s
[train] 49/4096 | 401408 tok | loss 7.4404 | lr 9.999e-04 | 1284.3 ms/update | 6378 tok/s
[train] 50/4096 | 409600 tok | loss 7.7148 | lr 9.999e-04 | 1295.9 ms/update | 6322 tok/s
[train] 51/4096 | 417792 tok | loss 7.5506 | lr 9.999e-04 | 1294.3 ms/update | 6329 tok/s
[train] 52/4096 | 425984 tok | loss 7.7327 | lr 9.999e-04 | 1297.0 ms/update | 6316 tok/s
[train] 53/4096 | 434176 tok | loss 7.5993 | lr 9.999e-04 | 1297.9 ms/update | 6312 tok/s
[train] 54/4096 | 442368 tok | loss 7.7852 | lr 9.998e-04 | 1293.4 ms/update | 6333 tok/s
[train] 55/4096 | 450560 tok | loss 7.7587 | lr 9.998e-04 | 1313.4 ms/update | 6237 tok/s
[train] 56/4096 | 458752 tok | loss 7.3689 | lr 9.998e-04 | 1307.2 ms/update | 6267 tok/s
[train] 57/4096 | 466944 tok | loss 7.6557 | lr 9.998e-04 | 1308.6 ms/update | 6260 tok/s
[train] 58/4096 | 475136 tok | loss 7.2281 | lr 9.998e-04 | 1310.0 ms/update | 6253 tok/s
[train] 59/4096 | 483328 tok | loss 7.2499 | lr 9.998e-04 | 1318.4 ms/update | 6214 tok/s
[train] 60/4096 | 491520 tok | loss 7.8012 | lr 9.998e-04 | 1315.0 ms/update | 6230 tok/s
[train] 61/4096 | 499712 tok | loss 7.3131 | lr 9.998e-04 | 1301.4 ms/update | 6295 tok/s
[train] 62/4096 | 507904 tok | loss 7.6704 | lr 9.998e-04 | 1317.6 ms/update | 6218 tok/s
[train] 63/4096 | 516096 tok | loss 7.4583 | lr 9.998e-04 | 1325.1 ms/update | 6182 tok/s
[train] 64/4096 | 524288 tok | loss 7.5885 | lr 9.997e-04 | 1330.0 ms/update | 6160 tok/s
[train] 65/4096 | 532480 tok | loss 7.3489 | lr 9.997e-04 | 1326.3 ms/update | 6177 tok/s
[train] 66/4096 | 540672 tok | loss 7.3226 | lr 9.997e-04 | 1330.9 ms/update | 6155 tok/s
[train] 67/4096 | 548864 tok | loss 7.4055 | lr 9.997e-04 | 1329.1 ms/update | 6164 tok/s
[train] 68/4096 | 557056 tok | loss 7.5342 | lr 9.997e-04 | 1338.3 ms/update | 6121 tok/s
[train] 69/4096 | 565248 tok | loss 7.4118 | lr 9.997e-04 | 1332.8 ms/update | 6146 tok/s
[train] 70/4096 | 573440 tok | loss 7.4025 | lr 9.997e-04 | 1333.9 ms/update | 6141 tok/s
[train] 71/4096 | 581632 tok | loss 7.1516 | lr 9.997e-04 | 1331.7 ms/update | 6152 tok/s
[train] 72/4096 | 589824 tok | loss 7.6154 | lr 9.996e-04 | 1338.5 ms/update | 6120 tok/s
[train] 73/4096 | 598016 tok | loss 7.0866 | lr 9.996e-04 | 1334.7 ms/update | 6138 tok/s
[train] 74/4096 | 606208 tok | loss 7.2967 | lr 9.996e-04 | 1339.8 ms/update | 6115 tok/s
[train] 75/4096 | 614400 tok | loss 6.9763 | lr 9.996e-04 | 1335.8 ms/update | 6133 tok/s
[train] 76/4096 | 622592 tok | loss 7.3753 | lr 9.996e-04 | 1343.0 ms/update | 6100 tok/s
[train] 77/4096 | 630784 tok | loss 7.4928 | lr 9.996e-04 | 1347.2 ms/update | 6081 tok/s
[train] 78/4096 | 638976 tok | loss 7.1628 | lr 9.996e-04 | 1349.6 ms/update | 6070 tok/s
[train] 79/4096 | 647168 tok | loss 7.0693 | lr 9.995e-04 | 1344.8 ms/update | 6092 tok/s
[train] 80/4096 | 655360 tok | loss 7.3374 | lr 9.995e-04 | 1350.1 ms/update | 6068 tok/s
[train] 81/4096 | 663552 tok | loss 7.1899 | lr 9.995e-04 | 1351.3 ms/update | 6062 tok/s
[train] 82/4096 | 671744 tok | loss 6.9518 | lr 9.995e-04 | 1357.7 ms/update | 6034 tok/s
[train] 83/4096 | 679936 tok | loss 7.4301 | lr 9.995e-04 | 1352.9 ms/update | 6055 tok/s
[train] 84/4096 | 688128 tok | loss 7.1248 | lr 9.995e-04 | 1350.3 ms/update | 6067 tok/s
[train] 85/4096 | 696320 tok | loss 7.2229 | lr 9.994e-04 | 1357.9 ms/update | 6033 tok/s
[train] 86/4096 | 704512 tok | loss 6.9827 | lr 9.994e-04 | 1357.2 ms/update | 6036 tok/s
[train] 87/4096 | 712704 tok | loss 7.1430 | lr 9.994e-04 | 1354.6 ms/update | 6047 tok/s
[train] 88/4096 | 720896 tok | loss 7.3104 | lr 9.994e-04 | 1350.8 ms/update | 6065 tok/s
[train] 89/4096 | 729088 tok | loss 6.8722 | lr 9.994e-04 | 1357.2 ms/update | 6036 tok/s
[train] 90/4096 | 737280 tok | loss 6.7850 | lr 9.993e-04 | 1349.6 ms/update | 6070 tok/s
[train] 91/4096 | 745472 tok | loss 6.8383 | lr 9.993e-04 | 1355.3 ms/update | 6044 tok/s
[train] 92/4096 | 753664 tok | loss 6.9970 | lr 9.993e-04 | 1360.7 ms/update | 6020 tok/s
[train] 93/4096 | 761856 tok | loss 6.9565 | lr 9.993e-04 | 1341.8 ms/update | 6105 tok/s
[train] 94/4096 | 770048 tok | loss 7.0569 | lr 9.993e-04 | 1337.7 ms/update | 6124 tok/s
[train] 95/4096 | 778240 tok | loss 7.0428 | lr 9.992e-04 | 1344.1 ms/update | 6095 tok/s
[train] 96/4096 | 786432 tok | loss 7.0480 | lr 9.992e-04 | 1343.5 ms/update | 6097 tok/s
[train] 97/4096 | 794624 tok | loss 6.7240 | lr 9.992e-04 | 1346.3 ms/update | 6085 tok/s
[train] 98/4096 | 802816 tok | loss 6.9953 | lr 9.992e-04 | 1344.5 ms/update | 6093 tok/s
[train] 99/4096 | 811008 tok | loss 7.1730 | lr 9.992e-04 | 1352.2 ms/update | 6058 tok/s
[train] 100/4096 | 819200 tok | loss 7.1509 | lr 9.991e-04 | 1347.9 ms/update | 6078 tok/s
[train] 101/4096 | 827392 tok | loss 6.7055 | lr 9.991e-04 | 1340.4 ms/update | 6111 tok/s
[train] 102/4096 | 835584 tok | loss 6.8981 | lr 9.991e-04 | 1334.9 ms/update | 6137 tok/s
[train] 103/4096 | 843776 tok | loss 6.9360 | lr 9.991e-04 | 1334.4 ms/update | 6139 tok/s
[train] 104/4096 | 851968 tok | loss 6.7922 | lr 9.991e-04 | 1338.0 ms/update | 6122 tok/s
[train] 105/4096 | 860160 tok | loss 6.8830 | lr 9.990e-04 | 1331.2 ms/update | 6154 tok/s
[train] 106/4096 | 868352 tok | loss 6.7286 | lr 9.990e-04 | 1328.6 ms/update | 6166 tok/s
[train] 107/4096 | 876544 tok | loss 6.5270 | lr 9.990e-04 | 1346.7 ms/update | 6083 tok/s
[train] 108/4096 | 884736 tok | loss 6.7382 | lr 9.990e-04 | 1325.9 ms/update | 6179 tok/s
[train] 109/4096 | 892928 tok | loss 6.9053 | lr 9.989e-04 | 1325.6 ms/update | 6180 tok/s
[train] 110/4096 | 901120 tok | loss 6.5005 | lr 9.989e-04 | 1329.2 ms/update | 6163 tok/s
[train] 111/4096 | 909312 tok | loss 6.6382 | lr 9.989e-04 | 1318.0 ms/update | 6216 tok/s
[train] 112/4096 | 917504 tok | loss 6.9902 | lr 9.989e-04 | 1317.1 ms/update | 6220 tok/s
[train] 113/4096 | 925696 tok | loss 6.9881 | lr 9.988e-04 | 1326.1 ms/update | 6177 tok/s
[train] 114/4096 | 933888 tok | loss 6.7287 | lr 9.988e-04 | 1315.1 ms/update | 6229 tok/s
[train] 115/4096 | 942080 tok | loss 6.8736 | lr 9.988e-04 | 1321.8 ms/update | 6198 tok/s
[train] 116/4096 | 950272 tok | loss 6.4939 | lr 9.988e-04 | 1320.6 ms/update | 6203 tok/s
[train] 117/4096 | 958464 tok | loss 6.8586 | lr 9.987e-04 | 1316.2 ms/update | 6224 tok/s
[train] 118/4096 | 966656 tok | loss 6.6400 | lr 9.987e-04 | 1321.6 ms/update | 6198 tok/s
[train] 119/4096 | 974848 tok | loss 6.6299 | lr 9.987e-04 | 1327.5 ms/update | 6171 tok/s
[train] 120/4096 | 983040 tok | loss 6.9592 | lr 9.987e-04 | 1323.5 ms/update | 6190 tok/s
[train] 121/4096 | 991232 tok | loss 6.4267 | lr 9.986e-04 | 1321.0 ms/update | 6201 tok/s
[train] 122/4096 | 999424 tok | loss 6.4179 | lr 9.986e-04 | 1335.1 ms/update | 6136 tok/s
[train] 123/4096 | 1007616 tok | loss 6.9208 | lr 9.986e-04 | 1319.4 ms/update | 6209 tok/s
[train] 124/4096 | 1015808 tok | loss 6.8205 | lr 9.986e-04 | 1328.3 ms/update | 6167 tok/s
[train] 125/4096 | 1024000 tok | loss 6.6095 | lr 9.985e-04 | 1328.7 ms/update | 6165 tok/s
[train] 126/4096 | 1032192 tok | loss 6.9243 | lr 9.985e-04 | 1317.3 ms/update | 6219 tok/s
[train] 127/4096 | 1040384 tok | loss 6.4225 | lr 9.985e-04 | 1326.8 ms/update | 6174 tok/s
[train] 128/4096 | 1048576 tok | loss 6.5279 | lr 9.984e-04 | 1323.2 ms/update | 6191 tok/s
[eval] step 128 | val NLL 6.3974 | ppl 600.31 | 65536 tokens
[ckpt] latest.pt @ step 128
[train] 129/4096 | 1056768 tok | loss 6.6894 | lr 9.984e-04 | 1329.0 ms/update | 6164 tok/s
[train] 130/4096 | 1064960 tok | loss 6.4325 | lr 9.984e-04 | 1326.7 ms/update | 6175 tok/s
[train] 131/4096 | 1073152 tok | loss 6.5496 | lr 9.984e-04 | 1339.6 ms/update | 6115 tok/s
[train] 132/4096 | 1081344 tok | loss 6.7338 | lr 9.983e-04 | 1334.7 ms/update | 6138 tok/s
[train] 133/4096 | 1089536 tok | loss 6.5726 | lr 9.983e-04 | 1337.5 ms/update | 6125 tok/s
[train] 134/4096 | 1097728 tok | loss 6.4147 | lr 9.983e-04 | 1343.4 ms/update | 6098 tok/s
[train] 135/4096 | 1105920 tok | loss 6.3249 | lr 9.982e-04 | 1338.5 ms/update | 6120 tok/s
[train] 136/4096 | 1114112 tok | loss 6.4178 | lr 9.982e-04 | 1334.9 ms/update | 6137 tok/s
[train] 137/4096 | 1122304 tok | loss 6.5864 | lr 9.982e-04 | 1337.4 ms/update | 6125 tok/s
[train] 138/4096 | 1130496 tok | loss 6.3055 | lr 9.981e-04 | 1326.9 ms/update | 6174 tok/s
[train] 139/4096 | 1138688 tok | loss 6.8717 | lr 9.981e-04 | 1334.8 ms/update | 6137 tok/s
[train] 140/4096 | 1146880 tok | loss 6.5993 | lr 9.981e-04 | 1336.9 ms/update | 6128 tok/s
[train] 141/4096 | 1155072 tok | loss 6.1259 | lr 9.980e-04 | 1328.5 ms/update | 6166 tok/s
[train] 142/4096 | 1163264 tok | loss 6.3338 | lr 9.980e-04 | 1343.2 ms/update | 6099 tok/s
[train] 143/4096 | 1171456 tok | loss 6.5916 | lr 9.980e-04 | 1330.1 ms/update | 6159 tok/s
[train] 144/4096 | 1179648 tok | loss 6.5165 | lr 9.979e-04 | 1330.1 ms/update | 6159 tok/s
[train] 145/4096 | 1187840 tok | loss 6.6868 | lr 9.979e-04 | 1344.2 ms/update | 6094 tok/s
[train] 146/4096 | 1196032 tok | loss 6.7740 | lr 9.979e-04 | 1338.9 ms/update | 6119 tok/s
[train] 147/4096 | 1204224 tok | loss 6.8162 | lr 9.978e-04 | 1329.3 ms/update | 6163 tok/s
[train] 148/4096 | 1212416 tok | loss 6.7850 | lr 9.978e-04 | 1327.1 ms/update | 6173 tok/s
[train] 149/4096 | 1220608 tok | loss 6.7317 | lr 9.978e-04 | 1329.6 ms/update | 6161 tok/s
[train] 150/4096 | 1228800 tok | loss 6.2460 | lr 9.977e-04 | 1330.2 ms/update | 6158 tok/s
[train] 151/4096 | 1236992 tok | loss 6.5561 | lr 9.977e-04 | 1338.2 ms/update | 6121 tok/s
[train] 152/4096 | 1245184 tok | loss 6.6391 | lr 9.977e-04 | 1337.0 ms/update | 6127 tok/s
[train] 153/4096 | 1253376 tok | loss 6.6832 | lr 9.976e-04 | 1330.2 ms/update | 6159 tok/s
[train] 154/4096 | 1261568 tok | loss 6.6213 | lr 9.976e-04 | 1332.0 ms/update | 6150 tok/s
[train] 155/4096 | 1269760 tok | loss 6.7523 | lr 9.976e-04 | 1331.7 ms/update | 6152 tok/s
[train] 156/4096 | 1277952 tok | loss 7.0026 | lr 9.975e-04 | 1337.6 ms/update | 6125 tok/s
[train] 157/4096 | 1286144 tok | loss 6.4316 | lr 9.975e-04 | 1340.7 ms/update | 6110 tok/s
[train] 158/4096 | 1294336 tok | loss 6.5860 | lr 9.975e-04 | 1327.3 ms/update | 6172 tok/s
[train] 159/4096 | 1302528 tok | loss 6.4671 | lr 9.974e-04 | 1330.5 ms/update | 6157 tok/s
[train] 160/4096 | 1310720 tok | loss 6.2141 | lr 9.974e-04 | 1324.8 ms/update | 6184 tok/s
[train] 161/4096 | 1318912 tok | loss 6.2934 | lr 9.973e-04 | 1326.0 ms/update | 6178 tok/s
[train] 162/4096 | 1327104 tok | loss 6.4019 | lr 9.973e-04 | 1328.1 ms/update | 6168 tok/s
[train] 163/4096 | 1335296 tok | loss 6.4164 | lr 9.973e-04 | 1319.7 ms/update | 6208 tok/s
[train] 164/4096 | 1343488 tok | loss 6.6063 | lr 9.972e-04 | 1324.6 ms/update | 6184 tok/s
[train] 165/4096 | 1351680 tok | loss 6.5760 | lr 9.972e-04 | 1326.1 ms/update | 6178 tok/s
[train] 166/4096 | 1359872 tok | loss 6.2935 | lr 9.972e-04 | 1329.1 ms/update | 6164 tok/s
[train] 167/4096 | 1368064 tok | loss 6.4584 | lr 9.971e-04 | 1328.0 ms/update | 6169 tok/s
[train] 168/4096 | 1376256 tok | loss 6.6211 | lr 9.971e-04 | 1321.7 ms/update | 6198 tok/s
[train] 169/4096 | 1384448 tok | loss 6.5367 | lr 9.970e-04 | 1328.1 ms/update | 6168 tok/s
[train] 170/4096 | 1392640 tok | loss 6.2197 | lr 9.970e-04 | 1321.6 ms/update | 6199 tok/s
[train] 171/4096 | 1400832 tok | loss 6.5048 | lr 9.970e-04 | 1326.1 ms/update | 6178 tok/s
[train] 172/4096 | 1409024 tok | loss 6.5041 | lr 9.969e-04 | 1335.5 ms/update | 6134 tok/s
[train] 173/4096 | 1417216 tok | loss 6.3966 | lr 9.969e-04 | 1328.1 ms/update | 6168 tok/s
[train] 174/4096 | 1425408 tok | loss 6.6375 | lr 9.968e-04 | 1330.1 ms/update | 6159 tok/s
[train] 175/4096 | 1433600 tok | loss 6.5813 | lr 9.968e-04 | 1325.0 ms/update | 6183 tok/s
[train] 176/4096 | 1441792 tok | loss 6.5304 | lr 9.968e-04 | 1325.6 ms/update | 6180 tok/s
[train] 177/4096 | 1449984 tok | loss 6.5447 | lr 9.967e-04 | 1329.5 ms/update | 6162 tok/s
[train] 178/4096 | 1458176 tok | loss 6.4047 | lr 9.967e-04 | 1328.2 ms/update | 6168 tok/s
[train] 179/4096 | 1466368 tok | loss 6.0396 | lr 9.966e-04 | 1333.6 ms/update | 6143 tok/s
[train] 180/4096 | 1474560 tok | loss 6.3960 | lr 9.966e-04 | 1332.3 ms/update | 6149 tok/s
[train] 181/4096 | 1482752 tok | loss 6.3348 | lr 9.965e-04 | 1319.7 ms/update | 6207 tok/s
[train] 182/4096 | 1490944 tok | loss 6.5190 | lr 9.965e-04 | 1332.0 ms/update | 6150 tok/s
[train] 183/4096 | 1499136 tok | loss 6.2750 | lr 9.965e-04 | 1324.6 ms/update | 6185 tok/s
[train] 184/4096 | 1507328 tok | loss 6.2841 | lr 9.964e-04 | 1330.3 ms/update | 6158 tok/s
[train] 185/4096 | 1515520 tok | loss 6.8291 | lr 9.964e-04 | 1330.8 ms/update | 6156 tok/s
[train] 186/4096 | 1523712 tok | loss 6.5052 | lr 9.963e-04 | 1332.5 ms/update | 6148 tok/s
[train] 187/4096 | 1531904 tok | loss 6.1904 | lr 9.963e-04 | 1344.2 ms/update | 6094 tok/s
[train] 188/4096 | 1540096 tok | loss 6.1854 | lr 9.962e-04 | 1327.3 ms/update | 6172 tok/s
[train] 189/4096 | 1548288 tok | loss 6.4448 | lr 9.962e-04 | 1330.2 ms/update | 6158 tok/s
[train] 190/4096 | 1556480 tok | loss 6.2578 | lr 9.961e-04 | 1334.0 ms/update | 6141 tok/s
[train] 191/4096 | 1564672 tok | loss 6.5156 | lr 9.961e-04 | 1334.9 ms/update | 6137 tok/s
[train] 192/4096 | 1572864 tok | loss 6.4885 | lr 9.961e-04 | 1329.7 ms/update | 6161 tok/s
[train] 193/4096 | 1581056 tok | loss 6.2685 | lr 9.960e-04 | 1340.2 ms/update | 6113 tok/s
[train] 194/4096 | 1589248 tok | loss 6.1914 | lr 9.960e-04 | 1329.5 ms/update | 6162 tok/s
[train] 195/4096 | 1597440 tok | loss 6.4500 | lr 9.959e-04 | 1338.6 ms/update | 6120 tok/s
[train] 196/4096 | 1605632 tok | loss 6.3528 | lr 9.959e-04 | 1330.3 ms/update | 6158 tok/s
[train] 197/4096 | 1613824 tok | loss 6.5262 | lr 9.958e-04 | 1336.2 ms/update | 6131 tok/s
[train] 198/4096 | 1622016 tok | loss 6.4566 | lr 9.958e-04 | 1335.1 ms/update | 6136 tok/s
[train] 199/4096 | 1630208 tok | loss 6.1168 | lr 9.957e-04 | 1337.1 ms/update | 6127 tok/s
[train] 200/4096 | 1638400 tok | loss 6.3668 | lr 9.957e-04 | 1338.4 ms/update | 6121 tok/s
[train] 201/4096 | 1646592 tok | loss 6.6400 | lr 9.956e-04 | 1332.2 ms/update | 6149 tok/s
[train] 202/4096 | 1654784 tok | loss 6.5327 | lr 9.956e-04 | 1350.7 ms/update | 6065 tok/s
[train] 203/4096 | 1662976 tok | loss 6.5921 | lr 9.955e-04 | 1332.2 ms/update | 6149 tok/s
[train] 204/4096 | 1671168 tok | loss 6.4178 | lr 9.955e-04 | 1334.0 ms/update | 6141 tok/s
[train] 205/4096 | 1679360 tok | loss 5.9356 | lr 9.954e-04 | 1335.2 ms/update | 6136 tok/s
[train] 206/4096 | 1687552 tok | loss 6.2289 | lr 9.954e-04 | 1335.4 ms/update | 6135 tok/s
[train] 207/4096 | 1695744 tok | loss 6.4306 | lr 9.953e-04 | 1336.5 ms/update | 6130 tok/s
[train] 208/4096 | 1703936 tok | loss 6.3011 | lr 9.953e-04 | 1336.9 ms/update | 6128 tok/s
[train] 209/4096 | 1712128 tok | loss 6.6087 | lr 9.952e-04 | 1333.8 ms/update | 6142 tok/s
[train] 210/4096 | 1720320 tok | loss 6.5623 | lr 9.952e-04 | 1345.0 ms/update | 6091 tok/s
[train] 211/4096 | 1728512 tok | loss 6.3632 | lr 9.951e-04 | 1335.0 ms/update | 6136 tok/s
[train] 212/4096 | 1736704 tok | loss 6.2705 | lr 9.951e-04 | 1330.8 ms/update | 6156 tok/s
[train] 213/4096 | 1744896 tok | loss 6.5242 | lr 9.950e-04 | 1330.4 ms/update | 6158 tok/s
[train] 214/4096 | 1753088 tok | loss 6.1998 | lr 9.950e-04 | 1332.7 ms/update | 6147 tok/s
[train] 215/4096 | 1761280 tok | loss 6.4283 | lr 9.949e-04 | 1331.0 ms/update | 6155 tok/s
[train] 216/4096 | 1769472 tok | loss 6.4749 | lr 9.949e-04 | 1335.5 ms/update | 6134 tok/s
[train] 217/4096 | 1777664 tok | loss 6.2182 | lr 9.948e-04 | 1350.2 ms/update | 6067 tok/s
[train] 218/4096 | 1785856 tok | loss 6.6028 | lr 9.948e-04 | 1338.3 ms/update | 6121 tok/s
[train] 219/4096 | 1794048 tok | loss 6.3064 | lr 9.947e-04 | 1336.2 ms/update | 6131 tok/s
[train] 220/4096 | 1802240 tok | loss 6.3324 | lr 9.947e-04 | 1337.3 ms/update | 6126 tok/s
[train] 221/4096 | 1810432 tok | loss 6.2145 | lr 9.946e-04 | 1336.4 ms/update | 6130 tok/s
[train] 222/4096 | 1818624 tok | loss 6.2232 | lr 9.946e-04 | 1336.8 ms/update | 6128 tok/s
[train] 223/4096 | 1826816 tok | loss 6.4463 | lr 9.945e-04 | 1333.7 ms/update | 6142 tok/s
[train] 224/4096 | 1835008 tok | loss 6.1198 | lr 9.944e-04 | 1336.5 ms/update | 6129 tok/s
[train] 225/4096 | 1843200 tok | loss 6.4986 | lr 9.944e-04 | 1348.0 ms/update | 6077 tok/s
[train] 226/4096 | 1851392 tok | loss 6.4459 | lr 9.943e-04 | 1332.5 ms/update | 6148 tok/s
[train] 227/4096 | 1859584 tok | loss 6.3459 | lr 9.943e-04 | 1331.7 ms/update | 6151 tok/s
[train] 228/4096 | 1867776 tok | loss 6.2189 | lr 9.942e-04 | 1344.9 ms/update | 6091 tok/s
[train] 229/4096 | 1875968 tok | loss 6.4677 | lr 9.942e-04 | 1342.3 ms/update | 6103 tok/s
[train] 230/4096 | 1884160 tok | loss 6.4342 | lr 9.941e-04 | 1331.2 ms/update | 6154 tok/s
[train] 231/4096 | 1892352 tok | loss 6.5550 | lr 9.941e-04 | 1328.0 ms/update | 6169 tok/s
[train] 232/4096 | 1900544 tok | loss 6.1889 | lr 9.940e-04 | 1345.4 ms/update | 6089 tok/s
[train] 233/4096 | 1908736 tok | loss 6.2338 | lr 9.939e-04 | 1338.6 ms/update | 6120 tok/s
[train] 234/4096 | 1916928 tok | loss 6.4086 | lr 9.939e-04 | 1333.9 ms/update | 6141 tok/s
[train] 235/4096 | 1925120 tok | loss 6.2319 | lr 9.938e-04 | 1333.1 ms/update | 6145 tok/s
[train] 236/4096 | 1933312 tok | loss 5.9773 | lr 9.938e-04 | 1336.3 ms/update | 6130 tok/s
[train] 237/4096 | 1941504 tok | loss 6.1422 | lr 9.937e-04 | 1335.8 ms/update | 6133 tok/s
[train] 238/4096 | 1949696 tok | loss 6.1847 | lr 9.937e-04 | 1337.7 ms/update | 6124 tok/s
[train] 239/4096 | 1957888 tok | loss 6.2381 | lr 9.936e-04 | 1336.6 ms/update | 6129 tok/s
[train] 240/4096 | 1966080 tok | loss 5.8908 | lr 9.935e-04 | 1333.8 ms/update | 6142 tok/s
[train] 241/4096 | 1974272 tok | loss 6.2167 | lr 9.935e-04 | 1331.1 ms/update | 6154 tok/s
[train] 242/4096 | 1982464 tok | loss 6.3521 | lr 9.934e-04 | 1336.0 ms/update | 6132 tok/s
[train] 243/4096 | 1990656 tok | loss 6.2851 | lr 9.934e-04 | 1336.7 ms/update | 6128 tok/s
[train] 244/4096 | 1998848 tok | loss 6.1998 | lr 9.933e-04 | 1328.2 ms/update | 6168 tok/s
[train] 245/4096 | 2007040 tok | loss 6.3507 | lr 9.933e-04 | 1328.0 ms/update | 6169 tok/s
[train] 246/4096 | 2015232 tok | loss 6.3265 | lr 9.932e-04 | 1336.3 ms/update | 6131 tok/s
[train] 247/4096 | 2023424 tok | loss 6.1220 | lr 9.931e-04 | 1346.1 ms/update | 6086 tok/s
[train] 248/4096 | 2031616 tok | loss 6.1816 | lr 9.931e-04 | 1341.8 ms/update | 6105 tok/s
[train] 249/4096 | 2039808 tok | loss 6.0665 | lr 9.930e-04 | 1348.3 ms/update | 6076 tok/s
[train] 250/4096 | 2048000 tok | loss 6.1057 | lr 9.929e-04 | 1341.9 ms/update | 6105 tok/s
[train] 251/4096 | 2056192 tok | loss 6.0268 | lr 9.929e-04 | 1335.8 ms/update | 6133 tok/s
[train] 252/4096 | 2064384 tok | loss 6.3872 | lr 9.928e-04 | 1336.8 ms/update | 6128 tok/s
[train] 253/4096 | 2072576 tok | loss 6.2477 | lr 9.928e-04 | 1339.5 ms/update | 6116 tok/s
[train] 254/4096 | 2080768 tok | loss 6.2525 | lr 9.927e-04 | 1337.3 ms/update | 6126 tok/s
[train] 255/4096 | 2088960 tok | loss 6.4806 | lr 9.926e-04 | 1340.7 ms/update | 6110 tok/s
[train] 256/4096 | 2097152 tok | loss 5.8995 | lr 9.926e-04 | 1336.0 ms/update | 6132 tok/s
[eval] step 256 | val NLL 5.8466 | ppl 346.05 | 65536 tokens
[ckpt] latest.pt @ step 256
[train] 257/4096 | 2105344 tok | loss 6.0817 | lr 9.925e-04 | 1322.9 ms/update | 6192 tok/s
[train] 258/4096 | 2113536 tok | loss 6.3459 | lr 9.924e-04 | 1328.7 ms/update | 6166 tok/s
[train] 259/4096 | 2121728 tok | loss 6.1762 | lr 9.924e-04 | 1336.5 ms/update | 6129 tok/s
[train] 260/4096 | 2129920 tok | loss 6.4271 | lr 9.923e-04 | 1344.9 ms/update | 6091 tok/s
[train] 261/4096 | 2138112 tok | loss 6.2476 | lr 9.923e-04 | 1328.6 ms/update | 6166 tok/s
[train] 262/4096 | 2146304 tok | loss 6.3108 | lr 9.922e-04 | 1332.3 ms/update | 6149 tok/s
[train] 263/4096 | 2154496 tok | loss 6.4046 | lr 9.921e-04 | 1349.9 ms/update | 6069 tok/s
[train] 264/4096 | 2162688 tok | loss 5.9390 | lr 9.921e-04 | 1345.5 ms/update | 6089 tok/s
[train] 265/4096 | 2170880 tok | loss 6.3867 | lr 9.920e-04 | 1333.3 ms/update | 6144 tok/s
[train] 266/4096 | 2179072 tok | loss 6.0773 | lr 9.919e-04 | 1335.3 ms/update | 6135 tok/s
[train] 267/4096 | 2187264 tok | loss 6.3156 | lr 9.919e-04 | 1348.6 ms/update | 6075 tok/s
[train] 268/4096 | 2195456 tok | loss 5.8455 | lr 9.918e-04 | 1335.4 ms/update | 6135 tok/s
[train] 269/4096 | 2203648 tok | loss 6.0203 | lr 9.917e-04 | 1333.9 ms/update | 6141 tok/s
[train] 270/4096 | 2211840 tok | loss 6.2765 | lr 9.917e-04 | 1330.0 ms/update | 6159 tok/s
[train] 271/4096 | 2220032 tok | loss 6.2653 | lr 9.916e-04 | 1332.2 ms/update | 6149 tok/s
[train] 272/4096 | 2228224 tok | loss 6.0816 | lr 9.915e-04 | 1330.6 ms/update | 6156 tok/s
[train] 273/4096 | 2236416 tok | loss 6.2098 | lr 9.915e-04 | 1325.9 ms/update | 6179 tok/s
[train] 274/4096 | 2244608 tok | loss 6.4446 | lr 9.914e-04 | 1327.8 ms/update | 6169 tok/s
[train] 275/4096 | 2252800 tok | loss 6.2676 | lr 9.913e-04 | 1337.0 ms/update | 6127 tok/s
[train] 276/4096 | 2260992 tok | loss 6.1679 | lr 9.913e-04 | 1331.3 ms/update | 6153 tok/s
[train] 277/4096 | 2269184 tok | loss 6.2094 | lr 9.912e-04 | 1338.9 ms/update | 6118 tok/s
[train] 278/4096 | 2277376 tok | loss 5.8824 | lr 9.911e-04 | 1342.3 ms/update | 6103 tok/s
[train] 279/4096 | 2285568 tok | loss 6.0092 | lr 9.911e-04 | 1335.5 ms/update | 6134 tok/s
[train] 280/4096 | 2293760 tok | loss 6.3109 | lr 9.910e-04 | 1348.1 ms/update | 6077 tok/s
[train] 281/4096 | 2301952 tok | loss 6.1821 | lr 9.909e-04 | 1347.1 ms/update | 6081 tok/s
[train] 282/4096 | 2310144 tok | loss 6.2851 | lr 9.909e-04 | 1348.5 ms/update | 6075 tok/s
[train] 283/4096 | 2318336 tok | loss 6.3303 | lr 9.908e-04 | 1339.1 ms/update | 6118 tok/s
[train] 284/4096 | 2326528 tok | loss 6.0350 | lr 9.907e-04 | 1340.9 ms/update | 6109 tok/s
[train] 285/4096 | 2334720 tok | loss 6.3032 | lr 9.906e-04 | 1340.2 ms/update | 6113 tok/s
[train] 286/4096 | 2342912 tok | loss 6.3875 | lr 9.906e-04 | 1332.5 ms/update | 6148 tok/s
[train] 287/4096 | 2351104 tok | loss 5.9943 | lr 9.905e-04 | 1332.5 ms/update | 6148 tok/s
[train] 288/4096 | 2359296 tok | loss 6.0807 | lr 9.904e-04 | 1337.1 ms/update | 6127 tok/s
[train] 289/4096 | 2367488 tok | loss 6.1491 | lr 9.904e-04 | 1345.2 ms/update | 6090 tok/s
[train] 290/4096 | 2375680 tok | loss 6.0903 | lr 9.903e-04 | 1341.6 ms/update | 6106 tok/s
[train] 291/4096 | 2383872 tok | loss 6.3324 | lr 9.902e-04 | 1331.3 ms/update | 6154 tok/s
[train] 292/4096 | 2392064 tok | loss 6.4690 | lr 9.901e-04 | 1337.8 ms/update | 6123 tok/s
[train] 293/4096 | 2400256 tok | loss 6.0572 | lr 9.901e-04 | 1330.4 ms/update | 6158 tok/s
[train] 294/4096 | 2408448 tok | loss 6.3312 | lr 9.900e-04 | 1336.0 ms/update | 6132 tok/s
[train] 295/4096 | 2416640 tok | loss 6.2825 | lr 9.899e-04 | 1330.9 ms/update | 6155 tok/s
[train] 296/4096 | 2424832 tok | loss 6.0834 | lr 9.899e-04 | 1330.9 ms/update | 6155 tok/s
[train] 297/4096 | 2433024 tok | loss 6.1360 | lr 9.898e-04 | 1344.0 ms/update | 6095 tok/s
[train] 298/4096 | 2441216 tok | loss 5.9473 | lr 9.897e-04 | 1328.1 ms/update | 6168 tok/s
[train] 299/4096 | 2449408 tok | loss 5.9114 | lr 9.896e-04 | 1332.6 ms/update | 6147 tok/s
[train] 300/4096 | 2457600 tok | loss 6.3946 | lr 9.896e-04 | 1336.1 ms/update | 6131 tok/s
[train] 301/4096 | 2465792 tok | loss 6.1215 | lr 9.895e-04 | 1333.4 ms/update | 6144 tok/s
[train] 302/4096 | 2473984 tok | loss 6.4090 | lr 9.894e-04 | 1336.7 ms/update | 6128 tok/s
[train] 303/4096 | 2482176 tok | loss 6.1970 | lr 9.893e-04 | 1338.7 ms/update | 6119 tok/s
[train] 304/4096 | 2490368 tok | loss 6.2372 | lr 9.893e-04 | 1342.5 ms/update | 6102 tok/s
[train] 305/4096 | 2498560 tok | loss 6.5519 | lr 9.892e-04 | 1328.2 ms/update | 6168 tok/s
[train] 306/4096 | 2506752 tok | loss 6.3994 | lr 9.891e-04 | 1326.4 ms/update | 6176 tok/s
[train] 307/4096 | 2514944 tok | loss 6.1256 | lr 9.890e-04 | 1332.8 ms/update | 6146 tok/s
[train] 308/4096 | 2523136 tok | loss 6.2918 | lr 9.890e-04 | 1337.9 ms/update | 6123 tok/s
[train] 309/4096 | 2531328 tok | loss 6.2719 | lr 9.889e-04 | 1330.3 ms/update | 6158 tok/s
[train] 310/4096 | 2539520 tok | loss 6.3002 | lr 9.888e-04 | 1331.8 ms/update | 6151 tok/s
[train] 311/4096 | 2547712 tok | loss 6.0889 | lr 9.887e-04 | 1332.4 ms/update | 6148 tok/s
[train] 312/4096 | 2555904 tok | loss 6.1822 | lr 9.887e-04 | 1340.3 ms/update | 6112 tok/s
[train] 313/4096 | 2564096 tok | loss 6.0942 | lr 9.886e-04 | 1333.1 ms/update | 6145 tok/s
[train] 314/4096 | 2572288 tok | loss 6.0049 | lr 9.885e-04 | 1344.5 ms/update | 6093 tok/s
[train] 315/4096 | 2580480 tok | loss 6.0490 | lr 9.884e-04 | 1338.4 ms/update | 6121 tok/s
[train] 316/4096 | 2588672 tok | loss 6.3677 | lr 9.883e-04 | 1342.3 ms/update | 6103 tok/s
[train] 317/4096 | 2596864 tok | loss 6.0605 | lr 9.883e-04 | 1339.2 ms/update | 6117 tok/s
[train] 318/4096 | 2605056 tok | loss 6.3161 | lr 9.882e-04 | 1334.8 ms/update | 6137 tok/s
[train] 319/4096 | 2613248 tok | loss 6.0782 | lr 9.881e-04 | 1339.2 ms/update | 6117 tok/s
[train] 320/4096 | 2621440 tok | loss 5.8318 | lr 9.880e-04 | 1351.9 ms/update | 6060 tok/s
[train] 321/4096 | 2629632 tok | loss 6.1237 | lr 9.879e-04 | 1337.3 ms/update | 6126 tok/s
[train] 322/4096 | 2637824 tok | loss 6.0895 | lr 9.879e-04 | 1332.7 ms/update | 6147 tok/s
[train] 323/4096 | 2646016 tok | loss 6.1818 | lr 9.878e-04 | 1333.5 ms/update | 6143 tok/s
[train] 324/4096 | 2654208 tok | loss 5.7653 | lr 9.877e-04 | 1331.2 ms/update | 6154 tok/s
[train] 325/4096 | 2662400 tok | loss 5.9979 | lr 9.876e-04 | 1334.5 ms/update | 6139 tok/s
[train] 326/4096 | 2670592 tok | loss 6.0672 | lr 9.875e-04 | 1344.7 ms/update | 6092 tok/s
[train] 327/4096 | 2678784 tok | loss 6.2868 | lr 9.875e-04 | 1334.9 ms/update | 6137 tok/s
[train] 328/4096 | 2686976 tok | loss 6.0934 | lr 9.874e-04 | 1328.9 ms/update | 6165 tok/s
[train] 329/4096 | 2695168 tok | loss 6.2814 | lr 9.873e-04 | 1335.1 ms/update | 6136 tok/s
[train] 330/4096 | 2703360 tok | loss 6.2206 | lr 9.872e-04 | 1329.2 ms/update | 6163 tok/s
[train] 331/4096 | 2711552 tok | loss 6.2271 | lr 9.871e-04 | 1337.8 ms/update | 6123 tok/s
[train] 332/4096 | 2719744 tok | loss 6.1008 | lr 9.871e-04 | 1328.0 ms/update | 6169 tok/s
[train] 333/4096 | 2727936 tok | loss 6.1457 | lr 9.870e-04 | 1332.5 ms/update | 6148 tok/s
[train] 334/4096 | 2736128 tok | loss 5.5794 | lr 9.869e-04 | 1329.9 ms/update | 6160 tok/s
[train] 335/4096 | 2744320 tok | loss 6.3576 | lr 9.868e-04 | 1335.7 ms/update | 6133 tok/s
[train] 336/4096 | 2752512 tok | loss 6.1072 | lr 9.867e-04 | 1322.1 ms/update | 6196 tok/s
[train] 337/4096 | 2760704 tok | loss 6.1633 | lr 9.866e-04 | 1329.8 ms/update | 6160 tok/s
[train] 338/4096 | 2768896 tok | loss 6.0653 | lr 9.866e-04 | 1328.8 ms/update | 6165 tok/s
[train] 339/4096 | 2777088 tok | loss 6.2646 | lr 9.865e-04 | 1321.8 ms/update | 6198 tok/s
[train] 340/4096 | 2785280 tok | loss 6.3013 | lr 9.864e-04 | 1327.2 ms/update | 6172 tok/s
[train] 341/4096 | 2793472 tok | loss 6.0563 | lr 9.863e-04 | 1325.6 ms/update | 6180 tok/s
[train] 342/4096 | 2801664 tok | loss 6.0472 | lr 9.862e-04 | 1331.3 ms/update | 6154 tok/s
[train] 343/4096 | 2809856 tok | loss 6.3263 | lr 9.861e-04 | 1329.6 ms/update | 6161 tok/s
[train] 344/4096 | 2818048 tok | loss 5.9204 | lr 9.860e-04 | 1331.6 ms/update | 6152 tok/s
[train] 345/4096 | 2826240 tok | loss 6.1091 | lr 9.860e-04 | 1325.9 ms/update | 6179 tok/s
[train] 346/4096 | 2834432 tok | loss 6.2139 | lr 9.859e-04 | 1324.1 ms/update | 6187 tok/s
[train] 347/4096 | 2842624 tok | loss 5.9101 | lr 9.858e-04 | 1326.0 ms/update | 6178 tok/s
[train] 348/4096 | 2850816 tok | loss 6.2237 | lr 9.857e-04 | 1323.8 ms/update | 6188 tok/s
[train] 349/4096 | 2859008 tok | loss 6.2229 | lr 9.856e-04 | 1331.7 ms/update | 6151 tok/s
[train] 350/4096 | 2867200 tok | loss 6.0046 | lr 9.855e-04 | 1323.8 ms/update | 6188 tok/s
[train] 351/4096 | 2875392 tok | loss 5.7678 | lr 9.854e-04 | 1328.7 ms/update | 6165 tok/s
[train] 352/4096 | 2883584 tok | loss 6.0629 | lr 9.853e-04 | 1325.7 ms/update | 6179 tok/s
[train] 353/4096 | 2891776 tok | loss 6.2074 | lr 9.853e-04 | 1330.2 ms/update | 6159 tok/s
[train] 354/4096 | 2899968 tok | loss 6.0823 | lr 9.852e-04 | 1331.0 ms/update | 6155 tok/s
[train] 355/4096 | 2908160 tok | loss 5.8757 | lr 9.851e-04 | 1327.1 ms/update | 6173 tok/s
[train] 356/4096 | 2916352 tok | loss 6.0121 | lr 9.850e-04 | 1323.6 ms/update | 6189 tok/s
[train] 357/4096 | 2924544 tok | loss 5.7823 | lr 9.849e-04 | 1337.8 ms/update | 6124 tok/s
[train] 358/4096 | 2932736 tok | loss 6.1295 | lr 9.848e-04 | 1336.1 ms/update | 6131 tok/s
[train] 359/4096 | 2940928 tok | loss 5.8956 | lr 9.847e-04 | 1332.3 ms/update | 6149 tok/s
[train] 360/4096 | 2949120 tok | loss 6.2325 | lr 9.846e-04 | 1340.5 ms/update | 6111 tok/s
[train] 361/4096 | 2957312 tok | loss 5.8407 | lr 9.845e-04 | 1328.6 ms/update | 6166 tok/s
[train] 362/4096 | 2965504 tok | loss 5.9137 | lr 9.845e-04 | 1329.7 ms/update | 6161 tok/s
[train] 363/4096 | 2973696 tok | loss 6.3717 | lr 9.844e-04 | 1328.4 ms/update | 6167 tok/s
[train] 364/4096 | 2981888 tok | loss 6.1202 | lr 9.843e-04 | 1337.4 ms/update | 6126 tok/s
[train] 365/4096 | 2990080 tok | loss 6.1944 | lr 9.842e-04 | 1338.1 ms/update | 6122 tok/s
[train] 366/4096 | 2998272 tok | loss 5.9468 | lr 9.841e-04 | 1329.2 ms/update | 6163 tok/s
[train] 367/4096 | 3006464 tok | loss 5.6460 | lr 9.840e-04 | 1331.9 ms/update | 6151 tok/s
[train] 368/4096 | 3014656 tok | loss 5.8211 | lr 9.839e-04 | 1335.5 ms/update | 6134 tok/s
[train] 369/4096 | 3022848 tok | loss 5.8926 | lr 9.838e-04 | 1332.1 ms/update | 6150 tok/s
[train] 370/4096 | 3031040 tok | loss 5.9048 | lr 9.837e-04 | 1333.8 ms/update | 6142 tok/s
[train] 371/4096 | 3039232 tok | loss 5.9829 | lr 9.836e-04 | 1334.0 ms/update | 6141 tok/s
[train] 372/4096 | 3047424 tok | loss 6.2567 | lr 9.835e-04 | 1339.2 ms/update | 6117 tok/s
[train] 373/4096 | 3055616 tok | loss 6.1885 | lr 9.834e-04 | 1325.4 ms/update | 6181 tok/s
[train] 374/4096 | 3063808 tok | loss 6.1594 | lr 9.834e-04 | 1332.1 ms/update | 6150 tok/s
[train] 375/4096 | 3072000 tok | loss 6.1572 | lr 9.833e-04 | 1333.4 ms/update | 6144 tok/s
[train] 376/4096 | 3080192 tok | loss 6.0946 | lr 9.832e-04 | 1333.6 ms/update | 6143 tok/s
[train] 377/4096 | 3088384 tok | loss 6.0003 | lr 9.831e-04 | 1333.7 ms/update | 6143 tok/s
[train] 378/4096 | 3096576 tok | loss 6.2147 | lr 9.830e-04 | 1333.2 ms/update | 6145 tok/s
[train] 379/4096 | 3104768 tok | loss 5.7518 | lr 9.829e-04 | 1350.6 ms/update | 6065 tok/s
[train] 380/4096 | 3112960 tok | loss 6.0807 | lr 9.828e-04 | 1331.6 ms/update | 6152 tok/s
[train] 381/4096 | 3121152 tok | loss 6.0223 | lr 9.827e-04 | 1328.0 ms/update | 6169 tok/s
[train] 382/4096 | 3129344 tok | loss 6.0415 | lr 9.826e-04 | 1324.6 ms/update | 6185 tok/s
[train] 383/4096 | 3137536 tok | loss 6.2138 | lr 9.825e-04 | 1331.4 ms/update | 6153 tok/s
[train] 384/4096 | 3145728 tok | loss 5.9615 | lr 9.824e-04 | 1331.9 ms/update | 6151 tok/s
[eval] step 384 | val NLL 5.7034 | ppl 299.89 | 65536 tokens
[ckpt] latest.pt @ step 384
[train] 385/4096 | 3153920 tok | loss 5.8133 | lr 9.823e-04 | 1332.5 ms/update | 6148 tok/s
[train] 386/4096 | 3162112 tok | loss 6.0396 | lr 9.822e-04 | 1338.3 ms/update | 6121 tok/s
[train] 387/4096 | 3170304 tok | loss 5.9291 | lr 9.821e-04 | 1328.3 ms/update | 6167 tok/s
[train] 388/4096 | 3178496 tok | loss 5.9448 | lr 9.820e-04 | 1327.7 ms/update | 6170 tok/s
[train] 389/4096 | 3186688 tok | loss 6.1280 | lr 9.819e-04 | 1325.6 ms/update | 6180 tok/s
[train] 390/4096 | 3194880 tok | loss 5.7823 | lr 9.818e-04 | 1334.3 ms/update | 6140 tok/s
[train] 391/4096 | 3203072 tok | loss 5.9757 | lr 9.817e-04 | 1328.7 ms/update | 6165 tok/s
[train] 392/4096 | 3211264 tok | loss 6.1569 | lr 9.816e-04 | 1335.0 ms/update | 6136 tok/s
[train] 393/4096 | 3219456 tok | loss 6.0564 | lr 9.815e-04 | 1330.8 ms/update | 6156 tok/s
[train] 394/4096 | 3227648 tok | loss 6.1056 | lr 9.814e-04 | 1335.8 ms/update | 6133 tok/s
[train] 395/4096 | 3235840 tok | loss 6.2048 | lr 9.813e-04 | 1337.2 ms/update | 6126 tok/s
[train] 396/4096 | 3244032 tok | loss 6.2639 | lr 9.812e-04 | 1330.2 ms/update | 6158 tok/s
[train] 397/4096 | 3252224 tok | loss 5.7760 | lr 9.811e-04 | 1333.3 ms/update | 6144 tok/s
[train] 398/4096 | 3260416 tok | loss 5.8993 | lr 9.810e-04 | 1345.3 ms/update | 6090 tok/s
[train] 399/4096 | 3268608 tok | loss 6.2966 | lr 9.809e-04 | 1348.1 ms/update | 6077 tok/s
[train] 400/4096 | 3276800 tok | loss 5.8914 | lr 9.808e-04 | 1327.1 ms/update | 6173 tok/s
[train] 401/4096 | 3284992 tok | loss 5.7340 | lr 9.807e-04 | 1339.9 ms/update | 6114 tok/s
[train] 402/4096 | 3293184 tok | loss 6.1865 | lr 9.806e-04 | 1328.6 ms/update | 6166 tok/s
[train] 403/4096 | 3301376 tok | loss 6.2268 | lr 9.805e-04 | 1333.9 ms/update | 6141 tok/s
[train] 404/4096 | 3309568 tok | loss 5.8738 | lr 9.804e-04 | 1331.9 ms/update | 6151 tok/s
[train] 405/4096 | 3317760 tok | loss 6.3008 | lr 9.803e-04 | 1333.3 ms/update | 6144 tok/s
[train] 406/4096 | 3325952 tok | loss 5.6708 | lr 9.802e-04 | 1333.5 ms/update | 6143 tok/s
[train] 407/4096 | 3334144 tok | loss 5.9218 | lr 9.801e-04 | 1333.8 ms/update | 6142 tok/s
[train] 408/4096 | 3342336 tok | loss 5.7806 | lr 9.800e-04 | 1332.0 ms/update | 6150 tok/s
[train] 409/4096 | 3350528 tok | loss 5.8345 | lr 9.799e-04 | 1335.7 ms/update | 6133 tok/s
[train] 410/4096 | 3358720 tok | loss 5.8928 | lr 9.798e-04 | 1332.4 ms/update | 6148 tok/s
[train] 411/4096 | 3366912 tok | loss 5.7940 | lr 9.797e-04 | 1332.9 ms/update | 6146 tok/s
[train] 412/4096 | 3375104 tok | loss 5.8373 | lr 9.796e-04 | 1333.2 ms/update | 6145 tok/s
[train] 413/4096 | 3383296 tok | loss 6.0923 | lr 9.795e-04 | 1336.3 ms/update | 6130 tok/s
[train] 414/4096 | 3391488 tok | loss 5.9711 | lr 9.794e-04 | 1342.0 ms/update | 6104 tok/s
[train] 415/4096 | 3399680 tok | loss 6.0010 | lr 9.793e-04 | 1334.5 ms/update | 6138 tok/s
[train] 416/4096 | 3407872 tok | loss 6.0634 | lr 9.792e-04 | 1341.7 ms/update | 6106 tok/s
[train] 417/4096 | 3416064 tok | loss 6.1555 | lr 9.791e-04 | 1329.6 ms/update | 6161 tok/s
[train] 418/4096 | 3424256 tok | loss 5.9006 | lr 9.790e-04 | 1329.9 ms/update | 6160 tok/s
[train] 419/4096 | 3432448 tok | loss 5.8873 | lr 9.789e-04 | 1332.7 ms/update | 6147 tok/s
[train] 420/4096 | 3440640 tok | loss 6.0483 | lr 9.788e-04 | 1340.6 ms/update | 6111 tok/s
[train] 421/4096 | 3448832 tok | loss 5.9854 | lr 9.787e-04 | 1325.6 ms/update | 6180 tok/s
[train] 422/4096 | 3457024 tok | loss 5.9411 | lr 9.786e-04 | 1341.9 ms/update | 6105 tok/s
[train] 423/4096 | 3465216 tok | loss 6.1280 | lr 9.785e-04 | 1325.6 ms/update | 6180 tok/s
[train] 424/4096 | 3473408 tok | loss 6.0988 | lr 9.784e-04 | 1331.6 ms/update | 6152 tok/s
[train] 425/4096 | 3481600 tok | loss 6.2253 | lr 9.783e-04 | 1333.0 ms/update | 6146 tok/s
[train] 426/4096 | 3489792 tok | loss 6.1954 | lr 9.781e-04 | 1337.5 ms/update | 6125 tok/s
[train] 427/4096 | 3497984 tok | loss 6.2410 | lr 9.780e-04 | 1334.5 ms/update | 6139 tok/s
[train] 428/4096 | 3506176 tok | loss 5.9035 | lr 9.779e-04 | 1337.3 ms/update | 6126 tok/s
[train] 429/4096 | 3514368 tok | loss 6.1530 | lr 9.778e-04 | 1335.9 ms/update | 6132 tok/s
[train] 430/4096 | 3522560 tok | loss 6.0703 | lr 9.777e-04 | 1330.4 ms/update | 6158 tok/s
[train] 431/4096 | 3530752 tok | loss 5.9588 | lr 9.776e-04 | 1338.2 ms/update | 6122 tok/s
[train] 432/4096 | 3538944 tok | loss 6.3107 | lr 9.775e-04 | 1330.3 ms/update | 6158 tok/s
[train] 433/4096 | 3547136 tok | loss 6.1512 | lr 9.774e-04 | 1333.9 ms/update | 6141 tok/s
[train] 434/4096 | 3555328 tok | loss 6.1902 | lr 9.773e-04 | 1334.3 ms/update | 6139 tok/s
[train] 435/4096 | 3563520 tok | loss 6.1461 | lr 9.772e-04 | 1336.0 ms/update | 6132 tok/s
[train] 436/4096 | 3571712 tok | loss 5.7695 | lr 9.771e-04 | 1329.9 ms/update | 6160 tok/s
[train] 437/4096 | 3579904 tok | loss 5.7338 | lr 9.770e-04 | 1329.8 ms/update | 6160 tok/s
[train] 438/4096 | 3588096 tok | loss 5.9723 | lr 9.768e-04 | 1329.2 ms/update | 6163 tok/s
[train] 439/4096 | 3596288 tok | loss 5.9288 | lr 9.767e-04 | 1337.8 ms/update | 6124 tok/s
[train] 440/4096 | 3604480 tok | loss 5.8736 | lr 9.766e-04 | 1325.7 ms/update | 6179 tok/s
[train] 441/4096 | 3612672 tok | loss 5.7110 | lr 9.765e-04 | 1332.7 ms/update | 6147 tok/s
[train] 442/4096 | 3620864 tok | loss 6.0898 | lr 9.764e-04 | 1332.9 ms/update | 6146 tok/s
[train] 443/4096 | 3629056 tok | loss 6.1029 | lr 9.763e-04 | 1330.6 ms/update | 6157 tok/s
[train] 444/4096 | 3637248 tok | loss 5.8562 | lr 9.762e-04 | 1349.2 ms/update | 6072 tok/s
[train] 445/4096 | 3645440 tok | loss 6.0884 | lr 9.761e-04 | 1334.7 ms/update | 6138 tok/s
[train] 446/4096 | 3653632 tok | loss 5.9583 | lr 9.760e-04 | 1338.2 ms/update | 6122 tok/s
[train] 447/4096 | 3661824 tok | loss 5.8640 | lr 9.758e-04 | 1334.1 ms/update | 6141 tok/s
[train] 448/4096 | 3670016 tok | loss 6.3545 | lr 9.757e-04 | 1328.8 ms/update | 6165 tok/s
[train] 449/4096 | 3678208 tok | loss 6.0108 | lr 9.756e-04 | 1336.1 ms/update | 6131 tok/s
[train] 450/4096 | 3686400 tok | loss 5.9379 | lr 9.755e-04 | 1334.9 ms/update | 6137 tok/s
[train] 451/4096 | 3694592 tok | loss 5.9992 | lr 9.754e-04 | 1333.8 ms/update | 6142 tok/s
[train] 452/4096 | 3702784 tok | loss 6.0639 | lr 9.753e-04 | 1338.1 ms/update | 6122 tok/s
[train] 453/4096 | 3710976 tok | loss 6.1919 | lr 9.752e-04 | 1332.3 ms/update | 6149 tok/s
[train] 454/4096 | 3719168 tok | loss 6.0588 | lr 9.751e-04 | 1331.6 ms/update | 6152 tok/s
[train] 455/4096 | 3727360 tok | loss 5.8301 | lr 9.749e-04 | 1336.4 ms/update | 6130 tok/s
[train] 456/4096 | 3735552 tok | loss 5.8713 | lr 9.748e-04 | 1342.4 ms/update | 6102 tok/s
[train] 457/4096 | 3743744 tok | loss 6.1674 | lr 9.747e-04 | 1340.1 ms/update | 6113 tok/s
[train] 458/4096 | 3751936 tok | loss 6.0916 | lr 9.746e-04 | 1342.7 ms/update | 6101 tok/s
[train] 459/4096 | 3760128 tok | loss 6.0162 | lr 9.745e-04 | 1349.0 ms/update | 6073 tok/s
[train] 460/4096 | 3768320 tok | loss 6.0662 | lr 9.744e-04 | 1341.5 ms/update | 6107 tok/s
[train] 461/4096 | 3776512 tok | loss 5.8089 | lr 9.743e-04 | 1325.1 ms/update | 6182 tok/s
[train] 462/4096 | 3784704 tok | loss 6.2577 | lr 9.741e-04 | 1328.2 ms/update | 6168 tok/s
[train] 463/4096 | 3792896 tok | loss 5.9243 | lr 9.740e-04 | 1327.2 ms/update | 6173 tok/s
[train] 464/4096 | 3801088 tok | loss 6.0802 | lr 9.739e-04 | 1334.8 ms/update | 6137 tok/s
[train] 465/4096 | 3809280 tok | loss 5.4998 | lr 9.738e-04 | 1327.7 ms/update | 6170 tok/s
[train] 466/4096 | 3817472 tok | loss 5.6575 | lr 9.737e-04 | 1337.0 ms/update | 6127 tok/s
[train] 467/4096 | 3825664 tok | loss 5.9257 | lr 9.736e-04 | 1337.6 ms/update | 6124 tok/s
[train] 468/4096 | 3833856 tok | loss 5.7918 | lr 9.734e-04 | 1332.8 ms/update | 6147 tok/s
[train] 469/4096 | 3842048 tok | loss 6.0075 | lr 9.733e-04 | 1338.7 ms/update | 6119 tok/s
[train] 470/4096 | 3850240 tok | loss 6.1785 | lr 9.732e-04 | 1329.3 ms/update | 6163 tok/s
[train] 471/4096 | 3858432 tok | loss 5.8711 | lr 9.731e-04 | 1329.3 ms/update | 6163 tok/s
[train] 472/4096 | 3866624 tok | loss 6.1124 | lr 9.730e-04 | 1329.1 ms/update | 6164 tok/s
[train] 473/4096 | 3874816 tok | loss 6.0737 | lr 9.728e-04 | 1327.7 ms/update | 6170 tok/s
[train] 474/4096 | 3883008 tok | loss 6.2354 | lr 9.727e-04 | 1338.6 ms/update | 6120 tok/s
[train] 475/4096 | 3891200 tok | loss 5.8647 | lr 9.726e-04 | 1327.3 ms/update | 6172 tok/s
[train] 476/4096 | 3899392 tok | loss 5.9163 | lr 9.725e-04 | 1332.3 ms/update | 6149 tok/s
[train] 477/4096 | 3907584 tok | loss 5.6873 | lr 9.724e-04 | 1331.5 ms/update | 6152 tok/s
[train] 478/4096 | 3915776 tok | loss 5.8046 | lr 9.723e-04 | 1334.9 ms/update | 6137 tok/s
[train] 479/4096 | 3923968 tok | loss 5.8808 | lr 9.721e-04 | 1329.8 ms/update | 6160 tok/s
[train] 480/4096 | 3932160 tok | loss 6.1031 | lr 9.720e-04 | 1330.1 ms/update | 6159 tok/s
[train] 481/4096 | 3940352 tok | loss 5.9463 | lr 9.719e-04 | 1331.6 ms/update | 6152 tok/s
[train] 482/4096 | 3948544 tok | loss 5.9218 | lr 9.718e-04 | 1335.6 ms/update | 6134 tok/s
[train] 483/4096 | 3956736 tok | loss 5.8969 | lr 9.716e-04 | 1325.2 ms/update | 6182 tok/s
[train] 484/4096 | 3964928 tok | loss 6.0640 | lr 9.715e-04 | 1333.8 ms/update | 6142 tok/s
[train] 485/4096 | 3973120 tok | loss 6.1085 | lr 9.714e-04 | 1333.4 ms/update | 6144 tok/s
[train] 486/4096 | 3981312 tok | loss 5.7495 | lr 9.713e-04 | 1335.6 ms/update | 6133 tok/s
[train] 487/4096 | 3989504 tok | loss 5.9049 | lr 9.712e-04 | 1333.5 ms/update | 6143 tok/s
[train] 488/4096 | 3997696 tok | loss 6.0267 | lr 9.710e-04 | 1330.3 ms/update | 6158 tok/s
[train] 489/4096 | 4005888 tok | loss 6.1691 | lr 9.709e-04 | 1347.3 ms/update | 6080 tok/s
[train] 490/4096 | 4014080 tok | loss 6.1865 | lr 9.708e-04 | 1336.1 ms/update | 6131 tok/s
[train] 491/4096 | 4022272 tok | loss 5.9949 | lr 9.707e-04 | 1335.4 ms/update | 6134 tok/s
[train] 492/4096 | 4030464 tok | loss 5.8776 | lr 9.705e-04 | 1335.4 ms/update | 6135 tok/s
[train] 493/4096 | 4038656 tok | loss 5.7337 | lr 9.704e-04 | 1337.6 ms/update | 6124 tok/s
[train] 494/4096 | 4046848 tok | loss 5.8275 | lr 9.703e-04 | 1329.5 ms/update | 6162 tok/s
[train] 495/4096 | 4055040 tok | loss 5.7895 | lr 9.702e-04 | 1333.3 ms/update | 6144 tok/s
[train] 496/4096 | 4063232 tok | loss 5.6293 | lr 9.701e-04 | 1335.9 ms/update | 6132 tok/s
[train] 497/4096 | 4071424 tok | loss 5.9074 | lr 9.699e-04 | 1338.2 ms/update | 6122 tok/s
[train] 498/4096 | 4079616 tok | loss 5.9309 | lr 9.698e-04 | 1340.3 ms/update | 6112 tok/s
[train] 499/4096 | 4087808 tok | loss 5.9391 | lr 9.697e-04 | 1328.5 ms/update | 6166 tok/s
[train] 500/4096 | 4096000 tok | loss 5.9456 | lr 9.696e-04 | 1335.7 ms/update | 6133 tok/s
[train] 501/4096 | 4104192 tok | loss 5.6450 | lr 9.694e-04 | 1335.9 ms/update | 6132 tok/s
[train] 502/4096 | 4112384 tok | loss 5.9628 | lr 9.693e-04 | 1338.4 ms/update | 6121 tok/s
[train] 503/4096 | 4120576 tok | loss 6.0638 | lr 9.692e-04 | 1332.6 ms/update | 6147 tok/s
[train] 504/4096 | 4128768 tok | loss 6.0263 | lr 9.690e-04 | 1344.8 ms/update | 6092 tok/s
[train] 505/4096 | 4136960 tok | loss 6.2246 | lr 9.689e-04 | 1333.0 ms/update | 6146 tok/s
[train] 506/4096 | 4145152 tok | loss 5.4766 | lr 9.688e-04 | 1328.5 ms/update | 6166 tok/s
[train] 507/4096 | 4153344 tok | loss 5.5175 | lr 9.687e-04 | 1332.0 ms/update | 6150 tok/s
[train] 508/4096 | 4161536 tok | loss 5.7616 | lr 9.685e-04 | 1341.1 ms/update | 6108 tok/s
[train] 509/4096 | 4169728 tok | loss 5.8251 | lr 9.684e-04 | 1331.9 ms/update | 6151 tok/s
[train] 510/4096 | 4177920 tok | loss 6.0440 | lr 9.683e-04 | 1334.8 ms/update | 6137 tok/s
[train] 511/4096 | 4186112 tok | loss 5.4282 | lr 9.682e-04 | 1341.3 ms/update | 6107 tok/s
[train] 512/4096 | 4194304 tok | loss 5.8477 | lr 9.680e-04 | 1333.3 ms/update | 6144 tok/s
[eval] step 512 | val NLL 5.5825 | ppl 265.74 | 65536 tokens
[ckpt] latest.pt @ step 512
[train] 513/4096 | 4202496 tok | loss 5.7587 | lr 9.679e-04 | 1324.7 ms/update | 6184 tok/s
[train] 514/4096 | 4210688 tok | loss 5.9536 | lr 9.678e-04 | 1329.2 ms/update | 6163 tok/s
[train] 515/4096 | 4218880 tok | loss 5.9604 | lr 9.676e-04 | 1330.5 ms/update | 6157 tok/s
[train] 516/4096 | 4227072 tok | loss 6.1726 | lr 9.675e-04 | 1343.6 ms/update | 6097 tok/s
[train] 517/4096 | 4235264 tok | loss 5.9818 | lr 9.674e-04 | 1332.9 ms/update | 6146 tok/s
[train] 518/4096 | 4243456 tok | loss 6.0011 | lr 9.673e-04 | 1331.8 ms/update | 6151 tok/s
[train] 519/4096 | 4251648 tok | loss 6.0991 | lr 9.671e-04 | 1330.3 ms/update | 6158 tok/s
[train] 520/4096 | 4259840 tok | loss 5.8357 | lr 9.670e-04 | 1329.7 ms/update | 6161 tok/s
[train] 521/4096 | 4268032 tok | loss 5.9564 | lr 9.669e-04 | 1328.8 ms/update | 6165 tok/s
[train] 522/4096 | 4276224 tok | loss 6.2342 | lr 9.667e-04 | 1333.9 ms/update | 6141 tok/s
[train] 523/4096 | 4284416 tok | loss 5.9261 | lr 9.666e-04 | 1333.6 ms/update | 6143 tok/s
[train] 524/4096 | 4292608 tok | loss 5.9075 | lr 9.665e-04 | 1340.7 ms/update | 6110 tok/s
[train] 525/4096 | 4300800 tok | loss 6.0276 | lr 9.663e-04 | 1329.7 ms/update | 6161 tok/s
[train] 526/4096 | 4308992 tok | loss 5.7438 | lr 9.662e-04 | 1330.0 ms/update | 6160 tok/s
[train] 527/4096 | 4317184 tok | loss 6.1471 | lr 9.661e-04 | 1365.4 ms/update | 6000 tok/s
[train] 528/4096 | 4325376 tok | loss 5.9398 | lr 9.659e-04 | 1336.5 ms/update | 6129 tok/s
[train] 529/4096 | 4333568 tok | loss 5.8291 | lr 9.658e-04 | 1333.7 ms/update | 6142 tok/s
[train] 530/4096 | 4341760 tok | loss 5.7740 | lr 9.657e-04 | 1333.5 ms/update | 6143 tok/s
[train] 531/4096 | 4349952 tok | loss 5.4513 | lr 9.655e-04 | 1345.7 ms/update | 6088 tok/s
[train] 532/4096 | 4358144 tok | loss 5.9885 | lr 9.654e-04 | 1336.8 ms/update | 6128 tok/s
[train] 533/4096 | 4366336 tok | loss 6.1014 | lr 9.653e-04 | 1334.8 ms/update | 6137 tok/s
[train] 534/4096 | 4374528 tok | loss 5.8455 | lr 9.651e-04 | 1332.1 ms/update | 6150 tok/s
[train] 535/4096 | 4382720 tok | loss 5.9437 | lr 9.650e-04 | 1336.3 ms/update | 6130 tok/s
[train] 536/4096 | 4390912 tok | loss 6.2328 | lr 9.649e-04 | 1332.0 ms/update | 6150 tok/s
[train] 537/4096 | 4399104 tok | loss 5.8739 | lr 9.647e-04 | 1328.5 ms/update | 6167 tok/s
[train] 538/4096 | 4407296 tok | loss 6.0724 | lr 9.646e-04 | 1334.8 ms/update | 6137 tok/s
[train] 539/4096 | 4415488 tok | loss 5.9972 | lr 9.645e-04 | 1346.4 ms/update | 6084 tok/s
[train] 540/4096 | 4423680 tok | loss 5.6449 | lr 9.643e-04 | 1336.3 ms/update | 6130 tok/s
[train] 541/4096 | 4431872 tok | loss 6.1150 | lr 9.642e-04 | 1333.2 ms/update | 6145 tok/s
[train] 542/4096 | 4440064 tok | loss 5.7310 | lr 9.641e-04 | 1331.0 ms/update | 6155 tok/s
[train] 543/4096 | 4448256 tok | loss 5.7804 | lr 9.639e-04 | 1324.5 ms/update | 6185 tok/s
[train] 544/4096 | 4456448 tok | loss 5.9429 | lr 9.638e-04 | 1334.0 ms/update | 6141 tok/s
[train] 545/4096 | 4464640 tok | loss 5.9246 | lr 9.637e-04 | 1329.0 ms/update | 6164 tok/s
[train] 546/4096 | 4472832 tok | loss 6.0024 | lr 9.635e-04 | 1332.4 ms/update | 6148 tok/s
[train] 547/4096 | 4481024 tok | loss 6.2151 | lr 9.634e-04 | 1332.7 ms/update | 6147 tok/s
[train] 548/4096 | 4489216 tok | loss 5.8909 | lr 9.632e-04 | 1328.4 ms/update | 6167 tok/s
[train] 549/4096 | 4497408 tok | loss 5.4555 | lr 9.631e-04 | 1328.7 ms/update | 6165 tok/s
[train] 550/4096 | 4505600 tok | loss 6.0590 | lr 9.630e-04 | 1327.1 ms/update | 6173 tok/s
[train] 551/4096 | 4513792 tok | loss 5.8284 | lr 9.628e-04 | 1330.8 ms/update | 6155 tok/s
[train] 552/4096 | 4521984 tok | loss 5.9669 | lr 9.627e-04 | 1331.3 ms/update | 6154 tok/s
[train] 553/4096 | 4530176 tok | loss 6.0228 | lr 9.626e-04 | 1329.5 ms/update | 6162 tok/s
[train] 554/4096 | 4538368 tok | loss 6.0800 | lr 9.624e-04 | 1332.8 ms/update | 6147 tok/s
[train] 555/4096 | 4546560 tok | loss 5.6437 | lr 9.623e-04 | 1328.4 ms/update | 6167 tok/s
[train] 556/4096 | 4554752 tok | loss 5.8204 | lr 9.621e-04 | 1326.4 ms/update | 6176 tok/s
[train] 557/4096 | 4562944 tok | loss 5.9960 | lr 9.620e-04 | 1325.5 ms/update | 6180 tok/s
[train] 558/4096 | 4571136 tok | loss 5.9768 | lr 9.619e-04 | 1329.3 ms/update | 6163 tok/s
[train] 559/4096 | 4579328 tok | loss 5.8970 | lr 9.617e-04 | 1333.5 ms/update | 6143 tok/s
[train] 560/4096 | 4587520 tok | loss 5.5924 | lr 9.616e-04 | 1330.1 ms/update | 6159 tok/s
[train] 561/4096 | 4595712 tok | loss 6.0465 | lr 9.614e-04 | 1336.8 ms/update | 6128 tok/s
[train] 562/4096 | 4603904 tok | loss 5.6280 | lr 9.613e-04 | 1330.5 ms/update | 6157 tok/s
[train] 563/4096 | 4612096 tok | loss 5.7734 | lr 9.612e-04 | 1329.0 ms/update | 6164 tok/s
[train] 564/4096 | 4620288 tok | loss 5.9582 | lr 9.610e-04 | 1330.8 ms/update | 6156 tok/s
[train] 565/4096 | 4628480 tok | loss 5.8199 | lr 9.609e-04 | 1325.2 ms/update | 6182 tok/s
[train] 566/4096 | 4636672 tok | loss 6.0410 | lr 9.607e-04 | 1332.1 ms/update | 6150 tok/s
[train] 567/4096 | 4644864 tok | loss 5.8819 | lr 9.606e-04 | 1328.8 ms/update | 6165 tok/s
[train] 568/4096 | 4653056 tok | loss 5.7355 | lr 9.605e-04 | 1324.0 ms/update | 6187 tok/s
[train] 569/4096 | 4661248 tok | loss 5.9150 | lr 9.603e-04 | 1328.4 ms/update | 6167 tok/s
[train] 570/4096 | 4669440 tok | loss 6.0375 | lr 9.602e-04 | 1329.6 ms/update | 6161 tok/s
[train] 571/4096 | 4677632 tok | loss 5.9654 | lr 9.600e-04 | 1331.3 ms/update | 6154 tok/s
[train] 572/4096 | 4685824 tok | loss 5.7601 | lr 9.599e-04 | 1328.1 ms/update | 6168 tok/s
[train] 573/4096 | 4694016 tok | loss 5.9995 | lr 9.597e-04 | 1324.2 ms/update | 6186 tok/s
[train] 574/4096 | 4702208 tok | loss 6.0385 | lr 9.596e-04 | 1327.3 ms/update | 6172 tok/s
[train] 575/4096 | 4710400 tok | loss 5.8236 | lr 9.595e-04 | 1330.0 ms/update | 6159 tok/s
[train] 576/4096 | 4718592 tok | loss 5.8729 | lr 9.593e-04 | 1333.8 ms/update | 6142 tok/s
[train] 577/4096 | 4726784 tok | loss 6.1288 | lr 9.592e-04 | 1320.7 ms/update | 6203 tok/s
[train] 578/4096 | 4734976 tok | loss 5.7242 | lr 9.590e-04 | 1323.7 ms/update | 6189 tok/s
[train] 579/4096 | 4743168 tok | loss 5.6933 | lr 9.589e-04 | 1318.5 ms/update | 6213 tok/s
[train] 580/4096 | 4751360 tok | loss 5.8821 | lr 9.587e-04 | 1324.8 ms/update | 6184 tok/s
[train] 581/4096 | 4759552 tok | loss 6.0142 | lr 9.586e-04 | 1326.8 ms/update | 6174 tok/s
[train] 582/4096 | 4767744 tok | loss 5.5491 | lr 9.584e-04 | 1327.4 ms/update | 6171 tok/s
[train] 583/4096 | 4775936 tok | loss 5.8433 | lr 9.583e-04 | 1322.4 ms/update | 6195 tok/s
[train] 584/4096 | 4784128 tok | loss 5.8071 | lr 9.581e-04 | 1329.2 ms/update | 6163 tok/s
[train] 585/4096 | 4792320 tok | loss 5.6156 | lr 9.580e-04 | 1328.5 ms/update | 6167 tok/s
[train] 586/4096 | 4800512 tok | loss 5.8719 | lr 9.579e-04 | 1323.7 ms/update | 6189 tok/s
[train] 587/4096 | 4808704 tok | loss 5.9843 | lr 9.577e-04 | 1325.6 ms/update | 6180 tok/s
[train] 588/4096 | 4816896 tok | loss 6.0580 | lr 9.576e-04 | 1322.9 ms/update | 6192 tok/s
[train] 589/4096 | 4825088 tok | loss 5.6227 | lr 9.574e-04 | 1322.6 ms/update | 6194 tok/s
[train] 590/4096 | 4833280 tok | loss 5.9770 | lr 9.573e-04 | 1325.2 ms/update | 6182 tok/s
[train] 591/4096 | 4841472 tok | loss 6.1510 | lr 9.571e-04 | 1325.5 ms/update | 6180 tok/s
[train] 592/4096 | 4849664 tok | loss 6.0275 | lr 9.570e-04 | 1334.2 ms/update | 6140 tok/s
[train] 593/4096 | 4857856 tok | loss 5.9972 | lr 9.568e-04 | 1332.8 ms/update | 6146 tok/s
[train] 594/4096 | 4866048 tok | loss 5.9866 | lr 9.567e-04 | 1328.9 ms/update | 6164 tok/s
[train] 595/4096 | 4874240 tok | loss 5.8965 | lr 9.565e-04 | 1326.4 ms/update | 6176 tok/s
[train] 596/4096 | 4882432 tok | loss 5.5355 | lr 9.564e-04 | 1333.0 ms/update | 6145 tok/s
[train] 597/4096 | 4890624 tok | loss 6.0781 | lr 9.562e-04 | 1333.1 ms/update | 6145 tok/s
[train] 598/4096 | 4898816 tok | loss 5.5404 | lr 9.561e-04 | 1331.9 ms/update | 6151 tok/s
[train] 599/4096 | 4907008 tok | loss 5.7129 | lr 9.559e-04 | 1335.9 ms/update | 6132 tok/s
[train] 600/4096 | 4915200 tok | loss 5.6834 | lr 9.558e-04 | 1333.4 ms/update | 6144 tok/s
[train] 601/4096 | 4923392 tok | loss 5.4800 | lr 9.556e-04 | 1331.3 ms/update | 6154 tok/s
[train] 602/4096 | 4931584 tok | loss 5.9558 | lr 9.555e-04 | 1327.2 ms/update | 6173 tok/s
[train] 603/4096 | 4939776 tok | loss 5.5228 | lr 9.553e-04 | 1334.2 ms/update | 6140 tok/s
[train] 604/4096 | 4947968 tok | loss 5.6209 | lr 9.552e-04 | 1333.1 ms/update | 6145 tok/s
[train] 605/4096 | 4956160 tok | loss 6.0009 | lr 9.550e-04 | 1350.3 ms/update | 6067 tok/s
[train] 606/4096 | 4964352 tok | loss 6.0314 | lr 9.549e-04 | 1340.1 ms/update | 6113 tok/s
[train] 607/4096 | 4972544 tok | loss 5.7816 | lr 9.547e-04 | 1339.2 ms/update | 6117 tok/s
[train] 608/4096 | 4980736 tok | loss 5.8713 | lr 9.546e-04 | 1326.9 ms/update | 6174 tok/s
[train] 609/4096 | 4988928 tok | loss 5.7778 | lr 9.544e-04 | 1329.1 ms/update | 6164 tok/s
[train] 610/4096 | 4997120 tok | loss 6.0578 | lr 9.543e-04 | 1332.3 ms/update | 6149 tok/s
[train] 611/4096 | 5005312 tok | loss 5.7706 | lr 9.541e-04 | 1327.6 ms/update | 6170 tok/s
[train] 612/4096 | 5013504 tok | loss 6.0018 | lr 9.540e-04 | 1329.3 ms/update | 6163 tok/s
[train] 613/4096 | 5021696 tok | loss 5.6905 | lr 9.538e-04 | 1332.4 ms/update | 6148 tok/s
[train] 614/4096 | 5029888 tok | loss 6.0101 | lr 9.537e-04 | 1341.3 ms/update | 6108 tok/s
[train] 615/4096 | 5038080 tok | loss 5.7663 | lr 9.535e-04 | 1330.7 ms/update | 6156 tok/s
[train] 616/4096 | 5046272 tok | loss 5.9875 | lr 9.533e-04 | 1340.0 ms/update | 6113 tok/s
[train] 617/4096 | 5054464 tok | loss 5.9221 | lr 9.532e-04 | 1328.0 ms/update | 6169 tok/s
[train] 618/4096 | 5062656 tok | loss 5.7119 | lr 9.530e-04 | 1332.9 ms/update | 6146 tok/s
[train] 619/4096 | 5070848 tok | loss 6.0084 | lr 9.529e-04 | 1335.4 ms/update | 6134 tok/s
[train] 620/4096 | 5079040 tok | loss 5.7057 | lr 9.527e-04 | 1325.9 ms/update | 6179 tok/s
[train] 621/4096 | 5087232 tok | loss 5.8682 | lr 9.526e-04 | 1340.6 ms/update | 6110 tok/s
[train] 622/4096 | 5095424 tok | loss 6.1448 | lr 9.524e-04 | 1335.2 ms/update | 6135 tok/s
[train] 623/4096 | 5103616 tok | loss 5.9589 | lr 9.523e-04 | 1328.6 ms/update | 6166 tok/s
[train] 624/4096 | 5111808 tok | loss 5.7211 | lr 9.521e-04 | 1337.3 ms/update | 6126 tok/s
[train] 625/4096 | 5120000 tok | loss 5.6649 | lr 9.520e-04 | 1327.6 ms/update | 6170 tok/s
[train] 626/4096 | 5128192 tok | loss 5.5969 | lr 9.518e-04 | 1335.7 ms/update | 6133 tok/s
[train] 627/4096 | 5136384 tok | loss 5.9957 | lr 9.516e-04 | 1331.4 ms/update | 6153 tok/s
[train] 628/4096 | 5144576 tok | loss 5.6317 | lr 9.515e-04 | 1337.4 ms/update | 6125 tok/s
[train] 629/4096 | 5152768 tok | loss 5.5991 | lr 9.513e-04 | 1340.8 ms/update | 6110 tok/s
[train] 630/4096 | 5160960 tok | loss 5.8900 | lr 9.512e-04 | 1331.3 ms/update | 6153 tok/s
[train] 631/4096 | 5169152 tok | loss 5.7403 | lr 9.510e-04 | 1325.8 ms/update | 6179 tok/s
[train] 632/4096 | 5177344 tok | loss 5.8543 | lr 9.509e-04 | 1328.8 ms/update | 6165 tok/s
[train] 633/4096 | 5185536 tok | loss 6.0849 | lr 9.507e-04 | 1330.9 ms/update | 6155 tok/s
[train] 634/4096 | 5193728 tok | loss 5.9464 | lr 9.505e-04 | 1325.2 ms/update | 6182 tok/s
[train] 635/4096 | 5201920 tok | loss 5.6481 | lr 9.504e-04 | 1325.8 ms/update | 6179 tok/s
[train] 636/4096 | 5210112 tok | loss 6.0277 | lr 9.502e-04 | 1337.2 ms/update | 6126 tok/s
[train] 637/4096 | 5218304 tok | loss 5.9104 | lr 9.501e-04 | 1331.8 ms/update | 6151 tok/s
[train] 638/4096 | 5226496 tok | loss 5.8508 | lr 9.499e-04 | 1325.8 ms/update | 6179 tok/s
[train] 639/4096 | 5234688 tok | loss 5.8771 | lr 9.497e-04 | 1327.3 ms/update | 6172 tok/s
[train] 640/4096 | 5242880 tok | loss 5.6580 | lr 9.496e-04 | 1329.2 ms/update | 6163 tok/s
[eval] step 640 | val NLL 5.4703 | ppl 237.54 | 65536 tokens
[ckpt] latest.pt @ step 640
[train] 641/4096 | 5251072 tok | loss 5.5747 | lr 9.494e-04 | 1339.8 ms/update | 6114 tok/s
[train] 642/4096 | 5259264 tok | loss 6.2370 | lr 9.493e-04 | 1338.2 ms/update | 6122 tok/s
[train] 643/4096 | 5267456 tok | loss 5.9924 | lr 9.491e-04 | 1324.1 ms/update | 6187 tok/s
[train] 644/4096 | 5275648 tok | loss 5.7392 | lr 9.490e-04 | 1324.8 ms/update | 6183 tok/s
[train] 645/4096 | 5283840 tok | loss 5.6892 | lr 9.488e-04 | 1331.5 ms/update | 6152 tok/s
[train] 646/4096 | 5292032 tok | loss 5.7498 | lr 9.486e-04 | 1325.9 ms/update | 6178 tok/s
[train] 647/4096 | 5300224 tok | loss 5.4430 | lr 9.485e-04 | 1331.7 ms/update | 6152 tok/s
[train] 648/4096 | 5308416 tok | loss 5.5130 | lr 9.483e-04 | 1330.8 ms/update | 6156 tok/s
[train] 649/4096 | 5316608 tok | loss 5.4529 | lr 9.481e-04 | 1334.5 ms/update | 6139 tok/s
[train] 650/4096 | 5324800 tok | loss 6.0152 | lr 9.480e-04 | 1333.7 ms/update | 6142 tok/s
[train] 651/4096 | 5332992 tok | loss 5.9283 | lr 9.478e-04 | 1336.8 ms/update | 6128 tok/s
[train] 652/4096 | 5341184 tok | loss 5.7728 | lr 9.477e-04 | 1333.6 ms/update | 6143 tok/s
[train] 653/4096 | 5349376 tok | loss 6.1092 | lr 9.475e-04 | 1332.7 ms/update | 6147 tok/s
[train] 654/4096 | 5357568 tok | loss 6.0687 | lr 9.473e-04 | 1332.7 ms/update | 6147 tok/s
[train] 655/4096 | 5365760 tok | loss 5.7415 | lr 9.472e-04 | 1328.2 ms/update | 6168 tok/s
[train] 656/4096 | 5373952 tok | loss 5.7494 | lr 9.470e-04 | 1329.7 ms/update | 6161 tok/s
[train] 657/4096 | 5382144 tok | loss 5.7714 | lr 9.468e-04 | 1339.5 ms/update | 6116 tok/s
[train] 658/4096 | 5390336 tok | loss 5.9202 | lr 9.467e-04 | 1331.4 ms/update | 6153 tok/s
[train] 659/4096 | 5398528 tok | loss 5.7803 | lr 9.465e-04 | 1347.4 ms/update | 6080 tok/s
[train] 660/4096 | 5406720 tok | loss 5.6735 | lr 9.464e-04 | 1341.4 ms/update | 6107 tok/s
[train] 661/4096 | 5414912 tok | loss 5.7728 | lr 9.462e-04 | 1332.3 ms/update | 6149 tok/s
[train] 662/4096 | 5423104 tok | loss 5.7303 | lr 9.460e-04 | 1344.8 ms/update | 6092 tok/s
[train] 663/4096 | 5431296 tok | loss 5.5169 | lr 9.459e-04 | 1338.4 ms/update | 6121 tok/s
[train] 664/4096 | 5439488 tok | loss 5.8883 | lr 9.457e-04 | 1342.9 ms/update | 6100 tok/s
[train] 665/4096 | 5447680 tok | loss 5.7225 | lr 9.455e-04 | 1330.7 ms/update | 6156 tok/s
[train] 666/4096 | 5455872 tok | loss 5.6372 | lr 9.454e-04 | 1338.3 ms/update | 6121 tok/s
[train] 667/4096 | 5464064 tok | loss 5.7609 | lr 9.452e-04 | 1331.0 ms/update | 6155 tok/s
[train] 668/4096 | 5472256 tok | loss 5.8153 | lr 9.450e-04 | 1339.8 ms/update | 6114 tok/s
[train] 669/4096 | 5480448 tok | loss 6.0568 | lr 9.449e-04 | 1338.0 ms/update | 6122 tok/s
[train] 670/4096 | 5488640 tok | loss 5.5542 | lr 9.447e-04 | 1326.8 ms/update | 6174 tok/s
[train] 671/4096 | 5496832 tok | loss 5.9945 | lr 9.445e-04 | 1340.7 ms/update | 6110 tok/s
[train] 672/4096 | 5505024 tok | loss 5.9793 | lr 9.444e-04 | 1333.2 ms/update | 6145 tok/s
[train] 673/4096 | 5513216 tok | loss 5.4230 | lr 9.442e-04 | 1325.2 ms/update | 6182 tok/s
[train] 674/4096 | 5521408 tok | loss 5.6386 | lr 9.440e-04 | 1332.6 ms/update | 6147 tok/s
[train] 675/4096 | 5529600 tok | loss 5.7724 | lr 9.439e-04 | 1330.1 ms/update | 6159 tok/s
[train] 676/4096 | 5537792 tok | loss 5.8674 | lr 9.437e-04 | 1330.0 ms/update | 6159 tok/s
[train] 677/4096 | 5545984 tok | loss 5.6056 | lr 9.435e-04 | 1321.9 ms/update | 6197 tok/s
[train] 678/4096 | 5554176 tok | loss 5.7805 | lr 9.434e-04 | 1330.9 ms/update | 6155 tok/s
[train] 679/4096 | 5562368 tok | loss 5.7280 | lr 9.432e-04 | 1339.8 ms/update | 6115 tok/s
[train] 680/4096 | 5570560 tok | loss 5.5624 | lr 9.430e-04 | 1330.1 ms/update | 6159 tok/s
[train] 681/4096 | 5578752 tok | loss 5.8439 | lr 9.429e-04 | 1331.5 ms/update | 6152 tok/s
[train] 682/4096 | 5586944 tok | loss 5.5521 | lr 9.427e-04 | 1329.5 ms/update | 6162 tok/s
[train] 683/4096 | 5595136 tok | loss 5.9617 | lr 9.425e-04 | 1324.4 ms/update | 6185 tok/s
[train] 684/4096 | 5603328 tok | loss 5.9087 | lr 9.423e-04 | 1333.3 ms/update | 6144 tok/s
[train] 685/4096 | 5611520 tok | loss 5.9799 | lr 9.422e-04 | 1331.8 ms/update | 6151 tok/s
[train] 686/4096 | 5619712 tok | loss 5.5050 | lr 9.420e-04 | 1341.8 ms/update | 6105 tok/s
[train] 687/4096 | 5627904 tok | loss 5.8248 | lr 9.418e-04 | 1328.5 ms/update | 6166 tok/s
[train] 688/4096 | 5636096 tok | loss 6.0269 | lr 9.417e-04 | 1330.1 ms/update | 6159 tok/s
[train] 689/4096 | 5644288 tok | loss 5.4071 | lr 9.415e-04 | 1326.7 ms/update | 6175 tok/s
[train] 690/4096 | 5652480 tok | loss 5.7233 | lr 9.413e-04 | 1322.0 ms/update | 6197 tok/s
[train] 691/4096 | 5660672 tok | loss 5.6265 | lr 9.411e-04 | 1335.5 ms/update | 6134 tok/s
[train] 692/4096 | 5668864 tok | loss 5.5501 | lr 9.410e-04 | 1330.1 ms/update | 6159 tok/s
[train] 693/4096 | 5677056 tok | loss 5.9805 | lr 9.408e-04 | 1329.4 ms/update | 6162 tok/s
[train] 694/4096 | 5685248 tok | loss 5.9107 | lr 9.406e-04 | 1338.4 ms/update | 6121 tok/s
[train] 695/4096 | 5693440 tok | loss 5.6216 | lr 9.405e-04 | 1334.0 ms/update | 6141 tok/s
[train] 696/4096 | 5701632 tok | loss 5.4419 | lr 9.403e-04 | 1330.9 ms/update | 6155 tok/s
[train] 697/4096 | 5709824 tok | loss 5.7170 | lr 9.401e-04 | 1332.4 ms/update | 6148 tok/s
[train] 698/4096 | 5718016 tok | loss 5.2643 | lr 9.399e-04 | 1329.3 ms/update | 6163 tok/s
[train] 699/4096 | 5726208 tok | loss 5.7694 | lr 9.398e-04 | 1331.1 ms/update | 6154 tok/s
[train] 700/4096 | 5734400 tok | loss 5.8265 | lr 9.396e-04 | 1332.4 ms/update | 6148 tok/s
[train] 701/4096 | 5742592 tok | loss 5.9355 | lr 9.394e-04 | 1335.6 ms/update | 6133 tok/s
[train] 702/4096 | 5750784 tok | loss 5.4453 | lr 9.392e-04 | 1339.6 ms/update | 6115 tok/s
[train] 703/4096 | 5758976 tok | loss 5.9053 | lr 9.391e-04 | 1327.7 ms/update | 6170 tok/s
[train] 704/4096 | 5767168 tok | loss 5.8726 | lr 9.389e-04 | 1328.2 ms/update | 6168 tok/s
[train] 705/4096 | 5775360 tok | loss 5.5332 | lr 9.387e-04 | 1325.1 ms/update | 6182 tok/s
[train] 706/4096 | 5783552 tok | loss 5.4437 | lr 9.386e-04 | 1331.5 ms/update | 6152 tok/s
[train] 707/4096 | 5791744 tok | loss 5.8978 | lr 9.384e-04 | 1324.9 ms/update | 6183 tok/s
[train] 708/4096 | 5799936 tok | loss 5.9272 | lr 9.382e-04 | 1327.6 ms/update | 6171 tok/s
[train] 709/4096 | 5808128 tok | loss 5.5269 | lr 9.380e-04 | 1340.9 ms/update | 6109 tok/s
[train] 710/4096 | 5816320 tok | loss 5.7828 | lr 9.378e-04 | 1328.0 ms/update | 6169 tok/s
[train] 711/4096 | 5824512 tok | loss 5.8782 | lr 9.377e-04 | 1331.6 ms/update | 6152 tok/s
[train] 712/4096 | 5832704 tok | loss 5.5976 | lr 9.375e-04 | 1330.9 ms/update | 6155 tok/s
[train] 713/4096 | 5840896 tok | loss 5.6546 | lr 9.373e-04 | 1328.1 ms/update | 6168 tok/s
[train] 714/4096 | 5849088 tok | loss 5.9003 | lr 9.371e-04 | 1327.3 ms/update | 6172 tok/s
[train] 715/4096 | 5857280 tok | loss 5.9801 | lr 9.370e-04 | 1327.6 ms/update | 6171 tok/s
[train] 716/4096 | 5865472 tok | loss 5.9729 | lr 9.368e-04 | 1333.0 ms/update | 6146 tok/s
[train] 717/4096 | 5873664 tok | loss 5.9314 | lr 9.366e-04 | 1339.5 ms/update | 6116 tok/s
[train] 718/4096 | 5881856 tok | loss 5.5421 | lr 9.364e-04 | 1339.7 ms/update | 6115 tok/s
[train] 719/4096 | 5890048 tok | loss 5.9842 | lr 9.363e-04 | 1337.8 ms/update | 6123 tok/s
[train] 720/4096 | 5898240 tok | loss 5.9011 | lr 9.361e-04 | 1333.8 ms/update | 6142 tok/s
[train] 721/4096 | 5906432 tok | loss 5.8717 | lr 9.359e-04 | 1336.1 ms/update | 6131 tok/s
[train] 722/4096 | 5914624 tok | loss 5.9425 | lr 9.357e-04 | 1339.8 ms/update | 6114 tok/s
[train] 723/4096 | 5922816 tok | loss 5.3775 | lr 9.355e-04 | 1330.2 ms/update | 6159 tok/s
[train] 724/4096 | 5931008 tok | loss 5.7446 | lr 9.354e-04 | 1343.1 ms/update | 6099 tok/s
[train] 725/4096 | 5939200 tok | loss 6.0810 | lr 9.352e-04 | 1327.5 ms/update | 6171 tok/s
[train] 726/4096 | 5947392 tok | loss 5.7104 | lr 9.350e-04 | 1332.1 ms/update | 6150 tok/s
[train] 727/4096 | 5955584 tok | loss 5.6454 | lr 9.348e-04 | 1335.6 ms/update | 6134 tok/s
[train] 728/4096 | 5963776 tok | loss 5.9952 | lr 9.346e-04 | 1336.1 ms/update | 6131 tok/s
[train] 729/4096 | 5971968 tok | loss 5.8370 | lr 9.345e-04 | 1338.1 ms/update | 6122 tok/s
[train] 730/4096 | 5980160 tok | loss 5.8116 | lr 9.343e-04 | 1341.0 ms/update | 6109 tok/s
[train] 731/4096 | 5988352 tok | loss 5.6935 | lr 9.341e-04 | 1350.1 ms/update | 6068 tok/s
[train] 732/4096 | 5996544 tok | loss 5.7175 | lr 9.339e-04 | 1336.5 ms/update | 6129 tok/s
[train] 733/4096 | 6004736 tok | loss 5.6924 | lr 9.337e-04 | 1332.5 ms/update | 6148 tok/s
[train] 734/4096 | 6012928 tok | loss 5.9263 | lr 9.336e-04 | 1333.4 ms/update | 6144 tok/s
[train] 735/4096 | 6021120 tok | loss 5.6472 | lr 9.334e-04 | 1335.1 ms/update | 6136 tok/s
[train] 736/4096 | 6029312 tok | loss 5.8247 | lr 9.332e-04 | 1336.3 ms/update | 6130 tok/s
[train] 737/4096 | 6037504 tok | loss 5.7251 | lr 9.330e-04 | 1327.8 ms/update | 6169 tok/s
[train] 738/4096 | 6045696 tok | loss 5.5211 | lr 9.328e-04 | 1335.3 ms/update | 6135 tok/s
[train] 739/4096 | 6053888 tok | loss 5.4901 | lr 9.327e-04 | 1338.6 ms/update | 6120 tok/s
[train] 740/4096 | 6062080 tok | loss 5.7520 | lr 9.325e-04 | 1325.7 ms/update | 6179 tok/s
[train] 741/4096 | 6070272 tok | loss 5.7373 | lr 9.323e-04 | 1335.4 ms/update | 6135 tok/s
[train] 742/4096 | 6078464 tok | loss 5.8957 | lr 9.321e-04 | 1333.6 ms/update | 6143 tok/s
[train] 743/4096 | 6086656 tok | loss 5.1227 | lr 9.319e-04 | 1331.5 ms/update | 6152 tok/s
[train] 744/4096 | 6094848 tok | loss 5.8262 | lr 9.317e-04 | 1325.4 ms/update | 6181 tok/s
[train] 745/4096 | 6103040 tok | loss 6.2444 | lr 9.316e-04 | 1331.2 ms/update | 6154 tok/s
[train] 746/4096 | 6111232 tok | loss 5.6989 | lr 9.314e-04 | 1344.5 ms/update | 6093 tok/s
[train] 747/4096 | 6119424 tok | loss 5.6510 | lr 9.312e-04 | 1331.4 ms/update | 6153 tok/s
[train] 748/4096 | 6127616 tok | loss 5.8290 | lr 9.310e-04 | 1332.7 ms/update | 6147 tok/s
[train] 749/4096 | 6135808 tok | loss 5.8161 | lr 9.308e-04 | 1332.0 ms/update | 6150 tok/s
[train] 750/4096 | 6144000 tok | loss 5.7507 | lr 9.306e-04 | 1332.2 ms/update | 6149 tok/s
[train] 751/4096 | 6152192 tok | loss 5.7175 | lr 9.304e-04 | 1328.4 ms/update | 6167 tok/s
[train] 752/4096 | 6160384 tok | loss 5.4959 | lr 9.303e-04 | 1328.9 ms/update | 6164 tok/s
[train] 753/4096 | 6168576 tok | loss 6.1394 | lr 9.301e-04 | 1332.1 ms/update | 6150 tok/s
[train] 754/4096 | 6176768 tok | loss 5.8232 | lr 9.299e-04 | 1341.5 ms/update | 6107 tok/s
[train] 755/4096 | 6184960 tok | loss 5.6248 | lr 9.297e-04 | 1332.9 ms/update | 6146 tok/s
[train] 756/4096 | 6193152 tok | loss 5.6311 | lr 9.295e-04 | 1333.1 ms/update | 6145 tok/s
[train] 757/4096 | 6201344 tok | loss 5.6130 | lr 9.293e-04 | 1331.4 ms/update | 6153 tok/s
[train] 758/4096 | 6209536 tok | loss 5.8842 | lr 9.291e-04 | 1340.4 ms/update | 6111 tok/s
[train] 759/4096 | 6217728 tok | loss 5.7095 | lr 9.290e-04 | 1333.4 ms/update | 6144 tok/s
[train] 760/4096 | 6225920 tok | loss 5.5399 | lr 9.288e-04 | 1330.4 ms/update | 6158 tok/s
[train] 761/4096 | 6234112 tok | loss 5.8741 | lr 9.286e-04 | 1340.3 ms/update | 6112 tok/s
[train] 762/4096 | 6242304 tok | loss 5.7650 | lr 9.284e-04 | 1334.4 ms/update | 6139 tok/s
[train] 763/4096 | 6250496 tok | loss 5.7624 | lr 9.282e-04 | 1330.1 ms/update | 6159 tok/s
[train] 764/4096 | 6258688 tok | loss 5.6714 | lr 9.280e-04 | 1331.6 ms/update | 6152 tok/s
[train] 765/4096 | 6266880 tok | loss 5.7823 | lr 9.278e-04 | 1331.3 ms/update | 6153 tok/s
[train] 766/4096 | 6275072 tok | loss 5.7372 | lr 9.276e-04 | 1338.8 ms/update | 6119 tok/s
[train] 767/4096 | 6283264 tok | loss 5.7665 | lr 9.275e-04 | 1335.7 ms/update | 6133 tok/s
[train] 768/4096 | 6291456 tok | loss 5.8476 | lr 9.273e-04 | 1339.1 ms/update | 6118 tok/s
[eval] step 768 | val NLL 5.4740 | ppl 238.41 | 65536 tokens
[ckpt] latest.pt @ step 768
[train] 769/4096 | 6299648 tok | loss 5.6188 | lr 9.271e-04 | 1330.4 ms/update | 6158 tok/s
[train] 770/4096 | 6307840 tok | loss 5.7480 | lr 9.269e-04 | 1328.6 ms/update | 6166 tok/s
[train] 771/4096 | 6316032 tok | loss 5.6711 | lr 9.267e-04 | 1331.3 ms/update | 6154 tok/s
[train] 772/4096 | 6324224 tok | loss 6.2262 | lr 9.265e-04 | 1336.5 ms/update | 6129 tok/s
[train] 773/4096 | 6332416 tok | loss 5.7109 | lr 9.263e-04 | 1332.0 ms/update | 6150 tok/s
[train] 774/4096 | 6340608 tok | loss 5.7548 | lr 9.261e-04 | 1330.9 ms/update | 6155 tok/s
[train] 775/4096 | 6348800 tok | loss 5.7678 | lr 9.259e-04 | 1336.2 ms/update | 6131 tok/s
[train] 776/4096 | 6356992 tok | loss 5.8961 | lr 9.257e-04 | 1327.5 ms/update | 6171 tok/s
[train] 777/4096 | 6365184 tok | loss 5.7303 | lr 9.256e-04 | 1334.9 ms/update | 6137 tok/s
[train] 778/4096 | 6373376 tok | loss 5.5892 | lr 9.254e-04 | 1328.1 ms/update | 6168 tok/s
[train] 779/4096 | 6381568 tok | loss 5.8395 | lr 9.252e-04 | 1333.2 ms/update | 6145 tok/s
[train] 780/4096 | 6389760 tok | loss 5.8974 | lr 9.250e-04 | 1332.3 ms/update | 6149 tok/s
[train] 781/4096 | 6397952 tok | loss 5.7757 | lr 9.248e-04 | 1337.4 ms/update | 6125 tok/s
[train] 782/4096 | 6406144 tok | loss 5.8352 | lr 9.246e-04 | 1334.7 ms/update | 6138 tok/s
[train] 783/4096 | 6414336 tok | loss 5.5421 | lr 9.244e-04 | 1334.5 ms/update | 6138 tok/s
[train] 784/4096 | 6422528 tok | loss 5.6384 | lr 9.242e-04 | 1338.3 ms/update | 6121 tok/s
[train] 785/4096 | 6430720 tok | loss 6.0636 | lr 9.240e-04 | 1332.2 ms/update | 6149 tok/s
[train] 786/4096 | 6438912 tok | loss 5.6483 | lr 9.238e-04 | 1337.7 ms/update | 6124 tok/s
[train] 787/4096 | 6447104 tok | loss 5.7278 | lr 9.236e-04 | 1332.8 ms/update | 6146 tok/s
[train] 788/4096 | 6455296 tok | loss 5.4386 | lr 9.234e-04 | 1334.5 ms/update | 6139 tok/s
[train] 789/4096 | 6463488 tok | loss 5.7106 | lr 9.232e-04 | 1338.0 ms/update | 6122 tok/s
[train] 790/4096 | 6471680 tok | loss 5.8902 | lr 9.230e-04 | 1331.6 ms/update | 6152 tok/s
[train] 791/4096 | 6479872 tok | loss 5.9011 | lr 9.229e-04 | 1357.7 ms/update | 6034 tok/s
[train] 792/4096 | 6488064 tok | loss 5.6754 | lr 9.227e-04 | 1338.4 ms/update | 6121 tok/s
[train] 793/4096 | 6496256 tok | loss 5.8732 | lr 9.225e-04 | 1335.5 ms/update | 6134 tok/s
[train] 794/4096 | 6504448 tok | loss 5.8107 | lr 9.223e-04 | 1340.5 ms/update | 6111 tok/s
[train] 795/4096 | 6512640 tok | loss 5.5152 | lr 9.221e-04 | 1339.9 ms/update | 6114 tok/s
[train] 796/4096 | 6520832 tok | loss 5.9880 | lr 9.219e-04 | 1361.4 ms/update | 6017 tok/s
[train] 797/4096 | 6529024 tok | loss 5.6063 | lr 9.217e-04 | 1337.2 ms/update | 6126 tok/s
[train] 798/4096 | 6537216 tok | loss 5.7488 | lr 9.215e-04 | 1341.2 ms/update | 6108 tok/s
[train] 799/4096 | 6545408 tok | loss 5.7958 | lr 9.213e-04 | 1336.5 ms/update | 6130 tok/s
[train] 800/4096 | 6553600 tok | loss 5.5824 | lr 9.211e-04 | 1332.7 ms/update | 6147 tok/s
[train] 801/4096 | 6561792 tok | loss 5.7017 | lr 9.209e-04 | 1328.6 ms/update | 6166 tok/s
[train] 802/4096 | 6569984 tok | loss 5.7093 | lr 9.207e-04 | 1344.0 ms/update | 6095 tok/s
[train] 803/4096 | 6578176 tok | loss 5.9805 | lr 9.205e-04 | 1339.3 ms/update | 6117 tok/s
[train] 804/4096 | 6586368 tok | loss 6.0224 | lr 9.203e-04 | 1331.9 ms/update | 6151 tok/s
[train] 805/4096 | 6594560 tok | loss 5.5986 | lr 9.201e-04 | 1330.1 ms/update | 6159 tok/s
[train] 806/4096 | 6602752 tok | loss 5.8457 | lr 9.199e-04 | 1343.0 ms/update | 6100 tok/s
[train] 807/4096 | 6610944 tok | loss 5.7637 | lr 9.197e-04 | 1335.9 ms/update | 6132 tok/s
[train] 808/4096 | 6619136 tok | loss 5.8206 | lr 9.195e-04 | 1331.4 ms/update | 6153 tok/s
[train] 809/4096 | 6627328 tok | loss 5.8807 | lr 9.193e-04 | 1338.7 ms/update | 6120 tok/s
[train] 810/4096 | 6635520 tok | loss 5.8198 | lr 9.191e-04 | 1328.1 ms/update | 6168 tok/s
[train] 811/4096 | 6643712 tok | loss 5.5045 | lr 9.189e-04 | 1339.6 ms/update | 6115 tok/s
[train] 812/4096 | 6651904 tok | loss 5.7929 | lr 9.187e-04 | 1339.3 ms/update | 6117 tok/s
[train] 813/4096 | 6660096 tok | loss 5.7441 | lr 9.185e-04 | 1337.7 ms/update | 6124 tok/s
[train] 814/4096 | 6668288 tok | loss 5.9102 | lr 9.183e-04 | 1339.6 ms/update | 6115 tok/s
[train] 815/4096 | 6676480 tok | loss 5.9748 | lr 9.181e-04 | 1341.0 ms/update | 6109 tok/s
[train] 816/4096 | 6684672 tok | loss 5.7039 | lr 9.179e-04 | 1337.4 ms/update | 6125 tok/s
[train] 817/4096 | 6692864 tok | loss 5.7387 | lr 9.177e-04 | 1346.4 ms/update | 6084 tok/s
[train] 818/4096 | 6701056 tok | loss 5.5164 | lr 9.175e-04 | 1340.4 ms/update | 6112 tok/s
[train] 819/4096 | 6709248 tok | loss 5.5924 | lr 9.173e-04 | 1342.9 ms/update | 6100 tok/s
[train] 820/4096 | 6717440 tok | loss 5.8144 | lr 9.171e-04 | 1340.5 ms/update | 6111 tok/s
[train] 821/4096 | 6725632 tok | loss 5.8904 | lr 9.169e-04 | 1335.1 ms/update | 6136 tok/s
[train] 822/4096 | 6733824 tok | loss 5.5470 | lr 9.167e-04 | 1338.7 ms/update | 6119 tok/s
[train] 823/4096 | 6742016 tok | loss 5.7011 | lr 9.165e-04 | 1339.4 ms/update | 6116 tok/s
[train] 824/4096 | 6750208 tok | loss 5.6143 | lr 9.163e-04 | 1336.8 ms/update | 6128 tok/s
[train] 825/4096 | 6758400 tok | loss 5.6161 | lr 9.161e-04 | 1335.2 ms/update | 6135 tok/s
[train] 826/4096 | 6766592 tok | loss 5.7082 | lr 9.159e-04 | 1339.6 ms/update | 6115 tok/s
[train] 827/4096 | 6774784 tok | loss 5.5067 | lr 9.157e-04 | 1333.5 ms/update | 6143 tok/s
[train] 828/4096 | 6782976 tok | loss 5.4932 | lr 9.155e-04 | 1331.5 ms/update | 6153 tok/s
[train] 829/4096 | 6791168 tok | loss 5.6518 | lr 9.153e-04 | 1332.8 ms/update | 6147 tok/s
[train] 830/4096 | 6799360 tok | loss 5.8315 | lr 9.151e-04 | 1330.9 ms/update | 6155 tok/s
[train] 831/4096 | 6807552 tok | loss 5.6178 | lr 9.149e-04 | 1328.0 ms/update | 6169 tok/s
[train] 832/4096 | 6815744 tok | loss 5.6362 | lr 9.147e-04 | 1324.5 ms/update | 6185 tok/s
[train] 833/4096 | 6823936 tok | loss 5.7738 | lr 9.145e-04 | 1332.1 ms/update | 6150 tok/s
[train] 834/4096 | 6832128 tok | loss 6.0083 | lr 9.143e-04 | 1343.2 ms/update | 6099 tok/s
[train] 835/4096 | 6840320 tok | loss 5.7894 | lr 9.141e-04 | 1338.8 ms/update | 6119 tok/s
[train] 836/4096 | 6848512 tok | loss 5.7524 | lr 9.139e-04 | 1336.9 ms/update | 6128 tok/s
[train] 837/4096 | 6856704 tok | loss 5.7935 | lr 9.137e-04 | 1337.0 ms/update | 6127 tok/s
[train] 838/4096 | 6864896 tok | loss 5.6197 | lr 9.135e-04 | 1332.7 ms/update | 6147 tok/s
[train] 839/4096 | 6873088 tok | loss 5.4901 | lr 9.133e-04 | 1326.0 ms/update | 6178 tok/s
[train] 840/4096 | 6881280 tok | loss 5.9229 | lr 9.131e-04 | 1333.3 ms/update | 6144 tok/s
[train] 841/4096 | 6889472 tok | loss 5.9574 | lr 9.129e-04 | 1340.8 ms/update | 6110 tok/s
[train] 842/4096 | 6897664 tok | loss 6.1244 | lr 9.127e-04 | 1335.1 ms/update | 6136 tok/s
[train] 843/4096 | 6905856 tok | loss 5.5826 | lr 9.125e-04 | 1331.6 ms/update | 6152 tok/s
[train] 844/4096 | 6914048 tok | loss 5.6610 | lr 9.123e-04 | 1336.9 ms/update | 6127 tok/s
[train] 845/4096 | 6922240 tok | loss 6.1546 | lr 9.120e-04 | 1338.0 ms/update | 6123 tok/s
[train] 846/4096 | 6930432 tok | loss 5.7593 | lr 9.118e-04 | 1329.4 ms/update | 6162 tok/s
[train] 847/4096 | 6938624 tok | loss 6.0702 | lr 9.116e-04 | 1332.6 ms/update | 6147 tok/s
[train] 848/4096 | 6946816 tok | loss 5.7741 | lr 9.114e-04 | 1328.7 ms/update | 6165 tok/s
[train] 849/4096 | 6955008 tok | loss 5.3402 | lr 9.112e-04 | 1331.8 ms/update | 6151 tok/s
[train] 850/4096 | 6963200 tok | loss 5.3796 | lr 9.110e-04 | 1328.1 ms/update | 6168 tok/s
[train] 851/4096 | 6971392 tok | loss 5.8032 | lr 9.108e-04 | 1334.0 ms/update | 6141 tok/s
[train] 852/4096 | 6979584 tok | loss 5.6236 | lr 9.106e-04 | 1331.2 ms/update | 6154 tok/s
[train] 853/4096 | 6987776 tok | loss 5.5133 | lr 9.104e-04 | 1327.9 ms/update | 6169 tok/s
[train] 854/4096 | 6995968 tok | loss 6.0244 | lr 9.102e-04 | 1327.7 ms/update | 6170 tok/s
[train] 855/4096 | 7004160 tok | loss 5.6097 | lr 9.100e-04 | 1332.2 ms/update | 6149 tok/s
[train] 856/4096 | 7012352 tok | loss 5.6976 | lr 9.098e-04 | 1344.3 ms/update | 6094 tok/s
[train] 857/4096 | 7020544 tok | loss 5.6433 | lr 9.096e-04 | 1329.2 ms/update | 6163 tok/s
[train] 858/4096 | 7028736 tok | loss 5.4627 | lr 9.094e-04 | 1332.6 ms/update | 6148 tok/s
[train] 859/4096 | 7036928 tok | loss 5.7060 | lr 9.091e-04 | 1332.4 ms/update | 6148 tok/s
[train] 860/4096 | 7045120 tok | loss 5.4540 | lr 9.089e-04 | 1333.0 ms/update | 6145 tok/s
[train] 861/4096 | 7053312 tok | loss 5.6615 | lr 9.087e-04 | 1335.2 ms/update | 6135 tok/s
[train] 862/4096 | 7061504 tok | loss 6.0053 | lr 9.085e-04 | 1333.2 ms/update | 6145 tok/s
[train] 863/4096 | 7069696 tok | loss 6.0774 | lr 9.083e-04 | 1334.0 ms/update | 6141 tok/s
[train] 864/4096 | 7077888 tok | loss 5.9536 | lr 9.081e-04 | 1339.0 ms/update | 6118 tok/s
[train] 865/4096 | 7086080 tok | loss 6.0485 | lr 9.079e-04 | 1334.9 ms/update | 6137 tok/s
[train] 866/4096 | 7094272 tok | loss 6.0702 | lr 9.077e-04 | 1332.8 ms/update | 6147 tok/s
[train] 867/4096 | 7102464 tok | loss 5.7318 | lr 9.075e-04 | 1331.6 ms/update | 6152 tok/s
[train] 868/4096 | 7110656 tok | loss 5.2048 | lr 9.073e-04 | 1329.7 ms/update | 6161 tok/s
[train] 869/4096 | 7118848 tok | loss 5.6467 | lr 9.070e-04 | 1324.1 ms/update | 6187 tok/s
[train] 870/4096 | 7127040 tok | loss 5.7185 | lr 9.068e-04 | 1336.5 ms/update | 6129 tok/s
[train] 871/4096 | 7135232 tok | loss 5.6875 | lr 9.066e-04 | 1334.5 ms/update | 6139 tok/s
[train] 872/4096 | 7143424 tok | loss 5.8288 | lr 9.064e-04 | 1329.2 ms/update | 6163 tok/s
[train] 873/4096 | 7151616 tok | loss 5.7914 | lr 9.062e-04 | 1329.8 ms/update | 6161 tok/s
[train] 874/4096 | 7159808 tok | loss 5.6079 | lr 9.060e-04 | 1331.0 ms/update | 6155 tok/s
[train] 875/4096 | 7168000 tok | loss 5.7467 | lr 9.058e-04 | 1333.2 ms/update | 6145 tok/s
[train] 876/4096 | 7176192 tok | loss 5.7001 | lr 9.056e-04 | 1333.0 ms/update | 6146 tok/s
[train] 877/4096 | 7184384 tok | loss 6.0433 | lr 9.053e-04 | 1325.8 ms/update | 6179 tok/s
[train] 878/4096 | 7192576 tok | loss 5.5077 | lr 9.051e-04 | 1330.4 ms/update | 6158 tok/s
[train] 879/4096 | 7200768 tok | loss 5.6986 | lr 9.049e-04 | 1334.3 ms/update | 6139 tok/s
[train] 880/4096 | 7208960 tok | loss 5.6393 | lr 9.047e-04 | 1329.6 ms/update | 6161 tok/s
[train] 881/4096 | 7217152 tok | loss 6.0228 | lr 9.045e-04 | 1331.9 ms/update | 6151 tok/s
[train] 882/4096 | 7225344 tok | loss 5.3473 | lr 9.043e-04 | 1329.2 ms/update | 6163 tok/s
[train] 883/4096 | 7233536 tok | loss 5.8276 | lr 9.041e-04 | 1327.4 ms/update | 6171 tok/s
[train] 884/4096 | 7241728 tok | loss 5.5601 | lr 9.039e-04 | 1326.9 ms/update | 6174 tok/s
[train] 885/4096 | 7249920 tok | loss 5.9324 | lr 9.036e-04 | 1333.2 ms/update | 6145 tok/s
[train] 886/4096 | 7258112 tok | loss 5.5870 | lr 9.034e-04 | 1339.1 ms/update | 6118 tok/s
[train] 887/4096 | 7266304 tok | loss 5.4952 | lr 9.032e-04 | 1325.7 ms/update | 6179 tok/s
[train] 888/4096 | 7274496 tok | loss 5.6054 | lr 9.030e-04 | 1336.2 ms/update | 6131 tok/s
[train] 889/4096 | 7282688 tok | loss 5.7772 | lr 9.028e-04 | 1332.4 ms/update | 6148 tok/s
[train] 890/4096 | 7290880 tok | loss 5.8357 | lr 9.026e-04 | 1333.2 ms/update | 6145 tok/s
[train] 891/4096 | 7299072 tok | loss 5.1894 | lr 9.023e-04 | 1330.3 ms/update | 6158 tok/s
[train] 892/4096 | 7307264 tok | loss 5.4769 | lr 9.021e-04 | 1326.0 ms/update | 6178 tok/s
[train] 893/4096 | 7315456 tok | loss 5.8523 | lr 9.019e-04 | 1328.4 ms/update | 6167 tok/s
[train] 894/4096 | 7323648 tok | loss 5.7119 | lr 9.017e-04 | 1331.2 ms/update | 6154 tok/s
[train] 895/4096 | 7331840 tok | loss 5.6031 | lr 9.015e-04 | 1330.6 ms/update | 6157 tok/s
[train] 896/4096 | 7340032 tok | loss 5.7700 | lr 9.013e-04 | 1340.0 ms/update | 6113 tok/s
[eval] step 896 | val NLL 5.3788 | ppl 216.77 | 65536 tokens
[ckpt] latest.pt @ step 896
[train] 897/4096 | 7348224 tok | loss 5.8738 | lr 9.011e-04 | 1334.0 ms/update | 6141 tok/s
[train] 898/4096 | 7356416 tok | loss 6.0201 | lr 9.008e-04 | 1343.7 ms/update | 6097 tok/s
[train] 899/4096 | 7364608 tok | loss 5.4988 | lr 9.006e-04 | 1330.2 ms/update | 6158 tok/s
[train] 900/4096 | 7372800 tok | loss 5.7465 | lr 9.004e-04 | 1325.9 ms/update | 6178 tok/s
[train] 901/4096 | 7380992 tok | loss 6.0164 | lr 9.002e-04 | 1334.9 ms/update | 6137 tok/s
[train] 902/4096 | 7389184 tok | loss 5.6063 | lr 9.000e-04 | 1332.5 ms/update | 6148 tok/s
[train] 903/4096 | 7397376 tok | loss 5.5789 | lr 8.997e-04 | 1328.0 ms/update | 6169 tok/s
[train] 904/4096 | 7405568 tok | loss 5.6335 | lr 8.995e-04 | 1331.5 ms/update | 6152 tok/s
[train] 905/4096 | 7413760 tok | loss 5.7354 | lr 8.993e-04 | 1331.7 ms/update | 6151 tok/s
[train] 906/4096 | 7421952 tok | loss 5.8451 | lr 8.991e-04 | 1338.8 ms/update | 6119 tok/s
[train] 907/4096 | 7430144 tok | loss 5.7836 | lr 8.989e-04 | 1337.0 ms/update | 6127 tok/s
[train] 908/4096 | 7438336 tok | loss 5.8443 | lr 8.987e-04 | 1336.5 ms/update | 6130 tok/s
[train] 909/4096 | 7446528 tok | loss 6.0305 | lr 8.984e-04 | 1333.3 ms/update | 6144 tok/s
[train] 910/4096 | 7454720 tok | loss 5.5123 | lr 8.982e-04 | 1338.4 ms/update | 6121 tok/s
[train] 911/4096 | 7462912 tok | loss 5.5381 | lr 8.980e-04 | 1342.1 ms/update | 6104 tok/s
[train] 912/4096 | 7471104 tok | loss 5.6883 | lr 8.978e-04 | 1340.5 ms/update | 6111 tok/s
[train] 913/4096 | 7479296 tok | loss 5.7367 | lr 8.976e-04 | 1348.2 ms/update | 6076 tok/s
[train] 914/4096 | 7487488 tok | loss 5.9353 | lr 8.973e-04 | 1327.6 ms/update | 6170 tok/s
[train] 915/4096 | 7495680 tok | loss 5.8032 | lr 8.971e-04 | 1327.5 ms/update | 6171 tok/s
[train] 916/4096 | 7503872 tok | loss 5.9382 | lr 8.969e-04 | 1336.8 ms/update | 6128 tok/s
[train] 917/4096 | 7512064 tok | loss 5.8692 | lr 8.967e-04 | 1330.6 ms/update | 6157 tok/s
[train] 918/4096 | 7520256 tok | loss 5.5265 | lr 8.964e-04 | 1335.1 ms/update | 6136 tok/s
[train] 919/4096 | 7528448 tok | loss 5.6275 | lr 8.962e-04 | 1339.6 ms/update | 6115 tok/s
[train] 920/4096 | 7536640 tok | loss 5.1663 | lr 8.960e-04 | 1332.1 ms/update | 6150 tok/s
[train] 921/4096 | 7544832 tok | loss 5.4613 | lr 8.958e-04 | 1335.2 ms/update | 6135 tok/s
[train] 922/4096 | 7553024 tok | loss 5.7362 | lr 8.956e-04 | 1331.1 ms/update | 6154 tok/s
[train] 923/4096 | 7561216 tok | loss 5.8068 | lr 8.953e-04 | 1346.4 ms/update | 6085 tok/s
[train] 924/4096 | 7569408 tok | loss 5.5679 | lr 8.951e-04 | 1335.1 ms/update | 6136 tok/s
[train] 925/4096 | 7577600 tok | loss 5.7015 | lr 8.949e-04 | 1349.7 ms/update | 6069 tok/s
[train] 926/4096 | 7585792 tok | loss 5.6710 | lr 8.947e-04 | 1332.8 ms/update | 6147 tok/s
[train] 927/4096 | 7593984 tok | loss 5.5457 | lr 8.944e-04 | 1334.5 ms/update | 6139 tok/s
[train] 928/4096 | 7602176 tok | loss 5.8025 | lr 8.942e-04 | 1341.4 ms/update | 6107 tok/s
[train] 929/4096 | 7610368 tok | loss 5.5166 | lr 8.940e-04 | 1329.1 ms/update | 6164 tok/s
[train] 930/4096 | 7618560 tok | loss 5.3189 | lr 8.938e-04 | 1335.2 ms/update | 6135 tok/s
[train] 931/4096 | 7626752 tok | loss 5.6554 | lr 8.936e-04 | 1331.2 ms/update | 6154 tok/s
[train] 932/4096 | 7634944 tok | loss 5.3683 | lr 8.933e-04 | 1336.7 ms/update | 6129 tok/s
[train] 933/4096 | 7643136 tok | loss 5.2928 | lr 8.931e-04 | 1335.4 ms/update | 6135 tok/s
[train] 934/4096 | 7651328 tok | loss 5.9289 | lr 8.929e-04 | 1330.0 ms/update | 6159 tok/s
[train] 935/4096 | 7659520 tok | loss 5.9023 | lr 8.927e-04 | 1338.4 ms/update | 6121 tok/s
[train] 936/4096 | 7667712 tok | loss 5.3585 | lr 8.924e-04 | 1324.7 ms/update | 6184 tok/s
[train] 937/4096 | 7675904 tok | loss 5.4034 | lr 8.922e-04 | 1335.3 ms/update | 6135 tok/s
[train] 938/4096 | 7684096 tok | loss 5.6262 | lr 8.920e-04 | 1326.3 ms/update | 6177 tok/s
[train] 939/4096 | 7692288 tok | loss 5.6347 | lr 8.918e-04 | 1325.2 ms/update | 6182 tok/s
[train] 940/4096 | 7700480 tok | loss 5.8435 | lr 8.915e-04 | 1325.6 ms/update | 6180 tok/s
[train] 941/4096 | 7708672 tok | loss 5.6632 | lr 8.913e-04 | 1330.8 ms/update | 6156 tok/s
[train] 942/4096 | 7716864 tok | loss 5.6416 | lr 8.911e-04 | 1328.7 ms/update | 6165 tok/s
[train] 943/4096 | 7725056 tok | loss 5.7936 | lr 8.909e-04 | 1336.4 ms/update | 6130 tok/s
[train] 944/4096 | 7733248 tok | loss 5.6446 | lr 8.906e-04 | 1325.4 ms/update | 6181 tok/s
[train] 945/4096 | 7741440 tok | loss 5.5623 | lr 8.904e-04 | 1322.4 ms/update | 6195 tok/s
[train] 946/4096 | 7749632 tok | loss 5.6142 | lr 8.902e-04 | 1331.2 ms/update | 6154 tok/s
[train] 947/4096 | 7757824 tok | loss 5.6266 | lr 8.899e-04 | 1329.3 ms/update | 6163 tok/s
[train] 948/4096 | 7766016 tok | loss 5.6720 | lr 8.897e-04 | 1326.8 ms/update | 6174 tok/s
[train] 949/4096 | 7774208 tok | loss 5.6244 | lr 8.895e-04 | 1334.4 ms/update | 6139 tok/s
[train] 950/4096 | 7782400 tok | loss 5.8011 | lr 8.893e-04 | 1328.6 ms/update | 6166 tok/s
[train] 951/4096 | 7790592 tok | loss 5.6127 | lr 8.890e-04 | 1335.0 ms/update | 6136 tok/s
[train] 952/4096 | 7798784 tok | loss 5.6994 | lr 8.888e-04 | 1328.3 ms/update | 6167 tok/s
[train] 953/4096 | 7806976 tok | loss 5.6557 | lr 8.886e-04 | 1320.8 ms/update | 6202 tok/s
[train] 954/4096 | 7815168 tok | loss 5.7199 | lr 8.883e-04 | 1327.1 ms/update | 6173 tok/s
[train] 955/4096 | 7823360 tok | loss 5.8071 | lr 8.881e-04 | 1330.4 ms/update | 6158 tok/s
[train] 956/4096 | 7831552 tok | loss 5.6111 | lr 8.879e-04 | 1325.9 ms/update | 6178 tok/s
[train] 957/4096 | 7839744 tok | loss 5.5975 | lr 8.877e-04 | 1328.9 ms/update | 6164 tok/s
[train] 958/4096 | 7847936 tok | loss 5.8618 | lr 8.874e-04 | 1343.5 ms/update | 6098 tok/s
[train] 959/4096 | 7856128 tok | loss 5.8346 | lr 8.872e-04 | 1331.9 ms/update | 6151 tok/s
[train] 960/4096 | 7864320 tok | loss 5.7487 | lr 8.870e-04 | 1328.4 ms/update | 6167 tok/s
[train] 961/4096 | 7872512 tok | loss 5.5657 | lr 8.867e-04 | 1328.5 ms/update | 6166 tok/s
[train] 962/4096 | 7880704 tok | loss 5.7352 | lr 8.865e-04 | 1327.4 ms/update | 6171 tok/s
[train] 963/4096 | 7888896 tok | loss 5.6254 | lr 8.863e-04 | 1322.7 ms/update | 6193 tok/s
[train] 964/4096 | 7897088 tok | loss 5.6042 | lr 8.861e-04 | 1331.2 ms/update | 6154 tok/s
[train] 965/4096 | 7905280 tok | loss 5.8556 | lr 8.858e-04 | 1335.2 ms/update | 6135 tok/s
[train] 966/4096 | 7913472 tok | loss 5.2773 | lr 8.856e-04 | 1340.2 ms/update | 6113 tok/s
[train] 967/4096 | 7921664 tok | loss 5.7495 | lr 8.854e-04 | 1329.3 ms/update | 6163 tok/s
[train] 968/4096 | 7929856 tok | loss 5.7718 | lr 8.851e-04 | 1326.9 ms/update | 6174 tok/s
[train] 969/4096 | 7938048 tok | loss 5.8536 | lr 8.849e-04 | 1328.9 ms/update | 6165 tok/s
[train] 970/4096 | 7946240 tok | loss 5.5365 | lr 8.847e-04 | 1322.5 ms/update | 6194 tok/s
[train] 971/4096 | 7954432 tok | loss 5.7462 | lr 8.844e-04 | 1327.4 ms/update | 6171 tok/s
[train] 972/4096 | 7962624 tok | loss 5.8181 | lr 8.842e-04 | 1329.1 ms/update | 6163 tok/s
[train] 973/4096 | 7970816 tok | loss 5.8132 | lr 8.840e-04 | 1336.4 ms/update | 6130 tok/s
[train] 974/4096 | 7979008 tok | loss 5.6319 | lr 8.837e-04 | 1336.6 ms/update | 6129 tok/s
[train] 975/4096 | 7987200 tok | loss 5.8458 | lr 8.835e-04 | 1328.0 ms/update | 6168 tok/s
[train] 976/4096 | 7995392 tok | loss 5.4946 | lr 8.833e-04 | 1325.2 ms/update | 6181 tok/s
[train] 977/4096 | 8003584 tok | loss 5.7324 | lr 8.830e-04 | 1331.5 ms/update | 6153 tok/s
[train] 978/4096 | 8011776 tok | loss 5.8188 | lr 8.828e-04 | 1329.9 ms/update | 6160 tok/s
[train] 979/4096 | 8019968 tok | loss 5.5932 | lr 8.826e-04 | 1323.5 ms/update | 6190 tok/s
[train] 980/4096 | 8028160 tok | loss 5.5137 | lr 8.823e-04 | 1330.0 ms/update | 6159 tok/s
[train] 981/4096 | 8036352 tok | loss 5.7448 | lr 8.821e-04 | 1338.0 ms/update | 6123 tok/s
[train] 982/4096 | 8044544 tok | loss 5.5007 | lr 8.819e-04 | 1323.2 ms/update | 6191 tok/s
[train] 983/4096 | 8052736 tok | loss 5.5451 | lr 8.816e-04 | 1327.3 ms/update | 6172 tok/s
[train] 984/4096 | 8060928 tok | loss 5.6268 | lr 8.814e-04 | 1324.0 ms/update | 6187 tok/s
[train] 985/4096 | 8069120 tok | loss 5.6327 | lr 8.812e-04 | 1326.7 ms/update | 6175 tok/s
[train] 986/4096 | 8077312 tok | loss 5.4218 | lr 8.809e-04 | 1320.6 ms/update | 6203 tok/s
[train] 987/4096 | 8085504 tok | loss 5.7823 | lr 8.807e-04 | 1321.3 ms/update | 6200 tok/s
[train] 988/4096 | 8093696 tok | loss 5.4264 | lr 8.805e-04 | 1331.2 ms/update | 6154 tok/s
[train] 989/4096 | 8101888 tok | loss 5.6647 | lr 8.802e-04 | 1334.0 ms/update | 6141 tok/s
[train] 990/4096 | 8110080 tok | loss 5.7043 | lr 8.800e-04 | 1330.1 ms/update | 6159 tok/s
[train] 991/4096 | 8118272 tok | loss 5.5208 | lr 8.797e-04 | 1319.5 ms/update | 6209 tok/s
[train] 992/4096 | 8126464 tok | loss 5.4159 | lr 8.795e-04 | 1331.1 ms/update | 6154 tok/s
[train] 993/4096 | 8134656 tok | loss 5.5129 | lr 8.793e-04 | 1331.7 ms/update | 6152 tok/s
[train] 994/4096 | 8142848 tok | loss 5.6948 | lr 8.790e-04 | 1335.1 ms/update | 6136 tok/s
[train] 995/4096 | 8151040 tok | loss 5.6798 | lr 8.788e-04 | 1331.0 ms/update | 6155 tok/s
[train] 996/4096 | 8159232 tok | loss 5.4198 | lr 8.786e-04 | 1339.4 ms/update | 6116 tok/s
[train] 997/4096 | 8167424 tok | loss 5.8035 | lr 8.783e-04 | 1329.7 ms/update | 6161 tok/s
[train] 998/4096 | 8175616 tok | loss 5.4864 | lr 8.781e-04 | 1332.8 ms/update | 6146 tok/s
[train] 999/4096 | 8183808 tok | loss 5.7844 | lr 8.779e-04 | 1327.4 ms/update | 6172 tok/s
[train] 1000/4096 | 8192000 tok | loss 5.7870 | lr 8.776e-04 | 1333.1 ms/update | 6145 tok/s
[train] 1001/4096 | 8200192 tok | loss 5.6652 | lr 8.774e-04 | 1327.5 ms/update | 6171 tok/s
[train] 1002/4096 | 8208384 tok | loss 5.7363 | lr 8.771e-04 | 1326.9 ms/update | 6174 tok/s
[train] 1003/4096 | 8216576 tok | loss 5.7643 | lr 8.769e-04 | 1327.7 ms/update | 6170 tok/s
[train] 1004/4096 | 8224768 tok | loss 5.3961 | lr 8.767e-04 | 1328.4 ms/update | 6167 tok/s
[train] 1005/4096 | 8232960 tok | loss 5.8058 | lr 8.764e-04 | 1330.2 ms/update | 6158 tok/s
[train] 1006/4096 | 8241152 tok | loss 5.9459 | lr 8.762e-04 | 1321.7 ms/update | 6198 tok/s
[train] 1007/4096 | 8249344 tok | loss 5.7998 | lr 8.759e-04 | 1329.4 ms/update | 6162 tok/s
[train] 1008/4096 | 8257536 tok | loss 5.8915 | lr 8.757e-04 | 1326.2 ms/update | 6177 tok/s
[train] 1009/4096 | 8265728 tok | loss 5.5864 | lr 8.755e-04 | 1327.7 ms/update | 6170 tok/s
[train] 1010/4096 | 8273920 tok | loss 5.6860 | lr 8.752e-04 | 1333.3 ms/update | 6144 tok/s
[train] 1011/4096 | 8282112 tok | loss 5.5547 | lr 8.750e-04 | 1338.8 ms/update | 6119 tok/s
[train] 1012/4096 | 8290304 tok | loss 5.4047 | lr 8.748e-04 | 1328.4 ms/update | 6167 tok/s
[train] 1013/4096 | 8298496 tok | loss 5.7743 | lr 8.745e-04 | 1329.9 ms/update | 6160 tok/s
[train] 1014/4096 | 8306688 tok | loss 5.4662 | lr 8.743e-04 | 1329.3 ms/update | 6162 tok/s
[train] 1015/4096 | 8314880 tok | loss 5.6457 | lr 8.740e-04 | 1324.6 ms/update | 6185 tok/s
[train] 1016/4096 | 8323072 tok | loss 5.5688 | lr 8.738e-04 | 1327.6 ms/update | 6170 tok/s
[train] 1017/4096 | 8331264 tok | loss 5.4593 | lr 8.735e-04 | 1326.8 ms/update | 6174 tok/s
[train] 1018/4096 | 8339456 tok | loss 5.3582 | lr 8.733e-04 | 1336.8 ms/update | 6128 tok/s
[train] 1019/4096 | 8347648 tok | loss 5.4519 | lr 8.731e-04 | 1331.0 ms/update | 6155 tok/s
[train] 1020/4096 | 8355840 tok | loss 5.6158 | lr 8.728e-04 | 1323.1 ms/update | 6191 tok/s
[train] 1021/4096 | 8364032 tok | loss 5.4874 | lr 8.726e-04 | 1329.0 ms/update | 6164 tok/s
[train] 1022/4096 | 8372224 tok | loss 5.7145 | lr 8.723e-04 | 1328.5 ms/update | 6166 tok/s
[train] 1023/4096 | 8380416 tok | loss 5.4459 | lr 8.721e-04 | 1328.7 ms/update | 6165 tok/s
[train] 1024/4096 | 8388608 tok | loss 5.8043 | lr 8.719e-04 | 1329.9 ms/update | 6160 tok/s
[eval] step 1024 | val NLL 5.3629 | ppl 213.34 | 65536 tokens
[ckpt] latest.pt @ step 1024
[train] 1025/4096 | 8396800 tok | loss 5.8236 | lr 8.716e-04 | 1326.7 ms/update | 6175 tok/s
[train] 1026/4096 | 8404992 tok | loss 5.5848 | lr 8.714e-04 | 1322.6 ms/update | 6194 tok/s
[train] 1027/4096 | 8413184 tok | loss 5.6637 | lr 8.711e-04 | 1328.5 ms/update | 6166 tok/s
[train] 1028/4096 | 8421376 tok | loss 5.7752 | lr 8.709e-04 | 1345.5 ms/update | 6089 tok/s
[train] 1029/4096 | 8429568 tok | loss 5.5954 | lr 8.706e-04 | 1331.1 ms/update | 6154 tok/s
[train] 1030/4096 | 8437760 tok | loss 5.7981 | lr 8.704e-04 | 1329.4 ms/update | 6162 tok/s
[train] 1031/4096 | 8445952 tok | loss 5.7068 | lr 8.702e-04 | 1332.0 ms/update | 6150 tok/s
[train] 1032/4096 | 8454144 tok | loss 5.4694 | lr 8.699e-04 | 1330.8 ms/update | 6156 tok/s
[train] 1033/4096 | 8462336 tok | loss 5.9405 | lr 8.697e-04 | 1335.5 ms/update | 6134 tok/s
[train] 1034/4096 | 8470528 tok | loss 5.7816 | lr 8.694e-04 | 1323.9 ms/update | 6188 tok/s
[train] 1035/4096 | 8478720 tok | loss 5.4685 | lr 8.692e-04 | 1330.7 ms/update | 6156 tok/s
[train] 1036/4096 | 8486912 tok | loss 5.7975 | lr 8.689e-04 | 1329.9 ms/update | 6160 tok/s
[train] 1037/4096 | 8495104 tok | loss 5.4397 | lr 8.687e-04 | 1324.3 ms/update | 6186 tok/s
[train] 1038/4096 | 8503296 tok | loss 5.3724 | lr 8.684e-04 | 1341.5 ms/update | 6106 tok/s
[train] 1039/4096 | 8511488 tok | loss 5.5681 | lr 8.682e-04 | 1333.3 ms/update | 6144 tok/s
[train] 1040/4096 | 8519680 tok | loss 5.6320 | lr 8.680e-04 | 1328.4 ms/update | 6167 tok/s
[train] 1041/4096 | 8527872 tok | loss 5.5476 | lr 8.677e-04 | 1332.0 ms/update | 6150 tok/s
[train] 1042/4096 | 8536064 tok | loss 5.4728 | lr 8.675e-04 | 1334.0 ms/update | 6141 tok/s
[train] 1043/4096 | 8544256 tok | loss 5.7837 | lr 8.672e-04 | 1327.8 ms/update | 6170 tok/s
[train] 1044/4096 | 8552448 tok | loss 5.3984 | lr 8.670e-04 | 1334.3 ms/update | 6139 tok/s
[train] 1045/4096 | 8560640 tok | loss 5.7045 | lr 8.667e-04 | 1328.4 ms/update | 6167 tok/s
[train] 1046/4096 | 8568832 tok | loss 5.5276 | lr 8.665e-04 | 1337.2 ms/update | 6126 tok/s
[train] 1047/4096 | 8577024 tok | loss 5.5089 | lr 8.662e-04 | 1331.3 ms/update | 6154 tok/s
[train] 1048/4096 | 8585216 tok | loss 5.3907 | lr 8.660e-04 | 1333.6 ms/update | 6143 tok/s
[train] 1049/4096 | 8593408 tok | loss 5.9852 | lr 8.657e-04 | 1329.7 ms/update | 6161 tok/s
[train] 1050/4096 | 8601600 tok | loss 5.8387 | lr 8.655e-04 | 1333.7 ms/update | 6142 tok/s
[train] 1051/4096 | 8609792 tok | loss 5.8081 | lr 8.652e-04 | 1323.4 ms/update | 6190 tok/s
[train] 1052/4096 | 8617984 tok | loss 5.6220 | lr 8.650e-04 | 1327.7 ms/update | 6170 tok/s
[train] 1053/4096 | 8626176 tok | loss 5.5478 | lr 8.647e-04 | 1335.2 ms/update | 6136 tok/s
[train] 1054/4096 | 8634368 tok | loss 5.8734 | lr 8.645e-04 | 1340.4 ms/update | 6112 tok/s
[train] 1055/4096 | 8642560 tok | loss 5.9470 | lr 8.642e-04 | 1337.1 ms/update | 6127 tok/s
[train] 1056/4096 | 8650752 tok | loss 5.6394 | lr 8.640e-04 | 1342.9 ms/update | 6100 tok/s
[train] 1057/4096 | 8658944 tok | loss 5.6498 | lr 8.638e-04 | 1325.9 ms/update | 6179 tok/s
[train] 1058/4096 | 8667136 tok | loss 5.3993 | lr 8.635e-04 | 1338.9 ms/update | 6119 tok/s
[train] 1059/4096 | 8675328 tok | loss 5.6438 | lr 8.633e-04 | 1340.8 ms/update | 6110 tok/s
[train] 1060/4096 | 8683520 tok | loss 5.7066 | lr 8.630e-04 | 1350.4 ms/update | 6067 tok/s
[train] 1061/4096 | 8691712 tok | loss 5.7747 | lr 8.628e-04 | 1345.2 ms/update | 6090 tok/s
[train] 1062/4096 | 8699904 tok | loss 5.8249 | lr 8.625e-04 | 1329.3 ms/update | 6163 tok/s
[train] 1063/4096 | 8708096 tok | loss 5.4271 | lr 8.623e-04 | 1331.7 ms/update | 6151 tok/s
[train] 1064/4096 | 8716288 tok | loss 5.4620 | lr 8.620e-04 | 1333.2 ms/update | 6144 tok/s
[train] 1065/4096 | 8724480 tok | loss 5.5607 | lr 8.618e-04 | 1331.8 ms/update | 6151 tok/s
[train] 1066/4096 | 8732672 tok | loss 5.6334 | lr 8.615e-04 | 1331.9 ms/update | 6150 tok/s
[train] 1067/4096 | 8740864 tok | loss 5.7961 | lr 8.613e-04 | 1332.2 ms/update | 6149 tok/s
[train] 1068/4096 | 8749056 tok | loss 5.6566 | lr 8.610e-04 | 1338.8 ms/update | 6119 tok/s
[train] 1069/4096 | 8757248 tok | loss 5.4248 | lr 8.608e-04 | 1340.7 ms/update | 6110 tok/s
[train] 1070/4096 | 8765440 tok | loss 5.6642 | lr 8.605e-04 | 1331.7 ms/update | 6152 tok/s
[train] 1071/4096 | 8773632 tok | loss 5.5171 | lr 8.603e-04 | 1325.3 ms/update | 6181 tok/s
[train] 1072/4096 | 8781824 tok | loss 5.8086 | lr 8.600e-04 | 1338.1 ms/update | 6122 tok/s
[train] 1073/4096 | 8790016 tok | loss 5.3794 | lr 8.598e-04 | 1330.6 ms/update | 6157 tok/s
[train] 1074/4096 | 8798208 tok | loss 5.4479 | lr 8.595e-04 | 1334.4 ms/update | 6139 tok/s
[train] 1075/4096 | 8806400 tok | loss 5.5872 | lr 8.592e-04 | 1334.9 ms/update | 6137 tok/s
[train] 1076/4096 | 8814592 tok | loss 4.9800 | lr 8.590e-04 | 1348.0 ms/update | 6077 tok/s
[train] 1077/4096 | 8822784 tok | loss 5.1026 | lr 8.587e-04 | 1342.9 ms/update | 6100 tok/s
[train] 1078/4096 | 8830976 tok | loss 5.4368 | lr 8.585e-04 | 1335.2 ms/update | 6135 tok/s
[train] 1079/4096 | 8839168 tok | loss 5.2495 | lr 8.582e-04 | 1331.5 ms/update | 6153 tok/s
[train] 1080/4096 | 8847360 tok | loss 5.6828 | lr 8.580e-04 | 1331.8 ms/update | 6151 tok/s
[train] 1081/4096 | 8855552 tok | loss 5.8007 | lr 8.577e-04 | 1339.0 ms/update | 6118 tok/s
[train] 1082/4096 | 8863744 tok | loss 5.6942 | lr 8.575e-04 | 1337.2 ms/update | 6126 tok/s
[train] 1083/4096 | 8871936 tok | loss 5.7160 | lr 8.572e-04 | 1347.6 ms/update | 6079 tok/s
[train] 1084/4096 | 8880128 tok | loss 5.6333 | lr 8.570e-04 | 1326.5 ms/update | 6176 tok/s
[train] 1085/4096 | 8888320 tok | loss 5.5743 | lr 8.567e-04 | 1334.1 ms/update | 6140 tok/s
[train] 1086/4096 | 8896512 tok | loss 5.6627 | lr 8.565e-04 | 1334.7 ms/update | 6138 tok/s
[train] 1087/4096 | 8904704 tok | loss 5.5965 | lr 8.562e-04 | 1332.7 ms/update | 6147 tok/s
[train] 1088/4096 | 8912896 tok | loss 5.5759 | lr 8.560e-04 | 1330.1 ms/update | 6159 tok/s
[train] 1089/4096 | 8921088 tok | loss 5.3375 | lr 8.557e-04 | 1331.0 ms/update | 6155 tok/s
[train] 1090/4096 | 8929280 tok | loss 5.8998 | lr 8.554e-04 | 1327.6 ms/update | 6171 tok/s
[train] 1091/4096 | 8937472 tok | loss 5.7550 | lr 8.552e-04 | 1336.6 ms/update | 6129 tok/s
[train] 1092/4096 | 8945664 tok | loss 5.6455 | lr 8.549e-04 | 1328.0 ms/update | 6169 tok/s
[train] 1093/4096 | 8953856 tok | loss 5.7478 | lr 8.547e-04 | 1332.3 ms/update | 6149 tok/s
[train] 1094/4096 | 8962048 tok | loss 5.2711 | lr 8.544e-04 | 1331.5 ms/update | 6152 tok/s
[train] 1095/4096 | 8970240 tok | loss 5.6339 | lr 8.542e-04 | 1325.0 ms/update | 6183 tok/s
[train] 1096/4096 | 8978432 tok | loss 5.6794 | lr 8.539e-04 | 1328.9 ms/update | 6164 tok/s
[train] 1097/4096 | 8986624 tok | loss 5.4395 | lr 8.537e-04 | 1331.9 ms/update | 6151 tok/s
[train] 1098/4096 | 8994816 tok | loss 5.5493 | lr 8.534e-04 | 1340.0 ms/update | 6113 tok/s
[train] 1099/4096 | 9003008 tok | loss 5.5170 | lr 8.531e-04 | 1331.6 ms/update | 6152 tok/s
[train] 1100/4096 | 9011200 tok | loss 5.5655 | lr 8.529e-04 | 1324.0 ms/update | 6187 tok/s
[train] 1101/4096 | 9019392 tok | loss 5.4534 | lr 8.526e-04 | 1323.5 ms/update | 6190 tok/s
[train] 1102/4096 | 9027584 tok | loss 5.7222 | lr 8.524e-04 | 1324.3 ms/update | 6186 tok/s
[train] 1103/4096 | 9035776 tok | loss 5.8216 | lr 8.521e-04 | 1334.3 ms/update | 6140 tok/s
[train] 1104/4096 | 9043968 tok | loss 5.6802 | lr 8.519e-04 | 1328.0 ms/update | 6168 tok/s
[train] 1105/4096 | 9052160 tok | loss 5.7208 | lr 8.516e-04 | 1329.1 ms/update | 6163 tok/s
[train] 1106/4096 | 9060352 tok | loss 5.3910 | lr 8.513e-04 | 1331.0 ms/update | 6155 tok/s
[train] 1107/4096 | 9068544 tok | loss 5.5490 | lr 8.511e-04 | 1324.6 ms/update | 6184 tok/s
[train] 1108/4096 | 9076736 tok | loss 5.2567 | lr 8.508e-04 | 1331.5 ms/update | 6152 tok/s
[train] 1109/4096 | 9084928 tok | loss 5.5367 | lr 8.506e-04 | 1328.8 ms/update | 6165 tok/s
[train] 1110/4096 | 9093120 tok | loss 5.4778 | lr 8.503e-04 | 1329.9 ms/update | 6160 tok/s
[train] 1111/4096 | 9101312 tok | loss 5.9194 | lr 8.501e-04 | 1324.8 ms/update | 6184 tok/s
[train] 1112/4096 | 9109504 tok | loss 5.7329 | lr 8.498e-04 | 1325.9 ms/update | 6178 tok/s
[train] 1113/4096 | 9117696 tok | loss 5.6679 | lr 8.495e-04 | 1336.2 ms/update | 6131 tok/s
[train] 1114/4096 | 9125888 tok | loss 5.4827 | lr 8.493e-04 | 1335.0 ms/update | 6136 tok/s
[train] 1115/4096 | 9134080 tok | loss 5.3069 | lr 8.490e-04 | 1334.0 ms/update | 6141 tok/s
[train] 1116/4096 | 9142272 tok | loss 5.6879 | lr 8.488e-04 | 1331.3 ms/update | 6153 tok/s
[train] 1117/4096 | 9150464 tok | loss 5.6973 | lr 8.485e-04 | 1326.9 ms/update | 6174 tok/s
[train] 1118/4096 | 9158656 tok | loss 5.9930 | lr 8.482e-04 | 1327.4 ms/update | 6172 tok/s
[train] 1119/4096 | 9166848 tok | loss 6.0049 | lr 8.480e-04 | 1326.8 ms/update | 6174 tok/s
[train] 1120/4096 | 9175040 tok | loss 5.4776 | lr 8.477e-04 | 1326.9 ms/update | 6174 tok/s
[train] 1121/4096 | 9183232 tok | loss 5.3511 | lr 8.475e-04 | 1329.7 ms/update | 6161 tok/s
[train] 1122/4096 | 9191424 tok | loss 5.2698 | lr 8.472e-04 | 1324.2 ms/update | 6186 tok/s
[train] 1123/4096 | 9199616 tok | loss 5.2374 | lr 8.469e-04 | 1325.4 ms/update | 6181 tok/s
[train] 1124/4096 | 9207808 tok | loss 5.6700 | lr 8.467e-04 | 1327.7 ms/update | 6170 tok/s
[train] 1125/4096 | 9216000 tok | loss 5.5915 | lr 8.464e-04 | 1328.5 ms/update | 6166 tok/s
[train] 1126/4096 | 9224192 tok | loss 5.7800 | lr 8.462e-04 | 1332.2 ms/update | 6149 tok/s
[train] 1127/4096 | 9232384 tok | loss 5.8765 | lr 8.459e-04 | 1333.1 ms/update | 6145 tok/s
[train] 1128/4096 | 9240576 tok | loss 5.5809 | lr 8.456e-04 | 1339.3 ms/update | 6116 tok/s
[train] 1129/4096 | 9248768 tok | loss 5.7742 | lr 8.454e-04 | 1335.3 ms/update | 6135 tok/s
[train] 1130/4096 | 9256960 tok | loss 5.2898 | lr 8.451e-04 | 1323.2 ms/update | 6191 tok/s
[train] 1131/4096 | 9265152 tok | loss 5.6105 | lr 8.449e-04 | 1328.4 ms/update | 6167 tok/s
[train] 1132/4096 | 9273344 tok | loss 5.5852 | lr 8.446e-04 | 1330.0 ms/update | 6159 tok/s
[train] 1133/4096 | 9281536 tok | loss 5.4536 | lr 8.443e-04 | 1324.3 ms/update | 6186 tok/s
[train] 1134/4096 | 9289728 tok | loss 5.7826 | lr 8.441e-04 | 1329.1 ms/update | 6163 tok/s
[train] 1135/4096 | 9297920 tok | loss 5.7611 | lr 8.438e-04 | 1329.5 ms/update | 6162 tok/s
[train] 1136/4096 | 9306112 tok | loss 5.4454 | lr 8.435e-04 | 1332.6 ms/update | 6147 tok/s
[train] 1137/4096 | 9314304 tok | loss 5.7528 | lr 8.433e-04 | 1328.5 ms/update | 6167 tok/s
[train] 1138/4096 | 9322496 tok | loss 5.6743 | lr 8.430e-04 | 1330.0 ms/update | 6159 tok/s
[train] 1139/4096 | 9330688 tok | loss 5.3266 | lr 8.428e-04 | 1328.2 ms/update | 6168 tok/s
[train] 1140/4096 | 9338880 tok | loss 5.3628 | lr 8.425e-04 | 1326.5 ms/update | 6176 tok/s
[train] 1141/4096 | 9347072 tok | loss 5.8012 | lr 8.422e-04 | 1331.1 ms/update | 6154 tok/s
[train] 1142/4096 | 9355264 tok | loss 5.6059 | lr 8.420e-04 | 1331.3 ms/update | 6153 tok/s
[train] 1143/4096 | 9363456 tok | loss 5.6221 | lr 8.417e-04 | 1330.8 ms/update | 6155 tok/s
[train] 1144/4096 | 9371648 tok | loss 5.3587 | lr 8.414e-04 | 1324.9 ms/update | 6183 tok/s
[train] 1145/4096 | 9379840 tok | loss 5.3875 | lr 8.412e-04 | 1328.0 ms/update | 6169 tok/s
[train] 1146/4096 | 9388032 tok | loss 5.4403 | lr 8.409e-04 | 1324.2 ms/update | 6186 tok/s
[train] 1147/4096 | 9396224 tok | loss 5.5872 | lr 8.406e-04 | 1326.4 ms/update | 6176 tok/s
[train] 1148/4096 | 9404416 tok | loss 5.3891 | lr 8.404e-04 | 1324.1 ms/update | 6187 tok/s
[train] 1149/4096 | 9412608 tok | loss 5.4059 | lr 8.401e-04 | 1329.1 ms/update | 6164 tok/s
[train] 1150/4096 | 9420800 tok | loss 5.7012 | lr 8.398e-04 | 1326.0 ms/update | 6178 tok/s
[train] 1151/4096 | 9428992 tok | loss 5.6639 | lr 8.396e-04 | 1333.4 ms/update | 6144 tok/s
[train] 1152/4096 | 9437184 tok | loss 5.3600 | lr 8.393e-04 | 1328.2 ms/update | 6168 tok/s
[eval] step 1152 | val NLL 5.2536 | ppl 191.25 | 65536 tokens
[ckpt] latest.pt @ step 1152
[train] 1153/4096 | 9445376 tok | loss 5.4941 | lr 8.390e-04 | 1336.4 ms/update | 6130 tok/s
[train] 1154/4096 | 9453568 tok | loss 5.3486 | lr 8.388e-04 | 1330.0 ms/update | 6159 tok/s
[train] 1155/4096 | 9461760 tok | loss 5.7084 | lr 8.385e-04 | 1332.5 ms/update | 6148 tok/s
[train] 1156/4096 | 9469952 tok | loss 5.7271 | lr 8.382e-04 | 1329.7 ms/update | 6161 tok/s
[train] 1157/4096 | 9478144 tok | loss 5.3328 | lr 8.380e-04 | 1325.8 ms/update | 6179 tok/s
[train] 1158/4096 | 9486336 tok | loss 5.1685 | lr 8.377e-04 | 1326.5 ms/update | 6176 tok/s
[train] 1159/4096 | 9494528 tok | loss 5.4467 | lr 8.374e-04 | 1330.0 ms/update | 6159 tok/s
[train] 1160/4096 | 9502720 tok | loss 5.3454 | lr 8.372e-04 | 1341.0 ms/update | 6109 tok/s
[train] 1161/4096 | 9510912 tok | loss 5.5091 | lr 8.369e-04 | 1333.5 ms/update | 6143 tok/s
[train] 1162/4096 | 9519104 tok | loss 5.6682 | lr 8.366e-04 | 1341.7 ms/update | 6106 tok/s
[train] 1163/4096 | 9527296 tok | loss 5.4588 | lr 8.364e-04 | 1340.7 ms/update | 6110 tok/s
[train] 1164/4096 | 9535488 tok | loss 5.4335 | lr 8.361e-04 | 1331.2 ms/update | 6154 tok/s
[train] 1165/4096 | 9543680 tok | loss 5.6149 | lr 8.358e-04 | 1326.9 ms/update | 6174 tok/s
[train] 1166/4096 | 9551872 tok | loss 5.3860 | lr 8.356e-04 | 1332.0 ms/update | 6150 tok/s
[train] 1167/4096 | 9560064 tok | loss 5.5014 | lr 8.353e-04 | 1328.7 ms/update | 6165 tok/s
[train] 1168/4096 | 9568256 tok | loss 5.6904 | lr 8.350e-04 | 1334.7 ms/update | 6138 tok/s
[train] 1169/4096 | 9576448 tok | loss 5.8141 | lr 8.348e-04 | 1331.3 ms/update | 6153 tok/s
[train] 1170/4096 | 9584640 tok | loss 5.7748 | lr 8.345e-04 | 1330.9 ms/update | 6155 tok/s
[train] 1171/4096 | 9592832 tok | loss 5.4830 | lr 8.342e-04 | 1340.7 ms/update | 6110 tok/s
[train] 1172/4096 | 9601024 tok | loss 5.9350 | lr 8.340e-04 | 1332.7 ms/update | 6147 tok/s
[train] 1173/4096 | 9609216 tok | loss 5.3284 | lr 8.337e-04 | 1330.0 ms/update | 6159 tok/s
[train] 1174/4096 | 9617408 tok | loss 5.6823 | lr 8.334e-04 | 1329.2 ms/update | 6163 tok/s
[train] 1175/4096 | 9625600 tok | loss 5.4385 | lr 8.332e-04 | 1333.3 ms/update | 6144 tok/s
[train] 1176/4096 | 9633792 tok | loss 5.4958 | lr 8.329e-04 | 1330.8 ms/update | 6156 tok/s
[train] 1177/4096 | 9641984 tok | loss 5.5601 | lr 8.326e-04 | 1333.4 ms/update | 6144 tok/s
[train] 1178/4096 | 9650176 tok | loss 5.5340 | lr 8.323e-04 | 1340.4 ms/update | 6112 tok/s
[train] 1179/4096 | 9658368 tok | loss 5.5058 | lr 8.321e-04 | 1329.9 ms/update | 6160 tok/s
[train] 1180/4096 | 9666560 tok | loss 5.6642 | lr 8.318e-04 | 1339.4 ms/update | 6116 tok/s
[train] 1181/4096 | 9674752 tok | loss 5.3695 | lr 8.315e-04 | 1325.8 ms/update | 6179 tok/s
[train] 1182/4096 | 9682944 tok | loss 5.4626 | lr 8.313e-04 | 1332.8 ms/update | 6146 tok/s
[train] 1183/4096 | 9691136 tok | loss 5.1824 | lr 8.310e-04 | 1330.9 ms/update | 6155 tok/s
[train] 1184/4096 | 9699328 tok | loss 5.6509 | lr 8.307e-04 | 1331.8 ms/update | 6151 tok/s
[train] 1185/4096 | 9707520 tok | loss 5.0650 | lr 8.305e-04 | 1329.5 ms/update | 6162 tok/s
[train] 1186/4096 | 9715712 tok | loss 5.5028 | lr 8.302e-04 | 1335.8 ms/update | 6133 tok/s
[train] 1187/4096 | 9723904 tok | loss 5.6369 | lr 8.299e-04 | 1324.4 ms/update | 6186 tok/s
[train] 1188/4096 | 9732096 tok | loss 5.7377 | lr 8.296e-04 | 1340.5 ms/update | 6111 tok/s
[train] 1189/4096 | 9740288 tok | loss 5.4422 | lr 8.294e-04 | 1333.7 ms/update | 6142 tok/s
[train] 1190/4096 | 9748480 tok | loss 5.5778 | lr 8.291e-04 | 1326.8 ms/update | 6174 tok/s
[train] 1191/4096 | 9756672 tok | loss 5.3478 | lr 8.288e-04 | 1326.0 ms/update | 6178 tok/s
[train] 1192/4096 | 9764864 tok | loss 5.5851 | lr 8.286e-04 | 1323.4 ms/update | 6190 tok/s
[train] 1193/4096 | 9773056 tok | loss 5.6191 | lr 8.283e-04 | 1334.9 ms/update | 6137 tok/s
[train] 1194/4096 | 9781248 tok | loss 5.6940 | lr 8.280e-04 | 1323.8 ms/update | 6188 tok/s
[train] 1195/4096 | 9789440 tok | loss 5.2545 | lr 8.277e-04 | 1321.5 ms/update | 6199 tok/s
[train] 1196/4096 | 9797632 tok | loss 5.2750 | lr 8.275e-04 | 1323.9 ms/update | 6188 tok/s
[train] 1197/4096 | 9805824 tok | loss 5.6320 | lr 8.272e-04 | 1331.5 ms/update | 6152 tok/s
[train] 1198/4096 | 9814016 tok | loss 5.5243 | lr 8.269e-04 | 1321.2 ms/update | 6200 tok/s
[train] 1199/4096 | 9822208 tok | loss 5.5524 | lr 8.266e-04 | 1327.5 ms/update | 6171 tok/s
[train] 1200/4096 | 9830400 tok | loss 5.0858 | lr 8.264e-04 | 1327.1 ms/update | 6173 tok/s
[train] 1201/4096 | 9838592 tok | loss 5.4949 | lr 8.261e-04 | 1332.7 ms/update | 6147 tok/s
[train] 1202/4096 | 9846784 tok | loss 5.4513 | lr 8.258e-04 | 1327.4 ms/update | 6172 tok/s
[train] 1203/4096 | 9854976 tok | loss 5.7879 | lr 8.255e-04 | 1330.6 ms/update | 6157 tok/s
[train] 1204/4096 | 9863168 tok | loss 5.6724 | lr 8.253e-04 | 1330.5 ms/update | 6157 tok/s
[train] 1205/4096 | 9871360 tok | loss 5.7000 | lr 8.250e-04 | 1330.8 ms/update | 6156 tok/s
[train] 1206/4096 | 9879552 tok | loss 5.1777 | lr 8.247e-04 | 1327.3 ms/update | 6172 tok/s
[train] 1207/4096 | 9887744 tok | loss 5.5917 | lr 8.244e-04 | 1334.9 ms/update | 6137 tok/s
[train] 1208/4096 | 9895936 tok | loss 5.3662 | lr 8.242e-04 | 1346.0 ms/update | 6086 tok/s
[train] 1209/4096 | 9904128 tok | loss 5.6698 | lr 8.239e-04 | 1337.2 ms/update | 6126 tok/s
[train] 1210/4096 | 9912320 tok | loss 5.6908 | lr 8.236e-04 | 1329.2 ms/update | 6163 tok/s
[train] 1211/4096 | 9920512 tok | loss 5.2880 | lr 8.233e-04 | 1324.7 ms/update | 6184 tok/s
[train] 1212/4096 | 9928704 tok | loss 5.3652 | lr 8.231e-04 | 1322.8 ms/update | 6193 tok/s
[train] 1213/4096 | 9936896 tok | loss 5.6771 | lr 8.228e-04 | 1326.4 ms/update | 6176 tok/s
[train] 1214/4096 | 9945088 tok | loss 5.8015 | lr 8.225e-04 | 1324.7 ms/update | 6184 tok/s
[train] 1215/4096 | 9953280 tok | loss 5.6775 | lr 8.222e-04 | 1330.9 ms/update | 6155 tok/s
[train] 1216/4096 | 9961472 tok | loss 5.5936 | lr 8.220e-04 | 1341.1 ms/update | 6109 tok/s
[train] 1217/4096 | 9969664 tok | loss 5.4803 | lr 8.217e-04 | 1322.2 ms/update | 6196 tok/s
[train] 1218/4096 | 9977856 tok | loss 5.3984 | lr 8.214e-04 | 1321.9 ms/update | 6197 tok/s
[train] 1219/4096 | 9986048 tok | loss 5.5686 | lr 8.211e-04 | 1326.5 ms/update | 6176 tok/s
[train] 1220/4096 | 9994240 tok | loss 5.7474 | lr 8.209e-04 | 1330.7 ms/update | 6156 tok/s
[train] 1221/4096 | 10002432 tok | loss 5.6383 | lr 8.206e-04 | 1329.1 ms/update | 6163 tok/s
[train] 1222/4096 | 10010624 tok | loss 5.5974 | lr 8.203e-04 | 1334.6 ms/update | 6138 tok/s
[train] 1223/4096 | 10018816 tok | loss 5.7543 | lr 8.200e-04 | 1337.6 ms/update | 6124 tok/s
[train] 1224/4096 | 10027008 tok | loss 5.5439 | lr 8.198e-04 | 1332.1 ms/update | 6150 tok/s
[train] 1225/4096 | 10035200 tok | loss 5.2003 | lr 8.195e-04 | 1324.7 ms/update | 6184 tok/s
[train] 1226/4096 | 10043392 tok | loss 5.5336 | lr 8.192e-04 | 1328.4 ms/update | 6167 tok/s
[train] 1227/4096 | 10051584 tok | loss 5.6793 | lr 8.189e-04 | 1334.4 ms/update | 6139 tok/s
[train] 1228/4096 | 10059776 tok | loss 5.2809 | lr 8.186e-04 | 1335.1 ms/update | 6136 tok/s
[train] 1229/4096 | 10067968 tok | loss 5.5662 | lr 8.184e-04 | 1333.9 ms/update | 6141 tok/s
[train] 1230/4096 | 10076160 tok | loss 5.5467 | lr 8.181e-04 | 1335.5 ms/update | 6134 tok/s
[train] 1231/4096 | 10084352 tok | loss 5.3527 | lr 8.178e-04 | 1343.4 ms/update | 6098 tok/s
[train] 1232/4096 | 10092544 tok | loss 5.3824 | lr 8.175e-04 | 1329.1 ms/update | 6164 tok/s
[train] 1233/4096 | 10100736 tok | loss 5.7266 | lr 8.172e-04 | 1325.9 ms/update | 6178 tok/s
[train] 1234/4096 | 10108928 tok | loss 5.5323 | lr 8.170e-04 | 1331.8 ms/update | 6151 tok/s
[train] 1235/4096 | 10117120 tok | loss 5.5259 | lr 8.167e-04 | 1334.4 ms/update | 6139 tok/s
[train] 1236/4096 | 10125312 tok | loss 5.5651 | lr 8.164e-04 | 1332.2 ms/update | 6149 tok/s
[train] 1237/4096 | 10133504 tok | loss 5.3965 | lr 8.161e-04 | 1337.1 ms/update | 6127 tok/s
[train] 1238/4096 | 10141696 tok | loss 5.8411 | lr 8.158e-04 | 1340.1 ms/update | 6113 tok/s
[train] 1239/4096 | 10149888 tok | loss 5.6876 | lr 8.156e-04 | 1330.8 ms/update | 6156 tok/s
[train] 1240/4096 | 10158080 tok | loss 5.5330 | lr 8.153e-04 | 1331.8 ms/update | 6151 tok/s
[train] 1241/4096 | 10166272 tok | loss 5.7747 | lr 8.150e-04 | 1327.7 ms/update | 6170 tok/s
[train] 1242/4096 | 10174464 tok | loss 5.3595 | lr 8.147e-04 | 1329.1 ms/update | 6163 tok/s
[train] 1243/4096 | 10182656 tok | loss 5.6159 | lr 8.144e-04 | 1336.7 ms/update | 6129 tok/s
[train] 1244/4096 | 10190848 tok | loss 5.5326 | lr 8.142e-04 | 1334.0 ms/update | 6141 tok/s
[train] 1245/4096 | 10199040 tok | loss 5.6130 | lr 8.139e-04 | 1333.0 ms/update | 6146 tok/s
[train] 1246/4096 | 10207232 tok | loss 5.7207 | lr 8.136e-04 | 1335.2 ms/update | 6135 tok/s
[train] 1247/4096 | 10215424 tok | loss 5.4238 | lr 8.133e-04 | 1331.6 ms/update | 6152 tok/s
[train] 1248/4096 | 10223616 tok | loss 5.5648 | lr 8.130e-04 | 1327.7 ms/update | 6170 tok/s
[train] 1249/4096 | 10231808 tok | loss 5.4866 | lr 8.128e-04 | 1330.5 ms/update | 6157 tok/s
[train] 1250/4096 | 10240000 tok | loss 5.6250 | lr 8.125e-04 | 1332.7 ms/update | 6147 tok/s
[train] 1251/4096 | 10248192 tok | loss 5.8009 | lr 8.122e-04 | 1334.3 ms/update | 6140 tok/s
[train] 1252/4096 | 10256384 tok | loss 5.3380 | lr 8.119e-04 | 1329.2 ms/update | 6163 tok/s
[train] 1253/4096 | 10264576 tok | loss 5.6584 | lr 8.116e-04 | 1333.4 ms/update | 6143 tok/s
[train] 1254/4096 | 10272768 tok | loss 5.7556 | lr 8.114e-04 | 1336.6 ms/update | 6129 tok/s
[train] 1255/4096 | 10280960 tok | loss 5.5710 | lr 8.111e-04 | 1327.7 ms/update | 6170 tok/s
[train] 1256/4096 | 10289152 tok | loss 5.5688 | lr 8.108e-04 | 1323.2 ms/update | 6191 tok/s
[train] 1257/4096 | 10297344 tok | loss 5.5395 | lr 8.105e-04 | 1336.9 ms/update | 6127 tok/s
[train] 1258/4096 | 10305536 tok | loss 5.3430 | lr 8.102e-04 | 1335.5 ms/update | 6134 tok/s
[train] 1259/4096 | 10313728 tok | loss 5.4215 | lr 8.099e-04 | 1328.5 ms/update | 6166 tok/s
[train] 1260/4096 | 10321920 tok | loss 5.2854 | lr 8.097e-04 | 1334.2 ms/update | 6140 tok/s
[train] 1261/4096 | 10330112 tok | loss 5.5111 | lr 8.094e-04 | 1339.9 ms/update | 6114 tok/s
[train] 1262/4096 | 10338304 tok | loss 5.5321 | lr 8.091e-04 | 1322.5 ms/update | 6194 tok/s
[train] 1263/4096 | 10346496 tok | loss 5.3430 | lr 8.088e-04 | 1327.6 ms/update | 6170 tok/s
[train] 1264/4096 | 10354688 tok | loss 5.7826 | lr 8.085e-04 | 1326.5 ms/update | 6176 tok/s
[train] 1265/4096 | 10362880 tok | loss 5.4598 | lr 8.082e-04 | 1326.6 ms/update | 6175 tok/s
[train] 1266/4096 | 10371072 tok | loss 5.2631 | lr 8.080e-04 | 1329.2 ms/update | 6163 tok/s
[train] 1267/4096 | 10379264 tok | loss 5.5967 | lr 8.077e-04 | 1327.9 ms/update | 6169 tok/s
[train] 1268/4096 | 10387456 tok | loss 5.6944 | lr 8.074e-04 | 1325.7 ms/update | 6179 tok/s
[train] 1269/4096 | 10395648 tok | loss 5.6490 | lr 8.071e-04 | 1320.8 ms/update | 6202 tok/s
[train] 1270/4096 | 10403840 tok | loss 5.8071 | lr 8.068e-04 | 1321.8 ms/update | 6198 tok/s
[train] 1271/4096 | 10412032 tok | loss 5.3226 | lr 8.065e-04 | 1334.5 ms/update | 6139 tok/s
[train] 1272/4096 | 10420224 tok | loss 4.9794 | lr 8.062e-04 | 1335.3 ms/update | 6135 tok/s
[train] 1273/4096 | 10428416 tok | loss 5.4642 | lr 8.060e-04 | 1331.2 ms/update | 6154 tok/s
[train] 1274/4096 | 10436608 tok | loss 5.6166 | lr 8.057e-04 | 1330.1 ms/update | 6159 tok/s
[train] 1275/4096 | 10444800 tok | loss 5.3229 | lr 8.054e-04 | 1328.8 ms/update | 6165 tok/s
[train] 1276/4096 | 10452992 tok | loss 5.2850 | lr 8.051e-04 | 1335.4 ms/update | 6135 tok/s
[train] 1277/4096 | 10461184 tok | loss 5.5794 | lr 8.048e-04 | 1325.3 ms/update | 6181 tok/s
[train] 1278/4096 | 10469376 tok | loss 5.7968 | lr 8.045e-04 | 1329.7 ms/update | 6161 tok/s
[train] 1279/4096 | 10477568 tok | loss 5.3043 | lr 8.042e-04 | 1326.6 ms/update | 6175 tok/s
[train] 1280/4096 | 10485760 tok | loss 5.5206 | lr 8.040e-04 | 1322.8 ms/update | 6193 tok/s
[eval] step 1280 | val NLL 5.2340 | ppl 187.55 | 65536 tokens
[ckpt] latest.pt @ step 1280
[train] 1281/4096 | 10493952 tok | loss 5.5069 | lr 8.037e-04 | 1328.0 ms/update | 6169 tok/s
[train] 1282/4096 | 10502144 tok | loss 5.7908 | lr 8.034e-04 | 1341.1 ms/update | 6108 tok/s
[train] 1283/4096 | 10510336 tok | loss 5.5427 | lr 8.031e-04 | 1320.8 ms/update | 6202 tok/s
[train] 1284/4096 | 10518528 tok | loss 5.5798 | lr 8.028e-04 | 1321.7 ms/update | 6198 tok/s
[train] 1285/4096 | 10526720 tok | loss 5.3329 | lr 8.025e-04 | 1325.3 ms/update | 6181 tok/s
[train] 1286/4096 | 10534912 tok | loss 5.5622 | lr 8.022e-04 | 1323.9 ms/update | 6188 tok/s
[train] 1287/4096 | 10543104 tok | loss 5.5498 | lr 8.019e-04 | 1324.7 ms/update | 6184 tok/s
[train] 1288/4096 | 10551296 tok | loss 5.6832 | lr 8.017e-04 | 1330.2 ms/update | 6159 tok/s
[train] 1289/4096 | 10559488 tok | loss 5.7222 | lr 8.014e-04 | 1335.3 ms/update | 6135 tok/s
[train] 1290/4096 | 10567680 tok | loss 5.4829 | lr 8.011e-04 | 1329.7 ms/update | 6161 tok/s
[train] 1291/4096 | 10575872 tok | loss 5.3655 | lr 8.008e-04 | 1324.9 ms/update | 6183 tok/s
[train] 1292/4096 | 10584064 tok | loss 5.5658 | lr 8.005e-04 | 1331.7 ms/update | 6151 tok/s
[train] 1293/4096 | 10592256 tok | loss 5.4102 | lr 8.002e-04 | 1332.7 ms/update | 6147 tok/s
[train] 1294/4096 | 10600448 tok | loss 5.5193 | lr 7.999e-04 | 1329.0 ms/update | 6164 tok/s
[train] 1295/4096 | 10608640 tok | loss 5.4689 | lr 7.996e-04 | 1334.9 ms/update | 6137 tok/s
[train] 1296/4096 | 10616832 tok | loss 5.4994 | lr 7.994e-04 | 1343.7 ms/update | 6097 tok/s
[train] 1297/4096 | 10625024 tok | loss 5.5184 | lr 7.991e-04 | 1331.1 ms/update | 6154 tok/s
[train] 1298/4096 | 10633216 tok | loss 5.5435 | lr 7.988e-04 | 1329.5 ms/update | 6162 tok/s
[train] 1299/4096 | 10641408 tok | loss 5.3793 | lr 7.985e-04 | 1334.7 ms/update | 6138 tok/s
[train] 1300/4096 | 10649600 tok | loss 5.6562 | lr 7.982e-04 | 1328.3 ms/update | 6167 tok/s
[train] 1301/4096 | 10657792 tok | loss 5.3403 | lr 7.979e-04 | 1328.9 ms/update | 6164 tok/s
[train] 1302/4096 | 10665984 tok | loss 5.4974 | lr 7.976e-04 | 1329.9 ms/update | 6160 tok/s
[train] 1303/4096 | 10674176 tok | loss 5.6926 | lr 7.973e-04 | 1332.3 ms/update | 6149 tok/s
[train] 1304/4096 | 10682368 tok | loss 5.4150 | lr 7.970e-04 | 1327.0 ms/update | 6173 tok/s
[train] 1305/4096 | 10690560 tok | loss 5.3528 | lr 7.968e-04 | 1332.4 ms/update | 6148 tok/s
[train] 1306/4096 | 10698752 tok | loss 5.2832 | lr 7.965e-04 | 1334.0 ms/update | 6141 tok/s
[train] 1307/4096 | 10706944 tok | loss 5.3195 | lr 7.962e-04 | 1339.0 ms/update | 6118 tok/s
[train] 1308/4096 | 10715136 tok | loss 5.4976 | lr 7.959e-04 | 1331.9 ms/update | 6151 tok/s
[train] 1309/4096 | 10723328 tok | loss 5.2921 | lr 7.956e-04 | 1330.9 ms/update | 6155 tok/s
[train] 1310/4096 | 10731520 tok | loss 5.5923 | lr 7.953e-04 | 1331.9 ms/update | 6151 tok/s
[train] 1311/4096 | 10739712 tok | loss 5.3505 | lr 7.950e-04 | 1340.3 ms/update | 6112 tok/s
[train] 1312/4096 | 10747904 tok | loss 5.5316 | lr 7.947e-04 | 1336.1 ms/update | 6131 tok/s
[train] 1313/4096 | 10756096 tok | loss 5.5419 | lr 7.944e-04 | 1328.8 ms/update | 6165 tok/s
[train] 1314/4096 | 10764288 tok | loss 5.2279 | lr 7.941e-04 | 1332.7 ms/update | 6147 tok/s
[train] 1315/4096 | 10772480 tok | loss 5.4766 | lr 7.938e-04 | 1332.4 ms/update | 6148 tok/s
[train] 1316/4096 | 10780672 tok | loss 5.1253 | lr 7.936e-04 | 1330.6 ms/update | 6157 tok/s
[train] 1317/4096 | 10788864 tok | loss 5.3708 | lr 7.933e-04 | 1330.8 ms/update | 6155 tok/s
[train] 1318/4096 | 10797056 tok | loss 5.7703 | lr 7.930e-04 | 1333.9 ms/update | 6141 tok/s
[train] 1319/4096 | 10805248 tok | loss 5.3518 | lr 7.927e-04 | 1326.2 ms/update | 6177 tok/s
[train] 1320/4096 | 10813440 tok | loss 5.5109 | lr 7.924e-04 | 1327.3 ms/update | 6172 tok/s
[train] 1321/4096 | 10821632 tok | loss 5.3415 | lr 7.921e-04 | 1327.7 ms/update | 6170 tok/s
[train] 1322/4096 | 10829824 tok | loss 5.7428 | lr 7.918e-04 | 1335.7 ms/update | 6133 tok/s
[train] 1323/4096 | 10838016 tok | loss 5.2513 | lr 7.915e-04 | 1333.3 ms/update | 6144 tok/s
[train] 1324/4096 | 10846208 tok | loss 5.2455 | lr 7.912e-04 | 1336.5 ms/update | 6129 tok/s
[train] 1325/4096 | 10854400 tok | loss 5.7131 | lr 7.909e-04 | 1336.0 ms/update | 6132 tok/s
[train] 1326/4096 | 10862592 tok | loss 5.6510 | lr 7.906e-04 | 1332.3 ms/update | 6149 tok/s
[train] 1327/4096 | 10870784 tok | loss 5.4457 | lr 7.903e-04 | 1327.3 ms/update | 6172 tok/s
[train] 1328/4096 | 10878976 tok | loss 5.5724 | lr 7.900e-04 | 1331.7 ms/update | 6152 tok/s
[train] 1329/4096 | 10887168 tok | loss 5.5072 | lr 7.897e-04 | 1330.1 ms/update | 6159 tok/s
[train] 1330/4096 | 10895360 tok | loss 5.2157 | lr 7.895e-04 | 1332.0 ms/update | 6150 tok/s
[train] 1331/4096 | 10903552 tok | loss 5.4094 | lr 7.892e-04 | 1329.7 ms/update | 6161 tok/s
[train] 1332/4096 | 10911744 tok | loss 5.3631 | lr 7.889e-04 | 1330.0 ms/update | 6160 tok/s
[train] 1333/4096 | 10919936 tok | loss 5.6845 | lr 7.886e-04 | 1334.3 ms/update | 6139 tok/s
[train] 1334/4096 | 10928128 tok | loss 5.6662 | lr 7.883e-04 | 1335.1 ms/update | 6136 tok/s
[train] 1335/4096 | 10936320 tok | loss 5.2011 | lr 7.880e-04 | 1331.0 ms/update | 6155 tok/s
[train] 1336/4096 | 10944512 tok | loss 5.2381 | lr 7.877e-04 | 1324.2 ms/update | 6186 tok/s
[train] 1337/4096 | 10952704 tok | loss 5.7527 | lr 7.874e-04 | 1330.7 ms/update | 6156 tok/s
[train] 1338/4096 | 10960896 tok | loss 5.4715 | lr 7.871e-04 | 1327.1 ms/update | 6173 tok/s
[train] 1339/4096 | 10969088 tok | loss 5.6745 | lr 7.868e-04 | 1324.6 ms/update | 6184 tok/s
[train] 1340/4096 | 10977280 tok | loss 5.4832 | lr 7.865e-04 | 1326.8 ms/update | 6174 tok/s
[train] 1341/4096 | 10985472 tok | loss 5.2723 | lr 7.862e-04 | 1335.5 ms/update | 6134 tok/s
[train] 1342/4096 | 10993664 tok | loss 5.5731 | lr 7.859e-04 | 1327.6 ms/update | 6171 tok/s
[train] 1343/4096 | 11001856 tok | loss 5.4115 | lr 7.856e-04 | 1330.7 ms/update | 6156 tok/s
[train] 1344/4096 | 11010048 tok | loss 5.4105 | lr 7.853e-04 | 1325.7 ms/update | 6180 tok/s
[train] 1345/4096 | 11018240 tok | loss 5.5456 | lr 7.850e-04 | 1323.9 ms/update | 6188 tok/s
[train] 1346/4096 | 11026432 tok | loss 5.5328 | lr 7.847e-04 | 1330.5 ms/update | 6157 tok/s
[train] 1347/4096 | 11034624 tok | loss 5.4705 | lr 7.844e-04 | 1327.9 ms/update | 6169 tok/s
[train] 1348/4096 | 11042816 tok | loss 5.0140 | lr 7.841e-04 | 1339.5 ms/update | 6116 tok/s
[train] 1349/4096 | 11051008 tok | loss 5.1392 | lr 7.839e-04 | 1331.5 ms/update | 6153 tok/s
[train] 1350/4096 | 11059200 tok | loss 5.6099 | lr 7.836e-04 | 1332.9 ms/update | 6146 tok/s
[train] 1351/4096 | 11067392 tok | loss 5.6492 | lr 7.833e-04 | 1325.7 ms/update | 6179 tok/s
[train] 1352/4096 | 11075584 tok | loss 5.4025 | lr 7.830e-04 | 1333.3 ms/update | 6144 tok/s
[train] 1353/4096 | 11083776 tok | loss 5.5615 | lr 7.827e-04 | 1333.0 ms/update | 6146 tok/s
[train] 1354/4096 | 11091968 tok | loss 5.3183 | lr 7.824e-04 | 1332.3 ms/update | 6149 tok/s
[train] 1355/4096 | 11100160 tok | loss 5.6710 | lr 7.821e-04 | 1328.5 ms/update | 6166 tok/s
[train] 1356/4096 | 11108352 tok | loss 5.4251 | lr 7.818e-04 | 1334.5 ms/update | 6138 tok/s
[train] 1357/4096 | 11116544 tok | loss 5.3533 | lr 7.815e-04 | 1329.0 ms/update | 6164 tok/s
[train] 1358/4096 | 11124736 tok | loss 5.2176 | lr 7.812e-04 | 1328.5 ms/update | 6166 tok/s
[train] 1359/4096 | 11132928 tok | loss 5.2920 | lr 7.809e-04 | 1333.2 ms/update | 6145 tok/s
[train] 1360/4096 | 11141120 tok | loss 5.5758 | lr 7.806e-04 | 1340.2 ms/update | 6112 tok/s
[train] 1361/4096 | 11149312 tok | loss 5.1721 | lr 7.803e-04 | 1325.2 ms/update | 6182 tok/s
[train] 1362/4096 | 11157504 tok | loss 5.4685 | lr 7.800e-04 | 1334.6 ms/update | 6138 tok/s
[train] 1363/4096 | 11165696 tok | loss 5.4483 | lr 7.797e-04 | 1354.3 ms/update | 6049 tok/s
[train] 1364/4096 | 11173888 tok | loss 5.7058 | lr 7.794e-04 | 1346.4 ms/update | 6085 tok/s
[train] 1365/4096 | 11182080 tok | loss 5.3373 | lr 7.791e-04 | 1335.0 ms/update | 6136 tok/s
[train] 1366/4096 | 11190272 tok | loss 5.3309 | lr 7.788e-04 | 1323.2 ms/update | 6191 tok/s
[train] 1367/4096 | 11198464 tok | loss 5.6239 | lr 7.785e-04 | 1328.7 ms/update | 6165 tok/s
[train] 1368/4096 | 11206656 tok | loss 5.6186 | lr 7.782e-04 | 1333.0 ms/update | 6145 tok/s
[train] 1369/4096 | 11214848 tok | loss 5.2433 | lr 7.779e-04 | 1330.5 ms/update | 6157 tok/s
[train] 1370/4096 | 11223040 tok | loss 5.2720 | lr 7.776e-04 | 1323.1 ms/update | 6191 tok/s
[train] 1371/4096 | 11231232 tok | loss 5.4950 | lr 7.773e-04 | 1333.4 ms/update | 6144 tok/s
[train] 1372/4096 | 11239424 tok | loss 5.2642 | lr 7.770e-04 | 1326.9 ms/update | 6174 tok/s
[train] 1373/4096 | 11247616 tok | loss 5.6310 | lr 7.767e-04 | 1330.4 ms/update | 6158 tok/s
[train] 1374/4096 | 11255808 tok | loss 5.6067 | lr 7.764e-04 | 1326.9 ms/update | 6174 tok/s
[train] 1375/4096 | 11264000 tok | loss 5.3780 | lr 7.761e-04 | 1325.5 ms/update | 6180 tok/s
[train] 1376/4096 | 11272192 tok | loss 5.1912 | lr 7.758e-04 | 1326.9 ms/update | 6174 tok/s
[train] 1377/4096 | 11280384 tok | loss 5.6074 | lr 7.755e-04 | 1320.4 ms/update | 6204 tok/s
[train] 1378/4096 | 11288576 tok | loss 5.3697 | lr 7.752e-04 | 1329.5 ms/update | 6162 tok/s
[train] 1379/4096 | 11296768 tok | loss 5.4729 | lr 7.749e-04 | 1333.7 ms/update | 6142 tok/s
[train] 1380/4096 | 11304960 tok | loss 5.3931 | lr 7.746e-04 | 1334.1 ms/update | 6140 tok/s
[train] 1381/4096 | 11313152 tok | loss 5.6176 | lr 7.743e-04 | 1334.5 ms/update | 6138 tok/s
[train] 1382/4096 | 11321344 tok | loss 5.1216 | lr 7.740e-04 | 1337.7 ms/update | 6124 tok/s
[train] 1383/4096 | 11329536 tok | loss 5.6791 | lr 7.737e-04 | 1335.1 ms/update | 6136 tok/s
[train] 1384/4096 | 11337728 tok | loss 5.3353 | lr 7.734e-04 | 1328.7 ms/update | 6165 tok/s
[train] 1385/4096 | 11345920 tok | loss 5.5230 | lr 7.731e-04 | 1332.9 ms/update | 6146 tok/s
[train] 1386/4096 | 11354112 tok | loss 5.6470 | lr 7.728e-04 | 1345.9 ms/update | 6087 tok/s
[train] 1387/4096 | 11362304 tok | loss 5.4595 | lr 7.725e-04 | 1332.3 ms/update | 6149 tok/s
[train] 1388/4096 | 11370496 tok | loss 5.3487 | lr 7.722e-04 | 1338.3 ms/update | 6121 tok/s
[train] 1389/4096 | 11378688 tok | loss 5.1940 | lr 7.719e-04 | 1328.7 ms/update | 6166 tok/s
[train] 1390/4096 | 11386880 tok | loss 5.5483 | lr 7.716e-04 | 1335.8 ms/update | 6133 tok/s
[train] 1391/4096 | 11395072 tok | loss 5.4716 | lr 7.713e-04 | 1334.9 ms/update | 6137 tok/s
[train] 1392/4096 | 11403264 tok | loss 5.6413 | lr 7.710e-04 | 1333.9 ms/update | 6142 tok/s
[train] 1393/4096 | 11411456 tok | loss 4.9986 | lr 7.707e-04 | 1340.1 ms/update | 6113 tok/s
[train] 1394/4096 | 11419648 tok | loss 5.3497 | lr 7.704e-04 | 1342.2 ms/update | 6104 tok/s
[train] 1395/4096 | 11427840 tok | loss 5.3424 | lr 7.701e-04 | 1331.5 ms/update | 6152 tok/s
[train] 1396/4096 | 11436032 tok | loss 5.3164 | lr 7.698e-04 | 1327.2 ms/update | 6173 tok/s
[train] 1397/4096 | 11444224 tok | loss 5.5877 | lr 7.695e-04 | 1335.0 ms/update | 6136 tok/s
[train] 1398/4096 | 11452416 tok | loss 5.5092 | lr 7.692e-04 | 1334.5 ms/update | 6139 tok/s
[train] 1399/4096 | 11460608 tok | loss 5.2121 | lr 7.689e-04 | 1329.1 ms/update | 6164 tok/s
[train] 1400/4096 | 11468800 tok | loss 5.4257 | lr 7.686e-04 | 1333.9 ms/update | 6141 tok/s
[train] 1401/4096 | 11476992 tok | loss 5.4848 | lr 7.683e-04 | 1344.9 ms/update | 6091 tok/s
[train] 1402/4096 | 11485184 tok | loss 5.4488 | lr 7.680e-04 | 1324.0 ms/update | 6187 tok/s
[train] 1403/4096 | 11493376 tok | loss 5.2047 | lr 7.677e-04 | 1333.9 ms/update | 6141 tok/s
[train] 1404/4096 | 11501568 tok | loss 5.4340 | lr 7.673e-04 | 1337.9 ms/update | 6123 tok/s
[train] 1405/4096 | 11509760 tok | loss 5.7316 | lr 7.670e-04 | 1336.3 ms/update | 6130 tok/s
[train] 1406/4096 | 11517952 tok | loss 4.9441 | lr 7.667e-04 | 1330.7 ms/update | 6156 tok/s
[train] 1407/4096 | 11526144 tok | loss 5.6005 | lr 7.664e-04 | 1332.9 ms/update | 6146 tok/s
[train] 1408/4096 | 11534336 tok | loss 5.6031 | lr 7.661e-04 | 1338.5 ms/update | 6120 tok/s
[eval] step 1408 | val NLL 5.1757 | ppl 176.93 | 65536 tokens
[ckpt] latest.pt @ step 1408
[train] 1409/4096 | 11542528 tok | loss 5.7310 | lr 7.658e-04 | 1330.9 ms/update | 6155 tok/s
[train] 1410/4096 | 11550720 tok | loss 5.5114 | lr 7.655e-04 | 1331.9 ms/update | 6151 tok/s
[train] 1411/4096 | 11558912 tok | loss 5.2994 | lr 7.652e-04 | 1345.1 ms/update | 6090 tok/s
[train] 1412/4096 | 11567104 tok | loss 5.2848 | lr 7.649e-04 | 1347.4 ms/update | 6080 tok/s
[train] 1413/4096 | 11575296 tok | loss 5.2682 | lr 7.646e-04 | 1352.0 ms/update | 6059 tok/s
[train] 1414/4096 | 11583488 tok | loss 5.3361 | lr 7.643e-04 | 1333.6 ms/update | 6143 tok/s
[train] 1415/4096 | 11591680 tok | loss 5.3997 | lr 7.640e-04 | 1334.5 ms/update | 6139 tok/s
[train] 1416/4096 | 11599872 tok | loss 5.2481 | lr 7.637e-04 | 1333.3 ms/update | 6144 tok/s
[train] 1417/4096 | 11608064 tok | loss 5.8075 | lr 7.634e-04 | 1339.7 ms/update | 6115 tok/s
[train] 1418/4096 | 11616256 tok | loss 5.3651 | lr 7.631e-04 | 1337.6 ms/update | 6124 tok/s
[train] 1419/4096 | 11624448 tok | loss 5.5365 | lr 7.628e-04 | 1335.8 ms/update | 6133 tok/s
[train] 1420/4096 | 11632640 tok | loss 5.4889 | lr 7.625e-04 | 1333.7 ms/update | 6142 tok/s
[train] 1421/4096 | 11640832 tok | loss 5.5477 | lr 7.622e-04 | 1336.8 ms/update | 6128 tok/s
[train] 1422/4096 | 11649024 tok | loss 5.3669 | lr 7.619e-04 | 1335.0 ms/update | 6136 tok/s
[train] 1423/4096 | 11657216 tok | loss 5.8414 | lr 7.616e-04 | 1340.8 ms/update | 6110 tok/s
[train] 1424/4096 | 11665408 tok | loss 5.3998 | lr 7.612e-04 | 1337.6 ms/update | 6124 tok/s
[train] 1425/4096 | 11673600 tok | loss 5.5588 | lr 7.609e-04 | 1336.1 ms/update | 6131 tok/s
[train] 1426/4096 | 11681792 tok | loss 5.1797 | lr 7.606e-04 | 1336.0 ms/update | 6132 tok/s
[train] 1427/4096 | 11689984 tok | loss 5.7166 | lr 7.603e-04 | 1337.0 ms/update | 6127 tok/s
[train] 1428/4096 | 11698176 tok | loss 5.2172 | lr 7.600e-04 | 1345.8 ms/update | 6087 tok/s
[train] 1429/4096 | 11706368 tok | loss 5.3255 | lr 7.597e-04 | 1333.6 ms/update | 6143 tok/s
[train] 1430/4096 | 11714560 tok | loss 5.3788 | lr 7.594e-04 | 1331.0 ms/update | 6155 tok/s
[train] 1431/4096 | 11722752 tok | loss 5.6447 | lr 7.591e-04 | 1335.0 ms/update | 6136 tok/s
[train] 1432/4096 | 11730944 tok | loss 5.7241 | lr 7.588e-04 | 1334.8 ms/update | 6137 tok/s
[train] 1433/4096 | 11739136 tok | loss 5.2163 | lr 7.585e-04 | 1331.8 ms/update | 6151 tok/s
[train] 1434/4096 | 11747328 tok | loss 5.3372 | lr 7.582e-04 | 1339.3 ms/update | 6116 tok/s
[train] 1435/4096 | 11755520 tok | loss 5.0360 | lr 7.579e-04 | 1335.0 ms/update | 6136 tok/s
[train] 1436/4096 | 11763712 tok | loss 5.3538 | lr 7.576e-04 | 1338.3 ms/update | 6121 tok/s
[train] 1437/4096 | 11771904 tok | loss 5.6606 | lr 7.573e-04 | 1342.2 ms/update | 6103 tok/s
[train] 1438/4096 | 11780096 tok | loss 5.5069 | lr 7.569e-04 | 1341.7 ms/update | 6106 tok/s
[train] 1439/4096 | 11788288 tok | loss 5.4972 | lr 7.566e-04 | 1341.4 ms/update | 6107 tok/s
[train] 1440/4096 | 11796480 tok | loss 5.4106 | lr 7.563e-04 | 1335.9 ms/update | 6132 tok/s
[train] 1441/4096 | 11804672 tok | loss 5.1863 | lr 7.560e-04 | 1335.3 ms/update | 6135 tok/s
[train] 1442/4096 | 11812864 tok | loss 5.6294 | lr 7.557e-04 | 1338.4 ms/update | 6121 tok/s
[train] 1443/4096 | 11821056 tok | loss 5.3866 | lr 7.554e-04 | 1346.6 ms/update | 6084 tok/s
[train] 1444/4096 | 11829248 tok | loss 5.5700 | lr 7.551e-04 | 1337.5 ms/update | 6125 tok/s
[train] 1445/4096 | 11837440 tok | loss 5.4720 | lr 7.548e-04 | 1333.1 ms/update | 6145 tok/s
[train] 1446/4096 | 11845632 tok | loss 5.5775 | lr 7.545e-04 | 1340.6 ms/update | 6111 tok/s
[train] 1447/4096 | 11853824 tok | loss 5.6911 | lr 7.542e-04 | 1338.2 ms/update | 6122 tok/s
[train] 1448/4096 | 11862016 tok | loss 5.5449 | lr 7.539e-04 | 1340.4 ms/update | 6112 tok/s
[train] 1449/4096 | 11870208 tok | loss 5.2928 | lr 7.536e-04 | 1340.0 ms/update | 6113 tok/s
[train] 1450/4096 | 11878400 tok | loss 5.3682 | lr 7.532e-04 | 1342.7 ms/update | 6101 tok/s
[train] 1451/4096 | 11886592 tok | loss 5.5135 | lr 7.529e-04 | 1341.8 ms/update | 6105 tok/s
[train] 1452/4096 | 11894784 tok | loss 5.3188 | lr 7.526e-04 | 1350.1 ms/update | 6068 tok/s
[train] 1453/4096 | 11902976 tok | loss 5.5819 | lr 7.523e-04 | 1344.7 ms/update | 6092 tok/s
[train] 1454/4096 | 11911168 tok | loss 5.1400 | lr 7.520e-04 | 1339.1 ms/update | 6118 tok/s
[train] 1455/4096 | 11919360 tok | loss 5.6879 | lr 7.517e-04 | 1346.2 ms/update | 6085 tok/s
[train] 1456/4096 | 11927552 tok | loss 5.5123 | lr 7.514e-04 | 1343.6 ms/update | 6097 tok/s
[train] 1457/4096 | 11935744 tok | loss 5.5435 | lr 7.511e-04 | 1339.5 ms/update | 6116 tok/s
[train] 1458/4096 | 11943936 tok | loss 5.3116 | lr 7.508e-04 | 1340.3 ms/update | 6112 tok/s
[train] 1459/4096 | 11952128 tok | loss 5.1020 | lr 7.505e-04 | 1345.3 ms/update | 6089 tok/s
[train] 1460/4096 | 11960320 tok | loss 5.6240 | lr 7.501e-04 | 1329.3 ms/update | 6162 tok/s
[train] 1461/4096 | 11968512 tok | loss 5.6432 | lr 7.498e-04 | 1334.2 ms/update | 6140 tok/s
[train] 1462/4096 | 11976704 tok | loss 5.4637 | lr 7.495e-04 | 1332.0 ms/update | 6150 tok/s
[train] 1463/4096 | 11984896 tok | loss 5.5461 | lr 7.492e-04 | 1331.5 ms/update | 6152 tok/s
[train] 1464/4096 | 11993088 tok | loss 5.4326 | lr 7.489e-04 | 1326.8 ms/update | 6174 tok/s
[train] 1465/4096 | 12001280 tok | loss 5.2557 | lr 7.486e-04 | 1332.4 ms/update | 6148 tok/s
[train] 1466/4096 | 12009472 tok | loss 5.4311 | lr 7.483e-04 | 1330.0 ms/update | 6159 tok/s
[train] 1467/4096 | 12017664 tok | loss 5.7917 | lr 7.480e-04 | 1332.4 ms/update | 6148 tok/s
[train] 1468/4096 | 12025856 tok | loss 5.3713 | lr 7.477e-04 | 1321.2 ms/update | 6200 tok/s
[train] 1469/4096 | 12034048 tok | loss 5.4957 | lr 7.473e-04 | 1336.6 ms/update | 6129 tok/s
[train] 1470/4096 | 12042240 tok | loss 5.4646 | lr 7.470e-04 | 1330.2 ms/update | 6159 tok/s
[train] 1471/4096 | 12050432 tok | loss 5.1772 | lr 7.467e-04 | 1328.9 ms/update | 6164 tok/s
[train] 1472/4096 | 12058624 tok | loss 5.6327 | lr 7.464e-04 | 1330.4 ms/update | 6158 tok/s
[train] 1473/4096 | 12066816 tok | loss 5.2853 | lr 7.461e-04 | 1333.5 ms/update | 6143 tok/s
[train] 1474/4096 | 12075008 tok | loss 5.3550 | lr 7.458e-04 | 1324.5 ms/update | 6185 tok/s
[train] 1475/4096 | 12083200 tok | loss 5.5345 | lr 7.455e-04 | 1329.7 ms/update | 6161 tok/s
[train] 1476/4096 | 12091392 tok | loss 5.0103 | lr 7.452e-04 | 1323.0 ms/update | 6192 tok/s
[train] 1477/4096 | 12099584 tok | loss 5.2035 | lr 7.448e-04 | 1328.7 ms/update | 6166 tok/s
[train] 1478/4096 | 12107776 tok | loss 5.6149 | lr 7.445e-04 | 1331.2 ms/update | 6154 tok/s
[train] 1479/4096 | 12115968 tok | loss 5.5099 | lr 7.442e-04 | 1325.3 ms/update | 6181 tok/s
[train] 1480/4096 | 12124160 tok | loss 5.6645 | lr 7.439e-04 | 1328.2 ms/update | 6168 tok/s
[train] 1481/4096 | 12132352 tok | loss 5.3123 | lr 7.436e-04 | 1328.1 ms/update | 6168 tok/s
[train] 1482/4096 | 12140544 tok | loss 5.3702 | lr 7.433e-04 | 1324.3 ms/update | 6186 tok/s
[train] 1483/4096 | 12148736 tok | loss 5.3089 | lr 7.430e-04 | 1327.3 ms/update | 6172 tok/s
[train] 1484/4096 | 12156928 tok | loss 5.0597 | lr 7.427e-04 | 1329.8 ms/update | 6161 tok/s
[train] 1485/4096 | 12165120 tok | loss 5.8396 | lr 7.423e-04 | 1328.6 ms/update | 6166 tok/s
[train] 1486/4096 | 12173312 tok | loss 5.5112 | lr 7.420e-04 | 1323.1 ms/update | 6192 tok/s
[train] 1487/4096 | 12181504 tok | loss 5.4952 | lr 7.417e-04 | 1319.7 ms/update | 6208 tok/s
[train] 1488/4096 | 12189696 tok | loss 5.5815 | lr 7.414e-04 | 1340.6 ms/update | 6111 tok/s
[train] 1489/4096 | 12197888 tok | loss 5.3745 | lr 7.411e-04 | 1328.4 ms/update | 6167 tok/s
[train] 1490/4096 | 12206080 tok | loss 5.3600 | lr 7.408e-04 | 1329.2 ms/update | 6163 tok/s
[train] 1491/4096 | 12214272 tok | loss 5.5508 | lr 7.405e-04 | 1326.9 ms/update | 6174 tok/s
[train] 1492/4096 | 12222464 tok | loss 5.4670 | lr 7.401e-04 | 1330.4 ms/update | 6157 tok/s
[train] 1493/4096 | 12230656 tok | loss 5.2383 | lr 7.398e-04 | 1334.2 ms/update | 6140 tok/s
[train] 1494/4096 | 12238848 tok | loss 5.3761 | lr 7.395e-04 | 1335.9 ms/update | 6132 tok/s
[train] 1495/4096 | 12247040 tok | loss 5.4568 | lr 7.392e-04 | 1346.2 ms/update | 6085 tok/s
[train] 1496/4096 | 12255232 tok | loss 5.4645 | lr 7.389e-04 | 1341.9 ms/update | 6105 tok/s
[train] 1497/4096 | 12263424 tok | loss 5.3705 | lr 7.386e-04 | 1338.4 ms/update | 6121 tok/s
[train] 1498/4096 | 12271616 tok | loss 5.5008 | lr 7.383e-04 | 1330.5 ms/update | 6157 tok/s
[train] 1499/4096 | 12279808 tok | loss 5.6242 | lr 7.379e-04 | 1339.3 ms/update | 6117 tok/s
[train] 1500/4096 | 12288000 tok | loss 5.5771 | lr 7.376e-04 | 1334.9 ms/update | 6137 tok/s
[train] 1501/4096 | 12296192 tok | loss 5.5781 | lr 7.373e-04 | 1328.5 ms/update | 6167 tok/s
[train] 1502/4096 | 12304384 tok | loss 4.9731 | lr 7.370e-04 | 1329.6 ms/update | 6161 tok/s
[train] 1503/4096 | 12312576 tok | loss 5.6558 | lr 7.367e-04 | 1345.7 ms/update | 6087 tok/s
[train] 1504/4096 | 12320768 tok | loss 5.1837 | lr 7.364e-04 | 1337.7 ms/update | 6124 tok/s
[train] 1505/4096 | 12328960 tok | loss 5.4141 | lr 7.360e-04 | 1332.2 ms/update | 6149 tok/s
[train] 1506/4096 | 12337152 tok | loss 4.9300 | lr 7.357e-04 | 1338.8 ms/update | 6119 tok/s
[train] 1507/4096 | 12345344 tok | loss 5.6062 | lr 7.354e-04 | 1338.6 ms/update | 6120 tok/s
[train] 1508/4096 | 12353536 tok | loss 5.1962 | lr 7.351e-04 | 1333.0 ms/update | 6145 tok/s
[train] 1509/4096 | 12361728 tok | loss 5.3390 | lr 7.348e-04 | 1326.3 ms/update | 6177 tok/s
[train] 1510/4096 | 12369920 tok | loss 5.1734 | lr 7.345e-04 | 1332.2 ms/update | 6149 tok/s
[train] 1511/4096 | 12378112 tok | loss 5.3144 | lr 7.342e-04 | 1325.4 ms/update | 6181 tok/s
[train] 1512/4096 | 12386304 tok | loss 5.0661 | lr 7.338e-04 | 1319.3 ms/update | 6209 tok/s
[train] 1513/4096 | 12394496 tok | loss 5.4451 | lr 7.335e-04 | 1328.2 ms/update | 6168 tok/s
[train] 1514/4096 | 12402688 tok | loss 5.4085 | lr 7.332e-04 | 1330.6 ms/update | 6157 tok/s
[train] 1515/4096 | 12410880 tok | loss 5.4771 | lr 7.329e-04 | 1336.6 ms/update | 6129 tok/s
[train] 1516/4096 | 12419072 tok | loss 5.2234 | lr 7.326e-04 | 1330.5 ms/update | 6157 tok/s
[train] 1517/4096 | 12427264 tok | loss 5.3847 | lr 7.322e-04 | 1333.8 ms/update | 6142 tok/s
[train] 1518/4096 | 12435456 tok | loss 5.6575 | lr 7.319e-04 | 1346.3 ms/update | 6085 tok/s
[train] 1519/4096 | 12443648 tok | loss 5.3054 | lr 7.316e-04 | 1338.0 ms/update | 6123 tok/s
[train] 1520/4096 | 12451840 tok | loss 5.2935 | lr 7.313e-04 | 1324.6 ms/update | 6185 tok/s
[train] 1521/4096 | 12460032 tok | loss 5.4455 | lr 7.310e-04 | 1329.9 ms/update | 6160 tok/s
[train] 1522/4096 | 12468224 tok | loss 5.6960 | lr 7.307e-04 | 1324.3 ms/update | 6186 tok/s
[train] 1523/4096 | 12476416 tok | loss 5.3868 | lr 7.303e-04 | 1327.1 ms/update | 6173 tok/s
[train] 1524/4096 | 12484608 tok | loss 5.3441 | lr 7.300e-04 | 1329.3 ms/update | 6163 tok/s
[train] 1525/4096 | 12492800 tok | loss 5.5460 | lr 7.297e-04 | 1326.5 ms/update | 6176 tok/s
[train] 1526/4096 | 12500992 tok | loss 5.1947 | lr 7.294e-04 | 1341.2 ms/update | 6108 tok/s
[train] 1527/4096 | 12509184 tok | loss 5.5176 | lr 7.291e-04 | 1334.8 ms/update | 6137 tok/s
[train] 1528/4096 | 12517376 tok | loss 5.6541 | lr 7.288e-04 | 1332.4 ms/update | 6148 tok/s
[train] 1529/4096 | 12525568 tok | loss 5.3418 | lr 7.284e-04 | 1330.9 ms/update | 6155 tok/s
[train] 1530/4096 | 12533760 tok | loss 5.3261 | lr 7.281e-04 | 1328.0 ms/update | 6169 tok/s
[train] 1531/4096 | 12541952 tok | loss 5.8382 | lr 7.278e-04 | 1334.5 ms/update | 6139 tok/s
[train] 1532/4096 | 12550144 tok | loss 5.6485 | lr 7.275e-04 | 1333.3 ms/update | 6144 tok/s
[train] 1533/4096 | 12558336 tok | loss 5.5177 | lr 7.272e-04 | 1338.7 ms/update | 6120 tok/s
[train] 1534/4096 | 12566528 tok | loss 5.2454 | lr 7.268e-04 | 1330.6 ms/update | 6157 tok/s
[train] 1535/4096 | 12574720 tok | loss 5.0671 | lr 7.265e-04 | 1325.8 ms/update | 6179 tok/s
[train] 1536/4096 | 12582912 tok | loss 5.2811 | lr 7.262e-04 | 1327.4 ms/update | 6171 tok/s
[eval] step 1536 | val NLL 5.1073 | ppl 165.23 | 65536 tokens
[ckpt] latest.pt @ step 1536
[train] 1537/4096 | 12591104 tok | loss 5.0933 | lr 7.259e-04 | 1355.3 ms/update | 6044 tok/s
[train] 1538/4096 | 12599296 tok | loss 5.4166 | lr 7.256e-04 | 1349.2 ms/update | 6072 tok/s
[train] 1539/4096 | 12607488 tok | loss 5.2676 | lr 7.252e-04 | 1323.7 ms/update | 6189 tok/s
[train] 1540/4096 | 12615680 tok | loss 5.5085 | lr 7.249e-04 | 1330.8 ms/update | 6156 tok/s
[train] 1541/4096 | 12623872 tok | loss 5.5452 | lr 7.246e-04 | 1328.1 ms/update | 6168 tok/s
[train] 1542/4096 | 12632064 tok | loss 5.3034 | lr 7.243e-04 | 1327.2 ms/update | 6173 tok/s
[train] 1543/4096 | 12640256 tok | loss 5.0050 | lr 7.240e-04 | 1339.8 ms/update | 6115 tok/s
[train] 1544/4096 | 12648448 tok | loss 5.3808 | lr 7.236e-04 | 1334.6 ms/update | 6138 tok/s
[train] 1545/4096 | 12656640 tok | loss 5.2326 | lr 7.233e-04 | 1333.9 ms/update | 6142 tok/s
[train] 1546/4096 | 12664832 tok | loss 5.3629 | lr 7.230e-04 | 1334.0 ms/update | 6141 tok/s
[train] 1547/4096 | 12673024 tok | loss 5.1822 | lr 7.227e-04 | 1332.7 ms/update | 6147 tok/s
[train] 1548/4096 | 12681216 tok | loss 5.4667 | lr 7.224e-04 | 1332.2 ms/update | 6149 tok/s
[train] 1549/4096 | 12689408 tok | loss 5.5891 | lr 7.220e-04 | 1329.8 ms/update | 6160 tok/s
[train] 1550/4096 | 12697600 tok | loss 5.4914 | lr 7.217e-04 | 1333.1 ms/update | 6145 tok/s
[train] 1551/4096 | 12705792 tok | loss 5.7466 | lr 7.214e-04 | 1333.7 ms/update | 6142 tok/s
[train] 1552/4096 | 12713984 tok | loss 4.9769 | lr 7.211e-04 | 1331.2 ms/update | 6154 tok/s
[train] 1553/4096 | 12722176 tok | loss 5.3304 | lr 7.208e-04 | 1338.5 ms/update | 6120 tok/s
[train] 1554/4096 | 12730368 tok | loss 5.1779 | lr 7.204e-04 | 1334.9 ms/update | 6137 tok/s
[train] 1555/4096 | 12738560 tok | loss 5.2834 | lr 7.201e-04 | 1328.3 ms/update | 6167 tok/s
[train] 1556/4096 | 12746752 tok | loss 5.3214 | lr 7.198e-04 | 1340.9 ms/update | 6110 tok/s
[train] 1557/4096 | 12754944 tok | loss 5.2525 | lr 7.195e-04 | 1331.6 ms/update | 6152 tok/s
[train] 1558/4096 | 12763136 tok | loss 5.4482 | lr 7.192e-04 | 1331.3 ms/update | 6153 tok/s
[train] 1559/4096 | 12771328 tok | loss 5.1724 | lr 7.188e-04 | 1335.0 ms/update | 6136 tok/s
[train] 1560/4096 | 12779520 tok | loss 5.3222 | lr 7.185e-04 | 1336.7 ms/update | 6128 tok/s
[train] 1561/4096 | 12787712 tok | loss 5.3587 | lr 7.182e-04 | 1328.1 ms/update | 6168 tok/s
[train] 1562/4096 | 12795904 tok | loss 5.2089 | lr 7.179e-04 | 1337.9 ms/update | 6123 tok/s
[train] 1563/4096 | 12804096 tok | loss 5.4497 | lr 7.176e-04 | 1339.2 ms/update | 6117 tok/s
[train] 1564/4096 | 12812288 tok | loss 5.3017 | lr 7.172e-04 | 1333.4 ms/update | 6144 tok/s
[train] 1565/4096 | 12820480 tok | loss 5.6350 | lr 7.169e-04 | 1323.2 ms/update | 6191 tok/s
[train] 1566/4096 | 12828672 tok | loss 5.1729 | lr 7.166e-04 | 1331.0 ms/update | 6155 tok/s
[train] 1567/4096 | 12836864 tok | loss 5.2813 | lr 7.163e-04 | 1329.6 ms/update | 6161 tok/s
[train] 1568/4096 | 12845056 tok | loss 5.1862 | lr 7.159e-04 | 1338.9 ms/update | 6118 tok/s
[train] 1569/4096 | 12853248 tok | loss 5.4455 | lr 7.156e-04 | 1326.5 ms/update | 6176 tok/s
[train] 1570/4096 | 12861440 tok | loss 5.3833 | lr 7.153e-04 | 1323.6 ms/update | 6189 tok/s
[train] 1571/4096 | 12869632 tok | loss 5.4441 | lr 7.150e-04 | 1331.1 ms/update | 6154 tok/s
[train] 1572/4096 | 12877824 tok | loss 5.3472 | lr 7.146e-04 | 1326.5 ms/update | 6176 tok/s
[train] 1573/4096 | 12886016 tok | loss 5.0387 | lr 7.143e-04 | 1325.7 ms/update | 6179 tok/s
[train] 1574/4096 | 12894208 tok | loss 5.5862 | lr 7.140e-04 | 1330.2 ms/update | 6158 tok/s
[train] 1575/4096 | 12902400 tok | loss 5.5480 | lr 7.137e-04 | 1324.3 ms/update | 6186 tok/s
[train] 1576/4096 | 12910592 tok | loss 5.1689 | lr 7.134e-04 | 1325.4 ms/update | 6181 tok/s
[train] 1577/4096 | 12918784 tok | loss 5.2847 | lr 7.130e-04 | 1328.2 ms/update | 6168 tok/s
[train] 1578/4096 | 12926976 tok | loss 5.3742 | lr 7.127e-04 | 1329.2 ms/update | 6163 tok/s
[train] 1579/4096 | 12935168 tok | loss 5.3369 | lr 7.124e-04 | 1326.0 ms/update | 6178 tok/s
[train] 1580/4096 | 12943360 tok | loss 5.3452 | lr 7.121e-04 | 1326.9 ms/update | 6174 tok/s
[train] 1581/4096 | 12951552 tok | loss 5.5203 | lr 7.117e-04 | 1325.8 ms/update | 6179 tok/s
[train] 1582/4096 | 12959744 tok | loss 5.2391 | lr 7.114e-04 | 1322.7 ms/update | 6193 tok/s
[train] 1583/4096 | 12967936 tok | loss 5.5458 | lr 7.111e-04 | 1331.4 ms/update | 6153 tok/s
[train] 1584/4096 | 12976128 tok | loss 5.4303 | lr 7.108e-04 | 1330.0 ms/update | 6159 tok/s
[train] 1585/4096 | 12984320 tok | loss 5.1376 | lr 7.104e-04 | 1334.4 ms/update | 6139 tok/s
[train] 1586/4096 | 12992512 tok | loss 5.3385 | lr 7.101e-04 | 1346.4 ms/update | 6084 tok/s
[train] 1587/4096 | 13000704 tok | loss 5.1198 | lr 7.098e-04 | 1345.9 ms/update | 6086 tok/s
[train] 1588/4096 | 13008896 tok | loss 5.6968 | lr 7.095e-04 | 1324.8 ms/update | 6183 tok/s
[train] 1589/4096 | 13017088 tok | loss 5.2978 | lr 7.091e-04 | 1327.3 ms/update | 6172 tok/s
[train] 1590/4096 | 13025280 tok | loss 5.2025 | lr 7.088e-04 | 1332.9 ms/update | 6146 tok/s
[train] 1591/4096 | 13033472 tok | loss 5.4694 | lr 7.085e-04 | 1323.7 ms/update | 6189 tok/s
[train] 1592/4096 | 13041664 tok | loss 5.5798 | lr 7.082e-04 | 1338.1 ms/update | 6122 tok/s
[train] 1593/4096 | 13049856 tok | loss 5.4271 | lr 7.078e-04 | 1336.0 ms/update | 6132 tok/s
[train] 1594/4096 | 13058048 tok | loss 5.3028 | lr 7.075e-04 | 1322.9 ms/update | 6192 tok/s
[train] 1595/4096 | 13066240 tok | loss 5.3944 | lr 7.072e-04 | 1328.6 ms/update | 6166 tok/s
[train] 1596/4096 | 13074432 tok | loss 5.3082 | lr 7.069e-04 | 1327.6 ms/update | 6171 tok/s
[train] 1597/4096 | 13082624 tok | loss 5.6340 | lr 7.065e-04 | 1330.0 ms/update | 6160 tok/s
[train] 1598/4096 | 13090816 tok | loss 5.4048 | lr 7.062e-04 | 1327.8 ms/update | 6169 tok/s
[train] 1599/4096 | 13099008 tok | loss 5.5444 | lr 7.059e-04 | 1324.3 ms/update | 6186 tok/s
[train] 1600/4096 | 13107200 tok | loss 5.2256 | lr 7.056e-04 | 1329.8 ms/update | 6160 tok/s
[train] 1601/4096 | 13115392 tok | loss 5.5756 | lr 7.052e-04 | 1330.1 ms/update | 6159 tok/s
[train] 1602/4096 | 13123584 tok | loss 5.3622 | lr 7.049e-04 | 1324.4 ms/update | 6185 tok/s
[train] 1603/4096 | 13131776 tok | loss 5.5553 | lr 7.046e-04 | 1326.9 ms/update | 6174 tok/s
[train] 1604/4096 | 13139968 tok | loss 5.1557 | lr 7.043e-04 | 1329.9 ms/update | 6160 tok/s
[train] 1605/4096 | 13148160 tok | loss 5.2380 | lr 7.039e-04 | 1325.5 ms/update | 6180 tok/s
[train] 1606/4096 | 13156352 tok | loss 5.5621 | lr 7.036e-04 | 1329.8 ms/update | 6160 tok/s
[train] 1607/4096 | 13164544 tok | loss 5.4524 | lr 7.033e-04 | 1330.8 ms/update | 6155 tok/s
[train] 1608/4096 | 13172736 tok | loss 5.3166 | lr 7.030e-04 | 1327.7 ms/update | 6170 tok/s
[train] 1609/4096 | 13180928 tok | loss 5.3358 | lr 7.026e-04 | 1323.3 ms/update | 6191 tok/s
[train] 1610/4096 | 13189120 tok | loss 5.2623 | lr 7.023e-04 | 1340.4 ms/update | 6112 tok/s
[train] 1611/4096 | 13197312 tok | loss 5.3035 | lr 7.020e-04 | 1331.2 ms/update | 6154 tok/s
[train] 1612/4096 | 13205504 tok | loss 5.0111 | lr 7.017e-04 | 1332.9 ms/update | 6146 tok/s
[train] 1613/4096 | 13213696 tok | loss 5.4985 | lr 7.013e-04 | 1336.1 ms/update | 6131 tok/s
[train] 1614/4096 | 13221888 tok | loss 5.0560 | lr 7.010e-04 | 1322.4 ms/update | 6195 tok/s
[train] 1615/4096 | 13230080 tok | loss 5.2277 | lr 7.007e-04 | 1338.4 ms/update | 6121 tok/s
[train] 1616/4096 | 13238272 tok | loss 4.9784 | lr 7.004e-04 | 1327.5 ms/update | 6171 tok/s
[train] 1617/4096 | 13246464 tok | loss 5.1344 | lr 7.000e-04 | 1331.8 ms/update | 6151 tok/s
[train] 1618/4096 | 13254656 tok | loss 5.2478 | lr 6.997e-04 | 1329.5 ms/update | 6162 tok/s
[train] 1619/4096 | 13262848 tok | loss 5.2774 | lr 6.994e-04 | 1328.6 ms/update | 6166 tok/s
[train] 1620/4096 | 13271040 tok | loss 5.5871 | lr 6.990e-04 | 1333.0 ms/update | 6145 tok/s
[train] 1621/4096 | 13279232 tok | loss 5.2809 | lr 6.987e-04 | 1326.5 ms/update | 6176 tok/s
[train] 1622/4096 | 13287424 tok | loss 5.1517 | lr 6.984e-04 | 1326.9 ms/update | 6174 tok/s
[train] 1623/4096 | 13295616 tok | loss 5.4454 | lr 6.981e-04 | 1323.7 ms/update | 6188 tok/s
[train] 1624/4096 | 13303808 tok | loss 5.1006 | lr 6.977e-04 | 1326.9 ms/update | 6174 tok/s
[train] 1625/4096 | 13312000 tok | loss 5.2551 | lr 6.974e-04 | 1325.4 ms/update | 6181 tok/s
[train] 1626/4096 | 13320192 tok | loss 5.3622 | lr 6.971e-04 | 1322.7 ms/update | 6193 tok/s
[train] 1627/4096 | 13328384 tok | loss 5.4609 | lr 6.968e-04 | 1330.0 ms/update | 6159 tok/s
[train] 1628/4096 | 13336576 tok | loss 5.1786 | lr 6.964e-04 | 1336.2 ms/update | 6131 tok/s
[train] 1629/4096 | 13344768 tok | loss 5.2605 | lr 6.961e-04 | 1327.8 ms/update | 6169 tok/s
[train] 1630/4096 | 13352960 tok | loss 5.0001 | lr 6.958e-04 | 1321.3 ms/update | 6200 tok/s
[train] 1631/4096 | 13361152 tok | loss 5.4290 | lr 6.954e-04 | 1326.6 ms/update | 6175 tok/s
[train] 1632/4096 | 13369344 tok | loss 5.1203 | lr 6.951e-04 | 1330.4 ms/update | 6157 tok/s
[train] 1633/4096 | 13377536 tok | loss 5.2214 | lr 6.948e-04 | 1328.8 ms/update | 6165 tok/s
[train] 1634/4096 | 13385728 tok | loss 5.3194 | lr 6.945e-04 | 1327.3 ms/update | 6172 tok/s
[train] 1635/4096 | 13393920 tok | loss 5.3039 | lr 6.941e-04 | 1330.2 ms/update | 6158 tok/s
[train] 1636/4096 | 13402112 tok | loss 4.9795 | lr 6.938e-04 | 1329.3 ms/update | 6163 tok/s
[train] 1637/4096 | 13410304 tok | loss 4.7855 | lr 6.935e-04 | 1328.8 ms/update | 6165 tok/s
[train] 1638/4096 | 13418496 tok | loss 5.0068 | lr 6.931e-04 | 1328.6 ms/update | 6166 tok/s
[train] 1639/4096 | 13426688 tok | loss 5.2701 | lr 6.928e-04 | 1332.0 ms/update | 6150 tok/s
[train] 1640/4096 | 13434880 tok | loss 5.4437 | lr 6.925e-04 | 1325.2 ms/update | 6182 tok/s
[train] 1641/4096 | 13443072 tok | loss 5.0314 | lr 6.922e-04 | 1329.1 ms/update | 6164 tok/s
[train] 1642/4096 | 13451264 tok | loss 5.2995 | lr 6.918e-04 | 1329.3 ms/update | 6162 tok/s
[train] 1643/4096 | 13459456 tok | loss 5.5781 | lr 6.915e-04 | 1331.0 ms/update | 6155 tok/s
[train] 1644/4096 | 13467648 tok | loss 5.3511 | lr 6.912e-04 | 1329.5 ms/update | 6162 tok/s
[train] 1645/4096 | 13475840 tok | loss 5.0725 | lr 6.908e-04 | 1325.2 ms/update | 6182 tok/s
[train] 1646/4096 | 13484032 tok | loss 5.2590 | lr 6.905e-04 | 1326.4 ms/update | 6176 tok/s
[train] 1647/4096 | 13492224 tok | loss 5.5471 | lr 6.902e-04 | 1330.3 ms/update | 6158 tok/s
[train] 1648/4096 | 13500416 tok | loss 5.1621 | lr 6.898e-04 | 1327.1 ms/update | 6173 tok/s
[train] 1649/4096 | 13508608 tok | loss 5.2271 | lr 6.895e-04 | 1326.2 ms/update | 6177 tok/s
[train] 1650/4096 | 13516800 tok | loss 5.4032 | lr 6.892e-04 | 1329.3 ms/update | 6163 tok/s
[train] 1651/4096 | 13524992 tok | loss 5.2881 | lr 6.889e-04 | 1331.3 ms/update | 6154 tok/s
[train] 1652/4096 | 13533184 tok | loss 5.2668 | lr 6.885e-04 | 1324.6 ms/update | 6185 tok/s
[train] 1653/4096 | 13541376 tok | loss 5.3651 | lr 6.882e-04 | 1339.5 ms/update | 6116 tok/s
[train] 1654/4096 | 13549568 tok | loss 5.3713 | lr 6.879e-04 | 1331.8 ms/update | 6151 tok/s
[train] 1655/4096 | 13557760 tok | loss 5.3104 | lr 6.875e-04 | 1338.7 ms/update | 6119 tok/s
[train] 1656/4096 | 13565952 tok | loss 5.2421 | lr 6.872e-04 | 1328.0 ms/update | 6169 tok/s
[train] 1657/4096 | 13574144 tok | loss 5.2092 | lr 6.869e-04 | 1331.9 ms/update | 6150 tok/s
[train] 1658/4096 | 13582336 tok | loss 5.6112 | lr 6.865e-04 | 1341.7 ms/update | 6106 tok/s
[train] 1659/4096 | 13590528 tok | loss 5.6428 | lr 6.862e-04 | 1327.8 ms/update | 6170 tok/s
[train] 1660/4096 | 13598720 tok | loss 5.0883 | lr 6.859e-04 | 1331.3 ms/update | 6153 tok/s
[train] 1661/4096 | 13606912 tok | loss 5.4657 | lr 6.856e-04 | 1330.2 ms/update | 6158 tok/s
[train] 1662/4096 | 13615104 tok | loss 5.4393 | lr 6.852e-04 | 1326.6 ms/update | 6175 tok/s
[train] 1663/4096 | 13623296 tok | loss 5.5036 | lr 6.849e-04 | 1322.1 ms/update | 6196 tok/s
[train] 1664/4096 | 13631488 tok | loss 5.2070 | lr 6.846e-04 | 1325.6 ms/update | 6180 tok/s
[eval] step 1664 | val NLL 5.1142 | ppl 166.36 | 65536 tokens
[ckpt] latest.pt @ step 1664
[train] 1665/4096 | 13639680 tok | loss 5.3384 | lr 6.842e-04 | 1335.8 ms/update | 6133 tok/s
[train] 1666/4096 | 13647872 tok | loss 5.5196 | lr 6.839e-04 | 1319.4 ms/update | 6209 tok/s
[train] 1667/4096 | 13656064 tok | loss 5.3758 | lr 6.836e-04 | 1338.0 ms/update | 6122 tok/s
[train] 1668/4096 | 13664256 tok | loss 5.6613 | lr 6.832e-04 | 1326.9 ms/update | 6174 tok/s
[train] 1669/4096 | 13672448 tok | loss 5.5115 | lr 6.829e-04 | 1325.6 ms/update | 6180 tok/s
[train] 1670/4096 | 13680640 tok | loss 5.2840 | lr 6.826e-04 | 1334.1 ms/update | 6140 tok/s
[train] 1671/4096 | 13688832 tok | loss 5.5090 | lr 6.822e-04 | 1337.4 ms/update | 6125 tok/s
[train] 1672/4096 | 13697024 tok | loss 4.9986 | lr 6.819e-04 | 1323.5 ms/update | 6190 tok/s
[train] 1673/4096 | 13705216 tok | loss 5.5344 | lr 6.816e-04 | 1327.6 ms/update | 6171 tok/s
[train] 1674/4096 | 13713408 tok | loss 5.3542 | lr 6.813e-04 | 1327.0 ms/update | 6173 tok/s
[train] 1675/4096 | 13721600 tok | loss 5.5825 | lr 6.809e-04 | 1329.6 ms/update | 6161 tok/s
[train] 1676/4096 | 13729792 tok | loss 5.4337 | lr 6.806e-04 | 1328.3 ms/update | 6167 tok/s
[train] 1677/4096 | 13737984 tok | loss 5.4407 | lr 6.803e-04 | 1333.7 ms/update | 6143 tok/s
[train] 1678/4096 | 13746176 tok | loss 5.1605 | lr 6.799e-04 | 1348.1 ms/update | 6077 tok/s
[train] 1679/4096 | 13754368 tok | loss 5.3260 | lr 6.796e-04 | 1325.9 ms/update | 6179 tok/s
[train] 1680/4096 | 13762560 tok | loss 5.2774 | lr 6.793e-04 | 1329.0 ms/update | 6164 tok/s
[train] 1681/4096 | 13770752 tok | loss 5.2550 | lr 6.789e-04 | 1326.9 ms/update | 6174 tok/s
[train] 1682/4096 | 13778944 tok | loss 5.4920 | lr 6.786e-04 | 1330.7 ms/update | 6156 tok/s
[train] 1683/4096 | 13787136 tok | loss 5.2137 | lr 6.783e-04 | 1328.8 ms/update | 6165 tok/s
[train] 1684/4096 | 13795328 tok | loss 5.5627 | lr 6.779e-04 | 1330.1 ms/update | 6159 tok/s
[train] 1685/4096 | 13803520 tok | loss 5.6273 | lr 6.776e-04 | 1338.4 ms/update | 6121 tok/s
[train] 1686/4096 | 13811712 tok | loss 5.2166 | lr 6.773e-04 | 1337.6 ms/update | 6125 tok/s
[train] 1687/4096 | 13819904 tok | loss 5.1740 | lr 6.769e-04 | 1331.0 ms/update | 6155 tok/s
[train] 1688/4096 | 13828096 tok | loss 5.2350 | lr 6.766e-04 | 1332.9 ms/update | 6146 tok/s
[train] 1689/4096 | 13836288 tok | loss 5.2946 | lr 6.763e-04 | 1327.4 ms/update | 6171 tok/s
[train] 1690/4096 | 13844480 tok | loss 5.3129 | lr 6.759e-04 | 1329.1 ms/update | 6164 tok/s
[train] 1691/4096 | 13852672 tok | loss 5.5879 | lr 6.756e-04 | 1330.4 ms/update | 6158 tok/s
[train] 1692/4096 | 13860864 tok | loss 5.4257 | lr 6.753e-04 | 1332.7 ms/update | 6147 tok/s
[train] 1693/4096 | 13869056 tok | loss 5.3249 | lr 6.749e-04 | 1339.6 ms/update | 6115 tok/s
[train] 1694/4096 | 13877248 tok | loss 5.2674 | lr 6.746e-04 | 1327.7 ms/update | 6170 tok/s
[train] 1695/4096 | 13885440 tok | loss 5.3896 | lr 6.743e-04 | 1327.5 ms/update | 6171 tok/s
[train] 1696/4096 | 13893632 tok | loss 4.9819 | lr 6.739e-04 | 1328.1 ms/update | 6168 tok/s
[train] 1697/4096 | 13901824 tok | loss 5.4363 | lr 6.736e-04 | 1325.6 ms/update | 6180 tok/s
[train] 1698/4096 | 13910016 tok | loss 5.0258 | lr 6.733e-04 | 1332.1 ms/update | 6150 tok/s
[train] 1699/4096 | 13918208 tok | loss 5.4738 | lr 6.729e-04 | 1328.1 ms/update | 6168 tok/s
[train] 1700/4096 | 13926400 tok | loss 5.3765 | lr 6.726e-04 | 1330.0 ms/update | 6160 tok/s
[train] 1701/4096 | 13934592 tok | loss 5.2677 | lr 6.723e-04 | 1329.5 ms/update | 6162 tok/s
[train] 1702/4096 | 13942784 tok | loss 5.1925 | lr 6.719e-04 | 1325.0 ms/update | 6183 tok/s
[train] 1703/4096 | 13950976 tok | loss 5.4142 | lr 6.716e-04 | 1330.0 ms/update | 6159 tok/s
[train] 1704/4096 | 13959168 tok | loss 4.8864 | lr 6.713e-04 | 1323.4 ms/update | 6190 tok/s
[train] 1705/4096 | 13967360 tok | loss 5.1047 | lr 6.709e-04 | 1323.8 ms/update | 6188 tok/s
[train] 1706/4096 | 13975552 tok | loss 5.3115 | lr 6.706e-04 | 1323.4 ms/update | 6190 tok/s
[train] 1707/4096 | 13983744 tok | loss 5.6000 | lr 6.703e-04 | 1322.2 ms/update | 6196 tok/s
[train] 1708/4096 | 13991936 tok | loss 5.1445 | lr 6.699e-04 | 1332.7 ms/update | 6147 tok/s
[train] 1709/4096 | 14000128 tok | loss 5.2940 | lr 6.696e-04 | 1321.4 ms/update | 6200 tok/s
[train] 1710/4096 | 14008320 tok | loss 5.3161 | lr 6.693e-04 | 1326.9 ms/update | 6174 tok/s
[train] 1711/4096 | 14016512 tok | loss 5.3574 | lr 6.689e-04 | 1326.0 ms/update | 6178 tok/s
[train] 1712/4096 | 14024704 tok | loss 5.7222 | lr 6.686e-04 | 1321.6 ms/update | 6199 tok/s
[train] 1713/4096 | 14032896 tok | loss 5.3744 | lr 6.683e-04 | 1320.3 ms/update | 6204 tok/s
[train] 1714/4096 | 14041088 tok | loss 5.0165 | lr 6.679e-04 | 1332.2 ms/update | 6149 tok/s
[train] 1715/4096 | 14049280 tok | loss 5.1977 | lr 6.676e-04 | 1330.3 ms/update | 6158 tok/s
[train] 1716/4096 | 14057472 tok | loss 5.3468 | lr 6.673e-04 | 1331.8 ms/update | 6151 tok/s
[train] 1717/4096 | 14065664 tok | loss 4.6182 | lr 6.669e-04 | 1332.6 ms/update | 6148 tok/s
[train] 1718/4096 | 14073856 tok | loss 5.4893 | lr 6.666e-04 | 1331.6 ms/update | 6152 tok/s
[train] 1719/4096 | 14082048 tok | loss 5.1404 | lr 6.662e-04 | 1342.7 ms/update | 6101 tok/s
[train] 1720/4096 | 14090240 tok | loss 5.2998 | lr 6.659e-04 | 1350.8 ms/update | 6065 tok/s
[train] 1721/4096 | 14098432 tok | loss 5.3427 | lr 6.656e-04 | 1328.4 ms/update | 6167 tok/s
[train] 1722/4096 | 14106624 tok | loss 5.5500 | lr 6.652e-04 | 1329.8 ms/update | 6160 tok/s
[train] 1723/4096 | 14114816 tok | loss 5.4683 | lr 6.649e-04 | 1343.2 ms/update | 6099 tok/s
[train] 1724/4096 | 14123008 tok | loss 5.4965 | lr 6.646e-04 | 1330.5 ms/update | 6157 tok/s
[train] 1725/4096 | 14131200 tok | loss 5.5459 | lr 6.642e-04 | 1330.9 ms/update | 6155 tok/s
[train] 1726/4096 | 14139392 tok | loss 5.4115 | lr 6.639e-04 | 1332.6 ms/update | 6148 tok/s
[train] 1727/4096 | 14147584 tok | loss 5.4448 | lr 6.636e-04 | 1339.4 ms/update | 6116 tok/s
[train] 1728/4096 | 14155776 tok | loss 5.1903 | lr 6.632e-04 | 1332.0 ms/update | 6150 tok/s
[train] 1729/4096 | 14163968 tok | loss 5.2075 | lr 6.629e-04 | 1331.9 ms/update | 6151 tok/s
[train] 1730/4096 | 14172160 tok | loss 5.3981 | lr 6.626e-04 | 1330.8 ms/update | 6156 tok/s
[train] 1731/4096 | 14180352 tok | loss 5.1181 | lr 6.622e-04 | 1331.9 ms/update | 6151 tok/s
[train] 1732/4096 | 14188544 tok | loss 5.2126 | lr 6.619e-04 | 1331.6 ms/update | 6152 tok/s
[train] 1733/4096 | 14196736 tok | loss 5.4528 | lr 6.615e-04 | 1337.5 ms/update | 6125 tok/s
[train] 1734/4096 | 14204928 tok | loss 5.3854 | lr 6.612e-04 | 1338.2 ms/update | 6122 tok/s
[train] 1735/4096 | 14213120 tok | loss 5.1000 | lr 6.609e-04 | 1327.6 ms/update | 6170 tok/s
[train] 1736/4096 | 14221312 tok | loss 5.3241 | lr 6.605e-04 | 1332.4 ms/update | 6148 tok/s
[train] 1737/4096 | 14229504 tok | loss 5.4409 | lr 6.602e-04 | 1327.9 ms/update | 6169 tok/s
[train] 1738/4096 | 14237696 tok | loss 5.2714 | lr 6.599e-04 | 1345.2 ms/update | 6090 tok/s
[train] 1739/4096 | 14245888 tok | loss 5.4079 | lr 6.595e-04 | 1332.9 ms/update | 6146 tok/s
[train] 1740/4096 | 14254080 tok | loss 5.3197 | lr 6.592e-04 | 1332.3 ms/update | 6149 tok/s
[train] 1741/4096 | 14262272 tok | loss 5.1904 | lr 6.589e-04 | 1331.2 ms/update | 6154 tok/s
[train] 1742/4096 | 14270464 tok | loss 5.2722 | lr 6.585e-04 | 1328.7 ms/update | 6165 tok/s
[train] 1743/4096 | 14278656 tok | loss 5.5295 | lr 6.582e-04 | 1344.1 ms/update | 6095 tok/s
[train] 1744/4096 | 14286848 tok | loss 5.5183 | lr 6.578e-04 | 1343.2 ms/update | 6099 tok/s
[train] 1745/4096 | 14295040 tok | loss 5.2153 | lr 6.575e-04 | 1345.6 ms/update | 6088 tok/s
[train] 1746/4096 | 14303232 tok | loss 4.8590 | lr 6.572e-04 | 1330.6 ms/update | 6156 tok/s
[train] 1747/4096 | 14311424 tok | loss 5.0790 | lr 6.568e-04 | 1330.8 ms/update | 6155 tok/s
[train] 1748/4096 | 14319616 tok | loss 4.9687 | lr 6.565e-04 | 1329.8 ms/update | 6160 tok/s
[train] 1749/4096 | 14327808 tok | loss 5.0711 | lr 6.562e-04 | 1328.8 ms/update | 6165 tok/s
[train] 1750/4096 | 14336000 tok | loss 5.2049 | lr 6.558e-04 | 1326.8 ms/update | 6174 tok/s
[train] 1751/4096 | 14344192 tok | loss 5.1522 | lr 6.555e-04 | 1327.0 ms/update | 6173 tok/s
[train] 1752/4096 | 14352384 tok | loss 5.2449 | lr 6.552e-04 | 1329.3 ms/update | 6162 tok/s
[train] 1753/4096 | 14360576 tok | loss 5.3674 | lr 6.548e-04 | 1337.6 ms/update | 6124 tok/s
[train] 1754/4096 | 14368768 tok | loss 5.2690 | lr 6.545e-04 | 1330.1 ms/update | 6159 tok/s
[train] 1755/4096 | 14376960 tok | loss 5.1517 | lr 6.541e-04 | 1330.5 ms/update | 6157 tok/s
[train] 1756/4096 | 14385152 tok | loss 5.5199 | lr 6.538e-04 | 1333.7 ms/update | 6143 tok/s
[train] 1757/4096 | 14393344 tok | loss 4.8677 | lr 6.535e-04 | 1329.9 ms/update | 6160 tok/s
[train] 1758/4096 | 14401536 tok | loss 5.5073 | lr 6.531e-04 | 1330.3 ms/update | 6158 tok/s
[train] 1759/4096 | 14409728 tok | loss 5.0758 | lr 6.528e-04 | 1325.6 ms/update | 6180 tok/s
[train] 1760/4096 | 14417920 tok | loss 5.6691 | lr 6.525e-04 | 1332.8 ms/update | 6146 tok/s
[train] 1761/4096 | 14426112 tok | loss 4.8502 | lr 6.521e-04 | 1333.9 ms/update | 6141 tok/s
[train] 1762/4096 | 14434304 tok | loss 5.3485 | lr 6.518e-04 | 1331.4 ms/update | 6153 tok/s
[train] 1763/4096 | 14442496 tok | loss 5.2336 | lr 6.514e-04 | 1332.8 ms/update | 6146 tok/s
[train] 1764/4096 | 14450688 tok | loss 5.2824 | lr 6.511e-04 | 1331.8 ms/update | 6151 tok/s
[train] 1765/4096 | 14458880 tok | loss 5.2973 | lr 6.508e-04 | 1331.0 ms/update | 6155 tok/s
[train] 1766/4096 | 14467072 tok | loss 5.1535 | lr 6.504e-04 | 1332.1 ms/update | 6150 tok/s
[train] 1767/4096 | 14475264 tok | loss 5.6142 | lr 6.501e-04 | 1336.6 ms/update | 6129 tok/s
[train] 1768/4096 | 14483456 tok | loss 5.1113 | lr 6.497e-04 | 1338.9 ms/update | 6119 tok/s
[train] 1769/4096 | 14491648 tok | loss 5.0434 | lr 6.494e-04 | 1335.0 ms/update | 6136 tok/s
[train] 1770/4096 | 14499840 tok | loss 5.0848 | lr 6.491e-04 | 1334.7 ms/update | 6138 tok/s
[train] 1771/4096 | 14508032 tok | loss 5.3249 | lr 6.487e-04 | 1336.3 ms/update | 6130 tok/s
[train] 1772/4096 | 14516224 tok | loss 5.2137 | lr 6.484e-04 | 1339.0 ms/update | 6118 tok/s
[train] 1773/4096 | 14524416 tok | loss 5.5186 | lr 6.481e-04 | 1332.5 ms/update | 6148 tok/s
[train] 1774/4096 | 14532608 tok | loss 4.9389 | lr 6.477e-04 | 1335.1 ms/update | 6136 tok/s
[train] 1775/4096 | 14540800 tok | loss 5.3470 | lr 6.474e-04 | 1332.0 ms/update | 6150 tok/s
[train] 1776/4096 | 14548992 tok | loss 5.0400 | lr 6.470e-04 | 1332.7 ms/update | 6147 tok/s
[train] 1777/4096 | 14557184 tok | loss 5.3615 | lr 6.467e-04 | 1327.4 ms/update | 6171 tok/s
[train] 1778/4096 | 14565376 tok | loss 5.2402 | lr 6.464e-04 | 1339.3 ms/update | 6117 tok/s
[train] 1779/4096 | 14573568 tok | loss 5.0231 | lr 6.460e-04 | 1329.2 ms/update | 6163 tok/s
[train] 1780/4096 | 14581760 tok | loss 5.3766 | lr 6.457e-04 | 1334.7 ms/update | 6138 tok/s
[train] 1781/4096 | 14589952 tok | loss 5.2280 | lr 6.453e-04 | 1329.5 ms/update | 6161 tok/s
[train] 1782/4096 | 14598144 tok | loss 5.3125 | lr 6.450e-04 | 1341.4 ms/update | 6107 tok/s
[train] 1783/4096 | 14606336 tok | loss 5.1177 | lr 6.447e-04 | 1337.1 ms/update | 6127 tok/s
[train] 1784/4096 | 14614528 tok | loss 5.4208 | lr 6.443e-04 | 1334.7 ms/update | 6138 tok/s
[train] 1785/4096 | 14622720 tok | loss 5.3184 | lr 6.440e-04 | 1336.8 ms/update | 6128 tok/s
[train] 1786/4096 | 14630912 tok | loss 5.3683 | lr 6.437e-04 | 1334.9 ms/update | 6137 tok/s
[train] 1787/4096 | 14639104 tok | loss 5.0789 | lr 6.433e-04 | 1334.1 ms/update | 6140 tok/s
[train] 1788/4096 | 14647296 tok | loss 5.2814 | lr 6.430e-04 | 1337.1 ms/update | 6127 tok/s
[train] 1789/4096 | 14655488 tok | loss 5.4958 | lr 6.426e-04 | 1337.8 ms/update | 6124 tok/s
[train] 1790/4096 | 14663680 tok | loss 4.9647 | lr 6.423e-04 | 1334.4 ms/update | 6139 tok/s
[train] 1791/4096 | 14671872 tok | loss 5.1098 | lr 6.420e-04 | 1340.9 ms/update | 6109 tok/s
[train] 1792/4096 | 14680064 tok | loss 5.2140 | lr 6.416e-04 | 1341.3 ms/update | 6107 tok/s
[eval] step 1792 | val NLL 5.0468 | ppl 155.53 | 65536 tokens
[ckpt] latest.pt @ step 1792
[train] 1793/4096 | 14688256 tok | loss 5.2709 | lr 6.413e-04 | 1347.7 ms/update | 6078 tok/s
[train] 1794/4096 | 14696448 tok | loss 5.0822 | lr 6.409e-04 | 1339.3 ms/update | 6116 tok/s
[train] 1795/4096 | 14704640 tok | loss 5.2048 | lr 6.406e-04 | 1332.4 ms/update | 6148 tok/s
[train] 1796/4096 | 14712832 tok | loss 5.2037 | lr 6.403e-04 | 1332.5 ms/update | 6148 tok/s
[train] 1797/4096 | 14721024 tok | loss 5.3320 | lr 6.399e-04 | 1332.1 ms/update | 6150 tok/s
[train] 1798/4096 | 14729216 tok | loss 5.2946 | lr 6.396e-04 | 1328.3 ms/update | 6167 tok/s
[train] 1799/4096 | 14737408 tok | loss 5.5754 | lr 6.392e-04 | 1322.7 ms/update | 6193 tok/s
[train] 1800/4096 | 14745600 tok | loss 5.2439 | lr 6.389e-04 | 1333.5 ms/update | 6143 tok/s
[train] 1801/4096 | 14753792 tok | loss 5.1799 | lr 6.386e-04 | 1328.6 ms/update | 6166 tok/s
[train] 1802/4096 | 14761984 tok | loss 5.3546 | lr 6.382e-04 | 1329.7 ms/update | 6161 tok/s
[train] 1803/4096 | 14770176 tok | loss 5.3964 | lr 6.379e-04 | 1330.4 ms/update | 6158 tok/s
[train] 1804/4096 | 14778368 tok | loss 5.2859 | lr 6.375e-04 | 1330.3 ms/update | 6158 tok/s
[train] 1805/4096 | 14786560 tok | loss 5.3305 | lr 6.372e-04 | 1335.9 ms/update | 6132 tok/s
[train] 1806/4096 | 14794752 tok | loss 5.2925 | lr 6.369e-04 | 1329.0 ms/update | 6164 tok/s
[train] 1807/4096 | 14802944 tok | loss 5.4185 | lr 6.365e-04 | 1337.9 ms/update | 6123 tok/s
[train] 1808/4096 | 14811136 tok | loss 5.1822 | lr 6.362e-04 | 1330.2 ms/update | 6159 tok/s
[train] 1809/4096 | 14819328 tok | loss 5.6569 | lr 6.358e-04 | 1340.0 ms/update | 6113 tok/s
[train] 1810/4096 | 14827520 tok | loss 5.4068 | lr 6.355e-04 | 1338.1 ms/update | 6122 tok/s
[train] 1811/4096 | 14835712 tok | loss 5.2858 | lr 6.352e-04 | 1334.9 ms/update | 6137 tok/s
[train] 1812/4096 | 14843904 tok | loss 5.1946 | lr 6.348e-04 | 1333.2 ms/update | 6145 tok/s
[train] 1813/4096 | 14852096 tok | loss 5.1187 | lr 6.345e-04 | 1335.6 ms/update | 6134 tok/s
[train] 1814/4096 | 14860288 tok | loss 5.0896 | lr 6.341e-04 | 1334.0 ms/update | 6141 tok/s
[train] 1815/4096 | 14868480 tok | loss 5.3596 | lr 6.338e-04 | 1334.1 ms/update | 6140 tok/s
[train] 1816/4096 | 14876672 tok | loss 5.3179 | lr 6.334e-04 | 1333.2 ms/update | 6144 tok/s
[train] 1817/4096 | 14884864 tok | loss 5.2359 | lr 6.331e-04 | 1334.1 ms/update | 6141 tok/s
[train] 1818/4096 | 14893056 tok | loss 4.9627 | lr 6.328e-04 | 1342.6 ms/update | 6101 tok/s
[train] 1819/4096 | 14901248 tok | loss 5.1368 | lr 6.324e-04 | 1336.9 ms/update | 6128 tok/s
[train] 1820/4096 | 14909440 tok | loss 5.0728 | lr 6.321e-04 | 1331.5 ms/update | 6153 tok/s
[train] 1821/4096 | 14917632 tok | loss 5.4310 | lr 6.317e-04 | 1329.6 ms/update | 6161 tok/s
[train] 1822/4096 | 14925824 tok | loss 5.4651 | lr 6.314e-04 | 1331.0 ms/update | 6155 tok/s
[train] 1823/4096 | 14934016 tok | loss 5.1193 | lr 6.311e-04 | 1330.6 ms/update | 6157 tok/s
[train] 1824/4096 | 14942208 tok | loss 5.2163 | lr 6.307e-04 | 1333.7 ms/update | 6142 tok/s
[train] 1825/4096 | 14950400 tok | loss 5.3626 | lr 6.304e-04 | 1336.8 ms/update | 6128 tok/s
[train] 1826/4096 | 14958592 tok | loss 5.3422 | lr 6.300e-04 | 1327.3 ms/update | 6172 tok/s
[train] 1827/4096 | 14966784 tok | loss 5.5840 | lr 6.297e-04 | 1324.6 ms/update | 6185 tok/s
[train] 1828/4096 | 14974976 tok | loss 5.4837 | lr 6.294e-04 | 1326.2 ms/update | 6177 tok/s
[train] 1829/4096 | 14983168 tok | loss 5.1620 | lr 6.290e-04 | 1327.8 ms/update | 6169 tok/s
[train] 1830/4096 | 14991360 tok | loss 5.0334 | lr 6.287e-04 | 1328.5 ms/update | 6166 tok/s
[train] 1831/4096 | 14999552 tok | loss 5.2612 | lr 6.283e-04 | 1323.0 ms/update | 6192 tok/s
[train] 1832/4096 | 15007744 tok | loss 5.4281 | lr 6.280e-04 | 1329.8 ms/update | 6160 tok/s
[train] 1833/4096 | 15015936 tok | loss 5.1144 | lr 6.276e-04 | 1334.6 ms/update | 6138 tok/s
[train] 1834/4096 | 15024128 tok | loss 5.4428 | lr 6.273e-04 | 1325.1 ms/update | 6182 tok/s
[train] 1835/4096 | 15032320 tok | loss 5.3694 | lr 6.270e-04 | 1327.9 ms/update | 6169 tok/s
[train] 1836/4096 | 15040512 tok | loss 5.2028 | lr 6.266e-04 | 1322.0 ms/update | 6197 tok/s
[train] 1837/4096 | 15048704 tok | loss 5.1872 | lr 6.263e-04 | 1328.0 ms/update | 6169 tok/s
[train] 1838/4096 | 15056896 tok | loss 5.2351 | lr 6.259e-04 | 1319.1 ms/update | 6210 tok/s
[train] 1839/4096 | 15065088 tok | loss 5.3661 | lr 6.256e-04 | 1322.2 ms/update | 6196 tok/s
[train] 1840/4096 | 15073280 tok | loss 5.0489 | lr 6.253e-04 | 1327.4 ms/update | 6171 tok/s
[train] 1841/4096 | 15081472 tok | loss 5.2464 | lr 6.249e-04 | 1327.8 ms/update | 6170 tok/s
[train] 1842/4096 | 15089664 tok | loss 5.4298 | lr 6.246e-04 | 1333.8 ms/update | 6142 tok/s
[train] 1843/4096 | 15097856 tok | loss 5.4410 | lr 6.242e-04 | 1328.2 ms/update | 6168 tok/s
[train] 1844/4096 | 15106048 tok | loss 5.2957 | lr 6.239e-04 | 1324.3 ms/update | 6186 tok/s
[train] 1845/4096 | 15114240 tok | loss 5.1055 | lr 6.235e-04 | 1326.3 ms/update | 6177 tok/s
[train] 1846/4096 | 15122432 tok | loss 5.2869 | lr 6.232e-04 | 1324.1 ms/update | 6187 tok/s
[train] 1847/4096 | 15130624 tok | loss 5.3796 | lr 6.229e-04 | 1321.2 ms/update | 6200 tok/s
[train] 1848/4096 | 15138816 tok | loss 5.0565 | lr 6.225e-04 | 1340.4 ms/update | 6111 tok/s
[train] 1849/4096 | 15147008 tok | loss 5.1375 | lr 6.222e-04 | 1351.0 ms/update | 6064 tok/s
[train] 1850/4096 | 15155200 tok | loss 5.5562 | lr 6.218e-04 | 1343.8 ms/update | 6096 tok/s
[train] 1851/4096 | 15163392 tok | loss 5.2589 | lr 6.215e-04 | 1335.2 ms/update | 6136 tok/s
[train] 1852/4096 | 15171584 tok | loss 5.1679 | lr 6.211e-04 | 1326.2 ms/update | 6177 tok/s
[train] 1853/4096 | 15179776 tok | loss 4.9970 | lr 6.208e-04 | 1325.7 ms/update | 6179 tok/s
[train] 1854/4096 | 15187968 tok | loss 5.3996 | lr 6.205e-04 | 1323.2 ms/update | 6191 tok/s
[train] 1855/4096 | 15196160 tok | loss 5.4400 | lr 6.201e-04 | 1328.1 ms/update | 6168 tok/s
[train] 1856/4096 | 15204352 tok | loss 4.8490 | lr 6.198e-04 | 1335.7 ms/update | 6133 tok/s
[train] 1857/4096 | 15212544 tok | loss 5.4358 | lr 6.194e-04 | 1328.4 ms/update | 6167 tok/s
[train] 1858/4096 | 15220736 tok | loss 5.1146 | lr 6.191e-04 | 1325.1 ms/update | 6182 tok/s
[train] 1859/4096 | 15228928 tok | loss 5.2816 | lr 6.188e-04 | 1319.8 ms/update | 6207 tok/s
[train] 1860/4096 | 15237120 tok | loss 5.5532 | lr 6.184e-04 | 1320.2 ms/update | 6205 tok/s
[train] 1861/4096 | 15245312 tok | loss 5.1872 | lr 6.181e-04 | 1330.0 ms/update | 6160 tok/s
[train] 1862/4096 | 15253504 tok | loss 5.0347 | lr 6.177e-04 | 1329.1 ms/update | 6164 tok/s
[train] 1863/4096 | 15261696 tok | loss 5.4434 | lr 6.174e-04 | 1333.8 ms/update | 6142 tok/s
[train] 1864/4096 | 15269888 tok | loss 5.2152 | lr 6.170e-04 | 1326.9 ms/update | 6174 tok/s
[train] 1865/4096 | 15278080 tok | loss 5.3656 | lr 6.167e-04 | 1319.8 ms/update | 6207 tok/s
[train] 1866/4096 | 15286272 tok | loss 5.4632 | lr 6.164e-04 | 1326.7 ms/update | 6175 tok/s
[train] 1867/4096 | 15294464 tok | loss 5.3233 | lr 6.160e-04 | 1322.7 ms/update | 6194 tok/s
[train] 1868/4096 | 15302656 tok | loss 5.2073 | lr 6.157e-04 | 1324.9 ms/update | 6183 tok/s
[train] 1869/4096 | 15310848 tok | loss 5.3098 | lr 6.153e-04 | 1318.9 ms/update | 6211 tok/s
[train] 1870/4096 | 15319040 tok | loss 5.2837 | lr 6.150e-04 | 1322.7 ms/update | 6193 tok/s
[train] 1871/4096 | 15327232 tok | loss 5.1233 | lr 6.146e-04 | 1328.1 ms/update | 6168 tok/s
[train] 1872/4096 | 15335424 tok | loss 5.3256 | lr 6.143e-04 | 1331.1 ms/update | 6154 tok/s
[train] 1873/4096 | 15343616 tok | loss 5.5155 | lr 6.139e-04 | 1331.5 ms/update | 6152 tok/s
[train] 1874/4096 | 15351808 tok | loss 5.0460 | lr 6.136e-04 | 1323.9 ms/update | 6188 tok/s
[train] 1875/4096 | 15360000 tok | loss 5.1192 | lr 6.133e-04 | 1328.5 ms/update | 6167 tok/s
[train] 1876/4096 | 15368192 tok | loss 5.3955 | lr 6.129e-04 | 1328.3 ms/update | 6167 tok/s
[train] 1877/4096 | 15376384 tok | loss 5.0949 | lr 6.126e-04 | 1325.4 ms/update | 6181 tok/s
[train] 1878/4096 | 15384576 tok | loss 5.3078 | lr 6.122e-04 | 1339.9 ms/update | 6114 tok/s
[train] 1879/4096 | 15392768 tok | loss 5.0830 | lr 6.119e-04 | 1325.7 ms/update | 6179 tok/s
[train] 1880/4096 | 15400960 tok | loss 5.3032 | lr 6.115e-04 | 1326.8 ms/update | 6174 tok/s
[train] 1881/4096 | 15409152 tok | loss 5.6081 | lr 6.112e-04 | 1325.5 ms/update | 6180 tok/s
[train] 1882/4096 | 15417344 tok | loss 5.1432 | lr 6.109e-04 | 1326.6 ms/update | 6175 tok/s
[train] 1883/4096 | 15425536 tok | loss 5.3525 | lr 6.105e-04 | 1329.7 ms/update | 6161 tok/s
[train] 1884/4096 | 15433728 tok | loss 5.1521 | lr 6.102e-04 | 1331.0 ms/update | 6155 tok/s
[train] 1885/4096 | 15441920 tok | loss 5.3802 | lr 6.098e-04 | 1324.0 ms/update | 6188 tok/s
[train] 1886/4096 | 15450112 tok | loss 5.4771 | lr 6.095e-04 | 1329.8 ms/update | 6160 tok/s
[train] 1887/4096 | 15458304 tok | loss 5.2857 | lr 6.091e-04 | 1325.8 ms/update | 6179 tok/s
[train] 1888/4096 | 15466496 tok | loss 5.4240 | lr 6.088e-04 | 1328.0 ms/update | 6169 tok/s
[train] 1889/4096 | 15474688 tok | loss 5.3530 | lr 6.085e-04 | 1328.0 ms/update | 6169 tok/s
[train] 1890/4096 | 15482880 tok | loss 5.3593 | lr 6.081e-04 | 1325.1 ms/update | 6182 tok/s
[train] 1891/4096 | 15491072 tok | loss 5.6813 | lr 6.078e-04 | 1324.3 ms/update | 6186 tok/s
[train] 1892/4096 | 15499264 tok | loss 5.3697 | lr 6.074e-04 | 1327.9 ms/update | 6169 tok/s
[train] 1893/4096 | 15507456 tok | loss 5.6340 | lr 6.071e-04 | 1335.7 ms/update | 6133 tok/s
[train] 1894/4096 | 15515648 tok | loss 5.0837 | lr 6.067e-04 | 1331.7 ms/update | 6152 tok/s
[train] 1895/4096 | 15523840 tok | loss 5.3196 | lr 6.064e-04 | 1329.7 ms/update | 6161 tok/s
[train] 1896/4096 | 15532032 tok | loss 5.4890 | lr 6.060e-04 | 1328.0 ms/update | 6169 tok/s
[train] 1897/4096 | 15540224 tok | loss 5.3363 | lr 6.057e-04 | 1324.0 ms/update | 6187 tok/s
[train] 1898/4096 | 15548416 tok | loss 5.3996 | lr 6.054e-04 | 1327.6 ms/update | 6171 tok/s
[train] 1899/4096 | 15556608 tok | loss 5.6523 | lr 6.050e-04 | 1318.8 ms/update | 6212 tok/s
[train] 1900/4096 | 15564800 tok | loss 5.2374 | lr 6.047e-04 | 1327.0 ms/update | 6174 tok/s
[train] 1901/4096 | 15572992 tok | loss 5.3211 | lr 6.043e-04 | 1328.6 ms/update | 6166 tok/s
[train] 1902/4096 | 15581184 tok | loss 5.2062 | lr 6.040e-04 | 1328.4 ms/update | 6167 tok/s
[train] 1903/4096 | 15589376 tok | loss 5.0203 | lr 6.036e-04 | 1329.4 ms/update | 6162 tok/s
[train] 1904/4096 | 15597568 tok | loss 5.0321 | lr 6.033e-04 | 1325.4 ms/update | 6181 tok/s
[train] 1905/4096 | 15605760 tok | loss 5.0691 | lr 6.029e-04 | 1325.6 ms/update | 6180 tok/s
[train] 1906/4096 | 15613952 tok | loss 5.2636 | lr 6.026e-04 | 1328.9 ms/update | 6164 tok/s
[train] 1907/4096 | 15622144 tok | loss 5.3348 | lr 6.023e-04 | 1327.3 ms/update | 6172 tok/s
[train] 1908/4096 | 15630336 tok | loss 5.3786 | lr 6.019e-04 | 1336.0 ms/update | 6132 tok/s
[train] 1909/4096 | 15638528 tok | loss 5.2218 | lr 6.016e-04 | 1327.3 ms/update | 6172 tok/s
[train] 1910/4096 | 15646720 tok | loss 5.2443 | lr 6.012e-04 | 1324.0 ms/update | 6187 tok/s
[train] 1911/4096 | 15654912 tok | loss 5.3934 | lr 6.009e-04 | 1324.1 ms/update | 6187 tok/s
[train] 1912/4096 | 15663104 tok | loss 5.3086 | lr 6.005e-04 | 1324.7 ms/update | 6184 tok/s
[train] 1913/4096 | 15671296 tok | loss 5.0194 | lr 6.002e-04 | 1331.4 ms/update | 6153 tok/s
[train] 1914/4096 | 15679488 tok | loss 5.3143 | lr 5.998e-04 | 1326.6 ms/update | 6175 tok/s
[train] 1915/4096 | 15687680 tok | loss 5.4503 | lr 5.995e-04 | 1321.7 ms/update | 6198 tok/s
[train] 1916/4096 | 15695872 tok | loss 5.3821 | lr 5.992e-04 | 1334.7 ms/update | 6138 tok/s
[train] 1917/4096 | 15704064 tok | loss 4.7797 | lr 5.988e-04 | 1326.1 ms/update | 6177 tok/s
[train] 1918/4096 | 15712256 tok | loss 5.3953 | lr 5.985e-04 | 1325.1 ms/update | 6182 tok/s
[train] 1919/4096 | 15720448 tok | loss 5.5889 | lr 5.981e-04 | 1324.1 ms/update | 6187 tok/s
[train] 1920/4096 | 15728640 tok | loss 4.9571 | lr 5.978e-04 | 1326.6 ms/update | 6175 tok/s
[eval] step 1920 | val NLL 5.0210 | ppl 151.56 | 65536 tokens
[ckpt] latest.pt @ step 1920
[train] 1921/4096 | 15736832 tok | loss 5.2159 | lr 5.974e-04 | 1331.3 ms/update | 6154 tok/s
[train] 1922/4096 | 15745024 tok | loss 5.3495 | lr 5.971e-04 | 1324.7 ms/update | 6184 tok/s
[train] 1923/4096 | 15753216 tok | loss 5.0253 | lr 5.967e-04 | 1328.4 ms/update | 6167 tok/s
[train] 1924/4096 | 15761408 tok | loss 5.4015 | lr 5.964e-04 | 1332.2 ms/update | 6149 tok/s
[train] 1925/4096 | 15769600 tok | loss 4.9943 | lr 5.960e-04 | 1328.6 ms/update | 6166 tok/s
[train] 1926/4096 | 15777792 tok | loss 5.1927 | lr 5.957e-04 | 1327.3 ms/update | 6172 tok/s
[train] 1927/4096 | 15785984 tok | loss 5.3097 | lr 5.954e-04 | 1330.2 ms/update | 6158 tok/s
[train] 1928/4096 | 15794176 tok | loss 5.2354 | lr 5.950e-04 | 1328.9 ms/update | 6165 tok/s
[train] 1929/4096 | 15802368 tok | loss 4.9614 | lr 5.947e-04 | 1325.4 ms/update | 6181 tok/s
[train] 1930/4096 | 15810560 tok | loss 5.1561 | lr 5.943e-04 | 1325.8 ms/update | 6179 tok/s
[train] 1931/4096 | 15818752 tok | loss 5.1525 | lr 5.940e-04 | 1329.0 ms/update | 6164 tok/s
[train] 1932/4096 | 15826944 tok | loss 5.1673 | lr 5.936e-04 | 1323.8 ms/update | 6188 tok/s
[train] 1933/4096 | 15835136 tok | loss 4.8837 | lr 5.933e-04 | 1334.2 ms/update | 6140 tok/s
[train] 1934/4096 | 15843328 tok | loss 5.2858 | lr 5.929e-04 | 1329.4 ms/update | 6162 tok/s
[train] 1935/4096 | 15851520 tok | loss 5.3217 | lr 5.926e-04 | 1329.7 ms/update | 6161 tok/s
[train] 1936/4096 | 15859712 tok | loss 5.1389 | lr 5.923e-04 | 1331.6 ms/update | 6152 tok/s
[train] 1937/4096 | 15867904 tok | loss 5.1945 | lr 5.919e-04 | 1329.5 ms/update | 6162 tok/s
[train] 1938/4096 | 15876096 tok | loss 5.5152 | lr 5.916e-04 | 1330.9 ms/update | 6155 tok/s
[train] 1939/4096 | 15884288 tok | loss 5.4091 | lr 5.912e-04 | 1327.7 ms/update | 6170 tok/s
[train] 1940/4096 | 15892480 tok | loss 5.2458 | lr 5.909e-04 | 1330.5 ms/update | 6157 tok/s
[train] 1941/4096 | 15900672 tok | loss 5.1062 | lr 5.905e-04 | 1334.9 ms/update | 6137 tok/s
[train] 1942/4096 | 15908864 tok | loss 5.3052 | lr 5.902e-04 | 1329.5 ms/update | 6162 tok/s
[train] 1943/4096 | 15917056 tok | loss 5.1775 | lr 5.898e-04 | 1342.1 ms/update | 6104 tok/s
[train] 1944/4096 | 15925248 tok | loss 5.1901 | lr 5.895e-04 | 1332.2 ms/update | 6149 tok/s
[train] 1945/4096 | 15933440 tok | loss 5.0700 | lr 5.891e-04 | 1331.4 ms/update | 6153 tok/s
[train] 1946/4096 | 15941632 tok | loss 5.1431 | lr 5.888e-04 | 1326.1 ms/update | 6178 tok/s
[train] 1947/4096 | 15949824 tok | loss 5.0603 | lr 5.885e-04 | 1326.0 ms/update | 6178 tok/s
[train] 1948/4096 | 15958016 tok | loss 5.0372 | lr 5.881e-04 | 1325.3 ms/update | 6181 tok/s
[train] 1949/4096 | 15966208 tok | loss 5.1887 | lr 5.878e-04 | 1329.9 ms/update | 6160 tok/s
[train] 1950/4096 | 15974400 tok | loss 5.2182 | lr 5.874e-04 | 1326.6 ms/update | 6175 tok/s
[train] 1951/4096 | 15982592 tok | loss 5.4115 | lr 5.871e-04 | 1326.0 ms/update | 6178 tok/s
[train] 1952/4096 | 15990784 tok | loss 5.0904 | lr 5.867e-04 | 1330.5 ms/update | 6157 tok/s
[train] 1953/4096 | 15998976 tok | loss 4.9966 | lr 5.864e-04 | 1327.9 ms/update | 6169 tok/s
[train] 1954/4096 | 16007168 tok | loss 5.2974 | lr 5.860e-04 | 1324.0 ms/update | 6187 tok/s
[train] 1955/4096 | 16015360 tok | loss 5.2097 | lr 5.857e-04 | 1329.6 ms/update | 6161 tok/s
[train] 1956/4096 | 16023552 tok | loss 5.1347 | lr 5.853e-04 | 1330.4 ms/update | 6158 tok/s
[train] 1957/4096 | 16031744 tok | loss 5.2835 | lr 5.850e-04 | 1325.8 ms/update | 6179 tok/s
[train] 1958/4096 | 16039936 tok | loss 5.3810 | lr 5.846e-04 | 1332.9 ms/update | 6146 tok/s
[train] 1959/4096 | 16048128 tok | loss 5.0387 | lr 5.843e-04 | 1322.2 ms/update | 6196 tok/s
[train] 1960/4096 | 16056320 tok | loss 5.4153 | lr 5.840e-04 | 1326.3 ms/update | 6177 tok/s
[train] 1961/4096 | 16064512 tok | loss 5.2806 | lr 5.836e-04 | 1324.1 ms/update | 6187 tok/s
[train] 1962/4096 | 16072704 tok | loss 5.3268 | lr 5.833e-04 | 1332.1 ms/update | 6150 tok/s
[train] 1963/4096 | 16080896 tok | loss 5.4296 | lr 5.829e-04 | 1327.9 ms/update | 6169 tok/s
[train] 1964/4096 | 16089088 tok | loss 5.5115 | lr 5.826e-04 | 1322.5 ms/update | 6194 tok/s
[train] 1965/4096 | 16097280 tok | loss 5.3241 | lr 5.822e-04 | 1321.2 ms/update | 6200 tok/s
[train] 1966/4096 | 16105472 tok | loss 5.3671 | lr 5.819e-04 | 1330.1 ms/update | 6159 tok/s
[train] 1967/4096 | 16113664 tok | loss 5.3013 | lr 5.815e-04 | 1319.2 ms/update | 6210 tok/s
[train] 1968/4096 | 16121856 tok | loss 5.4190 | lr 5.812e-04 | 1327.3 ms/update | 6172 tok/s
[train] 1969/4096 | 16130048 tok | loss 5.3769 | lr 5.808e-04 | 1321.4 ms/update | 6200 tok/s
[train] 1970/4096 | 16138240 tok | loss 5.2868 | lr 5.805e-04 | 1320.8 ms/update | 6202 tok/s
[train] 1971/4096 | 16146432 tok | loss 5.0599 | lr 5.802e-04 | 1326.0 ms/update | 6178 tok/s
[train] 1972/4096 | 16154624 tok | loss 5.4481 | lr 5.798e-04 | 1319.8 ms/update | 6207 tok/s
[train] 1973/4096 | 16162816 tok | loss 5.0411 | lr 5.795e-04 | 1333.9 ms/update | 6141 tok/s
[train] 1974/4096 | 16171008 tok | loss 5.2211 | lr 5.791e-04 | 1324.8 ms/update | 6184 tok/s
[train] 1975/4096 | 16179200 tok | loss 5.2471 | lr 5.788e-04 | 1324.9 ms/update | 6183 tok/s
[train] 1976/4096 | 16187392 tok | loss 5.2048 | lr 5.784e-04 | 1328.1 ms/update | 6168 tok/s
[train] 1977/4096 | 16195584 tok | loss 5.3557 | lr 5.781e-04 | 1327.2 ms/update | 6173 tok/s
[train] 1978/4096 | 16203776 tok | loss 4.8969 | lr 5.777e-04 | 1324.4 ms/update | 6185 tok/s
[train] 1979/4096 | 16211968 tok | loss 5.2340 | lr 5.774e-04 | 1325.5 ms/update | 6180 tok/s
[train] 1980/4096 | 16220160 tok | loss 5.4045 | lr 5.770e-04 | 1320.4 ms/update | 6204 tok/s
[train] 1981/4096 | 16228352 tok | loss 5.3060 | lr 5.767e-04 | 1339.3 ms/update | 6117 tok/s
[train] 1982/4096 | 16236544 tok | loss 5.0563 | lr 5.763e-04 | 1322.4 ms/update | 6195 tok/s
[train] 1983/4096 | 16244736 tok | loss 5.1391 | lr 5.760e-04 | 1321.9 ms/update | 6197 tok/s
[train] 1984/4096 | 16252928 tok | loss 5.2550 | lr 5.757e-04 | 1332.9 ms/update | 6146 tok/s
[train] 1985/4096 | 16261120 tok | loss 5.3600 | lr 5.753e-04 | 1329.0 ms/update | 6164 tok/s
[train] 1986/4096 | 16269312 tok | loss 5.4274 | lr 5.750e-04 | 1324.0 ms/update | 6187 tok/s
[train] 1987/4096 | 16277504 tok | loss 5.1099 | lr 5.746e-04 | 1327.9 ms/update | 6169 tok/s
[train] 1988/4096 | 16285696 tok | loss 5.3680 | lr 5.743e-04 | 1330.3 ms/update | 6158 tok/s
[train] 1989/4096 | 16293888 tok | loss 5.1604 | lr 5.739e-04 | 1323.4 ms/update | 6190 tok/s
[train] 1990/4096 | 16302080 tok | loss 5.3398 | lr 5.736e-04 | 1327.5 ms/update | 6171 tok/s
[train] 1991/4096 | 16310272 tok | loss 5.0193 | lr 5.732e-04 | 1326.5 ms/update | 6176 tok/s
[train] 1992/4096 | 16318464 tok | loss 5.1134 | lr 5.729e-04 | 1329.5 ms/update | 6162 tok/s
[train] 1993/4096 | 16326656 tok | loss 5.1851 | lr 5.725e-04 | 1324.0 ms/update | 6187 tok/s
[train] 1994/4096 | 16334848 tok | loss 5.3573 | lr 5.722e-04 | 1323.7 ms/update | 6189 tok/s
[train] 1995/4096 | 16343040 tok | loss 4.8223 | lr 5.718e-04 | 1329.2 ms/update | 6163 tok/s
[train] 1996/4096 | 16351232 tok | loss 5.3550 | lr 5.715e-04 | 1328.8 ms/update | 6165 tok/s
[train] 1997/4096 | 16359424 tok | loss 4.9163 | lr 5.711e-04 | 1327.5 ms/update | 6171 tok/s
[train] 1998/4096 | 16367616 tok | loss 4.9939 | lr 5.708e-04 | 1331.0 ms/update | 6155 tok/s
[train] 1999/4096 | 16375808 tok | loss 5.1856 | lr 5.705e-04 | 1326.7 ms/update | 6175 tok/s
[train] 2000/4096 | 16384000 tok | loss 4.9745 | lr 5.701e-04 | 1331.7 ms/update | 6151 tok/s
[train] 2001/4096 | 16392192 tok | loss 5.4759 | lr 5.698e-04 | 1327.0 ms/update | 6174 tok/s
[train] 2002/4096 | 16400384 tok | loss 5.2396 | lr 5.694e-04 | 1327.1 ms/update | 6173 tok/s
[train] 2003/4096 | 16408576 tok | loss 4.9378 | lr 5.691e-04 | 1324.8 ms/update | 6184 tok/s
[train] 2004/4096 | 16416768 tok | loss 5.5265 | lr 5.687e-04 | 1331.8 ms/update | 6151 tok/s
[train] 2005/4096 | 16424960 tok | loss 5.1782 | lr 5.684e-04 | 1329.7 ms/update | 6161 tok/s
[train] 2006/4096 | 16433152 tok | loss 5.1077 | lr 5.680e-04 | 1329.0 ms/update | 6164 tok/s
[train] 2007/4096 | 16441344 tok | loss 5.4459 | lr 5.677e-04 | 1326.6 ms/update | 6175 tok/s
[train] 2008/4096 | 16449536 tok | loss 5.1531 | lr 5.673e-04 | 1322.8 ms/update | 6193 tok/s
[train] 2009/4096 | 16457728 tok | loss 5.3674 | lr 5.670e-04 | 1321.7 ms/update | 6198 tok/s
[train] 2010/4096 | 16465920 tok | loss 5.1047 | lr 5.666e-04 | 1330.2 ms/update | 6158 tok/s
[train] 2011/4096 | 16474112 tok | loss 5.2936 | lr 5.663e-04 | 1333.6 ms/update | 6143 tok/s
[train] 2012/4096 | 16482304 tok | loss 5.3490 | lr 5.660e-04 | 1328.7 ms/update | 6165 tok/s
[train] 2013/4096 | 16490496 tok | loss 4.9177 | lr 5.656e-04 | 1326.9 ms/update | 6174 tok/s
[train] 2014/4096 | 16498688 tok | loss 5.3042 | lr 5.653e-04 | 1330.2 ms/update | 6159 tok/s
[train] 2015/4096 | 16506880 tok | loss 5.2689 | lr 5.649e-04 | 1333.9 ms/update | 6141 tok/s
[train] 2016/4096 | 16515072 tok | loss 5.4958 | lr 5.646e-04 | 1327.9 ms/update | 6169 tok/s
[train] 2017/4096 | 16523264 tok | loss 5.4213 | lr 5.642e-04 | 1324.1 ms/update | 6187 tok/s
[train] 2018/4096 | 16531456 tok | loss 5.1972 | lr 5.639e-04 | 1326.8 ms/update | 6174 tok/s
[train] 2019/4096 | 16539648 tok | loss 5.0643 | lr 5.635e-04 | 1331.4 ms/update | 6153 tok/s
[train] 2020/4096 | 16547840 tok | loss 5.0451 | lr 5.632e-04 | 1325.9 ms/update | 6179 tok/s
[train] 2021/4096 | 16556032 tok | loss 5.4495 | lr 5.628e-04 | 1326.3 ms/update | 6177 tok/s
[train] 2022/4096 | 16564224 tok | loss 5.5178 | lr 5.625e-04 | 1329.7 ms/update | 6161 tok/s
[train] 2023/4096 | 16572416 tok | loss 5.2758 | lr 5.621e-04 | 1327.4 ms/update | 6172 tok/s
[train] 2024/4096 | 16580608 tok | loss 5.4177 | lr 5.618e-04 | 1327.3 ms/update | 6172 tok/s
[train] 2025/4096 | 16588800 tok | loss 5.4574 | lr 5.614e-04 | 1318.6 ms/update | 6212 tok/s
[train] 2026/4096 | 16596992 tok | loss 4.9666 | lr 5.611e-04 | 1336.3 ms/update | 6130 tok/s
[train] 2027/4096 | 16605184 tok | loss 4.8548 | lr 5.608e-04 | 1326.8 ms/update | 6174 tok/s
[train] 2028/4096 | 16613376 tok | loss 5.2896 | lr 5.604e-04 | 1324.7 ms/update | 6184 tok/s
[train] 2029/4096 | 16621568 tok | loss 5.5641 | lr 5.601e-04 | 1329.6 ms/update | 6161 tok/s
[train] 2030/4096 | 16629760 tok | loss 5.3331 | lr 5.597e-04 | 1328.4 ms/update | 6167 tok/s
[train] 2031/4096 | 16637952 tok | loss 5.2278 | lr 5.594e-04 | 1324.5 ms/update | 6185 tok/s
[train] 2032/4096 | 16646144 tok | loss 5.1734 | lr 5.590e-04 | 1332.5 ms/update | 6148 tok/s
[train] 2033/4096 | 16654336 tok | loss 5.0910 | lr 5.587e-04 | 1335.1 ms/update | 6136 tok/s
[train] 2034/4096 | 16662528 tok | loss 5.1115 | lr 5.583e-04 | 1322.2 ms/update | 6196 tok/s
[train] 2035/4096 | 16670720 tok | loss 5.5040 | lr 5.580e-04 | 1328.7 ms/update | 6165 tok/s
[train] 2036/4096 | 16678912 tok | loss 4.9861 | lr 5.576e-04 | 1322.6 ms/update | 6194 tok/s
[train] 2037/4096 | 16687104 tok | loss 5.4086 | lr 5.573e-04 | 1325.4 ms/update | 6181 tok/s
[train] 2038/4096 | 16695296 tok | loss 5.3466 | lr 5.569e-04 | 1323.1 ms/update | 6191 tok/s
[train] 2039/4096 | 16703488 tok | loss 5.3776 | lr 5.566e-04 | 1325.8 ms/update | 6179 tok/s
[train] 2040/4096 | 16711680 tok | loss 5.2982 | lr 5.562e-04 | 1325.8 ms/update | 6179 tok/s
[train] 2041/4096 | 16719872 tok | loss 5.2363 | lr 5.559e-04 | 1338.0 ms/update | 6122 tok/s
[train] 2042/4096 | 16728064 tok | loss 5.2372 | lr 5.555e-04 | 1327.5 ms/update | 6171 tok/s
[train] 2043/4096 | 16736256 tok | loss 5.2295 | lr 5.552e-04 | 1321.9 ms/update | 6197 tok/s
[train] 2044/4096 | 16744448 tok | loss 5.0505 | lr 5.549e-04 | 1329.0 ms/update | 6164 tok/s
[train] 2045/4096 | 16752640 tok | loss 5.2501 | lr 5.545e-04 | 1326.6 ms/update | 6175 tok/s
[train] 2046/4096 | 16760832 tok | loss 5.0661 | lr 5.542e-04 | 1323.5 ms/update | 6190 tok/s
[train] 2047/4096 | 16769024 tok | loss 5.4303 | lr 5.538e-04 | 1329.0 ms/update | 6164 tok/s
[train] 2048/4096 | 16777216 tok | loss 5.3828 | lr 5.535e-04 | 1336.3 ms/update | 6130 tok/s
[eval] step 2048 | val NLL 5.0077 | ppl 149.56 | 65536 tokens
[ckpt] latest.pt @ step 2048
[train] 2049/4096 | 16785408 tok | loss 4.9349 | lr 5.531e-04 | 1333.3 ms/update | 6144 tok/s
[train] 2050/4096 | 16793600 tok | loss 5.3184 | lr 5.528e-04 | 1338.1 ms/update | 6122 tok/s
[train] 2051/4096 | 16801792 tok | loss 5.3130 | lr 5.524e-04 | 1323.4 ms/update | 6190 tok/s
[train] 2052/4096 | 16809984 tok | loss 5.3092 | lr 5.521e-04 | 1331.6 ms/update | 6152 tok/s
[train] 2053/4096 | 16818176 tok | loss 5.1191 | lr 5.517e-04 | 1330.8 ms/update | 6156 tok/s
[train] 2054/4096 | 16826368 tok | loss 5.1324 | lr 5.514e-04 | 1332.1 ms/update | 6150 tok/s
[train] 2055/4096 | 16834560 tok | loss 5.3130 | lr 5.510e-04 | 1331.2 ms/update | 6154 tok/s
[train] 2056/4096 | 16842752 tok | loss 4.8559 | lr 5.507e-04 | 1330.4 ms/update | 6158 tok/s
[train] 2057/4096 | 16850944 tok | loss 5.3447 | lr 5.503e-04 | 1322.6 ms/update | 6194 tok/s
[train] 2058/4096 | 16859136 tok | loss 5.1048 | lr 5.500e-04 | 1327.9 ms/update | 6169 tok/s
[train] 2059/4096 | 16867328 tok | loss 5.1723 | lr 5.497e-04 | 1326.6 ms/update | 6175 tok/s
[train] 2060/4096 | 16875520 tok | loss 4.7216 | lr 5.493e-04 | 1328.9 ms/update | 6165 tok/s
[train] 2061/4096 | 16883712 tok | loss 4.5542 | lr 5.490e-04 | 1341.9 ms/update | 6105 tok/s
[train] 2062/4096 | 16891904 tok | loss 5.3621 | lr 5.486e-04 | 1328.3 ms/update | 6167 tok/s
[train] 2063/4096 | 16900096 tok | loss 5.2616 | lr 5.483e-04 | 1329.7 ms/update | 6161 tok/s
[train] 2064/4096 | 16908288 tok | loss 5.1502 | lr 5.479e-04 | 1329.9 ms/update | 6160 tok/s
[train] 2065/4096 | 16916480 tok | loss 5.2638 | lr 5.476e-04 | 1335.6 ms/update | 6133 tok/s
[train] 2066/4096 | 16924672 tok | loss 5.3231 | lr 5.472e-04 | 1332.3 ms/update | 6149 tok/s
[train] 2067/4096 | 16932864 tok | loss 5.1680 | lr 5.469e-04 | 1334.9 ms/update | 6137 tok/s
[train] 2068/4096 | 16941056 tok | loss 5.0929 | lr 5.465e-04 | 1342.0 ms/update | 6104 tok/s
[train] 2069/4096 | 16949248 tok | loss 5.3917 | lr 5.462e-04 | 1329.8 ms/update | 6160 tok/s
[train] 2070/4096 | 16957440 tok | loss 5.2191 | lr 5.458e-04 | 1331.9 ms/update | 6151 tok/s
[train] 2071/4096 | 16965632 tok | loss 5.4496 | lr 5.455e-04 | 1336.5 ms/update | 6130 tok/s
[train] 2072/4096 | 16973824 tok | loss 5.4573 | lr 5.451e-04 | 1341.5 ms/update | 6107 tok/s
[train] 2073/4096 | 16982016 tok | loss 5.0976 | lr 5.448e-04 | 1333.6 ms/update | 6143 tok/s
[train] 2074/4096 | 16990208 tok | loss 5.1888 | lr 5.445e-04 | 1327.6 ms/update | 6171 tok/s
[train] 2075/4096 | 16998400 tok | loss 5.2219 | lr 5.441e-04 | 1327.1 ms/update | 6173 tok/s
[train] 2076/4096 | 17006592 tok | loss 5.2822 | lr 5.438e-04 | 1345.2 ms/update | 6090 tok/s
[train] 2077/4096 | 17014784 tok | loss 5.2743 | lr 5.434e-04 | 1327.3 ms/update | 6172 tok/s
[train] 2078/4096 | 17022976 tok | loss 5.1211 | lr 5.431e-04 | 1332.5 ms/update | 6148 tok/s
[train] 2079/4096 | 17031168 tok | loss 5.3951 | lr 5.427e-04 | 1332.5 ms/update | 6148 tok/s
[train] 2080/4096 | 17039360 tok | loss 5.2245 | lr 5.424e-04 | 1339.1 ms/update | 6117 tok/s
[train] 2081/4096 | 17047552 tok | loss 5.4353 | lr 5.420e-04 | 1334.0 ms/update | 6141 tok/s
[train] 2082/4096 | 17055744 tok | loss 5.3227 | lr 5.417e-04 | 1330.0 ms/update | 6159 tok/s
[train] 2083/4096 | 17063936 tok | loss 5.0707 | lr 5.413e-04 | 1335.0 ms/update | 6136 tok/s
[train] 2084/4096 | 17072128 tok | loss 5.2395 | lr 5.410e-04 | 1341.5 ms/update | 6107 tok/s
[train] 2085/4096 | 17080320 tok | loss 5.2530 | lr 5.406e-04 | 1339.8 ms/update | 6114 tok/s
[train] 2086/4096 | 17088512 tok | loss 5.2494 | lr 5.403e-04 | 1327.3 ms/update | 6172 tok/s
[train] 2087/4096 | 17096704 tok | loss 5.4251 | lr 5.399e-04 | 1331.6 ms/update | 6152 tok/s
[train] 2088/4096 | 17104896 tok | loss 5.2039 | lr 5.396e-04 | 1334.5 ms/update | 6139 tok/s
[train] 2089/4096 | 17113088 tok | loss 5.2277 | lr 5.392e-04 | 1331.2 ms/update | 6154 tok/s
[train] 2090/4096 | 17121280 tok | loss 5.1248 | lr 5.389e-04 | 1322.5 ms/update | 6194 tok/s
[train] 2091/4096 | 17129472 tok | loss 5.1151 | lr 5.386e-04 | 1341.4 ms/update | 6107 tok/s
[train] 2092/4096 | 17137664 tok | loss 5.1730 | lr 5.382e-04 | 1329.2 ms/update | 6163 tok/s
[train] 2093/4096 | 17145856 tok | loss 5.0858 | lr 5.379e-04 | 1328.5 ms/update | 6166 tok/s
[train] 2094/4096 | 17154048 tok | loss 4.8414 | lr 5.375e-04 | 1329.0 ms/update | 6164 tok/s
[train] 2095/4096 | 17162240 tok | loss 5.4582 | lr 5.372e-04 | 1330.4 ms/update | 6157 tok/s
[train] 2096/4096 | 17170432 tok | loss 5.3910 | lr 5.368e-04 | 1322.4 ms/update | 6195 tok/s
[train] 2097/4096 | 17178624 tok | loss 5.1205 | lr 5.365e-04 | 1322.6 ms/update | 6194 tok/s
[train] 2098/4096 | 17186816 tok | loss 4.9819 | lr 5.361e-04 | 1330.2 ms/update | 6159 tok/s
[train] 2099/4096 | 17195008 tok | loss 5.2880 | lr 5.358e-04 | 1334.0 ms/update | 6141 tok/s
[train] 2100/4096 | 17203200 tok | loss 5.1217 | lr 5.354e-04 | 1328.0 ms/update | 6168 tok/s
[train] 2101/4096 | 17211392 tok | loss 5.4345 | lr 5.351e-04 | 1336.3 ms/update | 6130 tok/s
[train] 2102/4096 | 17219584 tok | loss 5.0516 | lr 5.347e-04 | 1336.7 ms/update | 6129 tok/s
[train] 2103/4096 | 17227776 tok | loss 5.3029 | lr 5.344e-04 | 1338.9 ms/update | 6118 tok/s
[train] 2104/4096 | 17235968 tok | loss 5.4913 | lr 5.340e-04 | 1324.7 ms/update | 6184 tok/s
[train] 2105/4096 | 17244160 tok | loss 5.2456 | lr 5.337e-04 | 1329.5 ms/update | 6162 tok/s
[train] 2106/4096 | 17252352 tok | loss 5.4370 | lr 5.334e-04 | 1339.7 ms/update | 6115 tok/s
[train] 2107/4096 | 17260544 tok | loss 5.4201 | lr 5.330e-04 | 1331.1 ms/update | 6154 tok/s
[train] 2108/4096 | 17268736 tok | loss 4.8890 | lr 5.327e-04 | 1324.5 ms/update | 6185 tok/s
[train] 2109/4096 | 17276928 tok | loss 5.4220 | lr 5.323e-04 | 1324.7 ms/update | 6184 tok/s
[train] 2110/4096 | 17285120 tok | loss 5.1892 | lr 5.320e-04 | 1331.3 ms/update | 6153 tok/s
[train] 2111/4096 | 17293312 tok | loss 5.1503 | lr 5.316e-04 | 1327.2 ms/update | 6172 tok/s
[train] 2112/4096 | 17301504 tok | loss 5.2233 | lr 5.313e-04 | 1322.2 ms/update | 6196 tok/s
[train] 2113/4096 | 17309696 tok | loss 5.2280 | lr 5.309e-04 | 1341.0 ms/update | 6109 tok/s
[train] 2114/4096 | 17317888 tok | loss 5.0788 | lr 5.306e-04 | 1331.6 ms/update | 6152 tok/s
[train] 2115/4096 | 17326080 tok | loss 5.3480 | lr 5.302e-04 | 1323.6 ms/update | 6189 tok/s
[train] 2116/4096 | 17334272 tok | loss 5.2461 | lr 5.299e-04 | 1326.1 ms/update | 6178 tok/s
[train] 2117/4096 | 17342464 tok | loss 5.3061 | lr 5.295e-04 | 1329.9 ms/update | 6160 tok/s
[train] 2118/4096 | 17350656 tok | loss 5.4363 | lr 5.292e-04 | 1332.9 ms/update | 6146 tok/s
[train] 2119/4096 | 17358848 tok | loss 5.2325 | lr 5.289e-04 | 1330.6 ms/update | 6157 tok/s
[train] 2120/4096 | 17367040 tok | loss 4.9999 | lr 5.285e-04 | 1333.4 ms/update | 6144 tok/s
[train] 2121/4096 | 17375232 tok | loss 5.3154 | lr 5.282e-04 | 1344.2 ms/update | 6094 tok/s
[train] 2122/4096 | 17383424 tok | loss 5.3802 | lr 5.278e-04 | 1327.2 ms/update | 6172 tok/s
[train] 2123/4096 | 17391616 tok | loss 5.3928 | lr 5.275e-04 | 1330.0 ms/update | 6159 tok/s
[train] 2124/4096 | 17399808 tok | loss 5.4253 | lr 5.271e-04 | 1331.9 ms/update | 6151 tok/s
[train] 2125/4096 | 17408000 tok | loss 5.0088 | lr 5.268e-04 | 1336.3 ms/update | 6130 tok/s
[train] 2126/4096 | 17416192 tok | loss 5.5048 | lr 5.264e-04 | 1322.5 ms/update | 6194 tok/s
[train] 2127/4096 | 17424384 tok | loss 5.3284 | lr 5.261e-04 | 1324.6 ms/update | 6184 tok/s
[train] 2128/4096 | 17432576 tok | loss 5.2517 | lr 5.257e-04 | 1324.3 ms/update | 6186 tok/s
[train] 2129/4096 | 17440768 tok | loss 4.9974 | lr 5.254e-04 | 1320.2 ms/update | 6205 tok/s
[train] 2130/4096 | 17448960 tok | loss 5.3540 | lr 5.250e-04 | 1327.1 ms/update | 6173 tok/s
[train] 2131/4096 | 17457152 tok | loss 5.0582 | lr 5.247e-04 | 1328.4 ms/update | 6167 tok/s
[train] 2132/4096 | 17465344 tok | loss 5.2039 | lr 5.243e-04 | 1323.8 ms/update | 6188 tok/s
[train] 2133/4096 | 17473536 tok | loss 5.2517 | lr 5.240e-04 | 1325.9 ms/update | 6179 tok/s
[train] 2134/4096 | 17481728 tok | loss 4.8230 | lr 5.237e-04 | 1326.9 ms/update | 6174 tok/s
[train] 2135/4096 | 17489920 tok | loss 5.1758 | lr 5.233e-04 | 1330.7 ms/update | 6156 tok/s
[train] 2136/4096 | 17498112 tok | loss 5.0412 | lr 5.230e-04 | 1332.4 ms/update | 6148 tok/s
[train] 2137/4096 | 17506304 tok | loss 5.0376 | lr 5.226e-04 | 1322.0 ms/update | 6197 tok/s
[train] 2138/4096 | 17514496 tok | loss 5.0999 | lr 5.223e-04 | 1326.2 ms/update | 6177 tok/s
[train] 2139/4096 | 17522688 tok | loss 5.1544 | lr 5.219e-04 | 1322.0 ms/update | 6197 tok/s
[train] 2140/4096 | 17530880 tok | loss 5.1583 | lr 5.216e-04 | 1325.3 ms/update | 6181 tok/s
[train] 2141/4096 | 17539072 tok | loss 5.4512 | lr 5.212e-04 | 1328.2 ms/update | 6168 tok/s
[train] 2142/4096 | 17547264 tok | loss 5.3742 | lr 5.209e-04 | 1326.5 ms/update | 6176 tok/s
[train] 2143/4096 | 17555456 tok | loss 5.0475 | lr 5.205e-04 | 1324.7 ms/update | 6184 tok/s
[train] 2144/4096 | 17563648 tok | loss 5.1975 | lr 5.202e-04 | 1330.1 ms/update | 6159 tok/s
[train] 2145/4096 | 17571840 tok | loss 5.2161 | lr 5.198e-04 | 1327.5 ms/update | 6171 tok/s
[train] 2146/4096 | 17580032 tok | loss 5.5555 | lr 5.195e-04 | 1326.4 ms/update | 6176 tok/s
[train] 2147/4096 | 17588224 tok | loss 5.1634 | lr 5.192e-04 | 1324.8 ms/update | 6183 tok/s
[train] 2148/4096 | 17596416 tok | loss 5.1996 | lr 5.188e-04 | 1324.3 ms/update | 6186 tok/s
[train] 2149/4096 | 17604608 tok | loss 5.3310 | lr 5.185e-04 | 1321.2 ms/update | 6200 tok/s
[train] 2150/4096 | 17612800 tok | loss 5.4619 | lr 5.181e-04 | 1327.3 ms/update | 6172 tok/s
[train] 2151/4096 | 17620992 tok | loss 5.2593 | lr 5.178e-04 | 1328.1 ms/update | 6168 tok/s
[train] 2152/4096 | 17629184 tok | loss 5.2880 | lr 5.174e-04 | 1327.7 ms/update | 6170 tok/s
[train] 2153/4096 | 17637376 tok | loss 5.4390 | lr 5.171e-04 | 1324.4 ms/update | 6185 tok/s
[train] 2154/4096 | 17645568 tok | loss 5.1986 | lr 5.167e-04 | 1327.4 ms/update | 6171 tok/s
[train] 2155/4096 | 17653760 tok | loss 5.3018 | lr 5.164e-04 | 1323.9 ms/update | 6188 tok/s
[train] 2156/4096 | 17661952 tok | loss 5.4166 | lr 5.160e-04 | 1325.3 ms/update | 6181 tok/s
[train] 2157/4096 | 17670144 tok | loss 5.2852 | lr 5.157e-04 | 1323.4 ms/update | 6190 tok/s
[train] 2158/4096 | 17678336 tok | loss 5.4479 | lr 5.154e-04 | 1322.5 ms/update | 6194 tok/s
[train] 2159/4096 | 17686528 tok | loss 5.3509 | lr 5.150e-04 | 1326.8 ms/update | 6174 tok/s
[train] 2160/4096 | 17694720 tok | loss 4.9737 | lr 5.147e-04 | 1329.7 ms/update | 6161 tok/s
[train] 2161/4096 | 17702912 tok | loss 5.0677 | lr 5.143e-04 | 1325.1 ms/update | 6182 tok/s
[train] 2162/4096 | 17711104 tok | loss 5.0352 | lr 5.140e-04 | 1321.2 ms/update | 6201 tok/s
[train] 2163/4096 | 17719296 tok | loss 5.1985 | lr 5.136e-04 | 1325.0 ms/update | 6182 tok/s
[train] 2164/4096 | 17727488 tok | loss 5.2899 | lr 5.133e-04 | 1325.0 ms/update | 6182 tok/s
[train] 2165/4096 | 17735680 tok | loss 5.5168 | lr 5.129e-04 | 1329.8 ms/update | 6160 tok/s
[train] 2166/4096 | 17743872 tok | loss 5.4455 | lr 5.126e-04 | 1338.0 ms/update | 6123 tok/s
[train] 2167/4096 | 17752064 tok | loss 5.1602 | lr 5.122e-04 | 1327.1 ms/update | 6173 tok/s
[train] 2168/4096 | 17760256 tok | loss 5.0971 | lr 5.119e-04 | 1323.3 ms/update | 6191 tok/s
[train] 2169/4096 | 17768448 tok | loss 5.2462 | lr 5.115e-04 | 1327.4 ms/update | 6172 tok/s
[train] 2170/4096 | 17776640 tok | loss 5.3964 | lr 5.112e-04 | 1328.2 ms/update | 6168 tok/s
[train] 2171/4096 | 17784832 tok | loss 5.1616 | lr 5.109e-04 | 1324.8 ms/update | 6184 tok/s
[train] 2172/4096 | 17793024 tok | loss 5.1217 | lr 5.105e-04 | 1321.2 ms/update | 6200 tok/s
[train] 2173/4096 | 17801216 tok | loss 4.9856 | lr 5.102e-04 | 1327.9 ms/update | 6169 tok/s
[train] 2174/4096 | 17809408 tok | loss 5.2881 | lr 5.098e-04 | 1336.6 ms/update | 6129 tok/s
[train] 2175/4096 | 17817600 tok | loss 5.2705 | lr 5.095e-04 | 1328.6 ms/update | 6166 tok/s
[train] 2176/4096 | 17825792 tok | loss 5.1584 | lr 5.091e-04 | 1334.8 ms/update | 6137 tok/s
[eval] step 2176 | val NLL 4.9610 | ppl 142.74 | 65536 tokens
[ckpt] latest.pt @ step 2176
[train] 2177/4096 | 17833984 tok | loss 5.0426 | lr 5.088e-04 | 1322.7 ms/update | 6193 tok/s
[train] 2178/4096 | 17842176 tok | loss 5.3489 | lr 5.084e-04 | 1321.8 ms/update | 6198 tok/s
[train] 2179/4096 | 17850368 tok | loss 5.4629 | lr 5.081e-04 | 1327.7 ms/update | 6170 tok/s
[train] 2180/4096 | 17858560 tok | loss 5.0243 | lr 5.077e-04 | 1328.1 ms/update | 6168 tok/s
[train] 2181/4096 | 17866752 tok | loss 5.1097 | lr 5.074e-04 | 1333.5 ms/update | 6143 tok/s
[train] 2182/4096 | 17874944 tok | loss 5.1336 | lr 5.071e-04 | 1326.7 ms/update | 6175 tok/s
[train] 2183/4096 | 17883136 tok | loss 4.8420 | lr 5.067e-04 | 1332.8 ms/update | 6146 tok/s
[train] 2184/4096 | 17891328 tok | loss 4.7922 | lr 5.064e-04 | 1320.9 ms/update | 6202 tok/s
[train] 2185/4096 | 17899520 tok | loss 5.1154 | lr 5.060e-04 | 1329.3 ms/update | 6163 tok/s
[train] 2186/4096 | 17907712 tok | loss 5.1860 | lr 5.057e-04 | 1337.5 ms/update | 6125 tok/s
[train] 2187/4096 | 17915904 tok | loss 4.7602 | lr 5.053e-04 | 1332.0 ms/update | 6150 tok/s
[train] 2188/4096 | 17924096 tok | loss 5.1817 | lr 5.050e-04 | 1333.6 ms/update | 6143 tok/s
[train] 2189/4096 | 17932288 tok | loss 5.3271 | lr 5.046e-04 | 1339.1 ms/update | 6118 tok/s
[train] 2190/4096 | 17940480 tok | loss 4.9551 | lr 5.043e-04 | 1331.6 ms/update | 6152 tok/s
[train] 2191/4096 | 17948672 tok | loss 5.2428 | lr 5.040e-04 | 1332.4 ms/update | 6148 tok/s
[train] 2192/4096 | 17956864 tok | loss 5.1112 | lr 5.036e-04 | 1331.2 ms/update | 6154 tok/s
[train] 2193/4096 | 17965056 tok | loss 5.2285 | lr 5.033e-04 | 1333.8 ms/update | 6142 tok/s
[train] 2194/4096 | 17973248 tok | loss 5.0398 | lr 5.029e-04 | 1330.0 ms/update | 6160 tok/s
[train] 2195/4096 | 17981440 tok | loss 5.4514 | lr 5.026e-04 | 1328.6 ms/update | 6166 tok/s
[train] 2196/4096 | 17989632 tok | loss 5.2829 | lr 5.022e-04 | 1325.7 ms/update | 6179 tok/s
[train] 2197/4096 | 17997824 tok | loss 5.4733 | lr 5.019e-04 | 1324.0 ms/update | 6187 tok/s
[train] 2198/4096 | 18006016 tok | loss 4.9152 | lr 5.015e-04 | 1329.2 ms/update | 6163 tok/s
[train] 2199/4096 | 18014208 tok | loss 5.1021 | lr 5.012e-04 | 1331.0 ms/update | 6155 tok/s
[train] 2200/4096 | 18022400 tok | loss 5.1085 | lr 5.008e-04 | 1327.7 ms/update | 6170 tok/s
[train] 2201/4096 | 18030592 tok | loss 5.4393 | lr 5.005e-04 | 1352.6 ms/update | 6057 tok/s
[train] 2202/4096 | 18038784 tok | loss 4.9739 | lr 5.002e-04 | 1329.9 ms/update | 6160 tok/s
[train] 2203/4096 | 18046976 tok | loss 5.1746 | lr 4.998e-04 | 1336.5 ms/update | 6130 tok/s
[train] 2204/4096 | 18055168 tok | loss 5.3135 | lr 4.995e-04 | 1325.4 ms/update | 6181 tok/s
[train] 2205/4096 | 18063360 tok | loss 5.3299 | lr 4.991e-04 | 1323.2 ms/update | 6191 tok/s
[train] 2206/4096 | 18071552 tok | loss 5.3465 | lr 4.988e-04 | 1335.9 ms/update | 6132 tok/s
[train] 2207/4096 | 18079744 tok | loss 5.6497 | lr 4.984e-04 | 1323.4 ms/update | 6190 tok/s
[train] 2208/4096 | 18087936 tok | loss 5.0257 | lr 4.981e-04 | 1324.5 ms/update | 6185 tok/s
[train] 2209/4096 | 18096128 tok | loss 5.2935 | lr 4.977e-04 | 1329.9 ms/update | 6160 tok/s
[train] 2210/4096 | 18104320 tok | loss 5.1022 | lr 4.974e-04 | 1334.2 ms/update | 6140 tok/s
[train] 2211/4096 | 18112512 tok | loss 5.1007 | lr 4.971e-04 | 1329.3 ms/update | 6162 tok/s
[train] 2212/4096 | 18120704 tok | loss 5.1697 | lr 4.967e-04 | 1327.5 ms/update | 6171 tok/s
[train] 2213/4096 | 18128896 tok | loss 4.9739 | lr 4.964e-04 | 1331.9 ms/update | 6151 tok/s
[train] 2214/4096 | 18137088 tok | loss 5.3429 | lr 4.960e-04 | 1328.4 ms/update | 6167 tok/s
[train] 2215/4096 | 18145280 tok | loss 5.0895 | lr 4.957e-04 | 1326.2 ms/update | 6177 tok/s
[train] 2216/4096 | 18153472 tok | loss 5.3497 | lr 4.953e-04 | 1335.3 ms/update | 6135 tok/s
[train] 2217/4096 | 18161664 tok | loss 4.8405 | lr 4.950e-04 | 1333.4 ms/update | 6144 tok/s
[train] 2218/4096 | 18169856 tok | loss 5.2712 | lr 4.946e-04 | 1330.2 ms/update | 6158 tok/s
[train] 2219/4096 | 18178048 tok | loss 5.3910 | lr 4.943e-04 | 1327.0 ms/update | 6173 tok/s
[train] 2220/4096 | 18186240 tok | loss 4.8383 | lr 4.940e-04 | 1332.5 ms/update | 6148 tok/s
[train] 2221/4096 | 18194432 tok | loss 5.2823 | lr 4.936e-04 | 1319.8 ms/update | 6207 tok/s
[train] 2222/4096 | 18202624 tok | loss 5.1785 | lr 4.933e-04 | 1330.6 ms/update | 6157 tok/s
[train] 2223/4096 | 18210816 tok | loss 5.2255 | lr 4.929e-04 | 1332.2 ms/update | 6149 tok/s
[train] 2224/4096 | 18219008 tok | loss 5.0026 | lr 4.926e-04 | 1328.2 ms/update | 6168 tok/s
[train] 2225/4096 | 18227200 tok | loss 5.0613 | lr 4.922e-04 | 1329.8 ms/update | 6160 tok/s
[train] 2226/4096 | 18235392 tok | loss 5.4634 | lr 4.919e-04 | 1327.9 ms/update | 6169 tok/s
[train] 2227/4096 | 18243584 tok | loss 5.1304 | lr 4.915e-04 | 1324.6 ms/update | 6184 tok/s
[train] 2228/4096 | 18251776 tok | loss 5.2377 | lr 4.912e-04 | 1329.4 ms/update | 6162 tok/s
[train] 2229/4096 | 18259968 tok | loss 5.3157 | lr 4.909e-04 | 1331.8 ms/update | 6151 tok/s
[train] 2230/4096 | 18268160 tok | loss 5.3638 | lr 4.905e-04 | 1327.3 ms/update | 6172 tok/s
[train] 2231/4096 | 18276352 tok | loss 5.1384 | lr 4.902e-04 | 1332.5 ms/update | 6148 tok/s
[train] 2232/4096 | 18284544 tok | loss 5.1624 | lr 4.898e-04 | 1330.2 ms/update | 6158 tok/s
[train] 2233/4096 | 18292736 tok | loss 5.1533 | lr 4.895e-04 | 1331.8 ms/update | 6151 tok/s
[train] 2234/4096 | 18300928 tok | loss 5.0381 | lr 4.891e-04 | 1325.9 ms/update | 6178 tok/s
[train] 2235/4096 | 18309120 tok | loss 5.0097 | lr 4.888e-04 | 1323.1 ms/update | 6191 tok/s
[train] 2236/4096 | 18317312 tok | loss 4.9927 | lr 4.885e-04 | 1327.0 ms/update | 6173 tok/s
[train] 2237/4096 | 18325504 tok | loss 5.3650 | lr 4.881e-04 | 1324.9 ms/update | 6183 tok/s
[train] 2238/4096 | 18333696 tok | loss 5.5591 | lr 4.878e-04 | 1327.5 ms/update | 6171 tok/s
[train] 2239/4096 | 18341888 tok | loss 5.3197 | lr 4.874e-04 | 1331.6 ms/update | 6152 tok/s
[train] 2240/4096 | 18350080 tok | loss 5.1631 | lr 4.871e-04 | 1326.7 ms/update | 6175 tok/s
[train] 2241/4096 | 18358272 tok | loss 5.0025 | lr 4.867e-04 | 1336.9 ms/update | 6128 tok/s
[train] 2242/4096 | 18366464 tok | loss 5.0258 | lr 4.864e-04 | 1331.8 ms/update | 6151 tok/s
[train] 2243/4096 | 18374656 tok | loss 5.0052 | lr 4.861e-04 | 1338.0 ms/update | 6123 tok/s
[train] 2244/4096 | 18382848 tok | loss 5.4095 | lr 4.857e-04 | 1340.5 ms/update | 6111 tok/s
[train] 2245/4096 | 18391040 tok | loss 5.2405 | lr 4.854e-04 | 1340.8 ms/update | 6110 tok/s
[train] 2246/4096 | 18399232 tok | loss 4.9797 | lr 4.850e-04 | 1353.0 ms/update | 6055 tok/s
[train] 2247/4096 | 18407424 tok | loss 4.9840 | lr 4.847e-04 | 1331.4 ms/update | 6153 tok/s
[train] 2248/4096 | 18415616 tok | loss 5.2816 | lr 4.843e-04 | 1358.2 ms/update | 6031 tok/s
[train] 2249/4096 | 18423808 tok | loss 5.2601 | lr 4.840e-04 | 1363.4 ms/update | 6009 tok/s
[train] 2250/4096 | 18432000 tok | loss 4.9338 | lr 4.836e-04 | 1318.8 ms/update | 6212 tok/s
[train] 2251/4096 | 18440192 tok | loss 5.1735 | lr 4.833e-04 | 1317.3 ms/update | 6219 tok/s
[train] 2252/4096 | 18448384 tok | loss 5.1750 | lr 4.830e-04 | 1325.5 ms/update | 6180 tok/s
[train] 2253/4096 | 18456576 tok | loss 4.9891 | lr 4.826e-04 | 1326.5 ms/update | 6176 tok/s
[train] 2254/4096 | 18464768 tok | loss 5.0051 | lr 4.823e-04 | 1340.0 ms/update | 6113 tok/s
[train] 2255/4096 | 18472960 tok | loss 5.2822 | lr 4.819e-04 | 1323.4 ms/update | 6190 tok/s
[train] 2256/4096 | 18481152 tok | loss 5.1881 | lr 4.816e-04 | 1330.7 ms/update | 6156 tok/s
[train] 2257/4096 | 18489344 tok | loss 5.1041 | lr 4.812e-04 | 1326.2 ms/update | 6177 tok/s
[train] 2258/4096 | 18497536 tok | loss 5.3799 | lr 4.809e-04 | 1326.6 ms/update | 6175 tok/s
[train] 2259/4096 | 18505728 tok | loss 5.2481 | lr 4.806e-04 | 1323.6 ms/update | 6189 tok/s
[train] 2260/4096 | 18513920 tok | loss 4.9448 | lr 4.802e-04 | 1324.0 ms/update | 6187 tok/s
[train] 2261/4096 | 18522112 tok | loss 4.8791 | lr 4.799e-04 | 1329.5 ms/update | 6162 tok/s
[train] 2262/4096 | 18530304 tok | loss 5.3946 | lr 4.795e-04 | 1332.2 ms/update | 6149 tok/s
[train] 2263/4096 | 18538496 tok | loss 5.4046 | lr 4.792e-04 | 1328.9 ms/update | 6164 tok/s
[train] 2264/4096 | 18546688 tok | loss 5.4668 | lr 4.789e-04 | 1321.2 ms/update | 6201 tok/s
[train] 2265/4096 | 18554880 tok | loss 5.2231 | lr 4.785e-04 | 1331.2 ms/update | 6154 tok/s
[train] 2266/4096 | 18563072 tok | loss 5.4640 | lr 4.782e-04 | 1332.7 ms/update | 6147 tok/s
[train] 2267/4096 | 18571264 tok | loss 5.0924 | lr 4.778e-04 | 1332.5 ms/update | 6148 tok/s
[train] 2268/4096 | 18579456 tok | loss 4.4793 | lr 4.775e-04 | 1335.3 ms/update | 6135 tok/s
[train] 2269/4096 | 18587648 tok | loss 5.2941 | lr 4.771e-04 | 1341.3 ms/update | 6107 tok/s
[train] 2270/4096 | 18595840 tok | loss 5.1958 | lr 4.768e-04 | 1334.0 ms/update | 6141 tok/s
[train] 2271/4096 | 18604032 tok | loss 4.8763 | lr 4.765e-04 | 1335.0 ms/update | 6136 tok/s
[train] 2272/4096 | 18612224 tok | loss 5.3476 | lr 4.761e-04 | 1337.7 ms/update | 6124 tok/s
[train] 2273/4096 | 18620416 tok | loss 5.1212 | lr 4.758e-04 | 1329.0 ms/update | 6164 tok/s
[train] 2274/4096 | 18628608 tok | loss 4.8958 | lr 4.754e-04 | 1338.9 ms/update | 6119 tok/s
[train] 2275/4096 | 18636800 tok | loss 5.4180 | lr 4.751e-04 | 1333.0 ms/update | 6145 tok/s
[train] 2276/4096 | 18644992 tok | loss 5.2400 | lr 4.747e-04 | 1338.8 ms/update | 6119 tok/s
[train] 2277/4096 | 18653184 tok | loss 5.1965 | lr 4.744e-04 | 1333.9 ms/update | 6141 tok/s
[train] 2278/4096 | 18661376 tok | loss 4.7394 | lr 4.741e-04 | 1331.8 ms/update | 6151 tok/s
[train] 2279/4096 | 18669568 tok | loss 5.1164 | lr 4.737e-04 | 1332.1 ms/update | 6150 tok/s
[train] 2280/4096 | 18677760 tok | loss 5.2483 | lr 4.734e-04 | 1325.4 ms/update | 6181 tok/s
[train] 2281/4096 | 18685952 tok | loss 5.3308 | lr 4.730e-04 | 1326.4 ms/update | 6176 tok/s
[train] 2282/4096 | 18694144 tok | loss 5.2690 | lr 4.727e-04 | 1327.1 ms/update | 6173 tok/s
[train] 2283/4096 | 18702336 tok | loss 5.2050 | lr 4.724e-04 | 1324.1 ms/update | 6187 tok/s
[train] 2284/4096 | 18710528 tok | loss 5.3063 | lr 4.720e-04 | 1331.1 ms/update | 6155 tok/s
[train] 2285/4096 | 18718720 tok | loss 5.1382 | lr 4.717e-04 | 1325.9 ms/update | 6179 tok/s
[train] 2286/4096 | 18726912 tok | loss 5.0572 | lr 4.713e-04 | 1331.6 ms/update | 6152 tok/s
[train] 2287/4096 | 18735104 tok | loss 5.3929 | lr 4.710e-04 | 1332.1 ms/update | 6150 tok/s
[train] 2288/4096 | 18743296 tok | loss 4.9373 | lr 4.706e-04 | 1330.5 ms/update | 6157 tok/s
[train] 2289/4096 | 18751488 tok | loss 4.9061 | lr 4.703e-04 | 1322.3 ms/update | 6195 tok/s
[train] 2290/4096 | 18759680 tok | loss 4.9220 | lr 4.700e-04 | 1333.7 ms/update | 6142 tok/s
[train] 2291/4096 | 18767872 tok | loss 4.9590 | lr 4.696e-04 | 1350.4 ms/update | 6066 tok/s
[train] 2292/4096 | 18776064 tok | loss 5.2321 | lr 4.693e-04 | 1334.5 ms/update | 6139 tok/s
[train] 2293/4096 | 18784256 tok | loss 4.8896 | lr 4.689e-04 | 1335.3 ms/update | 6135 tok/s
[train] 2294/4096 | 18792448 tok | loss 5.2736 | lr 4.686e-04 | 1329.0 ms/update | 6164 tok/s
[train] 2295/4096 | 18800640 tok | loss 5.1901 | lr 4.683e-04 | 1334.9 ms/update | 6137 tok/s
[train] 2296/4096 | 18808832 tok | loss 5.1420 | lr 4.679e-04 | 1325.8 ms/update | 6179 tok/s
[train] 2297/4096 | 18817024 tok | loss 4.9621 | lr 4.676e-04 | 1335.1 ms/update | 6136 tok/s
[train] 2298/4096 | 18825216 tok | loss 5.1640 | lr 4.672e-04 | 1328.8 ms/update | 6165 tok/s
[train] 2299/4096 | 18833408 tok | loss 5.1206 | lr 4.669e-04 | 1332.8 ms/update | 6146 tok/s
[train] 2300/4096 | 18841600 tok | loss 5.2743 | lr 4.666e-04 | 1332.8 ms/update | 6146 tok/s
[train] 2301/4096 | 18849792 tok | loss 5.2551 | lr 4.662e-04 | 1337.7 ms/update | 6124 tok/s
[train] 2302/4096 | 18857984 tok | loss 5.2031 | lr 4.659e-04 | 1336.1 ms/update | 6131 tok/s
[train] 2303/4096 | 18866176 tok | loss 5.1424 | lr 4.655e-04 | 1331.3 ms/update | 6153 tok/s
[train] 2304/4096 | 18874368 tok | loss 5.2792 | lr 4.652e-04 | 1328.5 ms/update | 6166 tok/s
[eval] step 2304 | val NLL 4.9597 | ppl 142.55 | 65536 tokens
[ckpt] latest.pt @ step 2304
[train] 2305/4096 | 18882560 tok | loss 5.2014 | lr 4.648e-04 | 1329.6 ms/update | 6161 tok/s
[train] 2306/4096 | 18890752 tok | loss 5.3383 | lr 4.645e-04 | 1332.0 ms/update | 6150 tok/s
[train] 2307/4096 | 18898944 tok | loss 5.1933 | lr 4.642e-04 | 1329.7 ms/update | 6161 tok/s
[train] 2308/4096 | 18907136 tok | loss 4.9565 | lr 4.638e-04 | 1330.8 ms/update | 6156 tok/s
[train] 2309/4096 | 18915328 tok | loss 5.1778 | lr 4.635e-04 | 1332.2 ms/update | 6149 tok/s
[train] 2310/4096 | 18923520 tok | loss 4.9475 | lr 4.631e-04 | 1333.9 ms/update | 6141 tok/s
[train] 2311/4096 | 18931712 tok | loss 5.0804 | lr 4.628e-04 | 1338.1 ms/update | 6122 tok/s
[train] 2312/4096 | 18939904 tok | loss 5.1717 | lr 4.625e-04 | 1331.6 ms/update | 6152 tok/s
[train] 2313/4096 | 18948096 tok | loss 5.2093 | lr 4.621e-04 | 1332.9 ms/update | 6146 tok/s
[train] 2314/4096 | 18956288 tok | loss 4.7201 | lr 4.618e-04 | 1335.1 ms/update | 6136 tok/s
[train] 2315/4096 | 18964480 tok | loss 5.1305 | lr 4.614e-04 | 1335.7 ms/update | 6133 tok/s
[train] 2316/4096 | 18972672 tok | loss 5.1969 | lr 4.611e-04 | 1336.3 ms/update | 6130 tok/s
[train] 2317/4096 | 18980864 tok | loss 5.2410 | lr 4.608e-04 | 1338.7 ms/update | 6119 tok/s
[train] 2318/4096 | 18989056 tok | loss 5.0569 | lr 4.604e-04 | 1336.7 ms/update | 6128 tok/s
[train] 2319/4096 | 18997248 tok | loss 5.1885 | lr 4.601e-04 | 1341.9 ms/update | 6105 tok/s
[train] 2320/4096 | 19005440 tok | loss 5.2779 | lr 4.597e-04 | 1335.7 ms/update | 6133 tok/s
[train] 2321/4096 | 19013632 tok | loss 5.1175 | lr 4.594e-04 | 1331.7 ms/update | 6152 tok/s
[train] 2322/4096 | 19021824 tok | loss 5.2081 | lr 4.591e-04 | 1332.3 ms/update | 6149 tok/s
[train] 2323/4096 | 19030016 tok | loss 5.2666 | lr 4.587e-04 | 1341.1 ms/update | 6108 tok/s
[train] 2324/4096 | 19038208 tok | loss 5.3172 | lr 4.584e-04 | 1337.5 ms/update | 6125 tok/s
[train] 2325/4096 | 19046400 tok | loss 5.1828 | lr 4.580e-04 | 1338.0 ms/update | 6123 tok/s
[train] 2326/4096 | 19054592 tok | loss 5.5243 | lr 4.577e-04 | 1352.8 ms/update | 6056 tok/s
[train] 2327/4096 | 19062784 tok | loss 5.4530 | lr 4.574e-04 | 1336.0 ms/update | 6132 tok/s
[train] 2328/4096 | 19070976 tok | loss 4.9690 | lr 4.570e-04 | 1338.0 ms/update | 6123 tok/s
[train] 2329/4096 | 19079168 tok | loss 5.1105 | lr 4.567e-04 | 1338.3 ms/update | 6121 tok/s
[train] 2330/4096 | 19087360 tok | loss 5.2431 | lr 4.563e-04 | 1339.0 ms/update | 6118 tok/s
[train] 2331/4096 | 19095552 tok | loss 4.9472 | lr 4.560e-04 | 1330.8 ms/update | 6156 tok/s
[train] 2332/4096 | 19103744 tok | loss 5.3181 | lr 4.557e-04 | 1331.1 ms/update | 6154 tok/s
[train] 2333/4096 | 19111936 tok | loss 5.2614 | lr 4.553e-04 | 1335.3 ms/update | 6135 tok/s
[train] 2334/4096 | 19120128 tok | loss 4.8493 | lr 4.550e-04 | 1338.2 ms/update | 6122 tok/s
[train] 2335/4096 | 19128320 tok | loss 5.1877 | lr 4.547e-04 | 1332.5 ms/update | 6148 tok/s
[train] 2336/4096 | 19136512 tok | loss 5.3348 | lr 4.543e-04 | 1336.3 ms/update | 6130 tok/s
[train] 2337/4096 | 19144704 tok | loss 4.9998 | lr 4.540e-04 | 1325.3 ms/update | 6181 tok/s
[train] 2338/4096 | 19152896 tok | loss 5.2655 | lr 4.536e-04 | 1323.7 ms/update | 6189 tok/s
[train] 2339/4096 | 19161088 tok | loss 5.3174 | lr 4.533e-04 | 1328.2 ms/update | 6168 tok/s
[train] 2340/4096 | 19169280 tok | loss 5.2521 | lr 4.530e-04 | 1327.1 ms/update | 6173 tok/s
[train] 2341/4096 | 19177472 tok | loss 5.2084 | lr 4.526e-04 | 1332.9 ms/update | 6146 tok/s
[train] 2342/4096 | 19185664 tok | loss 5.0331 | lr 4.523e-04 | 1327.2 ms/update | 6172 tok/s
[train] 2343/4096 | 19193856 tok | loss 4.9557 | lr 4.519e-04 | 1327.9 ms/update | 6169 tok/s
[train] 2344/4096 | 19202048 tok | loss 5.2579 | lr 4.516e-04 | 1330.1 ms/update | 6159 tok/s
[train] 2345/4096 | 19210240 tok | loss 5.1978 | lr 4.513e-04 | 1333.6 ms/update | 6143 tok/s
[train] 2346/4096 | 19218432 tok | loss 5.0419 | lr 4.509e-04 | 1341.1 ms/update | 6109 tok/s
[train] 2347/4096 | 19226624 tok | loss 5.2517 | lr 4.506e-04 | 1339.9 ms/update | 6114 tok/s
[train] 2348/4096 | 19234816 tok | loss 4.9185 | lr 4.503e-04 | 1330.2 ms/update | 6159 tok/s
[train] 2349/4096 | 19243008 tok | loss 5.1094 | lr 4.499e-04 | 1331.9 ms/update | 6151 tok/s
[train] 2350/4096 | 19251200 tok | loss 5.0505 | lr 4.496e-04 | 1325.2 ms/update | 6182 tok/s
[train] 2351/4096 | 19259392 tok | loss 5.3756 | lr 4.492e-04 | 1327.2 ms/update | 6172 tok/s
[train] 2352/4096 | 19267584 tok | loss 5.2891 | lr 4.489e-04 | 1319.7 ms/update | 6208 tok/s
[train] 2353/4096 | 19275776 tok | loss 5.1339 | lr 4.486e-04 | 1327.5 ms/update | 6171 tok/s
[train] 2354/4096 | 19283968 tok | loss 5.2284 | lr 4.482e-04 | 1322.0 ms/update | 6197 tok/s
[train] 2355/4096 | 19292160 tok | loss 5.1477 | lr 4.479e-04 | 1332.5 ms/update | 6148 tok/s
[train] 2356/4096 | 19300352 tok | loss 5.1296 | lr 4.475e-04 | 1350.0 ms/update | 6068 tok/s
[train] 2357/4096 | 19308544 tok | loss 5.1106 | lr 4.472e-04 | 1330.7 ms/update | 6156 tok/s
[train] 2358/4096 | 19316736 tok | loss 4.8706 | lr 4.469e-04 | 1331.3 ms/update | 6153 tok/s
[train] 2359/4096 | 19324928 tok | loss 4.8397 | lr 4.465e-04 | 1324.5 ms/update | 6185 tok/s
[train] 2360/4096 | 19333120 tok | loss 4.8137 | lr 4.462e-04 | 1331.3 ms/update | 6153 tok/s
[train] 2361/4096 | 19341312 tok | loss 5.0271 | lr 4.459e-04 | 1326.2 ms/update | 6177 tok/s
[train] 2362/4096 | 19349504 tok | loss 4.9553 | lr 4.455e-04 | 1318.0 ms/update | 6215 tok/s
[train] 2363/4096 | 19357696 tok | loss 5.1443 | lr 4.452e-04 | 1330.8 ms/update | 6156 tok/s
[train] 2364/4096 | 19365888 tok | loss 5.0200 | lr 4.448e-04 | 1328.5 ms/update | 6166 tok/s
[train] 2365/4096 | 19374080 tok | loss 4.9169 | lr 4.445e-04 | 1336.8 ms/update | 6128 tok/s
[train] 2366/4096 | 19382272 tok | loss 5.3130 | lr 4.442e-04 | 1321.3 ms/update | 6200 tok/s
[train] 2367/4096 | 19390464 tok | loss 5.0302 | lr 4.438e-04 | 1323.3 ms/update | 6191 tok/s
[train] 2368/4096 | 19398656 tok | loss 5.2543 | lr 4.435e-04 | 1321.6 ms/update | 6198 tok/s
[train] 2369/4096 | 19406848 tok | loss 5.1902 | lr 4.432e-04 | 1324.9 ms/update | 6183 tok/s
[train] 2370/4096 | 19415040 tok | loss 5.0429 | lr 4.428e-04 | 1319.0 ms/update | 6211 tok/s
[train] 2371/4096 | 19423232 tok | loss 5.0109 | lr 4.425e-04 | 1340.1 ms/update | 6113 tok/s
[train] 2372/4096 | 19431424 tok | loss 5.1711 | lr 4.422e-04 | 1331.7 ms/update | 6152 tok/s
[train] 2373/4096 | 19439616 tok | loss 5.0028 | lr 4.418e-04 | 1328.4 ms/update | 6167 tok/s
[train] 2374/4096 | 19447808 tok | loss 5.4791 | lr 4.415e-04 | 1325.7 ms/update | 6180 tok/s
[train] 2375/4096 | 19456000 tok | loss 5.1419 | lr 4.411e-04 | 1318.6 ms/update | 6213 tok/s
[train] 2376/4096 | 19464192 tok | loss 5.2987 | lr 4.408e-04 | 1325.9 ms/update | 6178 tok/s
[train] 2377/4096 | 19472384 tok | loss 5.1691 | lr 4.405e-04 | 1334.1 ms/update | 6141 tok/s
[train] 2378/4096 | 19480576 tok | loss 5.3583 | lr 4.401e-04 | 1343.5 ms/update | 6098 tok/s
[train] 2379/4096 | 19488768 tok | loss 4.8970 | lr 4.398e-04 | 1334.9 ms/update | 6137 tok/s
[train] 2380/4096 | 19496960 tok | loss 4.8584 | lr 4.395e-04 | 1327.2 ms/update | 6172 tok/s
[train] 2381/4096 | 19505152 tok | loss 5.2617 | lr 4.391e-04 | 1332.1 ms/update | 6150 tok/s
[train] 2382/4096 | 19513344 tok | loss 5.2914 | lr 4.388e-04 | 1333.5 ms/update | 6143 tok/s
[train] 2383/4096 | 19521536 tok | loss 4.9852 | lr 4.385e-04 | 1318.5 ms/update | 6213 tok/s
[train] 2384/4096 | 19529728 tok | loss 5.2058 | lr 4.381e-04 | 1329.2 ms/update | 6163 tok/s
[train] 2385/4096 | 19537920 tok | loss 5.1547 | lr 4.378e-04 | 1324.6 ms/update | 6184 tok/s
[train] 2386/4096 | 19546112 tok | loss 5.3740 | lr 4.374e-04 | 1340.0 ms/update | 6114 tok/s
[train] 2387/4096 | 19554304 tok | loss 5.1761 | lr 4.371e-04 | 1333.6 ms/update | 6143 tok/s
[train] 2388/4096 | 19562496 tok | loss 5.1309 | lr 4.368e-04 | 1335.0 ms/update | 6137 tok/s
[train] 2389/4096 | 19570688 tok | loss 5.1288 | lr 4.364e-04 | 1333.2 ms/update | 6145 tok/s
[train] 2390/4096 | 19578880 tok | loss 5.4071 | lr 4.361e-04 | 1333.3 ms/update | 6144 tok/s
[train] 2391/4096 | 19587072 tok | loss 5.4692 | lr 4.358e-04 | 1332.5 ms/update | 6148 tok/s
[train] 2392/4096 | 19595264 tok | loss 5.0668 | lr 4.354e-04 | 1326.5 ms/update | 6176 tok/s
[train] 2393/4096 | 19603456 tok | loss 5.1417 | lr 4.351e-04 | 1321.5 ms/update | 6199 tok/s
[train] 2394/4096 | 19611648 tok | loss 5.3811 | lr 4.348e-04 | 1333.9 ms/update | 6141 tok/s
[train] 2395/4096 | 19619840 tok | loss 5.1058 | lr 4.344e-04 | 1329.1 ms/update | 6164 tok/s
[train] 2396/4096 | 19628032 tok | loss 5.2542 | lr 4.341e-04 | 1326.3 ms/update | 6176 tok/s
[train] 2397/4096 | 19636224 tok | loss 4.9601 | lr 4.338e-04 | 1326.3 ms/update | 6177 tok/s
[train] 2398/4096 | 19644416 tok | loss 5.0908 | lr 4.334e-04 | 1334.4 ms/update | 6139 tok/s
[train] 2399/4096 | 19652608 tok | loss 5.0880 | lr 4.331e-04 | 1333.7 ms/update | 6142 tok/s
[train] 2400/4096 | 19660800 tok | loss 5.4726 | lr 4.327e-04 | 1333.3 ms/update | 6144 tok/s
[train] 2401/4096 | 19668992 tok | loss 5.4610 | lr 4.324e-04 | 1341.9 ms/update | 6105 tok/s
[train] 2402/4096 | 19677184 tok | loss 5.3742 | lr 4.321e-04 | 1331.5 ms/update | 6152 tok/s
[train] 2403/4096 | 19685376 tok | loss 5.1995 | lr 4.317e-04 | 1324.0 ms/update | 6188 tok/s
[train] 2404/4096 | 19693568 tok | loss 5.1686 | lr 4.314e-04 | 1328.5 ms/update | 6166 tok/s
[train] 2405/4096 | 19701760 tok | loss 4.9637 | lr 4.311e-04 | 1327.0 ms/update | 6173 tok/s
[train] 2406/4096 | 19709952 tok | loss 5.0491 | lr 4.307e-04 | 1336.7 ms/update | 6129 tok/s
[train] 2407/4096 | 19718144 tok | loss 5.1602 | lr 4.304e-04 | 1332.0 ms/update | 6150 tok/s
[train] 2408/4096 | 19726336 tok | loss 5.0091 | lr 4.301e-04 | 1328.8 ms/update | 6165 tok/s
[train] 2409/4096 | 19734528 tok | loss 5.2255 | lr 4.297e-04 | 1333.9 ms/update | 6141 tok/s
[train] 2410/4096 | 19742720 tok | loss 5.2616 | lr 4.294e-04 | 1327.5 ms/update | 6171 tok/s
[train] 2411/4096 | 19750912 tok | loss 5.1349 | lr 4.291e-04 | 1326.6 ms/update | 6175 tok/s
[train] 2412/4096 | 19759104 tok | loss 5.5473 | lr 4.287e-04 | 1319.2 ms/update | 6210 tok/s
[train] 2413/4096 | 19767296 tok | loss 5.2257 | lr 4.284e-04 | 1326.0 ms/update | 6178 tok/s
[train] 2414/4096 | 19775488 tok | loss 4.9712 | lr 4.281e-04 | 1328.7 ms/update | 6165 tok/s
[train] 2415/4096 | 19783680 tok | loss 5.0033 | lr 4.277e-04 | 1330.9 ms/update | 6155 tok/s
[train] 2416/4096 | 19791872 tok | loss 5.0455 | lr 4.274e-04 | 1349.6 ms/update | 6070 tok/s
[train] 2417/4096 | 19800064 tok | loss 5.1179 | lr 4.271e-04 | 1334.4 ms/update | 6139 tok/s
[train] 2418/4096 | 19808256 tok | loss 5.2813 | lr 4.267e-04 | 1337.7 ms/update | 6124 tok/s
[train] 2419/4096 | 19816448 tok | loss 5.1768 | lr 4.264e-04 | 1328.7 ms/update | 6165 tok/s
[train] 2420/4096 | 19824640 tok | loss 5.3446 | lr 4.261e-04 | 1334.1 ms/update | 6140 tok/s
[train] 2421/4096 | 19832832 tok | loss 4.9627 | lr 4.257e-04 | 1333.0 ms/update | 6146 tok/s
[train] 2422/4096 | 19841024 tok | loss 5.4280 | lr 4.254e-04 | 1332.5 ms/update | 6148 tok/s
[train] 2423/4096 | 19849216 tok | loss 5.4034 | lr 4.251e-04 | 1333.2 ms/update | 6144 tok/s
[train] 2424/4096 | 19857408 tok | loss 5.2749 | lr 4.247e-04 | 1333.4 ms/update | 6143 tok/s
[train] 2425/4096 | 19865600 tok | loss 5.0320 | lr 4.244e-04 | 1333.1 ms/update | 6145 tok/s
[train] 2426/4096 | 19873792 tok | loss 5.0293 | lr 4.241e-04 | 1328.1 ms/update | 6168 tok/s
[train] 2427/4096 | 19881984 tok | loss 5.5176 | lr 4.237e-04 | 1327.4 ms/update | 6171 tok/s
[train] 2428/4096 | 19890176 tok | loss 5.3003 | lr 4.234e-04 | 1324.6 ms/update | 6185 tok/s
[train] 2429/4096 | 19898368 tok | loss 5.2808 | lr 4.231e-04 | 1331.4 ms/update | 6153 tok/s
[train] 2430/4096 | 19906560 tok | loss 5.2671 | lr 4.227e-04 | 1327.8 ms/update | 6170 tok/s
[train] 2431/4096 | 19914752 tok | loss 5.0408 | lr 4.224e-04 | 1341.1 ms/update | 6109 tok/s
[train] 2432/4096 | 19922944 tok | loss 5.0865 | lr 4.221e-04 | 1331.0 ms/update | 6155 tok/s
[eval] step 2432 | val NLL 4.9282 | ppl 138.13 | 65536 tokens
[ckpt] latest.pt @ step 2432
[train] 2433/4096 | 19931136 tok | loss 5.3039 | lr 4.217e-04 | 1326.9 ms/update | 6174 tok/s
[train] 2434/4096 | 19939328 tok | loss 5.2598 | lr 4.214e-04 | 1322.6 ms/update | 6194 tok/s
[train] 2435/4096 | 19947520 tok | loss 4.9987 | lr 4.211e-04 | 1329.0 ms/update | 6164 tok/s
[train] 2436/4096 | 19955712 tok | loss 5.4489 | lr 4.207e-04 | 1344.4 ms/update | 6094 tok/s
[train] 2437/4096 | 19963904 tok | loss 5.1802 | lr 4.204e-04 | 1328.8 ms/update | 6165 tok/s
[train] 2438/4096 | 19972096 tok | loss 4.6964 | lr 4.201e-04 | 1325.9 ms/update | 6179 tok/s
[train] 2439/4096 | 19980288 tok | loss 5.1690 | lr 4.197e-04 | 1322.0 ms/update | 6197 tok/s
[train] 2440/4096 | 19988480 tok | loss 4.9221 | lr 4.194e-04 | 1324.8 ms/update | 6184 tok/s
[train] 2441/4096 | 19996672 tok | loss 5.1623 | lr 4.191e-04 | 1327.2 ms/update | 6173 tok/s
[train] 2442/4096 | 20004864 tok | loss 5.1617 | lr 4.187e-04 | 1335.9 ms/update | 6132 tok/s
[train] 2443/4096 | 20013056 tok | loss 4.5672 | lr 4.184e-04 | 1331.6 ms/update | 6152 tok/s
[train] 2444/4096 | 20021248 tok | loss 4.7116 | lr 4.181e-04 | 1347.6 ms/update | 6079 tok/s
[train] 2445/4096 | 20029440 tok | loss 5.3072 | lr 4.178e-04 | 1330.1 ms/update | 6159 tok/s
[train] 2446/4096 | 20037632 tok | loss 5.2948 | lr 4.174e-04 | 1330.1 ms/update | 6159 tok/s
[train] 2447/4096 | 20045824 tok | loss 5.3191 | lr 4.171e-04 | 1333.9 ms/update | 6142 tok/s
[train] 2448/4096 | 20054016 tok | loss 5.2056 | lr 4.168e-04 | 1334.0 ms/update | 6141 tok/s
[train] 2449/4096 | 20062208 tok | loss 5.3018 | lr 4.164e-04 | 1338.5 ms/update | 6120 tok/s
[train] 2450/4096 | 20070400 tok | loss 4.9721 | lr 4.161e-04 | 1335.1 ms/update | 6136 tok/s
[train] 2451/4096 | 20078592 tok | loss 5.2291 | lr 4.158e-04 | 1347.0 ms/update | 6082 tok/s
[train] 2452/4096 | 20086784 tok | loss 5.0844 | lr 4.154e-04 | 1337.1 ms/update | 6127 tok/s
[train] 2453/4096 | 20094976 tok | loss 4.7664 | lr 4.151e-04 | 1342.7 ms/update | 6101 tok/s
[train] 2454/4096 | 20103168 tok | loss 5.0621 | lr 4.148e-04 | 1340.2 ms/update | 6113 tok/s
[train] 2455/4096 | 20111360 tok | loss 5.4280 | lr 4.144e-04 | 1343.3 ms/update | 6099 tok/s
[train] 2456/4096 | 20119552 tok | loss 4.9312 | lr 4.141e-04 | 1334.0 ms/update | 6141 tok/s
[train] 2457/4096 | 20127744 tok | loss 4.9131 | lr 4.138e-04 | 1333.6 ms/update | 6143 tok/s
[train] 2458/4096 | 20135936 tok | loss 5.3335 | lr 4.135e-04 | 1334.1 ms/update | 6141 tok/s
[train] 2459/4096 | 20144128 tok | loss 5.0517 | lr 4.131e-04 | 1345.2 ms/update | 6090 tok/s
[train] 2460/4096 | 20152320 tok | loss 5.2328 | lr 4.128e-04 | 1334.8 ms/update | 6137 tok/s
[train] 2461/4096 | 20160512 tok | loss 5.2141 | lr 4.125e-04 | 1328.8 ms/update | 6165 tok/s
[train] 2462/4096 | 20168704 tok | loss 5.3098 | lr 4.121e-04 | 1340.2 ms/update | 6112 tok/s
[train] 2463/4096 | 20176896 tok | loss 4.9843 | lr 4.118e-04 | 1333.4 ms/update | 6143 tok/s
[train] 2464/4096 | 20185088 tok | loss 4.7809 | lr 4.115e-04 | 1335.0 ms/update | 6136 tok/s
[train] 2465/4096 | 20193280 tok | loss 5.0457 | lr 4.111e-04 | 1334.2 ms/update | 6140 tok/s
[train] 2466/4096 | 20201472 tok | loss 4.9303 | lr 4.108e-04 | 1336.5 ms/update | 6130 tok/s
[train] 2467/4096 | 20209664 tok | loss 5.0515 | lr 4.105e-04 | 1331.1 ms/update | 6154 tok/s
[train] 2468/4096 | 20217856 tok | loss 5.0137 | lr 4.102e-04 | 1332.0 ms/update | 6150 tok/s
[train] 2469/4096 | 20226048 tok | loss 5.2624 | lr 4.098e-04 | 1332.4 ms/update | 6148 tok/s
[train] 2470/4096 | 20234240 tok | loss 5.2953 | lr 4.095e-04 | 1330.5 ms/update | 6157 tok/s
[train] 2471/4096 | 20242432 tok | loss 5.3044 | lr 4.092e-04 | 1334.8 ms/update | 6137 tok/s
[train] 2472/4096 | 20250624 tok | loss 5.2451 | lr 4.088e-04 | 1329.8 ms/update | 6160 tok/s
[train] 2473/4096 | 20258816 tok | loss 4.9015 | lr 4.085e-04 | 1330.8 ms/update | 6156 tok/s
[train] 2474/4096 | 20267008 tok | loss 5.3126 | lr 4.082e-04 | 1336.6 ms/update | 6129 tok/s
[train] 2475/4096 | 20275200 tok | loss 4.8395 | lr 4.078e-04 | 1330.3 ms/update | 6158 tok/s
[train] 2476/4096 | 20283392 tok | loss 4.6537 | lr 4.075e-04 | 1338.3 ms/update | 6121 tok/s
[train] 2477/4096 | 20291584 tok | loss 5.1187 | lr 4.072e-04 | 1328.8 ms/update | 6165 tok/s
[train] 2478/4096 | 20299776 tok | loss 5.1388 | lr 4.069e-04 | 1330.0 ms/update | 6159 tok/s
[train] 2479/4096 | 20307968 tok | loss 4.8184 | lr 4.065e-04 | 1327.7 ms/update | 6170 tok/s
[train] 2480/4096 | 20316160 tok | loss 5.3147 | lr 4.062e-04 | 1332.7 ms/update | 6147 tok/s
[train] 2481/4096 | 20324352 tok | loss 4.8961 | lr 4.059e-04 | 1345.8 ms/update | 6087 tok/s
[train] 2482/4096 | 20332544 tok | loss 5.1432 | lr 4.055e-04 | 1331.6 ms/update | 6152 tok/s
[train] 2483/4096 | 20340736 tok | loss 5.0976 | lr 4.052e-04 | 1329.9 ms/update | 6160 tok/s
[train] 2484/4096 | 20348928 tok | loss 5.1923 | lr 4.049e-04 | 1329.1 ms/update | 6164 tok/s
[train] 2485/4096 | 20357120 tok | loss 5.3094 | lr 4.046e-04 | 1328.9 ms/update | 6165 tok/s
[train] 2486/4096 | 20365312 tok | loss 5.4427 | lr 4.042e-04 | 1327.7 ms/update | 6170 tok/s
[train] 2487/4096 | 20373504 tok | loss 5.0890 | lr 4.039e-04 | 1335.0 ms/update | 6136 tok/s
[train] 2488/4096 | 20381696 tok | loss 4.9437 | lr 4.036e-04 | 1323.7 ms/update | 6189 tok/s
[train] 2489/4096 | 20389888 tok | loss 5.0710 | lr 4.032e-04 | 1340.3 ms/update | 6112 tok/s
[train] 2490/4096 | 20398080 tok | loss 5.0750 | lr 4.029e-04 | 1334.4 ms/update | 6139 tok/s
[train] 2491/4096 | 20406272 tok | loss 5.2519 | lr 4.026e-04 | 1335.9 ms/update | 6132 tok/s
[train] 2492/4096 | 20414464 tok | loss 4.9693 | lr 4.023e-04 | 1330.0 ms/update | 6160 tok/s
[train] 2493/4096 | 20422656 tok | loss 5.0120 | lr 4.019e-04 | 1336.7 ms/update | 6128 tok/s
[train] 2494/4096 | 20430848 tok | loss 5.2561 | lr 4.016e-04 | 1326.5 ms/update | 6176 tok/s
[train] 2495/4096 | 20439040 tok | loss 5.3004 | lr 4.013e-04 | 1331.6 ms/update | 6152 tok/s
[train] 2496/4096 | 20447232 tok | loss 5.1748 | lr 4.010e-04 | 1339.0 ms/update | 6118 tok/s
[train] 2497/4096 | 20455424 tok | loss 5.3945 | lr 4.006e-04 | 1328.9 ms/update | 6165 tok/s
[train] 2498/4096 | 20463616 tok | loss 5.0052 | lr 4.003e-04 | 1328.8 ms/update | 6165 tok/s
[train] 2499/4096 | 20471808 tok | loss 5.4322 | lr 4.000e-04 | 1326.2 ms/update | 6177 tok/s
[train] 2500/4096 | 20480000 tok | loss 5.0280 | lr 3.996e-04 | 1329.0 ms/update | 6164 tok/s
[train] 2501/4096 | 20488192 tok | loss 5.2761 | lr 3.993e-04 | 1330.4 ms/update | 6158 tok/s
[train] 2502/4096 | 20496384 tok | loss 4.9421 | lr 3.990e-04 | 1329.9 ms/update | 6160 tok/s
[train] 2503/4096 | 20504576 tok | loss 5.5811 | lr 3.987e-04 | 1331.6 ms/update | 6152 tok/s
[train] 2504/4096 | 20512768 tok | loss 5.3034 | lr 3.983e-04 | 1337.2 ms/update | 6126 tok/s
[train] 2505/4096 | 20520960 tok | loss 5.2711 | lr 3.980e-04 | 1327.9 ms/update | 6169 tok/s
[train] 2506/4096 | 20529152 tok | loss 5.0192 | lr 3.977e-04 | 1325.3 ms/update | 6181 tok/s
[train] 2507/4096 | 20537344 tok | loss 5.2669 | lr 3.974e-04 | 1328.4 ms/update | 6167 tok/s
[train] 2508/4096 | 20545536 tok | loss 5.0646 | lr 3.970e-04 | 1329.9 ms/update | 6160 tok/s
[train] 2509/4096 | 20553728 tok | loss 5.0000 | lr 3.967e-04 | 1335.7 ms/update | 6133 tok/s
[train] 2510/4096 | 20561920 tok | loss 4.7306 | lr 3.964e-04 | 1349.8 ms/update | 6069 tok/s
[train] 2511/4096 | 20570112 tok | loss 5.3369 | lr 3.961e-04 | 1341.4 ms/update | 6107 tok/s
[train] 2512/4096 | 20578304 tok | loss 5.1196 | lr 3.957e-04 | 1361.6 ms/update | 6017 tok/s
[train] 2513/4096 | 20586496 tok | loss 5.1662 | lr 3.954e-04 | 1334.0 ms/update | 6141 tok/s
[train] 2514/4096 | 20594688 tok | loss 4.8789 | lr 3.951e-04 | 1325.9 ms/update | 6178 tok/s
[train] 2515/4096 | 20602880 tok | loss 5.3307 | lr 3.948e-04 | 1328.2 ms/update | 6168 tok/s
[train] 2516/4096 | 20611072 tok | loss 5.0372 | lr 3.944e-04 | 1327.3 ms/update | 6172 tok/s
[train] 2517/4096 | 20619264 tok | loss 5.4522 | lr 3.941e-04 | 1323.0 ms/update | 6192 tok/s
[train] 2518/4096 | 20627456 tok | loss 5.1973 | lr 3.938e-04 | 1329.1 ms/update | 6164 tok/s
[train] 2519/4096 | 20635648 tok | loss 4.8876 | lr 3.935e-04 | 1330.7 ms/update | 6156 tok/s
[train] 2520/4096 | 20643840 tok | loss 5.1068 | lr 3.931e-04 | 1330.4 ms/update | 6158 tok/s
[train] 2521/4096 | 20652032 tok | loss 4.9354 | lr 3.928e-04 | 1322.4 ms/update | 6195 tok/s
[train] 2522/4096 | 20660224 tok | loss 5.3328 | lr 3.925e-04 | 1327.7 ms/update | 6170 tok/s
[train] 2523/4096 | 20668416 tok | loss 5.2032 | lr 3.922e-04 | 1323.6 ms/update | 6189 tok/s
[train] 2524/4096 | 20676608 tok | loss 5.1687 | lr 3.918e-04 | 1321.3 ms/update | 6200 tok/s
[train] 2525/4096 | 20684800 tok | loss 5.0324 | lr 3.915e-04 | 1329.6 ms/update | 6161 tok/s
[train] 2526/4096 | 20692992 tok | loss 4.9741 | lr 3.912e-04 | 1335.3 ms/update | 6135 tok/s
[train] 2527/4096 | 20701184 tok | loss 5.3442 | lr 3.909e-04 | 1326.1 ms/update | 6178 tok/s
[train] 2528/4096 | 20709376 tok | loss 5.3169 | lr 3.905e-04 | 1326.7 ms/update | 6175 tok/s
[train] 2529/4096 | 20717568 tok | loss 5.2727 | lr 3.902e-04 | 1318.7 ms/update | 6212 tok/s
[train] 2530/4096 | 20725760 tok | loss 5.1032 | lr 3.899e-04 | 1318.2 ms/update | 6214 tok/s
[train] 2531/4096 | 20733952 tok | loss 4.9267 | lr 3.896e-04 | 1319.9 ms/update | 6206 tok/s
[train] 2532/4096 | 20742144 tok | loss 5.4170 | lr 3.892e-04 | 1329.7 ms/update | 6161 tok/s
[train] 2533/4096 | 20750336 tok | loss 5.0612 | lr 3.889e-04 | 1326.2 ms/update | 6177 tok/s
[train] 2534/4096 | 20758528 tok | loss 5.3327 | lr 3.886e-04 | 1340.6 ms/update | 6111 tok/s
[train] 2535/4096 | 20766720 tok | loss 5.2408 | lr 3.883e-04 | 1329.9 ms/update | 6160 tok/s
[train] 2536/4096 | 20774912 tok | loss 5.1227 | lr 3.879e-04 | 1331.3 ms/update | 6153 tok/s
[train] 2537/4096 | 20783104 tok | loss 4.7766 | lr 3.876e-04 | 1333.4 ms/update | 6144 tok/s
[train] 2538/4096 | 20791296 tok | loss 5.2624 | lr 3.873e-04 | 1331.4 ms/update | 6153 tok/s
[train] 2539/4096 | 20799488 tok | loss 5.4147 | lr 3.870e-04 | 1327.8 ms/update | 6169 tok/s
[train] 2540/4096 | 20807680 tok | loss 5.2765 | lr 3.866e-04 | 1326.3 ms/update | 6177 tok/s
[train] 2541/4096 | 20815872 tok | loss 5.0348 | lr 3.863e-04 | 1338.0 ms/update | 6122 tok/s
[train] 2542/4096 | 20824064 tok | loss 4.9960 | lr 3.860e-04 | 1332.7 ms/update | 6147 tok/s
[train] 2543/4096 | 20832256 tok | loss 4.7260 | lr 3.857e-04 | 1327.9 ms/update | 6169 tok/s
[train] 2544/4096 | 20840448 tok | loss 5.3603 | lr 3.854e-04 | 1334.7 ms/update | 6138 tok/s
[train] 2545/4096 | 20848640 tok | loss 5.0716 | lr 3.850e-04 | 1339.1 ms/update | 6117 tok/s
[train] 2546/4096 | 20856832 tok | loss 4.8177 | lr 3.847e-04 | 1324.7 ms/update | 6184 tok/s
[train] 2547/4096 | 20865024 tok | loss 5.0563 | lr 3.844e-04 | 1328.4 ms/update | 6167 tok/s
[train] 2548/4096 | 20873216 tok | loss 5.3683 | lr 3.841e-04 | 1325.2 ms/update | 6182 tok/s
[train] 2549/4096 | 20881408 tok | loss 5.2458 | lr 3.837e-04 | 1332.6 ms/update | 6147 tok/s
[train] 2550/4096 | 20889600 tok | loss 4.9791 | lr 3.834e-04 | 1330.1 ms/update | 6159 tok/s
[train] 2551/4096 | 20897792 tok | loss 5.2734 | lr 3.831e-04 | 1333.8 ms/update | 6142 tok/s
[train] 2552/4096 | 20905984 tok | loss 5.1140 | lr 3.828e-04 | 1334.5 ms/update | 6139 tok/s
[train] 2553/4096 | 20914176 tok | loss 5.1244 | lr 3.824e-04 | 1328.2 ms/update | 6168 tok/s
[train] 2554/4096 | 20922368 tok | loss 5.0519 | lr 3.821e-04 | 1330.3 ms/update | 6158 tok/s
[train] 2555/4096 | 20930560 tok | loss 4.9147 | lr 3.818e-04 | 1329.6 ms/update | 6161 tok/s
[train] 2556/4096 | 20938752 tok | loss 5.2181 | lr 3.815e-04 | 1342.2 ms/update | 6103 tok/s
[train] 2557/4096 | 20946944 tok | loss 5.1638 | lr 3.812e-04 | 1328.9 ms/update | 6164 tok/s
[train] 2558/4096 | 20955136 tok | loss 5.1084 | lr 3.808e-04 | 1332.0 ms/update | 6150 tok/s
[train] 2559/4096 | 20963328 tok | loss 5.3764 | lr 3.805e-04 | 1332.0 ms/update | 6150 tok/s
[train] 2560/4096 | 20971520 tok | loss 5.2132 | lr 3.802e-04 | 1336.0 ms/update | 6132 tok/s
[eval] step 2560 | val NLL 4.9100 | ppl 135.65 | 65536 tokens
[ckpt] latest.pt @ step 2560
[train] 2561/4096 | 20979712 tok | loss 5.1188 | lr 3.799e-04 | 1331.6 ms/update | 6152 tok/s
[train] 2562/4096 | 20987904 tok | loss 5.2162 | lr 3.796e-04 | 1334.7 ms/update | 6138 tok/s
[train] 2563/4096 | 20996096 tok | loss 5.0594 | lr 3.792e-04 | 1326.1 ms/update | 6178 tok/s
[train] 2564/4096 | 21004288 tok | loss 4.9865 | lr 3.789e-04 | 1328.7 ms/update | 6165 tok/s
[train] 2565/4096 | 21012480 tok | loss 5.3085 | lr 3.786e-04 | 1328.5 ms/update | 6166 tok/s
[train] 2566/4096 | 21020672 tok | loss 5.2568 | lr 3.783e-04 | 1331.4 ms/update | 6153 tok/s
[train] 2567/4096 | 21028864 tok | loss 5.1522 | lr 3.780e-04 | 1330.2 ms/update | 6158 tok/s
[train] 2568/4096 | 21037056 tok | loss 5.1313 | lr 3.776e-04 | 1340.0 ms/update | 6114 tok/s
[train] 2569/4096 | 21045248 tok | loss 5.2606 | lr 3.773e-04 | 1338.0 ms/update | 6123 tok/s
[train] 2570/4096 | 21053440 tok | loss 4.9857 | lr 3.770e-04 | 1334.8 ms/update | 6137 tok/s
[train] 2571/4096 | 21061632 tok | loss 5.3111 | lr 3.767e-04 | 1335.7 ms/update | 6133 tok/s
[train] 2572/4096 | 21069824 tok | loss 5.2843 | lr 3.764e-04 | 1338.1 ms/update | 6122 tok/s
[train] 2573/4096 | 21078016 tok | loss 4.9742 | lr 3.760e-04 | 1337.8 ms/update | 6124 tok/s
[train] 2574/4096 | 21086208 tok | loss 5.4035 | lr 3.757e-04 | 1329.2 ms/update | 6163 tok/s
[train] 2575/4096 | 21094400 tok | loss 4.9192 | lr 3.754e-04 | 1329.9 ms/update | 6160 tok/s
[train] 2576/4096 | 21102592 tok | loss 5.1535 | lr 3.751e-04 | 1346.6 ms/update | 6083 tok/s
[train] 2577/4096 | 21110784 tok | loss 5.3742 | lr 3.748e-04 | 1331.8 ms/update | 6151 tok/s
[train] 2578/4096 | 21118976 tok | loss 4.9669 | lr 3.744e-04 | 1333.7 ms/update | 6142 tok/s
[train] 2579/4096 | 21127168 tok | loss 5.3393 | lr 3.741e-04 | 1345.5 ms/update | 6089 tok/s
[train] 2580/4096 | 21135360 tok | loss 5.2252 | lr 3.738e-04 | 1346.4 ms/update | 6084 tok/s
[train] 2581/4096 | 21143552 tok | loss 5.1787 | lr 3.735e-04 | 1339.0 ms/update | 6118 tok/s
[train] 2582/4096 | 21151744 tok | loss 5.4135 | lr 3.732e-04 | 1334.5 ms/update | 6139 tok/s
[train] 2583/4096 | 21159936 tok | loss 5.0806 | lr 3.728e-04 | 1340.3 ms/update | 6112 tok/s
[train] 2584/4096 | 21168128 tok | loss 5.2053 | lr 3.725e-04 | 1337.8 ms/update | 6124 tok/s
[train] 2585/4096 | 21176320 tok | loss 5.1245 | lr 3.722e-04 | 1343.1 ms/update | 6099 tok/s
[train] 2586/4096 | 21184512 tok | loss 5.1559 | lr 3.719e-04 | 1333.5 ms/update | 6143 tok/s
[train] 2587/4096 | 21192704 tok | loss 5.2724 | lr 3.716e-04 | 1336.9 ms/update | 6128 tok/s
[train] 2588/4096 | 21200896 tok | loss 4.9416 | lr 3.712e-04 | 1339.0 ms/update | 6118 tok/s
[train] 2589/4096 | 21209088 tok | loss 5.3317 | lr 3.709e-04 | 1334.3 ms/update | 6140 tok/s
[train] 2590/4096 | 21217280 tok | loss 5.2373 | lr 3.706e-04 | 1332.9 ms/update | 6146 tok/s
[train] 2591/4096 | 21225472 tok | loss 5.4511 | lr 3.703e-04 | 1342.0 ms/update | 6104 tok/s
[train] 2592/4096 | 21233664 tok | loss 5.1830 | lr 3.700e-04 | 1330.5 ms/update | 6157 tok/s
[train] 2593/4096 | 21241856 tok | loss 4.8914 | lr 3.697e-04 | 1327.8 ms/update | 6170 tok/s
[train] 2594/4096 | 21250048 tok | loss 5.2618 | lr 3.693e-04 | 1326.0 ms/update | 6178 tok/s
[train] 2595/4096 | 21258240 tok | loss 4.9844 | lr 3.690e-04 | 1335.2 ms/update | 6136 tok/s
[train] 2596/4096 | 21266432 tok | loss 5.0668 | lr 3.687e-04 | 1332.7 ms/update | 6147 tok/s
[train] 2597/4096 | 21274624 tok | loss 4.8348 | lr 3.684e-04 | 1328.9 ms/update | 6164 tok/s
[train] 2598/4096 | 21282816 tok | loss 5.1780 | lr 3.681e-04 | 1332.8 ms/update | 6146 tok/s
[train] 2599/4096 | 21291008 tok | loss 5.0086 | lr 3.678e-04 | 1330.7 ms/update | 6156 tok/s
[train] 2600/4096 | 21299200 tok | loss 5.5598 | lr 3.674e-04 | 1323.5 ms/update | 6190 tok/s
[train] 2601/4096 | 21307392 tok | loss 4.8947 | lr 3.671e-04 | 1331.7 ms/update | 6152 tok/s
[train] 2602/4096 | 21315584 tok | loss 5.0270 | lr 3.668e-04 | 1330.4 ms/update | 6158 tok/s
[train] 2603/4096 | 21323776 tok | loss 5.2168 | lr 3.665e-04 | 1328.5 ms/update | 6166 tok/s
[train] 2604/4096 | 21331968 tok | loss 4.8954 | lr 3.662e-04 | 1331.9 ms/update | 6151 tok/s
[train] 2605/4096 | 21340160 tok | loss 4.9986 | lr 3.658e-04 | 1335.1 ms/update | 6136 tok/s
[train] 2606/4096 | 21348352 tok | loss 5.4394 | lr 3.655e-04 | 1342.0 ms/update | 6104 tok/s
[train] 2607/4096 | 21356544 tok | loss 4.9173 | lr 3.652e-04 | 1334.7 ms/update | 6138 tok/s
[train] 2608/4096 | 21364736 tok | loss 5.2257 | lr 3.649e-04 | 1332.5 ms/update | 6148 tok/s
[train] 2609/4096 | 21372928 tok | loss 5.3684 | lr 3.646e-04 | 1330.1 ms/update | 6159 tok/s
[train] 2610/4096 | 21381120 tok | loss 5.3426 | lr 3.643e-04 | 1324.9 ms/update | 6183 tok/s
[train] 2611/4096 | 21389312 tok | loss 5.0579 | lr 3.640e-04 | 1332.2 ms/update | 6149 tok/s
[train] 2612/4096 | 21397504 tok | loss 4.7166 | lr 3.636e-04 | 1331.1 ms/update | 6154 tok/s
[train] 2613/4096 | 21405696 tok | loss 5.1248 | lr 3.633e-04 | 1328.7 ms/update | 6166 tok/s
[train] 2614/4096 | 21413888 tok | loss 5.0646 | lr 3.630e-04 | 1326.2 ms/update | 6177 tok/s
[train] 2615/4096 | 21422080 tok | loss 4.7884 | lr 3.627e-04 | 1326.7 ms/update | 6175 tok/s
[train] 2616/4096 | 21430272 tok | loss 5.2607 | lr 3.624e-04 | 1331.0 ms/update | 6155 tok/s
[train] 2617/4096 | 21438464 tok | loss 5.0942 | lr 3.621e-04 | 1327.9 ms/update | 6169 tok/s
[train] 2618/4096 | 21446656 tok | loss 5.2283 | lr 3.617e-04 | 1326.4 ms/update | 6176 tok/s
[train] 2619/4096 | 21454848 tok | loss 5.0767 | lr 3.614e-04 | 1333.5 ms/update | 6143 tok/s
[train] 2620/4096 | 21463040 tok | loss 5.2738 | lr 3.611e-04 | 1332.3 ms/update | 6149 tok/s
[train] 2621/4096 | 21471232 tok | loss 4.9179 | lr 3.608e-04 | 1342.9 ms/update | 6100 tok/s
[train] 2622/4096 | 21479424 tok | loss 5.0541 | lr 3.605e-04 | 1326.4 ms/update | 6176 tok/s
[train] 2623/4096 | 21487616 tok | loss 5.0867 | lr 3.602e-04 | 1327.1 ms/update | 6173 tok/s
[train] 2624/4096 | 21495808 tok | loss 4.8980 | lr 3.599e-04 | 1332.5 ms/update | 6148 tok/s
[train] 2625/4096 | 21504000 tok | loss 4.9849 | lr 3.595e-04 | 1333.7 ms/update | 6142 tok/s
[train] 2626/4096 | 21512192 tok | loss 5.4433 | lr 3.592e-04 | 1335.3 ms/update | 6135 tok/s
[train] 2627/4096 | 21520384 tok | loss 5.2774 | lr 3.589e-04 | 1335.0 ms/update | 6136 tok/s
[train] 2628/4096 | 21528576 tok | loss 5.3958 | lr 3.586e-04 | 1338.9 ms/update | 6118 tok/s
[train] 2629/4096 | 21536768 tok | loss 5.3972 | lr 3.583e-04 | 1331.8 ms/update | 6151 tok/s
[train] 2630/4096 | 21544960 tok | loss 4.9619 | lr 3.580e-04 | 1337.3 ms/update | 6126 tok/s
[train] 2631/4096 | 21553152 tok | loss 4.9707 | lr 3.577e-04 | 1332.6 ms/update | 6147 tok/s
[train] 2632/4096 | 21561344 tok | loss 5.5732 | lr 3.573e-04 | 1335.6 ms/update | 6134 tok/s
[train] 2633/4096 | 21569536 tok | loss 4.7418 | lr 3.570e-04 | 1331.3 ms/update | 6153 tok/s
[train] 2634/4096 | 21577728 tok | loss 5.0995 | lr 3.567e-04 | 1340.1 ms/update | 6113 tok/s
[train] 2635/4096 | 21585920 tok | loss 4.7785 | lr 3.564e-04 | 1337.5 ms/update | 6125 tok/s
[train] 2636/4096 | 21594112 tok | loss 5.0372 | lr 3.561e-04 | 1336.0 ms/update | 6132 tok/s
[train] 2637/4096 | 21602304 tok | loss 5.0988 | lr 3.558e-04 | 1330.3 ms/update | 6158 tok/s
[train] 2638/4096 | 21610496 tok | loss 5.0928 | lr 3.555e-04 | 1332.9 ms/update | 6146 tok/s
[train] 2639/4096 | 21618688 tok | loss 5.0212 | lr 3.552e-04 | 1337.9 ms/update | 6123 tok/s
[train] 2640/4096 | 21626880 tok | loss 5.1646 | lr 3.548e-04 | 1327.1 ms/update | 6173 tok/s
[train] 2641/4096 | 21635072 tok | loss 5.0772 | lr 3.545e-04 | 1335.8 ms/update | 6133 tok/s
[train] 2642/4096 | 21643264 tok | loss 5.1675 | lr 3.542e-04 | 1356.5 ms/update | 6039 tok/s
[train] 2643/4096 | 21651456 tok | loss 5.2539 | lr 3.539e-04 | 1337.1 ms/update | 6127 tok/s
[train] 2644/4096 | 21659648 tok | loss 4.9502 | lr 3.536e-04 | 1342.5 ms/update | 6102 tok/s
[train] 2645/4096 | 21667840 tok | loss 5.0966 | lr 3.533e-04 | 1334.1 ms/update | 6141 tok/s
[train] 2646/4096 | 21676032 tok | loss 4.9613 | lr 3.530e-04 | 1352.7 ms/update | 6056 tok/s
[train] 2647/4096 | 21684224 tok | loss 4.7872 | lr 3.527e-04 | 1346.8 ms/update | 6082 tok/s
[train] 2648/4096 | 21692416 tok | loss 5.0699 | lr 3.523e-04 | 1332.1 ms/update | 6150 tok/s
[train] 2649/4096 | 21700608 tok | loss 5.1338 | lr 3.520e-04 | 1335.3 ms/update | 6135 tok/s
[train] 2650/4096 | 21708800 tok | loss 5.2230 | lr 3.517e-04 | 1332.6 ms/update | 6147 tok/s
[train] 2651/4096 | 21716992 tok | loss 5.2989 | lr 3.514e-04 | 1339.3 ms/update | 6116 tok/s
[train] 2652/4096 | 21725184 tok | loss 5.2912 | lr 3.511e-04 | 1338.4 ms/update | 6121 tok/s
[train] 2653/4096 | 21733376 tok | loss 5.1244 | lr 3.508e-04 | 1329.1 ms/update | 6163 tok/s
[train] 2654/4096 | 21741568 tok | loss 5.3291 | lr 3.505e-04 | 1332.2 ms/update | 6149 tok/s
[train] 2655/4096 | 21749760 tok | loss 5.1327 | lr 3.502e-04 | 1328.4 ms/update | 6167 tok/s
[train] 2656/4096 | 21757952 tok | loss 4.7207 | lr 3.499e-04 | 1331.9 ms/update | 6151 tok/s
[train] 2657/4096 | 21766144 tok | loss 5.3482 | lr 3.495e-04 | 1332.8 ms/update | 6146 tok/s
[train] 2658/4096 | 21774336 tok | loss 5.0597 | lr 3.492e-04 | 1335.9 ms/update | 6132 tok/s
[train] 2659/4096 | 21782528 tok | loss 5.3591 | lr 3.489e-04 | 1335.1 ms/update | 6136 tok/s
[train] 2660/4096 | 21790720 tok | loss 5.1718 | lr 3.486e-04 | 1333.0 ms/update | 6146 tok/s
[train] 2661/4096 | 21798912 tok | loss 5.1322 | lr 3.483e-04 | 1332.9 ms/update | 6146 tok/s
[train] 2662/4096 | 21807104 tok | loss 4.9988 | lr 3.480e-04 | 1332.0 ms/update | 6150 tok/s
[train] 2663/4096 | 21815296 tok | loss 4.9272 | lr 3.477e-04 | 1329.4 ms/update | 6162 tok/s
[train] 2664/4096 | 21823488 tok | loss 5.0775 | lr 3.474e-04 | 1331.2 ms/update | 6154 tok/s
[train] 2665/4096 | 21831680 tok | loss 5.2393 | lr 3.471e-04 | 1328.6 ms/update | 6166 tok/s
[train] 2666/4096 | 21839872 tok | loss 5.0561 | lr 3.468e-04 | 1336.2 ms/update | 6131 tok/s
[train] 2667/4096 | 21848064 tok | loss 5.2150 | lr 3.464e-04 | 1326.4 ms/update | 6176 tok/s
[train] 2668/4096 | 21856256 tok | loss 4.8376 | lr 3.461e-04 | 1330.4 ms/update | 6157 tok/s
[train] 2669/4096 | 21864448 tok | loss 4.6658 | lr 3.458e-04 | 1330.2 ms/update | 6159 tok/s
[train] 2670/4096 | 21872640 tok | loss 4.8225 | lr 3.455e-04 | 1327.8 ms/update | 6170 tok/s
[train] 2671/4096 | 21880832 tok | loss 4.9024 | lr 3.452e-04 | 1329.1 ms/update | 6164 tok/s
[train] 2672/4096 | 21889024 tok | loss 4.9805 | lr 3.449e-04 | 1332.1 ms/update | 6150 tok/s
[train] 2673/4096 | 21897216 tok | loss 5.1620 | lr 3.446e-04 | 1339.6 ms/update | 6115 tok/s
[train] 2674/4096 | 21905408 tok | loss 5.1530 | lr 3.443e-04 | 1340.3 ms/update | 6112 tok/s
[train] 2675/4096 | 21913600 tok | loss 4.8592 | lr 3.440e-04 | 1339.0 ms/update | 6118 tok/s
[train] 2676/4096 | 21921792 tok | loss 4.6713 | lr 3.437e-04 | 1339.2 ms/update | 6117 tok/s
[train] 2677/4096 | 21929984 tok | loss 5.2166 | lr 3.434e-04 | 1340.0 ms/update | 6113 tok/s
[train] 2678/4096 | 21938176 tok | loss 5.1242 | lr 3.431e-04 | 1332.9 ms/update | 6146 tok/s
[train] 2679/4096 | 21946368 tok | loss 5.2519 | lr 3.427e-04 | 1331.1 ms/update | 6154 tok/s
[train] 2680/4096 | 21954560 tok | loss 5.3373 | lr 3.424e-04 | 1334.4 ms/update | 6139 tok/s
[train] 2681/4096 | 21962752 tok | loss 5.1826 | lr 3.421e-04 | 1343.3 ms/update | 6099 tok/s
[train] 2682/4096 | 21970944 tok | loss 5.4357 | lr 3.418e-04 | 1335.3 ms/update | 6135 tok/s
[train] 2683/4096 | 21979136 tok | loss 4.7956 | lr 3.415e-04 | 1331.4 ms/update | 6153 tok/s
[train] 2684/4096 | 21987328 tok | loss 5.1960 | lr 3.412e-04 | 1336.4 ms/update | 6130 tok/s
[train] 2685/4096 | 21995520 tok | loss 5.2318 | lr 3.409e-04 | 1335.2 ms/update | 6135 tok/s
[train] 2686/4096 | 22003712 tok | loss 5.1937 | lr 3.406e-04 | 1333.3 ms/update | 6144 tok/s
[train] 2687/4096 | 22011904 tok | loss 5.2265 | lr 3.403e-04 | 1331.9 ms/update | 6150 tok/s
[train] 2688/4096 | 22020096 tok | loss 4.8784 | lr 3.400e-04 | 1338.9 ms/update | 6119 tok/s
[eval] step 2688 | val NLL 4.8952 | ppl 133.65 | 65536 tokens
[ckpt] latest.pt @ step 2688
[train] 2689/4096 | 22028288 tok | loss 5.0348 | lr 3.397e-04 | 1325.5 ms/update | 6180 tok/s
[train] 2690/4096 | 22036480 tok | loss 5.1140 | lr 3.394e-04 | 1332.1 ms/update | 6150 tok/s
[train] 2691/4096 | 22044672 tok | loss 5.0020 | lr 3.391e-04 | 1337.1 ms/update | 6127 tok/s
[train] 2692/4096 | 22052864 tok | loss 5.0706 | lr 3.388e-04 | 1341.6 ms/update | 6106 tok/s
[train] 2693/4096 | 22061056 tok | loss 5.0111 | lr 3.384e-04 | 1353.6 ms/update | 6052 tok/s
[train] 2694/4096 | 22069248 tok | loss 4.7795 | lr 3.381e-04 | 1328.6 ms/update | 6166 tok/s
[train] 2695/4096 | 22077440 tok | loss 5.2241 | lr 3.378e-04 | 1331.7 ms/update | 6152 tok/s
[train] 2696/4096 | 22085632 tok | loss 5.1595 | lr 3.375e-04 | 1335.2 ms/update | 6135 tok/s
[train] 2697/4096 | 22093824 tok | loss 5.1774 | lr 3.372e-04 | 1331.8 ms/update | 6151 tok/s
[train] 2698/4096 | 22102016 tok | loss 5.1382 | lr 3.369e-04 | 1325.0 ms/update | 6183 tok/s
[train] 2699/4096 | 22110208 tok | loss 5.0320 | lr 3.366e-04 | 1320.4 ms/update | 6204 tok/s
[train] 2700/4096 | 22118400 tok | loss 5.0188 | lr 3.363e-04 | 1325.2 ms/update | 6182 tok/s
[train] 2701/4096 | 22126592 tok | loss 5.3344 | lr 3.360e-04 | 1340.2 ms/update | 6113 tok/s
[train] 2702/4096 | 22134784 tok | loss 5.1306 | lr 3.357e-04 | 1334.0 ms/update | 6141 tok/s
[train] 2703/4096 | 22142976 tok | loss 5.1984 | lr 3.354e-04 | 1335.0 ms/update | 6136 tok/s
[train] 2704/4096 | 22151168 tok | loss 4.8963 | lr 3.351e-04 | 1337.2 ms/update | 6126 tok/s
[train] 2705/4096 | 22159360 tok | loss 4.8974 | lr 3.348e-04 | 1341.3 ms/update | 6107 tok/s
[train] 2706/4096 | 22167552 tok | loss 5.2388 | lr 3.345e-04 | 1332.6 ms/update | 6148 tok/s
[train] 2707/4096 | 22175744 tok | loss 5.0733 | lr 3.342e-04 | 1336.6 ms/update | 6129 tok/s
[train] 2708/4096 | 22183936 tok | loss 4.7516 | lr 3.339e-04 | 1347.1 ms/update | 6081 tok/s
[train] 2709/4096 | 22192128 tok | loss 5.0020 | lr 3.336e-04 | 1339.9 ms/update | 6114 tok/s
[train] 2710/4096 | 22200320 tok | loss 5.1461 | lr 3.333e-04 | 1332.2 ms/update | 6149 tok/s
[train] 2711/4096 | 22208512 tok | loss 4.8708 | lr 3.330e-04 | 1324.6 ms/update | 6184 tok/s
[train] 2712/4096 | 22216704 tok | loss 5.3887 | lr 3.327e-04 | 1334.4 ms/update | 6139 tok/s
[train] 2713/4096 | 22224896 tok | loss 5.0674 | lr 3.323e-04 | 1333.1 ms/update | 6145 tok/s
[train] 2714/4096 | 22233088 tok | loss 5.2702 | lr 3.320e-04 | 1330.7 ms/update | 6156 tok/s
[train] 2715/4096 | 22241280 tok | loss 4.9093 | lr 3.317e-04 | 1334.6 ms/update | 6138 tok/s
[train] 2716/4096 | 22249472 tok | loss 4.9547 | lr 3.314e-04 | 1335.8 ms/update | 6132 tok/s
[train] 2717/4096 | 22257664 tok | loss 5.3170 | lr 3.311e-04 | 1332.9 ms/update | 6146 tok/s
[train] 2718/4096 | 22265856 tok | loss 5.2478 | lr 3.308e-04 | 1334.6 ms/update | 6138 tok/s
[train] 2719/4096 | 22274048 tok | loss 5.0450 | lr 3.305e-04 | 1336.2 ms/update | 6131 tok/s
[train] 2720/4096 | 22282240 tok | loss 5.0848 | lr 3.302e-04 | 1333.5 ms/update | 6143 tok/s
[train] 2721/4096 | 22290432 tok | loss 4.9295 | lr 3.299e-04 | 1330.6 ms/update | 6157 tok/s
[train] 2722/4096 | 22298624 tok | loss 4.9982 | lr 3.296e-04 | 1341.8 ms/update | 6105 tok/s
[train] 2723/4096 | 22306816 tok | loss 4.8102 | lr 3.293e-04 | 1342.3 ms/update | 6103 tok/s
[train] 2724/4096 | 22315008 tok | loss 5.0722 | lr 3.290e-04 | 1329.8 ms/update | 6160 tok/s
[train] 2725/4096 | 22323200 tok | loss 5.2516 | lr 3.287e-04 | 1326.3 ms/update | 6176 tok/s
[train] 2726/4096 | 22331392 tok | loss 5.3229 | lr 3.284e-04 | 1337.5 ms/update | 6125 tok/s
[train] 2727/4096 | 22339584 tok | loss 5.0970 | lr 3.281e-04 | 1332.4 ms/update | 6148 tok/s
[train] 2728/4096 | 22347776 tok | loss 5.0110 | lr 3.278e-04 | 1330.6 ms/update | 6157 tok/s
[train] 2729/4096 | 22355968 tok | loss 4.9774 | lr 3.275e-04 | 1332.6 ms/update | 6148 tok/s
[train] 2730/4096 | 22364160 tok | loss 5.2459 | lr 3.272e-04 | 1329.6 ms/update | 6161 tok/s
[train] 2731/4096 | 22372352 tok | loss 4.9883 | lr 3.269e-04 | 1331.5 ms/update | 6153 tok/s
[train] 2732/4096 | 22380544 tok | loss 4.9598 | lr 3.266e-04 | 1329.6 ms/update | 6161 tok/s
[train] 2733/4096 | 22388736 tok | loss 5.0477 | lr 3.263e-04 | 1330.8 ms/update | 6156 tok/s
[train] 2734/4096 | 22396928 tok | loss 5.3780 | lr 3.260e-04 | 1329.1 ms/update | 6163 tok/s
[train] 2735/4096 | 22405120 tok | loss 5.1192 | lr 3.257e-04 | 1328.1 ms/update | 6168 tok/s
[train] 2736/4096 | 22413312 tok | loss 5.2654 | lr 3.254e-04 | 1333.1 ms/update | 6145 tok/s
[train] 2737/4096 | 22421504 tok | loss 5.2336 | lr 3.251e-04 | 1334.7 ms/update | 6138 tok/s
[train] 2738/4096 | 22429696 tok | loss 4.9849 | lr 3.248e-04 | 1349.2 ms/update | 6072 tok/s
[train] 2739/4096 | 22437888 tok | loss 5.3073 | lr 3.245e-04 | 1330.5 ms/update | 6157 tok/s
[train] 2740/4096 | 22446080 tok | loss 4.8944 | lr 3.242e-04 | 1336.1 ms/update | 6131 tok/s
[train] 2741/4096 | 22454272 tok | loss 5.0847 | lr 3.239e-04 | 1334.2 ms/update | 6140 tok/s
[train] 2742/4096 | 22462464 tok | loss 5.0736 | lr 3.236e-04 | 1331.1 ms/update | 6154 tok/s
[train] 2743/4096 | 22470656 tok | loss 5.1700 | lr 3.233e-04 | 1332.6 ms/update | 6147 tok/s
[train] 2744/4096 | 22478848 tok | loss 5.2151 | lr 3.230e-04 | 1336.7 ms/update | 6129 tok/s
[train] 2745/4096 | 22487040 tok | loss 5.2891 | lr 3.227e-04 | 1336.6 ms/update | 6129 tok/s
[train] 2746/4096 | 22495232 tok | loss 5.2818 | lr 3.224e-04 | 1337.0 ms/update | 6127 tok/s
[train] 2747/4096 | 22503424 tok | loss 4.8857 | lr 3.221e-04 | 1327.9 ms/update | 6169 tok/s
[train] 2748/4096 | 22511616 tok | loss 4.9921 | lr 3.218e-04 | 1335.2 ms/update | 6135 tok/s
[train] 2749/4096 | 22519808 tok | loss 4.9962 | lr 3.215e-04 | 1331.0 ms/update | 6155 tok/s
[train] 2750/4096 | 22528000 tok | loss 5.1518 | lr 3.212e-04 | 1330.8 ms/update | 6156 tok/s
[train] 2751/4096 | 22536192 tok | loss 5.2895 | lr 3.209e-04 | 1328.5 ms/update | 6166 tok/s
[train] 2752/4096 | 22544384 tok | loss 5.1439 | lr 3.206e-04 | 1328.6 ms/update | 6166 tok/s
[train] 2753/4096 | 22552576 tok | loss 5.0926 | lr 3.203e-04 | 1332.6 ms/update | 6147 tok/s
[train] 2754/4096 | 22560768 tok | loss 5.2226 | lr 3.200e-04 | 1324.7 ms/update | 6184 tok/s
[train] 2755/4096 | 22568960 tok | loss 4.6721 | lr 3.197e-04 | 1334.7 ms/update | 6138 tok/s
[train] 2756/4096 | 22577152 tok | loss 5.0782 | lr 3.194e-04 | 1330.0 ms/update | 6159 tok/s
[train] 2757/4096 | 22585344 tok | loss 4.7943 | lr 3.191e-04 | 1327.1 ms/update | 6173 tok/s
[train] 2758/4096 | 22593536 tok | loss 5.3148 | lr 3.188e-04 | 1326.2 ms/update | 6177 tok/s
[train] 2759/4096 | 22601728 tok | loss 5.1628 | lr 3.185e-04 | 1327.5 ms/update | 6171 tok/s
[train] 2760/4096 | 22609920 tok | loss 5.1781 | lr 3.182e-04 | 1334.6 ms/update | 6138 tok/s
[train] 2761/4096 | 22618112 tok | loss 4.9592 | lr 3.179e-04 | 1333.9 ms/update | 6141 tok/s
[train] 2762/4096 | 22626304 tok | loss 5.0413 | lr 3.176e-04 | 1335.3 ms/update | 6135 tok/s
[train] 2763/4096 | 22634496 tok | loss 5.3132 | lr 3.173e-04 | 1334.9 ms/update | 6137 tok/s
[train] 2764/4096 | 22642688 tok | loss 5.2215 | lr 3.170e-04 | 1327.3 ms/update | 6172 tok/s
[train] 2765/4096 | 22650880 tok | loss 4.8319 | lr 3.167e-04 | 1327.9 ms/update | 6169 tok/s
[train] 2766/4096 | 22659072 tok | loss 4.9477 | lr 3.164e-04 | 1324.1 ms/update | 6187 tok/s
[train] 2767/4096 | 22667264 tok | loss 4.9329 | lr 3.161e-04 | 1328.8 ms/update | 6165 tok/s
[train] 2768/4096 | 22675456 tok | loss 5.1085 | lr 3.159e-04 | 1337.4 ms/update | 6125 tok/s
[train] 2769/4096 | 22683648 tok | loss 5.2781 | lr 3.156e-04 | 1331.7 ms/update | 6151 tok/s
[train] 2770/4096 | 22691840 tok | loss 5.4767 | lr 3.153e-04 | 1329.3 ms/update | 6163 tok/s
[train] 2771/4096 | 22700032 tok | loss 5.0534 | lr 3.150e-04 | 1333.1 ms/update | 6145 tok/s
[train] 2772/4096 | 22708224 tok | loss 5.1408 | lr 3.147e-04 | 1327.4 ms/update | 6171 tok/s
[train] 2773/4096 | 22716416 tok | loss 5.2094 | lr 3.144e-04 | 1331.8 ms/update | 6151 tok/s
[train] 2774/4096 | 22724608 tok | loss 4.9422 | lr 3.141e-04 | 1349.2 ms/update | 6072 tok/s
[train] 2775/4096 | 22732800 tok | loss 4.8690 | lr 3.138e-04 | 1346.0 ms/update | 6086 tok/s
[train] 2776/4096 | 22740992 tok | loss 5.1948 | lr 3.135e-04 | 1345.7 ms/update | 6088 tok/s
[train] 2777/4096 | 22749184 tok | loss 5.4296 | lr 3.132e-04 | 1331.7 ms/update | 6151 tok/s
[train] 2778/4096 | 22757376 tok | loss 5.0551 | lr 3.129e-04 | 1329.5 ms/update | 6162 tok/s
[train] 2779/4096 | 22765568 tok | loss 5.1718 | lr 3.126e-04 | 1323.2 ms/update | 6191 tok/s
[train] 2780/4096 | 22773760 tok | loss 5.1583 | lr 3.123e-04 | 1327.8 ms/update | 6170 tok/s
[train] 2781/4096 | 22781952 tok | loss 5.0880 | lr 3.120e-04 | 1328.0 ms/update | 6169 tok/s
[train] 2782/4096 | 22790144 tok | loss 5.4888 | lr 3.117e-04 | 1332.6 ms/update | 6147 tok/s
[train] 2783/4096 | 22798336 tok | loss 5.2712 | lr 3.114e-04 | 1344.8 ms/update | 6091 tok/s
[train] 2784/4096 | 22806528 tok | loss 5.1723 | lr 3.111e-04 | 1330.7 ms/update | 6156 tok/s
[train] 2785/4096 | 22814720 tok | loss 5.0799 | lr 3.108e-04 | 1330.3 ms/update | 6158 tok/s
[train] 2786/4096 | 22822912 tok | loss 5.4443 | lr 3.105e-04 | 1330.2 ms/update | 6158 tok/s
[train] 2787/4096 | 22831104 tok | loss 5.0542 | lr 3.103e-04 | 1329.3 ms/update | 6163 tok/s
[train] 2788/4096 | 22839296 tok | loss 5.1706 | lr 3.100e-04 | 1327.8 ms/update | 6170 tok/s
[train] 2789/4096 | 22847488 tok | loss 4.9778 | lr 3.097e-04 | 1333.0 ms/update | 6146 tok/s
[train] 2790/4096 | 22855680 tok | loss 5.0765 | lr 3.094e-04 | 1328.4 ms/update | 6167 tok/s
[train] 2791/4096 | 22863872 tok | loss 5.2457 | lr 3.091e-04 | 1331.4 ms/update | 6153 tok/s
[train] 2792/4096 | 22872064 tok | loss 5.1702 | lr 3.088e-04 | 1327.8 ms/update | 6169 tok/s
[train] 2793/4096 | 22880256 tok | loss 4.8985 | lr 3.085e-04 | 1327.4 ms/update | 6171 tok/s
[train] 2794/4096 | 22888448 tok | loss 5.3027 | lr 3.082e-04 | 1331.6 ms/update | 6152 tok/s
[train] 2795/4096 | 22896640 tok | loss 5.3153 | lr 3.079e-04 | 1335.7 ms/update | 6133 tok/s
[train] 2796/4096 | 22904832 tok | loss 5.2425 | lr 3.076e-04 | 1340.2 ms/update | 6112 tok/s
[train] 2797/4096 | 22913024 tok | loss 4.9278 | lr 3.073e-04 | 1333.3 ms/update | 6144 tok/s
[train] 2798/4096 | 22921216 tok | loss 5.1796 | lr 3.070e-04 | 1342.1 ms/update | 6104 tok/s
[train] 2799/4096 | 22929408 tok | loss 5.1014 | lr 3.067e-04 | 1339.5 ms/update | 6116 tok/s
[train] 2800/4096 | 22937600 tok | loss 4.7195 | lr 3.064e-04 | 1337.1 ms/update | 6127 tok/s
[train] 2801/4096 | 22945792 tok | loss 4.9216 | lr 3.062e-04 | 1329.7 ms/update | 6161 tok/s
[train] 2802/4096 | 22953984 tok | loss 5.0198 | lr 3.059e-04 | 1330.0 ms/update | 6159 tok/s
[train] 2803/4096 | 22962176 tok | loss 5.2523 | lr 3.056e-04 | 1332.0 ms/update | 6150 tok/s
[train] 2804/4096 | 22970368 tok | loss 5.1371 | lr 3.053e-04 | 1330.1 ms/update | 6159 tok/s
[train] 2805/4096 | 22978560 tok | loss 4.9590 | lr 3.050e-04 | 1333.4 ms/update | 6144 tok/s
[train] 2806/4096 | 22986752 tok | loss 5.2985 | lr 3.047e-04 | 1339.7 ms/update | 6115 tok/s
[train] 2807/4096 | 22994944 tok | loss 4.8966 | lr 3.044e-04 | 1326.6 ms/update | 6175 tok/s
[train] 2808/4096 | 23003136 tok | loss 4.9936 | lr 3.041e-04 | 1329.8 ms/update | 6160 tok/s
[train] 2809/4096 | 23011328 tok | loss 5.1114 | lr 3.038e-04 | 1333.5 ms/update | 6143 tok/s
[train] 2810/4096 | 23019520 tok | loss 5.2619 | lr 3.035e-04 | 1330.9 ms/update | 6155 tok/s
[train] 2811/4096 | 23027712 tok | loss 5.1345 | lr 3.032e-04 | 1324.6 ms/update | 6184 tok/s
[train] 2812/4096 | 23035904 tok | loss 5.2453 | lr 3.030e-04 | 1331.1 ms/update | 6154 tok/s
[train] 2813/4096 | 23044096 tok | loss 4.9261 | lr 3.027e-04 | 1344.0 ms/update | 6095 tok/s
[train] 2814/4096 | 23052288 tok | loss 4.9094 | lr 3.024e-04 | 1326.5 ms/update | 6175 tok/s
[train] 2815/4096 | 23060480 tok | loss 4.8954 | lr 3.021e-04 | 1328.4 ms/update | 6167 tok/s
[train] 2816/4096 | 23068672 tok | loss 4.9464 | lr 3.018e-04 | 1332.3 ms/update | 6149 tok/s
[eval] step 2816 | val NLL 4.8812 | ppl 131.78 | 65536 tokens
[ckpt] latest.pt @ step 2816
[train] 2817/4096 | 23076864 tok | loss 5.0129 | lr 3.015e-04 | 1335.5 ms/update | 6134 tok/s
[train] 2818/4096 | 23085056 tok | loss 4.6622 | lr 3.012e-04 | 1363.3 ms/update | 6009 tok/s
[train] 2819/4096 | 23093248 tok | loss 5.0889 | lr 3.009e-04 | 1324.0 ms/update | 6187 tok/s
[train] 2820/4096 | 23101440 tok | loss 4.8835 | lr 3.006e-04 | 1327.3 ms/update | 6172 tok/s
[train] 2821/4096 | 23109632 tok | loss 5.1425 | lr 3.004e-04 | 1322.0 ms/update | 6197 tok/s
[train] 2822/4096 | 23117824 tok | loss 5.1118 | lr 3.001e-04 | 1328.8 ms/update | 6165 tok/s
[train] 2823/4096 | 23126016 tok | loss 5.1861 | lr 2.998e-04 | 1328.9 ms/update | 6164 tok/s
[train] 2824/4096 | 23134208 tok | loss 5.0417 | lr 2.995e-04 | 1323.4 ms/update | 6190 tok/s
[train] 2825/4096 | 23142400 tok | loss 4.5557 | lr 2.992e-04 | 1328.8 ms/update | 6165 tok/s
[train] 2826/4096 | 23150592 tok | loss 5.3391 | lr 2.989e-04 | 1334.2 ms/update | 6140 tok/s
[train] 2827/4096 | 23158784 tok | loss 5.0542 | lr 2.986e-04 | 1327.7 ms/update | 6170 tok/s
[train] 2828/4096 | 23166976 tok | loss 5.0037 | lr 2.983e-04 | 1327.4 ms/update | 6171 tok/s
[train] 2829/4096 | 23175168 tok | loss 4.8316 | lr 2.981e-04 | 1326.3 ms/update | 6176 tok/s
[train] 2830/4096 | 23183360 tok | loss 5.0285 | lr 2.978e-04 | 1333.9 ms/update | 6141 tok/s
[train] 2831/4096 | 23191552 tok | loss 5.0085 | lr 2.975e-04 | 1331.2 ms/update | 6154 tok/s
[train] 2832/4096 | 23199744 tok | loss 5.4308 | lr 2.972e-04 | 1324.0 ms/update | 6187 tok/s
[train] 2833/4096 | 23207936 tok | loss 4.9090 | lr 2.969e-04 | 1330.7 ms/update | 6156 tok/s
[train] 2834/4096 | 23216128 tok | loss 5.3958 | lr 2.966e-04 | 1328.1 ms/update | 6168 tok/s
[train] 2835/4096 | 23224320 tok | loss 5.3475 | lr 2.963e-04 | 1327.3 ms/update | 6172 tok/s
[train] 2836/4096 | 23232512 tok | loss 5.1053 | lr 2.960e-04 | 1328.0 ms/update | 6169 tok/s
[train] 2837/4096 | 23240704 tok | loss 5.0247 | lr 2.958e-04 | 1331.5 ms/update | 6153 tok/s
[train] 2838/4096 | 23248896 tok | loss 5.2129 | lr 2.955e-04 | 1334.1 ms/update | 6141 tok/s
[train] 2839/4096 | 23257088 tok | loss 5.3255 | lr 2.952e-04 | 1332.9 ms/update | 6146 tok/s
[train] 2840/4096 | 23265280 tok | loss 5.1152 | lr 2.949e-04 | 1331.7 ms/update | 6151 tok/s
[train] 2841/4096 | 23273472 tok | loss 4.9978 | lr 2.946e-04 | 1344.2 ms/update | 6094 tok/s
[train] 2842/4096 | 23281664 tok | loss 5.3329 | lr 2.943e-04 | 1339.3 ms/update | 6117 tok/s
[train] 2843/4096 | 23289856 tok | loss 5.0859 | lr 2.940e-04 | 1331.6 ms/update | 6152 tok/s
[train] 2844/4096 | 23298048 tok | loss 5.1853 | lr 2.938e-04 | 1332.2 ms/update | 6149 tok/s
[train] 2845/4096 | 23306240 tok | loss 5.2437 | lr 2.935e-04 | 1333.5 ms/update | 6143 tok/s
[train] 2846/4096 | 23314432 tok | loss 5.0674 | lr 2.932e-04 | 1332.1 ms/update | 6150 tok/s
[train] 2847/4096 | 23322624 tok | loss 4.8815 | lr 2.929e-04 | 1324.1 ms/update | 6187 tok/s
[train] 2848/4096 | 23330816 tok | loss 4.9901 | lr 2.926e-04 | 1344.0 ms/update | 6095 tok/s
[train] 2849/4096 | 23339008 tok | loss 4.4812 | lr 2.923e-04 | 1329.9 ms/update | 6160 tok/s
[train] 2850/4096 | 23347200 tok | loss 5.3995 | lr 2.920e-04 | 1332.1 ms/update | 6150 tok/s
[train] 2851/4096 | 23355392 tok | loss 5.3306 | lr 2.918e-04 | 1333.1 ms/update | 6145 tok/s
[train] 2852/4096 | 23363584 tok | loss 5.2913 | lr 2.915e-04 | 1333.3 ms/update | 6144 tok/s
[train] 2853/4096 | 23371776 tok | loss 5.0777 | lr 2.912e-04 | 1333.0 ms/update | 6145 tok/s
[train] 2854/4096 | 23379968 tok | loss 5.2100 | lr 2.909e-04 | 1328.7 ms/update | 6166 tok/s
[train] 2855/4096 | 23388160 tok | loss 4.9426 | lr 2.906e-04 | 1332.2 ms/update | 6149 tok/s
[train] 2856/4096 | 23396352 tok | loss 5.2055 | lr 2.903e-04 | 1331.8 ms/update | 6151 tok/s
[train] 2857/4096 | 23404544 tok | loss 5.2587 | lr 2.901e-04 | 1331.1 ms/update | 6154 tok/s
[train] 2858/4096 | 23412736 tok | loss 5.3834 | lr 2.898e-04 | 1326.8 ms/update | 6174 tok/s
[train] 2859/4096 | 23420928 tok | loss 5.1885 | lr 2.895e-04 | 1325.7 ms/update | 6180 tok/s
[train] 2860/4096 | 23429120 tok | loss 5.2827 | lr 2.892e-04 | 1334.4 ms/update | 6139 tok/s
[train] 2861/4096 | 23437312 tok | loss 4.8660 | lr 2.889e-04 | 1327.5 ms/update | 6171 tok/s
[train] 2862/4096 | 23445504 tok | loss 4.9828 | lr 2.886e-04 | 1331.9 ms/update | 6151 tok/s
[train] 2863/4096 | 23453696 tok | loss 4.8722 | lr 2.884e-04 | 1338.9 ms/update | 6118 tok/s
[train] 2864/4096 | 23461888 tok | loss 5.3190 | lr 2.881e-04 | 1330.7 ms/update | 6156 tok/s
[train] 2865/4096 | 23470080 tok | loss 4.6593 | lr 2.878e-04 | 1329.9 ms/update | 6160 tok/s
[train] 2866/4096 | 23478272 tok | loss 5.1165 | lr 2.875e-04 | 1331.5 ms/update | 6152 tok/s
[train] 2867/4096 | 23486464 tok | loss 5.3256 | lr 2.872e-04 | 1336.2 ms/update | 6131 tok/s
[train] 2868/4096 | 23494656 tok | loss 5.2805 | lr 2.870e-04 | 1333.0 ms/update | 6145 tok/s
[train] 2869/4096 | 23502848 tok | loss 5.3811 | lr 2.867e-04 | 1335.9 ms/update | 6132 tok/s
[train] 2870/4096 | 23511040 tok | loss 4.9931 | lr 2.864e-04 | 1330.3 ms/update | 6158 tok/s
[train] 2871/4096 | 23519232 tok | loss 5.1433 | lr 2.861e-04 | 1334.4 ms/update | 6139 tok/s
[train] 2872/4096 | 23527424 tok | loss 5.2335 | lr 2.858e-04 | 1333.1 ms/update | 6145 tok/s
[train] 2873/4096 | 23535616 tok | loss 5.0996 | lr 2.856e-04 | 1337.0 ms/update | 6127 tok/s
[train] 2874/4096 | 23543808 tok | loss 5.0129 | lr 2.853e-04 | 1339.0 ms/update | 6118 tok/s
[train] 2875/4096 | 23552000 tok | loss 5.0991 | lr 2.850e-04 | 1343.7 ms/update | 6097 tok/s
[train] 2876/4096 | 23560192 tok | loss 5.1157 | lr 2.847e-04 | 1339.2 ms/update | 6117 tok/s
[train] 2877/4096 | 23568384 tok | loss 5.0653 | lr 2.844e-04 | 1334.6 ms/update | 6138 tok/s
[train] 2878/4096 | 23576576 tok | loss 5.0122 | lr 2.842e-04 | 1342.4 ms/update | 6102 tok/s
[train] 2879/4096 | 23584768 tok | loss 5.0702 | lr 2.839e-04 | 1332.9 ms/update | 6146 tok/s
[train] 2880/4096 | 23592960 tok | loss 5.0273 | lr 2.836e-04 | 1328.7 ms/update | 6165 tok/s
[train] 2881/4096 | 23601152 tok | loss 5.5138 | lr 2.833e-04 | 1332.3 ms/update | 6149 tok/s
[train] 2882/4096 | 23609344 tok | loss 5.0907 | lr 2.830e-04 | 1335.2 ms/update | 6135 tok/s
[train] 2883/4096 | 23617536 tok | loss 4.9857 | lr 2.828e-04 | 1332.4 ms/update | 6148 tok/s
[train] 2884/4096 | 23625728 tok | loss 5.2097 | lr 2.825e-04 | 1331.9 ms/update | 6150 tok/s
[train] 2885/4096 | 23633920 tok | loss 5.1662 | lr 2.822e-04 | 1329.9 ms/update | 6160 tok/s
[train] 2886/4096 | 23642112 tok | loss 5.1117 | lr 2.819e-04 | 1330.8 ms/update | 6156 tok/s
[train] 2887/4096 | 23650304 tok | loss 5.5191 | lr 2.816e-04 | 1329.0 ms/update | 6164 tok/s
[train] 2888/4096 | 23658496 tok | loss 4.7810 | lr 2.814e-04 | 1337.1 ms/update | 6127 tok/s
[train] 2889/4096 | 23666688 tok | loss 4.9103 | lr 2.811e-04 | 1332.4 ms/update | 6148 tok/s
[train] 2890/4096 | 23674880 tok | loss 5.3389 | lr 2.808e-04 | 1335.5 ms/update | 6134 tok/s
[train] 2891/4096 | 23683072 tok | loss 5.1188 | lr 2.805e-04 | 1322.2 ms/update | 6196 tok/s
[train] 2892/4096 | 23691264 tok | loss 5.2803 | lr 2.802e-04 | 1331.6 ms/update | 6152 tok/s
[train] 2893/4096 | 23699456 tok | loss 5.0602 | lr 2.800e-04 | 1340.5 ms/update | 6111 tok/s
[train] 2894/4096 | 23707648 tok | loss 4.7502 | lr 2.797e-04 | 1332.8 ms/update | 6147 tok/s
[train] 2895/4096 | 23715840 tok | loss 5.1821 | lr 2.794e-04 | 1334.4 ms/update | 6139 tok/s
[train] 2896/4096 | 23724032 tok | loss 5.1127 | lr 2.791e-04 | 1329.2 ms/update | 6163 tok/s
[train] 2897/4096 | 23732224 tok | loss 5.2518 | lr 2.789e-04 | 1332.8 ms/update | 6147 tok/s
[train] 2898/4096 | 23740416 tok | loss 5.1471 | lr 2.786e-04 | 1334.9 ms/update | 6137 tok/s
[train] 2899/4096 | 23748608 tok | loss 5.1348 | lr 2.783e-04 | 1330.5 ms/update | 6157 tok/s
[train] 2900/4096 | 23756800 tok | loss 4.9361 | lr 2.780e-04 | 1332.0 ms/update | 6150 tok/s
[train] 2901/4096 | 23764992 tok | loss 5.1183 | lr 2.778e-04 | 1334.2 ms/update | 6140 tok/s
[train] 2902/4096 | 23773184 tok | loss 5.1508 | lr 2.775e-04 | 1329.9 ms/update | 6160 tok/s
[train] 2903/4096 | 23781376 tok | loss 5.1029 | lr 2.772e-04 | 1331.8 ms/update | 6151 tok/s
[train] 2904/4096 | 23789568 tok | loss 5.2345 | lr 2.769e-04 | 1330.3 ms/update | 6158 tok/s
[train] 2905/4096 | 23797760 tok | loss 4.9723 | lr 2.767e-04 | 1335.1 ms/update | 6136 tok/s
[train] 2906/4096 | 23805952 tok | loss 5.2748 | lr 2.764e-04 | 1356.2 ms/update | 6040 tok/s
[train] 2907/4096 | 23814144 tok | loss 4.9711 | lr 2.761e-04 | 1336.7 ms/update | 6128 tok/s
[train] 2908/4096 | 23822336 tok | loss 5.3578 | lr 2.758e-04 | 1341.9 ms/update | 6105 tok/s
[train] 2909/4096 | 23830528 tok | loss 4.9717 | lr 2.756e-04 | 1334.3 ms/update | 6139 tok/s
[train] 2910/4096 | 23838720 tok | loss 4.8398 | lr 2.753e-04 | 1351.1 ms/update | 6063 tok/s
[train] 2911/4096 | 23846912 tok | loss 5.1030 | lr 2.750e-04 | 1341.9 ms/update | 6105 tok/s
[train] 2912/4096 | 23855104 tok | loss 4.8397 | lr 2.747e-04 | 1338.8 ms/update | 6119 tok/s
[train] 2913/4096 | 23863296 tok | loss 4.9700 | lr 2.745e-04 | 1336.2 ms/update | 6131 tok/s
[train] 2914/4096 | 23871488 tok | loss 5.2604 | lr 2.742e-04 | 1339.9 ms/update | 6114 tok/s
[train] 2915/4096 | 23879680 tok | loss 5.0585 | lr 2.739e-04 | 1326.0 ms/update | 6178 tok/s
[train] 2916/4096 | 23887872 tok | loss 5.0771 | lr 2.736e-04 | 1343.8 ms/update | 6096 tok/s
[train] 2917/4096 | 23896064 tok | loss 4.8594 | lr 2.734e-04 | 1336.8 ms/update | 6128 tok/s
[train] 2918/4096 | 23904256 tok | loss 4.7716 | lr 2.731e-04 | 1339.4 ms/update | 6116 tok/s
[train] 2919/4096 | 23912448 tok | loss 5.3693 | lr 2.728e-04 | 1331.6 ms/update | 6152 tok/s
[train] 2920/4096 | 23920640 tok | loss 5.2765 | lr 2.725e-04 | 1335.0 ms/update | 6136 tok/s
[train] 2921/4096 | 23928832 tok | loss 5.0173 | lr 2.723e-04 | 1346.7 ms/update | 6083 tok/s
[train] 2922/4096 | 23937024 tok | loss 4.7590 | lr 2.720e-04 | 1349.3 ms/update | 6071 tok/s
[train] 2923/4096 | 23945216 tok | loss 5.0764 | lr 2.717e-04 | 1355.1 ms/update | 6045 tok/s
[train] 2924/4096 | 23953408 tok | loss 4.7737 | lr 2.714e-04 | 1337.9 ms/update | 6123 tok/s
[train] 2925/4096 | 23961600 tok | loss 5.0416 | lr 2.712e-04 | 1338.9 ms/update | 6119 tok/s
[train] 2926/4096 | 23969792 tok | loss 5.1556 | lr 2.709e-04 | 1336.7 ms/update | 6128 tok/s
[train] 2927/4096 | 23977984 tok | loss 4.6156 | lr 2.706e-04 | 1343.4 ms/update | 6098 tok/s
[train] 2928/4096 | 23986176 tok | loss 4.9185 | lr 2.704e-04 | 1340.9 ms/update | 6109 tok/s
[train] 2929/4096 | 23994368 tok | loss 5.3750 | lr 2.701e-04 | 1350.6 ms/update | 6065 tok/s
[train] 2930/4096 | 24002560 tok | loss 5.0665 | lr 2.698e-04 | 1348.3 ms/update | 6076 tok/s
[train] 2931/4096 | 24010752 tok | loss 5.4074 | lr 2.695e-04 | 1346.7 ms/update | 6083 tok/s
[train] 2932/4096 | 24018944 tok | loss 4.9904 | lr 2.693e-04 | 1331.2 ms/update | 6154 tok/s
[train] 2933/4096 | 24027136 tok | loss 5.2853 | lr 2.690e-04 | 1327.9 ms/update | 6169 tok/s
[train] 2934/4096 | 24035328 tok | loss 4.9436 | lr 2.687e-04 | 1334.6 ms/update | 6138 tok/s
[train] 2935/4096 | 24043520 tok | loss 5.0504 | lr 2.685e-04 | 1333.1 ms/update | 6145 tok/s
[train] 2936/4096 | 24051712 tok | loss 5.0845 | lr 2.682e-04 | 1336.5 ms/update | 6130 tok/s
[train] 2937/4096 | 24059904 tok | loss 5.1531 | lr 2.679e-04 | 1329.0 ms/update | 6164 tok/s
[train] 2938/4096 | 24068096 tok | loss 5.1328 | lr 2.677e-04 | 1341.6 ms/update | 6106 tok/s
[train] 2939/4096 | 24076288 tok | loss 5.2387 | lr 2.674e-04 | 1326.8 ms/update | 6174 tok/s
[train] 2940/4096 | 24084480 tok | loss 5.0394 | lr 2.671e-04 | 1335.9 ms/update | 6132 tok/s
[train] 2941/4096 | 24092672 tok | loss 4.3418 | lr 2.668e-04 | 1345.6 ms/update | 6088 tok/s
[train] 2942/4096 | 24100864 tok | loss 4.8689 | lr 2.666e-04 | 1332.5 ms/update | 6148 tok/s
[train] 2943/4096 | 24109056 tok | loss 5.0483 | lr 2.663e-04 | 1338.0 ms/update | 6123 tok/s
[train] 2944/4096 | 24117248 tok | loss 5.2593 | lr 2.660e-04 | 1347.7 ms/update | 6079 tok/s
[eval] step 2944 | val NLL 4.8442 | ppl 127.00 | 65536 tokens
[ckpt] latest.pt @ step 2944
[train] 2945/4096 | 24125440 tok | loss 5.2258 | lr 2.658e-04 | 1337.7 ms/update | 6124 tok/s
[train] 2946/4096 | 24133632 tok | loss 4.8593 | lr 2.655e-04 | 1324.8 ms/update | 6184 tok/s
[train] 2947/4096 | 24141824 tok | loss 5.1607 | lr 2.652e-04 | 1346.4 ms/update | 6084 tok/s
[train] 2948/4096 | 24150016 tok | loss 5.1403 | lr 2.650e-04 | 1340.7 ms/update | 6110 tok/s
[train] 2949/4096 | 24158208 tok | loss 5.1509 | lr 2.647e-04 | 1331.1 ms/update | 6154 tok/s
[train] 2950/4096 | 24166400 tok | loss 5.2711 | lr 2.644e-04 | 1339.5 ms/update | 6116 tok/s
[train] 2951/4096 | 24174592 tok | loss 4.9826 | lr 2.642e-04 | 1330.2 ms/update | 6158 tok/s
[train] 2952/4096 | 24182784 tok | loss 5.3025 | lr 2.639e-04 | 1329.8 ms/update | 6160 tok/s
[train] 2953/4096 | 24190976 tok | loss 5.0372 | lr 2.636e-04 | 1332.9 ms/update | 6146 tok/s
[train] 2954/4096 | 24199168 tok | loss 4.9029 | lr 2.634e-04 | 1337.5 ms/update | 6125 tok/s
[train] 2955/4096 | 24207360 tok | loss 4.9689 | lr 2.631e-04 | 1340.0 ms/update | 6113 tok/s
[train] 2956/4096 | 24215552 tok | loss 5.0974 | lr 2.628e-04 | 1331.4 ms/update | 6153 tok/s
[train] 2957/4096 | 24223744 tok | loss 5.0371 | lr 2.626e-04 | 1334.8 ms/update | 6137 tok/s
[train] 2958/4096 | 24231936 tok | loss 5.1055 | lr 2.623e-04 | 1333.3 ms/update | 6144 tok/s
[train] 2959/4096 | 24240128 tok | loss 5.1712 | lr 2.620e-04 | 1331.2 ms/update | 6154 tok/s
[train] 2960/4096 | 24248320 tok | loss 4.9795 | lr 2.618e-04 | 1332.4 ms/update | 6148 tok/s
[train] 2961/4096 | 24256512 tok | loss 5.1381 | lr 2.615e-04 | 1332.8 ms/update | 6147 tok/s
[train] 2962/4096 | 24264704 tok | loss 5.2898 | lr 2.612e-04 | 1337.4 ms/update | 6125 tok/s
[train] 2963/4096 | 24272896 tok | loss 5.1091 | lr 2.610e-04 | 1333.4 ms/update | 6144 tok/s
[train] 2964/4096 | 24281088 tok | loss 5.1012 | lr 2.607e-04 | 1332.6 ms/update | 6147 tok/s
[train] 2965/4096 | 24289280 tok | loss 5.0094 | lr 2.604e-04 | 1344.1 ms/update | 6095 tok/s
[train] 2966/4096 | 24297472 tok | loss 5.2622 | lr 2.602e-04 | 1336.5 ms/update | 6130 tok/s
[train] 2967/4096 | 24305664 tok | loss 5.3701 | lr 2.599e-04 | 1335.4 ms/update | 6135 tok/s
[train] 2968/4096 | 24313856 tok | loss 5.0706 | lr 2.596e-04 | 1333.8 ms/update | 6142 tok/s
[train] 2969/4096 | 24322048 tok | loss 5.2971 | lr 2.594e-04 | 1331.7 ms/update | 6151 tok/s
[train] 2970/4096 | 24330240 tok | loss 4.7731 | lr 2.591e-04 | 1330.8 ms/update | 6156 tok/s
[train] 2971/4096 | 24338432 tok | loss 5.3320 | lr 2.588e-04 | 1326.0 ms/update | 6178 tok/s
[train] 2972/4096 | 24346624 tok | loss 4.9182 | lr 2.586e-04 | 1329.8 ms/update | 6160 tok/s
[train] 2973/4096 | 24354816 tok | loss 5.3243 | lr 2.583e-04 | 1342.0 ms/update | 6104 tok/s
[train] 2974/4096 | 24363008 tok | loss 4.9666 | lr 2.580e-04 | 1325.1 ms/update | 6182 tok/s
[train] 2975/4096 | 24371200 tok | loss 5.2976 | lr 2.578e-04 | 1334.1 ms/update | 6140 tok/s
[train] 2976/4096 | 24379392 tok | loss 5.0354 | lr 2.575e-04 | 1335.3 ms/update | 6135 tok/s
[train] 2977/4096 | 24387584 tok | loss 4.9671 | lr 2.572e-04 | 1330.5 ms/update | 6157 tok/s
[train] 2978/4096 | 24395776 tok | loss 5.0098 | lr 2.570e-04 | 1329.0 ms/update | 6164 tok/s
[train] 2979/4096 | 24403968 tok | loss 5.0374 | lr 2.567e-04 | 1330.4 ms/update | 6158 tok/s
[train] 2980/4096 | 24412160 tok | loss 5.3901 | lr 2.565e-04 | 1345.3 ms/update | 6089 tok/s
[train] 2981/4096 | 24420352 tok | loss 5.1207 | lr 2.562e-04 | 1323.9 ms/update | 6188 tok/s
[train] 2982/4096 | 24428544 tok | loss 5.1458 | lr 2.559e-04 | 1329.5 ms/update | 6162 tok/s
[train] 2983/4096 | 24436736 tok | loss 5.2184 | lr 2.557e-04 | 1321.3 ms/update | 6200 tok/s
[train] 2984/4096 | 24444928 tok | loss 5.2160 | lr 2.554e-04 | 1331.5 ms/update | 6152 tok/s
[train] 2985/4096 | 24453120 tok | loss 5.2783 | lr 2.551e-04 | 1328.0 ms/update | 6169 tok/s
[train] 2986/4096 | 24461312 tok | loss 5.0499 | lr 2.549e-04 | 1325.0 ms/update | 6183 tok/s
[train] 2987/4096 | 24469504 tok | loss 4.7188 | lr 2.546e-04 | 1324.5 ms/update | 6185 tok/s
[train] 2988/4096 | 24477696 tok | loss 5.2024 | lr 2.544e-04 | 1327.1 ms/update | 6173 tok/s
[train] 2989/4096 | 24485888 tok | loss 4.8975 | lr 2.541e-04 | 1317.7 ms/update | 6217 tok/s
[train] 2990/4096 | 24494080 tok | loss 5.2342 | lr 2.538e-04 | 1326.0 ms/update | 6178 tok/s
[train] 2991/4096 | 24502272 tok | loss 5.0228 | lr 2.536e-04 | 1324.8 ms/update | 6184 tok/s
[train] 2992/4096 | 24510464 tok | loss 5.0969 | lr 2.533e-04 | 1326.3 ms/update | 6177 tok/s
[train] 2993/4096 | 24518656 tok | loss 4.7535 | lr 2.531e-04 | 1322.8 ms/update | 6193 tok/s
[train] 2994/4096 | 24526848 tok | loss 5.1387 | lr 2.528e-04 | 1332.2 ms/update | 6149 tok/s
[train] 2995/4096 | 24535040 tok | loss 5.3509 | lr 2.525e-04 | 1342.4 ms/update | 6103 tok/s
[train] 2996/4096 | 24543232 tok | loss 4.9956 | lr 2.523e-04 | 1327.2 ms/update | 6173 tok/s
[train] 2997/4096 | 24551424 tok | loss 4.6947 | lr 2.520e-04 | 1327.8 ms/update | 6169 tok/s
[train] 2998/4096 | 24559616 tok | loss 5.0774 | lr 2.518e-04 | 1327.7 ms/update | 6170 tok/s
[train] 2999/4096 | 24567808 tok | loss 5.0926 | lr 2.515e-04 | 1321.7 ms/update | 6198 tok/s
[train] 3000/4096 | 24576000 tok | loss 5.3203 | lr 2.512e-04 | 1327.9 ms/update | 6169 tok/s
[train] 3001/4096 | 24584192 tok | loss 4.7981 | lr 2.510e-04 | 1327.8 ms/update | 6170 tok/s
[train] 3002/4096 | 24592384 tok | loss 5.2706 | lr 2.507e-04 | 1321.0 ms/update | 6201 tok/s
[train] 3003/4096 | 24600576 tok | loss 4.9097 | lr 2.505e-04 | 1347.4 ms/update | 6080 tok/s
[train] 3004/4096 | 24608768 tok | loss 5.1287 | lr 2.502e-04 | 1336.4 ms/update | 6130 tok/s
[train] 3005/4096 | 24616960 tok | loss 4.8929 | lr 2.499e-04 | 1322.0 ms/update | 6197 tok/s
[train] 3006/4096 | 24625152 tok | loss 4.8028 | lr 2.497e-04 | 1327.9 ms/update | 6169 tok/s
[train] 3007/4096 | 24633344 tok | loss 4.9366 | lr 2.494e-04 | 1329.2 ms/update | 6163 tok/s
[train] 3008/4096 | 24641536 tok | loss 5.0441 | lr 2.492e-04 | 1320.3 ms/update | 6205 tok/s
[train] 3009/4096 | 24649728 tok | loss 5.2899 | lr 2.489e-04 | 1325.2 ms/update | 6182 tok/s
[train] 3010/4096 | 24657920 tok | loss 4.6584 | lr 2.487e-04 | 1328.7 ms/update | 6165 tok/s
[train] 3011/4096 | 24666112 tok | loss 4.8867 | lr 2.484e-04 | 1329.9 ms/update | 6160 tok/s
[train] 3012/4096 | 24674304 tok | loss 4.9544 | lr 2.481e-04 | 1327.3 ms/update | 6172 tok/s
[train] 3013/4096 | 24682496 tok | loss 5.4374 | lr 2.479e-04 | 1335.0 ms/update | 6136 tok/s
[train] 3014/4096 | 24690688 tok | loss 5.2644 | lr 2.476e-04 | 1331.1 ms/update | 6154 tok/s
[train] 3015/4096 | 24698880 tok | loss 5.0949 | lr 2.474e-04 | 1333.5 ms/update | 6143 tok/s
[train] 3016/4096 | 24707072 tok | loss 5.2025 | lr 2.471e-04 | 1332.8 ms/update | 6147 tok/s
[train] 3017/4096 | 24715264 tok | loss 4.8416 | lr 2.469e-04 | 1327.5 ms/update | 6171 tok/s
[train] 3018/4096 | 24723456 tok | loss 5.0525 | lr 2.466e-04 | 1343.5 ms/update | 6098 tok/s
[train] 3019/4096 | 24731648 tok | loss 4.7977 | lr 2.463e-04 | 1327.2 ms/update | 6172 tok/s
[train] 3020/4096 | 24739840 tok | loss 5.0882 | lr 2.461e-04 | 1331.2 ms/update | 6154 tok/s
[train] 3021/4096 | 24748032 tok | loss 4.8165 | lr 2.458e-04 | 1336.2 ms/update | 6131 tok/s
[train] 3022/4096 | 24756224 tok | loss 5.0963 | lr 2.456e-04 | 1335.0 ms/update | 6136 tok/s
[train] 3023/4096 | 24764416 tok | loss 5.4327 | lr 2.453e-04 | 1337.5 ms/update | 6125 tok/s
[train] 3024/4096 | 24772608 tok | loss 4.8851 | lr 2.451e-04 | 1333.4 ms/update | 6144 tok/s
[train] 3025/4096 | 24780800 tok | loss 4.8422 | lr 2.448e-04 | 1334.0 ms/update | 6141 tok/s
[train] 3026/4096 | 24788992 tok | loss 4.8514 | lr 2.446e-04 | 1340.2 ms/update | 6112 tok/s
[train] 3027/4096 | 24797184 tok | loss 5.1566 | lr 2.443e-04 | 1329.6 ms/update | 6161 tok/s
[train] 3028/4096 | 24805376 tok | loss 4.8640 | lr 2.440e-04 | 1329.7 ms/update | 6161 tok/s
[train] 3029/4096 | 24813568 tok | loss 5.0814 | lr 2.438e-04 | 1333.4 ms/update | 6144 tok/s
[train] 3030/4096 | 24821760 tok | loss 4.8684 | lr 2.435e-04 | 1337.2 ms/update | 6126 tok/s
[train] 3031/4096 | 24829952 tok | loss 5.6050 | lr 2.433e-04 | 1339.7 ms/update | 6115 tok/s
[train] 3032/4096 | 24838144 tok | loss 4.8005 | lr 2.430e-04 | 1341.1 ms/update | 6108 tok/s
[train] 3033/4096 | 24846336 tok | loss 5.2441 | lr 2.428e-04 | 1337.8 ms/update | 6123 tok/s
[train] 3034/4096 | 24854528 tok | loss 5.2403 | lr 2.425e-04 | 1340.2 ms/update | 6113 tok/s
[train] 3035/4096 | 24862720 tok | loss 4.9508 | lr 2.423e-04 | 1343.7 ms/update | 6096 tok/s
[train] 3036/4096 | 24870912 tok | loss 4.9169 | lr 2.420e-04 | 1328.9 ms/update | 6164 tok/s
[train] 3037/4096 | 24879104 tok | loss 4.7052 | lr 2.418e-04 | 1329.1 ms/update | 6163 tok/s
[train] 3038/4096 | 24887296 tok | loss 5.0878 | lr 2.415e-04 | 1358.7 ms/update | 6029 tok/s
[train] 3039/4096 | 24895488 tok | loss 4.9534 | lr 2.413e-04 | 1332.7 ms/update | 6147 tok/s
[train] 3040/4096 | 24903680 tok | loss 5.2016 | lr 2.410e-04 | 1360.6 ms/update | 6021 tok/s
[train] 3041/4096 | 24911872 tok | loss 5.0651 | lr 2.408e-04 | 1343.3 ms/update | 6099 tok/s
[train] 3042/4096 | 24920064 tok | loss 4.9380 | lr 2.405e-04 | 1343.6 ms/update | 6097 tok/s
[train] 3043/4096 | 24928256 tok | loss 5.2781 | lr 2.402e-04 | 1336.5 ms/update | 6130 tok/s
[train] 3044/4096 | 24936448 tok | loss 5.1189 | lr 2.400e-04 | 1330.0 ms/update | 6159 tok/s
[train] 3045/4096 | 24944640 tok | loss 5.3707 | lr 2.397e-04 | 1332.5 ms/update | 6148 tok/s
[train] 3046/4096 | 24952832 tok | loss 5.2740 | lr 2.395e-04 | 1326.8 ms/update | 6174 tok/s
[train] 3047/4096 | 24961024 tok | loss 5.1198 | lr 2.392e-04 | 1329.0 ms/update | 6164 tok/s
[train] 3048/4096 | 24969216 tok | loss 5.1960 | lr 2.390e-04 | 1335.8 ms/update | 6133 tok/s
[train] 3049/4096 | 24977408 tok | loss 5.2625 | lr 2.387e-04 | 1327.6 ms/update | 6171 tok/s
[train] 3050/4096 | 24985600 tok | loss 5.1740 | lr 2.385e-04 | 1332.2 ms/update | 6149 tok/s
[train] 3051/4096 | 24993792 tok | loss 4.8517 | lr 2.382e-04 | 1333.6 ms/update | 6143 tok/s
[train] 3052/4096 | 25001984 tok | loss 4.9533 | lr 2.380e-04 | 1331.7 ms/update | 6151 tok/s
[train] 3053/4096 | 25010176 tok | loss 5.0918 | lr 2.377e-04 | 1329.7 ms/update | 6161 tok/s
[train] 3054/4096 | 25018368 tok | loss 5.1239 | lr 2.375e-04 | 1327.9 ms/update | 6169 tok/s
[train] 3055/4096 | 25026560 tok | loss 5.0478 | lr 2.372e-04 | 1338.0 ms/update | 6122 tok/s
[train] 3056/4096 | 25034752 tok | loss 4.9227 | lr 2.370e-04 | 1331.5 ms/update | 6152 tok/s
[train] 3057/4096 | 25042944 tok | loss 5.1951 | lr 2.367e-04 | 1331.4 ms/update | 6153 tok/s
[train] 3058/4096 | 25051136 tok | loss 5.0569 | lr 2.365e-04 | 1328.5 ms/update | 6166 tok/s
[train] 3059/4096 | 25059328 tok | loss 5.1929 | lr 2.362e-04 | 1328.5 ms/update | 6166 tok/s
[train] 3060/4096 | 25067520 tok | loss 5.0637 | lr 2.360e-04 | 1329.8 ms/update | 6160 tok/s
[train] 3061/4096 | 25075712 tok | loss 5.3385 | lr 2.358e-04 | 1330.0 ms/update | 6160 tok/s
[train] 3062/4096 | 25083904 tok | loss 4.7539 | lr 2.355e-04 | 1337.1 ms/update | 6126 tok/s
[train] 3063/4096 | 25092096 tok | loss 5.0003 | lr 2.353e-04 | 1333.5 ms/update | 6143 tok/s
[train] 3064/4096 | 25100288 tok | loss 5.0405 | lr 2.350e-04 | 1325.1 ms/update | 6182 tok/s
[train] 3065/4096 | 25108480 tok | loss 5.2001 | lr 2.348e-04 | 1332.7 ms/update | 6147 tok/s
[train] 3066/4096 | 25116672 tok | loss 5.1720 | lr 2.345e-04 | 1330.8 ms/update | 6156 tok/s
[train] 3067/4096 | 25124864 tok | loss 5.3357 | lr 2.343e-04 | 1328.6 ms/update | 6166 tok/s
[train] 3068/4096 | 25133056 tok | loss 5.2071 | lr 2.340e-04 | 1326.8 ms/update | 6174 tok/s
[train] 3069/4096 | 25141248 tok | loss 4.9736 | lr 2.338e-04 | 1327.8 ms/update | 6169 tok/s
[train] 3070/4096 | 25149440 tok | loss 4.9886 | lr 2.335e-04 | 1338.3 ms/update | 6121 tok/s
[train] 3071/4096 | 25157632 tok | loss 4.9631 | lr 2.333e-04 | 1334.0 ms/update | 6141 tok/s
[train] 3072/4096 | 25165824 tok | loss 5.1731 | lr 2.330e-04 | 1332.7 ms/update | 6147 tok/s
[eval] step 3072 | val NLL 4.8358 | ppl 125.93 | 65536 tokens
[ckpt] latest.pt @ step 3072
[train] 3073/4096 | 25174016 tok | loss 4.9098 | lr 2.328e-04 | 1345.7 ms/update | 6088 tok/s
[train] 3074/4096 | 25182208 tok | loss 5.1321 | lr 2.325e-04 | 1332.3 ms/update | 6149 tok/s
[train] 3075/4096 | 25190400 tok | loss 5.0194 | lr 2.323e-04 | 1333.8 ms/update | 6142 tok/s
[train] 3076/4096 | 25198592 tok | loss 4.8853 | lr 2.320e-04 | 1323.8 ms/update | 6188 tok/s
[train] 3077/4096 | 25206784 tok | loss 4.7736 | lr 2.318e-04 | 1332.8 ms/update | 6147 tok/s
[train] 3078/4096 | 25214976 tok | loss 4.9685 | lr 2.316e-04 | 1332.3 ms/update | 6149 tok/s
[train] 3079/4096 | 25223168 tok | loss 5.0616 | lr 2.313e-04 | 1337.0 ms/update | 6127 tok/s
[train] 3080/4096 | 25231360 tok | loss 5.1718 | lr 2.311e-04 | 1334.7 ms/update | 6138 tok/s
[train] 3081/4096 | 25239552 tok | loss 5.2512 | lr 2.308e-04 | 1331.5 ms/update | 6152 tok/s
[train] 3082/4096 | 25247744 tok | loss 5.0029 | lr 2.306e-04 | 1328.3 ms/update | 6167 tok/s
[train] 3083/4096 | 25255936 tok | loss 5.0270 | lr 2.303e-04 | 1330.3 ms/update | 6158 tok/s
[train] 3084/4096 | 25264128 tok | loss 5.0662 | lr 2.301e-04 | 1335.4 ms/update | 6135 tok/s
[train] 3085/4096 | 25272320 tok | loss 4.9374 | lr 2.298e-04 | 1329.1 ms/update | 6164 tok/s
[train] 3086/4096 | 25280512 tok | loss 4.9505 | lr 2.296e-04 | 1331.6 ms/update | 6152 tok/s
[train] 3087/4096 | 25288704 tok | loss 4.9658 | lr 2.294e-04 | 1325.7 ms/update | 6179 tok/s
[train] 3088/4096 | 25296896 tok | loss 5.1718 | lr 2.291e-04 | 1321.6 ms/update | 6199 tok/s
[train] 3089/4096 | 25305088 tok | loss 5.0813 | lr 2.289e-04 | 1331.7 ms/update | 6151 tok/s
[train] 3090/4096 | 25313280 tok | loss 4.9285 | lr 2.286e-04 | 1340.0 ms/update | 6113 tok/s
[train] 3091/4096 | 25321472 tok | loss 4.7979 | lr 2.284e-04 | 1333.3 ms/update | 6144 tok/s
[train] 3092/4096 | 25329664 tok | loss 5.2714 | lr 2.281e-04 | 1326.2 ms/update | 6177 tok/s
[train] 3093/4096 | 25337856 tok | loss 4.8264 | lr 2.279e-04 | 1328.1 ms/update | 6168 tok/s
[train] 3094/4096 | 25346048 tok | loss 5.0745 | lr 2.277e-04 | 1333.1 ms/update | 6145 tok/s
[train] 3095/4096 | 25354240 tok | loss 5.2645 | lr 2.274e-04 | 1336.2 ms/update | 6131 tok/s
[train] 3096/4096 | 25362432 tok | loss 4.8516 | lr 2.272e-04 | 1329.2 ms/update | 6163 tok/s
[train] 3097/4096 | 25370624 tok | loss 4.8690 | lr 2.269e-04 | 1337.4 ms/update | 6125 tok/s
[train] 3098/4096 | 25378816 tok | loss 5.3248 | lr 2.267e-04 | 1322.1 ms/update | 6196 tok/s
[train] 3099/4096 | 25387008 tok | loss 5.1585 | lr 2.265e-04 | 1330.1 ms/update | 6159 tok/s
[train] 3100/4096 | 25395200 tok | loss 5.0523 | lr 2.262e-04 | 1332.1 ms/update | 6149 tok/s
[train] 3101/4096 | 25403392 tok | loss 5.0579 | lr 2.260e-04 | 1332.1 ms/update | 6150 tok/s
[train] 3102/4096 | 25411584 tok | loss 5.2784 | lr 2.257e-04 | 1334.6 ms/update | 6138 tok/s
[train] 3103/4096 | 25419776 tok | loss 5.2443 | lr 2.255e-04 | 1329.1 ms/update | 6164 tok/s
[train] 3104/4096 | 25427968 tok | loss 4.8702 | lr 2.252e-04 | 1337.2 ms/update | 6126 tok/s
[train] 3105/4096 | 25436160 tok | loss 5.2664 | lr 2.250e-04 | 1338.0 ms/update | 6122 tok/s
[train] 3106/4096 | 25444352 tok | loss 5.1061 | lr 2.248e-04 | 1328.2 ms/update | 6168 tok/s
[train] 3107/4096 | 25452544 tok | loss 4.9843 | lr 2.245e-04 | 1329.2 ms/update | 6163 tok/s
[train] 3108/4096 | 25460736 tok | loss 4.7881 | lr 2.243e-04 | 1338.5 ms/update | 6120 tok/s
[train] 3109/4096 | 25468928 tok | loss 5.0618 | lr 2.241e-04 | 1323.9 ms/update | 6188 tok/s
[train] 3110/4096 | 25477120 tok | loss 5.1775 | lr 2.238e-04 | 1330.6 ms/update | 6157 tok/s
[train] 3111/4096 | 25485312 tok | loss 4.8488 | lr 2.236e-04 | 1329.4 ms/update | 6162 tok/s
[train] 3112/4096 | 25493504 tok | loss 5.1874 | lr 2.233e-04 | 1326.0 ms/update | 6178 tok/s
[train] 3113/4096 | 25501696 tok | loss 5.1270 | lr 2.231e-04 | 1325.8 ms/update | 6179 tok/s
[train] 3114/4096 | 25509888 tok | loss 5.0544 | lr 2.229e-04 | 1327.2 ms/update | 6172 tok/s
[train] 3115/4096 | 25518080 tok | loss 5.1038 | lr 2.226e-04 | 1325.1 ms/update | 6182 tok/s
[train] 3116/4096 | 25526272 tok | loss 5.3006 | lr 2.224e-04 | 1335.0 ms/update | 6136 tok/s
[train] 3117/4096 | 25534464 tok | loss 4.8811 | lr 2.221e-04 | 1326.2 ms/update | 6177 tok/s
[train] 3118/4096 | 25542656 tok | loss 5.4110 | lr 2.219e-04 | 1329.4 ms/update | 6162 tok/s
[train] 3119/4096 | 25550848 tok | loss 5.1958 | lr 2.217e-04 | 1328.1 ms/update | 6168 tok/s
[train] 3120/4096 | 25559040 tok | loss 5.0874 | lr 2.214e-04 | 1334.8 ms/update | 6137 tok/s
[train] 3121/4096 | 25567232 tok | loss 4.8364 | lr 2.212e-04 | 1325.3 ms/update | 6181 tok/s
[train] 3122/4096 | 25575424 tok | loss 5.2636 | lr 2.210e-04 | 1335.5 ms/update | 6134 tok/s
[train] 3123/4096 | 25583616 tok | loss 5.1880 | lr 2.207e-04 | 1336.9 ms/update | 6128 tok/s
[train] 3124/4096 | 25591808 tok | loss 4.8580 | lr 2.205e-04 | 1338.5 ms/update | 6120 tok/s
[train] 3125/4096 | 25600000 tok | loss 5.0979 | lr 2.203e-04 | 1332.8 ms/update | 6147 tok/s
[train] 3126/4096 | 25608192 tok | loss 4.8969 | lr 2.200e-04 | 1346.3 ms/update | 6085 tok/s
[train] 3127/4096 | 25616384 tok | loss 5.0732 | lr 2.198e-04 | 1342.1 ms/update | 6104 tok/s
[train] 3128/4096 | 25624576 tok | loss 5.0893 | lr 2.195e-04 | 1337.4 ms/update | 6125 tok/s
[train] 3129/4096 | 25632768 tok | loss 5.0755 | lr 2.193e-04 | 1331.1 ms/update | 6154 tok/s
[train] 3130/4096 | 25640960 tok | loss 4.9011 | lr 2.191e-04 | 1329.6 ms/update | 6161 tok/s
[train] 3131/4096 | 25649152 tok | loss 4.8119 | lr 2.188e-04 | 1331.6 ms/update | 6152 tok/s
[train] 3132/4096 | 25657344 tok | loss 5.0419 | lr 2.186e-04 | 1331.0 ms/update | 6155 tok/s
[train] 3133/4096 | 25665536 tok | loss 5.1988 | lr 2.184e-04 | 1343.0 ms/update | 6100 tok/s
[train] 3134/4096 | 25673728 tok | loss 5.3409 | lr 2.181e-04 | 1351.4 ms/update | 6062 tok/s
[train] 3135/4096 | 25681920 tok | loss 5.0596 | lr 2.179e-04 | 1354.6 ms/update | 6048 tok/s
[train] 3136/4096 | 25690112 tok | loss 5.2329 | lr 2.177e-04 | 1335.8 ms/update | 6132 tok/s
[train] 3137/4096 | 25698304 tok | loss 5.0848 | lr 2.174e-04 | 1335.4 ms/update | 6134 tok/s
[train] 3138/4096 | 25706496 tok | loss 5.1390 | lr 2.172e-04 | 1349.5 ms/update | 6070 tok/s
[train] 3139/4096 | 25714688 tok | loss 4.9948 | lr 2.170e-04 | 1350.1 ms/update | 6068 tok/s
[train] 3140/4096 | 25722880 tok | loss 4.9189 | lr 2.167e-04 | 1340.2 ms/update | 6112 tok/s
[train] 3141/4096 | 25731072 tok | loss 4.9857 | lr 2.165e-04 | 1336.3 ms/update | 6130 tok/s
[train] 3142/4096 | 25739264 tok | loss 5.1432 | lr 2.163e-04 | 1334.0 ms/update | 6141 tok/s
[train] 3143/4096 | 25747456 tok | loss 4.7655 | lr 2.160e-04 | 1331.2 ms/update | 6154 tok/s
[train] 3144/4096 | 25755648 tok | loss 4.7962 | lr 2.158e-04 | 1334.0 ms/update | 6141 tok/s
[train] 3145/4096 | 25763840 tok | loss 4.8014 | lr 2.156e-04 | 1330.0 ms/update | 6159 tok/s
[train] 3146/4096 | 25772032 tok | loss 4.8297 | lr 2.153e-04 | 1331.9 ms/update | 6151 tok/s
[train] 3147/4096 | 25780224 tok | loss 5.1577 | lr 2.151e-04 | 1328.3 ms/update | 6167 tok/s
[train] 3148/4096 | 25788416 tok | loss 5.0275 | lr 2.149e-04 | 1327.5 ms/update | 6171 tok/s
[train] 3149/4096 | 25796608 tok | loss 5.0288 | lr 2.146e-04 | 1322.7 ms/update | 6193 tok/s
[train] 3150/4096 | 25804800 tok | loss 4.9024 | lr 2.144e-04 | 1341.8 ms/update | 6105 tok/s
[train] 3151/4096 | 25812992 tok | loss 5.1292 | lr 2.142e-04 | 1332.2 ms/update | 6149 tok/s
[train] 3152/4096 | 25821184 tok | loss 5.2900 | lr 2.139e-04 | 1329.6 ms/update | 6161 tok/s
[train] 3153/4096 | 25829376 tok | loss 4.8989 | lr 2.137e-04 | 1328.5 ms/update | 6166 tok/s
[train] 3154/4096 | 25837568 tok | loss 5.0006 | lr 2.135e-04 | 1331.4 ms/update | 6153 tok/s
[train] 3155/4096 | 25845760 tok | loss 4.8927 | lr 2.133e-04 | 1329.6 ms/update | 6161 tok/s
[train] 3156/4096 | 25853952 tok | loss 4.9199 | lr 2.130e-04 | 1326.8 ms/update | 6174 tok/s
[train] 3157/4096 | 25862144 tok | loss 5.1770 | lr 2.128e-04 | 1326.6 ms/update | 6175 tok/s
[train] 3158/4096 | 25870336 tok | loss 5.3563 | lr 2.126e-04 | 1329.6 ms/update | 6161 tok/s
[train] 3159/4096 | 25878528 tok | loss 4.7764 | lr 2.123e-04 | 1322.2 ms/update | 6196 tok/s
[train] 3160/4096 | 25886720 tok | loss 4.7956 | lr 2.121e-04 | 1336.1 ms/update | 6131 tok/s
[train] 3161/4096 | 25894912 tok | loss 4.8880 | lr 2.119e-04 | 1325.7 ms/update | 6179 tok/s
[train] 3162/4096 | 25903104 tok | loss 5.2271 | lr 2.117e-04 | 1339.0 ms/update | 6118 tok/s
[train] 3163/4096 | 25911296 tok | loss 4.8910 | lr 2.114e-04 | 1332.4 ms/update | 6148 tok/s
[train] 3164/4096 | 25919488 tok | loss 4.9627 | lr 2.112e-04 | 1333.4 ms/update | 6144 tok/s
[train] 3165/4096 | 25927680 tok | loss 5.0752 | lr 2.110e-04 | 1341.7 ms/update | 6106 tok/s
[train] 3166/4096 | 25935872 tok | loss 5.0592 | lr 2.107e-04 | 1327.8 ms/update | 6169 tok/s
[train] 3167/4096 | 25944064 tok | loss 5.0808 | lr 2.105e-04 | 1331.6 ms/update | 6152 tok/s
[train] 3168/4096 | 25952256 tok | loss 4.9128 | lr 2.103e-04 | 1326.5 ms/update | 6176 tok/s
[train] 3169/4096 | 25960448 tok | loss 4.7801 | lr 2.101e-04 | 1330.6 ms/update | 6157 tok/s
[train] 3170/4096 | 25968640 tok | loss 5.1536 | lr 2.098e-04 | 1341.2 ms/update | 6108 tok/s
[train] 3171/4096 | 25976832 tok | loss 4.9977 | lr 2.096e-04 | 1344.5 ms/update | 6093 tok/s
[train] 3172/4096 | 25985024 tok | loss 5.1693 | lr 2.094e-04 | 1343.6 ms/update | 6097 tok/s
[train] 3173/4096 | 25993216 tok | loss 5.1657 | lr 2.091e-04 | 1334.1 ms/update | 6140 tok/s
[train] 3174/4096 | 26001408 tok | loss 5.0416 | lr 2.089e-04 | 1332.5 ms/update | 6148 tok/s
[train] 3175/4096 | 26009600 tok | loss 5.1408 | lr 2.087e-04 | 1338.4 ms/update | 6121 tok/s
[train] 3176/4096 | 26017792 tok | loss 5.3512 | lr 2.085e-04 | 1327.4 ms/update | 6172 tok/s
[train] 3177/4096 | 26025984 tok | loss 5.1112 | lr 2.082e-04 | 1323.7 ms/update | 6189 tok/s
[train] 3178/4096 | 26034176 tok | loss 4.9491 | lr 2.080e-04 | 1327.7 ms/update | 6170 tok/s
[train] 3179/4096 | 26042368 tok | loss 5.1456 | lr 2.078e-04 | 1328.9 ms/update | 6165 tok/s
[train] 3180/4096 | 26050560 tok | loss 4.8849 | lr 2.076e-04 | 1342.8 ms/update | 6101 tok/s
[train] 3181/4096 | 26058752 tok | loss 4.8826 | lr 2.073e-04 | 1328.6 ms/update | 6166 tok/s
[train] 3182/4096 | 26066944 tok | loss 4.9628 | lr 2.071e-04 | 1327.3 ms/update | 6172 tok/s
[train] 3183/4096 | 26075136 tok | loss 5.2709 | lr 2.069e-04 | 1324.3 ms/update | 6186 tok/s
[train] 3184/4096 | 26083328 tok | loss 4.7990 | lr 2.067e-04 | 1328.1 ms/update | 6168 tok/s
[train] 3185/4096 | 26091520 tok | loss 5.0698 | lr 2.064e-04 | 1321.6 ms/update | 6198 tok/s
[train] 3186/4096 | 26099712 tok | loss 5.1229 | lr 2.062e-04 | 1325.0 ms/update | 6183 tok/s
[train] 3187/4096 | 26107904 tok | loss 4.9274 | lr 2.060e-04 | 1327.4 ms/update | 6172 tok/s
[train] 3188/4096 | 26116096 tok | loss 5.0341 | lr 2.058e-04 | 1333.7 ms/update | 6142 tok/s
[train] 3189/4096 | 26124288 tok | loss 5.0030 | lr 2.056e-04 | 1325.8 ms/update | 6179 tok/s
[train] 3190/4096 | 26132480 tok | loss 4.8031 | lr 2.053e-04 | 1328.7 ms/update | 6165 tok/s
[train] 3191/4096 | 26140672 tok | loss 5.3087 | lr 2.051e-04 | 1323.5 ms/update | 6190 tok/s
[train] 3192/4096 | 26148864 tok | loss 5.1347 | lr 2.049e-04 | 1332.4 ms/update | 6148 tok/s
[train] 3193/4096 | 26157056 tok | loss 5.1541 | lr 2.047e-04 | 1330.3 ms/update | 6158 tok/s
[train] 3194/4096 | 26165248 tok | loss 5.4212 | lr 2.044e-04 | 1326.2 ms/update | 6177 tok/s
[train] 3195/4096 | 26173440 tok | loss 4.8052 | lr 2.042e-04 | 1332.3 ms/update | 6149 tok/s
[train] 3196/4096 | 26181632 tok | loss 5.1996 | lr 2.040e-04 | 1322.8 ms/update | 6193 tok/s
[train] 3197/4096 | 26189824 tok | loss 5.0083 | lr 2.038e-04 | 1334.5 ms/update | 6139 tok/s
[train] 3198/4096 | 26198016 tok | loss 5.2273 | lr 2.036e-04 | 1333.9 ms/update | 6141 tok/s
[train] 3199/4096 | 26206208 tok | loss 5.1323 | lr 2.033e-04 | 1330.4 ms/update | 6158 tok/s
[train] 3200/4096 | 26214400 tok | loss 5.0573 | lr 2.031e-04 | 1330.8 ms/update | 6156 tok/s
[eval] step 3200 | val NLL 4.8198 | ppl 123.95 | 65536 tokens
[ckpt] latest.pt @ step 3200
[train] 3201/4096 | 26222592 tok | loss 5.0594 | lr 2.029e-04 | 1329.1 ms/update | 6163 tok/s
[train] 3202/4096 | 26230784 tok | loss 4.9316 | lr 2.027e-04 | 1328.0 ms/update | 6169 tok/s
[train] 3203/4096 | 26238976 tok | loss 4.7059 | lr 2.024e-04 | 1331.0 ms/update | 6155 tok/s
[train] 3204/4096 | 26247168 tok | loss 5.0125 | lr 2.022e-04 | 1327.9 ms/update | 6169 tok/s
[train] 3205/4096 | 26255360 tok | loss 4.5429 | lr 2.020e-04 | 1333.5 ms/update | 6143 tok/s
[train] 3206/4096 | 26263552 tok | loss 4.7194 | lr 2.018e-04 | 1326.6 ms/update | 6175 tok/s
[train] 3207/4096 | 26271744 tok | loss 5.1194 | lr 2.016e-04 | 1333.3 ms/update | 6144 tok/s
[train] 3208/4096 | 26279936 tok | loss 5.0449 | lr 2.013e-04 | 1330.2 ms/update | 6158 tok/s
[train] 3209/4096 | 26288128 tok | loss 5.3457 | lr 2.011e-04 | 1331.5 ms/update | 6152 tok/s
[train] 3210/4096 | 26296320 tok | loss 5.2928 | lr 2.009e-04 | 1331.5 ms/update | 6152 tok/s
[train] 3211/4096 | 26304512 tok | loss 5.2828 | lr 2.007e-04 | 1329.3 ms/update | 6163 tok/s
[train] 3212/4096 | 26312704 tok | loss 5.0861 | lr 2.005e-04 | 1331.3 ms/update | 6153 tok/s
[train] 3213/4096 | 26320896 tok | loss 5.0701 | lr 2.003e-04 | 1331.3 ms/update | 6154 tok/s
[train] 3214/4096 | 26329088 tok | loss 5.1021 | lr 2.000e-04 | 1329.0 ms/update | 6164 tok/s
[train] 3215/4096 | 26337280 tok | loss 5.2652 | lr 1.998e-04 | 1338.3 ms/update | 6121 tok/s
[train] 3216/4096 | 26345472 tok | loss 5.3890 | lr 1.996e-04 | 1336.6 ms/update | 6129 tok/s
[train] 3217/4096 | 26353664 tok | loss 5.0270 | lr 1.994e-04 | 1336.1 ms/update | 6131 tok/s
[train] 3218/4096 | 26361856 tok | loss 4.8606 | lr 1.992e-04 | 1336.2 ms/update | 6131 tok/s
[train] 3219/4096 | 26370048 tok | loss 5.0066 | lr 1.989e-04 | 1332.9 ms/update | 6146 tok/s
[train] 3220/4096 | 26378240 tok | loss 4.9775 | lr 1.987e-04 | 1337.9 ms/update | 6123 tok/s
[train] 3221/4096 | 26386432 tok | loss 5.1910 | lr 1.985e-04 | 1336.2 ms/update | 6131 tok/s
[train] 3222/4096 | 26394624 tok | loss 4.5508 | lr 1.983e-04 | 1332.6 ms/update | 6148 tok/s
[train] 3223/4096 | 26402816 tok | loss 5.1369 | lr 1.981e-04 | 1339.0 ms/update | 6118 tok/s
[train] 3224/4096 | 26411008 tok | loss 5.3910 | lr 1.979e-04 | 1328.7 ms/update | 6165 tok/s
[train] 3225/4096 | 26419200 tok | loss 4.9663 | lr 1.977e-04 | 1333.4 ms/update | 6144 tok/s
[train] 3226/4096 | 26427392 tok | loss 5.0835 | lr 1.974e-04 | 1328.7 ms/update | 6165 tok/s
[train] 3227/4096 | 26435584 tok | loss 5.4993 | lr 1.972e-04 | 1325.9 ms/update | 6178 tok/s
[train] 3228/4096 | 26443776 tok | loss 4.6266 | lr 1.970e-04 | 1331.1 ms/update | 6154 tok/s
[train] 3229/4096 | 26451968 tok | loss 5.0356 | lr 1.968e-04 | 1331.1 ms/update | 6154 tok/s
[train] 3230/4096 | 26460160 tok | loss 4.8028 | lr 1.966e-04 | 1340.8 ms/update | 6110 tok/s
[train] 3231/4096 | 26468352 tok | loss 5.2433 | lr 1.964e-04 | 1330.2 ms/update | 6158 tok/s
[train] 3232/4096 | 26476544 tok | loss 5.0977 | lr 1.961e-04 | 1334.5 ms/update | 6139 tok/s
[train] 3233/4096 | 26484736 tok | loss 5.0020 | lr 1.959e-04 | 1333.4 ms/update | 6144 tok/s
[train] 3234/4096 | 26492928 tok | loss 4.9620 | lr 1.957e-04 | 1329.2 ms/update | 6163 tok/s
[train] 3235/4096 | 26501120 tok | loss 5.0157 | lr 1.955e-04 | 1326.8 ms/update | 6174 tok/s
[train] 3236/4096 | 26509312 tok | loss 5.2434 | lr 1.953e-04 | 1328.8 ms/update | 6165 tok/s
[train] 3237/4096 | 26517504 tok | loss 5.0880 | lr 1.951e-04 | 1327.2 ms/update | 6172 tok/s
[train] 3238/4096 | 26525696 tok | loss 4.8556 | lr 1.949e-04 | 1328.4 ms/update | 6167 tok/s
[train] 3239/4096 | 26533888 tok | loss 4.7479 | lr 1.947e-04 | 1325.9 ms/update | 6179 tok/s
[train] 3240/4096 | 26542080 tok | loss 5.0039 | lr 1.944e-04 | 1326.2 ms/update | 6177 tok/s
[train] 3241/4096 | 26550272 tok | loss 5.0416 | lr 1.942e-04 | 1331.3 ms/update | 6153 tok/s
[train] 3242/4096 | 26558464 tok | loss 5.4063 | lr 1.940e-04 | 1331.3 ms/update | 6153 tok/s
[train] 3243/4096 | 26566656 tok | loss 5.0256 | lr 1.938e-04 | 1327.1 ms/update | 6173 tok/s
[train] 3244/4096 | 26574848 tok | loss 5.2292 | lr 1.936e-04 | 1327.4 ms/update | 6171 tok/s
[train] 3245/4096 | 26583040 tok | loss 5.1715 | lr 1.934e-04 | 1336.1 ms/update | 6131 tok/s
[train] 3246/4096 | 26591232 tok | loss 4.9718 | lr 1.932e-04 | 1325.6 ms/update | 6180 tok/s
[train] 3247/4096 | 26599424 tok | loss 5.1220 | lr 1.930e-04 | 1332.2 ms/update | 6149 tok/s
[train] 3248/4096 | 26607616 tok | loss 5.0949 | lr 1.927e-04 | 1332.1 ms/update | 6150 tok/s
[train] 3249/4096 | 26615808 tok | loss 4.9143 | lr 1.925e-04 | 1328.9 ms/update | 6165 tok/s
[train] 3250/4096 | 26624000 tok | loss 5.1841 | lr 1.923e-04 | 1334.9 ms/update | 6137 tok/s
[train] 3251/4096 | 26632192 tok | loss 4.8014 | lr 1.921e-04 | 1331.6 ms/update | 6152 tok/s
[train] 3252/4096 | 26640384 tok | loss 4.9514 | lr 1.919e-04 | 1326.7 ms/update | 6175 tok/s
[train] 3253/4096 | 26648576 tok | loss 5.1088 | lr 1.917e-04 | 1336.2 ms/update | 6131 tok/s
[train] 3254/4096 | 26656768 tok | loss 5.0820 | lr 1.915e-04 | 1327.4 ms/update | 6172 tok/s
[train] 3255/4096 | 26664960 tok | loss 5.2191 | lr 1.913e-04 | 1323.8 ms/update | 6188 tok/s
[train] 3256/4096 | 26673152 tok | loss 5.0263 | lr 1.911e-04 | 1322.3 ms/update | 6195 tok/s
[train] 3257/4096 | 26681344 tok | loss 5.2361 | lr 1.909e-04 | 1328.8 ms/update | 6165 tok/s
[train] 3258/4096 | 26689536 tok | loss 5.0095 | lr 1.906e-04 | 1332.2 ms/update | 6149 tok/s
[train] 3259/4096 | 26697728 tok | loss 4.8936 | lr 1.904e-04 | 1337.2 ms/update | 6126 tok/s
[train] 3260/4096 | 26705920 tok | loss 4.9500 | lr 1.902e-04 | 1350.0 ms/update | 6068 tok/s
[train] 3261/4096 | 26714112 tok | loss 5.1113 | lr 1.900e-04 | 1332.5 ms/update | 6148 tok/s
[train] 3262/4096 | 26722304 tok | loss 5.4248 | lr 1.898e-04 | 1331.1 ms/update | 6154 tok/s
[train] 3263/4096 | 26730496 tok | loss 5.0226 | lr 1.896e-04 | 1329.6 ms/update | 6161 tok/s
[train] 3264/4096 | 26738688 tok | loss 5.3237 | lr 1.894e-04 | 1332.3 ms/update | 6149 tok/s
[train] 3265/4096 | 26746880 tok | loss 4.7430 | lr 1.892e-04 | 1324.2 ms/update | 6186 tok/s
[train] 3266/4096 | 26755072 tok | loss 5.0417 | lr 1.890e-04 | 1334.1 ms/update | 6141 tok/s
[train] 3267/4096 | 26763264 tok | loss 5.0872 | lr 1.888e-04 | 1335.7 ms/update | 6133 tok/s
[train] 3268/4096 | 26771456 tok | loss 4.8140 | lr 1.886e-04 | 1329.7 ms/update | 6161 tok/s
[train] 3269/4096 | 26779648 tok | loss 5.0679 | lr 1.884e-04 | 1332.4 ms/update | 6148 tok/s
[train] 3270/4096 | 26787840 tok | loss 5.0061 | lr 1.882e-04 | 1331.8 ms/update | 6151 tok/s
[train] 3271/4096 | 26796032 tok | loss 5.2711 | lr 1.880e-04 | 1331.0 ms/update | 6155 tok/s
[train] 3272/4096 | 26804224 tok | loss 5.0322 | lr 1.877e-04 | 1331.2 ms/update | 6154 tok/s
[train] 3273/4096 | 26812416 tok | loss 5.3347 | lr 1.875e-04 | 1324.1 ms/update | 6187 tok/s
[train] 3274/4096 | 26820608 tok | loss 5.1211 | lr 1.873e-04 | 1334.3 ms/update | 6139 tok/s
[train] 3275/4096 | 26828800 tok | loss 4.8018 | lr 1.871e-04 | 1342.5 ms/update | 6102 tok/s
[train] 3276/4096 | 26836992 tok | loss 4.8848 | lr 1.869e-04 | 1323.5 ms/update | 6190 tok/s
[train] 3277/4096 | 26845184 tok | loss 5.2298 | lr 1.867e-04 | 1333.0 ms/update | 6145 tok/s
[train] 3278/4096 | 26853376 tok | loss 5.0266 | lr 1.865e-04 | 1325.3 ms/update | 6181 tok/s
[train] 3279/4096 | 26861568 tok | loss 5.0345 | lr 1.863e-04 | 1328.5 ms/update | 6166 tok/s
[train] 3280/4096 | 26869760 tok | loss 5.0447 | lr 1.861e-04 | 1337.8 ms/update | 6123 tok/s
[train] 3281/4096 | 26877952 tok | loss 4.7496 | lr 1.859e-04 | 1330.3 ms/update | 6158 tok/s
[train] 3282/4096 | 26886144 tok | loss 5.0440 | lr 1.857e-04 | 1330.6 ms/update | 6157 tok/s
[train] 3283/4096 | 26894336 tok | loss 5.3426 | lr 1.855e-04 | 1330.7 ms/update | 6156 tok/s
[train] 3284/4096 | 26902528 tok | loss 4.9277 | lr 1.853e-04 | 1331.7 ms/update | 6152 tok/s
[train] 3285/4096 | 26910720 tok | loss 5.0012 | lr 1.851e-04 | 1329.0 ms/update | 6164 tok/s
[train] 3286/4096 | 26918912 tok | loss 4.6778 | lr 1.849e-04 | 1331.0 ms/update | 6155 tok/s
[train] 3287/4096 | 26927104 tok | loss 5.0360 | lr 1.847e-04 | 1331.1 ms/update | 6154 tok/s
[train] 3288/4096 | 26935296 tok | loss 5.2889 | lr 1.845e-04 | 1331.5 ms/update | 6153 tok/s
[train] 3289/4096 | 26943488 tok | loss 5.0893 | lr 1.843e-04 | 1330.3 ms/update | 6158 tok/s
[train] 3290/4096 | 26951680 tok | loss 5.0538 | lr 1.841e-04 | 1340.2 ms/update | 6112 tok/s
[train] 3291/4096 | 26959872 tok | loss 5.0936 | lr 1.839e-04 | 1338.5 ms/update | 6120 tok/s
[train] 3292/4096 | 26968064 tok | loss 5.1551 | lr 1.837e-04 | 1335.3 ms/update | 6135 tok/s
[train] 3293/4096 | 26976256 tok | loss 4.8378 | lr 1.835e-04 | 1327.3 ms/update | 6172 tok/s
[train] 3294/4096 | 26984448 tok | loss 5.0248 | lr 1.833e-04 | 1335.7 ms/update | 6133 tok/s
[train] 3295/4096 | 26992640 tok | loss 5.2172 | lr 1.831e-04 | 1334.3 ms/update | 6139 tok/s
[train] 3296/4096 | 27000832 tok | loss 4.9452 | lr 1.829e-04 | 1333.8 ms/update | 6142 tok/s
[train] 3297/4096 | 27009024 tok | loss 5.2359 | lr 1.827e-04 | 1328.3 ms/update | 6167 tok/s
[train] 3298/4096 | 27017216 tok | loss 5.0530 | lr 1.825e-04 | 1336.2 ms/update | 6131 tok/s
[train] 3299/4096 | 27025408 tok | loss 5.0755 | lr 1.823e-04 | 1336.1 ms/update | 6131 tok/s
[train] 3300/4096 | 27033600 tok | loss 4.7335 | lr 1.821e-04 | 1325.7 ms/update | 6179 tok/s
[train] 3301/4096 | 27041792 tok | loss 5.2840 | lr 1.819e-04 | 1335.8 ms/update | 6133 tok/s
[train] 3302/4096 | 27049984 tok | loss 5.2563 | lr 1.817e-04 | 1352.8 ms/update | 6056 tok/s
[train] 3303/4096 | 27058176 tok | loss 5.0988 | lr 1.815e-04 | 1360.9 ms/update | 6020 tok/s
[train] 3304/4096 | 27066368 tok | loss 5.0662 | lr 1.813e-04 | 1357.9 ms/update | 6033 tok/s
[train] 3305/4096 | 27074560 tok | loss 5.2483 | lr 1.811e-04 | 1345.7 ms/update | 6088 tok/s
[train] 3306/4096 | 27082752 tok | loss 4.8155 | lr 1.809e-04 | 1344.1 ms/update | 6095 tok/s
[train] 3307/4096 | 27090944 tok | loss 4.8586 | lr 1.807e-04 | 1334.3 ms/update | 6139 tok/s
[train] 3308/4096 | 27099136 tok | loss 5.2039 | lr 1.805e-04 | 1334.8 ms/update | 6137 tok/s
[train] 3309/4096 | 27107328 tok | loss 4.9839 | lr 1.803e-04 | 1327.4 ms/update | 6172 tok/s
[train] 3310/4096 | 27115520 tok | loss 5.0371 | lr 1.801e-04 | 1333.8 ms/update | 6142 tok/s
[train] 3311/4096 | 27123712 tok | loss 5.2276 | lr 1.799e-04 | 1336.4 ms/update | 6130 tok/s
[train] 3312/4096 | 27131904 tok | loss 5.3041 | lr 1.797e-04 | 1340.8 ms/update | 6110 tok/s
[train] 3313/4096 | 27140096 tok | loss 4.9377 | lr 1.795e-04 | 1345.5 ms/update | 6089 tok/s
[train] 3314/4096 | 27148288 tok | loss 5.3974 | lr 1.793e-04 | 1333.4 ms/update | 6143 tok/s
[train] 3315/4096 | 27156480 tok | loss 4.8325 | lr 1.791e-04 | 1340.1 ms/update | 6113 tok/s
[train] 3316/4096 | 27164672 tok | loss 5.1538 | lr 1.789e-04 | 1329.4 ms/update | 6162 tok/s
[train] 3317/4096 | 27172864 tok | loss 4.9385 | lr 1.787e-04 | 1330.0 ms/update | 6159 tok/s
[train] 3318/4096 | 27181056 tok | loss 4.9939 | lr 1.785e-04 | 1338.7 ms/update | 6119 tok/s
[train] 3319/4096 | 27189248 tok | loss 4.5263 | lr 1.783e-04 | 1332.2 ms/update | 6149 tok/s
[train] 3320/4096 | 27197440 tok | loss 5.2427 | lr 1.781e-04 | 1339.3 ms/update | 6117 tok/s
[train] 3321/4096 | 27205632 tok | loss 4.9203 | lr 1.779e-04 | 1330.6 ms/update | 6157 tok/s
[train] 3322/4096 | 27213824 tok | loss 5.1185 | lr 1.777e-04 | 1332.9 ms/update | 6146 tok/s
[train] 3323/4096 | 27222016 tok | loss 5.0403 | lr 1.775e-04 | 1335.2 ms/update | 6135 tok/s
[train] 3324/4096 | 27230208 tok | loss 5.1505 | lr 1.773e-04 | 1332.1 ms/update | 6150 tok/s
[train] 3325/4096 | 27238400 tok | loss 4.8365 | lr 1.771e-04 | 1334.6 ms/update | 6138 tok/s
[train] 3326/4096 | 27246592 tok | loss 4.5837 | lr 1.770e-04 | 1332.9 ms/update | 6146 tok/s
[train] 3327/4096 | 27254784 tok | loss 5.0375 | lr 1.768e-04 | 1327.8 ms/update | 6170 tok/s
[train] 3328/4096 | 27262976 tok | loss 4.9929 | lr 1.766e-04 | 1339.1 ms/update | 6118 tok/s
[eval] step 3328 | val NLL 4.8018 | ppl 121.73 | 65536 tokens
[ckpt] latest.pt @ step 3328
[train] 3329/4096 | 27271168 tok | loss 5.0093 | lr 1.764e-04 | 1345.8 ms/update | 6087 tok/s
[train] 3330/4096 | 27279360 tok | loss 4.7820 | lr 1.762e-04 | 1333.0 ms/update | 6146 tok/s
[train] 3331/4096 | 27287552 tok | loss 5.3220 | lr 1.760e-04 | 1333.1 ms/update | 6145 tok/s
[train] 3332/4096 | 27295744 tok | loss 5.1217 | lr 1.758e-04 | 1344.7 ms/update | 6092 tok/s
[train] 3333/4096 | 27303936 tok | loss 4.7712 | lr 1.756e-04 | 1348.5 ms/update | 6075 tok/s
[train] 3334/4096 | 27312128 tok | loss 5.2611 | lr 1.754e-04 | 1333.1 ms/update | 6145 tok/s
[train] 3335/4096 | 27320320 tok | loss 5.2046 | lr 1.752e-04 | 1337.1 ms/update | 6127 tok/s
[train] 3336/4096 | 27328512 tok | loss 5.2165 | lr 1.750e-04 | 1329.1 ms/update | 6163 tok/s
[train] 3337/4096 | 27336704 tok | loss 5.2746 | lr 1.748e-04 | 1329.8 ms/update | 6160 tok/s
[train] 3338/4096 | 27344896 tok | loss 5.1018 | lr 1.746e-04 | 1333.8 ms/update | 6142 tok/s
[train] 3339/4096 | 27353088 tok | loss 5.2574 | lr 1.744e-04 | 1332.5 ms/update | 6148 tok/s
[train] 3340/4096 | 27361280 tok | loss 4.7276 | lr 1.743e-04 | 1351.8 ms/update | 6060 tok/s
[train] 3341/4096 | 27369472 tok | loss 4.8153 | lr 1.741e-04 | 1338.8 ms/update | 6119 tok/s
[train] 3342/4096 | 27377664 tok | loss 5.1412 | lr 1.739e-04 | 1334.6 ms/update | 6138 tok/s
[train] 3343/4096 | 27385856 tok | loss 4.7710 | lr 1.737e-04 | 1339.2 ms/update | 6117 tok/s
[train] 3344/4096 | 27394048 tok | loss 4.8201 | lr 1.735e-04 | 1335.3 ms/update | 6135 tok/s
[train] 3345/4096 | 27402240 tok | loss 5.2630 | lr 1.733e-04 | 1343.2 ms/update | 6099 tok/s
[train] 3346/4096 | 27410432 tok | loss 5.2967 | lr 1.731e-04 | 1336.0 ms/update | 6132 tok/s
[train] 3347/4096 | 27418624 tok | loss 5.2962 | lr 1.729e-04 | 1350.3 ms/update | 6067 tok/s
[train] 3348/4096 | 27426816 tok | loss 4.9419 | lr 1.727e-04 | 1338.2 ms/update | 6121 tok/s
[train] 3349/4096 | 27435008 tok | loss 5.1588 | lr 1.725e-04 | 1341.2 ms/update | 6108 tok/s
[train] 3350/4096 | 27443200 tok | loss 5.2862 | lr 1.724e-04 | 1337.7 ms/update | 6124 tok/s
[train] 3351/4096 | 27451392 tok | loss 5.0519 | lr 1.722e-04 | 1331.0 ms/update | 6155 tok/s
[train] 3352/4096 | 27459584 tok | loss 4.8568 | lr 1.720e-04 | 1334.3 ms/update | 6140 tok/s
[train] 3353/4096 | 27467776 tok | loss 4.7192 | lr 1.718e-04 | 1331.7 ms/update | 6152 tok/s
[train] 3354/4096 | 27475968 tok | loss 4.9796 | lr 1.716e-04 | 1328.7 ms/update | 6165 tok/s
[train] 3355/4096 | 27484160 tok | loss 5.1038 | lr 1.714e-04 | 1336.3 ms/update | 6130 tok/s
[train] 3356/4096 | 27492352 tok | loss 5.1507 | lr 1.712e-04 | 1337.0 ms/update | 6127 tok/s
[train] 3357/4096 | 27500544 tok | loss 4.9900 | lr 1.710e-04 | 1331.1 ms/update | 6154 tok/s
[train] 3358/4096 | 27508736 tok | loss 5.0024 | lr 1.709e-04 | 1338.4 ms/update | 6121 tok/s
[train] 3359/4096 | 27516928 tok | loss 4.9596 | lr 1.707e-04 | 1334.1 ms/update | 6141 tok/s
[train] 3360/4096 | 27525120 tok | loss 5.3116 | lr 1.705e-04 | 1332.9 ms/update | 6146 tok/s
[train] 3361/4096 | 27533312 tok | loss 5.0479 | lr 1.703e-04 | 1337.5 ms/update | 6125 tok/s
[train] 3362/4096 | 27541504 tok | loss 4.9909 | lr 1.701e-04 | 1343.9 ms/update | 6096 tok/s
[train] 3363/4096 | 27549696 tok | loss 5.0350 | lr 1.699e-04 | 1340.2 ms/update | 6113 tok/s
[train] 3364/4096 | 27557888 tok | loss 4.8967 | lr 1.697e-04 | 1336.1 ms/update | 6131 tok/s
[train] 3365/4096 | 27566080 tok | loss 4.8887 | lr 1.696e-04 | 1336.2 ms/update | 6131 tok/s
[train] 3366/4096 | 27574272 tok | loss 5.2298 | lr 1.694e-04 | 1331.5 ms/update | 6152 tok/s
[train] 3367/4096 | 27582464 tok | loss 4.9919 | lr 1.692e-04 | 1332.4 ms/update | 6148 tok/s
[train] 3368/4096 | 27590656 tok | loss 5.1790 | lr 1.690e-04 | 1330.7 ms/update | 6156 tok/s
[train] 3369/4096 | 27598848 tok | loss 4.7799 | lr 1.688e-04 | 1325.5 ms/update | 6180 tok/s
[train] 3370/4096 | 27607040 tok | loss 4.9914 | lr 1.686e-04 | 1338.2 ms/update | 6122 tok/s
[train] 3371/4096 | 27615232 tok | loss 4.8629 | lr 1.684e-04 | 1330.8 ms/update | 6156 tok/s
[train] 3372/4096 | 27623424 tok | loss 4.8954 | lr 1.683e-04 | 1335.8 ms/update | 6133 tok/s
[train] 3373/4096 | 27631616 tok | loss 4.9873 | lr 1.681e-04 | 1332.9 ms/update | 6146 tok/s
[train] 3374/4096 | 27639808 tok | loss 4.9354 | lr 1.679e-04 | 1337.1 ms/update | 6127 tok/s
[train] 3375/4096 | 27648000 tok | loss 5.1522 | lr 1.677e-04 | 1335.7 ms/update | 6133 tok/s
[train] 3376/4096 | 27656192 tok | loss 5.2389 | lr 1.675e-04 | 1331.4 ms/update | 6153 tok/s
[train] 3377/4096 | 27664384 tok | loss 5.2312 | lr 1.673e-04 | 1340.0 ms/update | 6113 tok/s
[train] 3378/4096 | 27672576 tok | loss 4.9776 | lr 1.672e-04 | 1327.1 ms/update | 6173 tok/s
[train] 3379/4096 | 27680768 tok | loss 5.0832 | lr 1.670e-04 | 1333.4 ms/update | 6143 tok/s
[train] 3380/4096 | 27688960 tok | loss 5.1480 | lr 1.668e-04 | 1330.5 ms/update | 6157 tok/s
[train] 3381/4096 | 27697152 tok | loss 5.1785 | lr 1.666e-04 | 1330.9 ms/update | 6155 tok/s
[train] 3382/4096 | 27705344 tok | loss 5.1268 | lr 1.664e-04 | 1325.0 ms/update | 6183 tok/s
[train] 3383/4096 | 27713536 tok | loss 5.3514 | lr 1.663e-04 | 1330.6 ms/update | 6157 tok/s
[train] 3384/4096 | 27721728 tok | loss 4.7305 | lr 1.661e-04 | 1333.8 ms/update | 6142 tok/s
[train] 3385/4096 | 27729920 tok | loss 5.0386 | lr 1.659e-04 | 1338.9 ms/update | 6118 tok/s
[train] 3386/4096 | 27738112 tok | loss 4.7552 | lr 1.657e-04 | 1335.3 ms/update | 6135 tok/s
[train] 3387/4096 | 27746304 tok | loss 4.9704 | lr 1.655e-04 | 1330.8 ms/update | 6156 tok/s
[train] 3388/4096 | 27754496 tok | loss 5.0366 | lr 1.654e-04 | 1332.0 ms/update | 6150 tok/s
[train] 3389/4096 | 27762688 tok | loss 5.1901 | lr 1.652e-04 | 1333.8 ms/update | 6142 tok/s
[train] 3390/4096 | 27770880 tok | loss 5.1930 | lr 1.650e-04 | 1327.4 ms/update | 6171 tok/s
[train] 3391/4096 | 27779072 tok | loss 4.7942 | lr 1.648e-04 | 1337.4 ms/update | 6125 tok/s
[train] 3392/4096 | 27787264 tok | loss 5.1826 | lr 1.646e-04 | 1332.8 ms/update | 6146 tok/s
[train] 3393/4096 | 27795456 tok | loss 4.9648 | lr 1.645e-04 | 1325.4 ms/update | 6181 tok/s
[train] 3394/4096 | 27803648 tok | loss 4.9501 | lr 1.643e-04 | 1330.4 ms/update | 6158 tok/s
[train] 3395/4096 | 27811840 tok | loss 4.9792 | lr 1.641e-04 | 1332.5 ms/update | 6148 tok/s
[train] 3396/4096 | 27820032 tok | loss 5.0603 | lr 1.639e-04 | 1327.3 ms/update | 6172 tok/s
[train] 3397/4096 | 27828224 tok | loss 5.0042 | lr 1.637e-04 | 1326.6 ms/update | 6175 tok/s
[train] 3398/4096 | 27836416 tok | loss 5.1009 | lr 1.636e-04 | 1332.9 ms/update | 6146 tok/s
[train] 3399/4096 | 27844608 tok | loss 4.9918 | lr 1.634e-04 | 1331.6 ms/update | 6152 tok/s
[train] 3400/4096 | 27852800 tok | loss 5.0005 | lr 1.632e-04 | 1340.5 ms/update | 6111 tok/s
[train] 3401/4096 | 27860992 tok | loss 4.6945 | lr 1.630e-04 | 1324.5 ms/update | 6185 tok/s
[train] 3402/4096 | 27869184 tok | loss 5.1279 | lr 1.629e-04 | 1334.1 ms/update | 6140 tok/s
[train] 3403/4096 | 27877376 tok | loss 5.0039 | lr 1.627e-04 | 1331.8 ms/update | 6151 tok/s
[train] 3404/4096 | 27885568 tok | loss 5.0702 | lr 1.625e-04 | 1332.8 ms/update | 6146 tok/s
[train] 3405/4096 | 27893760 tok | loss 5.2123 | lr 1.623e-04 | 1330.2 ms/update | 6158 tok/s
[train] 3406/4096 | 27901952 tok | loss 5.0758 | lr 1.622e-04 | 1329.0 ms/update | 6164 tok/s
[train] 3407/4096 | 27910144 tok | loss 5.1813 | lr 1.620e-04 | 1343.3 ms/update | 6099 tok/s
[train] 3408/4096 | 27918336 tok | loss 4.9365 | lr 1.618e-04 | 1329.0 ms/update | 6164 tok/s
[train] 3409/4096 | 27926528 tok | loss 5.0704 | lr 1.616e-04 | 1339.7 ms/update | 6115 tok/s
[train] 3410/4096 | 27934720 tok | loss 5.0423 | lr 1.614e-04 | 1327.7 ms/update | 6170 tok/s
[train] 3411/4096 | 27942912 tok | loss 5.1210 | lr 1.613e-04 | 1333.3 ms/update | 6144 tok/s
[train] 3412/4096 | 27951104 tok | loss 4.9711 | lr 1.611e-04 | 1329.2 ms/update | 6163 tok/s
[train] 3413/4096 | 27959296 tok | loss 5.0233 | lr 1.609e-04 | 1331.1 ms/update | 6154 tok/s
[train] 3414/4096 | 27967488 tok | loss 5.0869 | lr 1.608e-04 | 1331.8 ms/update | 6151 tok/s
[train] 3415/4096 | 27975680 tok | loss 5.1024 | lr 1.606e-04 | 1331.7 ms/update | 6152 tok/s
[train] 3416/4096 | 27983872 tok | loss 5.1574 | lr 1.604e-04 | 1329.1 ms/update | 6163 tok/s
[train] 3417/4096 | 27992064 tok | loss 5.1140 | lr 1.602e-04 | 1328.6 ms/update | 6166 tok/s
[train] 3418/4096 | 28000256 tok | loss 4.7814 | lr 1.601e-04 | 1328.6 ms/update | 6166 tok/s
[train] 3419/4096 | 28008448 tok | loss 5.0855 | lr 1.599e-04 | 1330.5 ms/update | 6157 tok/s
[train] 3420/4096 | 28016640 tok | loss 4.8997 | lr 1.597e-04 | 1322.7 ms/update | 6193 tok/s
[train] 3421/4096 | 28024832 tok | loss 5.1317 | lr 1.595e-04 | 1329.4 ms/update | 6162 tok/s
[train] 3422/4096 | 28033024 tok | loss 4.8423 | lr 1.594e-04 | 1341.6 ms/update | 6106 tok/s
[train] 3423/4096 | 28041216 tok | loss 5.1313 | lr 1.592e-04 | 1334.9 ms/update | 6137 tok/s
[train] 3424/4096 | 28049408 tok | loss 5.2601 | lr 1.590e-04 | 1337.0 ms/update | 6127 tok/s
[train] 3425/4096 | 28057600 tok | loss 4.8993 | lr 1.589e-04 | 1330.4 ms/update | 6158 tok/s
[train] 3426/4096 | 28065792 tok | loss 4.7978 | lr 1.587e-04 | 1334.3 ms/update | 6140 tok/s
[train] 3427/4096 | 28073984 tok | loss 4.8383 | lr 1.585e-04 | 1331.7 ms/update | 6151 tok/s
[train] 3428/4096 | 28082176 tok | loss 4.9346 | lr 1.583e-04 | 1330.8 ms/update | 6156 tok/s
[train] 3429/4096 | 28090368 tok | loss 5.0901 | lr 1.582e-04 | 1330.1 ms/update | 6159 tok/s
[train] 3430/4096 | 28098560 tok | loss 4.8929 | lr 1.580e-04 | 1330.6 ms/update | 6157 tok/s
[train] 3431/4096 | 28106752 tok | loss 5.0198 | lr 1.578e-04 | 1336.4 ms/update | 6130 tok/s
[train] 3432/4096 | 28114944 tok | loss 4.7860 | lr 1.577e-04 | 1331.0 ms/update | 6155 tok/s
[train] 3433/4096 | 28123136 tok | loss 5.0465 | lr 1.575e-04 | 1334.1 ms/update | 6140 tok/s
[train] 3434/4096 | 28131328 tok | loss 4.7160 | lr 1.573e-04 | 1346.6 ms/update | 6084 tok/s
[train] 3435/4096 | 28139520 tok | loss 4.8947 | lr 1.571e-04 | 1329.9 ms/update | 6160 tok/s
[train] 3436/4096 | 28147712 tok | loss 4.9393 | lr 1.570e-04 | 1334.3 ms/update | 6140 tok/s
[train] 3437/4096 | 28155904 tok | loss 4.9584 | lr 1.568e-04 | 1357.0 ms/update | 6037 tok/s
[train] 3438/4096 | 28164096 tok | loss 4.8478 | lr 1.566e-04 | 1328.1 ms/update | 6168 tok/s
[train] 3439/4096 | 28172288 tok | loss 5.0385 | lr 1.565e-04 | 1329.5 ms/update | 6162 tok/s
[train] 3440/4096 | 28180480 tok | loss 4.8998 | lr 1.563e-04 | 1327.4 ms/update | 6171 tok/s
[train] 3441/4096 | 28188672 tok | loss 5.2105 | lr 1.561e-04 | 1328.0 ms/update | 6169 tok/s
[train] 3442/4096 | 28196864 tok | loss 4.8360 | lr 1.560e-04 | 1328.8 ms/update | 6165 tok/s
[train] 3443/4096 | 28205056 tok | loss 5.3244 | lr 1.558e-04 | 1321.2 ms/update | 6200 tok/s
[train] 3444/4096 | 28213248 tok | loss 5.1023 | lr 1.556e-04 | 1338.6 ms/update | 6120 tok/s
[train] 3445/4096 | 28221440 tok | loss 5.0838 | lr 1.555e-04 | 1333.4 ms/update | 6144 tok/s
[train] 3446/4096 | 28229632 tok | loss 4.9549 | lr 1.553e-04 | 1326.8 ms/update | 6174 tok/s
[train] 3447/4096 | 28237824 tok | loss 4.9812 | lr 1.551e-04 | 1334.0 ms/update | 6141 tok/s
[train] 3448/4096 | 28246016 tok | loss 5.2292 | lr 1.550e-04 | 1337.9 ms/update | 6123 tok/s
[train] 3449/4096 | 28254208 tok | loss 4.8733 | lr 1.548e-04 | 1329.1 ms/update | 6164 tok/s
[train] 3450/4096 | 28262400 tok | loss 4.4634 | lr 1.546e-04 | 1331.4 ms/update | 6153 tok/s
[train] 3451/4096 | 28270592 tok | loss 5.0193 | lr 1.545e-04 | 1329.1 ms/update | 6164 tok/s
[train] 3452/4096 | 28278784 tok | loss 4.7145 | lr 1.543e-04 | 1343.7 ms/update | 6096 tok/s
[train] 3453/4096 | 28286976 tok | loss 4.9003 | lr 1.541e-04 | 1333.8 ms/update | 6142 tok/s
[train] 3454/4096 | 28295168 tok | loss 4.7369 | lr 1.540e-04 | 1325.4 ms/update | 6181 tok/s
[train] 3455/4096 | 28303360 tok | loss 5.0615 | lr 1.538e-04 | 1329.0 ms/update | 6164 tok/s
[train] 3456/4096 | 28311552 tok | loss 5.0203 | lr 1.536e-04 | 1327.4 ms/update | 6171 tok/s
[eval] step 3456 | val NLL 4.7957 | ppl 120.98 | 65536 tokens
[ckpt] latest.pt @ step 3456
[train] 3457/4096 | 28319744 tok | loss 4.9382 | lr 1.535e-04 | 1353.0 ms/update | 6055 tok/s
[train] 3458/4096 | 28327936 tok | loss 4.8094 | lr 1.533e-04 | 1348.3 ms/update | 6076 tok/s
[train] 3459/4096 | 28336128 tok | loss 5.0945 | lr 1.532e-04 | 1346.9 ms/update | 6082 tok/s
[train] 3460/4096 | 28344320 tok | loss 5.0977 | lr 1.530e-04 | 1331.8 ms/update | 6151 tok/s
[train] 3461/4096 | 28352512 tok | loss 4.9684 | lr 1.528e-04 | 1335.4 ms/update | 6135 tok/s
[train] 3462/4096 | 28360704 tok | loss 5.1390 | lr 1.527e-04 | 1337.3 ms/update | 6126 tok/s
[train] 3463/4096 | 28368896 tok | loss 4.8597 | lr 1.525e-04 | 1328.8 ms/update | 6165 tok/s
[train] 3464/4096 | 28377088 tok | loss 5.2111 | lr 1.523e-04 | 1324.6 ms/update | 6184 tok/s
[train] 3465/4096 | 28385280 tok | loss 5.0512 | lr 1.522e-04 | 1329.2 ms/update | 6163 tok/s
[train] 3466/4096 | 28393472 tok | loss 4.8450 | lr 1.520e-04 | 1327.3 ms/update | 6172 tok/s
[train] 3467/4096 | 28401664 tok | loss 4.9253 | lr 1.519e-04 | 1327.1 ms/update | 6173 tok/s
[train] 3468/4096 | 28409856 tok | loss 5.1074 | lr 1.517e-04 | 1331.7 ms/update | 6151 tok/s
[train] 3469/4096 | 28418048 tok | loss 5.2663 | lr 1.515e-04 | 1322.0 ms/update | 6197 tok/s
[train] 3470/4096 | 28426240 tok | loss 4.9938 | lr 1.514e-04 | 1330.5 ms/update | 6157 tok/s
[train] 3471/4096 | 28434432 tok | loss 5.2902 | lr 1.512e-04 | 1323.9 ms/update | 6188 tok/s
[train] 3472/4096 | 28442624 tok | loss 4.9040 | lr 1.510e-04 | 1339.3 ms/update | 6116 tok/s
[train] 3473/4096 | 28450816 tok | loss 4.9857 | lr 1.509e-04 | 1325.6 ms/update | 6180 tok/s
[train] 3474/4096 | 28459008 tok | loss 4.8705 | lr 1.507e-04 | 1328.3 ms/update | 6167 tok/s
[train] 3475/4096 | 28467200 tok | loss 5.0425 | lr 1.506e-04 | 1332.3 ms/update | 6149 tok/s
[train] 3476/4096 | 28475392 tok | loss 5.1871 | lr 1.504e-04 | 1327.5 ms/update | 6171 tok/s
[train] 3477/4096 | 28483584 tok | loss 5.2941 | lr 1.503e-04 | 1333.8 ms/update | 6142 tok/s
[train] 3478/4096 | 28491776 tok | loss 5.2653 | lr 1.501e-04 | 1329.3 ms/update | 6163 tok/s
[train] 3479/4096 | 28499968 tok | loss 5.1291 | lr 1.499e-04 | 1333.7 ms/update | 6142 tok/s
[train] 3480/4096 | 28508160 tok | loss 4.5086 | lr 1.498e-04 | 1329.0 ms/update | 6164 tok/s
[train] 3481/4096 | 28516352 tok | loss 4.9516 | lr 1.496e-04 | 1326.1 ms/update | 6177 tok/s
[train] 3482/4096 | 28524544 tok | loss 5.1338 | lr 1.495e-04 | 1330.5 ms/update | 6157 tok/s
[train] 3483/4096 | 28532736 tok | loss 4.9327 | lr 1.493e-04 | 1329.3 ms/update | 6163 tok/s
[train] 3484/4096 | 28540928 tok | loss 5.0490 | lr 1.491e-04 | 1322.8 ms/update | 6193 tok/s
[train] 3485/4096 | 28549120 tok | loss 5.1117 | lr 1.490e-04 | 1328.4 ms/update | 6167 tok/s
[train] 3486/4096 | 28557312 tok | loss 5.2065 | lr 1.488e-04 | 1327.3 ms/update | 6172 tok/s
[train] 3487/4096 | 28565504 tok | loss 5.1431 | lr 1.487e-04 | 1337.4 ms/update | 6125 tok/s
[train] 3488/4096 | 28573696 tok | loss 4.4998 | lr 1.485e-04 | 1325.3 ms/update | 6181 tok/s
[train] 3489/4096 | 28581888 tok | loss 5.1402 | lr 1.484e-04 | 1329.2 ms/update | 6163 tok/s
[train] 3490/4096 | 28590080 tok | loss 4.7535 | lr 1.482e-04 | 1329.9 ms/update | 6160 tok/s
[train] 3491/4096 | 28598272 tok | loss 5.2249 | lr 1.480e-04 | 1323.0 ms/update | 6192 tok/s
[train] 3492/4096 | 28606464 tok | loss 4.8828 | lr 1.479e-04 | 1332.4 ms/update | 6148 tok/s
[train] 3493/4096 | 28614656 tok | loss 5.3500 | lr 1.477e-04 | 1325.5 ms/update | 6180 tok/s
[train] 3494/4096 | 28622848 tok | loss 4.7070 | lr 1.476e-04 | 1322.0 ms/update | 6197 tok/s
[train] 3495/4096 | 28631040 tok | loss 4.8752 | lr 1.474e-04 | 1328.1 ms/update | 6168 tok/s
[train] 3496/4096 | 28639232 tok | loss 4.8253 | lr 1.473e-04 | 1328.3 ms/update | 6167 tok/s
[train] 3497/4096 | 28647424 tok | loss 4.9784 | lr 1.471e-04 | 1319.6 ms/update | 6208 tok/s
[train] 3498/4096 | 28655616 tok | loss 5.1705 | lr 1.470e-04 | 1330.0 ms/update | 6159 tok/s
[train] 3499/4096 | 28663808 tok | loss 5.1276 | lr 1.468e-04 | 1325.2 ms/update | 6182 tok/s
[train] 3500/4096 | 28672000 tok | loss 5.0010 | lr 1.467e-04 | 1324.7 ms/update | 6184 tok/s
[train] 3501/4096 | 28680192 tok | loss 5.3557 | lr 1.465e-04 | 1325.1 ms/update | 6182 tok/s
[train] 3502/4096 | 28688384 tok | loss 5.0465 | lr 1.463e-04 | 1334.1 ms/update | 6141 tok/s
[train] 3503/4096 | 28696576 tok | loss 4.6203 | lr 1.462e-04 | 1324.1 ms/update | 6187 tok/s
[train] 3504/4096 | 28704768 tok | loss 5.2351 | lr 1.460e-04 | 1324.1 ms/update | 6187 tok/s
[train] 3505/4096 | 28712960 tok | loss 4.8897 | lr 1.459e-04 | 1322.9 ms/update | 6192 tok/s
[train] 3506/4096 | 28721152 tok | loss 5.3342 | lr 1.457e-04 | 1318.0 ms/update | 6215 tok/s
[train] 3507/4096 | 28729344 tok | loss 4.9321 | lr 1.456e-04 | 1318.9 ms/update | 6211 tok/s
[train] 3508/4096 | 28737536 tok | loss 5.0745 | lr 1.454e-04 | 1323.0 ms/update | 6192 tok/s
[train] 3509/4096 | 28745728 tok | loss 5.0985 | lr 1.453e-04 | 1318.5 ms/update | 6213 tok/s
[train] 3510/4096 | 28753920 tok | loss 4.8628 | lr 1.451e-04 | 1329.7 ms/update | 6161 tok/s
[train] 3511/4096 | 28762112 tok | loss 5.2105 | lr 1.450e-04 | 1325.7 ms/update | 6179 tok/s
[train] 3512/4096 | 28770304 tok | loss 5.0477 | lr 1.448e-04 | 1326.0 ms/update | 6178 tok/s
[train] 3513/4096 | 28778496 tok | loss 4.9489 | lr 1.447e-04 | 1322.9 ms/update | 6192 tok/s
[train] 3514/4096 | 28786688 tok | loss 5.2363 | lr 1.445e-04 | 1323.7 ms/update | 6188 tok/s
[train] 3515/4096 | 28794880 tok | loss 4.9741 | lr 1.444e-04 | 1324.7 ms/update | 6184 tok/s
[train] 3516/4096 | 28803072 tok | loss 4.7139 | lr 1.442e-04 | 1326.1 ms/update | 6178 tok/s
[train] 3517/4096 | 28811264 tok | loss 5.0611 | lr 1.441e-04 | 1338.5 ms/update | 6120 tok/s
[train] 3518/4096 | 28819456 tok | loss 5.2432 | lr 1.439e-04 | 1330.7 ms/update | 6156 tok/s
[train] 3519/4096 | 28827648 tok | loss 4.8301 | lr 1.438e-04 | 1319.8 ms/update | 6207 tok/s
[train] 3520/4096 | 28835840 tok | loss 4.9631 | lr 1.436e-04 | 1326.0 ms/update | 6178 tok/s
[train] 3521/4096 | 28844032 tok | loss 5.2787 | lr 1.435e-04 | 1322.7 ms/update | 6193 tok/s
[train] 3522/4096 | 28852224 tok | loss 4.7644 | lr 1.433e-04 | 1329.1 ms/update | 6164 tok/s
[train] 3523/4096 | 28860416 tok | loss 4.8415 | lr 1.432e-04 | 1335.1 ms/update | 6136 tok/s
[train] 3524/4096 | 28868608 tok | loss 4.8681 | lr 1.430e-04 | 1326.2 ms/update | 6177 tok/s
[train] 3525/4096 | 28876800 tok | loss 5.0478 | lr 1.429e-04 | 1332.1 ms/update | 6150 tok/s
[train] 3526/4096 | 28884992 tok | loss 4.7993 | lr 1.427e-04 | 1320.9 ms/update | 6202 tok/s
[train] 3527/4096 | 28893184 tok | loss 5.1934 | lr 1.426e-04 | 1325.4 ms/update | 6181 tok/s
[train] 3528/4096 | 28901376 tok | loss 4.8596 | lr 1.424e-04 | 1326.1 ms/update | 6178 tok/s
[train] 3529/4096 | 28909568 tok | loss 5.0134 | lr 1.423e-04 | 1321.0 ms/update | 6201 tok/s
[train] 3530/4096 | 28917760 tok | loss 4.6572 | lr 1.421e-04 | 1319.5 ms/update | 6209 tok/s
[train] 3531/4096 | 28925952 tok | loss 5.0332 | lr 1.420e-04 | 1321.7 ms/update | 6198 tok/s
[train] 3532/4096 | 28934144 tok | loss 4.8474 | lr 1.419e-04 | 1331.2 ms/update | 6154 tok/s
[train] 3533/4096 | 28942336 tok | loss 4.8616 | lr 1.417e-04 | 1332.4 ms/update | 6149 tok/s
[train] 3534/4096 | 28950528 tok | loss 4.8847 | lr 1.416e-04 | 1327.6 ms/update | 6171 tok/s
[train] 3535/4096 | 28958720 tok | loss 5.1399 | lr 1.414e-04 | 1333.3 ms/update | 6144 tok/s
[train] 3536/4096 | 28966912 tok | loss 4.9403 | lr 1.413e-04 | 1325.3 ms/update | 6181 tok/s
[train] 3537/4096 | 28975104 tok | loss 5.1482 | lr 1.411e-04 | 1325.5 ms/update | 6180 tok/s
[train] 3538/4096 | 28983296 tok | loss 4.8639 | lr 1.410e-04 | 1328.4 ms/update | 6167 tok/s
[train] 3539/4096 | 28991488 tok | loss 5.1017 | lr 1.408e-04 | 1327.4 ms/update | 6172 tok/s
[train] 3540/4096 | 28999680 tok | loss 4.8070 | lr 1.407e-04 | 1331.9 ms/update | 6150 tok/s
[train] 3541/4096 | 29007872 tok | loss 5.1475 | lr 1.405e-04 | 1323.4 ms/update | 6190 tok/s
[train] 3542/4096 | 29016064 tok | loss 5.0550 | lr 1.404e-04 | 1325.5 ms/update | 6181 tok/s
[train] 3543/4096 | 29024256 tok | loss 5.3281 | lr 1.403e-04 | 1327.4 ms/update | 6172 tok/s
[train] 3544/4096 | 29032448 tok | loss 5.0686 | lr 1.401e-04 | 1325.4 ms/update | 6181 tok/s
[train] 3545/4096 | 29040640 tok | loss 4.8902 | lr 1.400e-04 | 1326.7 ms/update | 6175 tok/s
[train] 3546/4096 | 29048832 tok | loss 5.1125 | lr 1.398e-04 | 1319.5 ms/update | 6208 tok/s
[train] 3547/4096 | 29057024 tok | loss 4.6755 | lr 1.397e-04 | 1329.4 ms/update | 6162 tok/s
[train] 3548/4096 | 29065216 tok | loss 4.9356 | lr 1.395e-04 | 1331.0 ms/update | 6155 tok/s
[train] 3549/4096 | 29073408 tok | loss 5.2738 | lr 1.394e-04 | 1322.9 ms/update | 6192 tok/s
[train] 3550/4096 | 29081600 tok | loss 4.9730 | lr 1.393e-04 | 1330.3 ms/update | 6158 tok/s
[train] 3551/4096 | 29089792 tok | loss 4.6890 | lr 1.391e-04 | 1328.2 ms/update | 6168 tok/s
[train] 3552/4096 | 29097984 tok | loss 4.8441 | lr 1.390e-04 | 1327.6 ms/update | 6171 tok/s
[train] 3553/4096 | 29106176 tok | loss 5.0566 | lr 1.388e-04 | 1325.9 ms/update | 6178 tok/s
[train] 3554/4096 | 29114368 tok | loss 5.2069 | lr 1.387e-04 | 1331.8 ms/update | 6151 tok/s
[train] 3555/4096 | 29122560 tok | loss 5.0468 | lr 1.386e-04 | 1337.5 ms/update | 6125 tok/s
[train] 3556/4096 | 29130752 tok | loss 5.1774 | lr 1.384e-04 | 1327.9 ms/update | 6169 tok/s
[train] 3557/4096 | 29138944 tok | loss 4.7047 | lr 1.383e-04 | 1321.1 ms/update | 6201 tok/s
[train] 3558/4096 | 29147136 tok | loss 5.0320 | lr 1.381e-04 | 1328.8 ms/update | 6165 tok/s
[train] 3559/4096 | 29155328 tok | loss 4.9439 | lr 1.380e-04 | 1330.8 ms/update | 6156 tok/s
[train] 3560/4096 | 29163520 tok | loss 5.2103 | lr 1.379e-04 | 1323.9 ms/update | 6188 tok/s
[train] 3561/4096 | 29171712 tok | loss 5.1460 | lr 1.377e-04 | 1328.1 ms/update | 6168 tok/s
[train] 3562/4096 | 29179904 tok | loss 5.0129 | lr 1.376e-04 | 1338.1 ms/update | 6122 tok/s
[train] 3563/4096 | 29188096 tok | loss 4.9293 | lr 1.374e-04 | 1334.8 ms/update | 6137 tok/s
[train] 3564/4096 | 29196288 tok | loss 4.9126 | lr 1.373e-04 | 1327.7 ms/update | 6170 tok/s
[train] 3565/4096 | 29204480 tok | loss 5.1382 | lr 1.372e-04 | 1328.3 ms/update | 6167 tok/s
[train] 3566/4096 | 29212672 tok | loss 4.9871 | lr 1.370e-04 | 1341.6 ms/update | 6106 tok/s
[train] 3567/4096 | 29220864 tok | loss 4.9572 | lr 1.369e-04 | 1341.6 ms/update | 6106 tok/s
[train] 3568/4096 | 29229056 tok | loss 5.1133 | lr 1.368e-04 | 1334.5 ms/update | 6139 tok/s
[train] 3569/4096 | 29237248 tok | loss 5.4341 | lr 1.366e-04 | 1325.3 ms/update | 6181 tok/s
[train] 3570/4096 | 29245440 tok | loss 5.1263 | lr 1.365e-04 | 1352.2 ms/update | 6058 tok/s
[train] 3571/4096 | 29253632 tok | loss 5.0752 | lr 1.363e-04 | 1343.0 ms/update | 6100 tok/s
[train] 3572/4096 | 29261824 tok | loss 4.7435 | lr 1.362e-04 | 1321.5 ms/update | 6199 tok/s
[train] 3573/4096 | 29270016 tok | loss 5.1773 | lr 1.361e-04 | 1319.3 ms/update | 6209 tok/s
[train] 3574/4096 | 29278208 tok | loss 4.8377 | lr 1.359e-04 | 1323.7 ms/update | 6189 tok/s
[train] 3575/4096 | 29286400 tok | loss 4.6617 | lr 1.358e-04 | 1321.4 ms/update | 6199 tok/s
[train] 3576/4096 | 29294592 tok | loss 4.8480 | lr 1.357e-04 | 1319.4 ms/update | 6209 tok/s
[train] 3577/4096 | 29302784 tok | loss 5.2416 | lr 1.355e-04 | 1330.9 ms/update | 6155 tok/s
[train] 3578/4096 | 29310976 tok | loss 4.9084 | lr 1.354e-04 | 1333.3 ms/update | 6144 tok/s
[train] 3579/4096 | 29319168 tok | loss 5.0182 | lr 1.353e-04 | 1326.4 ms/update | 6176 tok/s
[train] 3580/4096 | 29327360 tok | loss 5.0599 | lr 1.351e-04 | 1329.7 ms/update | 6161 tok/s
[train] 3581/4096 | 29335552 tok | loss 4.8794 | lr 1.350e-04 | 1331.1 ms/update | 6154 tok/s
[train] 3582/4096 | 29343744 tok | loss 4.7269 | lr 1.349e-04 | 1326.6 ms/update | 6175 tok/s
[train] 3583/4096 | 29351936 tok | loss 4.9793 | lr 1.347e-04 | 1329.5 ms/update | 6162 tok/s
[train] 3584/4096 | 29360128 tok | loss 4.9237 | lr 1.346e-04 | 1331.4 ms/update | 6153 tok/s
[eval] step 3584 | val NLL 4.7898 | ppl 120.28 | 65536 tokens
[ckpt] latest.pt @ step 3584
[train] 3585/4096 | 29368320 tok | loss 5.3646 | lr 1.345e-04 | 1321.7 ms/update | 6198 tok/s
[train] 3586/4096 | 29376512 tok | loss 4.8264 | lr 1.343e-04 | 1319.4 ms/update | 6209 tok/s
[train] 3587/4096 | 29384704 tok | loss 4.7545 | lr 1.342e-04 | 1327.2 ms/update | 6173 tok/s
[train] 3588/4096 | 29392896 tok | loss 5.2374 | lr 1.341e-04 | 1333.4 ms/update | 6144 tok/s
[train] 3589/4096 | 29401088 tok | loss 5.0711 | lr 1.339e-04 | 1326.3 ms/update | 6177 tok/s
[train] 3590/4096 | 29409280 tok | loss 4.8389 | lr 1.338e-04 | 1335.5 ms/update | 6134 tok/s
[train] 3591/4096 | 29417472 tok | loss 4.8201 | lr 1.337e-04 | 1323.2 ms/update | 6191 tok/s
[train] 3592/4096 | 29425664 tok | loss 4.6044 | lr 1.335e-04 | 1323.6 ms/update | 6189 tok/s
[train] 3593/4096 | 29433856 tok | loss 4.7685 | lr 1.334e-04 | 1323.1 ms/update | 6192 tok/s
[train] 3594/4096 | 29442048 tok | loss 4.8680 | lr 1.333e-04 | 1325.3 ms/update | 6181 tok/s
[train] 3595/4096 | 29450240 tok | loss 5.1404 | lr 1.331e-04 | 1327.6 ms/update | 6171 tok/s
[train] 3596/4096 | 29458432 tok | loss 5.4280 | lr 1.330e-04 | 1326.6 ms/update | 6175 tok/s
[train] 3597/4096 | 29466624 tok | loss 5.0521 | lr 1.329e-04 | 1324.3 ms/update | 6186 tok/s
[train] 3598/4096 | 29474816 tok | loss 5.1776 | lr 1.327e-04 | 1330.4 ms/update | 6157 tok/s
[train] 3599/4096 | 29483008 tok | loss 5.0066 | lr 1.326e-04 | 1328.5 ms/update | 6166 tok/s
[train] 3600/4096 | 29491200 tok | loss 4.7774 | lr 1.325e-04 | 1327.4 ms/update | 6172 tok/s
[train] 3601/4096 | 29499392 tok | loss 5.2532 | lr 1.324e-04 | 1324.6 ms/update | 6185 tok/s
[train] 3602/4096 | 29507584 tok | loss 4.6956 | lr 1.322e-04 | 1339.3 ms/update | 6116 tok/s
[train] 3603/4096 | 29515776 tok | loss 5.1187 | lr 1.321e-04 | 1335.5 ms/update | 6134 tok/s
[train] 3604/4096 | 29523968 tok | loss 5.0733 | lr 1.320e-04 | 1336.1 ms/update | 6131 tok/s
[train] 3605/4096 | 29532160 tok | loss 4.7954 | lr 1.318e-04 | 1337.8 ms/update | 6124 tok/s
[train] 3606/4096 | 29540352 tok | loss 5.0435 | lr 1.317e-04 | 1329.2 ms/update | 6163 tok/s
[train] 3607/4096 | 29548544 tok | loss 5.0169 | lr 1.316e-04 | 1328.4 ms/update | 6167 tok/s
[train] 3608/4096 | 29556736 tok | loss 4.8401 | lr 1.315e-04 | 1334.1 ms/update | 6140 tok/s
[train] 3609/4096 | 29564928 tok | loss 5.2128 | lr 1.313e-04 | 1341.8 ms/update | 6105 tok/s
[train] 3610/4096 | 29573120 tok | loss 4.9052 | lr 1.312e-04 | 1329.9 ms/update | 6160 tok/s
[train] 3611/4096 | 29581312 tok | loss 4.7796 | lr 1.311e-04 | 1322.6 ms/update | 6194 tok/s
[train] 3612/4096 | 29589504 tok | loss 5.0103 | lr 1.310e-04 | 1328.1 ms/update | 6168 tok/s
[train] 3613/4096 | 29597696 tok | loss 4.8644 | lr 1.308e-04 | 1326.5 ms/update | 6176 tok/s
[train] 3614/4096 | 29605888 tok | loss 4.9781 | lr 1.307e-04 | 1332.5 ms/update | 6148 tok/s
[train] 3615/4096 | 29614080 tok | loss 4.8177 | lr 1.306e-04 | 1327.9 ms/update | 6169 tok/s
[train] 3616/4096 | 29622272 tok | loss 5.0156 | lr 1.304e-04 | 1327.8 ms/update | 6170 tok/s
[train] 3617/4096 | 29630464 tok | loss 4.8216 | lr 1.303e-04 | 1323.9 ms/update | 6188 tok/s
[train] 3618/4096 | 29638656 tok | loss 4.8225 | lr 1.302e-04 | 1318.9 ms/update | 6211 tok/s
[train] 3619/4096 | 29646848 tok | loss 4.8904 | lr 1.301e-04 | 1327.5 ms/update | 6171 tok/s
[train] 3620/4096 | 29655040 tok | loss 5.3311 | lr 1.299e-04 | 1332.7 ms/update | 6147 tok/s
[train] 3621/4096 | 29663232 tok | loss 4.7615 | lr 1.298e-04 | 1323.2 ms/update | 6191 tok/s
[train] 3622/4096 | 29671424 tok | loss 4.9966 | lr 1.297e-04 | 1330.0 ms/update | 6160 tok/s
[train] 3623/4096 | 29679616 tok | loss 4.7513 | lr 1.296e-04 | 1320.9 ms/update | 6202 tok/s
[train] 3624/4096 | 29687808 tok | loss 5.0342 | lr 1.295e-04 | 1327.5 ms/update | 6171 tok/s
[train] 3625/4096 | 29696000 tok | loss 5.0228 | lr 1.293e-04 | 1331.6 ms/update | 6152 tok/s
[train] 3626/4096 | 29704192 tok | loss 5.1943 | lr 1.292e-04 | 1329.6 ms/update | 6161 tok/s
[train] 3627/4096 | 29712384 tok | loss 5.0924 | lr 1.291e-04 | 1335.2 ms/update | 6135 tok/s
[train] 3628/4096 | 29720576 tok | loss 5.1616 | lr 1.290e-04 | 1328.0 ms/update | 6169 tok/s
[train] 3629/4096 | 29728768 tok | loss 4.8917 | lr 1.288e-04 | 1322.7 ms/update | 6193 tok/s
[train] 3630/4096 | 29736960 tok | loss 4.6913 | lr 1.287e-04 | 1322.6 ms/update | 6194 tok/s
[train] 3631/4096 | 29745152 tok | loss 5.1990 | lr 1.286e-04 | 1324.2 ms/update | 6186 tok/s
[train] 3632/4096 | 29753344 tok | loss 5.1485 | lr 1.285e-04 | 1330.9 ms/update | 6155 tok/s
[train] 3633/4096 | 29761536 tok | loss 5.0415 | lr 1.284e-04 | 1323.8 ms/update | 6188 tok/s
[train] 3634/4096 | 29769728 tok | loss 5.1298 | lr 1.282e-04 | 1330.0 ms/update | 6159 tok/s
[train] 3635/4096 | 29777920 tok | loss 5.4048 | lr 1.281e-04 | 1339.3 ms/update | 6117 tok/s
[train] 3636/4096 | 29786112 tok | loss 4.7778 | lr 1.280e-04 | 1323.9 ms/update | 6188 tok/s
[train] 3637/4096 | 29794304 tok | loss 5.3879 | lr 1.279e-04 | 1327.8 ms/update | 6169 tok/s
[train] 3638/4096 | 29802496 tok | loss 4.7631 | lr 1.277e-04 | 1325.3 ms/update | 6181 tok/s
[train] 3639/4096 | 29810688 tok | loss 5.3997 | lr 1.276e-04 | 1330.9 ms/update | 6155 tok/s
[train] 3640/4096 | 29818880 tok | loss 5.1098 | lr 1.275e-04 | 1327.2 ms/update | 6172 tok/s
[train] 3641/4096 | 29827072 tok | loss 5.1471 | lr 1.274e-04 | 1326.6 ms/update | 6175 tok/s
[train] 3642/4096 | 29835264 tok | loss 5.0755 | lr 1.273e-04 | 1326.3 ms/update | 6177 tok/s
[train] 3643/4096 | 29843456 tok | loss 5.0422 | lr 1.272e-04 | 1332.3 ms/update | 6149 tok/s
[train] 3644/4096 | 29851648 tok | loss 5.2180 | lr 1.270e-04 | 1328.5 ms/update | 6166 tok/s
[train] 3645/4096 | 29859840 tok | loss 5.1254 | lr 1.269e-04 | 1331.5 ms/update | 6153 tok/s
[train] 3646/4096 | 29868032 tok | loss 5.0886 | lr 1.268e-04 | 1326.0 ms/update | 6178 tok/s
[train] 3647/4096 | 29876224 tok | loss 4.8917 | lr 1.267e-04 | 1323.9 ms/update | 6188 tok/s
[train] 3648/4096 | 29884416 tok | loss 5.0742 | lr 1.266e-04 | 1325.6 ms/update | 6180 tok/s
[train] 3649/4096 | 29892608 tok | loss 5.1515 | lr 1.264e-04 | 1324.3 ms/update | 6186 tok/s
[train] 3650/4096 | 29900800 tok | loss 5.1545 | lr 1.263e-04 | 1338.8 ms/update | 6119 tok/s
[train] 3651/4096 | 29908992 tok | loss 5.1558 | lr 1.262e-04 | 1331.3 ms/update | 6153 tok/s
[train] 3652/4096 | 29917184 tok | loss 4.7917 | lr 1.261e-04 | 1328.5 ms/update | 6167 tok/s
[train] 3653/4096 | 29925376 tok | loss 4.9418 | lr 1.260e-04 | 1325.1 ms/update | 6182 tok/s
[train] 3654/4096 | 29933568 tok | loss 5.0687 | lr 1.259e-04 | 1319.8 ms/update | 6207 tok/s
[train] 3655/4096 | 29941760 tok | loss 4.8688 | lr 1.257e-04 | 1321.6 ms/update | 6199 tok/s
[train] 3656/4096 | 29949952 tok | loss 4.9900 | lr 1.256e-04 | 1322.0 ms/update | 6197 tok/s
[train] 3657/4096 | 29958144 tok | loss 5.2493 | lr 1.255e-04 | 1327.2 ms/update | 6173 tok/s
[train] 3658/4096 | 29966336 tok | loss 5.3991 | lr 1.254e-04 | 1320.7 ms/update | 6203 tok/s
[train] 3659/4096 | 29974528 tok | loss 4.8943 | lr 1.253e-04 | 1326.5 ms/update | 6176 tok/s
[train] 3660/4096 | 29982720 tok | loss 4.8484 | lr 1.252e-04 | 1325.9 ms/update | 6179 tok/s
[train] 3661/4096 | 29990912 tok | loss 4.8257 | lr 1.251e-04 | 1328.6 ms/update | 6166 tok/s
[train] 3662/4096 | 29999104 tok | loss 4.8634 | lr 1.249e-04 | 1330.0 ms/update | 6159 tok/s
[train] 3663/4096 | 30007296 tok | loss 4.4888 | lr 1.248e-04 | 1320.7 ms/update | 6203 tok/s
[train] 3664/4096 | 30015488 tok | loss 4.9971 | lr 1.247e-04 | 1325.6 ms/update | 6180 tok/s
[train] 3665/4096 | 30023680 tok | loss 5.0948 | lr 1.246e-04 | 1333.6 ms/update | 6143 tok/s
[train] 3666/4096 | 30031872 tok | loss 5.1953 | lr 1.245e-04 | 1320.2 ms/update | 6205 tok/s
[train] 3667/4096 | 30040064 tok | loss 5.0684 | lr 1.244e-04 | 1321.9 ms/update | 6197 tok/s
[train] 3668/4096 | 30048256 tok | loss 5.0068 | lr 1.243e-04 | 1327.0 ms/update | 6173 tok/s
[train] 3669/4096 | 30056448 tok | loss 5.1817 | lr 1.242e-04 | 1321.6 ms/update | 6199 tok/s
[train] 3670/4096 | 30064640 tok | loss 4.8651 | lr 1.240e-04 | 1327.2 ms/update | 6172 tok/s
[train] 3671/4096 | 30072832 tok | loss 4.8927 | lr 1.239e-04 | 1315.6 ms/update | 6227 tok/s
[train] 3672/4096 | 30081024 tok | loss 5.0815 | lr 1.238e-04 | 1324.4 ms/update | 6185 tok/s
[train] 3673/4096 | 30089216 tok | loss 4.9302 | lr 1.237e-04 | 1334.9 ms/update | 6137 tok/s
[train] 3674/4096 | 30097408 tok | loss 4.9519 | lr 1.236e-04 | 1325.7 ms/update | 6179 tok/s
[train] 3675/4096 | 30105600 tok | loss 5.0793 | lr 1.235e-04 | 1319.8 ms/update | 6207 tok/s
[train] 3676/4096 | 30113792 tok | loss 5.0659 | lr 1.234e-04 | 1321.2 ms/update | 6200 tok/s
[train] 3677/4096 | 30121984 tok | loss 5.0164 | lr 1.233e-04 | 1326.0 ms/update | 6178 tok/s
[train] 3678/4096 | 30130176 tok | loss 5.0154 | lr 1.232e-04 | 1327.0 ms/update | 6173 tok/s
[train] 3679/4096 | 30138368 tok | loss 4.9639 | lr 1.230e-04 | 1323.6 ms/update | 6189 tok/s
[train] 3680/4096 | 30146560 tok | loss 4.9799 | lr 1.229e-04 | 1329.1 ms/update | 6164 tok/s
[train] 3681/4096 | 30154752 tok | loss 4.7766 | lr 1.228e-04 | 1331.6 ms/update | 6152 tok/s
[train] 3682/4096 | 30162944 tok | loss 4.7344 | lr 1.227e-04 | 1327.9 ms/update | 6169 tok/s
[train] 3683/4096 | 30171136 tok | loss 5.2468 | lr 1.226e-04 | 1325.3 ms/update | 6181 tok/s
[train] 3684/4096 | 30179328 tok | loss 4.9249 | lr 1.225e-04 | 1319.7 ms/update | 6208 tok/s
[train] 3685/4096 | 30187520 tok | loss 5.3658 | lr 1.224e-04 | 1323.1 ms/update | 6191 tok/s
[train] 3686/4096 | 30195712 tok | loss 4.7887 | lr 1.223e-04 | 1323.5 ms/update | 6190 tok/s
[train] 3687/4096 | 30203904 tok | loss 4.6797 | lr 1.222e-04 | 1323.7 ms/update | 6189 tok/s
[train] 3688/4096 | 30212096 tok | loss 4.5655 | lr 1.221e-04 | 1338.2 ms/update | 6122 tok/s
[train] 3689/4096 | 30220288 tok | loss 5.1794 | lr 1.220e-04 | 1322.0 ms/update | 6197 tok/s
[train] 3690/4096 | 30228480 tok | loss 4.9453 | lr 1.219e-04 | 1326.2 ms/update | 6177 tok/s
[train] 3691/4096 | 30236672 tok | loss 4.8850 | lr 1.217e-04 | 1319.9 ms/update | 6207 tok/s
[train] 3692/4096 | 30244864 tok | loss 5.0044 | lr 1.216e-04 | 1328.9 ms/update | 6165 tok/s
[train] 3693/4096 | 30253056 tok | loss 5.1285 | lr 1.215e-04 | 1324.7 ms/update | 6184 tok/s
[train] 3694/4096 | 30261248 tok | loss 4.8833 | lr 1.214e-04 | 1327.5 ms/update | 6171 tok/s
[train] 3695/4096 | 30269440 tok | loss 4.8736 | lr 1.213e-04 | 1330.0 ms/update | 6159 tok/s
[train] 3696/4096 | 30277632 tok | loss 5.1794 | lr 1.212e-04 | 1334.3 ms/update | 6140 tok/s
[train] 3697/4096 | 30285824 tok | loss 5.0856 | lr 1.211e-04 | 1318.3 ms/update | 6214 tok/s
[train] 3698/4096 | 30294016 tok | loss 5.2561 | lr 1.210e-04 | 1324.8 ms/update | 6183 tok/s
[train] 3699/4096 | 30302208 tok | loss 4.8734 | lr 1.209e-04 | 1348.5 ms/update | 6075 tok/s
[train] 3700/4096 | 30310400 tok | loss 5.1655 | lr 1.208e-04 | 1337.6 ms/update | 6124 tok/s
[train] 3701/4096 | 30318592 tok | loss 4.8919 | lr 1.207e-04 | 1324.4 ms/update | 6185 tok/s
[train] 3702/4096 | 30326784 tok | loss 5.0839 | lr 1.206e-04 | 1322.5 ms/update | 6194 tok/s
[train] 3703/4096 | 30334976 tok | loss 4.9942 | lr 1.205e-04 | 1333.1 ms/update | 6145 tok/s
[train] 3704/4096 | 30343168 tok | loss 4.8104 | lr 1.204e-04 | 1331.5 ms/update | 6152 tok/s
[train] 3705/4096 | 30351360 tok | loss 5.0333 | lr 1.203e-04 | 1326.1 ms/update | 6177 tok/s
[train] 3706/4096 | 30359552 tok | loss 5.0977 | lr 1.202e-04 | 1330.5 ms/update | 6157 tok/s
[train] 3707/4096 | 30367744 tok | loss 4.8345 | lr 1.201e-04 | 1329.0 ms/update | 6164 tok/s
[train] 3708/4096 | 30375936 tok | loss 5.2932 | lr 1.200e-04 | 1327.2 ms/update | 6172 tok/s
[train] 3709/4096 | 30384128 tok | loss 5.0591 | lr 1.199e-04 | 1336.9 ms/update | 6128 tok/s
[train] 3710/4096 | 30392320 tok | loss 4.8556 | lr 1.198e-04 | 1337.6 ms/update | 6124 tok/s
[train] 3711/4096 | 30400512 tok | loss 4.7292 | lr 1.197e-04 | 1327.2 ms/update | 6173 tok/s
[train] 3712/4096 | 30408704 tok | loss 5.1825 | lr 1.196e-04 | 1322.9 ms/update | 6192 tok/s
[eval] step 3712 | val NLL 4.7902 | ppl 120.32 | 65536 tokens
[ckpt] latest.pt @ step 3712
[train] 3713/4096 | 30416896 tok | loss 4.8745 | lr 1.195e-04 | 1320.1 ms/update | 6205 tok/s
[train] 3714/4096 | 30425088 tok | loss 5.1116 | lr 1.194e-04 | 1343.4 ms/update | 6098 tok/s
[train] 3715/4096 | 30433280 tok | loss 4.6892 | lr 1.193e-04 | 1326.0 ms/update | 6178 tok/s
[train] 3716/4096 | 30441472 tok | loss 5.2748 | lr 1.192e-04 | 1321.7 ms/update | 6198 tok/s
[train] 3717/4096 | 30449664 tok | loss 5.0406 | lr 1.191e-04 | 1336.8 ms/update | 6128 tok/s
[train] 3718/4096 | 30457856 tok | loss 4.8822 | lr 1.190e-04 | 1334.9 ms/update | 6137 tok/s
[train] 3719/4096 | 30466048 tok | loss 4.9003 | lr 1.189e-04 | 1339.5 ms/update | 6116 tok/s
[train] 3720/4096 | 30474240 tok | loss 4.8174 | lr 1.188e-04 | 1338.1 ms/update | 6122 tok/s
[train] 3721/4096 | 30482432 tok | loss 5.1371 | lr 1.187e-04 | 1335.8 ms/update | 6132 tok/s
[train] 3722/4096 | 30490624 tok | loss 5.1706 | lr 1.186e-04 | 1321.8 ms/update | 6198 tok/s
[train] 3723/4096 | 30498816 tok | loss 4.9035 | lr 1.185e-04 | 1333.6 ms/update | 6143 tok/s
[train] 3724/4096 | 30507008 tok | loss 4.7187 | lr 1.184e-04 | 1322.8 ms/update | 6193 tok/s
[train] 3725/4096 | 30515200 tok | loss 4.8353 | lr 1.183e-04 | 1340.9 ms/update | 6109 tok/s
[train] 3726/4096 | 30523392 tok | loss 4.9633 | lr 1.182e-04 | 1341.0 ms/update | 6109 tok/s
[train] 3727/4096 | 30531584 tok | loss 4.8227 | lr 1.181e-04 | 1341.9 ms/update | 6105 tok/s
[train] 3728/4096 | 30539776 tok | loss 5.1585 | lr 1.180e-04 | 1341.1 ms/update | 6108 tok/s
[train] 3729/4096 | 30547968 tok | loss 5.3802 | lr 1.179e-04 | 1325.4 ms/update | 6181 tok/s
[train] 3730/4096 | 30556160 tok | loss 5.1677 | lr 1.178e-04 | 1334.1 ms/update | 6140 tok/s
[train] 3731/4096 | 30564352 tok | loss 4.9585 | lr 1.177e-04 | 1328.2 ms/update | 6168 tok/s
[train] 3732/4096 | 30572544 tok | loss 4.9217 | lr 1.176e-04 | 1326.1 ms/update | 6177 tok/s
[train] 3733/4096 | 30580736 tok | loss 4.9450 | lr 1.175e-04 | 1327.5 ms/update | 6171 tok/s
[train] 3734/4096 | 30588928 tok | loss 5.0118 | lr 1.174e-04 | 1335.7 ms/update | 6133 tok/s
[train] 3735/4096 | 30597120 tok | loss 5.1595 | lr 1.173e-04 | 1329.6 ms/update | 6161 tok/s
[train] 3736/4096 | 30605312 tok | loss 5.1956 | lr 1.172e-04 | 1327.7 ms/update | 6170 tok/s
[train] 3737/4096 | 30613504 tok | loss 4.6176 | lr 1.171e-04 | 1329.5 ms/update | 6162 tok/s
[train] 3738/4096 | 30621696 tok | loss 4.7691 | lr 1.170e-04 | 1339.4 ms/update | 6116 tok/s
[train] 3739/4096 | 30629888 tok | loss 4.7321 | lr 1.169e-04 | 1324.1 ms/update | 6187 tok/s
[train] 3740/4096 | 30638080 tok | loss 4.9975 | lr 1.168e-04 | 1323.8 ms/update | 6188 tok/s
[train] 3741/4096 | 30646272 tok | loss 5.0501 | lr 1.167e-04 | 1323.8 ms/update | 6188 tok/s
[train] 3742/4096 | 30654464 tok | loss 4.9064 | lr 1.166e-04 | 1325.0 ms/update | 6183 tok/s
[train] 3743/4096 | 30662656 tok | loss 5.0558 | lr 1.166e-04 | 1330.9 ms/update | 6155 tok/s
[train] 3744/4096 | 30670848 tok | loss 4.7503 | lr 1.165e-04 | 1333.9 ms/update | 6141 tok/s
[train] 3745/4096 | 30679040 tok | loss 5.0583 | lr 1.164e-04 | 1333.6 ms/update | 6143 tok/s
[train] 3746/4096 | 30687232 tok | loss 4.8942 | lr 1.163e-04 | 1330.2 ms/update | 6159 tok/s
[train] 3747/4096 | 30695424 tok | loss 5.1421 | lr 1.162e-04 | 1325.5 ms/update | 6180 tok/s
[train] 3748/4096 | 30703616 tok | loss 4.8967 | lr 1.161e-04 | 1328.6 ms/update | 6166 tok/s
[train] 3749/4096 | 30711808 tok | loss 5.1248 | lr 1.160e-04 | 1327.4 ms/update | 6171 tok/s
[train] 3750/4096 | 30720000 tok | loss 4.9582 | lr 1.159e-04 | 1320.9 ms/update | 6202 tok/s
[train] 3751/4096 | 30728192 tok | loss 5.1618 | lr 1.158e-04 | 1327.9 ms/update | 6169 tok/s
[train] 3752/4096 | 30736384 tok | loss 5.0337 | lr 1.157e-04 | 1320.3 ms/update | 6205 tok/s
[train] 3753/4096 | 30744576 tok | loss 5.0849 | lr 1.156e-04 | 1339.8 ms/update | 6115 tok/s
[train] 3754/4096 | 30752768 tok | loss 5.0375 | lr 1.155e-04 | 1322.0 ms/update | 6197 tok/s
[train] 3755/4096 | 30760960 tok | loss 4.8604 | lr 1.155e-04 | 1319.9 ms/update | 6207 tok/s
[train] 3756/4096 | 30769152 tok | loss 4.9525 | lr 1.154e-04 | 1327.2 ms/update | 6172 tok/s
[train] 3757/4096 | 30777344 tok | loss 4.8695 | lr 1.153e-04 | 1321.8 ms/update | 6198 tok/s
[train] 3758/4096 | 30785536 tok | loss 5.0213 | lr 1.152e-04 | 1327.1 ms/update | 6173 tok/s
[train] 3759/4096 | 30793728 tok | loss 5.1172 | lr 1.151e-04 | 1326.5 ms/update | 6175 tok/s
[train] 3760/4096 | 30801920 tok | loss 5.0830 | lr 1.150e-04 | 1321.5 ms/update | 6199 tok/s
[train] 3761/4096 | 30810112 tok | loss 4.9907 | lr 1.149e-04 | 1327.4 ms/update | 6171 tok/s
[train] 3762/4096 | 30818304 tok | loss 4.8214 | lr 1.148e-04 | 1319.2 ms/update | 6210 tok/s
[train] 3763/4096 | 30826496 tok | loss 5.1316 | lr 1.147e-04 | 1326.5 ms/update | 6175 tok/s
[train] 3764/4096 | 30834688 tok | loss 5.0295 | lr 1.147e-04 | 1317.3 ms/update | 6219 tok/s
[train] 3765/4096 | 30842880 tok | loss 4.8373 | lr 1.146e-04 | 1317.1 ms/update | 6220 tok/s
[train] 3766/4096 | 30851072 tok | loss 4.8995 | lr 1.145e-04 | 1324.9 ms/update | 6183 tok/s
[train] 3767/4096 | 30859264 tok | loss 4.8337 | lr 1.144e-04 | 1320.1 ms/update | 6205 tok/s
[train] 3768/4096 | 30867456 tok | loss 4.8889 | lr 1.143e-04 | 1332.3 ms/update | 6149 tok/s
[train] 3769/4096 | 30875648 tok | loss 4.7907 | lr 1.142e-04 | 1321.8 ms/update | 6197 tok/s
[train] 3770/4096 | 30883840 tok | loss 4.7504 | lr 1.141e-04 | 1325.8 ms/update | 6179 tok/s
[train] 3771/4096 | 30892032 tok | loss 4.9532 | lr 1.140e-04 | 1322.8 ms/update | 6193 tok/s
[train] 3772/4096 | 30900224 tok | loss 4.8139 | lr 1.140e-04 | 1327.0 ms/update | 6173 tok/s
[train] 3773/4096 | 30908416 tok | loss 4.6546 | lr 1.139e-04 | 1325.7 ms/update | 6179 tok/s
[train] 3774/4096 | 30916608 tok | loss 5.1487 | lr 1.138e-04 | 1327.3 ms/update | 6172 tok/s
[train] 3775/4096 | 30924800 tok | loss 5.3609 | lr 1.137e-04 | 1322.1 ms/update | 6196 tok/s
[train] 3776/4096 | 30932992 tok | loss 4.8901 | lr 1.136e-04 | 1335.7 ms/update | 6133 tok/s
[train] 3777/4096 | 30941184 tok | loss 4.8398 | lr 1.135e-04 | 1322.5 ms/update | 6194 tok/s
[train] 3778/4096 | 30949376 tok | loss 4.8861 | lr 1.134e-04 | 1327.2 ms/update | 6173 tok/s
[train] 3779/4096 | 30957568 tok | loss 4.8309 | lr 1.134e-04 | 1328.6 ms/update | 6166 tok/s
[train] 3780/4096 | 30965760 tok | loss 5.0478 | lr 1.133e-04 | 1322.5 ms/update | 6194 tok/s
[train] 3781/4096 | 30973952 tok | loss 4.9878 | lr 1.132e-04 | 1331.3 ms/update | 6153 tok/s
[train] 3782/4096 | 30982144 tok | loss 5.2268 | lr 1.131e-04 | 1326.7 ms/update | 6174 tok/s
[train] 3783/4096 | 30990336 tok | loss 5.1594 | lr 1.130e-04 | 1332.9 ms/update | 6146 tok/s
[train] 3784/4096 | 30998528 tok | loss 5.1593 | lr 1.129e-04 | 1319.9 ms/update | 6206 tok/s
[train] 3785/4096 | 31006720 tok | loss 5.1558 | lr 1.129e-04 | 1328.9 ms/update | 6165 tok/s
[train] 3786/4096 | 31014912 tok | loss 5.0607 | lr 1.128e-04 | 1321.8 ms/update | 6198 tok/s
[train] 3787/4096 | 31023104 tok | loss 4.8111 | lr 1.127e-04 | 1323.9 ms/update | 6188 tok/s
[train] 3788/4096 | 31031296 tok | loss 4.8567 | lr 1.126e-04 | 1321.0 ms/update | 6202 tok/s
[train] 3789/4096 | 31039488 tok | loss 4.9646 | lr 1.125e-04 | 1322.7 ms/update | 6194 tok/s
[train] 3790/4096 | 31047680 tok | loss 5.2953 | lr 1.125e-04 | 1326.5 ms/update | 6175 tok/s
[train] 3791/4096 | 31055872 tok | loss 5.0646 | lr 1.124e-04 | 1335.6 ms/update | 6134 tok/s
[train] 3792/4096 | 31064064 tok | loss 5.0101 | lr 1.123e-04 | 1331.7 ms/update | 6151 tok/s
[train] 3793/4096 | 31072256 tok | loss 4.9889 | lr 1.122e-04 | 1328.2 ms/update | 6168 tok/s
[train] 3794/4096 | 31080448 tok | loss 4.9390 | lr 1.121e-04 | 1326.0 ms/update | 6178 tok/s
[train] 3795/4096 | 31088640 tok | loss 5.0665 | lr 1.121e-04 | 1330.9 ms/update | 6155 tok/s
[train] 3796/4096 | 31096832 tok | loss 4.9643 | lr 1.120e-04 | 1326.9 ms/update | 6174 tok/s
[train] 3797/4096 | 31105024 tok | loss 4.9728 | lr 1.119e-04 | 1320.8 ms/update | 6202 tok/s
[train] 3798/4096 | 31113216 tok | loss 5.2539 | lr 1.118e-04 | 1336.3 ms/update | 6130 tok/s
[train] 3799/4096 | 31121408 tok | loss 4.9394 | lr 1.117e-04 | 1325.0 ms/update | 6183 tok/s
[train] 3800/4096 | 31129600 tok | loss 5.2806 | lr 1.117e-04 | 1326.9 ms/update | 6174 tok/s
[train] 3801/4096 | 31137792 tok | loss 5.0891 | lr 1.116e-04 | 1323.4 ms/update | 6190 tok/s
[train] 3802/4096 | 31145984 tok | loss 5.3209 | lr 1.115e-04 | 1326.6 ms/update | 6175 tok/s
[train] 3803/4096 | 31154176 tok | loss 5.1604 | lr 1.114e-04 | 1321.7 ms/update | 6198 tok/s
[train] 3804/4096 | 31162368 tok | loss 4.8064 | lr 1.113e-04 | 1329.4 ms/update | 6162 tok/s
[train] 3805/4096 | 31170560 tok | loss 4.7155 | lr 1.113e-04 | 1325.3 ms/update | 6181 tok/s
[train] 3806/4096 | 31178752 tok | loss 5.1506 | lr 1.112e-04 | 1336.3 ms/update | 6130 tok/s
[train] 3807/4096 | 31186944 tok | loss 5.2303 | lr 1.111e-04 | 1323.7 ms/update | 6189 tok/s
[train] 3808/4096 | 31195136 tok | loss 5.1731 | lr 1.110e-04 | 1328.3 ms/update | 6167 tok/s
[train] 3809/4096 | 31203328 tok | loss 4.7930 | lr 1.110e-04 | 1327.2 ms/update | 6173 tok/s
[train] 3810/4096 | 31211520 tok | loss 5.1871 | lr 1.109e-04 | 1331.0 ms/update | 6155 tok/s
[train] 3811/4096 | 31219712 tok | loss 4.9572 | lr 1.108e-04 | 1323.3 ms/update | 6191 tok/s
[train] 3812/4096 | 31227904 tok | loss 4.8735 | lr 1.107e-04 | 1328.2 ms/update | 6168 tok/s
[train] 3813/4096 | 31236096 tok | loss 5.0549 | lr 1.107e-04 | 1331.7 ms/update | 6151 tok/s
[train] 3814/4096 | 31244288 tok | loss 5.0696 | lr 1.106e-04 | 1329.2 ms/update | 6163 tok/s
[train] 3815/4096 | 31252480 tok | loss 5.1532 | lr 1.105e-04 | 1330.0 ms/update | 6160 tok/s
[train] 3816/4096 | 31260672 tok | loss 5.1346 | lr 1.104e-04 | 1331.6 ms/update | 6152 tok/s
[train] 3817/4096 | 31268864 tok | loss 5.0723 | lr 1.104e-04 | 1329.0 ms/update | 6164 tok/s
[train] 3818/4096 | 31277056 tok | loss 4.9404 | lr 1.103e-04 | 1323.4 ms/update | 6190 tok/s
[train] 3819/4096 | 31285248 tok | loss 4.9710 | lr 1.102e-04 | 1334.6 ms/update | 6138 tok/s
[train] 3820/4096 | 31293440 tok | loss 4.9103 | lr 1.101e-04 | 1329.6 ms/update | 6161 tok/s
[train] 3821/4096 | 31301632 tok | loss 4.7790 | lr 1.101e-04 | 1332.6 ms/update | 6147 tok/s
[train] 3822/4096 | 31309824 tok | loss 5.0406 | lr 1.100e-04 | 1324.8 ms/update | 6184 tok/s
[train] 3823/4096 | 31318016 tok | loss 4.8937 | lr 1.099e-04 | 1329.6 ms/update | 6161 tok/s
[train] 3824/4096 | 31326208 tok | loss 5.1182 | lr 1.099e-04 | 1326.8 ms/update | 6174 tok/s
[train] 3825/4096 | 31334400 tok | loss 4.9546 | lr 1.098e-04 | 1330.7 ms/update | 6156 tok/s
[train] 3826/4096 | 31342592 tok | loss 5.1700 | lr 1.097e-04 | 1328.8 ms/update | 6165 tok/s
[train] 3827/4096 | 31350784 tok | loss 5.1298 | lr 1.096e-04 | 1325.2 ms/update | 6182 tok/s
[train] 3828/4096 | 31358976 tok | loss 4.9321 | lr 1.096e-04 | 1339.1 ms/update | 6117 tok/s
[train] 3829/4096 | 31367168 tok | loss 5.2336 | lr 1.095e-04 | 1324.1 ms/update | 6187 tok/s
[train] 3830/4096 | 31375360 tok | loss 5.1220 | lr 1.094e-04 | 1318.8 ms/update | 6212 tok/s
[train] 3831/4096 | 31383552 tok | loss 5.2322 | lr 1.094e-04 | 1331.6 ms/update | 6152 tok/s
[train] 3832/4096 | 31391744 tok | loss 4.9641 | lr 1.093e-04 | 1343.2 ms/update | 6099 tok/s
[train] 3833/4096 | 31399936 tok | loss 4.7666 | lr 1.092e-04 | 1327.6 ms/update | 6171 tok/s
[train] 3834/4096 | 31408128 tok | loss 4.9134 | lr 1.091e-04 | 1331.6 ms/update | 6152 tok/s
[train] 3835/4096 | 31416320 tok | loss 5.0434 | lr 1.091e-04 | 1327.0 ms/update | 6173 tok/s
[train] 3836/4096 | 31424512 tok | loss 5.3837 | lr 1.090e-04 | 1344.3 ms/update | 6094 tok/s
[train] 3837/4096 | 31432704 tok | loss 4.9383 | lr 1.089e-04 | 1326.1 ms/update | 6177 tok/s
[train] 3838/4096 | 31440896 tok | loss 4.9453 | lr 1.089e-04 | 1326.8 ms/update | 6174 tok/s
[train] 3839/4096 | 31449088 tok | loss 4.8370 | lr 1.088e-04 | 1322.7 ms/update | 6193 tok/s
[train] 3840/4096 | 31457280 tok | loss 4.8241 | lr 1.087e-04 | 1321.8 ms/update | 6198 tok/s
[eval] step 3840 | val NLL 4.7875 | ppl 120.00 | 65536 tokens
[ckpt] latest.pt @ step 3840
[train] 3841/4096 | 31465472 tok | loss 4.5273 | lr 1.087e-04 | 1323.9 ms/update | 6188 tok/s
[train] 3842/4096 | 31473664 tok | loss 5.0822 | lr 1.086e-04 | 1318.9 ms/update | 6211 tok/s
[train] 3843/4096 | 31481856 tok | loss 5.0762 | lr 1.085e-04 | 1334.1 ms/update | 6141 tok/s
[train] 3844/4096 | 31490048 tok | loss 4.9197 | lr 1.085e-04 | 1330.1 ms/update | 6159 tok/s
[train] 3845/4096 | 31498240 tok | loss 4.9378 | lr 1.084e-04 | 1323.9 ms/update | 6188 tok/s
[train] 3846/4096 | 31506432 tok | loss 4.8316 | lr 1.083e-04 | 1325.2 ms/update | 6182 tok/s
[train] 3847/4096 | 31514624 tok | loss 4.9636 | lr 1.083e-04 | 1326.2 ms/update | 6177 tok/s
[train] 3848/4096 | 31522816 tok | loss 4.7674 | lr 1.082e-04 | 1330.0 ms/update | 6159 tok/s
[train] 3849/4096 | 31531008 tok | loss 5.0552 | lr 1.081e-04 | 1322.4 ms/update | 6195 tok/s
[train] 3850/4096 | 31539200 tok | loss 5.0747 | lr 1.081e-04 | 1323.2 ms/update | 6191 tok/s
[train] 3851/4096 | 31547392 tok | loss 5.0690 | lr 1.080e-04 | 1326.3 ms/update | 6177 tok/s
[train] 3852/4096 | 31555584 tok | loss 4.8665 | lr 1.079e-04 | 1327.4 ms/update | 6172 tok/s
[train] 3853/4096 | 31563776 tok | loss 4.7835 | lr 1.079e-04 | 1323.4 ms/update | 6190 tok/s
[train] 3854/4096 | 31571968 tok | loss 5.1296 | lr 1.078e-04 | 1329.1 ms/update | 6164 tok/s
[train] 3855/4096 | 31580160 tok | loss 4.8279 | lr 1.077e-04 | 1321.5 ms/update | 6199 tok/s
[train] 3856/4096 | 31588352 tok | loss 5.0450 | lr 1.077e-04 | 1334.9 ms/update | 6137 tok/s
[train] 3857/4096 | 31596544 tok | loss 5.2387 | lr 1.076e-04 | 1329.0 ms/update | 6164 tok/s
[train] 3858/4096 | 31604736 tok | loss 4.4398 | lr 1.076e-04 | 1329.0 ms/update | 6164 tok/s
[train] 3859/4096 | 31612928 tok | loss 5.2281 | lr 1.075e-04 | 1326.3 ms/update | 6177 tok/s
[train] 3860/4096 | 31621120 tok | loss 4.9128 | lr 1.074e-04 | 1330.4 ms/update | 6157 tok/s
[train] 3861/4096 | 31629312 tok | loss 4.9942 | lr 1.074e-04 | 1331.0 ms/update | 6155 tok/s
[train] 3862/4096 | 31637504 tok | loss 5.2096 | lr 1.073e-04 | 1328.3 ms/update | 6167 tok/s
[train] 3863/4096 | 31645696 tok | loss 4.9927 | lr 1.072e-04 | 1333.4 ms/update | 6144 tok/s
[train] 3864/4096 | 31653888 tok | loss 5.3163 | lr 1.072e-04 | 1325.8 ms/update | 6179 tok/s
[train] 3865/4096 | 31662080 tok | loss 4.9958 | lr 1.071e-04 | 1330.8 ms/update | 6156 tok/s
[train] 3866/4096 | 31670272 tok | loss 5.0737 | lr 1.071e-04 | 1326.0 ms/update | 6178 tok/s
[train] 3867/4096 | 31678464 tok | loss 4.9549 | lr 1.070e-04 | 1330.5 ms/update | 6157 tok/s
[train] 3868/4096 | 31686656 tok | loss 5.2237 | lr 1.069e-04 | 1330.9 ms/update | 6155 tok/s
[train] 3869/4096 | 31694848 tok | loss 5.1746 | lr 1.069e-04 | 1327.0 ms/update | 6173 tok/s
[train] 3870/4096 | 31703040 tok | loss 5.0489 | lr 1.068e-04 | 1327.3 ms/update | 6172 tok/s
[train] 3871/4096 | 31711232 tok | loss 4.6935 | lr 1.067e-04 | 1344.0 ms/update | 6095 tok/s
[train] 3872/4096 | 31719424 tok | loss 4.9839 | lr 1.067e-04 | 1335.7 ms/update | 6133 tok/s
[train] 3873/4096 | 31727616 tok | loss 4.8895 | lr 1.066e-04 | 1331.5 ms/update | 6152 tok/s
[train] 3874/4096 | 31735808 tok | loss 4.7498 | lr 1.066e-04 | 1326.2 ms/update | 6177 tok/s
[train] 3875/4096 | 31744000 tok | loss 5.0345 | lr 1.065e-04 | 1326.3 ms/update | 6176 tok/s
[train] 3876/4096 | 31752192 tok | loss 5.1908 | lr 1.065e-04 | 1327.2 ms/update | 6172 tok/s
[train] 3877/4096 | 31760384 tok | loss 5.0113 | lr 1.064e-04 | 1331.0 ms/update | 6155 tok/s
[train] 3878/4096 | 31768576 tok | loss 4.9664 | lr 1.063e-04 | 1340.0 ms/update | 6114 tok/s
[train] 3879/4096 | 31776768 tok | loss 4.9676 | lr 1.063e-04 | 1325.6 ms/update | 6180 tok/s
[train] 3880/4096 | 31784960 tok | loss 4.6456 | lr 1.062e-04 | 1322.6 ms/update | 6194 tok/s
[train] 3881/4096 | 31793152 tok | loss 5.0105 | lr 1.062e-04 | 1329.0 ms/update | 6164 tok/s
[train] 3882/4096 | 31801344 tok | loss 5.0191 | lr 1.061e-04 | 1326.4 ms/update | 6176 tok/s
[train] 3883/4096 | 31809536 tok | loss 4.9363 | lr 1.061e-04 | 1319.7 ms/update | 6208 tok/s
[train] 3884/4096 | 31817728 tok | loss 5.1379 | lr 1.060e-04 | 1319.5 ms/update | 6208 tok/s
[train] 3885/4096 | 31825920 tok | loss 5.0459 | lr 1.059e-04 | 1329.2 ms/update | 6163 tok/s
[train] 3886/4096 | 31834112 tok | loss 4.8435 | lr 1.059e-04 | 1329.2 ms/update | 6163 tok/s
[train] 3887/4096 | 31842304 tok | loss 5.0082 | lr 1.058e-04 | 1320.2 ms/update | 6205 tok/s
[train] 3888/4096 | 31850496 tok | loss 5.2018 | lr 1.058e-04 | 1329.8 ms/update | 6160 tok/s
[train] 3889/4096 | 31858688 tok | loss 5.0694 | lr 1.057e-04 | 1325.0 ms/update | 6183 tok/s
[train] 3890/4096 | 31866880 tok | loss 4.9218 | lr 1.057e-04 | 1320.9 ms/update | 6202 tok/s
[train] 3891/4096 | 31875072 tok | loss 5.0074 | lr 1.056e-04 | 1327.3 ms/update | 6172 tok/s
[train] 3892/4096 | 31883264 tok | loss 5.1153 | lr 1.056e-04 | 1322.0 ms/update | 6197 tok/s
[train] 3893/4096 | 31891456 tok | loss 4.9762 | lr 1.055e-04 | 1330.8 ms/update | 6156 tok/s
[train] 3894/4096 | 31899648 tok | loss 4.9239 | lr 1.054e-04 | 1327.0 ms/update | 6173 tok/s
[train] 3895/4096 | 31907840 tok | loss 5.1189 | lr 1.054e-04 | 1320.0 ms/update | 6206 tok/s
[train] 3896/4096 | 31916032 tok | loss 5.0013 | lr 1.053e-04 | 1320.9 ms/update | 6202 tok/s
[train] 3897/4096 | 31924224 tok | loss 4.9315 | lr 1.053e-04 | 1322.6 ms/update | 6194 tok/s
[train] 3898/4096 | 31932416 tok | loss 4.7939 | lr 1.052e-04 | 1322.6 ms/update | 6194 tok/s
[train] 3899/4096 | 31940608 tok | loss 4.9736 | lr 1.052e-04 | 1326.0 ms/update | 6178 tok/s
[train] 3900/4096 | 31948800 tok | loss 4.7000 | lr 1.051e-04 | 1324.6 ms/update | 6184 tok/s
[train] 3901/4096 | 31956992 tok | loss 5.0062 | lr 1.051e-04 | 1330.7 ms/update | 6156 tok/s
[train] 3902/4096 | 31965184 tok | loss 5.1834 | lr 1.050e-04 | 1322.6 ms/update | 6194 tok/s
[train] 3903/4096 | 31973376 tok | loss 5.0577 | lr 1.050e-04 | 1319.1 ms/update | 6210 tok/s
[train] 3904/4096 | 31981568 tok | loss 5.0508 | lr 1.049e-04 | 1322.1 ms/update | 6196 tok/s
[train] 3905/4096 | 31989760 tok | loss 5.0741 | lr 1.049e-04 | 1329.7 ms/update | 6161 tok/s
[train] 3906/4096 | 31997952 tok | loss 4.9577 | lr 1.048e-04 | 1333.9 ms/update | 6141 tok/s
[train] 3907/4096 | 32006144 tok | loss 4.5977 | lr 1.048e-04 | 1333.1 ms/update | 6145 tok/s
[train] 3908/4096 | 32014336 tok | loss 4.8333 | lr 1.047e-04 | 1330.6 ms/update | 6157 tok/s
[train] 3909/4096 | 32022528 tok | loss 5.1446 | lr 1.047e-04 | 1324.4 ms/update | 6186 tok/s
[train] 3910/4096 | 32030720 tok | loss 5.1352 | lr 1.046e-04 | 1322.5 ms/update | 6195 tok/s
[train] 3911/4096 | 32038912 tok | loss 4.7971 | lr 1.046e-04 | 1322.2 ms/update | 6196 tok/s
[train] 3912/4096 | 32047104 tok | loss 5.0851 | lr 1.045e-04 | 1318.8 ms/update | 6212 tok/s
[train] 3913/4096 | 32055296 tok | loss 5.2147 | lr 1.045e-04 | 1327.5 ms/update | 6171 tok/s
[train] 3914/4096 | 32063488 tok | loss 4.7887 | lr 1.044e-04 | 1319.8 ms/update | 6207 tok/s
[train] 3915/4096 | 32071680 tok | loss 4.6091 | lr 1.044e-04 | 1324.7 ms/update | 6184 tok/s
[train] 3916/4096 | 32079872 tok | loss 5.2888 | lr 1.043e-04 | 1331.2 ms/update | 6154 tok/s
[train] 3917/4096 | 32088064 tok | loss 4.7046 | lr 1.043e-04 | 1323.8 ms/update | 6188 tok/s
[train] 3918/4096 | 32096256 tok | loss 4.9963 | lr 1.042e-04 | 1320.5 ms/update | 6204 tok/s
[train] 3919/4096 | 32104448 tok | loss 5.0262 | lr 1.042e-04 | 1321.8 ms/update | 6198 tok/s
[train] 3920/4096 | 32112640 tok | loss 4.8672 | lr 1.041e-04 | 1323.8 ms/update | 6188 tok/s
[train] 3921/4096 | 32120832 tok | loss 5.1573 | lr 1.041e-04 | 1319.9 ms/update | 6207 tok/s
[train] 3922/4096 | 32129024 tok | loss 4.8544 | lr 1.040e-04 | 1319.1 ms/update | 6210 tok/s
[train] 3923/4096 | 32137216 tok | loss 4.8728 | lr 1.040e-04 | 1333.0 ms/update | 6145 tok/s
[train] 3924/4096 | 32145408 tok | loss 4.6488 | lr 1.039e-04 | 1319.7 ms/update | 6207 tok/s
[train] 3925/4096 | 32153600 tok | loss 5.1096 | lr 1.039e-04 | 1325.0 ms/update | 6182 tok/s
[train] 3926/4096 | 32161792 tok | loss 4.4309 | lr 1.039e-04 | 1323.9 ms/update | 6188 tok/s
[train] 3927/4096 | 32169984 tok | loss 5.3707 | lr 1.038e-04 | 1327.9 ms/update | 6169 tok/s
[train] 3928/4096 | 32178176 tok | loss 5.1114 | lr 1.038e-04 | 1320.0 ms/update | 6206 tok/s
[train] 3929/4096 | 32186368 tok | loss 4.7869 | lr 1.037e-04 | 1325.3 ms/update | 6181 tok/s
[train] 3930/4096 | 32194560 tok | loss 4.9581 | lr 1.037e-04 | 1322.1 ms/update | 6196 tok/s
[train] 3931/4096 | 32202752 tok | loss 5.1716 | lr 1.036e-04 | 1339.8 ms/update | 6114 tok/s
[train] 3932/4096 | 32210944 tok | loss 4.9411 | lr 1.036e-04 | 1332.5 ms/update | 6148 tok/s
[train] 3933/4096 | 32219136 tok | loss 4.8487 | lr 1.035e-04 | 1322.1 ms/update | 6196 tok/s
[train] 3934/4096 | 32227328 tok | loss 5.1555 | lr 1.035e-04 | 1320.0 ms/update | 6206 tok/s
[train] 3935/4096 | 32235520 tok | loss 4.9401 | lr 1.035e-04 | 1328.9 ms/update | 6165 tok/s
[train] 3936/4096 | 32243712 tok | loss 5.1222 | lr 1.034e-04 | 1330.2 ms/update | 6158 tok/s
[train] 3937/4096 | 32251904 tok | loss 5.0453 | lr 1.034e-04 | 1324.0 ms/update | 6187 tok/s
[train] 3938/4096 | 32260096 tok | loss 5.1714 | lr 1.033e-04 | 1321.0 ms/update | 6201 tok/s
[train] 3939/4096 | 32268288 tok | loss 5.2250 | lr 1.033e-04 | 1325.2 ms/update | 6182 tok/s
[train] 3940/4096 | 32276480 tok | loss 4.9155 | lr 1.032e-04 | 1320.6 ms/update | 6203 tok/s
[train] 3941/4096 | 32284672 tok | loss 4.8504 | lr 1.032e-04 | 1324.9 ms/update | 6183 tok/s
[train] 3942/4096 | 32292864 tok | loss 4.6651 | lr 1.032e-04 | 1325.9 ms/update | 6179 tok/s
[train] 3943/4096 | 32301056 tok | loss 5.0162 | lr 1.031e-04 | 1336.1 ms/update | 6131 tok/s
[train] 3944/4096 | 32309248 tok | loss 4.9085 | lr 1.031e-04 | 1330.8 ms/update | 6156 tok/s
[train] 3945/4096 | 32317440 tok | loss 4.8143 | lr 1.030e-04 | 1326.0 ms/update | 6178 tok/s
[train] 3946/4096 | 32325632 tok | loss 5.0194 | lr 1.030e-04 | 1330.2 ms/update | 6159 tok/s
[train] 3947/4096 | 32333824 tok | loss 5.2870 | lr 1.030e-04 | 1322.2 ms/update | 6196 tok/s
[train] 3948/4096 | 32342016 tok | loss 4.7871 | lr 1.029e-04 | 1328.1 ms/update | 6168 tok/s
[train] 3949/4096 | 32350208 tok | loss 5.1417 | lr 1.029e-04 | 1325.0 ms/update | 6183 tok/s
[train] 3950/4096 | 32358400 tok | loss 5.2259 | lr 1.028e-04 | 1322.8 ms/update | 6193 tok/s
[train] 3951/4096 | 32366592 tok | loss 4.7592 | lr 1.028e-04 | 1324.6 ms/update | 6184 tok/s
[train] 3952/4096 | 32374784 tok | loss 4.8980 | lr 1.028e-04 | 1328.9 ms/update | 6164 tok/s
[train] 3953/4096 | 32382976 tok | loss 4.9047 | lr 1.027e-04 | 1328.6 ms/update | 6166 tok/s
[train] 3954/4096 | 32391168 tok | loss 5.1970 | lr 1.027e-04 | 1331.6 ms/update | 6152 tok/s
[train] 3955/4096 | 32399360 tok | loss 4.8476 | lr 1.027e-04 | 1328.8 ms/update | 6165 tok/s
[train] 3956/4096 | 32407552 tok | loss 4.8538 | lr 1.026e-04 | 1319.3 ms/update | 6209 tok/s
[train] 3957/4096 | 32415744 tok | loss 5.1332 | lr 1.026e-04 | 1328.9 ms/update | 6165 tok/s
[train] 3958/4096 | 32423936 tok | loss 4.9390 | lr 1.025e-04 | 1324.1 ms/update | 6187 tok/s
[train] 3959/4096 | 32432128 tok | loss 5.3417 | lr 1.025e-04 | 1323.7 ms/update | 6189 tok/s
[train] 3960/4096 | 32440320 tok | loss 5.3045 | lr 1.025e-04 | 1318.4 ms/update | 6214 tok/s
[train] 3961/4096 | 32448512 tok | loss 4.6751 | lr 1.024e-04 | 1332.6 ms/update | 6147 tok/s
[train] 3962/4096 | 32456704 tok | loss 4.8320 | lr 1.024e-04 | 1330.3 ms/update | 6158 tok/s
[train] 3963/4096 | 32464896 tok | loss 5.0907 | lr 1.024e-04 | 1319.1 ms/update | 6210 tok/s
[train] 3964/4096 | 32473088 tok | loss 5.3701 | lr 1.023e-04 | 1339.7 ms/update | 6115 tok/s
[train] 3965/4096 | 32481280 tok | loss 4.7993 | lr 1.023e-04 | 1332.3 ms/update | 6149 tok/s
[train] 3966/4096 | 32489472 tok | loss 4.8582 | lr 1.023e-04 | 1327.3 ms/update | 6172 tok/s
[train] 3967/4096 | 32497664 tok | loss 5.3968 | lr 1.022e-04 | 1336.2 ms/update | 6131 tok/s
[train] 3968/4096 | 32505856 tok | loss 5.1636 | lr 1.022e-04 | 1328.8 ms/update | 6165 tok/s
[eval] step 3968 | val NLL 4.7874 | ppl 119.99 | 65536 tokens
[ckpt] latest.pt @ step 3968
[train] 3969/4096 | 32514048 tok | loss 5.0465 | lr 1.022e-04 | 1319.5 ms/update | 6208 tok/s
[train] 3970/4096 | 32522240 tok | loss 5.1727 | lr 1.021e-04 | 1317.5 ms/update | 6218 tok/s
[train] 3971/4096 | 32530432 tok | loss 4.7618 | lr 1.021e-04 | 1323.7 ms/update | 6189 tok/s
[train] 3972/4096 | 32538624 tok | loss 4.9055 | lr 1.021e-04 | 1339.3 ms/update | 6117 tok/s
[train] 3973/4096 | 32546816 tok | loss 5.1604 | lr 1.020e-04 | 1333.0 ms/update | 6146 tok/s
[train] 3974/4096 | 32555008 tok | loss 5.0214 | lr 1.020e-04 | 1337.5 ms/update | 6125 tok/s
[train] 3975/4096 | 32563200 tok | loss 5.0374 | lr 1.020e-04 | 1327.1 ms/update | 6173 tok/s
[train] 3976/4096 | 32571392 tok | loss 4.8248 | lr 1.019e-04 | 1329.4 ms/update | 6162 tok/s
[train] 3977/4096 | 32579584 tok | loss 5.2515 | lr 1.019e-04 | 1328.9 ms/update | 6165 tok/s
[train] 3978/4096 | 32587776 tok | loss 5.2287 | lr 1.019e-04 | 1327.1 ms/update | 6173 tok/s
[train] 3979/4096 | 32595968 tok | loss 5.1972 | lr 1.018e-04 | 1327.1 ms/update | 6173 tok/s
[train] 3980/4096 | 32604160 tok | loss 4.5483 | lr 1.018e-04 | 1327.5 ms/update | 6171 tok/s
[train] 3981/4096 | 32612352 tok | loss 5.0090 | lr 1.018e-04 | 1332.9 ms/update | 6146 tok/s
[train] 3982/4096 | 32620544 tok | loss 4.8361 | lr 1.017e-04 | 1321.6 ms/update | 6198 tok/s
[train] 3983/4096 | 32628736 tok | loss 4.7220 | lr 1.017e-04 | 1328.7 ms/update | 6165 tok/s
[train] 3984/4096 | 32636928 tok | loss 4.9782 | lr 1.017e-04 | 1325.7 ms/update | 6179 tok/s
[train] 3985/4096 | 32645120 tok | loss 4.6989 | lr 1.016e-04 | 1329.5 ms/update | 6162 tok/s
[train] 3986/4096 | 32653312 tok | loss 5.1356 | lr 1.016e-04 | 1325.4 ms/update | 6181 tok/s
[train] 3987/4096 | 32661504 tok | loss 5.1252 | lr 1.016e-04 | 1332.7 ms/update | 6147 tok/s
[train] 3988/4096 | 32669696 tok | loss 4.8814 | lr 1.016e-04 | 1323.1 ms/update | 6191 tok/s
[train] 3989/4096 | 32677888 tok | loss 4.9604 | lr 1.015e-04 | 1332.2 ms/update | 6149 tok/s
[train] 3990/4096 | 32686080 tok | loss 5.0543 | lr 1.015e-04 | 1325.8 ms/update | 6179 tok/s
[train] 3991/4096 | 32694272 tok | loss 4.6908 | lr 1.015e-04 | 1324.0 ms/update | 6187 tok/s
[train] 3992/4096 | 32702464 tok | loss 5.0618 | lr 1.014e-04 | 1331.4 ms/update | 6153 tok/s
[train] 3993/4096 | 32710656 tok | loss 5.0039 | lr 1.014e-04 | 1324.4 ms/update | 6185 tok/s
[train] 3994/4096 | 32718848 tok | loss 5.0679 | lr 1.014e-04 | 1322.8 ms/update | 6193 tok/s
[train] 3995/4096 | 32727040 tok | loss 4.8276 | lr 1.014e-04 | 1327.0 ms/update | 6173 tok/s
[train] 3996/4096 | 32735232 tok | loss 4.5997 | lr 1.013e-04 | 1332.2 ms/update | 6149 tok/s
[train] 3997/4096 | 32743424 tok | loss 5.2060 | lr 1.013e-04 | 1324.1 ms/update | 6187 tok/s
[train] 3998/4096 | 32751616 tok | loss 5.1843 | lr 1.013e-04 | 1327.9 ms/update | 6169 tok/s
[train] 3999/4096 | 32759808 tok | loss 4.9725 | lr 1.013e-04 | 1329.7 ms/update | 6161 tok/s
[train] 4000/4096 | 32768000 tok | loss 4.7836 | lr 1.012e-04 | 1326.6 ms/update | 6175 tok/s
[train] 4001/4096 | 32776192 tok | loss 5.0832 | lr 1.012e-04 | 1319.7 ms/update | 6207 tok/s
[train] 4002/4096 | 32784384 tok | loss 4.9331 | lr 1.012e-04 | 1321.9 ms/update | 6197 tok/s
[train] 4003/4096 | 32792576 tok | loss 5.1073 | lr 1.012e-04 | 1329.6 ms/update | 6161 tok/s
[train] 4004/4096 | 32800768 tok | loss 5.1685 | lr 1.011e-04 | 1342.1 ms/update | 6104 tok/s
[train] 4005/4096 | 32808960 tok | loss 5.3689 | lr 1.011e-04 | 1323.2 ms/update | 6191 tok/s
[train] 4006/4096 | 32817152 tok | loss 4.6978 | lr 1.011e-04 | 1322.7 ms/update | 6193 tok/s
[train] 4007/4096 | 32825344 tok | loss 5.2162 | lr 1.011e-04 | 1321.4 ms/update | 6200 tok/s
[train] 4008/4096 | 32833536 tok | loss 5.0198 | lr 1.010e-04 | 1320.9 ms/update | 6202 tok/s
[train] 4009/4096 | 32841728 tok | loss 5.0857 | lr 1.010e-04 | 1325.3 ms/update | 6181 tok/s
[train] 4010/4096 | 32849920 tok | loss 4.7246 | lr 1.010e-04 | 1318.1 ms/update | 6215 tok/s
[train] 4011/4096 | 32858112 tok | loss 5.0973 | lr 1.010e-04 | 1337.1 ms/update | 6127 tok/s
[train] 4012/4096 | 32866304 tok | loss 4.7471 | lr 1.009e-04 | 1332.0 ms/update | 6150 tok/s
[train] 4013/4096 | 32874496 tok | loss 4.9406 | lr 1.009e-04 | 1327.0 ms/update | 6173 tok/s
[train] 4014/4096 | 32882688 tok | loss 5.0181 | lr 1.009e-04 | 1317.0 ms/update | 6220 tok/s
[train] 4015/4096 | 32890880 tok | loss 4.9975 | lr 1.009e-04 | 1320.2 ms/update | 6205 tok/s
[train] 4016/4096 | 32899072 tok | loss 5.0766 | lr 1.009e-04 | 1327.4 ms/update | 6171 tok/s
[train] 4017/4096 | 32907264 tok | loss 5.1901 | lr 1.008e-04 | 1323.4 ms/update | 6190 tok/s
[train] 4018/4096 | 32915456 tok | loss 5.2004 | lr 1.008e-04 | 1327.0 ms/update | 6173 tok/s
[train] 4019/4096 | 32923648 tok | loss 5.1904 | lr 1.008e-04 | 1328.6 ms/update | 6166 tok/s
[train] 4020/4096 | 32931840 tok | loss 4.6028 | lr 1.008e-04 | 1323.6 ms/update | 6189 tok/s
[train] 4021/4096 | 32940032 tok | loss 4.8160 | lr 1.008e-04 | 1320.5 ms/update | 6204 tok/s
[train] 4022/4096 | 32948224 tok | loss 4.7339 | lr 1.007e-04 | 1325.5 ms/update | 6180 tok/s
[train] 4023/4096 | 32956416 tok | loss 5.1816 | lr 1.007e-04 | 1318.6 ms/update | 6213 tok/s
[train] 4024/4096 | 32964608 tok | loss 5.2139 | lr 1.007e-04 | 1322.3 ms/update | 6195 tok/s
[train] 4025/4096 | 32972800 tok | loss 4.9636 | lr 1.007e-04 | 1320.4 ms/update | 6204 tok/s
[train] 4026/4096 | 32980992 tok | loss 4.7762 | lr 1.007e-04 | 1326.6 ms/update | 6175 tok/s
[train] 4027/4096 | 32989184 tok | loss 4.8272 | lr 1.006e-04 | 1322.4 ms/update | 6195 tok/s
[train] 4028/4096 | 32997376 tok | loss 4.7077 | lr 1.006e-04 | 1324.9 ms/update | 6183 tok/s
[train] 4029/4096 | 33005568 tok | loss 4.7778 | lr 1.006e-04 | 1318.9 ms/update | 6211 tok/s
[train] 4030/4096 | 33013760 tok | loss 5.1281 | lr 1.006e-04 | 1324.4 ms/update | 6185 tok/s
[train] 4031/4096 | 33021952 tok | loss 4.9492 | lr 1.006e-04 | 1323.0 ms/update | 6192 tok/s
[train] 4032/4096 | 33030144 tok | loss 4.8968 | lr 1.005e-04 | 1326.2 ms/update | 6177 tok/s
[train] 4033/4096 | 33038336 tok | loss 4.9646 | lr 1.005e-04 | 1318.3 ms/update | 6214 tok/s
[train] 4034/4096 | 33046528 tok | loss 5.0302 | lr 1.005e-04 | 1330.6 ms/update | 6156 tok/s
[train] 4035/4096 | 33054720 tok | loss 4.8879 | lr 1.005e-04 | 1323.6 ms/update | 6189 tok/s
[train] 4036/4096 | 33062912 tok | loss 4.6655 | lr 1.005e-04 | 1321.2 ms/update | 6200 tok/s
[train] 4037/4096 | 33071104 tok | loss 4.8089 | lr 1.005e-04 | 1317.8 ms/update | 6216 tok/s
[train] 4038/4096 | 33079296 tok | loss 4.8650 | lr 1.004e-04 | 1325.0 ms/update | 6182 tok/s
[train] 4039/4096 | 33087488 tok | loss 5.1698 | lr 1.004e-04 | 1317.6 ms/update | 6217 tok/s
[train] 4040/4096 | 33095680 tok | loss 4.9953 | lr 1.004e-04 | 1317.0 ms/update | 6220 tok/s
[train] 4041/4096 | 33103872 tok | loss 5.2177 | lr 1.004e-04 | 1323.6 ms/update | 6189 tok/s
[train] 4042/4096 | 33112064 tok | loss 4.9230 | lr 1.004e-04 | 1322.7 ms/update | 6193 tok/s
[train] 4043/4096 | 33120256 tok | loss 5.1251 | lr 1.004e-04 | 1319.7 ms/update | 6208 tok/s
[train] 4044/4096 | 33128448 tok | loss 5.0347 | lr 1.004e-04 | 1325.1 ms/update | 6182 tok/s
[train] 4045/4096 | 33136640 tok | loss 4.8406 | lr 1.003e-04 | 1321.3 ms/update | 6200 tok/s
[train] 4046/4096 | 33144832 tok | loss 4.9816 | lr 1.003e-04 | 1326.6 ms/update | 6175 tok/s
[train] 4047/4096 | 33153024 tok | loss 4.9833 | lr 1.003e-04 | 1320.2 ms/update | 6205 tok/s
[train] 4048/4096 | 33161216 tok | loss 5.0156 | lr 1.003e-04 | 1333.2 ms/update | 6145 tok/s
[train] 4049/4096 | 33169408 tok | loss 4.8003 | lr 1.003e-04 | 1338.4 ms/update | 6121 tok/s
[train] 4050/4096 | 33177600 tok | loss 4.8598 | lr 1.003e-04 | 1333.9 ms/update | 6141 tok/s
[train] 4051/4096 | 33185792 tok | loss 5.1744 | lr 1.003e-04 | 1326.1 ms/update | 6178 tok/s
[train] 4052/4096 | 33193984 tok | loss 5.0205 | lr 1.003e-04 | 1327.1 ms/update | 6173 tok/s
[train] 4053/4096 | 33202176 tok | loss 4.9542 | lr 1.002e-04 | 1328.7 ms/update | 6166 tok/s
[train] 4054/4096 | 33210368 tok | loss 4.9958 | lr 1.002e-04 | 1325.3 ms/update | 6181 tok/s
[train] 4055/4096 | 33218560 tok | loss 4.8171 | lr 1.002e-04 | 1324.8 ms/update | 6184 tok/s
[train] 4056/4096 | 33226752 tok | loss 5.0282 | lr 1.002e-04 | 1324.1 ms/update | 6187 tok/s
[train] 4057/4096 | 33234944 tok | loss 4.9336 | lr 1.002e-04 | 1328.5 ms/update | 6166 tok/s
[train] 4058/4096 | 33243136 tok | loss 4.8672 | lr 1.002e-04 | 1327.1 ms/update | 6173 tok/s
[train] 4059/4096 | 33251328 tok | loss 5.2706 | lr 1.002e-04 | 1329.4 ms/update | 6162 tok/s
[train] 4060/4096 | 33259520 tok | loss 4.9625 | lr 1.002e-04 | 1328.8 ms/update | 6165 tok/s
[train] 4061/4096 | 33267712 tok | loss 5.0643 | lr 1.002e-04 | 1328.5 ms/update | 6166 tok/s
[train] 4062/4096 | 33275904 tok | loss 4.7652 | lr 1.002e-04 | 1327.3 ms/update | 6172 tok/s
[train] 4063/4096 | 33284096 tok | loss 4.8335 | lr 1.001e-04 | 1323.1 ms/update | 6192 tok/s
[train] 4064/4096 | 33292288 tok | loss 5.4028 | lr 1.001e-04 | 1343.6 ms/update | 6097 tok/s
[train] 4065/4096 | 33300480 tok | loss 4.6167 | lr 1.001e-04 | 1332.8 ms/update | 6147 tok/s
[train] 4066/4096 | 33308672 tok | loss 5.1716 | lr 1.001e-04 | 1335.5 ms/update | 6134 tok/s
[train] 4067/4096 | 33316864 tok | loss 5.0194 | lr 1.001e-04 | 1328.5 ms/update | 6166 tok/s
[train] 4068/4096 | 33325056 tok | loss 5.0106 | lr 1.001e-04 | 1336.8 ms/update | 6128 tok/s
[train] 4069/4096 | 33333248 tok | loss 5.1156 | lr 1.001e-04 | 1328.7 ms/update | 6166 tok/s
[train] 4070/4096 | 33341440 tok | loss 4.6787 | lr 1.001e-04 | 1325.0 ms/update | 6182 tok/s
[train] 4071/4096 | 33349632 tok | loss 5.0634 | lr 1.001e-04 | 1326.4 ms/update | 6176 tok/s
[train] 4072/4096 | 33357824 tok | loss 4.9864 | lr 1.001e-04 | 1324.3 ms/update | 6186 tok/s
[train] 4073/4096 | 33366016 tok | loss 5.0279 | lr 1.001e-04 | 1329.3 ms/update | 6163 tok/s
[train] 4074/4096 | 33374208 tok | loss 5.2692 | lr 1.001e-04 | 1322.6 ms/update | 6194 tok/s
[train] 4075/4096 | 33382400 tok | loss 4.8201 | lr 1.001e-04 | 1325.1 ms/update | 6182 tok/s
[train] 4076/4096 | 33390592 tok | loss 4.5675 | lr 1.001e-04 | 1325.0 ms/update | 6183 tok/s
[train] 4077/4096 | 33398784 tok | loss 4.9851 | lr 1.000e-04 | 1332.5 ms/update | 6148 tok/s
[train] 4078/4096 | 33406976 tok | loss 4.7212 | lr 1.000e-04 | 1326.6 ms/update | 6175 tok/s
[train] 4079/4096 | 33415168 tok | loss 5.1075 | lr 1.000e-04 | 1332.9 ms/update | 6146 tok/s
[train] 4080/4096 | 33423360 tok | loss 5.0127 | lr 1.000e-04 | 1330.6 ms/update | 6157 tok/s
[train] 4081/4096 | 33431552 tok | loss 5.0364 | lr 1.000e-04 | 1340.4 ms/update | 6112 tok/s
[train] 4082/4096 | 33439744 tok | loss 4.8877 | lr 1.000e-04 | 1323.2 ms/update | 6191 tok/s
[train] 4083/4096 | 33447936 tok | loss 4.8359 | lr 1.000e-04 | 1326.0 ms/update | 6178 tok/s
[train] 4084/4096 | 33456128 tok | loss 5.0214 | lr 1.000e-04 | 1323.3 ms/update | 6190 tok/s
[train] 4085/4096 | 33464320 tok | loss 5.0425 | lr 1.000e-04 | 1323.4 ms/update | 6190 tok/s
[train] 4086/4096 | 33472512 tok | loss 4.9664 | lr 1.000e-04 | 1320.1 ms/update | 6205 tok/s
[train] 4087/4096 | 33480704 tok | loss 4.8844 | lr 1.000e-04 | 1327.7 ms/update | 6170 tok/s
[train] 4088/4096 | 33488896 tok | loss 4.9039 | lr 1.000e-04 | 1323.8 ms/update | 6188 tok/s
[train] 4089/4096 | 33497088 tok | loss 4.9084 | lr 1.000e-04 | 1325.7 ms/update | 6179 tok/s
[train] 4090/4096 | 33505280 tok | loss 5.0239 | lr 1.000e-04 | 1326.0 ms/update | 6178 tok/s
[train] 4091/4096 | 33513472 tok | loss 5.0628 | lr 1.000e-04 | 1324.3 ms/update | 6186 tok/s
[train] 4092/4096 | 33521664 tok | loss 4.3909 | lr 1.000e-04 | 1320.8 ms/update | 6202 tok/s
[train] 4093/4096 | 33529856 tok | loss 4.8728 | lr 1.000e-04 | 1327.8 ms/update | 6170 tok/s
[train] 4094/4096 | 33538048 tok | loss 4.9087 | lr 1.000e-04 | 1332.5 ms/update | 6148 tok/s
[train] 4095/4096 | 33546240 tok | loss 4.7585 | lr 1.000e-04 | 1322.6 ms/update | 6194 tok/s
[train] 4096/4096 | 33554432 tok | loss 4.6536 | lr 1.000e-04 | 1338.3 ms/update | 6121 tok/s
[eval] step 4096 | val NLL 4.7869 | ppl 119.93 | 65536 tokens
[ckpt] latest.pt @ step 4096
[done] completed | 4096/4096 updates | 33554432 tokens | 5569.1s
