rounding_mode,shape,parameter_id,parameter_name,quantizer,bits,codebook,block_size,raw_zero_fraction,raw_momentum_relative_l2,raw_momentum_cosine,raw_momentum_norm_ratio,raw_momentum_metric_status,update_relative_l2,update_cosine,update_norm_ratio,update_metric_status,muon_update_relative_l2,muon_update_cosine,muon_update_norm_ratio,seed,update,snapshot,delta_raw_momentum_cosine,delta_raw_momentum_relative_l2,delta_muon_update_cosine,delta_muon_update_relative_l2
nearest,"[1152, 384]",transformer.h.0.attn.c_attn.weight,transformer.h.0.attn.c_attn.weight,int4-dynamic-b2048,4,dynamic,2048,0.009587041102349758,0.17813090980052948,0.9841943979263306,1.0034077167510986,ok,0.8662536144256592,0.6242609024047852,0.9985561370849609,ok,0.8662536144256592,0.6242609024047852,0.9985561370849609,0,128,/home/sienna/projects/experiments/lowp-optimizer-bench/reports/muon_update_fidelity_formal_s0_s1_results/muon-fidelity-formal/fp32_muon_snapshot_s0/muon_momentum_snapshots/update_000128.pt,,,,
raw_direction_oracle,"[1152, 384]",transformer.h.0.attn.c_attn.weight,transformer.h.0.attn.c_attn.weight,int4-dynamic-b2048,4,dynamic,2048,0.0095689557492733,0.1809973269701004,0.9847522377967834,1.0347200632095337,ok,0.8604567050933838,0.6292268633842468,0.998431384563446,ok,0.8604567050933838,0.6292268633842468,0.998431384563446,0,128,/home/sienna/projects/experiments/lowp-optimizer-bench/reports/muon_update_fidelity_formal_s0_s1_results/muon-fidelity-formal/fp32_muon_snapshot_s0/muon_momentum_snapshots/update_000128.pt,0.0005578398704528809,0.002866417169570923,0.00496596097946167,-0.005796909332275391
muon_update_direction_oracle,"[1152, 384]",transformer.h.0.attn.c_attn.weight,transformer.h.0.attn.c_attn.weight,int4-dynamic-b2048,4,dynamic,2048,0.009587041102349758,0.17822551727294922,0.9841855764389038,1.003819465637207,ok,0.8661225438117981,0.624335765838623,0.9984525442123413,ok,0.8661225438117981,0.624335765838623,0.9984525442123413,0,128,/home/sienna/projects/experiments/lowp-optimizer-bench/reports/muon_update_fidelity_formal_s0_s1_results/muon-fidelity-formal/fp32_muon_snapshot_s0/muon_momentum_snapshots/update_000128.pt,-8.821487426757812e-06,9.460747241973877e-05,7.486343383789062e-05,-0.00013107061386108398
nearest,"[384, 384]",transformer.h.0.attn.c_proj.weight,transformer.h.0.attn.c_proj.weight,int4-dynamic-b2048,4,dynamic,2048,0.010348849929869175,0.19000600278377533,0.9819701910018921,1.0011433362960815,ok,0.9399246573448181,0.5780417323112488,1.0445078611373901,ok,0.9399246573448181,0.5780417323112488,1.0445078611373901,0,128,/home/sienna/projects/experiments/lowp-optimizer-bench/reports/muon_update_fidelity_formal_s0_s1_results/muon-fidelity-formal/fp32_muon_snapshot_s0/muon_momentum_snapshots/update_000128.pt,,,,
raw_direction_oracle,"[384, 384]",transformer.h.0.attn.c_proj.weight,transformer.h.0.attn.c_proj.weight,int4-dynamic-b2048,4,dynamic,2048,0.01030815951526165,0.192968487739563,0.9825108051300049,1.0331498384475708,ok,0.9348440766334534,0.5832442045211792,1.045961618423462,ok,0.9348440766334534,0.5832442045211792,1.045961618423462,0,128,/home/sienna/projects/experiments/lowp-optimizer-bench/reports/muon_update_fidelity_formal_s0_s1_results/muon-fidelity-formal/fp32_muon_snapshot_s0/muon_momentum_snapshots/update_000128.pt,0.000540614128112793,0.0029624849557876587,0.00520247220993042,-0.005080580711364746
muon_update_direction_oracle,"[384, 384]",transformer.h.0.attn.c_proj.weight,transformer.h.0.attn.c_proj.weight,int4-dynamic-b2048,4,dynamic,2048,0.010348849929869175,0.1901744157075882,0.9819514751434326,1.0018223524093628,ok,0.9399945735931396,0.5780869126319885,1.0447499752044678,ok,0.9399945735931396,0.5780869126319885,1.0447499752044678,0,128,/home/sienna/projects/experiments/lowp-optimizer-bench/reports/muon_update_fidelity_formal_s0_s1_results/muon-fidelity-formal/fp32_muon_snapshot_s0/muon_momentum_snapshots/update_000128.pt,-1.8715858459472656e-05,0.0001684129238128662,4.5180320739746094e-05,6.99162483215332e-05
nearest,"[1024, 384]",transformer.h.0.mlp.w1.weight,transformer.h.0.mlp.w1.weight,int4-dynamic-b2048,4,dynamic,2048,0.01134490966796875,0.18733885884284973,0.9824668765068054,1.0008249282836914,ok,0.41660627722740173,0.9142733216285706,1.011518955230713,ok,0.41660627722740173,0.9142733216285706,1.011518955230713,0,128,/home/sienna/projects/experiments/lowp-optimizer-bench/reports/muon_update_fidelity_formal_s0_s1_results/muon-fidelity-formal/fp32_muon_snapshot_s0/muon_momentum_snapshots/update_000128.pt,,,,
raw_direction_oracle,"[1024, 384]",transformer.h.0.mlp.w1.weight,transformer.h.0.mlp.w1.weight,int4-dynamic-b2048,4,dynamic,2048,0.011332194320857525,0.19024018943309784,0.9829157590866089,1.0310250520706177,ok,0.4116363227367401,0.9163060188293457,1.011496901512146,ok,0.4116363227367401,0.9163060188293457,1.011496901512146,0,128,/home/sienna/projects/experiments/lowp-optimizer-bench/reports/muon_update_fidelity_formal_s0_s1_results/muon-fidelity-formal/fp32_muon_snapshot_s0/muon_momentum_snapshots/update_000128.pt,0.0004488825798034668,0.002901330590248108,0.0020326972007751465,-0.004969954490661621
muon_update_direction_oracle,"[1024, 384]",transformer.h.0.mlp.w1.weight,transformer.h.0.mlp.w1.weight,int4-dynamic-b2048,4,dynamic,2048,0.01134490966796875,0.18739596009254456,0.9824625849723816,1.0011671781539917,ok,0.4165581464767456,0.9142844080924988,1.0114271640777588,ok,0.4165581464767456,0.9142844080924988,1.0114271640777588,0,128,/home/sienna/projects/experiments/lowp-optimizer-bench/reports/muon_update_fidelity_formal_s0_s1_results/muon-fidelity-formal/fp32_muon_snapshot_s0/muon_momentum_snapshots/update_000128.pt,-4.291534423828125e-06,5.710124969482422e-05,1.1086463928222656e-05,-4.813075065612793e-05
nearest,"[1024, 384]",transformer.h.0.mlp.w2.weight,transformer.h.0.mlp.w2.weight,int4-dynamic-b2048,4,dynamic,2048,0.011220295913517475,0.18681715428829193,0.9825742244720459,1.0013525485992432,ok,0.4161347448825836,0.9145078063011169,1.0119394063949585,ok,0.4161347448825836,0.9145078063011169,1.0119394063949585,0,128,/home/sienna/projects/experiments/lowp-optimizer-bench/reports/muon_update_fidelity_formal_s0_s1_results/muon-fidelity-formal/fp32_muon_snapshot_s0/muon_momentum_snapshots/update_000128.pt,,,,
raw_direction_oracle,"[1024, 384]",transformer.h.0.mlp.w2.weight,transformer.h.0.mlp.w2.weight,int4-dynamic-b2048,4,dynamic,2048,0.011179606430232525,0.18965545296669006,0.9830386638641357,1.0313526391983032,ok,0.41058778762817383,0.916738748550415,1.011566162109375,ok,0.41058778762817383,0.916738748550415,1.011566162109375,0,128,/home/sienna/projects/experiments/lowp-optimizer-bench/reports/muon_update_fidelity_formal_s0_s1_results/muon-fidelity-formal/fp32_muon_snapshot_s0/muon_momentum_snapshots/update_000128.pt,0.00046443939208984375,0.0028382986783981323,0.0022309422492980957,-0.00554695725440979
muon_update_direction_oracle,"[1024, 384]",transformer.h.0.mlp.w2.weight,transformer.h.0.mlp.w2.weight,int4-dynamic-b2048,4,dynamic,2048,0.011220295913517475,0.18683922290802002,0.9825727343559265,1.0015023946762085,ok,0.41607800126075745,0.9145305752754211,1.0119317770004272,ok,0.41607800126075745,0.9145305752754211,1.0119317770004272,0,128,/home/sienna/projects/experiments/lowp-optimizer-bench/reports/muon_update_fidelity_formal_s0_s1_results/muon-fidelity-formal/fp32_muon_snapshot_s0/muon_momentum_snapshots/update_000128.pt,-1.4901161193847656e-06,2.206861972808838e-05,2.276897430419922e-05,-5.6743621826171875e-05
nearest,"[384, 1024]",transformer.h.0.mlp.c_proj.weight,transformer.h.0.mlp.c_proj.weight,int4-dynamic-b2048,4,dynamic,2048,0.01889546774327755,0.22117044031620026,0.9753837585449219,0.9924107193946838,ok,0.5611578226089478,0.8438798189163208,1.0082924365997314,ok,0.5611578226089478,0.8438798189163208,1.0082924365997314,0,128,/home/sienna/projects/experiments/lowp-optimizer-bench/reports/muon_update_fidelity_formal_s0_s1_results/muon-fidelity-formal/fp32_muon_snapshot_s0/muon_momentum_snapshots/update_000128.pt,,,,
raw_direction_oracle,"[384, 1024]",transformer.h.0.mlp.c_proj.weight,transformer.h.0.mlp.c_proj.weight,int4-dynamic-b2048,4,dynamic,2048,0.01883951760828495,0.22346316277980804,0.9755589962005615,1.0161889791488647,ok,0.5579443573951721,0.8458067178726196,1.0091809034347534,ok,0.5579443573951721,0.8458067178726196,1.0091809034347534,0,128,/home/sienna/projects/experiments/lowp-optimizer-bench/reports/muon_update_fidelity_formal_s0_s1_results/muon-fidelity-formal/fp32_muon_snapshot_s0/muon_momentum_snapshots/update_000128.pt,0.00017523765563964844,0.002292722463607788,0.0019268989562988281,-0.0032134652137756348
muon_update_direction_oracle,"[384, 1024]",transformer.h.0.mlp.c_proj.weight,transformer.h.0.mlp.c_proj.weight,int4-dynamic-b2048,4,dynamic,2048,0.01889546774327755,0.22121606767177582,0.9753779172897339,0.9926640391349792,ok,0.5611068606376648,0.8439081907272339,1.0082924365997314,ok,0.5611068606376648,0.8439081907272339,1.0082924365997314,0,128,/home/sienna/projects/experiments/lowp-optimizer-bench/reports/muon_update_fidelity_formal_s0_s1_results/muon-fidelity-formal/fp32_muon_snapshot_s0/muon_momentum_snapshots/update_000128.pt,-5.841255187988281e-06,4.5627355575561523e-05,2.8371810913085938e-05,-5.0961971282958984e-05
nearest,"[1152, 384]",transformer.h.1.attn.c_attn.weight,transformer.h.1.attn.c_attn.weight,int4-dynamic-b2048,4,dynamic,2048,0.010470920242369175,0.18376363813877106,0.9831427335739136,1.0015501976013184,ok,0.9444175958633423,0.5688689351081848,1.0331281423568726,ok,0.9444175958633423,0.5688689351081848,1.0331281423568726,0,128,/home/sienna/projects/experiments/lowp-optimizer-bench/reports/muon_update_fidelity_formal_s0_s1_results/muon-fidelity-formal/fp32_muon_snapshot_s0/muon_momentum_snapshots/update_000128.pt,,,,
raw_direction_oracle,"[1152, 384]",transformer.h.1.attn.c_attn.weight,transformer.h.1.attn.c_attn.weight,int4-dynamic-b2048,4,dynamic,2048,0.010441533289849758,0.18642914295196533,0.9835853576660156,1.0304466485977173,ok,0.9414263963699341,0.5718671679496765,1.0337284803390503,ok,0.9414263963699341,0.5718671679496765,1.0337284803390503,0,128,/home/sienna/projects/experiments/lowp-optimizer-bench/reports/muon_update_fidelity_formal_s0_s1_results/muon-fidelity-formal/fp32_muon_snapshot_s0/muon_momentum_snapshots/update_000128.pt,0.0004426240921020508,0.002665504813194275,0.0029982328414916992,-0.002991199493408203
muon_update_direction_oracle,"[1152, 384]",transformer.h.1.attn.c_attn.weight,transformer.h.1.attn.c_attn.weight,int4-dynamic-b2048,4,dynamic,2048,0.010470920242369175,0.1838202327489853,0.9831363558769226,1.0017670392990112,ok,0.9444178342819214,0.5688947439193726,1.0331858396530151,ok,0.9444178342819214,0.5688947439193726,1.0331858396530151,0,128,/home/sienna/projects/experiments/lowp-optimizer-bench/reports/muon_update_fidelity_formal_s0_s1_results/muon-fidelity-formal/fp32_muon_snapshot_s0/muon_momentum_snapshots/update_000128.pt,-6.377696990966797e-06,5.65946102142334e-05,2.580881118774414e-05,2.384185791015625e-07
nearest,"[384, 384]",transformer.h.1.attn.c_proj.weight,transformer.h.1.attn.c_proj.weight,int4-dynamic-b2048,4,dynamic,2048,0.00994873046875,0.1868824064731598,0.9825736880302429,1.0019680261611938,ok,0.9973450303077698,0.5385547876358032,1.0721635818481445,ok,0.9973450303077698,0.5385547876358032,1.0721635818481445,0,128,/home/sienna/projects/experiments/lowp-optimizer-bench/reports/muon_update_fidelity_formal_s0_s1_results/muon-fidelity-formal/fp32_muon_snapshot_s0/muon_momentum_snapshots/update_000128.pt,,,,
raw_direction_oracle,"[384, 384]",transformer.h.1.attn.c_proj.weight,transformer.h.1.attn.c_proj.weight,int4-dynamic-b2048,4,dynamic,2048,0.00994194857776165,0.1898290365934372,0.9831202626228333,1.033720850944519,ok,0.9924837946891785,0.5430912375450134,1.0722153186798096,ok,0.9924837946891785,0.5430912375450134,1.0722153186798096,0,128,/home/sienna/projects/experiments/lowp-optimizer-bench/reports/muon_update_fidelity_formal_s0_s1_results/muon-fidelity-formal/fp32_muon_snapshot_s0/muon_momentum_snapshots/update_000128.pt,0.000546574592590332,0.002946630120277405,0.004536449909210205,-0.004861235618591309
muon_update_direction_oracle,"[384, 384]",transformer.h.1.attn.c_proj.weight,transformer.h.1.attn.c_proj.weight,int4-dynamic-b2048,4,dynamic,2048,0.00994873046875,0.18695931136608124,0.9825718402862549,1.002598762512207,ok,0.9972825646400452,0.5387070775032043,1.0723530054092407,ok,0.9972825646400452,0.5387070775032043,1.0723530054092407,0,128,/home/sienna/projects/experiments/lowp-optimizer-bench/reports/muon_update_fidelity_formal_s0_s1_results/muon-fidelity-formal/fp32_muon_snapshot_s0/muon_momentum_snapshots/update_000128.pt,-1.8477439880371094e-06,7.690489292144775e-05,0.00015228986740112305,-6.246566772460938e-05
nearest,"[1024, 384]",transformer.h.1.mlp.w1.weight,transformer.h.1.mlp.w1.weight,int4-dynamic-b2048,4,dynamic,2048,0.014371235854923725,0.19061587750911713,0.9818277359008789,0.9997243285179138,ok,0.4990178942680359,0.8761001825332642,1.004826545715332,ok,0.4990178942680359,0.8761001825332642,1.004826545715332,0,128,/home/sienna/projects/experiments/lowp-optimizer-bench/reports/muon_update_fidelity_formal_s0_s1_results/muon-fidelity-formal/fp32_muon_snapshot_s0/muon_momentum_snapshots/update_000128.pt,,,,
raw_direction_oracle,"[1024, 384]",transformer.h.1.mlp.w1.weight,transformer.h.1.mlp.w1.weight,int4-dynamic-b2048,4,dynamic,2048,0.01435089111328125,0.19350463151931763,0.9822125434875488,1.0289615392684937,ok,0.4925265610218048,0.8792715668678284,1.0045744180679321,ok,0.4925265610218048,0.8792715668678284,1.0045744180679321,0,128,/home/sienna/projects/experiments/lowp-optimizer-bench/reports/muon_update_fidelity_formal_s0_s1_results/muon-fidelity-formal/fp32_muon_snapshot_s0/muon_momentum_snapshots/update_000128.pt,0.0003848075866699219,0.0028887540102005005,0.003171384334564209,-0.006491333246231079
muon_update_direction_oracle,"[1024, 384]",transformer.h.1.mlp.w1.weight,transformer.h.1.mlp.w1.weight,int4-dynamic-b2048,4,dynamic,2048,0.014371235854923725,0.1908247023820877,0.9818154573440552,1.001200795173645,ok,0.4988774061203003,0.8761653304100037,1.0047895908355713,ok,0.4988774061203003,0.8761653304100037,1.0047895908355713,0,128,/home/sienna/projects/experiments/lowp-optimizer-bench/reports/muon_update_fidelity_formal_s0_s1_results/muon-fidelity-formal/fp32_muon_snapshot_s0/muon_momentum_snapshots/update_000128.pt,-1.2278556823730469e-05,0.00020882487297058105,6.514787673950195e-05,-0.0001404881477355957
nearest,"[1024, 384]",transformer.h.1.mlp.w2.weight,transformer.h.1.mlp.w2.weight,int4-dynamic-b2048,4,dynamic,2048,0.013577778823673725,0.19078870117664337,0.981793999671936,0.9996806383132935,ok,0.5012668967247009,0.8749992251396179,1.0049688816070557,ok,0.5012668967247009,0.8749992251396179,1.0049688816070557,0,128,/home/sienna/projects/experiments/lowp-optimizer-bench/reports/muon_update_fidelity_formal_s0_s1_results/muon-fidelity-formal/fp32_muon_snapshot_s0/muon_momentum_snapshots/update_000128.pt,,,,
raw_direction_oracle,"[1024, 384]",transformer.h.1.mlp.w2.weight,transformer.h.1.mlp.w2.weight,int4-dynamic-b2048,4,dynamic,2048,0.01354217529296875,0.19349731504917145,0.9821430444717407,1.0273770093917847,ok,0.4969981014728546,0.8771608471870422,1.005293846130371,ok,0.4969981014728546,0.8771608471870422,1.005293846130371,0,128,/home/sienna/projects/experiments/lowp-optimizer-bench/reports/muon_update_fidelity_formal_s0_s1_results/muon-fidelity-formal/fp32_muon_snapshot_s0/muon_momentum_snapshots/update_000128.pt,0.0003490447998046875,0.002708613872528076,0.0021616220474243164,-0.0042687952518463135
muon_update_direction_oracle,"[1024, 384]",transformer.h.1.mlp.w2.weight,transformer.h.1.mlp.w2.weight,int4-dynamic-b2048,4,dynamic,2048,0.013577778823673725,0.1913636475801468,0.9817205667495728,1.0016049146652222,ok,0.5010372400283813,0.8750906586647034,1.0047907829284668,ok,0.5010372400283813,0.8750906586647034,1.0047907829284668,0,128,/home/sienna/projects/experiments/lowp-optimizer-bench/reports/muon_update_fidelity_formal_s0_s1_results/muon-fidelity-formal/fp32_muon_snapshot_s0/muon_momentum_snapshots/update_000128.pt,-7.343292236328125e-05,0.000574946403503418,9.143352508544922e-05,-0.00022965669631958008
nearest,"[384, 1024]",transformer.h.1.mlp.c_proj.weight,transformer.h.1.mlp.c_proj.weight,int4-dynamic-b2048,4,dynamic,2048,0.02886199951171875,0.2299676090478897,0.9732761383056641,0.9855743050575256,ok,0.6287865042686462,0.8005149960517883,0.9907698035240173,ok,0.6287865042686462,0.8005149960517883,0.9907698035240173,0,128,/home/sienna/projects/experiments/lowp-optimizer-bench/reports/muon_update_fidelity_formal_s0_s1_results/muon-fidelity-formal/fp32_muon_snapshot_s0/muon_momentum_snapshots/update_000128.pt,,,,
raw_direction_oracle,"[384, 1024]",transformer.h.1.mlp.c_proj.weight,transformer.h.1.mlp.c_proj.weight,int4-dynamic-b2048,4,dynamic,2048,0.02879842184484005,0.23173639178276062,0.9732344746589661,1.0030170679092407,ok,0.6261234283447266,0.8021740913391113,0.9906259179115295,ok,0.6261234283447266,0.8021740913391113,0.9906259179115295,0,128,/home/sienna/projects/experiments/lowp-optimizer-bench/reports/muon_update_fidelity_formal_s0_s1_results/muon-fidelity-formal/fp32_muon_snapshot_s0/muon_momentum_snapshots/update_000128.pt,-4.166364669799805e-05,0.0017687827348709106,0.001659095287322998,-0.0026630759239196777
muon_update_direction_oracle,"[384, 1024]",transformer.h.1.mlp.c_proj.weight,transformer.h.1.mlp.c_proj.weight,int4-dynamic-b2048,4,dynamic,2048,0.02886199951171875,0.23009656369686127,0.9732523560523987,0.9860795736312866,ok,0.6287600994110107,0.8005183935165405,0.9907000660896301,ok,0.6287600994110107,0.8005183935165405,0.9907000660896301,0,128,/home/sienna/projects/experiments/lowp-optimizer-bench/reports/muon_update_fidelity_formal_s0_s1_results/muon-fidelity-formal/fp32_muon_snapshot_s0/muon_momentum_snapshots/update_000128.pt,-2.378225326538086e-05,0.00012895464897155762,3.3974647521972656e-06,-2.6404857635498047e-05
nearest,"[1152, 384]",transformer.h.2.attn.c_attn.weight,transformer.h.2.attn.c_attn.weight,int4-dynamic-b2048,4,dynamic,2048,0.011919939890503883,0.18812669813632965,0.9823302626609802,1.0014190673828125,ok,0.9996792078018188,0.530771017074585,1.0609370470046997,ok,0.9996792078018188,0.530771017074585,1.0609370470046997,0,128,/home/sienna/projects/experiments/lowp-optimizer-bench/reports/muon_update_fidelity_formal_s0_s1_results/muon-fidelity-formal/fp32_muon_snapshot_s0/muon_momentum_snapshots/update_000128.pt,,,,
raw_direction_oracle,"[1152, 384]",transformer.h.2.attn.c_attn.weight,transformer.h.2.attn.c_attn.weight,int4-dynamic-b2048,4,dynamic,2048,0.011904115788638592,0.1909610629081726,0.9827966690063477,1.0313276052474976,ok,0.9950464963912964,0.5356281995773315,1.0619502067565918,ok,0.9950464963912964,0.5356281995773315,1.0619502067565918,0,128,/home/sienna/projects/experiments/lowp-optimizer-bench/reports/muon_update_fidelity_formal_s0_s1_results/muon-fidelity-formal/fp32_muon_snapshot_s0/muon_momentum_snapshots/update_000128.pt,0.00046640634536743164,0.0028343647718429565,0.004857182502746582,-0.004632711410522461
muon_update_direction_oracle,"[1152, 384]",transformer.h.2.attn.c_attn.weight,transformer.h.2.attn.c_attn.weight,int4-dynamic-b2048,4,dynamic,2048,0.011919939890503883,0.18823198974132538,0.9823272824287415,1.0022904872894287,ok,0.9993314743041992,0.5310642123222351,1.0608683824539185,ok,0.9993314743041992,0.5310642123222351,1.0608683824539185,0,128,/home/sienna/projects/experiments/lowp-optimizer-bench/reports/muon_update_fidelity_formal_s0_s1_results/muon-fidelity-formal/fp32_muon_snapshot_s0/muon_momentum_snapshots/update_000128.pt,-2.9802322387695312e-06,0.00010529160499572754,0.0002931952476501465,-0.0003477334976196289
nearest,"[384, 384]",transformer.h.2.attn.c_proj.weight,transformer.h.2.attn.c_proj.weight,int4-dynamic-b2048,4,dynamic,2048,0.01092529296875,0.19244319200515747,0.9815036058425903,1.001091480255127,ok,1.0410451889038086,0.5080124139785767,1.0926934480667114,ok,1.0410451889038086,0.5080124139785767,1.0926934480667114,0,128,/home/sienna/projects/experiments/lowp-optimizer-bench/reports/muon_update_fidelity_formal_s0_s1_results/muon-fidelity-formal/fp32_muon_snapshot_s0/muon_momentum_snapshots/update_000128.pt,,,,
raw_direction_oracle,"[384, 384]",transformer.h.2.attn.c_proj.weight,transformer.h.2.attn.c_proj.weight,int4-dynamic-b2048,4,dynamic,2048,0.010898166336119175,0.19512724876403809,0.9819268584251404,1.029414176940918,ok,1.031818151473999,0.5152819156646729,1.089881181716919,ok,1.031818151473999,0.5152819156646729,1.089881181716919,0,128,/home/sienna/projects/experiments/lowp-optimizer-bench/reports/muon_update_fidelity_formal_s0_s1_results/muon-fidelity-formal/fp32_muon_snapshot_s0/muon_momentum_snapshots/update_000128.pt,0.00042325258255004883,0.0026840567588806152,0.007269501686096191,-0.00922703742980957
muon_update_direction_oracle,"[384, 384]",transformer.h.2.attn.c_proj.weight,transformer.h.2.attn.c_proj.weight,int4-dynamic-b2048,4,dynamic,2048,0.01092529296875,0.19252611696720123,0.9814966917037964,1.0015435218811035,ok,1.0410741567611694,0.5081666707992554,1.0930333137512207,ok,1.0410741567611694,0.5081666707992554,1.0930333137512207,0,128,/home/sienna/projects/experiments/lowp-optimizer-bench/reports/muon_update_fidelity_formal_s0_s1_results/muon-fidelity-formal/fp32_muon_snapshot_s0/muon_momentum_snapshots/update_000128.pt,-6.9141387939453125e-06,8.292496204376221e-05,0.00015425682067871094,2.8967857360839844e-05
nearest,"[1024, 384]",transformer.h.2.mlp.w1.weight,transformer.h.2.mlp.w1.weight,int4-dynamic-b2048,4,dynamic,2048,0.014862060546875,0.19071915745735168,0.9818036556243896,0.9994727969169617,ok,0.5978715419769287,0.8176427483558655,0.978857159614563,ok,0.5978715419769287,0.8176427483558655,0.978857159614563,0,128,/home/sienna/projects/experiments/lowp-optimizer-bench/reports/muon_update_fidelity_formal_s0_s1_results/muon-fidelity-formal/fp32_muon_snapshot_s0/muon_momentum_snapshots/update_000128.pt,,,,
raw_direction_oracle,"[1024, 384]",transformer.h.2.mlp.w1.weight,transformer.h.2.mlp.w1.weight,int4-dynamic-b2048,4,dynamic,2048,0.0148162841796875,0.19363386929035187,0.9821967482566833,1.0291491746902466,ok,0.5929819345474243,0.8206307291984558,0.9789424538612366,ok,0.5929819345474243,0.8206307291984558,0.9789424538612366,0,128,/home/sienna/projects/experiments/lowp-optimizer-bench/reports/muon_update_fidelity_formal_s0_s1_results/muon-fidelity-formal/fp32_muon_snapshot_s0/muon_momentum_snapshots/update_000128.pt,0.00039309263229370117,0.002914711833000183,0.002987980842590332,-0.0048896074295043945
muon_update_direction_oracle,"[1024, 384]",transformer.h.2.mlp.w1.weight,transformer.h.2.mlp.w1.weight,int4-dynamic-b2048,4,dynamic,2048,0.014862060546875,0.1908005028963089,0.9818001389503479,1.0001401901245117,ok,0.5978066325187683,0.817689836025238,0.9789028167724609,ok,0.5978066325187683,0.817689836025238,0.9789028167724609,0,128,/home/sienna/projects/experiments/lowp-optimizer-bench/reports/muon_update_fidelity_formal_s0_s1_results/muon-fidelity-formal/fp32_muon_snapshot_s0/muon_momentum_snapshots/update_000128.pt,-3.516674041748047e-06,8.134543895721436e-05,4.7087669372558594e-05,-6.490945816040039e-05
nearest,"[1024, 384]",transformer.h.2.mlp.w2.weight,transformer.h.2.mlp.w2.weight,int4-dynamic-b2048,4,dynamic,2048,0.014923095703125,0.1913691610097885,0.9817074537277222,1.0009886026382446,ok,0.6043344140052795,0.813325047492981,0.9767800569534302,ok,0.6043344140052795,0.813325047492981,0.9767800569534302,0,128,/home/sienna/projects/experiments/lowp-optimizer-bench/reports/muon_update_fidelity_formal_s0_s1_results/muon-fidelity-formal/fp32_muon_snapshot_s0/muon_momentum_snapshots/update_000128.pt,,,,
raw_direction_oracle,"[1024, 384]",transformer.h.2.mlp.w2.weight,transformer.h.2.mlp.w2.weight,int4-dynamic-b2048,4,dynamic,2048,0.014872233383357525,0.1944388896226883,0.98215252161026,1.0314475297927856,ok,0.5977233052253723,0.8172662258148193,0.9760022759437561,ok,0.5977233052253723,0.8172662258148193,0.9760022759437561,0,128,/home/sienna/projects/experiments/lowp-optimizer-bench/reports/muon_update_fidelity_formal_s0_s1_results/muon-fidelity-formal/fp32_muon_snapshot_s0/muon_momentum_snapshots/update_000128.pt,0.0004450678825378418,0.0030697286128997803,0.003941178321838379,-0.0066111087799072266
muon_update_direction_oracle,"[1024, 384]",transformer.h.2.mlp.w2.weight,transformer.h.2.mlp.w2.weight,int4-dynamic-b2048,4,dynamic,2048,0.014923095703125,0.19161733984947205,0.9816867709159851,1.002328872680664,ok,0.6041830778121948,0.8134072422981262,0.9767124056816101,ok,0.6041830778121948,0.8134072422981262,0.9767124056816101,0,128,/home/sienna/projects/experiments/lowp-optimizer-bench/reports/muon_update_fidelity_formal_s0_s1_results/muon-fidelity-formal/fp32_muon_snapshot_s0/muon_momentum_snapshots/update_000128.pt,-2.0682811737060547e-05,0.0002481788396835327,8.219480514526367e-05,-0.0001513361930847168
nearest,"[384, 1024]",transformer.h.2.mlp.c_proj.weight,transformer.h.2.mlp.c_proj.weight,int4-dynamic-b2048,4,dynamic,2048,0.02690633200109005,0.22534529864788055,0.9743880033493042,0.9889647960662842,ok,0.6540927290916443,0.7820135354995728,0.9804642200469971,ok,0.6540927290916443,0.7820135354995728,0.9804642200469971,0,128,/home/sienna/projects/experiments/lowp-optimizer-bench/reports/muon_update_fidelity_formal_s0_s1_results/muon-fidelity-formal/fp32_muon_snapshot_s0/muon_momentum_snapshots/update_000128.pt,,,,
raw_direction_oracle,"[384, 1024]",transformer.h.2.mlp.c_proj.weight,transformer.h.2.mlp.c_proj.weight,int4-dynamic-b2048,4,dynamic,2048,0.02683258056640625,0.22742019593715668,0.9744814038276672,1.0110019445419312,ok,0.6519831418991089,0.7833696603775024,0.9802202582359314,ok,0.6519831418991089,0.7833696603775024,0.9802202582359314,0,128,/home/sienna/projects/experiments/lowp-optimizer-bench/reports/muon_update_fidelity_formal_s0_s1_results/muon-fidelity-formal/fp32_muon_snapshot_s0/muon_momentum_snapshots/update_000128.pt,9.340047836303711e-05,0.002074897289276123,0.0013561248779296875,-0.0021095871925354004
muon_update_direction_oracle,"[384, 1024]",transformer.h.2.mlp.c_proj.weight,transformer.h.2.mlp.c_proj.weight,int4-dynamic-b2048,4,dynamic,2048,0.02690633200109005,0.22541078925132751,0.9743797779083252,0.9894061088562012,ok,0.6540878415107727,0.7820172309875488,0.9804661870002747,ok,0.6540878415107727,0.7820172309875488,0.9804661870002747,0,128,/home/sienna/projects/experiments/lowp-optimizer-bench/reports/muon_update_fidelity_formal_s0_s1_results/muon-fidelity-formal/fp32_muon_snapshot_s0/muon_momentum_snapshots/update_000128.pt,-8.225440979003906e-06,6.549060344696045e-05,3.6954879760742188e-06,-4.887580871582031e-06
nearest,"[1152, 384]",transformer.h.3.attn.c_attn.weight,transformer.h.3.attn.c_attn.weight,int4-dynamic-b2048,4,dynamic,2048,0.013988353312015533,0.1992122381925583,0.9801352024078369,0.9988548159599304,ok,1.0456722974777222,0.49983224272727966,1.0857185125350952,ok,1.0456722974777222,0.49983224272727966,1.0857185125350952,0,128,/home/sienna/projects/experiments/lowp-optimizer-bench/reports/muon_update_fidelity_formal_s0_s1_results/muon-fidelity-formal/fp32_muon_snapshot_s0/muon_momentum_snapshots/update_000128.pt,,,,
raw_direction_oracle,"[1152, 384]",transformer.h.3.attn.c_attn.weight,transformer.h.3.attn.c_attn.weight,int4-dynamic-b2048,4,dynamic,2048,0.013940881937742233,0.20207001268863678,0.9806027412414551,1.0297341346740723,ok,1.0426225662231445,0.5025374293327332,1.0852943658828735,ok,1.0426225662231445,0.5025374293327332,1.0852943658828735,0,128,/home/sienna/projects/experiments/lowp-optimizer-bench/reports/muon_update_fidelity_formal_s0_s1_results/muon-fidelity-formal/fp32_muon_snapshot_s0/muon_momentum_snapshots/update_000128.pt,0.00046753883361816406,0.002857774496078491,0.002705186605453491,-0.0030497312545776367
muon_update_direction_oracle,"[1152, 384]",transformer.h.3.attn.c_attn.weight,transformer.h.3.attn.c_attn.weight,int4-dynamic-b2048,4,dynamic,2048,0.013988353312015533,0.1993880718946457,0.980127215385437,1.0002495050430298,ok,1.0454198122024536,0.4999498724937439,1.085485816001892,ok,1.0454198122024536,0.4999498724937439,1.085485816001892,0,128,/home/sienna/projects/experiments/lowp-optimizer-bench/reports/muon_update_fidelity_formal_s0_s1_results/muon-fidelity-formal/fp32_muon_snapshot_s0/muon_momentum_snapshots/update_000128.pt,-7.987022399902344e-06,0.00017583370208740234,0.0001176297664642334,-0.0002524852752685547
nearest,"[384, 384]",transformer.h.3.attn.c_proj.weight,transformer.h.3.attn.c_proj.weight,int4-dynamic-b2048,4,dynamic,2048,0.0106947161257267,0.19287696480751038,0.9814065098762512,1.000390648841858,ok,1.0638868808746338,0.4918152987957001,1.1031560897827148,ok,1.0638868808746338,0.4918152987957001,1.1031560897827148,0,128,/home/sienna/projects/experiments/lowp-optimizer-bench/reports/muon_update_fidelity_formal_s0_s1_results/muon-fidelity-formal/fp32_muon_snapshot_s0/muon_momentum_snapshots/update_000128.pt,,,,
raw_direction_oracle,"[384, 384]",transformer.h.3.attn.c_proj.weight,transformer.h.3.attn.c_proj.weight,int4-dynamic-b2048,4,dynamic,2048,0.01068793423473835,0.19588352739810944,0.9819507002830505,1.0329148769378662,ok,1.0602483749389648,0.4959034025669098,1.1042178869247437,ok,1.0602483749389648,0.4959034025669098,1.1042178869247437,0,128,/home/sienna/projects/experiments/lowp-optimizer-bench/reports/muon_update_fidelity_formal_s0_s1_results/muon-fidelity-formal/fp32_muon_snapshot_s0/muon_momentum_snapshots/update_000128.pt,0.0005441904067993164,0.00300656259059906,0.004088103771209717,-0.0036385059356689453
muon_update_direction_oracle,"[384, 384]",transformer.h.3.attn.c_proj.weight,transformer.h.3.attn.c_proj.weight,int4-dynamic-b2048,4,dynamic,2048,0.0106947161257267,0.19302159547805786,0.9813913702964783,1.001050353050232,ok,1.0635088682174683,0.4921276271343231,1.1030619144439697,ok,1.0635088682174683,0.4921276271343231,1.1030619144439697,0,128,/home/sienna/projects/experiments/lowp-optimizer-bench/reports/muon_update_fidelity_formal_s0_s1_results/muon-fidelity-formal/fp32_muon_snapshot_s0/muon_momentum_snapshots/update_000128.pt,-1.5139579772949219e-05,0.00014463067054748535,0.0003123283386230469,-0.00037801265716552734
nearest,"[1024, 384]",transformer.h.3.mlp.w1.weight,transformer.h.3.mlp.w1.weight,int4-dynamic-b2048,4,dynamic,2048,0.014401753433048725,0.18826429545879364,0.9822971224784851,1.0010367631912231,ok,0.660394549369812,0.7732958197593689,0.957977294921875,ok,0.660394549369812,0.7732958197593689,0.957977294921875,0,128,/home/sienna/projects/experiments/lowp-optimizer-bench/reports/muon_update_fidelity_formal_s0_s1_results/muon-fidelity-formal/fp32_muon_snapshot_s0/muon_momentum_snapshots/update_000128.pt,,,,
raw_direction_oracle,"[1024, 384]",transformer.h.3.mlp.w1.weight,transformer.h.3.mlp.w1.weight,int4-dynamic-b2048,4,dynamic,2048,0.014373779296875,0.1912323385477066,0.9827330708503723,1.031045913696289,ok,0.6547481417655945,0.7771270871162415,0.95774245262146,ok,0.6547481417655945,0.7771270871162415,0.95774245262146,0,128,/home/sienna/projects/experiments/lowp-optimizer-bench/reports/muon_update_fidelity_formal_s0_s1_results/muon-fidelity-formal/fp32_muon_snapshot_s0/muon_momentum_snapshots/update_000128.pt,0.00043594837188720703,0.002968043088912964,0.0038312673568725586,-0.005646407604217529
muon_update_direction_oracle,"[1024, 384]",transformer.h.3.mlp.w1.weight,transformer.h.3.mlp.w1.weight,int4-dynamic-b2048,4,dynamic,2048,0.014401753433048725,0.18854181468486786,0.9822657704353333,1.0021179914474487,ok,0.6602225303649902,0.7734102010726929,0.9579558968544006,ok,0.6602225303649902,0.7734102010726929,0.9579558968544006,0,128,/home/sienna/projects/experiments/lowp-optimizer-bench/reports/muon_update_fidelity_formal_s0_s1_results/muon-fidelity-formal/fp32_muon_snapshot_s0/muon_momentum_snapshots/update_000128.pt,-3.135204315185547e-05,0.00027751922607421875,0.00011438131332397461,-0.00017201900482177734
nearest,"[1024, 384]",transformer.h.3.mlp.w2.weight,transformer.h.3.mlp.w2.weight,int4-dynamic-b2048,4,dynamic,2048,0.01482391357421875,0.186259463429451,0.9826787114143372,1.0013866424560547,ok,0.6642619371414185,0.7690818905830383,0.9499980211257935,ok,0.6642619371414185,0.7690818905830383,0.9499980211257935,0,128,/home/sienna/projects/experiments/lowp-optimizer-bench/reports/muon_update_fidelity_formal_s0_s1_results/muon-fidelity-formal/fp32_muon_snapshot_s0/muon_momentum_snapshots/update_000128.pt,,,,
raw_direction_oracle,"[1024, 384]",transformer.h.3.mlp.w2.weight,transformer.h.3.mlp.w2.weight,int4-dynamic-b2048,4,dynamic,2048,0.014783223159611225,0.18956981599330902,0.9831191897392273,1.032718539237976,ok,0.6611998677253723,0.7715080976486206,0.9515355229377747,ok,0.6611998677253723,0.7715080976486206,0.9515355229377747,0,128,/home/sienna/projects/experiments/lowp-optimizer-bench/reports/muon_update_fidelity_formal_s0_s1_results/muon-fidelity-formal/fp32_muon_snapshot_s0/muon_momentum_snapshots/update_000128.pt,0.0004404783248901367,0.0033103525638580322,0.0024262070655822754,-0.0030620694160461426
muon_update_direction_oracle,"[1024, 384]",transformer.h.3.mlp.w2.weight,transformer.h.3.mlp.w2.weight,int4-dynamic-b2048,4,dynamic,2048,0.01482391357421875,0.18667685985565186,0.9826416969299316,1.0034524202346802,ok,0.664279043674469,0.76908278465271,0.9500666260719299,ok,0.664279043674469,0.76908278465271,0.9500666260719299,0,128,/home/sienna/projects/experiments/lowp-optimizer-bench/reports/muon_update_fidelity_formal_s0_s1_results/muon-fidelity-formal/fp32_muon_snapshot_s0/muon_momentum_snapshots/update_000128.pt,-3.701448440551758e-05,0.0004173964262008667,8.940696716308594e-07,1.710653305053711e-05
nearest,"[384, 1024]",transformer.h.3.mlp.c_proj.weight,transformer.h.3.mlp.c_proj.weight,int4-dynamic-b2048,4,dynamic,2048,0.02368927001953125,0.2248932272195816,0.9744868278503418,0.9886738657951355,ok,0.6780974268913269,0.7648319005966187,0.9764540791511536,ok,0.6780974268913269,0.7648319005966187,0.9764540791511536,0,128,/home/sienna/projects/experiments/lowp-optimizer-bench/reports/muon_update_fidelity_formal_s0_s1_results/muon-fidelity-formal/fp32_muon_snapshot_s0/muon_momentum_snapshots/update_000128.pt,,,,
raw_direction_oracle,"[384, 1024]",transformer.h.3.mlp.c_proj.weight,transformer.h.3.mlp.c_proj.weight,int4-dynamic-b2048,4,dynamic,2048,0.02361043356359005,0.2268991470336914,0.9745467901229858,1.0095382928848267,ok,0.674606204032898,0.7670875191688538,0.975694477558136,ok,0.674606204032898,0.7670875191688538,0.975694477558136,0,128,/home/sienna/projects/experiments/lowp-optimizer-bench/reports/muon_update_fidelity_formal_s0_s1_results/muon-fidelity-formal/fp32_muon_snapshot_s0/muon_momentum_snapshots/update_000128.pt,5.996227264404297e-05,0.0020059198141098022,0.0022556185722351074,-0.003491222858428955
muon_update_direction_oracle,"[384, 1024]",transformer.h.3.mlp.c_proj.weight,transformer.h.3.mlp.c_proj.weight,int4-dynamic-b2048,4,dynamic,2048,0.02368927001953125,0.2248932272195816,0.9744868278503418,0.9886738657951355,ok,0.6780974268913269,0.7648319005966187,0.9764540791511536,ok,0.6780974268913269,0.7648319005966187,0.9764540791511536,0,128,/home/sienna/projects/experiments/lowp-optimizer-bench/reports/muon_update_fidelity_formal_s0_s1_results/muon-fidelity-formal/fp32_muon_snapshot_s0/muon_momentum_snapshots/update_000128.pt,0.0,0.0,0.0,0.0
nearest,"[1152, 384]",transformer.h.4.attn.c_attn.weight,transformer.h.4.attn.c_attn.weight,int4-dynamic-b2048,4,dynamic,2048,0.012114347890019417,0.18866375088691711,0.9822260141372681,1.0012487173080444,ok,1.0690823793411255,0.4864058792591095,1.102464199066162,ok,1.0690823793411255,0.4864058792591095,1.102464199066162,0,128,/home/sienna/projects/experiments/lowp-optimizer-bench/reports/muon_update_fidelity_formal_s0_s1_results/muon-fidelity-formal/fp32_muon_snapshot_s0/muon_momentum_snapshots/update_000128.pt,,,,
raw_direction_oracle,"[1152, 384]",transformer.h.4.attn.c_attn.weight,transformer.h.4.attn.c_attn.weight,int4-dynamic-b2048,4,dynamic,2048,0.012096263468265533,0.19169697165489197,0.9827056527137756,1.0322847366333008,ok,1.0649365186691284,0.4901682436466217,1.1020135879516602,ok,1.0649365186691284,0.4901682436466217,1.1020135879516602,0,128,/home/sienna/projects/experiments/lowp-optimizer-bench/reports/muon_update_fidelity_formal_s0_s1_results/muon-fidelity-formal/fp32_muon_snapshot_s0/muon_momentum_snapshots/update_000128.pt,0.00047963857650756836,0.0030332207679748535,0.003762364387512207,-0.00414586067199707
muon_update_direction_oracle,"[1152, 384]",transformer.h.4.attn.c_attn.weight,transformer.h.4.attn.c_attn.weight,int4-dynamic-b2048,4,dynamic,2048,0.012114347890019417,0.18887385725975037,0.9822100400924683,1.0024534463882446,ok,1.068455457687378,0.48697468638420105,1.1023942232131958,ok,1.068455457687378,0.48697468638420105,1.1023942232131958,0,128,/home/sienna/projects/experiments/lowp-optimizer-bench/reports/muon_update_fidelity_formal_s0_s1_results/muon-fidelity-formal/fp32_muon_snapshot_s0/muon_momentum_snapshots/update_000128.pt,-1.5974044799804688e-05,0.00021010637283325195,0.0005688071250915527,-0.0006269216537475586
nearest,"[384, 384]",transformer.h.4.attn.c_proj.weight,transformer.h.4.attn.c_proj.weight,int4-dynamic-b2048,4,dynamic,2048,0.0119764544069767,0.193074032664299,0.9813613295555115,1.000009298324585,ok,1.0856566429138184,0.47572091221809387,1.1120861768722534,ok,1.0856566429138184,0.47572091221809387,1.1120861768722534,0,128,/home/sienna/projects/experiments/lowp-optimizer-bench/reports/muon_update_fidelity_formal_s0_s1_results/muon-fidelity-formal/fp32_muon_snapshot_s0/muon_momentum_snapshots/update_000128.pt,,,,
raw_direction_oracle,"[384, 384]",transformer.h.4.attn.c_proj.weight,transformer.h.4.attn.c_proj.weight,int4-dynamic-b2048,4,dynamic,2048,0.0119764544069767,0.19611330330371857,0.9818136096000671,1.0309902429580688,ok,1.082487940788269,0.4780288338661194,1.1107147932052612,ok,1.082487940788269,0.4780288338661194,1.1107147932052612,0,128,/home/sienna/projects/experiments/lowp-optimizer-bench/reports/muon_update_fidelity_formal_s0_s1_results/muon-fidelity-formal/fp32_muon_snapshot_s0/muon_momentum_snapshots/update_000128.pt,0.00045228004455566406,0.0030392706394195557,0.0023079216480255127,-0.0031687021255493164
muon_update_direction_oracle,"[384, 384]",transformer.h.4.attn.c_proj.weight,transformer.h.4.attn.c_proj.weight,int4-dynamic-b2048,4,dynamic,2048,0.0119764544069767,0.19320616126060486,0.981348991394043,1.0007010698318481,ok,1.085690975189209,0.47589465975761414,1.1124485731124878,ok,1.085690975189209,0.47589465975761414,1.1124485731124878,0,128,/home/sienna/projects/experiments/lowp-optimizer-bench/reports/muon_update_fidelity_formal_s0_s1_results/muon-fidelity-formal/fp32_muon_snapshot_s0/muon_momentum_snapshots/update_000128.pt,-1.233816146850586e-05,0.00013212859630584717,0.00017374753952026367,3.4332275390625e-05
nearest,"[1024, 384]",transformer.h.4.mlp.w1.weight,transformer.h.4.mlp.w1.weight,int4-dynamic-b2048,4,dynamic,2048,0.014834086410701275,0.1885290890932083,0.9822292923927307,1.0000470876693726,ok,0.7095727324485779,0.7339395880699158,0.9392706155776978,ok,0.7095727324485779,0.7339395880699158,0.9392706155776978,0,128,/home/sienna/projects/experiments/lowp-optimizer-bench/reports/muon_update_fidelity_formal_s0_s1_results/muon-fidelity-formal/fp32_muon_snapshot_s0/muon_momentum_snapshots/update_000128.pt,,,,
raw_direction_oracle,"[1024, 384]",transformer.h.4.mlp.w1.weight,transformer.h.4.mlp.w1.weight,int4-dynamic-b2048,4,dynamic,2048,0.01480865478515625,0.1913151890039444,0.9825754165649414,1.0279195308685303,ok,0.705270528793335,0.7372280359268188,0.9394947290420532,ok,0.705270528793335,0.7372280359268188,0.9394947290420532,0,128,/home/sienna/projects/experiments/lowp-optimizer-bench/reports/muon_update_fidelity_formal_s0_s1_results/muon-fidelity-formal/fp32_muon_snapshot_s0/muon_momentum_snapshots/update_000128.pt,0.00034612417221069336,0.002786099910736084,0.003288447856903076,-0.00430220365524292
muon_update_direction_oracle,"[1024, 384]",transformer.h.4.mlp.w1.weight,transformer.h.4.mlp.w1.weight,int4-dynamic-b2048,4,dynamic,2048,0.014834086410701275,0.18867699801921844,0.9822191596031189,1.0010229349136353,ok,0.7095543146133423,0.7339416146278381,0.9392154812812805,ok,0.7095543146133423,0.7339416146278381,0.9392154812812805,0,128,/home/sienna/projects/experiments/lowp-optimizer-bench/reports/muon_update_fidelity_formal_s0_s1_results/muon-fidelity-formal/fp32_muon_snapshot_s0/muon_momentum_snapshots/update_000128.pt,-1.0132789611816406e-05,0.00014790892601013184,2.0265579223632812e-06,-1.8417835235595703e-05
nearest,"[1024, 384]",transformer.h.4.mlp.w2.weight,transformer.h.4.mlp.w2.weight,int4-dynamic-b2048,4,dynamic,2048,0.013682047836482525,0.18941904604434967,0.982067883014679,1.0004199743270874,ok,0.7031899094581604,0.7387339472770691,0.9392435550689697,ok,0.7031899094581604,0.7387339472770691,0.9392435550689697,0,128,/home/sienna/projects/experiments/lowp-optimizer-bench/reports/muon_update_fidelity_formal_s0_s1_results/muon-fidelity-formal/fp32_muon_snapshot_s0/muon_momentum_snapshots/update_000128.pt,,,,
raw_direction_oracle,"[1024, 384]",transformer.h.4.mlp.w2.weight,transformer.h.4.mlp.w2.weight,int4-dynamic-b2048,4,dynamic,2048,0.013654072768986225,0.19251655042171478,0.9824768900871277,1.0306793451309204,ok,0.6992814540863037,0.741970419883728,0.9407537579536438,ok,0.6992814540863037,0.741970419883728,0.9407537579536438,0,128,/home/sienna/projects/experiments/lowp-optimizer-bench/reports/muon_update_fidelity_formal_s0_s1_results/muon-fidelity-formal/fp32_muon_snapshot_s0/muon_momentum_snapshots/update_000128.pt,0.00040900707244873047,0.0030975043773651123,0.0032364726066589355,-0.0039084553718566895
muon_update_direction_oracle,"[1024, 384]",transformer.h.4.mlp.w2.weight,transformer.h.4.mlp.w2.weight,int4-dynamic-b2048,4,dynamic,2048,0.013682047836482525,0.1894715577363968,0.9820632338523865,1.0007128715515137,ok,0.7031731605529785,0.7387441396713257,0.9392322897911072,ok,0.7031731605529785,0.7387441396713257,0.9392322897911072,0,128,/home/sienna/projects/experiments/lowp-optimizer-bench/reports/muon_update_fidelity_formal_s0_s1_results/muon-fidelity-formal/fp32_muon_snapshot_s0/muon_momentum_snapshots/update_000128.pt,-4.649162292480469e-06,5.251169204711914e-05,1.0192394256591797e-05,-1.6748905181884766e-05
nearest,"[384, 1024]",transformer.h.4.mlp.c_proj.weight,transformer.h.4.mlp.c_proj.weight,int4-dynamic-b2048,4,dynamic,2048,0.02276611328125,0.2186562418937683,0.9759155511856079,0.9908065795898438,ok,0.7015201449394226,0.7455574870109558,0.9646153450012207,ok,0.7015201449394226,0.7455574870109558,0.9646153450012207,0,128,/home/sienna/projects/experiments/lowp-optimizer-bench/reports/muon_update_fidelity_formal_s0_s1_results/muon-fidelity-formal/fp32_muon_snapshot_s0/muon_momentum_snapshots/update_000128.pt,,,,
raw_direction_oracle,"[384, 1024]",transformer.h.4.mlp.c_proj.weight,transformer.h.4.mlp.c_proj.weight,int4-dynamic-b2048,4,dynamic,2048,0.0226567592471838,0.22063806653022766,0.976025402545929,1.0121790170669556,ok,0.6982670426368713,0.7479291558265686,0.9646660685539246,ok,0.6982670426368713,0.7479291558265686,0.9646660685539246,0,128,/home/sienna/projects/experiments/lowp-optimizer-bench/reports/muon_update_fidelity_formal_s0_s1_results/muon-fidelity-formal/fp32_muon_snapshot_s0/muon_momentum_snapshots/update_000128.pt,0.00010985136032104492,0.0019818246364593506,0.002371668815612793,-0.0032531023025512695
muon_update_direction_oracle,"[384, 1024]",transformer.h.4.mlp.c_proj.weight,transformer.h.4.mlp.c_proj.weight,int4-dynamic-b2048,4,dynamic,2048,0.02276611328125,0.2187538743019104,0.9759038686752319,0.9914423227310181,ok,0.7013715505599976,0.7456234097480774,0.9644298553466797,ok,0.7013715505599976,0.7456234097480774,0.9644298553466797,0,128,/home/sienna/projects/experiments/lowp-optimizer-bench/reports/muon_update_fidelity_formal_s0_s1_results/muon-fidelity-formal/fp32_muon_snapshot_s0/muon_momentum_snapshots/update_000128.pt,-1.1682510375976562e-05,9.763240814208984e-05,6.592273712158203e-05,-0.00014859437942504883
nearest,"[1152, 384]",transformer.h.5.attn.c_attn.weight,transformer.h.5.attn.c_attn.weight,int4-dynamic-b2048,4,dynamic,2048,0.0118543840944767,0.1879076212644577,0.9823536276817322,1.000462532043457,ok,1.1027865409851074,0.4633308947086334,1.1196948289871216,ok,1.1027865409851074,0.4633308947086334,1.1196948289871216,0,128,/home/sienna/projects/experiments/lowp-optimizer-bench/reports/muon_update_fidelity_formal_s0_s1_results/muon-fidelity-formal/fp32_muon_snapshot_s0/muon_momentum_snapshots/update_000128.pt,,,,
raw_direction_oracle,"[1152, 384]",transformer.h.5.attn.c_attn.weight,transformer.h.5.attn.c_attn.weight,int4-dynamic-b2048,4,dynamic,2048,0.01183403842151165,0.1908995807170868,0.9828002452850342,1.0311635732650757,ok,1.1019772291183472,0.4662814438343048,1.1233752965927124,ok,1.1019772291183472,0.4662814438343048,1.1233752965927124,0,128,/home/sienna/projects/experiments/lowp-optimizer-bench/reports/muon_update_fidelity_formal_s0_s1_results/muon-fidelity-formal/fp32_muon_snapshot_s0/muon_momentum_snapshots/update_000128.pt,0.00044661760330200195,0.0029919594526290894,0.0029505491256713867,-0.0008093118667602539
muon_update_direction_oracle,"[1152, 384]",transformer.h.5.attn.c_attn.weight,transformer.h.5.attn.c_attn.weight,int4-dynamic-b2048,4,dynamic,2048,0.0118543840944767,0.18816743791103363,0.9823285341262817,1.001727819442749,ok,1.102551817893982,0.46360403299331665,1.1197665929794312,ok,1.102551817893982,0.46360403299331665,1.1197665929794312,0,128,/home/sienna/projects/experiments/lowp-optimizer-bench/reports/muon_update_fidelity_formal_s0_s1_results/muon-fidelity-formal/fp32_muon_snapshot_s0/muon_momentum_snapshots/update_000128.pt,-2.5093555450439453e-05,0.00025981664657592773,0.00027313828468322754,-0.00023472309112548828
nearest,"[384, 384]",transformer.h.5.attn.c_proj.weight,transformer.h.5.attn.c_proj.weight,int4-dynamic-b2048,4,dynamic,2048,0.012003581039607525,0.18804751336574554,0.9823280572891235,1.0005069971084595,ok,1.1408507823944092,0.44109806418418884,1.1454477310180664,ok,1.1408507823944092,0.44109806418418884,1.1454477310180664,0,128,/home/sienna/projects/experiments/lowp-optimizer-bench/reports/muon_update_fidelity_formal_s0_s1_results/muon-fidelity-formal/fp32_muon_snapshot_s0/muon_momentum_snapshots/update_000128.pt,,,,
raw_direction_oracle,"[384, 384]",transformer.h.5.attn.c_proj.weight,transformer.h.5.attn.c_proj.weight,int4-dynamic-b2048,4,dynamic,2048,0.011962890625,0.19095709919929504,0.9827962517738342,1.0313023328781128,ok,1.1410635709762573,0.44256454706192017,1.1481772661209106,ok,1.1410635709762573,0.44256454706192017,1.1481772661209106,0,128,/home/sienna/projects/experiments/lowp-optimizer-bench/reports/muon_update_fidelity_formal_s0_s1_results/muon-fidelity-formal/fp32_muon_snapshot_s0/muon_momentum_snapshots/update_000128.pt,0.00046819448471069336,0.0029095858335494995,0.0014664828777313232,0.00021278858184814453
muon_update_direction_oracle,"[384, 384]",transformer.h.5.attn.c_proj.weight,transformer.h.5.attn.c_proj.weight,int4-dynamic-b2048,4,dynamic,2048,0.012003581039607525,0.18804751336574554,0.9823280572891235,1.0005069971084595,ok,1.1408507823944092,0.44109806418418884,1.1454477310180664,ok,1.1408507823944092,0.44109806418418884,1.1454477310180664,0,128,/home/sienna/projects/experiments/lowp-optimizer-bench/reports/muon_update_fidelity_formal_s0_s1_results/muon-fidelity-formal/fp32_muon_snapshot_s0/muon_momentum_snapshots/update_000128.pt,0.0,0.0,0.0,0.0
nearest,"[1024, 384]",transformer.h.5.mlp.w1.weight,transformer.h.5.mlp.w1.weight,int4-dynamic-b2048,4,dynamic,2048,0.01412200927734375,0.1869044303894043,0.9825366735458374,1.000191330909729,ok,0.7494099736213684,0.7002102136611938,0.9280471205711365,ok,0.7494099736213684,0.7002102136611938,0.9280471205711365,0,128,/home/sienna/projects/experiments/lowp-optimizer-bench/reports/muon_update_fidelity_formal_s0_s1_results/muon-fidelity-formal/fp32_muon_snapshot_s0/muon_momentum_snapshots/update_000128.pt,,,,
raw_direction_oracle,"[1024, 384]",transformer.h.5.mlp.w1.weight,transformer.h.5.mlp.w1.weight,int4-dynamic-b2048,4,dynamic,2048,0.014068603515625,0.1898614466190338,0.9829114675521851,1.0294116735458374,ok,0.7442213892936707,0.7046224474906921,0.9290289878845215,ok,0.7442213892936707,0.7046224474906921,0.9290289878845215,0,128,/home/sienna/projects/experiments/lowp-optimizer-bench/reports/muon_update_fidelity_formal_s0_s1_results/muon-fidelity-formal/fp32_muon_snapshot_s0/muon_momentum_snapshots/update_000128.pt,0.00037479400634765625,0.0029570162296295166,0.004412233829498291,-0.005188584327697754
muon_update_direction_oracle,"[1024, 384]",transformer.h.5.mlp.w1.weight,transformer.h.5.mlp.w1.weight,int4-dynamic-b2048,4,dynamic,2048,0.01412200927734375,0.18720054626464844,0.9824950695037842,1.0009591579437256,ok,0.7493743300437927,0.7002540826797485,0.9281086325645447,ok,0.7493743300437927,0.7002540826797485,0.9281086325645447,0,128,/home/sienna/projects/experiments/lowp-optimizer-bench/reports/muon_update_fidelity_formal_s0_s1_results/muon-fidelity-formal/fp32_muon_snapshot_s0/muon_momentum_snapshots/update_000128.pt,-4.1604042053222656e-05,0.0002961158752441406,4.38690185546875e-05,-3.5643577575683594e-05
nearest,"[1024, 384]",transformer.h.5.mlp.w2.weight,transformer.h.5.mlp.w2.weight,int4-dynamic-b2048,4,dynamic,2048,0.014516194351017475,0.18789245188236237,0.9823517203330994,1.000205636024475,ok,0.7453075051307678,0.7032966613769531,0.9271482229232788,ok,0.7453075051307678,0.7032966613769531,0.9271482229232788,0,128,/home/sienna/projects/experiments/lowp-optimizer-bench/reports/muon_update_fidelity_formal_s0_s1_results/muon-fidelity-formal/fp32_muon_snapshot_s0/muon_momentum_snapshots/update_000128.pt,,,,
raw_direction_oracle,"[1024, 384]",transformer.h.5.mlp.w2.weight,transformer.h.5.mlp.w2.weight,int4-dynamic-b2048,4,dynamic,2048,0.014462788589298725,0.19066917896270752,0.9826998710632324,1.028018593788147,ok,0.741998016834259,0.7062028050422668,0.9282014966011047,ok,0.741998016834259,0.7062028050422668,0.9282014966011047,0,128,/home/sienna/projects/experiments/lowp-optimizer-bench/reports/muon_update_fidelity_formal_s0_s1_results/muon-fidelity-formal/fp32_muon_snapshot_s0/muon_momentum_snapshots/update_000128.pt,0.00034815073013305664,0.002776727080345154,0.0029061436653137207,-0.003309488296508789
muon_update_direction_oracle,"[1024, 384]",transformer.h.5.mlp.w2.weight,transformer.h.5.mlp.w2.weight,int4-dynamic-b2048,4,dynamic,2048,0.014516194351017475,0.1879078596830368,0.9823554158210754,1.000563621520996,ok,0.7452297806739807,0.7033409476280212,0.9270724058151245,ok,0.7452297806739807,0.7033409476280212,0.9270724058151245,0,128,/home/sienna/projects/experiments/lowp-optimizer-bench/reports/muon_update_fidelity_formal_s0_s1_results/muon-fidelity-formal/fp32_muon_snapshot_s0/muon_momentum_snapshots/update_000128.pt,3.6954879760742188e-06,1.5407800674438477e-05,4.4286251068115234e-05,-7.772445678710938e-05
nearest,"[384, 1024]",transformer.h.5.mlp.c_proj.weight,transformer.h.5.mlp.c_proj.weight,int4-dynamic-b2048,4,dynamic,2048,0.02860005758702755,0.22857700288295746,0.9735927581787109,0.9850088953971863,ok,0.7389936447143555,0.7151260375976562,0.954952597618103,ok,0.7389936447143555,0.7151260375976562,0.954952597618103,0,128,/home/sienna/projects/experiments/lowp-optimizer-bench/reports/muon_update_fidelity_formal_s0_s1_results/muon-fidelity-formal/fp32_muon_snapshot_s0/muon_momentum_snapshots/update_000128.pt,,,,
raw_direction_oracle,"[384, 1024]",transformer.h.5.mlp.c_proj.weight,transformer.h.5.mlp.c_proj.weight,int4-dynamic-b2048,4,dynamic,2048,0.02852376364171505,0.22987112402915955,0.9735769033432007,0.9998950958251953,ok,0.7383852005004883,0.7156683206558228,0.9552388191223145,ok,0.7383852005004883,0.7156683206558228,0.9552388191223145,0,128,/home/sienna/projects/experiments/lowp-optimizer-bench/reports/muon_update_fidelity_formal_s0_s1_results/muon-fidelity-formal/fp32_muon_snapshot_s0/muon_momentum_snapshots/update_000128.pt,-1.5854835510253906e-05,0.0012941211462020874,0.0005422830581665039,-0.0006084442138671875
muon_update_direction_oracle,"[384, 1024]",transformer.h.5.mlp.c_proj.weight,transformer.h.5.mlp.c_proj.weight,int4-dynamic-b2048,4,dynamic,2048,0.02860005758702755,0.22857700288295746,0.9735927581787109,0.9850088953971863,ok,0.7389936447143555,0.7151260375976562,0.954952597618103,ok,0.7389936447143555,0.7151260375976562,0.954952597618103,0,128,/home/sienna/projects/experiments/lowp-optimizer-bench/reports/muon_update_fidelity_formal_s0_s1_results/muon-fidelity-formal/fp32_muon_snapshot_s0/muon_momentum_snapshots/update_000128.pt,0.0,0.0,0.0,0.0
nearest,"[1152, 384]",transformer.h.0.attn.c_attn.weight,transformer.h.0.attn.c_attn.weight,int4-dynamic-b2048,4,dynamic,2048,0.011693883687257767,0.18279139697551727,0.9833424091339111,1.0027053356170654,ok,0.9103245139122009,0.5891278386116028,1.008367896080017,ok,0.9103245139122009,0.5891278386116028,1.008367896080017,0,512,/home/sienna/projects/experiments/lowp-optimizer-bench/reports/muon_update_fidelity_formal_s0_s1_results/muon-fidelity-formal/fp32_muon_snapshot_s0/muon_momentum_snapshots/update_000512.pt,,,,
raw_direction_oracle,"[1152, 384]",transformer.h.0.attn.c_attn.weight,transformer.h.0.attn.c_attn.weight,int4-dynamic-b2048,4,dynamic,2048,0.011673538945615292,0.18554650247097015,0.983817994594574,1.032042145729065,ok,0.9090081453323364,0.5909197330474854,1.0098252296447754,ok,0.9090081453323364,0.5909197330474854,1.0098252296447754,0,512,/home/sienna/projects/experiments/lowp-optimizer-bench/reports/muon_update_fidelity_formal_s0_s1_results/muon-fidelity-formal/fp32_muon_snapshot_s0/muon_momentum_snapshots/update_000512.pt,0.0004755854606628418,0.002755105495452881,0.0017918944358825684,-0.001316368579864502
muon_update_direction_oracle,"[1152, 384]",transformer.h.0.attn.c_attn.weight,transformer.h.0.attn.c_attn.weight,int4-dynamic-b2048,4,dynamic,2048,0.011693883687257767,0.18288731575012207,0.9833338856697083,1.0031684637069702,ok,0.9101701378822327,0.5892579555511475,1.0083457231521606,ok,0.9101701378822327,0.5892579555511475,1.0083457231521606,0,512,/home/sienna/projects/experiments/lowp-optimizer-bench/reports/muon_update_fidelity_formal_s0_s1_results/muon-fidelity-formal/fp32_muon_snapshot_s0/muon_momentum_snapshots/update_000512.pt,-8.52346420288086e-06,9.591877460479736e-05,0.00013011693954467773,-0.00015437602996826172
nearest,"[384, 384]",transformer.h.0.attn.c_proj.weight,transformer.h.0.attn.c_proj.weight,int4-dynamic-b2048,4,dynamic,2048,0.01036919467151165,0.1914818435907364,0.9816927909851074,1.0013424158096313,ok,0.9624212980270386,0.5591506361961365,1.0479289293289185,ok,0.9624212980270386,0.5591506361961365,1.0479289293289185,0,512,/home/sienna/projects/experiments/lowp-optimizer-bench/reports/muon_update_fidelity_formal_s0_s1_results/muon-fidelity-formal/fp32_muon_snapshot_s0/muon_momentum_snapshots/update_000512.pt,,,,
raw_direction_oracle,"[384, 384]",transformer.h.0.attn.c_proj.weight,transformer.h.0.attn.c_proj.weight,int4-dynamic-b2048,4,dynamic,2048,0.0103624127805233,0.1944839209318161,0.9822407364845276,1.0334357023239136,ok,0.9564761519432068,0.5647768378257751,1.0483256578445435,ok,0.9564761519432068,0.5647768378257751,1.0483256578445435,0,512,/home/sienna/projects/experiments/lowp-optimizer-bench/reports/muon_update_fidelity_formal_s0_s1_results/muon-fidelity-formal/fp32_muon_snapshot_s0/muon_momentum_snapshots/update_000512.pt,0.000547945499420166,0.003002077341079712,0.005626201629638672,-0.005945146083831787
muon_update_direction_oracle,"[384, 384]",transformer.h.0.attn.c_proj.weight,transformer.h.0.attn.c_proj.weight,int4-dynamic-b2048,4,dynamic,2048,0.01036919467151165,0.1915263682603836,0.9816900491714478,1.0016344785690308,ok,0.962445855140686,0.5591595768928528,1.0479964017868042,ok,0.962445855140686,0.5591595768928528,1.0479964017868042,0,512,/home/sienna/projects/experiments/lowp-optimizer-bench/reports/muon_update_fidelity_formal_s0_s1_results/muon-fidelity-formal/fp32_muon_snapshot_s0/muon_momentum_snapshots/update_000512.pt,-2.7418136596679688e-06,4.45246696472168e-05,8.940696716308594e-06,2.4557113647460938e-05
nearest,"[1024, 384]",transformer.h.0.mlp.w1.weight,transformer.h.0.mlp.w1.weight,int4-dynamic-b2048,4,dynamic,2048,0.011617024429142475,0.1873236447572708,0.9824872612953186,1.0017555952072144,ok,0.39399465918540955,0.9231088161468506,1.008907675743103,ok,0.39399465918540955,0.9231088161468506,1.008907675743103,0,512,/home/sienna/projects/experiments/lowp-optimizer-bench/reports/muon_update_fidelity_formal_s0_s1_results/muon-fidelity-formal/fp32_muon_snapshot_s0/muon_momentum_snapshots/update_000512.pt,,,,
raw_direction_oracle,"[1024, 384]",transformer.h.0.mlp.w1.weight,transformer.h.0.mlp.w1.weight,int4-dynamic-b2048,4,dynamic,2048,0.011594136245548725,0.19036449491977692,0.9829877018928528,1.0330209732055664,ok,0.38826918601989746,0.9253832101821899,1.0095672607421875,ok,0.38826918601989746,0.9253832101821899,1.0095672607421875,0,512,/home/sienna/projects/experiments/lowp-optimizer-bench/reports/muon_update_fidelity_formal_s0_s1_results/muon-fidelity-formal/fp32_muon_snapshot_s0/muon_momentum_snapshots/update_000512.pt,0.0005004405975341797,0.0030408501625061035,0.0022743940353393555,-0.005725473165512085
muon_update_direction_oracle,"[1024, 384]",transformer.h.0.mlp.w1.weight,transformer.h.0.mlp.w1.weight,int4-dynamic-b2048,4,dynamic,2048,0.011617024429142475,0.1873786300420761,0.9824897050857544,1.0024070739746094,ok,0.39389750361442566,0.9231424331665039,1.008859395980835,ok,0.39389750361442566,0.9231424331665039,1.008859395980835,0,512,/home/sienna/projects/experiments/lowp-optimizer-bench/reports/muon_update_fidelity_formal_s0_s1_results/muon-fidelity-formal/fp32_muon_snapshot_s0/muon_momentum_snapshots/update_000512.pt,2.4437904357910156e-06,5.498528480529785e-05,3.361701965332031e-05,-9.715557098388672e-05
nearest,"[1024, 384]",transformer.h.0.mlp.w2.weight,transformer.h.0.mlp.w2.weight,int4-dynamic-b2048,4,dynamic,2048,0.01192474365234375,0.18919095396995544,0.9821017384529114,0.9999057054519653,ok,0.39546599984169006,0.9225277900695801,1.0088465213775635,ok,0.39546599984169006,0.9225277900695801,1.0088465213775635,0,512,/home/sienna/projects/experiments/lowp-optimizer-bench/reports/muon_update_fidelity_formal_s0_s1_results/muon-fidelity-formal/fp32_muon_snapshot_s0/muon_momentum_snapshots/update_000512.pt,,,,
raw_direction_oracle,"[1024, 384]",transformer.h.0.mlp.w2.weight,transformer.h.0.mlp.w2.weight,int4-dynamic-b2048,4,dynamic,2048,0.0119171142578125,0.19188734889030457,0.9824861884117126,1.0283104181289673,ok,0.3897000551223755,0.9247370362281799,1.0084316730499268,ok,0.3897000551223755,0.9247370362281799,1.0084316730499268,0,512,/home/sienna/projects/experiments/lowp-optimizer-bench/reports/muon_update_fidelity_formal_s0_s1_results/muon-fidelity-formal/fp32_muon_snapshot_s0/muon_momentum_snapshots/update_000512.pt,0.00038444995880126953,0.002696394920349121,0.0022092461585998535,-0.005765944719314575
muon_update_direction_oracle,"[1024, 384]",transformer.h.0.mlp.w2.weight,transformer.h.0.mlp.w2.weight,int4-dynamic-b2048,4,dynamic,2048,0.01192474365234375,0.1892780065536499,0.9820953011512756,1.0004605054855347,ok,0.3953045606613159,0.9225820899009705,1.0087416172027588,ok,0.3953045606613159,0.9225820899009705,1.0087416172027588,0,512,/home/sienna/projects/experiments/lowp-optimizer-bench/reports/muon_update_fidelity_formal_s0_s1_results/muon-fidelity-formal/fp32_muon_snapshot_s0/muon_momentum_snapshots/update_000512.pt,-6.4373016357421875e-06,8.705258369445801e-05,5.429983139038086e-05,-0.0001614391803741455
nearest,"[384, 1024]",transformer.h.0.mlp.c_proj.weight,transformer.h.0.mlp.c_proj.weight,int4-dynamic-b2048,4,dynamic,2048,0.0186335239559412,0.2206907570362091,0.9754935503005981,0.9925833344459534,ok,0.4812588691711426,0.8858152031898499,1.0134034156799316,ok,0.4812588691711426,0.8858152031898499,1.0134034156799316,0,512,/home/sienna/projects/experiments/lowp-optimizer-bench/reports/muon_update_fidelity_formal_s0_s1_results/muon-fidelity-formal/fp32_muon_snapshot_s0/muon_momentum_snapshots/update_000512.pt,,,,
raw_direction_oracle,"[384, 1024]",transformer.h.0.mlp.c_proj.weight,transformer.h.0.mlp.c_proj.weight,int4-dynamic-b2048,4,dynamic,2048,0.0185546875,0.22308681905269623,0.9757357835769653,1.0184916257858276,ok,0.4773421287536621,0.8876357674598694,1.0131460428237915,ok,0.4773421287536621,0.8876357674598694,1.0131460428237915,0,512,/home/sienna/projects/experiments/lowp-optimizer-bench/reports/muon_update_fidelity_formal_s0_s1_results/muon-fidelity-formal/fp32_muon_snapshot_s0/muon_momentum_snapshots/update_000512.pt,0.0002422332763671875,0.0023960620164871216,0.0018205642700195312,-0.003916740417480469
muon_update_direction_oracle,"[384, 1024]",transformer.h.0.mlp.c_proj.weight,transformer.h.0.mlp.c_proj.weight,int4-dynamic-b2048,4,dynamic,2048,0.0186335239559412,0.22072955965995789,0.975488543510437,0.9927965998649597,ok,0.48122507333755493,0.8858307003974915,1.013399362564087,ok,0.48122507333755493,0.8858307003974915,1.013399362564087,0,512,/home/sienna/projects/experiments/lowp-optimizer-bench/reports/muon_update_fidelity_formal_s0_s1_results/muon-fidelity-formal/fp32_muon_snapshot_s0/muon_momentum_snapshots/update_000512.pt,-5.0067901611328125e-06,3.88026237487793e-05,1.5497207641601562e-05,-3.3795833587646484e-05
nearest,"[1152, 384]",transformer.h.1.attn.c_attn.weight,transformer.h.1.attn.c_attn.weight,int4-dynamic-b2048,4,dynamic,2048,0.011135525070130825,0.18704691529273987,0.9825325608253479,1.0014278888702393,ok,0.9342048764228821,0.5711107850074768,1.0170998573303223,ok,0.9342048764228821,0.5711107850074768,1.0170998573303223,0,512,/home/sienna/projects/experiments/lowp-optimizer-bench/reports/muon_update_fidelity_formal_s0_s1_results/muon-fidelity-formal/fp32_muon_snapshot_s0/muon_momentum_snapshots/update_000512.pt,,,,
raw_direction_oracle,"[1152, 384]",transformer.h.1.attn.c_attn.weight,transformer.h.1.attn.c_attn.weight,int4-dynamic-b2048,4,dynamic,2048,0.01111518032848835,0.1899423450231552,0.9830237030982971,1.0321558713912964,ok,0.9306864142417908,0.5749565362930298,1.0185238122940063,ok,0.9306864142417908,0.5749565362930298,1.0185238122940063,0,512,/home/sienna/projects/experiments/lowp-optimizer-bench/reports/muon_update_fidelity_formal_s0_s1_results/muon-fidelity-formal/fp32_muon_snapshot_s0/muon_momentum_snapshots/update_000512.pt,0.0004911422729492188,0.0028954297304153442,0.0038457512855529785,-0.0035184621810913086
muon_update_direction_oracle,"[1152, 384]",transformer.h.1.attn.c_attn.weight,transformer.h.1.attn.c_attn.weight,int4-dynamic-b2048,4,dynamic,2048,0.011135525070130825,0.18704691529273987,0.9825325608253479,1.0014278888702393,ok,0.9342048764228821,0.5711107850074768,1.0170998573303223,ok,0.9342048764228821,0.5711107850074768,1.0170998573303223,0,512,/home/sienna/projects/experiments/lowp-optimizer-bench/reports/muon_update_fidelity_formal_s0_s1_results/muon-fidelity-formal/fp32_muon_snapshot_s0/muon_momentum_snapshots/update_000512.pt,0.0,0.0,0.0,0.0
nearest,"[384, 384]",transformer.h.1.attn.c_proj.weight,transformer.h.1.attn.c_proj.weight,int4-dynamic-b2048,4,dynamic,2048,0.00952826626598835,0.18442188203334808,0.9830443859100342,1.0027366876602173,ok,0.982739269733429,0.551278293132782,1.0705896615982056,ok,0.982739269733429,0.551278293132782,1.0705896615982056,0,512,/home/sienna/projects/experiments/lowp-optimizer-bench/reports/muon_update_fidelity_formal_s0_s1_results/muon-fidelity-formal/fp32_muon_snapshot_s0/muon_momentum_snapshots/update_000512.pt,,,,
raw_direction_oracle,"[384, 384]",transformer.h.1.attn.c_proj.weight,transformer.h.1.attn.c_proj.weight,int4-dynamic-b2048,4,dynamic,2048,0.0095079205930233,0.1873740553855896,0.9835751056671143,1.0338650941848755,ok,0.9813151359558105,0.5517721772193909,1.0689104795455933,ok,0.9813151359558105,0.5517721772193909,1.0689104795455933,0,512,/home/sienna/projects/experiments/lowp-optimizer-bench/reports/muon_update_fidelity_formal_s0_s1_results/muon-fidelity-formal/fp32_muon_snapshot_s0/muon_momentum_snapshots/update_000512.pt,0.0005307197570800781,0.002952173352241516,0.0004938840866088867,-0.0014241337776184082
muon_update_direction_oracle,"[384, 384]",transformer.h.1.attn.c_proj.weight,transformer.h.1.attn.c_proj.weight,int4-dynamic-b2048,4,dynamic,2048,0.00952826626598835,0.18449710309505463,0.983039140701294,1.003171682357788,ok,0.9826430678367615,0.5513774156570435,1.070611834526062,ok,0.9826430678367615,0.5513774156570435,1.070611834526062,0,512,/home/sienna/projects/experiments/lowp-optimizer-bench/reports/muon_update_fidelity_formal_s0_s1_results/muon-fidelity-formal/fp32_muon_snapshot_s0/muon_momentum_snapshots/update_000512.pt,-5.245208740234375e-06,7.522106170654297e-05,9.912252426147461e-05,-9.620189666748047e-05
nearest,"[1024, 384]",transformer.h.1.mlp.w1.weight,transformer.h.1.mlp.w1.weight,int4-dynamic-b2048,4,dynamic,2048,0.01253509521484375,0.19294606149196625,0.981399416923523,1.000715732574463,ok,0.42246922850608826,0.9116785526275635,1.0098515748977661,ok,0.42246922850608826,0.9116785526275635,1.0098515748977661,0,512,/home/sienna/projects/experiments/lowp-optimizer-bench/reports/muon_update_fidelity_formal_s0_s1_results/muon-fidelity-formal/fp32_muon_snapshot_s0/muon_momentum_snapshots/update_000512.pt,,,,
raw_direction_oracle,"[1024, 384]",transformer.h.1.mlp.w1.weight,transformer.h.1.mlp.w1.weight,int4-dynamic-b2048,4,dynamic,2048,0.012514750473201275,0.1959742307662964,0.9818552732467651,1.0313085317611694,ok,0.4175105392932892,0.9137009382247925,1.0094316005706787,ok,0.4175105392932892,0.9137009382247925,1.0094316005706787,0,512,/home/sienna/projects/experiments/lowp-optimizer-bench/reports/muon_update_fidelity_formal_s0_s1_results/muon-fidelity-formal/fp32_muon_snapshot_s0/muon_momentum_snapshots/update_000512.pt,0.0004558563232421875,0.003028169274330139,0.002022385597229004,-0.004958689212799072
muon_update_direction_oracle,"[1024, 384]",transformer.h.1.mlp.w1.weight,transformer.h.1.mlp.w1.weight,int4-dynamic-b2048,4,dynamic,2048,0.01253509521484375,0.19329744577407837,0.9813621044158936,1.0022295713424683,ok,0.42226672172546387,0.9117354154586792,1.0095646381378174,ok,0.42226672172546387,0.9117354154586792,1.0095646381378174,0,512,/home/sienna/projects/experiments/lowp-optimizer-bench/reports/muon_update_fidelity_formal_s0_s1_results/muon-fidelity-formal/fp32_muon_snapshot_s0/muon_momentum_snapshots/update_000512.pt,-3.731250762939453e-05,0.0003513842821121216,5.6862831115722656e-05,-0.00020250678062438965
nearest,"[1024, 384]",transformer.h.1.mlp.w2.weight,transformer.h.1.mlp.w2.weight,int4-dynamic-b2048,4,dynamic,2048,0.013163249008357525,0.19391146302223206,0.9811937212944031,0.9997068047523499,ok,0.42941802740097046,0.9086720943450928,1.0090957880020142,ok,0.42941802740097046,0.9086720943450928,1.0090957880020142,0,512,/home/sienna/projects/experiments/lowp-optimizer-bench/reports/muon_update_fidelity_formal_s0_s1_results/muon-fidelity-formal/fp32_muon_snapshot_s0/muon_momentum_snapshots/update_000512.pt,,,,
raw_direction_oracle,"[1024, 384]",transformer.h.1.mlp.w2.weight,transformer.h.1.mlp.w2.weight,int4-dynamic-b2048,4,dynamic,2048,0.013094584457576275,0.19687899947166443,0.9816562533378601,1.030752182006836,ok,0.4233180284500122,0.9112371802330017,1.0089678764343262,ok,0.4233180284500122,0.9112371802330017,1.0089678764343262,0,512,/home/sienna/projects/experiments/lowp-optimizer-bench/reports/muon_update_fidelity_formal_s0_s1_results/muon-fidelity-formal/fp32_muon_snapshot_s0/muon_momentum_snapshots/update_000512.pt,0.00046253204345703125,0.002967536449432373,0.0025650858879089355,-0.006099998950958252
muon_update_direction_oracle,"[1024, 384]",transformer.h.1.mlp.w2.weight,transformer.h.1.mlp.w2.weight,int4-dynamic-b2048,4,dynamic,2048,0.013163249008357525,0.1940082311630249,0.9811902046203613,1.0005173683166504,ok,0.4292986989021301,0.9087110161781311,1.0089749097824097,ok,0.4292986989021301,0.9087110161781311,1.0089749097824097,0,512,/home/sienna/projects/experiments/lowp-optimizer-bench/reports/muon_update_fidelity_formal_s0_s1_results/muon-fidelity-formal/fp32_muon_snapshot_s0/muon_momentum_snapshots/update_000512.pt,-3.516674041748047e-06,9.676814079284668e-05,3.892183303833008e-05,-0.00011932849884033203
nearest,"[384, 1024]",transformer.h.1.mlp.c_proj.weight,transformer.h.1.mlp.c_proj.weight,int4-dynamic-b2048,4,dynamic,2048,0.0230280552059412,0.22540190815925598,0.974359929561615,0.9878990054130554,ok,0.4987706243991852,0.877365231513977,1.013533592224121,ok,0.4987706243991852,0.877365231513977,1.013533592224121,0,512,/home/sienna/projects/experiments/lowp-optimizer-bench/reports/muon_update_fidelity_formal_s0_s1_results/muon-fidelity-formal/fp32_muon_snapshot_s0/muon_momentum_snapshots/update_000512.pt,,,,
raw_direction_oracle,"[384, 1024]",transformer.h.1.mlp.c_proj.weight,transformer.h.1.mlp.c_proj.weight,int4-dynamic-b2048,4,dynamic,2048,0.0229771938174963,0.22733159363269806,0.9744290113449097,1.0089460611343384,ok,0.4960305392742157,0.8786181211471558,1.012841820716858,ok,0.4960305392742157,0.8786181211471558,1.012841820716858,0,512,/home/sienna/projects/experiments/lowp-optimizer-bench/reports/muon_update_fidelity_formal_s0_s1_results/muon-fidelity-formal/fp32_muon_snapshot_s0/muon_momentum_snapshots/update_000512.pt,6.908178329467773e-05,0.0019296854734420776,0.001252889633178711,-0.0027400851249694824
muon_update_direction_oracle,"[384, 1024]",transformer.h.1.mlp.c_proj.weight,transformer.h.1.mlp.c_proj.weight,int4-dynamic-b2048,4,dynamic,2048,0.0230280552059412,0.22540190815925598,0.974359929561615,0.9878990054130554,ok,0.4987706243991852,0.877365231513977,1.013533592224121,ok,0.4987706243991852,0.877365231513977,1.013533592224121,0,512,/home/sienna/projects/experiments/lowp-optimizer-bench/reports/muon_update_fidelity_formal_s0_s1_results/muon-fidelity-formal/fp32_muon_snapshot_s0/muon_momentum_snapshots/update_000512.pt,0.0,0.0,0.0,0.0
nearest,"[1152, 384]",transformer.h.2.attn.c_attn.weight,transformer.h.2.attn.c_attn.weight,int4-dynamic-b2048,4,dynamic,2048,0.01300048828125,0.19258621335029602,0.9814493060112,0.9996767044067383,ok,0.9936102628707886,0.5304049253463745,1.048662543296814,ok,0.9936102628707886,0.5304049253463745,1.048662543296814,0,512,/home/sienna/projects/experiments/lowp-optimizer-bench/reports/muon_update_fidelity_formal_s0_s1_results/muon-fidelity-formal/fp32_muon_snapshot_s0/muon_momentum_snapshots/update_000512.pt,,,,
raw_direction_oracle,"[1152, 384]",transformer.h.2.attn.c_attn.weight,transformer.h.2.attn.c_attn.weight,int4-dynamic-b2048,4,dynamic,2048,0.012968840077519417,0.1954764425754547,0.9819804430007935,1.0319477319717407,ok,0.9900609850883484,0.5336259007453918,1.048385500907898,ok,0.9900609850883484,0.5336259007453918,1.048385500907898,0,512,/home/sienna/projects/experiments/lowp-optimizer-bench/reports/muon_update_fidelity_formal_s0_s1_results/muon-fidelity-formal/fp32_muon_snapshot_s0/muon_momentum_snapshots/update_000512.pt,0.0005311369895935059,0.0028902292251586914,0.003220975399017334,-0.0035492777824401855
muon_update_direction_oracle,"[1152, 384]",transformer.h.2.attn.c_attn.weight,transformer.h.2.attn.c_attn.weight,int4-dynamic-b2048,4,dynamic,2048,0.01300048828125,0.19272154569625854,0.9814395308494568,1.0005521774291992,ok,0.9934789538383484,0.5305374264717102,1.0486787557601929,ok,0.9934789538383484,0.5305374264717102,1.0486787557601929,0,512,/home/sienna/projects/experiments/lowp-optimizer-bench/reports/muon_update_fidelity_formal_s0_s1_results/muon-fidelity-formal/fp32_muon_snapshot_s0/muon_momentum_snapshots/update_000512.pt,-9.775161743164062e-06,0.00013533234596252441,0.00013250112533569336,-0.00013130903244018555
nearest,"[384, 384]",transformer.h.2.attn.c_proj.weight,transformer.h.2.attn.c_proj.weight,int4-dynamic-b2048,4,dynamic,2048,0.010294596664607525,0.19195111095905304,0.9816052317619324,1.001456379890442,ok,1.0201685428619385,0.5213276147842407,1.0803680419921875,ok,1.0201685428619385,0.5213276147842407,1.0803680419921875,0,512,/home/sienna/projects/experiments/lowp-optimizer-bench/reports/muon_update_fidelity_formal_s0_s1_results/muon-fidelity-formal/fp32_muon_snapshot_s0/muon_momentum_snapshots/update_000512.pt,,,,
raw_direction_oracle,"[384, 384]",transformer.h.2.attn.c_proj.weight,transformer.h.2.attn.c_proj.weight,int4-dynamic-b2048,4,dynamic,2048,0.010287814773619175,0.1950499266386032,0.9821673631668091,1.0341018438339233,ok,1.0168235301971436,0.5247983336448669,1.0809847116470337,ok,1.0168235301971436,0.5247983336448669,1.0809847116470337,0,512,/home/sienna/projects/experiments/lowp-optimizer-bench/reports/muon_update_fidelity_formal_s0_s1_results/muon-fidelity-formal/fp32_muon_snapshot_s0/muon_momentum_snapshots/update_000512.pt,0.000562131404876709,0.003098815679550171,0.0034707188606262207,-0.003345012664794922
muon_update_direction_oracle,"[384, 384]",transformer.h.2.attn.c_proj.weight,transformer.h.2.attn.c_proj.weight,int4-dynamic-b2048,4,dynamic,2048,0.010294596664607525,0.19208182394504547,0.9815911650657654,1.0020005702972412,ok,1.0199309587478638,0.5214908719062805,1.0802499055862427,ok,1.0199309587478638,0.5214908719062805,1.0802499055862427,0,512,/home/sienna/projects/experiments/lowp-optimizer-bench/reports/muon_update_fidelity_formal_s0_s1_results/muon-fidelity-formal/fp32_muon_snapshot_s0/muon_momentum_snapshots/update_000512.pt,-1.4066696166992188e-05,0.00013071298599243164,0.00016325712203979492,-0.00023758411407470703
nearest,"[1024, 384]",transformer.h.2.mlp.w1.weight,transformer.h.2.mlp.w1.weight,int4-dynamic-b2048,4,dynamic,2048,0.012537638656795025,0.1899770200252533,0.9819629192352295,1.000467300415039,ok,0.44784051179885864,0.9004074931144714,1.0066847801208496,ok,0.44784051179885864,0.9004074931144714,1.0066847801208496,0,512,/home/sienna/projects/experiments/lowp-optimizer-bench/reports/muon_update_fidelity_formal_s0_s1_results/muon-fidelity-formal/fp32_muon_snapshot_s0/muon_momentum_snapshots/update_000512.pt,,,,
raw_direction_oracle,"[1024, 384]",transformer.h.2.mlp.w1.weight,transformer.h.2.mlp.w1.weight,int4-dynamic-b2048,4,dynamic,2048,0.0124969482421875,0.1929524540901184,0.982405960559845,1.0309051275253296,ok,0.442231148481369,0.9029481410980225,1.0072721242904663,ok,0.442231148481369,0.9029481410980225,1.0072721242904663,0,512,/home/sienna/projects/experiments/lowp-optimizer-bench/reports/muon_update_fidelity_formal_s0_s1_results/muon-fidelity-formal/fp32_muon_snapshot_s0/muon_momentum_snapshots/update_000512.pt,0.0004430413246154785,0.0029754340648651123,0.0025406479835510254,-0.005609363317489624
muon_update_direction_oracle,"[1024, 384]",transformer.h.2.mlp.w1.weight,transformer.h.2.mlp.w1.weight,int4-dynamic-b2048,4,dynamic,2048,0.012537638656795025,0.19009101390838623,0.9819526076316833,1.0010701417922974,ok,0.44780126214027405,0.9004194140434265,1.0066324472427368,ok,0.44780126214027405,0.9004194140434265,1.0066324472427368,0,512,/home/sienna/projects/experiments/lowp-optimizer-bench/reports/muon_update_fidelity_formal_s0_s1_results/muon-fidelity-formal/fp32_muon_snapshot_s0/muon_momentum_snapshots/update_000512.pt,-1.0311603546142578e-05,0.00011399388313293457,1.1920928955078125e-05,-3.9249658584594727e-05
nearest,"[1024, 384]",transformer.h.2.mlp.w2.weight,transformer.h.2.mlp.w2.weight,int4-dynamic-b2048,4,dynamic,2048,0.013242085464298725,0.19216246902942657,0.9815061092376709,0.9982569813728333,ok,0.46622800827026367,0.8916313648223877,1.0028748512268066,ok,0.46622800827026367,0.8916313648223877,1.0028748512268066,0,512,/home/sienna/projects/experiments/lowp-optimizer-bench/reports/muon_update_fidelity_formal_s0_s1_results/muon-fidelity-formal/fp32_muon_snapshot_s0/muon_momentum_snapshots/update_000512.pt,,,,
raw_direction_oracle,"[1024, 384]",transformer.h.2.mlp.w2.weight,transformer.h.2.mlp.w2.weight,int4-dynamic-b2048,4,dynamic,2048,0.01320648193359375,0.1948208063840866,0.9818214178085327,1.0257353782653809,ok,0.46183449029922485,0.8937039375305176,1.0032379627227783,ok,0.46183449029922485,0.8937039375305176,1.0032379627227783,0,512,/home/sienna/projects/experiments/lowp-optimizer-bench/reports/muon_update_fidelity_formal_s0_s1_results/muon-fidelity-formal/fp32_muon_snapshot_s0/muon_momentum_snapshots/update_000512.pt,0.0003153085708618164,0.002658337354660034,0.002072572708129883,-0.004393517971038818
muon_update_direction_oracle,"[1024, 384]",transformer.h.2.mlp.w2.weight,transformer.h.2.mlp.w2.weight,int4-dynamic-b2048,4,dynamic,2048,0.013242085464298725,0.19223584234714508,0.9815027713775635,0.9988899827003479,ok,0.4661749303340912,0.8916522860527039,1.0028411149978638,ok,0.4661749303340912,0.8916522860527039,1.0028411149978638,0,512,/home/sienna/projects/experiments/lowp-optimizer-bench/reports/muon_update_fidelity_formal_s0_s1_results/muon-fidelity-formal/fp32_muon_snapshot_s0/muon_momentum_snapshots/update_000512.pt,-3.337860107421875e-06,7.337331771850586e-05,2.092123031616211e-05,-5.307793617248535e-05
nearest,"[384, 1024]",transformer.h.2.mlp.c_proj.weight,transformer.h.2.mlp.c_proj.weight,int4-dynamic-b2048,4,dynamic,2048,0.01970418356359005,0.22241385281085968,0.9750738739967346,0.990470290184021,ok,0.48381128907203674,0.8845973610877991,1.0133843421936035,ok,0.48381128907203674,0.8845973610877991,1.0133843421936035,0,512,/home/sienna/projects/experiments/lowp-optimizer-bench/reports/muon_update_fidelity_formal_s0_s1_results/muon-fidelity-formal/fp32_muon_snapshot_s0/muon_momentum_snapshots/update_000512.pt,,,,
raw_direction_oracle,"[384, 1024]",transformer.h.2.mlp.c_proj.weight,transformer.h.2.mlp.c_proj.weight,int4-dynamic-b2048,4,dynamic,2048,0.0196355190128088,0.22461587190628052,0.9752532243728638,1.0148943662643433,ok,0.480220228433609,0.8862190246582031,1.0126934051513672,ok,0.480220228433609,0.8862190246582031,1.0126934051513672,0,512,/home/sienna/projects/experiments/lowp-optimizer-bench/reports/muon_update_fidelity_formal_s0_s1_results/muon-fidelity-formal/fp32_muon_snapshot_s0/muon_momentum_snapshots/update_000512.pt,0.0001793503761291504,0.0022020190954208374,0.0016216635704040527,-0.0035910606384277344
muon_update_direction_oracle,"[384, 1024]",transformer.h.2.mlp.c_proj.weight,transformer.h.2.mlp.c_proj.weight,int4-dynamic-b2048,4,dynamic,2048,0.01970418356359005,0.22241385281085968,0.9750738739967346,0.990470290184021,ok,0.48381128907203674,0.8845973610877991,1.0133843421936035,ok,0.48381128907203674,0.8845973610877991,1.0133843421936035,0,512,/home/sienna/projects/experiments/lowp-optimizer-bench/reports/muon_update_fidelity_formal_s0_s1_results/muon-fidelity-formal/fp32_muon_snapshot_s0/muon_momentum_snapshots/update_000512.pt,0.0,0.0,0.0,0.0
nearest,"[1152, 384]",transformer.h.3.attn.c_attn.weight,transformer.h.3.attn.c_attn.weight,int4-dynamic-b2048,4,dynamic,2048,0.0134412981569767,0.19100700318813324,0.9817928671836853,1.001814842224121,ok,1.0144671201705933,0.5183278322219849,1.0640450716018677,ok,1.0144671201705933,0.5183278322219849,1.0640450716018677,0,512,/home/sienna/projects/experiments/lowp-optimizer-bench/reports/muon_update_fidelity_formal_s0_s1_results/muon-fidelity-formal/fp32_muon_snapshot_s0/muon_momentum_snapshots/update_000512.pt,,,,
raw_direction_oracle,"[1152, 384]",transformer.h.3.attn.c_attn.weight,transformer.h.3.attn.c_attn.weight,int4-dynamic-b2048,4,dynamic,2048,0.013400607742369175,0.19394637644290924,0.9823049902915955,1.0326862335205078,ok,1.0084891319274902,0.5235612988471985,1.0631599426269531,ok,1.0084891319274902,0.5235612988471985,1.0631599426269531,0,512,/home/sienna/projects/experiments/lowp-optimizer-bench/reports/muon_update_fidelity_formal_s0_s1_results/muon-fidelity-formal/fp32_muon_snapshot_s0/muon_momentum_snapshots/update_000512.pt,0.0005121231079101562,0.002939373254776001,0.005233466625213623,-0.005977988243103027
muon_update_direction_oracle,"[1152, 384]",transformer.h.3.attn.c_attn.weight,transformer.h.3.attn.c_attn.weight,int4-dynamic-b2048,4,dynamic,2048,0.0134412981569767,0.19105258584022522,0.9817900657653809,1.0021108388900757,ok,1.0143580436706543,0.5184016227722168,1.0639859437942505,ok,1.0143580436706543,0.5184016227722168,1.0639859437942505,0,512,/home/sienna/projects/experiments/lowp-optimizer-bench/reports/muon_update_fidelity_formal_s0_s1_results/muon-fidelity-formal/fp32_muon_snapshot_s0/muon_momentum_snapshots/update_000512.pt,-2.8014183044433594e-06,4.558265209197998e-05,7.37905502319336e-05,-0.00010907649993896484
nearest,"[384, 384]",transformer.h.3.attn.c_proj.weight,transformer.h.3.attn.c_proj.weight,int4-dynamic-b2048,4,dynamic,2048,0.010538737289607525,0.19435064494609833,0.9811253547668457,1.0006059408187866,ok,1.0279788970947266,0.5151088833808899,1.0826280117034912,ok,1.0279788970947266,0.5151088833808899,1.0826280117034912,0,512,/home/sienna/projects/experiments/lowp-optimizer-bench/reports/muon_update_fidelity_formal_s0_s1_results/muon-fidelity-formal/fp32_muon_snapshot_s0/muon_momentum_snapshots/update_000512.pt,,,,
raw_direction_oracle,"[384, 384]",transformer.h.3.attn.c_proj.weight,transformer.h.3.attn.c_proj.weight,int4-dynamic-b2048,4,dynamic,2048,0.010498046875,0.19735050201416016,0.9816398024559021,1.032275676727295,ok,1.0241910219192505,0.5190256834030151,1.0832552909851074,ok,1.0241910219192505,0.5190256834030151,1.0832552909851074,0,512,/home/sienna/projects/experiments/lowp-optimizer-bench/reports/muon_update_fidelity_formal_s0_s1_results/muon-fidelity-formal/fp32_muon_snapshot_s0/muon_momentum_snapshots/update_000512.pt,0.0005144476890563965,0.0029998570680618286,0.003916800022125244,-0.0037878751754760742
muon_update_direction_oracle,"[384, 384]",transformer.h.3.attn.c_proj.weight,transformer.h.3.attn.c_proj.weight,int4-dynamic-b2048,4,dynamic,2048,0.010538737289607525,0.194464311003685,0.9811200499534607,1.0014426708221436,ok,1.0273925065994263,0.5155510902404785,1.082409143447876,ok,1.0273925065994263,0.5155510902404785,1.082409143447876,0,512,/home/sienna/projects/experiments/lowp-optimizer-bench/reports/muon_update_fidelity_formal_s0_s1_results/muon-fidelity-formal/fp32_muon_snapshot_s0/muon_momentum_snapshots/update_000512.pt,-5.304813385009766e-06,0.00011366605758666992,0.00044220685958862305,-0.000586390495300293
nearest,"[1024, 384]",transformer.h.3.mlp.w1.weight,transformer.h.3.mlp.w1.weight,int4-dynamic-b2048,4,dynamic,2048,0.0125274658203125,0.19281800091266632,0.9814164042472839,1.0003082752227783,ok,0.4788014888763428,0.8854784965515137,1.000903844833374,ok,0.4788014888763428,0.8854784965515137,1.000903844833374,0,512,/home/sienna/projects/experiments/lowp-optimizer-bench/reports/muon_update_fidelity_formal_s0_s1_results/muon-fidelity-formal/fp32_muon_snapshot_s0/muon_momentum_snapshots/update_000512.pt,,,,
raw_direction_oracle,"[1024, 384]",transformer.h.3.mlp.w1.weight,transformer.h.3.mlp.w1.weight,int4-dynamic-b2048,4,dynamic,2048,0.012502034194767475,0.19588996469974518,0.9819076061248779,1.0320605039596558,ok,0.47347554564476013,0.8880079984664917,1.0008676052093506,ok,0.47347554564476013,0.8880079984664917,1.0008676052093506,0,512,/home/sienna/projects/experiments/lowp-optimizer-bench/reports/muon_update_fidelity_formal_s0_s1_results/muon-fidelity-formal/fp32_muon_snapshot_s0/muon_momentum_snapshots/update_000512.pt,0.0004912018775939941,0.0030719637870788574,0.0025295019149780273,-0.005325943231582642
muon_update_direction_oracle,"[1024, 384]",transformer.h.3.mlp.w1.weight,transformer.h.3.mlp.w1.weight,int4-dynamic-b2048,4,dynamic,2048,0.0125274658203125,0.1932334303855896,0.9813807010650635,1.0025233030319214,ok,0.47853273153305054,0.8855738043785095,1.000616431236267,ok,0.47853273153305054,0.8855738043785095,1.000616431236267,0,512,/home/sienna/projects/experiments/lowp-optimizer-bench/reports/muon_update_fidelity_formal_s0_s1_results/muon-fidelity-formal/fp32_muon_snapshot_s0/muon_momentum_snapshots/update_000512.pt,-3.5703182220458984e-05,0.0004154294729232788,9.530782699584961e-05,-0.00026875734329223633
nearest,"[1024, 384]",transformer.h.3.mlp.w2.weight,transformer.h.3.mlp.w2.weight,int4-dynamic-b2048,4,dynamic,2048,0.013341267593204975,0.19145332276821136,0.98166424036026,0.9995197057723999,ok,0.4806923568248749,0.8844954371452332,1.0002412796020508,ok,0.4806923568248749,0.8844954371452332,1.0002412796020508,0,512,/home/sienna/projects/experiments/lowp-optimizer-bench/reports/muon_update_fidelity_formal_s0_s1_results/muon-fidelity-formal/fp32_muon_snapshot_s0/muon_momentum_snapshots/update_000512.pt,,,,
raw_direction_oracle,"[1024, 384]",transformer.h.3.mlp.w2.weight,transformer.h.3.mlp.w2.weight,int4-dynamic-b2048,4,dynamic,2048,0.013287861831486225,0.19418108463287354,0.9820407032966614,1.027979850769043,ok,0.47487854957580566,0.8872452974319458,1.0000003576278687,ok,0.47487854957580566,0.8872452974319458,1.0000003576278687,0,512,/home/sienna/projects/experiments/lowp-optimizer-bench/reports/muon_update_fidelity_formal_s0_s1_results/muon-fidelity-formal/fp32_muon_snapshot_s0/muon_momentum_snapshots/update_000512.pt,0.0003764629364013672,0.0027277618646621704,0.0027498602867126465,-0.005813807249069214
muon_update_direction_oracle,"[1024, 384]",transformer.h.3.mlp.w2.weight,transformer.h.3.mlp.w2.weight,int4-dynamic-b2048,4,dynamic,2048,0.013341267593204975,0.19213862717151642,0.9815903306007385,1.002489447593689,ok,0.48043614625930786,0.8846080303192139,1.0001516342163086,ok,0.48043614625930786,0.8846080303192139,1.0001516342163086,0,512,/home/sienna/projects/experiments/lowp-optimizer-bench/reports/muon_update_fidelity_formal_s0_s1_results/muon-fidelity-formal/fp32_muon_snapshot_s0/muon_momentum_snapshots/update_000512.pt,-7.390975952148438e-05,0.0006853044033050537,0.00011259317398071289,-0.0002562105655670166
nearest,"[384, 1024]",transformer.h.3.mlp.c_proj.weight,transformer.h.3.mlp.c_proj.weight,int4-dynamic-b2048,4,dynamic,2048,0.01885986328125,0.22237877547740936,0.9750947952270508,0.9912931323051453,ok,0.4880111515522003,0.8825945854187012,1.013468623161316,ok,0.4880111515522003,0.8825945854187012,1.013468623161316,0,512,/home/sienna/projects/experiments/lowp-optimizer-bench/reports/muon_update_fidelity_formal_s0_s1_results/muon-fidelity-formal/fp32_muon_snapshot_s0/muon_momentum_snapshots/update_000512.pt,,,,
raw_direction_oracle,"[384, 1024]",transformer.h.3.mlp.c_proj.weight,transformer.h.3.mlp.c_proj.weight,int4-dynamic-b2048,4,dynamic,2048,0.01883697509765625,0.22473321855068207,0.9753015041351318,1.0167478322982788,ok,0.4842633903026581,0.8844068646430969,1.0135828256607056,ok,0.4842633903026581,0.8844068646430969,1.0135828256607056,0,512,/home/sienna/projects/experiments/lowp-optimizer-bench/reports/muon_update_fidelity_formal_s0_s1_results/muon-fidelity-formal/fp32_muon_snapshot_s0/muon_momentum_snapshots/update_000512.pt,0.0002067089080810547,0.002354443073272705,0.001812279224395752,-0.0037477612495422363
muon_update_direction_oracle,"[384, 1024]",transformer.h.3.mlp.c_proj.weight,transformer.h.3.mlp.c_proj.weight,int4-dynamic-b2048,4,dynamic,2048,0.01885986328125,0.22241459786891937,0.9750932455062866,0.9916841983795166,ok,0.487971693277359,0.8826060891151428,1.013409972190857,ok,0.487971693277359,0.8826060891151428,1.013409972190857,0,512,/home/sienna/projects/experiments/lowp-optimizer-bench/reports/muon_update_fidelity_formal_s0_s1_results/muon-fidelity-formal/fp32_muon_snapshot_s0/muon_momentum_snapshots/update_000512.pt,-1.5497207641601562e-06,3.5822391510009766e-05,1.150369644165039e-05,-3.9458274841308594e-05
nearest,"[1152, 384]",transformer.h.4.attn.c_attn.weight,transformer.h.4.attn.c_attn.weight,int4-dynamic-b2048,4,dynamic,2048,0.011974193155765533,0.18745452165603638,0.9824716448783875,1.0022096633911133,ok,1.0014960765838623,0.5299391150474548,1.0626959800720215,ok,1.0014960765838623,0.5299391150474548,1.0626959800720215,0,512,/home/sienna/projects/experiments/lowp-optimizer-bench/reports/muon_update_fidelity_formal_s0_s1_results/muon-fidelity-formal/fp32_muon_snapshot_s0/muon_momentum_snapshots/update_000512.pt,,,,
raw_direction_oracle,"[1152, 384]",transformer.h.4.attn.c_attn.weight,transformer.h.4.attn.c_attn.weight,int4-dynamic-b2048,4,dynamic,2048,0.011953848414123058,0.19039691984653473,0.9830002784729004,1.033403754234314,ok,0.9989845156669617,0.5323438048362732,1.0627777576446533,ok,0.9989845156669617,0.5323438048362732,1.0627777576446533,0,512,/home/sienna/projects/experiments/lowp-optimizer-bench/reports/muon_update_fidelity_formal_s0_s1_results/muon-fidelity-formal/fp32_muon_snapshot_s0/muon_momentum_snapshots/update_000512.pt,0.0005286335945129395,0.002942398190498352,0.0024046897888183594,-0.0025115609169006348
muon_update_direction_oracle,"[1152, 384]",transformer.h.4.attn.c_attn.weight,transformer.h.4.attn.c_attn.weight,int4-dynamic-b2048,4,dynamic,2048,0.011974193155765533,0.18754594027996063,0.9824645519256592,1.002710223197937,ok,1.0013959407806396,0.5299873352050781,1.0626040697097778,ok,1.0013959407806396,0.5299873352050781,1.0626040697097778,0,512,/home/sienna/projects/experiments/lowp-optimizer-bench/reports/muon_update_fidelity_formal_s0_s1_results/muon-fidelity-formal/fp32_muon_snapshot_s0/muon_momentum_snapshots/update_000512.pt,-7.092952728271484e-06,9.141862392425537e-05,4.8220157623291016e-05,-0.00010013580322265625
nearest,"[384, 384]",transformer.h.4.attn.c_proj.weight,transformer.h.4.attn.c_proj.weight,int4-dynamic-b2048,4,dynamic,2048,0.00958251953125,0.18666714429855347,0.9826241731643677,1.0024950504302979,ok,1.0198007822036743,0.5229565501213074,1.0828468799591064,ok,1.0198007822036743,0.5229565501213074,1.0828468799591064,0,512,/home/sienna/projects/experiments/lowp-optimizer-bench/reports/muon_update_fidelity_formal_s0_s1_results/muon-fidelity-formal/fp32_muon_snapshot_s0/muon_momentum_snapshots/update_000512.pt,,,,
raw_direction_oracle,"[384, 384]",transformer.h.4.attn.c_proj.weight,transformer.h.4.attn.c_proj.weight,int4-dynamic-b2048,4,dynamic,2048,0.00958251953125,0.18974173069000244,0.9831851720809937,1.0347106456756592,ok,1.0135149955749512,0.5285709500312805,1.0822855234146118,ok,1.0135149955749512,0.5285709500312805,1.0822855234146118,0,512,/home/sienna/projects/experiments/lowp-optimizer-bench/reports/muon_update_fidelity_formal_s0_s1_results/muon-fidelity-formal/fp32_muon_snapshot_s0/muon_momentum_snapshots/update_000512.pt,0.0005609989166259766,0.0030745863914489746,0.0056143999099731445,-0.0062857866287231445
muon_update_direction_oracle,"[384, 384]",transformer.h.4.attn.c_proj.weight,transformer.h.4.attn.c_proj.weight,int4-dynamic-b2048,4,dynamic,2048,0.00958251953125,0.18676355481147766,0.9826155304908752,1.0029581785202026,ok,1.019553542137146,0.5232539176940918,1.0829719305038452,ok,1.019553542137146,0.5232539176940918,1.0829719305038452,0,512,/home/sienna/projects/experiments/lowp-optimizer-bench/reports/muon_update_fidelity_formal_s0_s1_results/muon-fidelity-formal/fp32_muon_snapshot_s0/muon_momentum_snapshots/update_000512.pt,-8.64267349243164e-06,9.641051292419434e-05,0.00029736757278442383,-0.0002472400665283203
nearest,"[1024, 384]",transformer.h.4.mlp.w1.weight,transformer.h.4.mlp.w1.weight,int4-dynamic-b2048,4,dynamic,2048,0.013173420913517475,0.19362874329090118,0.9812287092208862,0.9986055493354797,ok,0.5060878992080688,0.8712947964668274,0.9949052333831787,ok,0.5060878992080688,0.8712947964668274,0.9949052333831787,0,512,/home/sienna/projects/experiments/lowp-optimizer-bench/reports/muon_update_fidelity_formal_s0_s1_results/muon-fidelity-formal/fp32_muon_snapshot_s0/muon_momentum_snapshots/update_000512.pt,,,,
raw_direction_oracle,"[1024, 384]",transformer.h.4.mlp.w1.weight,transformer.h.4.mlp.w1.weight,int4-dynamic-b2048,4,dynamic,2048,0.013140360824763775,0.1963399350643158,0.9816060066223145,1.0274289846420288,ok,0.5011405944824219,0.8738333582878113,0.995186448097229,ok,0.5011405944824219,0.8738333582878113,0.995186448097229,0,512,/home/sienna/projects/experiments/lowp-optimizer-bench/reports/muon_update_fidelity_formal_s0_s1_results/muon-fidelity-formal/fp32_muon_snapshot_s0/muon_momentum_snapshots/update_000512.pt,0.00037729740142822266,0.002711191773414612,0.0025385618209838867,-0.004947304725646973
muon_update_direction_oracle,"[1024, 384]",transformer.h.4.mlp.w1.weight,transformer.h.4.mlp.w1.weight,int4-dynamic-b2048,4,dynamic,2048,0.013173420913517475,0.19375179708003998,0.9812204241752625,0.999474823474884,ok,0.5060518980026245,0.871312141418457,0.994897723197937,ok,0.5060518980026245,0.871312141418457,0.994897723197937,0,512,/home/sienna/projects/experiments/lowp-optimizer-bench/reports/muon_update_fidelity_formal_s0_s1_results/muon-fidelity-formal/fp32_muon_snapshot_s0/muon_momentum_snapshots/update_000512.pt,-8.285045623779297e-06,0.00012305378913879395,1.7344951629638672e-05,-3.600120544433594e-05
nearest,"[1024, 384]",transformer.h.4.mlp.w2.weight,transformer.h.4.mlp.w2.weight,int4-dynamic-b2048,4,dynamic,2048,0.013539631851017475,0.19397498667240143,0.9811625480651855,0.9986659288406372,ok,0.5180104374885559,0.8648039102554321,0.9921637773513794,ok,0.5180104374885559,0.8648039102554321,0.9921637773513794,0,512,/home/sienna/projects/experiments/lowp-optimizer-bench/reports/muon_update_fidelity_formal_s0_s1_results/muon-fidelity-formal/fp32_muon_snapshot_s0/muon_momentum_snapshots/update_000512.pt,,,,
raw_direction_oracle,"[1024, 384]",transformer.h.4.mlp.w2.weight,transformer.h.4.mlp.w2.weight,int4-dynamic-b2048,4,dynamic,2048,0.013532002456486225,0.19659613072872162,0.981511652469635,1.0264025926589966,ok,0.5136029124259949,0.8671913146972656,0.9929236769676208,ok,0.5136029124259949,0.8671913146972656,0.9929236769676208,0,512,/home/sienna/projects/experiments/lowp-optimizer-bench/reports/muon_update_fidelity_formal_s0_s1_results/muon-fidelity-formal/fp32_muon_snapshot_s0/muon_momentum_snapshots/update_000512.pt,0.0003491044044494629,0.0026211440563201904,0.002387404441833496,-0.004407525062561035
muon_update_direction_oracle,"[1024, 384]",transformer.h.4.mlp.w2.weight,transformer.h.4.mlp.w2.weight,int4-dynamic-b2048,4,dynamic,2048,0.013539631851017475,0.19410456717014313,0.9811552166938782,0.9996599555015564,ok,0.5178118348121643,0.8648868203163147,0.9920019507408142,ok,0.5178118348121643,0.8648868203163147,0.9920019507408142,0,512,/home/sienna/projects/experiments/lowp-optimizer-bench/reports/muon_update_fidelity_formal_s0_s1_results/muon-fidelity-formal/fp32_muon_snapshot_s0/muon_momentum_snapshots/update_000512.pt,-7.331371307373047e-06,0.00012958049774169922,8.291006088256836e-05,-0.00019860267639160156
nearest,"[384, 1024]",transformer.h.4.mlp.c_proj.weight,transformer.h.4.mlp.c_proj.weight,int4-dynamic-b2048,4,dynamic,2048,0.01935323141515255,0.22092339396476746,0.9754189848899841,0.9912106394767761,ok,0.5199117064476013,0.8666524887084961,1.0129220485687256,ok,0.5199117064476013,0.8666524887084961,1.0129220485687256,0,512,/home/sienna/projects/experiments/lowp-optimizer-bench/reports/muon_update_fidelity_formal_s0_s1_results/muon-fidelity-formal/fp32_muon_snapshot_s0/muon_momentum_snapshots/update_000512.pt,,,,
raw_direction_oracle,"[384, 1024]",transformer.h.4.mlp.c_proj.weight,transformer.h.4.mlp.c_proj.weight,int4-dynamic-b2048,4,dynamic,2048,0.01926167868077755,0.2231561541557312,0.9755973815917969,1.0154541730880737,ok,0.5157090425491333,0.8687598705291748,1.0126328468322754,ok,0.5157090425491333,0.8687598705291748,1.0126328468322754,0,512,/home/sienna/projects/experiments/lowp-optimizer-bench/reports/muon_update_fidelity_formal_s0_s1_results/muon-fidelity-formal/fp32_muon_snapshot_s0/muon_momentum_snapshots/update_000512.pt,0.00017839670181274414,0.002232760190963745,0.002107381820678711,-0.004202663898468018
muon_update_direction_oracle,"[384, 1024]",transformer.h.4.mlp.c_proj.weight,transformer.h.4.mlp.c_proj.weight,int4-dynamic-b2048,4,dynamic,2048,0.01935323141515255,0.22092339396476746,0.9754189848899841,0.9912106394767761,ok,0.5199117064476013,0.8666524887084961,1.0129220485687256,ok,0.5199117064476013,0.8666524887084961,1.0129220485687256,0,512,/home/sienna/projects/experiments/lowp-optimizer-bench/reports/muon_update_fidelity_formal_s0_s1_results/muon-fidelity-formal/fp32_muon_snapshot_s0/muon_momentum_snapshots/update_000512.pt,0.0,0.0,0.0,0.0
nearest,"[1152, 384]",transformer.h.5.attn.c_attn.weight,transformer.h.5.attn.c_attn.weight,int4-dynamic-b2048,4,dynamic,2048,0.010841651819646358,0.1872837245464325,0.9824963212013245,1.0018388032913208,ok,1.033677339553833,0.5067302584648132,1.0770500898361206,ok,1.033677339553833,0.5067302584648132,1.0770500898361206,0,512,/home/sienna/projects/experiments/lowp-optimizer-bench/reports/muon_update_fidelity_formal_s0_s1_results/muon-fidelity-formal/fp32_muon_snapshot_s0/muon_momentum_snapshots/update_000512.pt,,,,
raw_direction_oracle,"[1152, 384]",transformer.h.5.attn.c_attn.weight,transformer.h.5.attn.c_attn.weight,int4-dynamic-b2048,4,dynamic,2048,0.010830349288880825,0.1901398003101349,0.9829809665679932,1.0320188999176025,ok,1.0308082103729248,0.5101186633110046,1.0782620906829834,ok,1.0308082103729248,0.5101186633110046,1.0782620906829834,0,512,/home/sienna/projects/experiments/lowp-optimizer-bench/reports/muon_update_fidelity_formal_s0_s1_results/muon-fidelity-formal/fp32_muon_snapshot_s0/muon_momentum_snapshots/update_000512.pt,0.00048464536666870117,0.0028560757637023926,0.0033884048461914062,-0.002869129180908203
muon_update_direction_oracle,"[1152, 384]",transformer.h.5.attn.c_attn.weight,transformer.h.5.attn.c_attn.weight,int4-dynamic-b2048,4,dynamic,2048,0.010841651819646358,0.18741032481193542,0.98248291015625,1.0023666620254517,ok,1.0335299968719482,0.5068187713623047,1.076949954032898,ok,1.0335299968719482,0.5068187713623047,1.076949954032898,0,512,/home/sienna/projects/experiments/lowp-optimizer-bench/reports/muon_update_fidelity_formal_s0_s1_results/muon-fidelity-formal/fp32_muon_snapshot_s0/muon_momentum_snapshots/update_000512.pt,-1.341104507446289e-05,0.0001266002655029297,8.851289749145508e-05,-0.00014734268188476562
nearest,"[384, 384]",transformer.h.5.attn.c_proj.weight,transformer.h.5.attn.c_proj.weight,int4-dynamic-b2048,4,dynamic,2048,0.0102674700319767,0.18772931396961212,0.9824225306510925,1.0023236274719238,ok,1.054968237876892,0.4958344101905823,1.0948415994644165,ok,1.054968237876892,0.4958344101905823,1.0948415994644165,0,512,/home/sienna/projects/experiments/lowp-optimizer-bench/reports/muon_update_fidelity_formal_s0_s1_results/muon-fidelity-formal/fp32_muon_snapshot_s0/muon_momentum_snapshots/update_000512.pt,,,,
raw_direction_oracle,"[384, 384]",transformer.h.5.attn.c_proj.weight,transformer.h.5.attn.c_proj.weight,int4-dynamic-b2048,4,dynamic,2048,0.01026068814098835,0.19066134095191956,0.982958197593689,1.033539891242981,ok,1.0510441064834595,0.500254213809967,1.0960290431976318,ok,1.0510441064834595,0.500254213809967,1.0960290431976318,0,512,/home/sienna/projects/experiments/lowp-optimizer-bench/reports/muon_update_fidelity_formal_s0_s1_results/muon-fidelity-formal/fp32_muon_snapshot_s0/muon_momentum_snapshots/update_000512.pt,0.0005356669425964355,0.002932026982307434,0.004419803619384766,-0.003924131393432617
muon_update_direction_oracle,"[384, 384]",transformer.h.5.attn.c_proj.weight,transformer.h.5.attn.c_proj.weight,int4-dynamic-b2048,4,dynamic,2048,0.0102674700319767,0.1877536177635193,0.9824220538139343,1.002529263496399,ok,1.0548574924468994,0.4959963858127594,1.0949428081512451,ok,1.0548574924468994,0.4959963858127594,1.0949428081512451,0,512,/home/sienna/projects/experiments/lowp-optimizer-bench/reports/muon_update_fidelity_formal_s0_s1_results/muon-fidelity-formal/fp32_muon_snapshot_s0/muon_momentum_snapshots/update_000512.pt,-4.76837158203125e-07,2.4303793907165527e-05,0.00016197562217712402,-0.00011074542999267578
nearest,"[1024, 384]",transformer.h.5.mlp.w1.weight,transformer.h.5.mlp.w1.weight,int4-dynamic-b2048,4,dynamic,2048,0.013910929672420025,0.19430093467235565,0.9811201691627502,0.9998142719268799,ok,0.5647372603416443,0.8375340700149536,0.9803322553634644,ok,0.5647372603416443,0.8375340700149536,0.9803322553634644,0,512,/home/sienna/projects/experiments/lowp-optimizer-bench/reports/muon_update_fidelity_formal_s0_s1_results/muon-fidelity-formal/fp32_muon_snapshot_s0/muon_momentum_snapshots/update_000512.pt,,,,
raw_direction_oracle,"[1024, 384]",transformer.h.5.mlp.w1.weight,transformer.h.5.mlp.w1.weight,int4-dynamic-b2048,4,dynamic,2048,0.01389312744140625,0.19743692874908447,0.9815126061439514,1.0299725532531738,ok,0.5591682195663452,0.84073805809021,0.9804147481918335,ok,0.5591682195663452,0.84073805809021,0.9804147481918335,0,512,/home/sienna/projects/experiments/lowp-optimizer-bench/reports/muon_update_fidelity_formal_s0_s1_results/muon-fidelity-formal/fp32_muon_snapshot_s0/muon_momentum_snapshots/update_000512.pt,0.0003924369812011719,0.003135994076728821,0.0032039880752563477,-0.005569040775299072
muon_update_direction_oracle,"[1024, 384]",transformer.h.5.mlp.w1.weight,transformer.h.5.mlp.w1.weight,int4-dynamic-b2048,4,dynamic,2048,0.013910929672420025,0.19505347311496735,0.9810410141944885,1.0031152963638306,ok,0.564608097076416,0.837605893611908,0.9803151488304138,ok,0.564608097076416,0.837605893611908,0.9803151488304138,0,512,/home/sienna/projects/experiments/lowp-optimizer-bench/reports/muon_update_fidelity_formal_s0_s1_results/muon-fidelity-formal/fp32_muon_snapshot_s0/muon_momentum_snapshots/update_000512.pt,-7.915496826171875e-05,0.0007525384426116943,7.18235969543457e-05,-0.00012916326522827148
nearest,"[1024, 384]",transformer.h.5.mlp.w2.weight,transformer.h.5.mlp.w2.weight,int4-dynamic-b2048,4,dynamic,2048,0.013570149429142475,0.1932319849729538,0.9813161492347717,0.9992070198059082,ok,0.5630934238433838,0.8382619023323059,0.9788211584091187,ok,0.5630934238433838,0.8382619023323059,0.9788211584091187,0,512,/home/sienna/projects/experiments/lowp-optimizer-bench/reports/muon_update_fidelity_formal_s0_s1_results/muon-fidelity-formal/fp32_muon_snapshot_s0/muon_momentum_snapshots/update_000512.pt,,,,
raw_direction_oracle,"[1024, 384]",transformer.h.5.mlp.w2.weight,transformer.h.5.mlp.w2.weight,int4-dynamic-b2048,4,dynamic,2048,0.0135345458984375,0.19622376561164856,0.9817460179328918,1.0300060510635376,ok,0.5586177110671997,0.840870201587677,0.979131817817688,ok,0.5586177110671997,0.840870201587677,0.979131817817688,0,512,/home/sienna/projects/experiments/lowp-optimizer-bench/reports/muon_update_fidelity_formal_s0_s1_results/muon-fidelity-formal/fp32_muon_snapshot_s0/muon_momentum_snapshots/update_000512.pt,0.0004298686981201172,0.002991780638694763,0.0026082992553710938,-0.004475712776184082
muon_update_direction_oracle,"[1024, 384]",transformer.h.5.mlp.w2.weight,transformer.h.5.mlp.w2.weight,int4-dynamic-b2048,4,dynamic,2048,0.013570149429142475,0.193412646651268,0.9813121557235718,1.0008589029312134,ok,0.5630032420158386,0.8382943868637085,0.9786862730979919,ok,0.5630032420158386,0.8382943868637085,0.9786862730979919,0,512,/home/sienna/projects/experiments/lowp-optimizer-bench/reports/muon_update_fidelity_formal_s0_s1_results/muon-fidelity-formal/fp32_muon_snapshot_s0/muon_momentum_snapshots/update_000512.pt,-3.993511199951172e-06,0.00018066167831420898,3.248453140258789e-05,-9.018182754516602e-05
nearest,"[384, 1024]",transformer.h.5.mlp.c_proj.weight,transformer.h.5.mlp.c_proj.weight,int4-dynamic-b2048,4,dynamic,2048,0.02022298239171505,0.2303626388311386,0.973225474357605,0.9885519742965698,ok,0.5665356516838074,0.8415182828903198,1.0121512413024902,ok,0.5665356516838074,0.8415182828903198,1.0121512413024902,0,512,/home/sienna/projects/experiments/lowp-optimizer-bench/reports/muon_update_fidelity_formal_s0_s1_results/muon-fidelity-formal/fp32_muon_snapshot_s0/muon_momentum_snapshots/update_000512.pt,,,,
raw_direction_oracle,"[384, 1024]",transformer.h.5.mlp.c_proj.weight,transformer.h.5.mlp.c_proj.weight,int4-dynamic-b2048,4,dynamic,2048,0.0201746616512537,0.23237395286560059,0.9733418822288513,1.0106505155563354,ok,0.5623868703842163,0.8437538743019104,1.011680006980896,ok,0.5623868703842163,0.8437538743019104,1.011680006980896,0,512,/home/sienna/projects/experiments/lowp-optimizer-bench/reports/muon_update_fidelity_formal_s0_s1_results/muon-fidelity-formal/fp32_muon_snapshot_s0/muon_momentum_snapshots/update_000512.pt,0.00011640787124633789,0.002011314034461975,0.002235591411590576,-0.0041487812995910645
muon_update_direction_oracle,"[384, 1024]",transformer.h.5.mlp.c_proj.weight,transformer.h.5.mlp.c_proj.weight,int4-dynamic-b2048,4,dynamic,2048,0.02022298239171505,0.23044507205486298,0.9732162952423096,0.9891859889030457,ok,0.5664386749267578,0.8415568470954895,1.012057900428772,ok,0.5664386749267578,0.8415568470954895,1.012057900428772,0,512,/home/sienna/projects/experiments/lowp-optimizer-bench/reports/muon_update_fidelity_formal_s0_s1_results/muon-fidelity-formal/fp32_muon_snapshot_s0/muon_momentum_snapshots/update_000512.pt,-9.179115295410156e-06,8.243322372436523e-05,3.8564205169677734e-05,-9.697675704956055e-05
nearest,"[1152, 384]",transformer.h.0.attn.c_attn.weight,transformer.h.0.attn.c_attn.weight,int4-dynamic-b2048,4,dynamic,2048,0.013619882054626942,0.18656261265277863,0.9826579689979553,1.0032057762145996,ok,0.9112899899482727,0.5921554565429688,1.0177111625671387,ok,0.9112899899482727,0.5921554565429688,1.0177111625671387,0,1024,/home/sienna/projects/experiments/lowp-optimizer-bench/reports/muon_update_fidelity_formal_s0_s1_results/muon-fidelity-formal/fp32_muon_snapshot_s0/muon_momentum_snapshots/update_001024.pt,,,,
raw_direction_oracle,"[1152, 384]",transformer.h.0.attn.c_attn.weight,transformer.h.0.attn.c_attn.weight,int4-dynamic-b2048,4,dynamic,2048,0.013585973531007767,0.18955673277378082,0.9832023978233337,1.0343751907348633,ok,0.9084687232971191,0.595569908618927,1.0198560953140259,ok,0.9084687232971191,0.595569908618927,1.0198560953140259,0,1024,/home/sienna/projects/experiments/lowp-optimizer-bench/reports/muon_update_fidelity_formal_s0_s1_results/muon-fidelity-formal/fp32_muon_snapshot_s0/muon_momentum_snapshots/update_001024.pt,0.000544428825378418,0.0029941201210021973,0.003414452075958252,-0.0028212666511535645
muon_update_direction_oracle,"[1152, 384]",transformer.h.0.attn.c_attn.weight,transformer.h.0.attn.c_attn.weight,int4-dynamic-b2048,4,dynamic,2048,0.013619882054626942,0.18662422895431519,0.9826573133468628,1.003726840019226,ok,0.9109795689582825,0.5924157500267029,1.0176690816879272,ok,0.9109795689582825,0.5924157500267029,1.0176690816879272,0,1024,/home/sienna/projects/experiments/lowp-optimizer-bench/reports/muon_update_fidelity_formal_s0_s1_results/muon-fidelity-formal/fp32_muon_snapshot_s0/muon_momentum_snapshots/update_001024.pt,-6.556510925292969e-07,6.161630153656006e-05,0.00026029348373413086,-0.0003104209899902344
nearest,"[384, 384]",transformer.h.0.attn.c_proj.weight,transformer.h.0.attn.c_proj.weight,int4-dynamic-b2048,4,dynamic,2048,0.0111219622194767,0.19516099989414215,0.9809409379959106,0.9991916418075562,ok,0.9685718417167664,0.5534427762031555,1.0478416681289673,ok,0.9685718417167664,0.5534427762031555,1.0478416681289673,0,1024,/home/sienna/projects/experiments/lowp-optimizer-bench/reports/muon_update_fidelity_formal_s0_s1_results/muon-fidelity-formal/fp32_muon_snapshot_s0/muon_momentum_snapshots/update_001024.pt,,,,
raw_direction_oracle,"[384, 384]",transformer.h.0.attn.c_proj.weight,transformer.h.0.attn.c_proj.weight,int4-dynamic-b2048,4,dynamic,2048,0.01110161654651165,0.19793502986431122,0.9813919067382812,1.0294342041015625,ok,0.9649240970611572,0.5569041967391968,1.0480464696884155,ok,0.9649240970611572,0.5569041967391968,1.0480464696884155,0,1024,/home/sienna/projects/experiments/lowp-optimizer-bench/reports/muon_update_fidelity_formal_s0_s1_results/muon-fidelity-formal/fp32_muon_snapshot_s0/muon_momentum_snapshots/update_001024.pt,0.00045096874237060547,0.0027740299701690674,0.0034614205360412598,-0.003647744655609131
muon_update_direction_oracle,"[384, 384]",transformer.h.0.attn.c_proj.weight,transformer.h.0.attn.c_proj.weight,int4-dynamic-b2048,4,dynamic,2048,0.0111219622194767,0.19526654481887817,0.9809322357177734,0.9998289942741394,ok,0.9682436585426331,0.553801417350769,1.0479589700698853,ok,0.9682436585426331,0.553801417350769,1.0479589700698853,0,1024,/home/sienna/projects/experiments/lowp-optimizer-bench/reports/muon_update_fidelity_formal_s0_s1_results/muon-fidelity-formal/fp32_muon_snapshot_s0/muon_momentum_snapshots/update_001024.pt,-8.702278137207031e-06,0.00010554492473602295,0.0003586411476135254,-0.0003281831741333008
nearest,"[1024, 384]",transformer.h.0.mlp.w1.weight,transformer.h.0.mlp.w1.weight,int4-dynamic-b2048,4,dynamic,2048,0.01146697998046875,0.19053666293621063,0.9818547964096069,1.0003702640533447,ok,0.3922726511955261,0.9237124919891357,1.00810706615448,ok,0.3922726511955261,0.9237124919891357,1.00810706615448,0,1024,/home/sienna/projects/experiments/lowp-optimizer-bench/reports/muon_update_fidelity_formal_s0_s1_results/muon-fidelity-formal/fp32_muon_snapshot_s0/muon_momentum_snapshots/update_001024.pt,,,,
raw_direction_oracle,"[1024, 384]",transformer.h.0.mlp.w1.weight,transformer.h.0.mlp.w1.weight,int4-dynamic-b2048,4,dynamic,2048,0.011449177749454975,0.19335554540157318,0.9822773933410645,1.0297670364379883,ok,0.3870047330856323,0.9257277846336365,1.0078517198562622,ok,0.3870047330856323,0.9257277846336365,1.0078517198562622,0,1024,/home/sienna/projects/experiments/lowp-optimizer-bench/reports/muon_update_fidelity_formal_s0_s1_results/muon-fidelity-formal/fp32_muon_snapshot_s0/muon_momentum_snapshots/update_001024.pt,0.00042259693145751953,0.002818882465362549,0.0020152926445007324,-0.005267918109893799
muon_update_direction_oracle,"[1024, 384]",transformer.h.0.mlp.w1.weight,transformer.h.0.mlp.w1.weight,int4-dynamic-b2048,4,dynamic,2048,0.01146697998046875,0.19068992137908936,0.9818419218063354,1.0012335777282715,ok,0.39213478565216064,0.9237514138221741,1.0079317092895508,ok,0.39213478565216064,0.9237514138221741,1.0079317092895508,0,1024,/home/sienna/projects/experiments/lowp-optimizer-bench/reports/muon_update_fidelity_formal_s0_s1_results/muon-fidelity-formal/fp32_muon_snapshot_s0/muon_momentum_snapshots/update_001024.pt,-1.2874603271484375e-05,0.00015325844287872314,3.892183303833008e-05,-0.00013786554336547852
nearest,"[1024, 384]",transformer.h.0.mlp.w2.weight,transformer.h.0.mlp.w2.weight,int4-dynamic-b2048,4,dynamic,2048,0.01189422607421875,0.19018715620040894,0.9819303750991821,1.000869870185852,ok,0.3928452134132385,0.9234968423843384,1.008194923400879,ok,0.3928452134132385,0.9234968423843384,1.008194923400879,0,1024,/home/sienna/projects/experiments/lowp-optimizer-bench/reports/muon_update_fidelity_formal_s0_s1_results/muon-fidelity-formal/fp32_muon_snapshot_s0/muon_momentum_snapshots/update_001024.pt,,,,
raw_direction_oracle,"[1024, 384]",transformer.h.0.mlp.w2.weight,transformer.h.0.mlp.w2.weight,int4-dynamic-b2048,4,dynamic,2048,0.0118865966796875,0.19313636422157288,0.9823828339576721,1.03114652633667,ok,0.3874754309654236,0.9255457520484924,1.0078386068344116,ok,0.3874754309654236,0.9255457520484924,1.0078386068344116,0,1024,/home/sienna/projects/experiments/lowp-optimizer-bench/reports/muon_update_fidelity_formal_s0_s1_results/muon-fidelity-formal/fp32_muon_snapshot_s0/muon_momentum_snapshots/update_001024.pt,0.00045245885848999023,0.0029492080211639404,0.0020489096641540527,-0.005369782447814941
muon_update_direction_oracle,"[1024, 384]",transformer.h.0.mlp.w2.weight,transformer.h.0.mlp.w2.weight,int4-dynamic-b2048,4,dynamic,2048,0.01189422607421875,0.19027669727802277,0.9819288849830627,1.0016688108444214,ok,0.3927280902862549,0.923528254032135,1.0080251693725586,ok,0.3927280902862549,0.923528254032135,1.0080251693725586,0,1024,/home/sienna/projects/experiments/lowp-optimizer-bench/reports/muon_update_fidelity_formal_s0_s1_results/muon-fidelity-formal/fp32_muon_snapshot_s0/muon_momentum_snapshots/update_001024.pt,-1.4901161193847656e-06,8.954107761383057e-05,3.141164779663086e-05,-0.00011712312698364258
nearest,"[384, 1024]",transformer.h.0.mlp.c_proj.weight,transformer.h.0.mlp.c_proj.weight,int4-dynamic-b2048,4,dynamic,2048,0.0194422397762537,0.2222946435213089,0.9751235246658325,0.9918772578239441,ok,0.482603520154953,0.8850852251052856,1.0126863718032837,ok,0.482603520154953,0.8850852251052856,1.0126863718032837,0,1024,/home/sienna/projects/experiments/lowp-optimizer-bench/reports/muon_update_fidelity_formal_s0_s1_results/muon-fidelity-formal/fp32_muon_snapshot_s0/muon_momentum_snapshots/update_001024.pt,,,,
raw_direction_oracle,"[384, 1024]",transformer.h.0.mlp.c_proj.weight,transformer.h.0.mlp.c_proj.weight,int4-dynamic-b2048,4,dynamic,2048,0.0193812046200037,0.22466619312763214,0.9753836989402771,1.0183738470077515,ok,0.47806259989738464,0.8871846795082092,1.012245535850525,ok,0.47806259989738464,0.8871846795082092,1.012245535850525,0,1024,/home/sienna/projects/experiments/lowp-optimizer-bench/reports/muon_update_fidelity_formal_s0_s1_results/muon-fidelity-formal/fp32_muon_snapshot_s0/muon_momentum_snapshots/update_001024.pt,0.0002601742744445801,0.002371549606323242,0.002099454402923584,-0.004540920257568359
muon_update_direction_oracle,"[384, 1024]",transformer.h.0.mlp.c_proj.weight,transformer.h.0.mlp.c_proj.weight,int4-dynamic-b2048,4,dynamic,2048,0.0194422397762537,0.22233346104621887,0.9751197695732117,0.9921730160713196,ok,0.48254746198654175,0.8851099014282227,1.0126701593399048,ok,0.48254746198654175,0.8851099014282227,1.0126701593399048,0,1024,/home/sienna/projects/experiments/lowp-optimizer-bench/reports/muon_update_fidelity_formal_s0_s1_results/muon-fidelity-formal/fp32_muon_snapshot_s0/muon_momentum_snapshots/update_001024.pt,-3.7550926208496094e-06,3.8817524909973145e-05,2.467632293701172e-05,-5.605816841125488e-05
nearest,"[1152, 384]",transformer.h.1.attn.c_attn.weight,transformer.h.1.attn.c_attn.weight,int4-dynamic-b2048,4,dynamic,2048,0.012116609141230583,0.1894826740026474,0.9820601940155029,1.0006581544876099,ok,0.9264275431632996,0.5779851675033569,1.016545295715332,ok,0.9264275431632996,0.5779851675033569,1.016545295715332,0,1024,/home/sienna/projects/experiments/lowp-optimizer-bench/reports/muon_update_fidelity_formal_s0_s1_results/muon-fidelity-formal/fp32_muon_snapshot_s0/muon_momentum_snapshots/update_001024.pt,,,,
raw_direction_oracle,"[1152, 384]",transformer.h.1.attn.c_attn.weight,transformer.h.1.attn.c_attn.weight,int4-dynamic-b2048,4,dynamic,2048,0.012089482508599758,0.19228921830654144,0.9825208783149719,1.0307117700576782,ok,0.9231968522071838,0.5811524987220764,1.0170774459838867,ok,0.9231968522071838,0.5811524987220764,1.0170774459838867,0,1024,/home/sienna/projects/experiments/lowp-optimizer-bench/reports/muon_update_fidelity_formal_s0_s1_results/muon-fidelity-formal/fp32_muon_snapshot_s0/muon_momentum_snapshots/update_001024.pt,0.00046068429946899414,0.002806544303894043,0.0031673312187194824,-0.0032306909561157227
muon_update_direction_oracle,"[1152, 384]",transformer.h.1.attn.c_attn.weight,transformer.h.1.attn.c_attn.weight,int4-dynamic-b2048,4,dynamic,2048,0.012116609141230583,0.18952670693397522,0.9820573329925537,1.0009431838989258,ok,0.9264563322067261,0.5780102014541626,1.0166641473770142,ok,0.9264563322067261,0.5780102014541626,1.0166641473770142,0,1024,/home/sienna/projects/experiments/lowp-optimizer-bench/reports/muon_update_fidelity_formal_s0_s1_results/muon-fidelity-formal/fp32_muon_snapshot_s0/muon_momentum_snapshots/update_001024.pt,-2.86102294921875e-06,4.4032931327819824e-05,2.5033950805664062e-05,2.8789043426513672e-05
nearest,"[384, 384]",transformer.h.1.attn.c_proj.weight,transformer.h.1.attn.c_proj.weight,int4-dynamic-b2048,4,dynamic,2048,0.0115492083132267,0.18489457666873932,0.9829369783401489,1.0016790628433228,ok,1.0352811813354492,0.5123898983001709,1.090620517730713,ok,1.0352811813354492,0.5123898983001709,1.090620517730713,0,1024,/home/sienna/projects/experiments/lowp-optimizer-bench/reports/muon_update_fidelity_formal_s0_s1_results/muon-fidelity-formal/fp32_muon_snapshot_s0/muon_momentum_snapshots/update_001024.pt,,,,
raw_direction_oracle,"[384, 384]",transformer.h.1.attn.c_proj.weight,transformer.h.1.attn.c_proj.weight,int4-dynamic-b2048,4,dynamic,2048,0.01153564453125,0.1880534291267395,0.9834353923797607,1.0335290431976318,ok,1.0288114547729492,0.5188978910446167,1.091355800628662,ok,1.0288114547729492,0.5188978910446167,1.091355800628662,0,1024,/home/sienna/projects/experiments/lowp-optimizer-bench/reports/muon_update_fidelity_formal_s0_s1_results/muon-fidelity-formal/fp32_muon_snapshot_s0/muon_momentum_snapshots/update_001024.pt,0.0004984140396118164,0.003158852458000183,0.006507992744445801,-0.0064697265625
muon_update_direction_oracle,"[384, 384]",transformer.h.1.attn.c_proj.weight,transformer.h.1.attn.c_proj.weight,int4-dynamic-b2048,4,dynamic,2048,0.0115492083132267,0.1851823627948761,0.9829069972038269,1.002863883972168,ok,1.0350202322006226,0.5126927495002747,1.0907245874404907,ok,1.0350202322006226,0.5126927495002747,1.0907245874404907,0,1024,/home/sienna/projects/experiments/lowp-optimizer-bench/reports/muon_update_fidelity_formal_s0_s1_results/muon-fidelity-formal/fp32_muon_snapshot_s0/muon_momentum_snapshots/update_001024.pt,-2.9981136322021484e-05,0.0002877861261367798,0.00030285120010375977,-0.00026094913482666016
nearest,"[1024, 384]",transformer.h.1.mlp.w1.weight,transformer.h.1.mlp.w1.weight,int4-dynamic-b2048,4,dynamic,2048,0.014193217270076275,0.19158676266670227,0.9816405773162842,0.999631404876709,ok,0.47669464349746704,0.8867133855819702,1.0028947591781616,ok,0.47669464349746704,0.8867133855819702,1.0028947591781616,0,1024,/home/sienna/projects/experiments/lowp-optimizer-bench/reports/muon_update_fidelity_formal_s0_s1_results/muon-fidelity-formal/fp32_muon_snapshot_s0/muon_momentum_snapshots/update_001024.pt,,,,
raw_direction_oracle,"[1024, 384]",transformer.h.1.mlp.w1.weight,transformer.h.1.mlp.w1.weight,int4-dynamic-b2048,4,dynamic,2048,0.014162699691951275,0.19454370439052582,0.9820483922958374,1.0296539068222046,ok,0.47206148505210876,0.8889550566673279,1.003335952758789,ok,0.47206148505210876,0.8889550566673279,1.003335952758789,0,1024,/home/sienna/projects/experiments/lowp-optimizer-bench/reports/muon_update_fidelity_formal_s0_s1_results/muon-fidelity-formal/fp32_muon_snapshot_s0/muon_momentum_snapshots/update_001024.pt,0.00040781497955322266,0.0029569417238235474,0.002241671085357666,-0.004633158445358276
muon_update_direction_oracle,"[1024, 384]",transformer.h.1.mlp.w1.weight,transformer.h.1.mlp.w1.weight,int4-dynamic-b2048,4,dynamic,2048,0.014193217270076275,0.19158676266670227,0.9816405773162842,0.999631404876709,ok,0.47669464349746704,0.8867133855819702,1.0028947591781616,ok,0.47669464349746704,0.8867133855819702,1.0028947591781616,0,1024,/home/sienna/projects/experiments/lowp-optimizer-bench/reports/muon_update_fidelity_formal_s0_s1_results/muon-fidelity-formal/fp32_muon_snapshot_s0/muon_momentum_snapshots/update_001024.pt,0.0,0.0,0.0,0.0
nearest,"[1024, 384]",transformer.h.1.mlp.w2.weight,transformer.h.1.mlp.w2.weight,int4-dynamic-b2048,4,dynamic,2048,0.014661152847111225,0.19079791009426117,0.9817860722541809,0.9993311166763306,ok,0.48046600818634033,0.8846430778503418,1.0005782842636108,ok,0.48046600818634033,0.8846430778503418,1.0005782842636108,0,1024,/home/sienna/projects/experiments/lowp-optimizer-bench/reports/muon_update_fidelity_formal_s0_s1_results/muon-fidelity-formal/fp32_muon_snapshot_s0/muon_momentum_snapshots/update_001024.pt,,,,
raw_direction_oracle,"[1024, 384]",transformer.h.1.mlp.w2.weight,transformer.h.1.mlp.w2.weight,int4-dynamic-b2048,4,dynamic,2048,0.014615376479923725,0.19349341094493866,0.9821405410766602,1.0273032188415527,ok,0.4758092164993286,0.8869532346725464,1.0013236999511719,ok,0.4758092164993286,0.8869532346725464,1.0013236999511719,0,1024,/home/sienna/projects/experiments/lowp-optimizer-bench/reports/muon_update_fidelity_formal_s0_s1_results/muon-fidelity-formal/fp32_muon_snapshot_s0/muon_momentum_snapshots/update_001024.pt,0.00035446882247924805,0.0026955008506774902,0.00231015682220459,-0.004656791687011719
muon_update_direction_oracle,"[1024, 384]",transformer.h.1.mlp.w2.weight,transformer.h.1.mlp.w2.weight,int4-dynamic-b2048,4,dynamic,2048,0.014661152847111225,0.19099833071231842,0.9817635416984558,1.0002011060714722,ok,0.4804038107395172,0.8846579194068909,1.0004485845565796,ok,0.4804038107395172,0.8846579194068909,1.0004485845565796,0,1024,/home/sienna/projects/experiments/lowp-optimizer-bench/reports/muon_update_fidelity_formal_s0_s1_results/muon-fidelity-formal/fp32_muon_snapshot_s0/muon_momentum_snapshots/update_001024.pt,-2.2530555725097656e-05,0.00020042061805725098,1.4841556549072266e-05,-6.219744682312012e-05
nearest,"[384, 1024]",transformer.h.1.mlp.c_proj.weight,transformer.h.1.mlp.c_proj.weight,int4-dynamic-b2048,4,dynamic,2048,0.0276311244815588,0.22467045485973358,0.9745118618011475,0.9867606163024902,ok,0.5279961824417114,0.8614048361778259,1.0056208372116089,ok,0.5279961824417114,0.8614048361778259,1.0056208372116089,0,1024,/home/sienna/projects/experiments/lowp-optimizer-bench/reports/muon_update_fidelity_formal_s0_s1_results/muon-fidelity-formal/fp32_muon_snapshot_s0/muon_momentum_snapshots/update_001024.pt,,,,
raw_direction_oracle,"[384, 1024]",transformer.h.1.mlp.c_proj.weight,transformer.h.1.mlp.c_proj.weight,int4-dynamic-b2048,4,dynamic,2048,0.02755228616297245,0.2264518439769745,0.9744991064071655,1.0049787759780884,ok,0.5254483819007874,0.8626570105552673,1.0050398111343384,ok,0.5254483819007874,0.8626570105552673,1.0050398111343384,0,1024,/home/sienna/projects/experiments/lowp-optimizer-bench/reports/muon_update_fidelity_formal_s0_s1_results/muon-fidelity-formal/fp32_muon_snapshot_s0/muon_momentum_snapshots/update_001024.pt,-1.2755393981933594e-05,0.0017813891172409058,0.0012521743774414062,-0.0025478005409240723
muon_update_direction_oracle,"[384, 1024]",transformer.h.1.mlp.c_proj.weight,transformer.h.1.mlp.c_proj.weight,int4-dynamic-b2048,4,dynamic,2048,0.0276311244815588,0.2247573286294937,0.9744980335235596,0.9872312545776367,ok,0.5279644727706909,0.8614155054092407,1.0055789947509766,ok,0.5279644727706909,0.8614155054092407,1.0055789947509766,0,1024,/home/sienna/projects/experiments/lowp-optimizer-bench/reports/muon_update_fidelity_formal_s0_s1_results/muon-fidelity-formal/fp32_muon_snapshot_s0/muon_momentum_snapshots/update_001024.pt,-1.3828277587890625e-05,8.687376976013184e-05,1.0669231414794922e-05,-3.170967102050781e-05
nearest,"[1152, 384]",transformer.h.2.attn.c_attn.weight,transformer.h.2.attn.c_attn.weight,int4-dynamic-b2048,4,dynamic,2048,0.019725657999515533,0.20595435798168182,0.9786820411682129,0.9940361976623535,ok,1.0711350440979004,0.5041950941085815,1.1378692388534546,ok,1.0711350440979004,0.5041950941085815,1.1378692388534546,0,1024,/home/sienna/projects/experiments/lowp-optimizer-bench/reports/muon_update_fidelity_formal_s0_s1_results/muon-fidelity-formal/fp32_muon_snapshot_s0/muon_momentum_snapshots/update_001024.pt,,,,
raw_direction_oracle,"[1152, 384]",transformer.h.2.attn.c_attn.weight,transformer.h.2.attn.c_attn.weight,int4-dynamic-b2048,4,dynamic,2048,0.019630715250968933,0.20826785266399384,0.9788485765457153,1.0178335905075073,ok,1.0685075521469116,0.5082385540008545,1.1407058238983154,ok,1.0685075521469116,0.5082385540008545,1.1407058238983154,0,1024,/home/sienna/projects/experiments/lowp-optimizer-bench/reports/muon_update_fidelity_formal_s0_s1_results/muon-fidelity-formal/fp32_muon_snapshot_s0/muon_momentum_snapshots/update_001024.pt,0.0001665353775024414,0.0023134946823120117,0.004043459892272949,-0.0026274919509887695
muon_update_direction_oracle,"[1152, 384]",transformer.h.2.attn.c_attn.weight,transformer.h.2.attn.c_attn.weight,int4-dynamic-b2048,4,dynamic,2048,0.019725657999515533,0.20635467767715454,0.9786479473114014,0.9969252347946167,ok,1.0708179473876953,0.504594624042511,1.1380506753921509,ok,1.0708179473876953,0.504594624042511,1.1380506753921509,0,1024,/home/sienna/projects/experiments/lowp-optimizer-bench/reports/muon_update_fidelity_formal_s0_s1_results/muon-fidelity-formal/fp32_muon_snapshot_s0/muon_momentum_snapshots/update_001024.pt,-3.409385681152344e-05,0.0004003196954727173,0.00039952993392944336,-0.0003170967102050781
nearest,"[384, 384]",transformer.h.2.attn.c_proj.weight,transformer.h.2.attn.c_proj.weight,int4-dynamic-b2048,4,dynamic,2048,0.0152587890625,0.20173940062522888,0.9796152710914612,0.9981878399848938,ok,1.0328994989395142,0.511659562587738,1.0849629640579224,ok,1.0328994989395142,0.511659562587738,1.0849629640579224,0,1024,/home/sienna/projects/experiments/lowp-optimizer-bench/reports/muon_update_fidelity_formal_s0_s1_results/muon-fidelity-formal/fp32_muon_snapshot_s0/muon_momentum_snapshots/update_001024.pt,,,,
raw_direction_oracle,"[384, 384]",transformer.h.2.attn.c_proj.weight,transformer.h.2.attn.c_proj.weight,int4-dynamic-b2048,4,dynamic,2048,0.0152452252805233,0.20490184426307678,0.9801375865936279,1.0316567420959473,ok,1.0301989316940308,0.515776515007019,1.0879087448120117,ok,1.0301989316940308,0.515776515007019,1.0879087448120117,0,1024,/home/sienna/projects/experiments/lowp-optimizer-bench/reports/muon_update_fidelity_formal_s0_s1_results/muon-fidelity-formal/fp32_muon_snapshot_s0/muon_momentum_snapshots/update_001024.pt,0.000522315502166748,0.0031624436378479004,0.004116952419281006,-0.0027005672454833984
muon_update_direction_oracle,"[384, 384]",transformer.h.2.attn.c_proj.weight,transformer.h.2.attn.c_proj.weight,int4-dynamic-b2048,4,dynamic,2048,0.0152587890625,0.20191921293735504,0.979598343372345,0.9992082715034485,ok,1.0326921939849854,0.5117547512054443,1.0847694873809814,ok,1.0326921939849854,0.5117547512054443,1.0847694873809814,0,1024,/home/sienna/projects/experiments/lowp-optimizer-bench/reports/muon_update_fidelity_formal_s0_s1_results/muon-fidelity-formal/fp32_muon_snapshot_s0/muon_momentum_snapshots/update_001024.pt,-1.6927719116210938e-05,0.00017981231212615967,9.518861770629883e-05,-0.0002073049545288086
nearest,"[1024, 384]",transformer.h.2.mlp.w1.weight,transformer.h.2.mlp.w1.weight,int4-dynamic-b2048,4,dynamic,2048,0.013712565414607525,0.19428977370262146,0.9811070561408997,0.9989896416664124,ok,0.4871048033237457,0.8814601898193359,1.0008059740066528,ok,0.4871048033237457,0.8814601898193359,1.0008059740066528,0,1024,/home/sienna/projects/experiments/lowp-optimizer-bench/reports/muon_update_fidelity_formal_s0_s1_results/muon-fidelity-formal/fp32_muon_snapshot_s0/muon_momentum_snapshots/update_001024.pt,,,,
raw_direction_oracle,"[1024, 384]",transformer.h.2.mlp.w1.weight,transformer.h.2.mlp.w1.weight,int4-dynamic-b2048,4,dynamic,2048,0.013682047836482525,0.19718265533447266,0.9815399646759033,1.0295168161392212,ok,0.4808931052684784,0.884463906288147,1.0008023977279663,ok,0.4808931052684784,0.884463906288147,1.0008023977279663,0,1024,/home/sienna/projects/experiments/lowp-optimizer-bench/reports/muon_update_fidelity_formal_s0_s1_results/muon-fidelity-formal/fp32_muon_snapshot_s0/muon_momentum_snapshots/update_001024.pt,0.0004329085350036621,0.0028928816318511963,0.003003716468811035,-0.006211698055267334
muon_update_direction_oracle,"[1024, 384]",transformer.h.2.mlp.w1.weight,transformer.h.2.mlp.w1.weight,int4-dynamic-b2048,4,dynamic,2048,0.013712565414607525,0.19437909126281738,0.9811004996299744,0.9995790719985962,ok,0.48706144094467163,0.8814699649810791,1.0007104873657227,ok,0.48706144094467163,0.8814699649810791,1.0007104873657227,0,1024,/home/sienna/projects/experiments/lowp-optimizer-bench/reports/muon_update_fidelity_formal_s0_s1_results/muon-fidelity-formal/fp32_muon_snapshot_s0/muon_momentum_snapshots/update_001024.pt,-6.556510925292969e-06,8.931756019592285e-05,9.775161743164062e-06,-4.336237907409668e-05
nearest,"[1024, 384]",transformer.h.2.mlp.w2.weight,transformer.h.2.mlp.w2.weight,int4-dynamic-b2048,4,dynamic,2048,0.01366424560546875,0.19622229039669037,0.980733335018158,0.9991999864578247,ok,0.492963969707489,0.878669798374176,1.0014450550079346,ok,0.492963969707489,0.878669798374176,1.0014450550079346,0,1024,/home/sienna/projects/experiments/lowp-optimizer-bench/reports/muon_update_fidelity_formal_s0_s1_results/muon-fidelity-formal/fp32_muon_snapshot_s0/muon_momentum_snapshots/update_001024.pt,,,,
raw_direction_oracle,"[1024, 384]",transformer.h.2.mlp.w2.weight,transformer.h.2.mlp.w2.weight,int4-dynamic-b2048,4,dynamic,2048,0.013623555190861225,0.1991962194442749,0.9811775088310242,1.0300500392913818,ok,0.48727625608444214,0.8813578486442566,1.000645399093628,ok,0.48727625608444214,0.8813578486442566,1.000645399093628,0,1024,/home/sienna/projects/experiments/lowp-optimizer-bench/reports/muon_update_fidelity_formal_s0_s1_results/muon-fidelity-formal/fp32_muon_snapshot_s0/muon_momentum_snapshots/update_001024.pt,0.00044417381286621094,0.0029739290475845337,0.0026880502700805664,-0.005687713623046875
muon_update_direction_oracle,"[1024, 384]",transformer.h.2.mlp.w2.weight,transformer.h.2.mlp.w2.weight,int4-dynamic-b2048,4,dynamic,2048,0.01366424560546875,0.19646862149238586,0.9807096719741821,1.0004992485046387,ok,0.4926967918872833,0.8787837624549866,1.001301884651184,ok,0.4926967918872833,0.8787837624549866,1.001301884651184,0,1024,/home/sienna/projects/experiments/lowp-optimizer-bench/reports/muon_update_fidelity_formal_s0_s1_results/muon-fidelity-formal/fp32_muon_snapshot_s0/muon_momentum_snapshots/update_001024.pt,-2.3663043975830078e-05,0.0002463310956954956,0.00011396408081054688,-0.0002671778202056885
nearest,"[384, 1024]",transformer.h.2.mlp.c_proj.weight,transformer.h.2.mlp.c_proj.weight,int4-dynamic-b2048,4,dynamic,2048,0.01885986328125,0.2193111628293991,0.9758030772209167,0.9928039312362671,ok,0.46367189288139343,0.8938717842102051,1.0121852159500122,ok,0.46367189288139343,0.8938717842102051,1.0121852159500122,0,1024,/home/sienna/projects/experiments/lowp-optimizer-bench/reports/muon_update_fidelity_formal_s0_s1_results/muon-fidelity-formal/fp32_muon_snapshot_s0/muon_momentum_snapshots/update_001024.pt,,,,
raw_direction_oracle,"[384, 1024]",transformer.h.2.mlp.c_proj.weight,transformer.h.2.mlp.c_proj.weight,int4-dynamic-b2048,4,dynamic,2048,0.01881917379796505,0.22180403769016266,0.9760216474533081,1.018628478050232,ok,0.46067988872528076,0.8952475190162659,1.0122674703598022,ok,0.46067988872528076,0.8952475190162659,1.0122674703598022,0,1024,/home/sienna/projects/experiments/lowp-optimizer-bench/reports/muon_update_fidelity_formal_s0_s1_results/muon-fidelity-formal/fp32_muon_snapshot_s0/muon_momentum_snapshots/update_001024.pt,0.00021857023239135742,0.00249287486076355,0.001375734806060791,-0.002992004156112671
muon_update_direction_oracle,"[384, 1024]",transformer.h.2.mlp.c_proj.weight,transformer.h.2.mlp.c_proj.weight,int4-dynamic-b2048,4,dynamic,2048,0.01885986328125,0.21943679451942444,0.9757886528968811,0.9935592412948608,ok,0.46352246403694153,0.8939241170883179,1.012048363685608,ok,0.46352246403694153,0.8939241170883179,1.012048363685608,0,1024,/home/sienna/projects/experiments/lowp-optimizer-bench/reports/muon_update_fidelity_formal_s0_s1_results/muon-fidelity-formal/fp32_muon_snapshot_s0/muon_momentum_snapshots/update_001024.pt,-1.4424324035644531e-05,0.0001256316900253296,5.233287811279297e-05,-0.0001494288444519043
nearest,"[1152, 384]",transformer.h.3.attn.c_attn.weight,transformer.h.3.attn.c_attn.weight,int4-dynamic-b2048,4,dynamic,2048,0.014869972132146358,0.20096632838249207,0.9797515273094177,0.9970902800559998,ok,1.0137150287628174,0.5120677351951599,1.050427794456482,ok,1.0137150287628174,0.5120677351951599,1.050427794456482,0,1024,/home/sienna/projects/experiments/lowp-optimizer-bench/reports/muon_update_fidelity_formal_s0_s1_results/muon-fidelity-formal/fp32_muon_snapshot_s0/muon_momentum_snapshots/update_001024.pt,,,,
raw_direction_oracle,"[1152, 384]",transformer.h.3.attn.c_attn.weight,transformer.h.3.attn.c_attn.weight,int4-dynamic-b2048,4,dynamic,2048,0.014820240437984467,0.20379431545734406,0.9801706075668335,1.0277800559997559,ok,1.0112971067428589,0.5147498846054077,1.0511165857315063,ok,1.0112971067428589,0.5147498846054077,1.0511165857315063,0,1024,/home/sienna/projects/experiments/lowp-optimizer-bench/reports/muon_update_fidelity_formal_s0_s1_results/muon-fidelity-formal/fp32_muon_snapshot_s0/muon_momentum_snapshots/update_001024.pt,0.0004190802574157715,0.0028279870748519897,0.0026821494102478027,-0.002417922019958496
muon_update_direction_oracle,"[1152, 384]",transformer.h.3.attn.c_attn.weight,transformer.h.3.attn.c_attn.weight,int4-dynamic-b2048,4,dynamic,2048,0.014869972132146358,0.2010723501443863,0.9797406792640686,0.9976798892021179,ok,1.013733983039856,0.5121152400970459,1.0505564212799072,ok,1.013733983039856,0.5121152400970459,1.0505564212799072,0,1024,/home/sienna/projects/experiments/lowp-optimizer-bench/reports/muon_update_fidelity_formal_s0_s1_results/muon-fidelity-formal/fp32_muon_snapshot_s0/muon_momentum_snapshots/update_001024.pt,-1.0848045349121094e-05,0.00010602176189422607,4.750490188598633e-05,1.895427703857422e-05
nearest,"[384, 384]",transformer.h.3.attn.c_proj.weight,transformer.h.3.attn.c_proj.weight,int4-dynamic-b2048,4,dynamic,2048,0.0116712786257267,0.19179880619049072,0.9816283583641052,1.001150131225586,ok,0.9975626468658447,0.5359523892402649,1.06734299659729,ok,0.9975626468658447,0.5359523892402649,1.06734299659729,0,1024,/home/sienna/projects/experiments/lowp-optimizer-bench/reports/muon_update_fidelity_formal_s0_s1_results/muon-fidelity-formal/fp32_muon_snapshot_s0/muon_momentum_snapshots/update_001024.pt,,,,
raw_direction_oracle,"[384, 384]",transformer.h.3.attn.c_proj.weight,transformer.h.3.attn.c_proj.weight,int4-dynamic-b2048,4,dynamic,2048,0.01165771484375,0.19488705694675446,0.9821840524673462,1.0338225364685059,ok,0.9944003820419312,0.5388626456260681,1.0672613382339478,ok,0.9944003820419312,0.5388626456260681,1.0672613382339478,0,1024,/home/sienna/projects/experiments/lowp-optimizer-bench/reports/muon_update_fidelity_formal_s0_s1_results/muon-fidelity-formal/fp32_muon_snapshot_s0/muon_momentum_snapshots/update_001024.pt,0.0005556941032409668,0.003088250756263733,0.0029102563858032227,-0.0031622648239135742
muon_update_direction_oracle,"[384, 384]",transformer.h.3.attn.c_proj.weight,transformer.h.3.attn.c_proj.weight,int4-dynamic-b2048,4,dynamic,2048,0.0116712786257267,0.19183535873889923,0.9816287755966187,1.001521110534668,ok,0.9974972605705261,0.5359800457954407,1.067275881767273,ok,0.9974972605705261,0.5359800457954407,1.067275881767273,0,1024,/home/sienna/projects/experiments/lowp-optimizer-bench/reports/muon_update_fidelity_formal_s0_s1_results/muon-fidelity-formal/fp32_muon_snapshot_s0/muon_momentum_snapshots/update_001024.pt,4.172325134277344e-07,3.65525484085083e-05,2.765655517578125e-05,-6.538629531860352e-05
nearest,"[1024, 384]",transformer.h.3.mlp.w1.weight,transformer.h.3.mlp.w1.weight,int4-dynamic-b2048,4,dynamic,2048,0.01219940185546875,0.1925470530986786,0.9814670085906982,1.0002278089523315,ok,0.45980939269065857,0.8948884606361389,1.005567193031311,ok,0.45980939269065857,0.8948884606361389,1.005567193031311,0,1024,/home/sienna/projects/experiments/lowp-optimizer-bench/reports/muon_update_fidelity_formal_s0_s1_results/muon-fidelity-formal/fp32_muon_snapshot_s0/muon_momentum_snapshots/update_001024.pt,,,,
raw_direction_oracle,"[1024, 384]",transformer.h.3.mlp.w1.weight,transformer.h.3.mlp.w1.weight,int4-dynamic-b2048,4,dynamic,2048,0.012179057113826275,0.19564133882522583,0.9819772839546204,1.0325236320495605,ok,0.4543570578098297,0.8973182439804077,1.0051159858703613,ok,0.4543570578098297,0.8973182439804077,1.0051159858703613,0,1024,/home/sienna/projects/experiments/lowp-optimizer-bench/reports/muon_update_fidelity_formal_s0_s1_results/muon-fidelity-formal/fp32_muon_snapshot_s0/muon_momentum_snapshots/update_001024.pt,0.0005102753639221191,0.003094285726547241,0.002429783344268799,-0.005452334880828857
muon_update_direction_oracle,"[1024, 384]",transformer.h.3.mlp.w1.weight,transformer.h.3.mlp.w1.weight,int4-dynamic-b2048,4,dynamic,2048,0.01219940185546875,0.19327498972415924,0.9813846349716187,1.0030860900878906,ok,0.4595699906349182,0.8949704766273499,1.0053176879882812,ok,0.4595699906349182,0.8949704766273499,1.0053176879882812,0,1024,/home/sienna/projects/experiments/lowp-optimizer-bench/reports/muon_update_fidelity_formal_s0_s1_results/muon-fidelity-formal/fp32_muon_snapshot_s0/muon_momentum_snapshots/update_001024.pt,-8.237361907958984e-05,0.0007279366254806519,8.20159912109375e-05,-0.00023940205574035645
nearest,"[1024, 384]",transformer.h.3.mlp.w2.weight,transformer.h.3.mlp.w2.weight,int4-dynamic-b2048,4,dynamic,2048,0.012936909683048725,0.19340340793132782,0.9812973141670227,0.9999859929084778,ok,0.46788567304611206,0.8907827734947205,1.0021871328353882,ok,0.46788567304611206,0.8907827734947205,1.0021871328353882,0,1024,/home/sienna/projects/experiments/lowp-optimizer-bench/reports/muon_update_fidelity_formal_s0_s1_results/muon-fidelity-formal/fp32_muon_snapshot_s0/muon_momentum_snapshots/update_001024.pt,,,,
raw_direction_oracle,"[1024, 384]",transformer.h.3.mlp.w2.weight,transformer.h.3.mlp.w2.weight,int4-dynamic-b2048,4,dynamic,2048,0.012903849594295025,0.19651761651039124,0.9817836880683899,1.0319700241088867,ok,0.4604704678058624,0.8941386342048645,1.0014561414718628,ok,0.4604704678058624,0.8941386342048645,1.0014561414718628,0,1024,/home/sienna/projects/experiments/lowp-optimizer-bench/reports/muon_update_fidelity_formal_s0_s1_results/muon-fidelity-formal/fp32_muon_snapshot_s0/muon_momentum_snapshots/update_001024.pt,0.0004863739013671875,0.0031142085790634155,0.003355860710144043,-0.007415205240249634
muon_update_direction_oracle,"[1024, 384]",transformer.h.3.mlp.w2.weight,transformer.h.3.mlp.w2.weight,int4-dynamic-b2048,4,dynamic,2048,0.012936909683048725,0.19388359785079956,0.9812526106834412,1.0024030208587646,ok,0.467756986618042,0.8908130526542664,1.0019186735153198,ok,0.467756986618042,0.8908130526542664,1.0019186735153198,0,1024,/home/sienna/projects/experiments/lowp-optimizer-bench/reports/muon_update_fidelity_formal_s0_s1_results/muon-fidelity-formal/fp32_muon_snapshot_s0/muon_momentum_snapshots/update_001024.pt,-4.470348358154297e-05,0.0004801899194717407,3.0279159545898438e-05,-0.00012868642807006836
nearest,"[384, 1024]",transformer.h.3.mlp.c_proj.weight,transformer.h.3.mlp.c_proj.weight,int4-dynamic-b2048,4,dynamic,2048,0.0175348911434412,0.2199302613735199,0.9756463170051575,0.9916146993637085,ok,0.4461219906806946,0.9017204642295837,1.0118327140808105,ok,0.4461219906806946,0.9017204642295837,1.0118327140808105,0,1024,/home/sienna/projects/experiments/lowp-optimizer-bench/reports/muon_update_fidelity_formal_s0_s1_results/muon-fidelity-formal/fp32_muon_snapshot_s0/muon_momentum_snapshots/update_001024.pt,,,,
raw_direction_oracle,"[384, 1024]",transformer.h.3.mlp.c_proj.weight,transformer.h.3.mlp.c_proj.weight,int4-dynamic-b2048,4,dynamic,2048,0.01749420166015625,0.2222120612859726,0.9758434891700745,1.0164459943771362,ok,0.44242799282073975,0.9032516479492188,1.010982871055603,ok,0.44242799282073975,0.9032516479492188,1.010982871055603,0,1024,/home/sienna/projects/experiments/lowp-optimizer-bench/reports/muon_update_fidelity_formal_s0_s1_results/muon-fidelity-formal/fp32_muon_snapshot_s0/muon_momentum_snapshots/update_001024.pt,0.0001971721649169922,0.0022817999124526978,0.0015311837196350098,-0.003693997859954834
muon_update_direction_oracle,"[384, 1024]",transformer.h.3.mlp.c_proj.weight,transformer.h.3.mlp.c_proj.weight,int4-dynamic-b2048,4,dynamic,2048,0.0175348911434412,0.21997621655464172,0.9756410121917725,0.9919206500053406,ok,0.44611701369285583,0.9017271995544434,1.0118741989135742,ok,0.44611701369285583,0.9017271995544434,1.0118741989135742,0,1024,/home/sienna/projects/experiments/lowp-optimizer-bench/reports/muon_update_fidelity_formal_s0_s1_results/muon-fidelity-formal/fp32_muon_snapshot_s0/muon_momentum_snapshots/update_001024.pt,-5.304813385009766e-06,4.595518112182617e-05,6.735324859619141e-06,-4.976987838745117e-06
nearest,"[1152, 384]",transformer.h.4.attn.c_attn.weight,transformer.h.4.attn.c_attn.weight,int4-dynamic-b2048,4,dynamic,2048,0.012711136601865292,0.1916811317205429,0.981665849685669,1.001900315284729,ok,0.9797586798667908,0.5439086556434631,1.0496397018432617,ok,0.9797586798667908,0.5439086556434631,1.0496397018432617,0,1024,/home/sienna/projects/experiments/lowp-optimizer-bench/reports/muon_update_fidelity_formal_s0_s1_results/muon-fidelity-formal/fp32_muon_snapshot_s0/muon_momentum_snapshots/update_001024.pt,,,,
raw_direction_oracle,"[1152, 384]",transformer.h.4.attn.c_attn.weight,transformer.h.4.attn.c_attn.weight,int4-dynamic-b2048,4,dynamic,2048,0.0126817487180233,0.19486474990844727,0.9822919368743896,1.0358595848083496,ok,0.9728272557258606,0.5500943064689636,1.0490899085998535,ok,0.9728272557258606,0.5500943064689636,1.0490899085998535,0,1024,/home/sienna/projects/experiments/lowp-optimizer-bench/reports/muon_update_fidelity_formal_s0_s1_results/muon-fidelity-formal/fp32_muon_snapshot_s0/muon_momentum_snapshots/update_001024.pt,0.0006260871887207031,0.003183618187904358,0.006185650825500488,-0.006931424140930176
muon_update_direction_oracle,"[1152, 384]",transformer.h.4.attn.c_attn.weight,transformer.h.4.attn.c_attn.weight,int4-dynamic-b2048,4,dynamic,2048,0.012711136601865292,0.19169753789901733,0.9816676378250122,1.0021408796310425,ok,0.9796551465988159,0.5440106391906738,1.0496506690979004,ok,0.9796551465988159,0.5440106391906738,1.0496506690979004,0,1024,/home/sienna/projects/experiments/lowp-optimizer-bench/reports/muon_update_fidelity_formal_s0_s1_results/muon-fidelity-formal/fp32_muon_snapshot_s0/muon_momentum_snapshots/update_001024.pt,1.7881393432617188e-06,1.640617847442627e-05,0.00010198354721069336,-0.00010353326797485352
nearest,"[384, 384]",transformer.h.4.attn.c_proj.weight,transformer.h.4.attn.c_proj.weight,int4-dynamic-b2048,4,dynamic,2048,0.0097791887819767,0.1895367056131363,0.9820566177368164,1.0010136365890503,ok,0.9745458960533142,0.5578815937042236,1.0687354803085327,ok,0.9745458960533142,0.5578815937042236,1.0687354803085327,0,1024,/home/sienna/projects/experiments/lowp-optimizer-bench/reports/muon_update_fidelity_formal_s0_s1_results/muon-fidelity-formal/fp32_muon_snapshot_s0/muon_momentum_snapshots/update_001024.pt,,,,
raw_direction_oracle,"[384, 384]",transformer.h.4.attn.c_proj.weight,transformer.h.4.attn.c_proj.weight,int4-dynamic-b2048,4,dynamic,2048,0.00977240689098835,0.19239722192287445,0.9825519323348999,1.0317987203598022,ok,0.9705769419670105,0.5614854097366333,1.0687187910079956,ok,0.9705769419670105,0.5614854097366333,1.0687187910079956,0,1024,/home/sienna/projects/experiments/lowp-optimizer-bench/reports/muon_update_fidelity_formal_s0_s1_results/muon-fidelity-formal/fp32_muon_snapshot_s0/muon_momentum_snapshots/update_001024.pt,0.0004953145980834961,0.002860516309738159,0.003603816032409668,-0.003968954086303711
muon_update_direction_oracle,"[384, 384]",transformer.h.4.attn.c_proj.weight,transformer.h.4.attn.c_proj.weight,int4-dynamic-b2048,4,dynamic,2048,0.0097791887819767,0.1897916942834854,0.9820336699485779,1.002306580543518,ok,0.9740820527076721,0.5583829283714294,1.0688997507095337,ok,0.9740820527076721,0.5583829283714294,1.0688997507095337,0,1024,/home/sienna/projects/experiments/lowp-optimizer-bench/reports/muon_update_fidelity_formal_s0_s1_results/muon-fidelity-formal/fp32_muon_snapshot_s0/muon_momentum_snapshots/update_001024.pt,-2.294778823852539e-05,0.0002549886703491211,0.0005013346672058105,-0.00046384334564208984
nearest,"[1024, 384]",transformer.h.4.mlp.w1.weight,transformer.h.4.mlp.w1.weight,int4-dynamic-b2048,4,dynamic,2048,0.012967427261173725,0.1989290863275528,0.9801889657974243,0.9987101554870605,ok,0.4734910726547241,0.8884363174438477,1.004682183265686,ok,0.4734910726547241,0.8884363174438477,1.004682183265686,0,1024,/home/sienna/projects/experiments/lowp-optimizer-bench/reports/muon_update_fidelity_formal_s0_s1_results/muon-fidelity-formal/fp32_muon_snapshot_s0/muon_momentum_snapshots/update_001024.pt,,,,
raw_direction_oracle,"[1024, 384]",transformer.h.4.mlp.w1.weight,transformer.h.4.mlp.w1.weight,int4-dynamic-b2048,4,dynamic,2048,0.012952168472111225,0.20184241235256195,0.9806160926818848,1.0290725231170654,ok,0.46964073181152344,0.8902947306632996,1.0051300525665283,ok,0.46964073181152344,0.8902947306632996,1.0051300525665283,0,1024,/home/sienna/projects/experiments/lowp-optimizer-bench/reports/muon_update_fidelity_formal_s0_s1_results/muon-fidelity-formal/fp32_muon_snapshot_s0/muon_momentum_snapshots/update_001024.pt,0.0004271268844604492,0.0029133260250091553,0.0018584132194519043,-0.0038503408432006836
muon_update_direction_oracle,"[1024, 384]",transformer.h.4.mlp.w1.weight,transformer.h.4.mlp.w1.weight,int4-dynamic-b2048,4,dynamic,2048,0.012967427261173725,0.1991475522518158,0.9801676273345947,0.9998615980148315,ok,0.47337302565574646,0.8884763717651367,1.004546046257019,ok,0.47337302565574646,0.8884763717651367,1.004546046257019,0,1024,/home/sienna/projects/experiments/lowp-optimizer-bench/reports/muon_update_fidelity_formal_s0_s1_results/muon-fidelity-formal/fp32_muon_snapshot_s0/muon_momentum_snapshots/update_001024.pt,-2.1338462829589844e-05,0.0002184659242630005,4.00543212890625e-05,-0.00011804699897766113
nearest,"[1024, 384]",transformer.h.4.mlp.w2.weight,transformer.h.4.mlp.w2.weight,int4-dynamic-b2048,4,dynamic,2048,0.013387043960392475,0.1980283558368683,0.9803710579872131,0.9988806843757629,ok,0.47571301460266113,0.8872225880622864,1.0032678842544556,ok,0.47571301460266113,0.8872225880622864,1.0032678842544556,0,1024,/home/sienna/projects/experiments/lowp-optimizer-bench/reports/muon_update_fidelity_formal_s0_s1_results/muon-fidelity-formal/fp32_muon_snapshot_s0/muon_momentum_snapshots/update_001024.pt,,,,
raw_direction_oracle,"[1024, 384]",transformer.h.4.mlp.w2.weight,transformer.h.4.mlp.w2.weight,int4-dynamic-b2048,4,dynamic,2048,0.013364155776798725,0.20102450251579285,0.98081374168396,1.0298655033111572,ok,0.4705823063850403,0.889679491519928,1.0035970211029053,ok,0.4705823063850403,0.889679491519928,1.0035970211029053,0,1024,/home/sienna/projects/experiments/lowp-optimizer-bench/reports/muon_update_fidelity_formal_s0_s1_results/muon-fidelity-formal/fp32_muon_snapshot_s0/muon_momentum_snapshots/update_001024.pt,0.00044268369674682617,0.0029961466789245605,0.0024569034576416016,-0.00513070821762085
muon_update_direction_oracle,"[1024, 384]",transformer.h.4.mlp.w2.weight,transformer.h.4.mlp.w2.weight,int4-dynamic-b2048,4,dynamic,2048,0.013387043960392475,0.19816096127033234,0.9803590774536133,0.9996368885040283,ok,0.47556841373443604,0.8872782588005066,1.0031565427780151,ok,0.47556841373443604,0.8872782588005066,1.0031565427780151,0,1024,/home/sienna/projects/experiments/lowp-optimizer-bench/reports/muon_update_fidelity_formal_s0_s1_results/muon-fidelity-formal/fp32_muon_snapshot_s0/muon_momentum_snapshots/update_001024.pt,-1.1980533599853516e-05,0.0001326054334640503,5.5670738220214844e-05,-0.00014460086822509766
nearest,"[384, 1024]",transformer.h.4.mlp.c_proj.weight,transformer.h.4.mlp.c_proj.weight,int4-dynamic-b2048,4,dynamic,2048,0.0163091029971838,0.2131626456975937,0.9771878123283386,0.9954718351364136,ok,0.46095114946365356,0.8951006531715393,1.0120667219161987,ok,0.46095114946365356,0.8951006531715393,1.0120667219161987,0,1024,/home/sienna/projects/experiments/lowp-optimizer-bench/reports/muon_update_fidelity_formal_s0_s1_results/muon-fidelity-formal/fp32_muon_snapshot_s0/muon_momentum_snapshots/update_001024.pt,,,,
raw_direction_oracle,"[384, 1024]",transformer.h.4.mlp.c_proj.weight,transformer.h.4.mlp.c_proj.weight,int4-dynamic-b2048,4,dynamic,2048,0.01627095602452755,0.21596434712409973,0.977550208568573,1.0249321460723877,ok,0.4571157991886139,0.8968580365180969,1.0122239589691162,ok,0.4571157991886139,0.8968580365180969,1.0122239589691162,0,1024,/home/sienna/projects/experiments/lowp-optimizer-bench/reports/muon_update_fidelity_formal_s0_s1_results/muon-fidelity-formal/fp32_muon_snapshot_s0/muon_momentum_snapshots/update_001024.pt,0.000362396240234375,0.0028017014265060425,0.0017573833465576172,-0.003835350275039673
muon_update_direction_oracle,"[384, 1024]",transformer.h.4.mlp.c_proj.weight,transformer.h.4.mlp.c_proj.weight,int4-dynamic-b2048,4,dynamic,2048,0.0163091029971838,0.2131960242986679,0.9771838188171387,0.9956533312797546,ok,0.4609014391899109,0.895117998123169,1.0120211839675903,ok,0.4609014391899109,0.895117998123169,1.0120211839675903,0,1024,/home/sienna/projects/experiments/lowp-optimizer-bench/reports/muon_update_fidelity_formal_s0_s1_results/muon-fidelity-formal/fp32_muon_snapshot_s0/muon_momentum_snapshots/update_001024.pt,-3.993511199951172e-06,3.337860107421875e-05,1.7344951629638672e-05,-4.971027374267578e-05
nearest,"[1152, 384]",transformer.h.5.attn.c_attn.weight,transformer.h.5.attn.c_attn.weight,int4-dynamic-b2048,4,dynamic,2048,0.012532551772892475,0.20371294021606445,0.9792036414146423,0.9976088404655457,ok,1.0291190147399902,0.5077586770057678,1.0707017183303833,ok,1.0291190147399902,0.5077586770057678,1.0707017183303833,0,1024,/home/sienna/projects/experiments/lowp-optimizer-bench/reports/muon_update_fidelity_formal_s0_s1_results/muon-fidelity-formal/fp32_muon_snapshot_s0/muon_momentum_snapshots/update_001024.pt,,,,
raw_direction_oracle,"[1152, 384]",transformer.h.5.attn.c_attn.weight,transformer.h.5.attn.c_attn.weight,int4-dynamic-b2048,4,dynamic,2048,0.012514467351138592,0.20629246532917023,0.9796225428581238,1.0267077684402466,ok,1.027714729309082,0.5097037553787231,1.0718388557434082,ok,1.027714729309082,0.5097037553787231,1.0718388557434082,0,1024,/home/sienna/projects/experiments/lowp-optimizer-bench/reports/muon_update_fidelity_formal_s0_s1_results/muon-fidelity-formal/fp32_muon_snapshot_s0/muon_momentum_snapshots/update_001024.pt,0.0004189014434814453,0.002579525113105774,0.0019450783729553223,-0.0014042854309082031
muon_update_direction_oracle,"[1152, 384]",transformer.h.5.attn.c_attn.weight,transformer.h.5.attn.c_attn.weight,int4-dynamic-b2048,4,dynamic,2048,0.012532551772892475,0.2037658542394638,0.979201078414917,0.9980534315109253,ok,1.029015302658081,0.5078279376029968,1.0706439018249512,ok,1.029015302658081,0.5078279376029968,1.0706439018249512,0,1024,/home/sienna/projects/experiments/lowp-optimizer-bench/reports/muon_update_fidelity_formal_s0_s1_results/muon-fidelity-formal/fp32_muon_snapshot_s0/muon_momentum_snapshots/update_001024.pt,-2.562999725341797e-06,5.291402339935303e-05,6.92605972290039e-05,-0.00010371208190917969
nearest,"[384, 384]",transformer.h.5.attn.c_proj.weight,transformer.h.5.attn.c_proj.weight,int4-dynamic-b2048,4,dynamic,2048,0.009189181961119175,0.18524789810180664,0.982876718044281,1.0019452571868896,ok,1.001400351524353,0.53770911693573,1.0780179500579834,ok,1.001400351524353,0.53770911693573,1.0780179500579834,0,1024,/home/sienna/projects/experiments/lowp-optimizer-bench/reports/muon_update_fidelity_formal_s0_s1_results/muon-fidelity-formal/fp32_muon_snapshot_s0/muon_momentum_snapshots/update_001024.pt,,,,
raw_direction_oracle,"[384, 384]",transformer.h.5.attn.c_proj.weight,transformer.h.5.attn.c_proj.weight,int4-dynamic-b2048,4,dynamic,2048,0.009182400070130825,0.1880626380443573,0.9833453297615051,1.0316733121871948,ok,0.9926372766494751,0.5461665391921997,1.0787326097488403,ok,0.9926372766494751,0.5461665391921997,1.0787326097488403,0,1024,/home/sienna/projects/experiments/lowp-optimizer-bench/reports/muon_update_fidelity_formal_s0_s1_results/muon-fidelity-formal/fp32_muon_snapshot_s0/muon_momentum_snapshots/update_001024.pt,0.0004686117172241211,0.002814739942550659,0.008457422256469727,-0.00876307487487793
muon_update_direction_oracle,"[384, 384]",transformer.h.5.attn.c_proj.weight,transformer.h.5.attn.c_proj.weight,int4-dynamic-b2048,4,dynamic,2048,0.009189181961119175,0.18528255820274353,0.9828744530677795,1.0021569728851318,ok,1.001288890838623,0.5377628207206726,1.077918529510498,ok,1.001288890838623,0.5377628207206726,1.077918529510498,0,1024,/home/sienna/projects/experiments/lowp-optimizer-bench/reports/muon_update_fidelity_formal_s0_s1_results/muon-fidelity-formal/fp32_muon_snapshot_s0/muon_momentum_snapshots/update_001024.pt,-2.2649765014648438e-06,3.466010093688965e-05,5.370378494262695e-05,-0.00011146068572998047
nearest,"[1024, 384]",transformer.h.5.mlp.w1.weight,transformer.h.5.mlp.w1.weight,int4-dynamic-b2048,4,dynamic,2048,0.014989216811954975,0.19791199266910553,0.9803645014762878,0.9972160458564758,ok,0.5165199637413025,0.865880012512207,0.9944919347763062,ok,0.5165199637413025,0.865880012512207,0.9944919347763062,0,1024,/home/sienna/projects/experiments/lowp-optimizer-bench/reports/muon_update_fidelity_formal_s0_s1_results/muon-fidelity-formal/fp32_muon_snapshot_s0/muon_momentum_snapshots/update_001024.pt,,,,
raw_direction_oracle,"[1024, 384]",transformer.h.5.mlp.w1.weight,transformer.h.5.mlp.w1.weight,int4-dynamic-b2048,4,dynamic,2048,0.014935811050236225,0.20068511366844177,0.9807361960411072,1.0267562866210938,ok,0.5111175179481506,0.8684893846511841,0.9930481314659119,ok,0.5111175179481506,0.8684893846511841,0.9930481314659119,0,1024,/home/sienna/projects/experiments/lowp-optimizer-bench/reports/muon_update_fidelity_formal_s0_s1_results/muon-fidelity-formal/fp32_muon_snapshot_s0/muon_momentum_snapshots/update_001024.pt,0.00037169456481933594,0.0027731209993362427,0.0026093721389770508,-0.0054024457931518555
muon_update_direction_oracle,"[1024, 384]",transformer.h.5.mlp.w1.weight,transformer.h.5.mlp.w1.weight,int4-dynamic-b2048,4,dynamic,2048,0.014989216811954975,0.1986929029226303,0.9803088307380676,1.002314567565918,ok,0.5160682797431946,0.8660749197006226,0.9941848516464233,ok,0.5160682797431946,0.8660749197006226,0.9941848516464233,0,1024,/home/sienna/projects/experiments/lowp-optimizer-bench/reports/muon_update_fidelity_formal_s0_s1_results/muon-fidelity-formal/fp32_muon_snapshot_s0/muon_momentum_snapshots/update_001024.pt,-5.5670738220214844e-05,0.0007809102535247803,0.00019490718841552734,-0.00045168399810791016
nearest,"[1024, 384]",transformer.h.5.mlp.w2.weight,transformer.h.5.mlp.w2.weight,int4-dynamic-b2048,4,dynamic,2048,0.01543426513671875,0.2005375474691391,0.979867696762085,0.9987426996231079,ok,0.5204005837440491,0.8633478879928589,0.9905737638473511,ok,0.5204005837440491,0.8633478879928589,0.9905737638473511,0,1024,/home/sienna/projects/experiments/lowp-optimizer-bench/reports/muon_update_fidelity_formal_s0_s1_results/muon-fidelity-formal/fp32_muon_snapshot_s0/muon_momentum_snapshots/update_001024.pt,,,,
raw_direction_oracle,"[1024, 384]",transformer.h.5.mlp.w2.weight,transformer.h.5.mlp.w2.weight,int4-dynamic-b2048,4,dynamic,2048,0.015401204116642475,0.20399096608161926,0.9802557229995728,1.030390977859497,ok,0.515131950378418,0.8659147620201111,0.9890788197517395,ok,0.515131950378418,0.8659147620201111,0.9890788197517395,0,1024,/home/sienna/projects/experiments/lowp-optimizer-bench/reports/muon_update_fidelity_formal_s0_s1_results/muon-fidelity-formal/fp32_muon_snapshot_s0/muon_momentum_snapshots/update_001024.pt,0.00038802623748779297,0.0034534186124801636,0.0025668740272521973,-0.0052686333656311035
muon_update_direction_oracle,"[1024, 384]",transformer.h.5.mlp.w2.weight,transformer.h.5.mlp.w2.weight,int4-dynamic-b2048,4,dynamic,2048,0.01543426513671875,0.2029632180929184,0.9795982837677002,1.0080076456069946,ok,0.5199869871139526,0.8635071516036987,0.9901207089424133,ok,0.5199869871139526,0.8635071516036987,0.9901207089424133,0,1024,/home/sienna/projects/experiments/lowp-optimizer-bench/reports/muon_update_fidelity_formal_s0_s1_results/muon-fidelity-formal/fp32_muon_snapshot_s0/muon_momentum_snapshots/update_001024.pt,-0.0002694129943847656,0.002425670623779297,0.00015926361083984375,-0.00041359663009643555
nearest,"[384, 1024]",transformer.h.5.mlp.c_proj.weight,transformer.h.5.mlp.c_proj.weight,int4-dynamic-b2048,4,dynamic,2048,0.01906585693359375,0.22368644177913666,0.9747992157936096,0.9912035465240479,ok,0.5513215065002441,0.8497132062911987,1.0108586549758911,ok,0.5513215065002441,0.8497132062911987,1.0108586549758911,0,1024,/home/sienna/projects/experiments/lowp-optimizer-bench/reports/muon_update_fidelity_formal_s0_s1_results/muon-fidelity-formal/fp32_muon_snapshot_s0/muon_momentum_snapshots/update_001024.pt,,,,
raw_direction_oracle,"[384, 1024]",transformer.h.5.mlp.c_proj.weight,transformer.h.5.mlp.c_proj.weight,int4-dynamic-b2048,4,dynamic,2048,0.0189997348934412,0.2259281724691391,0.9750114679336548,1.0161309242248535,ok,0.5475278496742249,0.8517511487007141,1.0107066631317139,ok,0.5475278496742249,0.8517511487007141,1.0107066631317139,0,1024,/home/sienna/projects/experiments/lowp-optimizer-bench/reports/muon_update_fidelity_formal_s0_s1_results/muon-fidelity-formal/fp32_muon_snapshot_s0/muon_momentum_snapshots/update_001024.pt,0.00021225214004516602,0.0022417306900024414,0.002037942409515381,-0.003793656826019287
muon_update_direction_oracle,"[384, 1024]",transformer.h.5.mlp.c_proj.weight,transformer.h.5.mlp.c_proj.weight,int4-dynamic-b2048,4,dynamic,2048,0.01906585693359375,0.2238432615995407,0.9747760891914368,0.9919270873069763,ok,0.5512557029724121,0.849735677242279,1.0107742547988892,ok,0.5512557029724121,0.849735677242279,1.0107742547988892,0,1024,/home/sienna/projects/experiments/lowp-optimizer-bench/reports/muon_update_fidelity_formal_s0_s1_results/muon-fidelity-formal/fp32_muon_snapshot_s0/muon_momentum_snapshots/update_001024.pt,-2.3126602172851562e-05,0.00015681982040405273,2.2470951080322266e-05,-6.580352783203125e-05
nearest,"[1152, 384]",transformer.h.0.attn.c_attn.weight,transformer.h.0.attn.c_attn.weight,int4-dynamic-b2048,4,dynamic,2048,0.019298411905765533,0.20226556062698364,0.9794978499412537,0.9975926280021667,ok,0.9701786637306213,0.5492119193077087,1.0420409440994263,ok,0.9701786637306213,0.5492119193077087,1.0420409440994263,0,2048,/home/sienna/projects/experiments/lowp-optimizer-bench/reports/muon_update_fidelity_formal_s0_s1_results/muon-fidelity-formal/fp32_muon_snapshot_s0/muon_momentum_snapshots/update_002048.pt,,,,
raw_direction_oracle,"[1152, 384]",transformer.h.0.attn.c_attn.weight,transformer.h.0.attn.c_attn.weight,int4-dynamic-b2048,4,dynamic,2048,0.019194426015019417,0.20504525303840637,0.9799173474311829,1.027680516242981,ok,0.9638088941574097,0.5547295808792114,1.0411988496780396,ok,0.9638088941574097,0.5547295808792114,1.0411988496780396,0,2048,/home/sienna/projects/experiments/lowp-optimizer-bench/reports/muon_update_fidelity_formal_s0_s1_results/muon-fidelity-formal/fp32_muon_snapshot_s0/muon_momentum_snapshots/update_002048.pt,0.0004194974899291992,0.0027796924114227295,0.0055176615715026855,-0.00636976957321167
muon_update_direction_oracle,"[1152, 384]",transformer.h.0.attn.c_attn.weight,transformer.h.0.attn.c_attn.weight,int4-dynamic-b2048,4,dynamic,2048,0.019298411905765533,0.20266640186309814,0.9794496297836304,0.999334454536438,ok,0.9700183272361755,0.5494126081466675,1.0421497821807861,ok,0.9700183272361755,0.5494126081466675,1.0421497821807861,0,2048,/home/sienna/projects/experiments/lowp-optimizer-bench/reports/muon_update_fidelity_formal_s0_s1_results/muon-fidelity-formal/fp32_muon_snapshot_s0/muon_momentum_snapshots/update_002048.pt,-4.8220157623291016e-05,0.00040084123611450195,0.00020068883895874023,-0.00016033649444580078
nearest,"[384, 384]",transformer.h.0.attn.c_proj.weight,transformer.h.0.attn.c_proj.weight,int4-dynamic-b2048,4,dynamic,2048,0.014431423507630825,0.2088974565267563,0.9781054854393005,0.9962307214736938,ok,1.0358777046203613,0.4971565008163452,1.063024878501892,ok,1.0358777046203613,0.4971565008163452,1.063024878501892,0,2048,/home/sienna/projects/experiments/lowp-optimizer-bench/reports/muon_update_fidelity_formal_s0_s1_results/muon-fidelity-formal/fp32_muon_snapshot_s0/muon_momentum_snapshots/update_002048.pt,,,,
raw_direction_oracle,"[384, 384]",transformer.h.0.attn.c_proj.weight,transformer.h.0.attn.c_proj.weight,int4-dynamic-b2048,4,dynamic,2048,0.014363606460392475,0.2115951031446457,0.9784936904907227,1.0256370306015015,ok,1.0357978343963623,0.49847880005836487,1.0653635263442993,ok,1.0357978343963623,0.49847880005836487,1.0653635263442993,0,2048,/home/sienna/projects/experiments/lowp-optimizer-bench/reports/muon_update_fidelity_formal_s0_s1_results/muon-fidelity-formal/fp32_muon_snapshot_s0/muon_momentum_snapshots/update_002048.pt,0.00038820505142211914,0.0026976466178894043,0.0013222992420196533,-7.987022399902344e-05
muon_update_direction_oracle,"[384, 384]",transformer.h.0.attn.c_proj.weight,transformer.h.0.attn.c_proj.weight,int4-dynamic-b2048,4,dynamic,2048,0.014431423507630825,0.2090194821357727,0.978090763092041,0.9968207478523254,ok,1.035691499710083,0.49728983640670776,1.0629347562789917,ok,1.035691499710083,0.49728983640670776,1.0629347562789917,0,2048,/home/sienna/projects/experiments/lowp-optimizer-bench/reports/muon_update_fidelity_formal_s0_s1_results/muon-fidelity-formal/fp32_muon_snapshot_s0/muon_momentum_snapshots/update_002048.pt,-1.4722347259521484e-05,0.00012202560901641846,0.00013333559036254883,-0.0001862049102783203
nearest,"[1024, 384]",transformer.h.0.mlp.w1.weight,transformer.h.0.mlp.w1.weight,int4-dynamic-b2048,4,dynamic,2048,0.01218414306640625,0.19363290071487427,0.981255829334259,1.0001415014266968,ok,0.37948164343833923,0.9285079836845398,1.0068269968032837,ok,0.37948164343833923,0.9285079836845398,1.0068269968032837,0,2048,/home/sienna/projects/experiments/lowp-optimizer-bench/reports/muon_update_fidelity_formal_s0_s1_results/muon-fidelity-formal/fp32_muon_snapshot_s0/muon_momentum_snapshots/update_002048.pt,,,,
raw_direction_oracle,"[1024, 384]",transformer.h.0.mlp.w1.weight,transformer.h.0.mlp.w1.weight,int4-dynamic-b2048,4,dynamic,2048,0.01215362548828125,0.19658344984054565,0.9817219972610474,1.030946969985962,ok,0.3739802837371826,0.9305331110954285,1.0063828229904175,ok,0.3739802837371826,0.9305331110954285,1.0063828229904175,0,2048,/home/sienna/projects/experiments/lowp-optimizer-bench/reports/muon_update_fidelity_formal_s0_s1_results/muon-fidelity-formal/fp32_muon_snapshot_s0/muon_momentum_snapshots/update_002048.pt,0.0004661679267883301,0.0029505491256713867,0.002025127410888672,-0.005501359701156616
muon_update_direction_oracle,"[1024, 384]",transformer.h.0.mlp.w1.weight,transformer.h.0.mlp.w1.weight,int4-dynamic-b2048,4,dynamic,2048,0.01218414306640625,0.1941535472869873,0.9812069535255432,1.0027137994766235,ok,0.3792372941970825,0.9285829067230225,1.0066030025482178,ok,0.3792372941970825,0.9285829067230225,1.0066030025482178,0,2048,/home/sienna/projects/experiments/lowp-optimizer-bench/reports/muon_update_fidelity_formal_s0_s1_results/muon-fidelity-formal/fp32_muon_snapshot_s0/muon_momentum_snapshots/update_002048.pt,-4.887580871582031e-05,0.0005206465721130371,7.492303848266602e-05,-0.00024434924125671387
nearest,"[1024, 384]",transformer.h.0.mlp.w2.weight,transformer.h.0.mlp.w2.weight,int4-dynamic-b2048,4,dynamic,2048,0.012914021499454975,0.1973845213651657,0.9805040955543518,0.9991866946220398,ok,0.39081600308418274,0.924290120601654,1.0082502365112305,ok,0.39081600308418274,0.924290120601654,1.0082502365112305,0,2048,/home/sienna/projects/experiments/lowp-optimizer-bench/reports/muon_update_fidelity_formal_s0_s1_results/muon-fidelity-formal/fp32_muon_snapshot_s0/muon_momentum_snapshots/update_002048.pt,,,,
raw_direction_oracle,"[1024, 384]",transformer.h.0.mlp.w2.weight,transformer.h.0.mlp.w2.weight,int4-dynamic-b2048,4,dynamic,2048,0.01290130615234375,0.20032662153244019,0.9809287786483765,1.0294280052185059,ok,0.386755108833313,0.9258636832237244,1.0083446502685547,ok,0.386755108833313,0.9258636832237244,1.0083446502685547,0,2048,/home/sienna/projects/experiments/lowp-optimizer-bench/reports/muon_update_fidelity_formal_s0_s1_results/muon-fidelity-formal/fp32_muon_snapshot_s0/muon_momentum_snapshots/update_002048.pt,0.0004246830940246582,0.002942100167274475,0.0015735626220703125,-0.004060894250869751
muon_update_direction_oracle,"[1024, 384]",transformer.h.0.mlp.w2.weight,transformer.h.0.mlp.w2.weight,int4-dynamic-b2048,4,dynamic,2048,0.012914021499454975,0.19761084020137787,0.9804781675338745,1.0001683235168457,ok,0.39076608419418335,0.9243089556694031,1.008244276046753,ok,0.39076608419418335,0.9243089556694031,1.008244276046753,0,2048,/home/sienna/projects/experiments/lowp-optimizer-bench/reports/muon_update_fidelity_formal_s0_s1_results/muon-fidelity-formal/fp32_muon_snapshot_s0/muon_momentum_snapshots/update_002048.pt,-2.5928020477294922e-05,0.0002263188362121582,1.8835067749023438e-05,-4.991888999938965e-05
nearest,"[384, 1024]",transformer.h.0.mlp.c_proj.weight,transformer.h.0.mlp.c_proj.weight,int4-dynamic-b2048,4,dynamic,2048,0.01971944235265255,0.22570285201072693,0.9743339419364929,0.990719199180603,ok,0.47222983837127686,0.8899052143096924,1.0121028423309326,ok,0.47222983837127686,0.8899052143096924,1.0121028423309326,0,2048,/home/sienna/projects/experiments/lowp-optimizer-bench/reports/muon_update_fidelity_formal_s0_s1_results/muon-fidelity-formal/fp32_muon_snapshot_s0/muon_momentum_snapshots/update_002048.pt,,,,
raw_direction_oracle,"[384, 1024]",transformer.h.0.mlp.c_proj.weight,transformer.h.0.mlp.c_proj.weight,int4-dynamic-b2048,4,dynamic,2048,0.01966349221765995,0.2280215322971344,0.9745312929153442,1.0158222913742065,ok,0.46876055002212524,0.8914907574653625,1.0118745565414429,ok,0.46876055002212524,0.8914907574653625,1.0118745565414429,0,2048,/home/sienna/projects/experiments/lowp-optimizer-bench/reports/muon_update_fidelity_formal_s0_s1_results/muon-fidelity-formal/fp32_muon_snapshot_s0/muon_momentum_snapshots/update_002048.pt,0.00019735097885131836,0.0023186802864074707,0.001585543155670166,-0.0034692883491516113
muon_update_direction_oracle,"[384, 1024]",transformer.h.0.mlp.c_proj.weight,transformer.h.0.mlp.c_proj.weight,int4-dynamic-b2048,4,dynamic,2048,0.01971944235265255,0.2257261574268341,0.9743356108665466,0.9911312460899353,ok,0.472190797328949,0.8899109363555908,1.0119990110397339,ok,0.472190797328949,0.8899109363555908,1.0119990110397339,0,2048,/home/sienna/projects/experiments/lowp-optimizer-bench/reports/muon_update_fidelity_formal_s0_s1_results/muon-fidelity-formal/fp32_muon_snapshot_s0/muon_momentum_snapshots/update_002048.pt,1.6689300537109375e-06,2.3305416107177734e-05,5.7220458984375e-06,-3.904104232788086e-05
nearest,"[1152, 384]",transformer.h.1.attn.c_attn.weight,transformer.h.1.attn.c_attn.weight,int4-dynamic-b2048,4,dynamic,2048,0.01251220703125,0.19039592146873474,0.9819446206092834,1.0035291910171509,ok,0.9607396721839905,0.5595712661743164,1.0455143451690674,ok,0.9607396721839905,0.5595712661743164,1.0455143451690674,0,2048,/home/sienna/projects/experiments/lowp-optimizer-bench/reports/muon_update_fidelity_formal_s0_s1_results/muon-fidelity-formal/fp32_muon_snapshot_s0/muon_momentum_snapshots/update_002048.pt,,,,
raw_direction_oracle,"[1152, 384]",transformer.h.1.attn.c_attn.weight,transformer.h.1.attn.c_attn.weight,int4-dynamic-b2048,4,dynamic,2048,0.012485080398619175,0.19378948211669922,0.9825767278671265,1.0374529361724854,ok,0.9551633596420288,0.5642987489700317,1.044683814048767,ok,0.9551633596420288,0.5642987489700317,1.044683814048767,0,2048,/home/sienna/projects/experiments/lowp-optimizer-bench/reports/muon_update_fidelity_formal_s0_s1_results/muon-fidelity-formal/fp32_muon_snapshot_s0/muon_momentum_snapshots/update_002048.pt,0.0006321072578430176,0.0033935606479644775,0.004727482795715332,-0.00557631254196167
muon_update_direction_oracle,"[1152, 384]",transformer.h.1.attn.c_attn.weight,transformer.h.1.attn.c_attn.weight,int4-dynamic-b2048,4,dynamic,2048,0.01251220703125,0.19049449265003204,0.9819446206092834,1.0043814182281494,ok,0.9607222080230713,0.5596262216567993,1.045598030090332,ok,0.9607222080230713,0.5596262216567993,1.045598030090332,0,2048,/home/sienna/projects/experiments/lowp-optimizer-bench/reports/muon_update_fidelity_formal_s0_s1_results/muon-fidelity-formal/fp32_muon_snapshot_s0/muon_momentum_snapshots/update_002048.pt,0.0,9.857118129730225e-05,5.4955482482910156e-05,-1.7464160919189453e-05
nearest,"[384, 384]",transformer.h.1.attn.c_proj.weight,transformer.h.1.attn.c_proj.weight,int4-dynamic-b2048,4,dynamic,2048,0.011203342117369175,0.1854419708251953,0.9828388094902039,1.0018389225006104,ok,1.0403980016708374,0.5073209404945374,1.0902464389801025,ok,1.0403980016708374,0.5073209404945374,1.0902464389801025,0,2048,/home/sienna/projects/experiments/lowp-optimizer-bench/reports/muon_update_fidelity_formal_s0_s1_results/muon-fidelity-formal/fp32_muon_snapshot_s0/muon_momentum_snapshots/update_002048.pt,,,,
raw_direction_oracle,"[384, 384]",transformer.h.1.attn.c_proj.weight,transformer.h.1.attn.c_proj.weight,int4-dynamic-b2048,4,dynamic,2048,0.01117621548473835,0.188682422041893,0.9833987355232239,1.0351130962371826,ok,1.0335789918899536,0.5137538909912109,1.0901463031768799,ok,1.0335789918899536,0.5137538909912109,1.0901463031768799,0,2048,/home/sienna/projects/experiments/lowp-optimizer-bench/reports/muon_update_fidelity_formal_s0_s1_results/muon-fidelity-formal/fp32_muon_snapshot_s0/muon_momentum_snapshots/update_002048.pt,0.0005599260330200195,0.003240451216697693,0.006432950496673584,-0.006819009780883789
muon_update_direction_oracle,"[384, 384]",transformer.h.1.attn.c_proj.weight,transformer.h.1.attn.c_proj.weight,int4-dynamic-b2048,4,dynamic,2048,0.011203342117369175,0.18560679256916046,0.9828333854675293,1.003117561340332,ok,1.040065884590149,0.5077223777770996,1.090404987335205,ok,1.040065884590149,0.5077223777770996,1.090404987335205,0,2048,/home/sienna/projects/experiments/lowp-optimizer-bench/reports/muon_update_fidelity_formal_s0_s1_results/muon-fidelity-formal/fp32_muon_snapshot_s0/muon_momentum_snapshots/update_002048.pt,-5.424022674560547e-06,0.00016482174396514893,0.00040143728256225586,-0.00033211708068847656
nearest,"[1024, 384]",transformer.h.1.mlp.w1.weight,transformer.h.1.mlp.w1.weight,int4-dynamic-b2048,4,dynamic,2048,0.013463337905704975,0.19397898018360138,0.981177031993866,0.9995198249816895,ok,0.44737932085990906,0.9007723331451416,1.008192777633667,ok,0.44737932085990906,0.9007723331451416,1.008192777633667,0,2048,/home/sienna/projects/experiments/lowp-optimizer-bench/reports/muon_update_fidelity_formal_s0_s1_results/muon-fidelity-formal/fp32_muon_snapshot_s0/muon_momentum_snapshots/update_002048.pt,,,,
raw_direction_oracle,"[1024, 384]",transformer.h.1.mlp.w1.weight,transformer.h.1.mlp.w1.weight,int4-dynamic-b2048,4,dynamic,2048,0.01342010498046875,0.1969444304704666,0.9815847873687744,1.0295014381408691,ok,0.4413031041622162,0.9034360647201538,1.0080556869506836,ok,0.4413031041622162,0.9034360647201538,1.0080556869506836,0,2048,/home/sienna/projects/experiments/lowp-optimizer-bench/reports/muon_update_fidelity_formal_s0_s1_results/muon-fidelity-formal/fp32_muon_snapshot_s0/muon_momentum_snapshots/update_002048.pt,0.00040775537490844727,0.0029654502868652344,0.002663731575012207,-0.006076216697692871
muon_update_direction_oracle,"[1024, 384]",transformer.h.1.mlp.w1.weight,transformer.h.1.mlp.w1.weight,int4-dynamic-b2048,4,dynamic,2048,0.013463337905704975,0.19404518604278564,0.981170117855072,0.9998387098312378,ok,0.4473496675491333,0.9007758498191833,1.0081019401550293,ok,0.4473496675491333,0.9007758498191833,1.0081019401550293,0,2048,/home/sienna/projects/experiments/lowp-optimizer-bench/reports/muon_update_fidelity_formal_s0_s1_results/muon-fidelity-formal/fp32_muon_snapshot_s0/muon_momentum_snapshots/update_002048.pt,-6.9141387939453125e-06,6.620585918426514e-05,3.516674041748047e-06,-2.9653310775756836e-05
nearest,"[1024, 384]",transformer.h.1.mlp.w2.weight,transformer.h.1.mlp.w2.weight,int4-dynamic-b2048,4,dynamic,2048,0.014246623031795025,0.19328947365283966,0.9813124537467957,0.99962317943573,ok,0.45205777883529663,0.8986713290214539,1.0080622434616089,ok,0.45205777883529663,0.8986713290214539,1.0080622434616089,0,2048,/home/sienna/projects/experiments/lowp-optimizer-bench/reports/muon_update_fidelity_formal_s0_s1_results/muon-fidelity-formal/fp32_muon_snapshot_s0/muon_momentum_snapshots/update_002048.pt,,,,
raw_direction_oracle,"[1024, 384]",transformer.h.1.mlp.w2.weight,transformer.h.1.mlp.w2.weight,int4-dynamic-b2048,4,dynamic,2048,0.01421356201171875,0.19612035155296326,0.981696605682373,1.0285065174102783,ok,0.4464191198348999,0.901140034198761,1.0076453685760498,ok,0.4464191198348999,0.901140034198761,1.0076453685760498,0,2048,/home/sienna/projects/experiments/lowp-optimizer-bench/reports/muon_update_fidelity_formal_s0_s1_results/muon-fidelity-formal/fp32_muon_snapshot_s0/muon_momentum_snapshots/update_002048.pt,0.0003841519355773926,0.002830877900123596,0.002468705177307129,-0.0056386590003967285
muon_update_direction_oracle,"[1024, 384]",transformer.h.1.mlp.w2.weight,transformer.h.1.mlp.w2.weight,int4-dynamic-b2048,4,dynamic,2048,0.014246623031795025,0.1934533566236496,0.9812977910041809,1.0005193948745728,ok,0.45191091299057007,0.8987271785736084,1.007969617843628,ok,0.45191091299057007,0.8987271785736084,1.007969617843628,0,2048,/home/sienna/projects/experiments/lowp-optimizer-bench/reports/muon_update_fidelity_formal_s0_s1_results/muon-fidelity-formal/fp32_muon_snapshot_s0/muon_momentum_snapshots/update_002048.pt,-1.4662742614746094e-05,0.00016388297080993652,5.5849552154541016e-05,-0.0001468658447265625
nearest,"[384, 1024]",transformer.h.1.mlp.c_proj.weight,transformer.h.1.mlp.c_proj.weight,int4-dynamic-b2048,4,dynamic,2048,0.0248438511043787,0.2231784611940384,0.9748769402503967,0.988793134689331,ok,0.5034534931182861,0.8744258880615234,1.0089101791381836,ok,0.5034534931182861,0.8744258880615234,1.0089101791381836,0,2048,/home/sienna/projects/experiments/lowp-optimizer-bench/reports/muon_update_fidelity_formal_s0_s1_results/muon-fidelity-formal/fp32_muon_snapshot_s0/muon_momentum_snapshots/update_002048.pt,,,,
raw_direction_oracle,"[384, 1024]",transformer.h.1.mlp.c_proj.weight,transformer.h.1.mlp.c_proj.weight,int4-dynamic-b2048,4,dynamic,2048,0.02475738525390625,0.22503337264060974,0.974918782711029,1.0081839561462402,ok,0.501124918460846,0.8755720853805542,1.0088106393814087,ok,0.501124918460846,0.8755720853805542,1.0088106393814087,0,2048,/home/sienna/projects/experiments/lowp-optimizer-bench/reports/muon_update_fidelity_formal_s0_s1_results/muon-fidelity-formal/fp32_muon_snapshot_s0/muon_momentum_snapshots/update_002048.pt,4.184246063232422e-05,0.00185491144657135,0.0011461973190307617,-0.0023285746574401855
muon_update_direction_oracle,"[384, 1024]",transformer.h.1.mlp.c_proj.weight,transformer.h.1.mlp.c_proj.weight,int4-dynamic-b2048,4,dynamic,2048,0.0248438511043787,0.22322794795036316,0.9748702645301819,0.9891061186790466,ok,0.503399133682251,0.8744491338729858,1.0088812112808228,ok,0.503399133682251,0.8744491338729858,1.0088812112808228,0,2048,/home/sienna/projects/experiments/lowp-optimizer-bench/reports/muon_update_fidelity_formal_s0_s1_results/muon-fidelity-formal/fp32_muon_snapshot_s0/muon_momentum_snapshots/update_002048.pt,-6.67572021484375e-06,4.9486756324768066e-05,2.3245811462402344e-05,-5.435943603515625e-05
nearest,"[1152, 384]",transformer.h.2.attn.c_attn.weight,transformer.h.2.attn.c_attn.weight,int4-dynamic-b2048,4,dynamic,2048,0.020946361124515533,0.21690475940704346,0.9763780236244202,0.9954020977020264,ok,0.9653080105781555,0.5602335929870605,1.0558959245681763,ok,0.9653080105781555,0.5602335929870605,1.0558959245681763,0,2048,/home/sienna/projects/experiments/lowp-optimizer-bench/reports/muon_update_fidelity_formal_s0_s1_results/muon-fidelity-formal/fp32_muon_snapshot_s0/muon_momentum_snapshots/update_002048.pt,,,,
raw_direction_oracle,"[1152, 384]",transformer.h.2.attn.c_attn.weight,transformer.h.2.attn.c_attn.weight,int4-dynamic-b2048,4,dynamic,2048,0.020858200266957283,0.22000782191753387,0.9767966866493225,1.027146339416504,ok,0.9624407291412354,0.5628175735473633,1.0558242797851562,ok,0.9624407291412354,0.5628175735473633,1.0558242797851562,0,2048,/home/sienna/projects/experiments/lowp-optimizer-bench/reports/muon_update_fidelity_formal_s0_s1_results/muon-fidelity-formal/fp32_muon_snapshot_s0/muon_momentum_snapshots/update_002048.pt,0.00041866302490234375,0.0031030625104904175,0.0025839805603027344,-0.002867281436920166
muon_update_direction_oracle,"[1152, 384]",transformer.h.2.attn.c_attn.weight,transformer.h.2.attn.c_attn.weight,int4-dynamic-b2048,4,dynamic,2048,0.020946361124515533,0.21712026000022888,0.976356029510498,0.9966683983802795,ok,0.9651451706886292,0.5603294372558594,1.0557827949523926,ok,0.9651451706886292,0.5603294372558594,1.0557827949523926,0,2048,/home/sienna/projects/experiments/lowp-optimizer-bench/reports/muon_update_fidelity_formal_s0_s1_results/muon-fidelity-formal/fp32_muon_snapshot_s0/muon_momentum_snapshots/update_002048.pt,-2.199411392211914e-05,0.0002155005931854248,9.584426879882812e-05,-0.0001628398895263672
nearest,"[384, 384]",transformer.h.2.attn.c_proj.weight,transformer.h.2.attn.c_proj.weight,int4-dynamic-b2048,4,dynamic,2048,0.01692708395421505,0.1965346783399582,0.980678141117096,0.9995282888412476,ok,0.9798256158828735,0.5583990216255188,1.079808235168457,ok,0.9798256158828735,0.5583990216255188,1.079808235168457,0,2048,/home/sienna/projects/experiments/lowp-optimizer-bench/reports/muon_update_fidelity_formal_s0_s1_results/muon-fidelity-formal/fp32_muon_snapshot_s0/muon_momentum_snapshots/update_002048.pt,,,,
raw_direction_oracle,"[384, 384]",transformer.h.2.attn.c_proj.weight,transformer.h.2.attn.c_proj.weight,int4-dynamic-b2048,4,dynamic,2048,0.0168728306889534,0.19954344630241394,0.9811252355575562,1.030361533164978,ok,0.9809379577636719,0.5576183795928955,1.0802820920944214,ok,0.9809379577636719,0.5576183795928955,1.0802820920944214,0,2048,/home/sienna/projects/experiments/lowp-optimizer-bench/reports/muon_update_fidelity_formal_s0_s1_results/muon-fidelity-formal/fp32_muon_snapshot_s0/muon_momentum_snapshots/update_002048.pt,0.0004470944404602051,0.0030087679624557495,-0.000780642032623291,0.0011123418807983398
muon_update_direction_oracle,"[384, 384]",transformer.h.2.attn.c_proj.weight,transformer.h.2.attn.c_proj.weight,int4-dynamic-b2048,4,dynamic,2048,0.01692708395421505,0.19659842550754547,0.9806745052337646,0.9999954104423523,ok,0.9798293113708496,0.55843186378479,1.079883337020874,ok,0.9798293113708496,0.55843186378479,1.079883337020874,0,2048,/home/sienna/projects/experiments/lowp-optimizer-bench/reports/muon_update_fidelity_formal_s0_s1_results/muon-fidelity-formal/fp32_muon_snapshot_s0/muon_momentum_snapshots/update_002048.pt,-3.635883331298828e-06,6.374716758728027e-05,3.2842159271240234e-05,3.6954879760742188e-06
nearest,"[1024, 384]",transformer.h.2.mlp.w1.weight,transformer.h.2.mlp.w1.weight,int4-dynamic-b2048,4,dynamic,2048,0.012201945297420025,0.19241954386234283,0.981486976146698,0.9999819397926331,ok,0.4407527446746826,0.9036633968353271,1.0079258680343628,ok,0.4407527446746826,0.9036633968353271,1.0079258680343628,0,2048,/home/sienna/projects/experiments/lowp-optimizer-bench/reports/muon_update_fidelity_formal_s0_s1_results/muon-fidelity-formal/fp32_muon_snapshot_s0/muon_momentum_snapshots/update_002048.pt,,,,
raw_direction_oracle,"[1024, 384]",transformer.h.2.mlp.w1.weight,transformer.h.2.mlp.w1.weight,int4-dynamic-b2048,4,dynamic,2048,0.012189229018986225,0.19545628130435944,0.9819833636283875,1.0319265127182007,ok,0.4356773793697357,0.9058504700660706,1.0077325105667114,ok,0.4356773793697357,0.9058504700660706,1.0077325105667114,0,2048,/home/sienna/projects/experiments/lowp-optimizer-bench/reports/muon_update_fidelity_formal_s0_s1_results/muon-fidelity-formal/fp32_muon_snapshot_s0/muon_momentum_snapshots/update_002048.pt,0.0004963874816894531,0.0030367374420166016,0.002187073230743408,-0.005075365304946899
muon_update_direction_oracle,"[1024, 384]",transformer.h.2.mlp.w1.weight,transformer.h.2.mlp.w1.weight,int4-dynamic-b2048,4,dynamic,2048,0.012201945297420025,0.19244384765625,0.981486976146698,1.0002321004867554,ok,0.44072240591049194,0.9036744832992554,1.0079041719436646,ok,0.44072240591049194,0.9036744832992554,1.0079041719436646,0,2048,/home/sienna/projects/experiments/lowp-optimizer-bench/reports/muon_update_fidelity_formal_s0_s1_results/muon-fidelity-formal/fp32_muon_snapshot_s0/muon_momentum_snapshots/update_002048.pt,0.0,2.4303793907165527e-05,1.1086463928222656e-05,-3.0338764190673828e-05
nearest,"[1024, 384]",transformer.h.2.mlp.w2.weight,transformer.h.2.mlp.w2.weight,int4-dynamic-b2048,4,dynamic,2048,0.012746174819767475,0.19243597984313965,0.981476902961731,0.9996042847633362,ok,0.4461778998374939,0.9012864232063293,1.0080199241638184,ok,0.4461778998374939,0.9012864232063293,1.0080199241638184,0,2048,/home/sienna/projects/experiments/lowp-optimizer-bench/reports/muon_update_fidelity_formal_s0_s1_results/muon-fidelity-formal/fp32_muon_snapshot_s0/muon_momentum_snapshots/update_002048.pt,,,,
raw_direction_oracle,"[1024, 384]",transformer.h.2.mlp.w2.weight,transformer.h.2.mlp.w2.weight,int4-dynamic-b2048,4,dynamic,2048,0.012720744125545025,0.1953161358833313,0.9819023609161377,1.0296581983566284,ok,0.4411451518535614,0.9034767150878906,1.0077811479568481,ok,0.4411451518535614,0.9034767150878906,1.0077811479568481,0,2048,/home/sienna/projects/experiments/lowp-optimizer-bench/reports/muon_update_fidelity_formal_s0_s1_results/muon-fidelity-formal/fp32_muon_snapshot_s0/muon_momentum_snapshots/update_002048.pt,0.0004254579544067383,0.0028801560401916504,0.0021902918815612793,-0.005032747983932495
muon_update_direction_oracle,"[1024, 384]",transformer.h.2.mlp.w2.weight,transformer.h.2.mlp.w2.weight,int4-dynamic-b2048,4,dynamic,2048,0.012746174819767475,0.19246894121170044,0.9814735054969788,0.9997680187225342,ok,0.44617122411727905,0.9012871980667114,1.0079991817474365,ok,0.44617122411727905,0.9012871980667114,1.0079991817474365,0,2048,/home/sienna/projects/experiments/lowp-optimizer-bench/reports/muon_update_fidelity_formal_s0_s1_results/muon-fidelity-formal/fp32_muon_snapshot_s0/muon_momentum_snapshots/update_002048.pt,-3.3974647521972656e-06,3.2961368560791016e-05,7.748603820800781e-07,-6.67572021484375e-06
nearest,"[384, 1024]",transformer.h.2.mlp.c_proj.weight,transformer.h.2.mlp.c_proj.weight,int4-dynamic-b2048,4,dynamic,2048,0.0161717738956213,0.2155010849237442,0.976665198802948,0.994432270526886,ok,0.40909019112586975,0.9171130061149597,1.0090444087982178,ok,0.40909019112586975,0.9171130061149597,1.0090444087982178,0,2048,/home/sienna/projects/experiments/lowp-optimizer-bench/reports/muon_update_fidelity_formal_s0_s1_results/muon-fidelity-formal/fp32_muon_snapshot_s0/muon_momentum_snapshots/update_002048.pt,,,,
raw_direction_oracle,"[384, 1024]",transformer.h.2.mlp.c_proj.weight,transformer.h.2.mlp.c_proj.weight,int4-dynamic-b2048,4,dynamic,2048,0.01612091064453125,0.21824416518211365,0.976988673210144,1.0232197046279907,ok,0.4046716094017029,0.9188936948776245,1.0090305805206299,ok,0.4046716094017029,0.9188936948776245,1.0090305805206299,0,2048,/home/sienna/projects/experiments/lowp-optimizer-bench/reports/muon_update_fidelity_formal_s0_s1_results/muon-fidelity-formal/fp32_muon_snapshot_s0/muon_momentum_snapshots/update_002048.pt,0.0003234744071960449,0.002743080258369446,0.001780688762664795,-0.00441858172416687
muon_update_direction_oracle,"[384, 1024]",transformer.h.2.mlp.c_proj.weight,transformer.h.2.mlp.c_proj.weight,int4-dynamic-b2048,4,dynamic,2048,0.0161717738956213,0.21554772555828094,0.9766613245010376,0.9947729110717773,ok,0.40902945399284363,0.9171370267868042,1.0090364217758179,ok,0.40902945399284363,0.9171370267868042,1.0090364217758179,0,2048,/home/sienna/projects/experiments/lowp-optimizer-bench/reports/muon_update_fidelity_formal_s0_s1_results/muon-fidelity-formal/fp32_muon_snapshot_s0/muon_momentum_snapshots/update_002048.pt,-3.874301910400391e-06,4.6640634536743164e-05,2.4020671844482422e-05,-6.073713302612305e-05
nearest,"[1152, 384]",transformer.h.3.attn.c_attn.weight,transformer.h.3.attn.c_attn.weight,int4-dynamic-b2048,4,dynamic,2048,0.013667353428900242,0.19971057772636414,0.980015218257904,0.9977362155914307,ok,0.9255674481391907,0.583967387676239,1.0285940170288086,ok,0.9255674481391907,0.583967387676239,1.0285940170288086,0,2048,/home/sienna/projects/experiments/lowp-optimizer-bench/reports/muon_update_fidelity_formal_s0_s1_results/muon-fidelity-formal/fp32_muon_snapshot_s0/muon_momentum_snapshots/update_002048.pt,,,,
raw_direction_oracle,"[1152, 384]",transformer.h.3.attn.c_attn.weight,transformer.h.3.attn.c_attn.weight,int4-dynamic-b2048,4,dynamic,2048,0.013619882054626942,0.20216020941734314,0.9803167581558228,1.0237865447998047,ok,0.9232451915740967,0.5865393280982971,1.0297212600708008,ok,0.9232451915740967,0.5865393280982971,1.0297212600708008,0,2048,/home/sienna/projects/experiments/lowp-optimizer-bench/reports/muon_update_fidelity_formal_s0_s1_results/muon-fidelity-formal/fp32_muon_snapshot_s0/muon_momentum_snapshots/update_002048.pt,0.00030153989791870117,0.002449631690979004,0.0025719404220581055,-0.002322256565093994
muon_update_direction_oracle,"[1152, 384]",transformer.h.3.attn.c_attn.weight,transformer.h.3.attn.c_attn.weight,int4-dynamic-b2048,4,dynamic,2048,0.013667353428900242,0.2001625895500183,0.9799585342407227,0.9995444416999817,ok,0.9254642724990845,0.5840808153152466,1.0286418199539185,ok,0.9254642724990845,0.5840808153152466,1.0286418199539185,0,2048,/home/sienna/projects/experiments/lowp-optimizer-bench/reports/muon_update_fidelity_formal_s0_s1_results/muon-fidelity-formal/fp32_muon_snapshot_s0/muon_momentum_snapshots/update_002048.pt,-5.6684017181396484e-05,0.0004520118236541748,0.00011342763900756836,-0.00010317564010620117
nearest,"[384, 384]",transformer.h.3.attn.c_proj.weight,transformer.h.3.attn.c_proj.weight,int4-dynamic-b2048,4,dynamic,2048,0.013895670883357525,0.19544728100299835,0.9808720946311951,0.9984759092330933,ok,0.9388628602027893,0.5809996128082275,1.0489997863769531,ok,0.9388628602027893,0.5809996128082275,1.0489997863769531,0,2048,/home/sienna/projects/experiments/lowp-optimizer-bench/reports/muon_update_fidelity_formal_s0_s1_results/muon-fidelity-formal/fp32_muon_snapshot_s0/muon_momentum_snapshots/update_002048.pt,,,,
raw_direction_oracle,"[384, 384]",transformer.h.3.attn.c_proj.weight,transformer.h.3.attn.c_proj.weight,int4-dynamic-b2048,4,dynamic,2048,0.013834635727107525,0.19836857914924622,0.9813096523284912,1.029463291168213,ok,0.9350802898406982,0.5839184522628784,1.0479615926742554,ok,0.9350802898406982,0.5839184522628784,1.0479615926742554,0,2048,/home/sienna/projects/experiments/lowp-optimizer-bench/reports/muon_update_fidelity_formal_s0_s1_results/muon-fidelity-formal/fp32_muon_snapshot_s0/muon_momentum_snapshots/update_002048.pt,0.0004375576972961426,0.0029212981462478638,0.002918839454650879,-0.0037825703620910645
muon_update_direction_oracle,"[384, 384]",transformer.h.3.attn.c_proj.weight,transformer.h.3.attn.c_proj.weight,int4-dynamic-b2048,4,dynamic,2048,0.013895670883357525,0.19559791684150696,0.9808580279350281,0.9993265867233276,ok,0.938633143901825,0.5811632871627808,1.0489057302474976,ok,0.938633143901825,0.5811632871627808,1.0489057302474976,0,2048,/home/sienna/projects/experiments/lowp-optimizer-bench/reports/muon_update_fidelity_formal_s0_s1_results/muon-fidelity-formal/fp32_muon_snapshot_s0/muon_momentum_snapshots/update_002048.pt,-1.4066696166992188e-05,0.00015063583850860596,0.00016367435455322266,-0.00022971630096435547
nearest,"[1024, 384]",transformer.h.3.mlp.w1.weight,transformer.h.3.mlp.w1.weight,int4-dynamic-b2048,4,dynamic,2048,0.011233012191951275,0.19293783605098724,0.9813809990882874,0.9996498227119446,ok,0.40762871503829956,0.9177680015563965,1.009743332862854,ok,0.40762871503829956,0.9177680015563965,1.009743332862854,0,2048,/home/sienna/projects/experiments/lowp-optimizer-bench/reports/muon_update_fidelity_formal_s0_s1_results/muon-fidelity-formal/fp32_muon_snapshot_s0/muon_momentum_snapshots/update_002048.pt,,,,
raw_direction_oracle,"[1024, 384]",transformer.h.3.mlp.w1.weight,transformer.h.3.mlp.w1.weight,int4-dynamic-b2048,4,dynamic,2048,0.011227925308048725,0.19583840668201447,0.9818339347839355,1.0303186178207397,ok,0.4019063413143158,0.9200394153594971,1.0094901323318481,ok,0.4019063413143158,0.9200394153594971,1.0094901323318481,0,2048,/home/sienna/projects/experiments/lowp-optimizer-bench/reports/muon_update_fidelity_formal_s0_s1_results/muon-fidelity-formal/fp32_muon_snapshot_s0/muon_momentum_snapshots/update_002048.pt,0.00045293569564819336,0.0029005706310272217,0.002271413803100586,-0.005722373723983765
muon_update_direction_oracle,"[1024, 384]",transformer.h.3.mlp.w1.weight,transformer.h.3.mlp.w1.weight,int4-dynamic-b2048,4,dynamic,2048,0.011233012191951275,0.19293783605098724,0.9813809990882874,0.9996498227119446,ok,0.40762871503829956,0.9177680015563965,1.009743332862854,ok,0.40762871503829956,0.9177680015563965,1.009743332862854,0,2048,/home/sienna/projects/experiments/lowp-optimizer-bench/reports/muon_update_fidelity_formal_s0_s1_results/muon-fidelity-formal/fp32_muon_snapshot_s0/muon_momentum_snapshots/update_002048.pt,0.0,0.0,0.0,0.0
nearest,"[1024, 384]",transformer.h.3.mlp.w2.weight,transformer.h.3.mlp.w2.weight,int4-dynamic-b2048,4,dynamic,2048,0.011456807143986225,0.19085267186164856,0.9817981719970703,1.0005686283111572,ok,0.4060837924480438,0.9184660315513611,1.0105738639831543,ok,0.4060837924480438,0.9184660315513611,1.0105738639831543,0,2048,/home/sienna/projects/experiments/lowp-optimizer-bench/reports/muon_update_fidelity_formal_s0_s1_results/muon-fidelity-formal/fp32_muon_snapshot_s0/muon_momentum_snapshots/update_002048.pt,,,,
raw_direction_oracle,"[1024, 384]",transformer.h.3.mlp.w2.weight,transformer.h.3.mlp.w2.weight,int4-dynamic-b2048,4,dynamic,2048,0.01143646240234375,0.1937032788991928,0.9822279214859009,1.0301098823547363,ok,0.40117013454437256,0.9203490614891052,1.0096778869628906,ok,0.40117013454437256,0.9203490614891052,1.0096778869628906,0,2048,/home/sienna/projects/experiments/lowp-optimizer-bench/reports/muon_update_fidelity_formal_s0_s1_results/muon-fidelity-formal/fp32_muon_snapshot_s0/muon_momentum_snapshots/update_002048.pt,0.0004297494888305664,0.0028506070375442505,0.0018830299377441406,-0.004913657903671265
muon_update_direction_oracle,"[1024, 384]",transformer.h.3.mlp.w2.weight,transformer.h.3.mlp.w2.weight,int4-dynamic-b2048,4,dynamic,2048,0.011456807143986225,0.19149290025234222,0.9817158579826355,1.0025843381881714,ok,0.40588364005088806,0.9185337424278259,1.0104331970214844,ok,0.40588364005088806,0.9185337424278259,1.0104331970214844,0,2048,/home/sienna/projects/experiments/lowp-optimizer-bench/reports/muon_update_fidelity_formal_s0_s1_results/muon-fidelity-formal/fp32_muon_snapshot_s0/muon_momentum_snapshots/update_002048.pt,-8.231401443481445e-05,0.0006402283906936646,6.771087646484375e-05,-0.00020015239715576172
nearest,"[384, 1024]",transformer.h.3.mlp.c_proj.weight,transformer.h.3.mlp.c_proj.weight,int4-dynamic-b2048,4,dynamic,2048,0.014312744140625,0.21384760737419128,0.9770347476005554,0.9951357245445251,ok,0.3863939344882965,0.9259088635444641,1.0071951150894165,ok,0.3863939344882965,0.9259088635444641,1.0071951150894165,0,2048,/home/sienna/projects/experiments/lowp-optimizer-bench/reports/muon_update_fidelity_formal_s0_s1_results/muon-fidelity-formal/fp32_muon_snapshot_s0/muon_momentum_snapshots/update_002048.pt,,,,
raw_direction_oracle,"[384, 1024]",transformer.h.3.mlp.c_proj.weight,transformer.h.3.mlp.c_proj.weight,int4-dynamic-b2048,4,dynamic,2048,0.014249165542423725,0.2165858894586563,0.9774299263954163,1.0251621007919312,ok,0.38214540481567383,0.927492618560791,1.006723403930664,ok,0.38214540481567383,0.927492618560791,1.006723403930664,0,2048,/home/sienna/projects/experiments/lowp-optimizer-bench/reports/muon_update_fidelity_formal_s0_s1_results/muon-fidelity-formal/fp32_muon_snapshot_s0/muon_momentum_snapshots/update_002048.pt,0.00039517879486083984,0.002738282084465027,0.0015837550163269043,-0.004248529672622681
muon_update_direction_oracle,"[384, 1024]",transformer.h.3.mlp.c_proj.weight,transformer.h.3.mlp.c_proj.weight,int4-dynamic-b2048,4,dynamic,2048,0.014312744140625,0.2138972282409668,0.9770306348800659,0.9955008029937744,ok,0.38635993003845215,0.9259215593338013,1.007191777229309,ok,0.38635993003845215,0.9259215593338013,1.007191777229309,0,2048,/home/sienna/projects/experiments/lowp-optimizer-bench/reports/muon_update_fidelity_formal_s0_s1_results/muon-fidelity-formal/fp32_muon_snapshot_s0/muon_momentum_snapshots/update_002048.pt,-4.112720489501953e-06,4.9620866775512695e-05,1.2695789337158203e-05,-3.400444984436035e-05
nearest,"[1152, 384]",transformer.h.4.attn.c_attn.weight,transformer.h.4.attn.c_attn.weight,int4-dynamic-b2048,4,dynamic,2048,0.012867115437984467,0.1954522579908371,0.980925977230072,1.0013610124588013,ok,0.9479890465736389,0.5701614022254944,1.0432016849517822,ok,0.9479890465736389,0.5701614022254944,1.0432016849517822,0,2048,/home/sienna/projects/experiments/lowp-optimizer-bench/reports/muon_update_fidelity_formal_s0_s1_results/muon-fidelity-formal/fp32_muon_snapshot_s0/muon_momentum_snapshots/update_002048.pt,,,,
raw_direction_oracle,"[1152, 384]",transformer.h.4.attn.c_attn.weight,transformer.h.4.attn.c_attn.weight,int4-dynamic-b2048,4,dynamic,2048,0.012833206914365292,0.1986769735813141,0.9815152883529663,1.0348540544509888,ok,0.9405047297477722,0.5766849517822266,1.0426405668258667,ok,0.9405047297477722,0.5766849517822266,1.0426405668258667,0,2048,/home/sienna/projects/experiments/lowp-optimizer-bench/reports/muon_update_fidelity_formal_s0_s1_results/muon-fidelity-formal/fp32_muon_snapshot_s0/muon_momentum_snapshots/update_002048.pt,0.0005893111228942871,0.0032247155904769897,0.006523549556732178,-0.007484316825866699
muon_update_direction_oracle,"[1152, 384]",transformer.h.4.attn.c_attn.weight,transformer.h.4.attn.c_attn.weight,int4-dynamic-b2048,4,dynamic,2048,0.012867115437984467,0.1954522579908371,0.980925977230072,1.0013610124588013,ok,0.9479890465736389,0.5701614022254944,1.0432016849517822,ok,0.9479890465736389,0.5701614022254944,1.0432016849517822,0,2048,/home/sienna/projects/experiments/lowp-optimizer-bench/reports/muon_update_fidelity_formal_s0_s1_results/muon-fidelity-formal/fp32_muon_snapshot_s0/muon_momentum_snapshots/update_002048.pt,0.0,0.0,0.0,0.0
nearest,"[384, 384]",transformer.h.4.attn.c_proj.weight,transformer.h.4.attn.c_proj.weight,int4-dynamic-b2048,4,dynamic,2048,0.009311252273619175,0.1852644681930542,0.9828715920448303,1.0018309354782104,ok,0.9056479930877686,0.6120603084564209,1.0534402132034302,ok,0.9056479930877686,0.6120603084564209,1.0534402132034302,0,2048,/home/sienna/projects/experiments/lowp-optimizer-bench/reports/muon_update_fidelity_formal_s0_s1_results/muon-fidelity-formal/fp32_muon_snapshot_s0/muon_momentum_snapshots/update_002048.pt,,,,
raw_direction_oracle,"[384, 384]",transformer.h.4.attn.c_proj.weight,transformer.h.4.attn.c_proj.weight,int4-dynamic-b2048,4,dynamic,2048,0.009297688491642475,0.18804772198200226,0.9833886027336121,1.032531499862671,ok,0.9018697142601013,0.615601658821106,1.0541614294052124,ok,0.9018697142601013,0.615601658821106,1.0541614294052124,0,2048,/home/sienna/projects/experiments/lowp-optimizer-bench/reports/muon_update_fidelity_formal_s0_s1_results/muon-fidelity-formal/fp32_muon_snapshot_s0/muon_momentum_snapshots/update_002048.pt,0.0005170106887817383,0.002783253788948059,0.0035413503646850586,-0.0037782788276672363
muon_update_direction_oracle,"[384, 384]",transformer.h.4.attn.c_proj.weight,transformer.h.4.attn.c_proj.weight,int4-dynamic-b2048,4,dynamic,2048,0.009311252273619175,0.18540355563163757,0.9828606843948364,1.0025973320007324,ok,0.9050840735435486,0.6123830676078796,1.0530531406402588,ok,0.9050840735435486,0.6123830676078796,1.0530531406402588,0,2048,/home/sienna/projects/experiments/lowp-optimizer-bench/reports/muon_update_fidelity_formal_s0_s1_results/muon-fidelity-formal/fp32_muon_snapshot_s0/muon_momentum_snapshots/update_002048.pt,-1.0907649993896484e-05,0.00013908743858337402,0.00032275915145874023,-0.0005639195442199707
nearest,"[1024, 384]",transformer.h.4.mlp.w1.weight,transformer.h.4.mlp.w1.weight,int4-dynamic-b2048,4,dynamic,2048,0.0120086669921875,0.19780011475086212,0.9804251194000244,0.9993503093719482,ok,0.40892940759658813,0.9171512722969055,1.0087474584579468,ok,0.40892940759658813,0.9171512722969055,1.0087474584579468,0,2048,/home/sienna/projects/experiments/lowp-optimizer-bench/reports/muon_update_fidelity_formal_s0_s1_results/muon-fidelity-formal/fp32_muon_snapshot_s0/muon_momentum_snapshots/update_002048.pt,,,,
raw_direction_oracle,"[1024, 384]",transformer.h.4.mlp.w1.weight,transformer.h.4.mlp.w1.weight,int4-dynamic-b2048,4,dynamic,2048,0.0119781494140625,0.20067167282104492,0.9808749556541443,1.0297073125839233,ok,0.4043991267681122,0.9190534353256226,1.0095964670181274,ok,0.4043991267681122,0.9190534353256226,1.0095964670181274,0,2048,/home/sienna/projects/experiments/lowp-optimizer-bench/reports/muon_update_fidelity_formal_s0_s1_results/muon-fidelity-formal/fp32_muon_snapshot_s0/muon_momentum_snapshots/update_002048.pt,0.00044983625411987305,0.0028715580701828003,0.001902163028717041,-0.004530280828475952
muon_update_direction_oracle,"[1024, 384]",transformer.h.4.mlp.w1.weight,transformer.h.4.mlp.w1.weight,int4-dynamic-b2048,4,dynamic,2048,0.0120086669921875,0.19786661863327026,0.9804196953773499,0.9997617602348328,ok,0.40889349579811096,0.9171670079231262,1.0087580680847168,ok,0.40889349579811096,0.9171670079231262,1.0087580680847168,0,2048,/home/sienna/projects/experiments/lowp-optimizer-bench/reports/muon_update_fidelity_formal_s0_s1_results/muon-fidelity-formal/fp32_muon_snapshot_s0/muon_momentum_snapshots/update_002048.pt,-5.424022674560547e-06,6.650388240814209e-05,1.5735626220703125e-05,-3.591179847717285e-05
nearest,"[1024, 384]",transformer.h.4.mlp.w2.weight,transformer.h.4.mlp.w2.weight,int4-dynamic-b2048,4,dynamic,2048,0.012939453125,0.19908981025218964,0.9801537990570068,0.9985489249229431,ok,0.41549402475357056,0.9146365523338318,1.0105284452438354,ok,0.41549402475357056,0.9146365523338318,1.0105284452438354,0,2048,/home/sienna/projects/experiments/lowp-optimizer-bench/reports/muon_update_fidelity_formal_s0_s1_results/muon-fidelity-formal/fp32_muon_snapshot_s0/muon_momentum_snapshots/update_002048.pt,,,,
raw_direction_oracle,"[1024, 384]",transformer.h.4.mlp.w2.weight,transformer.h.4.mlp.w2.weight,int4-dynamic-b2048,4,dynamic,2048,0.0129241943359375,0.20203790068626404,0.9806019067764282,1.0295848846435547,ok,0.40993285179138184,0.9168176054954529,1.009551763534546,ok,0.40993285179138184,0.9168176054954529,1.009551763534546,0,2048,/home/sienna/projects/experiments/lowp-optimizer-bench/reports/muon_update_fidelity_formal_s0_s1_results/muon-fidelity-formal/fp32_muon_snapshot_s0/muon_momentum_snapshots/update_002048.pt,0.0004481077194213867,0.002948090434074402,0.0021810531616210938,-0.005561172962188721
muon_update_direction_oracle,"[1024, 384]",transformer.h.4.mlp.w2.weight,transformer.h.4.mlp.w2.weight,int4-dynamic-b2048,4,dynamic,2048,0.012939453125,0.199178084731102,0.9801445603370667,0.9989957809448242,ok,0.4154416620731354,0.9146552085876465,1.0104990005493164,ok,0.4154416620731354,0.9146552085876465,1.0104990005493164,0,2048,/home/sienna/projects/experiments/lowp-optimizer-bench/reports/muon_update_fidelity_formal_s0_s1_results/muon-fidelity-formal/fp32_muon_snapshot_s0/muon_momentum_snapshots/update_002048.pt,-9.238719940185547e-06,8.827447891235352e-05,1.8656253814697266e-05,-5.2362680435180664e-05
nearest,"[384, 1024]",transformer.h.4.mlp.c_proj.weight,transformer.h.4.mlp.c_proj.weight,int4-dynamic-b2048,4,dynamic,2048,0.015108744613826275,0.2128380984067917,0.9772568345069885,0.9954532980918884,ok,0.4155676066875458,0.914443850517273,1.008804440498352,ok,0.4155676066875458,0.914443850517273,1.008804440498352,0,2048,/home/sienna/projects/experiments/lowp-optimizer-bench/reports/muon_update_fidelity_formal_s0_s1_results/muon-fidelity-formal/fp32_muon_snapshot_s0/muon_momentum_snapshots/update_002048.pt,,,,
raw_direction_oracle,"[384, 1024]",transformer.h.4.mlp.c_proj.weight,transformer.h.4.mlp.c_proj.weight,int4-dynamic-b2048,4,dynamic,2048,0.015065510757267475,0.21561037003993988,0.9776158332824707,1.024739384651184,ok,0.4116453528404236,0.9160639643669128,1.0089352130889893,ok,0.4116453528404236,0.9160639643669128,1.0089352130889893,0,2048,/home/sienna/projects/experiments/lowp-optimizer-bench/reports/muon_update_fidelity_formal_s0_s1_results/muon-fidelity-formal/fp32_muon_snapshot_s0/muon_momentum_snapshots/update_002048.pt,0.00035899877548217773,0.0027722716331481934,0.0016201138496398926,-0.003922253847122192
muon_update_direction_oracle,"[384, 1024]",transformer.h.4.mlp.c_proj.weight,transformer.h.4.mlp.c_proj.weight,int4-dynamic-b2048,4,dynamic,2048,0.015108744613826275,0.2128635197877884,0.9772545099258423,0.9956202507019043,ok,0.41556230187416077,0.9144462943077087,1.008808970451355,ok,0.41556230187416077,0.9144462943077087,1.008808970451355,0,2048,/home/sienna/projects/experiments/lowp-optimizer-bench/reports/muon_update_fidelity_formal_s0_s1_results/muon-fidelity-formal/fp32_muon_snapshot_s0/muon_momentum_snapshots/update_002048.pt,-2.3245811462402344e-06,2.54213809967041e-05,2.4437904357910156e-06,-5.304813385009766e-06
nearest,"[1152, 384]",transformer.h.5.attn.c_attn.weight,transformer.h.5.attn.c_attn.weight,int4-dynamic-b2048,4,dynamic,2048,0.014908402226865292,0.20663557946681976,0.9786145091056824,0.9982237219810486,ok,0.9941571950912476,0.5387440323829651,1.0665637254714966,ok,0.9941571950912476,0.5387440323829651,1.0665637254714966,0,2048,/home/sienna/projects/experiments/lowp-optimizer-bench/reports/muon_update_fidelity_formal_s0_s1_results/muon-fidelity-formal/fp32_muon_snapshot_s0/muon_momentum_snapshots/update_002048.pt,,,,
raw_direction_oracle,"[1152, 384]",transformer.h.5.attn.c_attn.weight,transformer.h.5.attn.c_attn.weight,int4-dynamic-b2048,4,dynamic,2048,0.014849627390503883,0.2096174657344818,0.9791188836097717,1.0302382707595825,ok,0.9887593984603882,0.5434538722038269,1.065935730934143,ok,0.9887593984603882,0.5434538722038269,1.065935730934143,0,2048,/home/sienna/projects/experiments/lowp-optimizer-bench/reports/muon_update_fidelity_formal_s0_s1_results/muon-fidelity-formal/fp32_muon_snapshot_s0/muon_momentum_snapshots/update_002048.pt,0.0005043745040893555,0.0029818862676620483,0.004709839820861816,-0.005397796630859375
muon_update_direction_oracle,"[1152, 384]",transformer.h.5.attn.c_attn.weight,transformer.h.5.attn.c_attn.weight,int4-dynamic-b2048,4,dynamic,2048,0.014908402226865292,0.20675556361675262,0.9786027073860168,0.9988793134689331,ok,0.9938531517982483,0.5388852953910828,1.0662760734558105,ok,0.9938531517982483,0.5388852953910828,1.0662760734558105,0,2048,/home/sienna/projects/experiments/lowp-optimizer-bench/reports/muon_update_fidelity_formal_s0_s1_results/muon-fidelity-formal/fp32_muon_snapshot_s0/muon_momentum_snapshots/update_002048.pt,-1.1801719665527344e-05,0.00011998414993286133,0.00014126300811767578,-0.0003040432929992676
nearest,"[384, 384]",transformer.h.5.attn.c_proj.weight,transformer.h.5.attn.c_proj.weight,int4-dynamic-b2048,4,dynamic,2048,0.0095350481569767,0.1863764375448227,0.9826675057411194,1.001942753791809,ok,0.9520823359489441,0.5779874920845032,1.068426251411438,ok,0.9520823359489441,0.5779874920845032,1.068426251411438,0,2048,/home/sienna/projects/experiments/lowp-optimizer-bench/reports/muon_update_fidelity_formal_s0_s1_results/muon-fidelity-formal/fp32_muon_snapshot_s0/muon_momentum_snapshots/update_002048.pt,,,,
raw_direction_oracle,"[384, 384]",transformer.h.5.attn.c_proj.weight,transformer.h.5.attn.c_proj.weight,int4-dynamic-b2048,4,dynamic,2048,0.00952826626598835,0.18930873274803162,0.9831838607788086,1.0330681800842285,ok,0.9485864043235779,0.5815685391426086,1.069460153579712,ok,0.9485864043235779,0.5815685391426086,1.069460153579712,0,2048,/home/sienna/projects/experiments/lowp-optimizer-bench/reports/muon_update_fidelity_formal_s0_s1_results/muon-fidelity-formal/fp32_muon_snapshot_s0/muon_momentum_snapshots/update_002048.pt,0.000516355037689209,0.0029322952032089233,0.0035810470581054688,-0.003495931625366211
muon_update_direction_oracle,"[384, 384]",transformer.h.5.attn.c_proj.weight,transformer.h.5.attn.c_proj.weight,int4-dynamic-b2048,4,dynamic,2048,0.0095350481569767,0.18648524582386017,0.9826571941375732,1.0024539232254028,ok,0.9519744515419006,0.5780777931213379,1.0684138536453247,ok,0.9519744515419006,0.5780777931213379,1.0684138536453247,0,2048,/home/sienna/projects/experiments/lowp-optimizer-bench/reports/muon_update_fidelity_formal_s0_s1_results/muon-fidelity-formal/fp32_muon_snapshot_s0/muon_momentum_snapshots/update_002048.pt,-1.0311603546142578e-05,0.00010880827903747559,9.03010368347168e-05,-0.00010788440704345703
nearest,"[1024, 384]",transformer.h.5.mlp.w1.weight,transformer.h.5.mlp.w1.weight,int4-dynamic-b2048,4,dynamic,2048,0.01920064352452755,0.2111157476902008,0.9775790572166443,0.9927648305892944,ok,0.47854161262512207,0.8855952024459839,1.0008385181427002,ok,0.47854161262512207,0.8855952024459839,1.0008385181427002,0,2048,/home/sienna/projects/experiments/lowp-optimizer-bench/reports/muon_update_fidelity_formal_s0_s1_results/muon-fidelity-formal/fp32_muon_snapshot_s0/muon_momentum_snapshots/update_002048.pt,,,,
raw_direction_oracle,"[1024, 384]",transformer.h.5.mlp.w1.weight,transformer.h.5.mlp.w1.weight,int4-dynamic-b2048,4,dynamic,2048,0.0191650390625,0.21361690759658813,0.9778356552124023,1.0202000141143799,ok,0.475137859582901,0.887190580368042,1.000606656074524,ok,0.475137859582901,0.887190580368042,1.000606656074524,0,2048,/home/sienna/projects/experiments/lowp-optimizer-bench/reports/muon_update_fidelity_formal_s0_s1_results/muon-fidelity-formal/fp32_muon_snapshot_s0/muon_momentum_snapshots/update_002048.pt,0.00025659799575805664,0.002501159906387329,0.0015953779220581055,-0.0034037530422210693
muon_update_direction_oracle,"[1024, 384]",transformer.h.5.mlp.w1.weight,transformer.h.5.mlp.w1.weight,int4-dynamic-b2048,4,dynamic,2048,0.01920064352452755,0.2167700231075287,0.9770398139953613,1.0169912576675415,ok,0.47761428356170654,0.8858610391616821,0.9992855191230774,ok,0.47761428356170654,0.8858610391616821,0.9992855191230774,0,2048,/home/sienna/projects/experiments/lowp-optimizer-bench/reports/muon_update_fidelity_formal_s0_s1_results/muon-fidelity-formal/fp32_muon_snapshot_s0/muon_momentum_snapshots/update_002048.pt,-0.000539243221282959,0.005654275417327881,0.0002658367156982422,-0.0009273290634155273
nearest,"[1024, 384]",transformer.h.5.mlp.w2.weight,transformer.h.5.mlp.w2.weight,int4-dynamic-b2048,4,dynamic,2048,0.0185521449893713,0.20680764317512512,0.9785740375518799,0.9979755282402039,ok,0.4692395031452179,0.889798641204834,0.9990105032920837,ok,0.4692395031452179,0.889798641204834,0.9990105032920837,0,2048,/home/sienna/projects/experiments/lowp-optimizer-bench/reports/muon_update_fidelity_formal_s0_s1_results/muon-fidelity-formal/fp32_muon_snapshot_s0/muon_momentum_snapshots/update_002048.pt,,,,
raw_direction_oracle,"[1024, 384]",transformer.h.5.mlp.w2.weight,transformer.h.5.mlp.w2.weight,int4-dynamic-b2048,4,dynamic,2048,0.0184326171875,0.2100212424993515,0.9788755774497986,1.0268988609313965,ok,0.4647044837474823,0.8917900919914246,0.9978088736534119,ok,0.4647044837474823,0.8917900919914246,0.9978088736534119,0,2048,/home/sienna/projects/experiments/lowp-optimizer-bench/reports/muon_update_fidelity_formal_s0_s1_results/muon-fidelity-formal/fp32_muon_snapshot_s0/muon_momentum_snapshots/update_002048.pt,0.00030153989791870117,0.0032135993242263794,0.001991450786590576,-0.004535019397735596
muon_update_direction_oracle,"[1024, 384]",transformer.h.5.mlp.w2.weight,transformer.h.5.mlp.w2.weight,int4-dynamic-b2048,4,dynamic,2048,0.0185521449893713,0.21163520216941833,0.9779953956604004,1.0135529041290283,ok,0.468832790851593,0.8898952007293701,0.99814373254776,ok,0.468832790851593,0.8898952007293701,0.99814373254776,0,2048,/home/sienna/projects/experiments/lowp-optimizer-bench/reports/muon_update_fidelity_formal_s0_s1_results/muon-fidelity-formal/fp32_muon_snapshot_s0/muon_momentum_snapshots/update_002048.pt,-0.0005786418914794922,0.004827558994293213,9.655952453613281e-05,-0.00040671229362487793
nearest,"[384, 1024]",transformer.h.5.mlp.c_proj.weight,transformer.h.5.mlp.c_proj.weight,int4-dynamic-b2048,4,dynamic,2048,0.0206731166690588,0.22448688745498657,0.9746026396751404,0.9902428984642029,ok,0.5451886057853699,0.8530836701393127,1.0111414194107056,ok,0.5451886057853699,0.8530836701393127,1.0111414194107056,0,2048,/home/sienna/projects/experiments/lowp-optimizer-bench/reports/muon_update_fidelity_formal_s0_s1_results/muon-fidelity-formal/fp32_muon_snapshot_s0/muon_momentum_snapshots/update_002048.pt,,,,
raw_direction_oracle,"[384, 1024]",transformer.h.5.mlp.c_proj.weight,transformer.h.5.mlp.c_proj.weight,int4-dynamic-b2048,4,dynamic,2048,0.0206019077450037,0.22660031914710999,0.974765956401825,1.0137070417404175,ok,0.5414209365844727,0.855103075504303,1.0111092329025269,ok,0.5414209365844727,0.855103075504303,1.0111092329025269,0,2048,/home/sienna/projects/experiments/lowp-optimizer-bench/reports/muon_update_fidelity_formal_s0_s1_results/muon-fidelity-formal/fp32_muon_snapshot_s0/muon_momentum_snapshots/update_002048.pt,0.0001633167266845703,0.002113431692123413,0.0020194053649902344,-0.003767669200897217
muon_update_direction_oracle,"[384, 1024]",transformer.h.5.mlp.c_proj.weight,transformer.h.5.mlp.c_proj.weight,int4-dynamic-b2048,4,dynamic,2048,0.0206731166690588,0.22462467849254608,0.9745854139328003,0.9911035299301147,ok,0.5451182126998901,0.8530945181846619,1.0109682083129883,ok,0.5451182126998901,0.8530945181846619,1.0109682083129883,0,2048,/home/sienna/projects/experiments/lowp-optimizer-bench/reports/muon_update_fidelity_formal_s0_s1_results/muon-fidelity-formal/fp32_muon_snapshot_s0/muon_momentum_snapshots/update_002048.pt,-1.722574234008789e-05,0.00013779103755950928,1.0848045349121094e-05,-7.039308547973633e-05
nearest,"[1152, 384]",transformer.h.0.attn.c_attn.weight,transformer.h.0.attn.c_attn.weight,int4-dynamic-b2048,4,dynamic,2048,0.022200973704457283,0.20489491522312164,0.9789419770240784,0.9965327382087708,ok,0.9679773449897766,0.5521455407142639,1.0439231395721436,ok,0.9679773449897766,0.5521455407142639,1.0439231395721436,0,4096,/home/sienna/projects/experiments/lowp-optimizer-bench/reports/muon_update_fidelity_formal_s0_s1_results/muon-fidelity-formal/fp32_muon_snapshot_s0/muon_momentum_snapshots/update_004096.pt,,,,
raw_direction_oracle,"[1152, 384]",transformer.h.0.attn.c_attn.weight,transformer.h.0.attn.c_attn.weight,int4-dynamic-b2048,4,dynamic,2048,0.022119592875242233,0.20741432905197144,0.9792813658714294,1.0241432189941406,ok,0.9626315832138062,0.5573529601097107,1.0444892644882202,ok,0.9626315832138062,0.5573529601097107,1.0444892644882202,0,4096,/home/sienna/projects/experiments/lowp-optimizer-bench/reports/muon_update_fidelity_formal_s0_s1_results/muon-fidelity-formal/fp32_muon_snapshot_s0/muon_momentum_snapshots/update_004096.pt,0.0003393888473510742,0.0025194138288497925,0.005207419395446777,-0.005345761775970459
muon_update_direction_oracle,"[1152, 384]",transformer.h.0.attn.c_attn.weight,transformer.h.0.attn.c_attn.weight,int4-dynamic-b2048,4,dynamic,2048,0.022200973704457283,0.20513062179088593,0.9789230227470398,0.9981326460838318,ok,0.9677683115005493,0.5524005889892578,1.0440526008605957,ok,0.9677683115005493,0.5524005889892578,1.0440526008605957,0,4096,/home/sienna/projects/experiments/lowp-optimizer-bench/reports/muon_update_fidelity_formal_s0_s1_results/muon-fidelity-formal/fp32_muon_snapshot_s0/muon_momentum_snapshots/update_004096.pt,-1.895427703857422e-05,0.00023570656776428223,0.0002550482749938965,-0.00020903348922729492
nearest,"[384, 384]",transformer.h.0.attn.c_proj.weight,transformer.h.0.attn.c_proj.weight,int4-dynamic-b2048,4,dynamic,2048,0.01641845703125,0.20989947021007538,0.9778739213943481,0.9950570464134216,ok,1.0565626621246338,0.4822339415550232,1.0728896856307983,ok,1.0565626621246338,0.4822339415550232,1.0728896856307983,0,4096,/home/sienna/projects/experiments/lowp-optimizer-bench/reports/muon_update_fidelity_formal_s0_s1_results/muon-fidelity-formal/fp32_muon_snapshot_s0/muon_momentum_snapshots/update_004096.pt,,,,
raw_direction_oracle,"[384, 384]",transformer.h.0.attn.c_proj.weight,transformer.h.0.attn.c_proj.weight,int4-dynamic-b2048,4,dynamic,2048,0.0164048932492733,0.21250084042549133,0.9781705141067505,1.0226017236709595,ok,1.054771900177002,0.4839056134223938,1.0727251768112183,ok,1.054771900177002,0.4839056134223938,1.0727251768112183,0,4096,/home/sienna/projects/experiments/lowp-optimizer-bench/reports/muon_update_fidelity_formal_s0_s1_results/muon-fidelity-formal/fp32_muon_snapshot_s0/muon_momentum_snapshots/update_004096.pt,0.00029659271240234375,0.0026013702154159546,0.0016716718673706055,-0.001790761947631836
muon_update_direction_oracle,"[384, 384]",transformer.h.0.attn.c_proj.weight,transformer.h.0.attn.c_proj.weight,int4-dynamic-b2048,4,dynamic,2048,0.01641845703125,0.20999214053153992,0.9778634309768677,0.9955763816833496,ok,1.0565185546875,0.4822966158390045,1.0729246139526367,ok,1.0565185546875,0.4822966158390045,1.0729246139526367,0,4096,/home/sienna/projects/experiments/lowp-optimizer-bench/reports/muon_update_fidelity_formal_s0_s1_results/muon-fidelity-formal/fp32_muon_snapshot_s0/muon_momentum_snapshots/update_004096.pt,-1.049041748046875e-05,9.267032146453857e-05,6.267428398132324e-05,-4.410743713378906e-05
nearest,"[1024, 384]",transformer.h.0.mlp.w1.weight,transformer.h.0.mlp.w1.weight,int4-dynamic-b2048,4,dynamic,2048,0.013064066879451275,0.2000037431716919,0.9799627661705017,0.9980835318565369,ok,0.4000398516654968,0.920671820640564,1.0082423686981201,ok,0.4000398516654968,0.920671820640564,1.0082423686981201,0,4096,/home/sienna/projects/experiments/lowp-optimizer-bench/reports/muon_update_fidelity_formal_s0_s1_results/muon-fidelity-formal/fp32_muon_snapshot_s0/muon_momentum_snapshots/update_004096.pt,,,,
raw_direction_oracle,"[1024, 384]",transformer.h.0.mlp.w1.weight,transformer.h.0.mlp.w1.weight,int4-dynamic-b2048,4,dynamic,2048,0.013028462417423725,0.20286665856838226,0.9803407788276672,1.0274884700775146,ok,0.39534062147140503,0.9225547909736633,1.0085861682891846,ok,0.39534062147140503,0.9225547909736633,1.0085861682891846,0,4096,/home/sienna/projects/experiments/lowp-optimizer-bench/reports/muon_update_fidelity_formal_s0_s1_results/muon-fidelity-formal/fp32_muon_snapshot_s0/muon_momentum_snapshots/update_004096.pt,0.00037801265716552734,0.0028629153966903687,0.0018829703330993652,-0.004699230194091797
muon_update_direction_oracle,"[1024, 384]",transformer.h.0.mlp.w1.weight,transformer.h.0.mlp.w1.weight,int4-dynamic-b2048,4,dynamic,2048,0.013064066879451275,0.20009256899356842,0.97995924949646,0.9988593459129333,ok,0.39991140365600586,0.9207207560539246,1.008219838142395,ok,0.39991140365600586,0.9207207560539246,1.008219838142395,0,4096,/home/sienna/projects/experiments/lowp-optimizer-bench/reports/muon_update_fidelity_formal_s0_s1_results/muon-fidelity-formal/fp32_muon_snapshot_s0/muon_momentum_snapshots/update_004096.pt,-3.516674041748047e-06,8.882582187652588e-05,4.89354133605957e-05,-0.0001284480094909668
nearest,"[1024, 384]",transformer.h.0.mlp.w2.weight,transformer.h.0.mlp.w2.weight,int4-dynamic-b2048,4,dynamic,2048,0.014678955078125,0.2034756988286972,0.9792364239692688,0.9967402219772339,ok,0.41519320011138916,0.9145681262016296,1.0084855556488037,ok,0.41519320011138916,0.9145681262016296,1.0084855556488037,0,4096,/home/sienna/projects/experiments/lowp-optimizer-bench/reports/muon_update_fidelity_formal_s0_s1_results/muon-fidelity-formal/fp32_muon_snapshot_s0/muon_momentum_snapshots/update_004096.pt,,,,
raw_direction_oracle,"[1024, 384]",transformer.h.0.mlp.w2.weight,transformer.h.0.mlp.w2.weight,int4-dynamic-b2048,4,dynamic,2048,0.014645894058048725,0.20634573698043823,0.9796046018600464,1.0265495777130127,ok,0.41063982248306274,0.9164788126945496,1.0089919567108154,ok,0.41063982248306274,0.9164788126945496,1.0089919567108154,0,4096,/home/sienna/projects/experiments/lowp-optimizer-bench/reports/muon_update_fidelity_formal_s0_s1_results/muon-fidelity-formal/fp32_muon_snapshot_s0/muon_momentum_snapshots/update_004096.pt,0.0003681778907775879,0.002870038151741028,0.0019106864929199219,-0.004553377628326416
muon_update_direction_oracle,"[1024, 384]",transformer.h.0.mlp.w2.weight,transformer.h.0.mlp.w2.weight,int4-dynamic-b2048,4,dynamic,2048,0.014678955078125,0.2034756988286972,0.9792364239692688,0.9967402219772339,ok,0.41519320011138916,0.9145681262016296,1.0084855556488037,ok,0.41519320011138916,0.9145681262016296,1.0084855556488037,0,4096,/home/sienna/projects/experiments/lowp-optimizer-bench/reports/muon_update_fidelity_formal_s0_s1_results/muon-fidelity-formal/fp32_muon_snapshot_s0/muon_momentum_snapshots/update_004096.pt,0.0,0.0,0.0,0.0
nearest,"[384, 1024]",transformer.h.0.mlp.c_proj.weight,transformer.h.0.mlp.c_proj.weight,int4-dynamic-b2048,4,dynamic,2048,0.0243657436221838,0.2313784807920456,0.9729425311088562,0.9853043556213379,ok,0.4967426657676697,0.8781607151031494,1.01202392578125,ok,0.4967426657676697,0.8781607151031494,1.01202392578125,0,4096,/home/sienna/projects/experiments/lowp-optimizer-bench/reports/muon_update_fidelity_formal_s0_s1_results/muon-fidelity-formal/fp32_muon_snapshot_s0/muon_momentum_snapshots/update_004096.pt,,,,
raw_direction_oracle,"[384, 1024]",transformer.h.0.mlp.c_proj.weight,transformer.h.0.mlp.c_proj.weight,int4-dynamic-b2048,4,dynamic,2048,0.0243250522762537,0.23301389813423157,0.9729466438293457,1.003286600112915,ok,0.49414491653442383,0.8794548511505127,1.012195110321045,ok,0.49414491653442383,0.8794548511505127,1.012195110321045,0,4096,/home/sienna/projects/experiments/lowp-optimizer-bench/reports/muon_update_fidelity_formal_s0_s1_results/muon-fidelity-formal/fp32_muon_snapshot_s0/muon_momentum_snapshots/update_004096.pt,4.112720489501953e-06,0.0016354173421859741,0.0012941360473632812,-0.0025977492332458496
muon_update_direction_oracle,"[384, 1024]",transformer.h.0.mlp.c_proj.weight,transformer.h.0.mlp.c_proj.weight,int4-dynamic-b2048,4,dynamic,2048,0.0243657436221838,0.23145578801631927,0.9729294180870056,0.9857125282287598,ok,0.496685653924942,0.8781864643096924,1.0120071172714233,ok,0.496685653924942,0.8781864643096924,1.0120071172714233,0,4096,/home/sienna/projects/experiments/lowp-optimizer-bench/reports/muon_update_fidelity_formal_s0_s1_results/muon-fidelity-formal/fp32_muon_snapshot_s0/muon_momentum_snapshots/update_004096.pt,-1.3113021850585938e-05,7.730722427368164e-05,2.574920654296875e-05,-5.701184272766113e-05
nearest,"[1152, 384]",transformer.h.1.attn.c_attn.weight,transformer.h.1.attn.c_attn.weight,int4-dynamic-b2048,4,dynamic,2048,0.015005606226623058,0.19675171375274658,0.9806110858917236,0.9981978535652161,ok,0.9660515189170837,0.5568389296531677,1.0501188039779663,ok,0.9660515189170837,0.5568389296531677,1.0501188039779663,0,4096,/home/sienna/projects/experiments/lowp-optimizer-bench/reports/muon_update_fidelity_formal_s0_s1_results/muon-fidelity-formal/fp32_muon_snapshot_s0/muon_momentum_snapshots/update_004096.pt,,,,
raw_direction_oracle,"[1152, 384]",transformer.h.1.attn.c_attn.weight,transformer.h.1.attn.c_attn.weight,int4-dynamic-b2048,4,dynamic,2048,0.014964915812015533,0.1995311677455902,0.9810053706169128,1.0277409553527832,ok,0.9625082612037659,0.5602536797523499,1.050464391708374,ok,0.9625082612037659,0.5602536797523499,1.050464391708374,0,4096,/home/sienna/projects/experiments/lowp-optimizer-bench/reports/muon_update_fidelity_formal_s0_s1_results/muon-fidelity-formal/fp32_muon_snapshot_s0/muon_momentum_snapshots/update_004096.pt,0.000394284725189209,0.002779453992843628,0.003414750099182129,-0.003543257713317871
muon_update_direction_oracle,"[1152, 384]",transformer.h.1.attn.c_attn.weight,transformer.h.1.attn.c_attn.weight,int4-dynamic-b2048,4,dynamic,2048,0.015005606226623058,0.19695189595222473,0.9805912971496582,0.9992814660072327,ok,0.966019868850708,0.556867241859436,1.0501171350479126,ok,0.966019868850708,0.556867241859436,1.0501171350479126,0,4096,/home/sienna/projects/experiments/lowp-optimizer-bench/reports/muon_update_fidelity_formal_s0_s1_results/muon-fidelity-formal/fp32_muon_snapshot_s0/muon_momentum_snapshots/update_004096.pt,-1.9788742065429688e-05,0.00020018219947814941,2.8312206268310547e-05,-3.165006637573242e-05
nearest,"[384, 384]",transformer.h.1.attn.c_proj.weight,transformer.h.1.attn.c_proj.weight,int4-dynamic-b2048,4,dynamic,2048,0.013427734375,0.18741238117218018,0.9824494123458862,1.000618577003479,ok,1.0576239824295044,0.49488702416419983,1.0977815389633179,ok,1.0576239824295044,0.49488702416419983,1.0977815389633179,0,4096,/home/sienna/projects/experiments/lowp-optimizer-bench/reports/muon_update_fidelity_formal_s0_s1_results/muon-fidelity-formal/fp32_muon_snapshot_s0/muon_momentum_snapshots/update_004096.pt,,,,
raw_direction_oracle,"[384, 384]",transformer.h.1.attn.c_proj.weight,transformer.h.1.attn.c_proj.weight,int4-dynamic-b2048,4,dynamic,2048,0.013387043960392475,0.19045789539813995,0.9828920960426331,1.031378149986267,ok,1.051995873451233,0.49963390827178955,1.0965672731399536,ok,1.051995873451233,0.49963390827178955,1.0965672731399536,0,4096,/home/sienna/projects/experiments/lowp-optimizer-bench/reports/muon_update_fidelity_formal_s0_s1_results/muon-fidelity-formal/fp32_muon_snapshot_s0/muon_momentum_snapshots/update_004096.pt,0.00044268369674682617,0.003045514225959778,0.004746884107589722,-0.005628108978271484
muon_update_direction_oracle,"[384, 384]",transformer.h.1.attn.c_proj.weight,transformer.h.1.attn.c_proj.weight,int4-dynamic-b2048,4,dynamic,2048,0.013427734375,0.18745848536491394,0.9824464917182922,1.0009300708770752,ok,1.0576095581054688,0.4949629306793213,1.0978944301605225,ok,1.0576095581054688,0.4949629306793213,1.0978944301605225,0,4096,/home/sienna/projects/experiments/lowp-optimizer-bench/reports/muon_update_fidelity_formal_s0_s1_results/muon-fidelity-formal/fp32_muon_snapshot_s0/muon_momentum_snapshots/update_004096.pt,-2.9206275939941406e-06,4.610419273376465e-05,7.590651512145996e-05,-1.4424324035644531e-05
nearest,"[1024, 384]",transformer.h.1.mlp.w1.weight,transformer.h.1.mlp.w1.weight,int4-dynamic-b2048,4,dynamic,2048,0.013704936020076275,0.19477488100528717,0.98101806640625,0.9992860555648804,ok,0.44831252098083496,0.9004409313201904,1.0089670419692993,ok,0.44831252098083496,0.9004409313201904,1.0089670419692993,0,4096,/home/sienna/projects/experiments/lowp-optimizer-bench/reports/muon_update_fidelity_formal_s0_s1_results/muon-fidelity-formal/fp32_muon_snapshot_s0/muon_momentum_snapshots/update_004096.pt,,,,
raw_direction_oracle,"[1024, 384]",transformer.h.1.mlp.w1.weight,transformer.h.1.mlp.w1.weight,int4-dynamic-b2048,4,dynamic,2048,0.013697306625545025,0.1978650689125061,0.9814448952674866,1.0302784442901611,ok,0.44274070858955383,0.9029020071029663,1.0089737176895142,ok,0.44274070858955383,0.9029020071029663,1.0089737176895142,0,4096,/home/sienna/projects/experiments/lowp-optimizer-bench/reports/muon_update_fidelity_formal_s0_s1_results/muon-fidelity-formal/fp32_muon_snapshot_s0/muon_momentum_snapshots/update_004096.pt,0.00042682886123657227,0.003090187907218933,0.002461075782775879,-0.005571812391281128
muon_update_direction_oracle,"[1024, 384]",transformer.h.1.mlp.w1.weight,transformer.h.1.mlp.w1.weight,int4-dynamic-b2048,4,dynamic,2048,0.013704936020076275,0.19497831165790558,0.9810069799423218,1.0007946491241455,ok,0.44819414615631104,0.9004806280136108,1.0088471174240112,ok,0.44819414615631104,0.9004806280136108,1.0088471174240112,0,4096,/home/sienna/projects/experiments/lowp-optimizer-bench/reports/muon_update_fidelity_formal_s0_s1_results/muon-fidelity-formal/fp32_muon_snapshot_s0/muon_momentum_snapshots/update_004096.pt,-1.1086463928222656e-05,0.0002034306526184082,3.9696693420410156e-05,-0.00011837482452392578
nearest,"[1024, 384]",transformer.h.1.mlp.w2.weight,transformer.h.1.mlp.w2.weight,int4-dynamic-b2048,4,dynamic,2048,0.0145263671875,0.19626685976982117,0.9807038903236389,0.9980544447898865,ok,0.4521087408065796,0.8988087177276611,1.0095313787460327,ok,0.4521087408065796,0.8988087177276611,1.0095313787460327,0,4096,/home/sienna/projects/experiments/lowp-optimizer-bench/reports/muon_update_fidelity_formal_s0_s1_results/muon-fidelity-formal/fp32_muon_snapshot_s0/muon_momentum_snapshots/update_004096.pt,,,,
raw_direction_oracle,"[1024, 384]",transformer.h.1.mlp.w2.weight,transformer.h.1.mlp.w2.weight,int4-dynamic-b2048,4,dynamic,2048,0.014495849609375,0.19909261167049408,0.9811322689056396,1.028656244277954,ok,0.44657039642333984,0.9011498093605042,1.008368968963623,ok,0.44657039642333984,0.9011498093605042,1.008368968963623,0,4096,/home/sienna/projects/experiments/lowp-optimizer-bench/reports/muon_update_fidelity_formal_s0_s1_results/muon-fidelity-formal/fp32_muon_snapshot_s0/muon_momentum_snapshots/update_004096.pt,0.0004283785820007324,0.0028257519006729126,0.0023410916328430176,-0.005538344383239746
muon_update_direction_oracle,"[1024, 384]",transformer.h.1.mlp.w2.weight,transformer.h.1.mlp.w2.weight,int4-dynamic-b2048,4,dynamic,2048,0.0145263671875,0.19632726907730103,0.9806983470916748,0.9984168410301208,ok,0.4520857334136963,0.8988165259361267,1.009508490562439,ok,0.4520857334136963,0.8988165259361267,1.009508490562439,0,4096,/home/sienna/projects/experiments/lowp-optimizer-bench/reports/muon_update_fidelity_formal_s0_s1_results/muon-fidelity-formal/fp32_muon_snapshot_s0/muon_momentum_snapshots/update_004096.pt,-5.543231964111328e-06,6.04093074798584e-05,7.808208465576172e-06,-2.300739288330078e-05
nearest,"[384, 1024]",transformer.h.1.mlp.c_proj.weight,transformer.h.1.mlp.c_proj.weight,int4-dynamic-b2048,4,dynamic,2048,0.02507781982421875,0.22370955348014832,0.9747304320335388,0.9867925047874451,ok,0.5088111758232117,0.8718801140785217,1.0099525451660156,ok,0.5088111758232117,0.8718801140785217,1.0099525451660156,0,4096,/home/sienna/projects/experiments/lowp-optimizer-bench/reports/muon_update_fidelity_formal_s0_s1_results/muon-fidelity-formal/fp32_muon_snapshot_s0/muon_momentum_snapshots/update_004096.pt,,,,
raw_direction_oracle,"[384, 1024]",transformer.h.1.mlp.c_proj.weight,transformer.h.1.mlp.c_proj.weight,int4-dynamic-b2048,4,dynamic,2048,0.02501932717859745,0.2253149002790451,0.9746993184089661,1.0030814409255981,ok,0.5068063139915466,0.8729546070098877,1.0104403495788574,ok,0.5068063139915466,0.8729546070098877,1.0104403495788574,0,4096,/home/sienna/projects/experiments/lowp-optimizer-bench/reports/muon_update_fidelity_formal_s0_s1_results/muon-fidelity-formal/fp32_muon_snapshot_s0/muon_momentum_snapshots/update_004096.pt,-3.1113624572753906e-05,0.0016053467988967896,0.0010744929313659668,-0.002004861831665039
muon_update_direction_oracle,"[384, 1024]",transformer.h.1.mlp.c_proj.weight,transformer.h.1.mlp.c_proj.weight,int4-dynamic-b2048,4,dynamic,2048,0.02507781982421875,0.22370955348014832,0.9747304320335388,0.9867925047874451,ok,0.5088111758232117,0.8718801140785217,1.0099525451660156,ok,0.5088111758232117,0.8718801140785217,1.0099525451660156,0,4096,/home/sienna/projects/experiments/lowp-optimizer-bench/reports/muon_update_fidelity_formal_s0_s1_results/muon-fidelity-formal/fp32_muon_snapshot_s0/muon_momentum_snapshots/update_004096.pt,0.0,0.0,0.0,0.0
nearest,"[1152, 384]",transformer.h.2.attn.c_attn.weight,transformer.h.2.attn.c_attn.weight,int4-dynamic-b2048,4,dynamic,2048,0.022336605936288834,0.2189943492412567,0.9759043455123901,0.9945575594902039,ok,0.9613646268844604,0.5677407383918762,1.0642802715301514,ok,0.9613646268844604,0.5677407383918762,1.0642802715301514,0,4096,/home/sienna/projects/experiments/lowp-optimizer-bench/reports/muon_update_fidelity_formal_s0_s1_results/muon-fidelity-formal/fp32_muon_snapshot_s0/muon_momentum_snapshots/update_004096.pt,,,,
raw_direction_oracle,"[1152, 384]",transformer.h.2.attn.c_attn.weight,transformer.h.2.attn.c_attn.weight,int4-dynamic-b2048,4,dynamic,2048,0.022252965718507767,0.22220687568187714,0.9762071371078491,1.0247453451156616,ok,0.9572172164916992,0.5704285502433777,1.0620111227035522,ok,0.9572172164916992,0.5704285502433777,1.0620111227035522,0,4096,/home/sienna/projects/experiments/lowp-optimizer-bench/reports/muon_update_fidelity_formal_s0_s1_results/muon-fidelity-formal/fp32_muon_snapshot_s0/muon_momentum_snapshots/update_004096.pt,0.0003027915954589844,0.0032125264406204224,0.002687811851501465,-0.0041474103927612305
muon_update_direction_oracle,"[1152, 384]",transformer.h.2.attn.c_attn.weight,transformer.h.2.attn.c_attn.weight,int4-dynamic-b2048,4,dynamic,2048,0.022336605936288834,0.2195119559764862,0.9758402109146118,0.9970459938049316,ok,0.9612122774124146,0.5678964257240295,1.064319372177124,ok,0.9612122774124146,0.5678964257240295,1.064319372177124,0,4096,/home/sienna/projects/experiments/lowp-optimizer-bench/reports/muon_update_fidelity_formal_s0_s1_results/muon-fidelity-formal/fp32_muon_snapshot_s0/muon_momentum_snapshots/update_004096.pt,-6.413459777832031e-05,0.0005176067352294922,0.0001556873321533203,-0.00015234947204589844
nearest,"[384, 384]",transformer.h.2.attn.c_proj.weight,transformer.h.2.attn.c_proj.weight,int4-dynamic-b2048,4,dynamic,2048,0.01812744140625,0.19531431794166565,0.9808900952339172,0.998012125492096,ok,0.9674832224845886,0.5677458047866821,1.076035976409912,ok,0.9674832224845886,0.5677458047866821,1.076035976409912,0,4096,/home/sienna/projects/experiments/lowp-optimizer-bench/reports/muon_update_fidelity_formal_s0_s1_results/muon-fidelity-formal/fp32_muon_snapshot_s0/muon_momentum_snapshots/update_004096.pt,,,,
raw_direction_oracle,"[384, 384]",transformer.h.2.attn.c_proj.weight,transformer.h.2.attn.c_proj.weight,int4-dynamic-b2048,4,dynamic,2048,0.0181138776242733,0.19813723862171173,0.9811505079269409,1.024909257888794,ok,0.9670583605766296,0.568317711353302,1.0764386653900146,ok,0.9670583605766296,0.568317711353302,1.0764386653900146,0,4096,/home/sienna/projects/experiments/lowp-optimizer-bench/reports/muon_update_fidelity_formal_s0_s1_results/muon-fidelity-formal/fp32_muon_snapshot_s0/muon_momentum_snapshots/update_004096.pt,0.00026041269302368164,0.0028229206800460815,0.000571906566619873,-0.0004248619079589844
muon_update_direction_oracle,"[384, 384]",transformer.h.2.attn.c_proj.weight,transformer.h.2.attn.c_proj.weight,int4-dynamic-b2048,4,dynamic,2048,0.01812744140625,0.19540421664714813,0.9808801412582397,0.9984535574913025,ok,0.9673965573310852,0.5678293108940125,1.0760478973388672,ok,0.9673965573310852,0.5678293108940125,1.0760478973388672,0,4096,/home/sienna/projects/experiments/lowp-optimizer-bench/reports/muon_update_fidelity_formal_s0_s1_results/muon-fidelity-formal/fp32_muon_snapshot_s0/muon_momentum_snapshots/update_004096.pt,-9.953975677490234e-06,8.989870548248291e-05,8.350610733032227e-05,-8.666515350341797e-05
nearest,"[1024, 384]",transformer.h.2.mlp.w1.weight,transformer.h.2.mlp.w1.weight,int4-dynamic-b2048,4,dynamic,2048,0.011866251938045025,0.1924753487110138,0.9814820885658264,1.0002928972244263,ok,0.4195438623428345,0.9128856658935547,1.009722113609314,ok,0.4195438623428345,0.9128856658935547,1.009722113609314,0,4096,/home/sienna/projects/experiments/lowp-optimizer-bench/reports/muon_update_fidelity_formal_s0_s1_results/muon-fidelity-formal/fp32_muon_snapshot_s0/muon_momentum_snapshots/update_004096.pt,,,,
raw_direction_oracle,"[1024, 384]",transformer.h.2.mlp.w1.weight,transformer.h.2.mlp.w1.weight,int4-dynamic-b2048,4,dynamic,2048,0.011853535659611225,0.19545818865299225,0.9819660186767578,1.0315759181976318,ok,0.4143431484699249,0.9150170683860779,1.009549856185913,ok,0.4143431484699249,0.9150170683860779,1.009549856185913,0,4096,/home/sienna/projects/experiments/lowp-optimizer-bench/reports/muon_update_fidelity_formal_s0_s1_results/muon-fidelity-formal/fp32_muon_snapshot_s0/muon_momentum_snapshots/update_004096.pt,0.0004839301109313965,0.0029828399419784546,0.0021314024925231934,-0.005200713872909546
muon_update_direction_oracle,"[1024, 384]",transformer.h.2.mlp.w1.weight,transformer.h.2.mlp.w1.weight,int4-dynamic-b2048,4,dynamic,2048,0.011866251938045025,0.19250896573066711,0.9814799427986145,1.0005168914794922,ok,0.4195408821105957,0.9128856658935547,1.0097098350524902,ok,0.4195408821105957,0.9128856658935547,1.0097098350524902,0,4096,/home/sienna/projects/experiments/lowp-optimizer-bench/reports/muon_update_fidelity_formal_s0_s1_results/muon-fidelity-formal/fp32_muon_snapshot_s0/muon_momentum_snapshots/update_004096.pt,-2.1457672119140625e-06,3.361701965332031e-05,0.0,-2.9802322387695312e-06
nearest,"[1024, 384]",transformer.h.2.mlp.w2.weight,transformer.h.2.mlp.w2.weight,int4-dynamic-b2048,4,dynamic,2048,0.011800129897892475,0.19215136766433716,0.9815353155136108,0.999808132648468,ok,0.4242998957633972,0.9109019637107849,1.0097593069076538,ok,0.4242998957633972,0.9109019637107849,1.0097593069076538,0,4096,/home/sienna/projects/experiments/lowp-optimizer-bench/reports/muon_update_fidelity_formal_s0_s1_results/muon-fidelity-formal/fp32_muon_snapshot_s0/muon_momentum_snapshots/update_004096.pt,,,,
raw_direction_oracle,"[1024, 384]",transformer.h.2.mlp.w2.weight,transformer.h.2.mlp.w2.weight,int4-dynamic-b2048,4,dynamic,2048,0.011777241714298725,0.19495727121829987,0.9819381833076477,1.02895987033844,ok,0.41844800114631653,0.9132589101791382,1.0088664293289185,ok,0.41844800114631653,0.9132589101791382,1.0088664293289185,0,4096,/home/sienna/projects/experiments/lowp-optimizer-bench/reports/muon_update_fidelity_formal_s0_s1_results/muon-fidelity-formal/fp32_muon_snapshot_s0/muon_momentum_snapshots/update_004096.pt,0.00040286779403686523,0.0028059035539627075,0.0023569464683532715,-0.0058518946170806885
muon_update_direction_oracle,"[1024, 384]",transformer.h.2.mlp.w2.weight,transformer.h.2.mlp.w2.weight,int4-dynamic-b2048,4,dynamic,2048,0.011800129897892475,0.19227977097034454,0.9815200567245483,1.0003215074539185,ok,0.42420604825019836,0.9109386205673218,1.0097322463989258,ok,0.42420604825019836,0.9109386205673218,1.0097322463989258,0,4096,/home/sienna/projects/experiments/lowp-optimizer-bench/reports/muon_update_fidelity_formal_s0_s1_results/muon-fidelity-formal/fp32_muon_snapshot_s0/muon_momentum_snapshots/update_004096.pt,-1.52587890625e-05,0.00012840330600738525,3.6656856536865234e-05,-9.384751319885254e-05
nearest,"[384, 1024]",transformer.h.2.mlp.c_proj.weight,transformer.h.2.mlp.c_proj.weight,int4-dynamic-b2048,4,dynamic,2048,0.014386494643986225,0.20901893079280853,0.9780729413032532,0.995834469795227,ok,0.3876146972179413,0.9254594445228577,1.0074368715286255,ok,0.3876146972179413,0.9254594445228577,1.0074368715286255,0,4096,/home/sienna/projects/experiments/lowp-optimizer-bench/reports/muon_update_fidelity_formal_s0_s1_results/muon-fidelity-formal/fp32_muon_snapshot_s0/muon_momentum_snapshots/update_004096.pt,,,,
raw_direction_oracle,"[384, 1024]",transformer.h.2.mlp.c_proj.weight,transformer.h.2.mlp.c_proj.weight,int4-dynamic-b2048,4,dynamic,2048,0.0143585205078125,0.21187444031238556,0.9784833192825317,1.0266536474227905,ok,0.38293224573135376,0.9272245168685913,1.0071132183074951,ok,0.38293224573135376,0.9272245168685913,1.0071132183074951,0,4096,/home/sienna/projects/experiments/lowp-optimizer-bench/reports/muon_update_fidelity_formal_s0_s1_results/muon-fidelity-formal/fp32_muon_snapshot_s0/muon_momentum_snapshots/update_004096.pt,0.00041037797927856445,0.0028555095195770264,0.0017650723457336426,-0.004682451486587524
muon_update_direction_oracle,"[384, 1024]",transformer.h.2.mlp.c_proj.weight,transformer.h.2.mlp.c_proj.weight,int4-dynamic-b2048,4,dynamic,2048,0.014386494643986225,0.20903505384922028,0.9780721068382263,0.9959796071052551,ok,0.3875901401042938,0.9254670739173889,1.0074142217636108,ok,0.3875901401042938,0.9254670739173889,1.0074142217636108,0,4096,/home/sienna/projects/experiments/lowp-optimizer-bench/reports/muon_update_fidelity_formal_s0_s1_results/muon-fidelity-formal/fp32_muon_snapshot_s0/muon_momentum_snapshots/update_004096.pt,-8.344650268554688e-07,1.6123056411743164e-05,7.62939453125e-06,-2.4557113647460938e-05
nearest,"[1152, 384]",transformer.h.3.attn.c_attn.weight,transformer.h.3.attn.c_attn.weight,int4-dynamic-b2048,4,dynamic,2048,0.015254267491400242,0.19906337559223175,0.9801188707351685,0.996213972568512,ok,0.9241939783096313,0.5914914011955261,1.0431512594223022,ok,0.9241939783096313,0.5914914011955261,1.0431512594223022,0,4096,/home/sienna/projects/experiments/lowp-optimizer-bench/reports/muon_update_fidelity_formal_s0_s1_results/muon-fidelity-formal/fp32_muon_snapshot_s0/muon_momentum_snapshots/update_004096.pt,,,,
raw_direction_oracle,"[1152, 384]",transformer.h.3.attn.c_attn.weight,transformer.h.3.attn.c_attn.weight,int4-dynamic-b2048,4,dynamic,2048,0.015236183069646358,0.20104876160621643,0.9802828431129456,1.0173618793487549,ok,0.9206986427307129,0.594454824924469,1.0428547859191895,ok,0.9206986427307129,0.594454824924469,1.0428547859191895,0,4096,/home/sienna/projects/experiments/lowp-optimizer-bench/reports/muon_update_fidelity_formal_s0_s1_results/muon-fidelity-formal/fp32_muon_snapshot_s0/muon_momentum_snapshots/update_004096.pt,0.0001639723777770996,0.00198538601398468,0.002963423728942871,-0.003495335578918457
muon_update_direction_oracle,"[1152, 384]",transformer.h.3.attn.c_attn.weight,transformer.h.3.attn.c_attn.weight,int4-dynamic-b2048,4,dynamic,2048,0.015254267491400242,0.19906337559223175,0.9801188707351685,0.996213972568512,ok,0.9241939783096313,0.5914914011955261,1.0431512594223022,ok,0.9241939783096313,0.5914914011955261,1.0431512594223022,0,4096,/home/sienna/projects/experiments/lowp-optimizer-bench/reports/muon_update_fidelity_formal_s0_s1_results/muon-fidelity-formal/fp32_muon_snapshot_s0/muon_momentum_snapshots/update_004096.pt,0.0,0.0,0.0,0.0
nearest,"[384, 384]",transformer.h.3.attn.c_proj.weight,transformer.h.3.attn.c_proj.weight,int4-dynamic-b2048,4,dynamic,2048,0.01422797329723835,0.19523823261260986,0.9809330105781555,0.9995771646499634,ok,0.9075616598129272,0.6044654846191406,1.0392605066299438,ok,0.9075616598129272,0.6044654846191406,1.0392605066299438,0,4096,/home/sienna/projects/experiments/lowp-optimizer-bench/reports/muon_update_fidelity_formal_s0_s1_results/muon-fidelity-formal/fp32_muon_snapshot_s0/muon_momentum_snapshots/update_004096.pt,,,,
raw_direction_oracle,"[384, 384]",transformer.h.3.attn.c_proj.weight,transformer.h.3.attn.c_proj.weight,int4-dynamic-b2048,4,dynamic,2048,0.01421440951526165,0.1980404555797577,0.9813111424446106,1.0281264781951904,ok,0.9040320515632629,0.6079699397087097,1.0402909517288208,ok,0.9040320515632629,0.6079699397087097,1.0402909517288208,0,4096,/home/sienna/projects/experiments/lowp-optimizer-bench/reports/muon_update_fidelity_formal_s0_s1_results/muon-fidelity-formal/fp32_muon_snapshot_s0/muon_momentum_snapshots/update_004096.pt,0.0003781318664550781,0.002802222967147827,0.003504455089569092,-0.0035296082496643066
muon_update_direction_oracle,"[384, 384]",transformer.h.3.attn.c_proj.weight,transformer.h.3.attn.c_proj.weight,int4-dynamic-b2048,4,dynamic,2048,0.01422797329723835,0.19548749923706055,0.9809072017669678,1.0007609128952026,ok,0.9076359272003174,0.6044715642929077,1.039430022239685,ok,0.9076359272003174,0.6044715642929077,1.039430022239685,0,4096,/home/sienna/projects/experiments/lowp-optimizer-bench/reports/muon_update_fidelity_formal_s0_s1_results/muon-fidelity-formal/fp32_muon_snapshot_s0/muon_momentum_snapshots/update_004096.pt,-2.580881118774414e-05,0.0002492666244506836,6.079673767089844e-06,7.426738739013672e-05
nearest,"[1024, 384]",transformer.h.3.mlp.w1.weight,transformer.h.3.mlp.w1.weight,int4-dynamic-b2048,4,dynamic,2048,0.010576884262263775,0.18961715698242188,0.9820466041564941,1.0012916326522827,ok,0.3717632591724396,0.9314373135566711,1.007483959197998,ok,0.3717632591724396,0.9314373135566711,1.007483959197998,0,4096,/home/sienna/projects/experiments/lowp-optimizer-bench/reports/muon_update_fidelity_formal_s0_s1_results/muon-fidelity-formal/fp32_muon_snapshot_s0/muon_momentum_snapshots/update_004096.pt,,,,
raw_direction_oracle,"[1024, 384]",transformer.h.3.mlp.w1.weight,transformer.h.3.mlp.w1.weight,int4-dynamic-b2048,4,dynamic,2048,0.010569254867732525,0.19266459345817566,0.982559084892273,1.0329773426055908,ok,0.3658715486526489,0.9336206316947937,1.007845401763916,ok,0.3658715486526489,0.9336206316947937,1.007845401763916,0,4096,/home/sienna/projects/experiments/lowp-optimizer-bench/reports/muon_update_fidelity_formal_s0_s1_results/muon-fidelity-formal/fp32_muon_snapshot_s0/muon_momentum_snapshots/update_004096.pt,0.0005124807357788086,0.003047436475753784,0.0021833181381225586,-0.005891710519790649
muon_update_direction_oracle,"[1024, 384]",transformer.h.3.mlp.w1.weight,transformer.h.3.mlp.w1.weight,int4-dynamic-b2048,4,dynamic,2048,0.010576884262263775,0.18961715698242188,0.9820466041564941,1.0012916326522827,ok,0.3717632591724396,0.9314373135566711,1.007483959197998,ok,0.3717632591724396,0.9314373135566711,1.007483959197998,0,4096,/home/sienna/projects/experiments/lowp-optimizer-bench/reports/muon_update_fidelity_formal_s0_s1_results/muon-fidelity-formal/fp32_muon_snapshot_s0/muon_momentum_snapshots/update_004096.pt,0.0,0.0,0.0,0.0
nearest,"[1024, 384]",transformer.h.3.mlp.w2.weight,transformer.h.3.mlp.w2.weight,int4-dynamic-b2048,4,dynamic,2048,0.010930378921329975,0.19241870939731598,0.9814984798431396,1.0005862712860107,ok,0.38184094429016113,0.9278051257133484,1.0091990232467651,ok,0.38184094429016113,0.9278051257133484,1.0091990232467651,0,4096,/home/sienna/projects/experiments/lowp-optimizer-bench/reports/muon_update_fidelity_formal_s0_s1_results/muon-fidelity-formal/fp32_muon_snapshot_s0/muon_momentum_snapshots/update_004096.pt,,,,
raw_direction_oracle,"[1024, 384]",transformer.h.3.mlp.w2.weight,transformer.h.3.mlp.w2.weight,int4-dynamic-b2048,4,dynamic,2048,0.010920207016170025,0.1954556554555893,0.9820153713226318,1.032583475112915,ok,0.37574508786201477,0.9300664663314819,1.0088571310043335,ok,0.37574508786201477,0.9300664663314819,1.0088571310043335,0,4096,/home/sienna/projects/experiments/lowp-optimizer-bench/reports/muon_update_fidelity_formal_s0_s1_results/muon-fidelity-formal/fp32_muon_snapshot_s0/muon_momentum_snapshots/update_004096.pt,0.0005168914794921875,0.0030369460582733154,0.002261340618133545,-0.006095856428146362
muon_update_direction_oracle,"[1024, 384]",transformer.h.3.mlp.w2.weight,transformer.h.3.mlp.w2.weight,int4-dynamic-b2048,4,dynamic,2048,0.010930378921329975,0.1925479918718338,0.9814854860305786,1.0011913776397705,ok,0.3817538619041443,0.9278313517570496,1.0091158151626587,ok,0.3817538619041443,0.9278313517570496,1.0091158151626587,0,4096,/home/sienna/projects/experiments/lowp-optimizer-bench/reports/muon_update_fidelity_formal_s0_s1_results/muon-fidelity-formal/fp32_muon_snapshot_s0/muon_momentum_snapshots/update_004096.pt,-1.2993812561035156e-05,0.00012928247451782227,2.6226043701171875e-05,-8.70823860168457e-05
nearest,"[384, 1024]",transformer.h.3.mlp.c_proj.weight,transformer.h.3.mlp.c_proj.weight,int4-dynamic-b2048,4,dynamic,2048,0.012723286636173725,0.20716606080532074,0.9784873723983765,0.9973371624946594,ok,0.3594950735569,0.9356727004051208,1.0043739080429077,ok,0.3594950735569,0.9356727004051208,1.0043739080429077,0,4096,/home/sienna/projects/experiments/lowp-optimizer-bench/reports/muon_update_fidelity_formal_s0_s1_results/muon-fidelity-formal/fp32_muon_snapshot_s0/muon_momentum_snapshots/update_004096.pt,,,,
raw_direction_oracle,"[384, 1024]",transformer.h.3.mlp.c_proj.weight,transformer.h.3.mlp.c_proj.weight,int4-dynamic-b2048,4,dynamic,2048,0.012705485336482525,0.20995071530342102,0.9789372682571411,1.0278990268707275,ok,0.3554297983646393,0.9371269345283508,1.0044865608215332,ok,0.3554297983646393,0.9371269345283508,1.0044865608215332,0,4096,/home/sienna/projects/experiments/lowp-optimizer-bench/reports/muon_update_fidelity_formal_s0_s1_results/muon-fidelity-formal/fp32_muon_snapshot_s0/muon_momentum_snapshots/update_004096.pt,0.00044989585876464844,0.0027846544981002808,0.0014542341232299805,-0.004065275192260742
muon_update_direction_oracle,"[384, 1024]",transformer.h.3.mlp.c_proj.weight,transformer.h.3.mlp.c_proj.weight,int4-dynamic-b2048,4,dynamic,2048,0.012723286636173725,0.20716606080532074,0.9784873723983765,0.9973371624946594,ok,0.3594950735569,0.9356727004051208,1.0043739080429077,ok,0.3594950735569,0.9356727004051208,1.0043739080429077,0,4096,/home/sienna/projects/experiments/lowp-optimizer-bench/reports/muon_update_fidelity_formal_s0_s1_results/muon-fidelity-formal/fp32_muon_snapshot_s0/muon_momentum_snapshots/update_004096.pt,0.0,0.0,0.0,0.0
nearest,"[1152, 384]",transformer.h.4.attn.c_attn.weight,transformer.h.4.attn.c_attn.weight,int4-dynamic-b2048,4,dynamic,2048,0.013520417734980583,0.20108972489833832,0.9797672033309937,0.9992853403091431,ok,0.9065725803375244,0.5995531678199768,1.025390863418579,ok,0.9065725803375244,0.5995531678199768,1.025390863418579,0,4096,/home/sienna/projects/experiments/lowp-optimizer-bench/reports/muon_update_fidelity_formal_s0_s1_results/muon-fidelity-formal/fp32_muon_snapshot_s0/muon_momentum_snapshots/update_004096.pt,,,,
raw_direction_oracle,"[1152, 384]",transformer.h.4.attn.c_attn.weight,transformer.h.4.attn.c_attn.weight,int4-dynamic-b2048,4,dynamic,2048,0.013509114272892475,0.20410387217998505,0.980262279510498,1.030982494354248,ok,0.9034731388092041,0.6027349233627319,1.0264718532562256,ok,0.9034731388092041,0.6027349233627319,1.0264718532562256,0,4096,/home/sienna/projects/experiments/lowp-optimizer-bench/reports/muon_update_fidelity_formal_s0_s1_results/muon-fidelity-formal/fp32_muon_snapshot_s0/muon_momentum_snapshots/update_004096.pt,0.0004950761795043945,0.0030141472816467285,0.003181755542755127,-0.0030994415283203125
muon_update_direction_oracle,"[1152, 384]",transformer.h.4.attn.c_attn.weight,transformer.h.4.attn.c_attn.weight,int4-dynamic-b2048,4,dynamic,2048,0.013520417734980583,0.20140206813812256,0.9797399640083313,1.0010236501693726,ok,0.906381368637085,0.5996197462081909,1.0251439809799194,ok,0.906381368637085,0.5996197462081909,1.0251439809799194,0,4096,/home/sienna/projects/experiments/lowp-optimizer-bench/reports/muon_update_fidelity_formal_s0_s1_results/muon-fidelity-formal/fp32_muon_snapshot_s0/muon_momentum_snapshots/update_004096.pt,-2.7239322662353516e-05,0.0003123432397842407,6.657838821411133e-05,-0.00019121170043945312
nearest,"[384, 384]",transformer.h.4.attn.c_proj.weight,transformer.h.4.attn.c_proj.weight,int4-dynamic-b2048,4,dynamic,2048,0.00940619595348835,0.187790647149086,0.9824210405349731,1.0028280019760132,ok,0.8621410131454468,0.6436348557472229,1.0405642986297607,ok,0.8621410131454468,0.6436348557472229,1.0405642986297607,0,4096,/home/sienna/projects/experiments/lowp-optimizer-bench/reports/muon_update_fidelity_formal_s0_s1_results/muon-fidelity-formal/fp32_muon_snapshot_s0/muon_momentum_snapshots/update_004096.pt,,,,
raw_direction_oracle,"[384, 384]",transformer.h.4.attn.c_proj.weight,transformer.h.4.attn.c_proj.weight,int4-dynamic-b2048,4,dynamic,2048,0.0094129778444767,0.19096219539642334,0.9830302000045776,1.0360850095748901,ok,0.8583654165267944,0.6471214294433594,1.0415291786193848,ok,0.8583654165267944,0.6471214294433594,1.0415291786193848,0,4096,/home/sienna/projects/experiments/lowp-optimizer-bench/reports/muon_update_fidelity_formal_s0_s1_results/muon-fidelity-formal/fp32_muon_snapshot_s0/muon_momentum_snapshots/update_004096.pt,0.0006091594696044922,0.0031715482473373413,0.0034865736961364746,-0.0037755966186523438
muon_update_direction_oracle,"[384, 384]",transformer.h.4.attn.c_proj.weight,transformer.h.4.attn.c_proj.weight,int4-dynamic-b2048,4,dynamic,2048,0.00940619595348835,0.18791064620018005,0.9824098944664001,1.0033694505691528,ok,0.8619338274002075,0.6437851786613464,1.0405086278915405,ok,0.8619338274002075,0.6437851786613464,1.0405086278915405,0,4096,/home/sienna/projects/experiments/lowp-optimizer-bench/reports/muon_update_fidelity_formal_s0_s1_results/muon-fidelity-formal/fp32_muon_snapshot_s0/muon_momentum_snapshots/update_004096.pt,-1.1146068572998047e-05,0.00011999905109405518,0.00015032291412353516,-0.0002071857452392578
nearest,"[1024, 384]",transformer.h.4.mlp.w1.weight,transformer.h.4.mlp.w1.weight,int4-dynamic-b2048,4,dynamic,2048,0.011777241714298725,0.19855038821697235,0.980283260345459,0.999715268611908,ok,0.37872937321662903,0.9289427399635315,1.008758544921875,ok,0.37872937321662903,0.9289427399635315,1.008758544921875,0,4096,/home/sienna/projects/experiments/lowp-optimizer-bench/reports/muon_update_fidelity_formal_s0_s1_results/muon-fidelity-formal/fp32_muon_snapshot_s0/muon_momentum_snapshots/update_004096.pt,,,,
raw_direction_oracle,"[1024, 384]",transformer.h.4.mlp.w1.weight,transformer.h.4.mlp.w1.weight,int4-dynamic-b2048,4,dynamic,2048,0.011754353530704975,0.20168918371200562,0.980807363986969,1.0323984622955322,ok,0.37366950511932373,0.9307560324668884,1.0077996253967285,ok,0.37366950511932373,0.9307560324668884,1.0077996253967285,0,4096,/home/sienna/projects/experiments/lowp-optimizer-bench/reports/muon_update_fidelity_formal_s0_s1_results/muon-fidelity-formal/fp32_muon_snapshot_s0/muon_momentum_snapshots/update_004096.pt,0.0005241036415100098,0.003138795495033264,0.0018132925033569336,-0.005059868097305298
muon_update_direction_oracle,"[1024, 384]",transformer.h.4.mlp.w1.weight,transformer.h.4.mlp.w1.weight,int4-dynamic-b2048,4,dynamic,2048,0.011777241714298725,0.19858691096305847,0.9802802801132202,0.9999311566352844,ok,0.3786984086036682,0.9289506673812866,1.008711338043213,ok,0.3786984086036682,0.9289506673812866,1.008711338043213,0,4096,/home/sienna/projects/experiments/lowp-optimizer-bench/reports/muon_update_fidelity_formal_s0_s1_results/muon-fidelity-formal/fp32_muon_snapshot_s0/muon_momentum_snapshots/update_004096.pt,-2.9802322387695312e-06,3.6522746086120605e-05,7.927417755126953e-06,-3.096461296081543e-05
nearest,"[1024, 384]",transformer.h.4.mlp.w2.weight,transformer.h.4.mlp.w2.weight,int4-dynamic-b2048,4,dynamic,2048,0.012227375991642475,0.19880925118923187,0.9802155494689941,0.9988667368888855,ok,0.380352646112442,0.9283357858657837,1.0088063478469849,ok,0.380352646112442,0.9283357858657837,1.0088063478469849,0,4096,/home/sienna/projects/experiments/lowp-optimizer-bench/reports/muon_update_fidelity_formal_s0_s1_results/muon-fidelity-formal/fp32_muon_snapshot_s0/muon_momentum_snapshots/update_004096.pt,,,,
raw_direction_oracle,"[1024, 384]",transformer.h.4.mlp.w2.weight,transformer.h.4.mlp.w2.weight,int4-dynamic-b2048,4,dynamic,2048,0.01221466064453125,0.20159727334976196,0.9806241393089294,1.0282169580459595,ok,0.37544822692871094,0.9301992654800415,1.0091421604156494,ok,0.37544822692871094,0.9301992654800415,1.0091421604156494,0,4096,/home/sienna/projects/experiments/lowp-optimizer-bench/reports/muon_update_fidelity_formal_s0_s1_results/muon-fidelity-formal/fp32_muon_snapshot_s0/muon_momentum_snapshots/update_004096.pt,0.00040858983993530273,0.0027880221605300903,0.0018634796142578125,-0.004904419183731079
muon_update_direction_oracle,"[1024, 384]",transformer.h.4.mlp.w2.weight,transformer.h.4.mlp.w2.weight,int4-dynamic-b2048,4,dynamic,2048,0.012227375991642475,0.19896605610847473,0.9801991581916809,0.9996433258056641,ok,0.380313903093338,0.9283528923988342,1.008838415145874,ok,0.380313903093338,0.9283528923988342,1.008838415145874,0,4096,/home/sienna/projects/experiments/lowp-optimizer-bench/reports/muon_update_fidelity_formal_s0_s1_results/muon-fidelity-formal/fp32_muon_snapshot_s0/muon_momentum_snapshots/update_004096.pt,-1.6391277313232422e-05,0.0001568049192428589,1.710653305053711e-05,-3.8743019104003906e-05
nearest,"[384, 1024]",transformer.h.4.mlp.c_proj.weight,transformer.h.4.mlp.c_proj.weight,int4-dynamic-b2048,4,dynamic,2048,0.014294941909611225,0.20983821153640747,0.97791987657547,0.9968721270561218,ok,0.39828425645828247,0.9213682413101196,1.0082577466964722,ok,0.39828425645828247,0.9213682413101196,1.0082577466964722,0,4096,/home/sienna/projects/experiments/lowp-optimizer-bench/reports/muon_update_fidelity_formal_s0_s1_results/muon-fidelity-formal/fp32_muon_snapshot_s0/muon_momentum_snapshots/update_004096.pt,,,,
raw_direction_oracle,"[384, 1024]",transformer.h.4.mlp.c_proj.weight,transformer.h.4.mlp.c_proj.weight,int4-dynamic-b2048,4,dynamic,2048,0.01425933837890625,0.21279333531856537,0.9783493280410767,1.0278308391571045,ok,0.3935181200504303,0.9231904149055481,1.0076721906661987,ok,0.3935181200504303,0.9231904149055481,1.0076721906661987,0,4096,/home/sienna/projects/experiments/lowp-optimizer-bench/reports/muon_update_fidelity_formal_s0_s1_results/muon-fidelity-formal/fp32_muon_snapshot_s0/muon_momentum_snapshots/update_004096.pt,0.00042945146560668945,0.002955123782157898,0.0018221735954284668,-0.004766136407852173
muon_update_direction_oracle,"[384, 1024]",transformer.h.4.mlp.c_proj.weight,transformer.h.4.mlp.c_proj.weight,int4-dynamic-b2048,4,dynamic,2048,0.014294941909611225,0.20983821153640747,0.97791987657547,0.9968721270561218,ok,0.39828425645828247,0.9213682413101196,1.0082577466964722,ok,0.39828425645828247,0.9213682413101196,1.0082577466964722,0,4096,/home/sienna/projects/experiments/lowp-optimizer-bench/reports/muon_update_fidelity_formal_s0_s1_results/muon-fidelity-formal/fp32_muon_snapshot_s0/muon_momentum_snapshots/update_004096.pt,0.0,0.0,0.0,0.0
nearest,"[1152, 384]",transformer.h.5.attn.c_attn.weight,transformer.h.5.attn.c_attn.weight,int4-dynamic-b2048,4,dynamic,2048,0.0145263671875,0.21506932377815247,0.9767720103263855,0.9951719045639038,ok,0.9784002304077148,0.5533818602561951,1.0667028427124023,ok,0.9784002304077148,0.5533818602561951,1.0667028427124023,0,4096,/home/sienna/projects/experiments/lowp-optimizer-bench/reports/muon_update_fidelity_formal_s0_s1_results/muon-fidelity-formal/fp32_muon_snapshot_s0/muon_momentum_snapshots/update_004096.pt,,,,
raw_direction_oracle,"[1152, 384]",transformer.h.5.attn.c_attn.weight,transformer.h.5.attn.c_attn.weight,int4-dynamic-b2048,4,dynamic,2048,0.014485676772892475,0.21790720522403717,0.9772066473960876,1.0263632535934448,ok,0.977037787437439,0.5553513765335083,1.0682041645050049,ok,0.977037787437439,0.5553513765335083,1.0682041645050049,0,4096,/home/sienna/projects/experiments/lowp-optimizer-bench/reports/muon_update_fidelity_formal_s0_s1_results/muon-fidelity-formal/fp32_muon_snapshot_s0/muon_momentum_snapshots/update_004096.pt,0.00043463706970214844,0.0028378814458847046,0.0019695162773132324,-0.001362442970275879
muon_update_direction_oracle,"[1152, 384]",transformer.h.5.attn.c_attn.weight,transformer.h.5.attn.c_attn.weight,int4-dynamic-b2048,4,dynamic,2048,0.0145263671875,0.21506932377815247,0.9767720103263855,0.9951719045639038,ok,0.9784002304077148,0.5533818602561951,1.0667028427124023,ok,0.9784002304077148,0.5533818602561951,1.0667028427124023,0,4096,/home/sienna/projects/experiments/lowp-optimizer-bench/reports/muon_update_fidelity_formal_s0_s1_results/muon-fidelity-formal/fp32_muon_snapshot_s0/muon_momentum_snapshots/update_004096.pt,0.0,0.0,0.0,0.0
nearest,"[384, 384]",transformer.h.5.attn.c_proj.weight,transformer.h.5.attn.c_proj.weight,int4-dynamic-b2048,4,dynamic,2048,0.0089586041867733,0.1834419071674347,0.9832132458686829,1.002170443534851,ok,0.9001851677894592,0.6202518343925476,1.0618915557861328,ok,0.9001851677894592,0.6202518343925476,1.0618915557861328,0,4096,/home/sienna/projects/experiments/lowp-optimizer-bench/reports/muon_update_fidelity_formal_s0_s1_results/muon-fidelity-formal/fp32_muon_snapshot_s0/muon_momentum_snapshots/update_004096.pt,,,,
raw_direction_oracle,"[384, 384]",transformer.h.5.attn.c_proj.weight,transformer.h.5.attn.c_proj.weight,int4-dynamic-b2048,4,dynamic,2048,0.008931477554142475,0.18634063005447388,0.983720600605011,1.033004641532898,ok,0.8946173191070557,0.624731719493866,1.0613436698913574,ok,0.8946173191070557,0.624731719493866,1.0613436698913574,0,4096,/home/sienna/projects/experiments/lowp-optimizer-bench/reports/muon_update_fidelity_formal_s0_s1_results/muon-fidelity-formal/fp32_muon_snapshot_s0/muon_momentum_snapshots/update_004096.pt,0.000507354736328125,0.0028987228870391846,0.004479885101318359,-0.0055678486824035645
muon_update_direction_oracle,"[384, 384]",transformer.h.5.attn.c_proj.weight,transformer.h.5.attn.c_proj.weight,int4-dynamic-b2048,4,dynamic,2048,0.0089586041867733,0.18346787989139557,0.9832121729850769,1.0023610591888428,ok,0.9001750349998474,0.6202728748321533,1.0619217157363892,ok,0.9001750349998474,0.6202728748321533,1.0619217157363892,0,4096,/home/sienna/projects/experiments/lowp-optimizer-bench/reports/muon_update_fidelity_formal_s0_s1_results/muon-fidelity-formal/fp32_muon_snapshot_s0/muon_momentum_snapshots/update_004096.pt,-1.0728836059570312e-06,2.5972723960876465e-05,2.104043960571289e-05,-1.0132789611816406e-05
nearest,"[1024, 384]",transformer.h.5.mlp.w1.weight,transformer.h.5.mlp.w1.weight,int4-dynamic-b2048,4,dynamic,2048,0.0194091796875,0.21962404251098633,0.9756625294685364,0.9880017042160034,ok,0.43547338247299194,0.9061221480369568,1.009536623954773,ok,0.43547338247299194,0.9061221480369568,1.009536623954773,0,4096,/home/sienna/projects/experiments/lowp-optimizer-bench/reports/muon_update_fidelity_formal_s0_s1_results/muon-fidelity-formal/fp32_muon_snapshot_s0/muon_momentum_snapshots/update_004096.pt,,,,
raw_direction_oracle,"[1024, 384]",transformer.h.5.mlp.w1.weight,transformer.h.5.mlp.w1.weight,int4-dynamic-b2048,4,dynamic,2048,0.01934051513671875,0.22153566777706146,0.9756981134414673,1.0083307027816772,ok,0.4329608082771301,0.907259464263916,1.0100940465927124,ok,0.4329608082771301,0.907259464263916,1.0100940465927124,0,4096,/home/sienna/projects/experiments/lowp-optimizer-bench/reports/muon_update_fidelity_formal_s0_s1_results/muon-fidelity-formal/fp32_muon_snapshot_s0/muon_momentum_snapshots/update_004096.pt,3.55839729309082e-05,0.0019116252660751343,0.0011373162269592285,-0.0025125741958618164
muon_update_direction_oracle,"[1024, 384]",transformer.h.5.mlp.w1.weight,transformer.h.5.mlp.w1.weight,int4-dynamic-b2048,4,dynamic,2048,0.0194091796875,0.2314918488264084,0.9739861488342285,1.0212883949279785,ok,0.4336322546005249,0.9065471887588501,1.0058685541152954,ok,0.4336322546005249,0.9065471887588501,1.0058685541152954,0,4096,/home/sienna/projects/experiments/lowp-optimizer-bench/reports/muon_update_fidelity_formal_s0_s1_results/muon-fidelity-formal/fp32_muon_snapshot_s0/muon_momentum_snapshots/update_004096.pt,-0.0016763806343078613,0.011867806315422058,0.00042504072189331055,-0.001841127872467041
nearest,"[1024, 384]",transformer.h.5.mlp.w2.weight,transformer.h.5.mlp.w2.weight,int4-dynamic-b2048,4,dynamic,2048,0.01981353759765625,0.21902015805244446,0.9758530259132385,0.9919441938400269,ok,0.4396156072616577,0.9042382836341858,1.0086835622787476,ok,0.4396156072616577,0.9042382836341858,1.0086835622787476,0,4096,/home/sienna/projects/experiments/lowp-optimizer-bench/reports/muon_update_fidelity_formal_s0_s1_results/muon-fidelity-formal/fp32_muon_snapshot_s0/muon_momentum_snapshots/update_004096.pt,,,,
raw_direction_oracle,"[1024, 384]",transformer.h.5.mlp.w2.weight,transformer.h.5.mlp.w2.weight,int4-dynamic-b2048,4,dynamic,2048,0.0197601318359375,0.22092118859291077,0.9759736657142639,1.0124531984329224,ok,0.4364870488643646,0.9056838154792786,1.0095314979553223,ok,0.4364870488643646,0.9056838154792786,1.0095314979553223,0,4096,/home/sienna/projects/experiments/lowp-optimizer-bench/reports/muon_update_fidelity_formal_s0_s1_results/muon-fidelity-formal/fp32_muon_snapshot_s0/muon_momentum_snapshots/update_004096.pt,0.00012063980102539062,0.0019010305404663086,0.0014455318450927734,-0.003128558397293091
muon_update_direction_oracle,"[1024, 384]",transformer.h.5.mlp.w2.weight,transformer.h.5.mlp.w2.weight,int4-dynamic-b2048,4,dynamic,2048,0.01981353759765625,0.23399080336093903,0.973705530166626,1.0271289348602295,ok,0.43785330653190613,0.9046199321746826,1.0048835277557373,ok,0.43785330653190613,0.9046199321746826,1.0048835277557373,0,4096,/home/sienna/projects/experiments/lowp-optimizer-bench/reports/muon_update_fidelity_formal_s0_s1_results/muon-fidelity-formal/fp32_muon_snapshot_s0/muon_momentum_snapshots/update_004096.pt,-0.002147495746612549,0.014970645308494568,0.00038164854049682617,-0.001762300729751587
nearest,"[384, 1024]",transformer.h.5.mlp.c_proj.weight,transformer.h.5.mlp.c_proj.weight,int4-dynamic-b2048,4,dynamic,2048,0.02350870706140995,0.22554562985897064,0.974362850189209,0.9902930855751038,ok,0.564664900302887,0.8420360088348389,1.0089821815490723,ok,0.564664900302887,0.8420360088348389,1.0089821815490723,0,4096,/home/sienna/projects/experiments/lowp-optimizer-bench/reports/muon_update_fidelity_formal_s0_s1_results/muon-fidelity-formal/fp32_muon_snapshot_s0/muon_momentum_snapshots/update_004096.pt,,,,
raw_direction_oracle,"[384, 1024]",transformer.h.5.mlp.c_proj.weight,transformer.h.5.mlp.c_proj.weight,int4-dynamic-b2048,4,dynamic,2048,0.02342987060546875,0.22768829762935638,0.9744994640350342,1.0131150484085083,ok,0.5618976950645447,0.8435840010643005,1.0090020895004272,ok,0.5618976950645447,0.8435840010643005,1.0090020895004272,0,4096,/home/sienna/projects/experiments/lowp-optimizer-bench/reports/muon_update_fidelity_formal_s0_s1_results/muon-fidelity-formal/fp32_muon_snapshot_s0/muon_momentum_snapshots/update_004096.pt,0.0001366138458251953,0.002142667770385742,0.00154799222946167,-0.002767205238342285
muon_update_direction_oracle,"[384, 1024]",transformer.h.5.mlp.c_proj.weight,transformer.h.5.mlp.c_proj.weight,int4-dynamic-b2048,4,dynamic,2048,0.02350870706140995,0.22581630945205688,0.97431880235672,0.9913486242294312,ok,0.5645731091499329,0.842079222202301,1.008933186531067,ok,0.5645731091499329,0.842079222202301,1.008933186531067,0,4096,/home/sienna/projects/experiments/lowp-optimizer-bench/reports/muon_update_fidelity_formal_s0_s1_results/muon-fidelity-formal/fp32_muon_snapshot_s0/muon_momentum_snapshots/update_004096.pt,-4.404783248901367e-05,0.0002706795930862427,4.32133674621582e-05,-9.179115295410156e-05
nearest,"[1152, 384]",transformer.h.0.attn.c_attn.weight,transformer.h.0.attn.c_attn.weight,int4-dynamic-b2048,4,dynamic,2048,0.010048194788396358,0.17502842843532562,0.9847522974014282,1.0040391683578491,ok,0.860802173614502,0.6286048889160156,0.9975554347038269,ok,0.860802173614502,0.6286048889160156,0.9975554347038269,1,128,/home/sienna/projects/experiments/lowp-optimizer-bench/reports/muon_update_fidelity_formal_s0_s1_results/muon-fidelity-formal/fp32_muon_snapshot_s1/muon_momentum_snapshots/update_000128.pt,,,,
raw_direction_oracle,"[1152, 384]",transformer.h.0.attn.c_attn.weight,transformer.h.0.attn.c_attn.weight,int4-dynamic-b2048,4,dynamic,2048,0.010032371617853642,0.17791320383548737,0.9852625727653503,1.0342063903808594,ok,0.8591660857200623,0.6305251121520996,0.9989380240440369,ok,0.8591660857200623,0.6305251121520996,0.9989380240440369,1,128,/home/sienna/projects/experiments/lowp-optimizer-bench/reports/muon_update_fidelity_formal_s0_s1_results/muon-fidelity-formal/fp32_muon_snapshot_s1/muon_momentum_snapshots/update_000128.pt,0.0005102753639221191,0.002884775400161743,0.0019202232360839844,-0.0016360878944396973
muon_update_direction_oracle,"[1152, 384]",transformer.h.0.attn.c_attn.weight,transformer.h.0.attn.c_attn.weight,int4-dynamic-b2048,4,dynamic,2048,0.010048194788396358,0.17502842843532562,0.9847522974014282,1.0040391683578491,ok,0.860802173614502,0.6286048889160156,0.9975554347038269,ok,0.860802173614502,0.6286048889160156,0.9975554347038269,1,128,/home/sienna/projects/experiments/lowp-optimizer-bench/reports/muon_update_fidelity_formal_s0_s1_results/muon-fidelity-formal/fp32_muon_snapshot_s1/muon_momentum_snapshots/update_000128.pt,0.0,0.0,0.0,0.0
nearest,"[384, 384]",transformer.h.0.attn.c_proj.weight,transformer.h.0.attn.c_proj.weight,int4-dynamic-b2048,4,dynamic,2048,0.01019965298473835,0.190662682056427,0.9818695187568665,1.002363920211792,ok,0.9342554211616516,0.5834528207778931,1.045243263244629,ok,0.9342554211616516,0.5834528207778931,1.045243263244629,1,128,/home/sienna/projects/experiments/lowp-optimizer-bench/reports/muon_update_fidelity_formal_s0_s1_results/muon-fidelity-formal/fp32_muon_snapshot_s1/muon_momentum_snapshots/update_000128.pt,,,,
raw_direction_oracle,"[384, 384]",transformer.h.0.attn.c_proj.weight,transformer.h.0.attn.c_proj.weight,int4-dynamic-b2048,4,dynamic,2048,0.010165744461119175,0.19398309290409088,0.9825007319450378,1.036696195602417,ok,0.9270220994949341,0.5906482934951782,1.0469765663146973,ok,0.9270220994949341,0.5906482934951782,1.0469765663146973,1,128,/home/sienna/projects/experiments/lowp-optimizer-bench/reports/muon_update_fidelity_formal_s0_s1_results/muon-fidelity-formal/fp32_muon_snapshot_s1/muon_momentum_snapshots/update_000128.pt,0.0006312131881713867,0.0033204108476638794,0.007195472717285156,-0.007233321666717529
muon_update_direction_oracle,"[384, 384]",transformer.h.0.attn.c_proj.weight,transformer.h.0.attn.c_proj.weight,int4-dynamic-b2048,4,dynamic,2048,0.01019965298473835,0.1907283216714859,0.9818640351295471,1.0027074813842773,ok,0.9341170787811279,0.5835065841674805,1.045084834098816,ok,0.9341170787811279,0.5835065841674805,1.045084834098816,1,128,/home/sienna/projects/experiments/lowp-optimizer-bench/reports/muon_update_fidelity_formal_s0_s1_results/muon-fidelity-formal/fp32_muon_snapshot_s1/muon_momentum_snapshots/update_000128.pt,-5.4836273193359375e-06,6.563961505889893e-05,5.3763389587402344e-05,-0.00013834238052368164
nearest,"[1024, 384]",transformer.h.0.mlp.w1.weight,transformer.h.0.mlp.w1.weight,int4-dynamic-b2048,4,dynamic,2048,0.011873881332576275,0.1894885003566742,0.9820683002471924,1.0011488199234009,ok,0.4280466139316559,0.9095939993858337,1.012477993965149,ok,0.4280466139316559,0.9095939993858337,1.012477993965149,1,128,/home/sienna/projects/experiments/lowp-optimizer-bench/reports/muon_update_fidelity_formal_s0_s1_results/muon-fidelity-formal/fp32_muon_snapshot_s1/muon_momentum_snapshots/update_000128.pt,,,,
raw_direction_oracle,"[1024, 384]",transformer.h.0.mlp.w1.weight,transformer.h.0.mlp.w1.weight,int4-dynamic-b2048,4,dynamic,2048,0.011861165054142475,0.1925003081560135,0.9825288653373718,1.031716227531433,ok,0.42232123017311096,0.9119818210601807,1.0123125314712524,ok,0.42232123017311096,0.9119818210601807,1.0123125314712524,1,128,/home/sienna/projects/experiments/lowp-optimizer-bench/reports/muon_update_fidelity_formal_s0_s1_results/muon-fidelity-formal/fp32_muon_snapshot_s1/muon_momentum_snapshots/update_000128.pt,0.00046056509017944336,0.0030118077993392944,0.002387821674346924,-0.005725383758544922
muon_update_direction_oracle,"[1024, 384]",transformer.h.0.mlp.w1.weight,transformer.h.0.mlp.w1.weight,int4-dynamic-b2048,4,dynamic,2048,0.011873881332576275,0.1897054761648178,0.982048749923706,1.0022505521774292,ok,0.4279297888278961,0.9096232652664185,1.0122816562652588,ok,0.4279297888278961,0.9096232652664185,1.0122816562652588,1,128,/home/sienna/projects/experiments/lowp-optimizer-bench/reports/muon_update_fidelity_formal_s0_s1_results/muon-fidelity-formal/fp32_muon_snapshot_s1/muon_momentum_snapshots/update_000128.pt,-1.9550323486328125e-05,0.00021697580814361572,2.9265880584716797e-05,-0.00011682510375976562
nearest,"[1024, 384]",transformer.h.0.mlp.w2.weight,transformer.h.0.mlp.w2.weight,int4-dynamic-b2048,4,dynamic,2048,0.01168060302734375,0.18835332989692688,0.9822958111763,1.0018370151519775,ok,0.42232757806777954,0.9119744896888733,1.0122637748718262,ok,0.42232757806777954,0.9119744896888733,1.0122637748718262,1,128,/home/sienna/projects/experiments/lowp-optimizer-bench/reports/muon_update_fidelity_formal_s0_s1_results/muon-fidelity-formal/fp32_muon_snapshot_s1/muon_momentum_snapshots/update_000128.pt,,,,
raw_direction_oracle,"[1024, 384]",transformer.h.0.mlp.w2.weight,transformer.h.0.mlp.w2.weight,int4-dynamic-b2048,4,dynamic,2048,0.011652628891170025,0.1915801465511322,0.9828088879585266,1.0339611768722534,ok,0.41580730676651,0.914588212966919,1.011372685432434,ok,0.41580730676651,0.914588212966919,1.011372685432434,1,128,/home/sienna/projects/experiments/lowp-optimizer-bench/reports/muon_update_fidelity_formal_s0_s1_results/muon-fidelity-formal/fp32_muon_snapshot_s1/muon_momentum_snapshots/update_000128.pt,0.0005130767822265625,0.0032268166542053223,0.0026137232780456543,-0.006520271301269531
muon_update_direction_oracle,"[1024, 384]",transformer.h.0.mlp.w2.weight,transformer.h.0.mlp.w2.weight,int4-dynamic-b2048,4,dynamic,2048,0.01168060302734375,0.18844066560268402,0.9822884798049927,1.0023051500320435,ok,0.42230722308158875,0.9119783043861389,1.0122170448303223,ok,0.42230722308158875,0.9119783043861389,1.0122170448303223,1,128,/home/sienna/projects/experiments/lowp-optimizer-bench/reports/muon_update_fidelity_formal_s0_s1_results/muon-fidelity-formal/fp32_muon_snapshot_s1/muon_momentum_snapshots/update_000128.pt,-7.331371307373047e-06,8.733570575714111e-05,3.814697265625e-06,-2.03549861907959e-05
nearest,"[384, 1024]",transformer.h.0.mlp.c_proj.weight,transformer.h.0.mlp.c_proj.weight,int4-dynamic-b2048,4,dynamic,2048,0.02250162698328495,0.22263680398464203,0.9750030040740967,0.9890762567520142,ok,0.5824702382087708,0.8311505913734436,1.0045946836471558,ok,0.5824702382087708,0.8311505913734436,1.0045946836471558,1,128,/home/sienna/projects/experiments/lowp-optimizer-bench/reports/muon_update_fidelity_formal_s0_s1_results/muon-fidelity-formal/fp32_muon_snapshot_s1/muon_momentum_snapshots/update_000128.pt,,,,
raw_direction_oracle,"[384, 1024]",transformer.h.0.mlp.c_proj.weight,transformer.h.0.mlp.c_proj.weight,int4-dynamic-b2048,4,dynamic,2048,0.0224177036434412,0.22447830438613892,0.9750790596008301,1.009278416633606,ok,0.5797212719917297,0.8325945138931274,1.0037392377853394,ok,0.5797212719917297,0.8325945138931274,1.0037392377853394,1,128,/home/sienna/projects/experiments/lowp-optimizer-bench/reports/muon_update_fidelity_formal_s0_s1_results/muon-fidelity-formal/fp32_muon_snapshot_s1/muon_momentum_snapshots/update_000128.pt,7.605552673339844e-05,0.0018415004014968872,0.0014439225196838379,-0.0027489662170410156
muon_update_direction_oracle,"[384, 1024]",transformer.h.0.mlp.c_proj.weight,transformer.h.0.mlp.c_proj.weight,int4-dynamic-b2048,4,dynamic,2048,0.02250162698328495,0.22263680398464203,0.9750030040740967,0.9890762567520142,ok,0.5824702382087708,0.8311505913734436,1.0045946836471558,ok,0.5824702382087708,0.8311505913734436,1.0045946836471558,1,128,/home/sienna/projects/experiments/lowp-optimizer-bench/reports/muon_update_fidelity_formal_s0_s1_results/muon-fidelity-formal/fp32_muon_snapshot_s1/muon_momentum_snapshots/update_000128.pt,0.0,0.0,0.0,0.0
nearest,"[1152, 384]",transformer.h.1.attn.c_attn.weight,transformer.h.1.attn.c_attn.weight,int4-dynamic-b2048,4,dynamic,2048,0.010886863805353642,0.190831258893013,0.9818243384361267,1.001704216003418,ok,0.9543570280075073,0.5602794289588928,1.034315824508667,ok,0.9543570280075073,0.5602794289588928,1.034315824508667,1,128,/home/sienna/projects/experiments/lowp-optimizer-bench/reports/muon_update_fidelity_formal_s0_s1_results/muon-fidelity-formal/fp32_muon_snapshot_s1/muon_momentum_snapshots/update_000128.pt,,,,
raw_direction_oracle,"[1152, 384]",transformer.h.1.attn.c_attn.weight,transformer.h.1.attn.c_attn.weight,int4-dynamic-b2048,4,dynamic,2048,0.010866518132388592,0.19392378628253937,0.9823827743530273,1.0341731309890747,ok,0.9503142833709717,0.5640856623649597,1.0345005989074707,ok,0.9503142833709717,0.5640856623649597,1.0345005989074707,1,128,/home/sienna/projects/experiments/lowp-optimizer-bench/reports/muon_update_fidelity_formal_s0_s1_results/muon-fidelity-formal/fp32_muon_snapshot_s1/muon_momentum_snapshots/update_000128.pt,0.0005584359169006348,0.003092527389526367,0.0038062334060668945,-0.0040427446365356445
muon_update_direction_oracle,"[1152, 384]",transformer.h.1.attn.c_attn.weight,transformer.h.1.attn.c_attn.weight,int4-dynamic-b2048,4,dynamic,2048,0.010886863805353642,0.19092856347560883,0.9818177223205566,1.002304196357727,ok,0.953983724117279,0.5605754256248474,1.034210205078125,ok,0.953983724117279,0.5605754256248474,1.034210205078125,1,128,/home/sienna/projects/experiments/lowp-optimizer-bench/reports/muon_update_fidelity_formal_s0_s1_results/muon-fidelity-formal/fp32_muon_snapshot_s1/muon_momentum_snapshots/update_000128.pt,-6.616115570068359e-06,9.73045825958252e-05,0.00029599666595458984,-0.0003733038902282715
nearest,"[384, 384]",transformer.h.1.attn.c_proj.weight,transformer.h.1.attn.c_proj.weight,int4-dynamic-b2048,4,dynamic,2048,0.01001654751598835,0.18564549088478088,0.9827909469604492,1.0012930631637573,ok,1.0019278526306152,0.5362275838851929,1.0760416984558105,ok,1.0019278526306152,0.5362275838851929,1.0760416984558105,1,128,/home/sienna/projects/experiments/lowp-optimizer-bench/reports/muon_update_fidelity_formal_s0_s1_results/muon-fidelity-formal/fp32_muon_snapshot_s1/muon_momentum_snapshots/update_000128.pt,,,,
raw_direction_oracle,"[384, 384]",transformer.h.1.attn.c_proj.weight,transformer.h.1.attn.c_proj.weight,int4-dynamic-b2048,4,dynamic,2048,0.010009765625,0.18834511935710907,0.9832216501235962,1.0301132202148438,ok,0.9951477646827698,0.5425290465354919,1.0760616064071655,ok,0.9951477646827698,0.5425290465354919,1.0760616064071655,1,128,/home/sienna/projects/experiments/lowp-optimizer-bench/reports/muon_update_fidelity_formal_s0_s1_results/muon-fidelity-formal/fp32_muon_snapshot_s1/muon_momentum_snapshots/update_000128.pt,0.00043070316314697266,0.002699628472328186,0.006301462650299072,-0.006780087947845459
muon_update_direction_oracle,"[384, 384]",transformer.h.1.attn.c_proj.weight,transformer.h.1.attn.c_proj.weight,int4-dynamic-b2048,4,dynamic,2048,0.01001654751598835,0.18586158752441406,0.9827715754508972,1.00238037109375,ok,1.0015567541122437,0.5365310907363892,1.075958251953125,ok,1.0015567541122437,0.5365310907363892,1.075958251953125,1,128,/home/sienna/projects/experiments/lowp-optimizer-bench/reports/muon_update_fidelity_formal_s0_s1_results/muon-fidelity-formal/fp32_muon_snapshot_s1/muon_momentum_snapshots/update_000128.pt,-1.9371509552001953e-05,0.0002160966396331787,0.00030350685119628906,-0.00037109851837158203
nearest,"[1024, 384]",transformer.h.1.mlp.w1.weight,transformer.h.1.mlp.w1.weight,int4-dynamic-b2048,4,dynamic,2048,0.013598124496638775,0.19166849553585052,0.9816266894340515,0.9997285604476929,ok,0.5162014961242676,0.8672945499420166,1.0039095878601074,ok,0.5162014961242676,0.8672945499420166,1.0039095878601074,1,128,/home/sienna/projects/experiments/lowp-optimizer-bench/reports/muon_update_fidelity_formal_s0_s1_results/muon-fidelity-formal/fp32_muon_snapshot_s1/muon_momentum_snapshots/update_000128.pt,,,,
raw_direction_oracle,"[1024, 384]",transformer.h.1.mlp.w1.weight,transformer.h.1.mlp.w1.weight,int4-dynamic-b2048,4,dynamic,2048,0.0135650634765625,0.194612517952919,0.9820285439491272,1.0295077562332153,ok,0.5097212195396423,0.8705886602401733,1.0037815570831299,ok,0.5097212195396423,0.8705886602401733,1.0037815570831299,1,128,/home/sienna/projects/experiments/lowp-optimizer-bench/reports/muon_update_fidelity_formal_s0_s1_results/muon-fidelity-formal/fp32_muon_snapshot_s1/muon_momentum_snapshots/update_000128.pt,0.0004018545150756836,0.0029440224170684814,0.0032941102981567383,-0.006480276584625244
muon_update_direction_oracle,"[1024, 384]",transformer.h.1.mlp.w1.weight,transformer.h.1.mlp.w1.weight,int4-dynamic-b2048,4,dynamic,2048,0.013598124496638775,0.1922122836112976,0.9815666079521179,1.0020333528518677,ok,0.5157990455627441,0.867455244064331,1.0035699605941772,ok,0.5157990455627441,0.867455244064331,1.0035699605941772,1,128,/home/sienna/projects/experiments/lowp-optimizer-bench/reports/muon_update_fidelity_formal_s0_s1_results/muon-fidelity-formal/fp32_muon_snapshot_s1/muon_momentum_snapshots/update_000128.pt,-6.008148193359375e-05,0.0005437880754470825,0.00016069412231445312,-0.0004024505615234375
nearest,"[1024, 384]",transformer.h.1.mlp.w2.weight,transformer.h.1.mlp.w2.weight,int4-dynamic-b2048,4,dynamic,2048,0.0137176513671875,0.19099299609661102,0.9817601442337036,0.999966025352478,ok,0.516706645488739,0.8667777180671692,1.0020166635513306,ok,0.516706645488739,0.8667777180671692,1.0020166635513306,1,128,/home/sienna/projects/experiments/lowp-optimizer-bench/reports/muon_update_fidelity_formal_s0_s1_results/muon-fidelity-formal/fp32_muon_snapshot_s1/muon_momentum_snapshots/update_000128.pt,,,,
raw_direction_oracle,"[1024, 384]",transformer.h.1.mlp.w2.weight,transformer.h.1.mlp.w2.weight,int4-dynamic-b2048,4,dynamic,2048,0.013674418441951275,0.19404922425746918,0.9822126626968384,1.0311698913574219,ok,0.5106397867202759,0.8698092103004456,1.0014188289642334,ok,0.5106397867202759,0.8698092103004456,1.0014188289642334,1,128,/home/sienna/projects/experiments/lowp-optimizer-bench/reports/muon_update_fidelity_formal_s0_s1_results/muon-fidelity-formal/fp32_muon_snapshot_s1/muon_momentum_snapshots/update_000128.pt,0.0004525184631347656,0.0030562281608581543,0.003031492233276367,-0.006066858768463135
muon_update_direction_oracle,"[1024, 384]",transformer.h.1.mlp.w2.weight,transformer.h.1.mlp.w2.weight,int4-dynamic-b2048,4,dynamic,2048,0.0137176513671875,0.19106616079807281,0.9817582368850708,1.0006107091903687,ok,0.5165849328041077,0.8668243885040283,1.0018962621688843,ok,0.5165849328041077,0.8668243885040283,1.0018962621688843,1,128,/home/sienna/projects/experiments/lowp-optimizer-bench/reports/muon_update_fidelity_formal_s0_s1_results/muon-fidelity-formal/fp32_muon_snapshot_s1/muon_momentum_snapshots/update_000128.pt,-1.9073486328125e-06,7.316470146179199e-05,4.667043685913086e-05,-0.00012171268463134766
nearest,"[384, 1024]",transformer.h.1.mlp.c_proj.weight,transformer.h.1.mlp.c_proj.weight,int4-dynamic-b2048,4,dynamic,2048,0.025604248046875,0.22784218192100525,0.9737816452980042,0.9865357875823975,ok,0.6296453475952148,0.7998732924461365,0.9902694225311279,ok,0.6296453475952148,0.7998732924461365,0.9902694225311279,1,128,/home/sienna/projects/experiments/lowp-optimizer-bench/reports/muon_update_fidelity_formal_s0_s1_results/muon-fidelity-formal/fp32_muon_snapshot_s1/muon_momentum_snapshots/update_000128.pt,,,,
raw_direction_oracle,"[384, 1024]",transformer.h.1.mlp.c_proj.weight,transformer.h.1.mlp.c_proj.weight,int4-dynamic-b2048,4,dynamic,2048,0.02555084228515625,0.22955425083637238,0.9737769961357117,1.004381775856018,ok,0.6268331408500671,0.8016002178192139,0.9899694323539734,ok,0.6268331408500671,0.8016002178192139,0.9899694323539734,1,128,/home/sienna/projects/experiments/lowp-optimizer-bench/reports/muon_update_fidelity_formal_s0_s1_results/muon-fidelity-formal/fp32_muon_snapshot_s1/muon_momentum_snapshots/update_000128.pt,-4.649162292480469e-06,0.0017120689153671265,0.0017269253730773926,-0.002812206745147705
muon_update_direction_oracle,"[384, 1024]",transformer.h.1.mlp.c_proj.weight,transformer.h.1.mlp.c_proj.weight,int4-dynamic-b2048,4,dynamic,2048,0.025604248046875,0.22784218192100525,0.9737816452980042,0.9865357875823975,ok,0.6296453475952148,0.7998732924461365,0.9902694225311279,ok,0.6296453475952148,0.7998732924461365,0.9902694225311279,1,128,/home/sienna/projects/experiments/lowp-optimizer-bench/reports/muon_update_fidelity_formal_s0_s1_results/muon-fidelity-formal/fp32_muon_snapshot_s1/muon_momentum_snapshots/update_000128.pt,0.0,0.0,0.0,0.0
nearest,"[1152, 384]",transformer.h.2.attn.c_attn.weight,transformer.h.2.attn.c_attn.weight,int4-dynamic-b2048,4,dynamic,2048,0.013640226796269417,0.1964174062013626,0.9807096719741821,0.9999718070030212,ok,1.018547534942627,0.5154000520706177,1.065923810005188,ok,1.018547534942627,0.5154000520706177,1.065923810005188,1,128,/home/sienna/projects/experiments/lowp-optimizer-bench/reports/muon_update_fidelity_formal_s0_s1_results/muon-fidelity-formal/fp32_muon_snapshot_s1/muon_momentum_snapshots/update_000128.pt,,,,
raw_direction_oracle,"[1152, 384]",transformer.h.2.attn.c_attn.weight,transformer.h.2.attn.c_attn.weight,int4-dynamic-b2048,4,dynamic,2048,0.013615361414849758,0.19944551587104797,0.9812201857566833,1.0319302082061768,ok,1.0154750347137451,0.5188004970550537,1.0668367147445679,ok,1.0154750347137451,0.5188004970550537,1.0668367147445679,1,128,/home/sienna/projects/experiments/lowp-optimizer-bench/reports/muon_update_fidelity_formal_s0_s1_results/muon-fidelity-formal/fp32_muon_snapshot_s1/muon_momentum_snapshots/update_000128.pt,0.0005105137825012207,0.0030281096696853638,0.003400444984436035,-0.003072500228881836
muon_update_direction_oracle,"[1152, 384]",transformer.h.2.attn.c_attn.weight,transformer.h.2.attn.c_attn.weight,int4-dynamic-b2048,4,dynamic,2048,0.013640226796269417,0.19652946293354034,0.9806991815567017,1.0005618333816528,ok,1.0181652307510376,0.5156972408294678,1.065792202949524,ok,1.0181652307510376,0.5156972408294678,1.065792202949524,1,128,/home/sienna/projects/experiments/lowp-optimizer-bench/reports/muon_update_fidelity_formal_s0_s1_results/muon-fidelity-formal/fp32_muon_snapshot_s1/muon_momentum_snapshots/update_000128.pt,-1.049041748046875e-05,0.00011205673217773438,0.00029718875885009766,-0.00038230419158935547
nearest,"[384, 384]",transformer.h.2.attn.c_proj.weight,transformer.h.2.attn.c_proj.weight,int4-dynamic-b2048,4,dynamic,2048,0.00988091342151165,0.18837162852287292,0.9822781085968018,1.0010993480682373,ok,1.036714792251587,0.5127473473548889,1.093855857849121,ok,1.036714792251587,0.5127473473548889,1.093855857849121,1,128,/home/sienna/projects/experiments/lowp-optimizer-bench/reports/muon_update_fidelity_formal_s0_s1_results/muon-fidelity-formal/fp32_muon_snapshot_s1/muon_momentum_snapshots/update_000128.pt,,,,
raw_direction_oracle,"[384, 384]",transformer.h.2.attn.c_proj.weight,transformer.h.2.attn.c_proj.weight,int4-dynamic-b2048,4,dynamic,2048,0.009867350570857525,0.19125932455062866,0.9827581644058228,1.03168523311615,ok,1.0321125984191895,0.5164970755577087,1.0927135944366455,ok,1.0321125984191895,0.5164970755577087,1.0927135944366455,1,128,/home/sienna/projects/experiments/lowp-optimizer-bench/reports/muon_update_fidelity_formal_s0_s1_results/muon-fidelity-formal/fp32_muon_snapshot_s1/muon_momentum_snapshots/update_000128.pt,0.0004800558090209961,0.0028876960277557373,0.0037497282028198242,-0.004602193832397461
muon_update_direction_oracle,"[384, 384]",transformer.h.2.attn.c_proj.weight,transformer.h.2.attn.c_proj.weight,int4-dynamic-b2048,4,dynamic,2048,0.00988091342151165,0.18852590024471283,0.982266902923584,1.0020217895507812,ok,1.0363579988479614,0.5128163695335388,1.0933493375778198,ok,1.0363579988479614,0.5128163695335388,1.0933493375778198,1,128,/home/sienna/projects/experiments/lowp-optimizer-bench/reports/muon_update_fidelity_formal_s0_s1_results/muon-fidelity-formal/fp32_muon_snapshot_s1/muon_momentum_snapshots/update_000128.pt,-1.1205673217773438e-05,0.00015427172183990479,6.902217864990234e-05,-0.0003567934036254883
nearest,"[1024, 384]",transformer.h.2.mlp.w1.weight,transformer.h.2.mlp.w1.weight,int4-dynamic-b2048,4,dynamic,2048,0.01419830322265625,0.1910659223794937,0.9817401766777039,0.9996283054351807,ok,0.6021019816398621,0.8147366046905518,0.9769788980484009,ok,0.6021019816398621,0.8147366046905518,0.9769788980484009,1,128,/home/sienna/projects/experiments/lowp-optimizer-bench/reports/muon_update_fidelity_formal_s0_s1_results/muon-fidelity-formal/fp32_muon_snapshot_s1/muon_momentum_snapshots/update_000128.pt,,,,
raw_direction_oracle,"[1024, 384]",transformer.h.2.mlp.w1.weight,transformer.h.2.mlp.w1.weight,int4-dynamic-b2048,4,dynamic,2048,0.014188130386173725,0.19391784071922302,0.9820955991744995,1.028092622756958,ok,0.5971516370773315,0.8178758025169373,0.9775973558425903,ok,0.5971516370773315,0.8178758025169373,0.9775973558425903,1,128,/home/sienna/projects/experiments/lowp-optimizer-bench/reports/muon_update_fidelity_formal_s0_s1_results/muon-fidelity-formal/fp32_muon_snapshot_s1/muon_momentum_snapshots/update_000128.pt,0.0003554224967956543,0.002851918339729309,0.003139197826385498,-0.004950344562530518
muon_update_direction_oracle,"[1024, 384]",transformer.h.2.mlp.w1.weight,transformer.h.2.mlp.w1.weight,int4-dynamic-b2048,4,dynamic,2048,0.01419830322265625,0.19120916724205017,0.981727123260498,1.000404953956604,ok,0.6019912958145142,0.8147962093353271,0.9769266843795776,ok,0.6019912958145142,0.8147962093353271,0.9769266843795776,1,128,/home/sienna/projects/experiments/lowp-optimizer-bench/reports/muon_update_fidelity_formal_s0_s1_results/muon-fidelity-formal/fp32_muon_snapshot_s1/muon_momentum_snapshots/update_000128.pt,-1.3053417205810547e-05,0.00014324486255645752,5.9604644775390625e-05,-0.00011068582534790039
nearest,"[1024, 384]",transformer.h.2.mlp.w2.weight,transformer.h.2.mlp.w2.weight,int4-dynamic-b2048,4,dynamic,2048,0.014399210922420025,0.19295638799667358,0.981364369392395,0.9989175200462341,ok,0.61119145154953,0.8089665770530701,0.9762445092201233,ok,0.61119145154953,0.8089665770530701,0.9762445092201233,1,128,/home/sienna/projects/experiments/lowp-optimizer-bench/reports/muon_update_fidelity_formal_s0_s1_results/muon-fidelity-formal/fp32_muon_snapshot_s1/muon_momentum_snapshots/update_000128.pt,,,,
raw_direction_oracle,"[1024, 384]",transformer.h.2.mlp.w2.weight,transformer.h.2.mlp.w2.weight,int4-dynamic-b2048,4,dynamic,2048,0.01433563232421875,0.19563674926757812,0.9817069172859192,1.026676893234253,ok,0.6052468419075012,0.8125256299972534,0.9753805994987488,ok,0.6052468419075012,0.8125256299972534,0.9753805994987488,1,128,/home/sienna/projects/experiments/lowp-optimizer-bench/reports/muon_update_fidelity_formal_s0_s1_results/muon-fidelity-formal/fp32_muon_snapshot_s1/muon_momentum_snapshots/update_000128.pt,0.0003425478935241699,0.002680361270904541,0.0035590529441833496,-0.005944609642028809
muon_update_direction_oracle,"[1024, 384]",transformer.h.2.mlp.w2.weight,transformer.h.2.mlp.w2.weight,int4-dynamic-b2048,4,dynamic,2048,0.014399210922420025,0.19300849735736847,0.9813597202301025,0.9992339015007019,ok,0.6111460328102112,0.8089937567710876,0.9762373566627502,ok,0.6111460328102112,0.8089937567710876,0.9762373566627502,1,128,/home/sienna/projects/experiments/lowp-optimizer-bench/reports/muon_update_fidelity_formal_s0_s1_results/muon-fidelity-formal/fp32_muon_snapshot_s1/muon_momentum_snapshots/update_000128.pt,-4.649162292480469e-06,5.2109360694885254e-05,2.7179718017578125e-05,-4.5418739318847656e-05
nearest,"[384, 1024]",transformer.h.2.mlp.c_proj.weight,transformer.h.2.mlp.c_proj.weight,int4-dynamic-b2048,4,dynamic,2048,0.0266698207706213,0.2287009209394455,0.9735888838768005,0.9869943857192993,ok,0.6705780625343323,0.7702703475952148,0.9776139259338379,ok,0.6705780625343323,0.7702703475952148,0.9776139259338379,1,128,/home/sienna/projects/experiments/lowp-optimizer-bench/reports/muon_update_fidelity_formal_s0_s1_results/muon-fidelity-formal/fp32_muon_snapshot_s1/muon_momentum_snapshots/update_000128.pt,,,,
raw_direction_oracle,"[384, 1024]",transformer.h.2.mlp.c_proj.weight,transformer.h.2.mlp.c_proj.weight,int4-dynamic-b2048,4,dynamic,2048,0.026611328125,0.23052334785461426,0.9736306667327881,1.0067623853683472,ok,0.6676251292228699,0.7722604274749756,0.9774662256240845,ok,0.6676251292228699,0.7722604274749756,0.9774662256240845,1,128,/home/sienna/projects/experiments/lowp-optimizer-bench/reports/muon_update_fidelity_formal_s0_s1_results/muon-fidelity-formal/fp32_muon_snapshot_s1/muon_momentum_snapshots/update_000128.pt,4.178285598754883e-05,0.0018224269151687622,0.001990079879760742,-0.0029529333114624023
muon_update_direction_oracle,"[384, 1024]",transformer.h.2.mlp.c_proj.weight,transformer.h.2.mlp.c_proj.weight,int4-dynamic-b2048,4,dynamic,2048,0.0266698207706213,0.2288249433040619,0.9735710620880127,0.9877651333808899,ok,0.6705710887908936,0.7702828049659729,0.9776497483253479,ok,0.6705710887908936,0.7702828049659729,0.9776497483253479,1,128,/home/sienna/projects/experiments/lowp-optimizer-bench/reports/muon_update_fidelity_formal_s0_s1_results/muon-fidelity-formal/fp32_muon_snapshot_s1/muon_momentum_snapshots/update_000128.pt,-1.7821788787841797e-05,0.00012402236461639404,1.245737075805664e-05,-6.973743438720703e-06
nearest,"[1152, 384]",transformer.h.3.attn.c_attn.weight,transformer.h.3.attn.c_attn.weight,int4-dynamic-b2048,4,dynamic,2048,0.013920537196099758,0.189373180270195,0.9820793867111206,1.0005769729614258,ok,1.046722412109375,0.49999821186065674,1.0878976583480835,ok,1.046722412109375,0.49999821186065674,1.0878976583480835,1,128,/home/sienna/projects/experiments/lowp-optimizer-bench/reports/muon_update_fidelity_formal_s0_s1_results/muon-fidelity-formal/fp32_muon_snapshot_s1/muon_momentum_snapshots/update_000128.pt,,,,
raw_direction_oracle,"[1152, 384]",transformer.h.3.attn.c_attn.weight,transformer.h.3.attn.c_attn.weight,int4-dynamic-b2048,4,dynamic,2048,0.013884367421269417,0.19207213819026947,0.9824933409690857,1.0292361974716187,ok,1.0422788858413696,0.5037375092506409,1.0869154930114746,ok,1.0422788858413696,0.5037375092506409,1.0869154930114746,1,128,/home/sienna/projects/experiments/lowp-optimizer-bench/reports/muon_update_fidelity_formal_s0_s1_results/muon-fidelity-formal/fp32_muon_snapshot_s1/muon_momentum_snapshots/update_000128.pt,0.0004139542579650879,0.002698957920074463,0.003739297389984131,-0.004443526268005371
muon_update_direction_oracle,"[1152, 384]",transformer.h.3.attn.c_attn.weight,transformer.h.3.attn.c_attn.weight,int4-dynamic-b2048,4,dynamic,2048,0.013920537196099758,0.18944379687309265,0.9820767641067505,1.0011494159698486,ok,1.0466444492340088,0.5001277327537537,1.087998628616333,ok,1.0466444492340088,0.5001277327537537,1.087998628616333,1,128,/home/sienna/projects/experiments/lowp-optimizer-bench/reports/muon_update_fidelity_formal_s0_s1_results/muon-fidelity-formal/fp32_muon_snapshot_s1/muon_momentum_snapshots/update_000128.pt,-2.6226043701171875e-06,7.061660289764404e-05,0.00012952089309692383,-7.796287536621094e-05
nearest,"[384, 384]",transformer.h.3.attn.c_proj.weight,transformer.h.3.attn.c_proj.weight,int4-dynamic-b2048,4,dynamic,2048,0.0109388567507267,0.19109758734703064,0.9817671179771423,1.001381754875183,ok,1.0740818977355957,0.4858705997467041,1.1101479530334473,ok,1.0740818977355957,0.4858705997467041,1.1101479530334473,1,128,/home/sienna/projects/experiments/lowp-optimizer-bench/reports/muon_update_fidelity_formal_s0_s1_results/muon-fidelity-formal/fp32_muon_snapshot_s1/muon_momentum_snapshots/update_000128.pt,,,,
raw_direction_oracle,"[384, 384]",transformer.h.3.attn.c_proj.weight,transformer.h.3.attn.c_proj.weight,int4-dynamic-b2048,4,dynamic,2048,0.0109388567507267,0.19419516623020172,0.9823128581047058,1.0337942838668823,ok,1.0656628608703613,0.49384209513664246,1.1098918914794922,ok,1.0656628608703613,0.49384209513664246,1.1098918914794922,1,128,/home/sienna/projects/experiments/lowp-optimizer-bench/reports/muon_update_fidelity_formal_s0_s1_results/muon-fidelity-formal/fp32_muon_snapshot_s1/muon_momentum_snapshots/update_000128.pt,0.0005457401275634766,0.0030975788831710815,0.007971495389938354,-0.008419036865234375
muon_update_direction_oracle,"[384, 384]",transformer.h.3.attn.c_proj.weight,transformer.h.3.attn.c_proj.weight,int4-dynamic-b2048,4,dynamic,2048,0.0109388567507267,0.1912589967250824,0.9817572236061096,1.0024305582046509,ok,1.0740842819213867,0.4859120845794678,1.110225796699524,ok,1.0740842819213867,0.4859120845794678,1.110225796699524,1,128,/home/sienna/projects/experiments/lowp-optimizer-bench/reports/muon_update_fidelity_formal_s0_s1_results/muon-fidelity-formal/fp32_muon_snapshot_s1/muon_momentum_snapshots/update_000128.pt,-9.894371032714844e-06,0.0001614093780517578,4.1484832763671875e-05,2.384185791015625e-06
nearest,"[1024, 384]",transformer.h.3.mlp.w1.weight,transformer.h.3.mlp.w1.weight,int4-dynamic-b2048,4,dynamic,2048,0.0154266357421875,0.19247651100158691,0.9814672470092773,0.9995008111000061,ok,0.676540195941925,0.7608410716056824,0.952115535736084,ok,0.676540195941925,0.7608410716056824,0.952115535736084,1,128,/home/sienna/projects/experiments/lowp-optimizer-bench/reports/muon_update_fidelity_formal_s0_s1_results/muon-fidelity-formal/fp32_muon_snapshot_s1/muon_momentum_snapshots/update_000128.pt,,,,
raw_direction_oracle,"[1024, 384]",transformer.h.3.mlp.w1.weight,transformer.h.3.mlp.w1.weight,int4-dynamic-b2048,4,dynamic,2048,0.015385945327579975,0.19538219273090363,0.9818428754806519,1.0286362171173096,ok,0.6717605590820312,0.7642722725868225,0.9523530006408691,ok,0.6717605590820312,0.7642722725868225,0.9523530006408691,1,128,/home/sienna/projects/experiments/lowp-optimizer-bench/reports/muon_update_fidelity_formal_s0_s1_results/muon-fidelity-formal/fp32_muon_snapshot_s1/muon_momentum_snapshots/update_000128.pt,0.0003756284713745117,0.0029056817293167114,0.0034312009811401367,-0.004779636859893799
muon_update_direction_oracle,"[1024, 384]",transformer.h.3.mlp.w1.weight,transformer.h.3.mlp.w1.weight,int4-dynamic-b2048,4,dynamic,2048,0.0154266357421875,0.1927635818719864,0.9814350605010986,1.0007340908050537,ok,0.6763887405395508,0.7609423995018005,0.9520840048789978,ok,0.6763887405395508,0.7609423995018005,0.9520840048789978,1,128,/home/sienna/projects/experiments/lowp-optimizer-bench/reports/muon_update_fidelity_formal_s0_s1_results/muon-fidelity-formal/fp32_muon_snapshot_s1/muon_momentum_snapshots/update_000128.pt,-3.218650817871094e-05,0.0002870708703994751,0.00010132789611816406,-0.00015145540237426758
nearest,"[1024, 384]",transformer.h.3.mlp.w2.weight,transformer.h.3.mlp.w2.weight,int4-dynamic-b2048,4,dynamic,2048,0.014986674301326275,0.19148452579975128,0.9816380739212036,0.9983634352684021,ok,0.6796765327453613,0.7582449913024902,0.9503275156021118,ok,0.6796765327453613,0.7582449913024902,0.9503275156021118,1,128,/home/sienna/projects/experiments/lowp-optimizer-bench/reports/muon_update_fidelity_formal_s0_s1_results/muon-fidelity-formal/fp32_muon_snapshot_s1/muon_momentum_snapshots/update_000128.pt,,,,
raw_direction_oracle,"[1024, 384]",transformer.h.3.mlp.w2.weight,transformer.h.3.mlp.w2.weight,int4-dynamic-b2048,4,dynamic,2048,0.01496124267578125,0.19409213960170746,0.9819397330284119,1.0252705812454224,ok,0.6749581098556519,0.7617567777633667,0.9510763883590698,ok,0.6749581098556519,0.7617567777633667,0.9510763883590698,1,128,/home/sienna/projects/experiments/lowp-optimizer-bench/reports/muon_update_fidelity_formal_s0_s1_results/muon-fidelity-formal/fp32_muon_snapshot_s1/muon_momentum_snapshots/update_000128.pt,0.00030165910720825195,0.0026076138019561768,0.003511786460876465,-0.004718422889709473
muon_update_direction_oracle,"[1024, 384]",transformer.h.3.mlp.w2.weight,transformer.h.3.mlp.w2.weight,int4-dynamic-b2048,4,dynamic,2048,0.014986674301326275,0.19148452579975128,0.9816380739212036,0.9983634352684021,ok,0.6796765327453613,0.7582449913024902,0.9503275156021118,ok,0.6796765327453613,0.7582449913024902,0.9503275156021118,1,128,/home/sienna/projects/experiments/lowp-optimizer-bench/reports/muon_update_fidelity_formal_s0_s1_results/muon-fidelity-formal/fp32_muon_snapshot_s1/muon_momentum_snapshots/update_000128.pt,0.0,0.0,0.0,0.0
nearest,"[384, 1024]",transformer.h.3.mlp.c_proj.weight,transformer.h.3.mlp.c_proj.weight,int4-dynamic-b2048,4,dynamic,2048,0.02639007568359375,0.22554782032966614,0.9743329286575317,0.9883506298065186,ok,0.6981351971626282,0.748255729675293,0.9656935930252075,ok,0.6981351971626282,0.748255729675293,0.9656935930252075,1,128,/home/sienna/projects/experiments/lowp-optimizer-bench/reports/muon_update_fidelity_formal_s0_s1_results/muon-fidelity-formal/fp32_muon_snapshot_s1/muon_momentum_snapshots/update_000128.pt,,,,
raw_direction_oracle,"[384, 1024]",transformer.h.3.mlp.c_proj.weight,transformer.h.3.mlp.c_proj.weight,int4-dynamic-b2048,4,dynamic,2048,0.02629598043859005,0.22739049792289734,0.9743987321853638,1.0084434747695923,ok,0.6963596343994141,0.7496337890625,0.9661228060722351,ok,0.6963596343994141,0.7496337890625,0.9661228060722351,1,128,/home/sienna/projects/experiments/lowp-optimizer-bench/reports/muon_update_fidelity_formal_s0_s1_results/muon-fidelity-formal/fp32_muon_snapshot_s1/muon_momentum_snapshots/update_000128.pt,6.580352783203125e-05,0.0018426775932312012,0.0013780593872070312,-0.0017755627632141113
muon_update_direction_oracle,"[384, 1024]",transformer.h.3.mlp.c_proj.weight,transformer.h.3.mlp.c_proj.weight,int4-dynamic-b2048,4,dynamic,2048,0.02639007568359375,0.22554782032966614,0.9743329286575317,0.9883506298065186,ok,0.6981351971626282,0.748255729675293,0.9656935930252075,ok,0.6981351971626282,0.748255729675293,0.9656935930252075,1,128,/home/sienna/projects/experiments/lowp-optimizer-bench/reports/muon_update_fidelity_formal_s0_s1_results/muon-fidelity-formal/fp32_muon_snapshot_s1/muon_momentum_snapshots/update_000128.pt,0.0,0.0,0.0,0.0
nearest,"[1152, 384]",transformer.h.4.attn.c_attn.weight,transformer.h.4.attn.c_attn.weight,int4-dynamic-b2048,4,dynamic,2048,0.013812029734253883,0.19091284275054932,0.9817734956741333,0.9998487830162048,ok,1.0918136835098267,0.47032439708709717,1.113179087638855,ok,1.0918136835098267,0.47032439708709717,1.113179087638855,1,128,/home/sienna/projects/experiments/lowp-optimizer-bench/reports/muon_update_fidelity_formal_s0_s1_results/muon-fidelity-formal/fp32_muon_snapshot_s1/muon_momentum_snapshots/update_000128.pt,,,,
raw_direction_oracle,"[1152, 384]",transformer.h.4.attn.c_attn.weight,transformer.h.4.attn.c_attn.weight,int4-dynamic-b2048,4,dynamic,2048,0.0137939453125,0.19363556802272797,0.982171356678009,1.0285953283309937,ok,1.0897952318191528,0.47109290957450867,1.1110788583755493,ok,1.0897952318191528,0.47109290957450867,1.1110788583755493,1,128,/home/sienna/projects/experiments/lowp-optimizer-bench/reports/muon_update_fidelity_formal_s0_s1_results/muon-fidelity-formal/fp32_muon_snapshot_s1/muon_momentum_snapshots/update_000128.pt,0.0003978610038757324,0.00272272527217865,0.000768512487411499,-0.002018451690673828
muon_update_direction_oracle,"[1152, 384]",transformer.h.4.attn.c_attn.weight,transformer.h.4.attn.c_attn.weight,int4-dynamic-b2048,4,dynamic,2048,0.013812029734253883,0.19103549420833588,0.9817589521408081,1.0003328323364258,ok,1.091834545135498,0.47034308314323425,1.1132466793060303,ok,1.091834545135498,0.47034308314323425,1.1132466793060303,1,128,/home/sienna/projects/experiments/lowp-optimizer-bench/reports/muon_update_fidelity_formal_s0_s1_results/muon-fidelity-formal/fp32_muon_snapshot_s1/muon_momentum_snapshots/update_000128.pt,-1.4543533325195312e-05,0.00012265145778656006,1.868605613708496e-05,2.086162567138672e-05
nearest,"[384, 384]",transformer.h.4.attn.c_proj.weight,transformer.h.4.attn.c_proj.weight,int4-dynamic-b2048,4,dynamic,2048,0.01079644076526165,0.19282235205173492,0.981424868106842,1.0007988214492798,ok,1.09343421459198,0.47240400314331055,1.1195236444473267,ok,1.09343421459198,0.47240400314331055,1.1195236444473267,1,128,/home/sienna/projects/experiments/lowp-optimizer-bench/reports/muon_update_fidelity_formal_s0_s1_results/muon-fidelity-formal/fp32_muon_snapshot_s1/muon_momentum_snapshots/update_000128.pt,,,,
raw_direction_oracle,"[384, 384]",transformer.h.4.attn.c_proj.weight,transformer.h.4.attn.c_proj.weight,int4-dynamic-b2048,4,dynamic,2048,0.01079644076526165,0.1956966519355774,0.9818848967552185,1.0308266878128052,ok,1.088765263557434,0.4764661192893982,1.1186728477478027,ok,1.088765263557434,0.4764661192893982,1.1186728477478027,1,128,/home/sienna/projects/experiments/lowp-optimizer-bench/reports/muon_update_fidelity_formal_s0_s1_results/muon-fidelity-formal/fp32_muon_snapshot_s1/muon_momentum_snapshots/update_000128.pt,0.00046002864837646484,0.0028742998838424683,0.0040621161460876465,-0.0046689510345458984
muon_update_direction_oracle,"[384, 384]",transformer.h.4.attn.c_proj.weight,transformer.h.4.attn.c_proj.weight,int4-dynamic-b2048,4,dynamic,2048,0.01079644076526165,0.19297397136688232,0.9814106225967407,1.0015534162521362,ok,1.0928874015808105,0.4728088676929474,1.1193002462387085,ok,1.0928874015808105,0.4728088676929474,1.1193002462387085,1,128,/home/sienna/projects/experiments/lowp-optimizer-bench/reports/muon_update_fidelity_formal_s0_s1_results/muon-fidelity-formal/fp32_muon_snapshot_s1/muon_momentum_snapshots/update_000128.pt,-1.424551010131836e-05,0.0001516193151473999,0.0004048645496368408,-0.0005468130111694336
nearest,"[1024, 384]",transformer.h.4.mlp.w1.weight,transformer.h.4.mlp.w1.weight,int4-dynamic-b2048,4,dynamic,2048,0.01579793356359005,0.1932249218225479,0.9813324213027954,1.0000150203704834,ok,0.728685200214386,0.7184750437736511,0.9357035756111145,ok,0.728685200214386,0.7184750437736511,0.9357035756111145,1,128,/home/sienna/projects/experiments/lowp-optimizer-bench/reports/muon_update_fidelity_formal_s0_s1_results/muon-fidelity-formal/fp32_muon_snapshot_s1/muon_momentum_snapshots/update_000128.pt,,,,
raw_direction_oracle,"[1024, 384]",transformer.h.4.mlp.w1.weight,transformer.h.4.mlp.w1.weight,int4-dynamic-b2048,4,dynamic,2048,0.01575215719640255,0.19629541039466858,0.9817699193954468,1.030800223350525,ok,0.7232572436332703,0.722482442855835,0.9348074197769165,ok,0.7232572436332703,0.722482442855835,0.9348074197769165,1,128,/home/sienna/projects/experiments/lowp-optimizer-bench/reports/muon_update_fidelity_formal_s0_s1_results/muon-fidelity-formal/fp32_muon_snapshot_s1/muon_momentum_snapshots/update_000128.pt,0.0004374980926513672,0.0030704885721206665,0.004007399082183838,-0.005427956581115723
muon_update_direction_oracle,"[1024, 384]",transformer.h.4.mlp.w1.weight,transformer.h.4.mlp.w1.weight,int4-dynamic-b2048,4,dynamic,2048,0.01579793356359005,0.19438718259334564,0.9812073707580566,1.004753589630127,ok,0.7286069393157959,0.7186306715011597,0.9361116886138916,ok,0.7286069393157959,0.7186306715011597,0.9361116886138916,1,128,/home/sienna/projects/experiments/lowp-optimizer-bench/reports/muon_update_fidelity_formal_s0_s1_results/muon-fidelity-formal/fp32_muon_snapshot_s1/muon_momentum_snapshots/update_000128.pt,-0.00012505054473876953,0.0011622607707977295,0.00015562772750854492,-7.826089859008789e-05
nearest,"[1024, 384]",transformer.h.4.mlp.w2.weight,transformer.h.4.mlp.w2.weight,int4-dynamic-b2048,4,dynamic,2048,0.0163116455078125,0.19270123541355133,0.9813904762268066,0.99754798412323,ok,0.727279543876648,0.7193344831466675,0.9346888065338135,ok,0.727279543876648,0.7193344831466675,0.9346888065338135,1,128,/home/sienna/projects/experiments/lowp-optimizer-bench/reports/muon_update_fidelity_formal_s0_s1_results/muon-fidelity-formal/fp32_muon_snapshot_s1/muon_momentum_snapshots/update_000128.pt,,,,
raw_direction_oracle,"[1024, 384]",transformer.h.4.mlp.w2.weight,transformer.h.4.mlp.w2.weight,int4-dynamic-b2048,4,dynamic,2048,0.0162353515625,0.1952335238456726,0.9816668629646301,1.0239289999008179,ok,0.7237080931663513,0.7222602963447571,0.9353644847869873,ok,0.7237080931663513,0.7222602963447571,0.9353644847869873,1,128,/home/sienna/projects/experiments/lowp-optimizer-bench/reports/muon_update_fidelity_formal_s0_s1_results/muon-fidelity-formal/fp32_muon_snapshot_s1/muon_momentum_snapshots/update_000128.pt,0.00027638673782348633,0.002532288432121277,0.0029258131980895996,-0.003571450710296631
muon_update_direction_oracle,"[1024, 384]",transformer.h.4.mlp.w2.weight,transformer.h.4.mlp.w2.weight,int4-dynamic-b2048,4,dynamic,2048,0.0163116455078125,0.19270123541355133,0.9813904762268066,0.99754798412323,ok,0.727279543876648,0.7193344831466675,0.9346888065338135,ok,0.727279543876648,0.7193344831466675,0.9346888065338135,1,128,/home/sienna/projects/experiments/lowp-optimizer-bench/reports/muon_update_fidelity_formal_s0_s1_results/muon-fidelity-formal/fp32_muon_snapshot_s1/muon_momentum_snapshots/update_000128.pt,0.0,0.0,0.0,0.0
nearest,"[384, 1024]",transformer.h.4.mlp.c_proj.weight,transformer.h.4.mlp.c_proj.weight,int4-dynamic-b2048,4,dynamic,2048,0.03266143798828125,0.23007610440254211,0.9732280969619751,0.9836261868476868,ok,0.7365615963935852,0.7171467542648315,0.9555216431617737,ok,0.7365615963935852,0.7171467542648315,0.9555216431617737,1,128,/home/sienna/projects/experiments/lowp-optimizer-bench/reports/muon_update_fidelity_formal_s0_s1_results/muon-fidelity-formal/fp32_muon_snapshot_s1/muon_momentum_snapshots/update_000128.pt,,,,
raw_direction_oracle,"[384, 1024]",transformer.h.4.mlp.c_proj.weight,transformer.h.4.mlp.c_proj.weight,int4-dynamic-b2048,4,dynamic,2048,0.03258514404296875,0.23141583800315857,0.9731730818748474,0.9980515837669373,ok,0.7346261143684387,0.7185689806938171,0.9552479386329651,ok,0.7346261143684387,0.7185689806938171,0.9552479386329651,1,128,/home/sienna/projects/experiments/lowp-optimizer-bench/reports/muon_update_fidelity_formal_s0_s1_results/muon-fidelity-formal/fp32_muon_snapshot_s1/muon_momentum_snapshots/update_000128.pt,-5.501508712768555e-05,0.001339733600616455,0.0014222264289855957,-0.0019354820251464844
muon_update_direction_oracle,"[384, 1024]",transformer.h.4.mlp.c_proj.weight,transformer.h.4.mlp.c_proj.weight,int4-dynamic-b2048,4,dynamic,2048,0.03266143798828125,0.23012687265872955,0.9732239246368408,0.9843243360519409,ok,0.7364602088928223,0.7171791791915894,0.9553385376930237,ok,0.7364602088928223,0.7171791791915894,0.9553385376930237,1,128,/home/sienna/projects/experiments/lowp-optimizer-bench/reports/muon_update_fidelity_formal_s0_s1_results/muon-fidelity-formal/fp32_muon_snapshot_s1/muon_momentum_snapshots/update_000128.pt,-4.172325134277344e-06,5.0768256187438965e-05,3.24249267578125e-05,-0.00010138750076293945
nearest,"[1152, 384]",transformer.h.5.attn.c_attn.weight,transformer.h.5.attn.c_attn.weight,int4-dynamic-b2048,4,dynamic,2048,0.013294361531734467,0.19573795795440674,0.9808146953582764,0.9984511137008667,ok,1.1288158893585205,0.444693386554718,1.1316993236541748,ok,1.1288158893585205,0.444693386554718,1.1316993236541748,1,128,/home/sienna/projects/experiments/lowp-optimizer-bench/reports/muon_update_fidelity_formal_s0_s1_results/muon-fidelity-formal/fp32_muon_snapshot_s1/muon_momentum_snapshots/update_000128.pt,,,,
raw_direction_oracle,"[1152, 384]",transformer.h.5.attn.c_attn.weight,transformer.h.5.attn.c_attn.weight,int4-dynamic-b2048,4,dynamic,2048,0.0132581926882267,0.1987166404724121,0.9812600612640381,1.0298359394073486,ok,1.1236212253570557,0.44935834407806396,1.1308622360229492,ok,1.1236212253570557,0.44935834407806396,1.1308622360229492,1,128,/home/sienna/projects/experiments/lowp-optimizer-bench/reports/muon_update_fidelity_formal_s0_s1_results/muon-fidelity-formal/fp32_muon_snapshot_s1/muon_momentum_snapshots/update_000128.pt,0.00044536590576171875,0.002978682518005371,0.004664957523345947,-0.005194664001464844
muon_update_direction_oracle,"[1152, 384]",transformer.h.5.attn.c_attn.weight,transformer.h.5.attn.c_attn.weight,int4-dynamic-b2048,4,dynamic,2048,0.013294361531734467,0.19594430923461914,0.9807905554771423,0.9993500113487244,ok,1.1287932395935059,0.4447993040084839,1.131837010383606,ok,1.1287932395935059,0.4447993040084839,1.131837010383606,1,128,/home/sienna/projects/experiments/lowp-optimizer-bench/reports/muon_update_fidelity_formal_s0_s1_results/muon-fidelity-formal/fp32_muon_snapshot_s1/muon_momentum_snapshots/update_000128.pt,-2.4139881134033203e-05,0.00020635128021240234,0.00010591745376586914,-2.2649765014648438e-05
nearest,"[384, 384]",transformer.h.5.attn.c_proj.weight,transformer.h.5.attn.c_proj.weight,int4-dynamic-b2048,4,dynamic,2048,0.012661403976380825,0.1944694221019745,0.9810997843742371,1.0004669427871704,ok,1.1463919878005981,0.433820903301239,1.142633318901062,ok,1.1463919878005981,0.433820903301239,1.142633318901062,1,128,/home/sienna/projects/experiments/lowp-optimizer-bench/reports/muon_update_fidelity_formal_s0_s1_results/muon-fidelity-formal/fp32_muon_snapshot_s1/muon_momentum_snapshots/update_000128.pt,,,,
raw_direction_oracle,"[384, 384]",transformer.h.5.attn.c_proj.weight,transformer.h.5.attn.c_proj.weight,int4-dynamic-b2048,4,dynamic,2048,0.01263427734375,0.19756163656711578,0.9816369414329529,1.0330344438552856,ok,1.142022728919983,0.4379510283470154,1.1422356367111206,ok,1.142022728919983,0.4379510283470154,1.1422356367111206,1,128,/home/sienna/projects/experiments/lowp-optimizer-bench/reports/muon_update_fidelity_formal_s0_s1_results/muon-fidelity-formal/fp32_muon_snapshot_s1/muon_momentum_snapshots/update_000128.pt,0.0005371570587158203,0.0030922144651412964,0.004130125045776367,-0.004369258880615234
muon_update_direction_oracle,"[384, 384]",transformer.h.5.attn.c_proj.weight,transformer.h.5.attn.c_proj.weight,int4-dynamic-b2048,4,dynamic,2048,0.012661403976380825,0.19458526372909546,0.9810850024223328,1.0008599758148193,ok,1.1462277173995972,0.43389424681663513,1.1424858570098877,ok,1.1462277173995972,0.43389424681663513,1.1424858570098877,1,128,/home/sienna/projects/experiments/lowp-optimizer-bench/reports/muon_update_fidelity_formal_s0_s1_results/muon-fidelity-formal/fp32_muon_snapshot_s1/muon_momentum_snapshots/update_000128.pt,-1.4781951904296875e-05,0.00011584162712097168,7.334351539611816e-05,-0.00016427040100097656
nearest,"[1024, 384]",transformer.h.5.mlp.w1.weight,transformer.h.5.mlp.w1.weight,int4-dynamic-b2048,4,dynamic,2048,0.01436614990234375,0.18819385766983032,0.9822869300842285,0.9997344613075256,ok,0.7365818023681641,0.7108210325241089,0.9294971227645874,ok,0.7365818023681641,0.7108210325241089,0.9294971227645874,1,128,/home/sienna/projects/experiments/lowp-optimizer-bench/reports/muon_update_fidelity_formal_s0_s1_results/muon-fidelity-formal/fp32_muon_snapshot_s1/muon_momentum_snapshots/update_000128.pt,,,,
raw_direction_oracle,"[1024, 384]",transformer.h.5.mlp.w1.weight,transformer.h.5.mlp.w1.weight,int4-dynamic-b2048,4,dynamic,2048,0.014312744140625,0.19107456505298615,0.9826927185058594,1.0295361280441284,ok,0.7325152158737183,0.7143095135688782,0.9306808710098267,ok,0.7325152158737183,0.7143095135688782,0.9306808710098267,1,128,/home/sienna/projects/experiments/lowp-optimizer-bench/reports/muon_update_fidelity_formal_s0_s1_results/muon-fidelity-formal/fp32_muon_snapshot_s1/muon_momentum_snapshots/update_000128.pt,0.0004057884216308594,0.0028807073831558228,0.003488481044769287,-0.004066586494445801
muon_update_direction_oracle,"[1024, 384]",transformer.h.5.mlp.w1.weight,transformer.h.5.mlp.w1.weight,int4-dynamic-b2048,4,dynamic,2048,0.01436614990234375,0.18830953538417816,0.9822741746902466,1.0002448558807373,ok,0.7365986704826355,0.7108306288719177,0.9295943975448608,ok,0.7365986704826355,0.7108306288719177,0.9295943975448608,1,128,/home/sienna/projects/experiments/lowp-optimizer-bench/reports/muon_update_fidelity_formal_s0_s1_results/muon-fidelity-formal/fp32_muon_snapshot_s1/muon_momentum_snapshots/update_000128.pt,-1.2755393981933594e-05,0.00011567771434783936,9.59634780883789e-06,1.6868114471435547e-05
nearest,"[1024, 384]",transformer.h.5.mlp.w2.weight,transformer.h.5.mlp.w2.weight,int4-dynamic-b2048,4,dynamic,2048,0.013857523910701275,0.18665073812007904,0.9826009273529053,1.0011192560195923,ok,0.7338235378265381,0.7129729986190796,0.9293690919876099,ok,0.7338235378265381,0.7129729986190796,0.9293690919876099,1,128,/home/sienna/projects/experiments/lowp-optimizer-bench/reports/muon_update_fidelity_formal_s0_s1_results/muon-fidelity-formal/fp32_muon_snapshot_s1/muon_momentum_snapshots/update_000128.pt,,,,
raw_direction_oracle,"[1024, 384]",transformer.h.5.mlp.w2.weight,transformer.h.5.mlp.w2.weight,int4-dynamic-b2048,4,dynamic,2048,0.01380157470703125,0.18948224186897278,0.9829797744750977,1.0293768644332886,ok,0.728383481502533,0.717596173286438,0.9308720827102661,ok,0.728383481502533,0.717596173286438,0.9308720827102661,1,128,/home/sienna/projects/experiments/lowp-optimizer-bench/reports/muon_update_fidelity_formal_s0_s1_results/muon-fidelity-formal/fp32_muon_snapshot_s1/muon_momentum_snapshots/update_000128.pt,0.0003788471221923828,0.002831503748893738,0.0046231746673583984,-0.005440056324005127
muon_update_direction_oracle,"[1024, 384]",transformer.h.5.mlp.w2.weight,transformer.h.5.mlp.w2.weight,int4-dynamic-b2048,4,dynamic,2048,0.013857523910701275,0.18665073812007904,0.9826009273529053,1.0011192560195923,ok,0.7338235378265381,0.7129729986190796,0.9293690919876099,ok,0.7338235378265381,0.7129729986190796,0.9293690919876099,1,128,/home/sienna/projects/experiments/lowp-optimizer-bench/reports/muon_update_fidelity_formal_s0_s1_results/muon-fidelity-formal/fp32_muon_snapshot_s1/muon_momentum_snapshots/update_000128.pt,0.0,0.0,0.0,0.0
nearest,"[384, 1024]",transformer.h.5.mlp.c_proj.weight,transformer.h.5.mlp.c_proj.weight,int4-dynamic-b2048,4,dynamic,2048,0.0236790981143713,0.2277996689081192,0.973821222782135,0.988671064376831,ok,0.7192057967185974,0.7314454913139343,0.9600710272789001,ok,0.7192057967185974,0.7314454913139343,0.9600710272789001,1,128,/home/sienna/projects/experiments/lowp-optimizer-bench/reports/muon_update_fidelity_formal_s0_s1_results/muon-fidelity-formal/fp32_muon_snapshot_s1/muon_momentum_snapshots/update_000128.pt,,,,
raw_direction_oracle,"[384, 1024]",transformer.h.5.mlp.c_proj.weight,transformer.h.5.mlp.c_proj.weight,int4-dynamic-b2048,4,dynamic,2048,0.0236078891903162,0.22957810759544373,0.9739220142364502,1.008994460105896,ok,0.717400848865509,0.7329249978065491,0.9606156945228577,ok,0.717400848865509,0.7329249978065491,0.9606156945228577,1,128,/home/sienna/projects/experiments/lowp-optimizer-bench/reports/muon_update_fidelity_formal_s0_s1_results/muon-fidelity-formal/fp32_muon_snapshot_s1/muon_momentum_snapshots/update_000128.pt,0.00010079145431518555,0.001778438687324524,0.001479506492614746,-0.001804947853088379
muon_update_direction_oracle,"[384, 1024]",transformer.h.5.mlp.c_proj.weight,transformer.h.5.mlp.c_proj.weight,int4-dynamic-b2048,4,dynamic,2048,0.0236790981143713,0.2277996689081192,0.973821222782135,0.988671064376831,ok,0.7192057967185974,0.7314454913139343,0.9600710272789001,ok,0.7192057967185974,0.7314454913139343,0.9600710272789001,1,128,/home/sienna/projects/experiments/lowp-optimizer-bench/reports/muon_update_fidelity_formal_s0_s1_results/muon-fidelity-formal/fp32_muon_snapshot_s1/muon_momentum_snapshots/update_000128.pt,0.0,0.0,0.0,0.0
nearest,"[1152, 384]",transformer.h.0.attn.c_attn.weight,transformer.h.0.attn.c_attn.weight,int4-dynamic-b2048,4,dynamic,2048,0.010907208546996117,0.1795656979084015,0.9839248657226562,1.0026830434799194,ok,0.909400999546051,0.5911345481872559,1.0111943483352661,ok,0.909400999546051,0.5911345481872559,1.0111943483352661,1,512,/home/sienna/projects/experiments/lowp-optimizer-bench/reports/muon_update_fidelity_formal_s0_s1_results/muon-fidelity-formal/fp32_muon_snapshot_s1/muon_momentum_snapshots/update_000512.pt,,,,
raw_direction_oracle,"[1152, 384]",transformer.h.0.attn.c_attn.weight,transformer.h.0.attn.c_attn.weight,int4-dynamic-b2048,4,dynamic,2048,0.010880081914365292,0.1824483722448349,0.9844231605529785,1.0331720113754272,ok,0.9038202166557312,0.5955415368080139,1.0097402334213257,ok,0.9038202166557312,0.5955415368080139,1.0097402334213257,1,512,/home/sienna/projects/experiments/lowp-optimizer-bench/reports/muon_update_fidelity_formal_s0_s1_results/muon-fidelity-formal/fp32_muon_snapshot_s1/muon_momentum_snapshots/update_000512.pt,0.0004982948303222656,0.0028826743364334106,0.004406988620758057,-0.005580782890319824
muon_update_direction_oracle,"[1152, 384]",transformer.h.0.attn.c_attn.weight,transformer.h.0.attn.c_attn.weight,int4-dynamic-b2048,4,dynamic,2048,0.010907208546996117,0.1796294003725052,0.9839211702346802,1.0030969381332397,ok,0.9091675281524658,0.5913325548171997,1.0111654996871948,ok,0.9091675281524658,0.5913325548171997,1.0111654996871948,1,512,/home/sienna/projects/experiments/lowp-optimizer-bench/reports/muon_update_fidelity_formal_s0_s1_results/muon-fidelity-formal/fp32_muon_snapshot_s1/muon_momentum_snapshots/update_000512.pt,-3.6954879760742188e-06,6.370246410369873e-05,0.00019800662994384766,-0.00023347139358520508
nearest,"[384, 384]",transformer.h.0.attn.c_proj.weight,transformer.h.0.attn.c_proj.weight,int4-dynamic-b2048,4,dynamic,2048,0.01068793423473835,0.19132862985134125,0.9817425012588501,1.0023630857467651,ok,0.9741169810295105,0.5504249930381775,1.0522931814193726,ok,0.9741169810295105,0.5504249930381775,1.0522931814193726,1,512,/home/sienna/projects/experiments/lowp-optimizer-bench/reports/muon_update_fidelity_formal_s0_s1_results/muon-fidelity-formal/fp32_muon_snapshot_s1/muon_momentum_snapshots/update_000512.pt,,,,
raw_direction_oracle,"[384, 384]",transformer.h.0.attn.c_proj.weight,transformer.h.0.attn.c_proj.weight,int4-dynamic-b2048,4,dynamic,2048,0.0106675885617733,0.19448594748973846,0.9823170304298401,1.0349607467651367,ok,0.9677457213401794,0.5556219816207886,1.0508469343185425,ok,0.9677457213401794,0.5556219816207886,1.0508469343185425,1,512,/home/sienna/projects/experiments/lowp-optimizer-bench/reports/muon_update_fidelity_formal_s0_s1_results/muon-fidelity-formal/fp32_muon_snapshot_s1/muon_momentum_snapshots/update_000512.pt,0.0005745291709899902,0.003157317638397217,0.005196988582611084,-0.006371259689331055
muon_update_direction_oracle,"[384, 384]",transformer.h.0.attn.c_proj.weight,transformer.h.0.attn.c_proj.weight,int4-dynamic-b2048,4,dynamic,2048,0.01068793423473835,0.19146494567394257,0.9817367196083069,1.0033230781555176,ok,0.9734809398651123,0.5509560108184814,1.0521719455718994,ok,0.9734809398651123,0.5509560108184814,1.0521719455718994,1,512,/home/sienna/projects/experiments/lowp-optimizer-bench/reports/muon_update_fidelity_formal_s0_s1_results/muon-fidelity-formal/fp32_muon_snapshot_s1/muon_momentum_snapshots/update_000512.pt,-5.781650543212891e-06,0.00013631582260131836,0.0005310177803039551,-0.0006360411643981934
nearest,"[1024, 384]",transformer.h.0.mlp.w1.weight,transformer.h.0.mlp.w1.weight,int4-dynamic-b2048,4,dynamic,2048,0.011347453109920025,0.189260333776474,0.9821118116378784,1.0011723041534424,ok,0.3937247395515442,0.9232790470123291,1.0096696615219116,ok,0.3937247395515442,0.9232790470123291,1.0096696615219116,1,512,/home/sienna/projects/experiments/lowp-optimizer-bench/reports/muon_update_fidelity_formal_s0_s1_results/muon-fidelity-formal/fp32_muon_snapshot_s1/muon_momentum_snapshots/update_000512.pt,,,,
raw_direction_oracle,"[1024, 384]",transformer.h.0.mlp.w1.weight,transformer.h.0.mlp.w1.weight,int4-dynamic-b2048,4,dynamic,2048,0.011311848647892475,0.19230908155441284,0.9825839400291443,1.0321213006973267,ok,0.3877100646495819,0.9255890846252441,1.0094614028930664,ok,0.3877100646495819,0.9255890846252441,1.0094614028930664,1,512,/home/sienna/projects/experiments/lowp-optimizer-bench/reports/muon_update_fidelity_formal_s0_s1_results/muon-fidelity-formal/fp32_muon_snapshot_s1/muon_momentum_snapshots/update_000512.pt,0.00047212839126586914,0.0030487477779388428,0.002310037612915039,-0.00601467490196228
muon_update_direction_oracle,"[1024, 384]",transformer.h.0.mlp.w1.weight,transformer.h.0.mlp.w1.weight,int4-dynamic-b2048,4,dynamic,2048,0.011347453109920025,0.1893032044172287,0.9821087718009949,1.0014349222183228,ok,0.3936965763568878,0.9232854247093201,1.0096150636672974,ok,0.3936965763568878,0.9232854247093201,1.0096150636672974,1,512,/home/sienna/projects/experiments/lowp-optimizer-bench/reports/muon_update_fidelity_formal_s0_s1_results/muon-fidelity-formal/fp32_muon_snapshot_s1/muon_momentum_snapshots/update_000512.pt,-3.039836883544922e-06,4.287064075469971e-05,6.377696990966797e-06,-2.816319465637207e-05
nearest,"[1024, 384]",transformer.h.0.mlp.w2.weight,transformer.h.0.mlp.w2.weight,int4-dynamic-b2048,4,dynamic,2048,0.011271159164607525,0.1886245161294937,0.9822266101837158,1.0008925199508667,ok,0.3940533995628357,0.9231193661689758,1.009301781654358,ok,0.3940533995628357,0.9231193661689758,1.009301781654358,1,512,/home/sienna/projects/experiments/lowp-optimizer-bench/reports/muon_update_fidelity_formal_s0_s1_results/muon-fidelity-formal/fp32_muon_snapshot_s1/muon_momentum_snapshots/update_000512.pt,,,,
raw_direction_oracle,"[1024, 384]",transformer.h.0.mlp.w2.weight,transformer.h.0.mlp.w2.weight,int4-dynamic-b2048,4,dynamic,2048,0.011255900375545025,0.19159965217113495,0.9827021956443787,1.0318347215652466,ok,0.3878653049468994,0.9254981279373169,1.0090824365615845,ok,0.3878653049468994,0.9254981279373169,1.0090824365615845,1,512,/home/sienna/projects/experiments/lowp-optimizer-bench/reports/muon_update_fidelity_formal_s0_s1_results/muon-fidelity-formal/fp32_muon_snapshot_s1/muon_momentum_snapshots/update_000512.pt,0.0004755854606628418,0.0029751360416412354,0.0023787617683410645,-0.006188094615936279
muon_update_direction_oracle,"[1024, 384]",transformer.h.0.mlp.w2.weight,transformer.h.0.mlp.w2.weight,int4-dynamic-b2048,4,dynamic,2048,0.011271159164607525,0.18869206309318542,0.982225239276886,1.0014930963516235,ok,0.3939354419708252,0.9231583476066589,1.0092198848724365,ok,0.3939354419708252,0.9231583476066589,1.0092198848724365,1,512,/home/sienna/projects/experiments/lowp-optimizer-bench/reports/muon_update_fidelity_formal_s0_s1_results/muon-fidelity-formal/fp32_muon_snapshot_s1/muon_momentum_snapshots/update_000512.pt,-1.3709068298339844e-06,6.754696369171143e-05,3.898143768310547e-05,-0.00011795759201049805
nearest,"[384, 1024]",transformer.h.0.mlp.c_proj.weight,transformer.h.0.mlp.c_proj.weight,int4-dynamic-b2048,4,dynamic,2048,0.02536519430577755,0.22803924977779388,0.9737148880958557,0.9847851395606995,ok,0.5158547759056091,0.8688004016876221,1.013439416885376,ok,0.5158547759056091,0.8688004016876221,1.013439416885376,1,512,/home/sienna/projects/experiments/lowp-optimizer-bench/reports/muon_update_fidelity_formal_s0_s1_results/muon-fidelity-formal/fp32_muon_snapshot_s1/muon_momentum_snapshots/update_000512.pt,,,,
raw_direction_oracle,"[384, 1024]",transformer.h.0.mlp.c_proj.weight,transformer.h.0.mlp.c_proj.weight,int4-dynamic-b2048,4,dynamic,2048,0.02530670166015625,0.22970162332057953,0.9736925363540649,1.0026729106903076,ok,0.5129396915435791,0.870252251625061,1.0132416486740112,ok,0.5129396915435791,0.870252251625061,1.0132416486740112,1,512,/home/sienna/projects/experiments/lowp-optimizer-bench/reports/muon_update_fidelity_formal_s0_s1_results/muon-fidelity-formal/fp32_muon_snapshot_s1/muon_momentum_snapshots/update_000512.pt,-2.2351741790771484e-05,0.0016623735427856445,0.0014518499374389648,-0.0029150843620300293
muon_update_direction_oracle,"[384, 1024]",transformer.h.0.mlp.c_proj.weight,transformer.h.0.mlp.c_proj.weight,int4-dynamic-b2048,4,dynamic,2048,0.02536519430577755,0.22836871445178986,0.9736630916595459,0.9867832064628601,ok,0.5155916810035706,0.8688888549804688,1.0131196975708008,ok,0.5155916810035706,0.8688888549804688,1.0131196975708008,1,512,/home/sienna/projects/experiments/lowp-optimizer-bench/reports/muon_update_fidelity_formal_s0_s1_results/muon-fidelity-formal/fp32_muon_snapshot_s1/muon_momentum_snapshots/update_000512.pt,-5.179643630981445e-05,0.0003294646739959717,8.845329284667969e-05,-0.0002630949020385742
nearest,"[1152, 384]",transformer.h.1.attn.c_attn.weight,transformer.h.1.attn.c_attn.weight,int4-dynamic-b2048,4,dynamic,2048,0.011990017257630825,0.19093413650989532,0.9817856550216675,1.0007343292236328,ok,0.9524950981140137,0.5565333962440491,1.0223405361175537,ok,0.9524950981140137,0.5565333962440491,1.0223405361175537,1,512,/home/sienna/projects/experiments/lowp-optimizer-bench/reports/muon_update_fidelity_formal_s0_s1_results/muon-fidelity-formal/fp32_muon_snapshot_s1/muon_momentum_snapshots/update_000512.pt,,,,
raw_direction_oracle,"[1152, 384]",transformer.h.1.attn.c_attn.weight,transformer.h.1.attn.c_attn.weight,int4-dynamic-b2048,4,dynamic,2048,0.011947066523134708,0.19406387209892273,0.9823560118675232,1.034166693687439,ok,0.9499174952507019,0.5594623684883118,1.023511290550232,ok,0.9499174952507019,0.5594623684883118,1.023511290550232,1,512,/home/sienna/projects/experiments/lowp-optimizer-bench/reports/muon_update_fidelity_formal_s0_s1_results/muon-fidelity-formal/fp32_muon_snapshot_s1/muon_momentum_snapshots/update_000512.pt,0.0005703568458557129,0.003129735589027405,0.0029289722442626953,-0.0025776028633117676
muon_update_direction_oracle,"[1152, 384]",transformer.h.1.attn.c_attn.weight,transformer.h.1.attn.c_attn.weight,int4-dynamic-b2048,4,dynamic,2048,0.011990017257630825,0.19097165763378143,0.9817836880683899,1.001011610031128,ok,0.9525102972984314,0.5565482378005981,1.0224043130874634,ok,0.9525102972984314,0.5565482378005981,1.0224043130874634,1,512,/home/sienna/projects/experiments/lowp-optimizer-bench/reports/muon_update_fidelity_formal_s0_s1_results/muon-fidelity-formal/fp32_muon_snapshot_s1/muon_momentum_snapshots/update_000512.pt,-1.9669532775878906e-06,3.75211238861084e-05,1.4841556549072266e-05,1.519918441772461e-05
nearest,"[384, 384]",transformer.h.1.attn.c_proj.weight,transformer.h.1.attn.c_proj.weight,int4-dynamic-b2048,4,dynamic,2048,0.0104234479367733,0.19160038232803345,0.9816641807556152,1.0010398626327515,ok,1.007125735282898,0.5279221534729004,1.0692209005355835,ok,1.007125735282898,0.5279221534729004,1.0692209005355835,1,512,/home/sienna/projects/experiments/lowp-optimizer-bench/reports/muon_update_fidelity_formal_s0_s1_results/muon-fidelity-formal/fp32_muon_snapshot_s1/muon_momentum_snapshots/update_000512.pt,,,,
raw_direction_oracle,"[384, 384]",transformer.h.1.attn.c_proj.weight,transformer.h.1.attn.c_proj.weight,int4-dynamic-b2048,4,dynamic,2048,0.010409885086119175,0.1945911943912506,0.9821744561195374,1.0324978828430176,ok,1.005958914756775,0.5297842025756836,1.0707323551177979,ok,1.005958914756775,0.5297842025756836,1.0707323551177979,1,512,/home/sienna/projects/experiments/lowp-optimizer-bench/reports/muon_update_fidelity_formal_s0_s1_results/muon-fidelity-formal/fp32_muon_snapshot_s1/muon_momentum_snapshots/update_000512.pt,0.0005102753639221191,0.002990812063217163,0.0018620491027832031,-0.0011668205261230469
muon_update_direction_oracle,"[384, 384]",transformer.h.1.attn.c_proj.weight,transformer.h.1.attn.c_proj.weight,int4-dynamic-b2048,4,dynamic,2048,0.0104234479367733,0.19165916740894318,0.9816596508026123,1.0013787746429443,ok,1.0070706605911255,0.5279730558395386,1.0692188739776611,ok,1.0070706605911255,0.5279730558395386,1.0692188739776611,1,512,/home/sienna/projects/experiments/lowp-optimizer-bench/reports/muon_update_fidelity_formal_s0_s1_results/muon-fidelity-formal/fp32_muon_snapshot_s1/muon_momentum_snapshots/update_000512.pt,-4.5299530029296875e-06,5.8785080909729004e-05,5.0902366638183594e-05,-5.507469177246094e-05
nearest,"[1024, 384]",transformer.h.1.mlp.w1.weight,transformer.h.1.mlp.w1.weight,int4-dynamic-b2048,4,dynamic,2048,0.012598673813045025,0.19430474936962128,0.9811235070228577,1.000035047531128,ok,0.4220006763935089,0.9119244813919067,1.010366678237915,ok,0.4220006763935089,0.9119244813919067,1.010366678237915,1,512,/home/sienna/projects/experiments/lowp-optimizer-bench/reports/muon_update_fidelity_formal_s0_s1_results/muon-fidelity-formal/fp32_muon_snapshot_s1/muon_momentum_snapshots/update_000512.pt,,,,
raw_direction_oracle,"[1024, 384]",transformer.h.1.mlp.w1.weight,transformer.h.1.mlp.w1.weight,int4-dynamic-b2048,4,dynamic,2048,0.012570698745548725,0.197520449757576,0.9816437363624573,1.0330125093460083,ok,0.4161606729030609,0.9143099188804626,1.0099787712097168,ok,0.4161606729030609,0.9143099188804626,1.0099787712097168,1,512,/home/sienna/projects/experiments/lowp-optimizer-bench/reports/muon_update_fidelity_formal_s0_s1_results/muon-fidelity-formal/fp32_muon_snapshot_s1/muon_momentum_snapshots/update_000512.pt,0.0005202293395996094,0.003215700387954712,0.002385437488555908,-0.005840003490447998
muon_update_direction_oracle,"[1024, 384]",transformer.h.1.mlp.w1.weight,transformer.h.1.mlp.w1.weight,int4-dynamic-b2048,4,dynamic,2048,0.012598673813045025,0.19438119232654572,0.9811202883720398,1.0006386041641235,ok,0.42185476422309875,0.9119799733161926,1.0103106498718262,ok,0.42185476422309875,0.9119799733161926,1.0103106498718262,1,512,/home/sienna/projects/experiments/lowp-optimizer-bench/reports/muon_update_fidelity_formal_s0_s1_results/muon-fidelity-formal/fp32_muon_snapshot_s1/muon_momentum_snapshots/update_000512.pt,-3.2186508178710938e-06,7.644295692443848e-05,5.549192428588867e-05,-0.00014591217041015625
nearest,"[1024, 384]",transformer.h.1.mlp.w2.weight,transformer.h.1.mlp.w2.weight,int4-dynamic-b2048,4,dynamic,2048,0.01367950439453125,0.19572661817073822,0.9808329939842224,0.999333381652832,ok,0.43728917837142944,0.9053223729133606,1.0093915462493896,ok,0.43728917837142944,0.9053223729133606,1.0093915462493896,1,512,/home/sienna/projects/experiments/lowp-optimizer-bench/reports/muon_update_fidelity_formal_s0_s1_results/muon-fidelity-formal/fp32_muon_snapshot_s1/muon_momentum_snapshots/update_000512.pt,,,,
raw_direction_oracle,"[1024, 384]",transformer.h.1.mlp.w2.weight,transformer.h.1.mlp.w2.weight,int4-dynamic-b2048,4,dynamic,2048,0.013643900863826275,0.198623925447464,0.9812399744987488,1.0290237665176392,ok,0.43217164278030396,0.9075321555137634,1.0094480514526367,ok,0.43217164278030396,0.9075321555137634,1.0094480514526367,1,512,/home/sienna/projects/experiments/lowp-optimizer-bench/reports/muon_update_fidelity_formal_s0_s1_results/muon-fidelity-formal/fp32_muon_snapshot_s1/muon_momentum_snapshots/update_000512.pt,0.0004069805145263672,0.002897307276725769,0.002209782600402832,-0.005117535591125488
muon_update_direction_oracle,"[1024, 384]",transformer.h.1.mlp.w2.weight,transformer.h.1.mlp.w2.weight,int4-dynamic-b2048,4,dynamic,2048,0.01367950439453125,0.19585567712783813,0.9808205366134644,1.0000121593475342,ok,0.43721896409988403,0.9053496718406677,1.0093615055084229,ok,0.43721896409988403,0.9053496718406677,1.0093615055084229,1,512,/home/sienna/projects/experiments/lowp-optimizer-bench/reports/muon_update_fidelity_formal_s0_s1_results/muon-fidelity-formal/fp32_muon_snapshot_s1/muon_momentum_snapshots/update_000512.pt,-1.245737075805664e-05,0.00012905895709991455,2.7298927307128906e-05,-7.021427154541016e-05
nearest,"[384, 1024]",transformer.h.1.mlp.c_proj.weight,transformer.h.1.mlp.c_proj.weight,int4-dynamic-b2048,4,dynamic,2048,0.0188624057918787,0.2177271544933319,0.9761716723442078,0.9939555525779724,ok,0.4786156713962555,0.8869293332099915,1.0122950077056885,ok,0.4786156713962555,0.8869293332099915,1.0122950077056885,1,512,/home/sienna/projects/experiments/lowp-optimizer-bench/reports/muon_update_fidelity_formal_s0_s1_results/muon-fidelity-formal/fp32_muon_snapshot_s1/muon_momentum_snapshots/update_000512.pt,,,,
raw_direction_oracle,"[384, 1024]",transformer.h.1.mlp.c_proj.weight,transformer.h.1.mlp.c_proj.weight,int4-dynamic-b2048,4,dynamic,2048,0.01880645751953125,0.22047936916351318,0.9765022993087769,1.0230629444122314,ok,0.4749056100845337,0.8886250853538513,1.011871099472046,ok,0.4749056100845337,0.8886250853538513,1.011871099472046,1,512,/home/sienna/projects/experiments/lowp-optimizer-bench/reports/muon_update_fidelity_formal_s0_s1_results/muon-fidelity-formal/fp32_muon_snapshot_s1/muon_momentum_snapshots/update_000512.pt,0.0003306269645690918,0.0027522146701812744,0.0016957521438598633,-0.0037100613117218018
muon_update_direction_oracle,"[384, 1024]",transformer.h.1.mlp.c_proj.weight,transformer.h.1.mlp.c_proj.weight,int4-dynamic-b2048,4,dynamic,2048,0.0188624057918787,0.21776242554187775,0.9761707186698914,0.9943346381187439,ok,0.4785923957824707,0.8869380354881287,1.0122766494750977,ok,0.4785923957824707,0.8869380354881287,1.0122766494750977,1,512,/home/sienna/projects/experiments/lowp-optimizer-bench/reports/muon_update_fidelity_formal_s0_s1_results/muon-fidelity-formal/fp32_muon_snapshot_s1/muon_momentum_snapshots/update_000512.pt,-9.5367431640625e-07,3.52710485458374e-05,8.702278137207031e-06,-2.327561378479004e-05
nearest,"[1152, 384]",transformer.h.2.attn.c_attn.weight,transformer.h.2.attn.c_attn.weight,int4-dynamic-b2048,4,dynamic,2048,0.013904713094234467,0.19725339114665985,0.9805601239204407,1.0007354021072388,ok,1.0013099908828735,0.5203642845153809,1.0432416200637817,ok,1.0013099908828735,0.5203642845153809,1.0432416200637817,1,512,/home/sienna/projects/experiments/lowp-optimizer-bench/reports/muon_update_fidelity_formal_s0_s1_results/muon-fidelity-formal/fp32_muon_snapshot_s1/muon_momentum_snapshots/update_000512.pt,,,,
raw_direction_oracle,"[1152, 384]",transformer.h.2.attn.c_attn.weight,transformer.h.2.attn.c_attn.weight,int4-dynamic-b2048,4,dynamic,2048,0.0138685442507267,0.2002202570438385,0.9810861945152283,1.0322519540786743,ok,0.9980869293212891,0.5233442783355713,1.0430235862731934,ok,0.9980869293212891,0.5233442783355713,1.0430235862731934,1,512,/home/sienna/projects/experiments/lowp-optimizer-bench/reports/muon_update_fidelity_formal_s0_s1_results/muon-fidelity-formal/fp32_muon_snapshot_s1/muon_momentum_snapshots/update_000512.pt,0.0005260705947875977,0.00296686589717865,0.0029799938201904297,-0.0032230615615844727
muon_update_direction_oracle,"[1152, 384]",transformer.h.2.attn.c_attn.weight,transformer.h.2.attn.c_attn.weight,int4-dynamic-b2048,4,dynamic,2048,0.013904713094234467,0.19738779962062836,0.9805442094802856,1.001257300376892,ok,1.0012383460998535,0.5205228924751282,1.043420672416687,ok,1.0012383460998535,0.5205228924751282,1.043420672416687,1,512,/home/sienna/projects/experiments/lowp-optimizer-bench/reports/muon_update_fidelity_formal_s0_s1_results/muon-fidelity-formal/fp32_muon_snapshot_s1/muon_momentum_snapshots/update_000512.pt,-1.5914440155029297e-05,0.00013440847396850586,0.00015860795974731445,-7.164478302001953e-05
nearest,"[384, 384]",transformer.h.2.attn.c_proj.weight,transformer.h.2.attn.c_proj.weight,int4-dynamic-b2048,4,dynamic,2048,0.0105116106569767,0.19293099641799927,0.9814010262489319,1.0006412267684937,ok,1.0290144681930542,0.5147929787635803,1.0838998556137085,ok,1.0290144681930542,0.5147929787635803,1.0838998556137085,1,512,/home/sienna/projects/experiments/lowp-optimizer-bench/reports/muon_update_fidelity_formal_s0_s1_results/muon-fidelity-formal/fp32_muon_snapshot_s1/muon_momentum_snapshots/update_000512.pt,,,,
raw_direction_oracle,"[384, 384]",transformer.h.2.attn.c_proj.weight,transformer.h.2.attn.c_proj.weight,int4-dynamic-b2048,4,dynamic,2048,0.0104844830930233,0.19596518576145172,0.9819098114967346,1.032400131225586,ok,1.0254201889038086,0.5183154344558716,1.0841223001480103,ok,1.0254201889038086,0.5183154344558716,1.0841223001480103,1,512,/home/sienna/projects/experiments/lowp-optimizer-bench/reports/muon_update_fidelity_formal_s0_s1_results/muon-fidelity-formal/fp32_muon_snapshot_s1/muon_momentum_snapshots/update_000512.pt,0.0005087852478027344,0.0030341893434524536,0.0035224556922912598,-0.0035942792892456055
muon_update_direction_oracle,"[384, 384]",transformer.h.2.attn.c_proj.weight,transformer.h.2.attn.c_proj.weight,int4-dynamic-b2048,4,dynamic,2048,0.0105116106569767,0.19293099641799927,0.9814010262489319,1.0006412267684937,ok,1.0290144681930542,0.5147929787635803,1.0838998556137085,ok,1.0290144681930542,0.5147929787635803,1.0838998556137085,1,512,/home/sienna/projects/experiments/lowp-optimizer-bench/reports/muon_update_fidelity_formal_s0_s1_results/muon-fidelity-formal/fp32_muon_snapshot_s1/muon_momentum_snapshots/update_000512.pt,0.0,0.0,0.0,0.0
nearest,"[1024, 384]",transformer.h.2.mlp.w1.weight,transformer.h.2.mlp.w1.weight,int4-dynamic-b2048,4,dynamic,2048,0.012982686050236225,0.19301916658878326,0.9813464283943176,0.9985889196395874,ok,0.45411473512649536,0.8977357149124146,1.0079591274261475,ok,0.45411473512649536,0.8977357149124146,1.0079591274261475,1,512,/home/sienna/projects/experiments/lowp-optimizer-bench/reports/muon_update_fidelity_formal_s0_s1_results/muon-fidelity-formal/fp32_muon_snapshot_s1/muon_momentum_snapshots/update_000512.pt,,,,
raw_direction_oracle,"[1024, 384]",transformer.h.2.mlp.w1.weight,transformer.h.2.mlp.w1.weight,int4-dynamic-b2048,4,dynamic,2048,0.01296234130859375,0.19569067656993866,0.981705367565155,1.0268723964691162,ok,0.4491044580936432,0.8999323844909668,1.0075098276138306,ok,0.4491044580936432,0.8999323844909668,1.0075098276138306,1,512,/home/sienna/projects/experiments/lowp-optimizer-bench/reports/muon_update_fidelity_formal_s0_s1_results/muon-fidelity-formal/fp32_muon_snapshot_s1/muon_momentum_snapshots/update_000512.pt,0.00035893917083740234,0.0026715099811553955,0.002196669578552246,-0.005010277032852173
muon_update_direction_oracle,"[1024, 384]",transformer.h.2.mlp.w1.weight,transformer.h.2.mlp.w1.weight,int4-dynamic-b2048,4,dynamic,2048,0.012982686050236225,0.19312171638011932,0.9813373684883118,0.9991940855979919,ok,0.4540629982948303,0.897757887840271,1.0079505443572998,ok,0.4540629982948303,0.897757887840271,1.0079505443572998,1,512,/home/sienna/projects/experiments/lowp-optimizer-bench/reports/muon_update_fidelity_formal_s0_s1_results/muon-fidelity-formal/fp32_muon_snapshot_s1/muon_momentum_snapshots/update_000512.pt,-9.059906005859375e-06,0.00010254979133605957,2.2172927856445312e-05,-5.173683166503906e-05
nearest,"[1024, 384]",transformer.h.2.mlp.w2.weight,transformer.h.2.mlp.w2.weight,int4-dynamic-b2048,4,dynamic,2048,0.013638813979923725,0.19330823421478271,0.9813115000724792,0.9997597932815552,ok,0.4678787291049957,0.8911293745040894,1.0052438974380493,ok,0.4678787291049957,0.8911293745040894,1.0052438974380493,1,512,/home/sienna/projects/experiments/lowp-optimizer-bench/reports/muon_update_fidelity_formal_s0_s1_results/muon-fidelity-formal/fp32_muon_snapshot_s1/muon_momentum_snapshots/update_000512.pt,,,,
raw_direction_oracle,"[1024, 384]",transformer.h.2.mlp.w2.weight,transformer.h.2.mlp.w2.weight,int4-dynamic-b2048,4,dynamic,2048,0.013593037612736225,0.19628684222698212,0.9817410707473755,1.0301567316055298,ok,0.4628581404685974,0.8933419585227966,1.004235863685608,ok,0.4628581404685974,0.8933419585227966,1.004235863685608,1,512,/home/sienna/projects/experiments/lowp-optimizer-bench/reports/muon_update_fidelity_formal_s0_s1_results/muon-fidelity-formal/fp32_muon_snapshot_s1/muon_momentum_snapshots/update_000512.pt,0.00042957067489624023,0.002978608012199402,0.0022125840187072754,-0.005020588636398315
muon_update_direction_oracle,"[1024, 384]",transformer.h.2.mlp.w2.weight,transformer.h.2.mlp.w2.weight,int4-dynamic-b2048,4,dynamic,2048,0.013638813979923725,0.19330823421478271,0.9813115000724792,0.9997597932815552,ok,0.4678787291049957,0.8911293745040894,1.0052438974380493,ok,0.4678787291049957,0.8911293745040894,1.0052438974380493,1,512,/home/sienna/projects/experiments/lowp-optimizer-bench/reports/muon_update_fidelity_formal_s0_s1_results/muon-fidelity-formal/fp32_muon_snapshot_s1/muon_momentum_snapshots/update_000512.pt,0.0,0.0,0.0,0.0
nearest,"[384, 1024]",transformer.h.2.mlp.c_proj.weight,transformer.h.2.mlp.c_proj.weight,int4-dynamic-b2048,4,dynamic,2048,0.017852783203125,0.2168017029762268,0.9763810634613037,0.9943466782569885,ok,0.4819061756134033,0.8853877186775208,1.0124506950378418,ok,0.4819061756134033,0.8853877186775208,1.0124506950378418,1,512,/home/sienna/projects/experiments/lowp-optimizer-bench/reports/muon_update_fidelity_formal_s0_s1_results/muon-fidelity-formal/fp32_muon_snapshot_s1/muon_momentum_snapshots/update_000512.pt,,,,
raw_direction_oracle,"[384, 1024]",transformer.h.2.mlp.c_proj.weight,transformer.h.2.mlp.c_proj.weight,int4-dynamic-b2048,4,dynamic,2048,0.01780191995203495,0.21951237320899963,0.9767428636550903,1.0237739086151123,ok,0.4765319526195526,0.8878692984580994,1.0119446516036987,ok,0.4765319526195526,0.8878692984580994,1.0119446516036987,1,512,/home/sienna/projects/experiments/lowp-optimizer-bench/reports/muon_update_fidelity_formal_s0_s1_results/muon-fidelity-formal/fp32_muon_snapshot_s1/muon_momentum_snapshots/update_000512.pt,0.0003618001937866211,0.002710670232772827,0.0024815797805786133,-0.005374222993850708
muon_update_direction_oracle,"[384, 1024]",transformer.h.2.mlp.c_proj.weight,transformer.h.2.mlp.c_proj.weight,int4-dynamic-b2048,4,dynamic,2048,0.017852783203125,0.21692901849746704,0.9763675332069397,0.995119571685791,ok,0.48175856471061707,0.885441780090332,1.0123218297958374,ok,0.48175856471061707,0.885441780090332,1.0123218297958374,1,512,/home/sienna/projects/experiments/lowp-optimizer-bench/reports/muon_update_fidelity_formal_s0_s1_results/muon-fidelity-formal/fp32_muon_snapshot_s1/muon_momentum_snapshots/update_000512.pt,-1.3530254364013672e-05,0.00012731552124023438,5.40614128112793e-05,-0.00014761090278625488
nearest,"[1152, 384]",transformer.h.3.attn.c_attn.weight,transformer.h.3.attn.c_attn.weight,int4-dynamic-b2048,4,dynamic,2048,0.015315302647650242,0.19554319977760315,0.9808735847473145,0.9995795488357544,ok,1.013406753540039,0.517686665058136,1.060819149017334,ok,1.013406753540039,0.517686665058136,1.060819149017334,1,512,/home/sienna/projects/experiments/lowp-optimizer-bench/reports/muon_update_fidelity_formal_s0_s1_results/muon-fidelity-formal/fp32_muon_snapshot_s1/muon_momentum_snapshots/update_000512.pt,,,,
raw_direction_oracle,"[1152, 384]",transformer.h.3.attn.c_attn.weight,transformer.h.3.attn.c_attn.weight,int4-dynamic-b2048,4,dynamic,2048,0.015304000116884708,0.19848179817199707,0.9813897609710693,1.0315982103347778,ok,1.0127410888671875,0.5190308690071106,1.0622048377990723,ok,1.0127410888671875,0.5190308690071106,1.0622048377990723,1,512,/home/sienna/projects/experiments/lowp-optimizer-bench/reports/muon_update_fidelity_formal_s0_s1_results/muon-fidelity-formal/fp32_muon_snapshot_s1/muon_momentum_snapshots/update_000512.pt,0.0005161762237548828,0.002938598394393921,0.0013442039489746094,-0.0006656646728515625
muon_update_direction_oracle,"[1152, 384]",transformer.h.3.attn.c_attn.weight,transformer.h.3.attn.c_attn.weight,int4-dynamic-b2048,4,dynamic,2048,0.015315302647650242,0.19564303755760193,0.9808602333068848,0.9999157190322876,ok,1.01326322555542,0.5177804827690125,1.0607342720031738,ok,1.01326322555542,0.5177804827690125,1.0607342720031738,1,512,/home/sienna/projects/experiments/lowp-optimizer-bench/reports/muon_update_fidelity_formal_s0_s1_results/muon-fidelity-formal/fp32_muon_snapshot_s1/muon_momentum_snapshots/update_000512.pt,-1.33514404296875e-05,9.98377799987793e-05,9.381771087646484e-05,-0.00014352798461914062
nearest,"[384, 384]",transformer.h.3.attn.c_proj.weight,transformer.h.3.attn.c_proj.weight,int4-dynamic-b2048,4,dynamic,2048,0.0100843645632267,0.1906503140926361,0.9818296432495117,1.0001873970031738,ok,1.0409679412841797,0.5067847371101379,1.0902613401412964,ok,1.0409679412841797,0.5067847371101379,1.0902613401412964,1,512,/home/sienna/projects/experiments/lowp-optimizer-bench/reports/muon_update_fidelity_formal_s0_s1_results/muon-fidelity-formal/fp32_muon_snapshot_s1/muon_momentum_snapshots/update_000512.pt,,,,
raw_direction_oracle,"[384, 384]",transformer.h.3.attn.c_proj.weight,transformer.h.3.attn.c_proj.weight,int4-dynamic-b2048,4,dynamic,2048,0.01006401889026165,0.19353969395160675,0.9823400974273682,1.0318342447280884,ok,1.0376613140106201,0.5101392865180969,1.0906416177749634,ok,1.0376613140106201,0.5101392865180969,1.0906416177749634,1,512,/home/sienna/projects/experiments/lowp-optimizer-bench/reports/muon_update_fidelity_formal_s0_s1_results/muon-fidelity-formal/fp32_muon_snapshot_s1/muon_momentum_snapshots/update_000512.pt,0.0005104541778564453,0.002889379858970642,0.0033545494079589844,-0.0033066272735595703
muon_update_direction_oracle,"[384, 384]",transformer.h.3.attn.c_proj.weight,transformer.h.3.attn.c_proj.weight,int4-dynamic-b2048,4,dynamic,2048,0.0100843645632267,0.1906503140926361,0.9818296432495117,1.0001873970031738,ok,1.0409679412841797,0.5067847371101379,1.0902613401412964,ok,1.0409679412841797,0.5067847371101379,1.0902613401412964,1,512,/home/sienna/projects/experiments/lowp-optimizer-bench/reports/muon_update_fidelity_formal_s0_s1_results/muon-fidelity-formal/fp32_muon_snapshot_s1/muon_momentum_snapshots/update_000512.pt,0.0,0.0,0.0,0.0
nearest,"[1024, 384]",transformer.h.3.mlp.w1.weight,transformer.h.3.mlp.w1.weight,int4-dynamic-b2048,4,dynamic,2048,0.012499491684138775,0.19422395527362823,0.9811108112335205,0.998471200466156,ok,0.49016574025154114,0.8800921440124512,1.0018481016159058,ok,0.49016574025154114,0.8800921440124512,1.0018481016159058,1,512,/home/sienna/projects/experiments/lowp-optimizer-bench/reports/muon_update_fidelity_formal_s0_s1_results/muon-fidelity-formal/fp32_muon_snapshot_s1/muon_momentum_snapshots/update_000512.pt,,,,
raw_direction_oracle,"[1024, 384]",transformer.h.3.mlp.w1.weight,transformer.h.3.mlp.w1.weight,int4-dynamic-b2048,4,dynamic,2048,0.012453715316951275,0.19675403833389282,0.9814731478691101,1.0262129306793213,ok,0.4847637116909027,0.8826888203620911,1.0015813112258911,ok,0.4847637116909027,0.8826888203620911,1.0015813112258911,1,512,/home/sienna/projects/experiments/lowp-optimizer-bench/reports/muon_update_fidelity_formal_s0_s1_results/muon-fidelity-formal/fp32_muon_snapshot_s1/muon_momentum_snapshots/update_000512.pt,0.0003623366355895996,0.0025300830602645874,0.0025966763496398926,-0.005402028560638428
muon_update_direction_oracle,"[1024, 384]",transformer.h.3.mlp.w1.weight,transformer.h.3.mlp.w1.weight,int4-dynamic-b2048,4,dynamic,2048,0.012499491684138775,0.19422395527362823,0.9811108112335205,0.998471200466156,ok,0.49016574025154114,0.8800921440124512,1.0018481016159058,ok,0.49016574025154114,0.8800921440124512,1.0018481016159058,1,512,/home/sienna/projects/experiments/lowp-optimizer-bench/reports/muon_update_fidelity_formal_s0_s1_results/muon-fidelity-formal/fp32_muon_snapshot_s1/muon_momentum_snapshots/update_000512.pt,0.0,0.0,0.0,0.0
nearest,"[1024, 384]",transformer.h.3.mlp.w2.weight,transformer.h.3.mlp.w2.weight,int4-dynamic-b2048,4,dynamic,2048,0.013153076171875,0.19281670451164246,0.9813833236694336,0.9984613060951233,ok,0.49174389243125916,0.8790575861930847,0.9996980428695679,ok,0.49174389243125916,0.8790575861930847,0.9996980428695679,1,512,/home/sienna/projects/experiments/lowp-optimizer-bench/reports/muon_update_fidelity_formal_s0_s1_results/muon-fidelity-formal/fp32_muon_snapshot_s1/muon_momentum_snapshots/update_000512.pt,,,,
raw_direction_oracle,"[1024, 384]",transformer.h.3.mlp.w2.weight,transformer.h.3.mlp.w2.weight,int4-dynamic-b2048,4,dynamic,2048,0.013140360824763775,0.19542096555233002,0.9817211031913757,1.026057481765747,ok,0.4860008955001831,0.8818066120147705,0.9991933107376099,ok,0.4860008955001831,0.8818066120147705,0.9991933107376099,1,512,/home/sienna/projects/experiments/lowp-optimizer-bench/reports/muon_update_fidelity_formal_s0_s1_results/muon-fidelity-formal/fp32_muon_snapshot_s1/muon_momentum_snapshots/update_000512.pt,0.00033777952194213867,0.002604261040687561,0.002749025821685791,-0.00574299693107605
muon_update_direction_oracle,"[1024, 384]",transformer.h.3.mlp.w2.weight,transformer.h.3.mlp.w2.weight,int4-dynamic-b2048,4,dynamic,2048,0.013153076171875,0.19293710589408875,0.9813714623451233,0.9991159439086914,ok,0.4916899800300598,0.879076361656189,0.9996349215507507,ok,0.4916899800300598,0.879076361656189,0.9996349215507507,1,512,/home/sienna/projects/experiments/lowp-optimizer-bench/reports/muon_update_fidelity_formal_s0_s1_results/muon-fidelity-formal/fp32_muon_snapshot_s1/muon_momentum_snapshots/update_000512.pt,-1.1861324310302734e-05,0.00012040138244628906,1.8775463104248047e-05,-5.391240119934082e-05
nearest,"[384, 1024]",transformer.h.3.mlp.c_proj.weight,transformer.h.3.mlp.c_proj.weight,int4-dynamic-b2048,4,dynamic,2048,0.02135467529296875,0.22572363913059235,0.9743056893348694,0.9892206192016602,ok,0.5006231069564819,0.8761798143386841,1.0115114450454712,ok,0.5006231069564819,0.8761798143386841,1.0115114450454712,1,512,/home/sienna/projects/experiments/lowp-optimizer-bench/reports/muon_update_fidelity_formal_s0_s1_results/muon-fidelity-formal/fp32_muon_snapshot_s1/muon_momentum_snapshots/update_000512.pt,,,,
raw_direction_oracle,"[384, 1024]",transformer.h.3.mlp.c_proj.weight,transformer.h.3.mlp.c_proj.weight,int4-dynamic-b2048,4,dynamic,2048,0.0213038120418787,0.22777776420116425,0.9744291305541992,1.0117777585983276,ok,0.4974777102470398,0.8776310086250305,1.0107483863830566,ok,0.4974777102470398,0.8776310086250305,1.0107483863830566,1,512,/home/sienna/projects/experiments/lowp-optimizer-bench/reports/muon_update_fidelity_formal_s0_s1_results/muon-fidelity-formal/fp32_muon_snapshot_s1/muon_momentum_snapshots/update_000512.pt,0.00012344121932983398,0.0020541250705718994,0.0014511942863464355,-0.0031453967094421387
muon_update_direction_oracle,"[384, 1024]",transformer.h.3.mlp.c_proj.weight,transformer.h.3.mlp.c_proj.weight,int4-dynamic-b2048,4,dynamic,2048,0.02135467529296875,0.22575178742408752,0.9743028283119202,0.9894602298736572,ok,0.5006190538406372,0.8761811256408691,1.0115057229995728,ok,0.5006190538406372,0.8761811256408691,1.0115057229995728,1,512,/home/sienna/projects/experiments/lowp-optimizer-bench/reports/muon_update_fidelity_formal_s0_s1_results/muon-fidelity-formal/fp32_muon_snapshot_s1/muon_momentum_snapshots/update_000512.pt,-2.86102294921875e-06,2.8148293495178223e-05,1.3113021850585938e-06,-4.0531158447265625e-06
nearest,"[1152, 384]",transformer.h.4.attn.c_attn.weight,transformer.h.4.attn.c_attn.weight,int4-dynamic-b2048,4,dynamic,2048,0.01488579623401165,0.19425936043262482,0.9811583757400513,1.0013697147369385,ok,1.0535919666290283,0.4888972342014313,1.0797245502471924,ok,1.0535919666290283,0.4888972342014313,1.0797245502471924,1,512,/home/sienna/projects/experiments/lowp-optimizer-bench/reports/muon_update_fidelity_formal_s0_s1_results/muon-fidelity-formal/fp32_muon_snapshot_s1/muon_momentum_snapshots/update_000512.pt,,,,
raw_direction_oracle,"[1152, 384]",transformer.h.4.attn.c_attn.weight,transformer.h.4.attn.c_attn.weight,int4-dynamic-b2048,4,dynamic,2048,0.01483832485973835,0.1975390762090683,0.9817083477973938,1.0343674421310425,ok,1.0473793745040894,0.4946085512638092,1.0791093111038208,ok,1.0473793745040894,0.4946085512638092,1.0791093111038208,1,512,/home/sienna/projects/experiments/lowp-optimizer-bench/reports/muon_update_fidelity_formal_s0_s1_results/muon-fidelity-formal/fp32_muon_snapshot_s1/muon_momentum_snapshots/update_000512.pt,0.0005499720573425293,0.0032797157764434814,0.00571131706237793,-0.006212592124938965
muon_update_direction_oracle,"[1152, 384]",transformer.h.4.attn.c_attn.weight,transformer.h.4.attn.c_attn.weight,int4-dynamic-b2048,4,dynamic,2048,0.01488579623401165,0.19425936043262482,0.9811583757400513,1.0013697147369385,ok,1.0535919666290283,0.4888972342014313,1.0797245502471924,ok,1.0535919666290283,0.4888972342014313,1.0797245502471924,1,512,/home/sienna/projects/experiments/lowp-optimizer-bench/reports/muon_update_fidelity_formal_s0_s1_results/muon-fidelity-formal/fp32_muon_snapshot_s1/muon_momentum_snapshots/update_000512.pt,0.0,0.0,0.0,0.0
nearest,"[384, 384]",transformer.h.4.attn.c_proj.weight,transformer.h.4.attn.c_proj.weight,int4-dynamic-b2048,4,dynamic,2048,0.0099012590944767,0.18983769416809082,0.9820310473442078,1.0026015043258667,ok,1.0350404977798462,0.5111137628555298,1.0877820253372192,ok,1.0350404977798462,0.5111137628555298,1.0877820253372192,1,512,/home/sienna/projects/experiments/lowp-optimizer-bench/reports/muon_update_fidelity_formal_s0_s1_results/muon-fidelity-formal/fp32_muon_snapshot_s1/muon_momentum_snapshots/update_000512.pt,,,,
raw_direction_oracle,"[384, 384]",transformer.h.4.attn.c_proj.weight,transformer.h.4.attn.c_proj.weight,int4-dynamic-b2048,4,dynamic,2048,0.0099012590944767,0.19311967492103577,0.9826411008834839,1.0362977981567383,ok,1.033826470375061,0.5124813318252563,1.0881849527359009,ok,1.033826470375061,0.5124813318252563,1.0881849527359009,1,512,/home/sienna/projects/experiments/lowp-optimizer-bench/reports/muon_update_fidelity_formal_s0_s1_results/muon-fidelity-formal/fp32_muon_snapshot_s1/muon_momentum_snapshots/update_000512.pt,0.000610053539276123,0.0032819807529449463,0.0013675689697265625,-0.0012140274047851562
muon_update_direction_oracle,"[384, 384]",transformer.h.4.attn.c_proj.weight,transformer.h.4.attn.c_proj.weight,int4-dynamic-b2048,4,dynamic,2048,0.0099012590944767,0.18995147943496704,0.9820277094841003,1.0034761428833008,ok,1.0343220233917236,0.511642575263977,1.0874899625778198,ok,1.0343220233917236,0.511642575263977,1.0874899625778198,1,512,/home/sienna/projects/experiments/lowp-optimizer-bench/reports/muon_update_fidelity_formal_s0_s1_results/muon-fidelity-formal/fp32_muon_snapshot_s1/muon_momentum_snapshots/update_000512.pt,-3.337860107421875e-06,0.0001137852668762207,0.0005288124084472656,-0.0007184743881225586
nearest,"[1024, 384]",transformer.h.4.mlp.w1.weight,transformer.h.4.mlp.w1.weight,int4-dynamic-b2048,4,dynamic,2048,0.0137939453125,0.19249394536018372,0.9814726710319519,0.9999827742576599,ok,0.5211794972419739,0.8625839352607727,0.9877988696098328,ok,0.5211794972419739,0.8625839352607727,0.9877988696098328,1,512,/home/sienna/projects/experiments/lowp-optimizer-bench/reports/muon_update_fidelity_formal_s0_s1_results/muon-fidelity-formal/fp32_muon_snapshot_s1/muon_momentum_snapshots/update_000512.pt,,,,
raw_direction_oracle,"[1024, 384]",transformer.h.4.mlp.w1.weight,transformer.h.4.mlp.w1.weight,int4-dynamic-b2048,4,dynamic,2048,0.013743082992732525,0.1954992264509201,0.9819006323814392,1.030363917350769,ok,0.5170053839683533,0.8648001551628113,0.9879814982414246,ok,0.5170053839683533,0.8648001551628113,0.9879814982414246,1,512,/home/sienna/projects/experiments/lowp-optimizer-bench/reports/muon_update_fidelity_formal_s0_s1_results/muon-fidelity-formal/fp32_muon_snapshot_s1/muon_momentum_snapshots/update_000512.pt,0.0004279613494873047,0.003005281090736389,0.0022162199020385742,-0.0041741132736206055
muon_update_direction_oracle,"[1024, 384]",transformer.h.4.mlp.w1.weight,transformer.h.4.mlp.w1.weight,int4-dynamic-b2048,4,dynamic,2048,0.0137939453125,0.1952945590019226,0.9812554717063904,1.0129139423370361,ok,0.5205234885215759,0.8628354668617249,0.9870522618293762,ok,0.5205234885215759,0.8628354668617249,0.9870522618293762,1,512,/home/sienna/projects/experiments/lowp-optimizer-bench/reports/muon_update_fidelity_formal_s0_s1_results/muon-fidelity-formal/fp32_muon_snapshot_s1/muon_momentum_snapshots/update_000512.pt,-0.00021719932556152344,0.0028006136417388916,0.00025153160095214844,-0.0006560087203979492
nearest,"[1024, 384]",transformer.h.4.mlp.w2.weight,transformer.h.4.mlp.w2.weight,int4-dynamic-b2048,4,dynamic,2048,0.014157612808048725,0.19128094613552094,0.9816575050354004,0.9971483945846558,ok,0.5354648232460022,0.8544577956199646,0.9841530323028564,ok,0.5354648232460022,0.8544577956199646,0.9841530323028564,1,512,/home/sienna/projects/experiments/lowp-optimizer-bench/reports/muon_update_fidelity_formal_s0_s1_results/muon-fidelity-formal/fp32_muon_snapshot_s1/muon_momentum_snapshots/update_000512.pt,,,,
raw_direction_oracle,"[1024, 384]",transformer.h.4.mlp.w2.weight,transformer.h.4.mlp.w2.weight,int4-dynamic-b2048,4,dynamic,2048,0.01410675048828125,0.19380052387714386,0.9818587899208069,1.021923303604126,ok,0.5308151245117188,0.8570773005485535,0.9849310517311096,ok,0.5308151245117188,0.8570773005485535,0.9849310517311096,1,512,/home/sienna/projects/experiments/lowp-optimizer-bench/reports/muon_update_fidelity_formal_s0_s1_results/muon-fidelity-formal/fp32_muon_snapshot_s1/muon_momentum_snapshots/update_000512.pt,0.00020128488540649414,0.002519577741622925,0.002619504928588867,-0.004649698734283447
muon_update_direction_oracle,"[1024, 384]",transformer.h.4.mlp.w2.weight,transformer.h.4.mlp.w2.weight,int4-dynamic-b2048,4,dynamic,2048,0.014157612808048725,0.1922157257795334,0.9815219044685364,0.999748945236206,ok,0.5353859066963196,0.8544719815254211,0.9839351773262024,ok,0.5353859066963196,0.8544719815254211,0.9839351773262024,1,512,/home/sienna/projects/experiments/lowp-optimizer-bench/reports/muon_update_fidelity_formal_s0_s1_results/muon-fidelity-formal/fp32_muon_snapshot_s1/muon_momentum_snapshots/update_000512.pt,-0.00013560056686401367,0.0009347796440124512,1.4185905456542969e-05,-7.891654968261719e-05
nearest,"[384, 1024]",transformer.h.4.mlp.c_proj.weight,transformer.h.4.mlp.c_proj.weight,int4-dynamic-b2048,4,dynamic,2048,0.0318094901740551,0.24081870913505554,0.9705916047096252,0.9770538210868835,ok,0.5651208162307739,0.8423014283180237,1.0121055841445923,ok,0.5651208162307739,0.8423014283180237,1.0121055841445923,1,512,/home/sienna/projects/experiments/lowp-optimizer-bench/reports/muon_update_fidelity_formal_s0_s1_results/muon-fidelity-formal/fp32_muon_snapshot_s1/muon_momentum_snapshots/update_000512.pt,,,,
raw_direction_oracle,"[384, 1024]",transformer.h.4.mlp.c_proj.weight,transformer.h.4.mlp.c_proj.weight,int4-dynamic-b2048,4,dynamic,2048,0.031768798828125,0.24200163781642914,0.9704315662384033,0.9878128170967102,ok,0.563784658908844,0.8431757688522339,1.0128775835037231,ok,0.563784658908844,0.8431757688522339,1.0128775835037231,1,512,/home/sienna/projects/experiments/lowp-optimizer-bench/reports/muon_update_fidelity_formal_s0_s1_results/muon-fidelity-formal/fp32_muon_snapshot_s1/muon_momentum_snapshots/update_000512.pt,-0.00016003847122192383,0.0011829286813735962,0.0008743405342102051,-0.0013361573219299316
muon_update_direction_oracle,"[384, 1024]",transformer.h.4.mlp.c_proj.weight,transformer.h.4.mlp.c_proj.weight,int4-dynamic-b2048,4,dynamic,2048,0.0318094901740551,0.24101239442825317,0.9705519676208496,0.9781759977340698,ok,0.5650205612182617,0.8423157930374146,1.0118571519851685,ok,0.5650205612182617,0.8423157930374146,1.0118571519851685,1,512,/home/sienna/projects/experiments/lowp-optimizer-bench/reports/muon_update_fidelity_formal_s0_s1_results/muon-fidelity-formal/fp32_muon_snapshot_s1/muon_momentum_snapshots/update_000512.pt,-3.9637088775634766e-05,0.00019368529319763184,1.436471939086914e-05,-0.00010025501251220703
nearest,"[1152, 384]",transformer.h.5.attn.c_attn.weight,transformer.h.5.attn.c_attn.weight,int4-dynamic-b2048,4,dynamic,2048,0.013005009852349758,0.19573257863521576,0.9808436036109924,0.9999615550041199,ok,1.0535194873809814,0.4921315610408783,1.0855090618133545,ok,1.0535194873809814,0.4921315610408783,1.0855090618133545,1,512,/home/sienna/projects/experiments/lowp-optimizer-bench/reports/muon_update_fidelity_formal_s0_s1_results/muon-fidelity-formal/fp32_muon_snapshot_s1/muon_momentum_snapshots/update_000512.pt,,,,
raw_direction_oracle,"[1152, 384]",transformer.h.5.attn.c_attn.weight,transformer.h.5.attn.c_attn.weight,int4-dynamic-b2048,4,dynamic,2048,0.012973361648619175,0.1985527127981186,0.9812782406806946,1.029549479484558,ok,1.0489543676376343,0.4960906505584717,1.084657907485962,ok,1.0489543676376343,0.4960906505584717,1.084657907485962,1,512,/home/sienna/projects/experiments/lowp-optimizer-bench/reports/muon_update_fidelity_formal_s0_s1_results/muon-fidelity-formal/fp32_muon_snapshot_s1/muon_momentum_snapshots/update_000512.pt,0.00043463706970214844,0.002820134162902832,0.003959089517593384,-0.004565119743347168
muon_update_direction_oracle,"[1152, 384]",transformer.h.5.attn.c_attn.weight,transformer.h.5.attn.c_attn.weight,int4-dynamic-b2048,4,dynamic,2048,0.013005009852349758,0.19580504298210144,0.9808350801467896,1.0002497434616089,ok,1.0534600019454956,0.4922129809856415,1.085552453994751,ok,1.0534600019454956,0.4922129809856415,1.085552453994751,1,512,/home/sienna/projects/experiments/lowp-optimizer-bench/reports/muon_update_fidelity_formal_s0_s1_results/muon-fidelity-formal/fp32_muon_snapshot_s1/muon_momentum_snapshots/update_000512.pt,-8.52346420288086e-06,7.246434688568115e-05,8.14199447631836e-05,-5.9485435485839844e-05
nearest,"[384, 384]",transformer.h.5.attn.c_proj.weight,transformer.h.5.attn.c_proj.weight,int4-dynamic-b2048,4,dynamic,2048,0.010043674148619175,0.1899314969778061,0.9819900989532471,1.0014501810073853,ok,1.0561960935592651,0.49344944953918457,1.0926513671875,ok,1.0561960935592651,0.49344944953918457,1.0926513671875,1,512,/home/sienna/projects/experiments/lowp-optimizer-bench/reports/muon_update_fidelity_formal_s0_s1_results/muon-fidelity-formal/fp32_muon_snapshot_s1/muon_momentum_snapshots/update_000512.pt,,,,
raw_direction_oracle,"[384, 384]",transformer.h.5.attn.c_proj.weight,transformer.h.5.attn.c_proj.weight,int4-dynamic-b2048,4,dynamic,2048,0.0100233294069767,0.19280807673931122,0.9824885725975037,1.0320744514465332,ok,1.0536363124847412,0.49600622057914734,1.0928072929382324,ok,1.0536363124847412,0.49600622057914734,1.0928072929382324,1,512,/home/sienna/projects/experiments/lowp-optimizer-bench/reports/muon_update_fidelity_formal_s0_s1_results/muon-fidelity-formal/fp32_muon_snapshot_s1/muon_momentum_snapshots/update_000512.pt,0.0004984736442565918,0.002876579761505127,0.0025567710399627686,-0.0025597810745239258
muon_update_direction_oracle,"[384, 384]",transformer.h.5.attn.c_proj.weight,transformer.h.5.attn.c_proj.weight,int4-dynamic-b2048,4,dynamic,2048,0.010043674148619175,0.19009257853031158,0.9819761514663696,1.0022822618484497,ok,1.0556784868240356,0.49383866786956787,1.092448353767395,ok,1.0556784868240356,0.49383866786956787,1.092448353767395,1,512,/home/sienna/projects/experiments/lowp-optimizer-bench/reports/muon_update_fidelity_formal_s0_s1_results/muon-fidelity-formal/fp32_muon_snapshot_s1/muon_momentum_snapshots/update_000512.pt,-1.3947486877441406e-05,0.00016108155250549316,0.0003892183303833008,-0.0005176067352294922
nearest,"[1024, 384]",transformer.h.5.mlp.w1.weight,transformer.h.5.mlp.w1.weight,int4-dynamic-b2048,4,dynamic,2048,0.015314738266170025,0.1948610246181488,0.9809895753860474,0.9986293911933899,ok,0.5696269273757935,0.8341485857963562,0.9765514135360718,ok,0.5696269273757935,0.8341485857963562,0.9765514135360718,1,512,/home/sienna/projects/experiments/lowp-optimizer-bench/reports/muon_update_fidelity_formal_s0_s1_results/muon-fidelity-formal/fp32_muon_snapshot_s1/muon_momentum_snapshots/update_000512.pt,,,,
raw_direction_oracle,"[1024, 384]",transformer.h.5.mlp.w1.weight,transformer.h.5.mlp.w1.weight,int4-dynamic-b2048,4,dynamic,2048,0.015284220688045025,0.19775542616844177,0.9813003540039062,1.0266613960266113,ok,0.5655755996704102,0.8365336060523987,0.9767630696296692,ok,0.5655755996704102,0.8365336060523987,0.9767630696296692,1,512,/home/sienna/projects/experiments/lowp-optimizer-bench/reports/muon_update_fidelity_formal_s0_s1_results/muon-fidelity-formal/fp32_muon_snapshot_s1/muon_momentum_snapshots/update_000512.pt,0.0003107786178588867,0.0028944015502929688,0.0023850202560424805,-0.004051327705383301
muon_update_direction_oracle,"[1024, 384]",transformer.h.5.mlp.w1.weight,transformer.h.5.mlp.w1.weight,int4-dynamic-b2048,4,dynamic,2048,0.015314738266170025,0.19563928246498108,0.9809277057647705,1.0031533241271973,ok,0.5694869756698608,0.8342182636260986,0.9764696955680847,ok,0.5694869756698608,0.8342182636260986,0.9764696955680847,1,512,/home/sienna/projects/experiments/lowp-optimizer-bench/reports/muon_update_fidelity_formal_s0_s1_results/muon-fidelity-formal/fp32_muon_snapshot_s1/muon_momentum_snapshots/update_000512.pt,-6.186962127685547e-05,0.0007782578468322754,6.967782974243164e-05,-0.0001399517059326172
nearest,"[1024, 384]",transformer.h.5.mlp.w2.weight,transformer.h.5.mlp.w2.weight,int4-dynamic-b2048,4,dynamic,2048,0.014422099106013775,0.1938956379890442,0.981191098690033,0.9993956685066223,ok,0.5633014440536499,0.837975800037384,0.9776613116264343,ok,0.5633014440536499,0.837975800037384,0.9776613116264343,1,512,/home/sienna/projects/experiments/lowp-optimizer-bench/reports/muon_update_fidelity_formal_s0_s1_results/muon-fidelity-formal/fp32_muon_snapshot_s1/muon_momentum_snapshots/update_000512.pt,,,,
raw_direction_oracle,"[1024, 384]",transformer.h.5.mlp.w2.weight,transformer.h.5.mlp.w2.weight,int4-dynamic-b2048,4,dynamic,2048,0.014368693344295025,0.19660049676895142,0.9815191626548767,1.02659010887146,ok,0.5593355298042297,0.8402607440948486,0.9777181148529053,ok,0.5593355298042297,0.8402607440948486,0.9777181148529053,1,512,/home/sienna/projects/experiments/lowp-optimizer-bench/reports/muon_update_fidelity_formal_s0_s1_results/muon-fidelity-formal/fp32_muon_snapshot_s1/muon_momentum_snapshots/update_000512.pt,0.00032806396484375,0.0027048587799072266,0.0022849440574645996,-0.003965914249420166
muon_update_direction_oracle,"[1024, 384]",transformer.h.5.mlp.w2.weight,transformer.h.5.mlp.w2.weight,int4-dynamic-b2048,4,dynamic,2048,0.014422099106013775,0.19433915615081787,0.9811410903930664,1.0012785196304321,ok,0.5630970001220703,0.8380768299102783,0.977543830871582,ok,0.5630970001220703,0.8380768299102783,0.977543830871582,1,512,/home/sienna/projects/experiments/lowp-optimizer-bench/reports/muon_update_fidelity_formal_s0_s1_results/muon-fidelity-formal/fp32_muon_snapshot_s1/muon_momentum_snapshots/update_000512.pt,-5.0008296966552734e-05,0.00044351816177368164,0.00010102987289428711,-0.00020444393157958984
nearest,"[384, 1024]",transformer.h.5.mlp.c_proj.weight,transformer.h.5.mlp.c_proj.weight,int4-dynamic-b2048,4,dynamic,2048,0.02440897561609745,0.23606403172016144,0.971817135810852,0.9842647910118103,ok,0.5824728608131409,0.8320863842964172,1.0099695920944214,ok,0.5824728608131409,0.8320863842964172,1.0099695920944214,1,512,/home/sienna/projects/experiments/lowp-optimizer-bench/reports/muon_update_fidelity_formal_s0_s1_results/muon-fidelity-formal/fp32_muon_snapshot_s1/muon_momentum_snapshots/update_000512.pt,,,,
raw_direction_oracle,"[384, 1024]",transformer.h.5.mlp.c_proj.weight,transformer.h.5.mlp.c_proj.weight,int4-dynamic-b2048,4,dynamic,2048,0.0243352260440588,0.23758390545845032,0.9718239307403564,1.0016236305236816,ok,0.579792320728302,0.8336173892021179,1.009904146194458,ok,0.579792320728302,0.8336173892021179,1.009904146194458,1,512,/home/sienna/projects/experiments/lowp-optimizer-bench/reports/muon_update_fidelity_formal_s0_s1_results/muon-fidelity-formal/fp32_muon_snapshot_s1/muon_momentum_snapshots/update_000512.pt,6.794929504394531e-06,0.0015198737382888794,0.0015310049057006836,-0.002680540084838867
muon_update_direction_oracle,"[384, 1024]",transformer.h.5.mlp.c_proj.weight,transformer.h.5.mlp.c_proj.weight,int4-dynamic-b2048,4,dynamic,2048,0.02440897561609745,0.23622038960456848,0.9717900156974792,0.9850535988807678,ok,0.5823671221733093,0.8321290612220764,1.009865641593933,ok,0.5823671221733093,0.8321290612220764,1.009865641593933,1,512,/home/sienna/projects/experiments/lowp-optimizer-bench/reports/muon_update_fidelity_formal_s0_s1_results/muon-fidelity-formal/fp32_muon_snapshot_s1/muon_momentum_snapshots/update_000512.pt,-2.7120113372802734e-05,0.00015635788440704346,4.267692565917969e-05,-0.00010573863983154297
nearest,"[1152, 384]",transformer.h.0.attn.c_attn.weight,transformer.h.0.attn.c_attn.weight,int4-dynamic-b2048,4,dynamic,2048,0.013667353428900242,0.18647582828998566,0.9826529622077942,1.002143383026123,ok,0.9124606251716614,0.590538501739502,1.0163558721542358,ok,0.9124606251716614,0.590538501739502,1.0163558721542358,1,1024,/home/sienna/projects/experiments/lowp-optimizer-bench/reports/muon_update_fidelity_formal_s0_s1_results/muon-fidelity-formal/fp32_muon_snapshot_s1/muon_momentum_snapshots/update_001024.pt,,,,
raw_direction_oracle,"[1152, 384]",transformer.h.0.attn.c_attn.weight,transformer.h.0.attn.c_attn.weight,int4-dynamic-b2048,4,dynamic,2048,0.013644748367369175,0.18932543694972992,0.9831696152687073,1.032834529876709,ok,0.9094781875610352,0.5939182043075562,1.0180519819259644,ok,0.9094781875610352,0.5939182043075562,1.0180519819259644,1,1024,/home/sienna/projects/experiments/lowp-optimizer-bench/reports/muon_update_fidelity_formal_s0_s1_results/muon-fidelity-formal/fp32_muon_snapshot_s1/muon_momentum_snapshots/update_001024.pt,0.0005166530609130859,0.0028496086597442627,0.0033797025680541992,-0.0029824376106262207
muon_update_direction_oracle,"[1152, 384]",transformer.h.0.attn.c_attn.weight,transformer.h.0.attn.c_attn.weight,int4-dynamic-b2048,4,dynamic,2048,0.013667353428900242,0.18653619289398193,0.9826467037200928,1.002407193183899,ok,0.9124565124511719,0.5905585289001465,1.0163946151733398,ok,0.9124565124511719,0.5905585289001465,1.0163946151733398,1,1024,/home/sienna/projects/experiments/lowp-optimizer-bench/reports/muon_update_fidelity_formal_s0_s1_results/muon-fidelity-formal/fp32_muon_snapshot_s1/muon_momentum_snapshots/update_001024.pt,-6.258487701416016e-06,6.0364603996276855e-05,2.002716064453125e-05,-4.112720489501953e-06
nearest,"[384, 384]",transformer.h.0.attn.c_proj.weight,transformer.h.0.attn.c_proj.weight,int4-dynamic-b2048,4,dynamic,2048,0.0095689557492733,0.18851128220558167,0.9822684526443481,1.0019664764404297,ok,0.9657192230224609,0.5557989478111267,1.0472520589828491,ok,0.9657192230224609,0.5557989478111267,1.0472520589828491,1,1024,/home/sienna/projects/experiments/lowp-optimizer-bench/reports/muon_update_fidelity_formal_s0_s1_results/muon-fidelity-formal/fp32_muon_snapshot_s1/muon_momentum_snapshots/update_001024.pt,,,,
raw_direction_oracle,"[384, 384]",transformer.h.0.attn.c_proj.weight,transformer.h.0.attn.c_proj.weight,int4-dynamic-b2048,4,dynamic,2048,0.009555392898619175,0.19150997698307037,0.9828321933746338,1.0341682434082031,ok,0.9568802714347839,0.5635801553726196,1.0465320348739624,ok,0.9568802714347839,0.5635801553726196,1.0465320348739624,1,1024,/home/sienna/projects/experiments/lowp-optimizer-bench/reports/muon_update_fidelity_formal_s0_s1_results/muon-fidelity-formal/fp32_muon_snapshot_s1/muon_momentum_snapshots/update_001024.pt,0.0005637407302856445,0.0029986947774887085,0.00778120756149292,-0.008838951587677002
muon_update_direction_oracle,"[384, 384]",transformer.h.0.attn.c_proj.weight,transformer.h.0.attn.c_proj.weight,int4-dynamic-b2048,4,dynamic,2048,0.0095689557492733,0.1885610818862915,0.9822661280632019,1.0023176670074463,ok,0.9656000137329102,0.5558059215545654,1.0470324754714966,ok,0.9656000137329102,0.5558059215545654,1.0470324754714966,1,1024,/home/sienna/projects/experiments/lowp-optimizer-bench/reports/muon_update_fidelity_formal_s0_s1_results/muon-fidelity-formal/fp32_muon_snapshot_s1/muon_momentum_snapshots/update_001024.pt,-2.3245811462402344e-06,4.979968070983887e-05,6.973743438720703e-06,-0.00011920928955078125
nearest,"[1024, 384]",transformer.h.0.mlp.w1.weight,transformer.h.0.mlp.w1.weight,int4-dynamic-b2048,4,dynamic,2048,0.01206207275390625,0.19269530475139618,0.9814391732215881,1.0002657175064087,ok,0.3961942195892334,0.9223182201385498,1.0097299814224243,ok,0.3961942195892334,0.9223182201385498,1.0097299814224243,1,1024,/home/sienna/projects/experiments/lowp-optimizer-bench/reports/muon_update_fidelity_formal_s0_s1_results/muon-fidelity-formal/fp32_muon_snapshot_s1/muon_momentum_snapshots/update_001024.pt,,,,
raw_direction_oracle,"[1024, 384]",transformer.h.0.mlp.w1.weight,transformer.h.0.mlp.w1.weight,int4-dynamic-b2048,4,dynamic,2048,0.012044270522892475,0.19571523368358612,0.9819095730781555,1.0314171314239502,ok,0.3910430669784546,0.9242749810218811,1.0091211795806885,ok,0.3910430669784546,0.9242749810218811,1.0091211795806885,1,1024,/home/sienna/projects/experiments/lowp-optimizer-bench/reports/muon_update_fidelity_formal_s0_s1_results/muon-fidelity-formal/fp32_muon_snapshot_s1/muon_momentum_snapshots/update_001024.pt,0.0004703998565673828,0.0030199289321899414,0.001956760883331299,-0.005151152610778809
muon_update_direction_oracle,"[1024, 384]",transformer.h.0.mlp.w1.weight,transformer.h.0.mlp.w1.weight,int4-dynamic-b2048,4,dynamic,2048,0.01206207275390625,0.1929718405008316,0.9814127087593079,1.001640796661377,ok,0.39603063464164734,0.9223671555519104,1.0095525979995728,ok,0.39603063464164734,0.9223671555519104,1.0095525979995728,1,1024,/home/sienna/projects/experiments/lowp-optimizer-bench/reports/muon_update_fidelity_formal_s0_s1_results/muon-fidelity-formal/fp32_muon_snapshot_s1/muon_momentum_snapshots/update_001024.pt,-2.6464462280273438e-05,0.0002765357494354248,4.89354133605957e-05,-0.00016358494758605957
nearest,"[1024, 384]",transformer.h.0.mlp.w2.weight,transformer.h.0.mlp.w2.weight,int4-dynamic-b2048,4,dynamic,2048,0.011782328598201275,0.19227780401706696,0.9815295934677124,1.000789999961853,ok,0.392707496881485,0.9235408306121826,1.0080796480178833,ok,0.392707496881485,0.9235408306121826,1.0080796480178833,1,1024,/home/sienna/projects/experiments/lowp-optimizer-bench/reports/muon_update_fidelity_formal_s0_s1_results/muon-fidelity-formal/fp32_muon_snapshot_s1/muon_momentum_snapshots/update_001024.pt,,,,
raw_direction_oracle,"[1024, 384]",transformer.h.0.mlp.w2.weight,transformer.h.0.mlp.w2.weight,int4-dynamic-b2048,4,dynamic,2048,0.011746724136173725,0.19542987644672394,0.9820352792739868,1.0328892469406128,ok,0.3865678906440735,0.9258938431739807,1.0078349113464355,ok,0.3865678906440735,0.9258938431739807,1.0078349113464355,1,1024,/home/sienna/projects/experiments/lowp-optimizer-bench/reports/muon_update_fidelity_formal_s0_s1_results/muon-fidelity-formal/fp32_muon_snapshot_s1/muon_momentum_snapshots/update_001024.pt,0.0005056858062744141,0.0031520724296569824,0.0023530125617980957,-0.006139606237411499
muon_update_direction_oracle,"[1024, 384]",transformer.h.0.mlp.w2.weight,transformer.h.0.mlp.w2.weight,int4-dynamic-b2048,4,dynamic,2048,0.011782328598201275,0.1924571394920349,0.9815133810043335,1.0017110109329224,ok,0.39262667298316956,0.9235631227493286,1.007971167564392,ok,0.39262667298316956,0.9235631227493286,1.007971167564392,1,1024,/home/sienna/projects/experiments/lowp-optimizer-bench/reports/muon_update_fidelity_formal_s0_s1_results/muon-fidelity-formal/fp32_muon_snapshot_s1/muon_momentum_snapshots/update_001024.pt,-1.621246337890625e-05,0.00017933547496795654,2.2292137145996094e-05,-8.082389831542969e-05
nearest,"[384, 1024]",transformer.h.0.mlp.c_proj.weight,transformer.h.0.mlp.c_proj.weight,int4-dynamic-b2048,4,dynamic,2048,0.024017333984375,0.2273503839969635,0.9738892316818237,0.9860690236091614,ok,0.5011650919914246,0.8761637210845947,1.0133838653564453,ok,0.5011650919914246,0.8761637210845947,1.0133838653564453,1,1024,/home/sienna/projects/experiments/lowp-optimizer-bench/reports/muon_update_fidelity_formal_s0_s1_results/muon-fidelity-formal/fp32_muon_snapshot_s1/muon_momentum_snapshots/update_001024.pt,,,,
raw_direction_oracle,"[384, 1024]",transformer.h.0.mlp.c_proj.weight,transformer.h.0.mlp.c_proj.weight,int4-dynamic-b2048,4,dynamic,2048,0.0239690151065588,0.2292737364768982,0.9739025235176086,1.0063461065292358,ok,0.49810728430747986,0.8776098489761353,1.012924313545227,ok,0.49810728430747986,0.8776098489761353,1.012924313545227,1,1024,/home/sienna/projects/experiments/lowp-optimizer-bench/reports/muon_update_fidelity_formal_s0_s1_results/muon-fidelity-formal/fp32_muon_snapshot_s1/muon_momentum_snapshots/update_001024.pt,1.329183578491211e-05,0.0019233524799346924,0.0014461278915405273,-0.003057807683944702
muon_update_direction_oracle,"[384, 1024]",transformer.h.0.mlp.c_proj.weight,transformer.h.0.mlp.c_proj.weight,int4-dynamic-b2048,4,dynamic,2048,0.024017333984375,0.22742824256420135,0.9738765358924866,0.9864963889122009,ok,0.5010991096496582,0.876186192035675,1.013309121131897,ok,0.5010991096496582,0.876186192035675,1.013309121131897,1,1024,/home/sienna/projects/experiments/lowp-optimizer-bench/reports/muon_update_fidelity_formal_s0_s1_results/muon-fidelity-formal/fp32_muon_snapshot_s1/muon_momentum_snapshots/update_001024.pt,-1.2695789337158203e-05,7.7858567237854e-05,2.2470951080322266e-05,-6.598234176635742e-05
nearest,"[1152, 384]",transformer.h.1.attn.c_attn.weight,transformer.h.1.attn.c_attn.weight,int4-dynamic-b2048,4,dynamic,2048,0.013201678171753883,0.19587868452072144,0.980793833732605,0.998827338218689,ok,0.9500877857208252,0.5580936670303345,1.020841360092163,ok,0.9500877857208252,0.5580936670303345,1.020841360092163,1,1024,/home/sienna/projects/experiments/lowp-optimizer-bench/reports/muon_update_fidelity_formal_s0_s1_results/muon-fidelity-formal/fp32_muon_snapshot_s1/muon_momentum_snapshots/update_001024.pt,,,,
raw_direction_oracle,"[1152, 384]",transformer.h.1.attn.c_attn.weight,transformer.h.1.attn.c_attn.weight,int4-dynamic-b2048,4,dynamic,2048,0.013158727437257767,0.19866405427455902,0.9812083840370178,1.0285100936889648,ok,0.9436890482902527,0.5644328594207764,1.0217442512512207,ok,0.9436890482902527,0.5644328594207764,1.0217442512512207,1,1024,/home/sienna/projects/experiments/lowp-optimizer-bench/reports/muon_update_fidelity_formal_s0_s1_results/muon-fidelity-formal/fp32_muon_snapshot_s1/muon_momentum_snapshots/update_001024.pt,0.0004145503044128418,0.0027853697538375854,0.0063391923904418945,-0.00639873743057251
muon_update_direction_oracle,"[1152, 384]",transformer.h.1.attn.c_attn.weight,transformer.h.1.attn.c_attn.weight,int4-dynamic-b2048,4,dynamic,2048,0.013201678171753883,0.19604434072971344,0.9807798862457275,0.9998134970664978,ok,0.9500148892402649,0.558245837688446,1.0210269689559937,ok,0.9500148892402649,0.558245837688446,1.0210269689559937,1,1024,/home/sienna/projects/experiments/lowp-optimizer-bench/reports/muon_update_fidelity_formal_s0_s1_results/muon-fidelity-formal/fp32_muon_snapshot_s1/muon_momentum_snapshots/update_001024.pt,-1.3947486877441406e-05,0.0001656562089920044,0.00015217065811157227,-7.289648056030273e-05
nearest,"[384, 384]",transformer.h.1.attn.c_proj.weight,transformer.h.1.attn.c_proj.weight,int4-dynamic-b2048,4,dynamic,2048,0.012105305679142475,0.20037856698036194,0.9799022078514099,0.9988740682601929,ok,1.028782606124878,0.5129628777503967,1.0799940824508667,ok,1.028782606124878,0.5129628777503967,1.0799940824508667,1,1024,/home/sienna/projects/experiments/lowp-optimizer-bench/reports/muon_update_fidelity_formal_s0_s1_results/muon-fidelity-formal/fp32_muon_snapshot_s1/muon_momentum_snapshots/update_001024.pt,,,,
raw_direction_oracle,"[384, 384]",transformer.h.1.attn.c_proj.weight,transformer.h.1.attn.c_proj.weight,int4-dynamic-b2048,4,dynamic,2048,0.012057834304869175,0.20340272784233093,0.9803786873817444,1.030529260635376,ok,1.0243229866027832,0.5158516764640808,1.0774034261703491,ok,1.0243229866027832,0.5158516764640808,1.0774034261703491,1,1024,/home/sienna/projects/experiments/lowp-optimizer-bench/reports/muon_update_fidelity_formal_s0_s1_results/muon-fidelity-formal/fp32_muon_snapshot_s1/muon_momentum_snapshots/update_001024.pt,0.00047647953033447266,0.003024160861968994,0.002888798713684082,-0.0044596195220947266
muon_update_direction_oracle,"[384, 384]",transformer.h.1.attn.c_proj.weight,transformer.h.1.attn.c_proj.weight,int4-dynamic-b2048,4,dynamic,2048,0.012105305679142475,0.200553297996521,0.9798974394798279,1.0004075765609741,ok,1.0280719995498657,0.5133736729621887,1.0794870853424072,ok,1.0280719995498657,0.5133736729621887,1.0794870853424072,1,1024,/home/sienna/projects/experiments/lowp-optimizer-bench/reports/muon_update_fidelity_formal_s0_s1_results/muon-fidelity-formal/fp32_muon_snapshot_s1/muon_momentum_snapshots/update_001024.pt,-4.76837158203125e-06,0.00017473101615905762,0.0004107952117919922,-0.000710606575012207
nearest,"[1024, 384]",transformer.h.1.mlp.w1.weight,transformer.h.1.mlp.w1.weight,int4-dynamic-b2048,4,dynamic,2048,0.013806660659611225,0.19674880802631378,0.9806436896324158,0.9999358654022217,ok,0.4538643956184387,0.8979316353797913,1.0087194442749023,ok,0.4538643956184387,0.8979316353797913,1.0087194442749023,1,1024,/home/sienna/projects/experiments/lowp-optimizer-bench/reports/muon_update_fidelity_formal_s0_s1_results/muon-fidelity-formal/fp32_muon_snapshot_s1/muon_momentum_snapshots/update_001024.pt,,,,
raw_direction_oracle,"[1024, 384]",transformer.h.1.mlp.w1.weight,transformer.h.1.mlp.w1.weight,int4-dynamic-b2048,4,dynamic,2048,0.013763427734375,0.19994640350341797,0.9811563491821289,1.0325984954833984,ok,0.4473676085472107,0.9007456302642822,1.0078920125961304,ok,0.4473676085472107,0.9007456302642822,1.0078920125961304,1,1024,/home/sienna/projects/experiments/lowp-optimizer-bench/reports/muon_update_fidelity_formal_s0_s1_results/muon-fidelity-formal/fp32_muon_snapshot_s1/muon_momentum_snapshots/update_001024.pt,0.0005126595497131348,0.003197595477104187,0.002813994884490967,-0.006496787071228027
muon_update_direction_oracle,"[1024, 384]",transformer.h.1.mlp.w1.weight,transformer.h.1.mlp.w1.weight,int4-dynamic-b2048,4,dynamic,2048,0.013806660659611225,0.19695551693439484,0.9806309938430786,1.0013335943222046,ok,0.4535914659500122,0.8980382084846497,1.0085723400115967,ok,0.4535914659500122,0.8980382084846497,1.0085723400115967,1,1024,/home/sienna/projects/experiments/lowp-optimizer-bench/reports/muon_update_fidelity_formal_s0_s1_results/muon-fidelity-formal/fp32_muon_snapshot_s1/muon_momentum_snapshots/update_001024.pt,-1.2695789337158203e-05,0.0002067089080810547,0.00010657310485839844,-0.00027292966842651367
nearest,"[1024, 384]",transformer.h.1.mlp.w2.weight,transformer.h.1.mlp.w2.weight,int4-dynamic-b2048,4,dynamic,2048,0.0139007568359375,0.1946723461151123,0.9810295104980469,0.9988085627555847,ok,0.4575507342815399,0.8960009813308716,1.0063201189041138,ok,0.4575507342815399,0.8960009813308716,1.0063201189041138,1,1024,/home/sienna/projects/experiments/lowp-optimizer-bench/reports/muon_update_fidelity_formal_s0_s1_results/muon-fidelity-formal/fp32_muon_snapshot_s1/muon_momentum_snapshots/update_001024.pt,,,,
raw_direction_oracle,"[1024, 384]",transformer.h.1.mlp.w2.weight,transformer.h.1.mlp.w2.weight,int4-dynamic-b2048,4,dynamic,2048,0.013875325210392475,0.19740310311317444,0.9813991189002991,1.0273579359054565,ok,0.4523473381996155,0.8982843160629272,1.0056761503219604,ok,0.4523473381996155,0.8982843160629272,1.0056761503219604,1,1024,/home/sienna/projects/experiments/lowp-optimizer-bench/reports/muon_update_fidelity_formal_s0_s1_results/muon-fidelity-formal/fp32_muon_snapshot_s1/muon_momentum_snapshots/update_001024.pt,0.00036960840225219727,0.002730756998062134,0.002283334732055664,-0.0052033960819244385
muon_update_direction_oracle,"[1024, 384]",transformer.h.1.mlp.w2.weight,transformer.h.1.mlp.w2.weight,int4-dynamic-b2048,4,dynamic,2048,0.0139007568359375,0.19496533274650574,0.9810028076171875,1.000441074371338,ok,0.45728832483291626,0.8961003422737122,1.0061382055282593,ok,0.45728832483291626,0.8961003422737122,1.0061382055282593,1,1024,/home/sienna/projects/experiments/lowp-optimizer-bench/reports/muon_update_fidelity_formal_s0_s1_results/muon-fidelity-formal/fp32_muon_snapshot_s1/muon_momentum_snapshots/update_001024.pt,-2.6702880859375e-05,0.0002929866313934326,9.936094284057617e-05,-0.0002624094486236572
nearest,"[384, 1024]",transformer.h.1.mlp.c_proj.weight,transformer.h.1.mlp.c_proj.weight,int4-dynamic-b2048,4,dynamic,2048,0.02410888671875,0.22597002983093262,0.9742404818534851,0.9886189699172974,ok,0.5046966671943665,0.8740599751472473,1.010805606842041,ok,0.5046966671943665,0.8740599751472473,1.010805606842041,1,1024,/home/sienna/projects/experiments/lowp-optimizer-bench/reports/muon_update_fidelity_formal_s0_s1_results/muon-fidelity-formal/fp32_muon_snapshot_s1/muon_momentum_snapshots/update_001024.pt,,,,
raw_direction_oracle,"[384, 1024]",transformer.h.1.mlp.c_proj.weight,transformer.h.1.mlp.c_proj.weight,int4-dynamic-b2048,4,dynamic,2048,0.02405548095703125,0.22797130048274994,0.9742991328239441,1.0093661546707153,ok,0.5021570920944214,0.8752542734146118,1.0102789402008057,ok,0.5021570920944214,0.8752542734146118,1.0102789402008057,1,1024,/home/sienna/projects/experiments/lowp-optimizer-bench/reports/muon_update_fidelity_formal_s0_s1_results/muon-fidelity-formal/fp32_muon_snapshot_s1/muon_momentum_snapshots/update_001024.pt,5.8650970458984375e-05,0.0020012706518173218,0.001194298267364502,-0.0025395750999450684
muon_update_direction_oracle,"[384, 1024]",transformer.h.1.mlp.c_proj.weight,transformer.h.1.mlp.c_proj.weight,int4-dynamic-b2048,4,dynamic,2048,0.02410888671875,0.22608870267868042,0.9742230176925659,0.9892733693122864,ok,0.5045632719993591,0.8741086721420288,1.01067316532135,ok,0.5045632719993591,0.8741086721420288,1.01067316532135,1,1024,/home/sienna/projects/experiments/lowp-optimizer-bench/reports/muon_update_fidelity_formal_s0_s1_results/muon-fidelity-formal/fp32_muon_snapshot_s1/muon_momentum_snapshots/update_001024.pt,-1.7464160919189453e-05,0.00011867284774780273,4.869699478149414e-05,-0.00013339519500732422
nearest,"[1152, 384]",transformer.h.2.attn.c_attn.weight,transformer.h.2.attn.c_attn.weight,int4-dynamic-b2048,4,dynamic,2048,0.017182527109980583,0.19382189214229584,0.9812155961990356,0.9999517798423767,ok,1.0316169261932373,0.5221021175384521,1.1024675369262695,ok,1.0316169261932373,0.5221021175384521,1.1024675369262695,1,1024,/home/sienna/projects/experiments/lowp-optimizer-bench/reports/muon_update_fidelity_formal_s0_s1_results/muon-fidelity-formal/fp32_muon_snapshot_s1/muon_momentum_snapshots/update_001024.pt,,,,
raw_direction_oracle,"[1152, 384]",transformer.h.2.attn.c_attn.weight,transformer.h.2.attn.c_attn.weight,int4-dynamic-b2048,4,dynamic,2048,0.017101146280765533,0.19669762253761292,0.9816543459892273,1.0299789905548096,ok,1.030782699584961,0.5238695740699768,1.1043452024459839,ok,1.030782699584961,0.5238695740699768,1.1043452024459839,1,1024,/home/sienna/projects/experiments/lowp-optimizer-bench/reports/muon_update_fidelity_formal_s0_s1_results/muon-fidelity-formal/fp32_muon_snapshot_s1/muon_momentum_snapshots/update_001024.pt,0.0004387497901916504,0.0028757303953170776,0.0017674565315246582,-0.0008342266082763672
muon_update_direction_oracle,"[1152, 384]",transformer.h.2.attn.c_attn.weight,transformer.h.2.attn.c_attn.weight,int4-dynamic-b2048,4,dynamic,2048,0.017182527109980583,0.19389009475708008,0.9812235832214355,1.0010484457015991,ok,1.0317612886428833,0.5221585035324097,1.1028311252593994,ok,1.0317612886428833,0.5221585035324097,1.1028311252593994,1,1024,/home/sienna/projects/experiments/lowp-optimizer-bench/reports/muon_update_fidelity_formal_s0_s1_results/muon-fidelity-formal/fp32_muon_snapshot_s1/muon_momentum_snapshots/update_001024.pt,7.987022399902344e-06,6.820261478424072e-05,5.638599395751953e-05,0.0001443624496459961
nearest,"[384, 384]",transformer.h.2.attn.c_proj.weight,transformer.h.2.attn.c_proj.weight,int4-dynamic-b2048,4,dynamic,2048,0.012410481460392475,0.19411717355251312,0.9811456203460693,0.9992617964744568,ok,1.0101678371429443,0.5273160934448242,1.0736685991287231,ok,1.0101678371429443,0.5273160934448242,1.0736685991287231,1,1024,/home/sienna/projects/experiments/lowp-optimizer-bench/reports/muon_update_fidelity_formal_s0_s1_results/muon-fidelity-formal/fp32_muon_snapshot_s1/muon_momentum_snapshots/update_001024.pt,,,,
raw_direction_oracle,"[384, 384]",transformer.h.2.attn.c_proj.weight,transformer.h.2.attn.c_proj.weight,int4-dynamic-b2048,4,dynamic,2048,0.012363010086119175,0.19710345566272736,0.98164963722229,1.0315062999725342,ok,1.0083800554275513,0.5291489362716675,1.0739692449569702,ok,1.0083800554275513,0.5291489362716675,1.0739692449569702,1,1024,/home/sienna/projects/experiments/lowp-optimizer-bench/reports/muon_update_fidelity_formal_s0_s1_results/muon-fidelity-formal/fp32_muon_snapshot_s1/muon_momentum_snapshots/update_001024.pt,0.0005040168762207031,0.0029862821102142334,0.0018328428268432617,-0.0017877817153930664
muon_update_direction_oracle,"[384, 384]",transformer.h.2.attn.c_proj.weight,transformer.h.2.attn.c_proj.weight,int4-dynamic-b2048,4,dynamic,2048,0.012410481460392475,0.19425514340400696,0.9811362028121948,1.0001949071884155,ok,1.0099135637283325,0.5275517106056213,1.0736618041992188,ok,1.0099135637283325,0.5275517106056213,1.0736618041992188,1,1024,/home/sienna/projects/experiments/lowp-optimizer-bench/reports/muon_update_fidelity_formal_s0_s1_results/muon-fidelity-formal/fp32_muon_snapshot_s1/muon_momentum_snapshots/update_001024.pt,-9.417533874511719e-06,0.00013796985149383545,0.00023561716079711914,-0.0002542734146118164
nearest,"[1024, 384]",transformer.h.2.mlp.w1.weight,transformer.h.2.mlp.w1.weight,int4-dynamic-b2048,4,dynamic,2048,0.012934367172420025,0.1923985332250595,0.9814969897270203,1.0003011226654053,ok,0.4628888666629791,0.8933372497558594,1.0043203830718994,ok,0.4628888666629791,0.8933372497558594,1.0043203830718994,1,1024,/home/sienna/projects/experiments/lowp-optimizer-bench/reports/muon_update_fidelity_formal_s0_s1_results/muon-fidelity-formal/fp32_muon_snapshot_s1/muon_momentum_snapshots/update_001024.pt,,,,
raw_direction_oracle,"[1024, 384]",transformer.h.2.mlp.w1.weight,transformer.h.2.mlp.w1.weight,int4-dynamic-b2048,4,dynamic,2048,0.01290130615234375,0.19538086652755737,0.9819241762161255,1.0303897857666016,ok,0.4576140344142914,0.8957819938659668,1.0045750141143799,ok,0.4576140344142914,0.8957819938659668,1.0045750141143799,1,1024,/home/sienna/projects/experiments/lowp-optimizer-bench/reports/muon_update_fidelity_formal_s0_s1_results/muon-fidelity-formal/fp32_muon_snapshot_s1/muon_momentum_snapshots/update_001024.pt,0.0004271864891052246,0.0029823333024978638,0.002444744110107422,-0.005274832248687744
muon_update_direction_oracle,"[1024, 384]",transformer.h.2.mlp.w1.weight,transformer.h.2.mlp.w1.weight,int4-dynamic-b2048,4,dynamic,2048,0.012934367172420025,0.19245633482933044,0.9814904928207397,1.0005398988723755,ok,0.4628332555294037,0.8933565020561218,1.0042632818222046,ok,0.4628332555294037,0.8933565020561218,1.0042632818222046,1,1024,/home/sienna/projects/experiments/lowp-optimizer-bench/reports/muon_update_fidelity_formal_s0_s1_results/muon-fidelity-formal/fp32_muon_snapshot_s1/muon_momentum_snapshots/update_001024.pt,-6.496906280517578e-06,5.780160427093506e-05,1.9252300262451172e-05,-5.561113357543945e-05
nearest,"[1024, 384]",transformer.h.2.mlp.w2.weight,transformer.h.2.mlp.w2.weight,int4-dynamic-b2048,4,dynamic,2048,0.013567606918513775,0.1948995739221573,0.9809947609901428,0.9993322491645813,ok,0.4788915514945984,0.8856394290924072,1.0026623010635376,ok,0.4788915514945984,0.8856394290924072,1.0026623010635376,1,1024,/home/sienna/projects/experiments/lowp-optimizer-bench/reports/muon_update_fidelity_formal_s0_s1_results/muon-fidelity-formal/fp32_muon_snapshot_s1/muon_momentum_snapshots/update_001024.pt,,,,
raw_direction_oracle,"[1024, 384]",transformer.h.2.mlp.w2.weight,transformer.h.2.mlp.w2.weight,int4-dynamic-b2048,4,dynamic,2048,0.013547261245548725,0.1979409158229828,0.9814664125442505,1.0310338735580444,ok,0.47415220737457275,0.8879439830780029,1.0031160116195679,ok,0.47415220737457275,0.8879439830780029,1.0031160116195679,1,1024,/home/sienna/projects/experiments/lowp-optimizer-bench/reports/muon_update_fidelity_formal_s0_s1_results/muon-fidelity-formal/fp32_muon_snapshot_s1/muon_momentum_snapshots/update_001024.pt,0.000471651554107666,0.0030413419008255005,0.002304553985595703,-0.004739344120025635
muon_update_direction_oracle,"[1024, 384]",transformer.h.2.mlp.w2.weight,transformer.h.2.mlp.w2.weight,int4-dynamic-b2048,4,dynamic,2048,0.013567606918513775,0.1949964165687561,0.9809901714324951,1.0000956058502197,ok,0.47872257232666016,0.8857171535491943,1.0026359558105469,ok,0.47872257232666016,0.8857171535491943,1.0026359558105469,1,1024,/home/sienna/projects/experiments/lowp-optimizer-bench/reports/muon_update_fidelity_formal_s0_s1_results/muon-fidelity-formal/fp32_muon_snapshot_s1/muon_momentum_snapshots/update_001024.pt,-4.589557647705078e-06,9.684264659881592e-05,7.772445678710938e-05,-0.00016897916793823242
nearest,"[384, 1024]",transformer.h.2.mlp.c_proj.weight,transformer.h.2.mlp.c_proj.weight,int4-dynamic-b2048,4,dynamic,2048,0.0165532436221838,0.21175235509872437,0.9774993658065796,0.9960452318191528,ok,0.4476414918899536,0.9010112285614014,1.0114835500717163,ok,0.4476414918899536,0.9010112285614014,1.0114835500717163,1,1024,/home/sienna/projects/experiments/lowp-optimizer-bench/reports/muon_update_fidelity_formal_s0_s1_results/muon-fidelity-formal/fp32_muon_snapshot_s1/muon_momentum_snapshots/update_001024.pt,,,,
raw_direction_oracle,"[384, 1024]",transformer.h.2.mlp.c_proj.weight,transformer.h.2.mlp.c_proj.weight,int4-dynamic-b2048,4,dynamic,2048,0.01653544045984745,0.2146538347005844,0.9778935313224792,1.0263922214508057,ok,0.4428306519985199,0.9031186103820801,1.0113880634307861,ok,0.4428306519985199,0.9031186103820801,1.0113880634307861,1,1024,/home/sienna/projects/experiments/lowp-optimizer-bench/reports/muon_update_fidelity_formal_s0_s1_results/muon-fidelity-formal/fp32_muon_snapshot_s1/muon_momentum_snapshots/update_001024.pt,0.0003941655158996582,0.0029014796018600464,0.002107381820678711,-0.004810839891433716
muon_update_direction_oracle,"[384, 1024]",transformer.h.2.mlp.c_proj.weight,transformer.h.2.mlp.c_proj.weight,int4-dynamic-b2048,4,dynamic,2048,0.0165532436221838,0.21175235509872437,0.9774993658065796,0.9960452318191528,ok,0.4476414918899536,0.9010112285614014,1.0114835500717163,ok,0.4476414918899536,0.9010112285614014,1.0114835500717163,1,1024,/home/sienna/projects/experiments/lowp-optimizer-bench/reports/muon_update_fidelity_formal_s0_s1_results/muon-fidelity-formal/fp32_muon_snapshot_s1/muon_momentum_snapshots/update_001024.pt,0.0,0.0,0.0,0.0
nearest,"[1152, 384]",transformer.h.3.attn.c_attn.weight,transformer.h.3.attn.c_attn.weight,int4-dynamic-b2048,4,dynamic,2048,0.014015479944646358,0.19290530681610107,0.9814051985740662,1.0006033182144165,ok,1.013994812965393,0.519449770450592,1.065355896949768,ok,1.013994812965393,0.519449770450592,1.065355896949768,1,1024,/home/sienna/projects/experiments/lowp-optimizer-bench/reports/muon_update_fidelity_formal_s0_s1_results/muon-fidelity-formal/fp32_muon_snapshot_s1/muon_momentum_snapshots/update_001024.pt,,,,
raw_direction_oracle,"[1152, 384]",transformer.h.3.attn.c_attn.weight,transformer.h.3.attn.c_attn.weight,int4-dynamic-b2048,4,dynamic,2048,0.013974790461361408,0.19610629975795746,0.9819392561912537,1.033539056777954,ok,1.0125396251678467,0.5216526985168457,1.0669580698013306,ok,1.0125396251678467,0.5216526985168457,1.0669580698013306,1,1024,/home/sienna/projects/experiments/lowp-optimizer-bench/reports/muon_update_fidelity_formal_s0_s1_results/muon-fidelity-formal/fp32_muon_snapshot_s1/muon_momentum_snapshots/update_001024.pt,0.0005340576171875,0.0032009929418563843,0.002202928066253662,-0.0014551877975463867
muon_update_direction_oracle,"[1152, 384]",transformer.h.3.attn.c_attn.weight,transformer.h.3.attn.c_attn.weight,int4-dynamic-b2048,4,dynamic,2048,0.014015479944646358,0.19304201006889343,0.9813922047615051,1.0012879371643066,ok,1.0139857530593872,0.5195720195770264,1.0655776262283325,ok,1.0139857530593872,0.5195720195770264,1.0655776262283325,1,1024,/home/sienna/projects/experiments/lowp-optimizer-bench/reports/muon_update_fidelity_formal_s0_s1_results/muon-fidelity-formal/fp32_muon_snapshot_s1/muon_momentum_snapshots/update_001024.pt,-1.2993812561035156e-05,0.0001367032527923584,0.00012224912643432617,-9.059906005859375e-06
nearest,"[384, 384]",transformer.h.3.attn.c_proj.weight,transformer.h.3.attn.c_proj.weight,int4-dynamic-b2048,4,dynamic,2048,0.01091851107776165,0.18891164660453796,0.9821949601173401,1.0020651817321777,ok,1.0179580450057983,0.524817943572998,1.083094596862793,ok,1.0179580450057983,0.524817943572998,1.083094596862793,1,1024,/home/sienna/projects/experiments/lowp-optimizer-bench/reports/muon_update_fidelity_formal_s0_s1_results/muon-fidelity-formal/fp32_muon_snapshot_s1/muon_momentum_snapshots/update_001024.pt,,,,
raw_direction_oracle,"[384, 384]",transformer.h.3.attn.c_proj.weight,transformer.h.3.attn.c_proj.weight,int4-dynamic-b2048,4,dynamic,2048,0.010904948227107525,0.19214588403701782,0.9827631115913391,1.0351415872573853,ok,1.0175598859786987,0.5269057750701904,1.0864217281341553,ok,1.0175598859786987,0.5269057750701904,1.0864217281341553,1,1024,/home/sienna/projects/experiments/lowp-optimizer-bench/reports/muon_update_fidelity_formal_s0_s1_results/muon-fidelity-formal/fp32_muon_snapshot_s1/muon_momentum_snapshots/update_001024.pt,0.0005681514739990234,0.0032342374324798584,0.002087831497192383,-0.0003981590270996094
muon_update_direction_oracle,"[384, 384]",transformer.h.3.attn.c_proj.weight,transformer.h.3.attn.c_proj.weight,int4-dynamic-b2048,4,dynamic,2048,0.01091851107776165,0.1889386624097824,0.9821969270706177,1.0024120807647705,ok,1.017894983291626,0.5248855352401733,1.0831106901168823,ok,1.017894983291626,0.5248855352401733,1.0831106901168823,1,1024,/home/sienna/projects/experiments/lowp-optimizer-bench/reports/muon_update_fidelity_formal_s0_s1_results/muon-fidelity-formal/fp32_muon_snapshot_s1/muon_momentum_snapshots/update_001024.pt,1.9669532775878906e-06,2.70158052444458e-05,6.759166717529297e-05,-6.306171417236328e-05
nearest,"[1024, 384]",transformer.h.3.mlp.w1.weight,transformer.h.3.mlp.w1.weight,int4-dynamic-b2048,4,dynamic,2048,0.013689677231013775,0.19371558725833893,0.9812350869178772,0.9998924136161804,ok,0.4876015782356262,0.8811472654342651,1.0002092123031616,ok,0.4876015782356262,0.8811472654342651,1.0002092123031616,1,1024,/home/sienna/projects/experiments/lowp-optimizer-bench/reports/muon_update_fidelity_formal_s0_s1_results/muon-fidelity-formal/fp32_muon_snapshot_s1/muon_momentum_snapshots/update_001024.pt,,,,
raw_direction_oracle,"[1024, 384]",transformer.h.3.mlp.w1.weight,transformer.h.3.mlp.w1.weight,int4-dynamic-b2048,4,dynamic,2048,0.013641357421875,0.1969158947467804,0.9816638231277466,1.0310574769973755,ok,0.48128220438957214,0.8841537833213806,0.999741792678833,ok,0.48128220438957214,0.8841537833213806,0.999741792678833,1,1024,/home/sienna/projects/experiments/lowp-optimizer-bench/reports/muon_update_fidelity_formal_s0_s1_results/muon-fidelity-formal/fp32_muon_snapshot_s1/muon_momentum_snapshots/update_001024.pt,0.00042873620986938477,0.0032003074884414673,0.0030065178871154785,-0.006319373846054077
muon_update_direction_oracle,"[1024, 384]",transformer.h.3.mlp.w1.weight,transformer.h.3.mlp.w1.weight,int4-dynamic-b2048,4,dynamic,2048,0.013689677231013775,0.19432604312896729,0.9811703562736511,1.0025701522827148,ok,0.4873519539833069,0.8812581896781921,1.0001200437545776,ok,0.4873519539833069,0.8812581896781921,1.0001200437545776,1,1024,/home/sienna/projects/experiments/lowp-optimizer-bench/reports/muon_update_fidelity_formal_s0_s1_results/muon-fidelity-formal/fp32_muon_snapshot_s1/muon_momentum_snapshots/update_001024.pt,-6.473064422607422e-05,0.0006104558706283569,0.00011092424392700195,-0.00024962425231933594
nearest,"[1024, 384]",transformer.h.3.mlp.w2.weight,transformer.h.3.mlp.w2.weight,int4-dynamic-b2048,4,dynamic,2048,0.01384735107421875,0.19517044723033905,0.9809291362762451,0.9986355900764465,ok,0.4941854476928711,0.8776660561561584,0.9981517791748047,ok,0.4941854476928711,0.8776660561561584,0.9981517791748047,1,1024,/home/sienna/projects/experiments/lowp-optimizer-bench/reports/muon_update_fidelity_formal_s0_s1_results/muon-fidelity-formal/fp32_muon_snapshot_s1/muon_momentum_snapshots/update_001024.pt,,,,
raw_direction_oracle,"[1024, 384]",transformer.h.3.mlp.w2.weight,transformer.h.3.mlp.w2.weight,int4-dynamic-b2048,4,dynamic,2048,0.013827006332576275,0.19819627702236176,0.9812915921211243,1.0283546447753906,ok,0.4886693060398102,0.8803358674049377,0.9977614879608154,ok,0.4886693060398102,0.8803358674049377,0.9977614879608154,1,1024,/home/sienna/projects/experiments/lowp-optimizer-bench/reports/muon_update_fidelity_formal_s0_s1_results/muon-fidelity-formal/fp32_muon_snapshot_s1/muon_momentum_snapshots/update_001024.pt,0.0003624558448791504,0.003025829792022705,0.002669811248779297,-0.005516141653060913
muon_update_direction_oracle,"[1024, 384]",transformer.h.3.mlp.w2.weight,transformer.h.3.mlp.w2.weight,int4-dynamic-b2048,4,dynamic,2048,0.01384735107421875,0.19616897404193878,0.9808160066604614,1.0027769804000854,ok,0.4939767122268677,0.8777270913124084,0.9978007674217224,ok,0.4939767122268677,0.8777270913124084,0.9978007674217224,1,1024,/home/sienna/projects/experiments/lowp-optimizer-bench/reports/muon_update_fidelity_formal_s0_s1_results/muon-fidelity-formal/fp32_muon_snapshot_s1/muon_momentum_snapshots/update_001024.pt,-0.0001131296157836914,0.0009985268115997314,6.103515625e-05,-0.00020873546600341797
nearest,"[384, 1024]",transformer.h.3.mlp.c_proj.weight,transformer.h.3.mlp.c_proj.weight,int4-dynamic-b2048,4,dynamic,2048,0.0211181640625,0.2251882702112198,0.9744461178779602,0.9904137849807739,ok,0.47377684712409973,0.8892350792884827,1.0125386714935303,ok,0.47377684712409973,0.8892350792884827,1.0125386714935303,1,1024,/home/sienna/projects/experiments/lowp-optimizer-bench/reports/muon_update_fidelity_formal_s0_s1_results/muon-fidelity-formal/fp32_muon_snapshot_s1/muon_momentum_snapshots/update_001024.pt,,,,
raw_direction_oracle,"[384, 1024]",transformer.h.3.mlp.c_proj.weight,transformer.h.3.mlp.c_proj.weight,int4-dynamic-b2048,4,dynamic,2048,0.02108255960047245,0.22761361300945282,0.9746004939079285,1.015271782875061,ok,0.46977710723876953,0.89096999168396,1.0114600658416748,ok,0.46977710723876953,0.89096999168396,1.0114600658416748,1,1024,/home/sienna/projects/experiments/lowp-optimizer-bench/reports/muon_update_fidelity_formal_s0_s1_results/muon-fidelity-formal/fp32_muon_snapshot_s1/muon_momentum_snapshots/update_001024.pt,0.00015437602996826172,0.0024253427982330322,0.001734912395477295,-0.0039997398853302
muon_update_direction_oracle,"[384, 1024]",transformer.h.3.mlp.c_proj.weight,transformer.h.3.mlp.c_proj.weight,int4-dynamic-b2048,4,dynamic,2048,0.0211181640625,0.2251882702112198,0.9744461178779602,0.9904137849807739,ok,0.47377684712409973,0.8892350792884827,1.0125386714935303,ok,0.47377684712409973,0.8892350792884827,1.0125386714935303,1,1024,/home/sienna/projects/experiments/lowp-optimizer-bench/reports/muon_update_fidelity_formal_s0_s1_results/muon-fidelity-formal/fp32_muon_snapshot_s1/muon_momentum_snapshots/update_001024.pt,0.0,0.0,0.0,0.0
nearest,"[1152, 384]",transformer.h.4.attn.c_attn.weight,transformer.h.4.attn.c_attn.weight,int4-dynamic-b2048,4,dynamic,2048,0.015317563898861408,0.19750002026557922,0.9804592728614807,0.9979658126831055,ok,0.9951984286308289,0.5343714952468872,1.059702754020691,ok,0.9951984286308289,0.5343714952468872,1.059702754020691,1,1024,/home/sienna/projects/experiments/lowp-optimizer-bench/reports/muon_update_fidelity_formal_s0_s1_results/muon-fidelity-formal/fp32_muon_snapshot_s1/muon_momentum_snapshots/update_001024.pt,,,,
raw_direction_oracle,"[1152, 384]",transformer.h.4.attn.c_attn.weight,transformer.h.4.attn.c_attn.weight,int4-dynamic-b2048,4,dynamic,2048,0.015274613164365292,0.20025652647018433,0.9808384776115417,1.027169108390808,ok,0.9923971891403198,0.5371041893959045,1.059916615486145,ok,0.9923971891403198,0.5371041893959045,1.059916615486145,1,1024,/home/sienna/projects/experiments/lowp-optimizer-bench/reports/muon_update_fidelity_formal_s0_s1_results/muon-fidelity-formal/fp32_muon_snapshot_s1/muon_momentum_snapshots/update_001024.pt,0.00037920475006103516,0.0027565062046051025,0.002732694149017334,-0.002801239490509033
muon_update_direction_oracle,"[1152, 384]",transformer.h.4.attn.c_attn.weight,transformer.h.4.attn.c_attn.weight,int4-dynamic-b2048,4,dynamic,2048,0.015317563898861408,0.19780124723911285,0.9804295897483826,0.9995917677879333,ok,0.9951242804527283,0.5346411466598511,1.0601061582565308,ok,0.9951242804527283,0.5346411466598511,1.0601061582565308,1,1024,/home/sienna/projects/experiments/lowp-optimizer-bench/reports/muon_update_fidelity_formal_s0_s1_results/muon-fidelity-formal/fp32_muon_snapshot_s1/muon_momentum_snapshots/update_001024.pt,-2.968311309814453e-05,0.00030122697353363037,0.0002696514129638672,-7.414817810058594e-05
nearest,"[384, 384]",transformer.h.4.attn.c_proj.weight,transformer.h.4.attn.c_proj.weight,int4-dynamic-b2048,4,dynamic,2048,0.0125868059694767,0.197390615940094,0.9805054664611816,0.9993215799331665,ok,0.9992861747741699,0.538959264755249,1.076593041419983,ok,0.9992861747741699,0.538959264755249,1.076593041419983,1,1024,/home/sienna/projects/experiments/lowp-optimizer-bench/reports/muon_update_fidelity_formal_s0_s1_results/muon-fidelity-formal/fp32_muon_snapshot_s1/muon_momentum_snapshots/update_001024.pt,,,,
raw_direction_oracle,"[384, 384]",transformer.h.4.attn.c_proj.weight,transformer.h.4.attn.c_proj.weight,int4-dynamic-b2048,4,dynamic,2048,0.0125732421875,0.20038552582263947,0.9810026288032532,1.0312093496322632,ok,0.9942847490310669,0.5427317023277283,1.0748592615127563,ok,0.9942847490310669,0.5427317023277283,1.0748592615127563,1,1024,/home/sienna/projects/experiments/lowp-optimizer-bench/reports/muon_update_fidelity_formal_s0_s1_results/muon-fidelity-formal/fp32_muon_snapshot_s1/muon_momentum_snapshots/update_001024.pt,0.0004971623420715332,0.002994909882545471,0.003772437572479248,-0.005001425743103027
muon_update_direction_oracle,"[384, 384]",transformer.h.4.attn.c_proj.weight,transformer.h.4.attn.c_proj.weight,int4-dynamic-b2048,4,dynamic,2048,0.0125868059694767,0.19750283658504486,0.9804965853691101,1.0000141859054565,ok,0.9991722106933594,0.5391280651092529,1.0767191648483276,ok,0.9991722106933594,0.5391280651092529,1.0767191648483276,1,1024,/home/sienna/projects/experiments/lowp-optimizer-bench/reports/muon_update_fidelity_formal_s0_s1_results/muon-fidelity-formal/fp32_muon_snapshot_s1/muon_momentum_snapshots/update_001024.pt,-8.881092071533203e-06,0.0001122206449508667,0.00016880035400390625,-0.00011396408081054688
nearest,"[1024, 384]",transformer.h.4.mlp.w1.weight,transformer.h.4.mlp.w1.weight,int4-dynamic-b2048,4,dynamic,2048,0.013745625503361225,0.19609814882278442,0.9807512164115906,0.9988402724266052,ok,0.47976231575012207,0.8846534490585327,0.9977176785469055,ok,0.47976231575012207,0.8846534490585327,0.9977176785469055,1,1024,/home/sienna/projects/experiments/lowp-optimizer-bench/reports/muon_update_fidelity_formal_s0_s1_results/muon-fidelity-formal/fp32_muon_snapshot_s1/muon_momentum_snapshots/update_001024.pt,,,,
raw_direction_oracle,"[1024, 384]",transformer.h.4.mlp.w1.weight,transformer.h.4.mlp.w1.weight,int4-dynamic-b2048,4,dynamic,2048,0.0136871337890625,0.19891250133514404,0.981164276599884,1.0285910367965698,ok,0.47567734122276306,0.8866509199142456,0.9980901479721069,ok,0.47567734122276306,0.8866509199142456,0.9980901479721069,1,1024,/home/sienna/projects/experiments/lowp-optimizer-bench/reports/muon_update_fidelity_formal_s0_s1_results/muon-fidelity-formal/fp32_muon_snapshot_s1/muon_momentum_snapshots/update_001024.pt,0.00041306018829345703,0.002814352512359619,0.0019974708557128906,-0.004084974527359009
muon_update_direction_oracle,"[1024, 384]",transformer.h.4.mlp.w1.weight,transformer.h.4.mlp.w1.weight,int4-dynamic-b2048,4,dynamic,2048,0.013745625503361225,0.198318213224411,0.9804981350898743,1.0070792436599731,ok,0.47906985878944397,0.8849305510520935,0.997225284576416,ok,0.47906985878944397,0.8849305510520935,0.997225284576416,1,1024,/home/sienna/projects/experiments/lowp-optimizer-bench/reports/muon_update_fidelity_formal_s0_s1_results/muon-fidelity-formal/fp32_muon_snapshot_s1/muon_momentum_snapshots/update_001024.pt,-0.0002530813217163086,0.002220064401626587,0.000277101993560791,-0.0006924569606781006
nearest,"[1024, 384]",transformer.h.4.mlp.w2.weight,transformer.h.4.mlp.w2.weight,int4-dynamic-b2048,4,dynamic,2048,0.014185587875545025,0.19589518010616302,0.9807838797569275,0.9984422922134399,ok,0.4958229660987854,0.8766452074050903,0.9964252710342407,ok,0.4958229660987854,0.8766452074050903,0.9964252710342407,1,1024,/home/sienna/projects/experiments/lowp-optimizer-bench/reports/muon_update_fidelity_formal_s0_s1_results/muon-fidelity-formal/fp32_muon_snapshot_s1/muon_momentum_snapshots/update_001024.pt,,,,
raw_direction_oracle,"[1024, 384]",transformer.h.4.mlp.w2.weight,transformer.h.4.mlp.w2.weight,int4-dynamic-b2048,4,dynamic,2048,0.014139811508357525,0.19853344559669495,0.9811193346977234,1.0259592533111572,ok,0.49028995633125305,0.8793725967407227,0.9963371157646179,ok,0.49028995633125305,0.8793725967407227,0.9963371157646179,1,1024,/home/sienna/projects/experiments/lowp-optimizer-bench/reports/muon_update_fidelity_formal_s0_s1_results/muon-fidelity-formal/fp32_muon_snapshot_s1/muon_momentum_snapshots/update_001024.pt,0.00033545494079589844,0.0026382654905319214,0.0027273893356323242,-0.005533009767532349
muon_update_direction_oracle,"[1024, 384]",transformer.h.4.mlp.w2.weight,transformer.h.4.mlp.w2.weight,int4-dynamic-b2048,4,dynamic,2048,0.014185587875545025,0.19879905879497528,0.9804278612136841,1.0079890489578247,ok,0.49525243043899536,0.8768910765647888,0.9961082339286804,ok,0.49525243043899536,0.8768910765647888,0.9961082339286804,1,1024,/home/sienna/projects/experiments/lowp-optimizer-bench/reports/muon_update_fidelity_formal_s0_s1_results/muon-fidelity-formal/fp32_muon_snapshot_s1/muon_momentum_snapshots/update_001024.pt,-0.0003560185432434082,0.002903878688812256,0.00024586915969848633,-0.0005705356597900391
nearest,"[384, 1024]",transformer.h.4.mlp.c_proj.weight,transformer.h.4.mlp.c_proj.weight,int4-dynamic-b2048,4,dynamic,2048,0.025604248046875,0.23459941148757935,0.9721634387969971,0.9839433431625366,ok,0.5113436579704285,0.8711327910423279,1.0137683153152466,ok,0.5113436579704285,0.8711327910423279,1.0137683153152466,1,1024,/home/sienna/projects/experiments/lowp-optimizer-bench/reports/muon_update_fidelity_formal_s0_s1_results/muon-fidelity-formal/fp32_muon_snapshot_s1/muon_momentum_snapshots/update_001024.pt,,,,
raw_direction_oracle,"[384, 1024]",transformer.h.4.mlp.c_proj.weight,transformer.h.4.mlp.c_proj.weight,int4-dynamic-b2048,4,dynamic,2048,0.0255406703799963,0.23608598113059998,0.9721121788024902,0.9992942214012146,ok,0.5093664526939392,0.8721362352371216,1.0138254165649414,ok,0.5093664526939392,0.8721362352371216,1.0138254165649414,1,1024,/home/sienna/projects/experiments/lowp-optimizer-bench/reports/muon_update_fidelity_formal_s0_s1_results/muon-fidelity-formal/fp32_muon_snapshot_s1/muon_momentum_snapshots/update_001024.pt,-5.125999450683594e-05,0.0014865696430206299,0.0010034441947937012,-0.001977205276489258
muon_update_direction_oracle,"[384, 1024]",transformer.h.4.mlp.c_proj.weight,transformer.h.4.mlp.c_proj.weight,int4-dynamic-b2048,4,dynamic,2048,0.025604248046875,0.23471467196941376,0.9721432328224182,0.9845314621925354,ok,0.5112518668174744,0.8711632490158081,1.0136557817459106,ok,0.5112518668174744,0.8711632490158081,1.0136557817459106,1,1024,/home/sienna/projects/experiments/lowp-optimizer-bench/reports/muon_update_fidelity_formal_s0_s1_results/muon-fidelity-formal/fp32_muon_snapshot_s1/muon_momentum_snapshots/update_001024.pt,-2.0205974578857422e-05,0.00011526048183441162,3.045797348022461e-05,-9.179115295410156e-05
nearest,"[1152, 384]",transformer.h.5.attn.c_attn.weight,transformer.h.5.attn.c_attn.weight,int4-dynamic-b2048,4,dynamic,2048,0.013448079116642475,0.20375294983386993,0.9792189002037048,0.9988324046134949,ok,1.0292130708694458,0.5070489645004272,1.069523811340332,ok,1.0292130708694458,0.5070489645004272,1.069523811340332,1,1024,/home/sienna/projects/experiments/lowp-optimizer-bench/reports/muon_update_fidelity_formal_s0_s1_results/muon-fidelity-formal/fp32_muon_snapshot_s1/muon_momentum_snapshots/update_001024.pt,,,,
raw_direction_oracle,"[1152, 384]",transformer.h.5.attn.c_attn.weight,transformer.h.5.attn.c_attn.weight,int4-dynamic-b2048,4,dynamic,2048,0.013429994694888592,0.20683258771896362,0.9798069596290588,1.0327365398406982,ok,1.0261356830596924,0.5106876492500305,1.070827603340149,ok,1.0261356830596924,0.5106876492500305,1.070827603340149,1,1024,/home/sienna/projects/experiments/lowp-optimizer-bench/reports/muon_update_fidelity_formal_s0_s1_results/muon-fidelity-formal/fp32_muon_snapshot_s1/muon_momentum_snapshots/update_001024.pt,0.0005880594253540039,0.003079637885093689,0.0036386847496032715,-0.003077387809753418
muon_update_direction_oracle,"[1152, 384]",transformer.h.5.attn.c_attn.weight,transformer.h.5.attn.c_attn.weight,int4-dynamic-b2048,4,dynamic,2048,0.013448079116642475,0.20375294983386993,0.9792189002037048,0.9988324046134949,ok,1.0292130708694458,0.5070489645004272,1.069523811340332,ok,1.0292130708694458,0.5070489645004272,1.069523811340332,1,1024,/home/sienna/projects/experiments/lowp-optimizer-bench/reports/muon_update_fidelity_formal_s0_s1_results/muon-fidelity-formal/fp32_muon_snapshot_s1/muon_momentum_snapshots/update_001024.pt,0.0,0.0,0.0,0.0
nearest,"[384, 384]",transformer.h.5.attn.c_proj.weight,transformer.h.5.attn.c_proj.weight,int4-dynamic-b2048,4,dynamic,2048,0.00916205532848835,0.18503448367118835,0.9829277992248535,1.0025385618209839,ok,0.9946432113647461,0.5418920516967773,1.07383394241333,ok,0.9946432113647461,0.5418920516967773,1.07383394241333,1,1024,/home/sienna/projects/experiments/lowp-optimizer-bench/reports/muon_update_fidelity_formal_s0_s1_results/muon-fidelity-formal/fp32_muon_snapshot_s1/muon_momentum_snapshots/update_001024.pt,,,,
raw_direction_oracle,"[384, 384]",transformer.h.5.attn.c_proj.weight,transformer.h.5.attn.c_proj.weight,int4-dynamic-b2048,4,dynamic,2048,0.0091417096555233,0.18803049623966217,0.9834727048873901,1.0342109203338623,ok,0.9904469847679138,0.5462291240692139,1.0747662782669067,ok,0.9904469847679138,0.5462291240692139,1.0747662782669067,1,1024,/home/sienna/projects/experiments/lowp-optimizer-bench/reports/muon_update_fidelity_formal_s0_s1_results/muon-fidelity-formal/fp32_muon_snapshot_s1/muon_momentum_snapshots/update_001024.pt,0.0005449056625366211,0.002996012568473816,0.0043370723724365234,-0.004196226596832275
muon_update_direction_oracle,"[384, 384]",transformer.h.5.attn.c_proj.weight,transformer.h.5.attn.c_proj.weight,int4-dynamic-b2048,4,dynamic,2048,0.00916205532848835,0.18507850170135498,0.9829300045967102,1.0030732154846191,ok,0.9942916035652161,0.542129397392273,1.0736554861068726,ok,0.9942916035652161,0.542129397392273,1.0736554861068726,1,1024,/home/sienna/projects/experiments/lowp-optimizer-bench/reports/muon_update_fidelity_formal_s0_s1_results/muon-fidelity-formal/fp32_muon_snapshot_s1/muon_momentum_snapshots/update_001024.pt,2.205371856689453e-06,4.4018030166625977e-05,0.00023734569549560547,-0.0003516077995300293
nearest,"[1024, 384]",transformer.h.5.mlp.w1.weight,transformer.h.5.mlp.w1.weight,int4-dynamic-b2048,4,dynamic,2048,0.01722208596765995,0.20365256071090698,0.9792104959487915,0.9973032474517822,ok,0.5302402973175049,0.8579840660095215,0.9894816279411316,ok,0.5302402973175049,0.8579840660095215,0.9894816279411316,1,1024,/home/sienna/projects/experiments/lowp-optimizer-bench/reports/muon_update_fidelity_formal_s0_s1_results/muon-fidelity-formal/fp32_muon_snapshot_s1/muon_momentum_snapshots/update_001024.pt,,,,
raw_direction_oracle,"[1024, 384]",transformer.h.5.mlp.w1.weight,transformer.h.5.mlp.w1.weight,int4-dynamic-b2048,4,dynamic,2048,0.0171534214168787,0.20658764243125916,0.9795316457748413,1.0260123014450073,ok,0.5267451405525208,0.8598614931106567,0.9895625114440918,ok,0.5267451405525208,0.8598614931106567,0.9895625114440918,1,1024,/home/sienna/projects/experiments/lowp-optimizer-bench/reports/muon_update_fidelity_formal_s0_s1_results/muon-fidelity-formal/fp32_muon_snapshot_s1/muon_momentum_snapshots/update_001024.pt,0.0003211498260498047,0.002935081720352173,0.001877427101135254,-0.003495156764984131
muon_update_direction_oracle,"[1024, 384]",transformer.h.5.mlp.w1.weight,transformer.h.5.mlp.w1.weight,int4-dynamic-b2048,4,dynamic,2048,0.01722208596765995,0.2050388753414154,0.9790517091751099,1.0032011270523071,ok,0.529853343963623,0.8581447601318359,0.9891300201416016,ok,0.529853343963623,0.8581447601318359,0.9891300201416016,1,1024,/home/sienna/projects/experiments/lowp-optimizer-bench/reports/muon_update_fidelity_formal_s0_s1_results/muon-fidelity-formal/fp32_muon_snapshot_s1/muon_momentum_snapshots/update_001024.pt,-0.00015878677368164062,0.0013863146305084229,0.00016069412231445312,-0.00038695335388183594
nearest,"[1024, 384]",transformer.h.5.mlp.w2.weight,transformer.h.5.mlp.w2.weight,int4-dynamic-b2048,4,dynamic,2048,0.0167261753231287,0.2024945616722107,0.9794203639030457,0.9957943558692932,ok,0.5288376212120056,0.8587549328804016,0.9896344542503357,ok,0.5288376212120056,0.8587549328804016,0.9896344542503357,1,1024,/home/sienna/projects/experiments/lowp-optimizer-bench/reports/muon_update_fidelity_formal_s0_s1_results/muon-fidelity-formal/fp32_muon_snapshot_s1/muon_momentum_snapshots/update_001024.pt,,,,
raw_direction_oracle,"[1024, 384]",transformer.h.5.mlp.w2.weight,transformer.h.5.mlp.w2.weight,int4-dynamic-b2048,4,dynamic,2048,0.016693115234375,0.20515850186347961,0.9797290563583374,1.0239894390106201,ok,0.5246624946594238,0.8609287738800049,0.9892597198486328,ok,0.5246624946594238,0.8609287738800049,0.9892597198486328,1,1024,/home/sienna/projects/experiments/lowp-optimizer-bench/reports/muon_update_fidelity_formal_s0_s1_results/muon-fidelity-formal/fp32_muon_snapshot_s1/muon_momentum_snapshots/update_001024.pt,0.00030869245529174805,0.002663940191268921,0.0021738409996032715,-0.004175126552581787
muon_update_direction_oracle,"[1024, 384]",transformer.h.5.mlp.w2.weight,transformer.h.5.mlp.w2.weight,int4-dynamic-b2048,4,dynamic,2048,0.0167261753231287,0.20359201729297638,0.9792926907539368,1.0008331537246704,ok,0.5286377668380737,0.8588411211967468,0.9894770979881287,ok,0.5286377668380737,0.8588411211967468,0.9894770979881287,1,1024,/home/sienna/projects/experiments/lowp-optimizer-bench/reports/muon_update_fidelity_formal_s0_s1_results/muon-fidelity-formal/fp32_muon_snapshot_s1/muon_momentum_snapshots/update_001024.pt,-0.00012767314910888672,0.001097455620765686,8.618831634521484e-05,-0.00019985437393188477
nearest,"[384, 1024]",transformer.h.5.mlp.c_proj.weight,transformer.h.5.mlp.c_proj.weight,int4-dynamic-b2048,4,dynamic,2048,0.01979573629796505,0.2240065634250641,0.9747224450111389,0.990935206413269,ok,0.5518769025802612,0.8491503000259399,1.0092262029647827,ok,0.5518769025802612,0.8491503000259399,1.0092262029647827,1,1024,/home/sienna/projects/experiments/lowp-optimizer-bench/reports/muon_update_fidelity_formal_s0_s1_results/muon-fidelity-formal/fp32_muon_snapshot_s1/muon_momentum_snapshots/update_001024.pt,,,,
raw_direction_oracle,"[384, 1024]",transformer.h.5.mlp.c_proj.weight,transformer.h.5.mlp.c_proj.weight,int4-dynamic-b2048,4,dynamic,2048,0.0197168979793787,0.2263498306274414,0.9749181270599365,1.016142725944519,ok,0.5485408306121826,0.851076602935791,1.0099108219146729,ok,0.5485408306121826,0.851076602935791,1.0099108219146729,1,1024,/home/sienna/projects/experiments/lowp-optimizer-bench/reports/muon_update_fidelity_formal_s0_s1_results/muon-fidelity-formal/fp32_muon_snapshot_s1/muon_momentum_snapshots/update_001024.pt,0.00019568204879760742,0.0023432672023773193,0.0019263029098510742,-0.0033360719680786133
muon_update_direction_oracle,"[384, 1024]",transformer.h.5.mlp.c_proj.weight,transformer.h.5.mlp.c_proj.weight,int4-dynamic-b2048,4,dynamic,2048,0.01979573629796505,0.2240406572818756,0.9747191071510315,0.991195559501648,ok,0.5518615245819092,0.8491557836532593,1.0092073678970337,ok,0.5518615245819092,0.8491557836532593,1.0092073678970337,1,1024,/home/sienna/projects/experiments/lowp-optimizer-bench/reports/muon_update_fidelity_formal_s0_s1_results/muon-fidelity-formal/fp32_muon_snapshot_s1/muon_momentum_snapshots/update_001024.pt,-3.337860107421875e-06,3.409385681152344e-05,5.4836273193359375e-06,-1.537799835205078e-05
nearest,"[1152, 384]",transformer.h.0.attn.c_attn.weight,transformer.h.0.attn.c_attn.weight,int4-dynamic-b2048,4,dynamic,2048,0.01741536520421505,0.20620013773441315,0.978695809841156,0.9977735280990601,ok,0.9635266661643982,0.5535457730293274,1.0381038188934326,ok,0.9635266661643982,0.5535457730293274,1.0381038188934326,1,2048,/home/sienna/projects/experiments/lowp-optimizer-bench/reports/muon_update_fidelity_formal_s0_s1_results/muon-fidelity-formal/fp32_muon_snapshot_s1/muon_momentum_snapshots/update_002048.pt,,,,
raw_direction_oracle,"[1152, 384]",transformer.h.0.attn.c_attn.weight,transformer.h.0.attn.c_attn.weight,int4-dynamic-b2048,4,dynamic,2048,0.017358850687742233,0.2090781182050705,0.9791077375411987,1.027745246887207,ok,0.9594345688819885,0.5578120350837708,1.039131760597229,ok,0.9594345688819885,0.5578120350837708,1.039131760597229,1,2048,/home/sienna/projects/experiments/lowp-optimizer-bench/reports/muon_update_fidelity_formal_s0_s1_results/muon-fidelity-formal/fp32_muon_snapshot_s1/muon_momentum_snapshots/update_002048.pt,0.0004119277000427246,0.0028779804706573486,0.004266262054443359,-0.004092097282409668
muon_update_direction_oracle,"[1152, 384]",transformer.h.0.attn.c_attn.weight,transformer.h.0.attn.c_attn.weight,int4-dynamic-b2048,4,dynamic,2048,0.01741536520421505,0.20664605498313904,0.9786401987075806,0.9996024370193481,ok,0.9633280038833618,0.5537396669387817,1.038124442100525,ok,0.9633280038833618,0.5537396669387817,1.038124442100525,1,2048,/home/sienna/projects/experiments/lowp-optimizer-bench/reports/muon_update_fidelity_formal_s0_s1_results/muon-fidelity-formal/fp32_muon_snapshot_s1/muon_momentum_snapshots/update_002048.pt,-5.561113357543945e-05,0.0004459172487258911,0.0001938939094543457,-0.00019866228103637695
nearest,"[384, 384]",transformer.h.0.attn.c_proj.weight,transformer.h.0.attn.c_proj.weight,int4-dynamic-b2048,4,dynamic,2048,0.012308756820857525,0.1965482383966446,0.9806644320487976,0.9989349842071533,ok,1.0172797441482544,0.5137424468994141,1.060359001159668,ok,1.0172797441482544,0.5137424468994141,1.060359001159668,1,2048,/home/sienna/projects/experiments/lowp-optimizer-bench/reports/muon_update_fidelity_formal_s0_s1_results/muon-fidelity-formal/fp32_muon_snapshot_s1/muon_momentum_snapshots/update_002048.pt,,,,
raw_direction_oracle,"[384, 384]",transformer.h.0.attn.c_proj.weight,transformer.h.0.attn.c_proj.weight,int4-dynamic-b2048,4,dynamic,2048,0.01227484829723835,0.1994970589876175,0.9811216592788696,1.0300990343093872,ok,1.0093131065368652,0.5197523236274719,1.057205319404602,ok,1.0093131065368652,0.5197523236274719,1.057205319404602,1,2048,/home/sienna/projects/experiments/lowp-optimizer-bench/reports/muon_update_fidelity_formal_s0_s1_results/muon-fidelity-formal/fp32_muon_snapshot_s1/muon_momentum_snapshots/update_002048.pt,0.0004572272300720215,0.0029488205909729004,0.006009876728057861,-0.00796663761138916
muon_update_direction_oracle,"[384, 384]",transformer.h.0.attn.c_proj.weight,transformer.h.0.attn.c_proj.weight,int4-dynamic-b2048,4,dynamic,2048,0.012308756820857525,0.19668157398700714,0.9806503653526306,0.9995861649513245,ok,1.0170338153839111,0.5139204859733582,1.0602467060089111,ok,1.0170338153839111,0.5139204859733582,1.0602467060089111,1,2048,/home/sienna/projects/experiments/lowp-optimizer-bench/reports/muon_update_fidelity_formal_s0_s1_results/muon-fidelity-formal/fp32_muon_snapshot_s1/muon_momentum_snapshots/update_002048.pt,-1.4066696166992188e-05,0.00013333559036254883,0.0001780390739440918,-0.0002459287643432617
nearest,"[1024, 384]",transformer.h.0.mlp.w1.weight,transformer.h.0.mlp.w1.weight,int4-dynamic-b2048,4,dynamic,2048,0.013214111328125,0.1978924572467804,0.9803985357284546,0.9989094138145447,ok,0.3930789530277252,0.9234745502471924,1.0090113878250122,ok,0.3930789530277252,0.9234745502471924,1.0090113878250122,1,2048,/home/sienna/projects/experiments/lowp-optimizer-bench/reports/muon_update_fidelity_formal_s0_s1_results/muon-fidelity-formal/fp32_muon_snapshot_s1/muon_momentum_snapshots/update_002048.pt,,,,
raw_direction_oracle,"[1024, 384]",transformer.h.0.mlp.w1.weight,transformer.h.0.mlp.w1.weight,int4-dynamic-b2048,4,dynamic,2048,0.01318359375,0.20076589286327362,0.9808074235916138,1.0286656618118286,ok,0.38786157965660095,0.9254125356674194,1.0080265998840332,ok,0.38786157965660095,0.9254125356674194,1.0080265998840332,1,2048,/home/sienna/projects/experiments/lowp-optimizer-bench/reports/muon_update_fidelity_formal_s0_s1_results/muon-fidelity-formal/fp32_muon_snapshot_s1/muon_momentum_snapshots/update_002048.pt,0.0004088878631591797,0.002873435616493225,0.0019379854202270508,-0.005217373371124268
muon_update_direction_oracle,"[1024, 384]",transformer.h.0.mlp.w1.weight,transformer.h.0.mlp.w1.weight,int4-dynamic-b2048,4,dynamic,2048,0.013214111328125,0.1982397437095642,0.9803704023361206,1.0009922981262207,ok,0.39274096488952637,0.923578679561615,1.008684754371643,ok,0.39274096488952637,0.923578679561615,1.008684754371643,1,2048,/home/sienna/projects/experiments/lowp-optimizer-bench/reports/muon_update_fidelity_formal_s0_s1_results/muon-fidelity-formal/fp32_muon_snapshot_s1/muon_momentum_snapshots/update_002048.pt,-2.8133392333984375e-05,0.0003472864627838135,0.00010412931442260742,-0.00033798813819885254
nearest,"[1024, 384]",transformer.h.0.mlp.w2.weight,transformer.h.0.mlp.w2.weight,int4-dynamic-b2048,4,dynamic,2048,0.013552348129451275,0.19713978469371796,0.9805217385292053,0.9974702596664429,ok,0.3956037163734436,0.9222975969314575,1.0067673921585083,ok,0.3956037163734436,0.9222975969314575,1.0067673921585083,1,2048,/home/sienna/projects/experiments/lowp-optimizer-bench/reports/muon_update_fidelity_formal_s0_s1_results/muon-fidelity-formal/fp32_muon_snapshot_s1/muon_momentum_snapshots/update_002048.pt,,,,
raw_direction_oracle,"[1024, 384]",transformer.h.0.mlp.w2.weight,transformer.h.0.mlp.w2.weight,int4-dynamic-b2048,4,dynamic,2048,0.0135345458984375,0.1997920423746109,0.9809036254882812,1.0266075134277344,ok,0.39158204197883606,0.9239425659179688,1.0076475143432617,ok,0.39158204197883606,0.9239425659179688,1.0076475143432617,1,2048,/home/sienna/projects/experiments/lowp-optimizer-bench/reports/muon_update_fidelity_formal_s0_s1_results/muon-fidelity-formal/fp32_muon_snapshot_s1/muon_momentum_snapshots/update_002048.pt,0.00038188695907592773,0.0026522576808929443,0.0016449689865112305,-0.004021674394607544
muon_update_direction_oracle,"[1024, 384]",transformer.h.0.mlp.w2.weight,transformer.h.0.mlp.w2.weight,int4-dynamic-b2048,4,dynamic,2048,0.013552348129451275,0.19744180142879486,0.9804893136024475,0.9990006685256958,ok,0.3954295516014099,0.9223451614379883,1.0065178871154785,ok,0.3954295516014099,0.9223451614379883,1.0065178871154785,1,2048,/home/sienna/projects/experiments/lowp-optimizer-bench/reports/muon_update_fidelity_formal_s0_s1_results/muon-fidelity-formal/fp32_muon_snapshot_s1/muon_momentum_snapshots/update_002048.pt,-3.24249267578125e-05,0.0003020167350769043,4.756450653076172e-05,-0.0001741647720336914
nearest,"[384, 1024]",transformer.h.0.mlp.c_proj.weight,transformer.h.0.mlp.c_proj.weight,int4-dynamic-b2048,4,dynamic,2048,0.0274200439453125,0.23380081355571747,0.9723535776138306,0.9839425683021545,ok,0.49476131796836853,0.8794025778770447,1.0140786170959473,ok,0.49476131796836853,0.8794025778770447,1.0140786170959473,1,2048,/home/sienna/projects/experiments/lowp-optimizer-bench/reports/muon_update_fidelity_formal_s0_s1_results/muon-fidelity-formal/fp32_muon_snapshot_s1/muon_momentum_snapshots/update_002048.pt,,,,
raw_direction_oracle,"[384, 1024]",transformer.h.0.mlp.c_proj.weight,transformer.h.0.mlp.c_proj.weight,int4-dynamic-b2048,4,dynamic,2048,0.02734375,0.23528258502483368,0.9723150134086609,0.9997812509536743,ok,0.4931371510028839,0.8801774382591248,1.0139554738998413,ok,0.4931371510028839,0.8801774382591248,1.0139554738998413,1,2048,/home/sienna/projects/experiments/lowp-optimizer-bench/reports/muon_update_fidelity_formal_s0_s1_results/muon-fidelity-formal/fp32_muon_snapshot_s1/muon_momentum_snapshots/update_002048.pt,-3.8564205169677734e-05,0.001481771469116211,0.0007748603820800781,-0.0016241669654846191
muon_update_direction_oracle,"[384, 1024]",transformer.h.0.mlp.c_proj.weight,transformer.h.0.mlp.c_proj.weight,int4-dynamic-b2048,4,dynamic,2048,0.0274200439453125,0.2339099794626236,0.9723355174064636,0.9845930933952332,ok,0.49470755457878113,0.8794230222702026,1.0140355825424194,ok,0.49470755457878113,0.8794230222702026,1.0140355825424194,1,2048,/home/sienna/projects/experiments/lowp-optimizer-bench/reports/muon_update_fidelity_formal_s0_s1_results/muon-fidelity-formal/fp32_muon_snapshot_s1/muon_momentum_snapshots/update_002048.pt,-1.806020736694336e-05,0.00010916590690612793,2.0444393157958984e-05,-5.3763389587402344e-05
nearest,"[1152, 384]",transformer.h.1.attn.c_attn.weight,transformer.h.1.attn.c_attn.weight,int4-dynamic-b2048,4,dynamic,2048,0.015414767898619175,0.20518940687179565,0.9788951277732849,0.9972886443138123,ok,0.9625126123428345,0.5539683103561401,1.0369913578033447,ok,0.9625126123428345,0.5539683103561401,1.0369913578033447,1,2048,/home/sienna/projects/experiments/lowp-optimizer-bench/reports/muon_update_fidelity_formal_s0_s1_results/muon-fidelity-formal/fp32_muon_snapshot_s1/muon_momentum_snapshots/update_002048.pt,,,,
raw_direction_oracle,"[1152, 384]",transformer.h.1.attn.c_attn.weight,transformer.h.1.attn.c_attn.weight,int4-dynamic-b2048,4,dynamic,2048,0.015371817164123058,0.20806506276130676,0.9793351292610168,1.0282047986984253,ok,0.9595927596092224,0.5575248599052429,1.0388271808624268,ok,0.9595927596092224,0.5575248599052429,1.0388271808624268,1,2048,/home/sienna/projects/experiments/lowp-optimizer-bench/reports/muon_update_fidelity_formal_s0_s1_results/muon-fidelity-formal/fp32_muon_snapshot_s1/muon_momentum_snapshots/update_002048.pt,0.0004400014877319336,0.0028756558895111084,0.003556549549102783,-0.0029198527336120605
muon_update_direction_oracle,"[1152, 384]",transformer.h.1.attn.c_attn.weight,transformer.h.1.attn.c_attn.weight,int4-dynamic-b2048,4,dynamic,2048,0.015414767898619175,0.20518940687179565,0.9788951277732849,0.9972886443138123,ok,0.9625126123428345,0.5539683103561401,1.0369913578033447,ok,0.9625126123428345,0.5539683103561401,1.0369913578033447,1,2048,/home/sienna/projects/experiments/lowp-optimizer-bench/reports/muon_update_fidelity_formal_s0_s1_results/muon-fidelity-formal/fp32_muon_snapshot_s1/muon_momentum_snapshots/update_002048.pt,0.0,0.0,0.0,0.0
nearest,"[384, 384]",transformer.h.1.attn.c_proj.weight,transformer.h.1.attn.c_proj.weight,int4-dynamic-b2048,4,dynamic,2048,0.015530056320130825,0.20967891812324524,0.9779623746871948,0.9973401427268982,ok,1.0398296117782593,0.5019437074661255,1.0791724920272827,ok,1.0398296117782593,0.5019437074661255,1.0791724920272827,1,2048,/home/sienna/projects/experiments/lowp-optimizer-bench/reports/muon_update_fidelity_formal_s0_s1_results/muon-fidelity-formal/fp32_muon_snapshot_s1/muon_momentum_snapshots/update_002048.pt,,,,
raw_direction_oracle,"[384, 384]",transformer.h.1.attn.c_proj.weight,transformer.h.1.attn.c_proj.weight,int4-dynamic-b2048,4,dynamic,2048,0.015380859375,0.2130720019340515,0.9784823656082153,1.0316566228866577,ok,1.0386831760406494,0.5027716159820557,1.0786552429199219,ok,1.0386831760406494,0.5027716159820557,1.0786552429199219,1,2048,/home/sienna/projects/experiments/lowp-optimizer-bench/reports/muon_update_fidelity_formal_s0_s1_results/muon-fidelity-formal/fp32_muon_snapshot_s1/muon_momentum_snapshots/update_002048.pt,0.0005199909210205078,0.0033930838108062744,0.0008279085159301758,-0.0011464357376098633
muon_update_direction_oracle,"[384, 384]",transformer.h.1.attn.c_proj.weight,transformer.h.1.attn.c_proj.weight,int4-dynamic-b2048,4,dynamic,2048,0.015530056320130825,0.20998363196849823,0.977932870388031,0.9990453720092773,ok,1.0397934913635254,0.5020710229873657,1.079345464706421,ok,1.0397934913635254,0.5020710229873657,1.079345464706421,1,2048,/home/sienna/projects/experiments/lowp-optimizer-bench/reports/muon_update_fidelity_formal_s0_s1_results/muon-fidelity-formal/fp32_muon_snapshot_s1/muon_momentum_snapshots/update_002048.pt,-2.950429916381836e-05,0.0003047138452529907,0.00012731552124023438,-3.612041473388672e-05
nearest,"[1024, 384]",transformer.h.1.mlp.w1.weight,transformer.h.1.mlp.w1.weight,int4-dynamic-b2048,4,dynamic,2048,0.013799031265079975,0.19512026011943817,0.9809351563453674,0.9984145760536194,ok,0.443284809589386,0.9026599526405334,1.008943796157837,ok,0.443284809589386,0.9026599526405334,1.008943796157837,1,2048,/home/sienna/projects/experiments/lowp-optimizer-bench/reports/muon_update_fidelity_formal_s0_s1_results/muon-fidelity-formal/fp32_muon_snapshot_s1/muon_momentum_snapshots/update_002048.pt,,,,
raw_direction_oracle,"[1024, 384]",transformer.h.1.mlp.w1.weight,transformer.h.1.mlp.w1.weight,int4-dynamic-b2048,4,dynamic,2048,0.01375579833984375,0.19805900752544403,0.9813284873962402,1.0285842418670654,ok,0.43772387504577637,0.9050179719924927,1.0082639455795288,ok,0.43772387504577637,0.9050179719924927,1.0082639455795288,1,2048,/home/sienna/projects/experiments/lowp-optimizer-bench/reports/muon_update_fidelity_formal_s0_s1_results/muon-fidelity-formal/fp32_muon_snapshot_s1/muon_momentum_snapshots/update_002048.pt,0.00039333105087280273,0.0029387474060058594,0.0023580193519592285,-0.005560934543609619
muon_update_direction_oracle,"[1024, 384]",transformer.h.1.mlp.w1.weight,transformer.h.1.mlp.w1.weight,int4-dynamic-b2048,4,dynamic,2048,0.013799031265079975,0.19537238776683807,0.9809123277664185,0.9998659491539001,ok,0.44297242164611816,0.9027692675590515,1.0086792707443237,ok,0.44297242164611816,0.9027692675590515,1.0086792707443237,1,2048,/home/sienna/projects/experiments/lowp-optimizer-bench/reports/muon_update_fidelity_formal_s0_s1_results/muon-fidelity-formal/fp32_muon_snapshot_s1/muon_momentum_snapshots/update_002048.pt,-2.282857894897461e-05,0.00025212764739990234,0.0001093149185180664,-0.00031238794326782227
nearest,"[1024, 384]",transformer.h.1.mlp.w2.weight,transformer.h.1.mlp.w2.weight,int4-dynamic-b2048,4,dynamic,2048,0.014088948257267475,0.19598549604415894,0.9807695150375366,0.9986407160758972,ok,0.4452953040599823,0.901828408241272,1.0094501972198486,ok,0.4452953040599823,0.901828408241272,1.0094501972198486,1,2048,/home/sienna/projects/experiments/lowp-optimizer-bench/reports/muon_update_fidelity_formal_s0_s1_results/muon-fidelity-formal/fp32_muon_snapshot_s1/muon_momentum_snapshots/update_002048.pt,,,,
raw_direction_oracle,"[1024, 384]",transformer.h.1.mlp.w2.weight,transformer.h.1.mlp.w2.weight,int4-dynamic-b2048,4,dynamic,2048,0.0140380859375,0.1987767368555069,0.981135904788971,1.0273960828781128,ok,0.44024941325187683,0.9040278792381287,1.0093165636062622,ok,0.44024941325187683,0.9040278792381287,1.0093165636062622,1,2048,/home/sienna/projects/experiments/lowp-optimizer-bench/reports/muon_update_fidelity_formal_s0_s1_results/muon-fidelity-formal/fp32_muon_snapshot_s1/muon_momentum_snapshots/update_002048.pt,0.00036638975143432617,0.0027912408113479614,0.0021994709968566895,-0.005045890808105469
muon_update_direction_oracle,"[1024, 384]",transformer.h.1.mlp.w2.weight,transformer.h.1.mlp.w2.weight,int4-dynamic-b2048,4,dynamic,2048,0.014088948257267475,0.19643598794937134,0.9807132482528687,1.000354528427124,ok,0.4450564384460449,0.9019027948379517,1.0091590881347656,ok,0.4450564384460449,0.9019027948379517,1.0091590881347656,1,2048,/home/sienna/projects/experiments/lowp-optimizer-bench/reports/muon_update_fidelity_formal_s0_s1_results/muon-fidelity-formal/fp32_muon_snapshot_s1/muon_momentum_snapshots/update_002048.pt,-5.626678466796875e-05,0.00045049190521240234,7.43865966796875e-05,-0.00023886561393737793
nearest,"[384, 1024]",transformer.h.1.mlp.c_proj.weight,transformer.h.1.mlp.c_proj.weight,int4-dynamic-b2048,4,dynamic,2048,0.0212376918643713,0.2225208282470703,0.9750457406044006,0.9901989102363586,ok,0.48151695728302,0.8855484127998352,1.0122544765472412,ok,0.48151695728302,0.8855484127998352,1.0122544765472412,1,2048,/home/sienna/projects/experiments/lowp-optimizer-bench/reports/muon_update_fidelity_formal_s0_s1_results/muon-fidelity-formal/fp32_muon_snapshot_s1/muon_momentum_snapshots/update_002048.pt,,,,
raw_direction_oracle,"[384, 1024]",transformer.h.1.mlp.c_proj.weight,transformer.h.1.mlp.c_proj.weight,int4-dynamic-b2048,4,dynamic,2048,0.02118682861328125,0.22461901605129242,0.9751638174057007,1.01255464553833,ok,0.4781336784362793,0.8871627449989319,1.0123406648635864,ok,0.4781336784362793,0.8871627449989319,1.0123406648635864,1,2048,/home/sienna/projects/experiments/lowp-optimizer-bench/reports/muon_update_fidelity_formal_s0_s1_results/muon-fidelity-formal/fp32_muon_snapshot_s1/muon_momentum_snapshots/update_002048.pt,0.00011807680130004883,0.002098187804222107,0.0016143321990966797,-0.0033832788467407227
muon_update_direction_oracle,"[384, 1024]",transformer.h.1.mlp.c_proj.weight,transformer.h.1.mlp.c_proj.weight,int4-dynamic-b2048,4,dynamic,2048,0.0212376918643713,0.2225208282470703,0.9750457406044006,0.9901989102363586,ok,0.48151695728302,0.8855484127998352,1.0122544765472412,ok,0.48151695728302,0.8855484127998352,1.0122544765472412,1,2048,/home/sienna/projects/experiments/lowp-optimizer-bench/reports/muon_update_fidelity_formal_s0_s1_results/muon-fidelity-formal/fp32_muon_snapshot_s1/muon_momentum_snapshots/update_002048.pt,0.0,0.0,0.0,0.0
nearest,"[1152, 384]",transformer.h.2.attn.c_attn.weight,transformer.h.2.attn.c_attn.weight,int4-dynamic-b2048,4,dynamic,2048,0.0187852643430233,0.2042512446641922,0.9790799617767334,0.9968640804290771,ok,0.9593154191970825,0.5700510144233704,1.065272331237793,ok,0.9593154191970825,0.5700510144233704,1.065272331237793,1,2048,/home/sienna/projects/experiments/lowp-optimizer-bench/reports/muon_update_fidelity_formal_s0_s1_results/muon-fidelity-formal/fp32_muon_snapshot_s1/muon_momentum_snapshots/update_002048.pt,,,,
raw_direction_oracle,"[1152, 384]",transformer.h.2.attn.c_attn.weight,transformer.h.2.attn.c_attn.weight,int4-dynamic-b2048,4,dynamic,2048,0.018728749826550484,0.20703499019145966,0.9793689250946045,1.0243890285491943,ok,0.9545138478279114,0.5746945738792419,1.0659894943237305,ok,0.9545138478279114,0.5746945738792419,1.0659894943237305,1,2048,/home/sienna/projects/experiments/lowp-optimizer-bench/reports/muon_update_fidelity_formal_s0_s1_results/muon-fidelity-formal/fp32_muon_snapshot_s1/muon_momentum_snapshots/update_002048.pt,0.00028896331787109375,0.002783745527267456,0.004643559455871582,-0.004801571369171143
muon_update_direction_oracle,"[1152, 384]",transformer.h.2.attn.c_attn.weight,transformer.h.2.attn.c_attn.weight,int4-dynamic-b2048,4,dynamic,2048,0.0187852643430233,0.20470617711544037,0.979045033454895,0.9998653531074524,ok,0.9590321779251099,0.5702849626541138,1.0652272701263428,ok,0.9590321779251099,0.5702849626541138,1.0652272701263428,1,2048,/home/sienna/projects/experiments/lowp-optimizer-bench/reports/muon_update_fidelity_formal_s0_s1_results/muon-fidelity-formal/fp32_muon_snapshot_s1/muon_momentum_snapshots/update_002048.pt,-3.4928321838378906e-05,0.00045493245124816895,0.0002339482307434082,-0.00028324127197265625
nearest,"[384, 384]",transformer.h.2.attn.c_proj.weight,transformer.h.2.attn.c_proj.weight,int4-dynamic-b2048,4,dynamic,2048,0.01544189453125,0.19558049738407135,0.9808615446090698,0.9993330836296082,ok,0.9721534252166748,0.5612921118736267,1.0713224411010742,ok,0.9721534252166748,0.5612921118736267,1.0713224411010742,1,2048,/home/sienna/projects/experiments/lowp-optimizer-bench/reports/muon_update_fidelity_formal_s0_s1_results/muon-fidelity-formal/fp32_muon_snapshot_s1/muon_momentum_snapshots/update_002048.pt,,,,
raw_direction_oracle,"[384, 384]",transformer.h.2.attn.c_proj.weight,transformer.h.2.attn.c_proj.weight,int4-dynamic-b2048,4,dynamic,2048,0.0153944231569767,0.19854556024074554,0.9812774658203125,1.0295045375823975,ok,0.9706147909164429,0.5635388493537903,1.0731160640716553,ok,0.9706147909164429,0.5635388493537903,1.0731160640716553,1,2048,/home/sienna/projects/experiments/lowp-optimizer-bench/reports/muon_update_fidelity_formal_s0_s1_results/muon-fidelity-formal/fp32_muon_snapshot_s1/muon_momentum_snapshots/update_002048.pt,0.0004159212112426758,0.0029650628566741943,0.0022467374801635742,-0.0015386343002319336
muon_update_direction_oracle,"[384, 384]",transformer.h.2.attn.c_proj.weight,transformer.h.2.attn.c_proj.weight,int4-dynamic-b2048,4,dynamic,2048,0.01544189453125,0.19582971930503845,0.980837345123291,1.000614881515503,ok,0.9720550775527954,0.561474621295929,1.0715186595916748,ok,0.9720550775527954,0.561474621295929,1.0715186595916748,1,2048,/home/sienna/projects/experiments/lowp-optimizer-bench/reports/muon_update_fidelity_formal_s0_s1_results/muon-fidelity-formal/fp32_muon_snapshot_s1/muon_momentum_snapshots/update_002048.pt,-2.4199485778808594e-05,0.00024922192096710205,0.0001825094223022461,-9.834766387939453e-05
nearest,"[1024, 384]",transformer.h.2.mlp.w1.weight,transformer.h.2.mlp.w1.weight,int4-dynamic-b2048,4,dynamic,2048,0.011461894027888775,0.1919238120317459,0.9816051721572876,1.001190423965454,ok,0.4213215708732605,0.9121458530426025,1.0097260475158691,ok,0.4213215708732605,0.9121458530426025,1.0097260475158691,1,2048,/home/sienna/projects/experiments/lowp-optimizer-bench/reports/muon_update_fidelity_formal_s0_s1_results/muon-fidelity-formal/fp32_muon_snapshot_s1/muon_momentum_snapshots/update_002048.pt,,,,
raw_direction_oracle,"[1024, 384]",transformer.h.2.mlp.w1.weight,transformer.h.2.mlp.w1.weight,int4-dynamic-b2048,4,dynamic,2048,0.011444091796875,0.19494473934173584,0.9820997714996338,1.0323354005813599,ok,0.4151439368724823,0.9146701097488403,1.0093586444854736,ok,0.4151439368724823,0.9146701097488403,1.0093586444854736,1,2048,/home/sienna/projects/experiments/lowp-optimizer-bench/reports/muon_update_fidelity_formal_s0_s1_results/muon-fidelity-formal/fp32_muon_snapshot_s1/muon_momentum_snapshots/update_002048.pt,0.0004945993423461914,0.003020927309989929,0.002524256706237793,-0.006177634000778198
muon_update_direction_oracle,"[1024, 384]",transformer.h.2.mlp.w1.weight,transformer.h.2.mlp.w1.weight,int4-dynamic-b2048,4,dynamic,2048,0.011461894027888775,0.1919887512922287,0.9816023111343384,1.001672387123108,ok,0.42119449377059937,0.9121910333633423,1.0096442699432373,ok,0.42119449377059937,0.9121910333633423,1.0096442699432373,1,2048,/home/sienna/projects/experiments/lowp-optimizer-bench/reports/muon_update_fidelity_formal_s0_s1_results/muon-fidelity-formal/fp32_muon_snapshot_s1/muon_momentum_snapshots/update_002048.pt,-2.86102294921875e-06,6.493926048278809e-05,4.5180320739746094e-05,-0.0001270771026611328
nearest,"[1024, 384]",transformer.h.2.mlp.w2.weight,transformer.h.2.mlp.w2.weight,int4-dynamic-b2048,4,dynamic,2048,0.0120086669921875,0.19317327439785004,0.9813470840454102,1.0002689361572266,ok,0.42485010623931885,0.9105642437934875,1.0086705684661865,ok,0.42485010623931885,0.9105642437934875,1.0086705684661865,1,2048,/home/sienna/projects/experiments/lowp-optimizer-bench/reports/muon_update_fidelity_formal_s0_s1_results/muon-fidelity-formal/fp32_muon_snapshot_s1/muon_momentum_snapshots/update_002048.pt,,,,
raw_direction_oracle,"[1024, 384]",transformer.h.2.mlp.w2.weight,transformer.h.2.mlp.w2.weight,int4-dynamic-b2048,4,dynamic,2048,0.011975605972111225,0.19615551829338074,0.9818153381347656,1.0311949253082275,ok,0.4188784658908844,0.9129595160484314,1.0075856447219849,ok,0.4188784658908844,0.9129595160484314,1.0075856447219849,1,2048,/home/sienna/projects/experiments/lowp-optimizer-bench/reports/muon_update_fidelity_formal_s0_s1_results/muon-fidelity-formal/fp32_muon_snapshot_s1/muon_momentum_snapshots/update_002048.pt,0.00046825408935546875,0.0029822438955307007,0.0023952722549438477,-0.005971640348434448
muon_update_direction_oracle,"[1024, 384]",transformer.h.2.mlp.w2.weight,transformer.h.2.mlp.w2.weight,int4-dynamic-b2048,4,dynamic,2048,0.0120086669921875,0.19328799843788147,0.9813382029533386,1.000958800315857,ok,0.4247116148471832,0.9106098413467407,1.0085384845733643,ok,0.4247116148471832,0.9106098413467407,1.0085384845733643,1,2048,/home/sienna/projects/experiments/lowp-optimizer-bench/reports/muon_update_fidelity_formal_s0_s1_results/muon-fidelity-formal/fp32_muon_snapshot_s1/muon_momentum_snapshots/update_002048.pt,-8.881092071533203e-06,0.0001147240400314331,4.559755325317383e-05,-0.00013849139213562012
nearest,"[384, 1024]",transformer.h.2.mlp.c_proj.weight,transformer.h.2.mlp.c_proj.weight,int4-dynamic-b2048,4,dynamic,2048,0.014261881820857525,0.20687299966812134,0.9785434007644653,0.9970817565917969,ok,0.38776567578315735,0.9254670739173889,1.0082402229309082,ok,0.38776567578315735,0.9254670739173889,1.0082402229309082,1,2048,/home/sienna/projects/experiments/lowp-optimizer-bench/reports/muon_update_fidelity_formal_s0_s1_results/muon-fidelity-formal/fp32_muon_snapshot_s1/muon_momentum_snapshots/update_002048.pt,,,,
raw_direction_oracle,"[384, 1024]",transformer.h.2.mlp.c_proj.weight,transformer.h.2.mlp.c_proj.weight,int4-dynamic-b2048,4,dynamic,2048,0.01422119140625,0.20971141755580902,0.9789829850196838,1.0278345346450806,ok,0.38266298174858093,0.9273402094841003,1.0072822570800781,ok,0.38266298174858093,0.9273402094841003,1.0072822570800781,1,2048,/home/sienna/projects/experiments/lowp-optimizer-bench/reports/muon_update_fidelity_formal_s0_s1_results/muon-fidelity-formal/fp32_muon_snapshot_s1/muon_momentum_snapshots/update_002048.pt,0.00043958425521850586,0.002838417887687683,0.0018731355667114258,-0.005102694034576416
muon_update_direction_oracle,"[384, 1024]",transformer.h.2.mlp.c_proj.weight,transformer.h.2.mlp.c_proj.weight,int4-dynamic-b2048,4,dynamic,2048,0.014261881820857525,0.20688612759113312,0.9785428643226624,0.997196614742279,ok,0.38776645064353943,0.9254670143127441,1.008244514465332,ok,0.38776645064353943,0.9254670143127441,1.008244514465332,1,2048,/home/sienna/projects/experiments/lowp-optimizer-bench/reports/muon_update_fidelity_formal_s0_s1_results/muon-fidelity-formal/fp32_muon_snapshot_s1/muon_momentum_snapshots/update_002048.pt,-5.364418029785156e-07,1.3127923011779785e-05,-5.960464477539063e-08,7.748603820800781e-07
nearest,"[1152, 384]",transformer.h.3.attn.c_attn.weight,transformer.h.3.attn.c_attn.weight,int4-dynamic-b2048,4,dynamic,2048,0.013583713211119175,0.19910040497779846,0.9801406860351562,0.9979424476623535,ok,0.9553354978561401,0.5647911429405212,1.046096682548523,ok,0.9553354978561401,0.5647911429405212,1.046096682548523,1,2048,/home/sienna/projects/experiments/lowp-optimizer-bench/reports/muon_update_fidelity_formal_s0_s1_results/muon-fidelity-formal/fp32_muon_snapshot_s1/muon_momentum_snapshots/update_002048.pt,,,,
raw_direction_oracle,"[1152, 384]",transformer.h.3.attn.c_attn.weight,transformer.h.3.attn.c_attn.weight,int4-dynamic-b2048,4,dynamic,2048,0.013552065007388592,0.2018199861049652,0.9805747866630554,1.0280959606170654,ok,0.9515181183815002,0.5680446028709412,1.0456023216247559,ok,0.9515181183815002,0.5680446028709412,1.0456023216247559,1,2048,/home/sienna/projects/experiments/lowp-optimizer-bench/reports/muon_update_fidelity_formal_s0_s1_results/muon-fidelity-formal/fp32_muon_snapshot_s1/muon_momentum_snapshots/update_002048.pt,0.0004341006278991699,0.002719581127166748,0.003253459930419922,-0.0038173794746398926
muon_update_direction_oracle,"[1152, 384]",transformer.h.3.attn.c_attn.weight,transformer.h.3.attn.c_attn.weight,int4-dynamic-b2048,4,dynamic,2048,0.013583713211119175,0.19954349100589752,0.980087161064148,0.9997922778129578,ok,0.9551817774772644,0.5649362802505493,1.046107292175293,ok,0.9551817774772644,0.5649362802505493,1.046107292175293,1,2048,/home/sienna/projects/experiments/lowp-optimizer-bench/reports/muon_update_fidelity_formal_s0_s1_results/muon-fidelity-formal/fp32_muon_snapshot_s1/muon_momentum_snapshots/update_002048.pt,-5.352497100830078e-05,0.00044308602809906006,0.00014513731002807617,-0.00015372037887573242
nearest,"[384, 384]",transformer.h.3.attn.c_proj.weight,transformer.h.3.attn.c_proj.weight,int4-dynamic-b2048,4,dynamic,2048,0.0120985247194767,0.19706271588802338,0.9805909991264343,1.0003986358642578,ok,0.9430803060531616,0.5789682269096375,1.0528929233551025,ok,0.9430803060531616,0.5789682269096375,1.0528929233551025,1,2048,/home/sienna/projects/experiments/lowp-optimizer-bench/reports/muon_update_fidelity_formal_s0_s1_results/muon-fidelity-formal/fp32_muon_snapshot_s1/muon_momentum_snapshots/update_002048.pt,,,,
raw_direction_oracle,"[384, 384]",transformer.h.3.attn.c_proj.weight,transformer.h.3.attn.c_proj.weight,int4-dynamic-b2048,4,dynamic,2048,0.012051052413880825,0.2002851814031601,0.9811243414878845,1.0332683324813843,ok,0.9400930404663086,0.5818062424659729,1.0532649755477905,ok,0.9400930404663086,0.5818062424659729,1.0532649755477905,1,2048,/home/sienna/projects/experiments/lowp-optimizer-bench/reports/muon_update_fidelity_formal_s0_s1_results/muon-fidelity-formal/fp32_muon_snapshot_s1/muon_momentum_snapshots/update_002048.pt,0.0005333423614501953,0.0032224655151367188,0.0028380155563354492,-0.0029872655868530273
muon_update_direction_oracle,"[384, 384]",transformer.h.3.attn.c_proj.weight,transformer.h.3.attn.c_proj.weight,int4-dynamic-b2048,4,dynamic,2048,0.0120985247194767,0.19731369614601135,0.9805712699890137,1.0018454790115356,ok,0.9423450827598572,0.579487144947052,1.0525829792022705,ok,0.9423450827598572,0.579487144947052,1.0525829792022705,1,2048,/home/sienna/projects/experiments/lowp-optimizer-bench/reports/muon_update_fidelity_formal_s0_s1_results/muon-fidelity-formal/fp32_muon_snapshot_s1/muon_momentum_snapshots/update_002048.pt,-1.9729137420654297e-05,0.0002509802579879761,0.0005189180374145508,-0.0007352232933044434
nearest,"[1024, 384]",transformer.h.3.mlp.w1.weight,transformer.h.3.mlp.w1.weight,int4-dynamic-b2048,4,dynamic,2048,0.01151275634765625,0.19137687981128693,0.9816986918449402,1.0006015300750732,ok,0.40928569436073303,0.9170644879341125,1.009380578994751,ok,0.40928569436073303,0.9170644879341125,1.009380578994751,1,2048,/home/sienna/projects/experiments/lowp-optimizer-bench/reports/muon_update_fidelity_formal_s0_s1_results/muon-fidelity-formal/fp32_muon_snapshot_s1/muon_momentum_snapshots/update_002048.pt,,,,
raw_direction_oracle,"[1024, 384]",transformer.h.3.mlp.w1.weight,transformer.h.3.mlp.w1.weight,int4-dynamic-b2048,4,dynamic,2048,0.011500041000545025,0.19436109066009521,0.9822126030921936,1.032389521598816,ok,0.4024561941623688,0.9197414517402649,1.0085985660552979,ok,0.4024561941623688,0.9197414517402649,1.0085985660552979,1,2048,/home/sienna/projects/experiments/lowp-optimizer-bench/reports/muon_update_fidelity_formal_s0_s1_results/muon-fidelity-formal/fp32_muon_snapshot_s1/muon_momentum_snapshots/update_002048.pt,0.000513911247253418,0.0029842108488082886,0.0026769638061523438,-0.006829500198364258
muon_update_direction_oracle,"[1024, 384]",transformer.h.3.mlp.w1.weight,transformer.h.3.mlp.w1.weight,int4-dynamic-b2048,4,dynamic,2048,0.01151275634765625,0.19139795005321503,0.9816972613334656,1.0007362365722656,ok,0.4092533588409424,0.917077362537384,1.0093772411346436,ok,0.4092533588409424,0.917077362537384,1.0093772411346436,1,2048,/home/sienna/projects/experiments/lowp-optimizer-bench/reports/muon_update_fidelity_formal_s0_s1_results/muon-fidelity-formal/fp32_muon_snapshot_s1/muon_momentum_snapshots/update_002048.pt,-1.430511474609375e-06,2.1070241928100586e-05,1.2874603271484375e-05,-3.2335519790649414e-05
nearest,"[1024, 384]",transformer.h.3.mlp.w2.weight,transformer.h.3.mlp.w2.weight,int4-dynamic-b2048,4,dynamic,2048,0.01197052001953125,0.19372901320457458,0.9812495112419128,1.0007811784744263,ok,0.41667330265045166,0.9140223860740662,1.0091720819473267,ok,0.41667330265045166,0.9140223860740662,1.0091720819473267,1,2048,/home/sienna/projects/experiments/lowp-optimizer-bench/reports/muon_update_fidelity_formal_s0_s1_results/muon-fidelity-formal/fp32_muon_snapshot_s1/muon_momentum_snapshots/update_002048.pt,,,,
raw_direction_oracle,"[1024, 384]",transformer.h.3.mlp.w2.weight,transformer.h.3.mlp.w2.weight,int4-dynamic-b2048,4,dynamic,2048,0.011957804672420025,0.19687142968177795,0.9817616939544678,1.032893180847168,ok,0.4107631742954254,0.9164459705352783,1.0091811418533325,ok,0.4107631742954254,0.9164459705352783,1.0091811418533325,1,2048,/home/sienna/projects/experiments/lowp-optimizer-bench/reports/muon_update_fidelity_formal_s0_s1_results/muon-fidelity-formal/fp32_muon_snapshot_s1/muon_momentum_snapshots/update_002048.pt,0.0005121827125549316,0.003142416477203369,0.002423584461212158,-0.005910128355026245
muon_update_direction_oracle,"[1024, 384]",transformer.h.3.mlp.w2.weight,transformer.h.3.mlp.w2.weight,int4-dynamic-b2048,4,dynamic,2048,0.01197052001953125,0.19382217526435852,0.9812419414520264,1.0013092756271362,ok,0.41661277413368225,0.914039671421051,1.009090781211853,ok,0.41661277413368225,0.914039671421051,1.009090781211853,1,2048,/home/sienna/projects/experiments/lowp-optimizer-bench/reports/muon_update_fidelity_formal_s0_s1_results/muon-fidelity-formal/fp32_muon_snapshot_s1/muon_momentum_snapshots/update_002048.pt,-7.569789886474609e-06,9.316205978393555e-05,1.728534698486328e-05,-6.052851676940918e-05
nearest,"[384, 1024]",transformer.h.3.mlp.c_proj.weight,transformer.h.3.mlp.c_proj.weight,int4-dynamic-b2048,4,dynamic,2048,0.01691691018640995,0.220733642578125,0.9754917621612549,0.9930272102355957,ok,0.4068199396133423,0.9179372787475586,1.0080009698867798,ok,0.4068199396133423,0.9179372787475586,1.0080009698867798,1,2048,/home/sienna/projects/experiments/lowp-optimizer-bench/reports/muon_update_fidelity_formal_s0_s1_results/muon-fidelity-formal/fp32_muon_snapshot_s1/muon_momentum_snapshots/update_002048.pt,,,,
raw_direction_oracle,"[384, 1024]",transformer.h.3.mlp.c_proj.weight,transformer.h.3.mlp.c_proj.weight,int4-dynamic-b2048,4,dynamic,2048,0.0168635044246912,0.22324047982692719,0.9757779240608215,1.0202622413635254,ok,0.40279921889305115,0.91951584815979,1.0075875520706177,ok,0.40279921889305115,0.91951584815979,1.0075875520706177,1,2048,/home/sienna/projects/experiments/lowp-optimizer-bench/reports/muon_update_fidelity_formal_s0_s1_results/muon-fidelity-formal/fp32_muon_snapshot_s1/muon_momentum_snapshots/update_002048.pt,0.0002861618995666504,0.002506837248802185,0.0015785694122314453,-0.004020720720291138
muon_update_direction_oracle,"[384, 1024]",transformer.h.3.mlp.c_proj.weight,transformer.h.3.mlp.c_proj.weight,int4-dynamic-b2048,4,dynamic,2048,0.01691691018640995,0.22074739634990692,0.9754912257194519,0.9931697249412537,ok,0.40677544474601746,0.917955756187439,1.0080069303512573,ok,0.40677544474601746,0.917955756187439,1.0080069303512573,1,2048,/home/sienna/projects/experiments/lowp-optimizer-bench/reports/muon_update_fidelity_formal_s0_s1_results/muon-fidelity-formal/fp32_muon_snapshot_s1/muon_momentum_snapshots/update_002048.pt,-5.364418029785156e-07,1.3753771781921387e-05,1.8477439880371094e-05,-4.44948673248291e-05
nearest,"[1152, 384]",transformer.h.4.attn.c_attn.weight,transformer.h.4.attn.c_attn.weight,int4-dynamic-b2048,4,dynamic,2048,0.013511375524103642,0.19804632663726807,0.9803225994110107,0.9962829947471619,ok,0.9067925810813904,0.6060739755630493,1.0415030717849731,ok,0.9067925810813904,0.6060739755630493,1.0415030717849731,1,2048,/home/sienna/projects/experiments/lowp-optimizer-bench/reports/muon_update_fidelity_formal_s0_s1_results/muon-fidelity-formal/fp32_muon_snapshot_s1/muon_momentum_snapshots/update_002048.pt,,,,
raw_direction_oracle,"[1152, 384]",transformer.h.4.attn.c_attn.weight,transformer.h.4.attn.c_attn.weight,int4-dynamic-b2048,4,dynamic,2048,0.013491029851138592,0.2001151293516159,0.9805335998535156,1.0191624164581299,ok,0.90363609790802,0.6084024906158447,1.040503978729248,ok,0.90363609790802,0.6084024906158447,1.040503978729248,1,2048,/home/sienna/projects/experiments/lowp-optimizer-bench/reports/muon_update_fidelity_formal_s0_s1_results/muon-fidelity-formal/fp32_muon_snapshot_s1/muon_momentum_snapshots/update_002048.pt,0.0002110004425048828,0.0020688027143478394,0.00232851505279541,-0.0031564831733703613
muon_update_direction_oracle,"[1152, 384]",transformer.h.4.attn.c_attn.weight,transformer.h.4.attn.c_attn.weight,int4-dynamic-b2048,4,dynamic,2048,0.013511375524103642,0.19859132170677185,0.9802517294883728,0.998473048210144,ok,0.9067218899726868,0.6062676310539246,1.0418189764022827,ok,0.9067218899726868,0.6062676310539246,1.0418189764022827,1,2048,/home/sienna/projects/experiments/lowp-optimizer-bench/reports/muon_update_fidelity_formal_s0_s1_results/muon-fidelity-formal/fp32_muon_snapshot_s1/muon_momentum_snapshots/update_002048.pt,-7.086992263793945e-05,0.0005449950695037842,0.00019365549087524414,-7.069110870361328e-05
nearest,"[384, 384]",transformer.h.4.attn.c_proj.weight,transformer.h.4.attn.c_proj.weight,int4-dynamic-b2048,4,dynamic,2048,0.01500786654651165,0.20132915675640106,0.9797101020812988,0.9988213777542114,ok,0.9333515167236328,0.5896015763282776,1.0573357343673706,ok,0.9333515167236328,0.5896015763282776,1.0573357343673706,1,2048,/home/sienna/projects/experiments/lowp-optimizer-bench/reports/muon_update_fidelity_formal_s0_s1_results/muon-fidelity-formal/fp32_muon_snapshot_s1/muon_momentum_snapshots/update_002048.pt,,,,
raw_direction_oracle,"[384, 384]",transformer.h.4.attn.c_proj.weight,transformer.h.4.attn.c_proj.weight,int4-dynamic-b2048,4,dynamic,2048,0.014933268539607525,0.204352006316185,0.9801247715950012,1.0291597843170166,ok,0.9293453097343445,0.5936734676361084,1.0585722923278809,ok,0.9293453097343445,0.5936734676361084,1.0585722923278809,1,2048,/home/sienna/projects/experiments/lowp-optimizer-bench/reports/muon_update_fidelity_formal_s0_s1_results/muon-fidelity-formal/fp32_muon_snapshot_s1/muon_momentum_snapshots/update_002048.pt,0.0004146695137023926,0.0030228495597839355,0.0040718913078308105,-0.00400620698928833
muon_update_direction_oracle,"[384, 384]",transformer.h.4.attn.c_proj.weight,transformer.h.4.attn.c_proj.weight,int4-dynamic-b2048,4,dynamic,2048,0.01500786654651165,0.20151647925376892,0.9796933531761169,0.9999001026153564,ok,0.9332054853439331,0.5897570848464966,1.0573958158493042,ok,0.9332054853439331,0.5897570848464966,1.0573958158493042,1,2048,/home/sienna/projects/experiments/lowp-optimizer-bench/reports/muon_update_fidelity_formal_s0_s1_results/muon-fidelity-formal/fp32_muon_snapshot_s1/muon_momentum_snapshots/update_002048.pt,-1.6748905181884766e-05,0.0001873224973678589,0.00015550851821899414,-0.00014603137969970703
nearest,"[1024, 384]",transformer.h.4.mlp.w1.weight,transformer.h.4.mlp.w1.weight,int4-dynamic-b2048,4,dynamic,2048,0.012929280288517475,0.1967262178659439,0.9806467890739441,0.9998718500137329,ok,0.4132162928581238,0.9154267907142639,1.008989691734314,ok,0.4132162928581238,0.9154267907142639,1.008989691734314,1,2048,/home/sienna/projects/experiments/lowp-optimizer-bench/reports/muon_update_fidelity_formal_s0_s1_results/muon-fidelity-formal/fp32_muon_snapshot_s1/muon_momentum_snapshots/update_002048.pt,,,,
raw_direction_oracle,"[1024, 384]",transformer.h.4.mlp.w1.weight,transformer.h.4.mlp.w1.weight,int4-dynamic-b2048,4,dynamic,2048,0.012911478988826275,0.19979384541511536,0.9811097383499146,1.031049132347107,ok,0.4083462953567505,0.9173454642295837,1.0082799196243286,ok,0.4083462953567505,0.9173454642295837,1.0082799196243286,1,2048,/home/sienna/projects/experiments/lowp-optimizer-bench/reports/muon_update_fidelity_formal_s0_s1_results/muon-fidelity-formal/fp32_muon_snapshot_s1/muon_momentum_snapshots/update_002048.pt,0.000462949275970459,0.0030676275491714478,0.0019186735153198242,-0.004869997501373291
muon_update_direction_oracle,"[1024, 384]",transformer.h.4.mlp.w1.weight,transformer.h.4.mlp.w1.weight,int4-dynamic-b2048,4,dynamic,2048,0.012929280288517475,0.19873762130737305,0.9804413318634033,1.0080454349517822,ok,0.4124569594860077,0.9156678318977356,1.0082335472106934,ok,0.4124569594860077,0.9156678318977356,1.0082335472106934,1,2048,/home/sienna/projects/experiments/lowp-optimizer-bench/reports/muon_update_fidelity_formal_s0_s1_results/muon-fidelity-formal/fp32_muon_snapshot_s1/muon_momentum_snapshots/update_002048.pt,-0.00020545721054077148,0.002011403441429138,0.0002410411834716797,-0.0007593333721160889
nearest,"[1024, 384]",transformer.h.4.mlp.w2.weight,transformer.h.4.mlp.w2.weight,int4-dynamic-b2048,4,dynamic,2048,0.012975056655704975,0.19655680656433105,0.9806678295135498,0.9992105960845947,ok,0.4174829125404358,0.913631021976471,1.0085698366165161,ok,0.4174829125404358,0.913631021976471,1.0085698366165161,1,2048,/home/sienna/projects/experiments/lowp-optimizer-bench/reports/muon_update_fidelity_formal_s0_s1_results/muon-fidelity-formal/fp32_muon_snapshot_s1/muon_momentum_snapshots/update_002048.pt,,,,
raw_direction_oracle,"[1024, 384]",transformer.h.4.mlp.w2.weight,transformer.h.4.mlp.w2.weight,int4-dynamic-b2048,4,dynamic,2048,0.012929280288517475,0.19942034780979156,0.9810999035835266,1.0293233394622803,ok,0.4126511514186859,0.9156283736228943,1.0086677074432373,ok,0.4126511514186859,0.9156283736228943,1.0086677074432373,1,2048,/home/sienna/projects/experiments/lowp-optimizer-bench/reports/muon_update_fidelity_formal_s0_s1_results/muon-fidelity-formal/fp32_muon_snapshot_s1/muon_momentum_snapshots/update_002048.pt,0.00043207406997680664,0.0028635412454605103,0.00199735164642334,-0.004831761121749878
muon_update_direction_oracle,"[1024, 384]",transformer.h.4.mlp.w2.weight,transformer.h.4.mlp.w2.weight,int4-dynamic-b2048,4,dynamic,2048,0.012975056655704975,0.19843392074108124,0.9804510474205017,1.0061476230621338,ok,0.4167868494987488,0.9138559699058533,1.0078983306884766,ok,0.4167868494987488,0.9138559699058533,1.0078983306884766,1,2048,/home/sienna/projects/experiments/lowp-optimizer-bench/reports/muon_update_fidelity_formal_s0_s1_results/muon-fidelity-formal/fp32_muon_snapshot_s1/muon_momentum_snapshots/update_002048.pt,-0.0002167820930480957,0.001877114176750183,0.00022494792938232422,-0.0006960630416870117
nearest,"[384, 1024]",transformer.h.4.mlp.c_proj.weight,transformer.h.4.mlp.c_proj.weight,int4-dynamic-b2048,4,dynamic,2048,0.02038065530359745,0.2298295497894287,0.9733302593231201,0.9872267246246338,ok,0.4415517747402191,0.9036445617675781,1.0110758543014526,ok,0.4415517747402191,0.9036445617675781,1.0110758543014526,1,2048,/home/sienna/projects/experiments/lowp-optimizer-bench/reports/muon_update_fidelity_formal_s0_s1_results/muon-fidelity-formal/fp32_muon_snapshot_s1/muon_momentum_snapshots/update_002048.pt,,,,
raw_direction_oracle,"[384, 1024]",transformer.h.4.mlp.c_proj.weight,transformer.h.4.mlp.c_proj.weight,int4-dynamic-b2048,4,dynamic,2048,0.02031453512609005,0.23185738921165466,0.9734050035476685,1.0091155767440796,ok,0.43801969289779663,0.9051766395568848,1.0110347270965576,ok,0.43801969289779663,0.9051766395568848,1.0110347270965576,1,2048,/home/sienna/projects/experiments/lowp-optimizer-bench/reports/muon_update_fidelity_formal_s0_s1_results/muon-fidelity-formal/fp32_muon_snapshot_s1/muon_momentum_snapshots/update_002048.pt,7.474422454833984e-05,0.002027839422225952,0.0015320777893066406,-0.0035320818424224854
muon_update_direction_oracle,"[384, 1024]",transformer.h.4.mlp.c_proj.weight,transformer.h.4.mlp.c_proj.weight,int4-dynamic-b2048,4,dynamic,2048,0.02038065530359745,0.2298295497894287,0.9733302593231201,0.9872267246246338,ok,0.4415517747402191,0.9036445617675781,1.0110758543014526,ok,0.4415517747402191,0.9036445617675781,1.0110758543014526,1,2048,/home/sienna/projects/experiments/lowp-optimizer-bench/reports/muon_update_fidelity_formal_s0_s1_results/muon-fidelity-formal/fp32_muon_snapshot_s1/muon_momentum_snapshots/update_002048.pt,0.0,0.0,0.0,0.0
nearest,"[1152, 384]",transformer.h.5.attn.c_attn.weight,transformer.h.5.attn.c_attn.weight,int4-dynamic-b2048,4,dynamic,2048,0.013866282999515533,0.21245093643665314,0.9773427248001099,0.9956220984458923,ok,1.0015673637390137,0.5313219428062439,1.0655878782272339,ok,1.0015673637390137,0.5313219428062439,1.0655878782272339,1,2048,/home/sienna/projects/experiments/lowp-optimizer-bench/reports/muon_update_fidelity_formal_s0_s1_results/muon-fidelity-formal/fp32_muon_snapshot_s1/muon_momentum_snapshots/update_002048.pt,,,,
raw_direction_oracle,"[1152, 384]",transformer.h.5.attn.c_attn.weight,transformer.h.5.attn.c_attn.weight,int4-dynamic-b2048,4,dynamic,2048,0.013827853836119175,0.21537432074546814,0.9778879284858704,1.0293742418289185,ok,0.9993693232536316,0.5335928797721863,1.0660027265548706,ok,0.9993693232536316,0.5335928797721863,1.0660027265548706,1,2048,/home/sienna/projects/experiments/lowp-optimizer-bench/reports/muon_update_fidelity_formal_s0_s1_results/muon-fidelity-formal/fp32_muon_snapshot_s1/muon_momentum_snapshots/update_002048.pt,0.000545203685760498,0.0029233843088150024,0.002270936965942383,-0.00219804048538208
muon_update_direction_oracle,"[1152, 384]",transformer.h.5.attn.c_attn.weight,transformer.h.5.attn.c_attn.weight,int4-dynamic-b2048,4,dynamic,2048,0.013866282999515533,0.21253275871276855,0.9773384928703308,0.9963274598121643,ok,1.0012749433517456,0.5314632058143616,1.0653213262557983,ok,1.0012749433517456,0.5314632058143616,1.0653213262557983,1,2048,/home/sienna/projects/experiments/lowp-optimizer-bench/reports/muon_update_fidelity_formal_s0_s1_results/muon-fidelity-formal/fp32_muon_snapshot_s1/muon_momentum_snapshots/update_002048.pt,-4.231929779052734e-06,8.182227611541748e-05,0.00014126300811767578,-0.0002924203872680664
nearest,"[384, 384]",transformer.h.5.attn.c_proj.weight,transformer.h.5.attn.c_proj.weight,int4-dynamic-b2048,4,dynamic,2048,0.009128146804869175,0.18409064412117004,0.983098566532135,1.002389669418335,ok,0.9395735859870911,0.5883975028991699,1.0669474601745605,ok,0.9395735859870911,0.5883975028991699,1.0669474601745605,1,2048,/home/sienna/projects/experiments/lowp-optimizer-bench/reports/muon_update_fidelity_formal_s0_s1_results/muon-fidelity-formal/fp32_muon_snapshot_s1/muon_momentum_snapshots/update_002048.pt,,,,
raw_direction_oracle,"[384, 384]",transformer.h.5.attn.c_proj.weight,transformer.h.5.attn.c_proj.weight,int4-dynamic-b2048,4,dynamic,2048,0.00910102017223835,0.18704922497272491,0.9836146235466003,1.0334656238555908,ok,0.9360503554344177,0.591803252696991,1.067640781402588,ok,0.9360503554344177,0.591803252696991,1.067640781402588,1,2048,/home/sienna/projects/experiments/lowp-optimizer-bench/reports/muon_update_fidelity_formal_s0_s1_results/muon-fidelity-formal/fp32_muon_snapshot_s1/muon_momentum_snapshots/update_002048.pt,0.000516057014465332,0.0029585808515548706,0.003405749797821045,-0.00352323055267334
muon_update_direction_oracle,"[384, 384]",transformer.h.5.attn.c_proj.weight,transformer.h.5.attn.c_proj.weight,int4-dynamic-b2048,4,dynamic,2048,0.009128146804869175,0.18414247035980225,0.9830941557884216,1.0026518106460571,ok,0.9393582940101624,0.5885268449783325,1.0668131113052368,ok,0.9393582940101624,0.5885268449783325,1.0668131113052368,1,2048,/home/sienna/projects/experiments/lowp-optimizer-bench/reports/muon_update_fidelity_formal_s0_s1_results/muon-fidelity-formal/fp32_muon_snapshot_s1/muon_momentum_snapshots/update_002048.pt,-4.410743713378906e-06,5.182623863220215e-05,0.00012934207916259766,-0.00021529197692871094
nearest,"[1024, 384]",transformer.h.5.mlp.w1.weight,transformer.h.5.mlp.w1.weight,int4-dynamic-b2048,4,dynamic,2048,0.01772054098546505,0.20197957754135132,0.9795702695846558,0.9983817934989929,ok,0.4569312632083893,0.8959726095199585,1.0034576654434204,ok,0.4569312632083893,0.8959726095199585,1.0034576654434204,1,2048,/home/sienna/projects/experiments/lowp-optimizer-bench/reports/muon_update_fidelity_formal_s0_s1_results/muon-fidelity-formal/fp32_muon_snapshot_s1/muon_momentum_snapshots/update_002048.pt,,,,
raw_direction_oracle,"[1024, 384]",transformer.h.5.mlp.w1.weight,transformer.h.5.mlp.w1.weight,int4-dynamic-b2048,4,dynamic,2048,0.01763407327234745,0.20549868047237396,0.9799805283546448,1.030890941619873,ok,0.4521389305591583,0.8981286883354187,1.0033180713653564,ok,0.4521389305591583,0.8981286883354187,1.0033180713653564,1,2048,/home/sienna/projects/experiments/lowp-optimizer-bench/reports/muon_update_fidelity_formal_s0_s1_results/muon-fidelity-formal/fp32_muon_snapshot_s1/muon_momentum_snapshots/update_002048.pt,0.00041025876998901367,0.003519102931022644,0.002156078815460205,-0.004792332649230957
muon_update_direction_oracle,"[1024, 384]",transformer.h.5.mlp.w1.weight,transformer.h.5.mlp.w1.weight,int4-dynamic-b2048,4,dynamic,2048,0.01772054098546505,0.20449423789978027,0.9793204069137573,1.0090917348861694,ok,0.45645448565483093,0.8960516452789307,1.0021620988845825,ok,0.45645448565483093,0.8960516452789307,1.0021620988845825,1,2048,/home/sienna/projects/experiments/lowp-optimizer-bench/reports/muon_update_fidelity_formal_s0_s1_results/muon-fidelity-formal/fp32_muon_snapshot_s1/muon_momentum_snapshots/update_002048.pt,-0.0002498626708984375,0.002514660358428955,7.903575897216797e-05,-0.0004767775535583496
nearest,"[1024, 384]",transformer.h.5.mlp.w2.weight,transformer.h.5.mlp.w2.weight,int4-dynamic-b2048,4,dynamic,2048,0.0166193637996912,0.20174764096736908,0.9795681238174438,0.995564877986908,ok,0.4522322416305542,0.8983572125434875,1.0058730840682983,ok,0.4522322416305542,0.8983572125434875,1.0058730840682983,1,2048,/home/sienna/projects/experiments/lowp-optimizer-bench/reports/muon_update_fidelity_formal_s0_s1_results/muon-fidelity-formal/fp32_muon_snapshot_s1/muon_momentum_snapshots/update_002048.pt,,,,
raw_direction_oracle,"[1024, 384]",transformer.h.5.mlp.w2.weight,transformer.h.5.mlp.w2.weight,int4-dynamic-b2048,4,dynamic,2048,0.01658121682703495,0.204149067401886,0.9797741770744324,1.0202006101608276,ok,0.44824713468551636,0.9000771641731262,1.0052649974822998,ok,0.44824713468551636,0.9000771641731262,1.0052649974822998,1,2048,/home/sienna/projects/experiments/lowp-optimizer-bench/reports/muon_update_fidelity_formal_s0_s1_results/muon-fidelity-formal/fp32_muon_snapshot_s1/muon_momentum_snapshots/update_002048.pt,0.0002060532569885254,0.0024014264345169067,0.0017199516296386719,-0.003985106945037842
muon_update_direction_oracle,"[1024, 384]",transformer.h.5.mlp.w2.weight,transformer.h.5.mlp.w2.weight,int4-dynamic-b2048,4,dynamic,2048,0.0166193637996912,0.20344063639640808,0.9793771505355835,1.0032020807266235,ok,0.4515916109085083,0.8985992074012756,1.0054429769515991,ok,0.4515916109085083,0.8985992074012756,1.0054429769515991,1,2048,/home/sienna/projects/experiments/lowp-optimizer-bench/reports/muon_update_fidelity_formal_s0_s1_results/muon-fidelity-formal/fp32_muon_snapshot_s1/muon_momentum_snapshots/update_002048.pt,-0.00019097328186035156,0.0016929954290390015,0.00024199485778808594,-0.0006406307220458984
nearest,"[384, 1024]",transformer.h.5.mlp.c_proj.weight,transformer.h.5.mlp.c_proj.weight,int4-dynamic-b2048,4,dynamic,2048,0.0184656772762537,0.2186228334903717,0.9759422540664673,0.992047131061554,ok,0.5166362524032593,0.868249773979187,1.012370228767395,ok,0.5166362524032593,0.868249773979187,1.012370228767395,1,2048,/home/sienna/projects/experiments/lowp-optimizer-bench/reports/muon_update_fidelity_formal_s0_s1_results/muon-fidelity-formal/fp32_muon_snapshot_s1/muon_momentum_snapshots/update_002048.pt,,,,
raw_direction_oracle,"[384, 1024]",transformer.h.5.mlp.c_proj.weight,transformer.h.5.mlp.c_proj.weight,int4-dynamic-b2048,4,dynamic,2048,0.01839447021484375,0.22113992273807526,0.9761931300163269,1.0192722082138062,ok,0.512866735458374,0.870122492313385,1.0120564699172974,ok,0.512866735458374,0.870122492313385,1.0120564699172974,1,2048,/home/sienna/projects/experiments/lowp-optimizer-bench/reports/muon_update_fidelity_formal_s0_s1_results/muon-fidelity-formal/fp32_muon_snapshot_s1/muon_momentum_snapshots/update_002048.pt,0.00025087594985961914,0.0025170892477035522,0.001872718334197998,-0.003769516944885254
muon_update_direction_oracle,"[384, 1024]",transformer.h.5.mlp.c_proj.weight,transformer.h.5.mlp.c_proj.weight,int4-dynamic-b2048,4,dynamic,2048,0.0184656772762537,0.21868710219860077,0.9759335517883301,0.9923734068870544,ok,0.5166285634040833,0.8682501912117004,1.012345314025879,ok,0.5166285634040833,0.8682501912117004,1.012345314025879,1,2048,/home/sienna/projects/experiments/lowp-optimizer-bench/reports/muon_update_fidelity_formal_s0_s1_results/muon-fidelity-formal/fp32_muon_snapshot_s1/muon_momentum_snapshots/update_002048.pt,-8.702278137207031e-06,6.426870822906494e-05,4.172325134277344e-07,-7.68899917602539e-06
nearest,"[1152, 384]",transformer.h.0.attn.c_attn.weight,transformer.h.0.attn.c_attn.weight,int4-dynamic-b2048,4,dynamic,2048,0.020770037546753883,0.2085239589214325,0.9781442880630493,0.9939124584197998,ok,0.9573450088500977,0.5610191226005554,1.0419057607650757,ok,0.9573450088500977,0.5610191226005554,1.0419057607650757,1,4096,/home/sienna/projects/experiments/lowp-optimizer-bench/reports/muon_update_fidelity_formal_s0_s1_results/muon-fidelity-formal/fp32_muon_snapshot_s1/muon_momentum_snapshots/update_004096.pt,,,,
raw_direction_oracle,"[1152, 384]",transformer.h.0.attn.c_attn.weight,transformer.h.0.attn.c_attn.weight,int4-dynamic-b2048,4,dynamic,2048,0.020675094798207283,0.21062660217285156,0.9783483147621155,1.0174535512924194,ok,0.9550723433494568,0.5631176233291626,1.0419334173202515,ok,0.9550723433494568,0.5631176233291626,1.0419334173202515,1,4096,/home/sienna/projects/experiments/lowp-optimizer-bench/reports/muon_update_fidelity_formal_s0_s1_results/muon-fidelity-formal/fp32_muon_snapshot_s1/muon_momentum_snapshots/update_004096.pt,0.0002040266990661621,0.0021026432514190674,0.0020985007286071777,-0.002272665500640869
muon_update_direction_oracle,"[1152, 384]",transformer.h.0.attn.c_attn.weight,transformer.h.0.attn.c_attn.weight,int4-dynamic-b2048,4,dynamic,2048,0.020770037546753883,0.20877857506275177,0.9781116843223572,0.9951802492141724,ok,0.9569002985954285,0.561298668384552,1.0416260957717896,ok,0.9569002985954285,0.561298668384552,1.0416260957717896,1,4096,/home/sienna/projects/experiments/lowp-optimizer-bench/reports/muon_update_fidelity_formal_s0_s1_results/muon-fidelity-formal/fp32_muon_snapshot_s1/muon_momentum_snapshots/update_004096.pt,-3.260374069213867e-05,0.0002546161413192749,0.00027954578399658203,-0.00044471025466918945
nearest,"[384, 384]",transformer.h.0.attn.c_proj.weight,transformer.h.0.attn.c_proj.weight,int4-dynamic-b2048,4,dynamic,2048,0.0130140520632267,0.19621498882770538,0.980715274810791,0.9981203675270081,ok,1.0244483947753906,0.508020281791687,1.062618613243103,ok,1.0244483947753906,0.508020281791687,1.062618613243103,1,4096,/home/sienna/projects/experiments/lowp-optimizer-bench/reports/muon_update_fidelity_formal_s0_s1_results/muon-fidelity-formal/fp32_muon_snapshot_s1/muon_momentum_snapshots/update_004096.pt,,,,
raw_direction_oracle,"[384, 384]",transformer.h.0.attn.c_proj.weight,transformer.h.0.attn.c_proj.weight,int4-dynamic-b2048,4,dynamic,2048,0.012980143539607525,0.19874374568462372,0.9810587167739868,1.0255022048950195,ok,1.01996648311615,0.5125167965888977,1.0629761219024658,ok,1.01996648311615,0.5125167965888977,1.0629761219024658,1,4096,/home/sienna/projects/experiments/lowp-optimizer-bench/reports/muon_update_fidelity_formal_s0_s1_results/muon-fidelity-formal/fp32_muon_snapshot_s1/muon_momentum_snapshots/update_004096.pt,0.0003434419631958008,0.002528756856918335,0.004496514797210693,-0.004481911659240723
muon_update_direction_oracle,"[384, 384]",transformer.h.0.attn.c_proj.weight,transformer.h.0.attn.c_proj.weight,int4-dynamic-b2048,4,dynamic,2048,0.0130140520632267,0.19629710912704468,0.9807077646255493,0.9986034631729126,ok,1.0243704319000244,0.5080625414848328,1.0625554323196411,ok,1.0243704319000244,0.5080625414848328,1.0625554323196411,1,4096,/home/sienna/projects/experiments/lowp-optimizer-bench/reports/muon_update_fidelity_formal_s0_s1_results/muon-fidelity-formal/fp32_muon_snapshot_s1/muon_momentum_snapshots/update_004096.pt,-7.510185241699219e-06,8.212029933929443e-05,4.225969314575195e-05,-7.796287536621094e-05
nearest,"[1024, 384]",transformer.h.0.mlp.w1.weight,transformer.h.0.mlp.w1.weight,int4-dynamic-b2048,4,dynamic,2048,0.014170329086482525,0.20058399438858032,0.9798245429992676,0.9968550801277161,ok,0.39762330055236816,0.921604335308075,1.0079705715179443,ok,0.39762330055236816,0.921604335308075,1.0079705715179443,1,4096,/home/sienna/projects/experiments/lowp-optimizer-bench/reports/muon_update_fidelity_formal_s0_s1_results/muon-fidelity-formal/fp32_muon_snapshot_s1/muon_momentum_snapshots/update_004096.pt,,,,
raw_direction_oracle,"[1024, 384]",transformer.h.0.mlp.w1.weight,transformer.h.0.mlp.w1.weight,int4-dynamic-b2048,4,dynamic,2048,0.014127095229923725,0.2031765729188919,0.9801669716835022,1.0249768495559692,ok,0.3926786482334137,0.9235628843307495,1.0082074403762817,ok,0.3926786482334137,0.9235628843307495,1.0082074403762817,1,4096,/home/sienna/projects/experiments/lowp-optimizer-bench/reports/muon_update_fidelity_formal_s0_s1_results/muon-fidelity-formal/fp32_muon_snapshot_s1/muon_momentum_snapshots/update_004096.pt,0.00034242868423461914,0.0025925785303115845,0.0019585490226745605,-0.004944652318954468
muon_update_direction_oracle,"[1024, 384]",transformer.h.0.mlp.w1.weight,transformer.h.0.mlp.w1.weight,int4-dynamic-b2048,4,dynamic,2048,0.014170329086482525,0.20064008235931396,0.9798200130462646,0.9972495436668396,ok,0.3975975811481476,0.921606183052063,1.0078716278076172,ok,0.3975975811481476,0.921606183052063,1.0078716278076172,1,4096,/home/sienna/projects/experiments/lowp-optimizer-bench/reports/muon_update_fidelity_formal_s0_s1_results/muon-fidelity-formal/fp32_muon_snapshot_s1/muon_momentum_snapshots/update_004096.pt,-4.5299530029296875e-06,5.608797073364258e-05,1.8477439880371094e-06,-2.5719404220581055e-05
nearest,"[1024, 384]",transformer.h.0.mlp.w2.weight,transformer.h.0.mlp.w2.weight,int4-dynamic-b2048,4,dynamic,2048,0.013643900863826275,0.2013196349143982,0.9797067642211914,0.9985399842262268,ok,0.3980139493942261,0.9215547442436218,1.0091807842254639,ok,0.3980139493942261,0.9215547442436218,1.0091807842254639,1,4096,/home/sienna/projects/experiments/lowp-optimizer-bench/reports/muon_update_fidelity_formal_s0_s1_results/muon-fidelity-formal/fp32_muon_snapshot_s1/muon_momentum_snapshots/update_004096.pt,,,,
raw_direction_oracle,"[1024, 384]",transformer.h.0.mlp.w2.weight,transformer.h.0.mlp.w2.weight,int4-dynamic-b2048,4,dynamic,2048,0.013615925796329975,0.2043571174144745,0.9801754355430603,1.0302320718765259,ok,0.39273691177368164,0.9235382676124573,1.0081851482391357,ok,0.39273691177368164,0.9235382676124573,1.0081851482391357,1,4096,/home/sienna/projects/experiments/lowp-optimizer-bench/reports/muon_update_fidelity_formal_s0_s1_results/muon-fidelity-formal/fp32_muon_snapshot_s1/muon_momentum_snapshots/update_004096.pt,0.0004686713218688965,0.003037482500076294,0.0019835233688354492,-0.005277037620544434
muon_update_direction_oracle,"[1024, 384]",transformer.h.0.mlp.w2.weight,transformer.h.0.mlp.w2.weight,int4-dynamic-b2048,4,dynamic,2048,0.013643900863826275,0.20141960680484772,0.9797011017799377,0.9992945194244385,ok,0.39788582921028137,0.9216005802154541,1.0091270208358765,ok,0.39788582921028137,0.9216005802154541,1.0091270208358765,1,4096,/home/sienna/projects/experiments/lowp-optimizer-bench/reports/muon_update_fidelity_formal_s0_s1_results/muon-fidelity-formal/fp32_muon_snapshot_s1/muon_momentum_snapshots/update_004096.pt,-5.662441253662109e-06,9.997189044952393e-05,4.583597183227539e-05,-0.00012812018394470215
nearest,"[384, 1024]",transformer.h.0.mlp.c_proj.weight,transformer.h.0.mlp.c_proj.weight,int4-dynamic-b2048,4,dynamic,2048,0.03950246050953865,0.2383500635623932,0.9712016582489014,0.9777957797050476,ok,0.512446939945221,0.8705617189407349,1.0136685371398926,ok,0.512446939945221,0.8705617189407349,1.0136685371398926,1,4096,/home/sienna/projects/experiments/lowp-optimizer-bench/reports/muon_update_fidelity_formal_s0_s1_results/muon-fidelity-formal/fp32_muon_snapshot_s1/muon_momentum_snapshots/update_004096.pt,,,,
raw_direction_oracle,"[384, 1024]",transformer.h.0.mlp.c_proj.weight,transformer.h.0.mlp.c_proj.weight,int4-dynamic-b2048,4,dynamic,2048,0.0394439697265625,0.2395889014005661,0.970994770526886,0.9862837195396423,ok,0.5110495090484619,0.8712459206581116,1.0135166645050049,ok,0.5110495090484619,0.8712459206581116,1.0135166645050049,1,4096,/home/sienna/projects/experiments/lowp-optimizer-bench/reports/muon_update_fidelity_formal_s0_s1_results/muon-fidelity-formal/fp32_muon_snapshot_s1/muon_momentum_snapshots/update_004096.pt,-0.00020688772201538086,0.0012388378381729126,0.000684201717376709,-0.0013974308967590332
muon_update_direction_oracle,"[384, 1024]",transformer.h.0.mlp.c_proj.weight,transformer.h.0.mlp.c_proj.weight,int4-dynamic-b2048,4,dynamic,2048,0.03950246050953865,0.23878246545791626,0.971109926700592,0.9795854091644287,ok,0.5123705267906189,0.8705679774284363,1.0134387016296387,ok,0.5123705267906189,0.8705679774284363,1.0134387016296387,1,4096,/home/sienna/projects/experiments/lowp-optimizer-bench/reports/muon_update_fidelity_formal_s0_s1_results/muon-fidelity-formal/fp32_muon_snapshot_s1/muon_momentum_snapshots/update_004096.pt,-9.173154830932617e-05,0.0004324018955230713,6.258487701416016e-06,-7.641315460205078e-05
nearest,"[1152, 384]",transformer.h.1.attn.c_attn.weight,transformer.h.1.attn.c_attn.weight,int4-dynamic-b2048,4,dynamic,2048,0.016780147328972816,0.20224791765213013,0.9794771671295166,0.9962136149406433,ok,0.9632732272148132,0.5584076046943665,1.0480138063430786,ok,0.9632732272148132,0.5584076046943665,1.0480138063430786,1,4096,/home/sienna/projects/experiments/lowp-optimizer-bench/reports/muon_update_fidelity_formal_s0_s1_results/muon-fidelity-formal/fp32_muon_snapshot_s1/muon_momentum_snapshots/update_004096.pt,,,,
raw_direction_oracle,"[1152, 384]",transformer.h.1.attn.c_attn.weight,transformer.h.1.attn.c_attn.weight,int4-dynamic-b2048,4,dynamic,2048,0.0167371965944767,0.20462891459465027,0.9797502160072327,1.0219800472259521,ok,0.9585868716239929,0.5623300671577454,1.0472049713134766,ok,0.9585868716239929,0.5623300671577454,1.0472049713134766,1,4096,/home/sienna/projects/experiments/lowp-optimizer-bench/reports/muon_update_fidelity_formal_s0_s1_results/muon-fidelity-formal/fp32_muon_snapshot_s1/muon_momentum_snapshots/update_004096.pt,0.00027304887771606445,0.0023809969425201416,0.003922462463378906,-0.0046863555908203125
muon_update_direction_oracle,"[1152, 384]",transformer.h.1.attn.c_attn.weight,transformer.h.1.attn.c_attn.weight,int4-dynamic-b2048,4,dynamic,2048,0.016780147328972816,0.20259174704551697,0.9794385433197021,0.9979656338691711,ok,0.9627770185470581,0.5588086843490601,1.0478960275650024,ok,0.9627770185470581,0.5588086843490601,1.0478960275650024,1,4096,/home/sienna/projects/experiments/lowp-optimizer-bench/reports/muon_update_fidelity_formal_s0_s1_results/muon-fidelity-formal/fp32_muon_snapshot_s1/muon_momentum_snapshots/update_004096.pt,-3.8623809814453125e-05,0.0003438293933868408,0.0004010796546936035,-0.000496208667755127
nearest,"[384, 384]",transformer.h.1.attn.c_proj.weight,transformer.h.1.attn.c_proj.weight,int4-dynamic-b2048,4,dynamic,2048,0.01572672463953495,0.20717203617095947,0.9785057306289673,0.998349130153656,ok,1.0493662357330322,0.49557217955589294,1.0844366550445557,ok,1.0493662357330322,0.49557217955589294,1.0844366550445557,1,4096,/home/sienna/projects/experiments/lowp-optimizer-bench/reports/muon_update_fidelity_formal_s0_s1_results/muon-fidelity-formal/fp32_muon_snapshot_s1/muon_momentum_snapshots/update_004096.pt,,,,
raw_direction_oracle,"[384, 384]",transformer.h.1.attn.c_proj.weight,transformer.h.1.attn.c_proj.weight,int4-dynamic-b2048,4,dynamic,2048,0.0157199427485466,0.21049091219902039,0.9790399670600891,1.03219735622406,ok,1.0465185642242432,0.49904122948646545,1.0857638120651245,ok,1.0465185642242432,0.49904122948646545,1.0857638120651245,1,4096,/home/sienna/projects/experiments/lowp-optimizer-bench/reports/muon_update_fidelity_formal_s0_s1_results/muon-fidelity-formal/fp32_muon_snapshot_s1/muon_momentum_snapshots/update_004096.pt,0.0005342364311218262,0.003318876028060913,0.0034690499305725098,-0.0028476715087890625
muon_update_direction_oracle,"[384, 384]",transformer.h.1.attn.c_proj.weight,transformer.h.1.attn.c_proj.weight,int4-dynamic-b2048,4,dynamic,2048,0.01572672463953495,0.20739948749542236,0.97849041223526,0.9998962879180908,ok,1.0490421056747437,0.4958023130893707,1.084282636642456,ok,1.0490421056747437,0.4958023130893707,1.084282636642456,1,4096,/home/sienna/projects/experiments/lowp-optimizer-bench/reports/muon_update_fidelity_formal_s0_s1_results/muon-fidelity-formal/fp32_muon_snapshot_s1/muon_momentum_snapshots/update_004096.pt,-1.531839370727539e-05,0.00022745132446289062,0.0002301335334777832,-0.0003241300582885742
nearest,"[1024, 384]",transformer.h.1.mlp.w1.weight,transformer.h.1.mlp.w1.weight,int4-dynamic-b2048,4,dynamic,2048,0.013547261245548725,0.1966540366411209,0.9806528687477112,0.9994372725486755,ok,0.43435826897621155,0.9066206812858582,1.0097136497497559,ok,0.43435826897621155,0.9066206812858582,1.0097136497497559,1,4096,/home/sienna/projects/experiments/lowp-optimizer-bench/reports/muon_update_fidelity_formal_s0_s1_results/muon-fidelity-formal/fp32_muon_snapshot_s1/muon_momentum_snapshots/update_004096.pt,,,,
raw_direction_oracle,"[1024, 384]",transformer.h.1.mlp.w1.weight,transformer.h.1.mlp.w1.weight,int4-dynamic-b2048,4,dynamic,2048,0.01351165771484375,0.19963717460632324,0.9810664057731628,1.0295071601867676,ok,0.42977070808410645,0.9085960388183594,1.0098365545272827,ok,0.42977070808410645,0.9085960388183594,1.0098365545272827,1,4096,/home/sienna/projects/experiments/lowp-optimizer-bench/reports/muon_update_fidelity_formal_s0_s1_results/muon-fidelity-formal/fp32_muon_snapshot_s1/muon_momentum_snapshots/update_004096.pt,0.00041353702545166016,0.0029831379652023315,0.0019753575325012207,-0.0045875608921051025
muon_update_direction_oracle,"[1024, 384]",transformer.h.1.mlp.w1.weight,transformer.h.1.mlp.w1.weight,int4-dynamic-b2048,4,dynamic,2048,0.013547261245548725,0.19697444140911102,0.980622410774231,1.0010956525802612,ok,0.43402299284935,0.906741738319397,1.0094877481460571,ok,0.43402299284935,0.906741738319397,1.0094877481460571,1,4096,/home/sienna/projects/experiments/lowp-optimizer-bench/reports/muon_update_fidelity_formal_s0_s1_results/muon-fidelity-formal/fp32_muon_snapshot_s1/muon_momentum_snapshots/update_004096.pt,-3.045797348022461e-05,0.0003204047679901123,0.00012105703353881836,-0.00033527612686157227
nearest,"[1024, 384]",transformer.h.1.mlp.w2.weight,transformer.h.1.mlp.w2.weight,int4-dynamic-b2048,4,dynamic,2048,0.014142354018986225,0.19825223088264465,0.9803118705749512,0.9980763792991638,ok,0.44630053639411926,0.901301920413971,1.0086761713027954,ok,0.44630053639411926,0.901301920413971,1.0086761713027954,1,4096,/home/sienna/projects/experiments/lowp-optimizer-bench/reports/muon_update_fidelity_formal_s0_s1_results/muon-fidelity-formal/fp32_muon_snapshot_s1/muon_momentum_snapshots/update_004096.pt,,,,
raw_direction_oracle,"[1024, 384]",transformer.h.1.mlp.w2.weight,transformer.h.1.mlp.w2.weight,int4-dynamic-b2048,4,dynamic,2048,0.01412200927734375,0.20095902681350708,0.9806990623474121,1.0271251201629639,ok,0.4408027231693268,0.9036461710929871,1.007969617843628,ok,0.4408027231693268,0.9036461710929871,1.007969617843628,1,4096,/home/sienna/projects/experiments/lowp-optimizer-bench/reports/muon_update_fidelity_formal_s0_s1_results/muon-fidelity-formal/fp32_muon_snapshot_s1/muon_momentum_snapshots/update_004096.pt,0.0003871917724609375,0.0027067959308624268,0.0023442506790161133,-0.0054978132247924805
muon_update_direction_oracle,"[1024, 384]",transformer.h.1.mlp.w2.weight,transformer.h.1.mlp.w2.weight,int4-dynamic-b2048,4,dynamic,2048,0.014142354018986225,0.19919803738594055,0.9801998138427734,1.0019199848175049,ok,0.44593358039855957,0.9014596343040466,1.0086337327957153,ok,0.44593358039855957,0.9014596343040466,1.0086337327957153,1,4096,/home/sienna/projects/experiments/lowp-optimizer-bench/reports/muon_update_fidelity_formal_s0_s1_results/muon-fidelity-formal/fp32_muon_snapshot_s1/muon_momentum_snapshots/update_004096.pt,-0.00011205673217773438,0.0009458065032958984,0.0001577138900756836,-0.0003669559955596924
nearest,"[384, 1024]",transformer.h.1.mlp.c_proj.weight,transformer.h.1.mlp.c_proj.weight,int4-dynamic-b2048,4,dynamic,2048,0.0205663051456213,0.22057798504829407,0.9755139350891113,0.9923121333122253,ok,0.4765010178089142,0.8878679871559143,1.0118142366409302,ok,0.4765010178089142,0.8878679871559143,1.0118142366409302,1,4096,/home/sienna/projects/experiments/lowp-optimizer-bench/reports/muon_update_fidelity_formal_s0_s1_results/muon-fidelity-formal/fp32_muon_snapshot_s1/muon_momentum_snapshots/update_004096.pt,,,,
raw_direction_oracle,"[384, 1024]",transformer.h.1.mlp.c_proj.weight,transformer.h.1.mlp.c_proj.weight,int4-dynamic-b2048,4,dynamic,2048,0.0205078125,0.22307422757148743,0.9757443070411682,1.0186290740966797,ok,0.4728598892688751,0.8895085453987122,1.011253833770752,ok,0.4728598892688751,0.8895085453987122,1.011253833770752,1,4096,/home/sienna/projects/experiments/lowp-optimizer-bench/reports/muon_update_fidelity_formal_s0_s1_results/muon-fidelity-formal/fp32_muon_snapshot_s1/muon_momentum_snapshots/update_004096.pt,0.00023037195205688477,0.0024962425231933594,0.0016405582427978516,-0.0036411285400390625
muon_update_direction_oracle,"[384, 1024]",transformer.h.1.mlp.c_proj.weight,transformer.h.1.mlp.c_proj.weight,int4-dynamic-b2048,4,dynamic,2048,0.0205663051456213,0.22065725922584534,0.9755053520202637,0.9928398728370667,ok,0.47644099593162537,0.8878803253173828,1.0116848945617676,ok,0.47644099593162537,0.8878803253173828,1.0116848945617676,1,4096,/home/sienna/projects/experiments/lowp-optimizer-bench/reports/muon_update_fidelity_formal_s0_s1_results/muon-fidelity-formal/fp32_muon_snapshot_s1/muon_momentum_snapshots/update_004096.pt,-8.58306884765625e-06,7.927417755126953e-05,1.233816146850586e-05,-6.002187728881836e-05
nearest,"[1152, 384]",transformer.h.2.attn.c_attn.weight,transformer.h.2.attn.c_attn.weight,int4-dynamic-b2048,4,dynamic,2048,0.01999918557703495,0.20536136627197266,0.9788415431976318,0.9962765574455261,ok,0.9678126573562622,0.5681523084640503,1.077523112297058,ok,0.9678126573562622,0.5681523084640503,1.077523112297058,1,4096,/home/sienna/projects/experiments/lowp-optimizer-bench/reports/muon_update_fidelity_formal_s0_s1_results/muon-fidelity-formal/fp32_muon_snapshot_s1/muon_momentum_snapshots/update_004096.pt,,,,
raw_direction_oracle,"[1152, 384]",transformer.h.2.attn.c_attn.weight,transformer.h.2.attn.c_attn.weight,int4-dynamic-b2048,4,dynamic,2048,0.019926847890019417,0.20816922187805176,0.9791260957717896,1.0240939855575562,ok,0.965324878692627,0.5698367357254028,1.0763599872589111,ok,0.965324878692627,0.5698367357254028,1.0763599872589111,1,4096,/home/sienna/projects/experiments/lowp-optimizer-bench/reports/muon_update_fidelity_formal_s0_s1_results/muon-fidelity-formal/fp32_muon_snapshot_s1/muon_momentum_snapshots/update_004096.pt,0.00028455257415771484,0.0028078556060791016,0.001684427261352539,-0.002487778663635254
muon_update_direction_oracle,"[1152, 384]",transformer.h.2.attn.c_attn.weight,transformer.h.2.attn.c_attn.weight,int4-dynamic-b2048,4,dynamic,2048,0.01999918557703495,0.20590786635875702,0.9787873029708862,0.999352216720581,ok,0.9674733281135559,0.5685310363769531,1.0776797533035278,ok,0.9674733281135559,0.5685310363769531,1.0776797533035278,1,4096,/home/sienna/projects/experiments/lowp-optimizer-bench/reports/muon_update_fidelity_formal_s0_s1_results/muon-fidelity-formal/fp32_muon_snapshot_s1/muon_momentum_snapshots/update_004096.pt,-5.424022674560547e-05,0.0005465000867843628,0.00037872791290283203,-0.00033932924270629883
nearest,"[384, 384]",transformer.h.2.attn.c_proj.weight,transformer.h.2.attn.c_proj.weight,int4-dynamic-b2048,4,dynamic,2048,0.01848687045276165,0.20106199383735657,0.9797690510749817,0.9990928173065186,ok,0.9942334294319153,0.5446780323982239,1.0786950588226318,ok,0.9942334294319153,0.5446780323982239,1.0786950588226318,1,4096,/home/sienna/projects/experiments/lowp-optimizer-bench/reports/muon_update_fidelity_formal_s0_s1_results/muon-fidelity-formal/fp32_muon_snapshot_s1/muon_momentum_snapshots/update_004096.pt,,,,
raw_direction_oracle,"[384, 384]",transformer.h.2.attn.c_proj.weight,transformer.h.2.attn.c_proj.weight,int4-dynamic-b2048,4,dynamic,2048,0.0184054896235466,0.20443077385425568,0.9802402853965759,1.0318442583084106,ok,0.9914847612380981,0.5476229786872864,1.0795369148254395,ok,0.9914847612380981,0.5476229786872864,1.0795369148254395,1,4096,/home/sienna/projects/experiments/lowp-optimizer-bench/reports/muon_update_fidelity_formal_s0_s1_results/muon-fidelity-formal/fp32_muon_snapshot_s1/muon_momentum_snapshots/update_004096.pt,0.0004712343215942383,0.003368780016899109,0.0029449462890625,-0.0027486681938171387
muon_update_direction_oracle,"[384, 384]",transformer.h.2.attn.c_proj.weight,transformer.h.2.attn.c_proj.weight,int4-dynamic-b2048,4,dynamic,2048,0.01848687045276165,0.20106199383735657,0.9797690510749817,0.9990928173065186,ok,0.9942334294319153,0.5446780323982239,1.0786950588226318,ok,0.9942334294319153,0.5446780323982239,1.0786950588226318,1,4096,/home/sienna/projects/experiments/lowp-optimizer-bench/reports/muon_update_fidelity_formal_s0_s1_results/muon-fidelity-formal/fp32_muon_snapshot_s1/muon_momentum_snapshots/update_004096.pt,0.0,0.0,0.0,0.0
nearest,"[1024, 384]",transformer.h.2.mlp.w1.weight,transformer.h.2.mlp.w1.weight,int4-dynamic-b2048,4,dynamic,2048,0.010775248520076275,0.18927708268165588,0.982128381729126,1.0021765232086182,ok,0.39537593722343445,0.9227471351623535,1.0109779834747314,ok,0.39537593722343445,0.9227471351623535,1.0109779834747314,1,4096,/home/sienna/projects/experiments/lowp-optimizer-bench/reports/muon_update_fidelity_formal_s0_s1_results/muon-fidelity-formal/fp32_muon_snapshot_s1/muon_momentum_snapshots/update_004096.pt,,,,
raw_direction_oracle,"[1024, 384]",transformer.h.2.mlp.w1.weight,transformer.h.2.mlp.w1.weight,int4-dynamic-b2048,4,dynamic,2048,0.010772705078125,0.19240446388721466,0.9826647043228149,1.03413724899292,ok,0.3892654776573181,0.9250642657279968,1.0103373527526855,ok,0.3892654776573181,0.9250642657279968,1.0103373527526855,1,4096,/home/sienna/projects/experiments/lowp-optimizer-bench/reports/muon_update_fidelity_formal_s0_s1_results/muon-fidelity-formal/fp32_muon_snapshot_s1/muon_momentum_snapshots/update_004096.pt,0.0005363225936889648,0.003127381205558777,0.0023171305656433105,-0.006110459566116333
muon_update_direction_oracle,"[1024, 384]",transformer.h.2.mlp.w1.weight,transformer.h.2.mlp.w1.weight,int4-dynamic-b2048,4,dynamic,2048,0.010775248520076275,0.18930643796920776,0.9821257591247559,1.002320408821106,ok,0.3953675329685211,0.9227474927902222,1.010942816734314,ok,0.3953675329685211,0.9227474927902222,1.010942816734314,1,4096,/home/sienna/projects/experiments/lowp-optimizer-bench/reports/muon_update_fidelity_formal_s0_s1_results/muon-fidelity-formal/fp32_muon_snapshot_s1/muon_momentum_snapshots/update_004096.pt,-2.6226043701171875e-06,2.9355287551879883e-05,3.5762786865234375e-07,-8.404254913330078e-06
nearest,"[1024, 384]",transformer.h.2.mlp.w2.weight,transformer.h.2.mlp.w2.weight,int4-dynamic-b2048,4,dynamic,2048,0.011721293441951275,0.19102565944194794,0.9817636609077454,1.0004806518554688,ok,0.40316399931907654,0.9195500016212463,1.0096253156661987,ok,0.40316399931907654,0.9195500016212463,1.0096253156661987,1,4096,/home/sienna/projects/experiments/lowp-optimizer-bench/reports/muon_update_fidelity_formal_s0_s1_results/muon-fidelity-formal/fp32_muon_snapshot_s1/muon_momentum_snapshots/update_004096.pt,,,,
raw_direction_oracle,"[1024, 384]",transformer.h.2.mlp.w2.weight,transformer.h.2.mlp.w2.weight,int4-dynamic-b2048,4,dynamic,2048,0.011700947768986225,0.19403429329395294,0.9822511672973633,1.0319151878356934,ok,0.39742863178253174,0.9217979907989502,1.0093251466751099,ok,0.39742863178253174,0.9217979907989502,1.0093251466751099,1,4096,/home/sienna/projects/experiments/lowp-optimizer-bench/reports/muon_update_fidelity_formal_s0_s1_results/muon-fidelity-formal/fp32_muon_snapshot_s1/muon_momentum_snapshots/update_004096.pt,0.0004875063896179199,0.003008633852005005,0.0022479891777038574,-0.0057353675365448
muon_update_direction_oracle,"[1024, 384]",transformer.h.2.mlp.w2.weight,transformer.h.2.mlp.w2.weight,int4-dynamic-b2048,4,dynamic,2048,0.011721293441951275,0.19106149673461914,0.9817638993263245,1.0008645057678223,ok,0.4031331539154053,0.919555127620697,1.0095425844192505,ok,0.4031331539154053,0.919555127620697,1.0095425844192505,1,4096,/home/sienna/projects/experiments/lowp-optimizer-bench/reports/muon_update_fidelity_formal_s0_s1_results/muon-fidelity-formal/fp32_muon_snapshot_s1/muon_momentum_snapshots/update_004096.pt,2.384185791015625e-07,3.583729267120361e-05,5.125999450683594e-06,-3.084540367126465e-05
nearest,"[384, 1024]",transformer.h.2.mlp.c_proj.weight,transformer.h.2.mlp.c_proj.weight,int4-dynamic-b2048,4,dynamic,2048,0.013048808090388775,0.20367833971977234,0.9792078733444214,0.9974508285522461,ok,0.36612141132354736,0.933330774307251,1.0051028728485107,ok,0.36612141132354736,0.933330774307251,1.0051028728485107,1,4096,/home/sienna/projects/experiments/lowp-optimizer-bench/reports/muon_update_fidelity_formal_s0_s1_results/muon-fidelity-formal/fp32_muon_snapshot_s1/muon_momentum_snapshots/update_004096.pt,,,,
raw_direction_oracle,"[384, 1024]",transformer.h.2.mlp.c_proj.weight,transformer.h.2.mlp.c_proj.weight,int4-dynamic-b2048,4,dynamic,2048,0.013013203628361225,0.2064962387084961,0.9796467423439026,1.028106927871704,ok,0.3616079092025757,0.9349497556686401,1.0048880577087402,ok,0.3616079092025757,0.9349497556686401,1.0048880577087402,1,4096,/home/sienna/projects/experiments/lowp-optimizer-bench/reports/muon_update_fidelity_formal_s0_s1_results/muon-fidelity-formal/fp32_muon_snapshot_s1/muon_momentum_snapshots/update_004096.pt,0.00043886899948120117,0.002817898988723755,0.0016189813613891602,-0.00451350212097168
muon_update_direction_oracle,"[384, 1024]",transformer.h.2.mlp.c_proj.weight,transformer.h.2.mlp.c_proj.weight,int4-dynamic-b2048,4,dynamic,2048,0.013048808090388775,0.20369000732898712,0.9792072772979736,0.9975570440292358,ok,0.36609670519828796,0.9333404302597046,1.0051120519638062,ok,0.36609670519828796,0.9333404302597046,1.0051120519638062,1,4096,/home/sienna/projects/experiments/lowp-optimizer-bench/reports/muon_update_fidelity_formal_s0_s1_results/muon-fidelity-formal/fp32_muon_snapshot_s1/muon_momentum_snapshots/update_004096.pt,-5.960464477539062e-07,1.1667609214782715e-05,9.655952453613281e-06,-2.4706125259399414e-05
nearest,"[1152, 384]",transformer.h.3.attn.c_attn.weight,transformer.h.3.attn.c_attn.weight,int4-dynamic-b2048,4,dynamic,2048,0.013798466883599758,0.20662236213684082,0.9785722494125366,0.995794951915741,ok,0.9277656674385071,0.5898164510726929,1.0465798377990723,ok,0.9277656674385071,0.5898164510726929,1.0465798377990723,1,4096,/home/sienna/projects/experiments/lowp-optimizer-bench/reports/muon_update_fidelity_formal_s0_s1_results/muon-fidelity-formal/fp32_muon_snapshot_s1/muon_momentum_snapshots/update_004096.pt,,,,
raw_direction_oracle,"[1152, 384]",transformer.h.3.attn.c_attn.weight,transformer.h.3.attn.c_attn.weight,int4-dynamic-b2048,4,dynamic,2048,0.013778121210634708,0.20915533602237701,0.9788744449615479,1.0229332447052002,ok,0.9239950180053711,0.5926684141159058,1.0454628467559814,ok,0.9239950180053711,0.5926684141159058,1.0454628467559814,1,4096,/home/sienna/projects/experiments/lowp-optimizer-bench/reports/muon_update_fidelity_formal_s0_s1_results/muon-fidelity-formal/fp32_muon_snapshot_s1/muon_momentum_snapshots/update_004096.pt,0.00030219554901123047,0.002532973885536194,0.0028519630432128906,-0.0037706494331359863
muon_update_direction_oracle,"[1152, 384]",transformer.h.3.attn.c_attn.weight,transformer.h.3.attn.c_attn.weight,int4-dynamic-b2048,4,dynamic,2048,0.013798466883599758,0.20674382150173187,0.9785621762275696,0.996637761592865,ok,0.9277492761611938,0.589874804019928,1.0466800928115845,ok,0.9277492761611938,0.589874804019928,1.0466800928115845,1,4096,/home/sienna/projects/experiments/lowp-optimizer-bench/reports/muon_update_fidelity_formal_s0_s1_results/muon-fidelity-formal/fp32_muon_snapshot_s1/muon_momentum_snapshots/update_004096.pt,-1.0073184967041016e-05,0.00012145936489105225,5.835294723510742e-05,-1.6391277313232422e-05
nearest,"[384, 384]",transformer.h.3.attn.c_proj.weight,transformer.h.3.attn.c_proj.weight,int4-dynamic-b2048,4,dynamic,2048,0.01483154296875,0.2018205225467682,0.9795980453491211,0.9981408715248108,ok,0.9193188548088074,0.5991700887680054,1.0510016679763794,ok,0.9193188548088074,0.5991700887680054,1.0510016679763794,1,4096,/home/sienna/projects/experiments/lowp-optimizer-bench/reports/muon_update_fidelity_formal_s0_s1_results/muon-fidelity-formal/fp32_muon_snapshot_s1/muon_momentum_snapshots/update_004096.pt,,,,
raw_direction_oracle,"[384, 384]",transformer.h.3.attn.c_proj.weight,transformer.h.3.attn.c_proj.weight,int4-dynamic-b2048,4,dynamic,2048,0.014804416336119175,0.20476870238780975,0.9799680709838867,1.0275850296020508,ok,0.9175400733947754,0.5997895002365112,1.048818588256836,ok,0.9175400733947754,0.5997895002365112,1.048818588256836,1,4096,/home/sienna/projects/experiments/lowp-optimizer-bench/reports/muon_update_fidelity_formal_s0_s1_results/muon-fidelity-formal/fp32_muon_snapshot_s1/muon_momentum_snapshots/update_004096.pt,0.000370025634765625,0.002948179841041565,0.0006194114685058594,-0.0017787814140319824
muon_update_direction_oracle,"[384, 384]",transformer.h.3.attn.c_proj.weight,transformer.h.3.attn.c_proj.weight,int4-dynamic-b2048,4,dynamic,2048,0.01483154296875,0.20193825662136078,0.9795896410942078,0.9989485144615173,ok,0.9187964200973511,0.5994319915771484,1.0505480766296387,ok,0.9187964200973511,0.5994319915771484,1.0505480766296387,1,4096,/home/sienna/projects/experiments/lowp-optimizer-bench/reports/muon_update_fidelity_formal_s0_s1_results/muon-fidelity-formal/fp32_muon_snapshot_s1/muon_momentum_snapshots/update_004096.pt,-8.404254913330078e-06,0.00011773407459259033,0.0002619028091430664,-0.0005224347114562988
nearest,"[1024, 384]",transformer.h.3.mlp.w1.weight,transformer.h.3.mlp.w1.weight,int4-dynamic-b2048,4,dynamic,2048,0.011377970688045025,0.19231754541397095,0.9815170168876648,1.0005369186401367,ok,0.39123448729515076,0.9242213368415833,1.009366750717163,ok,0.39123448729515076,0.9242213368415833,1.009366750717163,1,4096,/home/sienna/projects/experiments/lowp-optimizer-bench/reports/muon_update_fidelity_formal_s0_s1_results/muon-fidelity-formal/fp32_muon_snapshot_s1/muon_momentum_snapshots/update_004096.pt,,,,
raw_direction_oracle,"[1024, 384]",transformer.h.3.mlp.w1.weight,transformer.h.3.mlp.w1.weight,int4-dynamic-b2048,4,dynamic,2048,0.0113677978515625,0.1952504962682724,0.9819902181625366,1.031259298324585,ok,0.3849443793296814,0.9266297817230225,1.0092437267303467,ok,0.3849443793296814,0.9266297817230225,1.0092437267303467,1,4096,/home/sienna/projects/experiments/lowp-optimizer-bench/reports/muon_update_fidelity_formal_s0_s1_results/muon-fidelity-formal/fp32_muon_snapshot_s1/muon_momentum_snapshots/update_004096.pt,0.00047320127487182617,0.0029329508543014526,0.002408444881439209,-0.00629010796546936
muon_update_direction_oracle,"[1024, 384]",transformer.h.3.mlp.w1.weight,transformer.h.3.mlp.w1.weight,int4-dynamic-b2048,4,dynamic,2048,0.011377970688045025,0.19235141575336456,0.9815148711204529,1.000768780708313,ok,0.39119890332221985,0.9242339730262756,1.0093514919281006,ok,0.39119890332221985,0.9242339730262756,1.0093514919281006,1,4096,/home/sienna/projects/experiments/lowp-optimizer-bench/reports/muon_update_fidelity_formal_s0_s1_results/muon-fidelity-formal/fp32_muon_snapshot_s1/muon_momentum_snapshots/update_004096.pt,-2.1457672119140625e-06,3.387033939361572e-05,1.2636184692382812e-05,-3.55839729309082e-05
nearest,"[1024, 384]",transformer.h.3.mlp.w2.weight,transformer.h.3.mlp.w2.weight,int4-dynamic-b2048,4,dynamic,2048,0.01152801513671875,0.19116421043872833,0.9817309975624084,1.0001637935638428,ok,0.3926200866699219,0.9237352609634399,1.0099759101867676,ok,0.3926200866699219,0.9237352609634399,1.0099759101867676,1,4096,/home/sienna/projects/experiments/lowp-optimizer-bench/reports/muon_update_fidelity_formal_s0_s1_results/muon-fidelity-formal/fp32_muon_snapshot_s1/muon_momentum_snapshots/update_004096.pt,,,,
raw_direction_oracle,"[1024, 384]",transformer.h.3.mlp.w2.weight,transformer.h.3.mlp.w2.weight,int4-dynamic-b2048,4,dynamic,2048,0.011500041000545025,0.19412317872047424,0.9822133779525757,1.0314785242080688,ok,0.38690412044525146,0.9259065389633179,1.009557843208313,ok,0.38690412044525146,0.9259065389633179,1.009557843208313,1,4096,/home/sienna/projects/experiments/lowp-optimizer-bench/reports/muon_update_fidelity_formal_s0_s1_results/muon-fidelity-formal/fp32_muon_snapshot_s1/muon_momentum_snapshots/update_004096.pt,0.00048238039016723633,0.0029589682817459106,0.0021712779998779297,-0.00571596622467041
muon_update_direction_oracle,"[1024, 384]",transformer.h.3.mlp.w2.weight,transformer.h.3.mlp.w2.weight,int4-dynamic-b2048,4,dynamic,2048,0.01152801513671875,0.19129611551761627,0.9817181825637817,1.0008212327957153,ok,0.3925032317638397,0.9237840175628662,1.0100140571594238,ok,0.3925032317638397,0.9237840175628662,1.0100140571594238,1,4096,/home/sienna/projects/experiments/lowp-optimizer-bench/reports/muon_update_fidelity_formal_s0_s1_results/muon-fidelity-formal/fp32_muon_snapshot_s1/muon_momentum_snapshots/update_004096.pt,-1.2814998626708984e-05,0.00013190507888793945,4.875659942626953e-05,-0.00011685490608215332
nearest,"[384, 1024]",transformer.h.3.mlp.c_proj.weight,transformer.h.3.mlp.c_proj.weight,int4-dynamic-b2048,4,dynamic,2048,0.014607747085392475,0.21497304737567902,0.9767947793006897,0.9952772259712219,ok,0.38349494338035583,0.9268834590911865,1.0055071115493774,ok,0.38349494338035583,0.9268834590911865,1.0055071115493774,1,4096,/home/sienna/projects/experiments/lowp-optimizer-bench/reports/muon_update_fidelity_formal_s0_s1_results/muon-fidelity-formal/fp32_muon_snapshot_s1/muon_momentum_snapshots/update_004096.pt,,,,
raw_direction_oracle,"[384, 1024]",transformer.h.3.mlp.c_proj.weight,transformer.h.3.mlp.c_proj.weight,int4-dynamic-b2048,4,dynamic,2048,0.014577229507267475,0.2176988422870636,0.9771800637245178,1.0248669385910034,ok,0.3795420527458191,0.928314208984375,1.0046011209487915,ok,0.3795420527458191,0.928314208984375,1.0046011209487915,1,4096,/home/sienna/projects/experiments/lowp-optimizer-bench/reports/muon_update_fidelity_formal_s0_s1_results/muon-fidelity-formal/fp32_muon_snapshot_s1/muon_momentum_snapshots/update_004096.pt,0.000385284423828125,0.0027257949113845825,0.0014307498931884766,-0.003952890634536743
muon_update_direction_oracle,"[384, 1024]",transformer.h.3.mlp.c_proj.weight,transformer.h.3.mlp.c_proj.weight,int4-dynamic-b2048,4,dynamic,2048,0.014607747085392475,0.21497304737567902,0.9767947793006897,0.9952772259712219,ok,0.38349494338035583,0.9268834590911865,1.0055071115493774,ok,0.38349494338035583,0.9268834590911865,1.0055071115493774,1,4096,/home/sienna/projects/experiments/lowp-optimizer-bench/reports/muon_update_fidelity_formal_s0_s1_results/muon-fidelity-formal/fp32_muon_snapshot_s1/muon_momentum_snapshots/update_004096.pt,0.0,0.0,0.0,0.0
nearest,"[1152, 384]",transformer.h.4.attn.c_attn.weight,transformer.h.4.attn.c_attn.weight,int4-dynamic-b2048,4,dynamic,2048,0.014829282648861408,0.20163871347904205,0.9796249866485596,0.997603714466095,ok,0.8804003596305847,0.6289112567901611,1.041990041732788,ok,0.8804003596305847,0.6289112567901611,1.041990041732788,1,4096,/home/sienna/projects/experiments/lowp-optimizer-bench/reports/muon_update_fidelity_formal_s0_s1_results/muon-fidelity-formal/fp32_muon_snapshot_s1/muon_momentum_snapshots/update_004096.pt,,,,
raw_direction_oracle,"[1152, 384]",transformer.h.4.attn.c_attn.weight,transformer.h.4.attn.c_attn.weight,int4-dynamic-b2048,4,dynamic,2048,0.0147705078125,0.20440028607845306,0.9800504446029663,1.0277819633483887,ok,0.878160834312439,0.6317996382713318,1.0445189476013184,ok,0.878160834312439,0.6317996382713318,1.0445189476013184,1,4096,/home/sienna/projects/experiments/lowp-optimizer-bench/reports/muon_update_fidelity_formal_s0_s1_results/muon-fidelity-formal/fp32_muon_snapshot_s1/muon_momentum_snapshots/update_004096.pt,0.0004254579544067383,0.0027615725994110107,0.0028883814811706543,-0.002239525318145752
muon_update_direction_oracle,"[1152, 384]",transformer.h.4.attn.c_attn.weight,transformer.h.4.attn.c_attn.weight,int4-dynamic-b2048,4,dynamic,2048,0.014829282648861408,0.20239931344985962,0.9795536398887634,1.0017136335372925,ok,0.8803021907806396,0.629085123538971,1.0422197580337524,ok,0.8803021907806396,0.629085123538971,1.0422197580337524,1,4096,/home/sienna/projects/experiments/lowp-optimizer-bench/reports/muon_update_fidelity_formal_s0_s1_results/muon-fidelity-formal/fp32_muon_snapshot_s1/muon_momentum_snapshots/update_004096.pt,-7.134675979614258e-05,0.0007605999708175659,0.00017386674880981445,-9.816884994506836e-05
nearest,"[384, 384]",transformer.h.4.attn.c_proj.weight,transformer.h.4.attn.c_proj.weight,int4-dynamic-b2048,4,dynamic,2048,0.01592339389026165,0.20310424268245697,0.9793670773506165,0.9996433854103088,ok,0.9208709597587585,0.6008936762809753,1.0581427812576294,ok,0.9208709597587585,0.6008936762809753,1.0581427812576294,1,4096,/home/sienna/projects/experiments/lowp-optimizer-bench/reports/muon_update_fidelity_formal_s0_s1_results/muon-fidelity-formal/fp32_muon_snapshot_s1/muon_momentum_snapshots/update_004096.pt,,,,
raw_direction_oracle,"[384, 384]",transformer.h.4.attn.c_proj.weight,transformer.h.4.attn.c_proj.weight,int4-dynamic-b2048,4,dynamic,2048,0.0159030482172966,0.20648293197155,0.9799508452415466,1.0341624021530151,ok,0.915408730506897,0.6046741008758545,1.055898904800415,ok,0.915408730506897,0.6046741008758545,1.055898904800415,1,4096,/home/sienna/projects/experiments/lowp-optimizer-bench/reports/muon_update_fidelity_formal_s0_s1_results/muon-fidelity-formal/fp32_muon_snapshot_s1/muon_momentum_snapshots/update_004096.pt,0.0005837678909301758,0.0033786892890930176,0.0037804245948791504,-0.005462229251861572
muon_update_direction_oracle,"[384, 384]",transformer.h.4.attn.c_proj.weight,transformer.h.4.attn.c_proj.weight,int4-dynamic-b2048,4,dynamic,2048,0.01592339389026165,0.20333760976791382,0.9793462157249451,1.0009196996688843,ok,0.9202061891555786,0.6013917922973633,1.0579568147659302,ok,0.9202061891555786,0.6013917922973633,1.0579568147659302,1,4096,/home/sienna/projects/experiments/lowp-optimizer-bench/reports/muon_update_fidelity_formal_s0_s1_results/muon-fidelity-formal/fp32_muon_snapshot_s1/muon_momentum_snapshots/update_004096.pt,-2.086162567138672e-05,0.00023336708545684814,0.0004981160163879395,-0.0006647706031799316
nearest,"[1024, 384]",transformer.h.4.mlp.w1.weight,transformer.h.4.mlp.w1.weight,int4-dynamic-b2048,4,dynamic,2048,0.01259613037109375,0.2000308483839035,0.980011522769928,1.000866174697876,ok,0.38520896434783936,0.9265285134315491,1.0092380046844482,ok,0.38520896434783936,0.9265285134315491,1.0092380046844482,1,4096,/home/sienna/projects/experiments/lowp-optimizer-bench/reports/muon_update_fidelity_formal_s0_s1_results/muon-fidelity-formal/fp32_muon_snapshot_s1/muon_momentum_snapshots/update_004096.pt,,,,
raw_direction_oracle,"[1024, 384]",transformer.h.4.mlp.w1.weight,transformer.h.4.mlp.w1.weight,int4-dynamic-b2048,4,dynamic,2048,0.0125732421875,0.20329146087169647,0.9805426597595215,1.0333755016326904,ok,0.3800431787967682,0.9284780025482178,1.0091265439987183,ok,0.3800431787967682,0.9284780025482178,1.0091265439987183,1,4096,/home/sienna/projects/experiments/lowp-optimizer-bench/reports/muon_update_fidelity_formal_s0_s1_results/muon-fidelity-formal/fp32_muon_snapshot_s1/muon_momentum_snapshots/update_004096.pt,0.0005311369895935059,0.0032606124877929688,0.0019494891166687012,-0.005165785551071167
muon_update_direction_oracle,"[1024, 384]",transformer.h.4.mlp.w1.weight,transformer.h.4.mlp.w1.weight,int4-dynamic-b2048,4,dynamic,2048,0.01259613037109375,0.20326974987983704,0.9795787334442139,1.0094647407531738,ok,0.38439443707466125,0.9267762899398804,1.008467674255371,ok,0.38439443707466125,0.9267762899398804,1.008467674255371,1,4096,/home/sienna/projects/experiments/lowp-optimizer-bench/reports/muon_update_fidelity_formal_s0_s1_results/muon-fidelity-formal/fp32_muon_snapshot_s1/muon_momentum_snapshots/update_004096.pt,-0.00043278932571411133,0.0032389014959335327,0.00024777650833129883,-0.0008145272731781006
nearest,"[1024, 384]",transformer.h.4.mlp.w2.weight,transformer.h.4.mlp.w2.weight,int4-dynamic-b2048,4,dynamic,2048,0.0128326416015625,0.19910158216953278,0.9801574945449829,0.9988696575164795,ok,0.3905401825904846,0.9244728684425354,1.0091580152511597,ok,0.3905401825904846,0.9244728684425354,1.0091580152511597,1,4096,/home/sienna/projects/experiments/lowp-optimizer-bench/reports/muon_update_fidelity_formal_s0_s1_results/muon-fidelity-formal/fp32_muon_snapshot_s1/muon_momentum_snapshots/update_004096.pt,,,,
raw_direction_oracle,"[1024, 384]",transformer.h.4.mlp.w2.weight,transformer.h.4.mlp.w2.weight,int4-dynamic-b2048,4,dynamic,2048,0.0128021240234375,0.2019394040107727,0.9805533289909363,1.0281407833099365,ok,0.38587114214897156,0.9262203574180603,1.0085654258728027,ok,0.38587114214897156,0.9262203574180603,1.0085654258728027,1,4096,/home/sienna/projects/experiments/lowp-optimizer-bench/reports/muon_update_fidelity_formal_s0_s1_results/muon-fidelity-formal/fp32_muon_snapshot_s1/muon_momentum_snapshots/update_004096.pt,0.00039583444595336914,0.002837821841239929,0.0017474889755249023,-0.0046690404415130615
muon_update_direction_oracle,"[1024, 384]",transformer.h.4.mlp.w2.weight,transformer.h.4.mlp.w2.weight,int4-dynamic-b2048,4,dynamic,2048,0.0128326416015625,0.2009088099002838,0.9799479246139526,1.0056830644607544,ok,0.389797568321228,0.924750804901123,1.0090490579605103,ok,0.389797568321228,0.924750804901123,1.0090490579605103,1,4096,/home/sienna/projects/experiments/lowp-optimizer-bench/reports/muon_update_fidelity_formal_s0_s1_results/muon-fidelity-formal/fp32_muon_snapshot_s1/muon_momentum_snapshots/update_004096.pt,-0.00020956993103027344,0.0018072277307510376,0.0002779364585876465,-0.0007426142692565918
nearest,"[384, 1024]",transformer.h.4.mlp.c_proj.weight,transformer.h.4.mlp.c_proj.weight,int4-dynamic-b2048,4,dynamic,2048,0.01950836181640625,0.22844715416431427,0.9736678600311279,0.9884182810783386,ok,0.4322483539581299,0.9074193835258484,1.0086541175842285,ok,0.4322483539581299,0.9074193835258484,1.0086541175842285,1,4096,/home/sienna/projects/experiments/lowp-optimizer-bench/reports/muon_update_fidelity_formal_s0_s1_results/muon-fidelity-formal/fp32_muon_snapshot_s1/muon_momentum_snapshots/update_004096.pt,,,,
raw_direction_oracle,"[384, 1024]",transformer.h.4.mlp.c_proj.weight,transformer.h.4.mlp.c_proj.weight,int4-dynamic-b2048,4,dynamic,2048,0.01946258544921875,0.2303703874349594,0.9738085865974426,1.0108717679977417,ok,0.4295905828475952,0.9086025953292847,1.009135365486145,ok,0.4295905828475952,0.9086025953292847,1.009135365486145,1,4096,/home/sienna/projects/experiments/lowp-optimizer-bench/reports/muon_update_fidelity_formal_s0_s1_results/muon-fidelity-formal/fp32_muon_snapshot_s1/muon_momentum_snapshots/update_004096.pt,0.00014072656631469727,0.0019232332706451416,0.0011832118034362793,-0.002657771110534668
muon_update_direction_oracle,"[384, 1024]",transformer.h.4.mlp.c_proj.weight,transformer.h.4.mlp.c_proj.weight,int4-dynamic-b2048,4,dynamic,2048,0.01950836181640625,0.22848926484584808,0.9736620783805847,0.9886763095855713,ok,0.43222904205322266,0.9074282646179199,1.0086596012115479,ok,0.43222904205322266,0.9074282646179199,1.0086596012115479,1,4096,/home/sienna/projects/experiments/lowp-optimizer-bench/reports/muon_update_fidelity_formal_s0_s1_results/muon-fidelity-formal/fp32_muon_snapshot_s1/muon_momentum_snapshots/update_004096.pt,-5.781650543212891e-06,4.2110681533813477e-05,8.881092071533203e-06,-1.9311904907226562e-05
nearest,"[1152, 384]",transformer.h.5.attn.c_attn.weight,transformer.h.5.attn.c_attn.weight,int4-dynamic-b2048,4,dynamic,2048,0.0173000767827034,0.21859078109264374,0.975973904132843,0.9934987425804138,ok,0.9855987429618835,0.5464940667152405,1.0661677122116089,ok,0.9855987429618835,0.5464940667152405,1.0661677122116089,1,4096,/home/sienna/projects/experiments/lowp-optimizer-bench/reports/muon_update_fidelity_formal_s0_s1_results/muon-fidelity-formal/fp32_muon_snapshot_s1/muon_momentum_snapshots/update_004096.pt,,,,
raw_direction_oracle,"[1152, 384]",transformer.h.5.attn.c_attn.weight,transformer.h.5.attn.c_attn.weight,int4-dynamic-b2048,4,dynamic,2048,0.017250344157218933,0.22107642889022827,0.9763314127922058,1.0221316814422607,ok,0.983748197555542,0.5486630797386169,1.0671144723892212,ok,0.983748197555542,0.5486630797386169,1.0671144723892212,1,4096,/home/sienna/projects/experiments/lowp-optimizer-bench/reports/muon_update_fidelity_formal_s0_s1_results/muon-fidelity-formal/fp32_muon_snapshot_s1/muon_momentum_snapshots/update_004096.pt,0.00035750865936279297,0.0024856477975845337,0.002169013023376465,-0.0018505454063415527
muon_update_direction_oracle,"[1152, 384]",transformer.h.5.attn.c_attn.weight,transformer.h.5.attn.c_attn.weight,int4-dynamic-b2048,4,dynamic,2048,0.0173000767827034,0.21875399351119995,0.9759536981582642,0.9943659901618958,ok,0.9855219125747681,0.5465497374534607,1.0661360025405884,ok,0.9855219125747681,0.5465497374534607,1.0661360025405884,1,4096,/home/sienna/projects/experiments/lowp-optimizer-bench/reports/muon_update_fidelity_formal_s0_s1_results/muon-fidelity-formal/fp32_muon_snapshot_s1/muon_momentum_snapshots/update_004096.pt,-2.0205974578857422e-05,0.00016321241855621338,5.5670738220214844e-05,-7.683038711547852e-05
nearest,"[384, 384]",transformer.h.5.attn.c_proj.weight,transformer.h.5.attn.c_proj.weight,int4-dynamic-b2048,4,dynamic,2048,0.0091078020632267,0.18232882022857666,0.9834507703781128,1.0039318799972534,ok,0.8855215907096863,0.631535530090332,1.059303641319275,ok,0.8855215907096863,0.631535530090332,1.059303641319275,1,4096,/home/sienna/projects/experiments/lowp-optimizer-bench/reports/muon_update_fidelity_formal_s0_s1_results/muon-fidelity-formal/fp32_muon_snapshot_s1/muon_momentum_snapshots/update_004096.pt,,,,
raw_direction_oracle,"[384, 384]",transformer.h.5.attn.c_proj.weight,transformer.h.5.attn.c_proj.weight,int4-dynamic-b2048,4,dynamic,2048,0.00909423828125,0.18541666865348816,0.9840403199195862,1.036143183708191,ok,0.8849902749061584,0.6322801113128662,1.0600488185882568,ok,0.8849902749061584,0.6322801113128662,1.0600488185882568,1,4096,/home/sienna/projects/experiments/lowp-optimizer-bench/reports/muon_update_fidelity_formal_s0_s1_results/muon-fidelity-formal/fp32_muon_snapshot_s1/muon_momentum_snapshots/update_004096.pt,0.0005895495414733887,0.003087848424911499,0.0007445812225341797,-0.000531315803527832
muon_update_direction_oracle,"[384, 384]",transformer.h.5.attn.c_proj.weight,transformer.h.5.attn.c_proj.weight,int4-dynamic-b2048,4,dynamic,2048,0.0091078020632267,0.18232882022857666,0.9834507703781128,1.0039318799972534,ok,0.8855215907096863,0.631535530090332,1.059303641319275,ok,0.8855215907096863,0.631535530090332,1.059303641319275,1,4096,/home/sienna/projects/experiments/lowp-optimizer-bench/reports/muon_update_fidelity_formal_s0_s1_results/muon-fidelity-formal/fp32_muon_snapshot_s1/muon_momentum_snapshots/update_004096.pt,0.0,0.0,0.0,0.0
nearest,"[1024, 384]",transformer.h.5.mlp.w1.weight,transformer.h.5.mlp.w1.weight,int4-dynamic-b2048,4,dynamic,2048,0.0171941127628088,0.20695891976356506,0.9785117506980896,0.9963156580924988,ok,0.42726874351501465,0.9095140695571899,1.0083792209625244,ok,0.42726874351501465,0.9095140695571899,1.0083792209625244,1,4096,/home/sienna/projects/experiments/lowp-optimizer-bench/reports/muon_update_fidelity_formal_s0_s1_results/muon-fidelity-formal/fp32_muon_snapshot_s1/muon_momentum_snapshots/update_004096.pt,,,,
raw_direction_oracle,"[1024, 384]",transformer.h.5.mlp.w1.weight,transformer.h.5.mlp.w1.weight,int4-dynamic-b2048,4,dynamic,2048,0.01714324951171875,0.21009418368339539,0.9788153171539307,1.0259214639663696,ok,0.4232146739959717,0.9111339449882507,1.0074437856674194,ok,0.4232146739959717,0.9111339449882507,1.0074437856674194,1,4096,/home/sienna/projects/experiments/lowp-optimizer-bench/reports/muon_update_fidelity_formal_s0_s1_results/muon-fidelity-formal/fp32_muon_snapshot_s1/muon_momentum_snapshots/update_004096.pt,0.00030356645584106445,0.0031352639198303223,0.001619875431060791,-0.004054069519042969
muon_update_direction_oracle,"[1024, 384]",transformer.h.5.mlp.w1.weight,transformer.h.5.mlp.w1.weight,int4-dynamic-b2048,4,dynamic,2048,0.0171941127628088,0.20903342962265015,0.9782807230949402,1.0052688121795654,ok,0.4266056418418884,0.9097102284431458,1.0075106620788574,ok,0.4266056418418884,0.9097102284431458,1.0075106620788574,1,4096,/home/sienna/projects/experiments/lowp-optimizer-bench/reports/muon_update_fidelity_formal_s0_s1_results/muon-fidelity-formal/fp32_muon_snapshot_s1/muon_momentum_snapshots/update_004096.pt,-0.00023102760314941406,0.002074509859085083,0.00019615888595581055,-0.0006631016731262207
nearest,"[1024, 384]",transformer.h.5.mlp.w2.weight,transformer.h.5.mlp.w2.weight,int4-dynamic-b2048,4,dynamic,2048,0.01720174215734005,0.20974919199943542,0.9778830409049988,0.9936911463737488,ok,0.4299617111682892,0.9085710048675537,1.0103960037231445,ok,0.4299617111682892,0.9085710048675537,1.0103960037231445,1,4096,/home/sienna/projects/experiments/lowp-optimizer-bench/reports/muon_update_fidelity_formal_s0_s1_results/muon-fidelity-formal/fp32_muon_snapshot_s1/muon_momentum_snapshots/update_004096.pt,,,,
raw_direction_oracle,"[1024, 384]",transformer.h.5.mlp.w2.weight,transformer.h.5.mlp.w2.weight,int4-dynamic-b2048,4,dynamic,2048,0.01714070700109005,0.21215473115444183,0.9780808687210083,1.0187263488769531,ok,0.4266085922718048,0.9099838137626648,1.0103094577789307,ok,0.4266085922718048,0.9099838137626648,1.0103094577789307,1,4096,/home/sienna/projects/experiments/lowp-optimizer-bench/reports/muon_update_fidelity_formal_s0_s1_results/muon-fidelity-formal/fp32_muon_snapshot_s1/muon_momentum_snapshots/update_004096.pt,0.00019782781600952148,0.0024055391550064087,0.001412808895111084,-0.003353118896484375
muon_update_direction_oracle,"[1024, 384]",transformer.h.5.mlp.w2.weight,transformer.h.5.mlp.w2.weight,int4-dynamic-b2048,4,dynamic,2048,0.01720174215734005,0.21153168380260468,0.9776596426963806,1.0014138221740723,ok,0.4295515716075897,0.9086851477622986,1.009795069694519,ok,0.4295515716075897,0.9086851477622986,1.009795069694519,1,4096,/home/sienna/projects/experiments/lowp-optimizer-bench/reports/muon_update_fidelity_formal_s0_s1_results/muon-fidelity-formal/fp32_muon_snapshot_s1/muon_momentum_snapshots/update_004096.pt,-0.00022339820861816406,0.0017824918031692505,0.00011414289474487305,-0.0004101395606994629
nearest,"[384, 1024]",transformer.h.5.mlp.c_proj.weight,transformer.h.5.mlp.c_proj.weight,int4-dynamic-b2048,4,dynamic,2048,0.0182011928409338,0.2131056785583496,0.9771864414215088,0.9947211146354675,ok,0.5369604825973511,0.8571391701698303,1.0088423490524292,ok,0.5369604825973511,0.8571391701698303,1.0088423490524292,1,4096,/home/sienna/projects/experiments/lowp-optimizer-bench/reports/muon_update_fidelity_formal_s0_s1_results/muon-fidelity-formal/fp32_muon_snapshot_s1/muon_momentum_snapshots/update_004096.pt,,,,
raw_direction_oracle,"[384, 1024]",transformer.h.5.mlp.c_proj.weight,transformer.h.5.mlp.c_proj.weight,int4-dynamic-b2048,4,dynamic,2048,0.0181757602840662,0.21580292284488678,0.977492094039917,1.0229007005691528,ok,0.5327519178390503,0.8592509627342224,1.0080353021621704,ok,0.5327519178390503,0.8592509627342224,1.0080353021621704,1,4096,/home/sienna/projects/experiments/lowp-optimizer-bench/reports/muon_update_fidelity_formal_s0_s1_results/muon-fidelity-formal/fp32_muon_snapshot_s1/muon_momentum_snapshots/update_004096.pt,0.0003056526184082031,0.0026972442865371704,0.00211179256439209,-0.004208564758300781
muon_update_direction_oracle,"[384, 1024]",transformer.h.5.mlp.c_proj.weight,transformer.h.5.mlp.c_proj.weight,int4-dynamic-b2048,4,dynamic,2048,0.0182011928409338,0.21349699795246124,0.9771393537521362,0.996695339679718,ok,0.536719024181366,0.8572234511375427,1.0085488557815552,ok,0.536719024181366,0.8572234511375427,1.0085488557815552,1,4096,/home/sienna/projects/experiments/lowp-optimizer-bench/reports/muon_update_fidelity_formal_s0_s1_results/muon-fidelity-formal/fp32_muon_snapshot_s1/muon_momentum_snapshots/update_004096.pt,-4.7087669372558594e-05,0.0003913193941116333,8.428096771240234e-05,-0.00024145841598510742
